t,FR_rpm,FR_amp,FL_rpm,FL_amp,RR_rpm,RR_amp,RL_rpm,RL_amp
0.0000,0,0.127685546875,0,0.302001953125,0,0.040740966796875,0,0.09613037109375
0.0095,0,0.127685546875,0,0.35888671875,0,-0.032623291015625,0,0.09613037109375
0.0211,0,-0.283935546875,0,0.35888671875,0,-0.032623291015625,0,0.09613037109375
0.0292,0,-0.283935546875,0,0.27783203125,0,-0.040557861328125,0,0.0526123046875
0.0382,0,-0.287841796875,0,0.27783203125,0,-0.040557861328125,0,0.0526123046875
0.0486,0,-0.287841796875,0,0.27783203125,0,0.031158447265625,0,0.02752685546875
0.0580,0,0.09442138671875,0,-0.435302734375,0,0.031158447265625,0,-0.266357421875
0.0704,0,0.09442138671875,0,-0.435302734375,0,0.0265655517578125,0,-0.266357421875
0.0804,0,-0.1741943359375,0,-0.1973876953125,0,0.0265655517578125,0,-0.1876220703125
0.0901,0,-0.1741943359375,0,-0.1973876953125,0,0.04852294921875,0,-0.1876220703125
0.1004,0,-0.33740234375,0,0.0302581787109375,0,0.04852294921875,0,0.059967041015625
0.1130,0,-0.33740234375,0,0.277099609375,0,0.0287628173828125,0,0.059967041015625
0.1193,0,-0.2271728515625,0,0.277099609375,0,0.0287628173828125,0,0.059967041015625
0.1320,0,-0.2271728515625,0,0.277099609375,0,-0.0198211669921875,0,0.15185546875
0.1423,0,0.147216796875,0,-0.1846923828125,0,-0.0198211669921875,0,-0.10687255859375
0.1519,0,0.147216796875,0,-0.1846923828125,0,-0.04400634765625,0,-0.10687255859375
0.1626,0,0.1588134765625,0,0.05694580078125,0,-0.04400634765625,0,-0.26220703125
0.1730,0,0.1588134765625,0,0.05694580078125,0,1.673828125,0,-0.26220703125
0.1815,0,5.171875,0,4.08203125,0,1.673828125,0,-0.26220703125
0.1928,0,5.171875,0,4.08203125,0,1.673828125,0,4.7734375
0.2009,0,6.67578125,0,5.140625,0,4.4765625,0,4.7734375
0.2133,0,6.67578125,0,5.140625,0,4.4765625,0,5.7265625
0.2213,4,4.74609375,17,3.466796875,0,5.2890625,0,5.7265625
0.2314,4,4.74609375,17,3.466796875,14,4.32421875,5,5.71875
0.2442,21,5.64453125,22,5.390625,14,4.32421875,5,5.71875
0.2531,21,5.64453125,22,5.390625,24,5.18359375,27,4.63671875
0.2620,1,9.3125,8,6.05859375,24,5.18359375,27,4.63671875
0.2729,1,9.3125,8,6.05859375,24,5.18359375,26,6.46484375
0.2823,13,7.28515625,13,7.6171875,27,7.14453125,26,6.46484375
0.2899,13,7.28515625,13,7.6171875,35,5.578125,32,6.1484375
0.3017,31,5.89453125,28,5.859375,35,5.578125,32,6.1484375
0.3158,31,5.89453125,28,5.859375,35,5.578125,43,5.16796875
0.3217,38,5.7734375,42,5.5234375,44,4.94921875,43,5.16796875
0.3336,38,5.7734375,42,5.5234375,44,4.94921875,51,4.8828125
0.3422,38,5.7734375,54,4.52734375,56,4.1640625,51,4.8828125
0.3529,54,4.359375,54,4.52734375,56,4.1640625,60,4.12109375
0.3648,54,4.359375,66,4.4140625,63,4.30859375,60,4.12109375
0.3742,66,3.84765625,66,4.4140625,63,4.30859375,62,4.59765625
0.3837,66,3.84765625,72,3.763671875,73,3.791015625,62,4.59765625
0.3947,70,3.98046875,72,3.763671875,73,3.791015625,82,3.296875
0.4039,80,3.927734375,80,4.0078125,80,4.1015625,82,3.296875
0.4153,80,3.927734375,80,4.0078125,80,4.1015625,87,2.98828125
0.4241,80,3.927734375,87,3.2265625,87,3.138671875,87,2.98828125
0.4355,86,3.439453125,87,3.2265625,87,3.138671875,88,3.607421875
0.4419,86,3.439453125,95,2.634765625,94,2.83203125,88,3.607421875
0.4545,95,2.9609375,95,2.634765625,94,2.83203125,97,2.76953125
0.4671,95,2.9609375,101,2.75390625,101,2.650390625,97,2.76953125
0.4758,101,2.685546875,101,2.75390625,101,2.650390625,106,1.7890625
0.4842,101,2.685546875,107,2.41796875,106,2.265625,106,1.7890625
0.4958,106,2.3125,107,2.41796875,106,2.265625,107,2.716796875
0.5035,106,2.3125,110,2.142578125,111,1.884765625,107,2.716796875
0.5161,112,1.3994140625,110,2.142578125,111,1.884765625,114,1.3193359375
0.5241,112,1.3994140625,110,2.142578125,114,1.6572265625,114,1.3193359375
0.5342,113,2.029296875,114,1.7119140625,114,1.6572265625,115,1.65625
0.5486,116,1.7822265625,118,1.2451171875,116,1.6328125,115,1.65625
0.5560,116,1.7822265625,118,1.2451171875,116,1.6328125,124,0.38037109375
0.5653,116,1.7822265625,118,1.2451171875,121,1.154296875,124,0.38037109375
0.5762,120,1.33984375,120,1.4833984375,121,1.154296875,120,1.1552734375
0.5849,120,1.33984375,120,1.4833984375,122,1.1767578125,120,1.1552734375
0.5969,124,1.134765625,125,0.93896484375,122,1.1767578125,120,1.1552734375
0.6055,124,1.134765625,125,0.93896484375,123,0.59765625,121,1.603515625
0.6164,125,0.65966796875,123,0.97412109375,123,0.59765625,121,1.603515625
0.6249,125,0.65966796875,123,0.97412109375,125,0.8369140625,128,0.395263671875
0.6359,125,0.9453125,128,0.395263671875,125,0.8369140625,128,0.395263671875
0.6445,125,0.9453125,128,0.395263671875,129,0.35888671875,125,0.89306640625
0.6599,129,0.50634765625,129,0.53857421875,129,0.35888671875,125,0.89306640625
0.6673,129,0.50634765625,129,0.53857421875,125,0.5439453125,128,0.322021484375
0.6839,128,0.3681640625,127,0.54638671875,125,0.5439453125,128,0.322021484375
0.6880,128,0.3681640625,127,0.54638671875,129,0.307861328125,126,0.91259765625
0.7020,126,0.81103515625,129,0.27783203125,129,0.307861328125,126,0.91259765625
0.7078,126,0.81103515625,129,0.27783203125,129,0.0765380859375,126,0.292724609375
0.7261,129,0.1275634765625,128,0.411865234375,126,0.60302734375,130,-0.2489013671875
0.7355,126,0.65185546875,128,0.24755859375,126,0.60302734375,130,-0.2489013671875
0.7448,126,0.65185546875,128,0.24755859375,129,0.0865478515625,125,0.48388671875
0.7594,127,0.314453125,128,0.763671875,129,0.0865478515625,125,0.48388671875
0.7641,127,0.314453125,128,0.763671875,129,0.0865478515625,126,0.444580078125
0.7784,126,0.306396484375,126,0.5087890625,127,0.49951171875,126,0.444580078125
0.7833,126,0.306396484375,126,0.5087890625,127,0.49951171875,127,0.1119384765625
0.7943,126,0.306396484375,126,0.5048828125,126,0.44091796875,127,0.1119384765625
0.8027,124,0.83203125,126,0.5048828125,126,0.44091796875,125,0.37255859375
0.8141,125,0.322509765625,124,0.552734375,123,0.59619140625,125,0.37255859375
0.8225,125,0.322509765625,124,0.552734375,123,0.59619140625,125,0.427734375
0.8344,125,0.322509765625,124,0.55615234375,125,0.40869140625,125,0.427734375
0.8443,121,0.89404296875,124,0.55615234375,125,0.40869140625,122,0.6533203125
0.8546,121,0.89404296875,123,0.69873046875,123,0.62744140625,122,0.6533203125
0.8680,124,0.69873046875,123,0.69873046875,123,0.62744140625,122,1.13671875
0.8768,124,0.69873046875,122,0.90966796875,123,0.8388671875,122,1.13671875
0.8851,122,1.078125,122,0.90966796875,123,0.8388671875,120,1.11328125
0.8960,122,1.078125,120,1.384765625,123,1.1875,120,1.11328125
0.9044,120,1.404296875,120,1.384765625,123,1.1875,120,1.279296875
0.9157,120,1.404296875,124,0.62158203125,123,0.775390625,120,1.279296875
0.9250,124,0.80419921875,124,0.62158203125,123,0.775390625,121,0.94873046875
0.9366,124,0.80419921875,121,1.2861328125,122,1.0888671875,121,0.94873046875
0.9449,120,1.6962890625,121,1.2861328125,122,1.0888671875,121,1.4208984375
0.9556,120,1.6962890625,121,1.2861328125,121,1.4794921875,121,1.4208984375
0.9651,120,1.8251953125,121,1.54296875,121,1.4794921875,122,0.880859375
0.9766,120,1.8251953125,123,1.4267578125,125,1.353515625,122,0.880859375
0.9859,120,1.6015625,123,1.4267578125,125,1.353515625,122,1.3642578125
0.9964,120,1.6015625,123,1.4013671875,123,1.40625,122,1.3642578125
1.0061,122,1.4951171875,123,1.4013671875,123,1.40625,121,1.4375
1.0180,122,1.4951171875,123,1.4013671875,123,1.1328125,121,1.4375
1.0265,125,2.0234375,125,0.94921875,123,1.1328125,123,1.775390625
1.0372,125,2.0234375,124,2.001953125,126,1.7939453125,123,1.775390625
1.0469,124,1.921875,124,2.001953125,126,1.7939453125,123,1.775390625
1.0580,124,1.921875,125,1.8291015625,126,1.7421875,123,1.9501953125
1.0681,125,2.3125,125,1.8291015625,126,1.7421875,123,1.9501953125
1.0759,125,2.3125,127,1.794921875,128,1.5517578125,125,1.9814453125
1.0856,125,2.09765625,127,1.794921875,128,1.5517578125,125,1.9814453125
1.0957,125,2.09765625,128,1.888671875,129,1.92578125,127,1.49609375
1.1089,127,2.16015625,128,1.888671875,129,1.92578125,127,1.49609375
1.1177,127,2.16015625,128,1.888671875,130,1.7802734375,128,1.8203125
1.1263,132,1.2451171875,132,1.5048828125,130,1.7802734375,128,1.8203125
1.1376,132,1.2451171875,132,1.5048828125,132,1.73828125,129,1.7626953125
1.1470,130,1.912109375,131,2.015625,132,1.73828125,129,1.7626953125
1.1573,130,1.912109375,131,2.015625,134,1.4599609375,131,1.595703125
1.1666,133,1.68359375,133,1.5908203125,134,1.4599609375,131,1.595703125
1.1768,133,1.68359375,133,1.5908203125,134,1.3857421875,133,1.5556640625
1.1849,136,1.1708984375,135,1.42578125,134,1.3857421875,133,1.5556640625
1.1962,136,1.1708984375,135,1.42578125,137,1.4736328125,135,1.3720703125
1.2060,135,1.6611328125,138,1.236328125,137,1.4736328125,135,1.3720703125
1.2166,135,1.6611328125,138,1.236328125,137,1.3212890625,137,1.333984375
1.2253,135,1.6611328125,136,1.3876953125,137,1.3212890625,137,1.333984375
1.2343,136,1.25390625,136,1.3876953125,138,1.1123046875,137,1.2646484375
1.2465,136,1.25390625,138,1.1201171875,138,1.1123046875,137,1.2646484375
1.2561,141,0.95947265625,138,1.1201171875,138,1.1123046875,138,1.060546875
1.2649,139,1.2626953125,141,1.001953125,140,1.232421875,138,1.060546875
1.2757,139,1.2626953125,141,1.001953125,140,1.232421875,139,1.115234375
1.2856,139,1.2626953125,140,1.2783203125,140,1.02734375,139,1.115234375
1.2964,138,1.3466796875,140,1.2783203125,140,1.02734375,139,1.1708984375
1.3047,142,0.8193359375,141,1.2041015625,141,1.0302734375,139,1.1708984375
1.3172,142,0.8193359375,141,1.2041015625,141,1.0302734375,139,1.08203125
1.3243,142,0.8193359375,142,1.3662109375,142,0.99853515625,139,1.08203125
1.3355,140,1.201171875,142,1.3662109375,142,0.87451171875,139,1.2216796875
1.3465,140,1.3671875,139,1.162109375,142,0.87451171875,139,1.2216796875
1.3551,140,1.3671875,139,1.162109375,142,0.87451171875,140,1.171875
1.3644,143,0.5625,143,1.158203125,143,0.87353515625,140,1.171875
1.3776,143,0.5625,143,1.158203125,142,0.546875,140,1.408203125
1.3856,143,0.5625,143,0.408203125,142,0.546875,140,1.408203125
1.3968,140,1.2607421875,143,0.408203125,142,0.546875,142,0.94091796875
1.4070,140,1.2607421875,142,0.83154296875,142,0.6357421875,142,0.94091796875
1.4175,140,1.1123046875,142,0.83154296875,143,0.65576171875,141,1.1904296875
1.4264,142,0.72021484375,145,0.69873046875,143,0.65576171875,141,1.1904296875
1.4347,142,0.72021484375,145,0.69873046875,143,0.65576171875,143,0.96142578125
1.4462,142,0.72021484375,143,0.5771484375,141,0.8447265625,143,0.96142578125
1.4568,142,1.0771484375,143,0.5771484375,141,0.8447265625,141,0.546875
1.4661,142,1.0771484375,142,0.830078125,143,0.66015625,141,0.546875
1.4769,141,1.00390625,142,0.830078125,143,0.66015625,139,1.37890625
1.4881,141,1.00390625,143,0.92333984375,144,0.6220703125,139,1.37890625
1.4964,146,0.1812744140625,143,0.92333984375,144,0.6220703125,139,1.37890625
1.5053,146,0.1812744140625,141,0.6806640625,142,0.673828125,144,0.52783203125
1.5172,143,0.79833984375,141,0.6806640625,142,0.673828125,140,1.205078125
1.5239,143,0.79833984375,142,0.6494140625,143,0.359130859375,140,1.205078125
1.5373,140,1.1552734375,142,0.6494140625,143,0.359130859375,139,1.2646484375
1.5437,140,1.1552734375,143,0.43603515625,142,0.52978515625,139,1.2646484375
1.5547,144,0.335205078125,143,0.43603515625,142,0.52978515625,146,-0.10601806640625
1.5619,144,0.335205078125,141,0.86572265625,140,0.85009765625,146,-0.10601806640625
1.5744,140,0.9619140625,141,0.86572265625,140,0.85009765625,146,-0.10601806640625
1.5857,140,0.9619140625,141,0.82470703125,142,0.55615234375,138,0.9931640625
1.5966,139,0.638671875,141,0.82470703125,142,0.55615234375,138,1.05078125
1.6051,139,0.638671875,141,0.32861328125,142,0.27880859375,138,1.05078125
1.6161,143,0.2137451171875,141,0.32861328125,142,0.27880859375,138,1.05078125
1.6295,143,0.2137451171875,140,-0.89208984375,138,0.7724609375,142,0.202880859375
1.6378,138,0.10614013671875,140,-0.89208984375,138,0.7724609375,142,0.202880859375
1.6464,138,0.10614013671875,140,-0.89208984375,140,0.2467041015625,136,0.5927734375
1.6548,137,0.5791015625,139,0.27978515625,140,0.2467041015625,137,0.64697265625
1.6680,137,0.5791015625,139,0.27978515625,141,0.1114501953125,137,0.64697265625
1.6766,139,0.07025146484375,140,0.2269287109375,141,0.1114501953125,137,0.64697265625
1.6875,139,0.07025146484375,140,0.2269287109375,137,0.5810546875,139,0.25634765625
1.6988,135,0.8935546875,138,0.5263671875,137,0.5810546875,139,0.25634765625
1.7048,135,0.8935546875,138,0.5263671875,139,0.349853515625,136,0.6484375
1.7194,135,0.7998046875,137,0.431884765625,139,0.349853515625,136,0.6484375
1.7284,135,0.7998046875,137,0.431884765625,136,0.53271484375,136,0.79443359375
1.7364,136,0.0304107666015625,138,-0.08441162109375,136,0.53271484375,136,0.79443359375
1.7484,136,0.0304107666015625,138,-0.08441162109375,133,0.71826171875,135,0.53759765625
1.7579,133,0.775390625,136,0.268798828125,133,0.71826171875,135,0.53759765625
1.7665,133,0.775390625,136,0.268798828125,131,-0.301513671875,134,-0.79296875
1.7802,126,0.175537109375,130,-0.8134765625,131,-0.301513671875,134,-0.79296875
1.7902,126,0.175537109375,130,-0.8134765625,152,5.9921875,130,-1.396484375
1.8019,126,0.175537109375,124,-0.331787109375,152,5.9921875,130,-1.396484375
1.8104,124,-0.396728515625,124,-0.331787109375,129,-0.448974609375,126,-0.53369140625
1.8220,121,1.4443359375,125,-1.68359375,114,-0.328857421875,120,-1.3310546875
1.8331,122,2.283203125,118,2.048828125,114,-0.328857421875,120,-1.3310546875
1.8435,122,2.283203125,118,2.048828125,140,7.19140625,118,-1.55078125
1.8560,122,2.283203125,115,-1.4140625,140,7.19140625,118,-1.55078125
1.8632,114,-1.1015625,115,-1.4140625,42,2.3828125,118,-1.615234375
1.8763,114,-1.1015625,115,1.3994140625,42,2.3828125,118,-1.615234375
1.8843,115,1.7548828125,115,1.3994140625,42,2.3828125,106,-0.55810546875
1.8991,115,1.7548828125,114,1.9345703125,47,3.412109375,106,-0.55810546875
1.9036,112,2.744140625,114,1.9345703125,47,3.412109375,114,-2.53125
1.9149,112,2.744140625,104,2.044921875,69,0.416259765625,114,-2.53125
1.9257,107,3.740234375,104,2.044921875,67,0.95654296875,98,-1.82421875
1.9379,107,3.740234375,97,2.361328125,67,0.95654296875,98,-1.82421875
1.9439,100,3.65234375,97,2.361328125,67,0.95654296875,104,4.09765625
1.9585,100,3.65234375,98,4.33984375,66,1.1083984375,104,4.09765625
1.9660,92,2.85546875,98,4.33984375,66,1.1083984375,90,-2.6796875
1.9758,92,2.85546875,91,2.828125,67,1.158203125,90,-2.6796875
1.9856,92,4.1875,91,2.828125,67,1.158203125,89,3.669921875
1.9968,92,4.1875,84,3.689453125,65,2.505859375,89,3.669921875
2.0080,79,5.58203125,84,3.689453125,65,2.505859375,89,3.669921875
2.0190,79,5.58203125,78,-0.48486328125,36,-0.78857421875,71,-2.7109375
2.0280,90,-0.75732421875,78,-0.48486328125,36,-0.78857421875,71,-2.7109375
2.0386,90,-0.75732421875,78,-0.48486328125,20,-0.252197265625,76,-1.6640625
2.0462,72,-0.8212890625,73,-0.35107421875,20,-0.252197265625,67,-1.6005859375
2.0568,72,-0.8212890625,68,-0.5107421875,34,-0.3193359375,67,-1.6005859375
2.0669,63,-0.384765625,68,-0.5107421875,34,-0.3193359375,67,-1.6005859375
2.0781,63,-0.384765625,62,-0.67919921875,36,-0.50732421875,63,-1.720703125
2.0866,58,-0.49755859375,62,-0.67919921875,36,-0.50732421875,63,-1.720703125
2.0991,58,-0.49755859375,62,-0.67919921875,35,-0.328369140625,60,-1.25390625
2.1075,50,-0.444580078125,59,-0.350341796875,35,-0.328369140625,60,-1.25390625
2.1183,50,-0.444580078125,59,-0.350341796875,36,-0.20654296875,53,-1.1318359375
2.1270,59,-0.443603515625,55,-0.1513671875,36,-0.20654296875,53,-1.1318359375
2.1370,59,-0.443603515625,48,-0.0205078125,34,-0.11065673828125,51,-0.96337890625
2.1476,50,-0.43896484375,48,-0.0205078125,34,-0.11065673828125,51,-0.96337890625
2.1576,50,-0.43896484375,48,-0.0205078125,34,-0.2349853515625,47,-0.994140625
2.1670,46,-0.58740234375,45,-0.2225341796875,34,-0.2349853515625,47,-0.994140625
2.1773,46,-0.58740234375,45,-0.2225341796875,34,-0.30517578125,44,-0.94970703125
2.1843,6,-0.310302734375,16,0.54736328125,34,-0.30517578125,44,-0.94970703125
2.1979,6,-0.310302734375,16,0.54736328125,35,-0.2408447265625,5,-0.82373046875
2.2061,9,-0.2069091796875,21,-0.461181640625,35,-0.2408447265625,5,-0.82373046875
2.2149,9,-0.2069091796875,21,-0.461181640625,0,0.14111328125,12,-0.57958984375
2.2258,4,-0.12841796875,4,-0.211181640625,0,0.14111328125,12,-0.57958984375
2.2345,4,-0.12841796875,4,-0.211181640625,5,0.13720703125,3,-0.437255859375
2.2440,4,0.26025390625,14,-0.5166015625,5,0.13720703125,3,-0.437255859375
2.2565,4,0.26025390625,14,-0.5166015625,14,0.091552734375,9,-0.43505859375
2.2651,15,-0.1217041015625,15,-0.5673828125,14,0.091552734375,9,-0.43505859375
2.2761,15,-0.1217041015625,15,-0.5673828125,14,0.091552734375,16,-0.480224609375
2.2832,12,0.27880859375,1,-0.5068359375,9,0.09906005859375,16,-0.480224609375
2.2945,12,0.27880859375,1,-0.5068359375,4,0.0447998046875,5,-0.3681640625
2.3027,6,-0.234130859375,0,0.51171875,4,0.0447998046875,5,-0.3681640625
2.3152,6,-0.234130859375,0,0.51171875,2,0.055938720703125,0,-0.2249755859375
2.3224,3,-0.1551513671875,7,0.48583984375,2,0.055938720703125,0,-0.2249755859375
2.3375,3,-0.1551513671875,7,0.48583984375,2,0.055938720703125,0,-0.1888427734375
2.3450,16,0.140869140625,16,-0.408203125,9,-0.0977783203125,0,-0.1888427734375
2.3569,16,0.140869140625,16,-0.408203125,9,-0.0977783203125,10,-0.1484375
2.3656,16,0.140869140625,1,-0.0863037109375,19,-0.047821044921875,10,-0.1484375
2.3767,18,0.22021484375,1,-0.0863037109375,19,-0.047821044921875,15,-0.135498046875
2.3828,18,0.22021484375,0,-0.5791015625,5,-0.0341796875,15,-0.135498046875
2.3943,4,0.14501953125,0,-0.5791015625,5,-0.0341796875,5,-0.095947265625
2.4063,0,0.10614013671875,0,-0.1051025390625,2,0.0295257568359375,5,-0.095947265625
2.4193,0,0.10614013671875,0,-0.1051025390625,2,0.0295257568359375,1,-0.19580078125
2.4238,0,0.10614013671875,0,-0.054412841796875,1,-0.0653076171875,1,-0.19580078125
2.4388,0,-0.365966796875,0,-0.054412841796875,1,-0.0653076171875,0,-0.1656494140625
2.4445,0,-0.365966796875,0,3.73046875,0,2.517578125,0,-0.1656494140625
2.4556,0,4.88671875,0,3.73046875,0,2.517578125,-4,2.890625
2.4682,0,4.88671875,-1,6.33203125,-10,3.818359375,-4,2.890625
2.4791,-12,5.25390625,-1,6.33203125,-10,3.818359375,-17,4.015625
2.4845,-12,5.25390625,-15,3.66796875,-16,3.962890625,-17,4.015625
2.5002,-14,5.4453125,-15,3.66796875,-16,3.962890625,0,8.9296875
2.5053,-14,5.4453125,-13,5.55078125,-2,6.81640625,0,8.9296875
2.5157,-4,6.87890625,-13,5.55078125,-2,6.81640625,-14,5.2421875
2.5309,-4,6.87890625,-13,5.55078125,-8,5.671875,-14,5.2421875
2.5370,-17,6.08984375,-9,5.6796875,-8,5.671875,-19,7.3125
2.5501,-17,6.08984375,-9,5.6796875,-19,6.62890625,-19,7.3125
2.5593,-21,6.6484375,-21,6.14453125,-19,6.62890625,-19,7.3125
2.5664,-21,6.6484375,-36,4.94921875,-34,5.2421875,-30,5.80078125
2.5842,-33,6.36328125,-46,5.41796875,-50,4.6015625,-46,5.0234375
2.5920,-51,4.76953125,-46,5.41796875,-50,4.6015625,-46,5.0234375
2.6008,-51,4.76953125,-46,5.41796875,-50,4.6015625,-55,5.21484375
2.6111,-51,4.76953125,-58,5.14453125,-56,4.89453125,-55,5.21484375
2.6214,-58,5.62890625,-58,5.14453125,-56,4.89453125,-55,5.21484375
2.6310,-58,5.62890625,-68,4.59375,-68,4.21484375,-66,4.375
2.6407,-70,4.34375,-68,4.59375,-68,4.21484375,-71,4.25390625
2.6621,-77,4.16796875,-76,4.015625,-74,4.20703125,-71,4.25390625
2.6712,-77,4.16796875,-84,3.62109375,-86,3.302734375,-79,4.17578125
2.6904,-85,3.5625,-84,3.62109375,-88,3.572265625,-86,3.58984375
2.7003,-93,3.2421875,-93,3.09375,-88,3.572265625,-93,3.12109375
2.7091,-93,3.2421875,-93,3.09375,-100,2.3125,-93,3.12109375
2.7198,-102,2.337890625,-99,2.755859375,-100,2.3125,-93,3.12109375
2.7384,-105,2.3203125,-108,1.7890625,-104,2.26953125,-99,2.697265625
2.7468,-105,2.3203125,-110,2.048828125,-111,2.1953125,-106,2.37890625
2.7578,-114,1.822265625,-110,2.048828125,-111,2.1953125,-110,2.70703125
2.7712,-114,1.822265625,-110,2.048828125,-116,1.904296875,-110,2.70703125
2.7776,-117,1.6376953125,-117,1.783203125,-116,1.904296875,-116,1.6748046875
2.7871,-117,1.6376953125,-120,1.4736328125,-117,1.77734375,-116,1.6748046875
2.7975,-118,1.947265625,-120,1.4736328125,-117,1.77734375,-120,1.6826171875
2.8072,-118,1.947265625,-120,1.4736328125,-124,1.1748046875,-120,1.6826171875
2.8180,-124,1.0810546875,-122,1.4580078125,-124,1.1748046875,-122,1.3203125
2.8275,-124,1.0810546875,-122,1.4580078125,-124,1.3349609375,-122,1.3203125
2.8382,-126,1.287109375,-128,1.00390625,-124,1.3349609375,-126,1.013671875
2.8492,-126,1.287109375,-128,1.00390625,-130,0.904296875,-126,1.013671875
2.8596,-127,1.388671875,-127,1.24609375,-130,0.904296875,-126,1.013671875
2.8677,-127,1.388671875,-127,1.24609375,-130,0.97216796875,-127,1.171875
2.8829,-131,0.5595703125,-130,0.85205078125,-130,0.97216796875,-127,1.171875
2.8886,-131,0.5595703125,-130,0.85205078125,-127,1.15234375,-131,0.60498046875
2.9011,-131,0.5595703125,-130,0.9423828125,-127,1.15234375,-131,0.60498046875
2.9131,-130,0.98291015625,-130,0.9423828125,-132,0.343505859375,-131,0.266357421875
2.9205,-132,0.14208984375,-129,0.8837890625,-132,0.343505859375,-131,0.266357421875
2.9277,-132,0.14208984375,-129,0.8837890625,-131,0.6171875,-130,0.36376953125
2.9412,-130,0.70703125,-132,0.1871337890625,-131,0.6171875,-130,0.36376953125
2.9501,-130,0.70703125,-132,0.1871337890625,-131,0.6171875,-130,0.9091796875
2.9592,-131,0.5498046875,-129,0.65673828125,-130,0.343994140625,-130,0.9091796875
2.9801,-130,0.0972900390625,-130,0.4609375,-131,0.271484375,-134,-0.230712890625
2.9852,-130,0.0972900390625,-130,0.4609375,-129,0.375244140625,-130,0.49609375
2.9984,-127,0.159423828125,-130,0.49169921875,-129,0.375244140625,-130,0.49609375
3.0067,-127,0.159423828125,-130,0.49169921875,-129,0.372314453125,-130,-0.2208251953125
3.0181,-129,0.219482421875,-128,0.285888671875,-129,0.372314453125,-130,-0.2208251953125
3.0263,-129,0.219482421875,-128,0.285888671875,-127,0.1094970703125,-128,0.268798828125
3.0399,-125,0.46484375,-129,-0.72802734375,-127,0.1094970703125,-128,0.268798828125
3.0472,-125,0.46484375,-129,-0.72802734375,-127,0.13330078125,-126,0.46728515625
3.0579,-126,0.3125,-127,0.2427978515625,-127,0.13330078125,-126,0.46728515625
3.0682,-126,0.3125,-127,0.2427978515625,-127,0.13330078125,-132,-0.6484375
3.0792,-126,0.3125,-127,0.226318359375,-128,0.11370849609375,-132,-0.6484375
3.0876,-127,0.1702880859375,-127,0.226318359375,-128,0.11370849609375,-124,0.59228515625
3.1005,-127,0.1702880859375,-124,0.54150390625,-126,0.261474609375,-124,0.59228515625
3.1096,-124,0.457763671875,-124,0.54150390625,-126,0.261474609375,-125,0.486083984375
3.1216,-124,0.457763671875,-125,0.34912109375,-126,0.221923828125,-125,0.486083984375
3.1320,-124,0.10430908203125,-125,0.34912109375,-126,0.221923828125,-125,0.486083984375
3.1388,-124,0.276123046875,-125,0.162841796875,-127,0.08880615234375,-122,0.5556640625
3.1530,-124,0.276123046875,-125,0.162841796875,-127,0.08880615234375,-124,0.6025390625
3.1610,-124,0.276123046875,-122,0.52294921875,-122,0.626953125,-124,0.6025390625
3.1787,-123,0.65869140625,-122,0.34912109375,-125,0.056976318359375,-121,0.908203125
3.1859,-122,0.470458984375,-122,0.34912109375,-125,0.056976318359375,-121,0.56005859375
3.2000,-122,0.470458984375,-120,0.61376953125,-120,0.6865234375,-121,0.56005859375
3.2076,-119,0.72021484375,-120,0.61376953125,-120,0.6865234375,-119,0.353515625
3.2199,-119,0.72021484375,-119,0.7158203125,-121,0.3759765625,-119,0.353515625
3.2261,-121,0.371826171875,-119,0.7158203125,-121,0.3759765625,-117,0.8427734375
3.2391,-121,0.371826171875,-117,0.77880859375,-117,0.66015625,-117,0.8427734375
3.2502,-117,0.75390625,-117,0.77880859375,-117,0.66015625,-117,0.59521484375
3.2568,-117,0.75390625,-118,0.61279296875,-119,0.541015625,-117,0.59521484375
3.2694,-117,0.36181640625,-118,0.61279296875,-119,0.541015625,-117,0.59521484375
3.2780,-117,0.36181640625,-118,0.61279296875,-117,0.69287109375,-118,0.658203125
3.2852,-116,0.650390625,-118,0.55712890625,-117,0.69287109375,-118,0.658203125
3.3003,-116,0.650390625,-118,0.55712890625,-116,0.96337890625,-116,0.751953125
3.3044,-117,0.9267578125,-118,0.6640625,-116,0.96337890625,-116,0.869140625
3.3161,-117,0.9267578125,-117,1.03125,-118,0.482177734375,-116,0.869140625
3.3256,-113,1.0126953125,-117,1.03125,-118,0.482177734375,-116,0.869140625
3.3369,-113,1.0126953125,-117,1.03125,-115,0.84814453125,-114,0.8759765625
3.3453,-113,1.0126953125,-117,0.59619140625,-115,0.84814453125,-114,0.8759765625
3.3547,-113,1.02734375,-111,1.2373046875,-117,0.4599609375,-116,0.63330078125
3.3678,-115,0.8037109375,-111,1.2373046875,-117,0.4599609375,-116,0.63330078125
3.3742,-115,0.8037109375,-111,1.2373046875,-112,1.14453125,-113,0.85400390625
3.3880,-115,0.8037109375,-117,0.222900390625,-112,1.14453125,-113,0.85400390625
3.3981,-114,0.90625,-117,0.222900390625,-118,0.41455078125,-113,0.95458984375
3.4117,-114,0.90625,-115,0.9541015625,-118,0.41455078125,-113,0.95458984375
3.4198,-114,0.9931640625,-115,0.9541015625,-113,0.91064453125,-112,0.958984375
3.4318,-114,0.9931640625,-116,0.35498046875,-113,0.91064453125,-112,0.958984375
3.4370,-114,0.94140625,-116,0.35498046875,-113,1.08203125,-112,1.1845703125
3.4472,-117,0.39453125,-113,0.94287109375,-113,1.08203125,-112,1.1845703125
3.4575,-117,0.39453125,-113,0.94287109375,-111,1.0595703125,-113,0.91162109375
3.4676,-117,0.39453125,-116,0.43896484375,-111,1.0595703125,-113,0.91162109375
3.4771,-114,0.96826171875,-116,0.43896484375,-116,0.77734375,-113,0.9404296875
3.4883,-114,0.96826171875,-113,1.1484375,-116,0.77734375,-113,0.9404296875
3.4990,-112,1.060546875,-113,1.1484375,-114,0.88330078125,-113,1.0048828125
3.5109,-112,1.060546875,-114,0.8896484375,-114,0.88330078125,-113,1.0048828125
3.5192,-116,0.60986328125,-114,0.8896484375,-114,0.88330078125,-112,1.0634765625
3.5307,-116,0.60986328125,-113,0.99755859375,-113,1.1806640625,-112,1.0634765625
3.5385,-116,0.67041015625,-113,0.99755859375,-113,1.1806640625,-112,0.99951171875
3.5480,-116,0.67041015625,-115,0.7490234375,-117,0.441650390625,-112,0.99951171875
3.5583,-113,0.97705078125,-115,0.7490234375,-117,0.441650390625,-113,0.77197265625
3.5670,-113,0.97705078125,-116,1.1572265625,-114,0.95556640625,-113,0.77197265625
3.5783,-112,1.1865234375,-116,1.1572265625,-114,0.95556640625,-114,0.9296875
3.5864,-112,1.1865234375,-114,0.87744140625,-117,0.47021484375,-114,0.9296875
3.6008,-116,0.360107421875,-114,0.87744140625,-112,0.392333984375,-114,0.8056640625
3.6116,-116,0.360107421875,-115,0.35791015625,-112,0.392333984375,-114,0.8056640625
3.6213,-111,1.0078125,-115,0.35791015625,-112,0.392333984375,-112,0.68798828125
3.6288,-111,1.0078125,-113,0.67529296875,-116,0.27197265625,-112,0.68798828125
3.6397,-115,0.047119140625,-113,0.67529296875,-116,0.27197265625,-112,0.669921875
3.6484,-115,0.047119140625,-115,-0.1923828125,-113,0.60595703125,-112,0.669921875
3.6628,-109,0.8056640625,-115,-0.1923828125,-113,0.60595703125,-113,0.3173828125
3.6710,-109,0.8056640625,-115,-0.1923828125,-114,0.2763671875,-113,0.3173828125
3.6845,-114,-0.04302978515625,-113,0.38037109375,-110,0.74755859375,-113,0.283447265625
3.6950,-110,0.91455078125,-113,0.49072265625,-110,0.74755859375,-111,0.61572265625
3.7034,-110,0.91455078125,-113,0.49072265625,-113,0.468505859375,-111,0.61572265625
3.7129,-113,0.1329345703125,-110,0.8544921875,-113,0.468505859375,-110,0.81689453125
3.7237,-113,0.1329345703125,-110,0.8544921875,-110,0.77490234375,-110,0.81689453125
3.7350,-108,0.9658203125,-110,0.61865234375,-110,0.77490234375,-109,0.73876953125
3.7429,-108,0.9658203125,-110,0.61865234375,-111,0.76318359375,-109,0.73876953125
3.7540,-113,0.3017578125,-109,0.74951171875,-111,0.76318359375,-109,0.73876953125
3.7622,-113,0.3017578125,-109,0.74951171875,-107,0.89697265625,-108,0.9462890625
3.7732,-107,0.986328125,-110,0.77734375,-107,0.89697265625,-108,0.9462890625
3.7821,-107,0.986328125,-110,0.77734375,-110,0.83984375,-109,0.759765625
3.7929,-107,0.986328125,-108,0.97314453125,-110,0.83984375,-109,0.759765625
3.8030,-111,0.227294921875,-108,0.97314453125,-109,0.701171875,-107,0.94921875
3.8125,-106,0.97314453125,-109,0.90576171875,-109,0.701171875,-107,0.94921875
3.8209,-106,0.97314453125,-109,0.90576171875,-108,0.9833984375,-107,1.0263671875
3.8325,-111,0.486572265625,-108,0.8486328125,-108,0.9833984375,-107,1.0263671875
3.8426,-111,0.486572265625,-108,0.8486328125,-108,0.79736328125,-107,0.6494140625
3.8538,-111,0.486572265625,-110,0.84619140625,-108,0.79736328125,-107,0.6494140625
3.8626,-107,1.4130859375,-110,0.84619140625,-110,0.962890625,-108,1.0380859375
3.8736,-107,1.4130859375,-107,1.392578125,-110,0.962890625,-108,1.0380859375
3.8829,-107,0.93896484375,-107,1.392578125,-110,0.826171875,-106,0.92724609375
3.8931,-107,0.9736328125,-107,1.1201171875,-110,0.826171875,-106,0.92724609375
3.9033,-107,0.9736328125,-107,1.1201171875,-108,1.126953125,-106,1.01953125
3.9159,-107,0.9736328125,-106,1.1748046875,-108,1.126953125,-106,1.01953125
3.9240,-110,1.787109375,-106,1.1748046875,-108,1.3642578125,-105,1.6875
3.9351,-110,1.787109375,-110,0.89892578125,-108,1.3642578125,-105,1.6875
3.9438,-109,1.26953125,-110,0.89892578125,-108,1.3642578125,-107,1.2978515625
3.9545,-109,1.26953125,-108,1.4775390625,-110,1.1181640625,-107,1.2978515625
3.9643,-107,1.4560546875,-108,1.4775390625,-109,1.181640625,-107,1.4267578125
3.9738,-108,1.34765625,-108,1.259765625,-109,1.181640625,-107,1.4267578125
3.9839,-108,1.34765625,-108,1.259765625,-109,1.291015625,-107,1.5322265625
3.9935,-111,1.0,-109,1.02734375,-109,1.291015625,-107,1.5322265625
4.0048,-111,1.0,-109,1.02734375,-109,1.291015625,-108,1.7685546875
4.0170,-110,1.64453125,-112,0.80078125,-111,0.9482421875,-108,1.7685546875
4.0270,-110,1.64453125,-112,0.80078125,-111,0.9482421875,-111,1.267578125
4.0356,-110,1.64453125,-112,1.298828125,-111,1.4619140625,-111,1.267578125
4.0470,-109,1.572265625,-112,1.298828125,-111,1.439453125,-110,1.2255859375
4.0550,-109,1.572265625,-113,1.1416015625,-111,1.439453125,-110,1.2255859375
4.0664,-114,1.0078125,-113,1.1416015625,-111,1.439453125,-110,1.4990234375
4.0758,-114,1.0078125,-112,1.298828125,-111,1.2333984375,-110,1.4990234375
4.0831,-113,1.189453125,-112,1.298828125,-115,1.3876953125,-111,1.35546875
4.0953,-113,1.189453125,-115,1.3759765625,-115,1.3876953125,-111,1.35546875
4.1038,-114,1.228515625,-115,1.3759765625,-115,1.3876953125,-111,2.029296875
4.1175,-114,1.228515625,-115,1.2158203125,-116,1.130859375,-111,2.029296875
4.1256,-113,1.353515625,-115,1.2158203125,-116,1.130859375,-116,1.205078125
4.1370,-113,1.353515625,-117,1.314453125,-114,1.7021484375,-116,1.205078125
4.1462,-116,1.177734375,-117,1.314453125,-114,1.7021484375,-114,1.7734375
4.1557,-116,1.177734375,-118,1.021484375,-115,1.42578125,-114,1.7734375
4.1664,-116,1.6865234375,-118,1.021484375,-115,1.42578125,-121,0.67822265625
4.1777,-116,1.6865234375,-117,1.7333984375,-117,1.412109375,-121,0.67822265625
4.1893,-115,1.8359375,-117,1.7333984375,-117,1.412109375,-115,1.8017578125
4.1980,-115,1.8359375,-119,1.7021484375,-119,1.2490234375,-115,1.8017578125
4.2089,-118,1.6650390625,-119,1.7021484375,-119,1.2490234375,-120,1.1572265625
4.2135,-118,1.6650390625,-119,1.5595703125,-117,1.5810546875,-120,1.1572265625
4.2260,-121,1.2255859375,-119,1.5595703125,-117,1.5810546875,-116,1.779296875
4.2372,-121,1.2255859375,-121,1.359375,-123,1.19140625,-116,1.779296875
4.2427,-121,1.375,-121,1.359375,-123,1.19140625,-120,1.8017578125
4.2587,-121,1.375,-121,1.359375,-122,1.2734375,-120,1.8017578125
4.2684,-121,1.43359375,-122,1.150390625,-122,1.2734375,-122,1.2978515625
4.2784,-121,1.43359375,-122,1.150390625,-122,1.482421875,-122,1.2978515625
4.2893,-125,1.32421875,-121,1.9814453125,-122,1.482421875,-123,1.5771484375
4.2980,-125,1.32421875,-121,1.9814453125,-126,0.9794921875,-123,1.5771484375
4.3044,-124,1.4375,-123,1.287109375,-126,0.9794921875,-125,0.81201171875
4.3173,-124,1.4375,-123,1.287109375,-124,1.314453125,-125,0.81201171875
4.3294,-123,1.876953125,-125,1.7021484375,-124,1.314453125,-123,1.89453125
4.3375,-123,1.876953125,-125,1.7021484375,-127,1.4501953125,-123,1.89453125
4.3461,-128,1.2431640625,-126,1.3681640625,-127,1.4501953125,-127,1.1201171875
4.3585,-128,1.2431640625,-126,1.0869140625,-126,1.466796875,-127,1.1201171875
4.3669,-127,1.5009765625,-126,1.0869140625,-126,1.466796875,-125,1.57421875
4.3782,-127,1.5009765625,-126,1.0869140625,-129,1.1923828125,-125,1.57421875
4.3852,-125,1.734375,-129,1.0546875,-129,1.1923828125,-125,1.57421875
4.3978,-125,1.734375,-129,1.0546875,-131,1.025390625,-129,1.3466796875
4.4113,-130,1.171875,-129,1.322265625,-131,1.025390625,-128,1.39453125
4.4190,-130,1.171875,-129,1.322265625,-127,1.390625,-128,1.39453125
4.4254,-129,1.41796875,-130,1.4033203125,-127,1.390625,-129,1.4794921875
4.4379,-129,1.41796875,-130,1.4033203125,-131,1.12109375,-129,1.4794921875
4.4509,-131,1.0830078125,-129,1.2744140625,-131,1.12109375,-129,1.158203125
4.4577,-131,1.0830078125,-129,1.2744140625,-133,0.71044921875,-129,1.158203125
4.4702,-129,1.212890625,-130,1.1142578125,-133,0.71044921875,-129,1.158203125
4.4791,-129,1.212890625,-133,0.389892578125,-129,1.1494140625,-129,1.4296875
4.4869,-133,0.7783203125,-133,0.389892578125,-129,1.1494140625,-131,1.029296875
4.4988,-133,0.7783203125,-133,0.389892578125,-133,0.94287109375,-131,1.029296875
4.5058,-131,1.3251953125,-131,1.28125,-133,0.94287109375,-131,1.029296875
4.5200,-131,1.3251953125,-131,1.28125,-134,0.9013671875,-131,1.30859375
4.5266,-131,1.0576171875,-132,1.79296875,-134,0.9013671875,-131,1.30859375
4.5403,-131,1.0576171875,-132,1.79296875,-130,1.2900390625,-132,0.94384765625
4.5456,-135,0.6591796875,-136,0.6064453125,-130,1.2900390625,-132,0.869140625
4.5593,-135,0.6591796875,-136,0.6064453125,-135,0.1627197265625,-132,0.869140625
4.5719,-132,1.4404296875,-132,1.046875,-135,0.1627197265625,-132,1.37890625
4.5762,-132,1.4404296875,-132,1.046875,-133,1.0166015625,-132,1.37890625
4.5884,-131,1.298828125,-134,0.76806640625,-133,1.0166015625,-132,1.37890625
4.6012,-131,1.298828125,-134,0.76806640625,-132,1.166015625,-132,1.189453125
4.6080,-131,1.298828125,-134,1.0166015625,-132,1.166015625,-132,1.189453125
4.6191,-136,0.173095703125,-134,1.0166015625,-137,0.07427978515625,-134,0.362060546875
4.6310,-133,0.7109375,-134,0.7099609375,-137,0.07427978515625,-134,0.362060546875
4.6396,-133,0.7109375,-134,0.7099609375,-134,0.748046875,-133,0.69970703125
4.6529,-133,0.7109375,-135,0.458984375,-134,0.748046875,-133,0.69970703125
4.6615,-131,1.02734375,-135,0.458984375,-134,0.98876953125,-134,0.6640625
4.6734,-131,1.02734375,-133,0.8515625,-134,0.98876953125,-134,0.6640625
4.6806,-136,0.2958984375,-133,0.8515625,-136,0.08197021484375,-134,0.5986328125
4.6931,-136,0.2958984375,-134,0.5068359375,-136,0.08197021484375,-134,0.5986328125
4.7029,-132,0.6669921875,-134,0.5068359375,-133,0.548828125,-132,0.8916015625
4.7096,-132,0.6669921875,-135,0.84423828125,-133,0.548828125,-132,0.8916015625
4.7223,-131,1.095703125,-135,0.84423828125,-133,0.548828125,-133,0.377197265625
4.7360,-133,-0.208251953125,-133,0.294921875,-134,0.1470947265625,-132,0.31591796875
4.7469,-133,-0.208251953125,-129,0.63916015625,-133,-0.061920166015625,-132,0.31591796875
4.7556,-127,0.28662109375,-129,0.63916015625,-133,-0.061920166015625,-130,0.12548828125
4.7666,-127,0.28662109375,-126,-0.440673828125,-131,-0.54296875,-130,0.12548828125
4.7729,-125,-0.81591796875,-126,-0.440673828125,-131,-0.54296875,-129,-0.87353515625
4.7846,-125,-0.81591796875,-120,-0.450439453125,-123,1.3916015625,-129,-0.87353515625
4.7946,-112,-0.221923828125,-120,-0.450439453125,-123,1.3916015625,-126,-1.3544921875
4.8042,-112,-0.221923828125,-124,2.56640625,-14,7.53125,-126,-1.3544921875
4.8171,-124,-2.458984375,-124,2.56640625,-14,7.53125,-119,1.658203125
4.8235,-124,-2.458984375,-118,3.625,-53,0.73486328125,-119,1.658203125
4.8347,-117,3.28515625,-118,3.625,-53,0.73486328125,-120,3.748046875
4.8419,-117,3.28515625,-110,3.94921875,-48,0.6220703125,-120,3.748046875
4.8554,-108,3.478515625,-110,3.94921875,-48,0.6220703125,-111,4.1796875
4.8638,-108,3.478515625,-110,3.94921875,-59,1.0927734375,-111,4.1796875
4.8747,-104,4.53125,-110,4.8828125,-59,1.0927734375,-107,5.17578125
4.8839,-104,4.53125,-110,4.8828125,-74,2.16796875,-107,5.17578125
4.8952,-93,6.375,-96,5.72265625,-74,2.16796875,-97,-3.197265625
4.9029,-93,6.375,-102,-0.77734375,-86,-0.50146484375,-97,-3.197265625
4.9168,-110,-0.7373046875,-102,-0.77734375,-86,-0.50146484375,-94,-2.12890625
4.9248,-110,-0.7373046875,-102,-0.77734375,-84,-0.599609375,-94,-2.12890625
4.9376,-9,-1.0244140625,-92,-0.8916015625,-84,-0.599609375,-94,-2.12890625
4.9457,-9,-1.0244140625,-92,-0.8916015625,-7,-0.41748046875,-88,-2.294921875
4.9567,-30,-0.79736328125,-85,-0.9873046875,-7,-0.41748046875,-88,-2.294921875
4.9679,-30,-0.79736328125,-85,-0.9873046875,-27,-0.302734375,-82,-2.1171875
4.9761,-34,-0.9921875,-80,-0.6435546875,-27,-0.302734375,-82,-2.1171875
4.9851,-34,-0.9921875,-80,-0.6435546875,-35,-0.625,-77,-1.724609375
4.9959,-51,-0.7841796875,-76,-1.11328125,-35,-0.625,-77,-1.724609375
5.0052,-51,-0.7841796875,-76,-1.11328125,-37,-0.37646484375,-72,-1.91015625
5.0187,-48,-0.84765625,-71,-1.0625,-37,-0.37646484375,-72,-1.91015625
5.0264,-48,-0.84765625,-71,-1.0625,-53,-0.07781982421875,-67,-1.7568359375
5.0379,-48,-0.411376953125,-67,-1.3037109375,-53,-0.07781982421875,-67,-1.7568359375
5.0461,-48,-0.411376953125,-67,-1.3037109375,-52,-0.2822265625,-64,-1.4375
5.0591,-48,-0.411376953125,-63,2.947265625,-52,-0.2822265625,-64,-1.4375
5.0700,-48,0.75927734375,-63,2.947265625,-51,0.33154296875,-58,0.7890625
5.0788,-48,0.75927734375,-60,0.487548828125,-51,0.33154296875,-58,0.7890625
5.0873,-50,1.4189453125,-60,0.487548828125,-48,2.025390625,-57,1.8525390625
5.1001,-50,1.4189453125,-59,1.3427734375,-48,2.025390625,-57,1.8525390625
5.1082,-55,2.9765625,-59,1.3427734375,-59,2.0078125,-59,2.828125
5.1196,-55,2.9765625,-61,2.013671875,-59,2.0078125,-59,2.828125
5.1293,-59,2.08984375,-61,2.013671875,-53,2.705078125,-59,2.24609375
5.1492,-55,2.36328125,-64,1.7470703125,-53,2.705078125,-57,2.091796875
5.1602,-55,2.36328125,-55,3.19921875,-52,3.306640625,-57,2.091796875
5.1699,-61,4.83203125,-55,3.19921875,-52,3.306640625,-60,4.7578125
5.1807,-61,4.83203125,-66,2.90234375,-59,4.16015625,-60,4.7578125
5.1987,-62,3.765625,-64,3.970703125,-62,4.80859375,-66,3.396484375
5.2069,-67,3.37109375,-64,3.970703125,-62,4.80859375,-64,3.845703125
5.2182,-67,3.37109375,-70,3.142578125,-66,3.384765625,-64,3.845703125
5.2251,-68,3.556640625,-70,3.142578125,-69,3.662109375,-70,3.349609375
5.2391,-68,3.556640625,-68,3.447265625,-69,3.662109375,-70,3.349609375
5.2470,-71,3.28515625,-68,3.447265625,-69,3.662109375,-72,3.322265625
5.2598,-71,3.28515625,-75,3.029296875,-75,2.857421875,-72,3.322265625
5.2658,-74,3.24609375,-75,3.029296875,-75,2.857421875,-79,3.009765625
5.2818,-74,3.24609375,-79,3.033203125,-78,3.208984375,-79,3.009765625
5.2890,-80,3.126953125,-79,3.033203125,-78,3.208984375,-78,3.18359375
5.2995,-80,3.126953125,-87,2.28515625,-83,2.76171875,-78,3.18359375
5.3099,-88,1.9921875,-87,2.28515625,-86,2.435546875,-88,2.1640625
5.3182,-88,1.9921875,-89,2.671875,-86,2.435546875,-88,2.1640625
5.3251,-88,2.458984375,-89,2.671875,-86,2.435546875,-87,3.001953125
5.3375,-88,2.458984375,-92,2.37109375,-90,2.705078125,-87,3.001953125
5.3456,-93,2.181640625,-92,2.37109375,-90,2.705078125,-96,1.970703125
5.3581,-93,2.181640625,-94,2.291015625,-95,2.123046875,-96,1.970703125
5.3674,-96,2.189453125,-94,2.291015625,-95,2.123046875,-96,2.3046875
5.3777,-96,2.189453125,-101,1.935546875,-99,2.0,-96,2.3046875
5.3869,-99,2.115234375,-101,1.935546875,-99,2.0,-96,2.3046875
5.3990,-99,2.115234375,-101,2.17578125,-101,1.9501953125,-103,1.435546875
5.4071,-101,2.1328125,-101,2.17578125,-101,1.9501953125,-103,1.435546875
5.4169,-101,2.1328125,-105,1.802734375,-103,2.03125,-100,2.00390625
5.4307,-105,1.583984375,-105,1.802734375,-103,2.03125,-100,2.00390625
5.4417,-105,1.583984375,-108,1.466796875,-107,1.4091796875,-111,0.80126953125
5.4464,-110,1.3154296875,-108,1.466796875,-107,1.4091796875,-105,1.3515625
5.4608,-110,1.3154296875,-110,1.4638671875,-109,1.275390625,-105,1.3515625
5.4714,-110,1.251953125,-110,1.4638671875,-109,1.275390625,-114,-0.271240234375
5.4767,-110,1.251953125,-110,0.68212890625,-111,0.86865234375,-114,-0.271240234375
5.4919,-110,0.82275390625,-110,0.68212890625,-111,0.86865234375,-108,0.04803466796875
5.4989,-110,0.82275390625,-110,0.68212890625,-107,0.47607421875,-108,0.04803466796875
5.5113,-106,-0.24658203125,-107,-0.65185546875,-107,0.47607421875,-108,0.04803466796875
5.5203,-106,-0.24658203125,-107,-0.65185546875,-101,0.2890625,-111,-1.546875
5.5270,-100,-0.8720703125,-98,-0.71875,-101,0.2890625,-111,-1.546875
5.5407,-100,-0.8720703125,-98,-0.71875,-122,6.23046875,-105,-1.54296875
5.5477,-99,1.892578125,-101,-2.2734375,-122,6.23046875,-105,-1.54296875
5.5602,-99,1.892578125,-101,-2.2734375,-37,-1.0947265625,-109,-3.623046875
5.5722,-92,-2.302734375,-103,4.0703125,-37,-1.0947265625,-109,-3.623046875
5.5793,-92,-2.302734375,-103,4.0703125,-43,-0.52490234375,-100,-3.11328125
5.5917,-104,4.140625,-97,4.07421875,-43,-0.52490234375,-100,-3.11328125
5.5988,-104,4.140625,-97,4.07421875,-44,1.603515625,-95,4.30078125
5.6150,-90,4.328125,-90,4.80859375,-44,1.603515625,-95,4.30078125
5.6225,-90,4.328125,-90,4.80859375,-51,-0.771484375,-88,-3.458984375
5.6369,-90,-0.875,-89,-1.7412109375,-51,-0.771484375,-84,-1.8876953125
5.6418,-90,-0.875,-87,-1.5859375,-67,-0.71044921875,-84,-1.8876953125
5.6489,-84,-0.8046875,-87,-1.5859375,-67,-0.71044921875,-84,-1.8876953125
5.6643,-84,-0.8046875,-87,-1.5859375,-67,-0.71044921875,-79,-2.11328125
5.6769,-78,-0.890625,-80,-0.86572265625,-60,-0.305908203125,-74,-1.7890625
5.6835,-69,-1.0263671875,-72,-0.68115234375,-62,-0.480224609375,-74,-1.7890625
5.6951,-69,-1.0263671875,-72,-0.68115234375,-62,-0.480224609375,-71,-1.9892578125
5.7041,-69,-1.0263671875,-68,-0.495361328125,-57,-0.59130859375,-71,-1.9892578125
5.7151,-62,-0.66650390625,-68,-0.495361328125,-57,-0.59130859375,-68,-1.7744140625
5.7285,-69,-0.8720703125,-65,-0.75634765625,-53,-0.339599609375,-68,-1.7744140625
5.7371,-69,-0.8720703125,-65,-0.75634765625,-53,-0.339599609375,-61,-1.4443359375
5.7434,-62,-0.434814453125,-61,-0.46484375,-68,-0.191650390625,-61,-1.4443359375
5.7575,-62,-0.434814453125,-61,-0.46484375,-68,-0.191650390625,-58,-1.404296875
5.7672,-62,-0.434814453125,-59,-0.205810546875,-62,-0.3427734375,-58,-1.404296875
5.7750,-55,2.896484375,-59,-0.205810546875,-62,-0.3427734375,-56,0.125732421875
5.7855,-55,2.896484375,-53,0.52001953125,-7,4.29296875,-56,0.125732421875
5.7978,-55,0.65380859375,-53,0.52001953125,-7,4.29296875,-54,0.387939453125
5.8024,-55,0.65380859375,-55,2.37890625,-33,3.291015625,-54,0.387939453125
5.8182,-58,1.42578125,-55,2.37890625,-33,3.291015625,-55,1.3701171875
5.8293,-58,1.42578125,-62,0.33056640625,-32,2.80859375,-55,1.3701171875
5.8370,-62,0.755859375,-62,0.33056640625,-32,2.80859375,-55,1.3701171875
5.8500,-62,0.755859375,-53,1.8173828125,-37,2.62890625,-52,2.017578125
5.8570,-5,6.7890625,-53,1.8173828125,-37,2.62890625,-52,2.017578125
5.8710,-5,6.7890625,-50,2.396484375,-40,3.177734375,-51,3.20703125
5.8779,-34,3.091796875,-50,2.396484375,-40,3.177734375,-51,3.20703125
5.8901,-34,3.091796875,-56,2.056640625,-47,2.392578125,-58,1.4208984375
5.8945,-33,3.310546875,-56,2.056640625,-47,2.392578125,-52,2.744140625
5.9057,-33,3.310546875,-56,2.056640625,-53,2.39453125,-52,2.744140625
5.9190,-52,1.650390625,-52,2.341796875,-53,2.39453125,-52,2.744140625
5.9260,-52,1.650390625,-52,2.341796875,-53,2.72265625,-59,2.0234375
5.9402,-40,4.28125,-63,1.4033203125,-53,2.72265625,-59,2.0234375
5.9517,-40,4.28125,-63,1.4033203125,-52,2.751953125,-59,2.255859375
5.9601,-45,3.71484375,-56,3.15625,-52,2.751953125,-59,2.255859375
5.9721,-45,3.71484375,-56,3.15625,-60,2.07421875,-65,1.7880859375
5.9804,-51,3.1953125,-69,1.0166015625,-60,2.07421875,-65,1.7880859375
5.9878,-51,3.1953125,-69,1.0166015625,-60,2.802734375,-62,2.33984375
6.0000,-54,2.916015625,-61,2.4375,-60,2.802734375,-62,2.33984375
6.0080,-54,2.916015625,-61,2.4375,-63,1.349609375,-71,0.97509765625
6.0216,-60,1.9072265625,-67,1.0029296875,-63,1.349609375,-64,2.041015625
6.0285,-60,1.9072265625,-67,1.0029296875,-68,1.2041015625,-64,2.041015625
6.0417,-65,0.75146484375,-70,0.5009765625,-68,1.2041015625,-64,2.041015625
6.0455,-65,0.75146484375,-70,0.5009765625,-68,0.27783203125,-72,0.62451171875
6.0622,-65,0.52734375,-66,0.280029296875,-68,0.27783203125,-72,0.62451171875
6.0691,-65,0.52734375,-66,0.280029296875,-63,0.23974609375,-66,0.10687255859375
6.0798,-59,-0.264892578125,-63,-0.8359375,-63,0.23974609375,-66,0.10687255859375
6.0939,-59,-0.264892578125,-63,-0.8359375,-62,1.3701171875,-68,-2.134765625
6.1002,-63,1.025390625,-69,2.158203125,-62,1.3701171875,-68,-2.134765625
6.1073,-63,1.025390625,-69,2.158203125,-59,1.65234375,-69,-1.8701171875
6.1221,-58,1.2490234375,-65,1.7998046875,-59,1.65234375,-69,-1.8701171875
6.1292,-58,1.2490234375,-65,1.7998046875,-59,1.65234375,-67,-1.7724609375
6.1440,-74,4.7578125,-61,2.263671875,-76,4.8828125,-67,-1.7724609375
6.1547,-74,4.7578125,-61,2.263671875,-76,4.8828125,-63,-2.568359375
6.1699,-4,-0.91357421875,-61,-0.71728515625,-67,-0.423583984375,-59,-1.5126953125
6.1824,-16,-0.337890625,-62,-0.368896484375,-66,-0.27001953125,-59,-1.5126953125
6.1908,-16,-0.337890625,-62,-0.368896484375,-66,-0.27001953125,-55,-1.14453125
6.2022,-24,-0.356689453125,-51,-0.048675537109375,-4,-0.276123046875,-55,-1.14453125
6.2190,-24,-0.356689453125,-49,-0.3603515625,-15,-0.333740234375,-52,-1.1650390625
6.2252,-28,-0.432373046875,-49,-0.3603515625,-15,-0.333740234375,-47,-0.8623046875
6.2364,-32,-0.400390625,-43,-0.92431640625,-18,-0.17041015625,-47,-0.8623046875
6.2446,-32,-0.400390625,-43,-0.92431640625,-18,-0.17041015625,-44,-1.00390625
6.2558,-32,-0.382568359375,-41,-0.35205078125,-23,-0.141357421875,-44,-1.00390625
6.2632,-32,-0.382568359375,-41,-0.35205078125,-23,-0.141357421875,-42,-0.82373046875
6.2754,-32,-0.382568359375,-41,-0.39404296875,-28,0.1053466796875,-42,-0.82373046875
6.2853,-34,0.4052734375,-41,-0.39404296875,-28,0.1053466796875,-40,-0.7236328125
6.2950,-34,0.4052734375,-39,0.1253662109375,-29,0.10528564453125,-40,-0.7236328125
6.3053,7,-0.322509765625,-39,0.1253662109375,-29,0.10528564453125,-40,-0.7236328125
6.3135,-9,-0.3037109375,0,-0.02618408203125,5,0.1732177734375,-5,-0.6826171875
6.3237,-9,-0.3037109375,0,-0.02618408203125,5,0.1732177734375,-12,-0.403076171875
6.3348,-9,-0.3037109375,0,-0.02618408203125,-12,0.1256103515625,-12,-0.403076171875
6.3442,-13,0.174072265625,-13,-0.5322265625,-12,0.1256103515625,0,-0.32421875
6.3553,-13,0.174072265625,-11,-0.363525390625,-12,0.10467529296875,0,-0.32421875
6.3638,-6,0.2332763671875,-11,-0.363525390625,-12,0.10467529296875,0,-0.32421875
6.3748,-6,0.2332763671875,-1,0.3564453125,-7,0.0875244140625,0,-0.253173828125
6.3854,-2,0.1759033203125,-1,0.3564453125,-7,0.0875244140625,0,-0.253173828125
6.3945,-2,0.1759033203125,-1,0.3564453125,-3,0.052581787109375,-12,-0.5712890625
6.4031,-14,0.32958984375,0,0.51416015625,-3,0.052581787109375,-12,-0.5712890625
6.4151,-14,0.32958984375,0,0.51416015625,-1,0.056640625,-15,-0.167724609375
6.4234,-18,0.110107421875,-4,0.375732421875,-1,0.056640625,-15,-0.167724609375
6.4363,-18,0.110107421875,-4,0.375732421875,-17,0.0859375,0,-0.308837890625
6.4453,0,0.1368408203125,-16,-0.07806396484375,-17,0.0859375,0,-0.308837890625
6.4567,0,0.1368408203125,-16,-0.07806396484375,1,0.026824951171875,0,0.036895751953125
6.4652,0,0.1248779296875,-10,-0.278564453125,1,0.026824951171875,0,0.036895751953125
6.4761,0,0.1248779296875,-10,-0.278564453125,1,-0.0283050537109375,0,-0.12255859375
6.4865,0,0.01056671142578125,-3,-0.243408203125,1,-0.0283050537109375,0,-0.12255859375
6.4960,0,0.01056671142578125,-3,-0.243408203125,1,-0.0283050537109375,0,0.1864013671875
6.5051,0,-0.12030029296875,0,0.818359375,0,-0.0310211181640625,0,0.1864013671875
6.5158,0,-0.12030029296875,0,0.818359375,0,0.06005859375,0,-0.098388671875
6.5238,0,-0.0113067626953125,0,0.2587890625,0,0.06005859375,0,-0.098388671875
6.5338,0,-0.0113067626953125,0,0.2587890625,0,-0.0802001953125,0,0.173583984375
6.5435,0,-0.05816650390625,0,0.089599609375,0,-0.0802001953125,0,0.173583984375
6.5546,0,-0.05816650390625,0,0.089599609375,0,-0.0802001953125,0,0.055419921875
6.5632,0,0.200927734375,0,0.08642578125,0,-0.044647216796875,0,0.055419921875
6.5741,0,0.200927734375,0,0.08642578125,0,-0.044647216796875,0,0.22412109375
6.5861,0,-0.133056640625,0,-0.77685546875,0,-0.0248565673828125,0,0.22412109375
6.5898,0,-0.133056640625,0,-0.77685546875,0,0.034393310546875,0,-0.0123291015625
6.6059,0,0.28662109375,4,-0.1397705078125,0,0.034393310546875,0,-0.0123291015625
6.6093,0,0.28662109375,4,-0.1397705078125,0,-0.058319091796875,0,0.281982421875
6.6206,0,0.10992431640625,17,0.384033203125,0,-0.058319091796875,0,0.281982421875
6.6303,0,0.10992431640625,17,0.384033203125,10,-0.06146240234375,0,0.12548828125
6.6482,0,0.27978515625,0,0.215087890625,10,-0.06146240234375,0,0.12548828125
6.6566,0,0.27978515625,0,0.215087890625,17,-0.0814208984375,0,0.271728515625
6.6675,0,-0.1043701171875,0,0.058258056640625,17,-0.0814208984375,0,0.271728515625
6.6752,0,-0.1043701171875,0,0.058258056640625,2,0.012542724609375,0,0.1842041015625
6.6840,0,-0.098876953125,0,-0.48486328125,2,0.012542724609375,0,0.1842041015625
6.6991,0,-0.098876953125,0,-0.48486328125,2,0.012542724609375,0,-0.219970703125
6.7050,0,-0.0222625732421875,0,0.111083984375,1,0.07562255859375,0,-0.219970703125
6.7183,0,-0.0222625732421875,0,0.111083984375,1,0.07562255859375,0,-0.177978515625
6.7298,0,0.0168914794921875,0,0.28662109375,0,-0.0341796875,0,-0.177978515625
6.7384,0,0.0168914794921875,0,0.28662109375,0,-0.0341796875,0,0.037139892578125
6.7437,0,-0.07574462890625,0,0.1138916015625,0,-0.044281005859375,0,0.037139892578125
6.7587,0,-0.07574462890625,0,0.1138916015625,0,-0.044281005859375,0,0.1236572265625
6.7645,0,-0.0831298828125,0,0.494140625,0,0.01436614990234375,0,0.1236572265625
6.7782,0,-0.0831298828125,0,0.494140625,0,0.01436614990234375,0,-0.30615234375
6.7843,0,0.2227783203125,0,0.2421875,0,0.035400390625,0,-0.30615234375
6.7940,0,0.2227783203125,0,0.2421875,0,0.035400390625,0,-0.197021484375
6.8066,0,0.1790771484375,0,0.2421875,0,-0.03216552734375,0,-0.197021484375
6.8147,0,0.1790771484375,0,0.293701171875,0,-0.03216552734375,0,-0.07989501953125
6.8263,0,0.1790771484375,0,0.293701171875,0,0.0099334716796875,0,-0.07989501953125
6.8383,0,0.1307373046875,0,0.189208984375,0,0.0099334716796875,0,0.11383056640625
6.8458,0,0.1307373046875,0,0.189208984375,0,0.040802001953125,0,0.11383056640625
6.8541,0,0.2047119140625,0,0.35986328125,0,0.040802001953125,0,-0.0309295654296875
6.8656,0,-0.290771484375,0,0.35986328125,0,0.0303192138671875,0,-0.0309295654296875
6.8734,0,-0.290771484375,0,0.18115234375,0,0.0303192138671875,0,0.196044921875
6.8823,0,0.371337890625,0,0.18115234375,0,0.03228759765625,0,0.196044921875
6.8960,0,0.371337890625,0,-0.076904296875,0,0.03228759765625,0,0.07525634765625
6.9017,0,0.06640625,0,-0.076904296875,0,0.0291748046875,0,0.07525634765625
6.9116,0,0.06640625,0,0.428466796875,0,0.0291748046875,0,0.0538330078125
6.9252,0,0.06640625,0,0.428466796875,0,-0.0386962890625,0,0.0538330078125
6.9323,0,-0.13427734375,0,-0.265625,0,-0.0386962890625,0,0.2237548828125
6.9456,0,-0.13427734375,0,-0.265625,0,-0.031402587890625,0,0.2237548828125
6.9569,0,0.0626220703125,0,0.343017578125,0,-0.031402587890625,0,-0.1837158203125
6.9671,0,0.0626220703125,0,0.343017578125,0,-0.04364013671875,0,-0.1837158203125
6.9745,0,-0.049041748046875,0,-0.04107666015625,0,-0.04364013671875,0,0.01110076904296875
6.9830,0,0.07745361328125,0,-0.140625,0,0.08966064453125,0,0.01110076904296875
6.9968,0,0.07745361328125,0,-0.140625,0,0.08966064453125,0,0.1480712890625
7.0025,0,0.07745361328125,0,-0.140625,0,0.03369140625,0,0.1480712890625
7.0142,0,0.10601806640625,0,-0.4599609375,0,0.03369140625,0,-0.23876953125
7.0228,0,0.10601806640625,0,-0.4599609375,0,-0.03790283203125,0,-0.23876953125
7.0360,0,0.059814453125,0,-0.101318359375,0,-0.03790283203125,0,-0.315185546875
7.0450,0,0.059814453125,0,-0.101318359375,0,-0.01568603515625,0,-0.315185546875
7.0578,0,-0.2467041015625,0,0.339111328125,0,-0.01568603515625,0,-0.315185546875
7.0665,0,-0.2467041015625,0,0.339111328125,0,-0.01568603515625,0,-0.181884765625
7.0737,0,0.14501953125,0,-0.03973388671875,0,0.049102783203125,0,0.15478515625
7.0857,0,0.14501953125,0,-0.03973388671875,0,-0.048065185546875,0,0.15478515625
7.0947,0,0.116943359375,0,0.1593017578125,0,-0.048065185546875,0,0.07830810546875
7.1064,0,0.116943359375,0,0.1593017578125,0,-0.007175445556640625,0,0.07830810546875
7.1177,0,0.2464599609375,0,0.35986328125,0,-0.007175445556640625,0,0.07830810546875
7.1226,0,0.2464599609375,0,0.35986328125,0,-0.03143310546875,0,0.1419677734375
7.1392,0,0.1622314453125,0,0.59716796875,0,-0.03143310546875,0,0.1419677734375
7.1439,0,0.1622314453125,0,0.59716796875,0,-0.03350830078125,0,0.0421142578125
7.1564,0,-0.11962890625,0,0.332763671875,0,-0.03350830078125,0,0.0421142578125
7.1618,0,-0.11962890625,0,0.332763671875,0,-0.06390380859375,0,0.205322265625
7.1758,0,0.30419921875,0,0.4501953125,0,-0.06390380859375,0,0.205322265625
7.1844,0,0.30419921875,0,0.4501953125,0,-0.06390380859375,0,0.15576171875
7.1962,0,0.1092529296875,0,0.3525390625,0,-0.0194091796875,0,0.15576171875
7.2041,0,0.1092529296875,0,0.3525390625,0,-0.0194091796875,0,0.170166015625
7.2120,0,-0.12152099609375,0,-0.5283203125,0,0.05950927734375,0,0.170166015625
7.2235,0,-0.12152099609375,0,-0.5283203125,0,0.05950927734375,0,-0.2227783203125
7.2354,0,0.09527587890625,0,0.42724609375,0,0.033966064453125,0,-0.2227783203125
7.2432,0,0.09527587890625,0,0.42724609375,0,0.033966064453125,0,0.180908203125
7.2554,0,0.07550048828125,0,-0.44140625,0,-0.0254974365234375,0,0.180908203125
7.2687,0,0.07550048828125,0,-0.44140625,0,-0.0254974365234375,0,-0.21484375
7.2734,0,-0.252197265625,0,0.271240234375,0,0.062164306640625,0,-0.21484375
7.2883,0,-0.252197265625,0,0.271240234375,0,0.062164306640625,0,0.1048583984375
7.2931,0,0.1568603515625,0,0.11737060546875,0,-0.06268310546875,0,0.1048583984375
7.3033,0,0.1568603515625,0,0.11737060546875,0,-0.06268310546875,0,0.09912109375
7.3127,0,0.167236328125,0,-0.49072265625,0,0.009490966796875,0,0.09912109375
7.3251,0,0.167236328125,0,-0.49072265625,0,0.009490966796875,0,-0.301025390625
7.3323,0,0.08233642578125,0,-0.61474609375,0,0.0380859375,0,-0.301025390625
7.3472,0,0.08233642578125,0,-0.61474609375,0,0.0380859375,0,-0.1900634765625
7.3545,0,0.08233642578125,0,-0.61474609375,0,0.01593017578125,0,-0.1900634765625
7.3614,0,0.1534423828125,0,-0.640625,0,0.01593017578125,0,-0.046142578125
7.3739,0,0.1534423828125,0,-0.640625,0,0.06695556640625,0,-0.046142578125
7.3815,0,0.0836181640625,0,0.3447265625,0,0.06695556640625,0,0.11212158203125
7.3923,0,0.0836181640625,0,0.237060546875,0,-0.043792724609375,0,0.11212158203125
7.4022,0,0.1552734375,0,0.237060546875,0,-0.043792724609375,0,0.11212158203125
7.4125,0,0.1552734375,0,-0.39453125,0,0.054718017578125,0,0.058074951171875
7.4269,0,0.1622314453125,0,-0.39453125,0,0.054718017578125,0,0.1488037109375
7.4353,0,0.1622314453125,0,0.329833984375,0,0.0142822265625,0,0.1488037109375
7.4437,0,0.336669921875,0,0.329833984375,0,0.0142822265625,0,0.1488037109375
7.4567,0,0.336669921875,0,0.275390625,0,-0.05255126953125,0,0.15283203125
7.4633,0,0.10272216796875,0,0.275390625,0,-0.05255126953125,0,0.15283203125
7.4765,0,0.10272216796875,0,0.275390625,0,0.037445068359375,0,0.0809326171875
7.4855,0,-0.1773681640625,0,0.2301025390625,0,0.037445068359375,0,0.0809326171875
7.4961,0,-0.1773681640625,0,0.2301025390625,0,0.098876953125,0,-0.0259857177734375
7.5056,0,-0.123046875,0,-0.8115234375,0,0.098876953125,0,-0.0259857177734375
7.5139,0,-0.123046875,0,-0.8115234375,0,0.098876953125,0,-0.065185546875
7.5266,0,0.046875,0,0.378662109375,0,0.026397705078125,0,-0.065185546875
7.5336,0,0.046875,0,0.378662109375,0,0.026397705078125,0,-0.17138671875
7.5417,0,-0.2081298828125,0,0.328125,0,-0.03955078125,0,-0.17138671875
7.5534,0,-0.2081298828125,0,0.328125,0,0.08563232421875,0,-0.09747314453125
7.5664,0,-0.0469970703125,0,-0.65771484375,0,0.08563232421875,0,-0.09747314453125
7.5702,0,-0.0469970703125,0,-0.65771484375,0,-0.00209808349609375,0,0.1458740234375
7.5838,0,0.1546630859375,0,-0.962890625,0,-0.00209808349609375,0,0.1458740234375
7.5966,0,0.1546630859375,0,-0.962890625,0,-0.047149658203125,0,0.11492919921875
7.6047,0,0.33935546875,0,0.1397705078125,0,-0.047149658203125,0,0.11492919921875
7.6164,0,0.33935546875,0,0.1397705078125,0,0.0423583984375,0,0.208251953125
7.6256,0,0.09521484375,0,0.09686279296875,0,0.0423583984375,0,0.208251953125
7.6312,0,0.09521484375,0,0.09686279296875,0,-0.043670654296875,0,0.08917236328125
7.6394,0,0.100830078125,0,-0.5576171875,0,-0.043670654296875,0,0.08917236328125
7.6617,0,0.100830078125,0,-0.5576171875,0,0.025848388671875,0,-0.08734130859375
7.6735,0,0.043304443359375,0,-0.7236328125,0,0.025848388671875,0,-0.2783203125
7.6859,0,-0.276611328125,0,0.419189453125,0,-0.0208587646484375,0,-0.2783203125
7.6931,0,-0.276611328125,0,0.419189453125,0,-0.0208587646484375,0,0.22021484375
7.6997,0,-0.276611328125,0,0.419189453125,0,-0.01482391357421875,0,0.22021484375
7.7111,0,0.042327880859375,0,0.18798828125,0,-0.01482391357421875,0,0.22021484375
7.7205,0,0.042327880859375,0,0.18798828125,0,-0.01482391357421875,0,0.1815185546875
7.7292,0,0.1859130859375,0,0.1490478515625,0,-0.01267242431640625,0,0.1815185546875
7.7410,0,0.1859130859375,0,0.1490478515625,0,-0.052154541015625,0,-0.259033203125
7.7531,0,0.1859130859375,0,0.4228515625,0,-0.052154541015625,0,-0.259033203125
7.7601,0,0.1864013671875,0,0.4228515625,0,-0.04547119140625,0,-0.25732421875
7.7687,0,0.138427734375,0,0.1290283203125,0,-0.04547119140625,0,-0.25732421875
7.7824,0,0.138427734375,0,0.1290283203125,0,-0.04547119140625,0,0.1407470703125
7.7900,0,0.16552734375,0,-0.75341796875,0,0.031982421875,0,0.1407470703125
7.8001,0,0.16552734375,0,-0.75341796875,0,0.02899169921875,0,-0.04852294921875
7.8119,0,0.05426025390625,0,0.144287109375,0,0.02899169921875,0,-0.04852294921875
7.8201,0,0.05426025390625,0,0.144287109375,0,0.059539794921875,0,0.144287109375
7.8315,0,0.05426025390625,0,0.07208251953125,0,0.059539794921875,0,0.144287109375
7.8405,0,-0.041107177734375,0,0.07208251953125,0,0.059539794921875,0,-0.251953125
7.8502,0,-0.041107177734375,0,0.51220703125,0,0.029815673828125,0,-0.251953125
7.8607,0,0.1275634765625,0,0.51220703125,0,0.029815673828125,0,0.196533203125
7.8746,0,0.1275634765625,0,0.51220703125,0,-0.031951904296875,0,0.196533203125
7.8782,0,0.11895751953125,0,-0.10980224609375,0,0.018218994140625,0,0.177978515625
7.8916,0,-0.156494140625,0,0.49169921875,0,0.018218994140625,0,0.177978515625
7.9002,0,-0.156494140625,0,0.49169921875,0,0.018218994140625,0,-0.041412353515625
7.9110,0,-0.156494140625,0,-0.64208984375,0,-0.0299072265625,0,-0.041412353515625
7.9213,0,0.32861328125,0,-0.64208984375,0,-0.0299072265625,0,0.1123046875
7.9310,0,0.32861328125,0,-0.64208984375,0,0.029693603515625,0,0.1123046875
7.9419,0,-0.1329345703125,0,0.06878662109375,0,0.029693603515625,0,-0.07501220703125
7.9531,0,-0.1329345703125,0,0.06878662109375,0,-0.0498046875,0,-0.07501220703125
7.9641,0,-0.1541748046875,0,0.1734619140625,0,-0.0498046875,0,0.1341552734375
7.9741,0,-0.1541748046875,0,0.1734619140625,0,-0.039459228515625,0,0.1341552734375
7.9813,0,0.08721923828125,0,-0.5751953125,0,-0.039459228515625,0,-0.053985595703125
7.9922,0,0.08721923828125,0,-0.5751953125,0,0.07562255859375,0,-0.053985595703125
8.0005,0,0.16015625,0,0.295166015625,0,0.07562255859375,0,0.07952880859375
8.0119,0,0.16015625,0,0.295166015625,0,0.060821533203125,0,0.07952880859375
8.0215,0,-0.054901123046875,0,0.04071044921875,0,0.060821533203125,0,-0.09014892578125
8.0339,0,-0.054901123046875,0,0.04071044921875,0,-0.0261383056640625,0,-0.09014892578125
8.0430,0,0.08990478515625,0,-0.90625,0,-0.0261383056640625,0,0.12481689453125
8.0514,0,0.08990478515625,0,-0.90625,0,-0.05487060546875,0,0.12481689453125
8.0598,0,-0.1064453125,0,0.28662109375,0,-0.05487060546875,0,0.0982666015625
8.0711,0,-0.1064453125,0,0.28662109375,0,0.003955841064453125,0,0.0982666015625
8.0796,0,0.1085205078125,0,-0.7578125,0,0.003955841064453125,0,-0.308349609375
8.0906,0,0.1085205078125,0,-0.7578125,0,-0.03619384765625,0,-0.308349609375
8.0992,0,0.1566162109375,0,0.246337890625,0,-0.03619384765625,0,-0.1883544921875
8.1099,0,0.1566162109375,0,0.246337890625,0,-0.041412353515625,0,-0.1883544921875
8.1182,0,-0.1710205078125,0,0.398193359375,0,-0.041412353515625,0,0.09088134765625
8.1296,0,-0.1710205078125,0,0.398193359375,0,0.04766845703125,0,0.09088134765625
8.1401,0,-0.2105712890625,0,0.42333984375,0,0.04766845703125,0,0.09088134765625
8.1513,0,-0.2105712890625,0,0.42333984375,0,-0.0195770263671875,0,0.0859375
8.1595,0,-0.05621337890625,0,-0.2176513671875,0,-0.0195770263671875,0,0.0859375
8.1737,0,-0.05621337890625,0,-0.2176513671875,0,0.061126708984375,0,0.12451171875
8.1813,0,-0.1165771484375,0,-0.2115478515625,0,0.061126708984375,0,0.12451171875
8.1917,0,-0.1165771484375,0,-0.2115478515625,0,-0.05926513671875,0,-0.0281524658203125
8.1998,0,-0.1505126953125,0,0.158447265625,0,-0.05926513671875,0,-0.0281524658203125
8.2106,0,-0.1505126953125,0,0.158447265625,0,0.050048828125,0,0.2144775390625
8.2196,0,0.136962890625,0,-0.728515625,0,0.050048828125,0,0.2144775390625
8.2325,0,0.136962890625,0,-0.728515625,0,-0.05828857421875,0,-0.1734619140625
8.2391,0,-0.042938232421875,0,0.335693359375,0,-0.05828857421875,0,-0.1734619140625
8.2524,0,-0.042938232421875,0,0.335693359375,0,-0.01016998291015625,0,0.16796875
8.2586,0,0.15380859375,0,-0.6416015625,0,-0.01016998291015625,0,0.16796875
8.2712,0,0.15380859375,0,-0.6416015625,0,0.035858154296875,0,-0.2303466796875
8.2791,0,-0.0298614501953125,0,0.33203125,0,0.035858154296875,0,-0.2303466796875
8.2915,0,-0.0298614501953125,0,0.33203125,0,0.035858154296875,0,0.144287109375
8.2980,0,0.166748046875,0,-0.42333984375,0,0.013458251953125,0,0.144287109375
8.3096,0,0.166748046875,0,-0.42333984375,0,0.037506103515625,0,0.05950927734375
8.3186,0,0.1383056640625,0,0.411376953125,0,0.037506103515625,0,0.05950927734375
8.3301,0,0.1383056640625,0,0.411376953125,0,0.01338958740234375,0,0.13623046875
8.3379,0,0.1318359375,0,0.1934814453125,0,0.01338958740234375,0,0.13623046875
8.3495,0,0.1318359375,0,0.1934814453125,0,0.01338958740234375,0,0.0433349609375
8.3580,0,0.2108154296875,0,-0.0249481201171875,0,-0.05859375,0,0.0433349609375
8.3699,0,0.2108154296875,0,-0.0249481201171875,0,-0.05859375,0,-0.1414794921875
8.3799,0,0.2108154296875,0,-0.0249481201171875,0,0.022491455078125,0,-0.1414794921875
8.3888,0,0.11041259765625,0,-0.46533203125,0,-0.01052093505859375,0,0.142822265625
8.3997,0,0.1580810546875,0,-0.07232666015625,0,-0.01052093505859375,0,0.142822265625
8.4088,0,0.1580810546875,0,-0.07232666015625,0,-0.01052093505859375,0,0.1590576171875
8.4176,0,0.0391845703125,0,-0.07232666015625,0,0.12384033203125,0,0.1590576171875
8.4293,0,0.0391845703125,0,-0.70703125,0,0.12384033203125,0,0.0175933837890625
8.4385,0,0.0391845703125,0,-0.70703125,0,-0.07012939453125,0,0.0175933837890625
8.4492,0,0.038543701171875,0,0.11248779296875,0,-0.07012939453125,0,0.1494140625
8.4584,0,0.038543701171875,0,0.11248779296875,0,-0.0230865478515625,0,0.1494140625
8.4702,0,0.1732177734375,0,-0.8193359375,0,-0.0230865478515625,0,0.11322021484375
8.4793,0,0.1279296875,0,-0.8193359375,0,-0.04144287109375,0,0.11322021484375
8.4902,0,0.1279296875,0,0.1632080078125,0,-0.04144287109375,0,-0.2158203125
8.4987,0,0.1279296875,0,0.1632080078125,0,-0.033477783203125,0,-0.2158203125
8.5051,0,0.06829833984375,0,0.285888671875,0,-0.033477783203125,0,-0.061767578125
8.5182,0,0.06829833984375,0,0.285888671875,0,0.050201416015625,0,-0.061767578125
8.5295,0,-0.180908203125,0,-0.045013427734375,0,0.050201416015625,0,-0.061767578125
8.5359,0,0.11663818359375,0,-0.045013427734375,0,0.0174713134765625,0,-0.01555633544921875
8.5492,0,0.11663818359375,0,0.35986328125,0,0.0174713134765625,0,0.11865234375
8.5575,0,0.11663818359375,0,0.35986328125,0,0.03240966796875,0,0.11865234375
8.5674,0,0.307861328125,0,0.37646484375,0,0.03240966796875,0,-0.236328125
8.5781,0,0.307861328125,0,0.37646484375,0,-0.0127716064453125,0,-0.236328125
8.5893,0,0.06585693359375,0,0.41015625,0,-0.0127716064453125,0,-0.236328125
8.6410,0,0.06585693359375,0,0.41015625,0,0.06304931640625,0,0.1734619140625
8.6418,0,0.1497802734375,0,-0.052886962890625,0,0.06304931640625,0,0.1734619140625
8.6422,0,0.1497802734375,0,-0.052886962890625,0,-0.045196533203125,0,-0.041595458984375
8.6426,0,0.06634521484375,0,0.25341796875,0,-0.045196533203125,0,-0.041595458984375
8.6431,0,0.06634521484375,0,0.25341796875,0,-0.033905029296875,0,-0.25634765625
8.6479,0,0.1351318359375,0,0.441650390625,0,-0.033905029296875,0,-0.25634765625
8.6593,0,0.1351318359375,0,0.441650390625,0,0.0330810546875,0,-0.222412109375
8.6717,0,0.029052734375,0,0.309814453125,0,0.0330810546875,0,-0.222412109375
8.6784,0,0.029052734375,0,0.309814453125,0,0.0465087890625,0,0.1563720703125
8.6898,0,0.1058349609375,0,0.1295166015625,0,0.0465087890625,0,0.1563720703125
8.6974,0,0.1058349609375,0,0.1295166015625,0,-0.0345458984375,0,0.2301025390625
8.7101,0,-0.1292724609375,0,-0.51806640625,0,-0.0345458984375,0,0.2301025390625
8.7212,0,-0.1292724609375,0,-0.51806640625,0,-0.053741455078125,0,0.1177978515625
8.7303,0,-0.142333984375,0,-0.323486328125,0,-0.053741455078125,0,0.1177978515625
8.7392,0,-0.142333984375,0,-0.323486328125,0,0.06988525390625,0,0.23046875
8.7480,0,-0.31396484375,0,-0.08770751953125,0,0.06988525390625,0,0.23046875
8.7586,0,-0.31396484375,0,-0.08770751953125,0,-0.037445068359375,0,-0.232666015625
8.7738,0,-0.134521484375,0,-0.08770751953125,0,-0.037445068359375,0,-0.232666015625
8.7769,0,-0.134521484375,0,-0.115966796875,0,0.030731201171875,0,-0.1358642578125
8.7908,0,0.1656494140625,0,0.12451171875,0,0.030731201171875,0,-0.1358642578125
8.7991,0,0.1656494140625,0,0.12451171875,0,0.030731201171875,0,-0.12164306640625
8.8056,0,-0.024749755859375,0,-0.498046875,0,-0.0614013671875,0,-0.12164306640625
8.8189,0,-0.024749755859375,0,-0.498046875,0,-0.03179931640625,0,0.047760009765625
8.8297,0,0.272216796875,0,-0.498046875,0,-0.03179931640625,0,0.047760009765625
8.8364,0,0.272216796875,0,-0.6943359375,0,-0.0299224853515625,0,0.052978515625
8.8496,0,0.1595458984375,0,-0.6943359375,0,-0.0299224853515625,0,0.052978515625
8.8580,0,0.1595458984375,0,0.35498046875,0,-0.0299224853515625,0,0.1563720703125
8.8652,0,0.1292724609375,0,0.1416015625,0,-0.036224365234375,0,0.1563720703125
8.8788,0,0.1292724609375,0,0.1416015625,0,-0.036224365234375,0,0.140625
8.8898,0,-0.08758544921875,0,0.1416015625,0,0.050872802734375,0,0.140625
8.8986,0,-0.08758544921875,0,-0.066650390625,0,0.050872802734375,0,0.2071533203125
8.9103,0,0.07513427734375,0,-0.066650390625,0,0.07720947265625,0,0.2071533203125
8.9189,0,0.07513427734375,0,-0.3681640625,0,0.07720947265625,0,0.10076904296875
8.9268,0,-0.0721435546875,0,-0.3681640625,0,0.0088043212890625,0,0.10076904296875
8.9387,0,-0.0721435546875,0,-0.0258331298828125,0,0.0088043212890625,0,0.10650634765625
8.9498,0,-0.0721435546875,0,-0.0258331298828125,0,0.02838134765625,0,0.10650634765625
8.9559,0,0.045623779296875,0,-0.1143798828125,0,0.02838134765625,0,0.08013916015625
8.9710,0,0.1318359375,0,-0.1143798828125,0,0.05865478515625,0,0.08013916015625
8.9791,0,0.1318359375,0,-0.318603515625,0,0.05865478515625,0,0.08013916015625
8.9855,0,-0.1746826171875,0,-0.318603515625,0,0.03192138671875,0,-0.234375
8.9988,0,-0.1746826171875,0,-0.6064453125,0,0.03192138671875,0,-0.04913330078125
9.0100,0,-0.1746826171875,0,-0.6064453125,0,0.0273895263671875,0,-0.04913330078125
9.0177,0,-0.11566162109375,0,0.30078125,0,0.0273895263671875,0,0.1690673828125
9.0299,0,-0.11566162109375,0,0.30078125,0,-0.039337158203125,0,0.1690673828125
9.0387,0,0.1234130859375,0,0.0308685302734375,0,-0.039337158203125,0,0.1690673828125
9.0447,0,-0.10675048828125,0,0.0308685302734375,0,-0.0172119140625,0,-0.2398681640625
9.0582,0,-0.10675048828125,0,-0.258056640625,0,-0.0172119140625,0,-0.2398681640625
9.0706,0,-0.10675048828125,0,-0.258056640625,0,-0.0280303955078125,0,0.138671875
9.0793,0,-0.18603515625,0,0.336181640625,0,-0.0280303955078125,0,0.138671875
9.0898,0,-0.18603515625,0,0.336181640625,0,0.03564453125,0,0.1260986328125
9.0986,0,0.06683349609375,0,-0.7548828125,0,0.03564453125,0,0.1260986328125
9.1101,0,0.06683349609375,0,-0.7548828125,0,-0.0789794921875,0,0.140380859375
9.1185,0,0.1357421875,0,0.1890869140625,0,-0.0789794921875,0,0.140380859375
9.1293,0,0.1357421875,0,0.1890869140625,0,-0.040863037109375,0,-0.13525390625
9.1384,0,0.302978515625,0,0.2310791015625,0,-0.040863037109375,0,-0.13525390625
9.1491,0,0.302978515625,0,0.2310791015625,0,-0.07489013671875,0,0.0701904296875
9.1590,0,0.2362060546875,0,-0.46337890625,0,-0.07489013671875,0,0.0701904296875
9.1728,0,0.2362060546875,0,-0.46337890625,0,-0.0022449493408203125,0,-0.248779296875
9.1793,0,0.0963134765625,0,-0.1810302734375,0,-0.0022449493408203125,0,-0.248779296875
9.1921,0,0.0963134765625,0,-0.1810302734375,0,-0.00690460205078125,0,-0.02947998046875
9.1973,0,-0.07525634765625,0,-0.06634521484375,0,-0.00690460205078125,0,-0.02947998046875
9.2100,0,-0.07525634765625,0,-0.06634521484375,0,-0.08551025390625,0,0.1583251953125
9.2225,0,0.1473388671875,0,-0.06634521484375,0,-0.08551025390625,0,0.1583251953125
9.2304,0,0.1473388671875,0,0.0230255126953125,0,0.01526641845703125,0,0.1749267578125
9.2384,0,0.2177734375,0,0.0230255126953125,0,0.01526641845703125,0,0.1749267578125
9.2495,0,0.2177734375,0,-0.06744384765625,0,-0.0260009765625,0,0.1292724609375
9.2579,0,0.0267791748046875,0,-0.06744384765625,0,-0.0260009765625,0,0.1292724609375
9.2717,0,0.0267791748046875,0,-0.254150390625,0,-0.0230255126953125,0,0.09912109375
9.2780,0,0.156982421875,0,-0.254150390625,0,-0.0230255126953125,0,0.09912109375
9.2843,0,0.156982421875,0,0.51171875,0,0.0830078125,0,0.1427001953125
9.2969,0,0.08935546875,0,0.51171875,0,0.0830078125,0,0.1427001953125
9.3099,0,0.08935546875,0,0.26953125,0,0.0830078125,0,-0.078857421875
9.3159,0,0.058441162109375,0,0.26953125,0,0.044921875,0,-0.078857421875
9.3325,0,0.058441162109375,0,0.117431640625,0,0.044921875,0,-0.22412109375
9.3362,0,0.058441162109375,0,0.117431640625,0,-0.0299530029296875,0,-0.22412109375
9.3442,0,0.048309326171875,0,0.22314453125,0,-0.0237884521484375,0,0.057861328125
9.3558,0,0.11566162109375,0,0.22314453125,0,-0.0237884521484375,0,0.057861328125
9.3680,0,0.11566162109375,0,-0.046539306640625,0,-0.0237884521484375,0,0.057861328125
9.3756,0,0.040985107421875,0,-0.046539306640625,0,0.06256103515625,0,0.16650390625
9.3870,0,0.040985107421875,0,-0.17431640625,0,0.06256103515625,0,0.16650390625
9.3959,0,0.040985107421875,0,-0.17431640625,0,-0.01483917236328125,0,0.054931640625
9.4073,0,0.286376953125,0,-0.295654296875,0,-0.01483917236328125,0,0.054931640625
9.4170,0,0.286376953125,0,-0.295654296875,0,-0.041015625,0,0.105224609375
9.4281,0,0.301513671875,0,0.421630859375,0,-0.041015625,0,0.105224609375
9.4400,0,0.301513671875,0,0.421630859375,0,0.048095703125,0,-0.10101318359375
9.4484,0,0.1153564453125,0,0.051544189453125,0,0.048095703125,0,-0.10101318359375
9.4597,0,0.1153564453125,0,0.051544189453125,0,-0.039306640625,0,0.03759765625
9.4693,0,0.11785888671875,0,-0.260009765625,0,-0.039306640625,0,0.03759765625
9.4794,0,0.11785888671875,0,-0.260009765625,0,-0.01629638671875,0,0.056304931640625
9.4907,0,0.1072998046875,0,-0.08367919921875,0,-0.01629638671875,0,0.056304931640625
9.4988,0,0.1072998046875,0,-0.08367919921875,0,0.015899658203125,0,0.12384033203125
9.5102,0,0.23486328125,0,-0.1112060546875,0,0.015899658203125,0,0.12384033203125
9.5213,0,0.23486328125,0,-0.1112060546875,0,-0.033111572265625,0,0.04632568359375
9.5296,0,0.02008056640625,0,0.40869140625,0,-0.033111572265625,0,0.04632568359375
9.5392,0,0.02008056640625,0,0.40869140625,0,0.0154266357421875,0,-0.0465087890625
9.5498,0,0.08758544921875,0,-0.1859130859375,0,0.0154266357421875,0,-0.0465087890625
9.5591,0,0.08758544921875,0,-0.1859130859375,0,0.032928466796875,0,0.06634521484375
9.5690,0,-0.1258544921875,0,-0.60546875,0,0.032928466796875,0,0.06634521484375
9.5781,0,-0.1258544921875,0,-0.60546875,0,0.0235748291015625,0,-0.2364501953125
9.5839,0,0.07330322265625,0,0.111572265625,0,0.0235748291015625,0,-0.2364501953125
9.5971,0,0.07330322265625,0,0.111572265625,0,-0.02752685546875,0,0.18896484375
9.6128,0,0.0738525390625,0,0.381103515625,0,-0.02752685546875,0,0.18896484375
9.6190,0,0.0738525390625,0,0.381103515625,0,-0.028839111328125,0,0.1796875
9.6278,0,-0.0821533203125,0,-0.77783203125,0,-0.028839111328125,0,0.1796875
9.6362,0,-0.0821533203125,0,-0.77783203125,0,0.054351806640625,0,0.190185546875
9.6455,0,0.24169921875,0,-0.0830078125,0,0.054351806640625,0,0.190185546875
9.6583,0,0.24169921875,0,-0.0830078125,0,-0.0548095703125,0,0.1197509765625
9.6715,0,0.1551513671875,0,-0.0830078125,0,-0.0548095703125,0,0.1197509765625
9.6787,0,0.1551513671875,0,-0.224609375,0,-0.0293731689453125,0,0.046783447265625
9.6955,0,0.08026123046875,0,-0.23681640625,0,-0.0293731689453125,0,0.046783447265625
9.6984,0,0.08026123046875,0,-0.23681640625,0,-0.031646728515625,0,0.1527099609375
9.7062,0,-0.093017578125,0,-0.56103515625,0,-0.031646728515625,0,0.1527099609375
9.7175,0,-0.093017578125,0,-0.56103515625,0,-0.027130126953125,0,0.020965576171875
9.7355,0,-0.04669189453125,0,-0.56103515625,0,-0.027130126953125,0,0.020965576171875
9.7468,0,-0.04669189453125,0,0.370361328125,0,0.054656982421875,0,-0.1826171875
9.7511,0,-0.219970703125,0,0.370361328125,0,0.054656982421875,0,-0.1826171875
9.7586,0,-0.219970703125,0,-0.0205841064453125,0,0.09307861328125,0,-0.03997802734375
9.7722,0,0.1942138671875,0,-0.0205841064453125,0,0.09307861328125,0,-0.03997802734375
9.7789,0,0.1942138671875,0,0.0980224609375,0,-0.033599853515625,0,0.1851806640625
9.7911,0,-0.09393310546875,0,0.0980224609375,0,-0.033599853515625,0,0.1851806640625
9.8000,0,-0.09393310546875,0,-0.039398193359375,0,0.032684326171875,0,0.01071929931640625
9.8110,0,0.182861328125,0,-0.039398193359375,0,0.032684326171875,0,0.01071929931640625
9.8195,0,0.182861328125,0,0.404541015625,0,0.032684326171875,0,0.01071929931640625
9.8269,0,0.1551513671875,0,0.404541015625,0,-0.03485107421875,0,0.01045989990234375
9.8404,0,0.1551513671875,0,-0.5751953125,0,-0.0308074951171875,0,0.077392578125
9.8486,0,-0.0264892578125,0,-0.5751953125,0,-0.0308074951171875,0,0.077392578125
9.8570,0,-0.0264892578125,0,-0.496826171875,0,0.0888671875,0,-0.07440185546875
9.8702,0,-0.1600341796875,0,-0.496826171875,0,0.0888671875,0,-0.07440185546875
9.8776,0,-0.1600341796875,0,-0.44921875,0,0.0888671875,0,-0.07440185546875
9.8848,0,0.0965576171875,0,-0.44921875,0,-0.050384521484375,0,-0.14892578125
9.8964,0,0.0965576171875,0,0.2890625,0,-0.050384521484375,0,-0.14892578125
9.9099,0,0.0965576171875,0,0.2890625,0,-0.053131103515625,0,0.154052734375
9.9153,0,-0.109619140625,0,0.30078125,0,0.017364501953125,0,0.154052734375
9.9282,0,-0.109619140625,0,0.30078125,0,0.017364501953125,0,-0.061126708984375
9.9360,0,-0.09552001953125,0,-0.286865234375,0,0.017364501953125,0,-0.061126708984375
9.9466,0,-0.09552001953125,0,-0.286865234375,0,-0.0280303955078125,0,0.1690673828125
9.9572,0,-0.11688232421875,0,0.22998046875,0,-0.0280303955078125,0,0.1690673828125
9.9671,0,-0.11688232421875,0,0.22998046875,0,-0.00841522216796875,0,-0.110107421875
9.9770,0,-0.0604248046875,0,0.317138671875,0,-0.00841522216796875,0,-0.110107421875
9.9884,0,-0.0604248046875,0,0.317138671875,0,-0.0229339599609375,0,0.177978515625
9.9974,0,0.0290069580078125,0,-0.71142578125,0,-0.0229339599609375,0,0.177978515625
10.0094,0,0.0290069580078125,0,-0.71142578125,0,0.043365478515625,0,0.1580810546875
10.0179,0,-0.0916748046875,0,-0.039642333984375,0,0.043365478515625,0,0.1580810546875
10.0297,0,-0.0916748046875,0,-0.039642333984375,0,0.07196044921875,0,0.1727294921875
10.0381,0,0.1380615234375,0,-0.92431640625,0,0.07196044921875,0,0.1727294921875
10.0492,0,0.1380615234375,0,-0.92431640625,0,0.0307464599609375,0,-0.1883544921875
10.0582,0,-0.08233642578125,0,-0.92431640625,0,0.0307464599609375,0,-0.1883544921875
10.0687,0,-0.08233642578125,0,0.437744140625,0,0.1126708984375,0,0.1409912109375
10.0783,0,-0.1368408203125,0,-0.07855224609375,0,0.1126708984375,0,0.1409912109375
10.0900,0,-0.1368408203125,0,-0.07855224609375,0,-0.04571533203125,0,0.15625
10.0973,0,-0.227783203125,0,-0.0308380126953125,0,-0.04571533203125,0,0.15625
10.1100,0,-0.227783203125,0,-0.0308380126953125,0,0.035491943359375,0,0.12646484375
10.1181,0,-0.06640625,0,-0.0308380126953125,0,0.035491943359375,0,0.12646484375
10.1301,0,-0.06640625,0,-0.27490234375,0,0.014129638671875,0,-0.1483154296875
10.1378,0,-0.1766357421875,0,-0.27490234375,0,0.014129638671875,0,-0.1483154296875
10.1481,0,-0.1766357421875,0,0.377197265625,0,0.0091094970703125,0,0.1717529296875
10.1594,0,-0.02667236328125,0,0.377197265625,0,0.0091094970703125,0,0.1717529296875
10.1689,0,-0.02667236328125,0,-0.984375,0,0.078369140625,0,-0.29443359375
10.1774,0,0.07562255859375,0,-0.984375,0,0.078369140625,0,-0.29443359375
10.1890,0,0.07562255859375,0,0.28173828125,0,-0.037567138671875,0,0.024871826171875
10.1972,0,0.03912353515625,0,0.28173828125,0,-0.037567138671875,0,0.024871826171875
10.2087,0,0.03912353515625,0,-0.187744140625,0,0.024444580078125,0,-0.178466796875
10.2161,0,0.08294677734375,0,-0.187744140625,0,0.024444580078125,0,-0.178466796875
10.2278,0,0.08294677734375,0,0.2607421875,0,0.0292205810546875,0,-0.056396484375
10.2368,0,0.31787109375,0,0.2607421875,0,0.0292205810546875,0,-0.056396484375
10.2442,0,0.31787109375,0,0.0243377685546875,0,0.00426483154296875,0,-0.01776123046875
10.2572,0,0.109619140625,0,0.0243377685546875,0,0.00426483154296875,0,-0.01776123046875
10.2671,0,0.109619140625,0,-0.426025390625,0,-0.0300750732421875,0,-0.01776123046875
10.2767,0,0.03338623046875,0,-0.426025390625,0,-0.0300750732421875,0,-0.253662109375
10.2904,0,0.03338623046875,0,0.10784912109375,0,-0.06878662109375,0,-0.253662109375
10.2966,0,0.03338623046875,0,0.10784912109375,0,-0.06878662109375,0,0.1513671875
10.3041,0,0.09454345703125,0,-0.8564453125,0,0.0281219482421875,0,0.1513671875
10.3156,0,0.09454345703125,0,-0.8564453125,0,0.0281219482421875,0,0.209228515625
10.3277,0,0.243408203125,0,0.1060791015625,0,0.0281219482421875,0,0.209228515625
10.3349,0,-0.060516357421875,0,0.1060791015625,0,-0.05731201171875,0,0.1973876953125
10.3466,0,-0.060516357421875,0,0.2568359375,0,-0.05731201171875,0,0.1973876953125
10.3553,0,-0.060516357421875,0,0.2568359375,0,-0.0494384765625,0,0.171875
10.3631,0,0.076904296875,0,-0.70068359375,0,0.039794921875,0,0.171875
10.3758,0,0.076904296875,0,-0.70068359375,0,0.039794921875,0,-0.036956787109375
10.3868,0,-0.1468505859375,0,0.07550048828125,0,0.039794921875,0,-0.036956787109375
10.3956,0,-0.1468505859375,0,0.07550048828125,0,-0.026336669921875,0,-0.062408447265625
10.4066,0,0.11138916015625,0,0.4462890625,0,-0.026336669921875,0,-0.062408447265625
10.4153,0,0.11138916015625,0,0.4462890625,0,-0.082763671875,0,-0.046295166015625
10.4271,0,0.148193359375,0,-0.67041015625,0,-0.082763671875,0,-0.046295166015625
10.4356,0,0.148193359375,0,-0.67041015625,0,-0.04693603515625,0,-0.2744140625
10.4465,0,-0.052032470703125,0,0.444091796875,0,-0.04693603515625,0,-0.2744140625
10.4552,0,-0.052032470703125,0,0.444091796875,0,-0.02764892578125,0,0.1551513671875
10.4669,0,0.08453369140625,0,-0.7578125,0,-0.02764892578125,0,0.1551513671875
10.4748,0,0.08453369140625,0,-0.7578125,0,-0.00479888916015625,0,-0.10345458984375
10.4841,0,0.01399993896484375,0,0.230224609375,0,-0.00479888916015625,0,-0.10345458984375
10.4959,0,0.01399993896484375,0,0.230224609375,0,-0.045013427734375,0,0.0709228515625
10.5096,0,0.162353515625,0,0.230224609375,0,-0.045013427734375,0,0.0709228515625
10.5156,0,0.162353515625,0,0.033294677734375,0,-0.059295654296875,0,0.19189453125
10.5268,0,0.1287841796875,0,-0.52001953125,0,-0.059295654296875,0,0.19189453125
10.5349,0,0.1287841796875,0,-0.52001953125,0,-0.019775390625,0,0.1849365234375
10.5466,0,0.10186767578125,0,-0.52001953125,0,-0.019775390625,0,0.1849365234375
10.5560,0,0.10186767578125,0,0.0977783203125,0,-0.046417236328125,0,-0.2401123046875
10.5672,0,-0.20751953125,0,0.0977783203125,0,-0.046417236328125,0,-0.2401123046875
10.5761,0,-0.20751953125,0,0.331787109375,0,-0.0330810546875,0,0.08026123046875
10.5866,0,-0.25830078125,0,0.331787109375,0,-0.0330810546875,0,0.08026123046875
10.5951,0,-0.25830078125,0,0.1593017578125,0,-0.0233154296875,0,0.2174072265625
10.6029,0,-0.11492919921875,0,-0.734375,0,-0.0233154296875,0,0.2174072265625
10.6150,0,-0.11492919921875,0,-0.734375,0,-0.02606201171875,0,-0.283203125
10.6269,0,0.0122528076171875,0,-0.734375,0,-0.02606201171875,0,-0.283203125
10.6357,0,0.0122528076171875,0,-0.056915283203125,0,-0.01276397705078125,0,-0.23681640625
10.6467,0,0.1839599609375,0,-0.056915283203125,0,-0.01276397705078125,0,-0.23681640625
10.6576,0,0.1839599609375,0,-0.330810546875,0,-0.05194091796875,0,0.1490478515625
10.6685,0,0.0243377685546875,0,-0.330810546875,0,-0.05194091796875,0,0.1490478515625
10.6781,0,0.0243377685546875,0,-0.01220703125,0,0.027008056640625,0,-0.2489013671875
10.6894,0,0.343017578125,0,-0.01220703125,0,0.027008056640625,0,-0.2489013671875
10.6976,0,0.343017578125,0,-0.5068359375,0,-0.0845947265625,0,0.1419677734375
10.7094,0,-0.254150390625,0,-0.5068359375,0,-0.0845947265625,0,0.1419677734375
10.7170,0,-0.254150390625,0,0.49755859375,0,0.05230712890625,0,-0.14404296875
10.7320,0,0.10791015625,0,-0.490478515625,0,-0.033447265625,0,-0.14404296875
10.7393,0,0.10791015625,0,-0.490478515625,0,-0.033447265625,0,-0.051116943359375
10.7497,0,0.1915283203125,0,-0.490478515625,0,-0.033447265625,0,-0.051116943359375
10.7585,0,0.1915283203125,0,-0.0179901123046875,0,-0.047210693359375,0,0.07073974609375
10.7693,0,-0.194580078125,0,-0.0179901123046875,0,-0.047210693359375,0,0.07073974609375
10.7781,0,-0.194580078125,0,-0.72119140625,0,-0.032318115234375,0,-0.265869140625
10.7893,0,0.23779296875,0,-0.72119140625,0,-0.032318115234375,0,-0.265869140625
10.7975,0,0.23779296875,0,-0.444091796875,0,0.0447998046875,0,0.1627197265625
10.8088,0,-0.295166015625,0,-0.444091796875,0,0.0447998046875,0,0.1627197265625
10.8164,0,-0.295166015625,0,-0.247802734375,0,0.0841064453125,0,0.0858154296875
10.8293,0,0.0745849609375,0,-0.247802734375,0,0.0841064453125,0,0.0858154296875
10.8381,0,0.0745849609375,0,-0.43408203125,0,0.0841064453125,0,0.0858154296875
10.8497,0,0.07684326171875,0,-0.43408203125,0,0.025177001953125,0,0.219970703125
10.8583,0,0.07684326171875,0,0.9501953125,0,3.12109375,0,2.8671875
10.8700,3,4.6328125,0,0.9501953125,0,3.12109375,0,2.8671875
10.8780,3,4.6328125,0,7.17578125,0,7.546875,0,2.8671875
10.8898,18,6.70703125,0,7.17578125,0,7.546875,9,6.234375
10.8982,18,6.70703125,0,8.109375,0,7.546875,9,6.234375
10.9102,1,10.6015625,0,8.109375,0,7.80859375,18,6.265625
10.9189,1,10.6015625,13,9.640625,0,7.80859375,18,6.265625
10.9298,16,9.1171875,13,9.640625,10,10.5546875,5,11.4296875
10.9378,16,9.1171875,22,10.125,10,10.5546875,5,11.4296875
10.9500,29,8.9765625,22,10.125,23,10.765625,21,10.7265625
10.9609,29,8.9765625,42,7.84765625,41,8.1015625,40,7.83984375
10.9673,52,7.9296875,42,7.84765625,41,8.1015625,40,7.83984375
10.9789,52,7.9296875,56,7.59765625,41,8.1015625,40,7.83984375
10.9927,52,7.9296875,56,7.59765625,58,7.484375,54,7.765625
11.0003,63,6.97265625,73,7.0625,58,7.484375,54,7.765625
11.0123,63,6.97265625,73,7.0625,70,7.53515625,67,7.80859375
11.0210,75,6.64453125,73,7.0625,70,7.53515625,67,7.80859375
11.0291,89,5.7734375,84,6.16796875,81,6.3515625,89,4.859375
11.0416,89,5.7734375,94,5.3046875,81,6.3515625,89,4.859375
11.0526,89,5.7734375,94,5.3046875,94,5.44140625,95,5.3515625
11.0606,100,4.4921875,102,4.70703125,94,5.44140625,95,5.3515625
11.0725,100,4.4921875,102,4.70703125,105,4.44921875,102,4.47265625
11.0818,110,3.9921875,102,4.70703125,105,4.44921875,102,4.47265625
11.0931,110,3.9921875,116,2.58984375,111,3.33203125,108,3.587890625
11.1017,115,2.6484375,116,2.58984375,111,3.33203125,108,3.587890625
11.1138,115,2.6484375,122,1.3935546875,122,1.6767578125,119,1.9970703125
11.1215,121,2.30859375,123,1.9365234375,122,1.6767578125,119,1.9970703125
11.1346,121,2.30859375,123,1.9365234375,127,1.5947265625,125,1.724609375
11.1430,129,1.71484375,123,1.9365234375,127,1.5947265625,125,1.724609375
11.1540,129,1.71484375,128,1.751953125,130,1.70703125,134,0.99853515625
11.1617,133,1.2724609375,128,1.751953125,130,1.70703125,134,0.99853515625
11.1752,133,1.2724609375,138,0.5126953125,133,1.427734375,139,1.1328125
11.1826,131,1.724609375,138,0.5126953125,133,1.427734375,139,1.1328125
11.1937,131,1.724609375,140,0.93896484375,137,1.0517578125,143,0.41552734375
11.2034,142,1.4599609375,140,0.93896484375,137,1.0517578125,143,0.41552734375
11.2142,142,1.4599609375,143,1.71484375,143,1.4775390625,144,2.9921875
11.2229,147,2.201171875,143,1.71484375,143,1.4775390625,144,2.9921875
11.2397,147,3.37109375,144,2.44140625,147,1.7744140625,144,3.08984375
11.2507,147,3.37109375,154,3.7890625,153,4.203125,151,3.578125
11.2600,156,2.81640625,154,3.7890625,153,4.203125,151,3.578125
11.2717,156,2.81640625,153,3.294921875,157,3.078125,153,4.07421875
11.2803,161,4.26171875,153,3.294921875,157,3.078125,153,4.07421875
11.2911,161,4.26171875,161,4.05078125,162,4.078125,159,4.69140625
11.2998,165,4.15234375,161,4.05078125,162,4.078125,159,4.69140625
11.3114,165,4.15234375,171,5.07421875,168,5.59765625,167,5.1875
11.3209,173,5.3515625,171,5.07421875,168,5.59765625,167,5.1875
11.3316,173,5.3515625,174,5.0234375,174,5.45703125,172,7.14453125
11.3409,180,6.41015625,174,5.0234375,174,5.45703125,172,7.14453125
11.3511,180,6.41015625,185,5.37109375,181,6.22265625,181,7.5
11.3625,190,6.5,185,5.37109375,181,6.22265625,181,7.5
11.3758,190,6.5,195,6.11328125,191,6.49609375,191,6.75390625
11.3802,198,5.65625,195,6.11328125,191,6.49609375,191,6.75390625
11.3904,198,5.65625,202,6.33203125,202,6.375,201,8.203125
11.4006,210,6.16796875,202,6.33203125,202,6.375,201,8.203125
11.4118,210,6.16796875,216,5.7578125,213,6.11328125,201,8.203125
11.4195,221,5.4609375,216,5.7578125,213,6.11328125,212,6.375
11.4314,221,5.4609375,226,5.1328125,223,5.1953125,212,6.375
11.4409,221,5.4609375,226,5.1328125,223,5.1953125,226,5.02734375
11.4484,230,4.8984375,238,4.08984375,233,4.76953125,226,5.02734375
11.4608,230,4.8984375,238,4.08984375,233,4.76953125,236,4.55859375
11.4713,242,5.296875,246,4.421875,244,4.72265625,236,4.55859375
11.4802,251,3.859375,246,4.421875,244,4.72265625,246,4.44921875
11.4922,251,3.859375,256,3.638671875,254,3.876953125,246,4.44921875
11.5019,251,3.859375,256,3.638671875,254,3.876953125,256,3.751953125
11.5104,258,3.66796875,264,3.365234375,262,3.26953125,256,3.751953125
11.5226,258,3.66796875,264,3.365234375,262,3.26953125,263,3.353515625
11.5336,265,2.376953125,264,3.365234375,262,3.26953125,263,3.353515625
11.5415,271,2.228515625,267,2.60546875,269,2.486328125,270,2.345703125
11.5549,271,2.228515625,277,1.671875,269,2.486328125,270,2.345703125
11.5618,271,2.228515625,277,1.671875,277,1.970703125,276,1.7763671875
11.5700,275,2.216796875,280,1.544921875,279,1.76953125,276,1.7763671875
11.5817,275,2.216796875,280,1.544921875,279,1.76953125,281,1.8232421875
11.5929,281,1.693359375,280,1.544921875,279,1.76953125,281,1.8232421875
11.6006,286,1.146484375,284,1.4794921875,285,1.37109375,283,1.5849609375
11.6133,286,1.146484375,286,1.572265625,287,1.380859375,283,1.5849609375
11.6219,286,1.146484375,286,1.572265625,287,1.380859375,287,1.30859375
11.6295,284,1.595703125,289,0.53271484375,287,1.380859375,287,1.30859375
11.6416,284,1.595703125,289,0.53271484375,288,0.63525390625,289,0.8037109375
11.6534,287,1.162109375,289,0.53271484375,288,0.63525390625,289,0.8037109375
11.6635,291,0.418212890625,292,0.321044921875,292,0.44580078125,289,0.9013671875
11.6757,291,0.418212890625,292,0.74072265625,288,0.92822265625,289,0.9013671875
11.6824,291,0.418212890625,292,0.74072265625,288,0.92822265625,290,0.8583984375
11.6937,290,0.8974609375,292,0.74072265625,288,0.92822265625,290,0.8583984375
11.7019,290,0.8974609375,293,0.6513671875,291,0.798828125,291,0.8447265625
11.7132,291,0.7158203125,293,0.6513671875,291,0.798828125,291,0.8447265625
11.7230,291,0.7158203125,293,0.49560546875,294,0.3740234375,292,0.8828125
11.7337,291,0.82470703125,293,0.49560546875,294,0.3740234375,292,0.8828125
11.7498,294,-0.193359375,292,0.192626953125,292,0.32421875,292,0.4921875
11.7614,294,-0.193359375,292,0.1754150390625,294,0.12646484375,292,0.4921875
11.7642,291,0.275390625,292,0.1754150390625,294,0.12646484375,292,0.1458740234375
11.7774,291,0.275390625,293,-0.49072265625,293,0.111328125,292,0.1458740234375
11.7971,288,-0.10369873046875,293,-0.49072265625,293,0.111328125,289,-0.7626953125
11.8040,288,-0.10369873046875,285,-0.515625,286,-0.303466796875,284,-1.1630859375
11.8152,283,-1.08203125,280,-1.390625,286,-0.303466796875,284,-1.1630859375
11.8230,283,-1.08203125,280,-1.390625,263,-0.2484130859375,282,-2.43359375
11.8340,276,-1.5966796875,278,-2.263671875,263,-0.2484130859375,282,-2.43359375
11.8445,276,-1.5966796875,278,-2.263671875,61,12.5234375,272,-2.287109375
11.8660,274,-2.5859375,273,-3.01171875,110,6.22265625,272,-2.287109375
11.8673,274,-2.5859375,273,-3.01171875,110,6.22265625,271,-3.7734375
11.8796,279,4.76171875,268,-3.64453125,110,6.22265625,271,-3.7734375
11.8838,279,4.76171875,268,-3.64453125,154,1.4775390625,263,-3.84765625
11.8952,269,5.43359375,268,-3.64453125,154,1.4775390625,263,-3.84765625
11.9036,269,5.43359375,265,5.3515625,173,0.301025390625,260,-5.2578125
11.9174,266,6.4453125,256,5.7734375,173,0.301025390625,260,-5.2578125
11.9241,266,6.4453125,256,5.7734375,181,-0.82373046875,252,-5.63671875
11.9393,255,6.4375,256,5.7734375,181,-0.82373046875,252,-5.63671875
11.9580,247,7.3515625,244,6.2109375,167,2.3671875,249,-6.78515625
11.9626,247,7.3515625,237,6.51953125,165,1.20703125,249,-6.78515625
11.9760,236,7.75,237,6.51953125,165,1.20703125,235,-6.1328125
11.9818,236,7.75,224,6.546875,127,5.08984375,227,-7.0703125
11.9932,225,7.8828125,224,6.546875,127,5.08984375,227,-7.0703125
12.0055,225,7.8828125,216,7.359375,134,1.166015625,227,-7.0703125
12.0191,211,6.85546875,216,7.359375,134,1.166015625,212,-7.41796875
12.0238,211,6.85546875,203,6.35546875,147,1.974609375,212,-7.41796875
12.0379,201,6.23046875,193,5.5859375,147,1.974609375,199,5.8046875
12.0441,201,6.23046875,193,5.5859375,178,8.171875,188,-5.1875
12.0560,190,5.4765625,193,5.5859375,178,8.171875,188,-5.1875
12.0680,190,5.4765625,185,5.26171875,94,-0.11712646484375,182,5.2109375
12.0753,176,4.984375,185,5.26171875,94,-0.11712646484375,182,5.2109375
12.0845,176,4.984375,175,5.296875,94,0.82861328125,182,5.2109375
12.0962,169,4.55859375,175,5.296875,94,0.82861328125,172,5.69140625
12.1136,158,5.578125,165,6.0859375,99,-0.2646484375,155,4.98046875
12.1230,158,5.578125,153,5.51171875,97,0.552734375,155,4.98046875
12.1341,148,3.744140625,153,5.51171875,97,0.552734375,148,-4.140625
12.1429,148,3.744140625,144,5.2578125,97,0.552734375,148,-4.140625
12.1539,141,4.55859375,144,5.2578125,107,-0.50537109375,137,-3.94140625
12.1632,141,4.55859375,134,3.919921875,104,0.7685546875,137,-3.94140625
12.1751,128,3.392578125,134,3.919921875,104,0.7685546875,128,-3.552734375
12.1862,128,3.392578125,125,4.55859375,104,0.7685546875,128,-3.552734375
12.1959,117,4.015625,125,4.55859375,95,0.61962890625,121,4.4921875
12.2060,117,4.015625,115,4.79296875,95,0.61962890625,121,4.4921875
12.2167,104,4.09375,115,4.79296875,90,1.8828125,106,4.17578125
12.2333,91,4.03125,102,4.78125,12,12.0078125,99,5.12890625
12.2428,91,4.03125,90,-2.7578125,12,12.0078125,99,5.12890625
12.2541,83,-0.80126953125,90,-2.7578125,41,-0.07794189453125,72,-3.0234375
12.2631,83,-0.80126953125,89,-1.4599609375,34,-0.4375,72,-3.0234375
12.2758,83,-0.80126953125,89,-1.4599609375,34,-0.4375,76,-2.60546875
12.2824,94,-0.39208984375,80,-1.634765625,34,-0.4375,76,-2.60546875
12.2962,94,-0.39208984375,80,-1.634765625,7,0.184814453125,71,-1.677734375
12.3021,2,-0.98095703125,79,-0.6376953125,7,0.184814453125,71,-1.677734375
12.3158,2,-0.98095703125,79,-0.6376953125,17,-0.256591796875,68,-1.4560546875
12.3229,11,-0.7392578125,68,-0.51025390625,17,-0.256591796875,68,-1.4560546875
12.3364,11,-0.7392578125,68,-0.51025390625,23,-0.24609375,66,-1.5205078125
12.3439,21,-0.67529296875,62,-0.74365234375,23,-0.24609375,66,-1.5205078125
12.3537,21,-0.67529296875,62,-0.74365234375,32,-0.1502685546875,57,-1.1953125
12.3646,26,-0.54541015625,62,-0.74365234375,32,-0.1502685546875,57,-1.1953125
12.3734,26,-0.54541015625,45,-0.84326171875,46,-0.11083984375,52,-0.80517578125
12.3840,30,0.185302734375,45,-0.84326171875,46,-0.11083984375,52,-0.80517578125
12.3953,30,0.185302734375,44,-0.46630859375,45,-0.1279296875,47,-0.8505859375
12.4027,17,-0.27197265625,41,-0.31689453125,45,-0.1279296875,47,-0.8505859375
12.4122,17,-0.27197265625,41,-0.31689453125,-2,-0.2000732421875,44,-0.73876953125
12.4232,10,-0.297119140625,41,-0.31689453125,-2,-0.2000732421875,44,-0.73876953125
12.4328,10,-0.297119140625,10,-0.65869140625,13,-0.10906982421875,2,-0.63916015625
12.4429,9,-0.3232421875,10,-0.65869140625,13,-0.10906982421875,2,-0.63916015625
12.4523,9,-0.3232421875,2,-0.33056640625,4,0.0224151611328125,12,-0.63720703125
12.4624,9,-0.30517578125,15,-0.1668701171875,4,0.0224151611328125,12,-0.63720703125
12.4721,9,-0.30517578125,15,-0.1668701171875,1,0.09442138671875,12,-0.63720703125
12.4819,22,-0.0992431640625,15,-0.1668701171875,1,0.09442138671875,2,-0.410400390625
12.4921,22,-0.0992431640625,14,-0.35009765625,16,0.07012939453125,2,-0.410400390625
12.5019,1,-0.406494140625,14,-0.35009765625,16,0.07012939453125,6,-0.450927734375
12.5146,1,-0.406494140625,0,0.24755859375,0,0.06329345703125,6,-0.450927734375
12.5231,0,-0.11126708984375,0,-0.67724609375,0,0.06329345703125,16,-0.3125
12.5327,0,-0.11126708984375,0,-0.67724609375,0,0.1075439453125,16,-0.3125
12.5429,0,-0.087646484375,0,-0.67724609375,0,0.1075439453125,7,-0.439453125
12.5523,0,-0.087646484375,14,-0.50146484375,0,0.11517333984375,7,-0.439453125
12.5616,8,-0.1473388671875,14,-0.50146484375,0,0.11517333984375,0,-0.339111328125
12.5718,8,-0.1473388671875,13,0.247314453125,6,0.061248779296875,0,-0.339111328125
12.5806,16,-0.308349609375,13,0.247314453125,6,0.061248779296875,0,0.264892578125
12.5928,16,-0.308349609375,0,-0.45654296875,17,0.044921875,0,0.264892578125
12.6010,0,-0.03948974609375,0,-0.45654296875,17,0.044921875,0,0.251220703125
12.6136,0,-0.03948974609375,0,-0.2291259765625,17,0.044921875,0,0.251220703125
12.6211,0,0.08880615234375,0,-0.2291259765625,3,0.0616455078125,0,0.13671875
12.6317,0,0.08880615234375,0,-0.035430908203125,0,-0.0029296875,0,0.13671875
12.6410,0,-0.1875,0,-0.035430908203125,0,-0.0029296875,0,-0.29248046875
12.6513,0,-0.1875,0,0.4072265625,0,0.07684326171875,0,-0.29248046875
12.6620,0,0.1656494140625,0,0.4072265625,0,0.07684326171875,0,-0.381103515625
12.6746,0,0.1656494140625,0,-0.07379150390625,0,0.07684326171875,0,-0.381103515625
12.6816,0,0.1307373046875,0,-0.07379150390625,0,-0.006664276123046875,0,-0.32861328125
12.6943,0,0.1307373046875,0,0.43603515625,0,-0.006664276123046875,0,-0.32861328125
12.7026,0,0.1307373046875,0,0.43603515625,0,-0.03204345703125,0,0.11163330078125
12.7125,0,0.042572021484375,0,0.303466796875,0,-0.03204345703125,0,0.11163330078125
12.7221,0,0.042572021484375,0,0.303466796875,0,-0.055267333984375,0,0.045501708984375
12.7334,0,0.05126953125,0,0.419921875,0,-0.055267333984375,0,0.045501708984375
12.7427,0,0.05126953125,0,0.419921875,0,-0.10174560546875,0,-0.20166015625
12.7544,0,0.135498046875,0,-0.355224609375,0,-0.10174560546875,0,-0.20166015625
12.7674,0,-0.039276123046875,0,-0.355224609375,-3,-0.034027099609375,0,0.0400390625
12.7729,0,-0.039276123046875,0,0.2335205078125,-3,-0.034027099609375,0,0.0400390625
12.7818,0,-0.039276123046875,0,0.2335205078125,-16,-0.01096343994140625,0,-0.2379150390625
12.7950,-7,-0.36328125,0,-0.8388671875,-16,-0.01096343994140625,0,-0.2379150390625
12.8050,-7,-0.36328125,0,-0.8388671875,-11,0.10614013671875,0,-0.1328125
12.8150,-15,0.09161376953125,0,0.1737060546875,-11,0.10614013671875,0,-0.1328125
12.8241,-15,0.09161376953125,0,0.1737060546875,-4,-0.0596923828125,0,0.09783935546875
12.8367,-9,0.152587890625,0,-0.1619873046875,-4,-0.0596923828125,0,0.09783935546875
12.8441,-9,0.152587890625,0,-0.1619873046875,-1,0.0301055908203125,0,-0.2183837890625
12.8564,-3,-0.1968994140625,0,-0.1619873046875,-1,0.0301055908203125,0,-0.2183837890625
12.8633,-3,-0.1968994140625,0,0.37158203125,0,0.0270538330078125,0,-0.2183837890625
12.8771,-1,-0.3466796875,0,0.37158203125,0,0.0270538330078125,0,-0.07598876953125
12.8846,-1,-0.3466796875,0,-0.80029296875,0,-0.052581787109375,0,-0.07598876953125
12.9031,0,0.09381103515625,0,0.20947265625,0,-0.0310211181640625,0,0.15869140625
12.9183,0,0.0894775390625,0,0.20947265625,0,-0.0310211181640625,0,-0.11602783203125
12.9252,0,0.0894775390625,0,-0.32666015625,0,0.05535888671875,0,-0.11602783203125
12.9360,0,0.1903076171875,0,-0.32666015625,0,0.05535888671875,0,-0.239990234375
12.9438,0,0.1903076171875,0,-0.50634765625,0,-0.05377197265625,0,-0.239990234375
12.9570,0,-0.1485595703125,0,0.42431640625,0,-0.05377197265625,0,0.179443359375
12.9652,0,-0.1485595703125,0,0.42431640625,0,-0.05517578125,0,0.179443359375
12.9787,0,-0.36962890625,0,0.42431640625,0,-0.05517578125,0,0.019134521484375
12.9836,0,-0.36962890625,0,0.2086181640625,0,-0.07403564453125,0,0.019134521484375
12.9963,0,0.15087890625,0,0.2086181640625,0,-0.07403564453125,0,0.10540771484375
13.0037,0,0.15087890625,0,0.35888671875,0,0.036041259765625,0,0.10540771484375
13.0146,0,-0.09197998046875,0,0.35888671875,0,0.036041259765625,0,0.0811767578125
13.0246,0,-0.09197998046875,0,-0.82177734375,0,0.0198516845703125,0,0.0811767578125
13.0414,0,0.01482391357421875,0,0.251220703125,0,-0.07476806640625,0,0.1585693359375
13.0520,0,-0.126708984375,0,0.251220703125,0,-0.07476806640625,0,0.20556640625
13.0589,0,-0.126708984375,0,-0.21337890625,0,-0.0416259765625,0,0.20556640625
13.0699,0,-0.1336669921875,0,-0.21337890625,0,-0.0416259765625,0,0.01316070556640625
13.0789,0,-0.1336669921875,0,0.165283203125,0,-0.0198974609375,0,0.01316070556640625
13.0896,0,0.1182861328125,0,0.165283203125,0,-0.0198974609375,0,-0.049774169921875
13.1007,0,0.1182861328125,0,0.484375,0,-0.0198974609375,0,-0.049774169921875
13.1129,0,0.04498291015625,0,0.484375,0,0.0281219482421875,0,0.1356201171875
13.1216,0,0.04498291015625,0,-0.440185546875,0,0.0281219482421875,0,0.1356201171875
13.1309,0,-0.06982421875,0,-0.440185546875,0,-0.0235137939453125,0,-0.059478759765625
13.1419,0,-0.06982421875,0,0.444580078125,0,-0.0235137939453125,0,-0.059478759765625
13.1515,0,-0.122314453125,0,0.444580078125,0,0.03802490234375,0,0.06512451171875
13.1622,0,-0.122314453125,0,0.3525390625,0,0.03802490234375,0,0.06512451171875
13.1712,0,3.14453125,0,0.3525390625,0,4.17578125,0,3.375
13.1820,0,3.14453125,-7,1.8232421875,0,4.17578125,0,3.375
13.1935,0,2.759765625,-7,1.8232421875,0,2.46484375,1,2.923828125
13.2030,0,2.759765625,-18,2.11328125,0,2.46484375,1,2.923828125
13.2127,0,4.3671875,-18,2.11328125,-4,4.65625,-8,3.28515625
13.2261,0,4.3671875,-5,3.591796875,-4,4.65625,-8,3.28515625
13.2345,0,4.05078125,-5,3.591796875,-17,2.2578125,-16,2.71484375
13.2432,0,4.05078125,0,4.375,-17,2.2578125,-16,2.71484375
13.2543,0,4.05078125,0,4.375,0,5.95703125,-16,2.71484375
13.2638,-15,2.67578125,-11,2.8671875,0,5.95703125,0,4.65625
13.2732,-15,2.67578125,-11,2.8671875,0,4.98046875,-15,3.2734375
13.2832,-14,3.904296875,-16,3.55078125,0,4.98046875,-15,3.2734375
13.2958,-12,3.34765625,-16,3.55078125,-14,3.19921875,-14,3.646484375
13.3051,-12,3.34765625,-22,3.9453125,-14,3.19921875,-14,3.646484375
13.3161,-12,3.34765625,-22,3.9453125,-17,4.13671875,-14,3.646484375
13.3248,-17,3.90625,-27,3.404296875,-17,4.13671875,-15,4.0390625
13.3356,-17,3.90625,-27,3.404296875,-29,2.73828125,-15,4.0390625
13.3459,-28,2.78515625,-36,2.73828125,-29,2.73828125,-23,3.330078125
13.3565,-28,2.78515625,-36,2.73828125,-40,2.158203125,-34,2.626953125
13.3725,-38,2.32421875,-41,2.34375,-43,2.302734375,-34,2.626953125
13.3821,-45,1.9365234375,-41,2.34375,-43,2.302734375,-40,2.236328125
13.3947,-45,1.9365234375,-47,2.056640625,-44,2.208984375,-40,2.236328125
13.4033,-47,2.41015625,-49,2.435546875,-44,2.208984375,-51,2.115234375
13.4147,-47,2.41015625,-49,2.435546875,-49,2.033203125,-51,2.115234375
13.4219,-50,2.140625,-51,2.0625,-49,2.033203125,-52,1.9052734375
13.4339,-50,2.140625,-51,2.0625,-57,1.509765625,-52,1.9052734375
13.4465,-56,1.5322265625,-61,1.4443359375,-57,1.509765625,-55,1.4638671875
13.4531,-56,1.5322265625,-61,1.4443359375,-56,2.99609375,-55,1.4638671875
13.4644,-60,2.0,-61,1.4443359375,-56,2.99609375,-58,2.32421875
13.4762,-60,2.0,-60,2.201171875,-60,1.828125,-58,2.32421875
13.4837,-61,1.9560546875,-60,2.201171875,-60,1.828125,-61,1.7041015625
13.4981,-61,1.9560546875,-62,1.8310546875,-67,1.4150390625,-61,1.7041015625
13.5047,-65,1.615234375,-62,1.8310546875,-67,1.4150390625,-63,1.732421875
13.5140,-65,1.615234375,-63,1.7255859375,-64,2.22265625,-63,1.732421875
13.5240,-65,1.923828125,-63,1.7255859375,-64,2.22265625,-66,1.5546875
13.5366,-65,1.923828125,-66,1.6904296875,-66,1.7021484375,-66,1.5546875
13.5453,-66,1.8056640625,-66,1.6904296875,-66,1.7021484375,-67,1.7490234375
13.5603,-73,1.43359375,-69,1.5322265625,-72,1.2216796875,-71,1.5908203125
13.5787,-73,1.43359375,-74,1.330078125,-69,1.73828125,-71,1.5908203125
13.5869,-73,1.392578125,-74,1.330078125,-69,1.73828125,-72,1.4443359375
13.5941,-73,1.392578125,-75,1.2470703125,-76,1.0322265625,-72,1.4443359375
13.6041,-75,1.1845703125,-75,1.2470703125,-76,1.0322265625,-72,1.55078125
13.6168,-75,1.1845703125,-75,1.630859375,-75,2.451171875,-72,1.55078125
13.6218,-79,1.439453125,-75,1.630859375,-75,2.451171875,-76,1.5693359375
13.6312,-79,1.439453125,-79,1.302734375,-76,1.5087890625,-76,1.5693359375
13.6421,-74,1.7978515625,-79,1.302734375,-76,1.5087890625,-78,1.4111328125
13.6551,-74,1.7978515625,-78,2.052734375,-76,1.5087890625,-78,1.4111328125
13.6622,-80,1.4931640625,-78,2.052734375,-82,1.42578125,-80,1.580078125
13.6746,-80,1.4931640625,-81,1.2900390625,-82,1.42578125,-80,1.580078125
13.6846,-80,1.4931640625,-81,1.2900390625,-80,1.53125,-80,1.94921875
13.6940,-83,1.9306640625,-82,1.6220703125,-80,1.53125,-80,1.94921875
13.7011,-83,1.9306640625,-82,1.6220703125,-85,1.1494140625,-83,1.4189453125
13.7146,-82,1.533203125,-83,1.505859375,-85,1.1494140625,-83,1.4189453125
13.7234,-86,1.6015625,-83,1.505859375,-84,1.5732421875,-83,1.8095703125
13.7361,-86,1.6015625,-85,1.515625,-84,1.5732421875,-83,1.8095703125
13.7492,-86,1.6015625,-85,1.515625,-83,1.69140625,-85,1.5498046875
13.7539,-83,1.7421875,-86,1.42578125,-83,1.69140625,-85,1.5498046875
13.7638,-83,1.7421875,-86,1.42578125,-87,1.5517578125,-86,1.38671875
13.7750,-90,0.69287109375,-90,1.7158203125,-87,1.5517578125,-86,1.38671875
13.7843,-90,1.8154296875,-90,1.7158203125,-87,1.86328125,-88,1.615234375
13.7949,-90,1.8154296875,-90,1.525390625,-87,1.86328125,-88,1.615234375
13.8047,-90,1.8154296875,-90,1.525390625,-95,1.103515625,-88,1.615234375
13.8151,-90,1.6123046875,-94,1.0078125,-95,1.103515625,-90,1.7392578125
13.8229,-90,1.685546875,-94,1.0078125,-91,1.5205078125,-93,1.2578125
13.8353,-90,1.685546875,-93,1.181640625,-91,1.5205078125,-93,1.2578125
13.8446,-90,1.685546875,-93,1.181640625,-96,1.0634765625,-92,1.4990234375
13.8559,-92,1.451171875,-95,1.4482421875,-96,1.0634765625,-92,1.4990234375
13.8651,-92,1.451171875,-95,1.4482421875,-93,1.673828125,-94,1.6005859375
13.8761,-98,0.923828125,-97,1.0322265625,-93,1.673828125,-94,1.6005859375
13.8846,-98,0.923828125,-97,1.0322265625,-100,0.587890625,-97,1.0390625
13.8983,-96,1.279296875,-96,1.3115234375,-100,0.587890625,-97,1.0390625
13.9058,-96,1.279296875,-96,1.3115234375,-98,1.0693359375,-97,1.0390625
13.9155,-96,1.3359375,-98,1.0576171875,-98,1.0693359375,-96,1.1181640625
13.9237,-96,1.3359375,-98,1.0576171875,-100,0.7568359375,-98,1.052734375
13.9367,-98,1.0673828125,-97,1.2021484375,-100,0.7568359375,-98,1.052734375
13.9458,-98,1.0673828125,-97,1.2021484375,-98,1.6064453125,-97,1.7080078125
13.9619,-100,1.162109375,-101,1.0625,-103,0.65234375,-97,1.7080078125
13.9730,-99,1.3349609375,-98,1.3212890625,-103,0.65234375,-99,1.080078125
13.9817,-99,1.3349609375,-98,1.3212890625,-102,1.09765625,-99,1.080078125
13.9912,-100,1.5849609375,-101,1.22265625,-102,1.09765625,-99,1.21484375
13.9997,-100,1.5849609375,-101,1.22265625,-101,1.20703125,-99,1.21484375
14.0118,-100,1.16015625,-101,1.19140625,-101,1.20703125,-100,1.43359375
14.0201,-100,1.16015625,-101,1.19140625,-101,1.2314453125,-100,1.43359375
14.0364,-104,1.0234375,-103,0.97900390625,-101,1.2314453125,-103,0.9931640625
14.0442,-104,1.0234375,-103,0.97900390625,-103,0.984375,-103,0.9931640625
14.0560,-103,1.13671875,-103,0.97900390625,-103,0.984375,-104,0.74853515625
14.0628,-103,1.13671875,-103,1.1083984375,-105,0.92333984375,-104,0.74853515625
14.0756,-103,1.716796875,-103,1.1083984375,-105,0.92333984375,-101,1.923828125
14.0828,-103,1.716796875,-105,0.8369140625,-104,1.177734375,-101,1.923828125
14.0933,-104,1.0244140625,-105,0.8369140625,-104,1.177734375,-106,1.0126953125
14.1018,-104,1.0244140625,-106,1.1337890625,-103,1.35546875,-106,1.0126953125
14.1144,-108,0.966796875,-106,1.1337890625,-103,1.35546875,-103,1.64453125
14.1231,-108,0.966796875,-107,0.331787109375,-108,0.85205078125,-103,1.64453125
14.1340,-106,1.2470703125,-107,0.331787109375,-108,0.85205078125,-109,0.5859375
14.1412,-106,1.2470703125,-107,1.0078125,-106,1.1513671875,-109,0.5859375
14.1538,-105,1.04296875,-107,1.0078125,-106,1.1513671875,-103,1.4296875
14.1629,-105,1.04296875,-107,0.78515625,-106,1.1513671875,-103,1.4296875
14.1737,-106,1.6845703125,-107,0.78515625,-107,1.154296875,-109,1.6875
14.1839,-106,1.6845703125,-108,1.0869140625,-106,0.9599609375,-109,1.6875
14.1947,-109,1.6103515625,-108,1.0869140625,-106,0.9599609375,-106,1.8408203125
14.2054,-109,1.6103515625,-110,1.3212890625,-106,0.9599609375,-106,1.8408203125
14.2247,-108,1.40234375,-108,1.365234375,-110,1.068359375,-114,0.393310546875
14.2343,-107,1.759765625,-108,1.365234375,-108,1.3544921875,-106,1.5009765625
14.2443,-107,1.759765625,-110,1.1279296875,-108,1.3544921875,-106,1.5009765625
14.2538,-110,1.1552734375,-110,1.1279296875,-110,1.1923828125,-113,0.51123046875
14.2642,-110,1.1552734375,-110,1.4580078125,-110,1.1923828125,-113,0.51123046875
14.2733,-110,1.1552734375,-110,1.4580078125,-108,1.3388671875,-107,1.6083984375
14.2834,-112,1.162109375,-112,0.8037109375,-108,1.3388671875,-107,1.6083984375
14.2931,-111,1.353515625,-112,0.8037109375,-115,0.7431640625,-110,1.5361328125
14.3031,-111,1.353515625,-110,1.2470703125,-115,0.7431640625,-110,1.5361328125
14.3128,-111,1.228515625,-110,1.2470703125,-112,1.0751953125,-110,1.20703125
14.3231,-111,1.228515625,-112,1.087890625,-112,1.0751953125,-110,1.20703125
14.3323,-111,1.228515625,-112,1.087890625,-111,1.3408203125,-112,1.22265625
14.3431,-114,1.1015625,-108,1.3837890625,-111,1.3408203125,-112,1.22265625
14.3521,-114,1.1015625,-108,1.3837890625,-113,0.94970703125,-109,1.6591796875
14.3607,-112,1.33203125,-112,1.05859375,-113,0.94970703125,-109,1.6591796875
14.3718,-113,0.87060546875,-112,1.05859375,-113,1.140625,-113,1.2080078125
14.3827,-113,0.87060546875,-112,0.86767578125,-113,1.140625,-113,1.2080078125
14.3952,-113,0.87060546875,-112,0.86767578125,-115,0.81591796875,-113,1.2080078125
14.4034,-113,0.958984375,-113,0.91015625,-115,0.81591796875,-112,1.267578125
14.4137,-113,0.958984375,-113,0.91015625,-112,1.263671875,-115,0.93310546875
14.4217,-116,0.82080078125,-114,0.9580078125,-112,1.263671875,-115,0.93310546875
14.4342,-116,0.82080078125,-114,0.9580078125,-116,0.6376953125,-113,0.904296875
14.4433,-113,1.0205078125,-114,1.0703125,-116,0.6376953125,-113,0.904296875
14.4549,-113,1.0205078125,-114,1.0703125,-113,1.1083984375,-113,0.904296875
14.4635,-111,1.400390625,-113,1.041015625,-113,1.1083984375,-115,0.76513671875
14.4744,-111,1.400390625,-113,1.041015625,-115,0.80224609375,-115,0.76513671875
14.4826,-114,0.83349609375,-116,0.69775390625,-115,0.80224609375,-112,1.28515625
14.4984,-114,0.83349609375,-116,0.69775390625,-111,1.1796875,-112,1.28515625
14.5028,-115,1.08203125,-115,0.93701171875,-111,1.1796875,-114,1.439453125
14.5159,-115,1.08203125,-115,0.93701171875,-116,0.5888671875,-114,1.439453125
14.5279,-113,1.2666015625,-115,0.0645751953125,-116,0.5888671875,-113,1.0751953125
14.5366,-113,1.2666015625,-115,0.0645751953125,-112,0.77490234375,-113,1.0751953125
14.5460,-111,0.85888671875,-115,0.0645751953125,-112,0.77490234375,-113,0.71533203125
14.5566,-111,0.85888671875,-111,1.2646484375,-113,0.89501953125,-113,0.71533203125
14.5648,-113,0.66845703125,-111,1.2646484375,-113,0.89501953125,-112,0.912109375
14.5820,-113,0.75830078125,-114,0.215576171875,-112,0.7314453125,-112,1.0048828125
14.5913,-113,0.75830078125,-111,0.93359375,-114,0.6494140625,-112,1.0048828125
14.6012,-112,0.6962890625,-111,0.93359375,-114,0.6494140625,-112,0.74462890625
14.6126,-112,0.6962890625,-113,0.47412109375,-115,0.640625,-112,0.74462890625
14.6193,-112,0.8662109375,-112,0.7607421875,-115,0.640625,-113,0.763671875
14.6292,-112,0.8662109375,-112,0.7607421875,-112,1.0126953125,-113,0.763671875
14.6389,-115,0.307861328125,-112,0.7607421875,-112,1.0126953125,-113,0.5322265625
14.6507,-115,0.307861328125,-112,0.97265625,-112,1.0126953125,-113,0.5322265625
14.6623,-112,0.98388671875,-112,0.97265625,-115,0.36328125,-111,0.94140625
14.6724,-112,0.98388671875,-110,0.93115234375,-115,0.36328125,-111,0.94140625
14.6822,-112,0.9248046875,-110,0.93115234375,-113,0.72900390625,-112,0.65380859375
14.6912,-112,0.9248046875,-112,0.9140625,-114,0.470703125,-112,0.65380859375
14.7013,-112,0.6513671875,-112,0.9140625,-114,0.470703125,-111,1.02734375
14.7119,-112,0.6513671875,-111,0.72998046875,-114,0.470703125,-111,1.02734375
14.7209,-114,0.65478515625,-111,0.72998046875,-110,0.97314453125,-112,0.6298828125
14.7323,-114,0.65478515625,-113,0.78125,-110,0.97314453125,-112,0.6298828125
14.7403,-111,0.8447265625,-113,0.78125,-116,0.0833740234375,-111,0.7294921875
14.7508,-111,0.8447265625,-113,0.537109375,-111,0.92236328125,-111,0.7294921875
14.7602,-110,1.099609375,-113,0.537109375,-111,0.92236328125,-112,0.60986328125
14.7719,-110,1.099609375,-111,0.7587890625,-115,0.41357421875,-112,0.60986328125
14.7809,-110,1.099609375,-111,0.7587890625,-115,0.41357421875,-110,1.8818359375
14.7918,-111,1.576171875,-113,1.048828125,-111,1.2138671875,-110,1.8818359375
14.8059,-112,1.4072265625,-112,1.1357421875,-111,1.2138671875,-111,1.2197265625
14.8125,-112,1.4072265625,-112,1.1357421875,-113,1.154296875,-111,1.2197265625
14.8209,-112,1.4072265625,-112,1.1357421875,-113,1.154296875,-110,1.3662109375
14.8327,-114,0.89794921875,-115,0.83349609375,-113,1.154296875,-110,1.3662109375
14.8421,-114,0.89794921875,-115,0.83349609375,-111,1.1455078125,-112,1.2001953125
14.8537,-110,1.4130859375,-114,0.88427734375,-111,1.1455078125,-112,1.2001953125
14.8601,-110,1.4130859375,-114,0.88427734375,-113,1.28515625,-111,1.447265625
14.8720,-117,0.61279296875,-114,0.88671875,-113,1.28515625,-111,1.447265625
14.8796,-112,1.4296875,-114,0.88671875,-113,1.0458984375,-111,1.2373046875
14.8916,-112,1.4296875,-113,1.091796875,-113,1.0458984375,-111,1.2373046875
14.8993,-112,1.4296875,-113,1.091796875,-115,0.9794921875,-112,1.0576171875
14.9126,-115,0.55908203125,-113,1.091796875,-115,0.9794921875,-112,1.0576171875
14.9186,-115,0.55908203125,-114,1.037109375,-117,0.60498046875,-114,0.9990234375
14.9313,-112,1.0712890625,-115,0.9072265625,-117,0.60498046875,-114,0.9990234375
14.9404,-112,1.0712890625,-115,0.9072265625,-112,1.3291015625,-113,1.3388671875
14.9516,-117,0.9521484375,-115,0.9072265625,-112,1.3291015625,-113,1.3388671875
14.9624,-117,0.9521484375,-115,1.1064453125,-119,0.260498046875,-114,1.0126953125
14.9724,-112,1.294921875,-115,1.1064453125,-119,0.260498046875,-114,1.0126953125
14.9822,-112,1.294921875,-116,0.61962890625,-115,0.9501953125,-113,1.310546875
14.9937,-114,1.2080078125,-116,0.61962890625,-115,0.9501953125,-113,1.310546875
14.9994,-114,1.2080078125,-115,1.041015625,-116,0.81787109375,-114,1.2236328125
15.0132,-115,0.9951171875,-115,1.041015625,-116,0.81787109375,-114,1.2236328125
15.0200,-115,0.9951171875,-117,0.701171875,-113,1.0322265625,-114,1.2236328125
15.0331,-116,0.87255859375,-117,0.701171875,-113,1.0322265625,-114,0.935546875
15.0416,-116,0.87255859375,-115,1.140625,-118,0.79443359375,-114,0.935546875
15.0528,-115,0.76513671875,-116,0.73681640625,-118,0.79443359375,-116,0.84375
15.0639,-115,0.76513671875,-116,0.73681640625,-116,0.9140625,-116,0.84375
15.0735,-115,0.99609375,-115,0.98291015625,-116,0.9140625,-114,1.111328125
15.0836,-115,0.99609375,-115,0.98291015625,-116,1.01953125,-114,1.111328125
15.0933,-119,0.3740234375,-115,0.98291015625,-116,1.01953125,-116,0.8330078125
15.1030,-119,0.3740234375,-117,0.242919921875,-118,0.71728515625,-116,0.8330078125
15.1147,-115,1.119140625,-117,0.242919921875,-118,0.71728515625,-114,1.134765625
15.1226,-115,1.119140625,-116,0.96875,-116,0.7783203125,-114,1.134765625
15.1323,-115,0.7138671875,-116,0.96875,-116,0.7783203125,-115,1.138671875
15.1407,-115,0.7138671875,-117,0.693359375,-117,0.740234375,-115,1.138671875
15.1531,-115,0.88818359375,-117,0.693359375,-117,0.740234375,-116,0.9033203125
15.1644,-115,0.88818359375,-117,0.57958984375,-114,1.13671875,-116,0.9033203125
15.1713,-118,0.763671875,-117,0.57958984375,-114,1.13671875,-117,0.83203125
15.1819,-118,0.763671875,-117,0.8095703125,-118,0.60595703125,-117,0.83203125
15.1900,-115,1.111328125,-117,0.8095703125,-118,0.60595703125,-117,0.8681640625
15.2010,-115,1.111328125,-115,0.9580078125,-116,0.89697265625,-117,0.8681640625
15.2112,-114,1.095703125,-115,0.9580078125,-116,0.89697265625,-114,1.33203125
15.2202,-114,1.095703125,-116,0.8193359375,-116,0.92041015625,-114,1.33203125
15.2306,-117,0.666015625,-116,0.8193359375,-116,0.92041015625,-117,0.76123046875
15.2415,-117,0.666015625,-115,1.1484375,-115,0.87890625,-117,0.76123046875
15.2503,-116,1.236328125,-115,1.1484375,-115,0.87890625,-114,1.3642578125
15.2612,-116,1.236328125,-117,0.84619140625,-117,0.705078125,-114,1.3642578125
15.2730,-116,1.236328125,-117,0.84619140625,-117,0.705078125,-119,0.413818359375
15.2810,-115,0.324462890625,-116,1.0634765625,-116,1.3076171875,-119,0.413818359375
15.2927,-115,0.324462890625,-116,1.0634765625,-116,1.3076171875,-115,1.115234375
15.3035,-115,0.32421875,-117,0.315673828125,-115,0.6630859375,-115,1.115234375
15.3152,-115,0.32421875,-117,0.315673828125,-115,0.6630859375,-116,0.398193359375
15.3216,-117,0.368408203125,-117,0.327392578125,-117,0.49951171875,-116,0.398193359375
15.3322,-114,0.82470703125,-117,0.327392578125,-117,0.49951171875,-113,0.78759765625
15.3427,-114,0.82470703125,-114,0.72265625,-114,0.6591796875,-113,0.78759765625
15.3521,-114,0.7841796875,-114,0.72265625,-114,0.6591796875,-113,1.2236328125
15.3630,-114,0.7841796875,-114,0.63916015625,-114,0.6591796875,-113,1.2236328125
15.3719,-114,0.66796875,-114,0.63916015625,-116,0.390625,-111,1.0634765625
15.3788,-114,0.66796875,-113,0.70263671875,-111,0.89306640625,-111,1.0634765625
15.3915,-114,0.66796875,-113,0.70263671875,-111,0.89306640625,-113,1.3037109375
15.3991,-115,0.64306640625,-113,0.66650390625,-115,0.34423828125,-113,1.3037109375
15.4149,-115,0.64306640625,-113,0.66650390625,-115,0.34423828125,-109,1.1875
15.4185,-111,1.0361328125,-112,1.1953125,-112,0.89404296875,-109,1.1875
15.4333,-111,1.0361328125,-112,1.1953125,-112,0.89404296875,-111,1.095703125
15.4400,-111,0.97119140625,-112,0.78759765625,-112,0.89404296875,-111,1.095703125
15.4527,-111,0.97119140625,-112,0.78759765625,-112,0.7626953125,-110,1.1552734375
15.4609,-113,0.810546875,-113,0.76220703125,-109,1.044921875,-110,1.1552734375
15.4707,-112,0.80615234375,-113,0.76220703125,-109,1.044921875,-113,0.84765625
15.4819,-112,0.80615234375,-111,0.6708984375,-113,0.431884765625,-113,0.84765625
15.4928,-110,0.84765625,-111,0.6708984375,-113,0.431884765625,-110,0.76025390625
15.5026,-110,0.84765625,-111,0.77099609375,-111,0.609375,-110,0.76025390625
15.5131,-110,0.84765625,-111,0.77099609375,-111,0.609375,-111,0.7890625
15.5197,-110,1.017578125,-111,0.70361328125,-111,0.609375,-111,0.7890625
15.5338,-110,1.017578125,-111,0.70361328125,-111,0.84375,-110,0.84375
15.5395,-114,0.268310546875,-110,0.469970703125,-111,0.84375,-110,0.84375
15.5562,-114,0.268310546875,-110,0.469970703125,-110,0.7236328125,-112,0.49560546875
15.5634,-108,1.318359375,-110,0.469970703125,-110,0.7236328125,-112,0.49560546875
15.5755,-108,1.318359375,-110,0.79833984375,-111,0.751953125,-109,0.38916015625
15.5850,-110,0.56640625,-110,0.79833984375,-111,0.751953125,-109,0.38916015625
15.5963,-110,0.56640625,-107,1.28515625,-109,0.7265625,-108,0.77099609375
15.6056,-105,1.224609375,-107,1.28515625,-109,0.7265625,-108,0.77099609375
15.6172,-105,1.224609375,-109,0.62109375,-108,0.82421875,-106,0.7412109375
15.6250,-108,0.70458984375,-109,0.62109375,-108,0.82421875,-106,0.7412109375
15.6411,-103,1.15625,-105,1.1865234375,-107,0.7021484375,-108,0.63916015625
15.6506,-103,1.15625,-106,0.52685546875,-106,0.82373046875,-107,0.75244140625
15.6614,-103,0.94580078125,-106,0.52685546875,-106,0.82373046875,-107,0.75244140625
15.6712,-103,0.94580078125,-106,0.9521484375,-107,0.5859375,-106,0.869140625
15.6809,-103,1.015625,-106,0.9521484375,-107,0.5859375,-106,0.869140625
15.6933,-103,1.015625,-104,0.8603515625,-103,1.2412109375,-103,1.1435546875
15.7016,-106,0.638671875,-104,0.8603515625,-103,1.2412109375,-103,1.1435546875
15.7139,-106,0.638671875,-105,0.83251953125,-105,0.69384765625,-102,1.1357421875
15.7213,-105,0.755859375,-105,0.83251953125,-105,0.69384765625,-102,1.1357421875
15.7310,-105,0.755859375,-103,0.97705078125,-107,0.6396484375,-102,1.1357421875
15.7421,-104,0.951171875,-103,0.97705078125,-107,0.6396484375,-104,0.90283203125
15.7516,-104,0.951171875,-105,0.0662841796875,-108,0.086181640625,-104,0.90283203125
15.7617,-104,0.424560546875,-105,0.0662841796875,-108,0.086181640625,-104,0.382568359375
15.7725,-104,0.424560546875,-103,0.51171875,-103,0.77783203125,-104,0.382568359375
15.7798,-103,0.52001953125,-103,0.51171875,-103,0.77783203125,-104,0.8359375
15.7924,-103,0.52001953125,-106,0.215576171875,-107,0.310546875,-104,0.8359375
15.8009,-104,0.53271484375,-106,0.215576171875,-107,0.310546875,-106,0.27294921875
15.8160,-101,0.7724609375,-102,0.76318359375,-107,0.1397705078125,-104,0.513671875
15.8261,-101,0.7724609375,-103,0.2088623046875,-106,0.41455078125,-104,0.513671875
15.8315,-101,0.7724609375,-103,0.2088623046875,-106,0.41455078125,-104,0.360595703125
15.8425,-103,0.85205078125,-103,0.2088623046875,-106,0.41455078125,-104,0.360595703125
15.8522,-103,0.85205078125,-103,0.432861328125,-104,0.269775390625,-101,0.6416015625
15.8632,-104,0.2362060546875,-103,0.432861328125,-104,0.269775390625,-101,0.6416015625
15.8741,-104,0.2362060546875,-104,-0.02880859375,-103,0.0968017578125,-101,0.6416015625
15.8840,-102,0.65234375,-104,-0.02880859375,-103,0.0968017578125,-102,0.297607421875
15.8950,-102,0.65234375,-98,-1.0068359375,-94,0.50830078125,-102,0.297607421875
15.9036,-93,-0.71630859375,-98,-1.0068359375,-94,0.50830078125,-98,-0.72607421875
15.9155,-93,-0.71630859375,-97,1.0029296875,-8,0.241943359375,-98,-0.72607421875
15.9248,-93,2.111328125,-97,1.0029296875,-8,0.241943359375,-94,-1.294921875
15.9355,-93,2.111328125,-93,2.4609375,-53,1.1689453125,-94,-1.294921875
15.9443,-80,-1.861328125,-93,2.4609375,-53,1.1689453125,-90,-2.84765625
15.9534,-80,-1.861328125,-91,3.599609375,-25,3.2421875,-90,-2.84765625
15.9660,0,3.453125,-91,3.599609375,-25,3.2421875,-88,3.822265625
15.9754,0,3.453125,-87,4.234375,-50,2.40625,-88,3.822265625
15.9840,-36,3.4453125,-87,4.234375,-50,2.40625,-81,4.56640625
15.9950,-36,3.4453125,-81,-1.291015625,-33,-0.71044921875,-81,4.56640625
16.0044,2,0.11102294921875,-81,-1.291015625,-33,-0.71044921875,-83,-1.677734375
16.0141,2,0.11102294921875,-80,-0.58251953125,-38,-0.2398681640625,-83,-1.677734375
16.0255,-23,-0.75927734375,-80,-0.58251953125,-38,-0.2398681640625,-73,-2.3671875
16.0350,-23,-0.75927734375,-74,-1.306640625,-54,-0.3017578125,-73,-2.3671875
16.0443,-27,-0.59814453125,-74,-1.306640625,-54,-0.3017578125,-74,-1.9970703125
16.0583,-27,-0.59814453125,-66,0.493896484375,-54,-0.3017578125,-74,-1.9970703125
16.0668,-25,-0.6611328125,-66,0.493896484375,-53,-0.2457275390625,-69,-1.93359375
16.0762,-25,-0.6611328125,-65,-0.92529296875,-52,-0.376220703125,-69,-1.93359375
16.0862,-46,-0.826171875,-65,-0.92529296875,-52,-0.376220703125,-65,-1.466796875
16.0969,-46,-0.826171875,-65,-0.5458984375,-49,-0.35400390625,-65,-1.466796875
16.1042,-46,-0.6787109375,-65,-0.5458984375,-49,-0.35400390625,-59,-1.474609375
16.1164,-46,-0.6787109375,-59,-0.5146484375,-49,0.088623046875,-59,-1.474609375
16.1237,-43,-0.77587890625,-59,-0.5146484375,-49,0.088623046875,-58,-1.3330078125
16.1362,-43,-0.77587890625,-56,-0.393798828125,-49,0.088623046875,-58,-1.3330078125
16.1452,-41,-0.61376953125,-56,-0.393798828125,-64,-0.210693359375,-52,-1.4228515625
16.1545,-41,-0.61376953125,-50,-0.470703125,-54,-0.2283935546875,-52,-1.4228515625
16.1620,-39,-0.4111328125,-50,-0.470703125,-54,-0.2283935546875,-50,-1.017578125
16.1740,-39,-0.4111328125,-48,-0.68017578125,-48,-0.2099609375,-50,-1.017578125
16.1832,-51,-0.36669921875,-48,-0.68017578125,-48,-0.2099609375,-46,-1.0107421875
16.1980,-51,-0.36669921875,-46,-0.66748046875,-6,-0.107666015625,-46,-1.0107421875
16.2050,-46,-0.415283203125,-46,-0.66748046875,-6,-0.107666015625,-45,-0.93408203125
16.2187,-46,-0.415283203125,-43,0.181640625,-14,0.11309814453125,-45,-0.93408203125
16.2243,-41,-0.419921875,-43,0.181640625,-14,0.11309814453125,0,-0.78466796875
16.2355,-41,-0.419921875,-6,-0.473876953125,-21,-0.0208740234375,0,-0.78466796875
16.2456,6,-0.1661376953125,-6,-0.473876953125,-21,-0.0208740234375,-10,-0.86083984375
16.2585,6,-0.1661376953125,-9,-0.1861572265625,-24,0.08685302734375,-10,-0.86083984375
16.2641,-9,0.32421875,-9,-0.1861572265625,-24,0.08685302734375,0,-0.50048828125
16.2779,-9,0.32421875,-2,0.65380859375,5,0.1746826171875,0,-0.50048828125
16.2844,-9,0.32421875,-2,0.65380859375,5,0.1746826171875,-5,-0.353515625
16.2990,-12,0.407470703125,-2,0.65380859375,5,0.1746826171875,-5,-0.353515625
16.3054,-12,0.407470703125,-11,-0.397705078125,-13,0.137939453125,-5,-0.353515625
16.3179,-5,0.472412109375,-16,-0.650390625,-12,0.112060546875,-18,-0.326904296875
16.3253,-8,0.24658203125,-16,-0.650390625,-12,0.112060546875,0,-0.349609375
16.3375,-8,0.24658203125,-7,-0.390625,-5,0.165283203125,0,-0.349609375
16.3461,-22,-0.251708984375,-7,-0.390625,-5,0.165283203125,0,-0.2177734375
16.3570,-22,-0.251708984375,-2,-0.53564453125,-2,0.12091064453125,0,-0.2177734375
16.3642,-22,-0.251708984375,-2,-0.53564453125,-2,0.12091064453125,-1,-0.1749267578125
16.3765,-4,-0.2001953125,-2,-0.53564453125,-2,0.12091064453125,-1,-0.1749267578125
16.3832,-2,0.135009765625,-10,-0.34326171875,-8,0.060272216796875,-15,-0.314208984375
16.3963,-2,0.135009765625,-16,-0.73046875,-15,0.044097900390625,-15,-0.314208984375
16.4048,-1,0.180908203125,-16,-0.73046875,-15,0.044097900390625,-13,-0.22314453125
16.4172,-1,0.180908203125,-16,-0.73046875,-10,0.0877685546875,-13,-0.22314453125
16.4228,-1,0.180908203125,-9,0.176513671875,-10,0.0877685546875,-13,-0.22314453125
16.4362,0,0.240478515625,-9,0.176513671875,-10,0.0877685546875,0,-0.171142578125
16.4418,0,0.16845703125,-4,-0.66357421875,-5,0.059600830078125,0,-0.171142578125
16.4562,0,0.16845703125,-4,-0.66357421875,-5,0.059600830078125,0,-0.2108154296875
16.4615,0,0.16845703125,-1,0.189208984375,-3,-0.03009033203125,0,-0.2108154296875
16.4758,0,-0.06396484375,-1,0.189208984375,-3,-0.03009033203125,0,-0.154541015625
16.4859,0,-0.06396484375,0,-0.392822265625,-1,-0.0291290283203125,0,-0.154541015625
16.4960,0,-0.0560302734375,0,-0.392822265625,-1,-0.0291290283203125,0,0.0650634765625
16.5029,0,4.8203125,0,3.849609375,0,2.06640625,0,0.0650634765625
16.5167,0,4.8203125,0,3.849609375,0,2.06640625,0,4.73828125
16.5235,0,4.8203125,1,7.36328125,0,7.0234375,0,4.73828125
16.5375,0,7.875,1,7.36328125,0,7.0234375,1,7.94140625
16.5447,0,7.875,1,7.36328125,12,8.359375,1,7.94140625
16.5580,7,7.90234375,16,8.140625,12,8.359375,15,7.296875
16.5660,7,7.90234375,19,6.7890625,15,7.3359375,15,7.296875
16.5776,17,7.078125,19,6.7890625,15,7.3359375,16,7.5625
16.5890,26,7.30078125,29,6.55078125,10,7.33203125,16,7.5625
16.6020,26,7.30078125,41,5.5859375,25,6.4921875,26,7.48828125
16.6149,38,5.7421875,41,5.5859375,25,6.4921875,40,5.5
16.6219,38,5.7421875,41,5.5859375,43,5.65625,40,5.5
16.6358,53,5.48046875,52,5.734375,43,5.65625,53,5.24609375
16.6442,53,5.48046875,62,5.48828125,55,5.5,53,5.24609375
16.6572,57,7.26171875,62,5.48828125,55,5.5,64,6.94921875
16.6649,57,7.26171875,62,5.48828125,65,5.9609375,64,6.94921875
16.6776,76,6.51953125,71,6.37890625,65,5.9609375,76,7.515625
16.6848,76,6.51953125,71,6.37890625,80,6.83984375,76,7.515625
16.6961,86,8.78125,86,7.41015625,80,6.83984375,87,8.6328125
16.7058,86,8.78125,99,7.8046875,91,7.3515625,87,8.6328125
16.7167,98,8.859375,99,7.8046875,91,7.3515625,98,9.328125
16.7264,98,8.859375,99,7.8046875,105,7.89453125,98,9.328125
16.7345,109,7.44140625,108,7.45703125,105,7.89453125,127,5.1015625
16.7447,109,7.44140625,108,7.45703125,115,6.80859375,127,5.1015625
16.7583,121,6.81640625,122,6.5703125,115,6.80859375,139,5.8046875
16.7669,121,6.81640625,122,6.5703125,128,6.390625,139,5.8046875
16.7776,137,5.56640625,137,5.19140625,128,6.390625,148,5.2421875
16.7847,137,5.56640625,137,5.19140625,142,5.51953125,148,5.2421875
16.7943,148,5.1953125,148,5.21875,142,5.51953125,154,4.88671875
16.8073,148,5.1953125,148,5.21875,153,4.86328125,154,4.88671875
16.8172,148,5.1953125,157,4.76171875,153,4.86328125,154,4.88671875
16.8239,158,4.4765625,157,4.76171875,164,4.60546875,163,4.234375
16.8354,170,4.078125,169,4.05078125,164,4.60546875,163,4.234375
16.8459,170,4.078125,169,4.05078125,173,3.966796875,172,4.125
16.8567,178,4.03515625,176,4.203125,173,3.966796875,183,3.41015625
16.8664,178,4.03515625,176,4.203125,183,3.685546875,183,3.41015625
16.8767,188,3.4140625,187,3.59765625,183,3.685546875,191,3.66796875
16.8994,196,4.171875,197,4.27734375,192,5.62890625,198,4.20703125
16.9048,196,4.171875,197,4.27734375,200,4.171875,198,4.20703125
16.9197,196,4.171875,204,4.19140625,200,4.171875,198,4.20703125
16.9272,204,3.958984375,204,4.19140625,210,4.09765625,206,3.9609375
16.9367,213,4.8828125,211,5.6953125,210,4.09765625,206,3.9609375
16.9586,221,4.6171875,221,4.4140625,215,4.53125,221,5.62109375
16.9686,221,4.6171875,221,4.4140625,227,5.57421875,221,5.62109375
16.9819,221,4.6171875,230,5.09765625,227,5.57421875,221,5.62109375
16.9865,230,5.10546875,230,5.09765625,227,5.57421875,231,4.6015625
16.9988,230,5.10546875,237,4.43359375,233,4.96875,231,4.6015625
17.0082,239,4.40625,237,4.43359375,233,4.96875,239,3.599609375
17.0200,247,5.1484375,246,3.7890625,246,3.611328125,239,3.599609375
17.0279,247,5.1484375,246,3.7890625,246,3.611328125,245,5.3359375
17.0388,247,5.1484375,255,3.89453125,251,4.29296875,245,5.3359375
17.0479,254,3.96875,255,3.89453125,251,4.29296875,254,3.744140625
17.0590,254,3.96875,261,3.51953125,258,3.6328125,254,3.744140625
17.0678,262,3.5703125,261,3.51953125,258,3.6328125,263,2.96484375
17.0780,262,3.5703125,270,2.59375,268,2.990234375,263,2.96484375
17.0860,269,2.76953125,270,2.59375,271,3.443359375,269,2.966796875
17.1021,275,2.85546875,275,2.759765625,282,2.41015625,275,2.501953125
17.1154,275,2.85546875,280,2.337890625,282,2.41015625,275,2.501953125
17.1216,281,2.470703125,280,2.337890625,285,2.005859375,281,2.283203125
17.1396,281,2.470703125,287,2.064453125,285,2.005859375,281,2.283203125
17.1491,286,2.15625,287,2.064453125,288,2.06640625,286,1.7734375
17.1544,286,2.15625,287,2.216796875,288,2.06640625,286,1.7734375
17.1705,290,1.345703125,287,2.216796875,288,2.06640625,289,1.4384765625
17.1742,290,1.345703125,292,1.2607421875,292,1.6083984375,289,1.4384765625
17.1851,290,1.8232421875,292,1.2607421875,292,1.6083984375,291,1.5673828125
17.1950,290,1.8232421875,294,1.48828125,293,1.330078125,291,1.5673828125
17.2077,295,1.3701171875,294,1.48828125,298,1.1162109375,295,1.203125
17.2136,295,1.3701171875,297,1.30859375,298,1.1162109375,295,1.203125
17.2329,298,0.9453125,297,1.30859375,298,1.1162109375,296,1.19921875
17.2342,298,0.9453125,301,0.775390625,297,1.306640625,296,1.19921875
17.2427,296,1.49609375,301,0.775390625,297,1.306640625,298,0.89111328125
17.2539,296,1.49609375,300,0.9736328125,302,0.79541015625,298,0.89111328125
17.2626,296,1.49609375,300,0.9736328125,302,0.79541015625,299,0.9677734375
17.2733,299,0.96826171875,300,0.9736328125,300,0.88427734375,299,0.9677734375
17.2830,300,1.2998046875,300,0.85693359375,300,0.88427734375,300,0.78173828125
17.2940,300,1.2998046875,300,0.85693359375,297,0.6337890625,300,0.78173828125
17.3016,301,0.2978515625,301,0.47900390625,297,0.6337890625,299,0.4462890625
17.3137,301,0.2978515625,300,0.399658203125,300,0.6005859375,299,0.4462890625
17.3223,299,0.4384765625,300,0.399658203125,300,0.6005859375,299,0.53759765625
17.3332,299,0.4384765625,300,0.399658203125,301,0.41943359375,299,0.53759765625
17.3418,299,0.8232421875,301,0.376220703125,301,0.41943359375,300,0.556640625
17.3529,299,0.8232421875,301,0.376220703125,300,0.54443359375,300,0.556640625
17.3622,301,0.10931396484375,302,0.712890625,300,0.54443359375,300,0.556640625
17.3723,301,0.10931396484375,302,0.712890625,300,0.54443359375,298,0.74755859375
17.3809,295,0.9833984375,299,0.64208984375,299,0.55419921875,298,0.74755859375
17.3919,295,0.9833984375,299,0.64208984375,300,0.49560546875,298,0.36328125
17.4019,295,0.9833984375,299,0.66455078125,300,0.49560546875,298,0.36328125
17.4118,299,0.52734375,299,0.66455078125,301,0.4677734375,297,0.4384765625
17.4210,298,0.33740234375,298,0.8017578125,301,0.4677734375,296,0.607421875
17.4324,298,0.33740234375,298,0.8017578125,300,0.5166015625,296,0.607421875
17.4412,296,0.88037109375,298,0.46923828125,300,0.5166015625,296,0.607421875
17.4524,296,0.88037109375,298,0.46923828125,298,0.66015625,297,0.473876953125
17.4630,296,0.88037109375,294,1.0947265625,298,0.66015625,297,0.473876953125
17.4726,297,0.7001953125,294,1.0947265625,298,0.66015625,294,0.92626953125
17.4814,294,0.681640625,298,-0.24755859375,298,0.330810546875,294,0.92626953125
17.4922,294,0.681640625,298,-0.24755859375,298,0.330810546875,293,0.7763671875
17.5039,296,-0.1639404296875,296,0.346435546875,297,0.078369140625,293,0.425048828125
17.5118,296,-0.1639404296875,296,0.346435546875,295,0.61572265625,293,0.425048828125
17.5203,296,-0.1639404296875,296,0.301025390625,295,0.61572265625,293,0.425048828125
17.5328,292,0.5400390625,296,0.301025390625,295,0.3701171875,293,0.81494140625
17.5399,292,0.5400390625,294,0.458984375,295,0.3701171875,293,0.81494140625
17.5539,292,0.87744140625,294,0.458984375,295,0.32568359375,292,0.732421875
17.5603,292,0.87744140625,294,0.6005859375,295,0.32568359375,292,0.732421875
17.5722,295,0.161865234375,294,0.6005859375,291,0.7724609375,290,0.7763671875
17.5809,295,0.161865234375,291,0.79296875,291,0.7724609375,290,0.7763671875
17.5918,288,1.0615234375,291,0.79296875,291,0.7724609375,290,0.6572265625
17.6003,288,1.0615234375,291,0.56884765625,293,0.58544921875,290,0.6572265625
17.6114,291,0.6044921875,291,0.56884765625,294,0.55517578125,289,0.88134765625
17.6254,291,0.6044921875,291,0.61376953125,294,0.55517578125,289,0.88134765625
17.6323,292,0.3212890625,291,0.61376953125,291,0.6611328125,287,0.9521484375
17.6405,292,0.3212890625,290,0.609375,291,0.6611328125,287,0.9521484375
17.6569,287,1.2177734375,290,0.609375,291,0.6611328125,288,0.5478515625
17.6654,287,1.2177734375,288,0.61181640625,289,0.1771240234375,288,0.5478515625
17.6747,283,0.0489501953125,288,0.61181640625,288,-1.609375,286,-0.720703125
17.6851,283,0.0489501953125,284,-0.599609375,288,-1.609375,286,-0.720703125
17.6961,279,-0.6982421875,284,-0.599609375,288,-1.609375,283,-1.15625
17.7056,279,-0.6982421875,284,-0.599609375,271,-1.078125,283,-1.15625
17.7210,276,-1.705078125,278,-1.384765625,271,-1.078125,277,-1.587890625
17.7283,276,-1.705078125,278,-1.384765625,38,16.0,277,-1.587890625
17.7368,273,-2.4921875,275,-2.142578125,38,16.0,269,-2.177734375
17.7451,273,-2.4921875,275,3.171875,94,7.34765625,269,-2.177734375
17.7561,275,-4.1328125,275,3.171875,94,7.34765625,269,-3.3984375
17.7651,275,-4.1328125,269,4.26171875,136,3.830078125,269,-3.3984375
17.7765,267,-4.125,269,4.26171875,136,3.830078125,262,-3.853515625
17.7854,267,-4.125,268,5.203125,167,1.4140625,262,-3.853515625
17.7997,265,5.1875,268,5.203125,167,1.4140625,254,-4.3359375
17.8051,265,5.1875,268,5.203125,180,-0.341552734375,254,-4.3359375
17.8159,256,5.76953125,260,5.5703125,180,-0.341552734375,239,-4.2578125
17.8244,256,5.76953125,260,5.5703125,223,2.041015625,239,-4.2578125
17.8355,256,5.76953125,250,6.26953125,223,2.041015625,239,-4.2578125
17.8499,247,5.88671875,243,6.359375,185,2.998046875,228,-4.70703125
17.8561,236,6.18359375,243,6.359375,185,2.998046875,219,-5.63671875
17.8648,236,6.18359375,232,7.71484375,167,1.15625,219,-5.63671875
17.8755,224,6.3984375,232,7.71484375,167,1.15625,219,-5.63671875
17.8905,224,6.3984375,220,8.3203125,125,1.5498046875,212,-6.765625
17.8995,213,6.875,220,8.3203125,125,1.5498046875,212,-6.765625
17.9047,213,6.875,220,8.3203125,118,1.076171875,199,-5.98828125
17.9157,204,7.40625,207,8.453125,118,1.076171875,191,7.26953125
17.9256,204,7.40625,207,8.453125,134,4.27734375,191,7.26953125
17.9378,204,7.40625,193,8.640625,134,4.27734375,191,7.26953125
17.9448,189,7.828125,193,8.640625,125,5.7734375,176,7.60546875
17.9548,171,7.5,178,8.484375,125,5.7734375,176,7.60546875
17.9648,171,7.5,178,8.484375,105,3.3203125,166,7.83203125
17.9754,64,9.796875,203,13.1015625,105,3.3203125,166,7.83203125
17.9850,64,9.796875,203,13.1015625,36,2.796875,149,8.28125
17.9950,85,3.7890625,64,4.13671875,36,2.796875,149,8.28125
18.0043,85,3.7890625,64,4.13671875,51,3.716796875,17,6.30078125
18.0148,85,3.7890625,56,-1.767578125,51,3.716796875,17,6.30078125
18.0221,40,-1.7060546875,56,-1.767578125,59,-0.984375,49,-3.373046875
18.0355,49,-1.6142578125,86,-1.89453125,59,-0.984375,49,-3.373046875
18.0501,49,-1.6142578125,86,-1.89453125,91,-0.462646484375,61,-3.94921875
18.0555,49,-1.6142578125,91,-1.095703125,91,-0.462646484375,61,-3.94921875
18.0641,71,-1.681640625,91,-1.095703125,89,-0.8271484375,77,-3.126953125
18.0767,71,-1.681640625,95,-1.7275390625,89,-0.8271484375,77,-3.126953125
18.0855,77,-1.271484375,95,-1.7275390625,89,-0.8271484375,81,-3.921875
18.0979,77,-1.271484375,97,-1.35546875,95,-0.23876953125,81,-3.921875
18.1040,86,-1.2783203125,97,-1.35546875,85,-0.52685546875,84,-3.12890625
18.1176,86,-1.2783203125,97,-1.6298828125,85,-0.52685546875,84,-3.12890625
18.1245,87,-0.9130859375,97,-1.6298828125,85,-0.52685546875,91,-2.935546875
18.1370,87,-0.9130859375,96,-1.1611328125,100,-0.244873046875,91,-2.935546875
18.1441,87,-1.091796875,96,-1.1611328125,100,-0.244873046875,85,-2.677734375
18.1581,83,-1.22265625,90,-1.0439453125,93,-0.1793212890625,85,-2.677734375
18.1637,83,-1.22265625,90,-1.0439453125,93,-0.1793212890625,82,-2.515625
18.1747,83,-1.22265625,87,-1.0498046875,84,-0.345947265625,82,-2.515625
18.1835,78,-1.0595703125,87,-1.0498046875,84,-0.345947265625,80,-2.580078125
18.1932,78,-1.0595703125,83,-0.83154296875,77,-0.0924072265625,80,-2.580078125
18.2030,94,-0.88916015625,83,-0.83154296875,77,-0.0924072265625,77,-2.310546875
18.2144,94,-0.88916015625,80,-0.355712890625,73,-0.2340087890625,77,-2.310546875
18.2226,80,-0.6650390625,80,-0.355712890625,73,-0.2340087890625,77,-2.310546875
18.2370,80,-0.6650390625,76,-0.9296875,86,-0.279541015625,74,-2.34765625
18.2455,73,-1.0419921875,76,-0.9296875,86,-0.279541015625,74,-2.34765625
18.2567,73,-1.0419921875,76,-0.9296875,73,0.06805419921875,73,-2.04296875
18.2672,68,-0.8330078125,71,-0.86865234375,73,0.06805419921875,73,-2.04296875
18.2764,68,-0.8330078125,71,-0.86865234375,68,-0.14208984375,67,-1.703125
18.2855,64,-0.81005859375,67,-0.62548828125,68,-0.14208984375,65,-1.5771484375
18.2958,64,-0.81005859375,67,-0.62548828125,62,-0.154296875,65,-1.5771484375
18.3044,59,-0.58740234375,62,-1.0859375,62,-0.154296875,60,-1.6416015625
18.3157,59,-0.58740234375,62,-1.0859375,58,-0.2880859375,60,-1.6416015625
18.3240,54,-0.43603515625,59,-0.59521484375,58,-0.2880859375,57,-1.376953125
18.3385,54,-0.43603515625,59,-0.59521484375,52,-0.1300048828125,57,-1.376953125
18.3450,49,-0.435546875,57,-0.6474609375,52,-0.1300048828125,57,-1.376953125
18.3574,49,-0.435546875,57,-0.6474609375,48,0.091796875,54,-1.267578125
18.3646,59,-0.63623046875,52,-0.1375732421875,48,0.091796875,54,-1.267578125
18.3786,59,-0.63623046875,47,-0.258056640625,46,0.1988525390625,49,-1.28125
18.3832,48,-0.318115234375,47,-0.258056640625,46,0.1988525390625,49,-1.28125
18.3951,48,-0.318115234375,47,-0.258056640625,36,0.1441650390625,47,-0.8837890625
18.4028,44,-0.48876953125,44,-0.4990234375,36,0.1441650390625,47,-0.8837890625
18.4162,44,-0.48876953125,44,-0.4990234375,37,0.1187744140625,45,-0.76806640625
18.4262,12,-0.366943359375,31,-0.291015625,37,0.1187744140625,45,-0.76806640625
18.4346,12,-0.366943359375,31,-0.291015625,-1,0.08868408203125,43,-0.66259765625
18.4439,13,-0.30712890625,11,-0.47705078125,-1,0.08868408203125,43,-0.66259765625
18.4569,13,-0.30712890625,11,-0.47705078125,12,0.09674072265625,-7,-0.5927734375
18.4635,13,-0.30712890625,7,-0.4765625,12,0.09674072265625,-7,-0.5927734375
18.4745,5,-0.1995849609375,7,-0.4765625,12,-0.085205078125,11,-0.5703125
18.4833,12,-0.2127685546875,3,-0.6103515625,12,-0.085205078125,11,-0.5703125
18.4959,12,-0.2127685546875,3,-0.6103515625,1,0.038818359375,12,-0.5341796875
18.5027,15,-0.224365234375,16,0.413330078125,1,0.038818359375,12,-0.5341796875
18.5169,15,-0.224365234375,16,0.413330078125,14,0.07440185546875,0,-0.3505859375
18.5225,15,-0.224365234375,12,0.39013671875,14,0.07440185546875,0,-0.3505859375
18.5343,9,-0.3525390625,12,0.39013671875,15,-0.03057861328125,8,-0.361083984375
18.5419,9,-0.3525390625,2,0.131591796875,15,-0.03057861328125,8,-0.361083984375
18.5532,4,-0.335693359375,2,0.131591796875,0,-0.064697265625,16,-0.248046875
18.5633,4,-0.335693359375,0,-0.544921875,0,-0.064697265625,16,-0.248046875
18.5726,17,-0.286865234375,0,-0.544921875,0,-0.064697265625,5,-0.359619140625
18.5873,18,-0.375,3,-0.009735107421875,0,-0.04217529296875,5,-0.359619140625
18.5927,18,-0.375,3,-0.009735107421875,0,-0.04217529296875,0,0.2822265625
18.6053,18,-0.375,15,-0.33056640625,0,-0.052276611328125,0,0.2822265625
18.6134,3,0.0709228515625,15,-0.33056640625,7,-0.12548828125,0,0.1322021484375
18.6221,3,0.0709228515625,11,-0.828125,7,-0.12548828125,0,0.1322021484375
18.6342,1,-0.216064453125,11,-0.828125,17,0.06451416015625,0,0.09271240234375
18.6424,1,-0.216064453125,4,-0.377197265625,17,0.06451416015625,0,0.09271240234375
18.6542,0,-0.1502685546875,4,-0.377197265625,17,0.06451416015625,0,0.2298583984375
18.6670,0,-0.1502685546875,1,-0.189697265625,0,-0.059234619140625,0,0.2298583984375
18.6786,0,-0.18408203125,1,-0.189697265625,0,0.00487518310546875,0,0.107666015625
18.6843,0,-0.18408203125,0,0.302978515625,0,0.00487518310546875,0,0.107666015625
18.6969,0,0.08111572265625,0,0.302978515625,0,0.00487518310546875,0,0.194091796875
18.7059,0,0.08111572265625,0,-0.1358642578125,0,0.05035400390625,0,0.194091796875
18.7138,0,0.05645751953125,0,-0.1358642578125,0,0.05035400390625,0,0.1466064453125
18.7236,0,0.05645751953125,0,-0.052886962890625,0,-0.04412841796875,0,0.1466064453125
18.7347,0,0.102294921875,0,-0.052886962890625,0,-0.04412841796875,0,0.1116943359375
18.7423,0,0.102294921875,0,0.300048828125,0,0.05401611328125,0,0.1116943359375
18.7541,0,-0.1287841796875,0,0.300048828125,0,0.05401611328125,0,-0.1337890625
18.7663,0,-0.1287841796875,0,-0.368896484375,0,0.0107421875,0,-0.1337890625
18.7738,0,0.14208984375,0,-0.368896484375,0,0.0107421875,0,-0.1337890625
18.7865,0,0.14208984375,0,-0.6533203125,-1,0.034088134765625,0,-0.095703125
18.7962,0,-0.246826171875,0,-0.6533203125,-1,0.034088134765625,0,-0.095703125
18.8035,0,-0.246826171875,0,0.1396484375,-13,0.015960693359375,0,0.07891845703125
18.8143,0,-0.35888671875,0,0.1396484375,-13,0.015960693359375,0,0.07891845703125
18.8226,0,-0.35888671875,0,0.1396484375,-13,-0.071044921875,0,-0.0955810546875
18.8377,0,-0.329833984375,0,-0.336181640625,-13,-0.071044921875,0,-0.0955810546875
18.8440,0,-0.329833984375,0,-0.336181640625,-5,-0.08917236328125,0,-0.2364501953125
18.8583,0,-0.32666015625,0,-0.89111328125,-5,-0.08917236328125,0,-0.2364501953125
18.8700,0,-0.32666015625,0,0.2244873046875,-2,0.0179595947265625,0,0.09722900390625
18.8778,0,0.119140625,0,0.2244873046875,-2,0.0179595947265625,0,0.09722900390625
18.8862,0,0.119140625,0,0.2244873046875,0,0.06304931640625,0,0.10174560546875
18.8974,0,0.086181640625,0,0.29541015625,0,0.06304931640625,0,0.10174560546875
18.9059,0,0.086181640625,0,0.29541015625,0,-0.0151519775390625,0,0.12451171875
18.9170,0,-0.11517333984375,0,0.385986328125,0,-0.0151519775390625,0,0.12451171875
18.9263,0,-0.11517333984375,0,0.385986328125,0,3.580078125,0,0.74951171875
18.9394,-4,4.04296875,-2,4.2109375,0,4.26171875,-5,3.947265625
18.9506,-17,1.8603515625,-16,2.091796875,0,4.26171875,-5,3.947265625
18.9599,-17,1.8603515625,-16,2.091796875,-3,3.181640625,-17,1.923828125
18.9700,0,5.4140625,0,4.484375,-3,3.181640625,-17,1.923828125
18.9793,0,5.4140625,0,4.484375,-17,2.8515625,-3,5.44921875
18.9949,-1,4.11328125,0,4.28125,-17,2.8515625,-3,5.44921875
19.0028,-1,4.11328125,0,4.28125,-17,2.8515625,-1,4.10546875
19.0102,-15,2.5,-9,2.765625,-2,5.43359375,-1,4.10546875
19.0200,-15,2.5,-9,2.765625,-2,5.43359375,-15,2.46875
19.0299,-9,4.296875,-16,3.927734375,-1,4.171875,-15,2.46875
19.0403,-9,4.296875,-16,3.927734375,-1,4.171875,-13,3.669921875
19.0518,-9,4.296875,-8,4.05078125,-15,3.119140625,-13,3.669921875
19.0600,-13,3.244140625,-8,4.05078125,-17,3.751953125,-8,3.53515625
19.0721,-13,3.244140625,-17,4.17578125,-17,3.751953125,-8,3.53515625
19.0808,-18,4.1171875,-17,4.17578125,-28,2.841796875,-19,3.501953125
19.0933,-18,4.1171875,-29,2.66015625,-28,2.841796875,-19,3.501953125
19.1021,-29,2.74609375,-29,2.66015625,-28,2.841796875,-33,2.44921875
19.1173,-29,2.74609375,-37,2.25,-40,1.9580078125,-33,2.44921875
19.1227,-39,2.068359375,-37,2.25,-40,1.9580078125,-33,2.44921875
19.1339,-47,2.123046875,-41,2.751953125,-45,2.52734375,-38,2.693359375
19.1421,-47,2.123046875,-41,2.751953125,-45,2.52734375,-46,4.86328125
19.1555,-56,3.0859375,-57,2.5546875,-49,4.5625,-46,4.86328125
19.1619,-56,3.0859375,-57,2.5546875,-49,4.5625,-56,2.8203125
19.1752,-58,3.501953125,-58,3.24609375,-56,2.875,-56,2.8203125
19.1825,-58,3.501953125,-58,3.24609375,-56,2.875,-60,3.3203125
19.1943,-58,3.501953125,-60,3.15234375,-62,2.822265625,-60,3.3203125
19.2022,-61,4.0234375,-60,3.15234375,-62,2.822265625,-63,3.611328125
19.2170,-61,4.0234375,-65,3.251953125,-65,3.037109375,-63,3.611328125
19.2223,-66,2.900390625,-65,3.251953125,-65,3.037109375,-71,2.578125
19.2350,-66,2.900390625,-69,3.228515625,-71,3.14453125,-71,2.578125
19.2432,-71,3.4609375,-69,3.228515625,-71,3.14453125,-69,3.494140625
19.2552,-71,3.4609375,-72,3.158203125,-75,2.76953125,-69,3.494140625
19.2641,-76,2.814453125,-72,3.158203125,-75,2.76953125,-69,3.494140625
19.2752,-76,2.814453125,-83,1.9453125,-80,2.4296875,-79,2.314453125
19.2839,-80,2.458984375,-83,1.9453125,-80,2.4296875,-81,2.5078125
19.2988,-80,2.458984375,-86,2.357421875,-85,2.076171875,-81,2.5078125
19.3044,-84,2.6875,-86,2.357421875,-85,2.076171875,-81,2.5078125
19.3157,-84,2.6875,-90,1.94921875,-88,2.0859375,-86,2.353515625
19.3247,-91,1.6689453125,-90,1.94921875,-88,2.0859375,-86,2.353515625
19.3373,-91,1.6689453125,-92,2.06640625,-91,1.9892578125,-88,2.6171875
19.3446,-94,1.7783203125,-92,2.06640625,-91,1.9892578125,-95,1.341796875
19.3573,-94,1.7783203125,-92,2.06640625,-94,1.623046875,-95,1.341796875
19.3648,-96,1.2783203125,-97,1.4443359375,-94,1.623046875,-95,2.015625
19.3729,-96,1.2783203125,-97,1.4443359375,-96,1.9189453125,-95,2.015625
19.3826,-97,1.294921875,-97,1.5185546875,-96,1.9189453125,-95,2.015625
19.3924,-97,1.294921875,-100,1.482421875,-100,1.4111328125,-96,1.7646484375
19.4033,-101,1.423828125,-100,1.482421875,-100,1.4111328125,-96,1.7646484375
19.4139,-101,1.423828125,-102,1.3388671875,-101,1.4091796875,-99,1.818359375
19.4226,-104,1.044921875,-102,1.3388671875,-101,1.4091796875,-99,1.818359375
19.4341,-104,1.044921875,-102,1.3388671875,-103,1.1748046875,-100,1.544921875
19.4432,-105,1.0791015625,-105,1.23828125,-103,1.1748046875,-100,1.544921875
19.4543,-105,1.0791015625,-105,1.23828125,-103,1.1748046875,-104,1.421875
19.4627,-104,1.4208984375,-104,1.4833984375,-106,1.0458984375,-104,1.421875
19.4768,-104,1.4208984375,-104,1.4833984375,-106,1.0458984375,-103,1.3759765625
19.4825,-110,0.60595703125,-107,0.876953125,-108,0.74609375,-103,1.3759765625
19.4979,-110,0.60595703125,-107,0.876953125,-108,0.74609375,-106,1.41015625
19.5020,-107,1.3505859375,-106,1.083984375,-107,1.10546875,-106,1.41015625
19.5130,-107,1.3505859375,-106,1.083984375,-111,0.58935546875,-108,0.931640625
19.5208,-108,0.96240234375,-109,0.8125,-111,0.58935546875,-108,0.931640625
19.5351,-108,0.96240234375,-109,0.8125,-108,0.828125,-111,0.6806640625
19.5423,-108,0.63916015625,-111,0.319580078125,-108,0.828125,-111,0.6806640625
19.5538,-108,0.63916015625,-111,0.319580078125,-108,0.828125,-110,0.429931640625
19.5610,-112,0.387939453125,-110,0.6044921875,-112,0.333251953125,-110,0.429931640625
19.5768,-112,0.387939453125,-110,0.6044921875,-112,0.333251953125,-110,0.79736328125
19.5855,-112,0.387939453125,-109,0.5654296875,-107,1.0087890625,-110,0.79736328125
19.5961,-108,0.77099609375,-109,0.5654296875,-107,1.0087890625,-109,0.5244140625
19.6071,-110,0.464599609375,-109,0.6845703125,-112,0.1607666015625,-109,0.5244140625
19.6181,-110,0.464599609375,-109,0.6845703125,-112,0.1607666015625,-109,0.56591796875
19.6236,-110,0.464599609375,-109,0.69287109375,-109,0.7158203125,-109,0.56591796875
19.6392,-109,0.48388671875,-109,0.69287109375,-109,0.7158203125,-108,0.6298828125
19.6435,-109,0.48388671875,-108,0.7548828125,-112,0.480712890625,-108,0.6298828125
19.6597,-111,0.55712890625,-108,0.7548828125,-112,0.480712890625,-109,0.890625
19.6653,-111,0.55712890625,-108,0.7548828125,-107,0.89453125,-109,0.890625
19.6793,-107,0.8486328125,-108,0.7255859375,-107,0.89453125,-107,1.0087890625
19.6879,-107,0.6982421875,-108,0.873046875,-110,0.497314453125,-107,1.0087890625
19.6963,-107,0.6982421875,-108,0.873046875,-110,0.497314453125,-108,0.763671875
19.7073,-107,0.6982421875,-106,0.9267578125,-106,1.0546875,-108,0.763671875
19.7159,-106,0.8046875,-106,0.9267578125,-106,1.0546875,-107,0.93017578125
19.7269,-110,0.70703125,-108,0.875,-108,0.5625,-107,0.93017578125
19.7352,-110,0.70703125,-108,0.875,-108,0.5625,-108,0.8369140625
19.7449,-110,0.70703125,-108,0.875,-105,1.04296875,-108,0.8369140625
19.7586,-106,1.0625,-108,0.86279296875,-105,1.04296875,-105,1.1591796875
19.7634,-106,1.0625,-109,0.55615234375,-109,0.50341796875,-105,1.1591796875
19.7785,-106,0.7587890625,-109,0.55615234375,-109,0.50341796875,-106,1.1591796875
19.7872,-106,0.7587890625,-106,0.98095703125,-106,0.95947265625,-106,1.1591796875
19.7976,-105,1.0263671875,-106,0.98095703125,-106,0.95947265625,-106,1.00390625
19.8073,-105,1.0263671875,-106,0.98095703125,-107,1.111328125,-106,1.00390625
19.8144,-109,0.70751953125,-109,0.60546875,-107,1.111328125,-107,0.95458984375
19.8268,-109,0.70751953125,-109,0.60546875,-105,0.962890625,-107,0.95458984375
19.8393,-105,1.078125,-107,0.83740234375,-105,0.962890625,-105,1.130859375
19.8441,-105,1.078125,-107,0.83740234375,-108,0.80859375,-105,1.130859375
19.8543,-105,1.1455078125,-108,0.417724609375,-108,0.80859375,-106,0.92626953125
19.8633,-105,1.1455078125,-108,0.417724609375,-107,0.75537109375,-106,0.92626953125
19.8880,-107,0.73193359375,-109,0.356689453125,-107,1.021484375,-106,0.81689453125
19.8947,-109,0.86865234375,-109,0.356689453125,-107,1.021484375,-106,1.0166015625
19.9047,-109,0.86865234375,-109,0.356689453125,-104,0.68212890625,-106,1.0166015625
19.9133,-109,0.86865234375,-107,0.80859375,-104,0.68212890625,-106,1.0166015625
19.9217,-106,0.76416015625,-107,0.80859375,-104,0.68212890625,-106,0.81396484375
19.9339,-106,0.76416015625,-109,0.242431640625,-108,0.5810546875,-106,0.81396484375
19.9421,-105,0.97216796875,-109,0.242431640625,-108,0.5810546875,-106,0.97509765625
19.9541,-105,0.97216796875,-106,0.3935546875,-108,0.68115234375,-106,0.97509765625
19.9619,-107,0.2734375,-106,0.3935546875,-108,0.68115234375,-107,0.387451171875
19.9689,-107,0.2734375,-106,0.5263671875,-106,0.68505859375,-107,0.387451171875
19.9817,-107,0.6845703125,-106,0.5263671875,-106,0.68505859375,-106,0.61279296875
19.9936,-107,0.6845703125,-106,0.5263671875,-105,0.70361328125,-106,0.61279296875
20.0024,-104,0.81884765625,-104,0.7783203125,-105,0.70361328125,-104,0.49560546875
20.0133,-104,0.81884765625,-104,0.7783203125,-105,0.31201171875,-104,0.49560546875
20.0219,-102,0.814453125,-107,0.088134765625,-105,0.31201171875,-104,0.75048828125
20.0281,-102,0.814453125,-102,0.560546875,-105,0.379150390625,-104,0.75048828125
20.0415,-104,0.3359375,-102,0.560546875,-105,0.379150390625,-102,0.59033203125
20.0528,-104,0.3359375,-102,0.560546875,-103,0.67919921875,-102,0.59033203125
20.0613,-103,0.49072265625,-104,0.26025390625,-103,0.67919921875,-103,0.359375
20.0727,-103,0.49072265625,-104,0.26025390625,-102,0.48046875,-103,0.359375
20.0810,-100,0.65576171875,-102,0.63330078125,-102,0.48046875,-101,0.78955078125
20.0920,-100,0.65576171875,-102,0.63330078125,-103,0.6298828125,-101,0.78955078125
20.1017,-100,1.2138671875,-103,0.376953125,-103,0.6298828125,-103,0.2220458984375
20.1132,-100,1.2138671875,-103,0.376953125,-100,0.58544921875,-103,0.2220458984375
20.1218,-98,0.77490234375,-100,0.919921875,-100,0.58544921875,-100,0.58935546875
20.1327,-98,0.77490234375,-100,0.919921875,-101,0.76416015625,-100,0.58935546875
20.1413,-100,0.765625,-101,0.435302734375,-101,0.76416015625,-99,0.921875
20.1540,-100,0.765625,-101,0.435302734375,-97,0.90478515625,-99,0.921875
20.1619,-97,1.822265625,-101,0.76953125,-97,0.90478515625,-98,1.6298828125
20.1731,-97,1.822265625,-101,0.76953125,-102,0.8017578125,-98,1.6298828125
20.1813,-101,0.826171875,-101,0.87890625,-102,0.8017578125,-97,1.2412109375
20.1928,-101,0.826171875,-101,0.87890625,-97,1.318359375,-97,1.2412109375
20.2020,-97,1.185546875,-98,1.1162109375,-97,1.318359375,-98,1.11328125
20.2077,-97,1.185546875,-98,1.1162109375,-100,0.70361328125,-98,1.11328125
20.2215,-103,0.5341796875,-100,0.89892578125,-100,0.70361328125,-97,1.39453125
20.2321,-103,0.5341796875,-100,0.89892578125,-96,1.3212890625,-97,1.39453125
20.2385,-98,1.3173828125,-102,1.1669921875,-96,1.3212890625,-100,0.763671875
20.2531,-98,1.3173828125,-102,1.1669921875,-103,0.436767578125,-100,0.763671875
20.2615,-98,1.3173828125,-100,1.009765625,-103,0.436767578125,-99,1.171875
20.2690,-100,1.03515625,-100,1.009765625,-99,1.078125,-99,1.171875
20.2810,-97,1.3583984375,-100,0.94970703125,-99,1.078125,-98,1.1591796875
20.2922,-97,1.3583984375,-100,0.94970703125,-103,0.6064453125,-98,1.1591796875
20.2987,-103,0.63427734375,-99,1.0966796875,-103,0.6064453125,-100,0.857421875
20.3118,-103,0.63427734375,-99,1.0966796875,-98,1.2685546875,-100,0.857421875
20.3213,-103,0.63427734375,-101,1.0771484375,-98,1.2685546875,-100,0.857421875
20.3276,-100,1.240234375,-101,1.0771484375,-104,0.84033203125,-98,0.94189453125
20.3410,-100,1.240234375,-99,1.384765625,-104,0.84033203125,-98,0.94189453125
20.3522,-100,1.255859375,-99,1.384765625,-104,0.84033203125,-100,1.14453125
20.3604,-100,1.255859375,-100,0.85791015625,-102,1.1455078125,-100,1.14453125
20.3730,-99,1.2548828125,-100,0.85791015625,-102,1.1455078125,-98,1.4853515625
20.3814,-99,1.2548828125,-100,0.85791015625,-103,0.73876953125,-98,1.4853515625
20.3892,-102,1.3212890625,-100,1.5908203125,-101,1.4765625,-100,1.396484375
20.4026,-102,1.3212890625,-102,1.3740234375,-101,1.4765625,-100,1.396484375
20.4119,-102,1.224609375,-102,1.3740234375,-101,1.4765625,-101,1.4091796875
20.4200,-102,1.224609375,-101,1.4873046875,-103,1.0068359375,-101,1.4091796875
20.4315,-101,1.13671875,-101,1.4873046875,-103,1.0068359375,-100,1.4638671875
20.4412,-101,1.13671875,-101,1.4873046875,-104,1.060546875,-100,1.4638671875
20.4533,-100,1.314453125,-102,1.2353515625,-104,1.060546875,-101,1.2470703125
20.4617,-100,1.314453125,-103,1.2626953125,-103,1.119140625,-101,1.2470703125
20.4730,-103,1.041015625,-103,1.2626953125,-103,1.119140625,-104,0.94287109375
20.4815,-103,1.041015625,-104,0.62841796875,-104,1.1591796875,-104,0.94287109375
20.4934,-105,0.9453125,-104,0.62841796875,-104,1.1591796875,-103,1.419921875
20.5030,-105,0.9453125,-104,0.62841796875,-104,1.419921875,-103,1.419921875
20.5133,-104,1.3330078125,-105,1.3447265625,-104,1.419921875,-106,0.99462890625
20.5220,-104,1.3330078125,-105,1.3447265625,-107,1.0107421875,-106,0.99462890625
20.5329,-103,1.49609375,-106,1.130859375,-107,1.0107421875,-105,1.2724609375
20.5409,-103,1.49609375,-107,1.0283203125,-106,1.1474609375,-105,1.2724609375
20.5529,-107,0.9228515625,-107,1.0283203125,-106,1.1474609375,-108,0.8046875
20.5611,-107,0.9228515625,-107,1.0283203125,-105,1.2568359375,-108,0.8046875
20.5723,-107,1.095703125,-110,0.7978515625,-105,1.2568359375,-107,0.6904296875
20.5806,-107,1.095703125,-110,0.7978515625,-109,0.85107421875,-107,0.6904296875
20.5917,-108,0.91455078125,-109,1.0341796875,-109,0.85107421875,-107,1.2099609375
20.6011,-108,0.91455078125,-109,1.0341796875,-109,1.00390625,-107,1.2099609375
20.6129,-106,1.2451171875,-108,1.072265625,-109,1.00390625,-106,1.322265625
20.6214,-106,1.2451171875,-108,1.072265625,-109,1.0439453125,-106,1.322265625
20.6324,-110,1.0009765625,-110,0.7939453125,-109,1.0439453125,-108,1.5849609375
20.6410,-110,1.0009765625,-110,0.7939453125,-107,1.017578125,-108,1.5849609375
20.6530,-108,1.1806640625,-112,0.7412109375,-107,1.017578125,-106,1.3837890625
20.6626,-108,1.1806640625,-112,0.7412109375,-111,0.716796875,-106,1.3837890625
20.6737,-109,0.6884765625,-109,1.251953125,-111,0.716796875,-108,1.291015625
20.6836,-109,0.6884765625,-109,1.251953125,-109,0.97900390625,-108,1.291015625
20.6910,-109,0.95166015625,-110,0.7861328125,-109,0.97900390625,-105,1.3173828125
20.7040,-109,0.95166015625,-110,0.7861328125,-110,0.9248046875,-105,1.3173828125
20.7140,-112,0.72607421875,-109,1.1416015625,-110,0.9248046875,-109,1.28125
20.7226,-112,0.72607421875,-109,1.1416015625,-107,1.1474609375,-109,1.28125
20.7345,-110,0.99658203125,-111,0.74951171875,-107,1.1474609375,-108,1.095703125
20.7451,-110,0.99658203125,-111,0.74951171875,-113,0.22607421875,-108,1.095703125
20.7519,-112,0.7255859375,-108,1.255859375,-113,0.22607421875,-110,1.333984375
20.7639,-112,0.7255859375,-108,1.255859375,-110,0.82861328125,-110,1.333984375
20.7747,-109,0.9375,-108,1.1201171875,-110,0.82861328125,-110,1.333984375
20.7826,-109,0.9375,-108,1.1201171875,-109,1.2470703125,-107,1.2421875
20.7941,-111,0.814453125,-107,1.3583984375,-109,1.2470703125,-107,1.2421875
20.8040,-111,0.814453125,-107,1.3583984375,-109,1.2470703125,-110,0.73291015625
20.8133,-109,1.021484375,-109,0.9052734375,-109,1.017578125,-110,0.73291015625
20.8230,-109,1.021484375,-109,0.9052734375,-111,0.92822265625,-109,1.078125
20.8354,-108,0.73046875,-109,0.253662109375,-111,0.92822265625,-109,1.078125
20.8434,-108,0.73046875,-109,0.253662109375,-111,1.0615234375,-111,0.43115234375
20.8553,-110,0.896484375,-110,0.77490234375,-111,1.0615234375,-111,0.43115234375
20.8628,-110,0.896484375,-110,0.77490234375,-111,1.0615234375,-109,0.90576171875
20.8785,-110,1.234375,-110,0.96923828125,-109,1.2353515625,-110,0.83056640625
20.8936,-109,0.98046875,-110,0.98583984375,-111,0.72705078125,-109,1.2421875
20.8996,-109,0.98046875,-110,0.98583984375,-111,0.94873046875,-109,1.2421875
20.9083,-108,1.2529296875,-109,1.0947265625,-111,0.94873046875,-109,1.2421875
20.9194,-108,1.2529296875,-109,1.0947265625,-111,0.94873046875,-110,1.2177734375
20.9304,-109,0.93896484375,-109,1.0947265625,-112,0.56787109375,-110,1.2177734375
20.9390,-109,0.93896484375,-110,0.89306640625,-112,0.56787109375,-109,1.0947265625
20.9500,-111,0.9140625,-110,0.89306640625,-108,1.173828125,-109,1.0947265625
20.9592,-111,0.9140625,-110,1.2490234375,-108,1.173828125,-111,0.572265625
20.9704,-109,1.138671875,-110,1.2490234375,-113,0.465087890625,-111,0.572265625
20.9787,-109,1.138671875,-109,1.0126953125,-113,0.465087890625,-108,1.3203125
20.9889,-108,1.1953125,-109,1.0126953125,-109,1.01953125,-108,1.3203125
20.9996,-108,1.1953125,-109,1.21875,-109,1.01953125,-108,1.3603515625
21.0108,-108,1.1953125,-109,1.21875,-112,0.64013671875,-108,1.3603515625
21.0194,-110,0.86328125,-109,1.0458984375,-112,0.64013671875,-109,1.0380859375
21.0312,-110,0.86328125,-109,1.0458984375,-107,1.08984375,-109,1.0380859375
21.0398,-109,1.1181640625,-110,0.79833984375,-107,1.08984375,-110,0.89794921875
21.0510,-109,1.1181640625,-110,0.79833984375,-112,0.5986328125,-110,0.89794921875
21.0639,-108,0.943359375,-110,0.93017578125,-110,0.96826171875,-109,1.1962890625
21.0725,-108,1.052734375,-109,1.1181640625,-110,0.96826171875,-109,1.4404296875
21.0871,-108,1.052734375,-109,1.1181640625,-110,1.103515625,-109,1.4404296875
21.0928,-113,0.572265625,-113,0.53955078125,-110,1.103515625,-110,0.607421875
21.1039,-113,0.572265625,-113,0.53955078125,-106,0.98681640625,-110,0.607421875
21.1148,-110,1.09375,-112,0.79638671875,-106,0.98681640625,-109,0.78466796875
21.1254,-110,1.09375,-112,0.79638671875,-112,0.60888671875,-109,0.78466796875
21.1340,-110,0.68017578125,-112,0.21435546875,-112,0.60888671875,-110,0.62158203125
21.1450,-110,0.68017578125,-112,0.21435546875,-110,0.72900390625,-110,0.62158203125
21.1538,-109,0.748046875,-110,0.76708984375,-110,0.72900390625,-109,0.8828125
21.1651,-109,0.748046875,-110,0.76708984375,-110,0.97119140625,-109,0.8828125
21.1734,-112,0.5986328125,-110,0.580078125,-110,0.97119140625,-109,0.9462890625
21.1872,-112,0.5986328125,-110,0.580078125,-109,0.830078125,-109,0.9462890625
21.1929,-109,0.759765625,-109,1.1240234375,-109,0.830078125,-110,0.892578125
21.2043,-109,0.759765625,-109,1.1240234375,-111,0.76611328125,-110,0.892578125
21.2123,-109,0.68798828125,-112,0.406982421875,-111,0.76611328125,-110,0.611328125
21.2239,-109,0.68798828125,-112,0.406982421875,-113,0.6259765625,-110,0.611328125
21.2325,-109,0.6640625,-109,0.73291015625,-113,0.6259765625,-108,1.0322265625
21.2447,-109,0.6640625,-109,0.73291015625,-108,1.1015625,-108,1.0322265625
21.2518,-112,0.8447265625,-111,0.83154296875,-108,1.1015625,-109,0.8056640625
21.2661,-112,0.8447265625,-111,0.83154296875,-112,0.451904296875,-109,0.8056640625
21.2730,-109,0.85009765625,-109,0.87353515625,-112,0.451904296875,-108,1.119140625
21.2826,-109,0.85009765625,-109,0.87353515625,-109,0.9072265625,-108,1.119140625
21.2933,-108,1.5087890625,-109,0.787109375,-109,0.9072265625,-111,0.6005859375
21.3052,-108,1.5087890625,-109,0.787109375,-113,0.412841796875,-111,0.6005859375
21.3106,-108,0.92138671875,-110,0.7314453125,-113,0.412841796875,-109,0.97412109375
21.3244,-108,0.92138671875,-110,0.7314453125,-108,1.0302734375,-109,0.97412109375
21.3328,-110,0.84814453125,-110,0.4853515625,-108,1.0302734375,-109,0.97412109375
21.3392,-110,0.84814453125,-110,0.4853515625,-113,0.323974609375,-108,1.0830078125
21.3525,-107,1.033203125,-108,0.962890625,-113,0.323974609375,-108,1.0830078125
21.3637,-107,1.033203125,-108,0.962890625,-113,0.323974609375,-108,1.0517578125
21.3707,-108,0.94287109375,-109,0.90576171875,-108,0.93994140625,-108,0.966796875
21.3851,-108,0.94287109375,-109,0.90576171875,-112,0.407958984375,-108,0.966796875
21.3933,-110,0.685546875,-109,0.888671875,-112,0.407958984375,-108,0.966796875
21.3996,-110,0.685546875,-109,0.888671875,-106,1.0830078125,-109,0.8759765625
21.4108,-110,0.94287109375,-111,0.751953125,-106,1.0830078125,-109,0.8759765625
21.4243,-110,0.94287109375,-111,0.751953125,-106,1.0830078125,-108,0.7060546875
21.4307,-109,0.83349609375,-110,0.83544921875,-112,0.1983642578125,-108,0.7060546875
21.4448,-109,0.83349609375,-110,0.83544921875,-112,0.1983642578125,-108,1.072265625
21.4534,-108,1.05078125,-110,0.83544921875,-110,0.75634765625,-108,1.072265625
21.4648,-108,1.05078125,-110,1.3251953125,-110,0.75634765625,-108,1.1806640625
21.4740,-110,0.767578125,-110,0.5771484375,-110,0.80322265625,-108,1.1806640625
21.4850,-110,0.767578125,-110,0.5771484375,-110,0.80322265625,-110,0.728515625
21.4904,-109,0.9609375,-110,0.5771484375,-107,0.97900390625,-110,0.728515625
21.5048,-109,0.9609375,-110,0.775390625,-107,0.97900390625,-108,1.0263671875
21.5130,-109,0.9609375,-110,0.775390625,-111,0.71337890625,-108,1.0263671875
21.5242,-109,0.42041015625,-110,0.414794921875,-111,0.71337890625,-109,0.56103515625
21.5340,-107,0.765625,-110,0.414794921875,-108,0.716796875,-109,0.56103515625
21.5461,-107,0.765625,-109,1.033203125,-108,0.716796875,-107,1.0615234375
21.5524,-109,0.324951171875,-109,1.033203125,-109,0.47216796875,-107,1.0615234375
21.5656,-109,0.324951171875,-108,0.5029296875,-109,0.47216796875,-108,0.477294921875
21.5743,-109,0.324951171875,-108,0.5029296875,-106,0.634765625,-108,0.477294921875
21.5853,-108,0.80224609375,-107,0.62158203125,-106,0.634765625,-108,0.68798828125
21.5936,-108,0.80224609375,-107,0.62158203125,-110,0.298828125,-108,0.68798828125
21.6058,-107,0.66162109375,-108,0.5263671875,-110,0.298828125,-107,0.9521484375
21.6158,-107,0.66162109375,-108,0.5263671875,-107,0.301513671875,-107,0.9521484375
21.6269,-105,0.468017578125,-106,0.6904296875,-107,0.301513671875,-105,0.69775390625
21.6355,-105,0.468017578125,-106,0.6904296875,-107,0.38818359375,-105,0.69775390625
21.6432,-107,0.28662109375,-105,0.3125,-107,0.38818359375,-104,0.82080078125
21.6572,-107,0.28662109375,-105,0.3125,-104,0.4296875,-104,0.82080078125
21.6692,-105,0.56298828125,-104,0.64111328125,-104,0.4296875,-104,0.82080078125
21.6768,-105,0.56298828125,-104,0.64111328125,-107,0.0750732421875,-104,0.54736328125
21.6882,-103,0.6396484375,-103,0.5322265625,-107,0.0750732421875,-104,0.54736328125
21.6962,-103,0.6396484375,-103,0.5322265625,-104,0.427978515625,-103,0.830078125
21.7045,-102,0.7763671875,-104,0.47216796875,-104,0.427978515625,-103,0.830078125
21.7159,-102,0.7763671875,-104,0.47216796875,-104,0.441162109375,-102,0.53564453125
21.7299,-105,0.51171875,-104,0.47216796875,-104,0.441162109375,-102,0.53564453125
21.7363,-105,0.51171875,-102,0.469970703125,-102,1.3359375,-102,0.7509765625
21.7480,-102,1.2177734375,-103,1.0361328125,-102,1.3359375,-102,0.7509765625
21.7570,-102,1.2177734375,-103,1.0361328125,-104,0.931640625,-102,0.71435546875
21.7641,-100,1.2177734375,-101,1.3681640625,-104,0.931640625,-102,0.71435546875
21.7761,-100,1.2177734375,-101,1.3681640625,-102,0.87451171875,-102,0.84814453125
21.7874,-99,1.162109375,-101,1.3681640625,-102,0.87451171875,-102,0.84814453125
21.7949,-99,1.162109375,-102,0.765625,-102,1.07421875,-99,1.408203125
21.8069,-103,0.701171875,-102,0.765625,-102,1.07421875,-99,1.408203125
21.8151,-103,0.701171875,-101,1.318359375,-102,1.07421875,-104,0.57373046875
21.8266,-102,1.09375,-101,1.318359375,-100,0.994140625,-104,0.57373046875
21.8356,-102,1.09375,-103,0.904296875,-104,0.76904296875,-99,1.1787109375
21.8472,-101,1.0712890625,-103,0.904296875,-104,0.76904296875,-99,1.1787109375
21.8549,-101,1.0712890625,-102,1.216796875,-101,0.3505859375,-106,0.339599609375
21.8672,-99,0.96728515625,-102,1.216796875,-101,0.3505859375,-106,0.339599609375
21.8752,-99,0.96728515625,-102,0.78125,-101,0.3505859375,-98,1.271484375
21.8902,-101,0.69482421875,-102,0.78125,-102,0.646484375,-98,1.271484375
21.9005,-101,0.69482421875,-100,0.93701171875,-98,0.97216796875,-107,-0.341796875
21.9093,-102,0.6962890625,-100,0.93701171875,-98,0.97216796875,-107,-0.341796875
21.9181,-102,0.6962890625,-102,0.270751953125,-102,0.053924560546875,-98,0.78662109375
21.9287,-99,0.83935546875,-102,0.270751953125,-102,0.053924560546875,-98,0.78662109375
21.9373,-99,0.83935546875,-99,0.6572265625,-102,0.053924560546875,-101,0.30078125
21.9453,-99,1.0068359375,-99,0.6572265625,-99,0.69970703125,-101,0.30078125
21.9585,-99,1.0068359375,-100,0.75244140625,-99,0.69970703125,-101,0.58544921875
21.9716,-98,0.736328125,-100,0.75244140625,-102,0.3505859375,-101,0.58544921875
21.9771,-98,0.736328125,-99,0.463623046875,-102,0.3505859375,-99,0.314697265625
21.9884,-100,0.34130859375,-99,0.463623046875,-96,0.72900390625,-99,0.314697265625
21.9971,-100,0.34130859375,-99,0.43505859375,-96,0.72900390625,-98,0.72509765625
22.0033,-97,0.67919921875,-99,0.43505859375,-99,0.327392578125,-98,0.72509765625
22.0165,-97,0.67919921875,-97,0.60107421875,-99,0.327392578125,-95,0.82763671875
22.0275,-97,0.67919921875,-97,0.60107421875,-98,0.62744140625,-95,0.82763671875
22.0362,-98,0.51220703125,-98,0.5830078125,-98,0.62744140625,-99,0.53369140625
22.0495,-98,0.51220703125,-98,0.5830078125,-98,0.456298828125,-99,0.53369140625
22.0589,-95,1.0234375,-97,0.62744140625,-98,0.456298828125,-99,0.53369140625
22.0672,-98,0.64697265625,-97,0.62744140625,-96,0.82763671875,-94,0.9580078125
22.0779,-98,0.64697265625,-96,0.55322265625,-96,0.82763671875,-94,0.9580078125
22.0903,-98,0.64697265625,-96,0.55322265625,-94,0.7421875,-95,0.89501953125
22.0991,-95,1.060546875,-95,0.83251953125,-94,0.7421875,-95,0.89501953125
22.1102,-95,1.060546875,-95,0.83251953125,-97,0.65625,-96,0.5546875
22.1187,-95,0.7529296875,-95,0.634765625,-97,0.65625,-96,0.5546875
22.1309,-95,0.7529296875,-95,0.634765625,-94,0.83154296875,-93,1.048828125
22.1397,-93,0.9970703125,-93,1.015625,-94,0.83154296875,-93,1.048828125
22.1511,-93,0.9970703125,-93,1.015625,-95,0.64990234375,-94,0.9931640625
22.1571,-95,0.8134765625,-95,0.54052734375,-95,0.64990234375,-94,0.9931640625
22.1710,-95,0.8134765625,-95,0.54052734375,-92,0.97802734375,-94,0.9541015625
22.1797,-96,0.8251953125,-95,0.54052734375,-92,0.97802734375,-94,0.9541015625
22.1913,-96,0.8251953125,-95,1.0205078125,-98,0.60205078125,-93,1.05859375
22.1994,-93,1.18359375,-95,1.0205078125,-98,0.60205078125,-93,1.05859375
22.2115,-93,1.18359375,-94,1.3134765625,-94,1.07421875,-93,1.43359375
22.2177,-93,0.93408203125,-93,1.1162109375,-94,1.07421875,-93,1.43359375
22.2308,-93,0.93408203125,-93,1.1162109375,-97,0.35595703125,-93,1.0224609375
22.2397,-93,0.9052734375,-93,1.1162109375,-97,0.35595703125,-93,1.0224609375
22.2484,-93,0.9052734375,-94,0.7919921875,-93,1.04296875,-94,1.0185546875
22.2603,-97,0.38232421875,-94,0.7919921875,-93,1.04296875,-94,1.0185546875
22.2717,-97,0.38232421875,-95,0.57763671875,-93,1.04296875,-93,0.96728515625
22.2799,-94,1.04296875,-95,0.57763671875,-96,0.64990234375,-93,0.96728515625
22.2892,-94,1.04296875,-94,0.99853515625,-96,0.81005859375,-95,0.62841796875
22.3012,-94,0.7841796875,-94,0.99853515625,-96,0.81005859375,-95,0.62841796875
22.3117,-94,0.7841796875,-98,0.5087890625,-96,0.81005859375,-94,0.5419921875
22.3205,-94,0.67529296875,-98,0.5087890625,-95,0.46923828125,-94,0.5419921875
22.3310,-94,0.67529296875,-94,0.75146484375,-95,0.46923828125,-93,1.0087890625
22.3410,-93,0.64453125,-94,0.75146484375,-93,1.07421875,-93,1.0087890625
22.3511,-93,0.64453125,-96,0.453857421875,-93,1.07421875,-96,0.546875
22.3600,-93,0.77685546875,-96,0.453857421875,-90,0.88916015625,-96,0.546875
22.3671,-93,0.77685546875,-95,0.671875,-90,0.88916015625,-94,0.9013671875
22.3817,-90,0.02008056640625,-95,0.671875,-95,0.423095703125,-94,0.9013671875
22.3922,-90,0.02008056640625,-94,0.16943359375,-95,0.423095703125,-94,0.9013671875
22.3985,-90,0.08099365234375,-94,0.16943359375,-89,0.75048828125,-91,0.73974609375
22.4129,-90,0.08099365234375,-91,0.059967041015625,-89,0.75048828125,-91,0.73974609375
22.4215,-85,-1.142578125,-91,0.059967041015625,-89,0.57763671875,-90,-0.91015625
22.4328,-85,-1.142578125,-84,0.4990234375,-89,0.57763671875,-90,-0.91015625
22.4409,-79,1.4921875,-84,0.4990234375,-79,0.54345703125,-85,-1.2900390625
22.4532,-79,1.4921875,-82,1.658203125,-79,0.54345703125,-85,-1.2900390625
22.4596,-79,2.685546875,-82,1.658203125,-14,5.5703125,-86,-2.60546875
22.4729,-79,2.685546875,-80,3.599609375,-14,5.5703125,-86,-2.60546875
22.4810,-79,2.685546875,-80,3.599609375,-34,0.875,-82,-3.494140625
22.4931,-76,5.26171875,-76,-1.1787109375,-34,0.875,-82,-3.494140625
22.5019,-77,-0.53369140625,-76,-1.1787109375,-12,-0.34375,-77,-2.298828125
22.5127,-77,-0.53369140625,-75,-1.0712890625,-12,-0.34375,-77,-2.298828125
22.5197,-73,-0.87451171875,-75,-1.0712890625,-28,-0.27783203125,-72,-1.87109375
22.5327,-73,-0.87451171875,-70,-0.556640625,-28,-0.27783203125,-72,-1.87109375
22.5427,-73,-0.87451171875,-70,-0.556640625,-33,-0.1822509765625,-69,-1.68359375
22.5522,-50,-0.9091796875,-66,-0.59716796875,-33,-0.1822509765625,-69,-1.68359375
22.5605,-50,-0.9091796875,-66,-0.59716796875,-36,-0.366943359375,-64,-1.833984375
22.5717,-66,-0.79052734375,-64,-1.0185546875,-36,-0.366943359375,-64,-1.833984375
22.5779,-66,-0.79052734375,-64,-1.0185546875,-50,-0.3310546875,-61,-1.4638671875
22.5913,-58,-0.64453125,-61,-0.8974609375,-50,-0.3310546875,-61,-1.4638671875
22.5996,-58,-0.64453125,-61,-0.8974609375,-50,-0.3310546875,-58,-1.5908203125
22.6061,-54,-0.239501953125,-57,-0.73681640625,-49,-0.2047119140625,-58,-1.5908203125
22.6198,-54,-0.239501953125,-57,-0.73681640625,-48,-0.1307373046875,-56,-1.611328125
22.6304,-48,-0.37890625,-57,-0.73681640625,-48,-0.1307373046875,-56,-1.611328125
22.6394,-48,-0.37890625,-53,-0.408935546875,-31,-0.2242431640625,-52,-1.0673828125
22.6539,-45,-0.393310546875,-53,-0.408935546875,-31,-0.2242431640625,-52,-1.0673828125
22.6649,-45,-0.393310546875,-49,-0.79248046875,-31,-0.2242431640625,-50,-0.990234375
22.6760,-56,-0.391357421875,-49,-0.79248046875,-33,-0.2294921875,-50,-0.990234375
22.6842,-56,-0.391357421875,-46,-0.32421875,-33,-0.2294921875,-11,-0.79052734375
22.6954,-47,-0.28955078125,-46,-0.32421875,-31,-0.1583251953125,-11,-0.79052734375
22.7040,-47,-0.28955078125,-44,-0.51904296875,-31,-0.1583251953125,-17,-0.81689453125
22.7150,-43,-0.35009765625,-44,-0.51904296875,-30,-0.1197509765625,-17,-0.81689453125
22.7251,-43,-0.35009765625,2,-0.341796875,-30,-0.1197509765625,0,-0.72314453125
22.7420,7,0.05706787109375,-10,0.273681640625,-10,-0.10418701171875,-10,-0.62353515625
22.7509,-8,0.2763671875,-10,0.273681640625,-19,0.07794189453125,-10,-0.62353515625
22.7594,-8,0.2763671875,-9,-0.1456298828125,-19,0.07794189453125,-15,-0.340576171875
22.7708,-14,-0.271484375,-9,-0.1456298828125,-18,0.075439453125,-15,-0.340576171875
22.7791,-14,-0.271484375,-2,0.548828125,-18,0.075439453125,-2,-0.388916015625
22.7906,-7,0.174072265625,-2,0.548828125,-8,0.09002685546875,-2,-0.388916015625
22.7984,-7,0.174072265625,-2,0.34765625,-8,0.09002685546875,0,-0.1268310546875
22.8097,-2,-0.213623046875,-2,0.34765625,-3,0.032012939453125,0,-0.1268310546875
22.8183,-2,-0.213623046875,-15,0.33642578125,-3,0.032012939453125,0,0.146728515625
22.8292,-1,-0.12359619140625,-15,0.33642578125,-2,-0.08074951171875,0,0.146728515625
22.8381,-1,-0.12359619140625,-13,-0.5166015625,-2,-0.08074951171875,-5,0.077392578125
22.8489,0,0.111328125,-13,-0.5166015625,-14,0.039093017578125,-5,0.077392578125
22.8581,0,0.111328125,-6,0.544921875,-14,0.039093017578125,-17,0.2998046875
22.8685,0,0.175048828125,-6,0.544921875,-14,-0.00824737548828125,-17,0.2998046875
22.8771,0,0.175048828125,-2,0.75048828125,-14,-0.00824737548828125,-9,0.157958984375
22.8882,0,0.1151123046875,-2,0.75048828125,-8,-0.0614013671875,-9,0.157958984375
22.8966,0,0.1151123046875,-1,-0.32421875,-8,-0.0614013671875,-2,-0.029541015625
22.9030,0,-0.0228271484375,-1,-0.32421875,-4,-0.0499267578125,-2,-0.029541015625
22.9169,0,-0.0228271484375,0,0.61376953125,-4,-0.0499267578125,0,-0.046142578125
22.9296,0,-0.0228271484375,0,0.61376953125,0,-0.1038818359375,0,-0.046142578125
22.9401,0,-0.333984375,0,0.93212890625,0,-0.1038818359375,0,-0.1934814453125
22.9475,0,0.1414794921875,0,0.93212890625,0,-0.012054443359375,0,-0.1934814453125
22.9603,0,0.1414794921875,0,-0.10223388671875,0,-0.012054443359375,13,-0.3623046875
22.9676,0,-0.24755859375,0,-0.10223388671875,15,-0.044342041015625,13,-0.3623046875
22.9792,0,-0.24755859375,0,0.433837890625,15,-0.044342041015625,14,-0.254638671875
22.9905,0,-0.24755859375,0,0.433837890625,15,0.03704833984375,14,-0.254638671875
22.9981,0,-0.217041015625,0,0.7265625,15,0.03704833984375,0,-0.0369873046875
23.0120,0,-0.217041015625,0,0.7265625,3,0.02911376953125,0,-0.0369873046875
23.0185,0,0.0887451171875,5,-1.01953125,3,0.02911376953125,0,-0.0369873046875
23.0264,0,0.0887451171875,5,-1.01953125,1,-0.020172119140625,0,0.057159423828125
23.0391,0,0.16845703125,18,-0.1351318359375,1,-0.020172119140625,0,0.057159423828125
23.0500,0,0.16845703125,18,-0.1351318359375,1,-0.020172119140625,0,-0.24609375
23.0581,0,-0.0240631103515625,1,-0.305419921875,0,0.1387939453125,0,-0.24609375
23.0702,0,-0.0240631103515625,1,-0.305419921875,0,0.1387939453125,0,0.0665283203125
23.0787,0,0.14111328125,1,-0.305419921875,0,0.1387939453125,0,0.0665283203125
23.0869,0,0.14111328125,0,0.393798828125,0,-0.039794921875,0,0.04473876953125
23.0983,0,-0.37841796875,0,-0.69189453125,0,-0.039794921875,0,0.04473876953125
23.1095,0,-0.37841796875,0,-0.69189453125,0,-0.039794921875,0,0.0843505859375
23.1170,0,0.026336669921875,0,-0.0499267578125,0,-0.060516357421875,0,0.0843505859375
23.1289,0,0.026336669921875,0,-0.0499267578125,0,-0.060516357421875,0,-0.216064453125
23.1411,0,-0.0242767333984375,0,-0.0499267578125,0,0.0298309326171875,0,-0.216064453125
23.1467,0,-0.0242767333984375,0,0.259033203125,0,-0.01416015625,0,-0.1651611328125
23.1587,0,0.2047119140625,0,0.259033203125,0,-0.01416015625,0,-0.1651611328125
23.1696,0,0.2047119140625,0,-0.6572265625,0,-0.01416015625,0,-0.2203369140625
23.1796,0,0.09942626953125,0,-0.6572265625,0,-0.0634765625,0,-0.2203369140625
23.1910,0,0.09942626953125,0,0.373291015625,0,-0.0634765625,0,-0.3935546875
23.1990,0,-0.422607421875,0,0.373291015625,0,-0.057861328125,0,-0.3935546875
23.2102,0,-0.422607421875,0,0.181640625,0,-0.057861328125,0,0.07403564453125
23.2186,0,-0.0242767333984375,0,0.181640625,0,0.0069122314453125,0,0.07403564453125
23.2298,0,-0.0242767333984375,0,0.05712890625,0,0.0069122314453125,0,-0.3076171875
23.2401,0,0.09759521484375,0,0.05712890625,0,0.00713348388671875,0,-0.3076171875
23.2502,0,0.09759521484375,0,0.291015625,0,0.00713348388671875,0,-0.1409912109375
23.2588,0,0.078857421875,0,0.291015625,0,-0.057098388671875,0,-0.1409912109375
23.2724,0,0.078857421875,0,-0.1790771484375,0,-0.057098388671875,0,-0.0221710205078125
23.2801,0,-0.4091796875,0,-0.1790771484375,0,0.07598876953125,0,-0.0221710205078125
23.2915,0,-0.4091796875,0,0.337158203125,0,0.07598876953125,0,-0.300537109375
23.2988,0,0.2578125,0,0.337158203125,0,-0.04473876953125,0,-0.300537109375
23.3107,0,0.2578125,0,-0.5537109375,0,-0.04473876953125,0,0.202880859375
23.3191,0,0.12347412109375,0,-0.5537109375,0,0.052825927734375,0,0.202880859375
23.3302,0,0.12347412109375,0,0.125732421875,0,0.052825927734375,0,0.205810546875
23.3397,0,0.12445068359375,0,0.125732421875,0,0.053985595703125,0,0.205810546875
23.3510,0,0.12445068359375,0,0.46630859375,0,0.053985595703125,0,0.1287841796875
23.3586,0,-0.2147216796875,0,0.46630859375,0,-0.046478271484375,0,0.1287841796875
23.3715,0,-0.2147216796875,0,-0.6240234375,0,-0.046478271484375,0,-0.1983642578125
23.3790,0,-0.2147216796875,0,-0.6240234375,0,-0.048370361328125,0,-0.1983642578125
23.3901,0,0.275634765625,0,-0.033050537109375,0,-0.048370361328125,0,-0.109130859375
23.3985,0,0.275634765625,0,-0.033050537109375,0,0.01346588134765625,0,-0.109130859375
23.4098,0,-0.24267578125,0,0.302978515625,0,0.01346588134765625,0,0.168701171875
23.4181,0,-0.24267578125,0,0.302978515625,0,-0.046722412109375,0,0.168701171875
23.4291,0,0.2347412109375,0,0.290283203125,0,-0.046722412109375,0,-0.052459716796875
23.4397,0,0.2347412109375,0,0.290283203125,0,0.01496124267578125,0,-0.052459716796875
23.4488,0,0.16796875,0,0.09893798828125,0,0.01496124267578125,0,0.2003173828125
23.4583,0,0.16796875,0,0.09893798828125,0,-0.03271484375,0,0.2003173828125
23.4694,0,-0.0802001953125,0,0.4072265625,0,-0.03271484375,0,0.1142578125
23.4771,0,-0.0802001953125,0,0.4072265625,0,-0.032623291015625,0,0.1142578125
23.4857,0,0.11956787109375,0,-0.1729736328125,0,-0.032623291015625,0,-0.263671875
23.4975,0,0.11956787109375,0,-0.1729736328125,0,-0.067626953125,0,-0.263671875
23.5055,0,0.11126708984375,0,-0.23583984375,0,-0.067626953125,0,0.031829833984375
23.5208,0,0.11126708984375,0,-0.23583984375,0,0.07177734375,0,0.031829833984375
23.5293,0,0.1414794921875,0,-0.410888671875,0,0.07177734375,0,0.031829833984375
23.5380,0,0.1414794921875,0,-0.410888671875,0,2.001953125,0,0.1494140625
23.5495,0,4.1015625,0,2.392578125,0,2.001953125,0,0.1494140625
23.5583,0,4.1015625,0,2.392578125,0,2.001953125,0,2.841796875
23.5689,3,5.95703125,1,7.1953125,0,5.1953125,0,2.841796875
23.5790,3,5.95703125,1,7.1953125,0,5.1953125,6,6.5
23.5902,14,8.8515625,1,7.1953125,15,8.3671875,6,6.5
23.5985,14,8.8515625,15,9.28125,15,8.3671875,17,9.9609375
23.6108,18,13.15625,20,12.6328125,17,12.859375,17,9.9609375
23.6191,18,13.15625,20,12.6328125,17,12.859375,23,11.703125
23.6273,38,12.53125,36,14.6484375,28,13.265625,23,11.703125
23.6399,38,12.53125,36,14.6484375,28,13.265625,36,14.0859375
23.6524,64,12.0234375,36,14.6484375,46,14.1171875,36,14.0859375
23.6631,64,12.0234375,67,11.3125,46,14.1171875,57,12.34375
23.6736,105,13.171875,67,11.3125,69,15.0,57,12.34375
23.6819,105,13.171875,120,12.484375,69,15.0,87,13.828125
23.6994,134,11.7265625,184,7.51953125,87,14.1953125,99,14.71875
23.7108,177,10.125,184,7.51953125,100,14.859375,99,14.71875
23.7191,177,10.125,238,3.564453125,100,14.859375,112,14.7265625
23.7310,233,5.625,238,3.564453125,122,15.5,112,14.7265625
23.7421,233,5.625,263,4.67578125,122,15.5,129,14.2421875
23.7520,208,10.0703125,263,4.67578125,139,13.5703125,129,14.2421875
23.7606,208,10.0703125,256,5.9609375,139,13.5703125,150,12.828125
23.7738,208,10.0703125,256,5.9609375,157,12.7578125,150,12.828125
23.7818,209,9.6953125,249,6.4609375,157,12.7578125,198,8.3359375
23.7924,226,7.734375,249,6.4609375,176,11.71875,198,8.3359375
23.8012,226,7.734375,246,7.23828125,176,11.71875,224,9.28125
23.8128,237,7.75,246,7.23828125,193,10.8203125,224,9.28125
23.8223,237,7.75,254,6.10546875,193,10.8203125,228,8.46875
23.8330,237,7.75,254,6.10546875,216,9.1328125,228,8.46875
23.8416,245,6.9375,257,6.37890625,216,9.1328125,242,7.78515625
23.8543,255,6.58203125,257,6.37890625,231,8.3515625,242,7.78515625
23.8612,255,6.58203125,265,5.7109375,231,8.3515625,252,6.6875
23.8719,267,5.765625,265,5.7109375,249,7.29296875,252,6.6875
23.8806,267,5.765625,274,4.99609375,249,7.29296875,263,6.26953125
23.8922,267,5.765625,274,4.99609375,267,5.6015625,263,6.26953125
23.8998,277,4.90234375,282,4.25,267,5.6015625,277,5.1640625
23.9128,277,4.90234375,282,4.25,275,5.41796875,277,5.1640625
23.9215,287,4.2265625,292,4.390625,275,5.41796875,277,5.1640625
23.9372,296,4.1171875,302,3.85546875,287,5.23828125,298,3.798828125
23.9502,304,3.92578125,302,3.85546875,300,4.50390625,298,3.798828125
23.9568,304,3.92578125,310,3.0625,300,4.50390625,298,3.798828125
23.9656,304,3.92578125,310,3.0625,300,4.50390625,305,4.05078125
23.9751,312,3.251953125,310,3.0625,308,3.78515625,305,4.05078125
23.9854,312,3.251953125,314,3.06640625,308,3.78515625,315,3.263671875
23.9963,320,2.666015625,314,3.06640625,322,2.671875,315,3.263671875
24.0036,320,2.666015625,323,2.84375,322,2.671875,322,2.966796875
24.0193,327,2.443359375,327,2.466796875,325,2.90625,329,2.775390625
24.0288,327,2.443359375,327,2.466796875,330,2.6171875,329,2.775390625
24.0416,331,2.30078125,336,1.4375,330,2.6171875,329,2.775390625
24.0495,331,2.30078125,336,1.4375,338,2.146484375,333,2.365234375
24.0582,334,2.150390625,338,1.6298828125,338,2.146484375,339,1.826171875
24.0731,334,2.150390625,338,1.6298828125,342,1.9970703125,339,1.826171875
24.0804,340,2.072265625,343,1.5751953125,342,1.9970703125,339,1.826171875
24.0892,340,2.072265625,343,1.5751953125,345,1.8046875,341,1.8564453125
24.0999,342,1.9384765625,345,1.0595703125,345,1.8046875,341,1.8564453125
24.1122,342,1.9384765625,345,1.0595703125,345,1.8046875,345,1.7861328125
24.1215,348,0.5908203125,348,0.93310546875,350,1.3359375,345,1.7861328125
24.1323,348,0.5908203125,348,0.93310546875,350,1.3359375,347,1.7041015625
24.1411,348,1.3447265625,350,1.2919921875,351,1.8369140625,347,1.7041015625
24.1511,348,1.3447265625,350,1.2919921875,350,2.09375,350,2.080078125
24.1619,349,1.537109375,354,1.0439453125,350,2.09375,350,2.080078125
24.1745,349,1.537109375,354,1.0439453125,354,1.673828125,352,1.6025390625
24.1815,351,1.5888671875,353,1.146484375,354,1.673828125,352,1.6025390625
24.1930,351,1.5888671875,353,1.146484375,354,1.673828125,353,1.54296875
24.2018,353,1.2890625,356,0.744140625,355,1.7060546875,353,1.54296875
24.2126,353,1.2890625,356,0.744140625,355,1.7060546875,355,1.4599609375
24.2216,355,1.5166015625,358,0.58056640625,357,1.3017578125,355,1.4599609375
24.2320,355,1.5166015625,358,0.58056640625,357,1.3017578125,355,1.5517578125
24.2384,356,1.017578125,359,0.2196044921875,359,1.0966796875,355,1.5517578125
24.2518,356,1.017578125,359,0.2196044921875,359,1.0966796875,355,1.4970703125
24.2603,362,0.626953125,358,0.59033203125,359,1.107421875,355,1.4970703125
24.2717,362,0.626953125,358,0.59033203125,359,1.107421875,356,1.3408203125
24.2825,359,0.72705078125,357,0.59912109375,360,1.5400390625,356,1.3408203125
24.2937,359,0.72705078125,357,0.59912109375,360,1.5400390625,357,1.3056640625
24.3030,357,1.1630859375,360,0.5869140625,356,1.8369140625,357,1.3056640625
24.3150,357,1.1630859375,360,0.5869140625,356,1.8369140625,357,1.1884765625
24.3237,356,0.83984375,360,0.5869140625,360,1.0126953125,357,1.1884765625
24.3350,356,0.83984375,359,0.72265625,360,1.0126953125,357,0.65185546875
24.3432,359,0.355224609375,360,0.703125,361,0.50048828125,357,0.65185546875
24.3554,359,0.355224609375,360,0.703125,361,0.50048828125,357,0.91796875
24.3626,356,0.8037109375,357,0.60302734375,359,0.31005859375,357,0.91796875
24.3748,356,0.8037109375,357,0.60302734375,359,0.31005859375,357,0.76220703125
24.3835,356,0.8037109375,357,0.60302734375,355,-0.474609375,357,0.76220703125
24.3953,353,-0.22314453125,362,-1.203125,355,-0.474609375,355,-0.8056640625
24.4040,353,-0.22314453125,362,-1.203125,351,-0.75048828125,355,-0.8056640625
24.4149,347,-0.5361328125,349,-0.473388671875,351,-0.75048828125,352,-0.3671875
24.4227,353,-1.439453125,349,-0.473388671875,348,-0.64697265625,352,-0.3671875
24.4356,353,-1.439453125,351,-1.4033203125,348,-0.64697265625,350,-0.583984375
24.4442,353,-1.439453125,351,-1.4033203125,352,-0.9716796875,350,-0.583984375
24.4558,342,-0.54833984375,345,-1.1181640625,352,-0.9716796875,346,-0.3837890625
24.4638,342,-0.54833984375,345,-1.1181640625,338,-0.8369140625,346,-0.3837890625
24.4758,343,-1.4423828125,343,-1.5068359375,338,-0.8369140625,342,-2.20703125
24.4842,343,-1.4423828125,343,-1.5068359375,334,-2.115234375,342,-2.20703125
24.4995,338,-2.095703125,338,-2.38671875,40,16.390625,334,-2.865234375
24.5095,333,-2.802734375,332,-3.03515625,40,16.390625,334,-2.865234375
24.5204,333,-2.802734375,332,-3.03515625,40,16.390625,332,-3.640625
24.5381,328,-3.5078125,330,4.2734375,118,9.0859375,326,-4.77734375
24.5438,328,-3.5078125,330,4.2734375,168,4.265625,326,-4.77734375
24.5585,327,-4.765625,323,4.890625,168,4.265625,318,-4.70703125
24.5668,327,-4.765625,323,4.890625,203,2.162109375,318,-4.70703125
24.5811,319,5.45703125,324,6.1640625,222,0.04107666015625,312,-5.48046875
24.5931,316,6.3046875,313,7.171875,222,0.04107666015625,300,-5.2734375
24.5990,316,6.3046875,313,7.171875,235,-2.052734375,300,-5.2734375
24.6128,303,6.98828125,304,7.9140625,235,-2.052734375,278,-4.609375
24.6225,303,6.98828125,304,7.9140625,12,14.609375,278,-4.609375
24.6333,294,7.43359375,294,7.6328125,12,14.609375,278,-4.609375
24.6424,294,7.43359375,294,7.6328125,98,3.859375,269,-5.375
24.6528,281,7.23828125,285,8.484375,98,3.859375,269,-5.375
24.6615,281,7.23828125,285,8.484375,124,2.369140625,258,-6.328125
24.6747,275,8.3671875,270,8.71875,124,2.369140625,258,-6.328125
24.6806,275,8.3671875,270,8.71875,152,-0.21923828125,250,-6.19140625
24.6946,263,8.9375,262,9.2578125,152,-0.21923828125,250,-6.19140625
24.7030,263,8.9375,262,9.2578125,152,-0.21923828125,241,-6.85546875
24.7113,251,9.53125,250,9.8359375,182,7.5,230,-6.6875
24.7196,251,9.53125,250,9.8359375,170,2.81640625,230,-6.6875
24.7310,234,9.609375,235,9.46875,170,2.81640625,212,-6.87109375
24.7396,234,9.609375,235,9.46875,55,17.46875,212,-6.87109375
24.7529,219,9.421875,217,9.453125,55,17.46875,212,-6.87109375
24.7602,219,9.421875,217,9.453125,102,-0.351318359375,181,5.06640625
24.7742,202,9.6015625,65,11.3203125,102,-0.351318359375,181,5.06640625
24.7810,202,9.6015625,65,11.3203125,102,-0.351318359375,152,4.30078125
24.7926,192,4.69140625,89,3.44140625,90,0.347900390625,152,4.30078125
24.8008,192,4.69140625,89,3.44140625,90,0.347900390625,128,4.51953125
24.8131,165,9.4140625,106,7.0859375,112,2.611328125,128,4.51953125
24.8222,165,9.4140625,106,7.0859375,112,2.611328125,122,5.43359375
24.8304,150,10.8046875,104,7.953125,139,8.5078125,114,-4.8828125
24.8417,150,10.8046875,104,7.953125,46,-1.3056640625,114,-4.8828125
24.8523,154,-1.5966796875,126,-1.1689453125,46,-1.3056640625,114,-4.8828125
24.8612,154,-1.5966796875,126,-1.1689453125,46,-1.3056640625,105,-3.455078125
24.8699,145,-1.6416015625,118,-1.5791015625,49,-1.146484375,105,-3.455078125
24.8808,145,-1.6416015625,118,-1.5791015625,49,-1.146484375,112,-3.6953125
24.8917,145,-1.6416015625,118,-1.5791015625,88,-0.86474609375,112,-3.6953125
24.9014,137,-1.4150390625,119,-1.904296875,88,-0.86474609375,107,-4.0390625
24.9123,131,-1.3583984375,114,-1.509765625,80,-0.5615234375,107,-4.0390625
24.9207,131,-1.3583984375,114,-1.509765625,80,-0.5615234375,110,-3.28125
24.9294,122,-1.283203125,113,-1.9189453125,87,-1.0029296875,110,-3.28125
24.9407,122,-1.283203125,113,-1.9189453125,87,-1.0029296875,104,-3.173828125
24.9530,114,-1.1572265625,106,-1.5205078125,83,-0.533203125,103,-2.95703125
24.9659,114,-1.1572265625,106,-1.5205078125,104,-0.74560546875,103,-2.95703125
24.9717,102,-0.935546875,103,-1.0830078125,104,-0.74560546875,103,-2.95703125
24.9814,102,-0.935546875,103,-1.0830078125,104,-0.74560546875,96,-2.859375
24.9920,114,-1.0322265625,96,-1.490234375,90,-0.485107421875,96,-2.859375
25.0011,114,-1.0322265625,96,-1.490234375,90,-0.485107421875,93,-2.71875
25.0138,114,-1.0322265625,96,-1.490234375,81,-0.427978515625,93,-2.71875
25.0197,100,-0.91357421875,92,-1.00390625,81,-0.427978515625,89,-2.4921875
25.0332,100,-0.91357421875,92,-1.00390625,99,-0.6669921875,89,-2.4921875
25.0433,89,-0.88623046875,89,-0.9609375,99,-0.6669921875,89,-2.4921875
25.0541,89,-0.88623046875,89,-0.9609375,81,-0.274658203125,84,-2.451171875
25.0628,82,-0.94384765625,82,-0.763671875,81,-0.274658203125,81,-2.384765625
25.0750,82,-0.94384765625,82,-0.763671875,77,-0.39306640625,81,-2.384765625
25.0803,78,-0.74560546875,77,-0.74560546875,77,-0.39306640625,75,-1.9326171875
25.0943,78,-0.74560546875,77,-0.74560546875,75,-0.59130859375,75,-1.9326171875
25.1026,68,-0.6025390625,74,-0.4091796875,75,-0.59130859375,75,-1.9326171875
25.1119,68,-0.6025390625,74,-0.4091796875,55,-0.33837890625,71,-1.8193359375
25.1234,61,-0.7119140625,69,-0.9873046875,55,-0.33837890625,68,-1.5185546875
25.1318,61,-0.7119140625,69,-0.9873046875,51,-0.1519775390625,68,-1.5185546875
25.1404,70,-0.765625,63,-0.8251953125,51,-0.1519775390625,64,-1.595703125
25.1539,70,-0.765625,63,-0.8251953125,49,-0.345947265625,64,-1.595703125
25.1629,61,-0.75537109375,60,-0.59765625,49,-0.345947265625,58,-1.4482421875
25.1738,61,-0.75537109375,60,-0.59765625,63,-0.293701171875,58,-1.4482421875
25.1820,49,-0.6162109375,58,-1.0439453125,63,-0.293701171875,55,-1.271484375
25.1935,49,-0.6162109375,58,-1.0439453125,6,-0.241455078125,55,-1.271484375
25.1990,42,-0.429931640625,51,-0.4111328125,6,-0.241455078125,50,-0.98046875
25.2137,42,-0.429931640625,51,-0.4111328125,10,-0.09912109375,50,-0.98046875
25.2223,34,-0.49755859375,49,-0.357666015625,10,-0.09912109375,50,-0.98046875
25.2332,34,-0.49755859375,49,-0.357666015625,10,-0.09912109375,47,-0.87744140625
25.2422,42,-0.51806640625,13,-0.448486328125,15,-0.0946044921875,47,-0.87744140625
25.2528,42,-0.51806640625,13,-0.448486328125,15,-0.0946044921875,43,-0.8232421875
25.2615,38,0.4814453125,13,-0.270751953125,19,-0.1260986328125,43,-0.8232421875
25.2725,38,0.4814453125,13,-0.270751953125,19,-0.1260986328125,41,-0.95068359375
25.2813,-1,-0.1822509765625,3,-0.5234375,0,-0.124267578125,41,-0.95068359375
25.2937,-1,-0.1822509765625,3,-0.5234375,0,-0.124267578125,-7,-0.62548828125
25.3019,5,-0.0277862548828125,16,0.320556640625,10,-0.1510009765625,-7,-0.62548828125
25.3133,5,-0.0277862548828125,16,0.320556640625,10,-0.1510009765625,11,-0.6123046875
25.3214,16,0.200439453125,14,0.2489013671875,16,-0.146240234375,11,-0.6123046875
25.3326,16,0.200439453125,14,0.2489013671875,16,-0.146240234375,13,-0.443359375
25.3421,10,0.1298828125,1,0.1658935546875,0,-0.1180419921875,13,-0.443359375
25.3521,10,0.1298828125,1,0.1658935546875,0,-0.1180419921875,0,-0.4609375
25.3613,4,-0.238037109375,0,0.413330078125,0,-0.2021484375,0,-0.4609375
25.3721,4,-0.238037109375,0,0.413330078125,0,-0.2021484375,0,-0.275146484375
25.3778,1,0.2138671875,12,-0.30615234375,1,-0.019927978515625,0,-0.275146484375
25.3916,1,0.2138671875,12,-0.30615234375,1,-0.019927978515625,14,0.2607421875
25.3973,0,0.0640869140625,13,0.032501220703125,14,-0.13232421875,14,0.2607421875
25.4121,0,0.0640869140625,13,0.032501220703125,14,-0.13232421875,13,-0.2352294921875
25.4205,12,0.16357421875,13,0.032501220703125,13,-0.0458984375,13,-0.2352294921875
25.4319,12,0.16357421875,4,-0.486572265625,13,-0.0458984375,2,0.11676025390625
25.4381,14,0.1583251953125,1,0.261962890625,4,-0.004154205322265625,2,0.11676025390625
25.4526,14,0.1583251953125,1,0.261962890625,4,-0.004154205322265625,0,-0.162841796875
25.4602,9,0.22216796875,0,-0.1661376953125,1,-0.02935791015625,0,-0.162841796875
25.4722,9,0.22216796875,0,-0.1661376953125,1,-0.02935791015625,0,0.126220703125
25.4806,4,0.105712890625,0,-0.1661376953125,0,0.0919189453125,0,0.126220703125
25.4919,4,0.105712890625,0,0.2486572265625,0,0.0919189453125,0,0.173828125
25.4977,2,-0.10589599609375,0,0.2486572265625,0,-0.056121826171875,0,0.173828125
25.5139,2,-0.10589599609375,0,-0.07098388671875,0,-0.056121826171875,0,0.10894775390625
25.5198,1,0.0880126953125,0,-0.07098388671875,0,-0.0274810791015625,0,0.10894775390625
25.5319,1,0.0880126953125,0,-0.4619140625,0,-0.0274810791015625,0,-0.158935546875
25.5395,0,0.040008544921875,0,-0.4619140625,0,0.0185546875,0,-0.158935546875
25.5529,0,0.040008544921875,0,0.2176513671875,0,0.0185546875,0,0.131591796875
25.5619,-1,0.168212890625,0,0.2176513671875,0,-0.0557861328125,0,0.131591796875
25.5726,-1,0.168212890625,0,-0.4482421875,0,-0.0557861328125,0,-0.08721923828125
25.5812,-1,0.168212890625,0,-0.4482421875,0,0.020111083984375,0,-0.08721923828125
25.5950,-16,0.01358795166015625,0,-0.193359375,0,0.020111083984375,0,-0.08721923828125
25.5993,-1,-0.195068359375,0,-0.193359375,0,-0.0208892822265625,0,-0.1280517578125
25.6107,-1,-0.195068359375,0,0.2117919921875,0,-0.0208892822265625,0,-0.1668701171875
25.6219,-1,-0.195068359375,0,0.2117919921875,0,-0.0030040740966796875,0,-0.1668701171875
25.6327,-1,-0.11346435546875,0,-0.1929931640625,0,-0.0030040740966796875,0,-0.1409912109375
25.6413,-1,-0.11346435546875,0,-0.1929931640625,-6,0.005767822265625,0,-0.1409912109375
25.6499,0,-0.38232421875,0,0.31591796875,-6,0.005767822265625,-11,-0.34912109375
25.6631,0,-0.38232421875,0,0.31591796875,-17,-0.032928466796875,-11,-0.34912109375
25.6740,0,-0.1324462890625,0,0.304443359375,-17,-0.032928466796875,-11,-0.34912109375
25.6825,0,-0.1324462890625,0,0.304443359375,-7,0.032928466796875,-14,-0.1385498046875
25.6941,0,-0.0667724609375,0,0.1624755859375,-7,0.032928466796875,-14,-0.1385498046875
25.7022,0,-0.0667724609375,0,0.1624755859375,-1,-0.0292816162109375,-1,0.1175537109375
25.7121,0,0.06219482421875,0,-0.479248046875,-1,-0.0292816162109375,-1,0.1175537109375
25.7244,0,-0.244384765625,0,-0.479248046875,0,-0.01280975341796875,0,0.187255859375
25.7336,0,-0.244384765625,0,-0.289306640625,0,-0.01280975341796875,0,0.187255859375
25.7428,0,-0.244384765625,0,-0.289306640625,0,-0.01280975341796875,0,0.1610107421875
25.7538,0,0.12152099609375,0,0.022491455078125,0,-0.02618408203125,0,0.1610107421875
25.7624,0,0.12152099609375,0,0.022491455078125,0,0.019500732421875,0,-0.0634765625
25.7708,0,-0.08038330078125,0,0.341552734375,0,0.019500732421875,0,-0.0634765625
25.7820,0,-0.08038330078125,0,0.341552734375,0,0.031036376953125,0,0.033843994140625
25.7907,0,-0.294677734375,0,0.2076416015625,0,0.031036376953125,0,0.033843994140625
25.7990,0,-0.294677734375,0,0.2076416015625,0,0.055419921875,0,-0.2359619140625
25.8136,0,0.138916015625,0,0.2076416015625,0,0.055419921875,0,-0.2359619140625
25.8236,0,0.138916015625,0,0.439208984375,0,-0.04638671875,0,0.2410888671875
25.8315,0,-0.28466796875,0,0.439208984375,0,-0.04638671875,0,0.2410888671875
25.8428,0,-0.28466796875,0,0.422119140625,0,-0.06793212890625,0,0.149658203125
25.8546,0,0.0175018310546875,0,0.422119140625,0,-0.06793212890625,0,0.149658203125
25.8629,0,0.0175018310546875,0,-0.385009765625,0,-0.0712890625,0,0.09027099609375
25.8742,0,-0.290771484375,0,-0.385009765625,0,-0.0712890625,0,0.09027099609375
25.8812,0,-0.290771484375,0,-0.037841796875,0,-0.08013916015625,0,2.7421875
25.8948,0,4.5859375,0,-0.037841796875,0,-0.08013916015625,0,2.7421875
25.9037,0,4.5859375,-9,2.0703125,0,2.81640625,0,3.078125
25.9148,0,3.388671875,-9,2.0703125,0,2.81640625,0,3.078125
25.9232,0,3.388671875,-15,2.505859375,0,3.37890625,0,3.373046875
25.9348,0,3.279296875,-15,2.505859375,0,3.37890625,0,3.373046875
25.9434,0,3.279296875,0,4.546875,0,3.37890625,0,3.998046875
25.9545,0,3.279296875,0,4.546875,0,3.818359375,0,3.998046875
25.9630,-2,6.4921875,0,5.46484375,0,3.818359375,-11,4.00390625
25.9775,-16,3.541015625,-14,3.591796875,-13,3.896484375,-11,4.00390625
25.9837,-16,3.541015625,-14,3.591796875,-13,3.896484375,-15,3.947265625
25.9960,-15,4.14453125,-14,3.591796875,-15,4.11328125,-15,3.947265625
26.0051,-15,4.14453125,-14,4.22265625,-15,4.11328125,-15,3.947265625
26.0165,-15,4.14453125,-14,4.22265625,-23,3.119140625,-11,4.296875
26.0287,-19,3.37109375,-24,3.498046875,-23,3.119140625,-19,3.814453125
26.0377,-19,3.37109375,-24,3.498046875,-25,3.8984375,-19,3.814453125
26.0462,-28,3.001953125,-28,3.32421875,-25,3.8984375,-19,3.814453125
26.0586,-37,2.26953125,-28,3.32421875,-33,2.765625,-30,2.869140625
26.0670,-37,2.26953125,-37,3.169921875,-33,2.765625,-30,2.869140625
26.0813,-37,2.884765625,-44,2.318359375,-41,2.306640625,-38,2.623046875
26.0935,-37,2.884765625,-44,2.318359375,-51,2.3203125,-42,2.1640625
26.1017,-53,1.8271484375,-48,2.978515625,-51,2.3203125,-42,2.1640625
26.1132,-58,1.8916015625,-48,2.978515625,-53,2.470703125,-50,2.41015625
26.1214,-58,1.8916015625,-61,1.7236328125,-53,2.470703125,-50,2.41015625
26.1336,-57,1.9697265625,-61,1.7236328125,-55,2.13671875,-56,2.095703125
26.1452,-57,1.9697265625,-58,2.6484375,-55,2.13671875,-56,2.095703125
26.1540,-59,2.041015625,-58,2.6484375,-63,1.52734375,-58,2.08984375
26.1631,-59,2.041015625,-63,1.673828125,-63,1.52734375,-58,2.08984375
26.1742,-59,2.041015625,-63,1.673828125,-63,2.046875,-60,2.29296875
26.1828,-65,1.64453125,-62,1.671875,-63,2.046875,-60,2.29296875
26.1935,-61,2.115234375,-62,1.671875,-65,1.6494140625,-64,1.8798828125
26.2021,-61,2.115234375,-65,1.7041015625,-65,1.6494140625,-64,1.8798828125
26.2137,-61,2.115234375,-65,1.7041015625,-70,1.1591796875,-67,1.3828125
26.2217,-67,1.4091796875,-69,1.51953125,-70,1.1591796875,-67,1.3828125
26.2326,-67,1.4091796875,-69,1.51953125,-70,1.556640625,-68,1.5859375
26.2412,-75,1.0341796875,-73,1.095703125,-70,1.556640625,-68,1.5859375
26.2497,-72,1.44921875,-73,1.095703125,-70,1.357421875,-72,1.189453125
26.2614,-72,1.44921875,-72,1.302734375,-70,1.357421875,-72,1.189453125
26.2692,-72,1.421875,-72,1.302734375,-76,0.951171875,-71,1.439453125
26.2806,-72,1.421875,-74,1.7822265625,-76,0.951171875,-71,1.439453125
26.2889,-75,1.08203125,-74,1.7822265625,-74,1.287109375,-76,0.82373046875
26.3021,-75,1.08203125,-74,1.1640625,-74,1.287109375,-76,0.82373046875
26.3133,-74,1.0439453125,-74,1.1640625,-74,0.740234375,-73,0.841796875
26.3216,-74,1.0439453125,-78,0.425537109375,-74,0.740234375,-73,0.841796875
26.3327,-74,1.0439453125,-78,0.425537109375,-77,0.90673828125,-76,0.93701171875
26.3388,-80,0.35888671875,-77,0.5390625,-77,0.90673828125,-76,0.93701171875
26.3530,-80,0.35888671875,-77,0.5390625,-75,1.0888671875,-79,0.60107421875
26.3589,-78,1.0419921875,-77,1.0146484375,-75,1.0888671875,-79,0.60107421875
26.3725,-78,1.0419921875,-77,1.0146484375,-79,0.58837890625,-75,1.216796875
26.3811,-77,0.91455078125,-80,0.475830078125,-79,0.58837890625,-75,1.216796875
26.3930,-77,0.91455078125,-80,0.475830078125,-79,0.771484375,-80,0.496826171875
26.3989,-78,1.39453125,-78,0.96484375,-79,0.771484375,-80,0.496826171875
26.4126,-78,1.39453125,-78,0.96484375,-77,1.0361328125,-76,1.607421875
26.4184,-77,1.140625,-79,0.787109375,-77,1.0361328125,-76,1.607421875
26.4321,-77,1.140625,-79,0.787109375,-78,1.04296875,-79,0.465576171875
26.4382,-78,1.064453125,-80,0.4677734375,-78,1.04296875,-79,0.465576171875
26.4528,-78,1.064453125,-80,0.4677734375,-78,0.95849609375,-81,0.7060546875
26.4614,-80,0.998046875,-78,1.2314453125,-78,0.95849609375,-81,0.7060546875
26.4740,-80,0.998046875,-78,1.2314453125,-77,1.0830078125,-78,1.0498046875
26.4810,-78,1.068359375,-78,1.2314453125,-77,1.0830078125,-78,1.0498046875
26.4893,-78,1.068359375,-80,0.67724609375,-81,0.787109375,-76,1.4580078125
26.5014,-78,1.009765625,-80,0.67724609375,-81,0.787109375,-76,1.4580078125
26.5100,-78,1.009765625,-80,0.58251953125,-79,0.82421875,-79,0.87646484375
26.5220,-78,0.9541015625,-80,0.58251953125,-79,0.82421875,-79,0.87646484375
26.5320,-78,0.9541015625,-79,0.84912109375,-79,0.734375,-76,1.205078125
26.5438,-78,-0.2315673828125,-79,0.84912109375,-79,0.734375,-76,1.205078125
26.5552,-78,-0.2315673828125,-79,0.16357421875,-79,0.734375,-76,1.205078125
26.5637,-78,-0.08770751953125,-79,0.16357421875,-76,0.495849609375,-80,-0.115478515625
26.5748,-78,-0.08770751953125,-76,-0.3984375,-76,0.495849609375,-80,-0.115478515625
26.5807,-71,0.93017578125,-76,-0.3984375,-74,0.4169921875,-75,0.72412109375
26.5957,-71,0.93017578125,-70,0.849609375,-74,0.4169921875,-75,0.72412109375
26.6010,-77,-0.50244140625,-70,0.849609375,-77,-0.07293701171875,-72,0.82421875
26.6147,-77,-0.50244140625,-76,-0.357666015625,-77,-0.07293701171875,-72,0.82421875
26.6234,-68,0.80908203125,-76,-0.357666015625,-76,-0.0138702392578125,-79,-0.6201171875
26.6320,-68,0.80908203125,-69,0.72802734375,-76,-0.0138702392578125,-72,0.77392578125
26.6436,-75,0.10272216796875,-69,0.72802734375,-75,0.1715087890625,-72,0.77392578125
26.6524,-75,0.10272216796875,-73,0.316650390625,-75,0.1715087890625,-71,0.5185546875
26.6645,-68,0.77978515625,-73,0.316650390625,-74,0.11541748046875,-71,0.5185546875
26.6782,-68,0.77978515625,-68,1.12109375,-74,0.11541748046875,-71,0.5185546875
26.6850,-77,-0.306640625,-68,1.12109375,-70,0.86865234375,-73,0.39697265625
26.6963,-77,-0.306640625,-72,0.84130859375,-70,0.86865234375,-73,0.39697265625
26.7069,-68,1.2177734375,-72,0.84130859375,-71,0.87890625,-73,0.955078125
26.7162,-68,1.2177734375,-68,1.169921875,-71,0.87890625,-73,0.955078125
26.7251,-68,1.2177734375,-68,1.169921875,-71,0.85546875,-68,1.2353515625
26.7359,-76,0.1448974609375,-72,2.21875,-71,0.85546875,-68,1.2353515625
26.7450,-76,0.1448974609375,-72,2.21875,-71,1.4736328125,-72,1.138671875
26.7555,-70,1.5126953125,-72,1.142578125,-71,1.4736328125,-72,1.138671875
26.7651,-70,1.5126953125,-72,1.142578125,-72,1.169921875,-72,1.3486328125
26.7779,-73,1.205078125,-72,1.8095703125,-72,1.169921875,-72,1.3486328125
26.7847,-73,1.205078125,-72,1.8095703125,-74,1.486328125,-71,1.447265625
26.7968,-74,1.3720703125,-72,1.8095703125,-74,1.486328125,-71,1.447265625
26.8051,-74,1.3720703125,-75,1.0859375,-72,1.81640625,-73,1.5927734375
26.8163,-75,2.015625,-76,1.43359375,-72,1.81640625,-73,1.5927734375
26.8250,-75,2.015625,-76,1.43359375,-75,1.41015625,-76,1.419921875
26.8369,-76,1.2412109375,-75,1.3193359375,-75,1.41015625,-76,1.419921875
26.8484,-76,1.2412109375,-75,1.3193359375,-77,2.111328125,-72,2.4453125
26.8540,-75,1.8310546875,-77,1.427734375,-77,2.111328125,-72,2.4453125
26.8660,-75,1.8310546875,-77,1.427734375,-76,1.7109375,-77,1.62890625
26.8749,-75,2.376953125,-79,1.81640625,-76,1.7109375,-77,1.62890625
26.8833,-75,2.376953125,-79,1.81640625,-80,1.765625,-78,2.001953125
26.8947,-78,1.873046875,-78,1.9375,-80,1.765625,-78,2.001953125
26.9062,-78,1.873046875,-78,1.9375,-78,2.01953125,-78,2.134765625
26.9173,-81,1.71875,-78,1.9375,-78,2.01953125,-78,2.134765625
26.9270,-81,1.71875,-81,1.6611328125,-79,1.8017578125,-82,1.5185546875
26.9368,-82,2.10546875,-81,1.6611328125,-79,1.8017578125,-82,1.5185546875
26.9459,-82,2.10546875,-81,2.208984375,-84,1.7822265625,-81,1.9970703125
26.9580,-83,1.70703125,-81,2.208984375,-84,1.7822265625,-81,1.9970703125
26.9659,-83,1.70703125,-84,1.5966796875,-84,1.7822265625,-83,1.849609375
26.9785,-83,1.8046875,-84,1.5966796875,-83,1.7763671875,-83,1.849609375
26.9859,-83,1.8046875,-85,1.5380859375,-87,1.41796875,-86,1.6396484375
26.9969,-86,1.580078125,-85,1.5380859375,-87,1.41796875,-86,1.6396484375
27.0060,-86,1.580078125,-88,1.4091796875,-87,1.41796875,-86,1.7626953125
27.0177,-89,1.2998046875,-88,1.4091796875,-86,1.6416015625,-86,1.7626953125
27.0271,-89,1.2998046875,-89,1.35546875,-86,1.6416015625,-89,1.416015625
27.0368,-90,1.265625,-89,1.35546875,-90,1.2275390625,-89,1.416015625
27.0468,-90,1.265625,-88,1.185546875,-90,1.2275390625,-90,1.28515625
27.0577,-91,0.92919921875,-88,1.185546875,-92,1.21875,-90,1.28515625
27.0670,-91,0.92919921875,-92,1.1123046875,-92,1.21875,-90,1.28515625
27.0782,-93,0.9560546875,-92,1.1123046875,-94,1.1123046875,-90,1.5380859375
27.0868,-93,0.9560546875,-92,1.642578125,-94,1.1123046875,-90,1.5380859375
27.1007,-96,1.4482421875,-95,1.2734375,-93,1.6650390625,-94,1.6474609375
27.1120,-96,1.4482421875,-95,1.2734375,-95,1.34375,-95,1.1298828125
27.1202,-95,1.4794921875,-95,1.4208984375,-95,1.34375,-94,1.3564453125
27.1312,-98,1.1875,-95,1.4208984375,-97,1.326171875,-94,1.3564453125
27.1399,-98,1.1875,-95,1.2255859375,-97,1.326171875,-94,1.3564453125
27.1511,-98,1.1875,-95,1.2255859375,-97,1.193359375,-96,1.302734375
27.1597,-94,1.591796875,-97,1.3017578125,-97,1.193359375,-96,1.302734375
27.1704,-94,1.591796875,-97,1.3017578125,-97,1.5693359375,-97,1.0498046875
27.1820,-100,0.7119140625,-99,0.95458984375,-97,1.5693359375,-97,1.0498046875
27.1902,-100,0.7119140625,-99,0.95458984375,-97,1.126953125,-98,1.3623046875
27.1987,-99,1.318359375,-100,0.91015625,-97,1.126953125,-98,1.3623046875
27.2101,-99,1.318359375,-100,0.91015625,-101,0.99609375,-98,1.2099609375
27.2181,-100,0.8623046875,-98,1.2763671875,-101,0.99609375,-98,1.2099609375
27.2297,-100,0.8623046875,-98,1.2763671875,-101,0.91162109375,-101,0.88818359375
27.2391,-99,1.1787109375,-102,0.822265625,-101,0.91162109375,-101,0.88818359375
27.2500,-99,1.1787109375,-102,0.822265625,-100,1.3876953125,-101,0.64013671875
27.2610,-102,0.71044921875,-101,0.9873046875,-100,1.3876953125,-101,0.64013671875
27.2708,-102,0.71044921875,-101,0.9873046875,-98,1.1416015625,-100,1.1728515625
27.2797,-102,1.1455078125,-103,0.7763671875,-98,1.1416015625,-100,1.1728515625
27.2906,-102,1.1455078125,-103,0.7763671875,-103,0.830078125,-101,0.9619140625
27.2992,-101,0.9404296875,-100,1.47265625,-103,0.830078125,-101,0.9619140625
27.3118,-101,0.9404296875,-100,1.47265625,-101,0.97216796875,-100,1.130859375
27.3209,-100,1.1533203125,-103,0.88623046875,-101,0.97216796875,-100,1.130859375
27.3321,-100,1.1533203125,-103,0.88623046875,-101,0.97216796875,-102,-0.12261962890625
27.3410,-103,0.391845703125,-102,0.6337890625,-102,0.36279296875,-102,-0.12261962890625
27.3516,-103,0.391845703125,-102,0.6337890625,-102,0.36279296875,-99,0.92431640625
27.3631,-102,0.75244140625,-101,0.68603515625,-98,0.88720703125,-99,0.92431640625
27.3712,-102,0.75244140625,-101,0.68603515625,-103,0.2369384765625,-101,0.75634765625
27.3795,-100,0.841796875,-101,1.13671875,-103,0.2369384765625,-101,0.75634765625
27.3910,-100,0.841796875,-101,1.13671875,-103,0.2369384765625,-102,0.60693359375
27.3992,-101,0.71240234375,-100,0.810546875,-101,0.69140625,-102,0.60693359375
27.4079,-101,0.71240234375,-100,0.810546875,-105,0.2318115234375,-101,0.904296875
27.4165,-101,0.63134765625,-101,0.8125,-105,0.2318115234375,-101,0.904296875
27.4310,-101,0.63134765625,-101,0.8125,-99,0.7919921875,-100,0.86767578125
27.4410,-101,0.30859375,-101,0.8125,-99,0.7919921875,-100,0.86767578125
27.4491,-101,0.30859375,-99,0.61962890625,-102,0.6376953125,-99,1.2392578125
27.4608,-99,0.8134765625,-99,0.61962890625,-102,0.6376953125,-99,1.2392578125
27.4724,-99,0.8134765625,-101,0.857421875,-102,0.6376953125,-100,0.72216796875
27.4806,-99,0.65625,-101,0.857421875,-99,0.8232421875,-100,0.72216796875
27.4946,-99,0.65625,-99,0.78515625,-99,0.8232421875,-98,0.81494140625
27.5012,-99,0.763671875,-99,0.78515625,-102,0.304931640625,-98,0.81494140625
27.5091,-99,0.763671875,-100,0.697265625,-102,0.304931640625,-98,0.88037109375
27.5199,-102,0.54541015625,-100,0.697265625,-98,0.95849609375,-98,0.88037109375
27.5289,-102,0.54541015625,-98,0.978515625,-102,0.37841796875,-100,0.525390625
27.5429,-98,0.98974609375,-98,0.978515625,-102,0.37841796875,-100,0.525390625
27.5507,-98,0.98974609375,-100,0.51708984375,-99,0.85546875,-97,1.00390625
27.5631,-102,0.2489013671875,-100,0.51708984375,-99,0.85546875,-97,1.00390625
27.5722,-102,0.2489013671875,-98,0.755859375,-99,0.85546875,-97,1.00390625
27.5809,-94,1.2548828125,-98,0.755859375,-101,0.607421875,-97,0.96630859375
27.5923,-94,1.2548828125,-99,0.56591796875,-101,0.607421875,-97,0.96630859375
27.5979,-100,0.53271484375,-99,0.56591796875,-97,1.0595703125,-96,1.13671875
27.6119,-100,0.53271484375,-97,1.041015625,-97,1.0595703125,-96,1.13671875
27.6175,-96,1.162109375,-97,1.041015625,-95,1.1015625,-97,0.97265625
27.6316,-96,1.162109375,-99,0.55810546875,-95,1.1015625,-97,0.97265625
27.6405,-98,0.75537109375,-96,0.9677734375,-98,1.04296875,-96,1.1474609375
27.6507,-98,0.75537109375,-96,0.9677734375,-98,1.04296875,-97,0.8359375
27.6598,-96,1.1552734375,-96,0.9677734375,-97,0.869140625,-97,0.8359375
27.6708,-96,1.1552734375,-98,0.68603515625,-97,0.869140625,-97,0.7783203125
27.6815,-97,1.0009765625,-98,0.68603515625,-98,1.109375,-97,0.7783203125
27.6933,-97,1.0009765625,-97,0.890625,-98,1.109375,-97,0.7783203125
27.7001,-98,0.841796875,-97,0.890625,-95,1.0380859375,-96,1.1376953125
27.7132,-98,0.841796875,-97,1.046875,-95,1.0380859375,-96,1.1376953125
27.7189,-95,1.2861328125,-97,1.046875,-100,0.5791015625,-98,0.75830078125
27.7322,-95,1.2861328125,-96,1.21875,-100,0.5791015625,-98,0.75830078125
27.7417,-95,1.2861328125,-96,1.21875,-96,1.103515625,-98,0.6572265625
27.7538,-96,1.33203125,-96,0.99658203125,-96,1.103515625,-98,0.6572265625
27.7639,-96,1.33203125,-96,0.99658203125,-100,0.74853515625,-95,1.3466796875
27.7733,-95,1.1279296875,-97,0.572265625,-100,0.74853515625,-95,1.3466796875
27.7819,-95,1.1279296875,-97,0.572265625,-95,0.9541015625,-98,0.7177734375
27.7952,-100,0.410888671875,-96,0.9892578125,-95,0.9541015625,-98,0.7177734375
27.8026,-100,0.410888671875,-96,0.9892578125,-98,0.52197265625,-95,1.064453125
27.8139,-95,0.98828125,-98,0.7705078125,-98,0.52197265625,-95,1.064453125
27.8197,-96,0.7587890625,-98,0.7705078125,-98,0.68115234375,-95,0.87109375
27.8334,-96,0.7587890625,-96,1.0263671875,-98,0.68115234375,-95,0.87109375
27.8421,-96,0.7587890625,-96,1.0263671875,-97,0.63623046875,-94,1.4287109375
27.8532,-95,1.0478515625,-98,0.78173828125,-97,0.63623046875,-94,1.4287109375
27.8617,-95,1.0478515625,-98,0.78173828125,-97,0.7978515625,-97,0.7197265625
27.8706,-97,0.6474609375,-96,0.96484375,-97,0.7978515625,-97,0.7197265625
27.8816,-97,0.6474609375,-96,0.96484375,-95,0.916015625,-96,1.0087890625
27.8901,-96,0.951171875,-98,0.55810546875,-95,0.916015625,-96,1.0087890625
27.8996,-96,0.951171875,-98,0.55810546875,-99,0.39794921875,-95,1.2744140625
27.9140,-95,0.9013671875,-97,0.685546875,-99,0.39794921875,-95,1.2744140625
27.9216,-95,0.9013671875,-97,0.685546875,-97,1.091796875,-97,1.162109375
27.9329,-95,1.419921875,-97,0.685546875,-97,1.091796875,-97,1.162109375
27.9412,-95,1.419921875,-97,1.009765625,-97,0.98583984375,-94,1.0224609375
27.9522,-97,1.02734375,-97,1.009765625,-97,0.98583984375,-94,1.0224609375
27.9586,-97,1.02734375,-98,0.79052734375,-95,1.013671875,-102,0.19091796875
27.9720,-99,0.75537109375,-98,0.79052734375,-95,1.013671875,-102,0.19091796875
27.9811,-99,0.75537109375,-97,0.857421875,-99,0.630859375,-102,0.19091796875
27.9915,-97,1.0361328125,-97,0.857421875,-99,0.630859375,-95,1.1474609375
28.0068,-94,1.13671875,-98,0.9580078125,-98,0.82080078125,-103,0.081787109375
28.0128,-94,1.13671875,-98,0.97412109375,-98,0.82080078125,-103,0.081787109375
28.0198,-94,1.13671875,-98,0.97412109375,-97,1.0283203125,-95,1.345703125
28.0308,-96,0.84423828125,-98,0.77294921875,-97,1.0283203125,-95,1.345703125
28.0404,-96,0.84423828125,-98,0.77294921875,-96,1.0849609375,-96,1.099609375
28.0546,-99,0.802734375,-98,0.77294921875,-96,1.0849609375,-96,1.099609375
28.0616,-99,0.802734375,-96,1.07421875,-98,0.8291015625,-98,0.994140625
28.0741,-97,1.0546875,-96,1.07421875,-98,0.8291015625,-98,0.994140625
28.0807,-97,1.0546875,-97,0.90771484375,-97,0.9697265625,-94,1.314453125
28.0950,-97,0.7802734375,-97,0.90771484375,-97,0.9697265625,-94,1.314453125
28.1026,-97,0.7802734375,-98,0.908203125,-97,0.9697265625,-94,1.314453125
28.1149,-96,1.0341796875,-98,0.908203125,-99,0.7841796875,-98,0.89794921875
28.1232,-96,1.0341796875,-96,0.94921875,-99,0.7841796875,-98,0.89794921875
28.1343,-100,0.708984375,-96,0.94921875,-96,1.072265625,-95,1.3505859375
28.1437,-100,0.708984375,-98,1.0791015625,-96,1.072265625,-95,1.3505859375
28.1558,-97,0.7978515625,-98,1.0791015625,-98,0.80078125,-99,0.71826171875
28.1620,-97,0.7978515625,-97,0.74072265625,-98,0.80078125,-96,1.3349609375
28.1796,-97,1.1298828125,-97,0.74072265625,-99,0.64453125,-96,1.3349609375
28.1841,-97,1.1298828125,-99,0.3095703125,-99,0.64453125,-96,1.3349609375
28.1990,-96,0.888671875,-99,0.3095703125,-99,0.5625,-98,0.6142578125
28.2049,-96,0.888671875,-98,0.93603515625,-99,0.5625,-98,0.6142578125
28.2179,-98,0.63916015625,-98,0.93603515625,-98,0.92333984375,-99,0.6806640625
28.2249,-98,0.63916015625,-99,0.4052734375,-98,0.92333984375,-99,0.6806640625
28.2357,-99,0.57666015625,-99,0.4052734375,-96,0.8466796875,-97,0.98388671875
28.2449,-99,0.57666015625,-98,1.2109375,-96,0.8466796875,-97,0.98388671875
28.2556,-99,0.57666015625,-98,1.2109375,-99,0.68408203125,-98,0.77099609375
28.2652,-96,0.931640625,-98,0.67724609375,-99,0.68408203125,-98,0.77099609375
28.2754,-96,0.931640625,-98,0.67724609375,-98,0.70556640625,-97,0.92919921875
28.2834,-95,1.0205078125,-97,0.81884765625,-98,0.70556640625,-97,0.92919921875
28.2947,-95,1.0205078125,-97,0.81884765625,-98,0.91162109375,-96,1.0400390625
28.3033,-97,0.77099609375,-99,0.5166015625,-98,0.91162109375,-96,1.0400390625
28.3154,-97,0.77099609375,-99,0.5166015625,-95,0.9833984375,-96,1.189453125
28.3239,-99,0.6357421875,-97,0.87158203125,-95,0.9833984375,-96,1.189453125
28.3349,-99,0.6357421875,-97,0.87158203125,-99,0.490478515625,-96,0.8056640625
28.3454,-96,0.9072265625,-96,0.70751953125,-99,0.490478515625,-96,0.8056640625
28.3559,-96,0.9072265625,-96,0.70751953125,-95,0.99267578125,-94,0.97705078125
28.3676,-96,0.64306640625,-96,0.923828125,-95,0.99267578125,-94,0.97705078125
28.3756,-96,0.64306640625,-96,0.923828125,-98,0.6181640625,-94,1.162109375
28.3851,-95,1.099609375,-94,0.88330078125,-98,0.6181640625,-94,1.162109375
28.3963,-95,1.099609375,-94,0.88330078125,-94,1.1171875,-96,0.97412109375
28.4047,-98,0.6416015625,-94,0.88330078125,-94,1.1171875,-96,0.97412109375
28.4162,-98,0.6416015625,-95,1.0439453125,-97,0.64208984375,-93,1.240234375
28.4242,-94,1.40234375,-95,1.0439453125,-97,0.64208984375,-93,1.240234375
28.4352,-94,1.40234375,-94,0.8466796875,-97,0.64208984375,-93,1.4873046875
28.4438,-95,0.79296875,-94,0.8466796875,-96,0.8798828125,-93,1.4873046875
28.4549,-95,0.79296875,-95,0.97509765625,-96,0.84033203125,-94,0.98681640625
28.4646,-92,1.1416015625,-95,0.97509765625,-96,0.84033203125,-94,0.98681640625
28.4754,-92,1.1416015625,-95,0.72314453125,-96,0.84033203125,-94,1.0400390625
28.4849,-95,0.876953125,-95,0.72314453125,-94,1.322265625,-94,1.0400390625
28.4963,-95,0.876953125,-96,0.9404296875,-94,1.322265625,-94,1.0400390625
28.5044,-97,0.9033203125,-96,0.9404296875,-93,1.0302734375,-94,1.06640625
28.5161,-97,0.9033203125,-96,0.818359375,-93,1.0302734375,-95,0.78857421875
28.5245,-94,1.107421875,-96,0.818359375,-96,0.92431640625,-95,0.78857421875
28.5356,-94,1.107421875,-94,1.14453125,-96,0.92431640625,-95,0.78857421875
28.5442,-94,0.83154296875,-94,1.14453125,-94,0.9638671875,-95,0.98583984375
28.5568,-94,0.83154296875,-95,0.92724609375,-94,0.9638671875,-95,0.98583984375
28.5661,-93,1.1142578125,-95,0.92724609375,-98,0.634765625,-95,1.2265625
28.5766,-93,1.1142578125,-95,0.96435546875,-98,0.634765625,-95,1.2265625
28.5866,-98,0.480712890625,-95,0.96435546875,-93,1.201171875,-96,0.9755859375
28.5938,-98,0.480712890625,-95,1.0322265625,-98,0.45849609375,-96,0.9755859375
28.6063,-95,1.1376953125,-97,0.57763671875,-98,0.45849609375,-96,0.8916015625
28.6151,-95,1.1376953125,-97,0.57763671875,-96,0.89306640625,-96,0.8916015625
28.6240,-95,1.1376953125,-97,0.57763671875,-96,0.89306640625,-95,1.0595703125
28.6368,-95,0.9794921875,-95,0.9267578125,-98,0.60888671875,-95,1.0595703125
28.6451,-94,0.982421875,-95,0.9267578125,-98,0.60888671875,-95,1.12890625
28.6586,-94,0.982421875,-98,0.74560546875,-98,0.60888671875,-95,1.12890625
28.6673,-99,0.60302734375,-98,0.74560546875,-96,1.0283203125,-96,0.8994140625
28.6765,-99,0.60302734375,-96,1.0283203125,-96,1.0283203125,-96,0.8994140625
28.6865,-99,0.60302734375,-96,1.0283203125,-95,0.978515625,-94,1.0634765625
28.6976,-97,1.0390625,-99,0.279541015625,-98,0.80517578125,-94,1.0634765625
28.7068,-95,1.02734375,-99,0.279541015625,-98,0.80517578125,-96,1.015625
28.7194,-95,1.02734375,-96,1.5888671875,-98,0.80517578125,-96,1.015625
28.7278,-95,1.328125,-96,1.5888671875,-97,1.037109375,-97,1.072265625
28.7375,-95,1.328125,-98,0.69482421875,-97,1.037109375,-97,1.072265625
28.7480,-95,1.328125,-98,0.69482421875,-97,1.35546875,-97,0.96240234375
28.7630,-98,0.8466796875,-98,0.9501953125,-95,1.08984375,-97,1.111328125
28.7760,-98,1.1826171875,-99,0.74853515625,-95,1.08984375,-97,1.111328125
28.7809,-98,1.1826171875,-99,0.74853515625,-99,0.88671875,-96,1.0263671875
28.7940,-97,1.009765625,-98,1.0166015625,-99,0.88671875,-96,1.0263671875
28.8007,-97,1.009765625,-98,1.0166015625,-98,0.86962890625,-98,0.9677734375
28.8143,-95,1.6201171875,-98,0.85009765625,-98,0.86962890625,-98,0.9677734375
28.8227,-95,1.6201171875,-98,0.85009765625,-100,0.693359375,-97,0.95654296875
28.8325,-98,1.6025390625,-100,1.5322265625,-100,0.693359375,-97,0.95654296875
28.8450,-98,1.6025390625,-100,1.5322265625,-97,1.4306640625,-98,1.51953125
28.8533,-101,1.244140625,-98,1.2587890625,-97,1.4306640625,-98,1.51953125
28.8588,-101,1.244140625,-98,1.2587890625,-102,0.74658203125,-100,1.072265625
28.8729,-99,1.220703125,-100,1.3955078125,-102,0.74658203125,-100,1.072265625
28.8824,-99,1.220703125,-100,1.3955078125,-99,1.25,-99,1.3232421875
28.8938,-99,1.28125,-100,1.3955078125,-99,1.25,-99,1.3232421875
28.9042,-99,1.28125,-100,1.1318359375,-103,-0.09356689453125,-100,0.50830078125
28.9143,-99,0.7138671875,-101,0.80712890625,-103,-0.09356689453125,-100,0.50830078125
28.9197,-99,0.7138671875,-101,0.80712890625,-98,1.73828125,-99,1.72265625
28.9350,-104,0.69873046875,-102,0.97705078125,-98,1.73828125,-99,1.72265625
28.9430,-104,0.69873046875,-102,0.97705078125,-106,0.274169921875,-99,1.72265625
28.9505,-101,1.21484375,-102,1.1337890625,-106,0.274169921875,-101,1.197265625
28.9618,-101,1.21484375,-102,1.1337890625,-102,0.9501953125,-100,1.2109375
28.9732,-105,0.43310546875,-102,0.97607421875,-102,0.9501953125,-100,1.2109375
28.9786,-105,0.43310546875,-102,0.97607421875,-105,0.6904296875,-101,1.1923828125
28.9922,-100,1.201171875,-103,1.1181640625,-105,0.6904296875,-101,1.1923828125
29.0022,-100,1.201171875,-103,1.1181640625,-100,1.091796875,-102,1.01953125
29.0105,-106,0.401611328125,-101,1.0751953125,-100,1.091796875,-102,1.01953125
29.0185,-106,0.401611328125,-101,1.0751953125,-105,0.53173828125,-102,1.01953125
29.0328,-102,1.3388671875,-102,1.6279296875,-105,0.53173828125,-103,1.16796875
29.0378,-102,1.3388671875,-102,1.6279296875,-102,1.068359375,-101,1.158203125
29.0516,-104,0.70556640625,-102,1.6279296875,-102,1.068359375,-101,1.158203125
29.0610,-104,0.70556640625,-102,1.0087890625,-102,1.068359375,-101,1.158203125
29.0727,-101,1.3037109375,-102,1.0087890625,-105,0.73876953125,-101,1.3603515625
29.0805,-101,1.3037109375,-103,0.60595703125,-105,0.73876953125,-101,1.3603515625
29.0927,-106,0.328369140625,-103,0.60595703125,-100,1.2021484375,-102,0.8671875
29.0994,-106,0.328369140625,-102,0.96142578125,-106,0.43408203125,-102,0.8671875
29.1139,-102,1.3115234375,-102,0.96142578125,-106,0.43408203125,-102,1.40234375
29.1208,-102,1.3115234375,-103,0.69921875,-106,0.43408203125,-102,1.40234375
29.1320,-102,1.1796875,-103,0.69921875,-103,1.0302734375,-102,0.986328125
29.1418,-102,1.1796875,-103,0.951171875,-103,1.0302734375,-102,0.986328125
29.1528,-102,0.9208984375,-103,0.951171875,-104,0.88916015625,-102,1.2685546875
29.1615,-102,0.9208984375,-104,0.495849609375,-104,0.88916015625,-102,1.2685546875
29.1724,-106,0.6142578125,-104,0.495849609375,-102,1.103515625,-104,0.482177734375
29.1798,-106,0.6142578125,-103,0.93359375,-102,1.103515625,-104,0.482177734375
29.1896,-104,1.1591796875,-103,0.93359375,-105,0.7099609375,-104,0.91845703125
29.2008,-104,1.1591796875,-105,1.189453125,-105,0.7099609375,-104,0.91845703125
29.2119,-103,0.88134765625,-105,1.189453125,-104,0.94580078125,-102,1.453125
29.2211,-103,0.88134765625,-104,0.943359375,-104,0.94580078125,-102,1.453125
29.2327,-103,1.017578125,-104,0.943359375,-104,0.88427734375,-104,1.0048828125
29.2412,-103,1.017578125,-106,0.3505859375,-104,0.88427734375,-104,1.0048828125
29.2505,-103,1.017578125,-106,0.3505859375,-103,0.98046875,-102,1.19140625
29.2611,-105,0.64404296875,-104,1.1025390625,-103,0.98046875,-102,1.19140625
29.2715,-104,1.052734375,-104,1.1025390625,-107,0.4970703125,-105,0.79248046875
29.2806,-104,1.052734375,-105,0.68701171875,-107,0.4970703125,-105,0.79248046875
29.2920,-103,0.87939453125,-105,0.68701171875,-106,0.7626953125,-101,1.298828125
29.3001,-103,0.87939453125,-104,0.322021484375,-106,0.7626953125,-101,1.298828125
29.3117,-102,1.2060546875,-104,0.322021484375,-105,0.5947265625,-104,1.486328125
29.3227,-102,1.2060546875,-106,0.787109375,-105,0.5947265625,-104,1.486328125
29.3336,-102,1.2060546875,-106,0.787109375,-103,0.98583984375,-103,1.0185546875
29.3412,-107,0.474609375,-105,0.8193359375,-103,0.98583984375,-103,1.0185546875
29.3531,-107,0.474609375,-105,0.8193359375,-106,0.5673828125,-106,0.63525390625
29.3618,-104,1.064453125,-105,0.8193359375,-106,0.5673828125,-106,0.63525390625
29.3714,-104,1.064453125,-105,0.6337890625,-104,0.859375,-101,1.3525390625
29.3815,-103,0.99267578125,-105,0.6337890625,-104,0.859375,-101,1.3525390625
29.3924,-103,0.99267578125,-105,0.89599609375,-106,0.779296875,-104,0.71826171875
29.3985,-102,1.1708984375,-105,0.88916015625,-106,0.779296875,-104,0.71826171875
29.4107,-105,0.62548828125,-105,0.88916015625,-102,1.0869140625,-102,1.4345703125
29.4201,-105,0.62548828125,-104,0.8583984375,-102,1.0869140625,-102,1.4345703125
29.4320,-105,0.62548828125,-104,0.8583984375,-105,-0.07952880859375,-102,1.4345703125
29.4421,-103,0.56494140625,-104,0.8583984375,-105,-0.07952880859375,-104,0.2083740234375
29.4554,-103,0.56494140625,-104,0.399169921875,-103,0.486083984375,-101,0.96142578125
29.4620,-102,0.80078125,-104,0.399169921875,-103,0.486083984375,-101,0.96142578125
29.4719,-101,0.990234375,-104,0.5283203125,-105,0.2978515625,-103,0.65966796875
29.4845,-101,0.990234375,-104,0.2042236328125,-105,0.2978515625,-103,0.65966796875
29.4925,-101,0.990234375,-104,0.2042236328125,-101,0.93115234375,-103,0.68505859375
29.5012,-103,0.6005859375,-104,0.2042236328125,-101,0.93115234375,-103,0.68505859375
29.5124,-103,0.6005859375,-103,0.86572265625,-104,0.51025390625,-103,0.68505859375
29.5221,-102,0.904296875,-103,0.86572265625,-104,0.51025390625,-101,0.93896484375
29.5320,-102,0.904296875,-103,0.400390625,-102,0.7294921875,-101,0.93896484375
29.5434,-99,0.9521484375,-103,0.400390625,-102,0.7294921875,-102,1.01953125
29.5516,-99,0.9521484375,-102,0.7197265625,-103,0.583984375,-102,1.01953125
29.5617,-101,0.619140625,-102,0.7197265625,-103,0.583984375,-100,0.9599609375
29.5725,-101,0.619140625,-100,0.951171875,-101,0.8359375,-101,0.638671875
29.5814,-102,0.65771484375,-100,0.951171875,-101,0.8359375,-101,0.638671875
29.5939,-102,0.65771484375,-101,0.88916015625,-101,0.68798828125,-99,1.103515625
29.6014,-102,0.82958984375,-101,0.88916015625,-101,0.68798828125,-99,1.103515625
29.6108,-102,0.82958984375,-100,0.8603515625,-102,0.783203125,-99,1.103515625
29.6202,-100,0.84228515625,-100,0.8603515625,-102,0.783203125,-100,1.1376953125
29.6343,-100,0.84228515625,-100,0.7998046875,-101,0.71728515625,-100,1.1376953125
29.6399,-100,0.90771484375,-100,0.7998046875,-101,0.71728515625,-99,0.87744140625
29.6513,-100,0.90771484375,-98,0.9892578125,-100,0.974609375,-99,0.87744140625
29.6659,-100,0.7724609375,-98,0.9892578125,-100,0.974609375,-98,0.91259765625
29.6727,-100,0.7724609375,-99,1.0146484375,-98,0.896484375,-98,0.91259765625
29.6852,-102,0.91552734375,-99,1.0146484375,-98,0.896484375,-98,1.2470703125
29.6932,-102,0.91552734375,-99,1.3017578125,-101,0.85009765625,-98,1.2470703125
29.7021,-99,0.890625,-99,1.3017578125,-101,0.85009765625,-100,0.62353515625
29.7170,-99,0.890625,-100,0.7578125,-99,0.8046875,-100,0.62353515625
29.7224,-98,0.98828125,-100,0.7578125,-99,0.8046875,-98,1.1376953125
29.7327,-98,0.98828125,-99,0.94091796875,-100,0.8525390625,-98,1.1376953125
29.7426,-99,0.80322265625,-99,0.94091796875,-100,0.8525390625,-99,1.0078125
29.7536,-99,0.80322265625,-100,0.697265625,-100,0.8525390625,-99,1.0078125
29.7615,-103,0.55615234375,-100,0.697265625,-98,0.90869140625,-99,1.0126953125
29.7734,-103,0.55615234375,-101,1.046875,-102,0.39892578125,-99,1.0126953125
29.7814,-99,0.921875,-101,1.046875,-102,0.39892578125,-100,0.6708984375
29.7930,-99,0.921875,-99,0.8984375,-100,0.79150390625,-100,0.6708984375
29.8047,-101,0.56689453125,-99,0.8984375,-100,0.79150390625,-99,0.9755859375
29.8143,-101,0.56689453125,-101,0.77392578125,-104,0.449951171875,-99,0.9755859375
29.8222,-101,0.56689453125,-101,0.77392578125,-104,0.449951171875,-100,1.033203125
29.8364,-98,1.0732421875,-100,0.5751953125,-97,0.84130859375,-100,1.033203125
29.8421,-102,0.154052734375,-100,0.5751953125,-97,0.84130859375,-100,0.77392578125
29.8522,-102,0.154052734375,-101,0.5791015625,-97,0.84130859375,-100,0.77392578125
29.8649,-99,0.8642578125,-101,0.5791015625,-102,0.1993408203125,-98,0.86474609375
29.8727,-99,0.8642578125,-98,0.8857421875,-102,0.1993408203125,-98,0.86474609375
29.8848,-99,0.8642578125,-98,0.8857421875,-98,0.68212890625,-98,0.99951171875
29.8923,-98,0.63818359375,-98,0.8857421875,-98,0.68212890625,-98,0.99951171875
29.9001,-98,0.7353515625,-98,0.77587890625,-102,0.256591796875,-97,1.041015625
29.9166,-98,0.7353515625,-99,0.654296875,-98,0.95458984375,-97,1.041015625
29.9219,-99,0.5048828125,-99,0.654296875,-98,0.95458984375,-99,0.8984375
29.9328,-99,0.5048828125,-97,0.69189453125,-98,0.95458984375,-99,0.8984375
29.9440,-99,0.5048828125,-97,0.69189453125,-101,0.08837890625,-96,0.91162109375
29.9537,-98,0.6767578125,-97,0.716796875,-99,0.50390625,-96,0.91162109375
29.9608,-98,0.6767578125,-97,0.716796875,-99,0.50390625,-98,0.367919921875
29.9772,-96,0.8828125,-97,0.716796875,-99,0.50390625,-98,0.367919921875
29.9830,-96,0.8828125,-97,0.66455078125,-100,0.45703125,-98,0.54296875
29.9937,-97,0.7900390625,-97,0.66455078125,-100,0.45703125,-98,0.54296875
30.0011,-97,0.7900390625,-99,0.336669921875,-96,0.72802734375,-97,0.6650390625
30.0169,-97,0.42919921875,-99,0.336669921875,-96,0.72802734375,-97,0.6650390625
30.0218,-97,0.42919921875,-96,0.7509765625,-95,0.484619140625,-97,0.6650390625
30.0361,-98,0.51318359375,-99,-0.1033935546875,-97,0.66650390625,-97,0.61083984375
30.0456,-98,0.51318359375,-99,-0.1033935546875,-97,0.66650390625,-95,0.6611328125
30.0541,-95,0.673828125,-99,-0.1033935546875,-97,0.66650390625,-95,0.6611328125
30.0678,-95,0.673828125,-96,0.80029296875,-96,0.452392578125,-95,0.6611328125
30.0766,-95,0.5068359375,-96,0.80029296875,-96,0.452392578125,-95,0.841796875
30.0857,-95,0.5068359375,-96,-0.86572265625,-96,-0.2364501953125,-93,0.402587890625
30.0949,-92,0.5732421875,-96,-0.86572265625,-96,-0.2364501953125,-93,0.402587890625
30.1060,-92,0.5732421875,-92,1.4111328125,-90,1.0439453125,-93,0.402587890625
30.1185,-86,-1.2958984375,-92,1.4111328125,-90,1.0439453125,-93,1.10546875
30.1241,-86,-1.2958984375,-85,1.927734375,-86,1.966796875,-93,1.10546875
30.1366,-83,2.53125,-85,1.927734375,-86,1.966796875,-89,-1.6240234375
30.1447,-83,2.53125,-87,3.513671875,-77,2.3828125,-89,-1.6240234375
30.1587,-78,2.982421875,-87,3.513671875,-77,2.3828125,-86,2.88671875
30.1644,-78,2.982421875,-78,3.369140625,-90,4.2890625,-86,2.88671875
30.1790,-76,4.08984375,-78,3.369140625,-90,4.2890625,-78,3.537109375
30.1867,-76,4.08984375,-72,-1.4501953125,-88,-0.446044921875,-78,3.537109375
30.2033,-70,-0.85791015625,-81,-0.376953125,-76,-0.293212890625,-76,-1.6318359375
30.2148,-63,-0.8388671875,-81,-0.376953125,-76,-0.293212890625,-68,-1.7099609375
30.2200,-63,-0.8388671875,-51,-0.69580078125,-70,-0.5400390625,-68,-1.7099609375
30.2331,-58,-0.81982421875,-51,-0.69580078125,-70,-0.5400390625,-63,-1.333984375
30.2415,-58,-0.81982421875,-49,-1.2529296875,-7,-0.319091796875,-63,-1.333984375
30.2514,-55,-0.7197265625,-49,-1.2529296875,-7,-0.319091796875,-59,-1.275390625
30.2606,-55,-0.7197265625,-50,-0.5693359375,-21,-0.1304931640625,-59,-1.275390625
30.2702,-51,-0.71533203125,-50,-0.5693359375,-21,-0.1304931640625,-56,-1.3046875
30.2817,-51,-0.71533203125,-49,-0.73388671875,-27,-0.2802734375,-56,-1.3046875
30.2897,-43,-0.744140625,-49,-0.73388671875,-27,-0.2802734375,-54,-1.2138671875
30.2981,-43,-0.744140625,-48,0.2340087890625,-28,-0.338134765625,-54,-1.2138671875
30.3109,-41,-0.5634765625,-48,0.2340087890625,-28,-0.338134765625,-48,-1.1015625
30.3204,-41,-0.5634765625,-35,-0.1639404296875,-30,-0.27734375,-48,-1.1015625
30.3292,-37,-0.403076171875,-35,-0.1639404296875,-30,-0.27734375,-45,-0.984375
30.3396,-37,-0.403076171875,-35,-0.31298828125,-27,-0.1744384765625,-45,-0.984375
30.3512,-45,-0.271484375,-35,-0.31298828125,-27,-0.1744384765625,-2,-0.67041015625
30.3597,-45,-0.271484375,-4,0.80126953125,-19,-0.130615234375,-2,-0.67041015625
30.3738,-39,0.232421875,-4,0.80126953125,-19,-0.130615234375,-11,-0.8017578125
30.3801,-39,0.232421875,-4,0.80126953125,-18,-0.0753173828125,-11,-0.8017578125
30.3909,-35,-0.2457275390625,-10,-0.2890625,-18,-0.0753173828125,-2,-0.5595703125
30.4008,-35,-0.2457275390625,-2,-0.55859375,-25,0.13818359375,-2,-0.5595703125
30.4104,7,-0.1395263671875,-2,-0.55859375,-25,0.13818359375,-9,-0.4423828125
30.4210,7,-0.1395263671875,-6,-0.1268310546875,-14,0.0538330078125,-9,-0.4423828125
30.4308,7,-0.1395263671875,-6,-0.1268310546875,-14,0.0538330078125,-16,-0.478271484375
30.4396,-7,-0.1595458984375,-18,-0.232177734375,-6,0.05999755859375,-16,-0.478271484375
30.4518,-7,-0.1595458984375,-18,-0.232177734375,-6,0.05999755859375,-3,-0.328857421875
30.4610,-15,0.17236328125,-18,-0.232177734375,-17,0.0628662109375,-3,-0.328857421875
30.4721,-15,0.17236328125,-8,-0.10003662109375,-17,0.0628662109375,0,-0.221435546875
30.4816,-8,-0.18701171875,0,0.206787109375,-22,0.096435546875,0,-0.221435546875
30.4917,-8,-0.18701171875,0,0.206787109375,-22,0.096435546875,0,-0.1905517578125
30.5007,-2,0.23193359375,0,-0.408447265625,-5,0.06805419921875,0,-0.1905517578125
30.5112,-2,0.23193359375,0,-0.408447265625,-5,0.06805419921875,-10,-0.368408203125
30.5198,-1,0.2734375,0,-0.408447265625,-5,0.06805419921875,-10,-0.368408203125
30.5311,-1,0.2734375,0,-0.779296875,-1,0.0986328125,-15,-0.2685546875
30.5390,0,-0.281005859375,0,-0.779296875,-1,0.0986328125,-15,-0.2685546875
30.5518,0,-0.281005859375,0,-0.2003173828125,0,-0.07293701171875,-3,-0.10577392578125
30.5588,0,-0.211669921875,0,-0.2003173828125,0,-0.07293701171875,-3,-0.10577392578125
30.5704,0,-0.211669921875,0,0.265380859375,0,-0.01033782958984375,0,0.156005859375
30.5824,0,-0.113525390625,0,0.265380859375,0,-0.01033782958984375,0,0.156005859375
30.5944,0,-0.113525390625,0,-0.68310546875,0,-0.06024169921875,0,0.156005859375
30.6031,0,2.451171875,0,-0.68310546875,0,-0.06024169921875,0,0.176513671875
30.6126,0,2.451171875,0,4.3828125,0,4.18359375,0,0.176513671875
30.6225,0,7.2109375,0,4.3828125,0,4.18359375,0,5.8203125
30.6332,0,7.2109375,0,8.578125,0,8.5,13,8.65625
30.6445,3,10.9609375,0,8.578125,0,8.5,13,8.65625
30.6515,3,10.9609375,3,12.1328125,9,11.484375,16,13.2734375
30.6636,18,13.6796875,3,12.1328125,9,11.484375,16,13.2734375
30.6760,18,13.6796875,19,15.1875,21,15.0703125,30,14.78125
30.6842,47,13.796875,19,15.1875,21,15.0703125,30,14.78125
30.6986,47,13.796875,47,13.171875,39,14.203125,52,12.6953125
30.7043,99,7.96875,47,13.171875,39,14.203125,52,12.6953125
30.7189,99,7.96875,92,10.5,62,12.90625,52,12.6953125
30.7232,132,7.84765625,92,10.5,62,12.90625,73,14.1640625
30.7344,132,7.84765625,138,7.65234375,85,12.1484375,87,12.34375
30.7442,162,6.62109375,138,7.65234375,85,12.1484375,87,12.34375
30.7589,162,6.62109375,182,6.0546875,96,13.328125,104,12.7421875
30.7647,176,7.12109375,182,6.0546875,96,13.328125,104,12.7421875
30.7757,176,7.12109375,214,4.30859375,114,11.6171875,104,12.7421875
30.7853,182,7.5390625,214,4.30859375,114,11.6171875,120,11.59375
30.7964,182,7.5390625,219,6.85546875,130,13.0,120,11.59375
30.8036,183,8.75,219,6.85546875,130,13.0,141,11.828125
30.8158,183,8.75,213,6.90234375,151,10.5546875,141,11.828125
30.8365,192,8.1484375,217,6.82421875,169,9.8671875,156,10.703125
30.8436,203,7.66796875,217,6.82421875,169,9.8671875,175,9.3046875
30.8559,203,7.66796875,221,7.26171875,185,9.5078125,175,9.3046875
30.8634,203,7.66796875,221,7.26171875,185,9.5078125,192,8.765625
30.8741,214,7.02734375,231,8.59375,205,10.3125,192,8.765625
30.8849,214,7.02734375,231,8.59375,205,10.3125,210,10.1640625
30.8937,230,10.078125,247,7.515625,223,9.2734375,210,10.1640625
30.9042,230,10.078125,247,7.515625,223,9.2734375,227,10.3046875
30.9157,248,9.2734375,261,7.6875,242,9.1875,227,10.3046875
30.9228,266,7.359375,261,7.6875,242,9.1875,246,8.875
30.9349,266,7.359375,270,7.9765625,256,9.1953125,246,8.875
30.9422,280,6.86328125,270,7.9765625,256,9.1953125,262,8.6328125
30.9556,280,6.86328125,291,6.16796875,277,7.375,262,8.6328125
30.9641,280,6.86328125,291,6.16796875,277,7.375,280,8.1875
30.9763,295,6.60546875,302,5.94140625,292,6.796875,280,8.1875
30.9850,295,6.60546875,302,5.94140625,292,6.796875,294,6.5078125
30.9962,306,5.8203125,319,7.23828125,311,8.34375,294,6.5078125
31.0062,323,5.9921875,319,7.23828125,311,8.34375,310,7.5234375
31.0157,323,5.9921875,319,7.23828125,321,6.55859375,310,7.5234375
31.0254,323,5.9921875,329,5.34765625,321,6.55859375,325,5.98046875
31.0354,336,5.171875,329,5.34765625,321,6.55859375,325,5.98046875
31.0513,346,4.4609375,353,4.140625,346,4.88671875,338,5.2734375
31.0615,346,4.4609375,353,4.140625,346,4.88671875,349,4.80078125
31.0697,356,3.671875,353,4.140625,346,4.88671875,349,4.80078125
31.0798,356,3.671875,362,3.841796875,358,4.32421875,349,4.80078125
31.0897,365,3.384765625,362,3.841796875,358,4.32421875,358,4.33203125
31.1023,365,3.384765625,371,2.921875,368,3.6484375,358,4.33203125
31.1159,373,3.279296875,371,2.921875,368,3.6484375,369,3.45703125
31.1221,373,3.279296875,380,3.12890625,378,3.630859375,369,3.45703125
31.1415,382,3.19140625,386,2.234375,386,3.107421875,378,3.3828125
31.1517,382,3.19140625,386,2.234375,386,3.107421875,386,2.92578125
31.1606,389,2.4140625,392,1.6328125,392,2.32421875,386,2.92578125
31.1693,393,0.89794921875,392,1.6328125,392,2.32421875,392,2.359375
31.1818,393,0.89794921875,393,-0.1038818359375,396,0.5927734375,392,2.359375
31.2010,390,0.410400390625,393,-0.1038818359375,394,0.075927734375,395,0.70849609375
31.2076,387,-0.96435546875,397,-1.50390625,394,0.075927734375,395,-0.155517578125
31.2187,387,-0.96435546875,397,-1.50390625,394,-1.830078125,395,-0.155517578125
31.2271,386,-1.4111328125,389,-1.32421875,394,-1.830078125,391,-0.6328125
31.2391,386,-1.4111328125,389,-1.32421875,393,-2.798828125,391,-0.6328125
31.2478,385,-2.41796875,387,-2.396484375,393,-2.798828125,388,-1.7734375
31.2609,385,-2.41796875,387,-2.396484375,389,-1.609375,388,-1.7734375
31.2679,383,-1.6396484375,388,-2.193359375,389,-1.609375,385,-1.4560546875
31.2794,383,-1.6396484375,388,-2.193359375,385,-1.9189453125,385,-1.4560546875
31.2883,381,-1.6181640625,382,-1.357421875,385,-1.9189453125,381,-1.20703125
31.2996,381,-1.6181640625,382,-1.357421875,387,-2.74609375,381,-1.20703125
31.3080,377,-1.541015625,380,-2.109375,387,-2.74609375,377,-0.88232421875
31.3194,377,-1.541015625,380,-2.109375,383,-1.318359375,377,-0.88232421875
31.3326,377,-1.541015625,378,-1.705078125,383,-1.318359375,373,-0.59033203125
31.3398,375,-1.544921875,378,-1.705078125,375,-0.6689453125,373,-0.59033203125
31.3543,375,-1.544921875,374,-1.4375,375,-0.6689453125,371,-0.8818359375
31.3614,376,-2.41015625,374,-1.4375,370,-1.916015625,371,-0.8818359375
31.3701,376,-2.41015625,372,-2.19921875,370,-1.916015625,368,-1.7705078125
31.3804,367,-2.306640625,372,-2.19921875,369,-3.734375,368,-1.7705078125
31.3888,367,-2.306640625,365,-2.70703125,369,-3.734375,360,-3.056640625
31.4011,361,-3.076171875,365,-2.70703125,355,-3.15234375,360,-3.056640625
31.4109,361,-3.076171875,359,-3.435546875,355,-3.15234375,353,-3.28515625
31.4204,356,-3.796875,359,-3.435546875,7,17.296875,353,-3.28515625
31.4289,356,-3.796875,352,-4.125,7,17.296875,353,-4.98046875
31.4409,350,-4.58984375,352,-4.125,113,9.2734375,353,-4.98046875
31.4561,346,-5.87109375,343,4.5703125,163,5.46875,340,-5.4453125
31.4653,346,-5.87109375,333,4.82421875,163,5.46875,334,-5.39453125
31.4789,337,5.5546875,333,4.82421875,163,5.46875,334,-5.39453125
31.4854,337,5.5546875,324,6.05859375,208,2.06640625,326,-6.421875
31.4986,333,7.015625,324,6.05859375,208,2.06640625,326,-6.421875
31.5046,333,7.015625,313,6.2734375,228,-0.045654296875,317,-6.5546875
31.5170,322,7.05859375,313,6.2734375,232,-0.80908203125,317,-6.5546875
31.5251,322,7.05859375,301,6.87109375,232,-0.80908203125,307,-7.0
31.5385,312,6.984375,301,6.87109375,232,-0.80908203125,307,-7.0
31.5449,312,6.984375,294,8.0078125,55,13.9453125,307,-7.0
31.5592,298,7.1875,294,8.0078125,55,13.9453125,293,-6.79296875
31.5656,298,7.1875,286,8.71875,107,4.5390625,293,-6.79296875
31.5768,290,7.87890625,286,8.71875,133,1.796875,285,-7.4453125
31.5872,290,7.87890625,276,8.7890625,133,1.796875,273,-7.8515625
31.6003,276,7.99609375,276,8.7890625,133,1.796875,273,-7.8515625
31.6084,276,7.99609375,262,8.921875,157,-0.09771728515625,273,-7.8515625
31.6200,264,9.0,262,8.921875,157,-0.09771728515625,262,-8.5390625
31.6310,264,9.0,262,8.921875,167,-1.1943359375,262,-8.5390625
31.6375,248,8.6328125,251,9.3984375,167,-1.1943359375,247,-8.203125
31.6490,248,8.6328125,238,9.4375,174,2.0703125,247,-8.203125
31.6600,233,9.0,238,9.4375,174,2.0703125,233,8.140625
31.6701,233,9.0,221,8.859375,103,7.35546875,233,8.140625
31.6820,217,9.0625,221,8.859375,103,7.35546875,214,7.57421875
31.6931,217,9.0625,221,8.859375,112,-0.172119140625,214,7.57421875
31.6995,204,9.6796875,202,8.78125,112,-0.172119140625,202,8.375
31.7126,204,9.6796875,202,8.78125,133,6.49609375,202,8.375
31.7211,169,7.37890625,-3,12.0390625,133,6.49609375,182,7.59375
31.7324,169,7.37890625,-3,12.0390625,116,2.689453125,182,7.59375
31.7417,74,4.40234375,45,-0.73046875,116,2.689453125,172,8.46875
31.7527,74,4.40234375,45,-0.73046875,77,4.859375,172,8.46875
31.7591,65,4.33984375,49,-1.5634765625,77,4.859375,162,8.8125
31.7723,65,4.33984375,49,-1.5634765625,88,-0.98681640625,162,8.8125
31.7801,81,-2.283203125,77,-1.0498046875,88,-0.98681640625,150,-4.4453125
31.7918,81,-2.283203125,77,-1.0498046875,113,-0.71484375,150,-4.4453125
31.7984,92,-1.119140625,81,-1.3798828125,113,-0.71484375,147,-3.87109375
31.8115,92,-1.119140625,81,-1.3798828125,106,-1.1240234375,147,-3.87109375
31.8197,96,-1.712890625,94,-1.5546875,106,-1.1240234375,132,-3.537109375
31.8311,96,-1.712890625,94,-1.5546875,99,-0.27001953125,132,-3.537109375
31.8374,99,-1.177734375,94,-1.2529296875,99,-0.27001953125,121,-3.73046875
31.8470,99,-1.177734375,94,-1.2529296875,114,-0.424072265625,121,-3.73046875
31.8581,95,-1.34765625,96,-1.28515625,114,-0.424072265625,115,-3.1171875
31.8706,95,-1.34765625,96,-1.28515625,102,-0.368408203125,115,-3.1171875
31.8791,95,-1.34765625,93,-0.68994140625,102,-0.368408203125,106,-2.978515625
31.8902,89,-1.0859375,93,-0.68994140625,96,-0.450439453125,106,-2.978515625
31.8992,89,-1.0859375,92,-1.21484375,96,-0.450439453125,100,-2.53515625
31.9075,103,-1.001953125,92,-1.21484375,87,-0.2188720703125,100,-2.53515625
31.9196,103,-1.001953125,88,-0.99609375,87,-0.2188720703125,100,-2.53515625
31.9300,89,-0.82080078125,88,-0.99609375,87,-0.2188720703125,93,-2.404296875
31.9383,89,-0.82080078125,84,-0.6025390625,79,-0.28125,93,-2.404296875
31.9468,84,-0.86669921875,84,-0.6025390625,79,-0.28125,86,-2.26953125
31.9578,84,-0.86669921875,80,-0.78564453125,95,-0.30712890625,86,-2.26953125
31.9667,78,-0.908203125,80,-0.78564453125,81,-0.1312255859375,83,-2.044921875
31.9778,78,-0.908203125,77,-0.9697265625,81,-0.1312255859375,83,-2.044921875
31.9869,72,-0.71435546875,77,-0.9697265625,81,-0.1312255859375,76,-2.208984375
31.9977,72,-0.71435546875,72,-1.04296875,76,-0.1959228515625,76,-2.208984375
32.0056,66,-0.49267578125,72,-1.04296875,76,-0.1959228515625,73,-1.99609375
32.0167,66,-0.49267578125,69,-0.49462890625,68,-0.1741943359375,73,-1.99609375
32.0251,60,-0.68994140625,69,-0.49462890625,68,-0.1741943359375,69,-1.912109375
32.0361,60,-0.68994140625,66,-0.61279296875,62,-0.2047119140625,69,-1.912109375
32.0457,67,-0.56396484375,66,-0.61279296875,62,-0.2047119140625,65,-1.8310546875
32.0568,67,-0.56396484375,62,-0.92724609375,58,-0.09210205078125,65,-1.8310546875
32.0655,61,-0.464111328125,62,-0.92724609375,58,-0.09210205078125,63,-1.41015625
32.0767,61,-0.464111328125,59,-0.80029296875,58,-0.2230224609375,63,-1.41015625
32.0870,53,-0.38037109375,59,-0.80029296875,58,-0.2230224609375,52,-1.2978515625
32.1000,53,-0.38037109375,54,-0.28955078125,27,0.2442626953125,52,-1.2978515625
32.1084,53,-0.38037109375,54,-0.28955078125,27,0.2442626953125,49,-1.0595703125
32.1182,40,-0.52978515625,49,-0.417236328125,29,0.11846923828125,49,-1.0595703125
32.1277,40,-0.52978515625,49,-0.417236328125,29,0.11846923828125,49,-1.0498046875
32.1389,51,-0.64404296875,49,-0.417236328125,38,-0.0928955078125,49,-1.0498046875
32.1470,1,-0.5068359375,46,-0.42919921875,38,-0.0928955078125,44,-1.0029296875
32.1594,1,-0.5068359375,46,-0.42919921875,25,-0.09979248046875,44,-1.0029296875
32.1681,1,-0.5068359375,20,-0.52880859375,25,-0.09979248046875,43,-0.77392578125
32.1777,10,-0.5107421875,23,0.87939453125,27,-0.11822509765625,43,-0.77392578125
32.1878,10,-0.5107421875,23,0.87939453125,27,-0.11822509765625,7,-0.86279296875
32.2000,-2,0.078369140625,23,0.87939453125,8,-0.125,7,-0.86279296875
32.2074,-2,0.078369140625,4,-0.30224609375,8,-0.125,5,-0.74267578125
32.2202,12,-0.140625,4,-0.30224609375,8,-0.12939453125,5,-0.74267578125
32.2286,12,-0.140625,9,-0.763671875,8,-0.12939453125,5,-0.74267578125
32.2396,9,-0.237548828125,9,-0.763671875,13,-0.108642578125,14,-0.65673828125
32.2482,9,-0.237548828125,16,-0.326171875,13,-0.108642578125,14,-0.65673828125
32.2591,3,-0.222900390625,16,-0.326171875,0,-0.11285400390625,0,-0.487548828125
32.2679,3,-0.222900390625,6,-0.411865234375,0,-0.11285400390625,0,-0.487548828125
32.2788,15,-0.276611328125,6,-0.411865234375,8,-0.1240234375,8,-0.64111328125
32.2877,15,-0.276611328125,3,-0.2449951171875,8,-0.1240234375,8,-0.64111328125
32.2986,16,-0.1578369140625,3,-0.2449951171875,15,-0.08770751953125,16,-0.299560546875
32.3070,16,-0.1578369140625,15,-0.26318359375,15,-0.08770751953125,16,-0.299560546875
32.3184,9,-0.181640625,15,-0.26318359375,15,-0.08770751953125,0,-0.308349609375
32.3298,9,-0.181640625,14,0.499267578125,6,-0.06048583984375,0,-0.308349609375
32.3376,5,-0.11993408203125,14,0.499267578125,6,-0.06048583984375,0,-0.48974609375
32.3484,5,-0.11993408203125,7,-0.14892578125,1,0.0227813720703125,0,-0.48974609375
32.3581,2,-0.112060546875,7,-0.14892578125,1,0.0227813720703125,0,-0.035247802734375
32.3714,2,-0.112060546875,3,-0.289306640625,0,-0.04180908203125,0,-0.035247802734375
32.3800,1,-0.337158203125,3,-0.289306640625,0,-0.04180908203125,0,-0.1119384765625
32.3880,1,-0.337158203125,1,-0.2252197265625,0,-0.1138916015625,0,-0.1119384765625
32.4019,0,0.346923828125,1,-0.2252197265625,0,-0.1138916015625,0,-0.280029296875
32.4108,0,0.346923828125,0,-0.0653076171875,0,-0.07073974609375,0,-0.280029296875
32.4178,0,0.2476806640625,0,-0.0653076171875,0,-0.07073974609375,0,0.1949462890625
32.4302,0,0.2476806640625,0,-0.736328125,0,0.085205078125,0,0.1949462890625
32.4367,0,0.074951171875,0,-0.736328125,0,0.085205078125,0,0.226318359375
32.4527,0,0.074951171875,0,0.333740234375,0,0.06256103515625,0,0.226318359375
32.4588,0,0.154541015625,0,0.333740234375,0,0.06256103515625,0,-0.042083740234375
32.4683,0,0.154541015625,0,0.6474609375,0,-0.0217132568359375,0,-0.042083740234375
32.4799,0,0.1639404296875,0,0.6474609375,0,-0.0217132568359375,0,-0.234130859375
32.4913,0,0.1639404296875,0,-0.271728515625,0,0.013916015625,0,-0.234130859375
32.4979,0,0.118408203125,0,-0.271728515625,0,0.013916015625,0,0.11279296875
32.5131,0,0.118408203125,0,-1.005859375,0,0.05462646484375,0,0.11279296875
32.5180,0,0.11383056640625,0,-1.005859375,0,0.05462646484375,0,0.06201171875
32.5310,0,0.11383056640625,0,0.478515625,0,0.056640625,0,0.06201171875
32.5377,0,0.10260009765625,0,0.478515625,0,0.056640625,0,0.291015625
32.5475,0,0.10260009765625,0,0.88818359375,0,0.017303466796875,0,0.291015625
32.5592,0,0.10260009765625,0,0.88818359375,0,0.017303466796875,0,-0.107177734375
32.5679,0,0.12109375,0,0.1905517578125,0,-0.0186767578125,0,-0.107177734375
32.5763,0,0.173583984375,0,0.1905517578125,0,-0.0186767578125,0,0.09521484375
32.5863,0,0.173583984375,0,-0.2064208984375,0,0.10235595703125,0,0.09521484375
32.6013,0,0.173583984375,0,-0.2064208984375,0,0.10235595703125,0,0.173095703125
32.6060,0,-0.1917724609375,0,-0.244873046875,0,0.039581298828125,0,0.173095703125
32.6198,0,-0.1917724609375,0,-0.244873046875,0,0.039581298828125,0,-0.1510009765625
32.6255,0,0.024261474609375,0,-0.2091064453125,0,0.07366943359375,0,-0.1510009765625
32.6389,0,0.024261474609375,0,-0.2091064453125,0,0.07366943359375,0,0.19287109375
32.6454,0,-0.1337890625,0,-0.5400390625,0,-0.069091796875,0,0.19287109375
32.6583,0,-0.1337890625,0,-0.5400390625,0,-0.069091796875,0,0.1871337890625
32.6698,0,0.2349853515625,0,-0.5400390625,0,-0.06927490234375,0,0.1871337890625
32.6789,0,0.2349853515625,0,-0.2763671875,0,-0.06927490234375,0,-0.24169921875
32.6892,0,0.10272216796875,0,-0.2763671875,0,-0.0362548828125,0,-0.24169921875
32.7013,0,0.10272216796875,0,0.359130859375,0,-0.0362548828125,0,-0.15478515625
32.7071,0,-0.09332275390625,0,0.359130859375,0,-0.06365966796875,0,-0.15478515625
32.7184,0,-0.09332275390625,0,-0.0511474609375,0,-0.06365966796875,0,0.0789794921875
32.7267,0,-0.2900390625,0,-0.0511474609375,0,0.031494140625,0,0.0789794921875
32.7376,0,-0.2900390625,0,-0.2410888671875,0,0.031494140625,0,0.10968017578125
32.7529,0,-0.12939453125,0,-0.2410888671875,0,0.031494140625,0,0.10968017578125
32.7595,0,-0.12939453125,0,0.329345703125,0,0.035797119140625,0,0.19140625
32.7729,0,0.14208984375,0,0.329345703125,0,0.035797119140625,0,0.19140625
32.7791,0,0.14208984375,0,0.18896484375,0,0.027740478515625,0,0.162841796875
32.7880,0,-0.216552734375,0,0.18896484375,0,0.0970458984375,0,0.162841796875
32.7987,0,-0.216552734375,0,-0.69873046875,0,0.0970458984375,0,-0.09881591796875
32.8073,0,-0.2183837890625,0,-0.69873046875,0,0.050689697265625,0,-0.09881591796875
32.8205,0,-0.2183837890625,0,-1.05078125,0,0.050689697265625,0,-0.09881591796875
32.8322,0,0.2178955078125,0,-1.05078125,0,0.050689697265625,0,-0.166259765625
32.8382,0,0.2178955078125,0,0.11083984375,0,-0.05712890625,0,0.04534912109375
32.8469,0,0.05072021484375,0,0.11083984375,0,0.023681640625,0,0.04534912109375
32.8601,0,0.05072021484375,0,-0.353759765625,0,0.023681640625,0,0.04534912109375
32.8671,0,0.08209228515625,0,-0.353759765625,0,0.023681640625,0,0.089111328125
32.8776,0,0.08209228515625,0,0.08709716796875,0,0.02484130859375,0,0.2314453125
32.8910,0,0.14306640625,0,0.08709716796875,0,0.02484130859375,0,0.2314453125
32.8999,0,0.14306640625,0,-0.4609375,0,-0.0684814453125,0,0.2314453125
32.9107,0,0.1507568359375,0,-0.4609375,0,-0.0684814453125,0,-0.0738525390625
32.9194,0,0.1507568359375,0,0.15576171875,0,0.0406494140625,0,-0.0738525390625
32.9259,0,-0.26708984375,0,0.15576171875,0,0.0406494140625,0,-0.1387939453125
32.9390,0,-0.26708984375,0,-0.261962890625,0,-0.03619384765625,0,-0.1387939453125
32.9457,0,0.3173828125,0,-0.261962890625,0,-0.03619384765625,0,0.1607666015625
32.9576,0,0.3173828125,0,0.06500244140625,0,0.00852203369140625,0,0.1607666015625
32.9681,0,0.06610107421875,0,0.06500244140625,0,0.00852203369140625,0,0.15478515625
32.9773,0,0.06610107421875,0,0.67041015625,0,-0.022125244140625,0,0.15478515625
32.9866,0,-0.183837890625,0,0.67041015625,0,-0.022125244140625,0,-0.2235107421875
32.9971,0,-0.183837890625,0,0.28662109375,0,-0.0465087890625,0,-0.2235107421875
33.0057,0,-0.1290283203125,0,0.28662109375,0,-0.0465087890625,0,-0.2396240234375
33.0172,0,-0.1290283203125,0,0.07421875,0,-0.047760009765625,0,-0.2396240234375
33.0257,0,-0.0173492431640625,0,0.07421875,0,-0.047760009765625,0,0.07427978515625
33.0368,0,-0.0173492431640625,0,-0.42041015625,0,0.01178741455078125,0,0.07427978515625
33.0456,0,0.16162109375,0,-0.42041015625,0,0.01178741455078125,0,0.135986328125
33.0574,0,0.16162109375,0,0.35400390625,0,-0.0382080078125,0,0.135986328125
33.0661,0,0.252685546875,0,0.35400390625,0,-0.0382080078125,0,-0.2271728515625
33.0770,0,0.252685546875,0,0.416748046875,0,0.0223388671875,0,-0.2271728515625
33.0914,0,0.0831298828125,0,0.416748046875,0,0.027252197265625,0,-0.207763671875
33.1006,0,0.0831298828125,0,0.1025390625,0,0.027252197265625,0,-0.207763671875
33.1101,0,0.0831298828125,0,0.1025390625,0,0.027252197265625,0,0.2257080078125
33.1225,0,0.093017578125,0,0.1025390625,0,0.03350830078125,0,0.2257080078125
33.1341,0,0.093017578125,0,0.414794921875,0,0.03350830078125,0,0.2257080078125
33.1422,0,0.0172119140625,0,0.414794921875,0,0.046173095703125,0,-0.086669921875
33.1538,0,0.0172119140625,0,0.346923828125,0,0.046173095703125,0,-0.086669921875
33.1620,0,-0.03289794921875,0,0.346923828125,0,-0.044830322265625,0,0.22265625
33.1766,0,0.1202392578125,0,0.17333984375,0,-0.03729248046875,0,-0.11785888671875
33.1879,0,0.1202392578125,0,0.01036834716796875,0,-0.03729248046875,0,-0.11785888671875
33.1965,0,-0.10498046875,0,0.01036834716796875,0,-0.06768798828125,0,-0.1552734375
33.2050,0,-0.10498046875,0,-0.1844482421875,0,-0.06768798828125,0,-0.1552734375
33.2180,0,0.25244140625,0,-0.1844482421875,0,-0.06768798828125,0,0.181396484375
33.2282,0,0.25244140625,0,-0.153564453125,0,-0.03643798828125,0,0.181396484375
33.2379,0,0.1715087890625,0,-0.153564453125,0,-0.03643798828125,0,0.184814453125
33.2503,0,0.1715087890625,0,-0.6962890625,0,-0.036895751953125,0,0.184814453125
33.2584,0,-0.01488494873046875,0,-0.6962890625,0,-0.06787109375,0,-0.20068359375
33.2671,0,-0.01488494873046875,0,-0.1751708984375,0,-0.06787109375,0,-0.20068359375
33.2781,0,-0.130859375,0,-0.1751708984375,0,-0.06787109375,0,0.1722412109375
33.2870,0,-0.130859375,0,0.0604248046875,0,0.026336669921875,0,0.1722412109375
33.3004,0,0.2169189453125,0,0.0604248046875,0,0.026336669921875,0,0.1754150390625
33.3089,0,0.2169189453125,0,4.49609375,0,2.546875,0,0.1754150390625
33.3187,-8,1.474609375,0,4.49609375,0,2.546875,-4,2.447265625
33.3287,-8,1.474609375,-14,0.9892578125,-12,1.337890625,-4,2.447265625
33.3407,-17,0.6533203125,-14,0.9892578125,-12,1.337890625,-15,0.7890625
33.3496,-17,0.6533203125,-16,1.4248046875,-15,1.296875,-15,0.7890625
33.3618,-3,4.45703125,-16,1.4248046875,-15,1.296875,-11,1.8974609375
33.3705,-3,4.45703125,-2,2.451171875,0,3.234375,-11,1.8974609375
33.3809,-1,5.0078125,-2,2.451171875,0,3.234375,-6,5.52734375
33.3911,-1,5.0078125,0,4.35546875,0,4.59375,-6,5.52734375
33.4023,-1,5.0078125,0,4.35546875,0,4.59375,-7,3.509765625
33.4109,0,4.2265625,-6,3.28125,-5,3.390625,-7,3.509765625
33.4231,-6,3.73828125,-6,3.28125,-5,3.390625,-20,2.787109375
33.4315,-6,3.73828125,-17,3.14453125,-17,2.869140625,-20,2.787109375
33.4417,-18,3.451171875,-17,3.14453125,-17,2.869140625,1,7.4453125
33.4522,-18,3.451171875,-3,5.7578125,-17,3.76171875,1,7.4453125
33.4638,-18,3.451171875,-3,5.7578125,-17,3.76171875,-10,3.681640625
33.4725,-18,4.859375,-17,5.5078125,-27,5.48046875,-10,3.681640625
33.4864,-27,5.203125,-27,4.30859375,-33,4.30859375,-16,5.37109375
33.4981,-39,4.0390625,-27,4.30859375,-33,4.30859375,-28,4.4609375
33.5092,-39,4.0390625,-40,5.125,-43,3.78515625,-28,4.4609375
33.5149,-45,5.16796875,-40,5.125,-43,3.78515625,-43,6.12109375
33.5234,-45,5.16796875,-51,5.26953125,-56,3.998046875,-43,6.12109375
33.5376,-59,4.04296875,-51,5.26953125,-56,3.998046875,-49,5.49609375
33.5440,-59,4.04296875,-59,4.23046875,-59,4.5078125,-49,5.49609375
33.5580,-59,4.04296875,-59,4.23046875,-59,4.5078125,-58,4.3515625
33.5692,-66,3.853515625,-68,3.591796875,-66,3.630859375,-58,4.3515625
33.5745,-73,3.220703125,-68,3.591796875,-66,3.630859375,-75,2.39453125
33.5831,-73,3.220703125,-74,3.517578125,-75,3.244140625,-75,2.39453125
33.5971,-78,3.287109375,-74,3.517578125,-75,3.244140625,-71,3.951171875
33.6028,-78,3.287109375,-79,2.7734375,-78,3.076171875,-71,3.951171875
33.6220,-78,3.287109375,-79,2.7734375,-78,3.076171875,-82,2.458984375
33.6302,-81,3.06640625,-84,3.052734375,-87,2.91015625,-82,2.458984375
33.6400,-81,3.06640625,-84,3.052734375,-87,2.91015625,-84,2.8515625
33.6456,-88,2.546875,-84,3.052734375,-89,2.5859375,-84,2.8515625
33.6625,-88,2.546875,-93,2.302734375,-89,2.5859375,-91,2.388671875
33.6698,-94,2.212890625,-93,2.302734375,-96,1.87890625,-91,2.388671875
33.6845,-94,2.212890625,-97,1.9169921875,-96,1.87890625,-95,2.16796875
33.6934,-98,1.9365234375,-97,1.9169921875,-99,1.8427734375,-95,2.16796875
33.7020,-98,1.9365234375,-101,1.7998046875,-99,1.8427734375,-99,2.013671875
33.7074,-102,1.6611328125,-101,1.7998046875,-104,1.7177734375,-99,2.013671875
33.7210,-102,1.6611328125,-104,2.015625,-104,1.7177734375,-104,1.6533203125
33.7319,-107,1.26171875,-104,2.015625,-104,1.7177734375,-104,1.6533203125
33.7403,-107,1.26171875,-108,1.453125,-105,1.4619140625,-108,1.408203125
33.7519,-109,1.3037109375,-108,1.453125,-111,1.1552734375,-108,1.408203125
33.7603,-109,1.3037109375,-109,1.3232421875,-111,1.1552734375,-108,1.494140625
33.7716,-110,1.31640625,-109,1.3232421875,-111,1.1552734375,-108,1.494140625
33.7811,-110,1.31640625,-113,1.0068359375,-114,0.85009765625,-111,1.484375
33.7926,-113,1.01171875,-113,1.0068359375,-114,0.85009765625,-111,1.484375
33.7968,-113,1.01171875,-115,0.50146484375,-112,0.876953125,-113,0.78369140625
33.8119,-115,0.76708984375,-115,0.50146484375,-112,0.876953125,-113,0.78369140625
33.8214,-115,0.76708984375,-115,0.91552734375,-117,0.505859375,-114,1.005859375
33.8318,-116,0.448974609375,-115,0.91552734375,-117,0.505859375,-114,1.005859375
33.8404,-116,0.448974609375,-115,0.487548828125,-115,0.78759765625,-116,0.642578125
33.8530,-114,0.87451171875,-115,0.487548828125,-115,0.78759765625,-116,0.642578125
33.8593,-114,0.87451171875,-115,1.02734375,-118,0.496337890625,-116,-0.205078125
33.8734,-118,-0.28857421875,-115,1.02734375,-118,0.496337890625,-116,-0.205078125
33.8821,-118,-0.28857421875,-115,0.55908203125,-113,0.564453125,-114,0.43798828125
33.8932,-113,0.919921875,-115,0.55908203125,-113,0.564453125,-114,0.43798828125
33.9021,-113,0.919921875,-113,0.61767578125,-115,0.53857421875,-114,0.63037109375
33.9139,-118,-0.11077880859375,-113,0.61767578125,-115,0.53857421875,-114,0.63037109375
33.9199,-118,-0.11077880859375,-115,0.1695556640625,-116,0.301025390625,-115,0.02874755859375
33.9339,-114,0.25537109375,-115,0.1695556640625,-116,0.301025390625,-115,0.02874755859375
33.9423,-114,0.25537109375,-113,-0.179931640625,-113,0.546875,-113,0.5751953125
33.9539,-115,0.12841796875,-113,-0.179931640625,-113,0.546875,-113,0.5751953125
33.9620,-115,0.12841796875,-113,0.59326171875,-115,0.257568359375,-113,0.5751953125
33.9733,-112,0.4755859375,-113,0.59326171875,-115,0.257568359375,-115,0.1611328125
33.9786,-112,0.4755859375,-114,0.270263671875,-115,0.31005859375,-112,0.62451171875
33.9928,-112,0.76953125,-114,0.270263671875,-115,0.31005859375,-112,0.62451171875
34.0019,-112,0.76953125,-113,0.392578125,-116,0.06634521484375,-112,0.580078125
34.0130,-110,0.6103515625,-113,0.392578125,-116,0.06634521484375,-112,0.580078125
34.0213,-110,0.6103515625,-112,0.52001953125,-112,0.64794921875,-112,0.580078125
34.0328,-113,0.398193359375,-112,0.52001953125,-112,0.64794921875,-111,0.58251953125
34.0400,-113,0.398193359375,-112,0.5244140625,-115,0.072021484375,-111,0.58251953125
34.0543,-109,0.5947265625,-112,0.5244140625,-115,0.072021484375,-111,0.20458984375
34.0630,-109,0.5947265625,-109,1.1923828125,-109,0.52392578125,-111,0.20458984375
34.0687,-110,0.69384765625,-109,1.1923828125,-109,0.52392578125,-109,0.8798828125
34.0821,-110,0.69384765625,-111,-0.26025390625,-114,0.09112548828125,-109,0.8798828125
34.0931,-110,0.291259765625,-111,-0.26025390625,-114,0.09112548828125,-108,0.34912109375
34.1000,-110,0.291259765625,-108,0.80322265625,-108,0.7197265625,-108,0.34912109375
34.1099,-110,0.291259765625,-108,0.80322265625,-108,0.7197265625,-107,0.9443359375
34.1219,-108,0.76123046875,-108,0.60302734375,-111,0.12115478515625,-107,0.9443359375
34.1299,-106,0.83251953125,-108,0.60302734375,-111,0.12115478515625,-109,0.325439453125
34.1430,-106,0.83251953125,-108,0.60302734375,-107,0.66552734375,-109,0.325439453125
34.1544,-106,0.6474609375,-107,0.419677734375,-107,0.66552734375,-107,0.4189453125
34.1607,-106,0.6474609375,-107,0.419677734375,-110,0.10528564453125,-107,0.4189453125
34.1721,-106,0.6474609375,-106,0.59619140625,-110,0.10528564453125,-105,0.71142578125
34.1807,-108,0.41845703125,-107,0.5927734375,-105,0.71533203125,-105,0.71142578125
34.1916,-108,0.41845703125,-107,0.5927734375,-105,0.71533203125,-105,0.8505859375
34.2005,-105,0.73291015625,-107,0.5927734375,-109,0.131103515625,-105,0.8505859375
34.2112,-105,0.73291015625,-104,0.810546875,-109,0.131103515625,-104,0.89501953125
34.2203,-104,0.7666015625,-104,0.810546875,-104,0.75048828125,-104,0.89501953125
34.2312,-104,0.7666015625,-104,0.81298828125,-104,0.75048828125,-104,0.7041015625
34.2399,-103,0.8525390625,-104,0.81298828125,-108,0.15478515625,-104,0.7041015625
34.2493,-103,0.8525390625,-102,0.86865234375,-108,0.15478515625,-101,0.900390625
34.2595,-104,0.5849609375,-102,0.86865234375,-101,0.9970703125,-101,0.900390625
34.2707,-104,0.5849609375,-104,0.5048828125,-101,0.9970703125,-101,0.900390625
34.2791,-103,0.80078125,-104,0.5048828125,-106,0.2841796875,-102,0.8291015625
34.2905,-103,0.80078125,-101,0.99267578125,-106,0.2841796875,-102,0.63134765625
34.2989,-103,0.74072265625,-101,0.99267578125,-106,0.2841796875,-102,0.63134765625
34.3078,-103,0.74072265625,-101,1.5546875,-102,0.85498046875,-101,0.9384765625
34.3197,-100,1.447265625,-101,1.5546875,-102,0.85498046875,-101,0.9384765625
34.3275,-100,1.447265625,-102,0.84130859375,-105,0.428955078125,-100,1.3896484375
34.3411,-102,0.6806640625,-102,0.84130859375,-100,1.134765625,-100,1.3896484375
34.3532,-102,0.6806640625,-102,0.3310546875,-100,1.134765625,-103,0.71875
34.3582,-102,1.0595703125,-102,0.3310546875,-100,1.134765625,-103,0.71875
34.3677,-102,1.0595703125,-101,0.99560546875,-103,0.61474609375,-100,1.0283203125
34.3790,-100,1.0166015625,-101,0.99560546875,-102,0.86865234375,-100,1.0283203125
34.3883,-100,1.0166015625,-100,0.77490234375,-102,0.86865234375,-102,0.7373046875
34.4030,-99,1.4091796875,-100,0.77490234375,-102,0.6689453125,-102,0.7373046875
34.4084,-99,1.4091796875,-102,0.62890625,-102,0.6689453125,-98,1.078125
34.4207,-99,1.1171875,-102,0.62890625,-102,0.6689453125,-98,1.078125
34.4409,-100,1.08984375,-103,0.70263671875,-100,1.05859375,-102,-0.281494140625
34.4456,-100,1.08984375,-98,1.2138671875,-97,0.72314453125,-96,1.1591796875
34.4567,-97,0.89794921875,-98,1.2138671875,-97,0.72314453125,-96,1.1591796875
34.4694,-97,0.89794921875,-100,0.576171875,-101,0.489501953125,-101,0.469482421875
34.4773,-100,0.53271484375,-100,0.576171875,-101,0.489501953125,-101,0.469482421875
34.4864,-100,0.53271484375,-98,0.74853515625,-99,0.6884765625,-101,0.469482421875
34.5016,-97,0.83984375,-98,0.74853515625,-99,0.6884765625,-98,0.95068359375
34.5067,-97,0.83984375,-103,-0.1995849609375,-100,0.60107421875,-98,0.95068359375
34.5175,-101,0.158447265625,-103,-0.1995849609375,-100,0.60107421875,-101,0.176025390625
34.5317,-101,0.158447265625,-98,0.654296875,-96,0.75732421875,-101,0.176025390625
34.5373,-97,0.83984375,-98,0.654296875,-96,0.75732421875,-97,0.95458984375
34.5512,-97,0.83984375,-99,0.318359375,-101,0.306396484375,-97,0.95458984375
34.5604,-98,0.40625,-99,0.318359375,-101,0.306396484375,-97,0.90869140625
34.5652,-98,0.40625,-97,0.7470703125,-98,0.669921875,-97,0.90869140625
34.5764,-97,0.83984375,-97,0.7470703125,-98,0.669921875,-96,1.236328125
34.5920,-97,0.83984375,-97,0.5751953125,-99,0.53076171875,-96,1.236328125
34.5958,-98,0.56689453125,-97,0.5751953125,-99,0.53076171875,-93,1.3671875
34.6110,-98,0.56689453125,-98,0.60400390625,-96,0.478515625,-93,1.3671875
34.6208,-98,0.5263671875,-98,0.60400390625,-96,0.478515625,-96,0.978515625
34.6342,-98,0.5263671875,-98,0.60400390625,-97,0.4609375,-96,0.978515625
34.6420,-98,0.5263671875,-95,0.92431640625,-97,0.4609375,-95,0.219482421875
34.6536,-94,0.35986328125,-95,0.8544921875,-96,0.41064453125,-95,0.219482421875
34.6635,-94,0.35986328125,-95,0.8544921875,-96,0.41064453125,-97,0.28955078125
34.6709,-93,0.77392578125,-95,0.8544921875,-96,0.437255859375,-97,0.28955078125
34.6833,-93,0.77392578125,-94,0.67333984375,-96,0.437255859375,-92,1.2451171875
34.6927,-93,0.4765625,-94,0.67333984375,-94,0.52490234375,-92,1.2451171875
34.6990,-93,0.4765625,-93,0.2059326171875,-94,0.52490234375,-95,-0.364990234375
34.7132,-93,0.08697509765625,-93,0.2059326171875,-91,0.12261962890625,-95,-0.364990234375
34.7189,-93,0.08697509765625,-90,-0.50048828125,-91,0.12261962890625,-92,-0.76611328125
34.7287,-87,-0.576171875,-90,-0.50048828125,-83,0.94775390625,-92,-0.76611328125
34.7423,-87,-0.576171875,-85,0.81396484375,-83,0.94775390625,-87,1.7158203125
34.7478,-83,1.7412109375,-85,0.81396484375,-95,3.650390625,-87,1.7158203125
34.7558,-83,1.7412109375,-82,2.189453125,-95,3.650390625,-87,2.525390625
34.7703,-76,2.25,-82,2.189453125,-11,4.890625,-87,2.525390625
34.7759,-76,2.25,-77,2.154296875,-11,4.890625,-82,3.951171875
34.7860,-70,2.6875,-77,2.154296875,-38,1.47265625,-82,3.951171875
34.7983,-70,2.6875,-71,-0.90380859375,-38,1.47265625,-70,-3.263671875
34.8041,-80,-1.1171875,-71,-0.90380859375,-11,-0.31396484375,-70,-3.263671875
34.8151,-80,-1.1171875,-64,-1.1884765625,-11,-0.31396484375,-70,-1.322265625
34.8292,-74,-0.68505859375,-64,-1.1884765625,-18,-0.1676025390625,-70,-1.322265625
34.8347,-74,-0.68505859375,-79,-0.6005859375,-18,-0.1676025390625,-66,-1.3994140625
34.8486,-48,-0.52197265625,-79,-0.6005859375,-18,-0.1676025390625,-66,-1.3994140625
34.8573,-48,-0.52197265625,-5,-0.7880859375,-26,-0.2381591796875,-62,-1.6953125
34.8683,-47,-0.70263671875,-5,-0.7880859375,-26,-0.2381591796875,-62,-1.6953125
34.8737,-47,-0.70263671875,-18,-0.4990234375,-46,-0.3154296875,-62,-1.6953125
34.8882,-56,-0.580078125,-18,-0.4990234375,-19,-0.1414794921875,-59,-1.4462890625
34.8963,-56,-0.580078125,-26,-0.849609375,-19,-0.1414794921875,-59,-1.4462890625
34.9019,-49,-0.56103515625,-26,-0.849609375,-19,-0.1414794921875,-54,-1.3779296875
34.9160,-49,-0.56103515625,-32,-0.2626953125,-10,-0.16162109375,-54,-1.3779296875
34.9222,-41,-0.6650390625,-32,-0.2626953125,-10,-0.16162109375,-52,-1.126953125
34.9326,-41,-0.6650390625,-33,-0.4365234375,-20,0.09649658203125,-52,-1.126953125
34.9480,-39,-0.58935546875,-33,-0.4365234375,-20,0.09649658203125,-51,-1.03125
34.9547,-39,-0.58935546875,-36,-0.428466796875,-25,-0.0897216796875,-51,-1.03125
34.9627,-36,-0.6220703125,-36,-0.428466796875,-25,-0.0897216796875,-44,-1.1142578125
34.9772,-36,-0.6220703125,1,-0.356689453125,-24,0.1392822265625,-44,-1.1142578125
34.9887,-44,-0.50830078125,1,-0.356689453125,-24,0.1392822265625,-42,-0.80029296875
34.9939,-44,-0.50830078125,-12,-0.279052734375,-26,0.2122802734375,-42,-0.80029296875
35.0081,-44,-0.50830078125,-12,-0.279052734375,-26,0.2122802734375,3,-0.51513671875
35.0180,4,-0.235595703125,-7,-1.25390625,-3,0.128173828125,3,-0.51513671875
35.0277,4,-0.235595703125,-7,-1.25390625,-3,0.128173828125,-12,-0.65478515625
35.0363,-11,-0.1539306640625,-7,-1.25390625,-11,-0.08160400390625,-12,-0.65478515625
35.0474,-11,-0.1539306640625,-10,-0.091552734375,-11,-0.08160400390625,-8,-0.544921875
35.0540,-8,-0.204833984375,-16,-0.54931640625,-7,0.0892333984375,-8,-0.544921875
35.0681,-8,-0.204833984375,-16,-0.54931640625,-7,0.0892333984375,0,-0.484619140625
35.0748,-1,-0.283447265625,0,0.1986083984375,-8,0.03216552734375,0,-0.484619140625
35.0878,-1,-0.283447265625,0,0.1986083984375,-8,0.03216552734375,-10,-0.362060546875
35.0963,-8,-0.382080078125,0,0.1986083984375,-23,-0.061187744140625,-10,-0.362060546875
35.1073,-8,-0.382080078125,0,-0.81884765625,-23,-0.061187744140625,-15,-0.130859375
35.1189,-17,-0.22314453125,-9,0.1771240234375,-2,-0.01690673828125,-1,-0.09686279296875
35.1311,-9,-0.06597900390625,-9,0.1771240234375,-2,-0.01690673828125,-1,-0.09686279296875
35.1394,-9,-0.06597900390625,-9,0.1771240234375,-1,-0.07391357421875,-1,-0.09686279296875
35.1445,-9,-0.06597900390625,-15,-0.305908203125,-1,-0.07391357421875,0,-0.358642578125
35.1587,-4,0.08837890625,-15,-0.305908203125,0,-0.054290771484375,0,-0.358642578125
35.1691,-4,0.08837890625,-3,0.470947265625,0,-0.054290771484375,0,-0.03582763671875
35.1781,-1,-0.09271240234375,-3,0.470947265625,0,-0.01910400390625,0,-0.03582763671875
35.1893,-1,-0.09271240234375,0,0.2369384765625,0,-0.01910400390625,0,0.052520751953125
35.1978,0,0.05755615234375,0,0.2369384765625,0,0.013092041015625,0,0.052520751953125
35.2036,0,0.05755615234375,0,-0.418212890625,0,0.013092041015625,0,0.1204833984375
35.2174,0,0.137451171875,0,-0.418212890625,0,-0.004425048828125,0,0.1204833984375
35.2270,0,0.137451171875,0,0.5205078125,0,-0.004425048828125,0,0.26708984375
35.2344,0,0.1329345703125,0,0.5205078125,0,-0.0027866363525390625,0,0.26708984375
35.2483,0,0.1329345703125,0,0.259765625,0,-0.0027866363525390625,0,0.26708984375
35.2572,0,-0.26806640625,0,0.259765625,0,-0.043975830078125,0,-0.11053466796875
35.2687,0,-0.26806640625,0,-0.265380859375,0,-0.043975830078125,0,-0.11053466796875
35.2757,0,0.130126953125,0,-0.265380859375,0,-0.043975830078125,0,-0.1064453125
35.2876,0,0.130126953125,0,-0.10491943359375,0,-0.11322021484375,0,0.0726318359375
35.2940,0,-0.137451171875,0,-0.10491943359375,0,0.004634857177734375,0,0.0726318359375
35.3070,0,-0.137451171875,0,-0.271728515625,0,0.004634857177734375,0,0.0726318359375
35.3152,0,0.1575927734375,0,-0.271728515625,0,-0.046478271484375,0,0.1585693359375
35.3263,0,0.1575927734375,0,-0.40673828125,0,-0.046478271484375,0,0.1585693359375
35.3351,0,-0.0850830078125,0,-0.40673828125,0,-0.046478271484375,0,0.2452392578125
35.3458,0,-0.0850830078125,0,0.2064208984375,0,0.024810791015625,0,0.2452392578125
35.3540,0,-0.305419921875,0,0.2064208984375,0,0.024810791015625,0,0.2548828125
35.3663,0,-0.305419921875,0,-0.417724609375,0,-0.0736083984375,0,0.2548828125
35.3777,0,-0.08551025390625,0,-0.417724609375,0,-0.0736083984375,0,0.2257080078125
35.3873,0,-0.08551025390625,10,-0.86181640625,0,-0.022857666015625,0,0.2257080078125
35.3958,0,-0.08551025390625,10,-0.86181640625,0,-0.022857666015625,0,0.1610107421875
35.4070,0,0.043304443359375,14,0.38232421875,0,0.0158843994140625,0,0.1610107421875
35.4156,0,0.043304443359375,14,0.38232421875,0,0.0158843994140625,0,0.086181640625
35.4266,0,0.088134765625,5,-0.7822265625,0,-0.0567626953125,0,0.086181640625
35.4352,0,0.038116455078125,5,-0.7822265625,0,-0.0567626953125,0,0.2078857421875
35.4461,0,0.038116455078125,1,-0.533203125,0,0.019134521484375,0,0.2078857421875
35.4556,0,0.038116455078125,1,-0.533203125,0,0.019134521484375,0,-0.11724853515625
35.4677,0,-0.068115234375,0,0.490966796875,0,-0.033966064453125,0,-0.11724853515625
35.4750,0,-0.068115234375,0,0.490966796875,0,-0.033966064453125,0,0.1431884765625
35.4868,0,0.059234619140625,0,0.43115234375,0,0.0134429931640625,0,0.1431884765625
35.4960,0,0.059234619140625,0,0.43115234375,0,0.0134429931640625,0,0.06243896484375
35.5046,0,0.0589599609375,0,0.06475830078125,0,-0.01010894775390625,0,0.06243896484375
35.5156,0,0.0589599609375,0,0.06475830078125,0,-0.01010894775390625,0,-0.303955078125
35.5268,0,-0.024505615234375,0,0.06475830078125,0,-0.08355712890625,0,-0.303955078125
35.5357,0,-0.024505615234375,0,0.452880859375,0,-0.08355712890625,0,-0.349365234375
35.5461,0,0.0489501953125,0,0.452880859375,0,-0.04443359375,0,-0.349365234375
35.5570,0,0.0489501953125,0,0.1656494140625,0,-0.04443359375,0,0.0736083984375
35.5618,0,0.07684326171875,0,0.0226593017578125,0,-0.034759521484375,0,0.0736083984375
35.5765,0,0.07684326171875,0,0.0226593017578125,0,-0.034759521484375,0,0.019927978515625
35.5886,0,-0.260498046875,0,0.0226593017578125,0,-0.09735107421875,0,0.019927978515625
35.5940,0,-0.260498046875,0,0.32958984375,0,-0.09735107421875,0,0.09716796875
35.6012,0,-0.051300048828125,0,-0.2471923828125,0,0.048126220703125,0,0.09716796875
35.6126,0,-0.051300048828125,0,-0.2471923828125,0,0.048126220703125,0,-0.232177734375
35.6213,0,-0.1456298828125,0,-0.2471923828125,0,-0.0828857421875,0,-0.232177734375
35.6377,0,-0.1456298828125,0,-0.59228515625,0,-0.0828857421875,0,-0.07666015625
35.6422,0,-0.20654296875,0,-0.59228515625,0,0.0109710693359375,0,-0.07666015625
35.6567,0,-0.20654296875,0,-0.71630859375,0,0.0109710693359375,0,-0.0811767578125
35.6710,0,-0.268798828125,0,-0.038818359375,0,0.00699615478515625,0,-0.0811767578125
35.6759,0,-0.268798828125,0,-0.038818359375,0,0.00699615478515625,0,0.0987548828125
35.6910,0,-0.11468505859375,0,0.4052734375,0,-0.0196685791015625,0,0.0987548828125
35.6955,0,-0.11468505859375,0,0.4052734375,0,-0.0196685791015625,0,-0.2578125
35.7103,0,0.169921875,0,0.4052734375,0,-0.0196685791015625,0,-0.2578125
35.7183,0,0.169921875,0,0.1697998046875,0,0.11334228515625,0,0.18359375
35.7293,0,-0.13525390625,0,0.1697998046875,0,0.034027099609375,0,0.18359375
35.7350,0,-0.13525390625,0,0.400390625,0,0.034027099609375,0,-0.276123046875
35.7433,0,-0.11590576171875,0,0.400390625,0,0.042694091796875,0,-0.276123046875
35.7544,0,-0.11590576171875,0,0.37646484375,0,0.042694091796875,0,0.1427001953125
35.7675,0,-0.1373291015625,0,0.37646484375,0,0.042694091796875,0,0.1427001953125
35.7740,0,-0.1373291015625,0,0.1593017578125,0,0.026123046875,0,-0.204345703125
35.7873,0,-0.134033203125,0,0.1593017578125,0,0.026123046875,0,-0.204345703125
35.7934,0,-0.134033203125,0,0.5048828125,0,-0.034271240234375,0,0.17041015625
35.8026,0,-0.256103515625,0,0.5048828125,0,-0.04034423828125,0,0.17041015625
35.8132,0,-0.256103515625,0,0.061553955078125,0,-0.04034423828125,0,0.1470947265625
35.8266,0,-0.1158447265625,0,0.061553955078125,0,-0.04034423828125,0,0.1470947265625
35.8333,0,-0.1158447265625,0,-0.192626953125,0,-0.03106689453125,0,-0.202880859375
35.8460,0,0.133544921875,0,-0.192626953125,0,-0.03106689453125,0,-0.202880859375
35.8559,0,0.133544921875,0,0.082275390625,0,0.048431396484375,0,-0.202880859375
35.8619,0,-0.2734375,0,0.082275390625,0,0.048431396484375,0,0.1861572265625
35.8752,0,-0.2734375,0,0.230224609375,0,0.0634765625,0,0.1861572265625
35.8815,0,-0.04595947265625,0,0.230224609375,0,0.0634765625,0,0.19482421875
35.8927,0,-0.04595947265625,0,0.1346435546875,0,0.06854248046875,0,0.19482421875
35.9023,0,0.1319580078125,0,0.1346435546875,0,0.06854248046875,0,0.10546875
35.9125,0,0.1319580078125,0,0.229248046875,0,0.0255889892578125,0,0.10546875
35.9270,0,-0.2119140625,0,0.229248046875,0,0.0255889892578125,0,0.1573486328125
35.9356,0,-0.2119140625,0,-0.58544921875,0,0.06341552734375,0,0.1573486328125
35.9407,0,-0.25390625,0,-0.58544921875,0,0.06341552734375,0,0.1729736328125
35.9528,0,-0.25390625,0,0.356689453125,0,0.0300140380859375,0,0.1729736328125
35.9619,0,-0.20849609375,0,0.356689453125,0,0.0300140380859375,0,0.2293701171875
35.9788,0,-0.20849609375,0,0.0287322998046875,0,-0.053375244140625,0,0.2293701171875
35.9828,0,-0.268798828125,0,0.0287322998046875,0,-0.053375244140625,0,0.1669921875
35.9953,0,-0.268798828125,0,0.3076171875,0,-0.054595947265625,0,0.1669921875
36.0003,0,0.1356201171875,0,0.3076171875,0,-0.054595947265625,0,0.1455078125
36.0116,0,0.1356201171875,0,-0.38330078125,0,0.01812744140625,0,0.1455078125
36.0211,0,0.1434326171875,0,-0.38330078125,0,0.01812744140625,0,-0.1024169921875
36.0331,0,0.1434326171875,0,-0.38330078125,0,-0.1011962890625,0,-0.1024169921875
36.0409,0,-0.11529541015625,0,-0.216796875,0,-0.1011962890625,0,0.11376953125
36.0518,0,-0.11529541015625,0,-0.1866455078125,0,0.03265380859375,0,0.11376953125
36.0659,0,-0.11529541015625,0,-0.1866455078125,0,0.03265380859375,0,0.08917236328125
36.0716,0,-0.08880615234375,0,-0.1866455078125,0,-0.01136016845703125,0,0.08917236328125
36.0801,0,-0.191650390625,0,-0.548828125,0,-0.01136016845703125,0,0.1044921875
36.0934,0,-0.191650390625,0,-0.548828125,0,0.06121826171875,0,0.1044921875
36.0999,0,-0.191650390625,0,0.327392578125,0,0.06121826171875,0,0.040130615234375
36.1132,0,-0.1732177734375,0,0.327392578125,0,0.08709716796875,0,0.040130615234375
36.1197,0,-0.1732177734375,0,-0.206787109375,0,0.08709716796875,0,0.159912109375
36.1322,0,0.113525390625,0,-0.206787109375,0,-0.0701904296875,0,0.159912109375
36.1471,0,0.113525390625,0,-0.591796875,0,-0.0701904296875,0,0.014923095703125
36.1556,0,0.1536865234375,0,-0.591796875,0,-0.0701904296875,0,0.014923095703125
36.1631,0,0.1536865234375,0,-0.1480712890625,0,0.013031005859375,0,0.1534423828125
36.1740,0,0.07196044921875,0,-0.1480712890625,0,-0.0142364501953125,0,0.1534423828125
36.1828,0,0.07196044921875,0,0.537109375,0,-0.0142364501953125,0,0.031494140625
36.1938,0,-0.1590576171875,0,0.537109375,0,-0.060699462890625,0,0.031494140625
36.2028,0,-0.1590576171875,0,-0.0775146484375,0,-0.060699462890625,0,0.031494140625
36.2161,0,-0.213623046875,0,-0.0775146484375,0,-0.060699462890625,0,0.1566162109375
36.2223,0,-0.213623046875,0,-0.52490234375,0,-0.034088134765625,0,0.005462646484375
36.2363,0,-0.1839599609375,0,-0.52490234375,0,-0.034088134765625,0,0.005462646484375
36.2465,0,-0.1839599609375,0,-0.055389404296875,0,0.12164306640625,0,0.005462646484375
36.2546,0,-0.353271484375,0,-0.055389404296875,0,-0.0245513916015625,0,0.1572265625
36.2670,0,-0.353271484375,0,0.30322265625,0,-0.0245513916015625,0,0.1572265625
36.2756,0,0.14697265625,0,0.30322265625,0,-0.0245513916015625,0,0.205078125
36.2817,0,0.14697265625,0,-0.0509033203125,0,0.0377197265625,0,0.205078125
36.2953,0,-0.3935546875,0,-0.0509033203125,0,0.0377197265625,0,0.149169921875
36.3065,0,-0.3935546875,0,0.388671875,0,-0.04608154296875,0,0.149169921875
36.3129,0,-0.14453125,0,0.388671875,0,-0.04608154296875,0,0.11590576171875
36.3262,0,-0.14453125,0,0.451171875,0,0.020355224609375,0,0.11590576171875
36.3349,0,0.00571441650390625,0,0.451171875,0,0.020355224609375,0,0.05078125
36.3417,0,0.00571441650390625,0,0.454833984375,0,0.038330078125,0,0.05078125
36.3556,0,-0.074951171875,0,0.454833984375,0,0.038330078125,0,-0.294921875
36.3659,0,-0.074951171875,0,0.164306640625,0,0.032257080078125,0,-0.294921875
36.3724,0,0.11773681640625,0,0.164306640625,0,0.032257080078125,0,0.058349609375
36.3872,0,0.11773681640625,0,0.33544921875,0,0.0245208740234375,0,0.058349609375
36.3934,0,-0.2398681640625,0,0.33544921875,0,0.0245208740234375,0,0.032196044921875
36.4023,0,-0.2398681640625,0,-0.88134765625,0,-0.04522705078125,0,0.032196044921875
36.4131,0,0.0880126953125,0,-0.88134765625,0,-0.04522705078125,0,0.0924072265625
36.4223,0,0.0880126953125,0,0.4091796875,0,-0.033660888671875,0,0.0924072265625
36.4329,0,-0.06787109375,0,0.4091796875,0,-0.033660888671875,0,0.05572509765625
36.4461,0,-0.06787109375,0,0.34375,0,0.06671142578125,0,0.05572509765625
36.4531,0,-0.282958984375,0,0.34375,0,0.06671142578125,0,0.212646484375
36.4620,0,-0.282958984375,0,0.09893798828125,0,-0.0114593505859375,0,0.212646484375
36.4748,0,-0.282958984375,0,0.09893798828125,0,-0.0114593505859375,0,0.17333984375
36.4830,0,0.0126800537109375,0,-0.6201171875,0,-0.058929443359375,0,0.17333984375
36.4965,0,0.047698974609375,0,-0.6201171875,0,-0.058929443359375,0,-0.025421142578125
36.5028,0,0.047698974609375,0,0.455078125,0,0.022186279296875,0,-0.025421142578125
36.5163,0,0.047698974609375,0,0.455078125,0,0.022186279296875,0,0.2330322265625
36.5226,0,-0.09088134765625,0,0.455078125,0,0.056732177734375,0,0.2330322265625
36.5374,0,-0.09088134765625,0,-0.916015625,0,0.056732177734375,0,0.1444091796875
36.5418,0,-0.310302734375,0,-0.916015625,0,-0.016082763671875,0,0.1444091796875
36.5577,0,-0.310302734375,0,0.01532745361328125,0,-0.016082763671875,0,-0.283935546875
36.5622,0,-0.0273590087890625,0,0.01532745361328125,0,-0.03173828125,0,-0.283935546875
36.5771,0,-0.0273590087890625,0,-0.09283447265625,0,-0.03173828125,0,0.150634765625
36.5881,0,0.1304931640625,0,-0.0469970703125,0,-0.03057861328125,0,0.150634765625
36.5979,0,0.1304931640625,0,-0.0469970703125,0,-0.03057861328125,0,0.162353515625
36.6036,0,0.138916015625,0,-0.0469970703125,0,-0.05340576171875,0,0.162353515625
36.6139,0,0.138916015625,0,-0.66650390625,0,-0.05340576171875,0,-0.08905029296875
36.6225,0,0.034454345703125,0,-0.66650390625,0,-0.04449462890625,0,-0.08905029296875
36.6335,0,0.034454345703125,0,0.302978515625,0,-0.04449462890625,0,-0.0265045166015625
36.6436,0,0.0938720703125,0,0.302978515625,0,-0.04449462890625,0,-0.0265045166015625
36.6604,0,0.0938720703125,0,0.39990234375,0,-0.020538330078125,0,0.1859130859375
36.6717,0,0.0294036865234375,0,0.39990234375,0,-0.020538330078125,0,0.1859130859375
36.6762,0,0.0294036865234375,0,-0.6796875,0,-0.10699462890625,0,-0.10394287109375
36.6912,0,-0.087158203125,0,-0.6796875,0,-0.10699462890625,0,-0.10394287109375
36.6958,0,-0.087158203125,0,-0.73681640625,0,0.038543701171875,0,-0.20654296875
36.7107,0,-0.249267578125,0,-0.73681640625,0,0.038543701171875,0,-0.20654296875
36.7174,0,-0.249267578125,0,0.049041748046875,0,0.03717041015625,0,-0.092529296875
36.7327,0,-0.23046875,0,0.049041748046875,0,0.03717041015625,0,-0.092529296875
36.7458,0,-0.23046875,0,-0.12255859375,0,0.04705810546875,0,0.1673583984375
36.7519,0,-0.08203125,0,-0.12255859375,0,0.04705810546875,0,0.1673583984375
36.7589,0,-0.08203125,0,-0.09637451171875,0,0.0491943359375,0,0.1673583984375
36.7643,0,-0.407958984375,0,-0.09637451171875,0,0.0491943359375,0,-0.2305908203125
36.7796,0,-0.407958984375,0,-0.049468994140625,0,-0.057769775390625,0,-0.2305908203125
36.7856,0,-0.12286376953125,0,-0.049468994140625,0,-0.057769775390625,0,-0.230224609375
36.7986,0,-0.12286376953125,0,-0.7490234375,0,0.015655517578125,0,-0.230224609375
36.8041,0,-0.30419921875,0,-0.7490234375,0,0.015655517578125,0,-0.1446533203125
36.8179,0,-0.30419921875,0,0.2232666015625,0,-0.031646728515625,0,-0.1446533203125
36.8284,0,0.049346923828125,0,0.2232666015625,0,-0.031646728515625,0,0.0281219482421875
36.8365,0,0.049346923828125,0,-0.364990234375,0,-0.0118560791015625,0,0.0281219482421875
36.8466,0,0.08758544921875,0,-0.364990234375,0,-0.0118560791015625,0,-0.059478759765625
36.8543,0,0.08758544921875,0,-0.1348876953125,0,0.0242462158203125,0,-0.059478759765625
36.8651,0,-0.317138671875,0,-0.1348876953125,0,0.0242462158203125,0,0.1927490234375
36.8758,0,-0.317138671875,0,0.3310546875,0,0.018402099609375,0,0.1927490234375
36.8874,0,0.05224609375,0,0.3310546875,0,0.018402099609375,0,0.1890869140625
36.8966,0,0.05224609375,0,0.34619140625,0,0.00794219970703125,0,0.1890869140625
36.9080,0,0.05224609375,0,0.34619140625,0,0.00794219970703125,0,0.151611328125
36.9145,0,-0.298095703125,0,0.22119140625,0,0.00794219970703125,0,0.151611328125
36.9281,0,-0.298095703125,0,0.22119140625,0,0.07061767578125,0,-0.0293426513671875
36.9339,0,-0.09783935546875,0,-0.59228515625,0,0.07061767578125,0,-0.0293426513671875
36.9481,0,-0.09783935546875,0,-0.59228515625,0,0.03094482421875,0,0.172119140625
36.9560,0,0.1417236328125,0,-0.1597900390625,0,0.0305633544921875,0,0.172119140625
36.9697,0,0.1417236328125,0,-0.1597900390625,0,0.0305633544921875,0,0.144775390625
36.9733,0,-0.087646484375,0,0.186767578125,0,0.0305633544921875,0,0.144775390625
36.9887,0,-0.087646484375,0,0.186767578125,0,-0.0157623291015625,0,-0.294189453125
36.9940,0,0.055450439453125,0,-0.46875,0,-0.0157623291015625,0,-0.294189453125
37.0021,0,0.055450439453125,0,-0.46875,0,0.0192413330078125,0,0.1988525390625
37.0147,0,-0.1558837890625,0,0.336181640625,0,0.0192413330078125,0,0.1988525390625
37.0220,0,-0.1558837890625,0,0.336181640625,0,-0.052734375,0,0.11517333984375
37.0315,0,0.0914306640625,0,0.12384033203125,0,-0.052734375,0,0.11517333984375
37.0443,0,0.0914306640625,0,0.12384033203125,0,0.06915283203125,0,-0.0504150390625
37.0511,0,0.1329345703125,0,-0.0499267578125,0,0.06915283203125,0,-0.0504150390625
37.0611,0,0.1329345703125,0,-0.0499267578125,0,0.12225341796875,0,-0.07623291015625
37.0733,0,-0.3984375,0,-0.04632568359375,0,0.12225341796875,0,-0.07623291015625
37.0801,0,-0.3984375,0,-0.04632568359375,0,-0.021148681640625,0,0.1534423828125
37.0917,0,0.10687255859375,0,-0.305908203125,0,-0.021148681640625,0,0.1534423828125
37.1017,0,0.10687255859375,0,-0.305908203125,0,-0.0275115966796875,0,0.0943603515625
37.1115,0,-0.2047119140625,0,-0.51806640625,0,-0.0275115966796875,0,0.0943603515625
37.1241,0,-0.2047119140625,0,-0.51806640625,0,-0.041595458984375,0,0.0943603515625
37.1329,0,-0.277099609375,0,-0.13330078125,0,-0.041595458984375,0,0.0272674560546875
37.1451,0,-0.277099609375,0,-0.13330078125,0,0.10162353515625,0,-0.07989501953125
37.1555,0,0.1148681640625,0,-0.13330078125,0,0.10162353515625,0,-0.07989501953125
37.1692,0,0.1148681640625,0,0.1680908203125,0,-0.038818359375,0,0.1697998046875
37.1776,0,-0.356201171875,0,0.1680908203125,0,-0.038818359375,0,0.1697998046875
37.1851,0,-0.356201171875,0,0.1719970703125,0,-0.0196685791015625,0,0.1697998046875
37.1970,0,-0.1990966796875,0,0.1719970703125,0,-0.0196685791015625,0,0.2178955078125
37.2085,0,-0.1990966796875,0,-0.1805419921875,0,0.0386962890625,0,0.2178955078125
37.2169,0,-0.1568603515625,0,-0.1805419921875,0,0.0386962890625,0,-0.1236572265625
37.2281,0,-0.1568603515625,0,0.194580078125,0,-0.08587646484375,0,-0.1236572265625
37.2348,0,-0.0616455078125,0,0.194580078125,0,-0.08587646484375,0,0.1798095703125
37.2433,0,-0.0616455078125,0,0.12359619140625,0,0.0218353271484375,0,0.1798095703125
37.2567,0,-0.0616455078125,0,0.12359619140625,0,0.0218353271484375,0,0.0154876708984375
37.2633,0,0.0850830078125,0,-0.54638671875,0,-0.0191497802734375,0,0.0154876708984375
37.2766,0,0.0850830078125,0,-0.54638671875,0,-0.0191497802734375,0,-0.1790771484375
37.2867,0,0.138427734375,0,0.440673828125,0,-0.0191497802734375,0,-0.1790771484375
37.2953,0,0.138427734375,0,0.440673828125,0,-0.01025390625,0,-0.2509765625
37.3068,0,-0.3037109375,0,0.2705078125,0,-0.01025390625,0,-0.2509765625
37.3148,0,-0.3037109375,0,0.2705078125,0,-0.075439453125,0,-0.270263671875
37.3221,0,0.063232421875,0,-0.685546875,0,-0.0408935546875,0,-0.270263671875
37.3344,0,0.063232421875,0,-0.685546875,0,-0.0408935546875,0,-0.2010498046875
37.3455,0,-0.031524658203125,0,0.37890625,0,-0.0408935546875,0,-0.2010498046875
37.3541,0,-0.031524658203125,0,0.37890625,0,-0.03668212890625,0,0.1385498046875
37.3620,0,0.1253662109375,0,0.06134033203125,0,-0.03668212890625,0,0.1385498046875
37.3752,0,0.1253662109375,0,0.06134033203125,0,-0.0264129638671875,0,-0.06427001953125
37.3867,0,0.11474609375,0,-0.418212890625,0,-0.0264129638671875,0,-0.06427001953125
37.3953,0,0.11474609375,0,-0.418212890625,0,0.00855255126953125,0,0.168212890625
37.4067,0,0.053558349609375,0,0.31396484375,0,0.00855255126953125,0,0.168212890625
37.4149,0,0.053558349609375,0,0.31396484375,0,-0.06719970703125,0,-0.312255859375
37.4220,0,-0.09521484375,0,-0.30029296875,0,-0.06719970703125,0,-0.312255859375
37.4349,0,-0.09521484375,0,-0.30029296875,0,0.02325439453125,0,-0.291259765625
37.4471,0,-0.2373046875,0,-0.662109375,0,0.02325439453125,0,-0.291259765625
37.4540,0,-0.2373046875,0,-0.662109375,0,-0.0399169921875,0,0.043731689453125
37.4633,0,-0.1553955078125,0,0.396240234375,0,-0.0399169921875,0,0.043731689453125
37.4739,0,-0.1553955078125,0,0.396240234375,0,0.00737762451171875,0,-0.2078857421875
37.4833,0,-0.315673828125,0,-0.1552734375,0,0.00737762451171875,0,-0.2078857421875
37.4943,0,-0.315673828125,0,-0.1552734375,0,-0.07403564453125,0,0.1656494140625
37.5028,0,-0.196044921875,0,0.375,0,-0.07403564453125,0,0.1656494140625
37.5140,0,-0.196044921875,0,0.375,0,0.0396728515625,0,0.137939453125
37.5224,0,0.07232666015625,0,0.304931640625,0,0.0396728515625,0,0.137939453125
37.5333,0,0.07232666015625,0,0.304931640625,0,-0.03387451171875,0,0.2220458984375
37.5420,0,0.01580810546875,0,0.054290771484375,0,-0.03387451171875,0,0.2220458984375
37.5534,0,0.01580810546875,0,0.054290771484375,0,0.0126953125,0,-0.247314453125
37.5664,0,0.09173583984375,0,0.054290771484375,0,0.0126953125,0,-0.247314453125
37.5729,0,0.09173583984375,0,-0.54345703125,0,0.031097412109375,0,-0.19677734375
37.5858,0,0.1409912109375,0,-0.54345703125,0,0.031097412109375,0,-0.19677734375
37.5922,0,0.1409912109375,0,0.2081298828125,0,0.059967041015625,0,0.1275634765625
37.6007,0,0.1224365234375,0,-0.406005859375,0,0.059967041015625,0,0.1275634765625
37.6118,0,0.1224365234375,0,-0.406005859375,0,-0.059906005859375,0,0.04718017578125
37.6255,0,0.07421875,0,-0.406005859375,0,-0.059906005859375,0,0.04718017578125
37.6313,0,0.07421875,0,-0.032440185546875,0,0.05657958984375,0,0.1422119140625
37.6447,0,0.09259033203125,0,-0.032440185546875,0,0.05657958984375,0,0.1422119140625
37.6563,0,0.09259033203125,0,-0.89111328125,0,0.02838134765625,0,0.1422119140625
37.6631,0,-0.09649658203125,0,-0.89111328125,0,0.02838134765625,0,0.2119140625
37.6780,0,-0.09649658203125,0,-0.1405029296875,0,0.0335693359375,0,0.2119140625
37.6885,0,0.1319580078125,0,-0.1405029296875,0,0.0335693359375,0,0.13330078125
37.6979,0,0.1319580078125,0,-0.625,0,0.0670166015625,0,0.13330078125
37.7096,0,0.1082763671875,0,-0.625,0,0.0670166015625,0,0.2020263671875
37.7180,0,0.1082763671875,0,0.06634521484375,0,0.07611083984375,0,0.2020263671875
37.7242,0,-0.034912109375,0,0.06634521484375,0,0.07611083984375,0,0.1502685546875
37.7381,0,-0.034912109375,0,-0.41943359375,0,-0.047119140625,0,0.1502685546875
37.7440,0,-0.034912109375,0,-0.41943359375,0,-0.047119140625,0,0.10748291015625
37.7554,0,0.125732421875,0,0.1695556640625,0,-0.09979248046875,0,0.10748291015625
37.7648,0,-0.2509765625,0,0.1695556640625,0,-0.09979248046875,0,0.1727294921875
37.7793,0,-0.2509765625,0,0.515625,0,-0.03948974609375,0,0.1727294921875
37.7910,0,0.072998046875,0,0.515625,0,-0.03948974609375,0,-0.2159423828125
37.7989,0,0.072998046875,0,-0.3681640625,0,-0.07635498046875,0,-0.2159423828125
37.8046,0,0.10479736328125,0,-0.3681640625,0,-0.07635498046875,0,0.03057861328125
37.8150,0,0.10479736328125,0,0.107666015625,0,-0.034759521484375,0,0.03057861328125
37.8241,0,0.10833740234375,0,0.107666015625,0,-0.034759521484375,0,-0.2509765625
37.8354,0,0.10833740234375,0,0.2430419921875,0,0.04876708984375,0,-0.2509765625
37.8486,0,-0.2200927734375,0,0.2430419921875,0,0.04876708984375,0,0.1822509765625
37.8541,0,-0.2200927734375,0,0.474853515625,0,0.031829833984375,0,0.1822509765625
37.8689,0,-0.2200927734375,0,0.474853515625,0,0.031829833984375,0,0.07861328125
37.8761,0,0.10894775390625,0,0.5576171875,0,0.031829833984375,0,0.07861328125
37.8893,0,0.10894775390625,0,0.5576171875,0,-0.0213165283203125,0,0.222900390625
37.8994,0,-0.210205078125,0,-0.186279296875,0,-0.0213165283203125,0,0.222900390625
37.9027,0,-0.210205078125,0,-0.186279296875,0,-0.035552978515625,0,0.140625
37.9133,0,-0.261962890625,0,0.1494140625,0,-0.04541015625,0,0.140625
37.9281,0,-0.261962890625,0,0.1494140625,0,-0.04541015625,0,0.037139892578125
37.9334,0,0.049102783203125,0,-0.37060546875,0,-0.04541015625,0,0.037139892578125
37.9477,0,0.049102783203125,0,-0.37060546875,0,0.038970947265625,0,-0.11669921875
37.9527,0,0.09417724609375,0,-0.6669921875,0,0.038970947265625,0,-0.11669921875
37.9628,0,0.09417724609375,0,-0.6669921875,0,0.0215301513671875,0,0.0810546875
37.9768,0,-0.212646484375,0,0.299072265625,0,0.0215301513671875,0,0.0810546875
37.9812,0,-0.212646484375,0,0.299072265625,0,0.08673095703125,0,-0.28515625
37.9940,0,0.09136962890625,0,0.10479736328125,0,0.08673095703125,0,-0.28515625
38.0027,0,0.09136962890625,0,0.10479736328125,0,-0.05548095703125,0,0.129150390625
38.0128,0,0.0689697265625,0,-0.23828125,0,-0.05548095703125,0,0.129150390625
38.0221,0,0.0689697265625,0,-0.23828125,0,-0.0723876953125,0,-0.1319580078125
38.0323,0,0.043243408203125,0,-0.7138671875,0,-0.0723876953125,0,-0.1319580078125
38.0455,0,0.043243408203125,0,-0.7138671875,0,-0.01485443115234375,0,-0.1319580078125
38.0524,0,0.0445556640625,0,-0.019073486328125,0,-0.01485443115234375,0,-0.027435302734375
38.0643,0,0.0445556640625,0,-0.019073486328125,0,0.03399658203125,0,-0.027435302734375
38.0752,0,-0.263671875,0,-0.019073486328125,0,0.03399658203125,0,-0.278564453125
38.0809,0,-0.263671875,0,-0.46435546875,0,0.04937744140625,0,-0.1251220703125
38.0945,0,0.021728515625,0,-0.46435546875,0,0.04937744140625,0,-0.1251220703125
38.1076,0,0.021728515625,0,-0.2303466796875,0,0.050933837890625,0,-0.1251220703125
38.1124,0,0.12042236328125,0,-0.2303466796875,0,0.050933837890625,0,0.10565185546875
38.1263,0,0.12042236328125,0,0.048858642578125,0,0.055419921875,0,0.10565185546875
38.1317,0,-0.323486328125,0,0.048858642578125,0,0.055419921875,0,0.2052001953125
38.1469,0,-0.323486328125,0,-0.261962890625,0,0.07000732421875,0,0.2052001953125
38.1540,0,0.071533203125,0,-0.261962890625,0,0.07000732421875,0,-0.30224609375
38.1687,0,0.071533203125,0,0.1634521484375,0,-0.053375244140625,0,-0.30224609375
38.1741,0,0.01751708984375,0,0.1634521484375,0,-0.053375244140625,0,0.135009765625
38.1902,0,0.01751708984375,0,0.32275390625,0,0.0450439453125,0,0.135009765625
38.1938,0,0.07281494140625,0,0.32275390625,0,0.0450439453125,0,0.208740234375
38.2068,0,0.07281494140625,0,0.1934814453125,0,-0.038818359375,0,0.208740234375
38.2128,0,0.09405517578125,0,0.1934814453125,0,-0.038818359375,0,0.210693359375
38.2261,0,0.09405517578125,0,0.352294921875,0,-0.0091705322265625,0,0.210693359375
38.2321,0,0.0343017578125,0,0.352294921875,0,-0.0091705322265625,0,0.193115234375
38.2467,0,0.0343017578125,0,0.302978515625,0,-0.0789794921875,0,0.193115234375
38.2569,0,0.0343017578125,0,0.302978515625,0,-0.0789794921875,0,0.08905029296875
38.2614,0,0.1429443359375,0,-0.62109375,0,-0.032867431640625,0,0.08905029296875
38.2779,0,0.1429443359375,0,-0.62109375,0,-0.032867431640625,0,-0.2412109375
38.2820,0,0.1328125,0,-0.482421875,0,-0.05487060546875,0,-0.2412109375
38.2935,0,0.1328125,0,-0.482421875,0,-0.05487060546875,0,0.10113525390625
38.3027,0,0.142333984375,0,0.37060546875,0,-0.03656005859375,0,0.10113525390625
38.3128,0,0.142333984375,0,0.37060546875,0,-0.03656005859375,0,-0.28515625
38.3232,0,0.05010986328125,0,0.294921875,0,-0.07647705078125,0,-0.28515625
38.3350,0,0.05010986328125,0,0.294921875,0,-0.07647705078125,0,-0.073486328125
38.3459,0,0.11102294921875,0,-0.57666015625,0,-0.07647705078125,0,-0.073486328125
38.3543,0,0.11102294921875,0,-0.57666015625,0,0.052276611328125,0,0.1883544921875
38.3646,0,0.10821533203125,0,0.338134765625,0,0.052276611328125,0,0.1883544921875
38.3759,0,0.10821533203125,0,0.338134765625,0,0.054718017578125,0,0.1864013671875
38.3817,0,-0.1885986328125,0,0.1871337890625,0,0.054718017578125,0,0.1864013671875
38.3933,0,-0.1885986328125,0,0.1871337890625,0,0.046478271484375,0,-0.0628662109375
38.4025,0,-0.1494140625,0,0.272705078125,0,0.046478271484375,0,-0.0628662109375
38.4151,0,-0.1494140625,0,0.272705078125,0,-0.049835205078125,0,0.05267333984375
38.4225,0,-0.31298828125,0,-0.1494140625,0,-0.049835205078125,0,0.05267333984375
38.4349,0,-0.31298828125,0,-0.1494140625,0,-0.021484375,0,0.05267333984375
38.4481,0,-0.1409912109375,0,-0.1494140625,0,-0.021484375,0,0.1407470703125
38.4551,0,-0.1409912109375,0,-0.671875,0,-0.0207977294921875,0,0.1407470703125
38.4655,0,0.08917236328125,0,-0.671875,0,-0.0207977294921875,0,0.1175537109375
38.4771,0,0.08917236328125,0,-0.1318359375,0,0.0430908203125,0,0.1175537109375
38.4910,0,0.10382080078125,0,0.251953125,0,0.0430908203125,0,0.18603515625
38.4944,0,0.10382080078125,0,0.251953125,0,-0.0304107666015625,0,0.18603515625
38.5029,0,-0.070556640625,0,0.251953125,0,-0.0304107666015625,0,0.1904296875
38.5140,0,-0.070556640625,0,0.2093505859375,0,0.003154754638671875,0,0.1904296875
38.5208,0,0.2000732421875,0,0.2093505859375,0,0.003154754638671875,0,0.1214599609375
38.5338,0,0.2000732421875,0,-0.552734375,0,0.0291290283203125,0,0.1214599609375
38.5457,0,-0.205322265625,0,-0.552734375,0,0.0291290283203125,0,0.037353515625
38.5545,0,-0.205322265625,0,0.312744140625,0,0.06878662109375,0,0.037353515625
38.5611,0,-0.210205078125,0,0.312744140625,0,0.06878662109375,0,0.0384521484375
38.5735,0,-0.210205078125,0,0.30908203125,0,0.036102294921875,0,0.0384521484375
38.5799,0,0.05377197265625,0,0.30908203125,0,0.036102294921875,0,0.1607666015625
38.5948,0,0.05377197265625,0,0.4521484375,0,-0.0374755859375,0,0.1607666015625
38.6037,0,0.05377197265625,0,0.4521484375,0,-0.0374755859375,0,0.136962890625
38.6131,0,-0.06878662109375,0,0.4462890625,0,0.07275390625,0,0.136962890625
38.6229,0,-0.06878662109375,0,0.4462890625,0,0.07275390625,0,-0.055816650390625
38.6313,0,0.138916015625,0,0.331298828125,0,0.047637939453125,0,-0.055816650390625
38.6388,0,-0.06982421875,0,0.331298828125,0,0.047637939453125,0,0.1865234375
38.6515,0,-0.06982421875,0,0.25732421875,0,-0.037689208984375,0,0.1865234375
38.6649,0,-0.06982421875,0,0.25732421875,0,-0.037689208984375,0,-0.039642333984375
38.6766,0,-0.1251220703125,0,-0.73779296875,0,0.0236663818359375,0,-0.039642333984375
38.6828,0,-0.260009765625,0,-0.73779296875,0,0.0236663818359375,0,-0.268798828125
38.6971,0,-0.260009765625,0,-0.429443359375,0,0.036468505859375,0,-0.268798828125
38.7089,0,-0.260009765625,0,-0.429443359375,0,0.036468505859375,0,-0.08380126953125
38.7132,0,-0.07623291015625,0,-0.27294921875,0,0.036468505859375,0,-0.08380126953125
38.7271,0,-0.07623291015625,0,-0.27294921875,0,-0.008056640625,0,-0.099609375
38.7329,0,0.0589599609375,0,-0.19384765625,0,0.103271484375,0,-0.099609375
38.7416,0,0.0589599609375,0,-0.19384765625,0,0.103271484375,0,-0.026702880859375
38.7550,0,0.12042236328125,0,0.07708740234375,0,-0.0307159423828125,0,-0.026702880859375
38.7613,0,0.12042236328125,0,0.07708740234375,0,-0.0307159423828125,0,0.043243408203125
38.7749,0,0.0816650390625,0,0.3095703125,0,-0.0307159423828125,0,0.043243408203125
38.7872,0,0.0816650390625,0,0.3095703125,0,-0.0214080810546875,0,-0.257080078125
38.7963,0,0.10821533203125,0,0.275634765625,0,-0.0214080810546875,0,-0.257080078125
38.8019,0,0.10821533203125,0,0.275634765625,0,-0.08349609375,0,-0.061187744140625
38.8168,0,-0.165771484375,0,0.201904296875,0,-0.08349609375,0,-0.061187744140625
38.8229,0,-0.165771484375,0,0.201904296875,0,-0.038299560546875,0,-0.32080078125
38.8320,0,-0.41015625,0,0.32666015625,0,0.06732177734375,0,-0.32080078125
38.8426,0,-0.41015625,0,0.32666015625,0,0.06732177734375,0,-0.26025390625
38.8565,0,-0.104248046875,0,0.434814453125,0,0.06732177734375,0,-0.26025390625
38.8643,0,-0.104248046875,0,0.434814453125,0,-0.07696533203125,0,0.0736083984375
38.8788,0,-0.071044921875,0,0.2188720703125,0,-0.07696533203125,0,0.0736083984375
38.8837,0,-0.071044921875,0,0.2188720703125,0,0.05426025390625,0,0.1812744140625
38.8952,0,0.0989990234375,0,0.396240234375,0,0.05426025390625,0,0.1812744140625
38.9018,0,0.0989990234375,0,0.396240234375,0,0.027618408203125,0,0.058502197265625
38.9121,0,-0.13232421875,0,-0.2484130859375,0,0.027618408203125,0,0.058502197265625
38.9213,0,-0.13232421875,0,-0.2484130859375,0,-0.036285400390625,0,-0.303466796875
38.9324,0,-0.10205078125,0,0.10406494140625,0,-0.0740966796875,0,-0.303466796875
38.9488,0,-0.10205078125,0,0.10406494140625,0,-0.0740966796875,0,-0.334716796875
38.9618,0,0.11236572265625,0,0.2509765625,0,-0.0650634765625,0,-0.334716796875
38.9664,0,0.1097412109375,0,0.2509765625,0,-0.0650634765625,0,0.1302490234375
38.9756,0,0.1097412109375,0,0.0120086669921875,0,-0.0650634765625,0,0.1302490234375
38.9808,0,0.1097412109375,0,0.0120086669921875,0,0.017425537109375,0,-0.285888671875
38.9957,0,-0.062225341796875,0,0.09539794921875,0,0.017425537109375,0,-0.285888671875
39.0017,0,-0.062225341796875,0,0.09539794921875,0,0.0295562744140625,0,-0.006740570068359375
39.0173,0,-0.12890625,0,0.47998046875,0,0.0295562744140625,0,-0.006740570068359375
39.0227,0,-0.12890625,0,0.47998046875,0,-0.07147216796875,0,0.119140625
39.0371,0,0.2042236328125,0,0.47998046875,0,-0.07147216796875,0,0.119140625
39.0421,0,0.2042236328125,0,-0.4794921875,0,0.04833984375,0,0.119140625
39.0573,0,0.141845703125,0,-0.4794921875,0,0.04833984375,0,0.1273193359375
39.0628,0,0.141845703125,0,-0.371826171875,0,0.023895263671875,0,0.1273193359375
39.0715,0,0.1302490234375,0,-0.371826171875,0,0.023895263671875,0,-0.29443359375
39.0898,0,0.1302490234375,0,0.334716796875,0,0.041168212890625,0,0.0513916015625
39.0934,0,-0.038665771484375,0,0.334716796875,0,0.041168212890625,0,0.0513916015625
39.1012,0,-0.038665771484375,0,-0.62744140625,0,-0.05517578125,0,0.0513916015625
39.1136,0,0.113525390625,0,-0.62744140625,0,-0.05517578125,0,0.206298828125
39.1194,0,0.113525390625,0,0.4423828125,0,0.01502227783203125,0,0.206298828125
39.1295,0,-0.2191162109375,0,0.4423828125,0,0.01502227783203125,0,-0.228271484375
39.1607,0,-0.2191162109375,0,0.02392578125,0,0.07415771484375,0,-0.228271484375
39.1734,0,-0.2724609375,0,0.2193603515625,0,0.0291290283203125,0,0.2193603515625
39.1797,0,0.145263671875,0,0.2193603515625,0,0.0291290283203125,0,0.2193603515625
39.1911,0,0.145263671875,0,0.51123046875,0,0.0291290283203125,0,0.2193603515625
39.1967,0,-0.348876953125,0,0.51123046875,0,0.0322265625,0,0.168701171875
39.2107,0,-0.348876953125,0,-0.06927490234375,0,0.0322265625,0,0.168701171875
39.2186,0,-0.348876953125,0,-0.06927490234375,0,-0.0098419189453125,0,-0.0333251953125
39.2271,0,-0.029541015625,0,-0.5732421875,0,-0.0098419189453125,0,-0.0333251953125
39.2371,0,-0.029541015625,0,-0.5732421875,0,0.033111572265625,0,0.1131591796875
39.2447,0,-0.29052734375,0,-0.5732421875,0,0.033111572265625,0,0.1131591796875
39.2552,0,-0.29052734375,0,0.4013671875,0,-0.037322998046875,0,-0.1578369140625
39.2626,0,0.1348876953125,0,0.4013671875,0,-0.037322998046875,0,-0.1578369140625
39.2754,0,0.1348876953125,0,0.054351806640625,0,0.048828125,0,-0.1578369140625
39.2808,0,0.2059326171875,0,0.3212890625,0,0.048828125,0,0.158447265625
39.2963,0,0.2059326171875,0,0.3212890625,0,-0.0209808349609375,0,-0.28173828125
39.3012,0,0.070068359375,0,0.3212890625,0,-0.0209808349609375,0,-0.28173828125
39.3131,0,0.070068359375,0,-0.4423828125,0,0.01444244384765625,0,0.1728515625
39.3218,0,-0.1243896484375,0,-0.4423828125,0,0.01444244384765625,0,0.1728515625
39.3338,0,-0.1243896484375,0,0.1785888671875,0,-0.04022216796875,0,0.1728515625
39.3424,0,-0.16162109375,0,0.1785888671875,0,-0.04022216796875,0,-0.257080078125
39.3551,0,-0.16162109375,0,0.353515625,0,0.0272369384765625,0,-0.257080078125
39.3615,0,-0.201904296875,0,0.353515625,0,0.0272369384765625,0,-0.049652099609375
39.3731,0,-0.201904296875,0,0.482421875,0,-0.04486083984375,0,-0.05328369140625
39.3814,0,-0.1318359375,0,0.482421875,0,-0.04486083984375,0,-0.05328369140625
39.3956,0,-0.1318359375,0,0.2861328125,0,-0.0195770263671875,0,-0.05328369140625
39.4027,0,0.0499267578125,0,0.2861328125,0,-0.0195770263671875,0,-0.2166748046875
39.4136,0,0.0499267578125,0,-0.61328125,0,-0.0308990478515625,0,-0.2166748046875
39.4220,0,-0.135009765625,0,-0.61328125,0,-0.0308990478515625,0,-0.256591796875
39.4337,0,-0.135009765625,0,0.341796875,0,0.0131988525390625,0,-0.256591796875
39.4434,0,-0.1856689453125,0,0.341796875,0,0.0131988525390625,0,0.22705078125
39.4539,0,-0.1856689453125,0,0.1845703125,0,0.08001708984375,0,0.22705078125
39.4613,0,-0.11419677734375,0,0.1845703125,0,0.08001708984375,0,0.14453125
39.4739,0,-0.11419677734375,0,0.1810302734375,0,-0.03314208984375,0,0.14453125
39.4811,0,-0.03350830078125,0,0.1810302734375,0,-0.03314208984375,0,0.1759033203125
39.4938,0,-0.03350830078125,0,-0.2481689453125,0,-0.04315185546875,0,0.1759033203125
39.5019,0,-0.1732177734375,0,-0.2481689453125,0,-0.04315185546875,0,0.08856201171875
39.5137,0,-0.1732177734375,0,-0.284423828125,0,-0.03533935546875,0,0.08856201171875
39.5210,0,0.14453125,0,-0.284423828125,0,-0.03533935546875,0,0.0955810546875
39.5333,0,0.14453125,0,0.29248046875,0,-0.04400634765625,0,0.0955810546875
39.5409,0,0.09698486328125,0,0.29248046875,0,-0.04400634765625,0,0.01494598388671875
39.5509,0,0.09698486328125,0,0.0771484375,0,0.07958984375,0,0.01494598388671875
39.5612,0,0.083740234375,0,0.0771484375,0,0.07958984375,0,-0.1319580078125
39.5735,0,0.083740234375,0,0.082275390625,0,0.07958984375,0,-0.1319580078125
39.5809,0,-0.26171875,0,0.082275390625,0,-0.02679443359375,0,0.1854248046875
39.5940,0,-0.26171875,0,-0.71337890625,0,-0.02679443359375,0,0.1854248046875
39.6008,0,-0.26171875,0,-0.71337890625,0,0.02496337890625,0,0.11962890625
39.6135,0,0.1649169921875,0,-0.3974609375,0,0.02496337890625,0,0.11962890625
39.6217,0,0.1649169921875,0,-0.3974609375,0,-0.04217529296875,0,0.164306640625
39.6330,0,0.15185546875,0,-0.3974609375,0,-0.04217529296875,0,0.164306640625
39.6419,0,-0.241943359375,0,-0.77294921875,0,-0.0540771484375,0,-0.1102294921875
39.6550,0,-0.241943359375,0,-0.0499267578125,0,-0.0260009765625,0,-0.1102294921875
39.6629,0,-0.241943359375,0,-0.0499267578125,0,-0.0260009765625,0,0.004119873046875
39.6734,0,0.10833740234375,0,-0.045562744140625,0,-0.0260009765625,0,0.004119873046875
39.6811,0,0.10833740234375,0,-0.045562744140625,0,-0.08746337890625,0,0.08978271484375
39.6943,0,0.06671142578125,0,-0.045562744140625,0,-0.08746337890625,0,0.08978271484375
39.7029,0,0.06671142578125,0,0.477783203125,0,0.034942626953125,0,0.0548095703125
39.7128,0,0.08197021484375,0,0.477783203125,0,0.034942626953125,0,0.0548095703125
39.7246,0,0.08197021484375,0,-0.08233642578125,0,-0.1099853515625,0,-0.03717041015625
39.7330,0,0.1307373046875,0,-0.08233642578125,0,-0.1099853515625,0,-0.03717041015625
39.7431,0,0.1307373046875,0,-0.7626953125,0,-0.057830810546875,0,0.1365966796875
39.7526,0,-0.20703125,0,-0.7626953125,0,-0.057830810546875,0,0.1365966796875
39.7612,0,-0.20703125,0,-0.1263427734375,0,0.01409912109375,0,0.1365966796875
39.7728,0,0.09197998046875,0,-0.1263427734375,0,0.01409912109375,0,0.12408447265625
39.7803,0,0.09197998046875,0,-0.11029052734375,0,0.07611083984375,0,0.12408447265625
39.7933,0,0.10638427734375,0,-0.11029052734375,0,0.07611083984375,0,-0.0655517578125
39.7990,0,0.10638427734375,0,0.55517578125,0,-0.025909423828125,0,0.06097412109375
39.8128,0,-0.04833984375,0,0.55517578125,0,-0.025909423828125,0,0.06097412109375
39.8208,0,-0.04833984375,0,-0.0212554931640625,0,-0.045623779296875,0,-0.2744140625
39.8330,0,-0.1685791015625,0,-0.0212554931640625,0,-0.045623779296875,0,-0.2744140625
39.8409,0,-0.1685791015625,0,0.08184814453125,0,-0.048828125,0,-0.2744140625
39.8537,0,-0.1431884765625,0,0.08184814453125,0,-0.048828125,0,0.203857421875
39.8610,0,-0.1431884765625,0,-0.576171875,0,-0.07891845703125,0,0.203857421875
39.8751,0,-0.11187744140625,0,-0.576171875,0,-0.07891845703125,0,0.04510498046875
39.8796,0,-0.11187744140625,0,0.4306640625,0,0.017486572265625,0,0.04510498046875
39.8943,0,0.1734619140625,0,0.4306640625,0,0.017486572265625,0,0.04998779296875
39.9001,0,0.1734619140625,0,-0.262939453125,0,-0.0902099609375,0,0.04998779296875
39.9124,0,-0.1827392578125,0,-0.262939453125,0,-0.0902099609375,0,-0.0823974609375
39.9220,0,-0.1827392578125,0,0.336669921875,0,-0.0902099609375,0,-0.0823974609375
39.9323,0,-0.1943359375,0,0.336669921875,0,0.0377197265625,0,-0.252685546875
39.9406,0,-0.1943359375,0,0.343017578125,0,0.0377197265625,0,-0.252685546875
39.9535,0,0.131103515625,0,0.343017578125,0,-0.039398193359375,0,0.2254638671875
39.9615,0,0.131103515625,0,0.1634521484375,0,-0.0226287841796875,0,0.2254638671875
39.9739,0,0.0587158203125,0,0.1634521484375,0,-0.0226287841796875,0,-0.099365234375
39.9809,0,0.0587158203125,0,0.060638427734375,0,-0.0226287841796875,0,-0.099365234375
39.9928,0,-0.325927734375,0,0.060638427734375,0,-0.017059326171875,0,0.16650390625
40.0006,0,-0.325927734375,0,0.1673583984375,0,-0.017059326171875,0,0.16650390625
40.0129,0,0.057281494140625,0,0.1673583984375,0,-0.0263519287109375,0,0.0977783203125
40.0210,0,0.057281494140625,0,-0.020416259765625,0,-0.0263519287109375,0,0.0977783203125
40.0282,0,0.0455322265625,0,-0.020416259765625,0,-0.05072021484375,0,0.093994140625
40.0440,0,0.0455322265625,0,0.3046875,0,-0.05072021484375,0,0.093994140625
40.0521,0,-0.1278076171875,0,0.3046875,0,0.037628173828125,0,0.1781005859375
40.0587,0,-0.1278076171875,0,0.399658203125,0,0.037628173828125,0,0.1781005859375
40.0725,0,-0.166748046875,0,0.399658203125,0,-0.046966552734375,0,-0.082275390625
40.0804,0,-0.166748046875,0,0.11669921875,0,-0.046966552734375,0,-0.082275390625
40.0902,0,-0.121826171875,0,0.11669921875,0,0.05914306640625,0,0.1090087890625
40.1000,0,-0.121826171875,0,-0.716796875,0,0.05914306640625,0,0.1090087890625
40.1099,0,0.12060546875,0,-0.716796875,0,-0.0433349609375,0,0.0841064453125
40.1182,0,0.12060546875,0,-0.62646484375,0,-0.0433349609375,0,0.0841064453125
40.1325,0,0.12060546875,0,-0.62646484375,0,-0.062286376953125,0,-0.32373046875
40.1406,0,-0.0714111328125,0,0.405029296875,0,-0.062286376953125,0,-0.32373046875
40.1521,0,-0.0714111328125,0,0.405029296875,0,0.038482666015625,0,-0.0225372314453125
40.1602,0,0.112548828125,0,0.405029296875,0,0.038482666015625,0,-0.0225372314453125
40.1741,0,0.112548828125,0,0.0282440185546875,0,-0.036834716796875,0,0.2294921875
40.1812,0,-0.1783447265625,0,0.0282440185546875,0,-0.036834716796875,0,0.2294921875
40.1930,0,-0.1783447265625,0,-0.6884765625,0,0.01788330078125,0,0.2294921875
40.2005,0,-0.037109375,0,-0.6884765625,0,0.01788330078125,0,-0.0902099609375
40.2081,0,-0.037109375,0,-0.0170440673828125,0,0.03082275390625,0,-0.0556640625
40.2198,0,-0.1552734375,0,-0.0170440673828125,0,0.03082275390625,0,-0.0556640625
40.2323,0,-0.1552734375,0,0.4140625,0,0.0296630859375,0,-0.0556640625
40.2401,0,0.146484375,0,0.4140625,0,0.0296630859375,0,-0.038818359375
40.2522,0,0.146484375,0,0.169189453125,0,0.04547119140625,0,-0.038818359375
40.2608,0,-0.191650390625,0,0.169189453125,0,0.04547119140625,0,-0.12200927734375
40.2722,0,-0.191650390625,0,-0.3154296875,0,-0.09368896484375,0,-0.12200927734375
40.2796,0,0.1497802734375,0,-0.3154296875,0,-0.09368896484375,0,0.039703369140625
40.2932,0,0.1497802734375,0,0.0677490234375,0,-0.035064697265625,0,0.039703369140625
40.3000,0,-0.2132568359375,0,0.0677490234375,0,-0.035064697265625,0,0.1212158203125
40.3123,0,-0.2132568359375,0,-0.89501953125,0,0.033050537109375,0,0.1212158203125
40.3197,0,-0.06219482421875,0,-0.89501953125,0,0.033050537109375,0,0.1563720703125
40.3286,0,-0.06219482421875,0,0.2177734375,0,0.0241546630859375,0,0.1563720703125
40.3404,0,-0.06561279296875,0,0.2177734375,0,0.0241546630859375,0,0.0863037109375
40.3519,0,-0.06561279296875,0,-0.2705078125,0,0.0241546630859375,0,0.0863037109375
40.3604,0,-0.0675048828125,0,-0.2705078125,0,-0.050201416015625,0,0.225830078125
40.3720,0,-0.0675048828125,0,-0.1605224609375,0,-0.050201416015625,0,0.225830078125
40.3814,0,-0.173583984375,0,-0.1605224609375,0,-0.07037353515625,0,-0.01259613037109375
40.3920,0,-0.173583984375,0,-0.7666015625,0,-0.07037353515625,0,-0.01259613037109375
40.3996,0,0.05828857421875,0,-0.7666015625,0,-0.034423828125,0,0.0948486328125
40.4118,0,0.05828857421875,0,-0.76806640625,0,-0.034423828125,0,0.0948486328125
40.4186,0,-0.1392822265625,0,-0.76806640625,0,0.01195526123046875,0,0.1837158203125
40.4320,0,-0.1392822265625,0,-0.0401611328125,0,0.01195526123046875,0,0.1837158203125
40.4400,0,0.042816162109375,0,-0.0401611328125,0,-0.024139404296875,0,0.1353759765625
40.4522,0,0.042816162109375,0,0.2457275390625,0,-0.024139404296875,0,0.1353759765625
40.4636,0,-0.0279998779296875,0,0.2457275390625,0,0.01055145263671875,0,-0.0504150390625
40.4720,0,-0.0279998779296875,0,-0.454833984375,0,0.01055145263671875,0,-0.0504150390625
40.4790,0,-0.08502197265625,0,-0.454833984375,0,-0.049896240234375,0,0.09771728515625
40.4952,0,-0.08502197265625,0,-0.462646484375,0,-0.049896240234375,0,0.09771728515625
40.5008,0,0.2406005859375,0,-0.462646484375,0,-0.0345458984375,0,-0.01375579833984375
40.5144,0,0.2406005859375,0,0.417724609375,0,-0.0345458984375,0,-0.01375579833984375
40.5203,0,-0.06884765625,0,0.417724609375,0,0.07037353515625,0,0.2144775390625
40.5324,0,-0.06884765625,0,0.45166015625,0,0.07037353515625,0,0.2144775390625
40.5376,0,0.092041015625,0,0.45166015625,0,-0.0205841064453125,0,0.02532958984375
40.5525,0,0.092041015625,0,0.3369140625,0,-0.0205841064453125,0,0.02532958984375
40.5578,0,-0.0665283203125,0,0.3369140625,0,0.0295562744140625,0,-0.279541015625
40.5671,0,-0.0665283203125,0,-0.64404296875,0,0.0295562744140625,0,-0.279541015625
40.5793,0,-0.2388916015625,0,-0.64404296875,0,-0.0272064208984375,0,-0.1263427734375
40.5882,0,-0.2388916015625,0,0.06591796875,0,-0.0272064208984375,0,-0.1263427734375
40.5993,0,-0.2388916015625,0,0.06591796875,0,0.01160430908203125,0,0.09710693359375
40.6093,0,-0.068359375,0,0.50244140625,0,0.01160430908203125,0,0.09710693359375
40.6218,0,-0.068359375,0,0.50244140625,0,0.03375244140625,0,0.1820068359375
40.6274,0,-0.06439208984375,0,0.43505859375,0,0.03375244140625,0,0.1820068359375
40.6414,0,-0.06439208984375,0,0.43505859375,0,-0.07537841796875,0,0.1820068359375
40.6512,0,0.086181640625,0,0.11199951171875,0,-0.07537841796875,0,-0.08172607421875
40.6616,0,0.086181640625,0,0.11199951171875,0,-0.072998046875,0,0.0740966796875
40.6743,0,0.08880615234375,0,0.11199951171875,0,-0.072998046875,0,0.0740966796875
40.6816,0,0.08880615234375,0,-0.362060546875,0,-0.03424072265625,0,0.0740966796875
40.6977,0,0.1441650390625,0,-0.362060546875,0,-0.03424072265625,0,-0.0186920166015625
40.7049,0,0.1441650390625,0,-0.035797119140625,0,-0.1002197265625,0,-0.0186920166015625
40.7144,0,0.0545654296875,0,-0.035797119140625,0,-0.1002197265625,0,0.08807373046875
40.7230,0,0.0545654296875,0,-0.452392578125,0,-0.0307769775390625,0,0.08807373046875
40.7350,0,-0.1146240234375,0,-0.452392578125,0,-0.0307769775390625,0,0.0303192138671875
40.7413,0,-0.1146240234375,0,-0.0670166015625,0,0.027862548828125,0,0.0303192138671875
40.7569,0,0.0367431640625,0,-0.0670166015625,0,0.027862548828125,0,-0.2432861328125
40.7616,0,0.0367431640625,0,0.5126953125,0,0.0175018310546875,0,-0.2432861328125
40.7736,0,0.1307373046875,0,0.5126953125,0,0.0175018310546875,0,-0.2568359375
40.7822,0,0.1307373046875,0,0.11395263671875,0,-0.01114654541015625,0,-0.2568359375
40.7951,0,-0.06658935546875,0,0.11395263671875,0,-0.01114654541015625,0,0.192138671875
40.8023,0,-0.06658935546875,0,-0.316650390625,0,-0.01114654541015625,0,0.192138671875
40.8153,0,-0.0848388671875,0,-0.316650390625,0,-0.049163818359375,0,0.137451171875
40.8220,0,-0.0848388671875,0,-0.0635986328125,0,-0.049163818359375,0,0.137451171875
40.8332,0,0.043060302734375,0,-0.0635986328125,0,0.057342529296875,0,0.10552978515625
40.8411,0,0.043060302734375,0,0.2200927734375,0,0.057342529296875,0,0.10552978515625
40.8537,0,-0.2064208984375,0,0.2200927734375,0,0.01470184326171875,0,0.1851806640625
40.8617,0,-0.2064208984375,0,0.08673095703125,0,0.01470184326171875,0,0.1851806640625
40.8729,0,-0.121337890625,0,0.08673095703125,0,-0.01824951171875,0,0.1741943359375
40.8807,0,-0.121337890625,0,0.23095703125,0,-0.01824951171875,0,0.1741943359375
40.8955,0,-0.2353515625,0,0.23095703125,0,-0.0234222412109375,0,0.1845703125
40.9006,0,-0.2353515625,0,-0.17529296875,0,-0.0234222412109375,0,0.1845703125
40.9131,0,0.056671142578125,0,-0.17529296875,0,-0.03472900390625,0,0.0235595703125
40.9207,0,0.056671142578125,0,0.10906982421875,0,-0.03472900390625,0,0.0235595703125
40.9340,0,0.0867919921875,0,0.10906982421875,0,0.007442474365234375,0,0.18798828125
40.9411,0,0.0867919921875,0,-0.322021484375,0,0.007442474365234375,0,0.18798828125
40.9530,0,0.0867919921875,0,-0.322021484375,0,0.07275390625,0,-0.218994140625
40.9607,0,0.1395263671875,0,0.4765625,0,0.07275390625,0,-0.218994140625
40.9730,0,-0.25,0,0.4765625,0,0.04217529296875,0,-0.2310791015625
40.9807,0,-0.25,0,0.1746826171875,0,0.04217529296875,0,-0.2310791015625
40.9949,0,-0.315673828125,0,0.1746826171875,0,-0.0224151611328125,0,0.167236328125
41.0007,0,-0.315673828125,0,0.185546875,0,-0.0224151611328125,0,0.167236328125
41.0131,0,-0.315673828125,0,0.185546875,0,-0.032623291015625,0,0.10382080078125
41.0180,0,-0.1666259765625,0,-0.28955078125,0,-0.032623291015625,0,0.10382080078125
41.0328,0,-0.1666259765625,0,-0.28955078125,0,0.02691650390625,0,-0.273681640625
41.0407,0,0.048187255859375,0,-0.07733154296875,0,0.02691650390625,0,-0.273681640625
41.0523,0,0.048187255859375,0,-0.07733154296875,0,-0.0274810791015625,0,0.1336669921875
41.0619,0,0.040557861328125,0,-0.0927734375,0,-0.0274810791015625,0,0.1336669921875
41.0729,0,0.040557861328125,0,-0.0927734375,0,0.03546142578125,0,0.1573486328125
41.0801,0,0.1319580078125,0,-0.2529296875,0,0.03546142578125,0,0.1573486328125
41.0934,0,0.1319580078125,0,-0.2529296875,0,-0.037200927734375,0,0.14990234375
41.1010,0,-0.2724609375,0,-0.1397705078125,0,-0.037200927734375,0,0.14990234375
41.1110,0,-0.2724609375,0,-0.1397705078125,0,0.0421142578125,0,0.1048583984375
41.1214,0,-0.1173095703125,0,-0.1397705078125,0,0.0421142578125,0,0.1048583984375
41.1333,0,-0.1173095703125,0,-0.251220703125,0,0.0296173095703125,0,0.1048583984375
41.1404,0,-0.187744140625,0,-0.251220703125,0,0.0296173095703125,0,-0.269287109375
41.1533,0,-0.187744140625,0,-0.196533203125,0,0.06011962890625,0,-0.079833984375
41.1618,0,0.0390625,0,-0.196533203125,0,0.06011962890625,0,-0.079833984375
41.1682,0,0.0390625,0,0.4052734375,0,-0.037811279296875,0,0.1513671875
41.1821,0,-0.3564453125,0,0.2291259765625,0,-0.037811279296875,0,0.1513671875
41.1906,0,-0.3564453125,0,0.2291259765625,0,-0.07672119140625,0,-0.154052734375
41.2010,0,0.12353515625,0,0.2291259765625,0,-0.07672119140625,0,-0.154052734375
41.2092,0,0.12353515625,0,0.47705078125,0,-0.0293121337890625,0,-0.27685546875
41.2225,0,-0.11181640625,0,0.47705078125,0,-0.0293121337890625,0,-0.27685546875
41.2282,0,-0.11181640625,0,0.201416015625,0,-0.032562255859375,0,-0.27685546875
41.2430,0,-0.27783203125,0,0.201416015625,0,-0.032562255859375,0,0.192626953125
41.2492,0,-0.27783203125,0,0.4384765625,0,-0.018585205078125,0,0.192626953125
41.2638,0,0.089111328125,0,0.4384765625,0,-0.018585205078125,0,0.1605224609375
41.2700,0,0.089111328125,0,0.1502685546875,0,-0.004741668701171875,0,0.1605224609375
41.2819,0,0.07928466796875,0,0.1502685546875,0,-0.004741668701171875,0,-0.11749267578125
41.2873,0,0.07928466796875,0,0.41943359375,0,-0.04736328125,0,-0.11749267578125
41.3004,0,0.1634521484375,0,0.41943359375,0,-0.04736328125,0,0.1773681640625
41.3152,0,0.1634521484375,0,0.2039794921875,0,-0.04736328125,0,0.1773681640625
41.3204,0,0.0426025390625,0,0.2039794921875,0,-0.0193023681640625,0,-0.1163330078125
41.3333,0,0.0426025390625,0,-0.79052734375,0,-0.0193023681640625,0,-0.1163330078125
41.3418,0,-0.1278076171875,0,-0.79052734375,0,0.006206512451171875,0,0.205078125
41.3520,0,-0.1278076171875,0,0.331787109375,0,0.006206512451171875,0,0.205078125
41.3624,0,0.2354736328125,0,0.331787109375,0,-0.10076904296875,0,0.043792724609375
41.3726,0,0.2354736328125,0,0.231201171875,0,-0.10076904296875,0,0.043792724609375
41.3782,0,0.10186767578125,0,0.231201171875,0,-0.030120849609375,0,0.2078857421875
41.3938,0,0.10186767578125,0,-0.27734375,0,-0.030120849609375,0,0.2078857421875
41.3984,0,0.150634765625,0,-0.27734375,0,-0.0523681640625,0,0.19775390625
41.4134,0,0.150634765625,0,0.03656005859375,0,-0.0523681640625,0,0.19775390625
41.4211,0,0.150634765625,0,0.03656005859375,0,-0.072021484375,0,-0.1253662109375
41.4331,0,-0.1558837890625,0,0.38720703125,0,-0.072021484375,0,-0.1253662109375
41.4387,0,0.052825927734375,0,0.38720703125,0,-0.033782958984375,0,0.037353515625
41.4550,0,0.052825927734375,0,-0.77294921875,0,-0.033782958984375,0,0.037353515625
41.4604,0,0.08709716796875,0,-0.77294921875,0,-0.05419921875,0,0.12066650390625
41.4730,0,0.08709716796875,0,0.38623046875,0,-0.05419921875,0,0.12066650390625
41.4791,0,-0.09979248046875,0,0.38623046875,0,-0.045013427734375,0,-0.292236328125
41.4932,0,-0.09979248046875,0,-0.78369140625,0,-0.045013427734375,0,-0.292236328125
41.5023,0,-0.09979248046875,0,-0.78369140625,0,-0.09405517578125,0,-0.292236328125
41.5139,0,-0.326904296875,0,0.1612548828125,0,-0.09405517578125,0,-0.0860595703125
41.5217,0,-0.326904296875,0,0.1612548828125,0,0.08758544921875,0,-0.09368896484375
41.5313,0,-0.068603515625,0,0.061767578125,0,0.08758544921875,0,-0.09368896484375
41.5399,0,-0.068603515625,0,0.061767578125,0,0.056182861328125,0,0.1597900390625
41.5546,0,0.131591796875,0,0.3466796875,0,0.056182861328125,0,0.1597900390625
41.5621,0,0.131591796875,0,0.3466796875,0,-0.0230255126953125,0,0.1500244140625
41.5753,0,0.11529541015625,0,0.1494140625,0,-0.0230255126953125,0,0.1500244140625
41.5803,0,0.11529541015625,0,0.1494140625,0,-0.0173187255859375,0,-0.1519775390625
41.5931,0,0.1322021484375,0,-0.84912109375,0,-0.0173187255859375,0,-0.1519775390625
41.5995,0,0.1322021484375,0,-0.84912109375,0,-0.0625,0,0.182861328125
41.6138,0,-0.09033203125,0,0.11749267578125,0,-0.0625,0,0.182861328125
41.6173,0,-0.09033203125,0,0.11749267578125,0,0.033050537109375,0,0.182861328125
41.6327,0,0.228759765625,0,-0.9228515625,0,0.033050537109375,0,-0.06280517578125
41.6378,0,0.228759765625,0,-0.9228515625,0,0.02789306640625,0,-0.06280517578125
41.6501,0,-0.06500244140625,0,0.279052734375,0,0.02789306640625,0,0.13330078125
41.6607,0,-0.06500244140625,0,0.279052734375,0,-0.0125732421875,0,-0.163330078125
41.6682,0,0.127685546875,0,0.0301055908203125,0,-0.0125732421875,0,-0.163330078125
41.6787,0,0.127685546875,0,0.0301055908203125,0,-0.04168701171875,0,-0.163330078125
41.6957,0,0.11456298828125,0,-0.83740234375,0,-0.04168701171875,0,0.074951171875
41.7008,0,0.11456298828125,0,-0.83740234375,0,-0.042327880859375,0,0.074951171875
41.7069,0,0.045928955078125,0,0.2255859375,0,-0.042327880859375,0,-0.185546875
41.7208,0,0.045928955078125,0,0.2255859375,0,-0.016998291015625,0,-0.185546875
41.7300,0,-0.222412109375,0,0.281494140625,0,-0.016998291015625,0,0.078369140625
41.7432,0,-0.222412109375,0,0.281494140625,0,0.0100555419921875,0,0.078369140625
41.7539,0,0.10186767578125,0,0.414306640625,0,0.0100555419921875,0,-0.3251953125
41.7635,0,0.10186767578125,0,0.414306640625,0,0.015899658203125,0,-0.3251953125
41.7691,0,0.0682373046875,0,0.3603515625,0,0.015899658203125,0,0.09918212890625
41.7830,0,0.0682373046875,0,0.3603515625,0,-0.0535888671875,0,0.09918212890625
41.7913,0,0.115966796875,0,0.3603515625,0,-0.0535888671875,0,0.14599609375
41.8009,0,0.115966796875,0,0.10577392578125,0,-0.0535888671875,0,0.14599609375
41.8119,0,0.2188720703125,0,0.10577392578125,0,0.01153564453125,0,0.1285400390625
41.8213,0,0.2188720703125,0,-0.5634765625,0,0.01153564453125,0,0.1285400390625
41.8305,0,0.2283935546875,0,-0.5634765625,0,0.06500244140625,0,-0.12286376953125
41.8453,0,0.2283935546875,0,0.01309967041015625,0,0.06500244140625,0,-0.12286376953125
41.8502,0,0.0989990234375,0,0.01309967041015625,0,0.0311431884765625,0,0.1817626953125
41.8641,0,0.0989990234375,0,-0.3720703125,0,0.0311431884765625,0,0.1817626953125
41.8736,0,-0.12493896484375,0,-0.64404296875,0,0.0498046875,0,0.1444091796875
41.8831,0,-0.12493896484375,0,-0.64404296875,0,0.038543701171875,0,0.1444091796875
41.8869,0,0.022430419921875,0,-0.64404296875,0,0.038543701171875,0,0.1800537109375
41.9014,0,0.022430419921875,0,0.288818359375,0,0.038543701171875,0,0.1800537109375
41.9081,0,-0.058990478515625,0,0.288818359375,0,0.05975341796875,0,-0.12396240234375
41.9207,0,-0.058990478515625,0,0.2469482421875,0,0.05975341796875,0,-0.12396240234375
41.9316,0,-0.058990478515625,0,0.2469482421875,0,-0.043060302734375,0,-0.1142578125
41.9431,0,-0.197998046875,0,-0.053680419921875,0,-0.043060302734375,0,-0.1142578125
41.9482,0,-0.197998046875,0,-0.053680419921875,0,-0.01288604736328125,0,-0.30810546875
41.9635,0,-0.283447265625,0,-0.24462890625,0,-0.01288604736328125,0,-0.30810546875
41.9677,0,-0.283447265625,0,-0.24462890625,0,-0.0219879150390625,0,0.06866455078125
41.9819,0,0.03668212890625,0,0.0963134765625,0,-0.0219879150390625,0,0.06866455078125
41.9951,0,0.03668212890625,0,0.0963134765625,0,0.0263824462890625,0,-0.2181396484375
42.0013,0,-0.08935546875,0,0.319091796875,0,0.0263824462890625,0,-0.2181396484375
42.0072,0,-0.08935546875,0,0.319091796875,0,-0.055755615234375,0,0.09381103515625
42.0200,0,-0.15966796875,0,0.06536865234375,0,-0.055755615234375,0,0.09381103515625
42.0280,0,-0.15966796875,0,0.06536865234375,0,0.04595947265625,0,0.22802734375
42.0407,0,-0.09124755859375,0,-0.1597900390625,0,0.04595947265625,0,0.22802734375
42.0517,0,-0.09124755859375,0,-0.1597900390625,0,-0.006206512451171875,0,0.22802734375
42.0632,0,-0.023773193359375,0,0.1890869140625,0,-0.006206512451171875,0,-0.254150390625
42.0694,0,-0.023773193359375,0,0.1890869140625,0,-0.02362060546875,0,-0.254150390625
42.0837,0,0.044525146484375,0,0.2587890625,0,-0.02362060546875,0,0.195068359375
42.0930,0,0.044525146484375,0,0.2587890625,0,0.0257415771484375,0,0.195068359375
42.0979,0,-0.0782470703125,0,0.0809326171875,0,0.0257415771484375,0,-0.1029052734375
42.1159,0,-0.0782470703125,0,0.0809326171875,0,0.07421875,0,-0.1029052734375
42.1186,0,0.1944580078125,0,-0.2398681640625,0,0.07421875,0,-0.1280517578125
42.1274,0,0.1944580078125,0,-0.2398681640625,0,0.0718994140625,0,-0.1280517578125
42.1401,0,0.07781982421875,0,0.468994140625,0,0.0718994140625,0,-0.0256500244140625
42.1485,0,0.07781982421875,0,0.468994140625,0,-0.049163818359375,0,-0.0256500244140625
42.1606,0,-0.1759033203125,0,-0.0290679931640625,0,-0.049163818359375,0,-0.1923828125
42.1774,0,-0.1759033203125,0,-0.0290679931640625,0,0.054931640625,0,-0.1923828125
42.1844,0,-0.294677734375,0,0.07379150390625,0,0.054931640625,0,0.1761474609375
42.1962,0,-0.294677734375,0,0.07379150390625,0,0.01377105712890625,0,0.1761474609375
42.2067,0,-0.300048828125,0,0.387939453125,0,0.01377105712890625,0,0.2420654296875
42.2107,0,-0.300048828125,0,0.387939453125,0,-0.0202789306640625,0,0.2420654296875
42.2190,0,0.0703125,0,0.387939453125,0,-0.0202789306640625,0,-0.16455078125
42.2325,0,0.0703125,0,-0.35498046875,0,-0.0202789306640625,0,-0.16455078125
42.2396,0,-0.257080078125,0,-0.35498046875,0,-0.0229339599609375,0,-0.113525390625
42.2583,0,-0.257080078125,0,0.10302734375,0,-0.0229339599609375,0,-0.113525390625
42.2638,0,-0.257080078125,0,0.10302734375,0,0.0379638671875,0,0.1805419921875
42.2779,0,-0.254638671875,0,-0.3310546875,0,0.0379638671875,0,0.1805419921875
42.2791,0,0.1671142578125,0,-0.3310546875,0,-0.11181640625,0,-0.2198486328125
42.2966,0,0.1671142578125,0,-0.113525390625,0,-0.11181640625,0,-0.2198486328125
42.3020,0,0.2337646484375,0,-0.113525390625,0,0.00583648681640625,0,-0.12249755859375
42.3166,0,0.2337646484375,0,0.0217437744140625,0,0.00583648681640625,0,-0.12249755859375
42.3240,0,-0.1287841796875,0,0.0217437744140625,0,-0.03607177734375,0,-0.042572021484375
42.3327,0,-0.1287841796875,0,0.424560546875,0,-0.03607177734375,0,-0.042572021484375
42.3499,0,-0.1287841796875,0,0.424560546875,0,-0.0428466796875,0,0.164306640625
42.3529,0,-0.247802734375,0,0.384765625,0,-0.0428466796875,0,0.164306640625
42.3665,0,-0.247802734375,0,0.384765625,0,-0.06951904296875,0,0.12890625
42.3752,0,0.06695556640625,0,-0.78955078125,0,-0.06951904296875,0,0.12890625
42.3839,0,0.06695556640625,0,-0.78955078125,0,0.0305938720703125,0,0.14404296875
42.3985,0,-0.07196044921875,0,-0.131591796875,0,0.0305938720703125,0,0.14404296875
42.4031,0,-0.07196044921875,0,-0.131591796875,0,0.01233673095703125,0,0.143310546875
42.4162,0,-0.2164306640625,0,-0.794921875,0,0.01233673095703125,0,0.143310546875
42.4250,0,-0.2164306640625,0,-0.794921875,0,-0.01910400390625,0,0.16943359375
42.4356,0,-0.2763671875,0,0.388671875,0,-0.01910400390625,0,0.16943359375
42.4431,0,-0.2763671875,0,0.388671875,0,-0.022125244140625,0,0.16943359375
42.4522,0,0.04241943359375,0,0.1556396484375,0,-0.022125244140625,0,-0.145263671875
42.4651,0,0.04241943359375,0,0.1556396484375,0,-0.00939178466796875,0,-0.145263671875
42.4740,0,0.05767822265625,0,-0.156494140625,0,-0.00939178466796875,0,0.20068359375
42.4829,0,0.05767822265625,0,-0.156494140625,0,-0.01041412353515625,0,0.20068359375
42.4870,0,-0.226806640625,0,0.328857421875,0,-0.01041412353515625,0,-0.22802734375
42.5022,0,-0.226806640625,0,0.328857421875,0,0.016143798828125,0,-0.22802734375
42.5154,0,-0.07867431640625,0,0.2242431640625,0,0.016143798828125,0,-0.1845703125
42.5214,0,-0.07867431640625,0,0.2242431640625,0,-0.0643310546875,0,-0.1845703125
42.5355,0,-0.346923828125,0,0.11376953125,0,-0.0643310546875,0,-0.0277557373046875
42.5412,0,-0.346923828125,0,0.11376953125,0,-0.06671142578125,0,-0.0277557373046875
42.5474,0,-0.2325439453125,0,0.289794921875,0,-0.06671142578125,0,0.07098388671875
42.5607,0,-0.2325439453125,0,0.289794921875,0,0.0537109375,0,0.07098388671875
42.5740,0,-0.2978515625,0,0.442138671875,0,0.0537109375,0,-0.1978759765625
42.5794,0,-0.2978515625,0,0.442138671875,0,-0.01407623291015625,0,-0.1978759765625
42.5949,0,0.1392822265625,0,0.442138671875,0,-0.01407623291015625,0,0.2144775390625
42.6027,0,0.1392822265625,0,0.22412109375,0,-0.046875,0,0.2144775390625
42.6093,0,0.125732421875,0,0.22412109375,0,-0.046875,0,-0.25341796875
42.6217,0,0.125732421875,0,0.1744384765625,0,-0.00848388671875,0,-0.25341796875
42.6348,0,0.054931640625,0,0.1744384765625,0,-0.00848388671875,0,-0.2078857421875
42.6392,0,0.054931640625,0,0.388671875,0,0.055755615234375,0,-0.2078857421875
42.6568,0,0.136474609375,0,0.388671875,0,0.055755615234375,0,0.133056640625
42.6651,0,0.136474609375,0,0.41357421875,0,-0.0556640625,0,0.133056640625
42.6698,0,-0.19873046875,0,0.41357421875,0,-0.0556640625,0,0.17529296875
42.6839,0,-0.19873046875,0,0.462890625,0,-0.0556640625,0,0.17529296875
42.6940,0,0.14013671875,0,0.462890625,0,0.0587158203125,0,0.06109619140625
42.7012,0,0.14013671875,0,-0.01419830322265625,0,0.0587158203125,0,0.06109619140625
42.7150,0,0.14013671875,0,-0.01419830322265625,0,-0.070068359375,0,0.11279296875
42.7235,0,-0.21435546875,0,0.25830078125,0,-0.070068359375,0,0.11279296875
42.7342,0,-0.21435546875,0,0.25830078125,0,0.0140533447265625,0,0.1468505859375
42.7420,0,-0.05914306640625,0,0.180908203125,0,0.0140533447265625,0,0.1468505859375
42.7541,0,-0.05914306640625,0,0.180908203125,0,-0.002712249755859375,0,0.06781005859375
42.7641,0,0.0924072265625,0,0.255615234375,0,-0.002712249755859375,0,0.06781005859375
42.7739,0,0.0924072265625,0,0.255615234375,0,0.05780029296875,0,-0.2364501953125
42.7829,0,-0.1881103515625,0,0.061309814453125,0,0.05780029296875,0,-0.2364501953125
42.7870,0,-0.1881103515625,0,0.061309814453125,0,-0.0165863037109375,0,-0.260986328125
42.8021,0,0.0655517578125,0,0.446533203125,0,-0.0165863037109375,0,-0.260986328125
42.8138,0,0.0655517578125,0,0.446533203125,0,-0.071533203125,0,-0.2578125
42.8214,0,-0.03436279296875,0,-0.027374267578125,0,-0.071533203125,0,-0.2578125
42.8420,0,-0.03436279296875,0,-0.027374267578125,0,-0.119384765625,0,-0.08355712890625
42.8449,0,-0.12353515625,0,0.187255859375,0,-0.119384765625,0,-0.08355712890625
42.8534,0,-0.12353515625,0,0.187255859375,0,-0.0113983154296875,0,0.19384765625
42.8637,0,-0.347412109375,0,0.1258544921875,0,-0.0113983154296875,0,0.19384765625
42.8751,0,-0.347412109375,0,0.1258544921875,0,0.0181884765625,0,0.19384765625
42.8808,0,-0.2420654296875,0,0.1309814453125,0,0.0181884765625,0,0.08526611328125
42.8972,0,-0.2420654296875,0,0.1309814453125,0,-0.059112548828125,0,0.08526611328125
42.9017,0,0.10064697265625,0,0.1309814453125,0,-0.059112548828125,0,0.04443359375
42.9183,0,0.10064697265625,0,0.09002685546875,0,-0.00873565673828125,0,0.04443359375
42.9215,0,0.11102294921875,0,0.230712890625,0,-0.00873565673828125,0,0.1456298828125
42.9356,0,0.11102294921875,0,0.230712890625,0,0.09417724609375,0,0.1456298828125
42.9405,0,-0.247802734375,0,-0.1317138671875,0,0.09417724609375,0,0.1614990234375
42.9541,0,-0.247802734375,0,-0.1317138671875,0,0.019195556640625,0,0.1614990234375
42.9610,0,-0.19580078125,0,-0.1317138671875,0,0.019195556640625,0,-0.0936279296875
42.9741,0,-0.19580078125,0,0.06341552734375,0,-0.01126861572265625,0,-0.0936279296875
42.9831,0,0.1141357421875,0,0.06341552734375,0,-0.01126861572265625,0,-0.26025390625
42.9961,0,0.1141357421875,0,0.328857421875,0,0.04095458984375,0,-0.26025390625
43.0040,0,-0.308837890625,0,0.328857421875,0,0.04095458984375,0,-0.156982421875
43.0168,0,-0.308837890625,0,-0.149169921875,0,0.06890869140625,0,-0.156982421875
43.0204,0,-0.1409912109375,0,-0.149169921875,0,0.06890869140625,0,0.18994140625
43.0379,0,-0.1409912109375,0,0.34228515625,0,0.049072265625,0,0.18994140625
43.0429,0,-0.1826171875,0,0.34228515625,0,0.049072265625,0,0.03265380859375
43.0542,0,-0.1826171875,0,0.435302734375,0,0.04730224609375,0,0.03265380859375
43.0637,0,-0.31689453125,0,0.435302734375,0,0.04730224609375,0,0.1400146484375
43.0746,0,-0.31689453125,0,0.301513671875,0,0.049285888671875,0,0.1400146484375
43.0852,0,0.0941162109375,0,0.301513671875,0,0.049285888671875,0,0.156494140625
43.0964,0,0.0941162109375,0,-0.1806640625,0,-0.08056640625,0,0.156494140625
43.1021,0,-0.217529296875,0,-0.1806640625,0,-0.08056640625,0,-0.190185546875
43.1158,0,-0.217529296875,0,0.029388427734375,0,0.0413818359375,0,-0.190185546875
43.1205,0,-0.185791015625,0,0.029388427734375,0,0.0413818359375,0,0.02874755859375
43.1341,0,-0.185791015625,0,0.3427734375,0,-0.064453125,0,0.02874755859375
43.1413,0,-0.185791015625,0,0.3427734375,0,-0.064453125,0,-0.1317138671875
43.1549,0,-0.330078125,0,-0.29248046875,0,-0.0440673828125,0,-0.1317138671875
43.1616,0,-0.11444091796875,0,-0.29248046875,0,-0.0440673828125,0,-0.26904296875
43.1752,0,-0.11444091796875,0,0.492919921875,0,-0.0440673828125,0,-0.26904296875
43.1812,0,-0.4169921875,0,0.492919921875,0,-0.0706787109375,0,0.1063232421875
43.1940,0,-0.4169921875,0,0.342529296875,0,-0.0706787109375,0,0.1063232421875
43.2063,0,0.187744140625,0,-0.372314453125,0,-0.063232421875,0,-0.218017578125
43.2153,0,0.187744140625,0,-0.372314453125,0,0.0418701171875,0,-0.218017578125
43.2223,0,0.187744140625,0,-0.372314453125,0,0.0418701171875,0,-0.14453125
43.2376,0,0.0191650390625,0,-0.22998046875,0,0.0418701171875,0,-0.14453125
43.2427,0,-0.02056884765625,0,-0.22998046875,0,-0.046875,0,0.05206298828125
43.2531,0,-0.02056884765625,0,-0.52978515625,0,-0.046875,0,0.05206298828125
43.2621,0,-0.02056884765625,0,-0.52978515625,0,-0.0704345703125,0,0.156494140625
43.2764,0,-0.168212890625,0,0.244384765625,0,-0.0704345703125,0,0.156494140625
43.2819,0,-0.168212890625,0,0.244384765625,0,-0.0880126953125,0,-0.147216796875
43.2941,0,-0.0169830322265625,0,0.2880859375,0,-0.0880126953125,0,-0.147216796875
43.3052,0,-0.0169830322265625,0,0.2880859375,0,-0.0158538818359375,0,-0.2457275390625
43.3148,0,0.057464599609375,0,0.17626953125,0,-0.0158538818359375,0,-0.2457275390625
43.3222,0,0.057464599609375,0,0.17626953125,0,-0.0305328369140625,0,-0.2457275390625
43.3416,0,0.1591796875,0,-0.25048828125,0,-0.0305328369140625,0,-0.1087646484375
43.3450,0,0.1591796875,0,-0.25048828125,0,0.040496826171875,0,0.1104736328125
43.3583,0,0.0706787109375,0,0.255859375,0,0.040496826171875,0,0.1104736328125
43.3625,0,0.0706787109375,0,0.255859375,0,0.047943115234375,0,-0.0482177734375
43.3740,0,0.04669189453125,0,0.3564453125,0,0.047943115234375,0,-0.0482177734375
43.3815,0,0.04669189453125,0,0.3564453125,0,-0.06170654296875,0,-0.221923828125
43.3920,0,0.072998046875,0,-0.352783203125,0,-0.06170654296875,0,-0.221923828125
43.4021,0,0.072998046875,0,-0.352783203125,0,0.032012939453125,0,-0.10235595703125
43.4142,0,0.2025146484375,0,0.19140625,0,0.032012939453125,0,-0.10235595703125
43.4212,0,0.2025146484375,0,0.19140625,0,0.063720703125,0,-0.10235595703125
43.4327,0,0.07891845703125,0,0.3095703125,0,0.063720703125,0,0.106689453125
43.4402,0,0.07891845703125,0,0.3095703125,0,-0.043212890625,0,-0.2298583984375
43.4504,0,-0.2049560546875,0,-0.171875,0,-0.043212890625,0,-0.2298583984375
43.4617,0,-0.2049560546875,0,-0.171875,0,0.0531005859375,0,-0.2298583984375
43.4681,0,-0.285400390625,0,-0.1185302734375,0,0.0531005859375,0,-0.2491455078125
43.4824,0,-0.285400390625,0,-0.1185302734375,0,-0.032562255859375,0,-0.2491455078125
43.4953,0,-0.0975341796875,0,-0.1185302734375,0,-0.032562255859375,0,0.0849609375
43.5039,0,-0.0975341796875,0,0.11968994140625,0,0.0265350341796875,0,0.0849609375
43.5071,0,-0.186279296875,0,0.357666015625,0,0.0265350341796875,0,0.1209716796875
43.5208,0,-0.186279296875,0,0.357666015625,0,0.05645751953125,0,0.1209716796875
43.5292,0,-0.2373046875,0,0.1070556640625,0,0.05645751953125,0,0.1483154296875
43.5430,0,-0.2373046875,0,0.1070556640625,0,-0.032318115234375,0,0.1483154296875
43.5533,0,0.163818359375,0,0.1070556640625,0,-0.032318115234375,0,0.126953125
43.5621,0,0.163818359375,0,-0.29443359375,0,0.0134124755859375,0,0.126953125
43.5732,0,0.1199951171875,0,-0.29443359375,0,0.0134124755859375,0,0.1630859375
43.5824,0,0.1199951171875,0,-0.09552001953125,0,0.0134124755859375,0,0.1630859375
43.5940,0,-0.20654296875,0,-0.09552001953125,0,-0.0445556640625,0,0.1197509765625
43.6040,0,-0.20654296875,0,0.1729736328125,0,-0.0445556640625,0,0.1197509765625
43.6145,0,-0.0850830078125,0,0.1729736328125,0,0.0460205078125,0,0.190673828125
43.6205,0,-0.0850830078125,0,0.198974609375,0,0.0460205078125,0,0.190673828125
43.6286,0,0.0364990234375,0,0.198974609375,0,0.050262451171875,0,-0.06689453125
43.6427,0,0.0364990234375,0,0.138427734375,0,0.050262451171875,0,-0.06689453125
43.6529,0,0.11376953125,0,0.138427734375,0,0.0186004638671875,0,0.2646484375
43.6612,0,0.11376953125,0,0.23388671875,0,0.0186004638671875,0,0.2646484375
43.6730,0,0.11376953125,0,0.23388671875,0,0.0139923095703125,0,0.18359375
43.6811,0,-0.1248779296875,0,-0.513671875,0,0.0139923095703125,0,0.18359375
43.6881,0,0.09027099609375,0,-0.513671875,0,-0.0533447265625,0,-0.02972412109375
43.7023,0,0.09027099609375,0,0.0794677734375,0,-0.0533447265625,0,-0.02972412109375
43.7106,0,-0.059478759765625,0,0.0794677734375,0,-0.10565185546875,0,-0.1248779296875
43.7210,0,-0.059478759765625,0,0.11322021484375,0,-0.10565185546875,0,-0.1248779296875
43.7328,0,-0.059478759765625,0,0.11322021484375,0,0.08135986328125,0,-0.11456298828125
43.7402,0,0.10516357421875,0,0.09442138671875,0,0.08135986328125,0,-0.11456298828125
43.7476,0,0.10516357421875,0,0.09442138671875,0,-0.034759521484375,0,-0.291015625
43.7614,0,-0.0919189453125,0,-0.5029296875,0,-0.034759521484375,0,-0.291015625
43.7714,0,0.1798095703125,0,-0.5029296875,0,-0.04486083984375,0,0.2027587890625
43.7815,0,0.1798095703125,0,0.197998046875,0,-0.04486083984375,0,0.2027587890625
43.7974,0,0.1798095703125,0,0.197998046875,0,0.0130157470703125,0,0.06475830078125
43.8013,0,-0.1837158203125,0,-0.19775390625,0,0.0130157470703125,0,0.06475830078125
43.8076,0,-0.1837158203125,0,-0.19775390625,0,0.039642333984375,0,0.1654052734375
43.8205,0,0.2000732421875,0,-0.63232421875,0,0.039642333984375,0,0.1654052734375
43.8382,0,0.2000732421875,0,-0.63232421875,0,0.06231689453125,0,0.0906982421875
43.8392,0,0.09393310546875,0,-0.08465576171875,0,0.06231689453125,0,0.0906982421875
43.8538,0,0.09393310546875,0,-0.08465576171875,0,0.03448486328125,0,0.0906982421875
43.8608,0,0.180908203125,0,-0.18994140625,0,0.03448486328125,0,0.14501953125
43.8729,0,0.180908203125,0,-0.18994140625,0,0.0258941650390625,0,0.14501953125
43.8812,0,-0.212890625,0,0.162353515625,0,0.0258941650390625,0,0.196044921875
43.8923,0,-0.212890625,0,0.162353515625,0,-0.071044921875,0,0.196044921875
43.9048,0,0.2294921875,0,0.0758056640625,0,-0.071044921875,0,0.0594482421875
43.9135,0,0.2294921875,0,0.0758056640625,0,0.0255889892578125,0,0.0594482421875
43.9218,0,0.071533203125,0,0.0758056640625,0,0.0255889892578125,0,0.03814697265625
43.9325,0,0.071533203125,0,-0.05242919921875,0,0.0340576171875,0,0.03814697265625
43.9421,0,0.11297607421875,0,0.03411865234375,0,0.0340576171875,0,0.09600830078125
43.9531,0,0.11297607421875,0,0.03411865234375,0,0.04449462890625,0,0.09600830078125
43.9584,0,-0.1292724609375,0,-0.60498046875,0,0.04449462890625,0,-0.1240234375
43.9731,0,-0.1292724609375,0,-0.60498046875,0,0.0128021240234375,0,-0.1240234375
43.9821,0,0.0273895263671875,0,-0.60498046875,0,0.0128021240234375,0,-0.025360107421875
43.9882,0,0.0273895263671875,0,0.1705322265625,0,0.01346588134765625,0,-0.025360107421875
44.0004,0,-0.05328369140625,0,0.1705322265625,0,0.01346588134765625,0,-0.2265625
44.0159,0,-0.05328369140625,0,0.420654296875,0,0.01346588134765625,0,-0.2265625
44.0184,0,-0.1971435546875,0,0.420654296875,0,0.08843994140625,0,0.147216796875
44.0332,0,-0.1971435546875,0,-0.7998046875,0,0.08843994140625,0,0.147216796875
44.0411,0,0.10302734375,0,-0.7998046875,0,-0.03228759765625,0,0.2060546875
44.0541,0,0.10302734375,0,0.52392578125,0,-0.03228759765625,0,0.2060546875
44.0649,0,0.1865234375,0,0.52392578125,0,-0.035064697265625,0,0.0157318115234375
44.0722,0,0.1865234375,0,-0.2349853515625,0,-0.035064697265625,0,0.0157318115234375
44.0819,0,0.0921630859375,0,-0.2349853515625,0,-0.09185791015625,0,-0.26904296875
44.0939,0,0.0921630859375,0,0.41015625,0,-0.09185791015625,0,-0.26904296875
44.1009,0,-0.095703125,0,0.41015625,0,0.07147216796875,0,-0.15966796875
44.1128,0,-0.095703125,0,0.2197265625,0,0.07147216796875,0,-0.15966796875
44.1200,0,-0.06298828125,0,0.2197265625,0,-0.035491943359375,0,0.075927734375
44.1335,0,-0.06298828125,0,0.03460693359375,0,-0.035491943359375,0,0.075927734375
44.1393,0,0.2318115234375,0,0.03460693359375,0,-0.06365966796875,0,0.1649169921875
44.1522,0,0.2318115234375,0,0.10321044921875,0,-0.06365966796875,0,0.1649169921875
44.1610,0,0.2318115234375,0,0.10321044921875,0,-0.0160980224609375,0,0.2158203125
44.1733,0,0.09796142578125,0,0.422119140625,0,-0.0160980224609375,0,0.2158203125
44.1798,0,-0.0202484130859375,0,0.422119140625,0,0.0096893310546875,0,0.1868896484375
44.1949,0,-0.0202484130859375,0,-0.226806640625,0,0.0096893310546875,0,0.1868896484375
44.2035,0,-0.2236328125,0,-0.226806640625,0,-0.035369873046875,0,0.0426025390625
44.2172,0,-0.2236328125,0,0.3994140625,0,-0.035369873046875,0,0.0426025390625
44.2240,0,-0.2236328125,0,0.3994140625,0,0.039306640625,0,0.045013427734375
44.2353,0,0.199951171875,0,0.158203125,0,0.039306640625,0,0.045013427734375
44.2433,0,0.199951171875,0,0.158203125,0,-0.041534423828125,0,-0.2548828125
44.2565,0,0.1282958984375,0,0.10211181640625,0,-0.041534423828125,0,-0.2548828125
44.2620,0,0.1282958984375,0,0.10211181640625,0,-0.0221710205078125,0,-0.1881103515625
44.2776,0,-0.16259765625,0,0.279296875,0,-0.0221710205078125,0,-0.1881103515625
44.2843,0,-0.16259765625,0,0.279296875,0,0.0275421142578125,0,-0.0745849609375
44.2963,0,-0.08795166015625,0,-0.205322265625,0,0.0275421142578125,0,-0.0745849609375
44.3030,0,-0.08795166015625,0,-0.205322265625,0,-0.045928955078125,0,-0.0745849609375
44.3170,0,0.0112152099609375,0,0.31787109375,0,-0.045928955078125,0,0.2047119140625
44.3196,0,0.0112152099609375,0,0.31787109375,0,-0.06622314453125,0,0.1099853515625
44.3355,0,0.1007080078125,0,0.05841064453125,0,-0.06622314453125,0,0.1099853515625
44.3419,0,0.1007080078125,0,0.05841064453125,0,0.03271484375,0,0.060272216796875
44.3526,0,-0.1961669921875,0,0.1602783203125,0,0.03271484375,0,0.060272216796875
44.3597,0,-0.1961669921875,0,0.1602783203125,0,0.04437255859375,0,-0.272216796875
44.3735,0,-0.363037109375,0,0.333251953125,0,0.04437255859375,0,-0.272216796875
44.3804,0,-0.363037109375,0,0.333251953125,0,-0.0248260498046875,0,-0.272216796875
44.3950,0,-0.06396484375,0,0.3173828125,0,-0.0248260498046875,0,-0.11480712890625
44.4024,0,-0.06396484375,0,0.3173828125,0,0.0175628662109375,0,-0.11480712890625
44.4094,0,0.036285400390625,0,-0.446533203125,0,0.0175628662109375,0,0.0283203125
44.4203,0,0.036285400390625,0,-0.446533203125,0,0.054168701171875,0,0.0283203125
44.4299,0,-0.14111328125,0,-0.315673828125,0,0.054168701171875,0,0.181884765625
44.4397,0,-0.14111328125,0,-0.315673828125,0,0.003009796142578125,0,0.181884765625
44.4497,0,-0.287841796875,0,0.47705078125,0,0.003009796142578125,0,-0.01904296875
44.4612,0,-0.287841796875,0,0.47705078125,0,-0.00432586669921875,0,-0.01904296875
44.4734,0,0.16064453125,0,0.47705078125,0,-0.00432586669921875,0,-0.19921875
44.4820,0,0.16064453125,0,-0.0341796875,0,0.03448486328125,0,-0.19921875
44.4943,0,-0.2381591796875,0,-0.0341796875,0,0.03448486328125,0,0.1424560546875
44.5020,0,-0.2381591796875,0,-0.67529296875,0,0.03448486328125,0,0.1424560546875
44.5130,0,-0.2244873046875,0,-0.67529296875,0,0.022674560546875,0,-0.091064453125
44.5223,0,-0.2244873046875,0,0.3310546875,0,0.022674560546875,0,-0.091064453125
44.5280,0,-0.05126953125,0,0.3310546875,0,0.052978515625,0,-0.07452392578125
44.5395,0,-0.05126953125,0,-0.03558349609375,0,-0.0416259765625,0,-0.07452392578125
44.5511,0,0.1458740234375,0,-0.03558349609375,0,-0.0416259765625,0,0.02423095703125
44.5609,0,0.1458740234375,0,0.494140625,0,-0.0416259765625,0,0.02423095703125
44.5740,0,0.11529541015625,0,0.494140625,0,-0.00850677490234375,0,0.2113037109375
44.5831,0,0.11529541015625,0,0.2255859375,0,-0.00850677490234375,0,0.2113037109375
44.5873,0,0.051361083984375,0,0.2255859375,0,-0.06622314453125,0,-0.07586669921875
44.6007,0,0.051361083984375,0,0.337158203125,0,-0.06622314453125,0,-0.07586669921875
44.6081,0,0.09417724609375,0,0.337158203125,0,0.0924072265625,0,0.02728271484375
44.6221,0,0.09417724609375,0,-0.70947265625,0,0.0924072265625,0,0.02728271484375
44.6292,0,-0.0290374755859375,0,-0.70947265625,0,-0.01413726806640625,0,0.2139892578125
44.6422,0,-0.0290374755859375,0,0.459716796875,0,-0.01413726806640625,0,0.2139892578125
44.6545,0,-0.0290374755859375,0,0.459716796875,0,-0.0201416015625,0,0.0229339599609375
44.6642,0,0.1689453125,0,0.045623779296875,0,-0.0201416015625,0,0.0229339599609375
44.6731,0,0.1689453125,0,0.045623779296875,0,-0.047332763671875,0,0.0229339599609375
44.6821,0,-0.057647705078125,0,0.1431884765625,0,-0.047332763671875,0,0.16845703125
44.6959,0,-0.057647705078125,0,0.1431884765625,0,-0.0197601318359375,0,0.1519775390625
44.7034,0,0.159423828125,0,0.0841064453125,0,-0.0197601318359375,0,0.1519775390625
44.7081,0,0.159423828125,0,0.0841064453125,0,0.052490234375,0,-0.2587890625
44.7212,0,-0.289794921875,0,0.07916259765625,0,0.052490234375,0,-0.2587890625
44.7282,0,-0.289794921875,0,0.07916259765625,0,-0.067626953125,0,0.145751953125
44.7410,0,0.1568603515625,0,0.34619140625,0,-0.067626953125,0,0.145751953125
44.7515,0,0.1568603515625,0,0.34619140625,0,-0.028350830078125,0,0.1427001953125
44.7664,0,-0.09381103515625,0,0.3525390625,0,-0.028350830078125,0,0.1427001953125
44.7741,0,-0.09381103515625,0,0.3525390625,0,-0.07470703125,0,0.1427001953125
44.7820,0,-0.1256103515625,0,0.34716796875,0,-0.07470703125,0,0.1741943359375
44.8009,0,-0.1256103515625,0,0.34716796875,0,0.030364990234375,0,0.1741943359375
44.8023,0,0.159423828125,0,-0.52685546875,0,0.030364990234375,0,-0.2095947265625
44.8139,0,0.159423828125,0,-0.52685546875,0,0.0223541259765625,0,-0.2095947265625
44.8237,0,0.0992431640625,0,0.341796875,0,0.0223541259765625,0,-0.12139892578125
44.8348,0,0.0992431640625,0,0.341796875,0,0.0249786376953125,0,-0.12139892578125
44.8430,0,-0.0816650390625,0,0.276611328125,0,0.0249786376953125,0,0.173828125
44.8555,0,-0.0816650390625,0,0.276611328125,0,0.0219573974609375,0,0.173828125
44.8630,0,-0.07318115234375,0,0.2047119140625,0,0.0219573974609375,0,0.068603515625
44.8749,0,-0.07318115234375,0,0.2047119140625,0,-0.09161376953125,0,0.068603515625
44.8862,0,-0.1614990234375,0,0.10284423828125,0,-0.09161376953125,0,-0.1854248046875
44.8883,0,-0.1614990234375,0,0.10284423828125,0,-0.05859375,0,-0.1854248046875
44.9011,0,0.095703125,0,0.10284423828125,0,-0.05859375,0,0.1317138671875
44.9118,0,0.095703125,0,0.278076171875,0,-0.05859375,0,0.1317138671875
44.9171,0,0.1234130859375,0,0.278076171875,0,-0.02178955078125,0,0.1390380859375
44.9341,0,0.1234130859375,0,0.30859375,0,-0.02178955078125,0,0.1390380859375
44.9421,0,0.230712890625,0,0.30859375,0,0.02392578125,0,0.213134765625
44.9528,0,0.230712890625,0,0.35791015625,0,0.02392578125,0,0.213134765625
44.9643,0,0.06591796875,0,0.35791015625,0,0.03033447265625,0,-0.1224365234375
44.9733,0,0.06591796875,0,-0.079345703125,0,0.03033447265625,0,-0.1224365234375
44.9831,0,0.06591796875,0,-0.079345703125,0,0.037811279296875,0,0.11865234375
44.9938,0,-0.1600341796875,0,-0.4140625,0,0.044158935546875,0,0.11865234375
45.0030,0,-0.1600341796875,0,-0.4140625,0,0.044158935546875,0,0.1781005859375
45.0147,0,-0.0875244140625,0,-0.7119140625,0,0.044158935546875,0,0.1781005859375
45.0221,0,-0.0875244140625,0,-0.7119140625,0,0.05389404296875,0,0.215576171875
45.0355,0,0.0283355712890625,0,-0.423828125,0,0.05389404296875,0,0.215576171875
45.0405,0,-0.2384033203125,0,-0.423828125,0,0.042755126953125,0,0.2119140625
45.0544,0,-0.2384033203125,0,-0.79345703125,0,0.042755126953125,0,0.2119140625
45.0613,0,-0.2384033203125,0,-0.79345703125,0,0.0262298583984375,0,0.184814453125
45.0736,0,0.141845703125,0,0.273681640625,0,0.0262298583984375,0,0.184814453125
45.0818,0,0.141845703125,0,0.273681640625,0,-0.08660888671875,0,0.24072265625
45.0951,0,0.1829833984375,0,-0.50537109375,0,-0.08660888671875,0,0.24072265625
45.1046,0,0.1829833984375,0,-0.50537109375,0,-0.0706787109375,0,0.12548828125
45.1154,0,-0.2431640625,0,-0.1422119140625,0,-0.0706787109375,0,0.12548828125
45.1242,0,-0.2431640625,0,-0.1422119140625,0,-0.017059326171875,0,-0.0101318359375
45.1392,0,0.2469482421875,0,0.11785888671875,0,-0.017059326171875,0,-0.0101318359375
45.1432,0,0.2469482421875,0,0.11785888671875,0,0.043121337890625,0,-0.140869140625
45.1546,0,0.02716064453125,0,-0.0285797119140625,0,0.043121337890625,0,-0.140869140625
45.1585,0,0.02716064453125,0,-0.0285797119140625,0,0.1077880859375,0,0.2398681640625
45.1734,0,-0.12066650390625,0,0.355224609375,0,0.1077880859375,0,0.2398681640625
45.1787,0,-0.12066650390625,0,0.355224609375,0,-0.032806396484375,0,0.1634521484375
45.1930,0,0.056243896484375,0,0.509765625,0,-0.032806396484375,0,0.1634521484375
45.2003,0,0.056243896484375,0,0.509765625,0,-0.10845947265625,0,0.253662109375
45.2150,0,0.12469482421875,0,0.029296875,0,-0.10845947265625,0,0.253662109375
45.2296,0,0.12469482421875,0,0.029296875,0,-0.0299835205078125,0,-0.2305908203125
45.2407,0,-0.134765625,0,0.3359375,0,-0.0299835205078125,0,-0.2305908203125
45.2435,0,-0.134765625,0,0.3359375,0,-0.0275421142578125,0,0.0950927734375
45.2541,0,0.10595703125,0,-0.06036376953125,0,-0.0275421142578125,0,0.0950927734375
45.2616,0,0.10595703125,0,-0.06036376953125,0,0.028045654296875,0,-0.1253662109375
45.2762,0,0.0171051025390625,0,-0.09326171875,0,0.028045654296875,0,-0.1253662109375
45.2813,0,0.0171051025390625,0,-0.09326171875,0,-0.043060302734375,0,-0.1253662109375
45.2940,0,-0.41455078125,0,-0.29248046875,0,-0.043060302734375,0,0.08544921875
45.3015,0,-0.41455078125,0,-0.29248046875,0,-0.057861328125,0,0.08544921875
45.3078,0,0.205810546875,0,-0.5634765625,0,-0.057861328125,0,0.177490234375
45.3200,0,0.205810546875,0,-0.5634765625,0,-0.06317138671875,0,0.177490234375
45.3317,0,-0.054351806640625,0,0.36767578125,0,-0.06317138671875,0,0.1617431640625
45.3430,0,-0.054351806640625,0,0.36767578125,0,0.036529541015625,0,0.1617431640625
45.3555,0,0.1197509765625,0,0.044219970703125,0,0.036529541015625,0,0.1246337890625
45.3652,0,0.1197509765625,0,0.044219970703125,0,0.06793212890625,0,0.1246337890625
45.3682,0,0.072509765625,0,0.365478515625,0,0.06793212890625,0,-0.27294921875
45.3838,0,0.072509765625,0,0.365478515625,0,-0.020294189453125,0,-0.27294921875
45.3925,0,0.12347412109375,0,0.365478515625,0,-0.020294189453125,0,-0.3125
45.4013,0,0.12347412109375,0,-0.57080078125,0,-0.020294189453125,0,-0.3125
45.4136,0,0.20556640625,0,-0.57080078125,0,-0.034820556640625,0,-0.1263427734375
45.4220,0,0.20556640625,0,0.408447265625,0,-0.034820556640625,0,-0.1263427734375
45.4313,0,-0.2232666015625,0,0.408447265625,0,-0.0712890625,0,-0.1766357421875
45.4404,0,-0.2232666015625,0,-0.5078125,0,-0.01505279541015625,0,-0.1766357421875
45.4503,0,0.0906982421875,0,-0.5078125,0,-0.01505279541015625,0,0.1612548828125
45.4649,0,0.0906982421875,0,-0.0188140869140625,0,-0.01505279541015625,0,0.1612548828125
45.4739,0,0.174072265625,0,0.2978515625,0,0.01070404052734375,0,-0.29345703125
45.4834,0,0.174072265625,0,0.2978515625,0,-0.04498291015625,0,-0.29345703125
45.4911,0,0.177734375,0,0.2978515625,0,-0.04498291015625,0,0.1649169921875
45.5036,0,0.177734375,0,0.4384765625,0,-0.04498291015625,0,0.1649169921875
45.5083,0,0.083984375,0,0.4384765625,0,-0.036224365234375,0,0.0814208984375
45.5214,0,0.083984375,0,-0.061676025390625,0,-0.036224365234375,0,0.0814208984375
45.5387,0,0.083984375,0,-0.061676025390625,0,-0.038116455078125,0,0.0797119140625
45.5426,0,-0.315673828125,0,0.3154296875,0,-0.038116455078125,0,0.0797119140625
45.5484,0,-0.315673828125,0,0.3154296875,0,0.029937744140625,0,-0.2393798828125
45.5631,0,0.05572509765625,0,0.464111328125,0,0.029937744140625,0,-0.2393798828125
45.5703,0,0.05572509765625,0,0.464111328125,0,-0.0679931640625,0,-0.29052734375
45.5831,0,-0.234619140625,0,0.40673828125,0,-0.0679931640625,0,-0.29052734375
45.5916,0,0.147216796875,0,0.40673828125,0,0.032012939453125,0,0.148193359375
45.6021,0,0.147216796875,0,-0.40966796875,0,0.032012939453125,0,0.148193359375
45.6130,0,0.147216796875,0,-0.40966796875,0,-0.022552490234375,0,-0.12298583984375
45.6230,0,0.1922607421875,0,-0.4619140625,0,-0.022552490234375,0,-0.12298583984375
45.6337,0,0.1922607421875,0,-0.4619140625,0,0.01332855224609375,0,-0.12298583984375
45.6388,0,-0.2215576171875,0,-0.1719970703125,0,0.01332855224609375,0,0.0206146240234375
45.6556,0,-0.2215576171875,0,-0.1719970703125,0,0.03094482421875,0,0.0206146240234375
45.6662,0,0.11956787109375,0,-0.49072265625,0,0.03094482421875,0,-0.15966796875
45.6723,0,0.11956787109375,0,-0.49072265625,0,0.00693511962890625,0,0.167724609375
45.6852,0,-0.08001708984375,0,0.0229034423828125,0,0.00693511962890625,0,0.167724609375
45.6936,0,-0.08001708984375,0,0.0229034423828125,0,0.03350830078125,0,0.167724609375
45.6990,0,0.1624755859375,0,0.40625,0,0.03350830078125,0,0.04486083984375
45.7133,0,0.1624755859375,0,0.40625,0,-0.043243408203125,0,0.04486083984375
45.7210,0,-0.054107666015625,0,0.40625,0,-0.043243408203125,0,-0.288818359375
45.7337,0,-0.054107666015625,0,0.322509765625,0,-0.050018310546875,0,-0.288818359375
45.7421,0,0.06317138671875,0,-0.1763916015625,0,-0.050018310546875,0,0.1561279296875
45.7533,0,0.06317138671875,0,-0.1763916015625,0,0.01496124267578125,0,0.1561279296875
45.7586,0,-0.176513671875,0,0.203369140625,0,0.01496124267578125,0,0.2181396484375
45.7733,0,-0.176513671875,0,0.203369140625,0,0.031646728515625,0,0.2181396484375
45.7833,0,-0.05029296875,0,0.203369140625,0,0.031646728515625,0,0.2041015625
45.7936,0,-0.05029296875,0,-0.474853515625,0,0.019439697265625,0,0.2041015625
45.8047,0,0.1492919921875,0,-0.474853515625,0,0.019439697265625,0,-0.2054443359375
45.8131,0,0.1492919921875,0,0.413818359375,0,0.019439697265625,0,-0.2054443359375
45.8212,0,-0.320068359375,0,0.413818359375,0,0.033966064453125,0,-0.1434326171875
45.8361,0,-0.320068359375,0,-0.251953125,0,0.033966064453125,0,-0.1434326171875
45.8407,0,-0.10272216796875,0,-0.251953125,0,-0.016265869140625,0,0.076416015625
45.8548,0,-0.10272216796875,0,-0.51171875,0,0.0216064453125,0,0.076416015625
45.8639,0,0.175048828125,0,-0.51171875,0,0.0216064453125,0,0.067138671875
45.8734,0,0.175048828125,0,0.36572265625,0,0.0216064453125,0,0.067138671875
45.8816,0,0.175048828125,0,0.36572265625,0,0.01371002197265625,0,0.2344970703125
45.8934,0,-0.1083984375,0,-0.2315673828125,0,0.01371002197265625,0,0.2344970703125
45.9010,0,-0.1083984375,0,-0.2315673828125,0,0.0085296630859375,0,0.165771484375
45.9129,0,-0.0093536376953125,0,-0.84814453125,0,0.0085296630859375,0,0.165771484375
45.9206,0,0.1893310546875,0,-0.84814453125,0,-0.04498291015625,0,0.2298583984375
45.9333,0,0.1893310546875,0,0.13720703125,0,-0.04498291015625,0,0.2298583984375
45.9407,0,0.1893310546875,0,0.13720703125,0,0.07745361328125,0,0.2135009765625
45.9530,0,0.177734375,0,-0.064208984375,0,0.07745361328125,0,0.2135009765625
45.9606,0,0.177734375,0,-0.064208984375,0,-0.00902557373046875,0,0.12451171875
45.9728,0,-0.255615234375,0,-0.505859375,0,-0.00902557373046875,0,0.12451171875
45.9810,0,0.041961669921875,0,-0.505859375,0,0.023284912109375,0,-0.0297393798828125
45.9938,0,0.041961669921875,0,0.1837158203125,0,0.023284912109375,0,-0.0297393798828125
46.0003,0,-0.12127685546875,0,0.1837158203125,0,-0.0859375,0,0.168701171875
46.0147,0,-0.12127685546875,0,-0.359619140625,0,-0.0859375,0,0.168701171875
46.0222,0,-0.218994140625,0,-0.359619140625,0,0.05413818359375,0,0.1837158203125
46.0356,0,-0.218994140625,0,0.30224609375,0,0.05413818359375,0,0.1837158203125
46.0433,0,-0.218994140625,0,0.30224609375,0,-0.07220458984375,0,0.1842041015625
46.0537,0,0.2041015625,0,0.425537109375,0,-0.07220458984375,0,0.1842041015625
46.0602,0,0.2041015625,0,0.425537109375,0,-0.033599853515625,0,0.055999755859375
46.0731,0,0.1416015625,0,0.25146484375,0,-0.033599853515625,0,0.055999755859375
46.0831,0,0.1416015625,0,0.25146484375,0,-0.0251312255859375,0,0.2403564453125
46.0934,0,0.11553955078125,0,-0.345703125,0,-0.0251312255859375,0,0.2403564453125
46.1042,0,0.11553955078125,0,-0.345703125,0,-0.042724609375,0,0.11358642578125
46.1155,0,0.1707763671875,0,-0.58837890625,0,-0.042724609375,0,0.11358642578125
46.1198,0,0.1707763671875,0,-0.58837890625,0,0.061492919921875,0,0.167724609375
46.1353,0,-0.006465911865234375,0,0.11199951171875,0,0.061492919921875,0,0.167724609375
46.1404,0,-0.006465911865234375,0,0.11199951171875,0,-0.08355712890625,0,0.1763916015625
46.1536,0,-0.06866455078125,0,0.1253662109375,0,-0.08355712890625,0,0.1763916015625
46.1599,0,-0.06866455078125,0,0.1253662109375,0,0.022247314453125,0,0.158935546875
46.1726,0,0.136474609375,0,-0.529296875,0,0.022247314453125,0,0.158935546875
46.1777,0,0.136474609375,0,-0.529296875,0,-0.0265350341796875,0,-0.0997314453125
46.1931,0,0.1392822265625,0,-0.07177734375,0,-0.0265350341796875,0,-0.0997314453125
46.1985,0,0.1392822265625,0,-0.07177734375,0,0.04351806640625,0,0.0662841796875
46.2071,0,-0.269287109375,0,-0.849609375,0,0.04351806640625,0,0.0662841796875
46.2199,0,-0.269287109375,0,-0.849609375,0,0.04815673828125,0,0.0662841796875
46.2342,0,0.2386474609375,0,-0.74267578125,0,0.04815673828125,0,-0.1494140625
46.2402,0,0.2386474609375,0,-0.74267578125,0,-0.1036376953125,0,-0.1494140625
46.2502,0,-0.2235107421875,0,0.2939453125,0,-0.1036376953125,0,-0.0279541015625
46.2604,0,-0.2235107421875,0,0.2939453125,0,0.0732421875,0,-0.0279541015625
46.2700,0,-0.08355712890625,0,-0.94140625,0,0.0732421875,0,0.2366943359375
46.2844,0,-0.08355712890625,0,-0.94140625,0,0.025482177734375,0,-0.251953125
46.2947,0,-0.482666015625,0,-0.94140625,0,0.025482177734375,0,-0.251953125
46.3021,0,-0.482666015625,0,0.162841796875,0,0.025482177734375,0,-0.251953125
46.3125,0,-0.298583984375,0,0.162841796875,0,0.06402587890625,0,0.0623779296875
46.3225,0,-0.298583984375,0,0.277587890625,0,0.06402587890625,0,0.0623779296875
46.3344,0,0.0875244140625,0,0.277587890625,0,-0.01959228515625,0,-0.044891357421875
46.3389,0,0.0875244140625,0,-0.70458984375,0,0.007904052734375,0,-0.044891357421875
46.3535,0,-0.244140625,0,-0.70458984375,0,0.007904052734375,0,-0.005756378173828125
46.3624,0,-0.244140625,0,0.53466796875,0,0.007904052734375,0,-0.005756378173828125
46.3701,0,-0.1435546875,0,0.50537109375,0,-0.04510498046875,0,-0.247802734375
46.3839,0,-0.1435546875,0,0.50537109375,0,-0.06939697265625,0,-0.247802734375
46.3882,0,-0.19091796875,0,0.50537109375,0,-0.06939697265625,0,-0.03448486328125
46.4020,0,-0.19091796875,0,0.1927490234375,0,-0.06939697265625,0,-0.03448486328125
46.4153,0,0.161865234375,0,0.1927490234375,0,-0.0413818359375,0,0.104736328125
46.4228,0,0.161865234375,0,-0.070068359375,0,-0.0413818359375,0,0.104736328125
46.4339,0,0.05224609375,0,-0.070068359375,0,0.0306549072265625,0,0.226806640625
46.4418,0,0.05224609375,0,-0.262939453125,0,0.0306549072265625,0,0.226806640625
46.4486,0,0.086181640625,0,-0.262939453125,0,0.0850830078125,0,-0.11279296875
46.4622,0,0.086181640625,0,-0.06866455078125,0,0.0850830078125,0,-0.11279296875
46.4731,0,0.144287109375,0,-0.06866455078125,0,-0.020050048828125,0,0.0792236328125
46.4824,0,0.144287109375,0,-0.2060546875,0,-0.020050048828125,0,0.0792236328125
46.4934,0,-0.05206298828125,0,-0.2060546875,0,-0.10015869140625,0,0.055633544921875
46.5022,0,-0.05206298828125,0,-0.494140625,0,-0.10015869140625,0,0.055633544921875
46.5074,0,-0.07855224609375,0,-0.494140625,0,0.033111572265625,0,0.039306640625
46.5220,0,-0.07855224609375,0,0.432861328125,0,0.033111572265625,0,0.039306640625
46.5285,0,0.07086181640625,0,0.432861328125,0,0.002300262451171875,0,0.1422119140625
46.5410,0,0.07086181640625,0,-0.853515625,0,0.002300262451171875,0,0.1422119140625
46.5492,0,0.156005859375,0,-0.853515625,0,0.016357421875,0,0.11492919921875
46.5621,0,0.156005859375,0,-0.09661865234375,0,0.016357421875,0,0.11492919921875
46.5724,0,0.156005859375,0,-0.09661865234375,0,0.008331298828125,0,-0.23876953125
46.5819,0,0.1390380859375,0,-0.52294921875,0,0.008331298828125,0,-0.23876953125
46.5921,0,0.1390380859375,0,-0.52294921875,0,-0.04901123046875,0,-0.23876953125
46.6023,0,-0.1912841796875,0,-0.259521484375,0,-0.04901123046875,0,0.1773681640625
46.6125,0,-0.1912841796875,0,-0.259521484375,0,-0.044464111328125,0,0.1773681640625
46.6219,0,0.181884765625,0,0.3359375,0,-0.044464111328125,0,0.1439208984375
46.6273,0,0.181884765625,0,0.3359375,0,-0.0309600830078125,0,0.027313232421875
46.6411,0,0.07147216796875,0,0.50732421875,0,-0.0309600830078125,0,0.027313232421875
46.6560,0,0.07147216796875,0,0.50732421875,0,0.0391845703125,0,0.027313232421875
46.6624,0,-0.1473388671875,0,-0.14208984375,0,0.0391845703125,0,0.07421875
46.6747,0,-0.1473388671875,0,-0.14208984375,0,-0.0293426513671875,0,0.07421875
46.6826,0,0.036712646484375,0,-0.044189453125,0,-0.0293426513671875,0,-0.03411865234375
46.6930,0,0.036712646484375,0,-0.044189453125,0,0.0238800048828125,0,-0.03411865234375
46.7026,0,0.10980224609375,0,0.452880859375,0,0.0238800048828125,0,-0.2061767578125
46.7136,0,0.10980224609375,0,0.452880859375,0,0.034088134765625,0,-0.2061767578125
46.7215,0,-0.1165771484375,0,-0.031097412109375,0,0.034088134765625,0,-0.34619140625
46.7346,0,-0.1165771484375,0,-0.031097412109375,0,0.0197906494140625,0,-0.34619140625
46.7419,0,-0.164306640625,0,0.26123046875,0,0.0197906494140625,0,0.18017578125
46.7541,0,-0.164306640625,0,0.26123046875,0,0.00902557373046875,0,0.18017578125
46.7619,0,0.0206146240234375,0,0.297119140625,0,0.00902557373046875,0,-0.07208251953125
46.7729,0,0.0206146240234375,0,0.297119140625,0,0.06243896484375,0,-0.07208251953125
46.7806,0,-0.0828857421875,0,-0.477294921875,0,0.06243896484375,0,-0.297119140625
46.7938,0,-0.0828857421875,0,-0.477294921875,0,-0.0498046875,0,-0.297119140625
46.8016,0,0.072509765625,0,-0.477294921875,0,-0.0498046875,0,0.24072265625
46.8136,0,0.072509765625,0,0.073486328125,0,-0.0498046875,0,0.24072265625
46.8213,0,-0.1883544921875,0,0.073486328125,0,-0.0736083984375,0,0.0997314453125
46.8335,0,-0.1883544921875,0,0.1727294921875,0,-0.0736083984375,0,0.0997314453125
46.8423,0,0.13525390625,0,0.1727294921875,0,-0.0948486328125,0,0.2152099609375
46.8542,0,0.13525390625,0,-0.78076171875,0,-0.0948486328125,0,0.2152099609375
46.8626,0,0.13525390625,0,-0.78076171875,0,-0.107421875,0,0.169677734375
46.8743,0,0.0430908203125,0,-0.471923828125,0,-0.107421875,0,0.169677734375
46.8843,0,0.0430908203125,0,-0.471923828125,0,-0.035858154296875,0,-0.2288818359375
46.8955,0,0.0355224609375,0,-0.046142578125,0,-0.035858154296875,0,-0.2288818359375
46.9009,0,0.062408447265625,0,-0.046142578125,0,0.041229248046875,0,0.13671875
46.9136,0,0.062408447265625,0,0.311767578125,0,0.041229248046875,0,0.13671875
46.9211,0,0.062408447265625,0,0.311767578125,0,-0.08837890625,0,0.069091796875
46.9335,0,0.01497650146484375,0,-0.450439453125,0,-0.08837890625,0,0.069091796875
46.9410,0,0.01497650146484375,0,-0.450439453125,0,0.03582763671875,0,-0.0310821533203125
46.9558,0,-0.2880859375,0,-0.7646484375,0,0.03582763671875,0,-0.0310821533203125
46.9636,0,-0.2880859375,0,-0.7646484375,0,0.041351318359375,0,-0.316162109375
46.9731,0,-0.276611328125,0,0.058380126953125,0,0.041351318359375,0,-0.316162109375
46.9815,0,-0.276611328125,0,0.058380126953125,0,0.03656005859375,0,-0.316162109375
46.9930,0,0.11859130859375,0,0.489013671875,0,0.03656005859375,0,0.11871337890625
47.0016,0,0.11859130859375,0,0.489013671875,0,0.00629425048828125,0,0.11871337890625
47.0136,0,0.05963134765625,0,-0.032318115234375,0,0.00629425048828125,0,0.053436279296875
47.0218,0,0.05963134765625,0,-0.032318115234375,0,0.061553955078125,0,0.053436279296875
47.0336,0,0.080810546875,0,-0.76123046875,0,0.061553955078125,0,0.10101318359375
47.0407,0,0.080810546875,0,-0.76123046875,0,-0.0265045166015625,0,0.10101318359375
47.0533,0,-0.1787109375,0,-0.51220703125,0,-0.0265045166015625,0,0.20361328125
47.0605,0,-0.1787109375,0,-0.51220703125,0,-0.01082611083984375,0,0.20361328125
47.0729,0,-0.31005859375,0,-0.458251953125,0,-0.01082611083984375,0,-0.2457275390625
47.0808,0,-0.31005859375,0,-0.458251953125,0,-0.0222930908203125,0,-0.2457275390625
47.0936,0,0.200927734375,0,0.07012939453125,0,-0.0222930908203125,0,0.07403564453125
47.1011,0,0.200927734375,0,0.07012939453125,0,-0.0269622802734375,0,0.07403564453125
47.1142,0,0.0037860870361328125,0,-0.2264404296875,0,-0.0269622802734375,0,-0.1688232421875
47.1220,0,0.0037860870361328125,0,-0.2264404296875,0,0.04638671875,0,-0.1688232421875
47.1332,0,-0.213623046875,0,-0.2264404296875,0,0.04638671875,0,0.06109619140625
47.1407,0,-0.213623046875,0,-0.0657958984375,0,0.079345703125,0,0.06109619140625
47.1491,0,0.09765625,0,-0.1531982421875,0,0.079345703125,0,-0.2232666015625
47.1613,0,0.09765625,0,-0.1531982421875,0,-0.043182373046875,0,-0.2232666015625
47.1732,0,0.09710693359375,0,0.1419677734375,0,-0.043182373046875,0,-0.0186004638671875
47.1808,0,0.09710693359375,0,0.1419677734375,0,-0.03826904296875,0,-0.0186004638671875
47.1931,0,-0.135009765625,0,0.1419677734375,0,-0.03826904296875,0,0.2083740234375
47.1987,0,-0.135009765625,0,0.281005859375,0,-0.025970458984375,0,0.2083740234375
47.2131,0,-0.187255859375,0,0.281005859375,0,-0.025970458984375,0,0.11126708984375
47.2211,0,-0.187255859375,0,0.32275390625,0,-0.025970458984375,0,0.11126708984375
47.2275,0,-0.1796875,0,0.32275390625,0,0.11572265625,0,-0.261962890625
47.2451,0,-0.1796875,0,-0.305908203125,0,-0.07171630859375,0,-0.261962890625
47.2517,0,0.1580810546875,0,-0.305908203125,0,-0.07171630859375,0,0.214111328125
47.2608,0,0.1580810546875,0,-0.1666259765625,0,-0.025238037109375,0,0.214111328125
47.2740,0,-0.289794921875,0,-0.1666259765625,0,-0.025238037109375,0,-0.2257080078125
47.2819,0,-0.289794921875,0,-0.269287109375,0,-0.025238037109375,0,-0.2257080078125
47.2888,0,0.227783203125,0,-0.269287109375,0,0.00846099853515625,0,0.11962890625
47.3030,0,0.227783203125,0,0.049285888671875,0,0.00846099853515625,0,0.11962890625
47.3081,0,-0.2109375,0,0.049285888671875,0,-0.022369384765625,0,0.2132568359375
47.3213,0,-0.2109375,0,0.400634765625,0,-0.022369384765625,0,0.2132568359375
47.3321,0,0.05712890625,0,0.400634765625,0,-0.064453125,0,0.11151123046875
47.3419,0,0.05712890625,0,-0.67919921875,0,-0.064453125,0,0.11151123046875
47.3528,0,0.05712890625,0,-0.67919921875,0,0.067626953125,0,0.02008056640625
47.3636,0,-0.218505859375,0,0.3564453125,0,0.067626953125,0,0.02008056640625
47.3732,0,-0.218505859375,0,0.3564453125,0,0.0177154541015625,0,0.02008056640625
47.3809,0,-0.2578125,0,-0.32568359375,0,0.0177154541015625,0,0.1279296875
47.3902,0,-0.167236328125,0,-0.32568359375,0,0.018524169921875,0,-0.08380126953125
47.4027,0,-0.167236328125,0,0.397705078125,0,0.018524169921875,0,-0.08380126953125
47.4072,0,-0.167236328125,0,0.397705078125,0,0.004878997802734375,0,0.11383056640625
47.4212,0,-0.27587890625,0,-0.650390625,0,0.004878997802734375,0,0.11383056640625
47.4282,0,-0.27587890625,0,-0.650390625,0,0.0192413330078125,0,0.1915283203125
47.4426,0,0.173583984375,0,0.43115234375,0,0.0192413330078125,0,0.1915283203125
47.4536,0,0.173583984375,0,0.43115234375,0,0.059783935546875,0,0.1915283203125
47.4631,0,0.039886474609375,0,0.1422119140625,0,0.059783935546875,0,0.1279296875
47.4693,0,0.039886474609375,0,0.1422119140625,0,0.038177490234375,0,-0.060546875
47.4807,0,-0.3203125,0,0.44580078125,0,0.038177490234375,0,-0.060546875
47.4886,0,-0.3203125,0,0.44580078125,0,-0.0787353515625,0,0.173095703125
47.4983,0,0.079833984375,0,-0.27685546875,0,-0.0787353515625,0,0.173095703125
47.5124,0,0.079833984375,0,-0.27685546875,0,-0.03131103515625,0,0.173095703125
47.5191,0,0.1588134765625,0,0.395751953125,0,-0.03131103515625,0,0.033843994140625
47.5274,0,0.1588134765625,0,0.395751953125,0,0.023834228515625,0,0.033843994140625
47.5425,0,0.054168701171875,0,0.290771484375,0,0.023834228515625,0,0.22412109375
47.5507,0,0.054168701171875,0,0.290771484375,0,0.0191497802734375,0,0.22412109375
47.5586,0,-0.0298919677734375,0,-0.64013671875,0,0.0191497802734375,0,-0.248779296875
47.5763,0,-0.0298919677734375,0,-0.64013671875,0,0.046875,0,-0.248779296875
47.5814,0,0.071044921875,0,-0.64013671875,0,0.046875,0,-0.0223846435546875
47.5879,0,0.071044921875,0,-0.253662109375,0,-0.102783203125,0,-0.0223846435546875
47.6019,0,0.13232421875,0,-0.253662109375,0,-0.102783203125,0,-0.0970458984375
47.6090,0,0.13232421875,0,0.406005859375,0,0.06829833984375,0,-0.0970458984375
47.6230,0,0.11944580078125,0,0.406005859375,0,0.06829833984375,0,-0.09576416015625
47.6341,0,0.11944580078125,0,0.44384765625,0,0.06829833984375,0,-0.09576416015625
47.6427,0,0.11944580078125,0,0.44384765625,0,0.0501708984375,0,-0.14990234375
47.6555,0,0.206298828125,0,0.3662109375,0,0.0501708984375,0,-0.14990234375
47.6661,0,-0.08465576171875,0,0.3662109375,0,-0.0325927734375,0,0.054534912109375
47.6722,0,-0.08465576171875,0,-0.12493896484375,0,0.08441162109375,0,0.054534912109375
47.6799,0,-0.199951171875,0,-0.12493896484375,0,0.08441162109375,0,0.21875
47.6890,0,-0.199951171875,0,0.24658203125,0,-0.09356689453125,0,0.21875
47.7003,0,0.1290283203125,0,0.24658203125,0,-0.09356689453125,0,-0.2174072265625
47.7101,0,0.1290283203125,0,-0.030548095703125,0,-0.07623291015625,0,-0.2174072265625
47.7251,0,0.1290283203125,0,-0.030548095703125,0,-0.07623291015625,0,0.0799560546875
47.7349,0,-0.146240234375,0,-0.41845703125,0,-0.07623291015625,0,0.0799560546875
47.7417,0,-0.146240234375,0,-0.41845703125,0,0.00954437255859375,0,0.05499267578125
47.7527,0,-0.38330078125,0,0.12103271484375,0,0.00954437255859375,0,0.05499267578125
47.7624,0,-0.38330078125,0,0.12103271484375,0,0.029876708984375,0,0.1842041015625
47.7732,0,-0.17138671875,0,0.176513671875,0,0.029876708984375,0,0.1842041015625
47.7788,0,0.09136962890625,0,0.176513671875,0,0.022064208984375,0,0.169921875
47.7933,0,0.09136962890625,0,0.378662109375,0,0.022064208984375,0,0.169921875
47.8028,0,0.09136962890625,0,0.378662109375,0,-0.05499267578125,0,-0.146484375
47.8139,0,0.044647216796875,0,-0.38037109375,0,-0.05499267578125,0,-0.146484375
47.8220,0,0.044647216796875,0,-0.38037109375,0,0.0531005859375,0,0.10955810546875
47.8353,0,-0.063720703125,0,-0.181884765625,0,0.0531005859375,0,0.10955810546875
47.8422,0,-0.063720703125,0,-0.181884765625,0,0.026397705078125,0,0.2335205078125
47.8548,0,-0.008514404296875,0,-0.09674072265625,0,0.026397705078125,0,0.2335205078125
47.8599,0,-0.008514404296875,0,-0.09674072265625,0,-0.09832763671875,0,-0.255615234375
47.8751,0,0.138427734375,0,-0.80712890625,0,-0.09832763671875,0,-0.255615234375
47.8824,0,0.138427734375,0,-0.80712890625,0,0.033111572265625,0,-0.255615234375
47.8931,0,-0.1370849609375,0,-0.8095703125,0,0.033111572265625,0,-0.316650390625
47.9038,0,-0.1370849609375,0,-0.8095703125,0,-0.0194091796875,0,-0.316650390625
47.9141,0,-0.058349609375,0,0.035186767578125,0,-0.0194091796875,0,-0.156005859375
47.9219,0,-0.058349609375,0,0.035186767578125,0,0.0305938720703125,0,-0.07025146484375
47.9338,0,-0.08990478515625,0,-0.509765625,0,0.0305938720703125,0,-0.07025146484375
47.9416,0,-0.08990478515625,0,-0.509765625,0,0.032501220703125,0,-0.07025146484375
47.9549,0,-0.08319091796875,0,-0.33251953125,0,0.032501220703125,0,0.2486572265625
47.9622,0,-0.08319091796875,0,-0.33251953125,0,-0.0035457611083984375,0,0.2486572265625
47.9743,0,0.08197021484375,0,-0.33251953125,0,-0.0035457611083984375,0,-0.1488037109375
47.9822,0,0.08197021484375,0,0.1922607421875,0,-0.06451416015625,0,-0.07391357421875
47.9944,0,0.0250244140625,0,0.1922607421875,0,-0.06451416015625,0,-0.07391357421875
48.0019,0,0.0250244140625,0,-0.61279296875,0,0.0272064208984375,0,-0.07391357421875
48.0141,0,0.05108642578125,0,-0.61279296875,0,0.0272064208984375,0,0.1700439453125
48.0224,0,0.05108642578125,0,0.2135009765625,0,0.026824951171875,0,0.1700439453125
48.0339,0,0.05108642578125,0,0.2135009765625,0,0.026824951171875,0,0.1763916015625
48.0418,0,0.006214141845703125,0,-0.08697509765625,0,0.0223236083984375,0,0.1763916015625
48.0570,0,-0.1875,0,-0.08697509765625,0,0.0223236083984375,0,0.1385498046875
48.0614,0,-0.1875,0,0.312744140625,0,0.0223236083984375,0,0.1385498046875
48.0732,0,0.06524658203125,0,0.312744140625,0,0.09564208984375,0,0.03936767578125
48.0818,0,0.06524658203125,0,-0.133544921875,0,-0.01401519775390625,0,0.03936767578125
48.0935,0,0.06524658203125,0,-0.133544921875,0,-0.01401519775390625,0,0.0194854736328125
48.1010,0,-0.04669189453125,0,0.263427734375,0,-0.06683349609375,0,0.0194854736328125
48.1134,0,-0.04669189453125,0,0.263427734375,0,-0.06683349609375,0,0.2408447265625
48.1225,0,0.0628662109375,0,0.39306640625,0,-0.06683349609375,0,0.2408447265625
48.1316,0,-0.1607666015625,0,0.39306640625,0,0.008819580078125,0,-0.257080078125
48.1417,0,-0.1607666015625,0,0.188232421875,0,0.008819580078125,0,-0.257080078125
48.1534,0,-0.1607666015625,0,0.188232421875,0,0.025726318359375,0,0.2183837890625
48.1610,0,0.1060791015625,0,-0.5712890625,0,0.025726318359375,0,0.2183837890625
48.1731,0,0.1060791015625,0,-0.5712890625,0,-0.03131103515625,0,-0.01094818115234375
48.1809,0,-0.09844970703125,0,0.473876953125,0,-0.03131103515625,0,-0.01094818115234375
48.1933,0,-0.09844970703125,0,0.473876953125,0,0.10369873046875,0,-0.182373046875
48.2044,0,-0.09942626953125,0,0.3642578125,0,0.10369873046875,0,-0.182373046875
48.2137,0,-0.09942626953125,0,0.3642578125,0,0.043670654296875,0,-0.1788330078125
48.2221,0,-0.17724609375,0,-0.377685546875,0,0.043670654296875,0,-0.1788330078125
48.2361,0,-0.17724609375,0,-0.377685546875,0,-0.060638427734375,0,0.19677734375
48.2411,0,-0.158203125,0,0.38427734375,0,-0.060638427734375,0,0.19677734375
48.2560,0,-0.158203125,0,0.38427734375,0,0.031982421875,0,-0.108154296875
48.2648,0,0.043975830078125,0,0.497314453125,0,0.031982421875,0,-0.108154296875
48.2759,0,0.043975830078125,0,0.497314453125,0,-0.06842041015625,0,0.2315673828125
48.2822,0,0.1192626953125,0,-0.71826171875,0,-0.06842041015625,0,0.2315673828125
48.3022,0,0.1192626953125,0,-0.71826171875,0,-0.1043701171875,0,0.162353515625
48.3043,0,-0.1885986328125,0,-0.1578369140625,0,-0.1043701171875,0,0.162353515625
48.3086,0,-0.1885986328125,0,-0.1578369140625,0,-0.01538848876953125,0,0.10736083984375
48.3215,0,-0.260986328125,0,-0.69775390625,0,-0.01538848876953125,0,0.10736083984375
48.3310,0,-0.260986328125,0,-0.69775390625,0,0.0295867919921875,0,-0.2646484375
48.3418,0,0.08111572265625,0,0.03509521484375,0,0.0295867919921875,0,-0.2646484375
48.3574,0,0.08111572265625,0,0.03509521484375,0,-0.041961669921875,0,0.2218017578125
48.3611,0,0.1326904296875,0,-0.07470703125,0,-0.041961669921875,0,0.2218017578125
48.3731,0,0.1326904296875,0,-0.07470703125,0,-0.0125579833984375,0,0.2244873046875
48.3851,0,-0.37255859375,0,0.45751953125,0,-0.0125579833984375,0,0.2244873046875
48.3907,0,-0.37255859375,0,0.45751953125,0,-0.0304718017578125,0,0.284912109375
48.4024,0,0.0848388671875,0,0.2244873046875,0,-0.0304718017578125,0,0.284912109375
48.4164,0,0.0848388671875,0,0.2244873046875,0,-0.0294342041015625,0,-0.0587158203125
48.4266,0,0.08978271484375,0,-0.31103515625,0,-0.0294342041015625,0,-0.0587158203125
48.4301,0,0.08978271484375,0,-0.31103515625,0,-0.09503173828125,0,-0.0587158203125
48.4484,0,0.1746826171875,0,-0.329345703125,0,-0.09503173828125,0,-0.245361328125
48.4538,0,0.1746826171875,0,-0.329345703125,0,-0.0204925537109375,0,0.183349609375
48.4877,0,0.136962890625,0,-0.329345703125,0,-0.0204925537109375,0,0.183349609375
48.4943,0,0.136962890625,0,0.1968994140625,0,-0.0204925537109375,0,0.183349609375
48.4967,0,0.1451416015625,0,0.1968994140625,0,0.0210113525390625,0,-0.0267486572265625
48.4975,0,0.1451416015625,0,0.275634765625,0,0.02655029296875,0,-0.0267486572265625
48.5024,0,0.09649658203125,0,0.275634765625,0,0.02655029296875,0,0.228271484375
48.5179,0,0.09649658203125,0,-0.77880859375,0,-0.050628662109375,0,0.228271484375
48.5253,0,0.17431640625,0,-0.77880859375,0,-0.050628662109375,0,0.11468505859375
48.5399,0,0.17431640625,0,-0.1414794921875,0,-0.038909912109375,0,0.11468505859375
48.5423,0,-0.0394287109375,0,-0.1414794921875,0,-0.038909912109375,0,0.1220703125
48.5565,0,-0.0394287109375,0,-0.64208984375,0,-0.038909912109375,0,0.1220703125
48.5631,0,-0.349853515625,0,-0.64208984375,0,0.029296875,0,0.1805419921875
48.5762,0,-0.349853515625,0,-0.81494140625,0,0.029296875,0,0.1805419921875
48.5835,0,-0.1715087890625,0,-0.81494140625,0,0.035797119140625,0,-0.285888671875
48.5950,0,-0.1715087890625,0,-0.099609375,0,0.035797119140625,0,-0.285888671875
48.6028,0,0.1085205078125,0,-0.099609375,0,-0.038665771484375,0,0.1690673828125
48.6142,0,0.1085205078125,0,-0.70703125,0,-0.038665771484375,0,0.1690673828125
48.6230,0,0.1085205078125,0,-0.70703125,0,0.0428466796875,0,0.0670166015625
48.6329,0,-0.31787109375,0,-0.6552734375,0,0.0428466796875,0,0.0670166015625
48.6444,0,-0.31787109375,0,-0.6552734375,0,-0.0316162109375,0,-0.11962890625
48.6570,0,0.09942626953125,0,-0.57470703125,0,-0.0316162109375,0,-0.11962890625
48.6634,0,0.09942626953125,0,-0.57470703125,0,-0.02178955078125,0,0.1160888671875
48.6767,0,-0.296630859375,0,-0.4013671875,0,-0.02178955078125,0,0.1160888671875
48.6818,0,-0.296630859375,0,-0.4013671875,0,0.041351318359375,0,0.09747314453125
48.6968,0,-0.1982421875,0,-0.71240234375,0,0.041351318359375,0,0.09747314453125
48.7061,0,-0.1982421875,0,-0.71240234375,0,-0.0726318359375,0,0.1610107421875
48.7175,0,0.0209808349609375,0,-0.341064453125,0,-0.0726318359375,0,0.1610107421875
48.7225,0,0.0209808349609375,0,-0.341064453125,0,0.053924560546875,0,-0.134521484375
48.7329,0,0.1336669921875,0,-0.296630859375,0,0.053924560546875,0,-0.134521484375
48.7422,0,0.1336669921875,0,-0.296630859375,0,0.041778564453125,0,0.17919921875
48.7556,0,-0.297119140625,0,-0.42236328125,0,0.041778564453125,0,0.17919921875
48.7574,0,-0.297119140625,0,-0.42236328125,0,-0.01447296142578125,0,0.06903076171875
48.7728,0,-0.290283203125,0,0.3134765625,0,-0.01447296142578125,0,0.06903076171875
48.7813,0,-0.290283203125,0,0.3134765625,0,0.024627685546875,0,0.2139892578125
48.7871,0,0.1407470703125,0,-0.70068359375,0,0.024627685546875,0,0.2139892578125
48.8038,0,0.1407470703125,0,-0.70068359375,0,-0.060699462890625,0,0.2139892578125
48.8138,0,0.058258056640625,0,0.2357177734375,0,-0.060699462890625,0,-0.0302276611328125
48.8212,0,0.058258056640625,0,0.2357177734375,0,-0.0127410888671875,0,0.16064453125
48.8361,0,0.1275634765625,0,-0.56787109375,0,-0.0127410888671875,0,0.16064453125
48.8410,0,0.1275634765625,0,-0.56787109375,0,0.006229400634765625,0,0.16064453125
48.8472,0,-0.23388671875,0,0.30224609375,0,0.006229400634765625,0,-0.0210113525390625
48.8624,0,-0.23388671875,0,0.30224609375,0,-0.053436279296875,0,-0.0210113525390625
48.8740,0,-0.129150390625,0,-0.182373046875,0,-0.053436279296875,0,-0.11773681640625
48.8792,0,-0.129150390625,0,-0.182373046875,0,-0.015655517578125,0,-0.11773681640625
48.8921,0,0.10552978515625,0,0.281494140625,0,-0.015655517578125,0,-0.2421875
48.9001,0,0.10552978515625,0,0.281494140625,0,0.03497314453125,0,-0.2421875
48.9072,0,0.180419921875,0,-0.50927734375,0,0.03497314453125,0,0.1719970703125
48.9205,0,0.180419921875,0,-0.50927734375,0,0.059356689453125,0,0.1719970703125
48.9339,0,-0.10223388671875,0,0.1851806640625,0,0.059356689453125,0,0.0823974609375
48.9388,0,-0.10223388671875,0,0.1851806640625,0,-0.040924072265625,0,0.0823974609375
48.9543,0,-0.234375,0,0.1851806640625,0,-0.040924072265625,0,0.14892578125
48.9619,0,-0.234375,0,-0.284423828125,0,-0.04730224609375,0,0.14892578125
48.9731,0,-0.0215606689453125,0,-0.284423828125,0,-0.04730224609375,0,-0.06732177734375
48.9822,0,-0.0215606689453125,0,0.40869140625,0,-0.04730224609375,0,-0.06732177734375
48.9922,0,-0.310791015625,0,0.40869140625,0,-0.06689453125,0,0.0897216796875
49.0030,0,-0.310791015625,0,-0.69677734375,0,-0.06689453125,0,0.0897216796875
49.0141,0,0.09295654296875,0,-0.69677734375,0,-0.03167724609375,0,0.2213134765625
49.0238,0,0.09295654296875,0,-0.3759765625,0,-0.03167724609375,0,0.2213134765625
49.0332,0,-0.12030029296875,0,-0.3759765625,0,-0.09869384765625,0,-0.26904296875
49.0420,0,-0.12030029296875,0,-0.16259765625,0,-0.09869384765625,0,-0.26904296875
49.0542,0,-0.12030029296875,0,-0.16259765625,0,0.087890625,0,-0.11968994140625
49.0604,0,0.2152099609375,0,0.304443359375,0,0.087890625,0,-0.11968994140625
49.0742,0,0.2152099609375,0,0.304443359375,0,0.06500244140625,0,-0.1219482421875
49.0830,0,-0.1851806640625,0,-0.72900390625,0,0.06500244140625,0,-0.1219482421875
49.0934,0,-0.2626953125,0,-0.72900390625,0,0.0203399658203125,0,-0.297119140625
49.1015,0,-0.2626953125,0,-0.04730224609375,0,0.0203399658203125,0,-0.297119140625
49.1121,0,-0.2626953125,0,-0.04730224609375,0,0.0232696533203125,0,0.1575927734375
49.1220,0,-0.2254638671875,0,0.338623046875,0,0.0232696533203125,0,0.1575927734375
49.1339,0,-0.2254638671875,0,0.338623046875,0,-0.08502197265625,0,-0.08685302734375
49.1421,0,0.108642578125,0,0.1043701171875,0,-0.08502197265625,0,-0.08685302734375
49.1473,0,0.108642578125,0,0.1043701171875,0,0.05303955078125,0,-0.21044921875
49.1640,0,-0.147705078125,0,0.1661376953125,0,0.042388916015625,0,-0.21044921875
49.1710,0,-0.147705078125,0,0.1661376953125,0,0.042388916015625,0,0.1312255859375
49.1809,0,0.09649658203125,0,-0.484619140625,0,0.042388916015625,0,0.1312255859375
49.1943,0,0.09649658203125,0,-0.484619140625,0,0.028411865234375,0,-0.1693115234375
49.2022,0,-0.1607666015625,0,0.31787109375,0,0.028411865234375,0,-0.1693115234375
49.2074,0,-0.1607666015625,0,0.31787109375,0,0.049346923828125,0,0.06787109375
49.2229,0,-0.1375732421875,0,-0.1202392578125,0,0.049346923828125,0,0.06787109375
49.2285,0,-0.1375732421875,0,-0.1202392578125,0,-0.045806884765625,0,0.1966552734375
49.2411,0,0.03094482421875,0,0.12249755859375,0,-0.045806884765625,0,0.1966552734375
49.2520,0,0.03094482421875,0,0.12249755859375,0,-0.054901123046875,0,0.1455078125
49.2612,0,0.054840087890625,0,-0.3779296875,0,-0.054901123046875,0,0.1455078125
49.2706,0,0.054840087890625,0,-0.3779296875,0,-0.0450439453125,0,-0.3681640625
49.2822,0,-0.044158935546875,0,-0.61767578125,0,-0.0450439453125,0,-0.3681640625
49.2897,0,-0.044158935546875,0,-0.61767578125,0,0.019134521484375,0,0.110107421875
49.3021,0,0.0416259765625,0,-0.86328125,0,0.019134521484375,0,0.110107421875
49.3137,0,0.0416259765625,0,-0.86328125,0,0.07037353515625,0,0.228759765625
49.3215,0,-0.06787109375,0,-0.208251953125,0,0.07037353515625,0,0.228759765625
49.3274,0,-0.06787109375,0,-0.208251953125,0,-0.014984130859375,0,0.228759765625
49.3401,0,0.08001708984375,0,0.42919921875,0,-0.014984130859375,0,-0.053192138671875
49.3482,0,0.08001708984375,0,0.42919921875,0,-0.0308685302734375,0,-0.27490234375
49.3585,0,-0.1409912109375,0,0.271240234375,0,-0.0308685302734375,0,-0.27490234375
49.3691,0,-0.1409912109375,0,0.271240234375,0,-0.016510009765625,0,0.0012388229370117188
49.3798,0,-0.016510009765625,0,0.368408203125,0,-0.016510009765625,0,0.0012388229370117188
49.3873,0,-0.016510009765625,0,0.368408203125,0,-0.09381103515625,0,0.0012388229370117188
49.4022,0,0.1536865234375,0,-0.67431640625,0,-0.09381103515625,0,-0.34375
49.4080,0,0.1536865234375,0,-0.67431640625,0,-0.030853271484375,0,-0.34375
49.4211,0,0.06982421875,0,0.27587890625,0,-0.030853271484375,0,0.07891845703125
49.4300,0,0.06982421875,0,0.27587890625,0,0.01367950439453125,0,0.07891845703125
49.4422,0,0.173828125,0,0.27587890625,0,0.01367950439453125,0,0.205078125
49.4511,0,0.173828125,0,-0.69189453125,0,-0.0428466796875,0,0.205078125
49.4630,0,-0.21630859375,0,-0.69189453125,0,-0.0428466796875,0,0.07476806640625
49.4734,0,-0.21630859375,0,-0.06536865234375,0,-0.0428466796875,0,0.07476806640625
49.4786,0,-0.042449951171875,0,-0.06536865234375,0,-0.024322509765625,0,0.0784912109375
49.4936,0,-0.042449951171875,0,0.4228515625,0,-0.09161376953125,0,0.0784912109375
49.5016,0,-0.042449951171875,0,0.4228515625,0,-0.09161376953125,0,-0.09124755859375
49.5111,0,-0.237060546875,0,-0.250732421875,0,-0.06817626953125,0,-0.09124755859375
49.5231,0,0.2186279296875,0,-0.250732421875,0,-0.06817626953125,0,0.223388671875
49.5355,0,0.2186279296875,0,-0.041015625,0,-0.06817626953125,0,0.223388671875
49.5420,0,0.04852294921875,0,-0.041015625,0,0.0675048828125,0,0.1300048828125
49.5539,0,0.04852294921875,0,0.338134765625,0,0.0675048828125,0,0.1300048828125
49.5602,0,0.09490966796875,0,0.338134765625,0,-0.0164947509765625,0,-0.262939453125
49.5726,0,0.09490966796875,0,0.419677734375,0,-0.0164947509765625,0,-0.262939453125
49.5792,0,-0.2237548828125,0,0.419677734375,0,-0.05767822265625,0,0.17626953125
49.5931,0,-0.2237548828125,0,0.01076507568359375,0,-0.05767822265625,0,0.17626953125
49.5981,0,-0.2237548828125,0,0.01076507568359375,0,-0.03265380859375,0,0.037689208984375
49.6135,0,-0.0191497802734375,0,0.1495361328125,0,-0.03265380859375,0,0.037689208984375
49.6190,0,-0.0191497802734375,0,0.1495361328125,0,-0.0400390625,0,-0.058685302734375
49.6340,0,0.181884765625,0,-0.222900390625,0,-0.0400390625,0,-0.058685302734375
49.6415,0,0.181884765625,0,-0.222900390625,0,0.027496337890625,0,0.222412109375
49.6570,0,-0.2108154296875,0,0.364990234375,0,0.027496337890625,0,0.222412109375
49.6622,0,-0.2108154296875,0,0.364990234375,0,-0.005657196044921875,0,-0.020233154296875
49.6748,0,-0.1343994140625,0,0.1766357421875,0,-0.005657196044921875,0,-0.020233154296875
49.6799,0,-0.1343994140625,0,0.1766357421875,0,0.0190887451171875,0,0.040435791015625
49.6938,0,-0.24560546875,0,0.39599609375,0,0.0190887451171875,0,0.040435791015625
49.7034,0,-0.24560546875,0,0.39599609375,0,-0.058074951171875,0,0.040435791015625
49.7144,0,-0.266357421875,0,-0.89453125,0,-0.058074951171875,0,0.1700439453125
49.7236,0,-0.266357421875,0,-0.89453125,0,0.02850341796875,0,0.1700439453125
49.7374,0,0.051666259765625,0,0.474609375,0,0.02850341796875,0,0.1676025390625
49.7421,0,0.051666259765625,0,0.474609375,0,0.02703857421875,0,0.2431640625
49.7486,0,-0.315185546875,0,-0.1461181640625,0,0.02703857421875,0,0.2431640625
49.7612,0,-0.315185546875,0,-0.1461181640625,0,-0.05804443359375,0,0.2431640625
49.7748,0,0.1605224609375,0,-0.43408203125,0,-0.05804443359375,0,0.21533203125
49.7777,0,0.1605224609375,0,-0.43408203125,0,-0.016265869140625,0,0.21533203125
49.7927,0,0.057586669921875,0,-0.27587890625,0,-0.016265869140625,0,0.1854248046875
49.8035,0,0.057586669921875,0,-0.27587890625,0,-0.045745849609375,0,0.1854248046875
49.8098,0,-0.094482421875,0,-0.369384765625,0,-0.045745849609375,0,-0.2095947265625
49.8241,0,-0.094482421875,0,-0.369384765625,0,0.0214385986328125,0,-0.2095947265625
49.8291,0,0.121826171875,0,0.2440185546875,0,0.0214385986328125,0,-0.150146484375
49.8450,0,0.121826171875,0,0.2440185546875,0,-0.049652099609375,0,-0.150146484375
49.8545,0,0.2093505859375,0,-0.10308837890625,0,-0.049652099609375,0,-0.0643310546875
49.8620,0,0.2093505859375,0,-0.10308837890625,0,0.042938232421875,0,-0.0643310546875
49.8682,0,0.067626953125,0,-0.52294921875,0,0.042938232421875,0,-0.1121826171875
49.8818,0,0.067626953125,0,-0.52294921875,0,-0.0186920166015625,0,-0.1121826171875
49.8886,0,-0.22607421875,0,-0.2296142578125,0,-0.0186920166015625,0,0.1705322265625
49.9011,0,-0.22607421875,0,-0.2296142578125,0,0.07379150390625,0,0.1705322265625
49.9093,0,-0.0836181640625,0,0.270751953125,0,0.07379150390625,0,0.071533203125
49.9220,0,-0.0836181640625,0,0.270751953125,0,0.058349609375,0,0.071533203125
49.9272,0,-0.0215301513671875,0,0.270751953125,0,0.058349609375,0,-0.2052001953125
49.9405,0,-0.0215301513671875,0,-0.242431640625,0,0.058349609375,0,-0.2052001953125
49.9482,0,-0.049957275390625,0,-0.242431640625,0,-0.02716064453125,0,-0.0965576171875
49.9610,0,-0.049957275390625,0,0.1746826171875,0,-0.02716064453125,0,-0.0965576171875
49.9698,0,0.06719970703125,0,0.0509033203125,0,-0.036712646484375,0,0.262939453125
49.9836,0,0.06719970703125,0,0.0509033203125,0,-0.04473876953125,0,0.262939453125
49.9911,0,0.12469482421875,0,0.0509033203125,0,-0.04473876953125,0,0.052093505859375
50.0020,0,0.12469482421875,0,0.366943359375,0,-0.04473876953125,0,0.052093505859375
50.0130,0,0.1905517578125,0,0.366943359375,0,0.034149169921875,0,0.1998291015625
50.0249,0,0.1905517578125,0,0.5078125,0,0.034149169921875,0,0.1998291015625
50.0312,0,-0.2357177734375,0,0.5078125,0,0.049591064453125,0,0.07916259765625
50.0444,0,-0.2357177734375,0,0.2059326171875,0,0.049591064453125,0,0.07916259765625
50.0482,0,0.06915283203125,0,0.2059326171875,0,-0.01300048828125,0,0.29150390625
50.0615,0,0.06915283203125,0,-0.1539306640625,0,-0.01300048828125,0,0.29150390625
50.0683,0,-0.13720703125,0,-0.1539306640625,0,-0.024658203125,0,-0.047576904296875
50.0809,0,-0.13720703125,0,0.0948486328125,0,-0.024658203125,0,-0.047576904296875
50.0892,0,-0.2071533203125,0,0.0948486328125,0,0.031646728515625,0,-0.06060791015625
50.1022,0,-0.2071533203125,0,-0.34619140625,0,0.031646728515625,0,-0.06060791015625
50.1085,0,-0.2071533203125,0,-0.34619140625,0,-0.047943115234375,0,0.1282958984375
50.1223,0,0.135009765625,0,0.392822265625,0,-0.047943115234375,0,0.1282958984375
50.1290,0,0.135009765625,0,0.392822265625,0,-0.052398681640625,0,0.031524658203125
50.1464,0,0.1956787109375,0,0.2303466796875,0,-0.052398681640625,0,0.031524658203125
50.1546,0,0.1956787109375,0,0.2303466796875,0,-0.0223236083984375,0,-0.335693359375
50.1623,0,0.11871337890625,0,-0.45556640625,0,-0.0223236083984375,0,-0.335693359375
50.1676,0,0.11871337890625,0,-0.45556640625,0,0.032073974609375,0,0.154296875
50.1840,0,-0.2498779296875,0,-0.23486328125,0,0.032073974609375,0,0.154296875
50.1886,0,-0.2498779296875,0,-0.23486328125,0,-0.035491943359375,0,-0.304931640625
50.1998,0,0.07598876953125,0,0.1483154296875,0,-0.035491943359375,0,-0.304931640625
50.2093,0,0.07598876953125,0,0.1483154296875,0,0.08856201171875,0,0.17724609375
50.2224,0,-0.2403564453125,0,0.39697265625,0,0.08856201171875,0,0.17724609375
50.2290,0,-0.2403564453125,0,0.39697265625,0,0.0184173583984375,0,0.17724609375
50.2416,0,-0.1539306640625,0,-0.83642578125,0,0.0184173583984375,0,0.049835205078125
50.2528,0,-0.1539306640625,0,-0.83642578125,0,-0.017669677734375,0,-0.2578125
50.2583,0,0.150634765625,0,-0.10455322265625,0,-0.017669677734375,0,-0.2578125
50.2733,0,0.150634765625,0,-0.10455322265625,0,-0.06268310546875,0,-0.168212890625
50.2838,0,-0.1715087890625,0,0.2330322265625,0,-0.06268310546875,0,-0.168212890625
50.2953,0,-0.1715087890625,0,0.2330322265625,0,-0.05181884765625,0,0.12030029296875
50.3016,0,-0.30712890625,0,-0.2115478515625,0,-0.05181884765625,0,0.12030029296875
50.3157,0,-0.30712890625,0,-0.2115478515625,0,-0.03143310546875,0,-0.11419677734375
50.3205,0,-0.0166473388671875,0,0.21044921875,0,-0.03143310546875,0,-0.11419677734375
50.3295,0,-0.0166473388671875,0,0.21044921875,0,0.046112060546875,0,-0.11419677734375
50.3405,0,-0.2303466796875,0,-0.75634765625,0,0.046112060546875,0,0.1319580078125
50.3590,0,-0.2303466796875,0,-0.75634765625,0,-0.056671142578125,0,0.1319580078125
50.3631,0,0.11676025390625,0,-0.152099609375,0,-0.056671142578125,0,0.0855712890625
50.3754,0,0.11676025390625,0,-0.152099609375,0,0.0302734375,0,-0.10894775390625
50.3791,0,-0.1700439453125,0,0.2010498046875,0,0.0302734375,0,-0.10894775390625
50.3935,0,-0.1700439453125,0,0.2010498046875,0,0.00847625732421875,0,-0.10894775390625
50.4012,0,-0.1700439453125,0,0.2010498046875,0,0.00847625732421875,0,-0.04949951171875
50.4140,0,0.08514404296875,0,0.48583984375,0,0.00847625732421875,0,-0.04949951171875
50.4217,0,0.1834716796875,0,0.48583984375,0,0.044219970703125,0,0.10711669921875
50.4363,0,0.1834716796875,0,-0.67578125,0,0.044219970703125,0,0.10711669921875
50.4407,0,-0.08160400390625,0,-0.130859375,0,0.0201263427734375,0,-0.22705078125
50.4580,0,-0.08160400390625,0,-0.130859375,0,0.050750732421875,0,-0.1768798828125
50.4626,0,-0.1905517578125,0,0.058258056640625,0,0.050750732421875,0,-0.1768798828125
50.4754,0,-0.1905517578125,0,0.058258056640625,0,0.054351806640625,0,-0.1768798828125
50.4815,0,-0.1905517578125,0,0.058258056640625,0,0.054351806640625,0,0.1513671875
50.4963,0,0.06787109375,0,-0.11383056640625,0,0.054351806640625,0,0.1513671875
50.5021,0,-0.3056640625,0,-0.11383056640625,0,-0.024932861328125,0,0.2054443359375
50.5170,0,-0.3056640625,0,-0.841796875,0,-0.024932861328125,0,0.2054443359375
50.5208,0,0.1683349609375,0,-0.841796875,0,0.0258331298828125,0,-0.1650390625
50.5360,0,0.1683349609375,0,-0.434326171875,0,0.0258331298828125,0,-0.1650390625
50.5437,0,0.1683349609375,0,-0.434326171875,0,-0.037322998046875,0,0.090087890625
50.5573,0,0.10833740234375,0,0.0780029296875,0,-0.037322998046875,0,0.090087890625
50.5595,0,0.10833740234375,0,0.0780029296875,0,0.07513427734375,0,-0.1412353515625
50.5739,0,-0.1571044921875,0,0.01273345947265625,0,0.07513427734375,0,-0.1412353515625
50.5813,0,-0.1571044921875,0,0.01273345947265625,0,0.05841064453125,0,0.1654052734375
50.5934,0,0.10546875,0,0.068359375,0,0.05841064453125,0,0.1654052734375
50.6022,0,0.10546875,0,0.068359375,0,-0.050811767578125,0,-0.32861328125
50.6132,0,0.10650634765625,0,-0.07403564453125,0,-0.050811767578125,0,-0.32861328125
50.6187,0,0.10650634765625,0,-0.07403564453125,0,0.0406494140625,0,0.1412353515625
50.6336,0,-0.2044677734375,0,0.429443359375,0,0.0406494140625,0,0.1412353515625
50.6415,0,-0.2044677734375,0,0.429443359375,0,-0.02020263671875,0,0.1412353515625
50.6559,0,0.136474609375,0,0.315673828125,0,-0.02020263671875,0,-0.0716552734375
50.6635,0,0.136474609375,0,0.315673828125,0,0.054779052734375,0,-0.0716552734375
50.6750,0,-0.09136962890625,0,0.505859375,0,0.054779052734375,0,0.1895751953125
50.6820,0,-0.09136962890625,0,0.505859375,0,-0.021514892578125,0,-0.0855712890625
50.6932,0,-0.1170654296875,0,0.35009765625,0,-0.021514892578125,0,-0.0855712890625
50.7021,0,-0.1170654296875,0,0.35009765625,0,-0.0226593017578125,0,-0.0855712890625
50.7132,0,0.2122802734375,0,0.260986328125,0,-0.0226593017578125,0,0.0170135498046875
50.7223,0,0.2122802734375,0,0.260986328125,0,-0.00836944580078125,0,0.0170135498046875
50.7335,0,-0.064208984375,0,-0.17041015625,0,-0.00836944580078125,0,-0.279541015625
50.7430,0,-0.064208984375,0,-0.17041015625,0,0.05828857421875,0,-0.279541015625
50.7536,0,-0.129638671875,0,0.243408203125,0,0.05828857421875,0,-0.085205078125
50.7610,0,-0.129638671875,0,0.243408203125,0,-0.04058837890625,0,-0.085205078125
50.7748,0,0.12939453125,0,0.205810546875,0,-0.04058837890625,0,0.1688232421875
50.7809,0,0.12939453125,0,0.205810546875,0,0.0706787109375,0,0.207275390625
50.7934,0,0.1513671875,0,0.205810546875,0,0.0706787109375,0,0.207275390625
50.8011,0,0.1513671875,0,-0.427978515625,0,0.046112060546875,0,-0.2880859375
50.8142,0,-0.2298583984375,0,0.46923828125,0,0.046112060546875,0,-0.2880859375
50.8221,0,-0.2298583984375,0,0.46923828125,0,0.0186614990234375,0,-0.2880859375
50.8281,0,-0.2320556640625,0,-0.2347412109375,0,0.0186614990234375,0,0.06048583984375
50.8418,0,-0.2320556640625,0,-0.2347412109375,0,-0.10888671875,0,0.06048583984375
50.8539,0,0.0170440673828125,0,-0.2347412109375,0,-0.10888671875,0,0.175537109375
50.8608,0,0.0170440673828125,0,0.0694580078125,0,-0.10888671875,0,0.175537109375
50.8736,0,-0.05523681640625,0,0.0694580078125,0,0.0175933837890625,0,0.12017822265625
50.8835,0,-0.05523681640625,0,0.460693359375,0,0.0175933837890625,0,0.12017822265625
50.8878,0,0.08978271484375,0,0.460693359375,0,-0.0224761962890625,0,0.216796875
50.9023,0,0.08978271484375,0,-0.2159423828125,0,-0.0224761962890625,0,0.216796875
50.9141,0,0.08978271484375,0,-0.2159423828125,0,-0.0394287109375,0,-0.1634521484375
50.9217,0,-0.04534912109375,0,0.268798828125,0,-0.0394287109375,0,-0.1634521484375
50.9296,0,-0.12744140625,0,0.268798828125,0,-0.06878662109375,0,0.184814453125
50.9429,0,-0.12744140625,0,0.08367919921875,0,-0.06878662109375,0,0.184814453125
50.9481,0,0.04681396484375,0,0.08367919921875,0,-0.061248779296875,0,0.1298828125
50.9607,0,0.04681396484375,0,-0.207763671875,0,-0.061248779296875,0,0.1298828125
50.9692,0,-0.328125,0,-0.207763671875,0,0.029937744140625,0,0.201416015625
50.9813,0,-0.328125,0,-0.01161956787109375,0,0.029937744140625,0,0.201416015625
50.9931,0,-0.328125,0,-0.01161956787109375,0,-0.056732177734375,0,-0.17041015625
51.0031,0,-0.0169677734375,0,0.3154296875,0,-0.056732177734375,0,-0.17041015625
51.0131,0,-0.0169677734375,0,0.3154296875,0,0.055328369140625,0,-0.0428466796875
51.0219,0,0.137451171875,0,-0.393798828125,0,0.055328369140625,0,-0.0428466796875
51.0323,0,0.137451171875,0,-0.393798828125,0,0.063232421875,0,0.20751953125
51.0428,0,0.06976318359375,0,0.394775390625,0,0.063232421875,0,0.20751953125
51.0535,0,0.06976318359375,0,0.394775390625,0,-0.035186767578125,0,-0.2486572265625
51.0631,0,0.169677734375,0,0.31591796875,0,-0.035186767578125,0,-0.2486572265625
51.0752,0,0.169677734375,0,0.31591796875,0,-0.049774169921875,0,-0.3515625
51.0813,0,0.0859375,0,-0.6240234375,0,-0.049774169921875,0,-0.3515625
51.0948,0,0.0859375,0,-0.6240234375,0,0.055419921875,0,-0.1026611328125
51.1023,0,0.04107666015625,0,-0.06103515625,0,0.055419921875,0,-0.1026611328125
51.1148,0,0.04107666015625,0,-0.06103515625,0,-0.052520751953125,0,0.286865234375
51.1224,0,0.07135009765625,0,-0.032806396484375,0,-0.052520751953125,0,0.286865234375
51.1323,0,0.07135009765625,0,-0.032806396484375,0,-0.0042266845703125,0,0.00922393798828125
51.1431,0,-0.1871337890625,0,0.36181640625,0,-0.0042266845703125,0,0.00922393798828125
51.1562,0,-0.1871337890625,0,0.36181640625,0,0.02996826171875,0,0.2000732421875
51.1611,0,0.1181640625,0,0.05615234375,0,0.02996826171875,0,0.2000732421875
51.1756,0,0.1181640625,0,0.05615234375,0,0.01904296875,0,0.10675048828125
51.1831,0,-0.330322265625,0,-0.0484619140625,0,0.01904296875,0,0.10675048828125
51.1936,0,-0.330322265625,0,-0.0484619140625,0,-0.04803466796875,0,0.1517333984375
51.2029,0,0.1644287109375,0,-0.67626953125,0,-0.04803466796875,0,0.1517333984375
51.2086,0,0.1644287109375,0,-0.67626953125,0,-0.03802490234375,0,0.2322998046875
51.2211,0,-0.377197265625,0,0.44921875,0,-0.03802490234375,0,0.2322998046875
51.2292,0,-0.377197265625,0,0.44921875,0,0.03973388671875,0,0.188720703125
51.2410,0,-0.05126953125,0,-0.180419921875,0,0.03973388671875,0,0.188720703125
51.2473,0,-0.05126953125,0,-0.180419921875,0,0.03973388671875,0,0.208740234375
51.2609,0,-0.270751953125,0,-0.180419921875,0,0.08843994140625,0,0.208740234375
51.2754,0,-0.270751953125,0,0.021942138671875,0,0.0200347900390625,0,0.1448974609375
51.2828,0,-0.337646484375,0,-0.0213165283203125,0,0.0200347900390625,0,0.1448974609375
51.2935,0,-0.337646484375,0,-0.0213165283203125,0,0.03619384765625,0,-0.1522216796875
51.2986,0,0.212646484375,0,0.51708984375,0,0.03619384765625,0,-0.1522216796875
51.3073,0,0.212646484375,0,0.51708984375,0,0.03619384765625,0,-0.256103515625
51.3190,0,0.1409912109375,0,-0.2783203125,0,-0.07537841796875,0,-0.256103515625
51.3283,0,0.1409912109375,0,-0.2783203125,0,-0.07537841796875,0,0.050140380859375
51.3424,0,-0.039093017578125,0,-0.2783203125,0,-0.02227783203125,0,0.050140380859375
51.3493,0,-0.039093017578125,0,-0.70849609375,0,-0.02227783203125,0,0.1942138671875
51.3622,0,0.1602783203125,0,-0.70849609375,0,0.0550537109375,0,0.1942138671875
51.3736,0,0.1602783203125,0,0.392822265625,0,-0.040679931640625,0,0.0218963623046875
51.3832,0,-0.1971435546875,0,0.392822265625,0,-0.040679931640625,0,0.0218963623046875
51.3939,0,-0.1971435546875,0,-0.8203125,0,-0.040679931640625,0,0.0218963623046875
51.3988,0,-0.43408203125,0,-0.8203125,0,-0.0214385986328125,0,-0.00942230224609375
51.4126,0,-0.43408203125,0,0.12890625,0,-0.0214385986328125,0,-0.00942230224609375
51.4189,0,-0.0697021484375,0,0.12890625,0,0.006771087646484375,0,0.17236328125
51.4330,0,-0.0697021484375,0,0.28564453125,0,0.006771087646484375,0,0.17236328125
51.4409,0,-0.1983642578125,0,0.28564453125,0,-0.04364013671875,0,0.231201171875
51.4535,0,-0.1983642578125,0,0.12005615234375,0,-0.04364013671875,0,0.231201171875
51.4613,0,-0.1983642578125,0,0.12005615234375,0,0.04913330078125,0,0.1517333984375
51.4742,0,0.07196044921875,0,0.461181640625,0,0.04913330078125,0,0.1517333984375
51.4819,0,0.07196044921875,0,0.461181640625,0,0.0267181396484375,0,-0.1729736328125
51.4946,0,-0.1812744140625,0,0.35986328125,0,0.0267181396484375,0,-0.1729736328125
51.5023,0,-0.1812744140625,0,0.35986328125,0,0.06463623046875,0,-0.29931640625
51.5156,0,-0.2017822265625,0,0.362060546875,0,0.06463623046875,0,-0.29931640625
51.5231,0,-0.2017822265625,0,0.362060546875,0,-0.042755126953125,0,0.12396240234375
51.5371,0,0.034393310546875,0,-0.1865234375,0,-0.042755126953125,0,0.12396240234375
51.5429,0,0.034393310546875,0,-0.1865234375,0,0.045562744140625,0,0.21728515625
51.5529,0,0.08544921875,0,0.2274169921875,0,0.045562744140625,0,0.21728515625
51.5595,0,-0.252685546875,0,0.2274169921875,0,-0.08294677734375,0,0.217529296875
51.5742,0,-0.252685546875,0,0.26513671875,0,-0.08294677734375,0,0.217529296875
51.5806,0,-0.252685546875,0,0.26513671875,0,0.03314208984375,0,0.170166015625
51.5940,0,-0.2364501953125,0,-0.499267578125,0,0.03314208984375,0,0.170166015625
51.6022,0,-0.2364501953125,0,-0.499267578125,0,0.03314208984375,0,-0.27001953125
51.6133,0,-0.06280517578125,0,0.287353515625,0,-0.046173095703125,0,-0.27001953125
51.6221,0,-0.06280517578125,0,0.287353515625,0,-0.046173095703125,0,0.1614990234375
51.6347,0,0.040435791015625,0,-0.089599609375,0,-0.0014848709106445312,0,0.1614990234375
51.6419,0,0.040435791015625,0,-0.089599609375,0,-0.017303466796875,0,0.1573486328125
51.6563,0,-0.055908203125,0,-0.63623046875,0,-0.017303466796875,0,0.1573486328125
51.6640,0,-0.055908203125,0,-0.63623046875,0,-0.017303466796875,0,-0.324462890625
51.6738,0,-0.2286376953125,0,0.287353515625,0,-0.0164794921875,0,-0.324462890625
51.6818,0,-0.2286376953125,0,0.287353515625,0,-0.0164794921875,0,0.0121612548828125
51.6938,0,0.2384033203125,0,0.287353515625,0,0.058807373046875,0,0.0121612548828125
51.7010,0,0.2384033203125,0,0.32275390625,0,0.058807373046875,0,-0.1170654296875
51.7138,0,0.080810546875,0,0.32275390625,0,0.131103515625,0,-0.1170654296875
51.7226,0,0.080810546875,0,-0.175048828125,0,0.131103515625,0,-0.1170654296875
51.7329,0,-0.028564453125,0,0.267333984375,0,-0.029571533203125,0,0.1658935546875
51.7419,0,-0.028564453125,0,0.267333984375,0,-0.029571533203125,0,0.09796142578125
51.7538,0,-0.1795654296875,0,0.267333984375,0,0.0258331298828125,0,0.09796142578125
51.7607,0,-0.1795654296875,0,0.2459716796875,0,0.0258331298828125,0,0.1171875
51.7741,0,0.128662109375,0,0.2459716796875,0,0.00965118408203125,0,0.1171875
51.7817,0,0.128662109375,0,0.11236572265625,0,0.00965118408203125,0,0.1171875
51.7915,0,0.06298828125,0,0.11236572265625,0,0.08343505859375,0,-0.329345703125
51.8019,0,0.06298828125,0,0.1640625,0,0.08343505859375,0,-0.329345703125
51.8136,0,0.06298828125,0,0.1640625,0,0.03326416015625,0,-0.0870361328125
51.8242,0,-0.189453125,0,0.388427734375,0,0.03326416015625,0,-0.0870361328125
51.8343,0,-0.189453125,0,0.388427734375,0,0.00885772705078125,0,-0.39306640625
51.8421,0,-0.09149169921875,0,0.48779296875,0,0.00885772705078125,0,-0.39306640625
51.8517,0,0.08184814453125,0,0.48779296875,0,0.025726318359375,0,0.23486328125
51.8623,0,0.08184814453125,0,-0.039398193359375,0,0.025726318359375,0,0.23486328125
51.8758,0,0.08184814453125,0,-0.039398193359375,0,0.00557708740234375,0,0.01129150390625
51.8828,0,0.10321044921875,0,0.2166748046875,0,0.00557708740234375,0,0.01129150390625
51.8935,0,0.10321044921875,0,0.2166748046875,0,-0.00797271728515625,0,0.135498046875
51.9015,0,0.041778564453125,0,0.301513671875,0,-0.00797271728515625,0,0.135498046875
51.9140,0,0.041778564453125,0,0.301513671875,0,-0.0557861328125,0,0.0933837890625
51.9222,0,0.0794677734375,0,0.380126953125,0,-0.0557861328125,0,0.0933837890625
51.9335,0,0.0794677734375,0,0.380126953125,0,0.034393310546875,0,0.082763671875
51.9414,0,0.155517578125,0,0.28857421875,0,0.034393310546875,0,0.082763671875
51.9532,0,0.155517578125,0,0.28857421875,0,0.0275726318359375,0,0.1375732421875
51.9610,0,-0.242919921875,0,-0.6787109375,0,0.0275726318359375,0,0.1375732421875
51.9748,0,-0.242919921875,0,-0.6787109375,0,0.037841796875,0,0.1075439453125
51.9810,0,-0.2294921875,0,0.1827392578125,0,0.037841796875,0,0.1075439453125
51.9934,0,-0.2294921875,0,0.1827392578125,0,0.037841796875,0,-0.25341796875
52.0034,0,0.1492919921875,0,0.371826171875,0,-0.036224365234375,0,0.189697265625
52.0140,0,0.1492919921875,0,0.371826171875,0,0.09228515625,0,0.189697265625
52.0236,0,0.0745849609375,0,-0.62060546875,0,0.09228515625,0,0.189697265625
52.0332,0,0.0745849609375,0,-0.62060546875,0,-0.053924560546875,0,0.213623046875
52.0429,0,0.1385498046875,0,0.1383056640625,0,-0.053924560546875,0,0.213623046875
52.0536,0,0.1385498046875,0,0.1383056640625,0,-0.053924560546875,0,-0.31103515625
52.0614,0,-0.0166168212890625,0,0.17431640625,0,0.0289459228515625,0,-0.31103515625
52.0757,0,-0.0166168212890625,0,0.17431640625,0,0.01983642578125,0,-0.1744384765625
52.0819,0,-0.2432861328125,0,0.17431640625,0,0.01983642578125,0,-0.1744384765625
52.0884,0,-0.2432861328125,0,-0.1373291015625,0,0.07379150390625,0,0.12322998046875
52.1005,0,-0.1468505859375,0,-0.1373291015625,0,0.07379150390625,0,0.12322998046875
52.1131,0,-0.1468505859375,0,0.0904541015625,0,0.07379150390625,0,-0.2252197265625
52.1227,0,0.155517578125,0,0.32421875,0,0.039398193359375,0,-0.2252197265625
52.1333,0,0.155517578125,0,0.32421875,0,0.039398193359375,0,-0.07818603515625
52.1386,0,-0.2099609375,0,-0.662109375,0,0.054534912109375,0,-0.07818603515625
52.1478,0,-0.2099609375,0,-0.662109375,0,0.054534912109375,0,-0.136474609375
52.1617,0,0.09503173828125,0,-0.662109375,0,0.07440185546875,0,-0.136474609375
52.1736,0,0.09503173828125,0,-0.75537109375,0,0.07440185546875,0,0.0643310546875
52.1803,0,-0.1087646484375,0,0.32275390625,0,-0.03692626953125,0,0.0643310546875
52.1936,0,-0.1087646484375,0,0.32275390625,0,-0.03692626953125,0,0.1290283203125
52.2040,0,-0.053558349609375,0,0.379638671875,0,-0.032318115234375,0,0.1290283203125
52.2085,0,-0.053558349609375,0,0.379638671875,0,-0.032318115234375,0,-0.2474365234375
52.2229,0,0.171142578125,0,0.03759765625,0,0.065673828125,0,-0.2474365234375
52.2283,0,0.171142578125,0,0.03759765625,0,0.065673828125,0,0.087646484375
52.2388,0,0.16943359375,0,0.03759765625,0,0.013519287109375,0,0.087646484375
52.2536,0,0.16943359375,0,-0.10174560546875,0,0.023651123046875,0,0.1363525390625
52.2615,0,0.07647705078125,0,-0.10174560546875,0,0.023651123046875,0,0.1363525390625
52.2673,0,0.07647705078125,0,0.356689453125,0,0.023651123046875,0,0.120361328125
52.2827,0,0.02789306640625,0,0.356689453125,0,0.0908203125,0,0.120361328125
52.2892,0,0.02789306640625,0,0.10382080078125,0,0.0908203125,0,0.1668701171875
52.2987,0,0.128173828125,0,0.10382080078125,0,-0.0203399658203125,0,0.1668701171875
52.3097,0,0.128173828125,0,0.228515625,0,-0.0203399658203125,0,-0.087890625
52.3232,0,0.0369873046875,0,0.228515625,0,0.036712646484375,0,-0.087890625
52.3334,0,0.0369873046875,0,0.1221923828125,0,0.036712646484375,0,-0.087890625
52.3430,0,0.036346435546875,0,0.1221923828125,0,0.0174102783203125,0,0.1583251953125
52.3524,0,0.036346435546875,0,0.344970703125,0,0.0174102783203125,0,0.1583251953125
52.3577,0,0.11834716796875,0,0.344970703125,0,0.03668212890625,0,0.1024169921875
52.3737,0,0.11834716796875,0,0.1343994140625,0,0.03668212890625,0,0.1024169921875
52.3822,0,0.11834716796875,0,0.1343994140625,0,0.0146026611328125,0,0.06610107421875
52.3940,0,-0.0341796875,0,-0.274658203125,0,0.0146026611328125,0,0.06610107421875
52.4020,0,-0.0341796875,0,-0.274658203125,0,-0.010498046875,0,-0.258056640625
52.4150,0,-0.047821044921875,0,0.2763671875,0,-0.010498046875,0,-0.258056640625
52.4241,0,-0.047821044921875,0,0.2763671875,0,0.05206298828125,0,-0.08319091796875
52.4379,0,-0.3173828125,0,0.07763671875,0,0.05206298828125,0,-0.08319091796875
52.4413,0,-0.312255859375,0,0.07763671875,0,0.0229949951171875,0,0.1900634765625
52.4496,0,-0.312255859375,0,-0.62646484375,0,0.0229949951171875,0,0.1900634765625
52.4596,0,-0.1619873046875,0,-0.62646484375,0,0.0411376953125,0,0.10345458984375
52.4695,0,-0.1619873046875,0,-0.08740234375,0,0.0411376953125,0,0.10345458984375
52.4789,0,-0.1619873046875,0,-0.08740234375,0,0.04150390625,0,0.1331787109375
52.4939,0,-0.1544189453125,0,0.208740234375,0,0.04150390625,0,0.1331787109375
52.5012,0,-0.1544189453125,0,0.208740234375,0,0.052703857421875,0,0.10601806640625
52.5084,0,0.11529541015625,0,0.338623046875,0,0.052703857421875,0,0.10601806640625
52.5250,0,0.11529541015625,0,0.338623046875,0,-0.0281829833984375,0,-0.2132568359375
52.5284,0,-0.1390380859375,0,0.176025390625,0,-0.0281829833984375,0,-0.2132568359375
52.5387,0,-0.1390380859375,0,0.176025390625,0,-0.00821685791015625,0,0.2138671875
52.5492,0,0.1007080078125,0,0.2113037109375,0,-0.00821685791015625,0,0.2138671875
52.5600,0,0.1007080078125,0,0.2113037109375,0,0.0179443359375,0,-0.2135009765625
52.5675,0,0.1002197265625,0,0.2232666015625,0,0.0179443359375,0,-0.2135009765625
52.5811,0,0.1002197265625,0,0.2232666015625,0,-0.0745849609375,0,-0.12017822265625
52.5921,0,0.1397705078125,0,0.2232666015625,0,-0.0745849609375,0,-0.12017822265625
52.5976,0,0.1397705078125,0,-0.12017822265625,0,0.048858642578125,0,0.1004638671875
52.6126,0,0.171630859375,0,-0.12017822265625,0,0.048858642578125,0,0.1004638671875
52.6182,0,0.171630859375,0,0.419189453125,0,0.04705810546875,0,0.189697265625
52.6329,0,0.011566162109375,0,0.419189453125,0,0.04705810546875,0,0.189697265625
52.6400,0,0.011566162109375,0,0.0577392578125,0,-0.061248779296875,0,-0.0292816162109375
52.6545,0,0.16162109375,0,0.0577392578125,0,-0.061248779296875,0,-0.0292816162109375
52.6622,0,0.16162109375,0,0.3642578125,0,-0.061248779296875,0,-0.1785888671875
52.6744,0,-0.0284423828125,0,0.3642578125,0,-0.054534912109375,0,-0.1785888671875
52.6817,0,-0.0284423828125,0,-0.36083984375,0,-0.054534912109375,0,-0.1785888671875
52.6961,0,0.04351806640625,0,-0.36083984375,0,0.08294677734375,0,0.208984375
52.7025,0,0.04351806640625,0,0.219970703125,0,0.08294677734375,0,0.208984375
52.7148,0,-0.1741943359375,0,0.219970703125,0,-0.058013916015625,0,-0.212646484375
52.7199,0,-0.1741943359375,0,-0.51953125,0,-0.058013916015625,0,0.12359619140625
52.7338,0,0.03265380859375,0,0.2496337890625,0,0.0296783447265625,0,0.12359619140625
52.7428,0,0.03265380859375,0,0.2496337890625,0,0.0296783447265625,0,0.21826171875
52.7590,0,-0.10699462890625,0,0.2496337890625,0,-0.01788330078125,0,0.21826171875
52.7633,0,-0.10699462890625,0,0.2734375,0,-0.01788330078125,0,0.21826171875
52.7753,0,0.02069091796875,0,0.2734375,0,0.0318603515625,0,-0.0673828125
52.7825,0,0.02069091796875,0,-0.9560546875,0,0.0318603515625,0,-0.0673828125
52.7954,0,0.07794189453125,0,-0.9560546875,0,-0.01067352294921875,0,-0.05340576171875
52.8050,0,0.07794189453125,0,0.36328125,0,-0.01067352294921875,0,-0.05340576171875
52.8133,0,0.1490478515625,0,0.36328125,0,-0.07513427734375,0,-0.264892578125
52.8225,0,0.1490478515625,0,0.252685546875,0,-0.07513427734375,0,-0.264892578125
52.8340,0,0.1490478515625,0,0.252685546875,0,-0.0732421875,0,0.1455078125
52.8419,0,0.03253173828125,0,0.28955078125,0,-0.0732421875,0,0.1455078125
52.8541,0,0.03253173828125,0,0.28955078125,0,0.04229736328125,0,0.0938720703125
52.8620,0,-0.22216796875,0,-0.70751953125,0,0.04229736328125,0,0.0938720703125
52.8736,0,0.08013916015625,0,-0.70751953125,0,0.0435791015625,0,0.0218505859375
52.8836,0,0.08013916015625,0,0.36181640625,0,0.0435791015625,0,0.0218505859375
52.8942,0,0.08013916015625,0,0.36181640625,0,0.063232421875,0,0.12445068359375
52.9009,0,-0.2440185546875,0,-0.13134765625,0,0.063232421875,0,0.12445068359375
52.9137,0,-0.2440185546875,0,-0.13134765625,0,-0.044158935546875,0,-0.32666015625
52.9215,0,0.07958984375,0,-0.13134765625,0,-0.044158935546875,0,-0.32666015625
52.9332,0,0.07958984375,0,-0.043243408203125,0,-0.07452392578125,0,0.19775390625
52.9422,0,0.0888671875,0,0.12176513671875,0,-0.07452392578125,0,0.19775390625
52.9537,0,0.0888671875,0,0.12176513671875,0,-0.07452392578125,0,-0.33203125
52.9612,0,0.2208251953125,0,0.309814453125,0,0.050689697265625,0,-0.33203125
52.9761,0,0.2208251953125,0,0.309814453125,0,0.059539794921875,0,0.188720703125
52.9814,0,0.058135986328125,0,0.309814453125,0,0.059539794921875,0,0.188720703125
52.9931,0,0.058135986328125,0,-0.775390625,0,-0.02978515625,0,0.14013671875
53.0017,0,-0.30419921875,0,-0.775390625,0,-0.02978515625,0,0.14013671875
53.0140,0,-0.30419921875,0,-0.65869140625,0,-0.02978515625,0,-0.13525390625
53.0214,0,0.1519775390625,0,-0.65869140625,0,0.07513427734375,0,-0.13525390625
53.0344,0,0.1519775390625,0,0.192626953125,0,0.07513427734375,0,0.12420654296875
53.0424,0,0.1085205078125,0,0.192626953125,0,-0.1011962890625,0,0.12420654296875
53.0515,0,0.1085205078125,0,0.369384765625,0,-0.1011962890625,0,-0.341796875
53.0619,0,-0.339599609375,0,0.369384765625,0,-0.044036865234375,0,-0.341796875
53.0739,0,-0.339599609375,0,0.00989532470703125,0,-0.044036865234375,0,-0.09356689453125
53.0815,0,0.154296875,0,0.00989532470703125,0,0.0291748046875,0,-0.09356689453125
53.0938,0,0.154296875,0,-0.423095703125,0,0.0291748046875,0,0.255859375
53.1014,0,-0.322998046875,0,-0.423095703125,0,0.0189361572265625,0,0.255859375
53.1117,0,-0.322998046875,0,0.20068359375,0,0.0189361572265625,0,0.0921630859375
53.1218,0,-0.054656982421875,0,0.20068359375,0,-0.0101165771484375,0,0.0921630859375
53.1334,0,-0.054656982421875,0,-0.1556396484375,0,-0.0101165771484375,0,0.0921630859375
53.1419,0,-0.1690673828125,0,-0.1556396484375,0,0.0247039794921875,0,-0.115478515625
53.1535,0,-0.1690673828125,0,0.29443359375,0,0.0247039794921875,0,-0.115478515625
53.1616,0,0.0992431640625,0,0.29443359375,0,0.033660888671875,0,0.16455078125
53.1728,0,0.0992431640625,0,0.275634765625,0,0.033660888671875,0,-0.335693359375
53.1830,0,0.1011962890625,0,0.275634765625,0,-0.0472412109375,0,-0.335693359375
53.1925,0,0.1011962890625,0,-0.216064453125,0,-0.0472412109375,0,-0.335693359375
53.1975,0,-0.234619140625,0,-0.216064453125,0,0.02593994140625,0,-0.08099365234375
53.2149,0,-0.234619140625,0,-0.4365234375,0,0.02593994140625,0,0.020843505859375
53.2204,0,0.08709716796875,0,-0.4365234375,0,0.04522705078125,0,0.020843505859375
53.2336,0,0.08709716796875,0,-0.79931640625,0,0.04522705078125,0,0.020843505859375
53.2458,0,-0.259033203125,0,-0.79931640625,0,0.09228515625,0,0.1434326171875
53.2534,0,-0.259033203125,0,-0.50537109375,0,0.09228515625,0,0.1434326171875
53.2592,0,0.07861328125,0,-0.50537109375,0,-0.059722900390625,0,-0.08154296875
53.2760,0,0.07861328125,0,-0.84033203125,0,-0.059722900390625,0,-0.08154296875
53.2830,0,0.07861328125,0,-0.84033203125,0,0.036468505859375,0,-0.280517578125
53.2975,0,-0.371337890625,0,-0.677734375,0,0.036468505859375,0,0.1883544921875
53.3058,0,-0.371337890625,0,-0.677734375,0,-0.0260162353515625,0,0.1883544921875
53.3157,0,0.1373291015625,0,-0.333984375,0,-0.0260162353515625,0,0.1883544921875
53.3195,0,0.1373291015625,0,-0.333984375,0,-0.029296875,0,-0.28271484375
53.3354,0,0.05780029296875,0,0.1912841796875,0,-0.029296875,0,-0.28271484375
53.3434,0,0.05780029296875,0,0.1912841796875,0,-0.02630615234375,0,0.1483154296875
53.3483,0,-0.1571044921875,0,-0.07159423828125,0,-0.02630615234375,0,0.1483154296875
53.3629,0,0.160888671875,0,-0.07159423828125,0,-0.0809326171875,0,0.046234130859375
53.3729,0,0.160888671875,0,0.11859130859375,0,-0.0809326171875,0,0.046234130859375
53.3781,0,0.160888671875,0,0.11859130859375,0,-0.007152557373046875,0,-0.254638671875
53.3954,0,-0.2060546875,0,0.12158203125,0,-0.007152557373046875,0,-0.254638671875
53.4015,0,-0.2060546875,0,0.12158203125,0,0.07684326171875,0,0.06689453125
53.4074,0,-0.2196044921875,0,0.3125,0,0.07684326171875,0,0.06689453125
53.4205,0,-0.2196044921875,0,0.3125,0,-0.06268310546875,0,0.224365234375
53.4289,0,-0.2041015625,0,0.07958984375,0,-0.06268310546875,0,0.224365234375
53.4397,0,-0.2041015625,0,0.07958984375,0,-0.0863037109375,0,-0.266357421875
53.4551,0,0.03125,0,-0.1507568359375,0,-0.0863037109375,0,-0.266357421875
53.4639,0,0.03125,0,-0.1507568359375,0,-0.0295562744140625,0,0.1822509765625
53.4728,0,-0.19287109375,0,-0.1507568359375,0,-0.0295562744140625,0,0.1822509765625
53.4829,0,-0.19287109375,0,0.43603515625,0,-0.0295562744140625,0,0.239013671875
53.4927,0,0.09271240234375,0,0.43603515625,0,-0.049224853515625,0,0.239013671875
53.4977,0,0.09271240234375,0,0.08612060546875,0,0.048675537109375,0,-0.2047119140625
53.5152,0,0.07598876953125,0,0.08612060546875,0,0.048675537109375,0,-0.2047119140625
53.5214,0,0.07598876953125,0,-0.267822265625,0,0.048675537109375,0,-0.2047119140625
53.5348,0,0.219970703125,0,-0.267822265625,0,-0.02691650390625,0,0.237060546875
53.5430,0,0.219970703125,0,0.426513671875,0,-0.02691650390625,0,0.237060546875
53.5549,0,-0.14208984375,0,0.426513671875,0,0.038543701171875,0,-0.309814453125
53.5618,0,-0.14208984375,0,0.06549072265625,0,0.038543701171875,0,-0.309814453125
53.5759,0,0.11871337890625,0,0.06549072265625,0,-0.04583740234375,0,0.107666015625
53.5827,0,0.11871337890625,0,-0.2042236328125,0,-0.04583740234375,0,-0.15576171875
53.5922,0,-0.185791015625,0,-0.2042236328125,0,0.051513671875,0,-0.15576171875
53.6022,0,-0.185791015625,0,0.2423095703125,0,0.051513671875,0,-0.15576171875
53.6126,0,-0.169921875,0,0.2423095703125,0,-0.0261077880859375,0,-0.294189453125
53.6222,0,-0.169921875,0,0.128662109375,0,-0.0261077880859375,0,-0.294189453125
53.6359,0,-0.17724609375,0,0.128662109375,0,-0.01131439208984375,0,0.192138671875
53.6450,0,-0.17724609375,0,-0.0765380859375,0,-0.01131439208984375,0,0.192138671875
53.6475,0,-0.1717529296875,0,-0.0765380859375,0,-0.03326416015625,0,0.245361328125
53.6624,0,-0.1717529296875,0,0.3515625,0,-0.03326416015625,0,0.245361328125
53.6743,0,0.07672119140625,0,0.3515625,0,-0.05609130859375,0,-0.0086669921875
53.6828,0,0.07672119140625,0,0.1409912109375,0,-0.05609130859375,0,-0.0086669921875
53.6953,0,0.07672119140625,0,0.1409912109375,0,-0.05596923828125,0,-0.300048828125
53.7024,0,-0.31787109375,0,0.4638671875,0,-0.05596923828125,0,-0.300048828125
53.7074,0,-0.1981201171875,0,0.4638671875,0,-0.03375244140625,0,0.208251953125
53.7219,0,-0.1981201171875,0,0.18212890625,0,-0.03375244140625,0,0.208251953125
53.7319,0,-0.1981201171875,0,0.18212890625,0,0.0367431640625,0,-0.02886962890625
53.7422,0,0.05828857421875,0,0.2138671875,0,0.0367431640625,0,-0.02886962890625
53.7542,0,0.05828857421875,0,0.2138671875,0,0.0087738037109375,0,-0.181640625
53.7639,0,-0.130126953125,0,-0.71240234375,0,0.0087738037109375,0,-0.181640625
53.7766,0,-0.130126953125,0,-0.71240234375,0,-0.04473876953125,0,-0.1925048828125
53.7808,0,0.1268310546875,0,-0.1539306640625,0,-0.04473876953125,0,-0.1925048828125
53.7961,0,0.1268310546875,0,-0.1539306640625,0,0.0355224609375,0,-0.0205841064453125
53.8010,0,0.0572509765625,0,0.1363525390625,0,0.0355224609375,0,-0.0205841064453125
53.8145,0,0.0572509765625,0,0.1363525390625,0,0.021270751953125,0,0.11798095703125
53.8221,0,-0.256591796875,0,0.056396484375,0,0.021270751953125,0,0.11798095703125
53.8332,0,-0.256591796875,0,0.056396484375,0,0.09234619140625,0,-0.0154266357421875
53.8470,0,0.12310791015625,0,-0.2222900390625,0,0.09234619140625,0,-0.0154266357421875
53.8523,0,0.12310791015625,0,-0.2222900390625,0,0.09234619140625,0,0.09173583984375
53.8601,0,0.1314697265625,0,0.1907958984375,0,-0.032562255859375,0,0.09173583984375
53.8725,0,0.1314697265625,0,0.1907958984375,0,-0.0216064453125,0,-0.316162109375
53.8828,0,0.1097412109375,0,0.1876220703125,0,-0.0216064453125,0,-0.316162109375
53.8950,0,0.1097412109375,0,0.1876220703125,0,0.0283050537109375,0,0.240966796875
53.9041,0,0.2081298828125,0,0.38037109375,0,0.0283050537109375,0,0.240966796875
53.9146,0,0.2081298828125,0,0.38037109375,0,-0.09686279296875,0,0.0872802734375
53.9220,0,0.09942626953125,0,0.10357666015625,0,-0.09686279296875,0,0.0872802734375
53.9351,0,0.09942626953125,0,0.10357666015625,0,-0.036041259765625,0,0.12066650390625
53.9440,0,-0.428466796875,0,-0.5908203125,0,-0.036041259765625,0,0.12066650390625
53.9534,0,-0.428466796875,0,-0.5908203125,0,-0.036041259765625,0,0.1683349609375
53.9626,0,-0.237060546875,0,-0.5908203125,0,-0.07916259765625,0,0.1683349609375
53.9730,0,-0.237060546875,0,0.268798828125,0,-0.07916259765625,0,0.1683349609375
53.9812,0,-0.128173828125,0,0.1787109375,0,-0.037353515625,0,0.175537109375
53.9949,0,-0.128173828125,0,0.1787109375,0,-0.037353515625,0,0.033599853515625
54.0022,0,0.2171630859375,0,0.1787109375,0,0.037628173828125,0,0.033599853515625
54.0143,0,0.2171630859375,0,-0.8388671875,0,0.037628173828125,0,0.033599853515625
54.0241,0,0.1396484375,0,-0.8388671875,0,0.00855255126953125,0,0.1201171875
54.0325,0,0.1396484375,0,-0.44091796875,0,0.00855255126953125,0,0.1201171875
54.0423,0,0.129638671875,0,-0.44091796875,0,-0.0309295654296875,0,0.1055908203125
54.0525,0,0.129638671875,0,0.385009765625,0,-0.0309295654296875,0,0.1055908203125
54.0611,0,-0.1304931640625,0,0.385009765625,0,-0.07000732421875,0,-0.271484375
54.0722,0,-0.1304931640625,0,-0.26123046875,0,-0.07000732421875,0,-0.271484375
54.0799,0,0.084228515625,0,-0.26123046875,0,0.003513336181640625,0,0.212646484375
54.0922,0,0.084228515625,0,0.11065673828125,0,0.003513336181640625,0,0.212646484375
54.0989,0,0.033447265625,0,0.11065673828125,0,0.0606689453125,0,0.1636962890625
54.1126,0,0.033447265625,0,0.362060546875,0,0.0606689453125,0,0.1636962890625
54.1201,0,0.033447265625,0,0.362060546875,0,0.06787109375,0,0.2509765625
54.1323,0,-0.2310791015625,0,-0.529296875,0,0.06787109375,0,0.2509765625
54.1422,0,-0.2310791015625,0,-0.529296875,0,0.01300811767578125,0,0.10809326171875
54.1520,0,0.1353759765625,0,-0.1866455078125,0,0.01300811767578125,0,0.10809326171875
54.1610,0,-0.34716796875,0,-0.1866455078125,0,0.037841796875,0,0.262451171875
54.1719,0,-0.34716796875,0,-0.2587890625,0,0.037841796875,0,0.262451171875
54.1803,0,-0.34716796875,0,-0.2587890625,0,0.0849609375,0,0.228759765625
54.1922,0,-0.3671875,0,-0.671875,0,0.0849609375,0,0.228759765625
54.1998,0,-0.3671875,0,-0.671875,0,0.08917236328125,0,0.02838134765625
54.2129,0,0.11181640625,0,0.10894775390625,0,0.08917236328125,0,0.02838134765625
54.2197,0,0.11181640625,0,0.10894775390625,0,0.015380859375,0,-0.189208984375
54.2318,0,0.10321044921875,0,0.35009765625,0,0.015380859375,0,-0.189208984375
54.2405,0,0.10321044921875,0,0.35009765625,0,0.015380859375,0,-0.22412109375
54.2528,0,0.045928955078125,0,-0.10992431640625,0,0.0115966796875,0,-0.22412109375
54.2629,0,-0.04901123046875,0,-0.10992431640625,0,0.07672119140625,0,0.218505859375
54.2740,0,-0.04901123046875,0,0.224365234375,0,0.07672119140625,0,0.218505859375
54.2801,0,-0.04901123046875,0,0.224365234375,0,-0.026519775390625,0,-0.097900390625
54.2967,0,0.027008056640625,0,0.01727294921875,0,-0.026519775390625,0,-0.097900390625
54.3060,0,0.213623046875,0,0.01727294921875,0,0.094970703125,0,-0.23828125
54.3102,0,0.213623046875,0,0.260498046875,0,0.094970703125,0,-0.23828125
54.3224,0,0.213623046875,0,0.260498046875,0,0.094970703125,0,0.156982421875
54.3358,0,-0.278076171875,0,0.301513671875,0,0.046844482421875,0,0.156982421875
54.3398,0,-0.278076171875,0,0.301513671875,0,0.046844482421875,0,-0.281982421875
54.3528,0,0.1324462890625,0,-0.8408203125,0,0.0178375244140625,0,-0.281982421875
54.3582,0,0.1324462890625,0,-0.8408203125,0,0.0178375244140625,0,0.212646484375
54.3673,0,0.040740966796875,0,0.2919921875,0,0.03753662109375,0,0.212646484375
54.3828,0,0.040740966796875,0,0.2919921875,0,-0.0173187255859375,0,0.01195526123046875
54.3894,0,-0.1865234375,0,0.233642578125,0,-0.0173187255859375,0,0.01195526123046875
54.4030,0,-0.1865234375,0,0.233642578125,0,0.022552490234375,0,-0.05926513671875
54.4152,0,-0.0472412109375,0,-0.1595458984375,0,0.022552490234375,0,-0.05926513671875
54.4215,0,-0.0472412109375,0,-0.1595458984375,0,0.022552490234375,0,-0.2384033203125
54.4272,0,-0.37109375,0,-0.0246124267578125,0,0.07098388671875,0,-0.2384033203125
54.4426,0,-0.37109375,0,-0.0246124267578125,0,0.07098388671875,0,0.136962890625
54.4482,0,-0.22900390625,0,-0.040252685546875,0,-0.0555419921875,0,0.136962890625
54.4629,0,-0.22900390625,0,-0.040252685546875,0,-0.0555419921875,0,0.0279388427734375
54.4774,0,-0.400146484375,0,-0.2685546875,0,0.0225982666015625,0,0.0279388427734375
54.4838,0,-0.400146484375,0,-0.2685546875,0,0.0225982666015625,0,0.024200439453125
54.4886,0,-0.06768798828125,0,-0.2685546875,0,-0.0570068359375,0,0.024200439453125
54.5030,0,-0.06768798828125,0,0.0760498046875,0,-0.0570068359375,0,0.024200439453125
54.5128,0,0.2232666015625,0,0.0760498046875,0,-0.0231170654296875,0,-0.06524658203125
54.5228,0,0.2232666015625,0,0.435546875,0,-0.0231170654296875,0,-0.06524658203125
54.5358,0,0.1328125,0,0.435546875,0,-0.04669189453125,0,-0.1334228515625
54.5431,0,0.1328125,0,0.0919189453125,0,-0.04669189453125,0,-0.1334228515625
54.5520,0,0.2159423828125,0,0.0919189453125,0,0.034576416015625,0,0.1458740234375
54.5630,0,0.2159423828125,0,0.340576171875,0,0.034576416015625,0,0.1458740234375
54.5715,0,0.1697998046875,0,0.340576171875,0,0.024932861328125,0,0.05078125
54.5836,0,0.1697998046875,0,-0.583984375,0,0.024932861328125,0,0.05078125
54.5929,0,0.1697998046875,0,-0.583984375,0,0.024444580078125,0,0.1697998046875
54.6027,0,0.1439208984375,0,-0.2080078125,0,0.024444580078125,0,0.1697998046875
54.6075,0,0.1439208984375,0,-0.2080078125,0,-0.034332275390625,0,0.1595458984375
54.6230,0,0.0819091796875,0,-0.3916015625,0,-0.034332275390625,0,0.1595458984375
54.6300,0,0.0819091796875,0,-0.3916015625,0,-0.0587158203125,0,-0.16943359375
54.6432,0,0.18115234375,0,0.35791015625,0,-0.0587158203125,0,-0.16943359375
54.6583,0,0.2052001953125,0,0.35791015625,0,-0.04412841796875,0,0.1881103515625
54.6647,0,0.2052001953125,0,0.2093505859375,0,-0.04412841796875,0,0.1881103515625
54.6701,0,0.2052001953125,0,0.2093505859375,0,0.041778564453125,0,-0.051544189453125
54.6841,0,-0.263427734375,0,-0.79931640625,0,0.041778564453125,0,-0.051544189453125
54.6929,0,-0.263427734375,0,-0.79931640625,0,0.0164794921875,0,-0.181640625
54.7016,0,-0.06036376953125,0,0.45068359375,0,0.0164794921875,0,-0.181640625
54.7148,0,-0.06036376953125,0,0.45068359375,0,-0.0189666748046875,0,0.24951171875
54.7236,0,-0.2041015625,0,-0.20458984375,0,-0.0189666748046875,0,0.24951171875
54.7326,0,-0.2041015625,0,-0.20458984375,0,-0.0189666748046875,0,0.1947021484375
54.7445,0,-0.2293701171875,0,0.462646484375,0,0.03631591796875,0,0.1947021484375
54.7522,0,-0.2293701171875,0,0.462646484375,0,0.03631591796875,0,0.146728515625
54.7578,0,0.1280517578125,0,-0.564453125,0,0.07965087890625,0,0.146728515625
54.7729,0,0.1280517578125,0,-0.564453125,0,0.07965087890625,0,0.0711669921875
54.7826,0,0.0164337158203125,0,0.325927734375,0,-0.05047607421875,0,0.0711669921875
54.7874,0,0.0164337158203125,0,0.325927734375,0,-0.05047607421875,0,0.1685791015625
54.8011,0,0.07574462890625,0,0.2303466796875,0,0.0224456787109375,0,0.1685791015625
54.8159,0,0.07574462890625,0,0.2303466796875,0,0.0224456787109375,0,0.214599609375
54.8203,0,-0.275146484375,0,0.356201171875,0,0.0131072998046875,0,0.214599609375
54.8350,0,-0.275146484375,0,0.356201171875,0,0.0131072998046875,0,0.229248046875
54.8437,0,-0.184326171875,0,-0.27978515625,0,-0.024566650390625,0,0.229248046875
54.8475,0,-0.184326171875,0,-0.27978515625,0,-0.024566650390625,0,-0.10491943359375
54.8639,0,-0.24853515625,0,-0.27978515625,0,-0.032135009765625,0,-0.10491943359375
54.8743,0,-0.24853515625,0,-0.55615234375,0,-0.032135009765625,0,0.0911865234375
54.8860,0,0.1273193359375,0,0.325439453125,0,-0.03240966796875,0,0.0911865234375
54.8948,0,0.1273193359375,0,0.325439453125,0,-0.03240966796875,0,-0.034271240234375
54.9018,0,-0.29931640625,0,0.44921875,0,0.02032470703125,0,-0.034271240234375
54.9159,0,-0.29931640625,0,0.44921875,0,0.02032470703125,0,0.203857421875
54.9223,0,-0.0887451171875,0,0.44921875,0,0.03564453125,0,0.203857421875
54.9349,0,-0.0887451171875,0,0.3642578125,0,0.03564453125,0,0.203857421875
54.9411,0,0.19140625,0,0.3642578125,0,0.04156494140625,0,-0.035980224609375
54.9551,0,0.19140625,0,0.234375,0,0.04156494140625,0,-0.035980224609375
54.9630,0,0.19140625,0,0.234375,0,0.037322998046875,0,-0.27099609375
54.9747,0,0.11505126953125,0,0.28125,0,0.037322998046875,0,-0.27099609375
54.9811,0,0.11505126953125,0,0.28125,0,-0.00962066650390625,0,0.1236572265625
54.9950,0,-0.11517333984375,0,0.48388671875,0,-0.00962066650390625,0,0.1236572265625
54.9986,0,-0.09210205078125,0,0.48388671875,0,-0.00695037841796875,0,-0.09014892578125
55.0145,0,-0.09210205078125,0,0.21728515625,0,-0.00695037841796875,0,-0.09014892578125
55.0213,0,0.075927734375,0,0.21728515625,0,0.03961181640625,0,-0.285400390625
55.0316,0,0.075927734375,0,0.23681640625,0,0.03961181640625,0,-0.285400390625
55.0421,0,0.075927734375,0,0.23681640625,0,0.05755615234375,0,-0.2027587890625
55.0560,0,0.0924072265625,0,0.057281494140625,0,0.05755615234375,0,-0.2027587890625
55.0630,0,0.0924072265625,0,0.057281494140625,0,0.05755615234375,0,0.09637451171875
55.0744,0,-0.2188720703125,0,-0.1341552734375,0,-0.0208740234375,0,0.09637451171875
55.0808,0,-0.2188720703125,0,-0.1341552734375,0,0.0870361328125,0,0.0645751953125
55.0945,0,-0.1754150390625,0,-0.414306640625,0,0.0870361328125,0,0.0645751953125
55.1020,0,-0.1754150390625,0,-0.414306640625,0,-0.08526611328125,0,0.1661376953125
55.1122,0,0.09893798828125,0,0.31591796875,0,-0.08526611328125,0,0.1661376953125
55.1186,0,0.09893798828125,0,0.31591796875,0,-0.0289154052734375,0,0.1956787109375
55.1346,0,0.1024169921875,0,0.08154296875,0,-0.0289154052734375,0,0.1956787109375
55.1435,0,0.1024169921875,0,0.08154296875,0,-0.0491943359375,0,-0.316650390625
55.1542,0,0.11566162109375,0,-0.1572265625,0,-0.0491943359375,0,-0.316650390625
55.1632,0,0.11566162109375,0,-0.1572265625,0,0.0143585205078125,0,0.140625
55.1744,0,-0.08050537109375,0,0.2266845703125,0,0.0143585205078125,0,0.140625
55.1812,0,-0.08050537109375,0,0.2266845703125,0,0.024627685546875,0,0.14404296875
55.1960,0,-0.026458740234375,0,0.1673583984375,0,0.024627685546875,0,0.14404296875
55.2021,0,-0.026458740234375,0,0.1673583984375,0,0.007076263427734375,0,-0.10565185546875
55.2138,0,-0.04736328125,0,-0.943359375,0,0.007076263427734375,0,-0.10565185546875
55.2216,0,-0.04736328125,0,-0.943359375,0,0.007076263427734375,0,0.1339111328125
55.2343,0,0.04595947265625,0,-0.5185546875,0,-0.0234375,0,0.1339111328125
55.2421,0,0.04595947265625,0,-0.5185546875,0,-0.0234375,0,0.053497314453125
55.2542,0,-0.25341796875,0,0.317138671875,0,-0.026947021484375,0,0.053497314453125
55.2633,0,-0.25341796875,0,0.317138671875,0,-0.026947021484375,0,-0.1588134765625
55.2675,0,0.021209716796875,0,-0.251708984375,0,0.01800537109375,0,-0.1588134765625
55.2800,0,0.021209716796875,0,-0.251708984375,0,-0.034912109375,0,-0.1939697265625
55.2938,0,0.0576171875,0,0.4189453125,0,-0.034912109375,0,-0.1939697265625
55.3020,0,0.0576171875,0,0.4189453125,0,-0.034912109375,0,0.07122802734375
55.3172,0,0.01849365234375,0,-0.74169921875,0,0.052490234375,0,0.07122802734375
55.3236,0,0.01849365234375,0,-0.74169921875,0,0.052490234375,0,0.1441650390625
55.3290,0,0.057464599609375,0,0.394287109375,0,0.0309295654296875,0,0.1441650390625
55.3427,0,0.057464599609375,0,0.394287109375,0,0.0309295654296875,0,0.05255126953125
55.3484,0,-0.054962158203125,0,-0.400390625,0,-0.02081298828125,0,0.05255126953125
55.3612,0,-0.054962158203125,0,-0.400390625,0,-0.02081298828125,0,-0.2303466796875
55.3703,0,0.208984375,0,0.4814453125,0,0.035797119140625,0,-0.2303466796875
55.3824,0,0.208984375,0,0.4814453125,0,0.035797119140625,0,0.2005615234375
55.3876,0,0.16259765625,0,0.417724609375,0,0.03131103515625,0,0.2005615234375
55.4004,0,0.16259765625,0,0.417724609375,0,0.03131103515625,0,0.0396728515625
55.4087,0,-0.32470703125,0,0.28857421875,0,-0.01145172119140625,0,0.0396728515625
55.4189,0,-0.32470703125,0,0.28857421875,0,-0.01145172119140625,0,0.190185546875
55.4354,0,0.1571044921875,0,0.310791015625,0,0.0192718505859375,0,0.190185546875
55.4428,0,0.1571044921875,0,0.310791015625,0,0.0192718505859375,0,0.110595703125
55.4482,0,0.183837890625,0,0.310791015625,0,0.038482666015625,0,0.110595703125
55.4611,0,0.183837890625,0,-0.496826171875,0,0.038482666015625,0,0.110595703125
55.4738,0,0.183837890625,0,-0.496826171875,0,0.0321044921875,0,0.1556396484375
55.4816,0,-0.1357421875,0,0.410400390625,0,0.0321044921875,0,0.1556396484375
55.4939,0,-0.1357421875,0,0.410400390625,0,-0.07781982421875,0,-0.0347900390625
55.5015,0,-0.31005859375,0,0.04449462890625,0,-0.07781982421875,0,-0.0347900390625
55.5122,0,0.2325439453125,0,0.04449462890625,0,-0.0811767578125,0,0.06494140625
55.5219,0,0.2325439453125,0,0.4248046875,0,-0.0811767578125,0,0.06494140625
55.5336,0,0.2325439453125,0,0.4248046875,0,0.01427459716796875,0,0.2301025390625
55.5416,0,-0.1343994140625,0,0.3779296875,0,0.01427459716796875,0,0.2301025390625
55.5537,0,-0.1343994140625,0,0.3779296875,0,0.045379638671875,0,0.10284423828125
55.5637,0,0.075927734375,0,0.15087890625,0,0.045379638671875,0,0.10284423828125
55.5714,0,0.075927734375,0,0.15087890625,0,0.0516357421875,0,-0.24755859375
55.5821,0,0.045623779296875,0,0.08831787109375,0,0.0516357421875,0,-0.24755859375
55.5939,0,0.045623779296875,0,0.08831787109375,0,0.0396728515625,0,-0.0269012451171875
55.6014,0,0.1446533203125,0,-0.66357421875,0,0.0396728515625,0,-0.0269012451171875
55.6162,0,0.1446533203125,0,-0.66357421875,0,0.04296875,0,0.2208251953125
55.6210,0,-0.04766845703125,0,0.3447265625,0,0.04296875,0,0.2208251953125
55.6339,0,-0.04766845703125,0,0.3447265625,0,-0.0221710205078125,0,0.1866455078125
55.6417,0,-0.2154541015625,0,0.157958984375,0,-0.0221710205078125,0,0.1866455078125
55.6555,0,-0.2154541015625,0,0.157958984375,0,-0.0221710205078125,0,0.1839599609375
55.6634,0,0.2142333984375,0,-0.78759765625,0,0.054229736328125,0,0.1839599609375
55.6779,0,0.2142333984375,0,-0.78759765625,0,0.054229736328125,0,-0.042633056640625
55.6838,0,0.095458984375,0,0.45556640625,0,0.0031757354736328125,0,-0.042633056640625
55.6935,0,0.095458984375,0,0.45556640625,0,0.0031757354736328125,0,0.1900634765625
55.7021,0,-0.2196044921875,0,0.317626953125,0,-0.0182952880859375,0,0.1900634765625
55.7134,0,-0.2196044921875,0,0.317626953125,0,-0.0182952880859375,0,0.0322265625
55.7210,0,0.1514892578125,0,-0.5576171875,0,-0.0312347412109375,0,0.0322265625
55.7334,0,0.1514892578125,0,-0.5576171875,0,-0.0312347412109375,0,0.0767822265625
55.7411,0,-0.372802734375,0,0.082275390625,0,-0.06488037109375,0,0.0767822265625
55.7531,0,-0.372802734375,0,0.082275390625,0,-0.06488037109375,0,-0.03564453125
55.7595,0,-0.11114501953125,0,-0.68310546875,0,0.07916259765625,0,-0.03564453125
55.7734,0,-0.11114501953125,0,-0.68310546875,0,0.07916259765625,0,0.225341796875
55.7820,0,-0.047607421875,0,-0.64111328125,0,-0.033203125,0,0.225341796875
55.7933,0,-0.047607421875,0,-0.64111328125,0,-0.033203125,0,0.1240234375
55.8007,0,0.06414794921875,0,0.39111328125,0,-0.043670654296875,0,0.1240234375
55.8080,0,0.06414794921875,0,0.39111328125,0,-0.043670654296875,0,-0.08099365234375
55.8210,0,0.0509033203125,0,-0.34765625,0,0.07403564453125,0,-0.08099365234375
55.8333,0,0.0509033203125,0,-0.34765625,0,0.07403564453125,0,-0.35986328125
55.8400,0,0.036346435546875,0,0.264892578125,0,-0.056488037109375,0,-0.35986328125
55.8536,0,0.036346435546875,0,0.264892578125,0,-0.056488037109375,0,-0.343017578125
55.8596,0,-0.21240234375,0,-0.17724609375,0,-0.037078857421875,0,-0.343017578125
55.8731,0,-0.21240234375,0,-0.17724609375,0,-0.037078857421875,0,-0.0596923828125
55.8822,0,-0.07904052734375,0,-0.17724609375,0,0.0521240234375,0,-0.0596923828125
55.8935,0,-0.07904052734375,0,0.2164306640625,0,0.0521240234375,0,-0.0596923828125
55.8985,0,0.22412109375,0,0.2164306640625,0,0.046722412109375,0,0.090087890625
55.9136,0,0.22412109375,0,0.388916015625,0,0.046722412109375,0,0.090087890625
55.9187,0,0.167724609375,0,0.388916015625,0,-0.014068603515625,0,0.152099609375
55.9334,0,0.167724609375,0,-0.873046875,0,-0.014068603515625,0,0.152099609375
55.9419,0,0.167724609375,0,-0.873046875,0,0.09344482421875,0,0.2178955078125
55.9539,0,0.096923828125,0,-0.66162109375,0,0.09344482421875,0,0.2178955078125
55.9604,0,-0.21337890625,0,-0.66162109375,0,-0.0264739990234375,0,0.1541748046875
55.9755,0,-0.21337890625,0,0.413330078125,0,-0.0264739990234375,0,0.1541748046875
55.9825,0,0.0633544921875,0,0.413330078125,0,0.0301666259765625,0,0.1680908203125
55.9945,0,0.0633544921875,0,0.458984375,0,0.0301666259765625,0,0.1680908203125
56.0019,0,0.145263671875,0,0.458984375,0,0.0182952880859375,0,0.1953125
56.0141,0,0.145263671875,0,-0.2164306640625,0,0.0182952880859375,0,0.1953125
56.0178,0,0.145263671875,0,-0.2164306640625,0,-0.053009033203125,0,-0.1103515625
56.0349,0,-0.256103515625,0,0.489990234375,0,-0.053009033203125,0,-0.1103515625
56.0388,0,-0.256103515625,0,0.489990234375,0,0.0250244140625,0,0.09674072265625
56.0538,0,-0.22607421875,0,0.371337890625,0,0.0250244140625,0,0.09674072265625
56.0597,0,-0.22607421875,0,0.371337890625,0,0.0205078125,0,-0.048736572265625
56.0760,0,0.036590576171875,0,-0.37841796875,0,0.0205078125,0,-0.048736572265625
56.0835,0,0.09423828125,0,-0.37841796875,0,0.041717529296875,0,-0.320068359375
56.0965,0,0.09423828125,0,-0.0128936767578125,0,0.041717529296875,0,-0.320068359375
56.1034,0,0.09423828125,0,-0.0128936767578125,0,0.041717529296875,0,0.0977783203125
56.1159,0,-0.09759521484375,0,-0.17041015625,0,-0.0635986328125,0,0.0977783203125
56.1235,0,-0.09759521484375,0,-0.17041015625,0,-0.0635986328125,0,-0.143798828125
56.1356,0,-0.30859375,0,0.351806640625,0,0.08477783203125,0,-0.143798828125
56.1436,0,-0.30859375,0,0.351806640625,0,0.08477783203125,0,0.1112060546875
56.1547,0,-0.3759765625,0,-0.497802734375,0,0.03662109375,0,0.1112060546875
56.1629,0,-0.3759765625,0,-0.497802734375,0,0.03662109375,0,-0.0100250244140625
56.1752,0,-0.23388671875,0,0.2330322265625,0,-0.061126708984375,0,-0.0100250244140625
56.1829,0,-0.23388671875,0,0.2330322265625,0,-0.061126708984375,0,0.1258544921875
56.1947,0,0.11724853515625,0,-0.412109375,0,-0.04022216796875,0,0.1258544921875
56.2015,0,0.11724853515625,0,-0.412109375,0,-0.04022216796875,0,-0.050689697265625
56.2163,0,0.178955078125,0,-0.16455078125,0,0.0438232421875,0,-0.050689697265625
56.2241,0,0.178955078125,0,-0.16455078125,0,0.0438232421875,0,-0.2271728515625
56.2297,0,0.1474609375,0,0.0772705078125,0,0.05718994140625,0,-0.2271728515625
56.2425,0,0.1474609375,0,0.0772705078125,0,0.05718994140625,0,0.153564453125
56.2538,0,-0.142822265625,0,0.0726318359375,0,0.04656982421875,0,0.153564453125
56.2618,0,-0.142822265625,0,0.0726318359375,0,0.04656982421875,0,0.11456298828125
56.2759,0,-0.297119140625,0,0.25537109375,0,-0.053985595703125,0,0.11456298828125
56.2822,0,-0.297119140625,0,0.25537109375,0,-0.053985595703125,0,0.175537109375
56.2878,0,-0.1640625,0,0.09930419921875,0,-0.03363037109375,0,0.175537109375
56.3005,0,-0.1640625,0,0.09930419921875,0,-0.03363037109375,0,0.25390625
56.3170,0,0.040802001953125,0,-0.457275390625,0,-0.06536865234375,0,0.25390625
56.3245,0,0.040802001953125,0,-0.457275390625,0,-0.06536865234375,0,0.0616455078125
56.3348,0,0.2119140625,0,0.260986328125,0,0.00782012939453125,0,0.0616455078125
56.3430,0,0.2119140625,0,0.260986328125,0,0.00782012939453125,0,-0.07501220703125
56.3493,0,0.1871337890625,0,-0.5380859375,0,0.03289794921875,0,-0.07501220703125
56.3619,0,0.1871337890625,0,-0.5380859375,0,0.03289794921875,0,0.1363525390625
56.3684,0,-0.0672607421875,0,0.392822265625,0,0.0404052734375,0,0.1363525390625
56.3815,0,-0.0672607421875,0,0.392822265625,0,0.0404052734375,0,-0.062744140625
56.3894,0,-0.373779296875,0,-0.26953125,0,-0.0220489501953125,0,-0.062744140625
56.4022,0,-0.373779296875,0,-0.26953125,0,-0.0220489501953125,0,-0.0305023193359375
56.4129,0,0.17626953125,0,-0.26953125,0,0.06866455078125,0,-0.0305023193359375
56.4218,0,0.17626953125,0,0.4248046875,0,0.06866455078125,0,-0.0305023193359375
56.4327,0,0.17626953125,0,0.4248046875,0,0.0173492431640625,0,-0.23974609375
56.4423,0,0.05279541015625,0,0.392333984375,0,0.0173492431640625,0,-0.23974609375
56.4530,0,0.05279541015625,0,0.392333984375,0,0.0010156631469726562,0,0.18798828125
56.4626,0,-0.2305908203125,0,-0.603515625,0,0.0010156631469726562,0,0.18798828125
56.4676,0,0.0657958984375,0,-0.603515625,0,0.05389404296875,0,0.017181396484375
56.4807,0,0.0657958984375,0,-0.189208984375,0,0.05389404296875,0,0.017181396484375
56.4887,0,0.10302734375,0,-0.189208984375,0,0.0206298828125,0,0.1300048828125
56.5015,0,0.10302734375,0,0.07977294921875,0,0.0206298828125,0,0.1300048828125
56.5152,0,0.10302734375,0,0.07977294921875,0,-0.0301971435546875,0,0.0178070068359375
56.5219,0,0.13623046875,0,-0.2666015625,0,-0.0301971435546875,0,0.0178070068359375
56.5339,0,-0.1458740234375,0,-0.2666015625,0,-0.0491943359375,0,-0.33447265625
56.5428,0,-0.1458740234375,0,0.408447265625,0,-0.0491943359375,0,-0.33447265625
56.5542,0,-0.1458740234375,0,0.408447265625,0,-0.0491943359375,0,0.20361328125
56.5620,0,-0.30419921875,0,-0.59521484375,0,0.03155517578125,0,0.20361328125
56.5746,0,-0.30419921875,0,-0.59521484375,0,0.03155517578125,0,0.10736083984375
56.5821,0,0.12017822265625,0,0.162353515625,0,0.0179290771484375,0,0.10736083984375
56.5940,0,0.12017822265625,0,0.162353515625,0,0.049774169921875,0,-0.18994140625
56.6019,0,0.11895751953125,0,-0.447021484375,0,0.049774169921875,0,-0.18994140625
56.6144,0,0.11895751953125,0,-0.447021484375,0,0.049774169921875,0,-0.27099609375
56.6217,0,-0.25244140625,0,0.521484375,0,0.01166534423828125,0,-0.27099609375
56.6342,0,-0.25244140625,0,0.521484375,0,0.01166534423828125,0,0.169921875
56.6417,0,0.164794921875,0,-0.79052734375,0,0.046966552734375,0,0.169921875
56.6553,0,0.164794921875,0,-0.79052734375,0,0.046966552734375,0,0.174560546875
56.6630,0,0.1290283203125,0,-0.1839599609375,0,0.0364990234375,0,0.174560546875
56.6750,0,0.1290283203125,0,-0.1839599609375,0,0.0364990234375,0,-0.0701904296875
56.6819,0,0.174560546875,0,0.305908203125,0,0.06268310546875,0,-0.0701904296875
56.6942,0,0.174560546875,0,0.305908203125,0,0.06268310546875,0,-0.31591796875
56.7016,0,0.1556396484375,0,-0.041259765625,0,0.012664794921875,0,-0.31591796875
56.7134,0,0.1556396484375,0,-0.041259765625,0,0.012664794921875,0,0.1627197265625
56.7219,0,-0.303466796875,0,0.07763671875,0,-0.037933349609375,0,0.1627197265625
56.7338,0,-0.303466796875,0,0.07763671875,0,-0.037933349609375,0,-0.1590576171875
56.7391,0,-0.216064453125,0,0.2021484375,0,0.061431884765625,0,-0.1590576171875
56.7536,0,-0.216064453125,0,0.2021484375,0,0.061431884765625,0,0.138427734375
56.7615,0,0.0323486328125,0,0.05377197265625,0,0.02685546875,0,0.138427734375
56.7771,0,0.0323486328125,0,0.05377197265625,0,0.02685546875,0,0.10321044921875
56.7816,0,0.1236572265625,0,-0.0589599609375,0,-0.0288848876953125,0,0.10321044921875
56.7939,0,0.1236572265625,0,-0.0589599609375,0,-0.0288848876953125,0,-0.051544189453125
56.7996,0,0.204345703125,0,0.0233612060546875,0,0.04205322265625,0,-0.051544189453125
56.8139,0,0.204345703125,0,0.0233612060546875,0,0.04205322265625,0,0.0401611328125
56.8214,0,-0.2335205078125,0,0.0233612060546875,0,-0.050750732421875,0,0.0401611328125
56.8335,0,-0.2335205078125,0,-0.314208984375,0,-0.050750732421875,0,0.0401611328125
56.8422,0,-0.28564453125,0,0.346435546875,0,-0.09954833984375,0,0.0771484375
56.8534,0,-0.28564453125,0,0.346435546875,0,-0.09954833984375,0,-0.18603515625
56.8615,0,-0.2249755859375,0,0.39111328125,0,0.0823974609375,0,-0.18603515625
56.8732,0,-0.2249755859375,0,0.39111328125,0,0.0823974609375,0,-0.12744140625
56.8825,0,-0.2249755859375,0,0.39111328125,0,0.034423828125,0,-0.12744140625
56.8943,0,0.22265625,0,0.485595703125,0,0.034423828125,0,-0.12744140625
56.8994,0,-0.24853515625,0,-0.277587890625,0,0.0155487060546875,0,0.181640625
56.9133,0,-0.24853515625,0,-0.277587890625,0,0.0155487060546875,0,-0.23193359375
56.9208,0,-0.20751953125,0,0.06951904296875,0,0.01036834716796875,0,-0.23193359375
56.9334,0,-0.20751953125,0,0.06951904296875,0,0.01036834716796875,0,-0.120361328125
56.9411,0,-0.4794921875,0,0.11090087890625,0,-0.00933837890625,0,-0.120361328125
56.9534,0,-0.4794921875,0,0.11090087890625,0,-0.00933837890625,0,0.040740966796875
56.9596,0,-0.381103515625,0,0.11090087890625,0,0.12890625,0,0.040740966796875
56.9731,0,-0.381103515625,0,-0.3505859375,0,0.12890625,0,0.040740966796875
56.9823,0,-0.381103515625,0,-0.3505859375,0,0.12890625,0,-0.24658203125
56.9971,0,-0.31396484375,0,-0.52490234375,0,-0.08251953125,0,-0.24658203125
57.0029,0,-0.31396484375,0,-0.52490234375,0,-0.08251953125,0,0.12225341796875
57.0139,0,-0.10577392578125,0,0.16015625,0,-0.0216522216796875,0,0.12225341796875
57.0210,0,-0.10577392578125,0,0.16015625,0,0.090087890625,0,0.106201171875
57.0335,0,-0.15234375,0,0.393310546875,0,0.090087890625,0,0.106201171875
57.0383,0,-0.15234375,0,0.393310546875,0,0.00852203369140625,0,-0.317138671875
57.0530,0,-0.180419921875,0,-0.334228515625,0,0.00852203369140625,0,-0.317138671875
57.0584,0,-0.180419921875,0,-0.334228515625,0,-0.0173492431640625,0,0.1591796875
57.0731,0,0.1898193359375,0,0.40234375,0,-0.0173492431640625,0,0.1591796875
57.0836,0,0.1898193359375,0,0.40234375,0,-0.0173492431640625,0,-0.10455322265625
57.0930,0,0.1580810546875,0,-0.0268096923828125,0,-0.1268310546875,0,-0.10455322265625
57.1009,0,0.1580810546875,0,-0.0268096923828125,0,-0.1268310546875,0,-0.05853271484375
57.1142,0,-0.16943359375,0,-0.580078125,0,-0.0190887451171875,0,-0.05853271484375
57.1224,0,-0.16943359375,0,-0.580078125,0,-0.0190887451171875,0,0.07855224609375
57.1345,0,0.147705078125,0,0.271484375,0,0.03338623046875,0,0.07855224609375
57.1428,0,0.147705078125,0,0.271484375,0,0.03338623046875,0,-0.07818603515625
57.1555,0,-0.1671142578125,0,0.435791015625,0,0.1181640625,0,-0.07818603515625
57.1615,0,-0.1671142578125,0,0.435791015625,0,0.1181640625,0,0.1693115234375
57.1757,0,0.138427734375,0,0.37548828125,0,0.04638671875,0,0.1693115234375
57.1811,0,0.138427734375,0,0.37548828125,0,0.0560302734375,0,0.17138671875
57.1947,0,0.1483154296875,0,0.241455078125,0,0.0560302734375,0,0.17138671875
57.2016,0,0.1483154296875,0,0.241455078125,0,0.0560302734375,0,0.193115234375
57.2159,0,0.162353515625,0,0.138427734375,0,-0.0352783203125,0,0.193115234375
57.2193,0,0.162353515625,0,0.138427734375,0,-0.0352783203125,0,0.0830078125
57.2340,0,-0.2210693359375,0,-0.0657958984375,0,0.07806396484375,0,0.0830078125
57.2411,0,-0.2210693359375,0,-0.0657958984375,0,0.07806396484375,0,-0.2298583984375
57.2542,0,0.098388671875,0,0.1446533203125,0,0.0122222900390625,0,-0.2298583984375
57.2644,0,0.098388671875,0,0.1446533203125,0,0.0122222900390625,0,-0.10223388671875
57.2747,0,0.03448486328125,0,-0.262939453125,0,0.0511474609375,0,-0.10223388671875
57.2841,0,0.03448486328125,0,-0.262939453125,0,0.0511474609375,0,0.0841064453125
57.2931,0,-0.31884765625,0,-0.1693115234375,0,-0.0523681640625,0,0.0841064453125
57.2984,0,-0.31884765625,0,-0.1693115234375,0,-0.0523681640625,0,-0.2276611328125
57.3132,0,0.07476806640625,0,-0.11895751953125,0,0.04229736328125,0,-0.2276611328125
57.3207,0,0.07476806640625,0,-0.11895751953125,0,0.04229736328125,0,0.23779296875
57.3345,0,-0.269775390625,0,-0.057830810546875,0,0.0207672119140625,0,0.23779296875
57.3439,0,-0.269775390625,0,-0.057830810546875,0,0.0207672119140625,0,0.178955078125
57.3537,0,0.06292724609375,0,-0.5908203125,0,0.0552978515625,0,0.178955078125
57.3634,0,0.06292724609375,0,-0.5908203125,0,0.0552978515625,0,0.2430419921875
57.3685,0,-0.297119140625,0,0.52490234375,0,-0.0283355712890625,0,0.2430419921875
57.3827,0,-0.297119140625,0,0.52490234375,0,-0.0283355712890625,0,0.1644287109375
57.3883,0,0.159423828125,0,0.302978515625,0,0.1094970703125,0,0.1644287109375
57.4024,0,0.159423828125,0,0.302978515625,0,0.1094970703125,0,0.10223388671875
57.4097,0,-0.01458740234375,0,0.4853515625,0,-0.034698486328125,0,0.10223388671875
57.4225,0,-0.01458740234375,0,0.4853515625,0,-0.034698486328125,0,-0.034423828125
57.4310,0,0.11175537109375,0,0.4853515625,0,-0.017120361328125,0,-0.034423828125
57.4425,0,0.11175537109375,0,0.265625,0,-0.017120361328125,0,-0.034423828125
57.4510,0,0.1708984375,0,0.265625,0,0.055816650390625,0,0.036590576171875
57.4632,0,0.1708984375,0,0.30859375,0,0.055816650390625,0,0.036590576171875
57.4738,0,0.1351318359375,0,0.30859375,0,0.054718017578125,0,0.0999755859375
57.4817,0,0.1351318359375,0,0.056365966796875,0,0.054718017578125,0,0.0999755859375
57.4942,0,0.1351318359375,0,0.056365966796875,0,-0.07061767578125,0,0.06036376953125
57.5029,0,0.11907958984375,0,0.3701171875,0,-0.07061767578125,0,0.06036376953125
57.5158,0,0.11907958984375,0,0.3701171875,0,-0.03497314453125,0,-0.0095367431640625
57.5231,0,0.190185546875,0,0.437255859375,0,-0.03497314453125,0,-0.0095367431640625
57.5294,0,-0.372802734375,0,0.437255859375,0,0.03204345703125,0,0.07958984375
57.5421,0,-0.372802734375,0,0.061676025390625,0,0.03204345703125,0,0.07958984375
57.5479,0,-0.372802734375,0,0.061676025390625,0,-0.09033203125,0,-0.31787109375
57.5630,0,0.12176513671875,0,0.3193359375,0,-0.09033203125,0,-0.31787109375
57.5738,0,0.12176513671875,0,0.3193359375,0,0.08782958984375,0,0.16748046875
57.5832,0,0.0299835205078125,0,-0.35546875,0,0.08782958984375,0,0.16748046875
57.5953,0,0.0299835205078125,0,-0.35546875,0,-0.06475830078125,0,-0.2408447265625
57.6028,0,-0.09185791015625,0,0.406005859375,0,-0.06475830078125,0,-0.2408447265625
57.6080,0,-0.09185791015625,0,0.406005859375,0,-0.06658935546875,0,-0.220947265625
57.6229,0,0.190673828125,0,0.12384033203125,0,-0.06658935546875,0,-0.220947265625
57.6324,0,0.190673828125,0,0.12384033203125,0,-0.048004150390625,0,0.1448974609375
57.6432,0,0.11334228515625,0,-0.10284423828125,0,-0.048004150390625,0,0.1448974609375
57.6504,0,0.11334228515625,0,-0.10284423828125,0,0.0279083251953125,0,-0.105712890625
57.6626,0,0.1690673828125,0,0.450927734375,0,0.0279083251953125,0,-0.105712890625
57.6700,0,0.1690673828125,0,0.450927734375,0,0.0279083251953125,0,-0.06634521484375
57.6815,0,-0.0537109375,0,-0.70947265625,0,-0.0027675628662109375,0,-0.06634521484375
57.6885,0,-0.0537109375,0,-0.70947265625,0,0.066162109375,0,0.18505859375
57.6992,0,-0.07940673828125,0,0.486083984375,0,0.066162109375,0,0.18505859375
57.7118,0,-0.07940673828125,0,0.486083984375,0,0.0273590087890625,0,0.1640625
57.7182,0,-0.2008056640625,0,0.276123046875,0,0.0273590087890625,0,0.1640625
57.7343,0,-0.2008056640625,0,0.276123046875,0,-0.01490020751953125,0,-0.245849609375
57.7420,0,0.1346435546875,0,0.276123046875,0,-0.01490020751953125,0,-0.245849609375
57.7541,0,0.1346435546875,0,-0.315185546875,0,-0.01490020751953125,0,-0.245849609375
57.7639,0,-0.1768798828125,0,-0.1444091796875,0,0.007770538330078125,0,0.1866455078125
57.7740,0,-0.1768798828125,0,-0.1444091796875,0,0.03759765625,0,0.1884765625
57.7834,0,0.21533203125,0,-0.1444091796875,0,0.03759765625,0,0.1884765625
57.7942,0,0.21533203125,0,0.329345703125,0,0.03759765625,0,0.1884765625
57.8021,0,-0.105712890625,0,0.329345703125,0,-0.1041259765625,0,-0.0653076171875
57.8146,0,-0.105712890625,0,0.2587890625,0,-0.1041259765625,0,-0.0653076171875
57.8210,0,0.1053466796875,0,0.2587890625,0,-0.013427734375,0,0.20458984375
57.8341,0,0.1053466796875,0,0.37353515625,0,-0.013427734375,0,0.20458984375
57.8444,0,0.1053466796875,0,0.37353515625,0,0.03643798828125,0,0.15234375
57.8552,0,-0.41015625,0,-0.3798828125,0,0.03643798828125,0,0.15234375
57.8629,0,-0.296875,0,-0.3798828125,0,0.017333984375,0,0.2301025390625
57.8746,0,-0.296875,0,0.474365234375,0,0.017333984375,0,0.2301025390625
57.8832,0,0.150146484375,0,0.474365234375,0,0.02459716796875,0,0.138427734375
57.8950,0,0.150146484375,0,-0.26318359375,0,0.02459716796875,0,0.138427734375
57.9022,0,0.150146484375,0,-0.26318359375,0,0.102783203125,0,0.1104736328125
57.9148,0,0.250732421875,0,0.1785888671875,0,0.102783203125,0,0.1104736328125
57.9216,0,0.250732421875,0,0.1785888671875,0,-0.0298919677734375,0,0.0067138671875
57.9347,0,0.10009765625,0,-0.01512908935546875,0,-0.0298919677734375,0,0.0067138671875
57.9418,0,0.10009765625,0,-0.01512908935546875,0,-0.0860595703125,0,-0.15576171875
57.9543,0,-0.272705078125,0,0.3623046875,0,-0.0860595703125,0,-0.15576171875
57.9621,0,-0.272705078125,0,0.3623046875,0,-0.02447509765625,0,0.2049560546875
57.9737,0,0.2298583984375,0,-0.09954833984375,0,-0.02447509765625,0,0.2049560546875
57.9818,0,0.2298583984375,0,-0.09954833984375,0,-0.08453369140625,0,0.1375732421875
57.9935,0,0.18701171875,0,0.260009765625,0,-0.08453369140625,0,0.1375732421875
58.0015,0,0.18701171875,0,0.260009765625,0,-0.0364990234375,0,0.149658203125
58.0144,0,0.10382080078125,0,-0.3017578125,0,-0.0364990234375,0,0.149658203125
58.0214,0,0.10382080078125,0,-0.3017578125,0,-0.060333251953125,0,-0.0173797607421875
58.0337,0,-0.1820068359375,0,-0.359375,0,-0.060333251953125,0,-0.0173797607421875
58.0420,0,-0.1820068359375,0,-0.359375,0,-0.06011962890625,0,0.171142578125
58.0550,0,-0.06494140625,0,0.377685546875,0,-0.06011962890625,0,0.171142578125
58.0646,0,-0.06494140625,0,0.377685546875,0,0.079345703125,0,-0.07196044921875
58.0737,0,0.1201171875,0,0.44384765625,0,0.079345703125,0,-0.07196044921875
58.0818,0,0.1201171875,0,0.44384765625,0,0.03814697265625,0,-0.07196044921875
58.0942,0,0.10986328125,0,-0.6416015625,0,0.03814697265625,0,0.1729736328125
58.1021,0,0.10986328125,0,-0.6416015625,0,-0.0175323486328125,0,0.1729736328125
58.1142,0,0.201171875,0,0.258056640625,0,-0.0175323486328125,0,0.0254364013671875
58.1192,0,0.201171875,0,0.258056640625,0,-0.06298828125,0,-0.239990234375
58.1360,0,-0.262451171875,0,-0.3642578125,0,-0.06298828125,0,-0.239990234375
58.1430,0,-0.262451171875,0,-0.3642578125,0,-0.06890869140625,0,-0.239990234375
58.1475,0,0.125,0,0.380126953125,0,-0.06890869140625,0,-0.322021484375
58.1617,0,0.125,0,0.380126953125,0,-0.0418701171875,0,-0.322021484375
58.1685,0,-0.184326171875,0,-0.1656494140625,0,-0.0418701171875,0,0.2200927734375
58.1805,0,-0.184326171875,0,-0.1656494140625,0,-0.042755126953125,0,0.2200927734375
58.1925,0,0.19873046875,0,-0.548828125,0,-0.042755126953125,0,-0.0904541015625
58.1985,0,0.19873046875,0,-0.548828125,0,-0.0279693603515625,0,-0.0904541015625
58.2084,0,0.113037109375,0,0.39306640625,0,-0.0279693603515625,0,0.2056884765625
58.2236,0,0.113037109375,0,0.39306640625,0,0.0723876953125,0,0.1552734375
58.2336,0,-0.174072265625,0,-0.59228515625,0,0.0723876953125,0,0.1552734375
58.2437,0,-0.174072265625,0,-0.59228515625,0,-0.0645751953125,0,-0.2386474609375
58.2562,0,0.0631103515625,0,-0.13916015625,0,-0.0645751953125,0,-0.2386474609375
58.2600,0,0.0631103515625,0,-0.13916015625,0,0.007511138916015625,0,-0.2386474609375
58.2800,0,-0.25634765625,0,-0.13916015625,0,0.007511138916015625,0,-0.277099609375
58.2821,0,-0.25634765625,0,-0.357177734375,0,0.007511138916015625,0,-0.277099609375
58.2907,0,-0.2626953125,0,-0.357177734375,0,-0.02239990234375,0,0.23095703125
58.3024,0,-0.2626953125,0,0.09844970703125,0,-0.02239990234375,0,0.23095703125
58.3166,0,-0.165283203125,0,0.09844970703125,0,0.0161590576171875,0,-0.30712890625
58.3222,0,-0.165283203125,0,-0.0823974609375,0,0.0161590576171875,0,-0.30712890625
58.3275,0,-0.07659912109375,0,-0.0823974609375,0,0.04083251953125,0,0.185302734375
58.3439,0,-0.07659912109375,0,0.293701171875,0,0.04083251953125,0,0.185302734375
58.3529,0,-0.07659912109375,0,0.293701171875,0,0.0297088623046875,0,0.1527099609375
58.3617,0,-0.26318359375,0,0.26513671875,0,0.0297088623046875,0,0.1527099609375
58.3752,0,-0.2381591796875,0,0.26513671875,0,0.0189971923828125,0,0.1802978515625
58.3826,0,-0.2381591796875,0,-0.5263671875,0,0.0189971923828125,0,0.1802978515625
58.3875,0,0.04571533203125,0,-0.5263671875,0,0.003017425537109375,0,-0.0220489501953125
58.4021,0,0.04571533203125,0,-0.415283203125,0,0.003017425537109375,0,-0.0220489501953125
58.4153,0,-0.28369140625,0,-0.415283203125,0,-0.10589599609375,0,-0.26611328125
58.4231,0,-0.28369140625,0,-0.5634765625,0,-0.10589599609375,0,-0.26611328125
58.4362,0,-0.220947265625,0,-0.5634765625,0,0.045989990234375,0,0.212158203125
58.4431,0,-0.220947265625,0,0.275390625,0,0.045989990234375,0,0.212158203125
58.4546,0,-0.220947265625,0,0.275390625,0,-0.0765380859375,0,0.1357421875
58.4638,0,-0.1986083984375,0,0.402587890625,0,-0.0765380859375,0,0.1357421875
58.4723,0,-0.1986083984375,0,0.402587890625,0,-0.07708740234375,0,0.1357421875
58.4826,0,-0.27001953125,0,-0.3935546875,0,-0.07708740234375,0,-0.33642578125
58.4928,0,-0.27001953125,0,-0.3935546875,0,-0.04791259765625,0,-0.33642578125
58.5026,0,0.10687255859375,0,0.37060546875,0,-0.04791259765625,0,0.1495361328125
58.5075,0,0.10687255859375,0,0.37060546875,0,-0.030303955078125,0,0.1759033203125
58.5226,0,0.2117919921875,0,0.2724609375,0,-0.030303955078125,0,0.1759033203125
58.5363,0,0.2117919921875,0,0.2724609375,0,0.03253173828125,0,0.169921875
58.5406,0,0.0140380859375,0,-0.52978515625,0,0.03253173828125,0,0.169921875
58.5552,0,0.0140380859375,0,-0.52978515625,0,-0.060791015625,0,0.169921875
58.5616,0,0.188232421875,0,-0.52978515625,0,-0.060791015625,0,-0.244384765625
58.5751,0,0.188232421875,0,0.10211181640625,0,0.046234130859375,0,-0.244384765625
58.5829,0,-0.2156982421875,0,0.318115234375,0,0.046234130859375,0,0.2344970703125
58.5943,0,-0.2156982421875,0,0.318115234375,0,-0.051513671875,0,0.10498046875
58.6031,0,-0.2244873046875,0,-0.2958984375,0,-0.051513671875,0,0.10498046875
58.6136,0,-0.2244873046875,0,-0.2958984375,0,0.059478759765625,0,0.10498046875
58.6218,0,0.1561279296875,0,0.1778564453125,0,0.059478759765625,0,-0.1973876953125
58.6274,0,0.1561279296875,0,0.1778564453125,0,0.08843994140625,0,-0.1973876953125
58.6401,0,-0.2568359375,0,0.1778564453125,0,0.08843994140625,0,0.077392578125
58.6543,0,-0.2568359375,0,0.115478515625,0,-0.05950927734375,0,0.077392578125
58.6639,0,-0.0716552734375,0,0.115478515625,0,-0.05950927734375,0,0.0111541748046875
58.6769,0,-0.0716552734375,0,0.4052734375,0,0.03515625,0,0.0111541748046875
58.6849,0,0.12066650390625,0,0.33251953125,0,0.03515625,0,0.148193359375
58.6883,0,0.12066650390625,0,0.33251953125,0,0.0265045166015625,0,0.148193359375
58.7028,0,0.157470703125,0,0.33251953125,0,0.0265045166015625,0,0.1890869140625
58.7142,0,0.157470703125,0,0.029937744140625,0,0.029052734375,0,0.1890869140625
58.7192,0,0.04705810546875,0,0.029937744140625,0,0.029052734375,0,0.07525634765625
58.7322,0,0.04705810546875,0,0.2003173828125,0,0.029052734375,0,0.07525634765625
58.7415,0,0.138427734375,0,0.2003173828125,0,-0.04669189453125,0,0.01654052734375
58.7542,0,0.138427734375,0,0.2420654296875,0,-0.04669189453125,0,0.01654052734375
58.7620,0,0.138427734375,0,0.2420654296875,0,-0.0241546630859375,0,0.1854248046875
58.7749,0,-0.0589599609375,0,-0.39990234375,0,-0.0241546630859375,0,0.1854248046875
58.7792,0,0.1436767578125,0,-0.39990234375,0,-0.040252685546875,0,0.1451416015625
58.7945,0,0.1436767578125,0,0.033355712890625,0,-0.040252685546875,0,0.1451416015625
58.8015,0,0.1436767578125,0,0.033355712890625,0,0.02996826171875,0,0.1552734375
58.8144,0,-0.203857421875,0,-0.2705078125,0,0.02996826171875,0,0.1552734375
58.8239,0,-0.203857421875,0,-0.2705078125,0,-0.02313232421875,0,0.105224609375
58.8371,0,-0.1279296875,0,-0.61767578125,0,-0.02313232421875,0,0.105224609375
58.8423,0,-0.1279296875,0,-0.61767578125,0,0.1085205078125,0,-0.04229736328125
58.8547,0,0.11834716796875,0,0.4189453125,0,0.1085205078125,0,-0.04229736328125
58.8622,0,0.1551513671875,0,0.4189453125,0,0.0185546875,0,-0.12371826171875
58.8742,0,0.1551513671875,0,0.035858154296875,0,0.0185546875,0,-0.12371826171875
58.8831,0,0.1551513671875,0,0.035858154296875,0,-0.0640869140625,0,0.06427001953125
58.8947,0,0.03411865234375,0,-0.962890625,0,-0.0640869140625,0,0.06427001953125
58.9033,0,0.03411865234375,0,-0.962890625,0,0.054046630859375,0,0.1436767578125
58.9149,0,-0.06195068359375,0,0.2119140625,0,0.054046630859375,0,0.1436767578125
58.9223,0,-0.06195068359375,0,0.2119140625,0,0.038360595703125,0,0.1436767578125
58.9362,0,0.03082275390625,0,0.04425048828125,0,0.038360595703125,0,-0.0662841796875
58.9419,0,0.03082275390625,0,0.04425048828125,0,0.059356689453125,0,0.1241455078125
58.9542,0,-0.242919921875,0,-0.5966796875,0,0.059356689453125,0,0.1241455078125
58.9597,0,-0.242919921875,0,-0.5966796875,0,-0.031829833984375,0,0.1400146484375
58.9726,0,-0.065185546875,0,0.28173828125,0,-0.031829833984375,0,0.1400146484375
58.9819,0,-0.065185546875,0,0.28173828125,0,0.0269622802734375,0,0.1400146484375
58.9922,0,0.0382080078125,0,0.26904296875,0,0.0269622802734375,0,0.144775390625
59.0013,0,0.0382080078125,0,0.26904296875,0,0.035125732421875,0,0.144775390625
59.0161,0,0.034149169921875,0,-0.1973876953125,0,0.035125732421875,0,0.23974609375
59.0194,0,0.034149169921875,0,-0.1973876953125,0,0.019775390625,0,0.213134765625
59.0348,0,0.1409912109375,0,-0.456787109375,0,0.019775390625,0,0.213134765625
59.0399,0,0.1409912109375,0,-0.456787109375,0,0.0036792755126953125,0,0.213134765625
59.0492,0,-0.046234130859375,0,-0.475830078125,0,0.0036792755126953125,0,0.130126953125
59.0603,0,-0.046234130859375,0,-0.475830078125,0,-0.040618896484375,0,0.130126953125
59.0722,0,0.10614013671875,0,-0.475830078125,0,-0.040618896484375,0,-0.10162353515625
59.0793,0,0.10614013671875,0,0.310302734375,0,-0.052734375,0,-0.10162353515625
59.0919,0,-0.29931640625,0,0.310302734375,0,-0.052734375,0,0.0090484619140625
59.1014,0,-0.29931640625,0,-0.64404296875,0,-0.094970703125,0,0.0090484619140625
59.1127,0,-0.291748046875,0,-0.64404296875,0,-0.094970703125,0,0.23095703125
59.1203,0,-0.291748046875,0,0.370361328125,0,-0.01904296875,0,0.23095703125
59.1324,0,-0.1766357421875,0,0.370361328125,0,-0.01904296875,0,-0.3173828125
59.1409,0,-0.1766357421875,0,-0.5458984375,0,0.0231170654296875,0,-0.3173828125
59.1521,0,-0.1737060546875,0,-0.5458984375,0,0.0231170654296875,0,-0.349365234375
59.1599,0,-0.1737060546875,0,0.5087890625,0,0.0231170654296875,0,-0.349365234375
59.1721,0,-0.1551513671875,0,0.5087890625,0,-0.0032749176025390625,0,0.1456298828125
59.1798,0,-0.1551513671875,0,-0.403076171875,0,0.03155517578125,0,0.1456298828125
59.1890,0,0.0802001953125,0,-0.403076171875,0,0.03155517578125,0,0.1962890625
59.2003,0,0.0802001953125,0,0.055999755859375,0,-0.07708740234375,0,0.1962890625
59.2181,0,0.1387939453125,0,-0.1343994140625,0,-0.07708740234375,0,-0.0523681640625
59.2230,0,0.1387939453125,0,-0.1343994140625,0,-0.021514892578125,0,-0.0523681640625
59.2353,0,-0.2349853515625,0,-0.1343994140625,0,-0.021514892578125,0,-0.18359375
59.2440,0,-0.2349853515625,0,-0.580078125,0,-0.0418701171875,0,-0.18359375
59.2532,0,-0.120849609375,0,-0.580078125,0,-0.0418701171875,0,-0.04083251953125
59.2641,0,-0.120849609375,0,0.174072265625,0,-0.0418701171875,0,-0.04083251953125
59.2739,0,-0.120849609375,0,0.174072265625,0,-0.0287628173828125,0,0.19091796875
59.2817,0,-0.224365234375,0,-0.73046875,0,-0.0287628173828125,0,0.19091796875
59.2961,0,-0.224365234375,0,-0.73046875,0,0.06011962890625,0,0.133056640625
59.3030,0,0.032379150390625,0,0.34033203125,0,0.06011962890625,0,0.133056640625
59.3083,0,0.08746337890625,0,0.34033203125,0,-0.0156707763671875,0,-0.072265625
59.3212,0,0.08746337890625,0,0.39599609375,0,-0.0156707763671875,0,-0.072265625
59.3380,0,-0.02838134765625,0,0.39599609375,0,-0.053558349609375,0,-0.11920166015625
59.3429,0,-0.02838134765625,0,-0.10723876953125,0,-0.053558349609375,0,-0.11920166015625
59.3570,0,0.1015625,0,-0.10723876953125,0,0.070068359375,0,-0.1856689453125
59.3687,0,0.1015625,0,0.32763671875,0,0.070068359375,0,-0.1856689453125
59.3770,0,0.1015625,0,0.32763671875,0,-0.1016845703125,0,0.204833984375
59.3847,0,-0.09185791015625,0,0.46337890625,0,-0.1016845703125,0,0.204833984375
59.3995,0,-0.09185791015625,0,0.46337890625,0,-0.01519775390625,0,0.1434326171875
59.4029,0,0.11810302734375,0,-0.603515625,0,-0.01519775390625,0,0.1434326171875
59.4081,0,0.11810302734375,0,-0.603515625,0,0.04095458984375,0,0.0924072265625
59.4211,0,0.07275390625,0,0.256103515625,0,0.04095458984375,0,0.0924072265625
59.4285,0,0.07275390625,0,0.256103515625,0,0.018310546875,0,-0.11767578125
59.4414,0,-0.25634765625,0,-0.165771484375,0,0.018310546875,0,-0.11767578125
59.4550,0,-0.25634765625,0,-0.165771484375,0,0.042388916015625,0,-0.353271484375
59.4652,0,-0.326416015625,0,0.2396240234375,0,0.042388916015625,0,-0.353271484375
59.4690,0,-0.326416015625,0,0.2396240234375,0,0.05511474609375,0,0.2349853515625
59.4867,0,0.11041259765625,0,0.166748046875,0,0.05511474609375,0,0.2349853515625
59.4932,0,0.11041259765625,0,0.166748046875,0,-0.007564544677734375,0,-0.30419921875
59.4982,0,0.131103515625,0,-0.467041015625,0,-0.007564544677734375,0,-0.30419921875
59.5154,0,0.131103515625,0,-0.467041015625,0,-0.072021484375,0,-0.30419921875
59.5201,0,-0.1131591796875,0,0.09539794921875,0,-0.072021484375,0,0.1593017578125
59.5279,0,-0.1131591796875,0,0.09539794921875,0,0.060760498046875,0,0.1593017578125
59.5407,0,-0.0841064453125,0,-0.9755859375,0,0.060760498046875,0,0.276123046875
59.5558,0,-0.0841064453125,0,-0.9755859375,0,0.0226898193359375,0,0.276123046875
59.5594,0,0.06793212890625,0,-0.205078125,0,0.0226898193359375,0,0.0980224609375
59.5756,0,0.06793212890625,0,-0.205078125,0,-0.041229248046875,0,-0.1795654296875
59.5808,0,0.14306640625,0,0.1607666015625,0,-0.041229248046875,0,-0.1795654296875
59.5891,0,0.14306640625,0,0.1607666015625,0,0.035614013671875,0,-0.1795654296875
59.6031,0,-0.15771484375,0,0.370849609375,0,0.035614013671875,0,0.03271484375
59.6164,0,-0.15771484375,0,0.370849609375,0,-0.056610107421875,0,0.03271484375
59.6205,0,0.14501953125,0,0.370849609375,0,-0.056610107421875,0,-0.307373046875
59.6359,0,0.14501953125,0,0.40185546875,0,0.00988006591796875,0,-0.307373046875
59.6423,0,0.14501953125,0,0.40185546875,0,0.00988006591796875,0,0.0576171875
59.6475,0,-0.1312255859375,0,-0.55615234375,0,-0.07159423828125,0,0.0576171875
59.6625,0,0.0726318359375,0,-0.55615234375,0,-0.07159423828125,0,-0.1619873046875
59.6743,0,0.0726318359375,0,0.439208984375,0,0.09136962890625,0,-0.1619873046875
59.6811,0,0.1668701171875,0,0.439208984375,0,0.09136962890625,0,0.0447998046875
59.6951,0,0.1668701171875,0,0.322998046875,0,0.09136962890625,0,0.0447998046875
59.7049,0,0.1668701171875,0,0.322998046875,0,-0.030731201171875,0,0.2340087890625
59.7158,0,0.126953125,0,0.2484130859375,0,-0.030731201171875,0,0.2340087890625
59.7230,0,0.126953125,0,0.2484130859375,0,0.01271820068359375,0,-0.120849609375
59.7357,0,0.05865478515625,0,0.454833984375,0,0.01271820068359375,0,-0.120849609375
59.7428,0,0.05865478515625,0,0.454833984375,0,0.035369873046875,0,-0.06671142578125
59.7524,0,-0.28173828125,0,0.423583984375,0,0.035369873046875,0,-0.06671142578125
59.7625,0,-0.28173828125,0,0.423583984375,0,-0.04730224609375,0,-0.2177734375
59.7727,0,0.06243896484375,0,-0.404296875,0,-0.04730224609375,0,-0.2177734375
59.7841,0,0.06243896484375,0,-0.404296875,0,-0.032196044921875,0,0.008758544921875
59.7951,0,0.1490478515625,0,0.451904296875,0,-0.032196044921875,0,0.008758544921875
59.8030,0,0.1490478515625,0,0.451904296875,0,0.035491943359375,0,0.161865234375
59.8153,0,-0.0667724609375,0,-0.525390625,0,0.035491943359375,0,0.161865234375
59.8235,0,-0.0667724609375,0,-0.525390625,0,0.056396484375,0,-0.324951171875
59.8353,0,0.07537841796875,0,0.439208984375,0,0.056396484375,0,-0.324951171875
59.8427,0,0.07537841796875,0,0.439208984375,0,0.042205810546875,0,0.1409912109375
59.8568,0,-0.2548828125,0,-0.054840087890625,0,0.042205810546875,0,0.1409912109375
59.8585,0,-0.2548828125,0,-0.054840087890625,0,-0.01316070556640625,0,0.175537109375
59.8776,0,0.1646728515625,0,0.27685546875,0,-0.01316070556640625,0,0.175537109375
59.8841,0,0.1646728515625,0,0.27685546875,0,-0.04998779296875,0,0.238525390625
59.8921,0,-0.1729736328125,0,0.4248046875,0,-0.04998779296875,0,0.238525390625
59.9028,0,-0.1729736328125,0,0.4248046875,0,0.09051513671875,0,0.1585693359375
59.9150,0,0.0457763671875,0,0.41650390625,0,0.09051513671875,0,0.1585693359375
59.9218,0,0.0457763671875,0,0.41650390625,0,0.0274200439453125,0,0.047515869140625
59.9348,0,-0.254150390625,0,0.316650390625,0,0.0274200439453125,0,0.047515869140625
59.9410,0,-0.254150390625,0,0.316650390625,0,0.0272979736328125,0,0.047515869140625
59.9490,0,0.1329345703125,0,0.32470703125,0,0.0272979736328125,0,0.10430908203125
59.9627,0,0.1329345703125,0,0.32470703125,0,-0.0322265625,0,-0.125
59.9739,0,-0.210693359375,0,0.50390625,0,-0.0322265625,0,-0.125
