t,FR_rpm,FR_amp,FL_rpm,FL_amp,RR_rpm,RR_amp,RL_rpm,RL_amp
0.0000,0,0.03924560546875,0,0.27001953125,0,0.024444580078125,0,-0.0908203125
0.0089,0,4.11328125,0,0.27001953125,0,2.26953125,0,-0.0908203125
0.0162,0,4.11328125,0,4.7421875,0,2.26953125,0,2.892578125
0.0278,0,4.11328125,0,4.7421875,3,2.73828125,0,2.892578125
0.0374,-1,2.294921875,4,3.798828125,3,2.73828125,6,5.1328125
0.0483,-1,2.294921875,4,3.798828125,-2,3.505859375,6,5.1328125
0.0611,-5,3.0078125,-7,2.095703125,-2,3.505859375,-6,2.283203125
0.0697,-1,3.09375,-7,2.095703125,27,8.046875,-6,2.283203125
0.0812,-1,3.09375,17,6.88671875,27,8.046875,-6,2.283203125
0.0895,17,8.6171875,17,6.88671875,-25,0.900390625,3,5.328125
0.1016,17,8.6171875,-1,2.830078125,-25,0.900390625,3,5.328125
0.1100,17,8.6171875,-1,2.830078125,13,9.265625,-18,1.4296875
0.1220,10,8.265625,21,8.6328125,13,9.265625,-18,1.4296875
0.1301,10,8.265625,21,8.6328125,16,8.6640625,-12,1.435546875
0.1430,-9,3.189453125,-10,4.6875,16,8.6640625,-12,1.435546875
0.1492,-76,-4.71484375,-10,4.6875,6,6.75390625,16,8.5078125
0.1587,-76,-4.71484375,-151,9.390625,6,6.75390625,16,8.5078125
0.1713,-76,-4.71484375,-151,9.390625,6,6.75390625,-16,2.662109375
0.1822,-185,11.8671875,-174,7.796875,-26,2.833984375,-16,2.662109375
0.1906,-185,11.8671875,-174,7.796875,-26,2.833984375,-26,2.55859375
0.1993,-172,6.4765625,-19,6.09765625,3,11.4609375,-26,2.55859375
0.2125,-34,2.1484375,-19,6.09765625,13,9.25,-139,-12.6171875
0.2185,-34,2.1484375,-72,-1.3701171875,13,9.25,-139,-12.6171875
0.2306,-34,2.1484375,-72,-1.3701171875,13,9.25,-244,13.8046875
0.2382,-63,-0.1580810546875,-83,-0.8056640625,-93,-5.078125,-244,13.8046875
0.2503,-63,-0.1580810546875,-83,-0.8056640625,-93,-5.078125,-1,7.58984375
0.2597,-71,-0.267822265625,-83,-0.8056640625,-96,4.3359375,-1,7.58984375
0.2722,-71,-0.267822265625,-71,0.6904296875,-96,4.3359375,-59,-0.285888671875
0.2809,-73,-0.06060791015625,-71,0.6904296875,-26,7.1328125,-59,-0.285888671875
0.2955,-73,-0.06060791015625,-63,-0.74267578125,-26,7.1328125,-77,3.970703125
0.3027,-19,2.29296875,-17,0.265625,-12,5.453125,-77,3.970703125
0.3121,-19,2.29296875,-17,0.265625,-12,5.453125,-66,4.6015625
0.3217,-40,-0.71044921875,-24,-0.90576171875,5,-3.279296875,-66,4.6015625
0.3305,-40,-0.71044921875,-24,-0.90576171875,5,-3.279296875,5,-0.36669921875
0.3395,-21,-0.1292724609375,0,0.2374267578125,-3,-2.677734375,5,-0.36669921875
0.3523,-21,-0.1292724609375,0,0.2374267578125,-3,-2.677734375,0,0.052490234375
0.3628,0,-0.1458740234375,3,-0.30322265625,-10,-1.8486328125,0,0.052490234375
0.3688,0,-0.1458740234375,3,-0.30322265625,-10,-1.8486328125,-2,-0.258056640625
0.3791,0,0.044708251953125,3,-0.30322265625,9,-1.0048828125,-2,-0.258056640625
0.3885,0,0.044708251953125,6,-0.45849609375,9,-1.0048828125,0,0.02313232421875
0.4007,0,0.08184814453125,6,-0.45849609375,-1,-0.61767578125,0,0.02313232421875
0.4090,0,0.08184814453125,-1,0.1646728515625,-1,-0.61767578125,0,0.02313232421875
0.4205,0,0.08953857421875,-1,0.1646728515625,4,-0.46533203125,0,-0.0994873046875
0.4286,0,0.08953857421875,0,0.360107421875,4,-0.46533203125,0,-0.0994873046875
0.4412,0,0.073486328125,0,0.360107421875,-9,-0.257080078125,0,0.029296875
0.4481,0,0.073486328125,0,0.26220703125,-9,-0.257080078125,0,0.029296875
0.4559,0,-0.09893798828125,0,0.26220703125,0,-0.11639404296875,0,0.03466796875
0.4682,0,-0.09893798828125,3,0.1595458984375,0,-0.11639404296875,0,0.03466796875
0.4767,0,0.06787109375,3,0.1595458984375,0,-0.11639404296875,0,-0.20751953125
0.4877,0,0.06787109375,0,0.34716796875,0,-0.0268402099609375,0,0.1356201171875
0.4948,0,0.154541015625,0,0.34716796875,0,0.06304931640625,0,0.1356201171875
0.5095,0,0.154541015625,1,-0.1822509765625,0,0.06304931640625,0,-0.1893310546875
0.5170,0,-0.0188140869140625,1,-0.1822509765625,0,0.08489990234375,0,-0.1893310546875
0.5290,0,-0.0188140869140625,1,-0.43212890625,0,0.08489990234375,0,-0.1893310546875
0.5367,0,0.1094970703125,1,-0.43212890625,0,-0.0701904296875,0,-0.169677734375
0.5541,0,0.1094970703125,0,0.031890869140625,0,-0.0701904296875,0,-0.169677734375
0.5583,0,0.10675048828125,0,0.031890869140625,0,0.0704345703125,0,0.1614990234375
0.5713,0,0.10675048828125,0,0.317138671875,0,0.0704345703125,0,0.1614990234375
0.5778,0,0.09930419921875,0,0.317138671875,0,0.02801513671875,0,0.123046875
0.5897,0,0.09930419921875,2,0.254150390625,0,0.02801513671875,0,0.123046875
0.5984,0,-0.136474609375,2,0.254150390625,0,0.03106689453125,0,-0.087646484375
0.6092,0,-0.136474609375,0,0.463623046875,0,0.03106689453125,0,-0.033416748046875
0.6191,0,-0.139404296875,0,0.463623046875,0,0.006572723388671875,0,-0.033416748046875
0.6315,0,-0.139404296875,2,0.3720703125,0,0.006572723388671875,0,-0.033416748046875
0.6399,0,-0.1328125,2,0.3720703125,0,0.006572723388671875,0,-0.039825439453125
0.6507,0,-0.1328125,2,-0.830078125,0,-0.03619384765625,0,-0.039825439453125
0.6572,0,-0.07867431640625,2,-0.830078125,0,-0.03619384765625,0,0.040069580078125
0.6688,0,-0.07867431640625,1,-0.330078125,0,0.056365966796875,0,0.040069580078125
0.6766,0,0.0411376953125,1,-0.330078125,0,0.056365966796875,0,-0.13671875
0.6892,0,0.0411376953125,1,0.393798828125,0,-0.0253448486328125,0,-0.13671875
0.6986,0,0.059600830078125,1,0.393798828125,0,-0.0253448486328125,0,0.0916748046875
0.7090,0,0.059600830078125,0,-0.751953125,0,0.0245208740234375,0,0.0916748046875
0.7164,0,0.07037353515625,0,-0.751953125,0,0.0245208740234375,0,-0.01824951171875
0.7277,0,0.07037353515625,1,-0.1488037109375,0,0.006317138671875,0,-0.01824951171875
0.7381,0,0.07037353515625,1,-0.1488037109375,0,0.006317138671875,0,-0.135498046875
0.7491,0,0.06634521484375,2,0.063720703125,0,0.06304931640625,0,-0.135498046875
0.7576,0,0.06634521484375,2,0.063720703125,0,0.06304931640625,0,0.089599609375
0.7731,0,-0.025970458984375,1,0.51123046875,0,0.051239013671875,0,0.089599609375
0.7791,0,0.046356201171875,1,0.51123046875,0,0.051239013671875,0,-0.2269287109375
0.7909,0,0.046356201171875,2,0.58837890625,0,-0.0077362060546875,0,-0.2269287109375
0.7988,0,0.0799560546875,2,0.58837890625,0,-0.0077362060546875,0,0.129150390625
0.8099,0,0.0799560546875,0,-0.693359375,0,0.0234832763671875,0,0.129150390625
0.8221,0,-0.07159423828125,0,-0.693359375,0,0.0234832763671875,0,-0.2288818359375
0.8319,0,-0.07159423828125,2,0.404541015625,0,0.0145111083984375,0,-0.2288818359375
0.8417,0,-0.07159423828125,2,0.404541015625,0,0.0145111083984375,0,-0.122802734375
0.8545,0,0.0447998046875,-1,-0.03338623046875,0,0.0234527587890625,0,-0.122802734375
0.8605,0,0.0447998046875,-1,-0.03338623046875,0,0.0234527587890625,0,0.0653076171875
0.8706,0,0.11029052734375,0,0.39013671875,0,0.027587890625,0,0.0653076171875
0.8789,0,0.11029052734375,0,0.39013671875,0,0.027587890625,0,-0.055816650390625
0.8911,0,0.05816650390625,0,0.39013671875,0,0.052947998046875,0,-0.055816650390625
0.8990,0,0.05816650390625,0,0.070556640625,0,0.052947998046875,0,0.1329345703125
0.9106,0,0.0204925537109375,0,0.070556640625,0,-0.019195556640625,0,0.1329345703125
0.9231,0,0.0204925537109375,1,0.453125,0,-0.019195556640625,0,-0.184814453125
0.9342,0,0.0673828125,1,0.453125,0,-0.019195556640625,0,-0.184814453125
0.9399,0,0.0673828125,0,-0.5927734375,0,0.042144775390625,0,-0.1278076171875
0.9517,0,-0.0675048828125,0,-0.5927734375,0,0.042144775390625,0,-0.1278076171875
0.9591,0,-0.0675048828125,0,0.08245849609375,0,0.035308837890625,0,-0.18896484375
0.9710,0,0.045013427734375,0,0.08245849609375,0,0.06915283203125,0,-0.18896484375
0.9788,0,0.045013427734375,0,0.46826171875,0,0.06915283203125,0,0.1185302734375
0.9901,0,-0.07080078125,0,0.46826171875,0,0.09027099609375,0,0.1185302734375
1.0005,0,-0.07080078125,0,0.09222412109375,0,0.09027099609375,0,0.1185302734375
1.0105,0,0.06390380859375,0,0.09222412109375,0,-0.07696533203125,0,0.1282958984375
1.0205,0,0.06390380859375,0,0.3173828125,0,-0.07696533203125,0,0.1282958984375
1.0301,0,0.1041259765625,0,0.3173828125,0,-0.031097412109375,0,-0.205078125
1.0421,0,0.1041259765625,0,0.2384033203125,0,-0.031097412109375,0,-0.205078125
1.0534,0,-0.034332275390625,0,0.2384033203125,0,0.07769775390625,0,-0.04461669921875
1.0621,0,-0.034332275390625,0,0.1566162109375,0,0.07769775390625,0,-0.08892822265625
1.0721,0,0.0069732666015625,0,0.1566162109375,0,0.07769775390625,0,-0.08892822265625
1.0901,0,0.0069732666015625,0,0.17626953125,0,-0.0228424072265625,0,0.1395263671875
1.0952,0,0.052154541015625,0,0.17626953125,0,-0.0228424072265625,0,0.1395263671875
1.1063,0,0.052154541015625,0,-0.71826171875,0,-0.08349609375,0,0.1395263671875
1.1129,0,-0.0275726318359375,0,-0.71826171875,0,-0.08349609375,0,0.12298583984375
1.1336,0,-0.08734130859375,0,0.38818359375,0,0.08050537109375,0,0.054229736328125
1.1401,0,-0.08734130859375,0,0.2081298828125,0,0.061279296875,0,0.054229736328125
1.1527,0,0.0255279541015625,0,0.2081298828125,0,0.061279296875,0,-0.25732421875
1.1609,0,0.0255279541015625,0,-0.51416015625,0,-0.0266876220703125,0,-0.25732421875
1.1723,0,0.0255279541015625,0,-0.51416015625,0,-0.0266876220703125,0,-0.0216217041015625
1.1801,0,-0.03912353515625,0,0.357666015625,0,-0.01995849609375,0,-0.0216217041015625
1.1928,0,-0.03912353515625,0,0.357666015625,0,-0.01995849609375,0,0.130615234375
1.2002,0,-0.04803466796875,0,-0.3447265625,0,0.057159423828125,0,0.130615234375
1.2122,0,-0.04803466796875,0,-0.3447265625,0,0.057159423828125,0,0.06805419921875
1.2196,0,0.040252685546875,0,0.0770263671875,0,0.01434326171875,0,0.06805419921875
1.2325,0,0.040252685546875,0,0.0770263671875,0,0.01434326171875,0,-0.056488037109375
1.2418,0,0.047821044921875,0,2.212890625,0,3.25390625,0,-0.056488037109375
1.2523,0,0.047821044921875,0,2.212890625,0,3.25390625,0,2.4765625
1.2596,-2,1.6884765625,1,2.12890625,12,3.4453125,0,2.4765625
1.2710,-2,1.6884765625,1,2.12890625,12,3.4453125,-8,1.1220703125
1.2822,-17,0.04864501953125,1,2.12890625,-1,1.7109375,-8,1.1220703125
1.2942,-17,0.04864501953125,10,3.03125,-1,1.7109375,-21,0.1082763671875
1.3026,-23,0.61083984375,10,3.03125,-20,0.297607421875,-21,0.1082763671875
1.3152,-23,0.61083984375,-14,0.460693359375,-20,0.297607421875,-34,-0.63525390625
1.3240,-25,0.340087890625,-14,0.460693359375,25,5.37890625,-34,-0.63525390625
1.3345,-25,0.340087890625,-27,-0.1546630859375,25,5.37890625,-1,3.4921875
1.3434,-21,0.994140625,3,4.3671875,-7,0.6650390625,-1,3.4921875
1.3595,-3,1.9404296875,3,4.3671875,-13,-0.1207275390625,0,1.9521484375
1.3721,-3,1.9404296875,-16,-1.1083984375,-13,-0.1207275390625,0,1.9521484375
1.3791,-9,1.4990234375,-16,-1.1083984375,-7,0.87255859375,-35,-2.080078125
1.3913,-9,1.4990234375,-59,3.123046875,-7,0.87255859375,-35,-2.080078125
1.3999,14,4.75390625,-59,3.123046875,-7,0.87255859375,-73,3.240234375
1.4120,14,4.75390625,-64,2.203125,-1,3.130859375,-73,3.240234375
1.4203,-10,0.759765625,-64,2.203125,0,4.94921875,0,9.28125
1.4344,-10,0.759765625,-18,-1.6640625,0,4.94921875,0,9.28125
1.4416,16,6.390625,-18,-1.6640625,-2,2.216796875,-22,0.255126953125
1.4536,16,6.390625,-36,-0.61083984375,-2,2.216796875,-22,0.255126953125
1.4595,-50,-3.04296875,-36,-0.61083984375,-13,0.406494140625,-38,-0.5078125
1.4738,-50,-3.04296875,-42,-0.266845703125,-13,0.406494140625,-38,-0.5078125
1.4794,-102,5.4375,-42,-0.266845703125,-13,0.406494140625,-44,-0.468017578125
1.4915,-102,5.4375,0,7.97265625,5,5.125,-44,-0.468017578125
1.5013,-18,8.078125,0,7.97265625,5,5.125,-42,-0.05718994140625
1.5109,-18,8.078125,-26,-0.099365234375,-42,-1.68359375,-42,-0.05718994140625
1.5197,-18,8.078125,-26,-0.099365234375,-42,-1.68359375,-38,0.2000732421875
1.5310,-35,-0.12457275390625,-38,-0.1505126953125,15,4.7265625,-38,0.2000732421875
1.5423,-35,-0.12457275390625,-38,-0.1505126953125,15,4.7265625,-34,0.411376953125
1.5541,-37,0.11077880859375,-39,-0.10809326171875,-14,6.0078125,-34,0.411376953125
1.5632,-37,0.11077880859375,-39,-0.10809326171875,-14,6.0078125,-29,0.78662109375
1.5723,-36,0.229736328125,-37,0.07232666015625,-18,6.6875,-29,0.78662109375
1.5827,-36,0.229736328125,-37,0.07232666015625,-18,6.6875,-29,0.66455078125
1.5914,-37,0.08917236328125,-24,0.28662109375,-2,10.609375,-29,0.66455078125
1.6001,-38,0.161376953125,-24,0.28662109375,0,7.51953125,-31,0.407958984375
1.6131,-38,0.161376953125,-37,-0.0421142578125,0,7.51953125,-31,0.407958984375
1.6271,-36,0.1685791015625,-37,-0.0421142578125,-84,6.5703125,-31,0.477783203125
1.6316,-36,0.1685791015625,-38,-0.2247314453125,-84,6.5703125,-31,0.477783203125
1.6423,-36,0.1685791015625,-38,-0.2247314453125,-84,6.5703125,-31,0.347412109375
1.6546,-35,0.215087890625,-7,3.4296875,-59,-4.32421875,-31,0.347412109375
1.6605,-35,0.215087890625,-7,3.4296875,-59,-4.32421875,-32,0.1304931640625
1.6751,-21,1.1728515625,-7,3.4296875,-44,-2.650390625,-32,0.1304931640625
1.6805,-21,1.1728515625,-28,-0.434814453125,-44,-2.650390625,-32,0.09619140625
1.6933,-4,2.888671875,-28,-0.434814453125,-28,-0.9130859375,-32,0.09619140625
1.7043,-4,2.888671875,-33,0.30322265625,-28,-0.9130859375,-30,0.285888671875
1.7130,-1,2.37890625,-33,0.30322265625,-5,5.26171875,-30,0.285888671875
1.7215,-1,2.37890625,-34,-0.1552734375,-5,5.26171875,-29,0.36279296875
1.7341,-10,1.3876953125,-34,-0.1552734375,-6,6.43359375,-29,0.36279296875
1.7421,-10,1.3876953125,-32,0.20263671875,-6,6.43359375,-28,0.389404296875
1.7519,10,4.0,-32,0.20263671875,-3,7.1953125,-28,0.389404296875
1.7591,10,4.0,-19,0.251220703125,-3,7.1953125,-28,0.2646484375
1.7715,-9,0.6181640625,-19,0.251220703125,0,9.21875,-28,0.2646484375
1.7802,-9,0.6181640625,-34,-0.6591796875,0,9.21875,-28,0.32568359375
1.7948,15,5.4140625,-34,-0.6591796875,-49,-2.716796875,-28,0.32568359375
1.8014,15,5.4140625,-34,-0.309814453125,-49,-2.716796875,-29,0.253662109375
1.8143,-2,2.47265625,-34,-0.309814453125,-50,-3.265625,-29,0.253662109375
1.8220,-2,2.47265625,3,3.65625,-50,-3.265625,-27,0.476806640625
1.8330,-49,-3.759765625,3,3.65625,-48,-3.560546875,-27,0.476806640625
1.8428,-49,-3.759765625,-16,0.7216796875,-48,-3.560546875,-25,0.33837890625
1.8531,-100,5.6875,-16,0.7216796875,-27,-0.96875,-25,0.33837890625
1.8669,-100,5.6875,-28,0.7431640625,-27,-0.96875,-23,0.3955078125
1.8740,5,12.3515625,-28,0.7431640625,-13,2.619140625,-23,0.3955078125
1.8831,5,12.3515625,-25,0.8447265625,-13,2.619140625,-23,0.3955078125
1.8917,-21,-0.31884765625,-25,0.8447265625,-1,-3.427734375,-21,-0.415283203125
1.9027,-21,-0.31884765625,-13,0.26416015625,-1,-3.427734375,-21,-0.415283203125
1.9122,5,-0.032135009765625,-13,0.26416015625,-1,-3.427734375,0,0.160400390625
1.9243,5,-0.032135009765625,4,0.56201171875,12,-2.439453125,0,0.160400390625
1.9325,0,-0.07470703125,4,0.56201171875,-11,-1.2275390625,0,0.1719970703125
1.9443,0,-0.07470703125,0,0.190185546875,-11,-1.2275390625,0,0.1719970703125
1.9544,0,0.07806396484375,0,0.190185546875,6,-1.1171875,0,-0.06903076171875
1.9603,0,0.07806396484375,-2,0.3134765625,6,-1.1171875,0,-0.059539794921875
1.9737,0,0.04620361328125,-2,0.3134765625,-6,-0.449951171875,0,-0.059539794921875
1.9803,0,0.04620361328125,0,0.197509765625,-6,-0.449951171875,0,-0.059539794921875
1.9928,1,0.057373046875,0,0.197509765625,2,-0.3310546875,0,0.03778076171875
2.0005,1,0.057373046875,0,0.513671875,2,-0.3310546875,0,0.03778076171875
2.0119,1,0.057373046875,0,0.513671875,2,-0.3310546875,0,-0.03765869140625
2.0229,0,-0.102783203125,0,0.30322265625,0,-0.08160400390625,0,-0.03765869140625
2.0309,0,-0.102783203125,0,0.30322265625,0,-0.08160400390625,0,0.0341796875
2.0432,0,-0.056488037109375,0,0.22900390625,0,-0.048614501953125,0,0.0341796875
2.0507,0,-0.056488037109375,0,0.22900390625,0,-0.048614501953125,0,0.209228515625
2.0633,0,0.0032749176025390625,0,-0.1961669921875,-1,0.07861328125,0,0.209228515625
2.0703,0,0.0032749176025390625,0,-0.1961669921875,-3,0.031463623046875,0,-0.044189453125
2.0788,0,0.10797119140625,0,-0.17626953125,-3,0.031463623046875,0,-0.044189453125
2.0897,0,0.10797119140625,0,-0.17626953125,-5,-0.058868408203125,0,0.07342529296875
2.1055,0,0.07977294921875,0,0.4345703125,-5,-0.058868408203125,0,0.027740478515625
2.1116,0,-0.09375,0,0.4345703125,-1,-0.01971435546875,0,0.027740478515625
2.1210,0,-0.09375,0,0.556640625,-1,-0.01971435546875,0,0.027740478515625
2.1337,0,-0.11090087890625,0,0.556640625,0,0.04168701171875,0,-0.08740234375
2.1411,0,-0.11090087890625,0,-0.16357421875,0,0.04168701171875,0,-0.08740234375
2.1522,0,-0.11090087890625,0,-0.16357421875,0,0.04168701171875,0,-0.0169525146484375
2.1599,0,-0.029998779296875,0,0.41015625,-4,-0.0582275390625,0,-0.0169525146484375
2.1730,0,-0.029998779296875,0,0.41015625,-4,-0.0582275390625,0,0.11700439453125
2.1840,0,-0.11260986328125,0,0.41015625,-2,0.033782958984375,0,0.11700439453125
2.1919,0,-0.11260986328125,0,0.401123046875,-2,0.033782958984375,0,0.0887451171875
2.2073,0,-0.1171875,0,0.401123046875,-5,0.02008056640625,0,0.0887451171875
2.2129,0,-0.1171875,0,0.50830078125,-5,0.02008056640625,0,0.0906982421875
2.2261,0,-0.03466796875,0,0.50830078125,-6,0.0499267578125,0,0.0906982421875
2.2315,0,-0.03466796875,0,0.173828125,-6,0.0499267578125,0,-0.1331787109375
2.2423,0,-0.01528167724609375,0,0.20703125,-7,0.10992431640625,0,-0.1331787109375
2.2511,0,-0.01528167724609375,0,0.20703125,-7,0.10992431640625,0,-0.03692626953125
2.2643,0,0.08111572265625,0,0.07037353515625,0,-0.061370849609375,0,-0.03692626953125
2.2761,0,0.08111572265625,0,0.07037353515625,0,-0.061370849609375,0,0.074462890625
2.2827,0,0.09234619140625,0,0.07037353515625,0,0.07049560546875,0,0.074462890625
2.2927,0,0.09234619140625,0,0.4443359375,0,0.07049560546875,0,0.074462890625
2.3041,0,-0.07806396484375,0,0.4443359375,0,0.1033935546875,0,0.068603515625
2.3116,0,-0.07806396484375,0,0.51708984375,0,0.1033935546875,0,0.1927490234375
2.3212,0,0.062164306640625,0,0.51708984375,0,-0.04486083984375,0,0.1927490234375
2.3332,0,0.062164306640625,0,0.46142578125,0,-0.04486083984375,0,0.1927490234375
2.3412,0,0.117431640625,0,0.46142578125,0,0.030029296875,0,0.1162109375
2.3524,0,0.117431640625,0,0.533203125,0,0.030029296875,0,0.1162109375
2.3597,0,-0.07293701171875,0,0.533203125,0,-0.056610107421875,0,0.0183258056640625
2.3722,0,-0.07293701171875,0,0.346923828125,0,-0.056610107421875,0,0.0183258056640625
2.3791,0,0.121337890625,0,0.346923828125,0,0.032073974609375,0,0.1441650390625
2.3923,0,0.121337890625,0,0.3056640625,0,0.032073974609375,0,0.1441650390625
2.4007,0,-0.029571533203125,0,0.3056640625,-1,-0.06414794921875,0,-0.087890625
2.4142,0,-0.029571533203125,0,0.1903076171875,-1,-0.06414794921875,0,-0.087890625
2.4214,0,0.079345703125,0,0.1903076171875,0,0.046875,0,-0.0750732421875
2.4332,0,0.079345703125,0,0.48388671875,0,0.046875,0,-0.0750732421875
2.4422,0,0.079345703125,0,0.48388671875,0,0.0135345458984375,0,-0.10260009765625
2.4531,0,-0.032958984375,0,0.349609375,0,0.0135345458984375,0,-0.10260009765625
2.4604,0,-0.032958984375,0,0.349609375,0,3.490234375,0,-0.04461669921875
2.4733,0,3.919921875,0,2.947265625,0,3.490234375,0,-0.04461669921875
2.4811,0,2.2265625,0,2.947265625,19,0.4267578125,12,1.15625
2.4930,0,2.2265625,8,1.64453125,19,0.4267578125,12,1.15625
2.5012,10,1.3447265625,8,1.64453125,-36,8.3984375,31,-0.298828125
2.5134,10,1.3447265625,13,1.6015625,-36,8.3984375,31,-0.298828125
2.5212,10,1.3447265625,13,1.6015625,15,-0.37158203125,36,-0.10028076171875
2.5339,-5,3.740234375,-7,3.5078125,15,-0.37158203125,36,-0.10028076171875
2.5413,-5,3.740234375,-7,3.5078125,15,-0.37158203125,33,0.17333984375
2.5559,19,-1.1982421875,23,0.11871337890625,-25,7.8671875,33,0.17333984375
2.5629,19,-1.1982421875,23,0.11871337890625,-25,7.8671875,31,0.37060546875
2.5762,66,4.0546875,1,4.1796875,28,-0.6787109375,31,0.37060546875
2.5854,66,4.0546875,1,4.1796875,28,-0.6787109375,30,0.4375
2.6018,77,2.693359375,74,5.08203125,-15,5.80859375,28,0.53369140625
2.6092,24,0.625,90,3.6953125,2,1.203125,28,0.53369140625
2.6178,24,0.625,90,3.6953125,2,1.203125,26,0.70947265625
2.6290,33,-0.09686279296875,20,1.87109375,15,-0.08636474609375,26,0.70947265625
2.6400,33,-0.09686279296875,20,1.87109375,15,-0.08636474609375,31,0.051239013671875
2.6506,34,0.119873046875,38,0.67041015625,-1,0.8125,31,0.051239013671875
2.6592,34,0.119873046875,38,0.67041015625,-1,0.8125,30,0.1173095703125
2.6693,1,5.015625,39,0.55029296875,-10,4.83203125,30,0.1173095703125
2.6776,1,5.015625,39,0.55029296875,-10,4.83203125,26,0.591796875
2.6907,23,0.345947265625,39,0.55029296875,1,1.955078125,26,0.591796875
2.6980,23,0.345947265625,33,0.29736328125,1,1.955078125,25,0.478759765625
2.7093,32,-0.64111328125,9,1.369140625,-3,-0.230712890625,25,0.478759765625
2.7194,32,-0.64111328125,9,1.369140625,-3,-0.230712890625,27,0.166015625
2.7310,31,0.12457275390625,9,1.369140625,4,1.3779296875,27,0.166015625
2.7399,31,0.12457275390625,24,0.17138671875,4,1.3779296875,27,0.3984375
2.7516,30,0.136474609375,24,0.17138671875,-7,3.712890625,27,0.3984375
2.7592,30,0.136474609375,29,0.2303466796875,-7,3.712890625,25,-0.328125
2.7715,11,0.787109375,29,0.2303466796875,2,-0.1815185546875,25,-0.328125
2.7807,11,0.787109375,10,1.0673828125,2,-0.1815185546875,25,-0.328125
2.7932,22,2.587890625,10,1.0673828125,14,0.64208984375,24,0.30029296875
2.8019,22,2.587890625,24,-0.580078125,14,0.64208984375,24,0.30029296875
2.8129,0,0.097412109375,24,-0.580078125,2,-6.421875,0,-0.04449462890625
2.8215,0,0.097412109375,21,0.1798095703125,2,-6.421875,0,-0.04449462890625
2.8314,1,0.056976318359375,21,0.1798095703125,0,-4.4140625,0,-0.0299835205078125
2.8435,1,0.056976318359375,0,-0.2135009765625,0,-4.4140625,0,-0.0299835205078125
2.8526,1,0.056976318359375,0,-0.2135009765625,2,-2.98046875,0,-0.0167388916015625
2.8630,1,0.12939453125,0,-0.2252197265625,2,-2.98046875,0,-0.0167388916015625
2.8714,0,-0.08984375,0,-0.2252197265625,4,-2.021484375,0,-0.0830078125
2.8840,0,-0.08984375,0,-0.313720703125,4,-2.021484375,0,0.053802490234375
2.8900,1,-0.074951171875,0,-0.313720703125,-4,-1.0302734375,0,0.053802490234375
2.9038,1,-0.074951171875,0,-0.0297393798828125,-4,-1.0302734375,0,0.053802490234375
2.9099,0,0.01351165771484375,0,-0.0297393798828125,0,-0.9345703125,0,0.0682373046875
2.9225,0,0.01351165771484375,0,0.12017822265625,0,-0.9345703125,0,0.0682373046875
2.9306,1,0.10711669921875,0,0.12017822265625,2,-0.27392578125,0,-0.07904052734375
2.9403,1,0.10711669921875,0,0.038177490234375,2,-0.27392578125,0,-0.07904052734375
2.9501,1,0.10711669921875,0,0.038177490234375,3,-0.307861328125,0,0.061767578125
2.9624,1,-0.0343017578125,0,0.392333984375,3,-0.307861328125,0,0.061767578125
2.9709,1,-0.0343017578125,0,0.392333984375,3,-0.307861328125,0,0.1258544921875
2.9820,1,0.091796875,0,0.465576171875,0,-0.11334228515625,0,0.1258544921875
2.9905,1,0.091796875,0,0.465576171875,0,-0.11334228515625,0,-0.07342529296875
3.0017,2,-0.10845947265625,0,0.2607421875,0,0.03692626953125,0,-0.07342529296875
3.0093,2,-0.10845947265625,0,0.2607421875,0,-0.03875732421875,0,0.08770751953125
3.0240,3,-0.08587646484375,0,-0.323974609375,0,-0.03875732421875,0,0.08770751953125
3.0295,3,-0.08587646484375,0,-0.323974609375,0,3.326171875,0,0.51025390625
3.0390,-2,3.978515625,0,2.587890625,0,3.326171875,0,0.51025390625
3.0491,-2,3.978515625,0,2.587890625,0,1.9892578125,8,0.97509765625
3.0586,11,0.67578125,19,0.325439453125,0,1.9892578125,8,0.97509765625
3.0688,11,0.67578125,19,0.325439453125,0,1.9892578125,22,-0.08294677734375
3.0818,0,2.3515625,22,0.15576171875,0,2.015625,22,-0.08294677734375
3.0904,0,2.3515625,22,0.15576171875,0,2.015625,31,-0.309814453125
3.0978,18,-0.050140380859375,26,-0.345703125,4,1.7919921875,31,-0.309814453125
3.1166,32,-0.55078125,10,0.796875,20,0.1356201171875,30,0.06817626953125
3.1241,32,-0.55078125,10,0.796875,20,0.1356201171875,27,0.31005859375
3.1314,32,-0.55078125,10,0.796875,-17,3.552734375,27,0.31005859375
3.1450,41,0.388427734375,24,0.3759765625,-17,3.552734375,27,0.31005859375
3.1531,41,0.388427734375,24,0.3759765625,-17,3.552734375,25,0.63720703125
3.1611,-2,6.12109375,30,0.4306640625,1,0.7197265625,25,0.63720703125
3.1741,-2,6.12109375,30,0.4306640625,1,0.7197265625,27,0.576171875
3.1849,28,0.053131103515625,30,0.491455078125,14,-0.29296875,27,0.576171875
3.1933,28,0.053131103515625,30,0.491455078125,14,-0.29296875,28,0.2626953125
3.2031,34,-0.1201171875,0,2.642578125,9,1.0771484375,28,0.2626953125
3.2128,34,-0.1201171875,0,2.642578125,9,1.0771484375,27,0.69091796875
3.2193,35,0.1236572265625,20,0.2978515625,13,0.67333984375,27,0.69091796875
3.2313,35,0.1236572265625,20,0.2978515625,13,0.67333984375,3,2.349609375
3.2434,33,0.3115234375,34,-0.2275390625,19,-0.6767578125,3,2.349609375
3.2538,33,0.3115234375,34,-0.2275390625,19,-0.6767578125,30,-0.172119140625
3.2639,0,3.005859375,38,0.1292724609375,20,-0.72021484375,30,-0.172119140625
3.2755,0,3.005859375,38,0.1292724609375,20,-0.72021484375,46,-0.97119140625
3.2812,30,-0.156982421875,40,0.142822265625,6,1.10546875,46,-0.97119140625
3.2939,30,-0.156982421875,40,0.142822265625,6,1.10546875,50,-0.453369140625
3.3101,50,1.138671875,36,0.576171875,-5,8.4765625,50,-0.453369140625
3.3145,50,1.138671875,36,0.576171875,-5,8.4765625,45,0.03192138671875
3.3348,46,0.0168304443359375,36,0.53076171875,3,8.96875,40,0.517578125
3.3427,43,0.1795654296875,34,0.8994140625,8,5.9296875,40,0.517578125
3.3555,43,0.1795654296875,34,0.8994140625,8,5.9296875,35,0.54736328125
3.3670,-4,7.62109375,36,0.11773681640625,6,8.8984375,35,0.54736328125
3.3762,-4,7.62109375,36,0.11773681640625,6,8.8984375,33,0.703125
3.3873,13,1.419921875,36,0.11773681640625,1,9.765625,33,0.703125
3.3941,13,1.419921875,3,5.13671875,1,9.765625,33,0.703125
3.4029,33,0.160400390625,3,5.13671875,-6,8.7734375,32,0.17333984375
3.4153,33,0.160400390625,19,-0.61962890625,-6,8.7734375,32,0.17333984375
3.4247,36,-0.11370849609375,19,-0.61962890625,0,9.1640625,29,0.67919921875
3.4351,36,-0.11370849609375,30,0.2047119140625,0,9.1640625,29,0.67919921875
3.4444,-6,8.6015625,30,0.2047119140625,-9,8.640625,26,0.71826171875
3.4562,-6,8.6015625,36,-0.3310546875,-9,8.640625,26,0.71826171875
3.4612,41,1.744140625,36,-0.3310546875,17,-2.3046875,29,0.0733642578125
3.4747,41,1.744140625,34,0.130126953125,17,-2.3046875,29,0.0733642578125
3.4924,8,1.6220703125,14,0.8251953125,-13,6.484375,30,-0.227783203125
3.5035,8,1.6220703125,14,0.8251953125,12,-0.69384765625,28,0.1661376953125
3.5129,20,0.546875,27,-0.0946044921875,12,-0.69384765625,28,0.1661376953125
3.5189,33,0.93701171875,27,-0.0946044921875,0,3.443359375,26,0.08538818359375
3.5321,33,0.93701171875,29,1.263671875,0,3.443359375,26,0.08538818359375
3.5448,14,-0.032440185546875,29,1.263671875,1,-4.3828125,0,0.0972900390625
3.5542,14,-0.032440185546875,0,0.384033203125,1,-4.3828125,0,0.0972900390625
3.5670,14,-0.032440185546875,0,0.384033203125,25,-2.783203125,0,-0.1300048828125
3.5758,1,0.06591796875,-1,-0.450927734375,25,-2.783203125,0,-0.1300048828125
3.5830,1,0.06591796875,-1,-0.450927734375,11,-2.3125,0,-0.07379150390625
3.5950,1,0.1453857421875,0,-0.387451171875,11,-2.3125,0,-0.07379150390625
3.6051,1,0.1453857421875,0,-0.387451171875,11,-2.3125,0,-0.150634765625
3.6157,1,-0.06085205078125,0,-0.4580078125,-7,-1.4375,0,-0.150634765625
3.6268,1,-0.06085205078125,0,-0.4580078125,-7,-1.4375,0,0.1558837890625
3.6353,3,0.080078125,0,-0.265380859375,-32,-0.52392578125,0,0.1558837890625
3.6415,3,0.080078125,0,-0.265380859375,-28,-0.7060546875,0,0.10430908203125
3.6562,0,0.08648681640625,-1,-0.1175537109375,-28,-0.7060546875,0,0.10430908203125
3.6657,0,0.08648681640625,-1,-0.1175537109375,-25,-0.27490234375,0,0.1072998046875
3.6733,1,-0.0281829833984375,0,0.46142578125,-25,-0.27490234375,0,0.1072998046875
3.6855,1,-0.0281829833984375,0,0.46142578125,0,0.117431640625,0,-0.1890869140625
3.6940,0,-0.1253662109375,0,0.55322265625,0,0.117431640625,0,-0.1890869140625
3.7049,0,-0.1253662109375,0,0.55322265625,0,0.117431640625,0,-0.0465087890625
3.7144,0,0.07720947265625,0,0.0372314453125,0,0.031585693359375,0,-0.0465087890625
3.7266,0,0.07720947265625,0,0.0372314453125,0,0.031585693359375,0,0.10577392578125
3.7339,0,-0.09033203125,0,-0.07501220703125,0,0.0199127197265625,0,0.10577392578125
3.7461,0,-0.09033203125,0,-0.07501220703125,0,0.0199127197265625,0,0.09368896484375
3.7554,1,-0.055084228515625,0,-0.315673828125,0,0.060943603515625,0,0.09368896484375
3.7665,1,-0.055084228515625,0,-0.315673828125,0,0.060943603515625,0,-0.0225982666015625
3.7754,0,-0.148193359375,-4,-0.580078125,0,-0.038818359375,0,-0.0225982666015625
3.7859,0,-0.148193359375,-4,-0.580078125,0,-0.038818359375,0,-0.2119140625
3.7943,0,0.0159912109375,-4,0.23486328125,0,-0.10479736328125,0,-0.2119140625
3.8102,0,0.0159912109375,-4,0.23486328125,0,-0.10479736328125,0,-0.08819580078125
3.8145,0,-0.0194854736328125,-4,0.23486328125,0,-0.00829315185546875,0,-0.08819580078125
3.8337,0,0.059478759765625,2,-0.76806640625,0,-0.0270233154296875,0,0.17529296875
3.8468,0,0.059478759765625,0,-0.410888671875,0,-0.0270233154296875,0,0.17529296875
3.8524,0,-0.039520263671875,0,-0.410888671875,0,-0.0958251953125,0,-0.0181427001953125
3.8648,0,-0.039520263671875,-2,-0.1575927734375,0,-0.0958251953125,0,-0.0181427001953125
3.8752,0,-0.1260986328125,-2,-0.1575927734375,0,-0.037750244140625,0,-0.08502197265625
3.8850,0,-0.1260986328125,0,0.5595703125,0,-0.037750244140625,0,-0.08502197265625
3.8950,0,-0.1260986328125,0,0.5595703125,0,0.06988525390625,0,0.1383056640625
3.9063,0,-0.10748291015625,-2,0.01552581787109375,0,0.06988525390625,0,0.1383056640625
3.9160,0,-0.10748291015625,-2,0.01552581787109375,0,-0.053375244140625,0,0.14013671875
3.9276,0,-0.04559326171875,0,0.47412109375,0,-0.053375244140625,0,0.14013671875
3.9350,0,-0.04559326171875,0,0.47412109375,0,-0.0736083984375,0,0.0277862548828125
3.9473,0,0.060821533203125,1,0.1600341796875,0,-0.0736083984375,0,0.0277862548828125
3.9551,0,0.060821533203125,1,0.1600341796875,0,-0.082763671875,0,0.126220703125
3.9673,0,-0.04046630859375,2,0.77587890625,0,-0.082763671875,0,0.126220703125
3.9769,0,-0.04046630859375,2,0.77587890625,0,-0.06341552734375,0,0.134033203125
3.9853,0,-0.049407958984375,1,-0.445556640625,0,-0.06341552734375,0,0.134033203125
3.9955,0,-0.049407958984375,1,-0.445556640625,0,-0.00939178466796875,0,0.04791259765625
4.0106,0,-0.09832763671875,0,0.361572265625,0,-0.036651611328125,0,-0.0831298828125
4.0220,0,0.053436279296875,0,-0.453857421875,0,-0.036651611328125,0,-0.0831298828125
4.0302,0,0.053436279296875,0,-0.453857421875,0,0.005695343017578125,0,-0.1534423828125
4.0431,0,0.0982666015625,-4,-0.37353515625,0,0.005695343017578125,0,-0.1534423828125
4.0500,0,0.0982666015625,-4,-0.37353515625,0,0.005695343017578125,0,0.060089111328125
4.0587,0,-0.020172119140625,-2,-0.06109619140625,0,-0.059814453125,0,0.060089111328125
4.0709,0,-0.020172119140625,-2,-0.06109619140625,0,-0.059814453125,0,-0.061920166015625
4.0835,0,-0.045257568359375,-1,-0.061248779296875,0,-0.140380859375,0,-0.061920166015625
4.0920,0,-0.045257568359375,-1,-0.061248779296875,0,-0.140380859375,0,0.11651611328125
4.1016,0,-0.0872802734375,-2,-0.55859375,0,-0.03363037109375,0,0.11651611328125
4.1115,0,-0.0872802734375,-2,-0.55859375,0,-0.03363037109375,0,-0.2257080078125
4.1196,0,-0.06549072265625,-2,0.04205322265625,0,0.085205078125,0,-0.2257080078125
4.1349,0,-0.06549072265625,-2,0.04205322265625,0,-0.067626953125,0,0.1123046875
4.1454,0,-0.0560302734375,13,-0.1986083984375,0,-0.067626953125,0,0.1123046875
4.1554,0,-0.0560302734375,13,-0.1986083984375,0,-0.067626953125,0,0.173095703125
4.1660,0,-0.0288543701171875,13,-0.1986083984375,0,-0.09716796875,0,0.173095703125
4.1777,0,-0.0288543701171875,0,-0.068115234375,0,-0.09716796875,0,0.12158203125
4.1827,0,-0.06927490234375,-4,0.286376953125,0,-0.05255126953125,0,0.12158203125
4.1952,0,-0.06927490234375,-4,0.286376953125,0,-0.05255126953125,0,0.10845947265625
4.2118,0,-0.043670654296875,0,-0.284912109375,0,-0.047210693359375,0,0.10845947265625
4.2213,0,0.127685546875,0,-0.284912109375,0,-0.0386962890625,0,0.0295867919921875
4.2311,0,0.127685546875,-2,-0.41259765625,0,-0.0386962890625,0,0.0295867919921875
4.2373,0,-0.1083984375,-2,-0.41259765625,0,0.11920166015625,0,0.10064697265625
4.2507,0,-0.1083984375,-3,0.2286376953125,0,0.11920166015625,0,0.10064697265625
4.2607,0,-0.1083984375,-3,0.2286376953125,0,-0.10833740234375,0,0.06768798828125
4.2711,0,0.082763671875,0,0.01326751708984375,0,-0.10833740234375,0,0.06768798828125
4.2764,0,-0.1405029296875,0,0.01326751708984375,0,-0.0579833984375,0,-0.0950927734375
4.2900,0,-0.1405029296875,-2,-0.051177978515625,0,-0.0579833984375,0,-0.0950927734375
4.2959,0,-0.1405029296875,-2,-0.051177978515625,0,-0.032684326171875,0,-0.09649658203125
4.3110,0,0.040435791015625,-1,-0.1124267578125,0,-0.032684326171875,0,-0.09649658203125
4.3255,0,0.071533203125,-1,-0.1124267578125,0,-0.1044921875,0,0.0416259765625
4.3304,0,0.071533203125,-3,0.630859375,0,-0.1044921875,0,0.0416259765625
4.3431,0,0.071533203125,-3,0.630859375,0,0.00994873046875,0,-0.0457763671875
4.3518,0,-0.08251953125,1,-0.211181640625,0,0.00994873046875,0,-0.0457763671875
4.3610,0,-0.08251953125,1,-0.211181640625,0,-0.10809326171875,0,-0.151611328125
4.3730,0,-0.0391845703125,6,-0.293701171875,0,-0.10809326171875,0,-0.151611328125
4.3824,0,-0.0391845703125,6,-0.293701171875,0,-0.10809326171875,0,-0.16748046875
4.3939,0,0.09228515625,-1,-0.0723876953125,0,0.05865478515625,0,-0.16748046875
4.4031,0,0.09228515625,-1,-0.0723876953125,0,0.05865478515625,0,0.1474609375
4.4130,0,0.0433349609375,4,-0.17138671875,0,-0.0173187255859375,0,0.1474609375
4.4239,0,0.0433349609375,4,-0.17138671875,0,-0.0173187255859375,0,-0.0975341796875
4.4310,0,0.0821533203125,-1,-0.375,0,-0.0416259765625,0,-0.0975341796875
4.4435,0,0.0821533203125,-1,-0.375,0,-0.0308990478515625,0,-0.068603515625
4.4506,0,-0.06329345703125,-3,0.10205078125,0,-0.0308990478515625,0,-0.068603515625
4.4638,0,-0.06329345703125,-3,0.10205078125,0,-0.0308990478515625,0,0.11456298828125
4.4727,0,0.1275634765625,4,0.151611328125,0,0.073486328125,0,0.11456298828125
4.4816,0,0.1275634765625,4,0.151611328125,0,0.073486328125,0,0.13232421875
4.4920,0,-0.057952880859375,0,0.347412109375,0,-0.035980224609375,0,0.13232421875
4.5039,0,-0.057952880859375,0,0.347412109375,0,-0.035980224609375,0,-0.0247955322265625
4.5108,0,-0.050689697265625,1,0.84228515625,0,-0.01058197021484375,0,-0.0247955322265625
4.5218,0,-0.050689697265625,1,0.84228515625,0,-0.01058197021484375,0,-0.191162109375
4.5316,0,-0.087890625,0,-0.086669921875,0,-0.06884765625,0,-0.191162109375
4.5448,0,-0.087890625,0,-0.086669921875,0,-0.06884765625,0,0.1751708984375
4.5518,0,-0.06085205078125,0,-0.086669921875,0,-0.10980224609375,0,0.1751708984375
4.5644,0,-0.06085205078125,0,-0.2239990234375,0,-0.10980224609375,0,-0.017181396484375
4.5722,0,0.1134033203125,-1,-0.0965576171875,0,0.0188446044921875,0,-0.017181396484375
4.5841,0,0.1134033203125,-1,-0.0965576171875,0,0.0188446044921875,0,0.044952392578125
4.5928,0,-0.04644775390625,-1,0.197265625,0,-0.0226898193359375,0,0.044952392578125
4.6020,0,-0.04644775390625,-1,0.197265625,0,-0.0226898193359375,0,0.053131103515625
4.6120,0,-0.10205078125,-1,0.197265625,0,-0.047393798828125,0,0.053131103515625
4.6235,0,-0.10205078125,-1,-0.475830078125,0,-0.047393798828125,0,-0.048370361328125
4.6301,0,-0.048095703125,3,0.41015625,0,0.07891845703125,0,-0.048370361328125
4.6428,0,-0.048095703125,3,0.41015625,0,0.07891845703125,0,0.1585693359375
4.6497,0,-0.051300048828125,3,0.41015625,0,-0.01116180419921875,0,0.1585693359375
4.6588,0,-0.051300048828125,0,-0.1368408203125,0,-0.01116180419921875,0,0.05889892578125
4.6697,0,-0.06805419921875,0,-0.1368408203125,0,0.031982421875,0,0.05889892578125
4.6818,0,-0.06805419921875,-1,-0.038482666015625,0,0.031982421875,0,-0.01122283935546875
4.6887,0,-0.050689697265625,-1,-0.038482666015625,0,0.06414794921875,0,-0.01122283935546875
4.7024,0,-0.050689697265625,1,0.82666015625,0,0.06414794921875,0,-0.01122283935546875
4.7108,0,-0.05389404296875,1,0.82666015625,0,-0.0241241455078125,0,0.1434326171875
4.7180,0,-0.05389404296875,0,-0.40869140625,0,-0.0241241455078125,0,0.12347412109375
4.7304,0,-0.05389404296875,0,-0.40869140625,0,-0.09674072265625,0,0.12347412109375
4.7419,0,0.047637939453125,-1,-0.11798095703125,0,-0.09674072265625,0,0.05682373046875
4.7488,0,0.047637939453125,-1,-0.11798095703125,0,-0.056243896484375,0,0.05682373046875
4.7598,0,-0.0179901123046875,-1,-0.055267333984375,0,-0.056243896484375,0,0.05682373046875
4.7687,0,-0.0179901123046875,-1,-0.055267333984375,0,-0.056243896484375,0,-0.09808349609375
4.7797,0,0.038970947265625,0,-0.4560546875,0,-0.00858306884765625,0,-0.09808349609375
4.7898,0,0.038970947265625,0,-0.4560546875,0,-0.00858306884765625,0,0.1407470703125
4.8022,0,0.04583740234375,2,0.6201171875,0,0.030181884765625,0,0.1156005859375
4.8118,0,-0.1953125,2,0.6201171875,0,-0.02716064453125,0,0.1156005859375
4.8227,0,-0.1953125,0,0.1422119140625,0,-0.02716064453125,0,0.1156005859375
4.8312,0,-0.1953125,0,0.1422119140625,0,-0.02410888671875,0,-0.054779052734375
4.8426,0,-0.1607666015625,0,0.342529296875,0,-0.02410888671875,0,-0.054779052734375
4.8509,0,-0.1607666015625,0,0.342529296875,0,-0.02410888671875,0,-0.1778564453125
4.8606,0,-0.06829833984375,0,0.422607421875,0,-0.0145721435546875,0,-0.1778564453125
4.8705,0,-0.06829833984375,0,0.422607421875,0,-0.0145721435546875,0,-0.04730224609375
4.8801,0,-0.07733154296875,0,0.30810546875,0,-0.028350830078125,0,-0.04730224609375
4.8904,0,-0.07733154296875,0,0.30810546875,0,-0.028350830078125,0,-0.150390625
4.8960,0,-0.042388916015625,0,0.469970703125,0,-0.05352783203125,0,-0.150390625
4.9096,0,-0.042388916015625,0,0.469970703125,0,-0.05352783203125,0,-0.10723876953125
4.9231,0,-0.09478759765625,0,0.669921875,0,0.0584716796875,0,-0.10723876953125
4.9297,0,-0.09478759765625,0,0.669921875,0,0.0584716796875,0,0.1190185546875
4.9425,0,-0.059539794921875,0,-0.367919921875,0,-0.053009033203125,0,0.1190185546875
4.9495,0,-0.059539794921875,0,-0.367919921875,0,-0.053009033203125,0,0.1185302734375
4.9602,0,0.11865234375,0,-0.447021484375,0,-0.033050537109375,0,0.1185302734375
4.9704,0,0.11865234375,0,-0.447021484375,0,-0.033050537109375,0,0.03021240234375
4.9801,0,-0.046661376953125,0,-0.447021484375,0,-0.0223388671875,0,0.03021240234375
4.9902,0,-0.046661376953125,0,-0.359375,0,-0.0223388671875,0,0.053497314453125
4.9997,0,0.020843505859375,0,-0.359375,0,-0.0229034423828125,0,0.053497314453125
5.0101,0,0.020843505859375,-1,-0.41943359375,0,-0.0229034423828125,0,-0.2044677734375
5.0191,0,0.020843505859375,-1,-0.41943359375,0,0.036651611328125,0,-0.2044677734375
5.0293,0,0.109619140625,2,-0.86376953125,0,0.036651611328125,0,0.1126708984375
5.0391,0,0.01482391357421875,2,-0.86376953125,0,-0.020751953125,0,0.1126708984375
5.0488,0,0.01482391357421875,2,0.43798828125,0,-0.020751953125,0,-0.08551025390625
5.0601,0,-0.034423828125,2,0.43798828125,0,0.042266845703125,0,-0.08551025390625
5.0688,0,-0.034423828125,4,-0.85400390625,0,0.042266845703125,0,0.1259765625
5.0760,0,-0.050628662109375,1,0.611328125,0,-0.01806640625,0,0.1259765625
5.0868,0,-0.050628662109375,1,0.611328125,0,-0.01806640625,0,0.158935546875
5.1002,0,-0.05352783203125,1,-0.759765625,0,0.055908203125,0,0.158935546875
5.1089,0,-0.05352783203125,1,-0.759765625,0,0.055908203125,0,0.1590576171875
5.1185,0,-0.050506591796875,1,-0.759765625,0,-0.054229736328125,0,0.1590576171875
5.1284,0,-0.050506591796875,1,-0.72705078125,0,-0.054229736328125,0,0.08673095703125
5.1357,0,-0.03778076171875,0,-0.08428955078125,0,-0.07568359375,0,0.08673095703125
5.1511,0,-0.03778076171875,0,-0.08428955078125,0,-0.07568359375,0,-0.137939453125
5.1611,0,-0.09716796875,2,-0.2218017578125,0,-0.058380126953125,0,-0.137939453125
5.1677,0,-0.09716796875,2,-0.2218017578125,0,-0.058380126953125,0,0.1287841796875
5.1802,0,-0.09716796875,2,-0.2218017578125,0,-0.09112548828125,0,0.1287841796875
5.1892,0,0.041900634765625,-1,0.0670166015625,0,-0.09112548828125,0,0.10784912109375
5.1983,0,0.041900634765625,-1,0.0670166015625,0,-0.03338623046875,0,0.10784912109375
5.2084,0,-0.1087646484375,0,0.4306640625,0,-0.03338623046875,0,0.10784912109375
5.2180,0,-0.1087646484375,0,0.4306640625,0,0.0562744140625,0,-0.10784912109375
5.2271,0,0.02130126953125,0,0.41015625,0,0.0562744140625,0,-0.180908203125
5.2393,0,0.02130126953125,0,0.41015625,0,-0.041839599609375,0,-0.180908203125
5.2461,0,-0.051544189453125,0,0.058685302734375,0,-0.041839599609375,0,-0.180908203125
5.2548,0,-0.051544189453125,0,0.058685302734375,0,0.0156097412109375,0,-0.10198974609375
5.2670,0,-0.041717529296875,-2,-0.18359375,0,0.0156097412109375,0,-0.10198974609375
5.2769,0,-0.041717529296875,-2,-0.18359375,0,-0.02288818359375,0,0.1409912109375
5.2866,0,-0.059539794921875,0,0.318359375,0,-0.02288818359375,0,0.1409912109375
5.2987,0,-0.059539794921875,0,0.318359375,0,0.125732421875,0,0.1085205078125
5.3078,0,-0.08642578125,2,-0.85693359375,0,0.125732421875,0,0.1251220703125
5.3183,0,-0.08642578125,2,-0.85693359375,0,0.016845703125,0,0.1251220703125
5.3297,0,-0.06036376953125,0,-0.4599609375,0,0.016845703125,0,0.1251220703125
5.3414,0,-0.06036376953125,0,-0.4599609375,0,0.07373046875,0,0.1658935546875
5.3498,0,0.04193115234375,-8,-0.39501953125,0,0.07373046875,0,0.1658935546875
5.3592,0,0.04193115234375,-8,-0.39501953125,0,0.07373046875,0,0.061248779296875
5.3720,0,0.08319091796875,4,-0.52099609375,0,0.0198822021484375,0,0.061248779296875
5.3790,0,0.08319091796875,4,-0.52099609375,0,0.0198822021484375,0,0.14990234375
5.3893,0,-0.03326416015625,-6,-0.357177734375,0,0.05224609375,0,0.14990234375
5.4013,0,-0.03326416015625,-6,-0.357177734375,0,-0.004367828369140625,0,0.11236572265625
5.4104,0,0.07037353515625,-5,-0.09808349609375,0,-0.004367828369140625,0,0.11236572265625
5.4208,0,0.07037353515625,-5,-0.09808349609375,0,-0.004367828369140625,0,-0.2138671875
5.4279,0,-0.0677490234375,5,1.0400390625,0,-0.0731201171875,0,-0.2138671875
5.4411,0,-0.0677490234375,5,1.0400390625,0,-0.0731201171875,0,0.09710693359375
5.4474,0,-0.08349609375,-1,0.2366943359375,0,0.0278472900390625,0,0.09710693359375
5.4604,0,-0.08349609375,-1,0.2366943359375,0,0.0278472900390625,0,-0.1688232421875
5.4671,0,0.080322265625,-3,-0.2371826171875,0,0.058746337890625,0,-0.1688232421875
5.4805,0,0.080322265625,-3,-0.2371826171875,0,0.058746337890625,0,0.1639404296875
5.4901,0,-0.04840087890625,-5,-0.50537109375,0,-0.031890869140625,0,0.1639404296875
5.4990,0,-0.04840087890625,-5,-0.50537109375,0,-0.031890869140625,0,0.10650634765625
5.5092,0,-0.0501708984375,-3,-0.2042236328125,0,0.087158203125,0,0.10650634765625
5.5190,0,-0.0501708984375,-3,-0.2042236328125,0,0.087158203125,0,-0.1007080078125
5.5285,0,0.1429443359375,4,-0.2529296875,0,-0.08538818359375,0,-0.1007080078125
5.5442,0,0.1429443359375,4,-0.2529296875,0,-0.08538818359375,0,-0.11114501953125
5.5504,0,-0.11187744140625,-4,0.32275390625,0,-0.0155792236328125,0,-0.11114501953125
5.5603,0,-0.11187744140625,-4,0.32275390625,0,-0.0155792236328125,0,0.1402587890625
5.5707,0,-0.065185546875,-1,-0.243896484375,0,-0.0242767333984375,0,0.1402587890625
5.5801,0,-0.065185546875,-1,-0.243896484375,0,-0.0242767333984375,0,0.1419677734375
5.5890,0,0.1168212890625,1,0.2447509765625,0,-0.04107666015625,0,0.1419677734375
5.6003,0,0.1168212890625,1,0.2447509765625,0,-0.04107666015625,0,0.10260009765625
5.6088,0,0.1168212890625,1,0.2447509765625,0,0.04498291015625,0,0.10260009765625
5.6171,0,-0.10650634765625,3,0.9833984375,0,0.04498291015625,0,-0.0306549072265625
5.6283,0,-0.1492919921875,3,0.9833984375,0,-0.08721923828125,0,-0.0306549072265625
5.6421,0,-0.1492919921875,3,0.83984375,0,-0.08721923828125,0,0.0616455078125
5.6479,0,-0.1007080078125,3,0.83984375,0,-0.048583984375,0,0.0616455078125
5.6606,0,-0.1007080078125,2,-0.12335205078125,0,-0.048583984375,0,-0.1480712890625
5.6687,0,-0.04986572265625,1,-0.70947265625,0,-0.03192138671875,0,-0.1480712890625
5.6764,0,-0.04986572265625,1,-0.70947265625,0,-0.03192138671875,0,0.10675048828125
5.6884,0,-0.04986572265625,1,-0.70947265625,0,0.0484619140625,0,0.10675048828125
5.7007,0,-0.09002685546875,0,0.27197265625,0,0.0484619140625,0,0.02935791015625
5.7098,0,-0.026580810546875,0,-0.415283203125,0,0.08026123046875,0,0.02935791015625
5.7203,0,-0.026580810546875,0,-0.415283203125,0,0.08026123046875,0,0.063720703125
5.7293,0,-0.026580810546875,0,-0.415283203125,0,-0.0254669189453125,0,0.063720703125
5.7388,0,-0.08929443359375,0,-0.074462890625,0,-0.0254669189453125,0,-0.040069580078125
5.7485,0,0.029205322265625,0,-0.074462890625,0,-0.076904296875,0,-0.040069580078125
5.7583,0,0.029205322265625,1,0.8154296875,0,-0.076904296875,0,-0.040069580078125
5.7678,0,0.029205322265625,1,0.8154296875,0,-0.076904296875,0,0.064208984375
5.7780,0,-0.12353515625,0,-0.4921875,0,-0.00917816162109375,0,0.064208984375
5.7874,0,-0.12353515625,0,-0.4921875,0,-0.00917816162109375,0,-0.185791015625
5.7972,0,0.045684814453125,1,-0.325439453125,0,-0.06463623046875,0,-0.185791015625
5.8070,0,0.045684814453125,1,-0.325439453125,0,-0.06463623046875,0,0.1058349609375
5.8182,0,0.035400390625,-1,0.47119140625,0,-0.015228271484375,0,0.1058349609375
5.8287,0,0.035400390625,-1,0.47119140625,0,-0.015228271484375,0,0.09600830078125
5.8403,0,-0.06201171875,2,0.6396484375,0,0.025390625,0,0.09600830078125
5.8463,0,-0.06201171875,2,0.6396484375,0,0.025390625,0,-0.035308837890625
5.8591,0,-0.04022216796875,0,0.4638671875,0,0.03369140625,0,-0.035308837890625
5.8659,0,-0.04022216796875,0,0.4638671875,0,0.03369140625,0,-0.0987548828125
5.8788,0,-0.1015625,-1,-0.33056640625,0,0.0303192138671875,0,-0.0987548828125
5.8875,0,-0.1015625,-1,-0.33056640625,0,0.0303192138671875,0,-0.092529296875
5.8981,0,0.082275390625,-7,0.441650390625,0,0.016357421875,0,-0.092529296875
5.9078,0,0.082275390625,-7,0.441650390625,0,0.016357421875,0,-0.229248046875
5.9184,0,-0.030029296875,2,0.55126953125,0,-0.0372314453125,0,-0.229248046875
5.9283,0,-0.030029296875,2,0.55126953125,0,-0.0372314453125,0,0.032135009765625
5.9379,0,-0.12371826171875,-1,0.03887939453125,0,0.0244293212890625,0,0.032135009765625
5.9475,0,-0.12371826171875,-1,0.03887939453125,0,0.0244293212890625,0,-0.2431640625
5.9604,0,-0.0963134765625,4,0.62109375,0,-0.0596923828125,0,-0.2431640625
5.9657,0,-0.0963134765625,4,0.62109375,0,-0.0596923828125,0,-0.20361328125
5.9748,0,0.017730712890625,-1,-0.4013671875,0,0.00746917724609375,0,-0.20361328125
5.9852,0,0.017730712890625,-1,-0.4013671875,0,0.00746917724609375,0,0.08123779296875
5.9990,0,0.0325927734375,0,-0.265380859375,0,-0.00724029541015625,0,0.08123779296875
6.0079,0,0.0325927734375,0,-0.265380859375,0,-0.00724029541015625,0,0.1357421875
6.0187,0,-0.120361328125,0,-0.0177001953125,0,-0.013214111328125,0,0.1357421875
6.0289,0,-0.120361328125,0,-0.0177001953125,0,-0.013214111328125,0,-0.224853515625
6.0411,0,-0.0380859375,1,-0.25244140625,0,-0.07391357421875,0,-0.224853515625
6.0471,0,-0.0380859375,1,-0.25244140625,0,-0.07391357421875,0,0.1556396484375
6.0598,0,-0.0909423828125,-4,0.62255859375,0,0.0247802734375,0,0.1556396484375
6.0732,0,-0.0909423828125,-4,0.62255859375,0,0.0247802734375,0,-0.0357666015625
6.0801,0,-0.055206298828125,-4,0.62255859375,0,-0.0112457275390625,0,-0.0357666015625
6.0881,0,-0.055206298828125,1,0.32861328125,0,-0.0112457275390625,0,-0.039825439453125
6.0944,0,-0.053466796875,-6,-0.035919189453125,0,-0.07257080078125,0,-0.039825439453125
6.1070,0,-0.053466796875,-6,-0.035919189453125,0,-0.07257080078125,0,0.105224609375
6.1166,0,-0.053466796875,-6,-0.035919189453125,0,0.06451416015625,0,0.105224609375
6.1252,0,-0.05078125,6,0.043304443359375,0,0.06451416015625,0,0.09161376953125
6.1373,0,-0.05078125,6,0.043304443359375,0,-0.007022857666015625,0,0.09161376953125
6.1470,0,-0.08221435546875,0,0.2091064453125,0,-0.007022857666015625,0,-0.108154296875
6.1644,0,0.04559326171875,1,-0.499267578125,0,-0.0323486328125,0,-0.108154296875
6.1693,0,0.04559326171875,1,-0.499267578125,0,-0.0323486328125,0,-0.062225341796875
6.1834,0,-0.036865234375,1,-0.499267578125,0,0.0367431640625,0,-0.062225341796875
6.1883,0,-0.036865234375,1,-0.12420654296875,0,0.0367431640625,0,-0.062225341796875
6.1981,0,-0.036865234375,1,-0.12420654296875,0,0.027923583984375,0,0.03753662109375
6.2091,0,-0.175048828125,-1,-0.2335205078125,0,0.027923583984375,0,-0.04962158203125
6.2184,0,-0.175048828125,-1,-0.2335205078125,0,0.015167236328125,0,-0.04962158203125
6.2287,0,-0.0902099609375,2,0.6923828125,0,0.015167236328125,0,-0.04962158203125
6.2425,0,-0.0902099609375,2,0.6923828125,0,0.0282440185546875,0,-0.232421875
6.2481,0,0.0491943359375,-1,0.32568359375,0,0.0282440185546875,0,-0.232421875
6.2610,0,0.0491943359375,-1,0.32568359375,0,-0.0186767578125,0,-0.04254150390625
6.2658,0,-0.04498291015625,1,0.278076171875,0,-0.0186767578125,0,-0.04254150390625
6.2746,0,-0.04498291015625,1,0.278076171875,0,-0.01555633544921875,0,0.10321044921875
6.2855,0,-0.09942626953125,0,-0.6123046875,0,-0.01555633544921875,0,0.10321044921875
6.2965,0,-0.09942626953125,0,-0.6123046875,0,-0.047210693359375,0,-0.115234375
6.3085,0,-0.0919189453125,0,0.152587890625,0,-0.047210693359375,0,-0.115234375
6.3219,0,-0.0919189453125,0,0.152587890625,0,0.08465576171875,0,0.1400146484375
6.3295,0,0.0958251953125,0,-0.244384765625,0,0.08465576171875,0,0.1400146484375
6.3349,0,0.0958251953125,0,-0.244384765625,0,-0.035552978515625,0,-0.09576416015625
6.3486,0,-0.064697265625,0,-0.057281494140625,0,-0.035552978515625,0,-0.09576416015625
6.3612,0,-0.064697265625,0,-0.057281494140625,0,-0.029296875,0,-0.1612548828125
6.3671,0,-0.0248565673828125,0,-0.089599609375,0,-0.029296875,0,-0.1612548828125
6.3795,0,-0.0248565673828125,0,-0.089599609375,0,-0.029296875,0,-0.1431884765625
6.3901,0,-0.038665771484375,1,0.264404296875,0,0.0645751953125,0,-0.1431884765625
6.3992,0,-0.038665771484375,1,0.264404296875,0,0.0645751953125,0,-0.05712890625
6.4095,0,0.1070556640625,0,-0.212646484375,0,-0.058380126953125,0,-0.05712890625
6.4201,0,0.1070556640625,0,-0.212646484375,0,0.045562744140625,0,0.1365966796875
6.4278,0,0.125244140625,1,-0.7998046875,0,0.045562744140625,0,0.1365966796875
6.4405,0,0.125244140625,1,-0.7998046875,0,0.045562744140625,0,0.08282470703125
6.4469,0,-0.00946044921875,1,-0.7998046875,0,-0.08551025390625,0,0.08282470703125
6.4594,0,-0.00946044921875,0,0.34033203125,0,-0.08551025390625,0,0.08282470703125
6.4679,0,-0.08111572265625,0,0.34033203125,0,-0.08172607421875,0,-0.035736083984375
6.4776,0,-0.08111572265625,0,-0.38720703125,0,-0.08172607421875,0,-0.10400390625
6.4872,0,0.0667724609375,0,-0.38720703125,0,-0.006748199462890625,0,-0.10400390625
6.4985,0,0.0667724609375,-1,0.379150390625,0,-0.006748199462890625,0,0.116943359375
6.5090,0,-0.04345703125,0,-0.454833984375,0,-0.0804443359375,0,0.116943359375
6.5141,0,-0.04345703125,0,-0.454833984375,0,-0.0804443359375,0,-0.198486328125
6.5266,0,-0.04345703125,0,-0.454833984375,0,-0.051910400390625,0,-0.198486328125
6.5389,0,-0.08294677734375,0,-0.3798828125,0,-0.051910400390625,0,-0.08624267578125
6.5498,0,-0.08294677734375,0,-0.3798828125,0,-0.05303955078125,0,-0.08624267578125
6.5591,0,0.01416778564453125,3,-0.994140625,0,-0.05303955078125,0,-0.08624267578125
6.5705,0,-0.07318115234375,3,-0.994140625,0,-0.047271728515625,0,0.0295257568359375
6.5775,0,-0.07318115234375,-3,-0.521484375,0,-0.047271728515625,0,0.04449462890625
6.5906,0,-0.07318115234375,-3,-0.521484375,0,-0.053314208984375,0,0.04449462890625
6.6009,0,0.046173095703125,-4,-0.358642578125,0,-0.053314208984375,0,0.153076171875
6.6105,0,0.046173095703125,-4,-0.358642578125,0,-0.0202484130859375,0,0.153076171875
6.6217,0,-0.08270263671875,-3,-0.56103515625,0,-0.0202484130859375,0,0.153076171875
6.6290,0,-0.08270263671875,-3,-0.56103515625,0,-0.01262664794921875,0,-0.11663818359375
6.6418,0,-0.14453125,-1,0.423583984375,0,-0.01262664794921875,0,-0.11663818359375
6.6508,0,-0.14453125,-1,0.423583984375,0,0.0292205810546875,0,-0.1142578125
6.6633,0,0.1121826171875,0,-0.15673828125,0,0.0292205810546875,0,-0.1142578125
6.6693,0,0.1121826171875,0,-0.15673828125,0,-0.0601806640625,0,0.0679931640625
6.6808,0,-0.064208984375,-3,-0.225830078125,0,-0.0601806640625,0,0.0679931640625
6.6889,0,-0.064208984375,-3,-0.225830078125,0,-0.0362548828125,0,0.10296630859375
6.6988,0,-0.07781982421875,1,-0.1807861328125,0,-0.0362548828125,0,0.10296630859375
6.7095,0,-0.07781982421875,1,-0.1807861328125,0,-0.0361328125,0,0.113525390625
6.7182,0,-0.034515380859375,3,0.88720703125,0,-0.0361328125,0,0.113525390625
6.7269,0,-0.034515380859375,3,0.88720703125,0,0.047943115234375,0,0.12744140625
6.7400,0,-0.0295257568359375,0,-0.493896484375,0,0.047943115234375,0,0.12744140625
6.7469,0,-0.0295257568359375,0,-0.493896484375,0,-0.08184814453125,0,0.143798828125
6.7549,0,0.06646728515625,-2,-0.3720703125,0,-0.08184814453125,0,0.143798828125
6.7659,0,0.06646728515625,-2,-0.3720703125,0,-0.092529296875,0,0.1065673828125
6.7813,0,-0.0977783203125,0,-0.419677734375,0,-0.092529296875,0,0.1065673828125
6.7843,0,-0.0977783203125,0,-0.419677734375,0,-0.0289154052734375,0,-0.05908203125
6.7967,0,-0.07275390625,-1,-0.411865234375,0,-0.0289154052734375,0,-0.05908203125
6.8094,0,-0.07275390625,-1,-0.411865234375,0,0.113525390625,0,0.0022487640380859375
6.8155,0,0.103759765625,-3,0.359130859375,0,0.113525390625,0,0.0022487640380859375
6.8274,0,0.103759765625,-3,0.359130859375,0,0.113525390625,0,-0.2235107421875
6.8398,0,0.072998046875,0,0.0806884765625,0,-0.0196685791015625,0,-0.2235107421875
6.8485,0,0.072998046875,0,0.0806884765625,0,-0.0196685791015625,0,-0.2099609375
6.8601,0,0.06878662109375,0,0.0806884765625,0,-0.0302581787109375,0,-0.2099609375
6.8663,0,0.06878662109375,4,0.27294921875,0,-0.0302581787109375,0,0.062225341796875
6.8789,0,0.053863525390625,4,0.27294921875,0,-0.07037353515625,0,0.062225341796875
6.8861,0,0.053863525390625,0,-0.39501953125,0,-0.07037353515625,0,0.092529296875
6.8986,0,-0.0819091796875,0,-0.39501953125,0,-0.0565185546875,0,0.092529296875
6.9082,0,-0.0819091796875,-3,0.0709228515625,0,-0.0565185546875,0,-0.03424072265625
6.9185,0,0.09942626953125,-3,0.0709228515625,0,-0.0443115234375,0,-0.03424072265625
6.9290,0,0.09942626953125,0,-0.10284423828125,0,-0.0443115234375,0,-0.2198486328125
6.9362,0,0.01873779296875,0,-0.10284423828125,0,-0.07818603515625,0,-0.2198486328125
6.9488,0,0.01873779296875,0,0.448974609375,0,-0.07818603515625,0,0.07427978515625
6.9601,0,-0.049407958984375,0,0.448974609375,0,0.018646240234375,0,0.07427978515625
6.9668,0,-0.049407958984375,0,-0.1226806640625,0,0.018646240234375,0,0.060333251953125
6.9794,0,-0.049407958984375,0,-0.1226806640625,0,0.01068878173828125,0,0.060333251953125
6.9876,0,-0.01629638671875,0,-0.311767578125,0,0.01068878173828125,0,0.11566162109375
6.9974,0,-0.01629638671875,0,-0.311767578125,0,-0.01256561279296875,0,0.11566162109375
7.0079,0,0.048858642578125,1,0.08184814453125,0,-0.01256561279296875,0,0.06256103515625
7.0168,0,0.048858642578125,1,0.08184814453125,0,-0.08782958984375,0,0.06256103515625
7.0257,0,-0.1279296875,0,0.02166748046875,0,-0.08782958984375,0,-0.051177978515625
7.0364,0,-0.1279296875,0,0.02166748046875,0,-0.04638671875,0,-0.051177978515625
7.0468,0,0.08782958984375,-1,0.0770263671875,0,-0.04638671875,0,0.100341796875
7.0579,0,0.08782958984375,-1,0.0770263671875,0,-0.01110076904296875,0,0.100341796875
7.0661,0,-0.037109375,1,1.0126953125,0,-0.01110076904296875,0,0.100341796875
7.0776,0,-0.037109375,1,1.0126953125,0,-0.0653076171875,0,0.09661865234375
7.0859,0,-0.073974609375,-1,0.043121337890625,0,-0.0653076171875,0,0.09661865234375
7.0968,0,-0.073974609375,-1,0.043121337890625,0,-0.11273193359375,0,-0.1669921875
7.1057,0,0.078125,0,0.36279296875,0,-0.11273193359375,0,0.1563720703125
7.1171,0,0.078125,0,0.36279296875,0,-0.035064697265625,0,0.1563720703125
7.1257,0,-0.0531005859375,13,0.1905517578125,0,-0.035064697265625,0,0.1563720703125
7.1385,0,-0.0531005859375,13,0.1905517578125,0,0.0307159423828125,0,0.1390380859375
7.1454,0,-0.0191192626953125,-1,-0.352294921875,0,0.0307159423828125,0,0.1390380859375
7.1582,0,-0.0191192626953125,-1,-0.352294921875,0,-0.03973388671875,0,0.03973388671875
7.1698,0,-0.0633544921875,-4,0.65478515625,0,-0.03973388671875,0,-0.16552734375
7.1755,0,-0.0633544921875,-4,0.65478515625,0,-0.095458984375,0,-0.16552734375
7.1880,0,-0.0765380859375,0,0.31201171875,0,-0.095458984375,0,-0.16552734375
7.1980,0,-0.0765380859375,0,0.31201171875,0,-0.095458984375,0,-0.112548828125
7.2071,0,-0.0948486328125,0,0.265380859375,0,0.0286407470703125,0,-0.112548828125
7.2182,0,-0.0948486328125,0,0.265380859375,0,0.0286407470703125,0,0.09698486328125
7.2284,0,-0.0274658203125,-1,-0.2269287109375,0,0.033782958984375,0,0.09698486328125
7.2398,0,-0.0274658203125,-1,-0.2269287109375,0,0.033782958984375,0,-0.1689453125
7.2471,0,-0.08343505859375,0,-0.307861328125,0,0.0379638671875,0,-0.1689453125
7.2602,0,-0.08343505859375,0,-0.307861328125,0,0.0379638671875,0,0.03558349609375
7.2660,0,-0.04901123046875,-1,-0.36572265625,0,0.043792724609375,0,0.03558349609375
7.2788,0,-0.04901123046875,-1,-0.36572265625,0,0.043792724609375,0,0.11846923828125
7.2873,0,0.04998779296875,1,-0.919921875,0,-0.01139068603515625,0,0.11846923828125
7.2972,0,0.04998779296875,1,-0.919921875,0,-0.01139068603515625,0,-0.024871826171875
7.3087,0,0.052093505859375,1,-0.919921875,0,0.0372314453125,0,-0.024871826171875
7.3163,0,0.052093505859375,1,-0.252197265625,0,0.0372314453125,0,-0.20849609375
7.3266,0,-0.08453369140625,1,-0.252197265625,0,-0.0186767578125,0,-0.20849609375
7.3360,0,-0.08453369140625,0,-0.422119140625,0,-0.0186767578125,0,-0.1920166015625
7.3490,0,-0.0443115234375,3,-1.015625,0,-0.0138397216796875,0,-0.1920166015625
7.3558,0,-0.0443115234375,3,-1.015625,0,-0.0138397216796875,0,-0.1527099609375
7.3669,0,-0.0550537109375,3,-1.015625,0,0.0689697265625,0,-0.1527099609375
7.3799,0,-0.0550537109375,4,0.947265625,0,0.0689697265625,0,0.0826416015625
7.3869,0,-0.1351318359375,4,0.947265625,0,-0.041748046875,0,0.0826416015625
7.3993,0,-0.1351318359375,12,0.92578125,0,-0.041748046875,0,0.0826416015625
7.4089,0,-0.068603515625,12,0.92578125,0,0.022430419921875,0,-0.06732177734375
7.4171,0,-0.068603515625,1,-0.492919921875,0,0.022430419921875,0,0.167236328125
7.4308,0,-0.068603515625,1,-0.492919921875,0,-0.02691650390625,0,0.167236328125
7.4394,0,0.05950927734375,0,-0.5625,0,-0.02691650390625,0,0.1297607421875
7.4486,0,0.05950927734375,0,-0.5625,0,-0.0251312255859375,0,0.1297607421875
7.4594,0,-0.09552001953125,0,-0.347900390625,0,-0.0251312255859375,0,0.1297607421875
7.4660,0,-0.09552001953125,0,-0.347900390625,0,-0.055938720703125,0,0.1444091796875
7.4786,0,-0.08270263671875,4,0.270263671875,0,-0.055938720703125,0,0.1444091796875
7.4856,0,-0.08270263671875,4,0.270263671875,0,-0.0726318359375,0,-0.06622314453125
7.4982,0,-0.07568359375,-3,0.07391357421875,0,-0.0726318359375,0,-0.06622314453125
7.5091,0,-0.07568359375,-3,0.07391357421875,0,-0.04669189453125,0,0.07611083984375
7.5174,0,0.1573486328125,1,-0.609375,0,-0.04669189453125,0,0.07611083984375
7.5274,0,0.1573486328125,1,-0.609375,0,-0.06597900390625,0,0.09698486328125
7.5438,0,-0.0159149169921875,0,-0.20556640625,0,-0.06597900390625,0,0.09698486328125
7.5494,0,-0.0159149169921875,0,-0.20556640625,0,0.043914794921875,0,0.1429443359375
7.5602,0,-0.040771484375,2,-0.1832275390625,0,0.043914794921875,0,0.1429443359375
7.5684,0,-0.040771484375,2,-0.1832275390625,0,-0.0452880859375,0,-0.048553466796875
7.5786,0,-0.0240936279296875,1,-0.62255859375,0,-0.0452880859375,0,-0.048553466796875
7.5885,0,-0.0240936279296875,1,-0.62255859375,0,-0.048065185546875,0,0.1197509765625
7.5964,0,-0.0712890625,0,-0.3388671875,0,-0.048065185546875,0,0.1197509765625
7.6085,0,-0.0712890625,0,-0.3388671875,0,0.038818359375,0,-0.2294921875
7.6192,0,-0.10906982421875,0,0.51611328125,0,0.038818359375,0,-0.2294921875
7.6263,0,-0.10906982421875,0,0.51611328125,0,0.038818359375,0,0.099853515625
7.6411,0,0.06964111328125,0,0.32666015625,0,-0.0252685546875,0,0.099853515625
7.6467,0,0.06964111328125,0,0.32666015625,0,-0.0252685546875,0,-0.18212890625
7.6544,0,-0.04443359375,-2,-0.45751953125,0,-0.0770263671875,0,-0.18212890625
7.6665,0,-0.04443359375,-2,-0.45751953125,0,-0.097900390625,0,0.0804443359375
7.6788,0,-0.10302734375,-2,-0.45751953125,0,-0.097900390625,0,0.0804443359375
7.6872,0,-0.10302734375,3,-0.1568603515625,0,-0.0994873046875,0,-0.12548828125
7.6978,0,0.033782958984375,2,0.171630859375,0,-0.0994873046875,0,-0.12548828125
7.7083,0,0.033782958984375,2,0.171630859375,0,0.0282745361328125,0,0.09649658203125
7.7145,0,0.0682373046875,1,-0.46337890625,0,0.0282745361328125,0,0.09649658203125
7.7266,0,0.0682373046875,1,-0.46337890625,0,0.0282745361328125,0,0.05352783203125
7.7389,0,-0.07672119140625,0,0.55859375,0,-0.06243896484375,0,0.05352783203125
7.7463,0,-0.07672119140625,0,0.55859375,0,-0.06243896484375,0,0.1400146484375
7.7614,0,0.05877685546875,0,0.55859375,0,0.06500244140625,0,0.1400146484375
7.7669,0,0.05877685546875,-2,-0.420166015625,0,0.06500244140625,0,0.10626220703125
7.7780,0,0.09149169921875,-2,-0.420166015625,0,-0.06304931640625,0,0.10626220703125
7.7867,0,0.09149169921875,0,-0.28515625,0,-0.06304931640625,0,0.10626220703125
7.7963,0,-0.049713134765625,0,-0.28515625,0,-0.0533447265625,0,0.025054931640625
7.8045,0,-0.049713134765625,0,-0.392333984375,0,-0.0533447265625,0,0.09783935546875
7.8168,0,0.047454833984375,0,-0.392333984375,0,-0.00982666015625,0,0.09783935546875
7.8265,0,0.047454833984375,0,-0.5869140625,0,-0.00982666015625,0,0.06451416015625
7.8334,0,0.0291748046875,0,-0.5869140625,0,-0.05743408203125,0,0.06451416015625
7.8483,0,0.0291748046875,-2,-0.11041259765625,0,-0.05743408203125,0,0.06451416015625
7.8597,0,-0.02001953125,-2,-0.11041259765625,0,-0.0295562744140625,0,-0.0171051025390625
7.8660,0,-0.02001953125,4,-0.58251953125,0,-0.0295562744140625,0,-0.0171051025390625
7.8790,0,-0.137939453125,4,-0.58251953125,0,0.038482666015625,0,-0.19189453125
7.8857,0,-0.137939453125,-1,-0.2147216796875,0,0.038482666015625,0,-0.19189453125
7.8953,0,-0.06146240234375,-1,-0.2147216796875,0,-0.0106353759765625,0,-0.0924072265625
7.9081,0,-0.06146240234375,5,-0.794921875,0,-0.0106353759765625,0,-0.0924072265625
7.9183,0,-0.0251007080078125,5,-0.794921875,0,0.0306854248046875,0,0.0792236328125
7.9276,0,-0.0251007080078125,0,-0.231689453125,0,0.0306854248046875,0,0.0792236328125
7.9369,0,-0.0251007080078125,0,-0.231689453125,0,-0.04541015625,0,-0.068115234375
7.9470,0,-0.08905029296875,0,0.123046875,0,-0.04541015625,0,-0.068115234375
7.9565,0,-0.08905029296875,0,0.123046875,0,-0.0218048095703125,0,0.1160888671875
7.9664,0,-0.0648193359375,1,0.2083740234375,0,-0.0218048095703125,0,0.1160888671875
7.9796,0,0.0233154296875,1,0.2083740234375,0,-0.07037353515625,0,-0.064453125
7.9861,0,0.0233154296875,-5,-0.455322265625,0,-0.07037353515625,0,-0.064453125
7.9974,0,0.0233154296875,-5,-0.455322265625,0,-0.0163421630859375,0,-0.10430908203125
8.0040,0,-0.11474609375,-2,-0.27197265625,0,-0.0163421630859375,0,-0.10430908203125
8.0167,0,-0.11474609375,-2,-0.27197265625,0,-0.02642822265625,0,-0.1259765625
8.0235,0,0.0836181640625,4,-0.32568359375,0,-0.02642822265625,0,-0.1259765625
8.0359,0,0.0836181640625,4,-0.32568359375,0,-0.0782470703125,0,0.12396240234375
8.0449,0,0.134033203125,-9,-0.52880859375,0,-0.0782470703125,0,0.12396240234375
8.0541,0,0.134033203125,-9,-0.52880859375,0,-0.0182647705078125,0,0.1522216796875
8.0642,0,-0.0134429931640625,1,0.2344970703125,0,-0.0182647705078125,0,0.1522216796875
8.0720,0,-0.0134429931640625,1,0.2344970703125,0,-0.035614013671875,0,-0.1297607421875
8.0871,0,0.13232421875,0,0.37353515625,0,-0.035614013671875,0,-0.1297607421875
8.0964,0,0.13232421875,0,0.37353515625,0,-0.035614013671875,0,-0.0665283203125
8.1024,0,-0.0823974609375,8,-0.783203125,0,0.071044921875,0,-0.0665283203125
8.1138,0,-0.0823974609375,8,-0.783203125,0,-0.016845703125,0,0.0941162109375
8.1245,0,0.044158935546875,1,0.328857421875,0,-0.016845703125,0,0.0941162109375
8.1320,0,0.044158935546875,1,0.328857421875,0,0.057708740234375,0,0.031341552734375
8.1474,0,-0.0517578125,4,-0.611328125,0,0.057708740234375,0,0.031341552734375
8.1567,0,-0.0517578125,4,-0.611328125,0,-0.07666015625,0,-0.1002197265625
8.1641,0,-0.04010009765625,-6,0.63232421875,0,-0.07666015625,0,-0.1002197265625
8.1779,0,-0.04010009765625,-6,0.63232421875,0,-0.031280517578125,0,0.103271484375
8.1863,0,-0.08447265625,3,0.8642578125,0,-0.031280517578125,0,0.103271484375
8.1936,0,-0.08447265625,3,0.8642578125,0,0.056549072265625,0,0.1142578125
8.2081,0,-0.0338134765625,3,0.8642578125,0,0.056549072265625,0,0.1142578125
8.2184,0,-0.0338134765625,-4,-0.282470703125,0,-0.033843994140625,0,-0.031402587890625
8.2268,0,0.060943603515625,-2,-0.485107421875,0,-0.033843994140625,0,-0.031402587890625
8.2378,0,0.060943603515625,-2,-0.485107421875,0,0.04888916015625,0,0.11590576171875
8.2471,0,0.06317138671875,0,0.434326171875,0,0.04888916015625,0,0.11590576171875
8.2532,0,0.06317138671875,0,0.434326171875,0,0.04888916015625,0,-0.10797119140625
8.2662,0,-0.0234832763671875,0,0.434326171875,0,-0.09698486328125,0,-0.10797119140625
8.2787,0,-0.0234832763671875,6,0.7177734375,0,-0.09698486328125,0,0.1082763671875
8.2842,0,-0.1357421875,6,0.7177734375,0,-0.0299072265625,0,0.1082763671875
8.2965,0,-0.1357421875,0,-0.376953125,0,-0.0299072265625,0,0.1082763671875
8.3058,0,-0.0247650146484375,0,-0.376953125,0,-0.01071929931640625,0,-0.1761474609375
8.3158,0,-0.0247650146484375,0,0.54150390625,0,-0.01071929931640625,0,-0.1761474609375
8.3260,0,-0.06842041015625,0,0.54150390625,0,-0.0279693603515625,0,-0.25146484375
8.3358,0,-0.06842041015625,-3,0.25244140625,0,0.1260986328125,0,-0.25146484375
8.3474,0,-0.0784912109375,-3,0.25244140625,0,0.1260986328125,0,-0.1502685546875
8.3565,0,-0.0784912109375,-9,-0.06964111328125,0,0.1260986328125,0,-0.1502685546875
8.3679,0,-0.05255126953125,-9,-0.06964111328125,0,-0.039764404296875,0,-0.02960205078125
8.3783,0,-0.05255126953125,-1,0.43994140625,0,-0.039764404296875,0,-0.02960205078125
8.3878,0,0.06982421875,-1,0.43994140625,0,-0.06982421875,0,0.0638427734375
8.3975,0,0.06982421875,2,0.36669921875,0,-0.06982421875,0,0.0638427734375
8.4064,0,0.0087432861328125,2,0.36669921875,0,-0.06549072265625,0,-0.2178955078125
8.4198,0,0.0087432861328125,0,-0.270263671875,0,-0.06549072265625,0,-0.2178955078125
8.4272,0,0.0087432861328125,0,-0.270263671875,0,-0.055908203125,0,0.1739501953125
8.4395,0,-0.1065673828125,2,0.2410888671875,0,-0.055908203125,0,0.1739501953125
8.4493,0,-0.1065673828125,2,0.2410888671875,0,0.0670166015625,0,0.1346435546875
8.4588,0,0.0770263671875,2,-0.69873046875,0,0.0670166015625,0,0.1346435546875
8.4651,0,0.07025146484375,2,-0.69873046875,0,-0.01398468017578125,0,0.13427734375
8.4773,0,0.07025146484375,0,-0.29541015625,0,-0.01398468017578125,0,0.13427734375
8.4870,0,-0.092529296875,0,-0.29541015625,0,-0.0205535888671875,0,-0.0308990478515625
8.4972,0,-0.092529296875,-2,0.470458984375,0,-0.0205535888671875,0,-0.0308990478515625
8.5067,0,-0.092529296875,-2,0.470458984375,0,-0.10205078125,0,0.076416015625
8.5177,0,0.08685302734375,-1,0.171630859375,0,-0.10205078125,0,0.076416015625
8.5663,0,0.08685302734375,-1,0.171630859375,0,0.0367431640625,0,0.1368408203125
8.5672,0,-0.08074951171875,0,-0.435302734375,0,0.0367431640625,0,0.1368408203125
8.5678,0,-0.08074951171875,0,-0.435302734375,0,-0.023681640625,0,0.1290283203125
8.5681,0,-0.0888671875,0,-0.205078125,0,-0.023681640625,0,0.1290283203125
8.5685,0,-0.0888671875,0,-0.205078125,0,0.01531982421875,0,0.0889892578125
8.5805,0,0.0765380859375,0,-0.38037109375,0,0.01531982421875,0,0.0889892578125
8.5889,0,0.0765380859375,0,-0.38037109375,0,-0.0301055908203125,0,-0.04144287109375
8.5987,0,-0.047637939453125,0,-0.38037109375,0,-0.0301055908203125,0,-0.04144287109375
8.6087,0,-0.047637939453125,0,0.256103515625,0,-0.01238250732421875,0,0.1727294921875
8.6165,0,-0.1468505859375,-1,-0.53857421875,0,-0.01238250732421875,0,0.1727294921875
8.6293,0,-0.1468505859375,-1,-0.53857421875,0,-0.033416748046875,0,-0.1837158203125
8.6444,0,0.06683349609375,0,-0.127685546875,0,-0.033416748046875,0,-0.1837158203125
8.6473,0,0.06683349609375,0,-0.127685546875,0,-0.08978271484375,0,-0.052734375
8.6621,0,0.0267791748046875,0,-0.127685546875,0,-0.08978271484375,0,-0.052734375
8.6692,0,0.0267791748046875,-1,-0.568359375,0,-0.06396484375,0,-0.0308380126953125
8.6799,0,-0.03875732421875,-1,-0.568359375,0,-0.06396484375,0,-0.0308380126953125
8.6888,0,-0.03875732421875,0,-0.2100830078125,0,-0.0158843994140625,0,0.12115478515625
8.7009,0,-0.051422119140625,0,-0.357421875,0,-0.0158843994140625,0,0.12115478515625
8.7079,0,-0.051422119140625,0,-0.357421875,0,0.08343505859375,0,-0.12115478515625
8.7203,0,0.068359375,0,-0.357421875,0,0.08343505859375,0,-0.12115478515625
8.7284,0,0.068359375,0,0.07086181640625,0,0.08343505859375,0,-0.12115478515625
8.7424,0,-0.1087646484375,0,0.07086181640625,0,0.0357666015625,0,0.1475830078125
8.7486,0,-0.1087646484375,0,0.37646484375,0,0.0982666015625,0,0.1475830078125
8.7619,0,0.085205078125,0,0.37646484375,0,0.0982666015625,0,0.0782470703125
8.7704,0,0.085205078125,0,-0.12890625,0,-0.0355224609375,0,0.139892578125
8.7827,0,-0.0850830078125,0,-0.12890625,0,-0.0355224609375,0,0.139892578125
8.7912,0,-0.0850830078125,0,0.468017578125,0,-0.03619384765625,0,0.032684326171875
8.8030,0,-0.08758544921875,0,0.468017578125,0,-0.03619384765625,0,0.032684326171875
8.8123,0,-0.08758544921875,7,-0.78076171875,0,0.06622314453125,0,0.032684326171875
8.8227,0,-0.1566162109375,7,-0.78076171875,0,0.06622314453125,0,-0.08306884765625
8.8299,0,-0.1566162109375,15,1.0712890625,0,0.06622314453125,0,-0.08306884765625
8.8455,0,0.069091796875,15,1.0712890625,0,0.02264404296875,0,0.0615234375
8.8503,0,0.069091796875,24,-0.94873046875,0,0.02264404296875,0,0.0615234375
8.8615,0,0.069091796875,24,-0.94873046875,0,-0.0259246826171875,0,-0.04449462890625
8.8731,0,0.038543701171875,0,-0.1407470703125,0,-0.0259246826171875,0,-0.04449462890625
8.8831,0,-0.09149169921875,0,-0.1407470703125,0,-0.056610107421875,0,0.09051513671875
8.8936,0,-0.09149169921875,-3,-0.155517578125,0,-0.056610107421875,0,0.09051513671875
8.9035,0,3.1015625,-3,-0.155517578125,0,-0.0116424560546875,0,1.068359375
8.9132,0,3.1015625,0,2.634765625,-10,3.24609375,0,1.068359375
8.9190,-1,2.072265625,0,2.634765625,-10,3.24609375,-1,2.3203125
8.9342,-1,2.072265625,22,-0.054962158203125,-10,3.24609375,-1,2.3203125
8.9452,0,2.212890625,22,-0.054962158203125,-25,4.4921875,-5,2.892578125
8.9515,0,2.212890625,25,0.125244140625,-25,4.4921875,-5,2.892578125
8.9641,0,2.212890625,25,0.125244140625,6,0.3271484375,6,1.328125
8.9724,1,1.998046875,9,-0.74609375,6,0.3271484375,6,1.328125
8.9848,1,1.998046875,9,-0.74609375,-24,6.65625,12,1.1484375
8.9935,-3,2.74609375,30,0.638671875,-24,6.65625,12,1.1484375
9.0027,-3,2.74609375,30,0.638671875,18,0.47021484375,3,0.7958984375
9.0145,10,1.19140625,29,0.7138671875,18,0.47021484375,3,0.7958984375
9.0241,10,1.19140625,29,0.7138671875,-16,6.1875,-9,4.484375
9.0332,0,4.46484375,31,0.160400390625,-16,6.1875,-9,4.484375
9.0444,0,4.46484375,31,0.160400390625,20,-0.313720703125,14,0.19921875
9.0524,15,-0.1693115234375,35,0.53271484375,20,-0.313720703125,14,0.19921875
9.0672,15,-0.1693115234375,35,0.53271484375,18,0.5380859375,14,0.62255859375
9.0717,12,1.189453125,1,5.015625,18,0.5380859375,14,0.62255859375
9.0849,12,1.189453125,1,5.015625,11,2.580078125,-12,3.0
9.0961,99,6.36328125,22,0.4677734375,11,2.580078125,-12,3.0
9.1040,99,6.36328125,22,0.4677734375,-12,8.5546875,0,5.0703125
9.1139,106,4.32421875,41,-1.1298828125,-12,8.5546875,0,5.0703125
9.1234,106,4.32421875,41,-1.1298828125,0,-0.501953125,7,0.78466796875
9.1330,24,3.1796875,51,-0.84521484375,0,-0.501953125,7,0.78466796875
9.1456,24,3.1796875,51,-0.84521484375,10,-0.77197265625,26,2.1484375
9.1532,43,-0.19677734375,49,0.1776123046875,10,-0.77197265625,26,2.1484375
9.1618,43,-0.19677734375,49,0.1776123046875,61,-3.341796875,174,-12.2890625
9.1724,47,-0.052978515625,25,0.79833984375,61,-3.341796875,174,-12.2890625
9.1861,47,-0.052978515625,25,0.79833984375,51,-3.083984375,188,8.8984375
9.1956,51,0.1427001953125,47,-0.7978515625,43,-2.626953125,188,8.8984375
9.2065,51,0.1427001953125,47,-0.7978515625,43,-2.626953125,44,0.88916015625
9.2149,32,-0.19921875,52,-0.5029296875,43,-2.626953125,44,0.88916015625
9.2220,32,-0.19921875,52,-0.5029296875,0,6.140625,65,-1.8291015625
9.2346,60,1.6767578125,51,0.1165771484375,0,6.140625,65,-1.8291015625
9.2457,60,1.6767578125,51,0.1165771484375,39,-1.58984375,63,-0.869140625
9.2526,55,-0.1287841796875,2,5.64453125,39,-1.58984375,63,-0.869140625
9.2652,55,-0.1287841796875,2,5.64453125,0,5.71875,63,-0.869140625
9.2761,17,1.8564453125,29,0.78564453125,0,5.71875,52,0.1845703125
9.2834,17,1.8564453125,29,0.78564453125,-1,6.02734375,52,0.1845703125
9.2931,35,0.140380859375,29,0.78564453125,-1,6.02734375,42,0.72119140625
9.3045,35,0.140380859375,45,-0.22998046875,3,4.953125,36,1.064453125
9.3153,46,-0.29248046875,45,-0.22998046875,3,4.953125,36,1.064453125
9.3260,46,-0.29248046875,44,0.42236328125,25,1.671875,36,1.064453125
9.3329,50,-0.055267333984375,44,0.42236328125,25,1.671875,37,0.68359375
9.3414,50,-0.055267333984375,44,0.25830078125,7,3.8828125,37,0.68359375
9.3523,50,-0.1009521484375,44,0.25830078125,7,3.8828125,40,0.48828125
9.3662,50,-0.1009521484375,45,0.296630859375,61,4.76171875,40,0.48828125
9.3746,2,8.140625,45,0.296630859375,61,4.76171875,43,-0.615234375
9.3868,2,8.140625,40,0.366943359375,61,4.76171875,43,-0.615234375
9.4029,34,-0.5078125,36,0.7197265625,55,3.958984375,42,0.11712646484375
9.4162,43,-0.10400390625,36,0.7197265625,37,4.1875,42,0.1943359375
9.4254,43,-0.10400390625,13,0.1361083984375,7,9.796875,42,0.1943359375
9.4312,37,-0.185546875,13,0.1361083984375,7,9.796875,37,0.161376953125
9.4463,37,-0.185546875,30,-0.453369140625,7,9.796875,37,0.161376953125
9.4532,39,-0.209716796875,30,-0.453369140625,-8,10.6015625,32,0.52099609375
9.4682,39,-0.209716796875,34,-0.415771484375,-8,10.6015625,32,0.52099609375
9.4722,39,-0.209716796875,34,-0.415771484375,86,6.58984375,29,0.3671875
9.4867,35,-0.288818359375,38,0.468505859375,86,6.58984375,29,0.3671875
9.4963,35,-0.288818359375,38,0.468505859375,49,-3.490234375,28,0.46875
9.5038,24,0.72705078125,-5,6.55078125,49,-3.490234375,28,0.46875
9.5139,31,0.0175628662109375,-5,6.55078125,24,0.91162109375,26,0.241455078125
9.5260,31,0.0175628662109375,24,-0.182373046875,24,0.91162109375,26,0.241455078125
9.5328,31,0.0175628662109375,24,-0.182373046875,0,6.125,25,0.258056640625
9.5478,10,-0.1431884765625,30,-2.880859375,0,6.125,25,0.258056640625
9.5542,10,-0.1431884765625,30,-2.880859375,32,-3.90234375,0,-0.15771484375
9.5741,1,-0.1429443359375,0,0.31982421875,14,-1.8369140625,0,0.06201171875
9.5803,-11,0.11456298828125,0,0.0732421875,14,-1.8369140625,0,0.06201171875
9.5943,-11,0.11456298828125,0,0.0732421875,-18,-1.1552734375,0,0.06201171875
9.6046,6,0.193603515625,0,0.0887451171875,-18,-1.1552734375,0,-0.230712890625
9.6144,6,0.193603515625,0,0.0887451171875,14,-0.84716796875,0,-0.230712890625
9.6252,0,-0.033477783203125,2,0.217041015625,14,-0.84716796875,0,-0.055145263671875
9.6340,0,-0.033477783203125,2,0.217041015625,1,-0.52734375,0,0.1324462890625
9.6407,0,-0.08782958984375,0,0.412353515625,1,-0.52734375,0,0.1324462890625
9.6535,0,-0.08782958984375,0,0.412353515625,-1,-0.2109375,0,0.1324462890625
9.6656,0,0.020416259765625,0,0.492919921875,-1,-0.2109375,0,0.1505126953125
9.6720,0,0.020416259765625,0,0.492919921875,9,0.10772705078125,0,0.1505126953125
9.6858,1,-0.074462890625,0,0.492919921875,9,0.10772705078125,0,-0.0535888671875
9.6942,1,-0.074462890625,0,0.38671875,0,0.075439453125,0,-0.0501708984375
9.7056,0,0.07757568359375,0,0.38671875,0,0.075439453125,0,-0.0501708984375
9.7146,0,0.07757568359375,1,-0.5068359375,-2,-0.0276947021484375,0,-0.0501708984375
9.7244,1,0.07904052734375,1,-0.5068359375,-2,-0.0276947021484375,0,0.03826904296875
9.7347,1,0.07904052734375,1,0.309814453125,0,-0.06549072265625,0,0.03826904296875
9.7443,0,0.06494140625,1,0.309814453125,0,-0.06549072265625,0,0.1217041015625
9.7541,0,0.06494140625,0,0.030548095703125,0,0.02520751953125,0,0.1217041015625
9.7669,2,-0.0295257568359375,0,0.030548095703125,0,0.02520751953125,0,0.030609130859375
9.7724,2,-0.0295257568359375,1,0.168701171875,0,0.046844482421875,0,0.030609130859375
9.7849,3,0.055694580078125,1,0.168701171875,0,0.046844482421875,0,0.045074462890625
9.7921,3,0.055694580078125,0,-0.204345703125,0,-0.029022216796875,0,0.045074462890625
9.8054,5,0.05780029296875,0,-0.204345703125,0,-0.029022216796875,0,0.14208984375
9.8133,5,0.05780029296875,0,0.431640625,0,-0.034698486328125,0,0.14208984375
9.8227,6,0.059600830078125,0,0.431640625,0,-0.034698486328125,0,0.1444091796875
9.8334,6,0.059600830078125,3,0.1300048828125,0,-0.034698486328125,0,0.1444091796875
9.8453,0,0.0178985595703125,3,0.1300048828125,0,-0.07513427734375,0,-0.10089111328125
9.8521,0,0.0178985595703125,1,0.3125,0,-0.07513427734375,0,-0.10089111328125
9.8636,1,-0.10638427734375,1,0.3125,0,0.015869140625,0,-0.1844482421875
9.8714,1,-0.10638427734375,3,0.29931640625,0,0.015869140625,0,-0.1844482421875
9.8840,1,-0.10638427734375,3,0.29931640625,0,-0.0197601318359375,0,0.02484130859375
9.8939,0,-0.1090087890625,3,0.408935546875,0,-0.0197601318359375,0,0.02484130859375
9.9045,0,-0.06103515625,3,0.408935546875,0,-0.05267333984375,0,0.1444091796875
9.9153,0,-0.06103515625,1,-0.04412841796875,0,-0.05267333984375,0,0.1444091796875
9.9257,0,-0.082275390625,1,-0.04412841796875,0,-0.07403564453125,0,-0.1553955078125
9.9339,0,-0.082275390625,0,-0.2333984375,0,-0.07403564453125,0,-0.1553955078125
9.9442,0,0.114501953125,0,-0.2333984375,0,-0.036468505859375,0,-0.07330322265625
9.9531,0,0.114501953125,0,-0.025634765625,0,-0.036468505859375,0,-0.07330322265625
9.9659,0,-0.0440673828125,0,-0.025634765625,0,-0.068115234375,0,0.085693359375
9.9742,0,-0.0440673828125,0,0.2388916015625,0,-0.068115234375,0,0.085693359375
9.9863,0,-0.0440673828125,0,0.2388916015625,0,0.0364990234375,0,0.058074951171875
9.9945,0,-0.0291595458984375,0,-0.272705078125,0,0.0364990234375,0,0.058074951171875
10.0017,0,-0.0291595458984375,0,-0.272705078125,1,0.052703857421875,0,0.05291748046875
10.0149,0,-0.09832763671875,0,-0.56982421875,1,0.052703857421875,0,0.05291748046875
10.0256,0,-0.09832763671875,0,-0.56982421875,1,-0.0391845703125,0,0.1256103515625
10.0329,0,0.031463623046875,-1,-0.76513671875,1,-0.0391845703125,0,0.1256103515625
10.0461,0,0.031463623046875,-1,-0.76513671875,0,-0.052490234375,0,0.135986328125
10.0524,1,0.109375,0,0.238037109375,0,-0.052490234375,0,0.135986328125
10.0612,1,0.109375,0,0.238037109375,0,-0.080078125,0,-0.2440185546875
10.0733,0,0.07080078125,0,0.390380859375,0,-0.080078125,0,-0.2440185546875
10.0845,0,0.07080078125,0,0.390380859375,0,-0.034027099609375,0,-0.0830078125
10.0931,0,-0.01995849609375,1,0.1563720703125,0,-0.034027099609375,0,-0.0830078125
10.1026,0,-0.01995849609375,1,0.1563720703125,0,-0.006137847900390625,0,-0.0830078125
10.1131,1,0.08538818359375,0,0.490478515625,0,-0.006137847900390625,0,0.0241851806640625
10.1221,1,0.08538818359375,0,0.490478515625,0,-0.02386474609375,0,0.0241851806640625
10.1326,0,-0.01216888427734375,2,0.330078125,0,-0.02386474609375,0,0.0161895751953125
10.1420,0,-0.01216888427734375,2,0.330078125,0,0.0504150390625,0,0.0161895751953125
10.1506,0,-0.0496826171875,0,0.356689453125,0,0.0504150390625,0,-0.1949462890625
10.1673,0,-0.0496826171875,0,0.356689453125,1,0.020050048828125,0,-0.1949462890625
10.1715,0,0.07470703125,0,0.1943359375,1,0.020050048828125,0,0.08795166015625
10.1845,0,0.07470703125,0,0.1943359375,0,0.04974365234375,0,0.08795166015625
10.1895,0,-0.030059814453125,0,-0.416259765625,0,0.04974365234375,0,0.016021728515625
10.2030,0,-0.030059814453125,0,-0.416259765625,0,-0.0191192626953125,0,0.016021728515625
10.2111,0,-0.07647705078125,0,-0.787109375,0,-0.0191192626953125,0,0.125244140625
10.2239,0,-0.07647705078125,0,-0.787109375,0,-0.041351318359375,0,0.125244140625
10.2354,0,0.0253448486328125,0,0.5419921875,0,-0.041351318359375,0,0.1414794921875
10.2426,0,0.0253448486328125,0,0.5419921875,0,-0.049102783203125,0,0.1414794921875
10.2524,0,0.02581787109375,0,0.5419921875,0,-0.049102783203125,0,-0.057373046875
10.2637,0,0.02581787109375,0,-0.2646484375,0,-0.087646484375,0,-0.057373046875
10.2708,0,-0.03521728515625,0,-0.2646484375,0,-0.087646484375,0,0.130859375
10.2831,0,-0.03521728515625,0,0.25830078125,0,-0.0261688232421875,0,0.130859375
10.2900,0,-0.03521728515625,0,0.25830078125,0,-0.0261688232421875,0,0.1529541015625
10.2997,0,-0.0601806640625,0,-0.75537109375,0,0.0277557373046875,0,0.1529541015625
10.3123,0,0.09332275390625,0,-0.75537109375,0,0.0277557373046875,0,-0.036712646484375
10.3236,0,0.09332275390625,0,0.54296875,0,-0.04241943359375,0,-0.036712646484375
10.3312,0,-0.06256103515625,0,0.54296875,0,-0.04241943359375,0,-0.1029052734375
10.3430,0,-0.06256103515625,0,0.416015625,0,-0.04241943359375,0,-0.1029052734375
10.3525,0,-0.11322021484375,0,0.416015625,0,-0.05316162109375,0,-0.1783447265625
10.3642,0,-0.11322021484375,0,0.417236328125,0,-0.05316162109375,0,-0.1783447265625
10.3732,0,-0.11322021484375,0,0.417236328125,0,-0.01385498046875,0,0.140380859375
10.3844,0,-0.13134765625,0,-0.40869140625,0,-0.01385498046875,0,0.140380859375
10.3931,0,0.06683349609375,0,-0.40869140625,0,0.01678466796875,0,0.04119873046875
10.4070,0,0.06683349609375,0,0.326904296875,0,0.01678466796875,0,0.04119873046875
10.4158,0,0.08544921875,0,0.326904296875,0,0.0579833984375,0,0.1650390625
10.4320,0,0.08544921875,0,0.49169921875,0,0.025238037109375,0,-0.251708984375
10.4430,0,-0.08294677734375,0,0.24169921875,0,0.025238037109375,0,-0.251708984375
10.4513,0,-0.08294677734375,0,0.24169921875,0,0.045074462890625,0,-0.175048828125
10.4627,0,0.0504150390625,0,-0.67578125,0,0.045074462890625,0,-0.175048828125
10.4695,0,0.0504150390625,0,-0.67578125,0,-0.01374053955078125,0,0.139892578125
10.4831,0,-0.18505859375,0,0.30859375,0,-0.01374053955078125,0,0.139892578125
10.4914,0,-0.18505859375,0,0.30859375,0,-0.062744140625,0,0.020660400390625
10.5011,0,0.03662109375,0,-0.62890625,0,-0.062744140625,0,0.020660400390625
10.5101,0,0.03662109375,0,-0.62890625,0,-0.04168701171875,0,0.035858154296875
10.5205,0,-0.0419921875,0,-0.28759765625,0,-0.04168701171875,0,0.035858154296875
10.5306,0,-0.0419921875,0,-0.28759765625,0,-0.01096343994140625,0,0.063232421875
10.5377,0,-0.059814453125,0,0.278076171875,0,-0.01096343994140625,0,0.063232421875
10.5519,0,-0.059814453125,0,0.278076171875,0,-0.03521728515625,0,0.063232421875
10.5666,0,0.11456298828125,0,0.53466796875,0,-0.03521728515625,0,-0.1705322265625
10.5713,0,0.11456298828125,0,0.53466796875,0,0.0292816162109375,0,-0.1856689453125
10.5840,0,-0.08782958984375,0,0.4169921875,0,0.0292816162109375,0,-0.1856689453125
10.5923,0,-0.08782958984375,0,0.4169921875,0,0.05377197265625,0,-0.16162109375
10.5998,0,0.0537109375,0,-0.3876953125,0,0.05377197265625,0,-0.16162109375
10.6123,0,0.0537109375,0,-0.3876953125,0,0.052154541015625,0,-0.16162109375
10.6224,0,-0.1505126953125,0,-0.3876953125,0,0.052154541015625,0,0.1734619140625
10.6315,0,-0.1505126953125,0,0.345458984375,0,0.05535888671875,0,0.1734619140625
10.6441,0,-0.039398193359375,0,0.345458984375,0,0.05535888671875,0,0.1314697265625
10.6535,0,-0.039398193359375,0,0.404541015625,0,-0.00444793701171875,0,0.1314697265625
10.6631,0,-0.09619140625,0,0.404541015625,0,-0.00444793701171875,0,-0.11181640625
10.6730,0,-0.09619140625,0,-0.5380859375,0,0.05816650390625,0,-0.11181640625
10.6852,0,-0.04595947265625,0,-0.5380859375,0,0.05816650390625,0,-0.08465576171875
10.6910,0,-0.04595947265625,0,0.56201171875,0,-0.039337158203125,0,-0.08465576171875
10.7037,0,-0.054840087890625,0,0.56201171875,0,-0.039337158203125,0,-0.2359619140625
10.7109,0,-0.054840087890625,0,0.1121826171875,0,-0.047393798828125,0,-0.2359619140625
10.7232,0,-0.11163330078125,0,0.1121826171875,0,-0.047393798828125,0,-0.260498046875
10.7305,0,-0.11163330078125,0,-0.306640625,0,-0.04058837890625,0,-0.260498046875
10.7427,0,-0.11248779296875,0,-0.306640625,0,-0.04058837890625,0,-0.0236053466796875
10.7490,0,-0.11248779296875,0,-0.88232421875,0,0.03265380859375,0,-0.0236053466796875
10.7608,0,-0.06475830078125,0,-0.88232421875,0,0.03265380859375,0,-0.1141357421875
10.7708,0,-0.06475830078125,0,-0.2059326171875,0,0.007053375244140625,0,-0.1141357421875
10.7782,0,0.0227203369140625,0,-0.2059326171875,0,0.007053375244140625,0,-0.2130126953125
10.7905,0,0.0227203369140625,0,-0.08660888671875,0,-0.050750732421875,0,-0.2130126953125
10.8016,0,-0.0882568359375,0,-0.08660888671875,0,-0.050750732421875,0,-0.2308349609375
10.8098,0,-0.0882568359375,0,0.09326171875,0,-0.050750732421875,0,-0.2308349609375
10.8221,0,0.12353515625,0,0.09326171875,0,-0.067138671875,0,0.0180206298828125
10.8293,0,0.12353515625,0,0.4599609375,0,-0.067138671875,0,0.0180206298828125
10.8386,0,-0.06268310546875,0,0.4599609375,0,-0.058349609375,0,0.07110595703125
10.8513,0,-0.06268310546875,0,0.342529296875,0,-0.058349609375,0,0.07110595703125
10.8625,0,0.03802490234375,0,0.342529296875,0,0.014007568359375,0,0.0740966796875
10.8706,0,0.03802490234375,0,-0.591796875,0,0.014007568359375,0,0.0740966796875
10.8811,0,-0.0758056640625,0,-0.591796875,0,-0.0478515625,0,-0.1322021484375
10.8929,0,-0.0758056640625,0,0.1337890625,0,-0.0478515625,0,-0.1322021484375
10.9034,0,-0.035614013671875,0,0.1337890625,0,-0.032562255859375,0,0.06585693359375
10.9131,0,-0.035614013671875,0,-0.69873046875,0,-0.032562255859375,0,0.06585693359375
10.9230,0,-0.035614013671875,0,-0.69873046875,0,-0.034454345703125,0,0.1553955078125
10.9362,0,-0.051025390625,0,0.4580078125,0,-0.034454345703125,0,0.1553955078125
10.9453,0,-0.051025390625,0,0.4580078125,-3,-0.10601806640625,0,3.083984375
10.9551,0,3.380859375,1,2.947265625,-3,-0.10601806640625,0,3.083984375
10.9599,-2,2.466796875,1,2.947265625,21,0.1212158203125,2,1.900390625
10.9732,-2,2.466796875,-1,2.5625,21,0.1212158203125,2,1.900390625
10.9858,1,1.771484375,-1,2.5625,26,0.0496826171875,10,1.1259765625
10.9936,1,1.771484375,1,2.1796875,26,0.0496826171875,10,1.1259765625
11.0062,1,1.771484375,1,2.1796875,28,0.095458984375,10,1.1259765625
11.0153,11,1.359375,0,2.396484375,28,0.095458984375,18,1.0478515625
11.0253,11,1.359375,0,2.396484375,0,5.515625,18,1.0478515625
11.0352,-18,5.26953125,5,0.8681640625,0,5.515625,-23,6.21875
11.0448,-18,5.26953125,5,0.8681640625,0,2.818359375,-23,6.21875
11.0532,16,-0.381103515625,0,3.126953125,0,2.818359375,29,-1.0791015625
11.0661,16,-0.381103515625,0,3.126953125,0,2.43359375,29,-1.0791015625
11.0729,-15,6.96484375,0,3.126953125,0,2.43359375,77,4.4375
11.0853,-15,6.96484375,12,0.406005859375,15,0.90673828125,77,4.4375
11.0925,38,-2.412109375,9,0.86181640625,15,0.90673828125,73,2.046875
11.1049,38,-2.412109375,9,0.86181640625,0,1.3642578125,73,2.046875
11.1112,88,4.54296875,9,0.8994140625,0,1.3642578125,13,1.5869140625
11.1230,88,4.54296875,9,0.8994140625,-5,2.236328125,13,1.5869140625
11.1333,-6,13.515625,17,-0.69482421875,-5,2.236328125,32,-0.330810546875
11.1430,-6,13.515625,17,-0.69482421875,16,0.1885986328125,32,-0.330810546875
11.1544,32,-0.08685302734375,17,-0.69482421875,16,0.1885986328125,39,-0.27783203125
11.1629,32,-0.08685302734375,-16,6.0078125,2,2.580078125,39,-0.27783203125
11.1723,36,-0.19140625,-16,6.0078125,2,2.580078125,40,-0.350830078125
11.1843,36,-0.19140625,3,5.98046875,0,2.978515625,40,-0.350830078125
11.1919,37,0.029815673828125,3,5.98046875,0,2.978515625,38,-0.03729248046875
11.1994,37,0.029815673828125,46,-3.2890625,9,1.67578125,38,-0.03729248046875
11.2114,36,0.0909423828125,46,-3.2890625,9,1.67578125,35,0.14599609375
11.2265,26,0.6484375,147,9.6640625,23,-0.90380859375,32,0.30078125
11.2347,26,0.6484375,132,6.3671875,23,-0.90380859375,32,0.30078125
11.2482,26,0.6484375,132,6.3671875,18,0.322265625,32,0.30078125
11.2527,16,0.7109375,132,6.3671875,18,0.322265625,31,0.3232421875
11.2595,16,0.7109375,24,0.405029296875,-18,5.390625,31,0.3232421875
11.2730,29,0.1695556640625,24,0.405029296875,-18,5.390625,28,0.5615234375
11.2829,29,0.1695556640625,54,1.8984375,13,3.228515625,28,0.5615234375
11.2928,33,0.12078857421875,54,1.8984375,13,3.228515625,27,0.7177734375
11.3024,33,0.12078857421875,-3,7.0234375,24,-0.58544921875,27,0.7177734375
11.3123,35,0.0443115234375,-3,7.0234375,24,-0.58544921875,27,0.489501953125
11.3243,35,0.0443115234375,26,0.496337890625,0,6.8828125,27,0.489501953125
11.3313,33,0.369873046875,26,0.496337890625,0,6.8828125,14,2.37109375
11.3461,33,0.369873046875,33,-0.06439208984375,40,-0.9033203125,14,2.37109375
11.3528,10,1.9267578125,33,-0.06439208984375,40,-0.9033203125,21,0.62353515625
11.3619,10,1.9267578125,-2,3.6484375,67,5.06640625,21,0.62353515625
11.3718,31,0.14794921875,-2,3.6484375,67,5.06640625,35,-0.1798095703125
11.3790,31,0.14794921875,24,-0.1231689453125,52,-1.8544921875,35,-0.1798095703125
11.3942,35,0.083984375,24,-0.1231689453125,52,-1.8544921875,39,-0.268798828125
11.4058,35,0.083984375,34,-0.412841796875,24,2.779296875,39,-0.268798828125
11.4131,35,0.161376953125,34,-0.412841796875,24,2.779296875,37,-0.23828125
11.4241,35,0.161376953125,40,-0.146728515625,20,5.6640625,37,-0.23828125
11.4337,34,0.286865234375,40,-0.146728515625,20,5.6640625,35,0.1884765625
11.4430,34,0.286865234375,43,0.62158203125,-8,10.984375,35,0.1884765625
11.4536,30,0.673828125,43,0.62158203125,-8,10.984375,35,0.1884765625
11.4658,30,0.673828125,9,1.775390625,-14,10.2578125,33,0.283447265625
11.4726,8,1.7587890625,9,1.775390625,-14,10.2578125,33,0.283447265625
11.4853,8,1.7587890625,18,1.6650390625,-14,10.2578125,33,1.0234375
11.4945,20,0.923828125,18,1.6650390625,2,5.890625,33,1.0234375
11.5043,20,0.923828125,42,-0.2435302734375,2,5.890625,34,0.935546875
11.5148,20,0.923828125,42,-0.2435302734375,-10,1.8193359375,34,0.935546875
11.5265,40,-0.21533203125,45,0.149169921875,-10,1.8193359375,36,0.38671875
11.5351,40,-0.21533203125,45,0.149169921875,13,2.814453125,36,0.38671875
11.5469,44,-0.0226593017578125,46,-0.097412109375,13,2.814453125,38,0.53662109375
11.5560,46,0.10888671875,46,-0.097412109375,7,3.408203125,38,0.53662109375
11.5685,46,0.10888671875,42,0.343994140625,4,3.990234375,34,0.86962890625
11.5815,-7,10.09375,19,1.087890625,4,3.990234375,39,0.201171875
11.5879,-7,10.09375,19,1.087890625,5,4.0625,39,0.201171875
11.6009,37,-0.487548828125,38,-0.0279998779296875,5,4.0625,42,0.1593017578125
11.6086,44,-0.353515625,38,-0.0279998779296875,15,1.45703125,42,0.1593017578125
11.6176,44,-0.353515625,43,-0.052337646484375,15,1.45703125,41,0.18408203125
11.6300,44,-0.353515625,43,-0.052337646484375,-5,4.97265625,41,0.18408203125
11.6405,48,0.10675048828125,46,0.295166015625,-5,4.97265625,42,0.5087890625
11.6476,48,0.10675048828125,46,0.295166015625,15,3.349609375,42,0.5087890625
11.6601,49,0.08758544921875,46,0.295166015625,15,3.349609375,45,0.2266845703125
11.6686,49,0.08758544921875,-6,9.8515625,0,4.46484375,45,0.2266845703125
11.6802,49,0.126708984375,-6,9.8515625,0,4.46484375,45,0.2266845703125
11.6882,49,0.126708984375,34,0.16259765625,-4,4.80859375,46,-0.1595458984375
11.6994,48,-0.11663818359375,52,-0.89697265625,-4,4.80859375,45,0.4560546875
11.7086,48,-0.11663818359375,52,-0.89697265625,-15,4.0546875,45,0.4560546875
11.7183,47,1.5703125,52,-0.89697265625,-15,4.0546875,45,0.4560546875
11.7283,47,1.5703125,61,-0.31201171875,-5,4.24609375,45,1.0166015625
11.7344,0,6.48828125,61,-0.31201171875,-5,4.24609375,48,0.5400390625
11.7495,0,6.48828125,59,0.060394287109375,0,3.427734375,48,0.5400390625
11.7593,1,3.65625,59,0.060394287109375,0,3.427734375,52,0.1246337890625
11.7673,1,3.65625,52,0.40283203125,7,3.19140625,52,0.1246337890625
11.7788,68,3.458984375,52,0.40283203125,7,3.19140625,52,0.1246337890625
11.7870,68,3.458984375,15,2.939453125,-12,2.578125,53,0.2130126953125
11.7992,81,1.673828125,15,2.939453125,-12,2.578125,53,0.2130126953125
11.8070,81,1.673828125,46,-0.529296875,-2,2.6796875,56,0.09112548828125
11.8175,16,7.4296875,46,-0.529296875,-2,2.6796875,56,0.09112548828125
11.8238,16,7.4296875,64,-0.98583984375,13,2.228515625,57,-0.107177734375
11.8368,46,0.3037109375,64,-0.98583984375,13,2.228515625,57,-0.107177734375
11.8468,46,0.3037109375,64,-0.364990234375,-8,2.826171875,54,0.2900390625
11.8582,65,-0.64404296875,64,-0.364990234375,-8,2.826171875,54,0.2900390625
11.8672,65,-0.64404296875,60,0.4892578125,9,2.642578125,50,1.1884765625
11.8762,76,-1.0576171875,60,0.4892578125,9,2.642578125,50,1.1884765625
11.8865,76,-1.0576171875,54,0.9677734375,-6,2.607421875,51,0.5087890625
11.8999,66,0.0396728515625,54,0.9677734375,-6,2.607421875,51,0.5087890625
11.9073,66,0.0396728515625,51,1.1875,-6,2.607421875,56,0.2059326171875
11.9193,-6,13.53125,51,1.1875,8,2.59375,56,0.2059326171875
11.9245,-6,13.53125,47,1.2373046875,-8,2.443359375,56,0.336669921875
11.9394,32,1.1337890625,47,1.2373046875,-8,2.443359375,56,0.336669921875
11.9477,32,1.1337890625,55,0.472900390625,-8,2.443359375,58,0.291748046875
11.9586,63,-0.96484375,55,0.472900390625,7,2.541015625,58,0.291748046875
11.9662,63,-0.96484375,57,0.66015625,-12,2.3125,62,-0.127685546875
11.9792,82,1.5439453125,57,0.66015625,-12,2.3125,62,-0.127685546875
11.9853,82,1.5439453125,55,0.77490234375,-12,2.3125,61,0.08538818359375
11.9983,69,0.135986328125,55,0.77490234375,12,2.052734375,61,0.08538818359375
12.0049,69,0.135986328125,56,0.50732421875,12,2.052734375,57,0.49169921875
12.0202,59,0.65576171875,56,0.50732421875,1,1.6875,57,0.49169921875
12.0261,59,0.65576171875,56,0.75537109375,1,1.6875,54,0.7587890625
12.0356,51,1.2255859375,56,0.75537109375,10,1.7939453125,54,0.7587890625
12.0458,51,1.2255859375,52,1.0341796875,10,1.7939453125,51,0.828125
12.0552,8,6.32421875,52,1.0341796875,4,2.041015625,51,0.828125
12.0671,8,6.32421875,53,0.81982421875,4,2.041015625,55,0.4248046875
12.0760,44,-0.08270263671875,53,0.81982421875,-5,2.166015625,55,0.4248046875
12.0872,44,-0.08270263671875,54,0.8125,-5,2.166015625,55,0.720703125
12.0920,60,-0.3876953125,54,0.8125,4,2.275390625,55,0.720703125
12.1051,60,-0.3876953125,59,0.270751953125,4,2.275390625,59,0.294921875
12.1188,82,1.939453125,59,0.270751953125,-10,2.404296875,59,0.294921875
12.1257,82,1.939453125,60,0.411376953125,-10,2.404296875,62,-0.08270263671875
12.1384,82,1.939453125,60,0.411376953125,6,1.7724609375,62,-0.08270263671875
12.1481,72,0.04998779296875,55,0.8466796875,6,1.7724609375,60,0.280029296875
12.1575,72,0.04998779296875,55,0.8466796875,-7,2.5703125,60,0.280029296875
12.1685,32,1.3818359375,55,0.587890625,-7,2.5703125,57,0.448486328125
12.1781,57,-0.365478515625,55,0.587890625,2,2.72265625,57,0.448486328125
12.1854,57,-0.365478515625,53,1.0771484375,2,2.72265625,52,0.955078125
12.2002,57,-0.365478515625,53,1.0771484375,-7,2.13671875,52,0.955078125
12.2081,80,2.11328125,51,1.1806640625,-7,2.13671875,54,0.55224609375
12.2195,80,2.11328125,51,1.1806640625,12,1.810546875,54,0.55224609375
12.2328,69,0.0369873046875,55,0.55224609375,12,1.810546875,55,0.38427734375
12.2409,65,0.07110595703125,55,0.55224609375,0,1.6376953125,55,0.38427734375
12.2505,65,0.07110595703125,57,0.472412109375,0,1.6376953125,57,0.39404296875
12.2623,65,0.07110595703125,57,0.472412109375,-12,2.2421875,57,0.39404296875
12.2702,0,1.9921875,57,0.4052734375,-12,2.2421875,62,-0.06585693359375
12.2774,0,1.9921875,57,0.4052734375,5,2.171875,62,-0.06585693359375
12.2907,25,2.01953125,57,0.4052734375,5,2.171875,62,-0.06585693359375
12.3021,25,2.01953125,59,0.64697265625,-17,2.134765625,62,-0.007793426513671875
12.3092,55,0.337158203125,59,0.64697265625,-17,2.134765625,62,-0.007793426513671875
12.3215,55,0.337158203125,56,0.77587890625,7,2.37890625,59,0.6259765625
12.3287,65,-0.021514892578125,56,0.77587890625,7,2.37890625,59,0.6259765625
12.3366,65,-0.021514892578125,54,0.7626953125,-9,2.46875,54,0.99169921875
12.3500,66,0.07159423828125,54,0.7626953125,-9,2.46875,54,0.99169921875
12.3593,66,0.07159423828125,55,0.74951171875,4,2.171875,56,0.4892578125
12.3707,70,-0.165283203125,55,0.74951171875,4,2.171875,56,0.4892578125
12.3802,70,-0.165283203125,57,1.572265625,-8,2.564453125,57,1.38671875
12.3899,72,-0.1793212890625,57,1.572265625,-8,2.564453125,57,1.38671875
12.3958,72,-0.1793212890625,61,0.6083984375,-4,1.8046875,64,0.2314453125
12.4129,70,0.19189453125,61,0.6083984375,-4,1.8046875,64,0.2314453125
12.4240,70,0.19189453125,64,0.8125,-2,2.021484375,68,-0.26904296875
12.4311,61,1.248046875,64,0.8125,-2,2.021484375,68,-0.26904296875
12.4418,61,1.248046875,69,-0.185302734375,5,2.35546875,67,0.301025390625
12.4519,30,1.703125,69,-0.185302734375,5,2.35546875,67,0.301025390625
12.4589,30,1.703125,67,0.53515625,-6,2.390625,68,0.1873779296875
12.4728,59,-0.188232421875,67,0.53515625,-6,2.390625,68,0.1873779296875
12.4841,59,-0.188232421875,60,1.40234375,7,2.142578125,69,0.54833984375
12.4923,83,-1.0283203125,60,1.40234375,7,2.142578125,69,0.54833984375
12.5036,83,-1.0283203125,64,0.67236328125,-8,2.544921875,67,0.53857421875
12.5130,81,-0.139892578125,64,0.67236328125,-8,2.544921875,67,0.53857421875
12.5190,81,-0.139892578125,65,0.95947265625,11,2.111328125,66,0.791015625
12.5313,79,0.11456298828125,65,0.95947265625,11,2.111328125,66,0.791015625
12.5424,79,0.11456298828125,66,0.57373046875,-1,2.3359375,70,0.2371826171875
12.5545,76,0.1966552734375,66,0.57373046875,-1,2.3359375,70,0.2371826171875
12.5647,76,0.1966552734375,74,-0.1781005859375,-1,2.3359375,69,0.20751953125
12.5739,8,8.84375,74,-0.1781005859375,10,1.65234375,69,0.20751953125
12.5810,8,8.84375,76,0.23388671875,-2,1.7412109375,71,0.38330078125
12.5935,50,-0.17822265625,76,0.23388671875,-2,1.7412109375,71,0.38330078125
12.6046,50,-0.17822265625,69,1.033203125,10,2.146484375,71,0.39892578125
12.6117,78,-1.091796875,69,1.033203125,10,2.146484375,71,0.39892578125
12.6271,78,-1.091796875,61,1.4677734375,10,2.146484375,69,0.408447265625
12.6339,81,-0.09259033203125,61,1.4677734375,2,2.078125,69,0.408447265625
12.6451,81,-0.09259033203125,64,0.83349609375,2,2.078125,71,0.22021484375
12.6535,94,-1.66015625,64,0.83349609375,-9,2.17578125,71,0.22021484375
12.6643,94,-1.66015625,71,0.62353515625,-9,2.17578125,72,0.225341796875
12.6716,19,9.78125,71,0.62353515625,8,2.1953125,72,0.225341796875
12.6839,19,9.78125,69,1.4912109375,8,2.1953125,71,1.109375
12.6925,62,0.84326171875,69,1.4912109375,-10,2.365234375,71,1.109375
12.7032,62,0.84326171875,74,0.515625,-10,2.365234375,71,1.109375
12.7132,87,-0.9697265625,74,0.515625,6,2.380859375,76,0.26611328125
12.7226,87,-0.9697265625,77,0.35400390625,6,2.380859375,80,0.18359375
12.7302,89,-0.05902099609375,77,0.35400390625,-17,2.521484375,80,0.18359375
12.7437,89,-0.05902099609375,80,0.3349609375,-17,2.521484375,80,0.18359375
12.7513,89,-0.05902099609375,80,0.3349609375,2,2.154296875,79,0.275634765625
12.7624,92,-0.53125,84,-0.052276611328125,2,2.154296875,80,0.1719970703125
12.7704,92,-0.53125,84,-0.052276611328125,-7,2.390625,80,0.1719970703125
12.7834,86,0.323486328125,79,0.626953125,-7,2.390625,78,0.55029296875
12.7930,86,0.323486328125,79,0.626953125,1,2.6015625,78,0.55029296875
12.8037,0,6.6640625,75,0.841796875,1,2.6015625,78,0.55029296875
12.8131,43,1.6396484375,75,0.841796875,-6,2.4609375,77,0.60400390625
12.8195,43,1.6396484375,78,0.689453125,-6,2.4609375,78,0.36572265625
12.8320,43,1.6396484375,78,0.689453125,7,2.11328125,78,0.36572265625
12.8424,80,-0.81689453125,78,0.689453125,7,2.11328125,78,0.36572265625
12.8526,80,-0.81689453125,75,1.0966796875,-9,2.7265625,80,0.25537109375
12.8619,98,-0.68017578125,75,1.0966796875,-9,2.7265625,80,0.25537109375
12.8721,98,-0.68017578125,80,0.6572265625,4,2.619140625,81,0.45556640625
12.8818,109,-1.1494140625,80,0.6572265625,4,2.619140625,81,0.45556640625
12.8926,109,-1.1494140625,84,0.295166015625,-6,2.630859375,84,0.3349609375
12.9042,75,1.06640625,86,0.66796875,-6,2.630859375,84,0.3349609375
12.9125,75,1.06640625,86,0.66796875,11,2.107421875,83,0.88818359375
12.9255,50,2.072265625,86,0.66796875,11,2.107421875,83,0.88818359375
12.9322,50,2.072265625,80,1.0,-14,2.052734375,85,0.23681640625
12.9458,82,-0.2010498046875,80,1.0,-14,2.052734375,85,0.23681640625
12.9542,82,-0.2010498046875,77,1.451171875,11,1.912109375,87,0.175537109375
12.9642,114,-2.640625,77,1.451171875,11,1.912109375,87,0.175537109375
12.9749,114,-2.640625,86,0.2042236328125,0,2.16015625,87,0.1566162109375
12.9857,104,0.02581787109375,86,0.2042236328125,0,2.16015625,87,0.1566162109375
12.9957,104,0.02581787109375,92,-0.342041015625,1,1.90625,86,0.462158203125
13.0067,89,0.9775390625,92,-0.342041015625,1,1.90625,86,0.462158203125
13.0141,89,0.9775390625,87,0.98974609375,1,1.7841796875,85,0.470458984375
13.0266,89,0.1375732421875,87,0.98974609375,1,1.7841796875,85,0.470458984375
13.0340,89,0.1375732421875,82,0.876953125,11,1.87109375,85,0.371337890625
13.0463,87,0.68212890625,82,0.876953125,11,1.87109375,85,0.371337890625
13.0549,87,0.68212890625,81,0.8056640625,5,1.7431640625,86,0.32177734375
13.0652,17,8.359375,81,0.8056640625,5,1.7431640625,86,0.32177734375
13.0741,17,8.359375,84,0.591796875,-7,2.578125,87,0.319091796875
13.0843,69,-0.355712890625,84,0.591796875,-7,2.578125,87,0.319091796875
13.0917,69,-0.355712890625,88,0.2193603515625,8,1.9677734375,85,0.5341796875
13.1053,103,-1.765625,88,0.2193603515625,8,1.9677734375,85,0.5341796875
13.1173,103,-1.765625,86,0.849609375,-7,2.259765625,86,0.32080078125
13.1273,112,-1.115234375,86,0.849609375,-7,2.259765625,86,0.32080078125
13.1345,112,-1.115234375,80,0.71728515625,7,2.32421875,85,0.2471923828125
13.1477,100,0.1883544921875,80,0.71728515625,7,2.32421875,85,0.2471923828125
13.1566,100,0.1883544921875,84,0.302490234375,-2,2.40625,84,0.53955078125
13.1731,93,0.35986328125,85,0.70751953125,-2,1.78125,87,0.2470703125
13.1837,91,0.3935546875,85,0.70751953125,-2,1.78125,87,0.2470703125
13.1988,91,0.3935546875,84,0.79248046875,-2,1.78125,86,0.669921875
13.2059,6,12.6875,84,0.79248046875,5,2.4375,86,0.669921875
13.2110,6,12.6875,89,0.5517578125,5,2.4375,87,0.416259765625
13.2236,57,0.9892578125,89,0.5517578125,-10,2.490234375,87,0.416259765625
13.2362,57,0.9892578125,87,0.60888671875,6,2.3125,88,0.472412109375
13.2406,101,-1.57421875,87,0.60888671875,6,2.3125,88,0.472412109375
13.2530,101,-1.57421875,81,1.1748046875,6,2.3125,89,0.248779296875
13.2640,117,-1.6982421875,81,1.1748046875,-7,2.578125,89,0.248779296875
13.2719,117,-1.6982421875,83,0.61669921875,-7,2.578125,90,0.296630859375
13.2871,105,-0.13623046875,83,0.61669921875,11,2.20703125,90,0.296630859375
13.2930,105,-0.13623046875,92,-0.157958984375,11,2.20703125,88,0.455810546875
13.3012,100,-0.06396484375,92,-0.157958984375,-4,2.2265625,88,0.455810546875
13.3149,100,-0.06396484375,95,-0.2841796875,10,2.16796875,88,0.2666015625
13.3275,96,0.58935546875,95,-0.2841796875,10,2.16796875,88,0.2666015625
13.3343,96,0.58935546875,95,-0.2841796875,10,2.16796875,88,0.2181396484375
13.3469,15,11.9375,84,0.9375,1,1.900390625,88,0.2181396484375
13.3557,15,11.9375,84,0.9375,1,1.900390625,87,0.1126708984375
13.3621,65,0.5810546875,76,0.9228515625,5,1.59765625,87,0.1126708984375
13.3747,65,0.5810546875,84,-0.09130859375,5,1.59765625,87,-0.1583251953125
13.3850,65,0.5810546875,84,-0.09130859375,3,1.9951171875,87,-0.1583251953125
13.3955,103,-1.51171875,84,-0.09130859375,3,1.9951171875,87,-0.1583251953125
13.4055,103,-1.51171875,91,-0.06390380859375,0,2.263671875,86,0.432373046875
13.4173,108,-0.1270751953125,91,-0.06390380859375,0,2.263671875,86,0.32958984375
13.4301,108,-0.1270751953125,89,0.302490234375,8,2.3515625,86,0.32958984375
13.4384,106,-0.345703125,89,0.302490234375,8,2.3515625,86,0.32958984375
13.4513,101,-0.027862548828125,83,1.6728515625,-8,2.390625,86,0.8984375
13.4578,101,-0.027862548828125,83,1.6728515625,-8,2.390625,87,0.324951171875
13.4705,101,-0.027862548828125,83,0.9267578125,8,2.2421875,87,0.324951171875
13.4783,95,0.409912109375,83,0.9267578125,8,2.2421875,87,0.324951171875
13.4947,30,3.830078125,86,0.275146484375,-13,2.248046875,88,-0.2015380859375
13.5068,30,3.830078125,90,0.368408203125,4,2.333984375,89,0.336669921875
13.5173,74,0.65673828125,90,0.368408203125,4,2.333984375,89,0.336669921875
13.5269,74,0.65673828125,86,0.6787109375,-10,2.046875,88,0.57373046875
13.5340,110,-1.822265625,86,0.6787109375,-10,2.046875,88,0.57373046875
13.5497,110,-1.822265625,88,0.921875,10,2.390625,88,0.6904296875
13.5565,116,-1.140625,88,0.921875,10,2.390625,88,0.6904296875
13.5716,116,-1.140625,89,0.75732421875,-2,1.9189453125,91,0.75
13.5764,114,0.8818359375,89,0.75732421875,-2,1.9189453125,91,0.75
13.5861,114,0.8818359375,94,0.248046875,0,2.234375,93,0.176025390625
13.5969,104,0.5908203125,94,0.248046875,0,2.234375,93,0.176025390625
13.6109,-7,13.8671875,94,0.7412109375,10,2.21484375,94,0.496337890625
13.6230,-7,13.8671875,89,1.0810546875,-11,2.7109375,93,0.32763671875
13.6301,63,1.2353515625,89,1.0810546875,-11,2.7109375,93,0.32763671875
13.6433,63,1.2353515625,91,1.017578125,-11,2.7109375,94,0.63134765625
13.6529,105,-1.4013671875,91,1.017578125,11,1.7744140625,94,0.63134765625
13.6573,105,-1.4013671875,95,0.354736328125,-5,2.62109375,95,0.30810546875
13.6720,120,-0.7197265625,95,0.354736328125,-5,2.62109375,95,0.30810546875
13.6819,120,-0.7197265625,95,0.354736328125,-5,2.62109375,94,0.55712890625
13.6918,128,1.9912109375,99,0.48876953125,8,1.998046875,94,0.55712890625
13.7022,128,1.9912109375,99,0.48876953125,8,1.998046875,96,0.10888671875
13.7133,112,0.270751953125,97,0.64111328125,2,1.607421875,96,0.10888671875
13.7238,112,0.270751953125,97,0.64111328125,2,1.607421875,98,0.6181640625
13.7356,-11,19.609375,95,1.0087890625,-8,2.349609375,98,0.6181640625
13.7435,-11,19.609375,95,1.0087890625,-8,2.349609375,101,-0.1773681640625
13.7546,67,0.70556640625,95,1.0576171875,8,1.9833984375,101,-0.1773681640625
13.7662,67,0.70556640625,95,1.0576171875,8,1.9833984375,99,0.40283203125
13.7727,117,-1.98828125,101,0.261474609375,-9,2.380859375,99,0.40283203125
13.7861,117,-1.98828125,101,0.261474609375,-9,2.380859375,100,0.1595458984375
13.7955,131,-1.4130859375,104,0.1329345703125,8,2.126953125,100,0.1595458984375
13.8062,131,-1.4130859375,95,1.4609375,8,2.126953125,97,0.7646484375
13.8124,128,-0.7578125,95,1.4609375,-5,2.15625,97,0.7646484375
13.8244,128,-0.7578125,95,1.4609375,-5,2.15625,101,0.296630859375
13.8356,110,1.0615234375,98,0.160400390625,13,1.947265625,101,0.296630859375
13.8414,110,1.0615234375,98,0.160400390625,13,1.947265625,100,0.50439453125
13.8553,98,0.9453125,102,-0.228759765625,-3,1.876953125,100,0.50439453125
13.8665,98,0.9453125,102,-0.228759765625,-3,1.876953125,100,0.392578125
13.8734,87,2.0234375,102,0.332763671875,11,1.6904296875,100,0.392578125
13.8884,87,2.0234375,102,0.332763671875,11,1.6904296875,99,0.320068359375
13.8957,92,0.96826171875,95,1.2607421875,0,2.087890625,99,0.320068359375
13.9029,92,0.96826171875,95,1.2607421875,0,2.087890625,99,0.2322998046875
13.9163,92,0.96826171875,95,0.70361328125,9,1.732421875,99,0.2322998046875
13.9293,103,0.392822265625,95,0.70361328125,9,1.732421875,98,0.23291015625
13.9372,103,0.392822265625,96,0.5078125,-1,2.08984375,98,0.23291015625
13.9498,108,0.1484375,96,0.5078125,-1,2.08984375,98,0.23291015625
13.9577,108,0.1484375,101,-0.2083740234375,11,1.783203125,97,0.3818359375
13.9694,108,0.252685546875,101,-0.2083740234375,11,1.783203125,97,0.3818359375
13.9770,108,0.252685546875,95,0.90771484375,-6,2.296875,95,0.478515625
13.9931,-5,19.4375,86,1.3955078125,10,1.87890625,96,0.3671875
14.0030,84,-0.55859375,86,1.3955078125,10,1.87890625,96,0.3671875
14.0118,84,-0.55859375,94,0.529296875,-2,2.47265625,95,0.81201171875
14.0264,120,-1.751953125,94,0.529296875,-2,2.47265625,95,0.81201171875
14.0339,120,-1.751953125,104,-0.0770263671875,0,1.6044921875,98,0.364501953125
14.0454,134,-2.1953125,104,-0.0770263671875,0,1.6044921875,99,0.03900146484375
14.0547,134,-2.1953125,104,0.1925048828125,3,1.73828125,99,0.03900146484375
14.0669,118,-0.1904296875,104,0.1925048828125,3,1.73828125,99,0.03900146484375
14.0748,118,-0.1904296875,99,0.5400390625,-6,2.177734375,101,-0.15966796875
14.0843,112,-0.0948486328125,99,0.5400390625,-6,2.177734375,101,-0.15966796875
14.0942,112,-0.0948486328125,98,0.5283203125,14,2.09375,100,0.11376953125
14.1051,107,0.72705078125,98,0.5283203125,14,2.09375,100,0.11376953125
14.1151,107,0.72705078125,102,0.384765625,-6,2.6796875,100,0.48828125
14.1264,97,1.92578125,102,0.384765625,-6,2.6796875,100,0.48828125
14.1339,97,1.92578125,105,0.7666015625,-6,2.6796875,102,0.423095703125
14.1473,31,5.015625,105,0.7666015625,9,1.9755859375,102,0.423095703125
14.1544,31,5.015625,99,0.72802734375,-9,2.3671875,102,0.324462890625
14.1692,93,-0.041717529296875,99,0.72802734375,-9,2.3671875,102,0.324462890625
14.1733,93,-0.041717529296875,101,1.0068359375,5,2.404296875,103,0.50732421875
14.1941,128,-1.38671875,102,0.93603515625,-7,2.509765625,102,0.81982421875
14.2055,141,-2.060546875,102,0.93603515625,-7,2.509765625,102,0.81982421875
14.2138,141,-2.060546875,104,0.728515625,7,2.083984375,106,0.351806640625
14.2259,124,0.548828125,104,0.728515625,7,2.083984375,106,0.351806640625
14.2320,124,0.548828125,106,0.548828125,-16,2.224609375,107,0.353759765625
14.2440,113,1.0107421875,106,0.548828125,-16,2.224609375,107,0.353759765625
14.2551,113,1.0107421875,109,0.525390625,8,2.4453125,108,0.1881103515625
14.2612,103,1.60546875,109,0.525390625,8,2.4453125,108,0.1881103515625
14.2754,103,1.60546875,109,0.525390625,8,2.4453125,106,0.75927734375
14.2874,109,0.806640625,107,0.74951171875,-12,2.46875,106,0.75927734375
14.2948,109,0.806640625,107,0.74951171875,-12,2.46875,108,0.56689453125
14.3072,109,0.806640625,106,0.83837890625,13,1.796875,108,0.56689453125
14.3158,117,0.424072265625,106,0.83837890625,13,1.796875,110,0.2418212890625
14.3331,121,0.1982421875,107,0.501953125,2,1.818359375,110,0.36572265625
14.3426,121,0.1982421875,111,0.45947265625,-3,2.505859375,110,0.36572265625
14.3523,108,2.150390625,111,0.45947265625,-3,2.505859375,110,0.5263671875
14.3645,108,2.150390625,109,0.8935546875,3,2.32421875,110,0.5263671875
14.3721,117,-0.031707763671875,109,0.8935546875,3,2.32421875,111,0.3369140625
14.3860,117,-0.031707763671875,108,0.86962890625,-10,2.142578125,111,0.3369140625
14.3932,122,0.36279296875,108,0.86962890625,-10,2.142578125,112,0.26611328125
14.4034,122,0.36279296875,115,0.300048828125,4,2.25390625,112,0.26611328125
14.4103,122,0.40087890625,115,0.300048828125,4,2.25390625,112,0.312744140625
14.4257,122,0.40087890625,111,0.72265625,-2,2.236328125,112,0.312744140625
14.4359,110,1.4267578125,111,0.72265625,-2,2.236328125,113,0.495361328125
14.4454,110,1.4267578125,109,0.73583984375,14,1.9189453125,113,0.495361328125
14.4565,121,0.218505859375,109,0.73583984375,14,1.9189453125,111,0.414306640625
14.4675,121,0.218505859375,109,1.2158203125,4,1.5546875,111,0.414306640625
14.4746,117,0.9736328125,109,1.2158203125,4,1.5546875,114,0.305908203125
14.4870,117,0.9736328125,111,0.65283203125,0,1.9599609375,114,0.305908203125
14.4954,118,0.60986328125,111,0.65283203125,0,1.9599609375,114,0.391357421875
14.5051,118,0.60986328125,119,-0.0102386474609375,3,1.9560546875,114,0.391357421875
14.5153,126,-0.208740234375,119,-0.0102386474609375,3,1.9560546875,114,0.391357421875
14.5271,126,-0.208740234375,116,0.76953125,-7,2.24609375,114,0.53369140625
14.5350,126,0.1790771484375,116,0.76953125,-7,2.24609375,114,0.53369140625
14.5501,126,0.1790771484375,112,0.47119140625,10,2.435546875,115,0.2032470703125
14.5564,122,0.46484375,112,0.47119140625,10,2.435546875,114,0.343017578125
14.5631,122,0.46484375,108,0.85498046875,-7,2.25390625,114,0.343017578125
14.5766,105,2.61328125,108,0.85498046875,-7,2.25390625,114,0.343017578125
14.5882,105,2.61328125,112,0.39892578125,6,2.224609375,111,0.434326171875
14.5947,121,0.317138671875,112,0.39892578125,6,2.224609375,111,0.434326171875
14.6081,121,0.317138671875,113,0.58984375,-4,2.515625,113,0.30126953125
14.6193,125,0.11578369140625,113,0.58984375,-4,2.515625,113,0.30126953125
14.6263,125,0.11578369140625,116,0.76416015625,-4,2.515625,114,0.86767578125
14.6370,116,1.201171875,116,0.76416015625,10,2.16796875,114,0.86767578125
14.6541,119,0.0997314453125,119,0.426025390625,0,2.08984375,116,0.470703125
14.6649,119,0.0997314453125,116,1.443359375,0,2.08984375,117,1.123046875
14.6720,124,1.138671875,116,1.443359375,-4,2.212890625,117,1.123046875
14.6795,124,1.138671875,117,0.7626953125,-4,2.212890625,121,0.134521484375
14.6925,119,1.2060546875,117,0.7626953125,4,2.45703125,121,0.134521484375
14.7041,119,1.2060546875,117,0.60302734375,4,2.45703125,121,0.1680908203125
14.7161,126,0.332275390625,117,0.60302734375,-8,2.431640625,121,0.1680908203125
14.7248,126,0.332275390625,117,0.60302734375,-8,2.431640625,121,0.2252197265625
14.7344,132,0.305419921875,127,-0.16357421875,11,1.9873046875,121,0.2252197265625
14.7439,132,0.305419921875,127,-0.16357421875,11,1.9873046875,120,0.63623046875
14.7541,134,0.23828125,119,1.1611328125,-4,2.119140625,120,0.63623046875
14.7634,134,0.23828125,119,1.1611328125,-4,2.119140625,121,0.435546875
14.7738,118,2.0078125,114,0.88671875,1,2.267578125,121,0.435546875
14.7859,118,2.0078125,114,0.88671875,1,2.267578125,122,0.3828125
14.7926,129,-0.11474609375,123,0.257080078125,3,2.291015625,122,0.3828125
14.8060,129,-0.11474609375,123,0.257080078125,3,2.291015625,122,-0.06341552734375
14.8148,130,0.1884765625,122,0.75146484375,-6,1.880859375,122,-0.06341552734375
14.8271,130,0.1884765625,122,0.75146484375,-6,1.880859375,121,0.271484375
14.8356,122,1.037109375,123,0.90185546875,8,2.3828125,121,0.271484375
14.8527,124,-0.0953369140625,119,0.6884765625,-6,2.388671875,120,0.57958984375
14.8612,124,-0.0953369140625,119,0.6884765625,-6,2.388671875,121,0.40673828125
14.8715,123,0.80712890625,119,0.8408203125,2,2.140625,121,0.40673828125
14.8835,123,0.80712890625,119,0.8408203125,2,2.140625,120,0.205810546875
14.8895,121,0.63134765625,117,1.15234375,-1,1.859375,120,0.205810546875
14.9030,121,0.63134765625,117,1.15234375,-1,1.859375,123,0.249267578125
14.9101,119,1.1796875,119,0.81201171875,-1,1.859375,123,0.249267578125
14.9176,119,1.1796875,119,0.81201171875,-16,2.150390625,121,0.51318359375
14.9314,128,0.1663818359375,123,0.380859375,-16,2.150390625,121,0.51318359375
14.9452,128,0.1663818359375,123,0.380859375,12,1.779296875,123,0.38720703125
14.9538,124,0.74755859375,123,0.327880859375,-9,2.55859375,123,0.38720703125
14.9631,124,0.74755859375,123,0.327880859375,-9,2.55859375,122,0.5634765625
14.9730,118,1.556640625,120,1.08203125,5,1.654296875,122,0.5634765625
14.9809,118,1.556640625,120,1.08203125,5,1.654296875,124,0.405029296875
14.9925,126,-0.11273193359375,123,0.52685546875,5,1.654296875,124,0.405029296875
15.0035,126,-0.11273193359375,123,0.52685546875,1,1.9794921875,124,0.405029296875
15.0107,130,0.1104736328125,126,0.20263671875,1,1.9794921875,124,0.401611328125
15.0231,130,0.1104736328125,126,0.20263671875,12,1.9580078125,124,0.401611328125
15.0319,127,0.5341796875,123,0.9853515625,-3,1.93359375,125,0.343505859375
15.0392,127,0.5341796875,123,0.9853515625,-3,1.93359375,124,0.303466796875
15.0513,116,1.4384765625,125,0.62060546875,-3,1.93359375,124,0.303466796875
15.0628,116,1.4384765625,125,0.62060546875,1,2.486328125,125,0.3291015625
15.0728,127,0.2900390625,125,0.5498046875,1,2.486328125,125,0.3291015625
15.0819,127,0.2900390625,125,0.5498046875,5,1.9658203125,125,0.3291015625
15.0961,130,0.1842041015625,124,0.615234375,5,1.9658203125,124,0.330810546875
15.1012,130,0.1842041015625,124,0.615234375,3,1.796875,126,0.382568359375
15.1133,118,1.8359375,124,0.6484375,3,1.796875,126,0.382568359375
15.1245,118,1.8359375,124,0.6484375,2,2.01171875,126,0.1929931640625
15.1324,133,0.0462646484375,127,0.346435546875,2,2.01171875,126,0.1929931640625
15.1451,133,0.0462646484375,127,0.346435546875,-5,2.36328125,126,0.1929931640625
15.1558,136,0.251953125,124,1.22265625,-5,2.36328125,124,0.425537109375
15.1642,136,0.251953125,124,1.22265625,1,1.4853515625,124,0.425537109375
15.1752,125,1.5400390625,124,1.22265625,1,1.4853515625,126,0.394287109375
15.1866,125,1.5400390625,126,0.4443359375,-6,2.6953125,126,0.394287109375
15.1911,131,0.175048828125,126,0.4443359375,-6,2.6953125,126,0.3779296875
15.2052,131,0.175048828125,125,0.8408203125,0,2.693359375,126,0.3779296875
15.2119,131,0.175048828125,125,0.8408203125,0,2.693359375,128,0.1961669921875
15.2258,127,0.82568359375,123,0.94921875,-11,2.169921875,128,0.1961669921875
15.2322,127,0.82568359375,123,0.94921875,-11,2.169921875,126,0.423583984375
15.2448,128,0.476806640625,127,-0.1710205078125,10,2.10546875,126,0.423583984375
15.2528,128,-0.11285400390625,127,-0.1710205078125,10,2.10546875,127,0.4970703125
15.2643,128,-0.11285400390625,130,0.81103515625,-4,2.1328125,127,0.4970703125
15.2735,131,0.68212890625,130,0.81103515625,-4,2.1328125,125,0.11932373046875
15.2897,131,0.68212890625,123,1.17578125,12,1.8271484375,125,0.51123046875
15.3016,131,0.67236328125,121,0.7109375,-5,2.2109375,125,0.51123046875
15.3090,131,0.67236328125,121,0.7109375,-5,2.2109375,125,0.09869384765625
15.3155,121,1.9814453125,121,0.7109375,-5,2.2109375,125,0.09869384765625
15.3296,121,1.9814453125,128,0.66259765625,4,1.634765625,125,0.09869384765625
15.3360,137,-0.09881591796875,128,0.66259765625,4,1.634765625,124,0.62548828125
15.3493,137,-0.09881591796875,128,0.560546875,3,2.037109375,124,0.62548828125
15.3578,138,0.07421875,128,0.560546875,3,2.037109375,127,0.2626953125
15.3725,138,0.07421875,126,0.80224609375,10,1.88671875,127,0.2626953125
15.3774,125,1.9296875,126,0.80224609375,10,1.88671875,128,0.360595703125
15.3909,125,1.9296875,126,0.50830078125,-1,1.908203125,128,0.360595703125
15.3970,133,0.263427734375,126,0.50830078125,-1,1.908203125,128,0.49462890625
15.4118,133,0.263427734375,129,0.33349609375,8,1.5849609375,128,0.49462890625
15.4202,132,1.0126953125,129,0.33349609375,8,1.5849609375,129,0.55126953125
15.4416,123,2.025390625,130,0.345458984375,1,2.244140625,130,0.409912109375
15.4541,123,2.025390625,128,0.5126953125,7,1.5439453125,130,0.409912109375
15.4603,133,0.045379638671875,128,0.5126953125,7,1.5439453125,129,0.56982421875
15.4736,133,0.045379638671875,123,1.05078125,0,1.59375,129,0.56982421875
15.4921,134,0.272216796875,131,0.51025390625,3,1.8486328125,128,0.1981201171875
15.5000,127,1.3203125,131,0.51025390625,3,1.8486328125,128,0.49169921875
15.5115,127,1.3203125,129,0.8994140625,0,2.365234375,128,0.49169921875
15.5202,127,1.3203125,129,0.8994140625,0,2.365234375,129,0.3388671875
15.5313,133,0.175048828125,127,0.82568359375,7,2.25,129,0.3388671875
15.5402,133,0.175048828125,127,0.82568359375,7,2.25,130,0.290771484375
15.5530,129,0.86328125,131,0.275146484375,-3,2.20703125,130,0.290771484375
15.5596,129,0.86328125,131,0.275146484375,-3,2.20703125,129,0.418701171875
15.5810,127,0.95947265625,129,0.78955078125,5,2.0703125,130,0.669921875
15.5975,134,-0.1326904296875,129,0.61328125,3,1.8203125,130,0.59814453125
15.6085,137,0.34521484375,135,0.247802734375,-2,2.083984375,130,0.59814453125
15.6151,137,0.34521484375,135,0.247802734375,-2,2.083984375,133,0.1302490234375
15.6282,133,0.79736328125,133,0.82470703125,4,2.044921875,133,0.1302490234375
15.6380,133,0.79736328125,133,0.82470703125,4,2.044921875,133,0.20068359375
15.6508,122,1.4931640625,131,0.7919921875,2,1.859375,133,0.20068359375
15.6603,122,1.4931640625,131,0.7919921875,2,1.859375,132,0.525390625
15.6676,136,0.1776123046875,131,0.443115234375,0,2.27734375,132,0.525390625
15.6756,136,0.1776123046875,131,0.443115234375,0,2.27734375,131,0.08563232421875
15.6901,134,0.76416015625,129,0.8544921875,-8,2.013671875,131,0.08563232421875
15.6961,134,0.76416015625,129,0.8544921875,-8,2.013671875,131,0.8603515625
15.7077,136,0.0556640625,135,0.3251953125,9,2.26171875,131,0.8603515625
15.7188,136,0.0556640625,135,0.3251953125,9,2.26171875,130,0.397216796875
15.7276,136,0.72509765625,130,0.7822265625,-9,2.71875,130,0.397216796875
15.7371,136,0.72509765625,130,0.7822265625,-9,2.71875,130,0.8564453125
15.7472,137,0.3349609375,128,1.2021484375,12,1.921875,130,0.8564453125
15.7558,137,0.3349609375,128,1.2021484375,12,1.921875,131,-0.080810546875
15.7683,126,1.6171875,128,1.2021484375,-9,2.328125,131,-0.080810546875
15.7763,126,1.6171875,127,0.87646484375,-9,2.328125,131,0.85107421875
15.7890,135,0.98974609375,127,0.87646484375,8,2.494140625,131,0.85107421875
15.7962,135,0.98974609375,128,1.1357421875,8,2.494140625,133,0.65673828125
15.8080,135,1.0322265625,135,0.1337890625,-7,2.4765625,133,0.65673828125
15.8172,135,1.0322265625,135,0.1337890625,-7,2.4765625,134,0.41064453125
15.8273,144,0.0958251953125,135,0.1337890625,7,2.06640625,134,0.41064453125
15.8372,144,0.0958251953125,136,1.2509765625,7,2.06640625,136,0.6650390625
15.8483,143,0.62841796875,136,1.2509765625,-16,1.712890625,136,0.6650390625
15.8579,143,0.62841796875,137,0.603515625,-16,1.712890625,140,0.1531982421875
15.8682,145,0.6845703125,137,0.603515625,3,2.568359375,140,0.1531982421875
15.8794,145,0.6845703125,140,0.425048828125,3,2.568359375,140,0.1531982421875
15.8887,135,1.8408203125,140,0.425048828125,3,2.568359375,139,0.26806640625
15.8971,135,1.8408203125,138,0.94287109375,-10,2.2421875,141,0.368896484375
15.9081,146,-0.047027587890625,138,0.94287109375,-10,2.2421875,141,0.368896484375
15.9208,146,-0.047027587890625,140,0.8544921875,13,1.9091796875,141,0.368896484375
15.9297,146,0.90185546875,140,0.8544921875,13,1.9091796875,140,0.3701171875
15.9403,146,0.90185546875,144,-0.078369140625,-10,2.529296875,140,0.3701171875
15.9511,143,0.12176513671875,144,-0.078369140625,-10,2.529296875,140,0.74169921875
15.9622,143,0.12176513671875,140,0.93408203125,11,2.154296875,140,0.74169921875
15.9713,149,1.814453125,140,0.93408203125,11,2.154296875,143,0.38671875
15.9819,149,1.814453125,150,0.5107421875,-17,2.369140625,143,0.38671875
15.9969,148,0.80224609375,153,0.46240234375,9,1.9853515625,146,0.52880859375
16.0081,158,-0.138671875,153,0.46240234375,9,1.9853515625,152,0.26025390625
16.0167,158,-0.138671875,156,0.2110595703125,-2,2.3203125,152,0.26025390625
16.0278,158,-0.138671875,156,0.2110595703125,-2,2.3203125,155,0.0732421875
16.0373,158,0.1373291015625,153,0.60400390625,5,1.865234375,155,0.0732421875
16.0460,147,2.341796875,153,0.60400390625,5,1.865234375,154,0.1983642578125
16.0568,147,2.341796875,155,0.81884765625,0,2.015625,154,0.1983642578125
16.0670,156,0.64501953125,155,0.81884765625,0,2.015625,155,0.69580078125
16.0762,156,0.64501953125,156,0.48974609375,-7,2.33203125,155,0.69580078125
16.0878,156,0.64501953125,156,0.48974609375,-7,2.33203125,157,0.335693359375
16.0946,160,0.2626953125,163,0.4111328125,4,2.41015625,157,0.335693359375
16.1069,160,0.2626953125,163,0.4111328125,4,2.41015625,157,0.36572265625
16.1135,160,-0.1893310546875,153,1.08984375,-11,2.01171875,157,0.36572265625
16.1269,160,-0.1893310546875,153,1.08984375,-11,2.01171875,157,0.317138671875
16.1330,160,0.48583984375,154,0.5390625,7,2.56640625,157,0.317138671875
16.1499,160,0.48583984375,154,0.5390625,7,2.56640625,157,0.301513671875
16.1553,153,1.7421875,156,1.2265625,-14,2.638671875,157,0.301513671875
16.1668,153,1.7421875,156,1.2265625,-14,2.638671875,158,0.55615234375
16.1736,161,0.08502197265625,158,0.6279296875,7,2.29296875,158,0.55615234375
16.1847,161,0.08502197265625,158,0.6279296875,7,2.29296875,158,0.5107421875
16.1939,163,0.26416015625,162,0.2156982421875,-10,1.93359375,158,0.5107421875
16.2075,163,0.26416015625,162,0.2156982421875,-10,1.93359375,159,0.435302734375
16.2138,157,1.029296875,162,0.2156982421875,1,2.56640625,159,0.435302734375
16.2272,157,1.029296875,158,1.94140625,1,2.56640625,162,0.482666015625
16.2330,163,0.96826171875,158,1.94140625,-5,2.525390625,162,0.482666015625
16.2464,163,0.96826171875,166,0.1566162109375,-5,2.525390625,163,0.4326171875
16.2527,161,1.12109375,165,0.619140625,12,1.9453125,163,0.4326171875
16.2638,161,1.12109375,165,0.619140625,12,1.9453125,165,0.2939453125
16.2733,169,-0.08221435546875,165,0.619140625,5,1.611328125,165,0.2939453125
16.2862,169,-0.08221435546875,165,0.6083984375,5,1.611328125,166,0.28076171875
16.2918,169,0.058807373046875,165,0.6083984375,11,1.4423828125,166,0.28076171875
16.3074,169,0.058807373046875,166,0.5654296875,11,1.4423828125,165,0.32958984375
16.3129,162,1.0517578125,166,0.5654296875,4,2.009765625,165,0.32958984375
16.3241,162,1.0517578125,164,0.50390625,4,2.009765625,165,0.442626953125
16.3326,164,0.8583984375,164,0.50390625,4,2.009765625,165,0.442626953125
16.3438,164,0.8583984375,164,0.740234375,0,2.107421875,165,0.478759765625
16.3558,161,1.1103515625,164,0.740234375,0,2.107421875,165,0.478759765625
16.3654,161,1.1103515625,162,0.84765625,-4,1.8076171875,165,0.396240234375
16.3721,169,-0.207275390625,162,0.84765625,6,1.955078125,165,0.396240234375
16.3852,169,-0.207275390625,164,0.646484375,6,1.955078125,165,0.396240234375
16.3916,171,0.1876220703125,164,0.646484375,6,1.955078125,164,0.41748046875
16.4037,171,0.1876220703125,166,0.51171875,4,2.01953125,164,0.396484375
16.4129,155,1.904296875,166,0.51171875,4,2.01953125,164,0.396484375
16.4278,155,1.904296875,163,1.01171875,0,1.9365234375,166,1.0576171875
16.4331,168,0.8076171875,163,1.01171875,0,1.9365234375,166,1.0576171875
16.4475,168,0.8076171875,169,0.41357421875,0,1.8125,166,1.0576171875
16.4569,166,1.0126953125,169,0.41357421875,0,1.8125,167,0.485107421875
16.4703,166,1.0126953125,169,0.385498046875,15,1.76171875,167,0.485107421875
16.4776,177,-0.16064453125,169,0.385498046875,15,1.76171875,170,-0.2186279296875
16.4932,177,-0.16064453125,168,0.400390625,1,1.8232421875,170,-0.2186279296875
16.4979,179,0.99755859375,168,0.400390625,1,1.8232421875,170,0.25537109375
16.5093,179,0.99755859375,172,1.232421875,10,1.890625,170,0.25537109375
16.5182,178,-0.08935546875,172,1.232421875,-10,2.361328125,173,0.8623046875
16.5287,178,-0.08935546875,178,0.341796875,-10,2.361328125,173,0.8623046875
16.5396,178,-0.08935546875,178,0.341796875,-10,2.361328125,177,0.28173828125
16.5525,181,0.277099609375,181,0.3291015625,9,1.6337890625,177,0.28173828125
16.5595,174,1.302734375,181,0.3291015625,9,1.6337890625,178,0.5263671875
16.5720,174,1.302734375,181,0.3291015625,-4,2.37890625,178,0.5263671875
16.5802,178,0.84912109375,179,0.68798828125,-4,2.37890625,178,0.418212890625
16.5895,178,0.84912109375,180,0.338623046875,11,2.005859375,178,0.418212890625
16.6000,178,0.84912109375,180,0.338623046875,11,2.005859375,179,0.279296875
16.6123,176,0.7509765625,178,0.64501953125,0,2.212890625,179,0.279296875
16.6210,176,0.7509765625,178,0.64501953125,0,2.212890625,178,0.323486328125
16.6315,183,0.10699462890625,178,0.64501953125,10,1.451171875,178,0.323486328125
16.6397,178,0.91796875,173,1.6201171875,10,1.451171875,177,0.6123046875
16.6494,178,0.91796875,184,-0.10711669921875,1,2.078125,177,0.6123046875
16.6598,178,0.91796875,184,-0.10711669921875,1,2.078125,178,0.47021484375
16.6712,182,-0.15966796875,176,0.837890625,7,1.841796875,178,0.47021484375
16.6792,182,-0.15966796875,176,0.837890625,7,1.841796875,180,0.1932373046875
16.6907,183,0.35888671875,176,0.837890625,0,1.44921875,180,0.1932373046875
16.6999,183,0.35888671875,179,0.673828125,0,1.44921875,181,0.276611328125
16.7101,175,1.5302734375,178,1.6005859375,-7,2.685546875,181,0.276611328125
16.7212,175,1.5302734375,178,1.6005859375,-7,2.685546875,181,0.5439453125
16.7292,182,0.88330078125,178,1.6005859375,9,2.05859375,181,0.5439453125
16.7410,182,0.88330078125,182,0.56982421875,9,2.05859375,182,0.27587890625
16.7540,179,0.99072265625,183,0.65625,-10,2.34375,182,0.26953125
16.7650,187,-0.0316162109375,183,0.46435546875,7,1.9970703125,182,0.26953125
16.7740,187,-0.0316162109375,183,0.46435546875,7,1.9970703125,182,0.50341796875
16.7851,187,0.292724609375,183,0.46435546875,2,1.9951171875,182,0.50341796875
16.7935,187,0.292724609375,182,0.81591796875,2,1.9951171875,183,0.36669921875
16.8052,183,0.0848388671875,182,0.81591796875,14,1.8447265625,183,0.36669921875
16.8129,183,0.0848388671875,181,0.64501953125,14,1.8447265625,183,0.36669921875
16.8268,180,0.89990234375,181,0.64501953125,4,1.955078125,183,0.36669921875
16.8334,180,0.89990234375,183,0.386474609375,4,1.955078125,181,-0.0379638671875
16.8471,184,-0.08843994140625,183,0.386474609375,-5,2.64453125,181,-0.0379638671875
16.8540,184,-0.08843994140625,181,0.74462890625,-5,2.64453125,181,0.409423828125
16.8673,184,0.70751953125,181,0.74462890625,-5,2.64453125,181,0.409423828125
16.8763,184,0.70751953125,183,0.280029296875,7,2.21875,180,0.60107421875
16.8856,177,0.86376953125,183,0.280029296875,-9,2.25,180,0.60107421875
16.8964,177,0.86376953125,180,0.7509765625,-9,2.25,180,0.60107421875
16.9065,181,0.541015625,180,0.7509765625,-9,2.25,181,0.67919921875
16.9147,181,0.541015625,180,0.587890625,8,2.32421875,180,0.447998046875
16.9257,179,0.8466796875,180,0.587890625,8,2.32421875,180,0.447998046875
16.9381,179,0.8466796875,180,0.68798828125,-8,2.46484375,179,0.5693359375
16.9472,184,0.11224365234375,180,0.68798828125,-8,2.46484375,179,0.5693359375
16.9576,184,0.11224365234375,178,0.58642578125,10,2.20703125,179,0.5693359375
16.9706,179,1.10546875,178,0.58642578125,10,2.20703125,180,0.59423828125
16.9790,179,1.10546875,180,0.69384765625,-5,2.44921875,180,0.59423828125
16.9879,185,-0.187255859375,180,0.69384765625,-5,2.44921875,182,0.29736328125
16.9988,185,-0.187255859375,181,0.82275390625,11,1.9013671875,182,0.29736328125
17.0076,185,0.50634765625,181,0.82275390625,11,1.9013671875,182,0.426025390625
17.0187,185,0.50634765625,183,0.466552734375,0,2.07421875,182,0.426025390625
17.0297,177,1.49609375,183,0.466552734375,0,2.07421875,181,0.41552734375
17.0392,177,1.49609375,182,0.6142578125,5,1.8544921875,181,0.41552734375
17.0512,177,1.49609375,182,0.6142578125,5,1.8544921875,182,0.468994140625
17.0597,183,0.70849609375,182,0.88427734375,2,1.931640625,182,0.468994140625
17.0696,183,0.70849609375,182,0.88427734375,2,1.931640625,183,0.401611328125
17.0759,179,1.1416015625,182,0.498779296875,-1,2.158203125,183,0.401611328125
17.0910,186,0.1351318359375,182,0.498779296875,-1,2.158203125,183,0.34228515625
17.0963,186,0.1351318359375,181,1.1201171875,4,2.291015625,183,0.34228515625
17.1102,186,0.1351318359375,181,1.1201171875,4,2.291015625,181,0.4912109375
17.1153,184,0.53662109375,185,-0.07171630859375,-8,2.421875,181,0.4912109375
17.1288,184,0.53662109375,185,-0.07171630859375,-8,2.421875,181,0.5224609375
17.1350,184,-0.06982421875,182,0.677734375,7,2.076171875,181,0.5224609375
17.1471,184,-0.06982421875,182,0.677734375,7,2.076171875,183,0.35107421875
17.1558,182,0.75634765625,181,0.82958984375,-3,2.12109375,183,0.35107421875
17.1690,182,0.75634765625,181,0.82958984375,-3,2.12109375,183,0.1717529296875
17.1781,180,0.88818359375,181,0.82958984375,8,2.39453125,183,0.1717529296875
17.1888,180,0.88818359375,181,0.720703125,8,2.39453125,183,0.1495361328125
17.1959,185,0.56787109375,185,-0.1689453125,-7,2.318359375,183,0.1495361328125
17.2074,185,0.56787109375,185,-0.1689453125,-7,2.318359375,182,0.446533203125
17.2152,178,1.4013671875,183,0.60498046875,11,1.837890625,182,0.446533203125
17.2288,178,1.4013671875,183,0.60498046875,11,1.837890625,181,0.36474609375
17.2351,183,0.265869140625,183,0.60498046875,-7,2.322265625,181,0.36474609375
17.2483,183,0.265869140625,176,0.94140625,-7,2.322265625,179,0.424560546875
17.2547,176,1.154296875,176,0.94140625,10,1.8916015625,179,0.424560546875
17.2681,176,1.154296875,178,0.406005859375,10,1.8916015625,179,0.41259765625
17.2753,182,-0.05853271484375,178,0.406005859375,-2,2.033203125,179,0.41259765625
17.2863,182,-0.05853271484375,179,0.301513671875,-2,2.033203125,178,0.291259765625
17.2963,183,0.1884765625,179,0.301513671875,0,2.072265625,178,0.291259765625
17.3059,183,0.1884765625,182,-0.1527099609375,0,2.072265625,177,0.6611328125
17.3169,171,1.701171875,182,-0.1527099609375,0,2.072265625,177,0.6611328125
17.3264,171,1.701171875,176,1.1943359375,6,1.931640625,178,0.402587890625
17.3353,175,0.9736328125,176,1.1943359375,6,1.931640625,178,0.402587890625
17.3480,175,0.9736328125,173,0.701171875,-13,2.49609375,176,0.7021484375
17.3588,178,0.2152099609375,173,0.701171875,4,2.203125,176,0.7021484375
17.3691,178,0.2152099609375,176,0.466796875,4,2.203125,175,0.58349609375
17.3801,182,0.26611328125,176,0.466796875,4,2.203125,175,0.58349609375
17.3912,182,0.26611328125,177,0.1588134765625,-6,2.16015625,175,0.83642578125
17.3998,181,0.158935546875,177,0.1588134765625,-6,2.16015625,175,0.83642578125
17.4119,181,0.158935546875,179,0.41357421875,6,2.455078125,175,0.83642578125
17.4186,180,0.80859375,179,0.41357421875,6,2.455078125,177,0.443359375
17.4294,180,0.80859375,175,0.6748046875,-2,2.26171875,176,0.387451171875
17.4384,177,0.9765625,175,0.6748046875,-2,2.26171875,176,0.387451171875
17.4518,177,0.9765625,173,0.79833984375,4,2.158203125,174,0.11798095703125
17.4621,175,0.3837890625,173,0.79833984375,4,2.158203125,174,0.11798095703125
17.4793,177,-0.251220703125,172,0.6318359375,-8,2.244140625,172,0.321533203125
17.4972,175,0.441650390625,168,0.58544921875,0,2.091796875,171,0.482177734375
17.5083,175,0.441650390625,172,0.488525390625,-9,1.7548828125,171,0.482177734375
17.5147,163,1.681640625,172,0.488525390625,-9,1.7548828125,168,0.52392578125
17.5268,163,1.681640625,167,1.5732421875,11,2.40234375,168,0.52392578125
17.5370,168,0.7109375,167,1.5732421875,11,2.40234375,167,0.86376953125
17.5482,168,0.7109375,168,0.591796875,-5,2.27734375,167,0.86376953125
17.5572,166,1.1689453125,168,0.591796875,-5,2.27734375,168,0.358642578125
17.5696,166,1.1689453125,171,0.74853515625,14,1.83984375,168,0.358642578125
17.5778,172,0.51123046875,171,0.74853515625,14,1.83984375,170,0.234619140625
17.5893,172,0.51123046875,164,1.2294921875,2,2.234375,170,0.234619140625
17.5996,173,0.278564453125,164,1.2294921875,2,2.234375,169,0.40380859375
17.6085,173,0.278564453125,168,0.24658203125,-8,2.291015625,169,0.40380859375
17.6191,173,0.278564453125,168,0.24658203125,-8,2.291015625,169,0.4658203125
17.6279,171,0.1531982421875,171,0.6865234375,3,2.0390625,169,0.4658203125
17.6411,171,0.1531982421875,171,0.6865234375,3,2.0390625,170,0.3681640625
17.6473,168,0.89453125,170,0.6357421875,-7,1.9765625,170,0.3681640625
17.6566,168,0.89453125,170,0.6357421875,-7,1.9765625,171,0.19384765625
17.6671,167,1.0029296875,170,0.73681640625,5,2.115234375,171,0.19384765625
17.6758,167,1.0029296875,170,0.73681640625,5,2.115234375,170,0.286376953125
17.6869,174,0.421630859375,170,0.73681640625,-10,2.30859375,170,0.286376953125
17.6973,174,0.421630859375,171,0.544921875,-10,2.30859375,168,0.62451171875
17.7070,170,0.73388671875,171,0.544921875,8,1.880859375,168,0.62451171875
17.7160,170,0.73388671875,170,0.23974609375,8,1.880859375,170,0.2978515625
17.7274,169,0.34765625,168,0.9072265625,-7,2.3046875,170,0.2978515625
17.7359,169,0.34765625,168,0.9072265625,-7,2.3046875,169,0.47802734375
17.7483,168,0.833984375,172,0.2425537109375,2,2.146484375,169,0.47802734375
17.7596,168,0.833984375,172,0.2425537109375,2,2.146484375,169,0.35888671875
17.7663,168,0.97509765625,172,0.2425537109375,-2,2.224609375,169,0.35888671875
17.7766,168,0.97509765625,170,0.740234375,-2,2.224609375,169,0.394775390625
17.7861,174,0.42138671875,170,0.740234375,11,2.087890625,169,0.394775390625
17.7947,174,0.42138671875,166,1.1962890625,11,2.087890625,170,0.260498046875
17.8071,168,1.10546875,166,1.1962890625,-4,2.31640625,170,0.260498046875
17.8140,168,1.10546875,175,0.1224365234375,-4,2.31640625,170,0.3388671875
17.8283,171,0.1817626953125,175,0.1224365234375,-4,2.31640625,170,0.3388671875
17.8368,171,0.1817626953125,168,0.7138671875,3,2.095703125,170,0.4228515625
17.8479,167,1.06640625,168,0.7138671875,3,2.095703125,170,0.4228515625
17.8574,167,1.06640625,171,0.6484375,1,2.150390625,170,0.4228515625
17.8655,172,0.1566162109375,171,0.6484375,1,2.150390625,170,0.3486328125
17.8738,172,0.1566162109375,170,0.57470703125,0,1.857421875,170,0.1895751953125
17.8892,175,0.244873046875,170,0.57470703125,0,1.857421875,170,0.1895751953125
17.8948,175,0.244873046875,172,0.40576171875,2,1.7109375,169,0.5078125
17.9068,166,1.6640625,172,0.40576171875,2,1.7109375,169,0.5078125
17.9161,166,1.6640625,170,0.72998046875,0,2.3203125,169,0.5078125
17.9250,170,-0.71142578125,170,0.72998046875,0,2.3203125,169,0.4970703125
17.9355,170,-0.71142578125,166,0.2646484375,5,1.8740234375,169,0.4970703125
17.9444,170,0.28125,166,0.2646484375,5,1.8740234375,168,0.1470947265625
17.9568,170,0.28125,168,0.384033203125,-1,2.3125,168,0.1470947265625
17.9671,158,1.6337890625,168,0.384033203125,-1,2.3125,165,0.310791015625
17.9773,158,1.6337890625,163,0.921875,3,1.978515625,165,0.310791015625
17.9864,165,0.5966796875,163,0.921875,3,1.978515625,163,0.36669921875
17.9967,165,0.5966796875,161,0.787109375,-5,2.1484375,163,0.36669921875
18.0057,167,0.26904296875,161,0.787109375,-5,2.1484375,163,0.5390625
18.0141,167,0.26904296875,163,0.90576171875,11,2.3359375,163,0.5390625
18.0259,166,0.0187835693359375,163,0.90576171875,11,2.3359375,163,0.477294921875
18.0347,166,0.0187835693359375,166,0.176513671875,-16,2.171875,163,0.477294921875
18.0453,166,0.66259765625,166,0.176513671875,-16,2.171875,164,0.490234375
18.0563,166,0.66259765625,166,0.2880859375,6,2.0625,164,0.490234375
18.0649,160,1.490234375,166,0.2880859375,6,2.0625,165,0.258544921875
18.0735,160,1.490234375,163,0.95703125,-6,2.173828125,165,0.258544921875
18.0850,167,0.1627197265625,163,0.95703125,-6,2.173828125,166,0.1796875
18.0930,167,0.1627197265625,161,0.8916015625,10,1.5908203125,166,0.1796875
18.1063,164,0.751953125,161,0.8916015625,10,1.5908203125,165,0.453125
18.1145,164,0.751953125,161,0.8916015625,2,2.005859375,165,0.453125
18.1281,164,0.751953125,163,0.76611328125,2,2.005859375,164,0.45849609375
18.1339,168,-0.258544921875,163,0.76611328125,0,2.279296875,164,0.45849609375
18.1469,168,-0.258544921875,165,0.61474609375,0,2.279296875,165,0.47314453125
18.1567,167,0.59716796875,165,0.61474609375,3,1.5869140625,165,0.47314453125
18.1670,159,1.8603515625,164,0.88525390625,3,1.5869140625,164,0.51611328125
18.1736,159,1.8603515625,164,0.88525390625,-3,2.51171875,164,0.51611328125
18.1885,159,1.8603515625,165,0.6044921875,-3,2.51171875,164,0.44677734375
18.1953,167,0.1566162109375,165,0.6044921875,8,2.001953125,164,0.44677734375
18.2079,167,0.1566162109375,164,0.28125,8,2.001953125,164,0.490478515625
18.2146,165,0.7431640625,164,0.28125,-4,2.03515625,164,0.490478515625
18.2264,165,0.7431640625,165,0.35498046875,-4,2.03515625,164,0.265625
18.2343,168,0.1356201171875,165,0.35498046875,5,2.1484375,164,0.265625
18.2460,168,0.1356201171875,161,1.1787109375,5,2.1484375,163,0.45556640625
18.2579,170,0.17724609375,161,1.1787109375,7,1.94921875,163,0.45556640625
18.2658,170,0.17724609375,165,0.39990234375,7,1.94921875,163,-0.10076904296875
18.2769,160,1.994140625,165,0.39990234375,7,1.94921875,163,-0.10076904296875
18.2866,160,1.994140625,164,0.8408203125,6,1.716796875,164,0.48681640625
18.2976,167,0.130615234375,164,0.8408203125,6,1.716796875,164,0.48681640625
18.3082,167,0.130615234375,163,0.5771484375,-15,2.52734375,164,0.48681640625
18.3160,162,1.0087890625,163,0.5771484375,5,2.8203125,165,0.368408203125
18.3274,162,1.0087890625,165,0.416748046875,5,2.8203125,165,0.368408203125
18.3375,169,-0.03619384765625,165,0.416748046875,5,2.8203125,163,0.30908203125
18.3479,169,-0.03619384765625,161,1.0087890625,-7,2.30859375,163,0.343994140625
18.3576,173,0.27734375,161,1.0087890625,-7,2.30859375,163,0.343994140625
18.3672,173,0.27734375,160,1.2685546875,5,1.9765625,163,0.343994140625
18.3768,161,1.6943359375,160,1.2685546875,5,1.9765625,162,0.7802734375
18.3914,161,1.6943359375,169,0.12548828125,-5,2.513671875,162,0.7802734375
18.3990,166,0.309814453125,169,0.12548828125,-5,2.513671875,162,0.62060546875
18.4096,166,0.309814453125,164,0.448974609375,3,1.9482421875,164,-0.052398681640625
18.4201,161,1.169921875,164,0.448974609375,3,1.9482421875,164,-0.052398681640625
18.4306,161,1.169921875,163,0.69970703125,-7,2.498046875,164,-0.052398681640625
18.4375,168,-0.2271728515625,163,0.69970703125,-7,2.498046875,164,0.083251953125
18.4521,168,-0.2271728515625,161,0.96923828125,13,2.173828125,164,0.083251953125
18.4610,170,-0.167236328125,161,0.96923828125,13,2.173828125,163,0.44482421875
18.4712,170,-0.167236328125,165,-0.274658203125,-6,1.8505859375,163,0.44482421875
18.4826,163,1.744140625,165,-0.274658203125,-6,1.8505859375,161,0.435791015625
18.4919,163,1.744140625,163,1.205078125,12,2.1640625,161,0.435791015625
18.4997,168,0.11346435546875,163,1.205078125,12,2.1640625,162,0.5498046875
18.5152,162,1.6923828125,161,0.8671875,-3,2.185546875,164,0.26806640625
18.5288,162,1.6923828125,165,0.2177734375,13,1.650390625,164,0.26806640625
18.5374,167,0.57421875,165,0.2177734375,13,1.650390625,163,0.12188720703125
18.5483,167,0.57421875,163,1.0361328125,1,2.0,163,0.12188720703125
18.5573,170,0.121337890625,163,1.0361328125,1,2.0,164,0.56005859375
18.5681,170,0.121337890625,160,0.97705078125,8,1.98828125,164,0.56005859375
18.5775,163,1.1064453125,160,0.97705078125,8,1.98828125,164,0.3818359375
18.5914,163,1.1064453125,160,0.97705078125,-9,1.951171875,164,0.3818359375
18.5971,166,0.317626953125,165,0.53515625,-9,1.951171875,164,0.6171875
18.6124,166,0.317626953125,165,0.53515625,12,1.875,164,0.6171875
18.6173,160,1.521484375,168,0.556640625,12,1.875,165,0.419189453125
18.6310,160,1.521484375,168,0.556640625,-4,2.3671875,165,0.419189453125
18.6380,168,0.364013671875,165,0.302490234375,-4,2.3671875,165,0.180419921875
18.6486,168,0.364013671875,165,0.302490234375,6,2.158203125,165,0.180419921875
18.6589,172,-0.37548828125,167,0.9033203125,6,2.158203125,162,0.59423828125
18.6771,165,0.358154296875,157,1.248046875,0,1.8505859375,161,0.360107421875
18.6843,165,0.358154296875,157,1.248046875,2,1.91015625,161,0.360107421875
18.6961,165,0.358154296875,158,0.61279296875,2,1.91015625,159,0.257568359375
18.7063,167,0.2274169921875,158,0.61279296875,0,1.8515625,159,0.257568359375
18.7158,167,0.2274169921875,157,0.8125,0,1.8515625,156,0.37158203125
18.7272,157,1.2314453125,157,0.8125,10,1.53515625,156,0.37158203125
18.7352,157,1.2314453125,158,0.330078125,10,1.53515625,155,0.646484375
18.7440,157,1.09765625,158,0.330078125,0,1.923828125,155,0.646484375
18.7527,157,1.09765625,156,0.6640625,0,1.923828125,156,0.337890625
18.7675,164,0.67333984375,156,0.6640625,0,2.048828125,156,0.337890625
18.7744,164,0.67333984375,155,0.90087890625,0,2.048828125,156,1.458984375
18.7863,164,1.01953125,155,0.90087890625,0,2.224609375,156,1.458984375
18.7938,164,1.01953125,162,0.478759765625,0,2.224609375,160,0.83251953125
18.8083,167,0.320556640625,162,0.478759765625,-2,1.693359375,160,0.83251953125
18.8140,167,0.320556640625,164,0.3271484375,-2,1.693359375,164,0.177001953125
18.8265,166,0.791015625,164,0.3271484375,4,1.7734375,164,0.177001953125
18.8336,166,0.791015625,163,0.4228515625,4,1.7734375,165,0.21533203125
18.8471,168,0.642578125,163,0.4228515625,4,1.7734375,165,0.21533203125
18.8545,168,0.642578125,164,0.124755859375,-6,2.521484375,165,0.21533203125
18.8665,168,1.8525390625,164,0.124755859375,3,2.15625,164,0.326171875
18.8765,168,1.8525390625,163,1.0537109375,3,2.15625,164,0.326171875
18.8853,169,0.84423828125,163,1.0537109375,3,2.15625,165,0.446533203125
18.8973,169,0.84423828125,166,0.6953125,-6,2.07421875,167,0.1505126953125
18.9049,176,-0.201171875,166,0.6953125,-6,2.07421875,167,0.1505126953125
18.9130,176,-0.201171875,168,0.58740234375,0,2.212890625,167,0.1505126953125
18.9261,178,0.21826171875,168,0.58740234375,0,2.1796875,167,0.332275390625
18.9339,178,0.21826171875,167,0.53515625,0,2.1796875,167,0.332275390625
18.9453,170,1.35546875,167,0.53515625,0,2.1796875,167,0.482177734375
18.9552,170,1.35546875,169,0.7880859375,5,2.443359375,167,0.482177734375
18.9657,173,1.779296875,169,0.7880859375,5,2.443359375,169,0.4228515625
18.9769,173,1.779296875,169,1.4169921875,-9,2.05078125,169,0.4228515625
18.9888,174,1.01171875,169,1.4169921875,-9,2.05078125,172,0.56396484375
18.9967,174,1.01171875,176,0.225341796875,7,2.443359375,172,0.56396484375
19.0119,185,0.06494140625,176,0.225341796875,7,2.443359375,175,0.175048828125
19.0157,185,0.06494140625,176,0.7255859375,-7,2.33203125,175,0.175048828125
19.0270,181,0.86669921875,176,0.7255859375,-7,2.33203125,176,0.376220703125
19.0374,181,0.86669921875,175,0.61474609375,11,2.14453125,176,0.376220703125
19.0465,182,0.34423828125,175,0.61474609375,11,2.14453125,176,0.4482421875
19.0576,182,0.34423828125,175,0.61474609375,-8,2.216796875,176,0.4482421875
19.0688,176,1.0380859375,176,0.5908203125,-8,2.216796875,176,0.39208984375
19.0769,176,1.0380859375,176,0.5908203125,10,2.01171875,176,0.39208984375
19.0882,176,1.0380859375,171,0.974609375,10,2.01171875,175,0.462158203125
19.0966,182,-0.0738525390625,176,0.52001953125,1,2.015625,175,0.462158203125
19.1085,182,-0.0738525390625,176,0.52001953125,1,2.015625,174,0.462158203125
19.1159,184,0.375,176,0.52001953125,7,1.7607421875,174,0.462158203125
19.1281,174,1.642578125,174,0.74951171875,7,1.7607421875,174,0.443115234375
19.1355,174,1.642578125,174,0.74951171875,5,2.25390625,174,0.443115234375
19.1466,174,1.642578125,174,0.81787109375,5,2.25390625,175,0.261962890625
19.1542,179,0.93408203125,174,0.81787109375,-8,2.248046875,175,0.261962890625
19.1673,179,0.93408203125,172,0.78369140625,-8,2.248046875,175,0.370361328125
19.1739,179,0.436279296875,172,0.78369140625,9,2.115234375,175,0.370361328125
19.1891,179,0.436279296875,175,0.640625,9,2.115234375,174,0.55029296875
19.1951,184,0.0244903564453125,175,0.640625,9,2.115234375,174,0.55029296875
19.2104,184,0.0244903564453125,175,0.6533203125,-11,2.599609375,175,-0.09063720703125
19.2156,180,0.51708984375,175,0.6533203125,3,2.203125,175,-0.09063720703125
19.2294,180,0.51708984375,170,0.72412109375,3,2.203125,173,0.2069091796875
19.2354,175,0.1888427734375,170,0.72412109375,-7,2.13671875,173,0.2069091796875
19.2472,175,0.1888427734375,172,0.55224609375,-7,2.13671875,169,0.393310546875
19.2571,170,0.95556640625,172,0.55224609375,5,2.5625,169,0.393310546875
19.2672,170,0.95556640625,167,1.0517578125,5,2.5625,168,0.63427734375
19.2770,165,1.1123046875,167,1.0517578125,-6,2.44140625,168,0.63427734375
19.2878,165,1.1123046875,171,0.2445068359375,-6,2.44140625,167,0.6064453125
19.2964,173,0.173095703125,171,0.2445068359375,9,2.2421875,167,0.6064453125
19.3087,173,0.173095703125,168,1.048828125,9,2.2421875,168,0.16552734375
19.3163,167,1.4697265625,168,1.048828125,-12,2.404296875,168,0.16552734375
19.3281,167,1.4697265625,167,0.46435546875,-12,2.404296875,168,0.40625
19.3388,173,0.0921630859375,167,0.46435546875,2,2.4453125,168,0.40625
19.3475,173,0.0921630859375,166,1.232421875,2,2.4453125,168,0.54736328125
19.3569,174,0.264892578125,166,1.232421875,-8,2.33984375,168,0.54736328125
19.3684,174,0.264892578125,168,0.62158203125,-8,2.33984375,168,0.54736328125
19.3766,166,1.611328125,168,0.62158203125,-8,2.33984375,169,0.446044921875
19.3904,166,1.611328125,170,1.244140625,11,2.1484375,169,0.446044921875
19.3990,171,1.05859375,170,1.244140625,11,2.1484375,170,0.6669921875
19.4122,171,1.05859375,173,0.9111328125,-5,2.166015625,170,0.6669921875
19.4183,172,0.9287109375,173,0.9111328125,-5,2.166015625,171,0.6083984375
19.4298,172,0.9287109375,170,1.73828125,12,1.44140625,171,0.6083984375
19.4449,178,0.41748046875,170,1.73828125,12,1.44140625,172,0.6318359375
19.4505,178,0.41748046875,178,0.35546875,-2,2.111328125,172,0.6318359375
19.4593,183,0.1634521484375,178,0.35546875,-2,2.111328125,175,0.468994140625
19.4776,177,1.0576171875,175,0.23828125,5,1.7783203125,176,-0.291015625
19.4922,177,1.0576171875,172,0.99755859375,2,2.017578125,176,-0.291015625
19.4984,174,0.82666015625,172,0.99755859375,2,2.017578125,174,0.40673828125
19.5120,174,0.82666015625,172,0.99755859375,-10,2.1171875,174,0.40673828125
19.5249,168,1.130859375,171,-0.359130859375,-10,2.1171875,171,0.14697265625
19.5305,168,1.130859375,167,0.66015625,3,1.8154296875,171,0.14697265625
19.5413,168,1.130859375,167,0.66015625,3,1.8154296875,167,0.40283203125
19.5519,175,0.06219482421875,165,0.76953125,-3,1.7568359375,167,0.40283203125
19.5631,175,0.06219482421875,165,0.76953125,-3,1.7568359375,164,0.8203125
19.5740,169,1.1318359375,165,0.76953125,6,2.255859375,164,0.8203125
19.5814,175,0.337646484375,165,1.2158203125,6,2.255859375,166,0.70751953125
19.5942,175,0.337646484375,165,1.2158203125,-11,1.8134765625,166,0.70751953125
19.6017,175,0.337646484375,168,0.55712890625,-11,1.8134765625,169,0.251708984375
19.6169,178,0.31396484375,171,0.5205078125,4,2.5,170,0.33740234375
19.6285,170,1.673828125,171,0.5205078125,-7,2.732421875,170,0.33740234375
19.6367,170,1.673828125,170,0.376953125,-7,2.732421875,171,0.416748046875
19.6487,175,0.60791015625,170,0.376953125,6,2.080078125,171,0.416748046875
19.6591,175,0.60791015625,173,0.472412109375,6,2.080078125,171,0.62548828125
19.6672,177,0.1583251953125,173,0.472412109375,-14,2.455078125,171,0.62548828125
19.6768,177,0.1583251953125,171,0.65234375,-14,2.455078125,172,-0.5888671875
19.6899,173,0.343017578125,171,0.65234375,5,2.53515625,172,-0.5888671875
19.6963,173,0.343017578125,168,0.99853515625,5,2.53515625,170,-0.14501953125
19.7096,170,0.998046875,168,0.99853515625,-8,2.482421875,170,-0.14501953125
19.7168,170,0.998046875,168,0.8017578125,-8,2.482421875,167,0.355712890625
19.7277,165,1.6640625,168,0.8017578125,10,2.1484375,167,0.355712890625
19.7366,165,1.6640625,167,0.47119140625,10,2.1484375,167,0.464111328125
19.7474,173,0.53271484375,167,0.47119140625,-9,2.244140625,167,0.464111328125
19.7586,173,0.53271484375,169,0.751953125,-9,2.244140625,167,0.5458984375
19.7690,172,0.468505859375,169,0.751953125,-9,2.244140625,167,0.5458984375
19.7792,172,0.468505859375,167,0.861328125,10,1.7646484375,169,0.1376953125
19.7887,171,-0.6142578125,167,0.861328125,0,2.138671875,169,0.1376953125
19.8091,170,0.677734375,169,0.2305908203125,-2,2.431640625,168,0.1923828125
19.8162,170,0.677734375,167,0.301025390625,-2,2.431640625,168,0.1923828125
19.8273,158,1.9091796875,167,0.301025390625,0,1.7421875,166,0.281005859375
19.8378,158,1.9091796875,159,1.0458984375,0,1.7421875,166,0.281005859375
19.8469,167,0.453369140625,159,1.0458984375,0,1.7421875,162,0.475830078125
19.8603,167,0.453369140625,161,0.64794921875,10,1.6787109375,162,0.475830078125
19.8668,166,0.634765625,161,0.64794921875,10,1.6787109375,160,0.67431640625
19.8776,166,0.634765625,161,0.82861328125,5,2.056640625,160,0.67431640625
19.8885,170,-0.748046875,161,0.82861328125,5,2.056640625,161,0.327392578125
19.8985,170,-0.748046875,158,0.0743408203125,-10,2.16015625,161,0.327392578125
19.9094,168,0.080322265625,158,0.0743408203125,6,2.57421875,158,0.1353759765625
19.9163,168,0.080322265625,159,0.489990234375,6,2.57421875,158,0.1353759765625
19.9311,168,0.080322265625,159,0.489990234375,6,2.57421875,155,0.4736328125
19.9387,153,2.087890625,151,0.33056640625,0,1.6748046875,155,0.4736328125
19.9510,158,0.06488037109375,151,0.33056640625,0,1.6748046875,153,-0.1722412109375
19.9629,158,0.06488037109375,151,0.33056640625,1,2.349609375,153,-0.1722412109375
19.9702,148,0.25634765625,149,0.5986328125,1,2.349609375,148,0.6416015625
19.9794,148,0.25634765625,149,0.5986328125,-8,2.318359375,148,0.6416015625
19.9913,148,0.25634765625,146,0.470703125,-8,2.318359375,144,0.52587890625
20.0005,144,1.0,146,0.470703125,13,1.7939453125,144,0.52587890625
20.0216,136,0.32666015625,138,-0.5703125,-6,2.5546875,137,-0.34423828125
20.0331,134,0.342529296875,130,0.5908203125,-6,2.5546875,129,0.607421875
20.0408,134,0.342529296875,130,0.5908203125,9,2.205078125,129,0.607421875
20.0516,134,0.342529296875,125,0.9912109375,9,2.205078125,122,0.73681640625
20.0618,122,1.119140625,125,0.9912109375,0,1.98046875,122,0.73681640625
20.0713,122,1.119140625,119,1.5078125,0,1.98046875,120,0.66015625
20.0810,113,1.6435546875,119,1.5078125,-2,2.259765625,120,0.66015625
20.0927,113,1.6435546875,120,0.51220703125,-2,2.259765625,121,0.3447265625
20.1004,124,0.052886962890625,120,0.51220703125,2,1.8720703125,121,0.3447265625
20.1117,124,0.052886962890625,124,-0.73486328125,2,1.8720703125,119,-0.07867431640625
20.1177,122,0.462158203125,124,-0.73486328125,8,1.6044921875,119,-0.07867431640625
20.1319,122,0.462158203125,116,1.076171875,8,1.6044921875,116,0.146728515625
20.1411,120,0.841796875,116,1.076171875,0,2.115234375,116,0.146728515625
20.1582,112,0.904296875,110,1.3291015625,5,1.7548828125,115,0.270751953125
20.1673,112,0.904296875,114,0.62451171875,5,1.7548828125,113,-0.12005615234375
20.1791,118,0.4189453125,114,0.62451171875,2,1.7509765625,113,-0.12005615234375
20.1892,118,0.4189453125,111,1.0244140625,2,1.7509765625,113,0.53759765625
20.1958,113,0.86474609375,111,1.0244140625,2,1.7822265625,113,0.53759765625
20.2079,113,0.86474609375,118,-0.1138916015625,2,1.7822265625,113,0.37353515625
20.2184,112,0.9072265625,118,-0.1138916015625,5,2.03125,113,0.37353515625
20.2283,112,0.9072265625,112,0.55810546875,5,2.03125,113,0.07183837890625
20.2354,111,0.2685546875,112,0.55810546875,-5,2.466796875,113,0.07183837890625
20.2476,111,0.2685546875,106,0.8671875,-5,2.466796875,110,0.310546875
20.2561,113,0.2861328125,106,0.8671875,8,2.326171875,110,0.310546875
20.2692,113,0.2861328125,107,0.66943359375,8,2.326171875,109,-0.056060791015625
20.2785,106,1.3603515625,107,0.66943359375,-13,2.080078125,109,-0.056060791015625
20.2923,106,1.3603515625,112,0.291748046875,-13,2.080078125,109,-0.056060791015625
20.2965,105,1.1416015625,112,0.291748046875,-13,2.080078125,108,0.2181396484375
20.3083,105,1.1416015625,107,0.49072265625,5,2.296875,107,0.1529541015625
20.3178,115,-0.4580078125,107,0.49072265625,5,2.296875,107,0.1529541015625
20.3291,115,-0.4580078125,106,0.35498046875,-7,2.611328125,107,0.1529541015625
20.3373,119,-0.1759033203125,106,0.35498046875,2,1.89453125,106,0.331298828125
20.3485,119,-0.1759033203125,104,1.0048828125,2,1.89453125,106,0.331298828125
20.3571,117,0.14990234375,104,1.0048828125,2,1.89453125,104,0.482666015625
20.3689,117,0.14990234375,101,0.93603515625,-8,1.8828125,104,0.482666015625
20.3783,27,12.28125,101,0.93603515625,-8,1.8828125,104,0.5322265625
20.3948,27,12.28125,103,0.59521484375,3,2.302734375,105,0.426025390625
20.4058,93,-0.60595703125,106,0.0214996337890625,-11,2.630859375,105,0.426025390625
20.4175,133,-2.654296875,106,0.0214996337890625,3,2.169921875,108,0.032470703125
20.4295,133,-2.654296875,110,0.35205078125,3,2.169921875,108,0.032470703125
20.4390,133,-2.654296875,110,0.35205078125,3,2.169921875,106,0.2388916015625
20.4506,137,-1.203125,107,0.6474609375,-1,1.6083984375,106,0.2388916015625
20.4602,137,-1.203125,107,0.6474609375,-1,1.6083984375,106,0.29541015625
20.4684,123,0.286376953125,102,0.91015625,1,2.03125,106,0.29541015625
20.4808,123,0.286376953125,102,0.91015625,1,2.03125,105,0.304931640625
20.4903,112,1.1025390625,101,1.2626953125,-9,2.208984375,105,0.304931640625
20.5003,112,1.1025390625,101,1.2626953125,-9,2.208984375,105,0.442138671875
20.5108,110,-0.05084228515625,109,-0.098876953125,6,2.37890625,105,0.442138671875
20.5229,110,-0.05084228515625,109,-0.098876953125,6,2.37890625,107,-0.07366943359375
20.5321,102,1.634765625,107,0.29736328125,-10,2.41796875,107,-0.07366943359375
20.5413,102,1.634765625,107,0.29736328125,-10,2.41796875,105,0.5546875
20.5514,95,1.3662109375,106,0.6708984375,4,1.966796875,105,0.5546875
20.5607,95,1.3662109375,106,0.6708984375,4,1.966796875,107,0.2471923828125
20.5707,107,0.07244873046875,106,0.55419921875,-11,2.51953125,107,0.2471923828125
20.5794,107,0.07244873046875,106,0.55419921875,-11,2.51953125,108,0.2626953125
20.5933,113,0.1873779296875,106,0.55419921875,11,2.423828125,108,0.2626953125
20.5967,113,0.1873779296875,111,-0.01386260986328125,11,2.423828125,107,0.270263671875
20.6097,111,-0.199462890625,108,0.443359375,-1,2.052734375,107,0.270263671875
20.6171,111,-0.199462890625,108,0.443359375,-1,2.052734375,104,0.301513671875
20.6284,109,0.43115234375,108,0.443359375,15,1.740234375,104,0.301513671875
20.6401,109,0.43115234375,99,1.0048828125,15,1.740234375,105,0.1619873046875
20.6510,100,1.3779296875,99,1.0048828125,-6,1.826171875,105,0.1619873046875
20.6583,100,1.3779296875,100,0.587890625,-6,1.826171875,101,0.2054443359375
20.6704,51,1.9814453125,100,0.587890625,12,1.5546875,101,0.2054443359375
20.6782,51,1.9814453125,102,0.38134765625,12,1.5546875,99,0.0189971923828125
20.6890,100,-0.66796875,102,0.38134765625,0,2.0390625,99,0.0189971923828125
20.6976,100,-0.66796875,99,0.505859375,0,2.0390625,97,0.4091796875
20.7086,126,-1.775390625,99,0.505859375,6,1.5966796875,97,0.4091796875
20.7184,126,-1.775390625,95,0.75634765625,6,1.5966796875,95,0.23046875
20.7289,125,-0.90234375,95,0.75634765625,5,2.107421875,95,0.23046875
20.7397,125,-0.90234375,93,0.93798828125,5,2.107421875,95,0.23046875
20.7548,112,0.0285797119140625,93,0.79833984375,-6,2.478515625,94,0.460693359375
20.7662,97,1.560546875,93,0.79833984375,8,2.228515625,94,0.460693359375
20.7792,97,1.560546875,94,0.65576171875,8,2.228515625,94,0.60107421875
20.7883,99,0.08099365234375,94,0.65576171875,-8,2.173828125,94,0.60107421875
20.7984,99,0.08099365234375,98,0.3935546875,-8,2.173828125,94,0.60107421875
20.8080,96,0.92138671875,98,0.3935546875,-8,2.173828125,96,0.3623046875
20.8182,96,0.92138671875,96,0.77197265625,11,2.11328125,96,0.3623046875
20.8291,89,1.1318359375,96,0.77197265625,11,2.11328125,97,0.0389404296875
20.8379,89,1.1318359375,96,0.41650390625,-11,2.16015625,97,0.25244140625
20.8481,88,1.021484375,96,0.41650390625,-11,2.16015625,97,0.25244140625
20.8579,88,1.021484375,92,0.76220703125,12,2.1328125,97,0.25244140625
20.8706,97,0.267578125,92,0.76220703125,12,2.1328125,94,0.435302734375
20.8805,97,0.267578125,96,0.7265625,3,1.7109375,94,0.435302734375
20.8896,105,-0.043365478515625,96,0.7265625,3,1.7109375,95,0.5283203125
20.9003,105,-0.043365478515625,98,0.568359375,-11,2.3671875,95,0.5283203125
20.9090,105,0.20556640625,98,0.568359375,-11,2.3671875,97,0.39404296875
20.9195,105,0.20556640625,93,0.96044921875,5,2.033203125,97,0.39404296875
20.9301,104,0.290283203125,93,0.96044921875,5,2.033203125,98,0.25390625
20.9390,104,0.290283203125,99,0.5439453125,-3,2.546875,98,0.25390625
20.9502,104,0.290283203125,99,0.5439453125,-3,2.546875,98,0.445068359375
20.9577,13,13.5390625,100,0.393798828125,8,2.197265625,98,0.445068359375
20.9730,13,13.5390625,100,0.393798828125,8,2.197265625,97,0.50146484375
20.9802,85,-0.73828125,98,1.1591796875,-6,2.349609375,97,0.50146484375
20.9905,123,2.345703125,98,1.1591796875,-6,2.349609375,99,0.126220703125
20.9976,123,2.345703125,95,1.9384765625,8,2.31640625,99,0.126220703125
21.0124,123,2.345703125,95,1.9384765625,8,2.31640625,99,0.87548828125
21.0232,128,-0.77001953125,98,0.11016845703125,-7,2.689453125,99,0.87548828125
21.0324,128,-0.77001953125,98,0.11016845703125,-7,2.689453125,101,0.403564453125
21.0386,116,0.303466796875,104,0.359619140625,5,2.0234375,101,0.403564453125
21.0528,116,0.303466796875,104,0.359619140625,5,2.0234375,102,0.430908203125
21.0592,108,0.904296875,103,0.79931640625,-8,2.33984375,102,0.430908203125
21.0724,108,0.904296875,103,0.79931640625,-8,2.33984375,102,-0.142578125
21.0788,96,1.7236328125,103,0.79931640625,11,1.8203125,102,-0.142578125
21.0929,96,1.7236328125,102,0.38671875,11,1.8203125,101,0.1591796875
21.1003,107,-0.03765869140625,102,0.38671875,-1,2.22265625,101,0.1591796875
21.1107,107,-0.03765869140625,100,1.2041015625,-1,2.22265625,99,0.6328125
21.1189,102,0.76025390625,100,1.2041015625,3,2.03125,99,0.6328125
21.1312,102,0.76025390625,101,0.7294921875,3,2.03125,101,0.5830078125
21.1402,96,1.2265625,101,0.7294921875,3,2.03125,101,0.5830078125
21.1541,100,0.75048828125,102,0.7890625,4,1.994140625,101,0.427490234375
21.1686,100,0.75048828125,101,0.681640625,-10,2.4765625,103,-0.130859375
21.1749,107,-0.11761474609375,101,0.681640625,6,2.16796875,103,-0.130859375
21.1882,107,-0.11761474609375,100,0.8603515625,6,2.16796875,103,-0.130859375
21.1951,105,0.47216796875,100,0.8603515625,6,2.16796875,100,0.5986328125
21.2062,105,0.47216796875,102,0.438232421875,-8,2.4765625,102,0.167724609375
21.2150,102,0.79052734375,102,0.438232421875,-8,2.4765625,102,0.167724609375
21.2278,102,0.79052734375,107,0.2322998046875,6,2.3359375,101,0.1846923828125
21.2376,96,1.44921875,107,0.2322998046875,6,2.3359375,101,0.1846923828125
21.2486,96,1.44921875,99,1.4189453125,-10,2.146484375,101,0.1846923828125
21.2551,109,0.031402587890625,99,1.4189453125,-10,2.146484375,103,0.5341796875
21.2681,109,0.031402587890625,100,0.89697265625,9,2.24609375,103,0.5341796875
21.2750,108,0.88916015625,100,0.89697265625,9,2.24609375,103,0.43994140625
21.2888,108,0.88916015625,104,0.78955078125,-5,2.576171875,103,0.43994140625
21.2953,104,1.0546875,104,0.78955078125,-5,2.576171875,106,0.5703125
21.3085,104,1.0546875,111,0.12054443359375,14,1.759765625,106,0.5703125
21.3167,109,0.316650390625,111,0.12054443359375,14,1.759765625,109,0.14453125
21.3278,109,0.316650390625,107,0.74072265625,-2,2.423828125,109,0.14453125
21.3362,109,0.316650390625,107,0.74072265625,-2,2.423828125,107,0.6083984375
21.3476,114,0.37890625,106,0.71728515625,6,1.7861328125,107,0.6083984375
21.3547,112,0.42626953125,106,0.71728515625,6,1.7861328125,108,0.31298828125
21.3679,112,0.42626953125,108,0.51953125,0,1.8720703125,108,0.31298828125
21.3759,105,1.482421875,108,0.51953125,0,1.8720703125,107,0.83935546875
21.3877,105,1.482421875,109,0.77587890625,12,1.69140625,107,0.83935546875
21.3961,105,1.482421875,109,0.77587890625,12,1.69140625,110,0.41015625
21.4066,96,1.681640625,109,0.69921875,-3,2.333984375,110,0.41015625
21.4220,116,-0.150146484375,109,0.69921875,3,1.9052734375,110,0.282958984375
21.4288,116,-0.150146484375,108,0.66455078125,3,1.9052734375,110,0.282958984375
21.4391,116,-0.150146484375,108,0.66455078125,3,1.9052734375,111,0.5791015625
21.4492,118,0.31689453125,112,0.4814453125,5,2.619140625,111,0.5791015625
21.4582,118,0.31689453125,112,0.4814453125,5,2.619140625,111,0.4287109375
21.4689,104,2.03125,109,1.0166015625,-9,2.232421875,111,0.4287109375
21.4780,104,2.03125,109,1.0166015625,-9,2.232421875,113,0.5849609375
21.4873,115,-0.219482421875,119,-0.023956298828125,12,2.37109375,113,0.5849609375
21.4972,115,-0.219482421875,119,-0.023956298828125,12,2.37109375,114,0.397216796875
21.5094,120,0.21240234375,116,0.66650390625,12,2.37109375,114,0.397216796875
21.5194,120,0.21240234375,116,0.66650390625,-4,1.9736328125,114,0.397216796875
21.5304,119,0.270751953125,113,0.6923828125,-4,1.9736328125,116,0.2108154296875
21.5432,119,0.270751953125,113,0.6923828125,11,1.9130859375,116,0.32861328125
21.5543,106,1.61328125,112,0.87060546875,-6,2.513671875,116,0.73974609375
21.5667,121,0.189697265625,112,0.87060546875,-6,2.513671875,116,0.73974609375
21.5742,121,0.189697265625,116,0.50830078125,13,2.294921875,115,0.529296875
21.5852,122,0.3994140625,116,0.50830078125,13,2.294921875,115,0.529296875
21.5952,122,0.3994140625,121,0.1451416015625,-1,1.958984375,118,0.12078857421875
21.6067,111,1.841796875,121,0.1451416015625,-1,1.958984375,118,0.12078857421875
21.6167,111,1.841796875,120,0.489013671875,12,2.1328125,118,-0.104248046875
21.6280,119,-0.15087890625,110,1.185546875,12,2.1328125,118,-0.104248046875
21.6350,119,-0.15087890625,110,1.185546875,0,1.755859375,118,-0.104248046875
21.6464,126,0.09246826171875,110,1.185546875,0,1.755859375,116,0.272705078125
21.6542,126,0.09246826171875,111,0.6953125,5,2.060546875,114,1.779296875
21.6674,123,0.759765625,111,0.6953125,5,2.060546875,114,1.779296875
21.6779,123,0.759765625,118,0.86767578125,2,2.076171875,119,-0.20361328125
21.6877,116,1.7529296875,118,0.86767578125,2,2.076171875,119,-0.20361328125
21.6966,116,1.7529296875,124,0.4716796875,-7,2.228515625,119,-0.20361328125
21.7112,116,1.7529296875,124,0.4716796875,-7,2.228515625,121,0.51123046875
21.7164,120,1.5654296875,125,0.06781005859375,2,2.275390625,121,0.51123046875
21.7307,120,1.5654296875,125,0.06781005859375,2,2.275390625,123,0.204345703125
21.7370,121,0.39794921875,122,-0.11981201171875,-10,2.45703125,123,0.204345703125
21.7480,121,0.39794921875,122,-0.11981201171875,-10,2.45703125,118,0.223388671875
21.7594,120,0.8857421875,115,1.01171875,8,2.052734375,118,0.223388671875
21.7685,120,0.8857421875,115,1.01171875,8,2.052734375,117,0.5361328125
21.7772,127,-0.06805419921875,109,1.2236328125,-6,2.443359375,117,0.5361328125
21.7913,127,-0.06805419921875,109,1.2236328125,-6,2.443359375,114,0.434326171875
21.7967,120,0.8779296875,113,0.6474609375,5,2.615234375,114,0.434326171875
21.8090,120,0.8779296875,113,0.6474609375,5,2.615234375,114,0.41943359375
21.8192,114,1.169921875,119,-0.0943603515625,-9,2.265625,114,0.41943359375
21.8295,114,1.169921875,119,-0.0943603515625,-9,2.265625,113,0.469482421875
21.8368,122,0.06243896484375,115,0.47998046875,9,2.181640625,113,0.469482421875
21.8501,122,0.06243896484375,115,0.47998046875,9,2.181640625,115,0.1407470703125
21.8565,125,0.27880859375,113,0.6572265625,-4,2.248046875,115,0.1407470703125
21.8683,125,0.27880859375,113,0.6572265625,-4,2.248046875,115,0.1953125
21.8795,124,0.370849609375,114,0.56640625,9,2.01953125,115,0.1953125
21.8879,124,0.370849609375,114,0.56640625,9,2.01953125,115,0.018524169921875
21.8980,109,2.015625,117,0.123291015625,-10,2.546875,115,0.018524169921875
21.9112,109,2.015625,117,0.123291015625,-10,2.546875,110,0.263671875
21.9162,116,0.09661865234375,108,0.63720703125,10,2.71875,110,0.263671875
21.9312,116,0.09661865234375,108,0.63720703125,10,2.71875,109,-0.1484375
21.9364,112,0.59912109375,105,0.7822265625,0,1.8291015625,109,-0.1484375
21.9477,112,0.59912109375,105,0.7822265625,0,1.8291015625,104,0.60302734375
21.9573,108,1.017578125,105,0.39697265625,0,1.8291015625,104,0.60302734375
21.9690,108,1.017578125,105,0.39697265625,12,2.09375,103,-0.089599609375
21.9785,104,1.033203125,104,0.479248046875,-4,2.046875,103,-0.089599609375
21.9886,104,1.033203125,104,0.479248046875,-4,2.046875,101,0.56689453125
21.9994,113,-0.166015625,101,1.412109375,13,1.8134765625,101,0.56689453125
22.0127,113,-0.166015625,101,1.412109375,13,1.8134765625,101,-0.192138671875
22.0185,109,0.47998046875,100,0.529296875,-7,2.212890625,101,-0.192138671875
22.0338,109,0.47998046875,100,0.529296875,-7,2.212890625,101,0.297119140625
22.0517,102,1.23046875,97,0.9521484375,11,1.98828125,99,0.384765625
22.0612,98,1.2685546875,97,0.9521484375,11,1.98828125,99,0.384765625
22.0708,98,1.2685546875,102,0.45361328125,0,1.55078125,99,0.384765625
22.0781,106,-0.09368896484375,102,0.45361328125,0,1.55078125,99,0.83837890625
22.0919,106,-0.09368896484375,99,0.9599609375,8,2.01171875,99,0.83837890625
22.0977,106,0.169189453125,102,0.2047119140625,8,2.01171875,100,-0.1275634765625
22.1103,106,0.169189453125,102,0.2047119140625,3,1.65625,101,0.1685791015625
22.1168,106,0.1314697265625,100,0.55224609375,3,1.65625,101,0.1685791015625
22.1315,106,0.1314697265625,100,0.55224609375,6,1.787109375,101,0.1685791015625
22.1382,94,1.5126953125,100,0.19873046875,6,1.787109375,100,0.08514404296875
22.1494,94,1.5126953125,100,0.19873046875,5,2.26171875,100,0.08514404296875
22.1568,43,3.390625,100,0.19873046875,5,2.26171875,96,0.7353515625
22.1720,43,3.390625,98,0.497802734375,-11,2.232421875,96,0.7353515625
22.1775,98,-0.74072265625,98,0.497802734375,-11,2.232421875,96,0.2734375
22.1896,98,-0.74072265625,90,1.2060546875,8,2.318359375,96,0.2734375
22.2011,128,-2.296875,90,1.2060546875,8,2.318359375,94,0.611328125
22.2147,128,-2.296875,92,0.9248046875,-14,2.22265625,95,0.49951171875
22.2260,120,-0.66552734375,91,0.8720703125,8,2.0234375,95,0.49951171875
22.2341,120,-0.66552734375,91,0.8720703125,8,2.0234375,96,0.5244140625
22.2479,109,0.56103515625,103,0.2261962890625,-16,2.453125,96,0.5244140625
22.2545,109,0.56103515625,103,0.2261962890625,-16,2.453125,98,0.34033203125
22.2680,2,5.109375,96,1.1123046875,8,2.029296875,98,0.34033203125
22.2743,2,5.109375,96,1.1123046875,8,2.029296875,102,0.0195770263671875
22.2863,64,1.212890625,100,0.304931640625,-15,2.103515625,102,0.0195770263671875
22.2972,64,1.212890625,100,0.304931640625,-15,2.103515625,99,0.7275390625
22.3058,104,-1.009765625,101,0.7783203125,9,2.23046875,99,0.7275390625
22.3145,104,-1.009765625,101,0.7783203125,9,2.23046875,99,-0.0673828125
22.3294,126,-1.3916015625,97,0.5625,-8,2.5078125,99,-0.0673828125
22.3343,126,-1.3916015625,97,0.5625,-8,2.5078125,97,0.05621337890625
22.3469,121,-0.6259765625,94,0.9296875,6,1.8076171875,97,0.05621337890625
22.3538,121,-0.6259765625,94,0.9296875,6,1.8076171875,96,0.305908203125
22.3662,111,0.09197998046875,93,0.7177734375,-9,2.142578125,96,0.305908203125
22.3744,111,0.09197998046875,93,0.7177734375,-9,2.142578125,95,0.435791015625
22.3887,92,2.123046875,92,0.9404296875,4,1.9267578125,95,0.435791015625
22.3972,92,2.123046875,92,0.9404296875,4,1.9267578125,92,0.16845703125
22.4071,68,-0.80517578125,96,0.435791015625,0,1.8955078125,92,0.16845703125
22.4138,68,-0.80517578125,96,0.435791015625,0,1.8955078125,92,0.365478515625
22.4258,98,-0.412109375,98,0.27099609375,13,1.9697265625,92,0.365478515625
22.4369,98,-0.412109375,98,0.27099609375,13,1.9697265625,91,0.576171875
22.4487,124,-1.865234375,90,0.9208984375,-9,2.2421875,91,0.576171875
22.4602,124,-1.865234375,90,0.9208984375,-9,2.2421875,91,0.273193359375
22.4704,116,-0.54541015625,83,1.7001953125,5,1.7431640625,91,0.273193359375
22.4799,104,0.1563720703125,83,1.7001953125,5,1.7431640625,91,0.479248046875
22.4925,104,0.1563720703125,83,1.7001953125,-1,1.89453125,91,0.479248046875
22.4988,104,0.1563720703125,91,0.6357421875,-1,1.89453125,91,0.479248046875
22.5207,93,1.275390625,96,0.55224609375,-1,2.19140625,91,0.361572265625
22.5300,39,3.291015625,96,0.55224609375,-1,2.19140625,92,0.31494140625
22.5406,39,3.291015625,92,0.89697265625,4,1.9755859375,92,0.31494140625
22.5513,90,0.130615234375,92,0.89697265625,4,1.9755859375,93,0.3525390625
22.5616,90,0.130615234375,92,0.66748046875,-7,2.5,93,0.3525390625
22.5798,126,-3.076171875,94,0.76611328125,11,1.9775390625,92,0.368896484375
22.5990,118,-0.65966796875,95,0.5634765625,-10,2.390625,92,0.41796875
22.6072,106,0.200927734375,95,0.5634765625,-10,2.390625,91,0.482177734375
22.6171,106,0.200927734375,93,0.64501953125,12,1.736328125,91,0.482177734375
22.6269,99,0.4326171875,93,0.64501953125,12,1.736328125,93,0.201904296875
22.6388,99,0.4326171875,89,0.68212890625,2,1.8857421875,93,0.201904296875
22.6478,18,5.703125,89,0.68212890625,2,1.8857421875,93,0.2076416015625
22.6570,18,5.703125,90,0.74462890625,7,1.7392578125,93,0.2076416015625
22.6665,76,0.1392822265625,90,0.74462890625,7,1.7392578125,93,0.54248046875
22.6762,76,0.1392822265625,94,0.50537109375,-2,1.9306640625,93,0.54248046875
22.6869,110,-1.1708984375,94,0.50537109375,-2,1.9306640625,94,0.43701171875
22.6977,110,-1.1708984375,100,0.0806884765625,12,1.9111328125,94,0.43701171875
22.7053,125,-1.3876953125,100,0.0806884765625,12,1.9111328125,95,0.28857421875
22.7168,125,-1.3876953125,96,0.36181640625,-16,2.359375,95,0.28857421875
22.7281,111,0.1343994140625,96,0.36181640625,-16,2.359375,97,0.1417236328125
22.7364,111,0.1343994140625,93,0.982421875,5,2.548828125,97,0.1417236328125
22.7476,101,1.0283203125,93,0.982421875,5,2.548828125,95,0.50732421875
22.7584,101,1.0283203125,96,0.61669921875,-10,2.515625,95,0.50732421875
22.7680,91,1.53515625,96,0.61669921875,-10,2.515625,95,0.50732421875
22.7790,91,1.53515625,99,0.39892578125,6,1.982421875,95,0.60400390625
22.7865,92,0.92919921875,99,0.39892578125,6,1.982421875,96,0.59228515625
22.7973,92,0.92919921875,100,0.49658203125,-8,1.8671875,96,0.59228515625
22.8071,100,0.8154296875,100,0.49658203125,-8,1.8671875,97,-0.12445068359375
22.8167,100,0.8154296875,100,0.49658203125,4,2.3359375,97,-0.12445068359375
22.8287,102,0.48193359375,94,0.86376953125,4,2.3359375,97,0.1761474609375
22.8372,102,0.48193359375,93,1.20703125,-13,2.455078125,97,0.1761474609375
22.8476,100,0.10272216796875,93,1.20703125,-13,2.455078125,97,0.1761474609375
22.8570,100,0.10272216796875,95,1.0751953125,11,2.19921875,95,0.210205078125
22.8680,98,0.07281494140625,95,1.0751953125,11,2.19921875,95,0.210205078125
22.8769,98,0.07281494140625,99,0.365966796875,-6,2.115234375,96,0.048980712890625
22.8885,103,0.1917724609375,99,0.365966796875,-6,2.115234375,95,0.71484375
22.8971,103,0.1917724609375,99,0.365966796875,13,1.6064453125,95,0.71484375
22.9080,103,0.1917724609375,97,0.89208984375,13,1.6064453125,95,0.71484375
22.9174,97,0.7353515625,97,0.89208984375,0,2.06640625,97,0.11285400390625
22.9315,97,0.7353515625,94,0.5625,0,2.06640625,97,0.11285400390625
22.9361,95,0.7177734375,94,1.076171875,9,1.7666015625,97,0.64501953125
22.9489,95,0.7177734375,94,1.076171875,9,1.7666015625,97,0.279052734375
22.9576,98,0.75634765625,100,0.351318359375,1,1.8291015625,97,0.279052734375
22.9716,106,0.22509765625,100,0.351318359375,1,1.8291015625,97,0.1641845703125
22.9787,106,0.22509765625,99,0.62890625,-14,2.04296875,97,0.1641845703125
22.9915,102,0.57080078125,99,0.62890625,-14,2.04296875,96,0.33642578125
22.9985,102,0.57080078125,99,0.62890625,3,2.19140625,96,0.33642578125
23.0108,102,0.57080078125,93,0.8818359375,3,2.19140625,96,0.33642578125
23.0176,97,1.3447265625,93,0.8818359375,3,2.19140625,95,0.55078125
23.0315,97,1.3447265625,95,0.7412109375,-5,2.19140625,95,0.55078125
23.0397,98,0.391845703125,95,0.7412109375,-5,2.19140625,96,0.416015625
23.0509,98,0.391845703125,97,0.2332763671875,-1,1.7587890625,96,0.416015625
23.0689,107,0.09942626953125,95,0.77783203125,4,1.5126953125,95,0.28955078125
23.0759,103,0.71728515625,95,0.77783203125,4,2.16796875,97,0.2919921875
23.0881,103,0.71728515625,94,0.88671875,4,2.16796875,97,0.2919921875
23.0968,98,1.01953125,94,0.88671875,4,2.16796875,95,0.3515625
23.1075,98,1.01953125,94,0.2919921875,-3,2.41796875,95,0.3515625
23.1185,95,1.2734375,94,0.2919921875,7,2.353515625,94,0.3046875
23.1280,95,1.2734375,94,0.5888671875,7,2.353515625,94,0.3046875
23.1370,101,0.143798828125,94,0.5888671875,7,2.353515625,92,0.3466796875
23.1494,101,0.143798828125,94,0.487060546875,-8,2.091796875,92,0.3466796875
23.1575,99,0.650390625,94,0.487060546875,-8,2.091796875,89,0.357421875
23.1706,99,0.650390625,86,0.859375,0,2.384765625,89,0.357421875
23.1772,90,0.11676025390625,86,0.859375,0,2.384765625,87,-0.93017578125
23.1880,90,0.11676025390625,79,-0.04339599609375,-7,2.470703125,87,-0.93017578125
23.1993,27,2.14453125,79,-0.04339599609375,-7,2.470703125,74,0.79248046875
23.2085,27,2.14453125,-4,12.1015625,7,2.259765625,74,0.79248046875
23.2168,71,3.09375,-4,12.1015625,7,2.259765625,14,0.857421875
23.2302,71,3.09375,27,-1.71484375,-10,2.02734375,14,0.857421875
23.2365,14,0.14208984375,27,-1.71484375,-10,2.02734375,26,-1.275390625
23.2484,14,0.14208984375,35,-0.32421875,5,-9.1640625,26,-1.275390625
23.2561,0,0.08380126953125,35,-0.32421875,5,-9.1640625,24,0.1756591796875
23.2688,0,0.08380126953125,0,0.240966796875,-1,-8.484375,24,0.1756591796875
23.2771,0,0.04486083984375,0,0.240966796875,-1,-8.484375,0,-0.1221923828125
23.2901,0,0.04486083984375,-1,0.470458984375,-11,-8.1015625,0,-0.1221923828125
23.2971,0,0.01690673828125,-1,0.470458984375,-11,-8.1015625,0,-0.1689453125
23.3075,0,0.01690673828125,0,0.161865234375,-12,-6.96484375,0,-0.1689453125
23.3151,0,-0.12493896484375,0,0.161865234375,-12,-6.96484375,0,0.1583251953125
23.3263,0,-0.12493896484375,0,0.390869140625,10,-6.4140625,0,0.1583251953125
23.3357,0,-0.12493896484375,0,0.390869140625,10,-6.4140625,0,-0.0667724609375
23.3484,0,0.12841796875,1,-0.37841796875,20,-4.0234375,0,-0.0667724609375
23.3551,0,0.12841796875,1,-0.37841796875,20,-4.0234375,0,0.109619140625
23.3681,0,-0.09759521484375,0,0.1614990234375,29,-2.9296875,0,0.109619140625
23.3747,0,-0.00701904296875,0,0.1614990234375,29,-2.9296875,0,-0.192138671875
23.3856,0,-0.00701904296875,0,0.49267578125,-10,-2.185546875,0,-0.192138671875
23.3956,0,-0.00701904296875,0,0.49267578125,-10,-2.185546875,0,0.0751953125
23.4055,0,0.0716552734375,0,0.49267578125,15,-0.791015625,0,0.0751953125
23.4132,0,0.0716552734375,2,0.03515625,15,-0.791015625,0,-0.08062744140625
23.4279,0,-0.0264892578125,2,0.03515625,-17,-0.72021484375,0,-0.08062744140625
23.4337,0,-0.0264892578125,1,-0.8603515625,-17,-0.72021484375,0,-0.0682373046875
23.4450,0,-0.023956298828125,0,0.353515625,-37,0.174560546875,0,-0.0682373046875
23.4616,0,0.0506591796875,0,0.353515625,-37,0.174560546875,0,0.06256103515625
23.4668,0,0.0506591796875,0,-0.5537109375,0,0.1588134765625,0,0.06256103515625
23.4782,0,0.0506591796875,0,-0.5537109375,0,0.1588134765625,0,-0.155029296875
23.4869,0,0.082275390625,0,0.4755859375,0,0.0245513916015625,0,-0.155029296875
23.4944,0,0.082275390625,0,0.4755859375,0,0.0245513916015625,0,0.058135986328125
23.5057,0,-0.11846923828125,0,0.4755859375,0,-0.01285552978515625,0,0.058135986328125
23.5163,0,-0.11846923828125,2,-0.51123046875,0,-0.01285552978515625,0,0.058135986328125
23.5264,0,-0.052520751953125,2,-0.51123046875,0,0.035552978515625,0,-0.048614501953125
23.5385,0,-0.052520751953125,0,0.416748046875,0,0.035552978515625,0,-0.048614501953125
23.5508,0,-0.0804443359375,0,0.416748046875,0,0.059234619140625,0,-0.15771484375
23.5634,0,-0.0804443359375,2,0.07843017578125,0,0.059234619140625,0,-0.15771484375
23.5793,0,0.044891357421875,1,0.325439453125,0,0.039459228515625,0,0.1466064453125
23.5866,0,-0.08087158203125,1,0.325439453125,0,-0.04827880859375,0,0.0504150390625
23.5969,0,-0.08087158203125,3,-0.302734375,0,-0.04827880859375,0,0.0504150390625
23.6075,0,0.03411865234375,3,-0.302734375,0,-0.04827880859375,0,-0.0248260498046875
23.6185,0,0.03411865234375,-1,-0.8486328125,0,-0.0211029052734375,0,-0.0248260498046875
23.6286,0,0.086669921875,-1,-0.8486328125,0,0.0428466796875,0,0.039703369140625
23.6390,0,0.086669921875,0,-0.31982421875,0,0.0428466796875,0,0.039703369140625
23.6500,0,0.059722900390625,0,-0.31982421875,0,0.0428466796875,0,0.08782958984375
23.6585,0,0.059722900390625,0,-0.27587890625,-1,-0.019073486328125,0,0.08782958984375
23.6675,0,-0.1337890625,0,-0.27587890625,-1,-0.019073486328125,0,-0.1226806640625
23.6782,0,-0.1337890625,2,0.316650390625,-1,0.00943756103515625,0,-0.1226806640625
23.6859,0,0.0849609375,2,0.316650390625,-1,0.00943756103515625,0,0.1502685546875
23.6983,0,0.0849609375,0,-0.321533203125,-2,0.034515380859375,0,0.1502685546875
23.7054,0,0.1195068359375,0,-0.321533203125,-2,0.034515380859375,0,-0.1453857421875
23.7172,0,0.1195068359375,1,0.51708984375,-4,-0.046295166015625,0,-0.1453857421875
23.7252,0,-0.0806884765625,1,0.51708984375,-4,-0.046295166015625,0,-0.159912109375
23.7377,0,-0.0806884765625,0,0.1563720703125,-8,0.04443359375,0,-0.159912109375
23.7486,0,-0.0806884765625,0,0.1563720703125,-8,0.04443359375,0,-0.0704345703125
23.7572,0,-0.032745361328125,2,-0.07098388671875,-2,-0.03375244140625,0,-0.0704345703125
23.7652,0,0.087158203125,2,-0.07098388671875,-2,-0.03375244140625,0,0.118408203125
23.7735,0,0.087158203125,0,0.3623046875,-3,0.07476806640625,0,0.118408203125
23.7847,0,-0.07904052734375,0,0.3623046875,-3,0.07476806640625,0,-0.044708251953125
23.7936,0,-0.07904052734375,2,0.055633544921875,-1,0.031402587890625,0,-0.044708251953125
23.8048,0,-0.07904052734375,2,0.055633544921875,-1,0.031402587890625,0,-0.1060791015625
23.8131,0,-0.087158203125,1,0.386474609375,-2,0.06658935546875,0,-0.1060791015625
23.8273,0,-0.087158203125,1,0.386474609375,-2,0.06658935546875,0,-0.07440185546875
23.8334,0,0.040008544921875,5,0.1990966796875,-2,-0.030303955078125,0,-0.07440185546875
23.8454,0,0.040008544921875,5,0.1990966796875,-2,-0.030303955078125,0,-0.177001953125
23.8529,0,-0.0565185546875,-1,0.2626953125,0,-0.0701904296875,0,-0.177001953125
23.8640,0,-0.0565185546875,-1,0.2626953125,0,-0.0701904296875,0,0.118408203125
23.8729,0,0.09124755859375,1,0.07318115234375,0,0.03558349609375,0,0.118408203125
23.8842,0,0.09124755859375,1,0.07318115234375,0,0.03558349609375,0,-0.1639404296875
23.8924,0,-0.0902099609375,0,0.297607421875,0,-0.031890869140625,0,-0.1639404296875
23.9035,0,-0.0902099609375,0,0.297607421875,0,-0.031890869140625,0,-0.1993408203125
23.9125,0,0.0888671875,0,0.45361328125,0,0.0875244140625,0,-0.1993408203125
23.9269,0,0.0888671875,0,0.45361328125,0,0.0875244140625,0,-0.07781982421875
23.9325,0,0.067626953125,0,0.4365234375,0,0.1087646484375,0,-0.07781982421875
23.9470,0,0.067626953125,0,0.4365234375,0,0.1087646484375,0,0.1029052734375
23.9513,0,0.06561279296875,0,0.4365234375,0,-0.02752685546875,0,0.1029052734375
23.9660,0,0.06561279296875,0,0.53173828125,0,-0.02752685546875,0,0.1029052734375
23.9722,0,0.09698486328125,0,0.53173828125,0,0.0023403167724609375,0,-0.1331787109375
23.9853,0,0.09698486328125,0,0.0350341796875,0,0.0023403167724609375,0,0.1282958984375
23.9925,0,-0.075439453125,0,0.0350341796875,0,0.0023403167724609375,0,0.1282958984375
24.0062,0,-0.075439453125,2,0.46044921875,0,0.0634765625,0,0.1282958984375
24.0115,0,0.07244873046875,2,0.46044921875,0,-0.0052490234375,0,0.132568359375
24.0252,0,0.07244873046875,1,0.55224609375,0,-0.0052490234375,0,0.132568359375
24.0312,0,0.05047607421875,1,0.55224609375,0,0.0391845703125,0,0.052703857421875
24.0431,0,0.05047607421875,0,-0.62158203125,0,0.0391845703125,0,0.052703857421875
24.0516,0,0.11956787109375,0,-0.62158203125,0,0.05755615234375,0,0.10723876953125
24.0640,0,0.11956787109375,0,0.1226806640625,0,0.05755615234375,0,0.10723876953125
24.0711,0,0.05914306640625,0,0.1226806640625,0,0.05755615234375,0,-0.05841064453125
24.0851,0,0.05914306640625,0,0.1861572265625,0,0.06414794921875,0,-0.05841064453125
24.0971,0,-0.1197509765625,0,0.1861572265625,0,0.06414794921875,0,-0.1201171875
24.1053,0,-0.1197509765625,0,0.05340576171875,0,-0.037384033203125,0,-0.1201171875
24.1137,0,0.006298065185546875,0,0.05340576171875,0,-0.037384033203125,0,0.1192626953125
24.1245,0,0.006298065185546875,0,0.441650390625,0,-0.0628662109375,0,0.1192626953125
24.1313,0,0.09637451171875,0,0.441650390625,0,-0.0628662109375,0,-0.01439666748046875
24.1459,0,0.09637451171875,1,0.23779296875,0,-0.0543212890625,0,-0.01439666748046875
24.1518,0,0.09637451171875,1,0.23779296875,0,-0.0543212890625,0,0.043365478515625
24.1643,0,0.06170654296875,0,-0.09368896484375,0,-0.0196685791015625,0,0.043365478515625
24.1753,0,0.1282958984375,0,-0.09368896484375,0,-0.0196685791015625,0,-0.09576416015625
24.1860,0,0.1282958984375,1,0.352783203125,0,0.0220794677734375,0,-0.09576416015625
24.1917,0,-0.1968994140625,1,0.352783203125,0,0.0220794677734375,0,-0.2125244140625
24.2055,0,-0.1968994140625,0,0.076416015625,0,-0.083740234375,0,-0.2125244140625
24.2109,0,0.06365966796875,0,0.076416015625,0,-0.083740234375,0,0.10491943359375
24.2219,0,0.06365966796875,0,0.2286376953125,0,0.0919189453125,0,0.10491943359375
24.2305,0,-0.03546142578125,0,0.2286376953125,0,0.0919189453125,0,-0.04974365234375
24.2428,0,-0.03546142578125,0,0.3916015625,0,0.046234130859375,0,-0.04974365234375
24.2502,0,-0.03546142578125,0,0.3916015625,0,0.046234130859375,0,0.0797119140625
24.2622,0,-0.135986328125,0,0.3916015625,0,0.085205078125,0,0.0797119140625
24.2729,0,-0.135986328125,0,0.16796875,0,0.085205078125,0,-0.15771484375
24.2832,0,-0.101318359375,0,0.385986328125,0,0.003704071044921875,0,-0.15771484375
24.2942,0,-0.101318359375,0,0.385986328125,0,0.003704071044921875,0,-0.08642578125
24.3004,0,-0.0015211105346679688,0,-0.5537109375,0,0.032501220703125,0,-0.08642578125
24.3135,0,-0.0015211105346679688,0,-0.5537109375,0,0.032501220703125,0,0.1033935546875
24.3206,0,-0.1925048828125,0,0.23291015625,0,0.09326171875,0,0.1033935546875
24.3311,0,-0.1925048828125,0,0.23291015625,0,0.09326171875,0,-0.174560546875
24.3418,0,0.035400390625,0,0.23291015625,0,0.0083465576171875,0,-0.174560546875
24.3553,0,0.035400390625,0,-0.140625,0,0.0083465576171875,0,-0.080078125
24.3660,0,0.03057861328125,0,-0.140625,0,-0.049774169921875,0,-0.080078125
24.3733,0,0.03057861328125,0,0.39697265625,0,-0.049774169921875,0,-0.100341796875
24.3909,0,0.1075439453125,0,0.360595703125,0,0.054046630859375,0,-0.100341796875
24.3975,0,0.1075439453125,0,0.360595703125,0,0.054046630859375,0,-0.1087646484375
24.4046,0,0.0335693359375,0,0.360595703125,0,0.07763671875,0,-0.1087646484375
24.4106,0,0.0335693359375,0,-0.450439453125,0,0.07763671875,0,-0.043365478515625
24.4286,0,-0.1571044921875,0,-0.450439453125,0,0.0167236328125,0,-0.043365478515625
24.4385,0,-0.1571044921875,0,0.3544921875,0,0.0167236328125,0,-0.054412841796875
24.4413,0,0.019256591796875,0,0.3544921875,0,0.0167236328125,0,-0.054412841796875
24.4551,0,0.019256591796875,0,-0.759765625,0,0.0116729736328125,0,-0.054412841796875
24.4663,0,0.06646728515625,1,0.084228515625,0,-0.0110626220703125,0,-0.2056884765625
24.4749,0,0.06646728515625,1,0.084228515625,0,-0.0110626220703125,0,-0.027740478515625
24.4840,0,0.0732421875,1,0.084228515625,0,-0.0110626220703125,0,-0.027740478515625
24.4914,0,0.0732421875,0,0.237060546875,0,0.0228118896484375,0,-0.0204315185546875
24.5042,0,-0.013031005859375,0,0.237060546875,0,0.0228118896484375,0,-0.0204315185546875
24.5141,0,-0.013031005859375,0,-0.7783203125,0,0.072265625,0,-0.0204315185546875
24.5239,0,0.10125732421875,0,-0.7783203125,0,0.09344482421875,0,-0.103759765625
24.5394,0,0.10125732421875,0,-0.1944580078125,0,0.09344482421875,0,-0.103759765625
24.5463,0,-0.055877685546875,0,-0.1944580078125,0,-0.02923583984375,0,-0.113525390625
24.5625,0,-0.055877685546875,0,-0.7236328125,0,-0.02923583984375,0,-0.113525390625
24.5666,0,-0.01458740234375,0,-0.7236328125,0,0.1329345703125,0,-0.0712890625
24.5876,0,-0.01458740234375,0,0.076416015625,0,0.1329345703125,0,-0.0712890625
24.5972,0,-0.0312042236328125,0,0.076416015625,0,0.1329345703125,0,0.07080078125
24.6032,0,-0.0312042236328125,0,0.09173583984375,0,-0.029144287109375,0,0.07080078125
24.6141,0,0.1204833984375,0,0.09173583984375,0,0.0750732421875,0,-0.035858154296875
24.6181,0,0.1204833984375,0,0.1898193359375,0,0.0750732421875,0,-0.035858154296875
24.6267,0,-0.140380859375,0,0.1898193359375,0,0.13427734375,0,0.1064453125
24.6364,0,-0.140380859375,0,-0.2236328125,0,0.13427734375,0,0.1064453125
24.6452,0,0.080078125,0,-0.2236328125,0,0.13427734375,0,-0.06695556640625
24.6558,0,0.080078125,0,-0.806640625,0,0.10235595703125,0,-0.06695556640625
24.6657,0,-0.04779052734375,0,-0.806640625,0,0.10235595703125,0,0.1484375
24.6740,0,-0.04779052734375,0,-0.36181640625,0,0.041961669921875,0,0.1484375
24.6867,0,0.012542724609375,0,-0.36181640625,0,0.041961669921875,0,0.198486328125
24.6920,0,0.012542724609375,0,0.239013671875,0,0.026275634765625,0,0.198486328125
24.7060,0,0.012542724609375,0,0.239013671875,0,0.026275634765625,0,-0.06793212890625
24.7157,0,-0.07196044921875,0,0.43994140625,0,0.06396484375,0,-0.06793212890625
24.7269,0,-0.07196044921875,0,0.43994140625,0,0.06396484375,0,-0.00909423828125
24.7329,0,0.0299530029296875,0,0.0916748046875,0,-0.043609619140625,0,-0.00909423828125
24.7468,0,0.0299530029296875,0,0.0916748046875,0,-0.043609619140625,0,0.1541748046875
24.7529,0,-0.013824462890625,0,-0.46044921875,0,0.04345703125,0,0.1541748046875
24.7644,0,-0.013824462890625,0,-0.46044921875,0,0.04345703125,0,-0.21533203125
24.7721,0,-0.0755615234375,0,-0.88720703125,0,0.1009521484375,0,-0.21533203125
24.7863,0,-0.0755615234375,0,-0.88720703125,0,0.1009521484375,0,-0.0472412109375
24.7920,0,-0.060699462890625,0,-0.474365234375,0,-0.039154052734375,0,-0.0472412109375
24.8066,0,-0.060699462890625,0,-0.474365234375,0,-0.039154052734375,0,-0.06787109375
24.8125,0,0.1492919921875,0,0.28369140625,0,-0.0240631103515625,0,-0.06787109375
24.8223,0,0.1492919921875,0,0.28369140625,0,-0.0240631103515625,0,-0.057373046875
24.8311,0,-0.01393890380859375,0,0.41845703125,0,0.07879638671875,0,-0.057373046875
24.8420,0,-0.01393890380859375,0,0.41845703125,0,0.07879638671875,0,-0.0439453125
24.8537,0,-0.046112060546875,0,-0.88232421875,0,0.12237548828125,0,-0.0439453125
24.8645,0,-0.046112060546875,0,-0.88232421875,0,0.12237548828125,0,-0.108642578125
24.8701,0,-0.08441162109375,0,0.279296875,0,0.1033935546875,0,-0.108642578125
24.8813,0,-0.08441162109375,0,0.279296875,0,0.1033935546875,0,0.1680908203125
24.8909,0,0.038818359375,0,0.279296875,0,-0.02215576171875,0,0.1680908203125
24.9009,0,0.038818359375,0,-0.048614501953125,0,-0.02215576171875,0,-0.1719970703125
24.9094,0,-0.131103515625,0,-0.048614501953125,0,-0.04254150390625,0,-0.1719970703125
24.9204,0,-0.131103515625,0,0.1292724609375,0,-0.04254150390625,0,-0.12115478515625
24.9293,0,0.058990478515625,0,0.1292724609375,0,-0.057037353515625,0,-0.12115478515625
24.9419,0,0.058990478515625,0,0.5771484375,0,-0.057037353515625,0,-0.12115478515625
24.9496,0,-0.061004638671875,0,0.5771484375,0,0.06414794921875,0,-0.038116455078125
24.9611,0,-0.061004638671875,0,-0.33349609375,0,0.06414794921875,0,-0.074951171875
24.9701,0,-0.085693359375,0,-0.33349609375,0,-0.09259033203125,0,-0.074951171875
24.9832,0,-0.085693359375,0,0.4970703125,0,-0.09259033203125,0,0.10711669921875
24.9897,0,-0.03125,0,0.4970703125,0,-0.03643798828125,0,0.10711669921875
25.0022,0,-0.03125,0,0.04815673828125,0,-0.03643798828125,0,0.10711669921875
25.0092,0,0.0709228515625,0,0.04815673828125,0,0.08941650390625,0,-0.0278778076171875
25.0238,0,0.0709228515625,0,-0.517578125,0,0.08941650390625,0,-0.0278778076171875
25.0287,0,0.06597900390625,0,-0.517578125,0,0.08941650390625,0,0.1424560546875
25.0417,0,0.06597900390625,0,-0.6279296875,0,0.0205078125,0,0.1424560546875
25.0494,0,-0.053924560546875,0,-0.6279296875,0,0.0205078125,0,-0.215576171875
25.0650,0,-0.053924560546875,0,-0.403564453125,0,0.133544921875,0,-0.215576171875
25.0704,0,-0.095458984375,0,-0.403564453125,0,0.042449951171875,0,-0.0938720703125
25.0845,0,-0.095458984375,0,0.365234375,0,0.042449951171875,0,-0.0938720703125
25.0908,0,-0.095458984375,0,0.365234375,0,0.042449951171875,0,-0.0225830078125
25.1045,0,-0.034423828125,0,-0.46875,0,-0.060943603515625,0,-0.0225830078125
25.1098,0,0.046783447265625,0,-0.46875,0,-0.060943603515625,0,0.128662109375
25.1210,0,0.046783447265625,0,-0.6982421875,0,0.048614501953125,0,0.128662109375
25.1298,0,-0.0294647216796875,0,-0.6982421875,0,0.048614501953125,0,-0.065185546875
25.1418,0,-0.0294647216796875,0,-0.442626953125,0,-0.043609619140625,0,-0.065185546875
25.1507,0,0.06683349609375,0,-0.442626953125,0,-0.043609619140625,0,-0.1134033203125
25.1630,0,0.06683349609375,0,-0.346923828125,0,-0.034088134765625,0,-0.1134033203125
25.1720,0,0.06683349609375,0,-0.346923828125,0,-0.034088134765625,0,-0.1490478515625
25.1804,0,0.12322998046875,0,-0.58642578125,0,0.0770263671875,0,-0.1490478515625
25.1917,0,0.12322998046875,0,-0.58642578125,0,0.0770263671875,0,-0.10528564453125
25.2002,0,0.06280517578125,0,0.225341796875,0,0.03564453125,0,-0.10528564453125
25.2103,0,0.06280517578125,0,0.225341796875,0,0.03564453125,0,0.143310546875
25.2189,0,-0.066162109375,0,0.1536865234375,0,0.07025146484375,0,0.143310546875
25.2328,0,-0.066162109375,0,0.1536865234375,0,0.07025146484375,0,0.1014404296875
25.2395,0,0.07952880859375,0,-0.541015625,0,-0.049713134765625,0,0.1014404296875
25.2492,0,0.07952880859375,0,-0.541015625,0,-0.049713134765625,0,-0.04473876953125
25.2613,0,0.047210693359375,0,0.426513671875,0,-0.038360595703125,0,-0.04473876953125
25.2689,0,0.047210693359375,0,0.426513671875,0,-0.038360595703125,0,0.12646484375
25.2812,0,0.040679931640625,0,0.1168212890625,0,-0.028076171875,0,0.12646484375
25.2886,0,0.040679931640625,0,0.1168212890625,0,-0.028076171875,0,-0.1978759765625
25.3001,0,0.1292724609375,0,0.2166748046875,0,0.08416748046875,0,-0.1978759765625
25.3095,0,0.1292724609375,0,0.2166748046875,0,0.08416748046875,0,-0.201904296875
25.3192,0,0.07952880859375,0,-0.91650390625,0,-0.0455322265625,0,-0.201904296875
25.3323,0,0.07952880859375,0,-0.91650390625,0,-0.0455322265625,0,0.198974609375
25.3399,0,0.059661865234375,0,-0.91650390625,0,-0.005451202392578125,0,0.198974609375
25.3521,0,0.059661865234375,0,0.39697265625,0,-0.005451202392578125,0,0.198974609375
25.3605,0,-0.016998291015625,0,0.39697265625,0,-0.048858642578125,0,0.0181121826171875
25.3677,0,-0.016998291015625,0,0.07415771484375,0,-0.048858642578125,0,0.0161895751953125
25.3830,0,0.0178375244140625,0,0.07415771484375,0,-0.0211944580078125,0,0.0161895751953125
25.3882,0,0.0178375244140625,0,0.51416015625,0,-0.0211944580078125,0,0.0161895751953125
25.4030,0,-0.06976318359375,0,0.51416015625,0,0.0423583984375,0,-0.09381103515625
25.4104,0,-0.06976318359375,0,0.453125,0,0.0423583984375,0,-0.09381103515625
25.4187,0,-0.03582763671875,0,0.453125,0,0.02996826171875,0,0.118896484375
25.4320,0,-0.03582763671875,0,0.1322021484375,0,0.02996826171875,0,0.118896484375
25.4393,0,-0.1571044921875,0,0.1322021484375,0,-0.050048828125,0,-0.141845703125
25.4514,0,-0.1571044921875,0,-0.71484375,0,-0.050048828125,0,-0.141845703125
25.4587,0,-0.047271728515625,0,-0.71484375,0,-0.050048828125,0,0.172607421875
25.4706,0,-0.047271728515625,0,0.215576171875,0,0.05267333984375,0,0.172607421875
25.4792,0,0.06536865234375,0,0.215576171875,0,0.0789794921875,0,0.12445068359375
25.4908,0,0.06536865234375,0,0.40966796875,0,0.0789794921875,0,0.12445068359375
25.5003,0,-0.01544952392578125,0,0.40966796875,0,0.07537841796875,0,0.074462890625
25.5104,0,-0.01544952392578125,0,0.09637451171875,0,0.07537841796875,0,0.074462890625
25.5184,0,0.0389404296875,0,0.09637451171875,0,-0.051239013671875,0,0.01922607421875
25.5318,0,0.0389404296875,0,0.5234375,0,-0.051239013671875,0,0.01922607421875
25.5423,0,-0.09222412109375,0,0.5234375,0,-0.051239013671875,0,0.21630859375
25.5519,0,-0.09222412109375,0,0.269775390625,0,-0.052825927734375,0,0.21630859375
25.5634,0,-0.1392822265625,0,0.269775390625,0,-0.052825927734375,0,-0.1802978515625
25.5742,0,-0.1392822265625,0,0.4443359375,0,0.086669921875,0,-0.1802978515625
25.5833,0,0.040130615234375,0,0.4443359375,0,0.086669921875,0,-0.1533203125
25.5947,0,0.040130615234375,0,-0.681640625,0,0.1136474609375,0,-0.1533203125
25.6035,0,0.0303497314453125,0,-0.681640625,0,0.1136474609375,0,-0.048065185546875
25.6146,0,0.0303497314453125,0,0.0562744140625,0,0.07623291015625,0,-0.048065185546875
25.6231,0,0.0775146484375,0,0.0562744140625,0,0.07623291015625,0,0.174072265625
25.6308,0,0.0775146484375,0,0.265380859375,0,-0.0293426513671875,0,0.174072265625
25.6434,0,0.0775146484375,0,0.265380859375,0,-0.0293426513671875,0,0.028472900390625
25.6512,0,0.013336181640625,0,-0.197021484375,0,-0.04876708984375,0,0.028472900390625
25.6657,0,-0.0731201171875,0,-0.197021484375,0,-0.04876708984375,0,-0.1300048828125
25.6741,0,-0.0731201171875,0,-0.235595703125,0,0.061248779296875,0,-0.1300048828125
25.6851,0,-0.0731201171875,0,-0.235595703125,0,0.061248779296875,0,0.09869384765625
25.6903,0,0.06500244140625,0,0.092529296875,0,-0.0215911865234375,0,0.09869384765625
25.7046,0,0.06500244140625,0,0.092529296875,0,-0.0215911865234375,0,-0.0202484130859375
25.7098,0,0.04193115234375,0,0.345947265625,0,0.09613037109375,0,-0.0202484130859375
25.7213,0,0.04193115234375,0,0.345947265625,0,0.09613037109375,0,-0.053497314453125
25.7301,0,-0.1573486328125,0,0.2288818359375,0,0.031097412109375,0,-0.053497314453125
25.7442,0,-0.1573486328125,0,0.2288818359375,0,0.031097412109375,0,-0.14599609375
25.7521,0,-0.0321044921875,0,0.2288818359375,0,-0.0374755859375,0,-0.14599609375
25.7665,0,-0.0321044921875,0,-0.4501953125,0,-0.0374755859375,0,-0.0634765625
25.7692,0,-0.1107177734375,0,0.352783203125,0,0.06695556640625,0,-0.0634765625
25.7805,0,-0.1107177734375,0,0.352783203125,0,0.06695556640625,0,-0.04412841796875
25.7886,0,0.0270233154296875,0,-0.65283203125,0,0.1019287109375,0,-0.04412841796875
25.8021,0,0.0270233154296875,0,-0.65283203125,0,0.1019287109375,0,0.05126953125
25.8110,0,0.10833740234375,0,0.1778564453125,0,0.0928955078125,0,0.05126953125
25.8215,0,0.10833740234375,0,0.1778564453125,0,0.0928955078125,0,-0.06268310546875
25.8325,0,0.0888671875,0,0.1778564453125,0,0.035919189453125,0,-0.06268310546875
25.8400,0,0.0888671875,0,-0.267822265625,0,0.035919189453125,0,0.1370849609375
25.8507,0,0.03826904296875,0,-0.267822265625,0,-0.037567138671875,0,0.1370849609375
25.8644,0,0.03826904296875,0,-0.047027587890625,0,-0.037567138671875,0,0.1370849609375
25.8716,0,0.030487060546875,0,-0.90234375,0,0.1019287109375,0,-0.1258544921875
25.8827,0,0.030487060546875,0,-0.90234375,0,0.1019287109375,0,-0.059356689453125
25.8920,0,0.031951904296875,0,-0.90234375,0,0.01477813720703125,0,-0.059356689453125
25.9018,0,0.031951904296875,0,0.6103515625,0,0.01477813720703125,0,-0.059356689453125
25.9116,0,0.057586669921875,0,0.6103515625,0,-0.035430908203125,0,0.155517578125
25.9217,0,0.057586669921875,0,-0.2069091796875,0,-0.035430908203125,0,0.155517578125
25.9279,0,-0.0316162109375,0,-0.2069091796875,0,0.08441162109375,0,-0.190673828125
25.9388,0,-0.0316162109375,0,0.428955078125,0,0.08441162109375,0,0.09234619140625
25.9495,0,0.0167999267578125,0,0.428955078125,0,-0.01151275634765625,0,0.09234619140625
25.9611,0,0.0167999267578125,0,0.39794921875,0,-0.01151275634765625,0,-0.045318603515625
25.9715,0,0.03472900390625,0,0.39794921875,0,-0.0518798828125,0,-0.045318603515625
25.9834,0,0.03472900390625,0,-0.9384765625,0,-0.0518798828125,0,-0.045318603515625
25.9888,0,-0.036865234375,0,-0.9384765625,0,0.05157470703125,0,-0.0153350830078125
26.0037,0,-0.036865234375,0,-0.1630859375,0,0.05157470703125,0,-0.0153350830078125
26.0096,0,0.05975341796875,0,-0.1630859375,0,-0.028717041015625,0,-0.027740478515625
26.0197,0,0.05975341796875,0,0.31396484375,0,-0.028717041015625,0,-0.027740478515625
26.0280,0,0.047149658203125,0,0.31396484375,0,0.01505279541015625,0,-0.053131103515625
26.0415,0,0.047149658203125,0,0.469482421875,0,0.01505279541015625,0,-0.053131103515625
26.0480,0,-0.12481689453125,0,0.469482421875,0,0.01505279541015625,0,0.1219482421875
26.0633,0,-0.12481689453125,0,0.2156982421875,0,-0.062469482421875,0,0.1219482421875
26.0688,0,0.030059814453125,0,0.2156982421875,0,-0.062469482421875,0,-0.128173828125
26.0814,0,0.030059814453125,0,0.289306640625,0,0.053680419921875,0,-0.128173828125
26.0881,0,-0.0755615234375,0,0.289306640625,0,0.03253173828125,0,-0.06109619140625
26.1025,0,-0.0755615234375,0,0.490478515625,0,0.03253173828125,0,-0.06109619140625
26.1103,0,0.0278167724609375,0,0.490478515625,0,0.09881591796875,0,0.1837158203125
26.1201,0,0.0278167724609375,0,-0.06878662109375,0,0.09881591796875,0,0.1837158203125
26.1308,0,0.0278167724609375,0,-0.06878662109375,0,0.09881591796875,0,-0.0187225341796875
26.1384,0,0.060699462890625,0,0.451171875,0,-0.014862060546875,0,-0.0187225341796875
26.1511,0,0.060699462890625,0,0.451171875,0,-0.014862060546875,0,0.041259765625
26.1583,0,0.02789306640625,0,0.038482666015625,0,0.03814697265625,0,0.041259765625
26.1682,0,0.02789306640625,0,0.038482666015625,0,0.03814697265625,0,0.126953125
26.1822,0,-0.05743408203125,0,0.1629638671875,0,-0.044769287109375,0,0.126953125
26.1881,0,-0.05743408203125,0,0.1629638671875,0,-0.044769287109375,0,-0.09423828125
26.1983,0,0.040557861328125,0,0.349365234375,0,0.043701171875,0,-0.09423828125
26.2093,0,0.040557861328125,0,0.349365234375,0,0.043701171875,0,-0.1796875
26.2179,0,-0.018280029296875,0,0.1583251953125,0,0.01971435546875,0,-0.1796875
26.2260,0,-0.018280029296875,0,0.1583251953125,0,0.01971435546875,0,-0.1636962890625
26.2374,0,-0.0149688720703125,0,0.390380859375,0,-0.0124664306640625,0,-0.1636962890625
26.2470,0,-0.0149688720703125,0,0.390380859375,0,-0.0124664306640625,0,-0.0626220703125
26.2578,0,-0.05487060546875,0,0.2213134765625,0,0.0518798828125,0,-0.0626220703125
26.2700,0,-0.05487060546875,0,0.2213134765625,0,0.0518798828125,0,0.06884765625
26.2789,0,-0.05035400390625,0,-0.11065673828125,0,-0.050872802734375,0,0.06884765625
26.2863,0,-0.05035400390625,0,-0.11065673828125,0,-0.050872802734375,0,-0.07867431640625
26.2974,0,0.053619384765625,0,0.42578125,0,-0.00708770751953125,0,-0.07867431640625
26.3059,0,0.053619384765625,0,0.42578125,0,-0.00708770751953125,0,0.133056640625
26.3187,0,0.0286865234375,0,0.42578125,0,-0.021575927734375,0,0.133056640625
26.3261,0,0.0286865234375,0,-0.357421875,0,-0.021575927734375,0,-0.0226593017578125
26.3405,0,-0.09881591796875,0,-0.357421875,0,0.0748291015625,0,-0.0226593017578125
26.3485,0,-0.09881591796875,0,-0.7626953125,0,0.0748291015625,0,-0.0226593017578125
26.3581,0,0.0528564453125,0,0.0164337158203125,0,0.050811767578125,0,0.040924072265625
26.3700,0,0.0528564453125,0,0.0164337158203125,0,0.050811767578125,0,0.1658935546875
26.3793,0,0.043060302734375,0,0.239013671875,0,-0.0091400146484375,0,0.1658935546875
26.3900,0,0.043060302734375,0,0.239013671875,0,-0.0091400146484375,0,0.087646484375
26.4022,0,-0.0248565673828125,0,0.239013671875,0,-0.007717132568359375,0,0.087646484375
26.4103,0,-0.0248565673828125,0,-0.272705078125,0,-0.007717132568359375,0,0.1156005859375
26.4192,0,0.028778076171875,0,-0.272705078125,0,-0.048828125,0,0.1156005859375
26.4300,0,0.028778076171875,0,0.423583984375,0,-0.048828125,0,0.1156005859375
26.4391,0,0.050689697265625,0,0.423583984375,0,-0.0218963623046875,0,-0.058807373046875
26.4507,0,0.050689697265625,0,-0.78466796875,0,-0.0218963623046875,0,-0.058807373046875
26.4587,0,0.046478271484375,0,-0.78466796875,0,0.0338134765625,0,0.12481689453125
26.4686,0,0.046478271484375,0,-0.8115234375,0,0.0338134765625,0,0.12481689453125
26.4827,0,-0.12249755859375,0,0.169677734375,0,-0.0100555419921875,0,-0.0341796875
26.4918,0,-0.12249755859375,0,0.169677734375,0,-0.0100555419921875,0,-0.10699462890625
26.5002,0,-0.01241302490234375,0,0.169677734375,0,0.0236663818359375,0,-0.10699462890625
26.5112,0,-0.01241302490234375,0,0.294189453125,0,0.0236663818359375,0,-0.10699462890625
26.5206,0,-0.09796142578125,0,0.294189453125,0,0.07672119140625,0,-0.0894775390625
26.5333,0,-0.09796142578125,0,0.401611328125,0,0.07672119140625,0,-0.0894775390625
26.5447,0,0.056365966796875,0,0.401611328125,0,0.087646484375,0,0.091552734375
26.5574,0,0.056365966796875,0,0.57275390625,0,0.087646484375,0,0.091552734375
26.5628,0,0.056365966796875,0,0.57275390625,0,-0.0226287841796875,0,-0.118408203125
26.5752,0,0.11614990234375,0,-0.80322265625,0,-0.0226287841796875,0,-0.118408203125
26.5841,0,0.11614990234375,0,-0.80322265625,0,0.05316162109375,0,-0.1297607421875
26.5925,0,-0.08306884765625,0,0.388916015625,0,0.05316162109375,0,-0.1297607421875
26.6037,0,-0.09405517578125,0,0.388916015625,0,0.045867919921875,0,-0.162109375
26.6131,0,-0.09405517578125,0,0.2191162109375,0,0.045867919921875,0,-0.162109375
26.6233,0,-0.09405517578125,0,0.2191162109375,0,0.045867919921875,0,0.1292724609375
26.6343,0,0.0701904296875,0,-0.755859375,0,-0.0170440673828125,0,0.1292724609375
26.6432,0,0.0701904296875,0,-0.755859375,0,-0.0170440673828125,0,0.07696533203125
26.6521,0,-0.0635986328125,0,-0.375732421875,0,0.0306243896484375,0,0.07696533203125
26.6643,0,-0.0635986328125,0,-0.375732421875,0,0.0306243896484375,0,-0.10833740234375
26.6713,0,0.04620361328125,0,0.45361328125,0,-0.030548095703125,0,-0.10833740234375
26.6826,0,0.04620361328125,0,0.45361328125,0,-0.030548095703125,0,0.0875244140625
26.6910,0,0.04534912109375,0,-0.40478515625,0,0.039825439453125,0,0.0875244140625
26.7020,0,0.04534912109375,0,-0.40478515625,0,0.039825439453125,0,-0.09954833984375
26.7105,0,0.09722900390625,0,0.26318359375,0,0.0188140869140625,0,-0.09954833984375
26.7216,0,0.09722900390625,0,0.26318359375,0,0.0188140869140625,0,-0.144287109375
26.7302,0,0.07275390625,0,0.07733154296875,0,-0.03369140625,0,-0.144287109375
26.7442,0,0.07275390625,0,0.07733154296875,0,-0.03369140625,0,-0.10491943359375
26.7498,0,0.05096435546875,0,-0.427490234375,0,0.0178070068359375,0,-0.10491943359375
26.7672,0,0.05096435546875,0,-0.427490234375,0,0.0178070068359375,0,-0.0521240234375
26.7702,0,0.0294189453125,0,-0.369140625,0,0.04534912109375,0,-0.0521240234375
26.7824,0,0.0294189453125,0,-0.369140625,0,0.04534912109375,0,0.13671875
26.7905,0,0.062408447265625,0,-0.94189453125,0,0.0440673828125,0,0.13671875
26.8049,0,0.062408447265625,0,-0.94189453125,0,0.0440673828125,0,0.058624267578125
26.8095,0,-0.04052734375,0,0.403564453125,0,0.07244873046875,0,0.058624267578125
26.8237,0,-0.04052734375,0,0.403564453125,0,0.07244873046875,0,0.1275634765625
26.8288,0,0.10833740234375,0,0.403564453125,0,0.0684814453125,0,0.1275634765625
26.8433,0,0.10833740234375,0,0.38134765625,0,0.0684814453125,0,0.1275634765625
26.8491,0,-0.04931640625,0,0.58349609375,0,0.0208740234375,0,0.13525390625
26.8672,0,-0.04931640625,0,0.58349609375,0,0.0208740234375,0,-0.149169921875
26.8722,0,-0.1522216796875,0,0.1416015625,0,-0.01552581787109375,0,-0.149169921875
26.8847,0,-0.1522216796875,0,0.1416015625,0,-0.01552581787109375,0,-0.15771484375
26.8884,0,0.042633056640625,0,0.1416015625,0,0.03125,0,-0.15771484375
26.9009,0,0.042633056640625,0,0.467529296875,0,0.03125,0,-0.15771484375
26.9094,0,0.1195068359375,0,0.467529296875,0,0.040374755859375,0,0.03515625
26.9236,0,0.1195068359375,0,-0.63232421875,0,0.040374755859375,0,0.03515625
26.9300,0,0.1195068359375,0,-0.63232421875,0,0.0540771484375,0,0.1517333984375
26.9431,0,0.006244659423828125,0,-0.48583984375,0,0.0540771484375,0,0.1517333984375
26.9489,0,0.006244659423828125,0,-0.48583984375,0,0.0909423828125,0,-0.060272216796875
26.9632,0,-0.195068359375,0,0.2578125,0,0.0909423828125,0,-0.060272216796875
26.9698,0,-0.195068359375,0,0.2578125,0,0.0177154541015625,0,-0.06671142578125
26.9820,0,-0.10723876953125,0,0.43359375,0,0.0177154541015625,0,-0.06671142578125
26.9891,0,-0.10723876953125,0,0.43359375,0,-0.04046630859375,0,-0.03411865234375
27.0030,0,-0.1334228515625,0,-0.87109375,0,-0.04046630859375,0,-0.03411865234375
27.0091,0,-0.1334228515625,0,-0.87109375,0,0.037872314453125,0,0.1575927734375
27.0228,0,0.05865478515625,0,0.1785888671875,0,0.037872314453125,0,0.1575927734375
27.0285,0,0.05865478515625,0,0.1785888671875,0,0.077880859375,0,-0.157470703125
27.0407,0,0.033966064453125,0,0.306640625,0,0.077880859375,0,-0.157470703125
27.0480,0,0.033966064453125,0,0.306640625,0,0.005161285400390625,0,0.1614990234375
27.0622,0,0.059112548828125,0,-0.308837890625,0,0.005161285400390625,0,0.1614990234375
27.0675,0,0.059112548828125,0,-0.308837890625,0,0.005161285400390625,0,-0.128662109375
27.0833,0,0.0850830078125,0,0.3134765625,0,0.08843994140625,0,-0.128662109375
27.0886,0,0.0850830078125,0,0.3134765625,0,0.08843994140625,0,-0.08062744140625
27.0996,0,0.027008056640625,0,-0.327880859375,0,0.08062744140625,0,-0.08062744140625
27.1092,0,0.027008056640625,0,-0.327880859375,0,0.0310821533203125,0,0.11181640625
27.1196,0,-0.083251953125,0,0.201904296875,0,0.0310821533203125,0,0.11181640625
27.1276,0,-0.083251953125,0,0.201904296875,0,0.0310821533203125,0,0.08868408203125
27.1397,0,0.038848876953125,0,0.201904296875,0,0.0197601318359375,0,0.08868408203125
27.1472,0,0.038848876953125,0,0.25634765625,0,0.0197601318359375,0,0.0369873046875
27.1592,0,0.033843994140625,0,-0.055755615234375,0,0.03662109375,0,0.0369873046875
27.1703,0,0.033843994140625,0,-0.055755615234375,0,0.03662109375,0,-0.125244140625
27.1793,0,-0.0421142578125,0,0.3798828125,0,-0.06256103515625,0,-0.125244140625
27.1908,0,-0.0421142578125,0,0.3798828125,0,-0.06256103515625,0,0.156494140625
27.1994,0,0.03009033203125,0,-0.318115234375,0,0.06927490234375,0,0.156494140625
27.2102,0,0.03009033203125,0,-0.318115234375,0,0.01456451416015625,0,0.070068359375
27.2216,0,-0.04058837890625,0,-0.1641845703125,0,0.01456451416015625,0,0.070068359375
27.2266,0,-0.04058837890625,0,-0.1641845703125,0,0.01456451416015625,0,-0.13134765625
27.2428,0,-0.035064697265625,0,-0.1641845703125,0,0.038238525390625,0,-0.13134765625
27.2495,0,-0.035064697265625,0,0.37939453125,0,0.038238525390625,0,-0.13134765625
27.2574,0,0.0426025390625,0,0.38818359375,0,-0.046142578125,0,-0.0673828125
27.2700,0,0.0426025390625,0,0.38818359375,0,-0.046142578125,0,-0.1619873046875
27.2778,0,-0.1575927734375,0,0.38818359375,0,0.077392578125,0,-0.1619873046875
27.2867,0,-0.1575927734375,0,-0.037017822265625,0,0.077392578125,0,-0.134033203125
27.2989,0,-0.0897216796875,0,-0.037017822265625,0,-0.0936279296875,0,-0.134033203125
27.3085,0,-0.0897216796875,0,0.5,0,-0.0936279296875,0,0.0367431640625
27.3206,0,0.049652099609375,0,0.5,0,-0.031158447265625,0,0.0367431640625
27.3302,0,0.049652099609375,0,0.30126953125,0,-0.031158447265625,0,0.0367431640625
27.3378,0,-0.045867919921875,0,0.30126953125,0,-0.05157470703125,0,0.10833740234375
27.3477,0,-0.045867919921875,0,0.1375732421875,0,-0.05157470703125,0,0.10833740234375
27.3584,0,0.031829833984375,0,0.1375732421875,0,-0.0202484130859375,0,-0.11029052734375
27.3695,0,0.031829833984375,0,-0.45263671875,0,-0.0202484130859375,0,-0.11029052734375
27.3779,0,-0.10736083984375,0,-0.45263671875,0,0.079345703125,0,0.1328125
27.3901,0,-0.10736083984375,0,0.6083984375,0,0.079345703125,0,0.1328125
27.3980,0,-0.10736083984375,0,0.6083984375,0,0.06878662109375,0,0.09930419921875
27.4100,0,-0.068115234375,0,0.420166015625,0,0.06878662109375,0,0.09930419921875
27.4179,0,-0.068115234375,0,0.420166015625,0,-0.0285491943359375,0,0.04388427734375
27.4300,0,0.039031982421875,0,0.27197265625,0,-0.0285491943359375,0,0.04388427734375
27.4382,0,0.039031982421875,0,0.27197265625,0,0.0538330078125,0,-0.0211029052734375
27.4477,0,0.08184814453125,0,0.50048828125,0,0.0538330078125,0,-0.0211029052734375
27.4598,0,0.08184814453125,0,0.50048828125,0,0.0660400390625,0,0.03228759765625
27.4703,0,-0.037811279296875,0,-0.67822265625,0,0.0660400390625,0,0.03228759765625
27.4801,0,-0.037811279296875,0,-0.67822265625,0,0.07562255859375,0,-0.02178955078125
27.5039,0,0.07843017578125,0,-0.0254974365234375,0,0.07562255859375,0,0.0386962890625
27.5067,0,0.07843017578125,0,-0.0254974365234375,0,0.059661865234375,0,0.0386962890625
27.5157,0,-0.11407470703125,0,-0.669921875,0,0.059661865234375,0,0.0386962890625
27.5250,0,-0.11407470703125,0,-0.669921875,0,0.023284912109375,0,0.08056640625
27.5395,0,-0.08343505859375,0,-0.4287109375,0,0.023284912109375,0,0.08056640625
27.5506,0,-0.08343505859375,0,-0.4287109375,0,0.02288818359375,0,0.09893798828125
27.5571,0,0.08966064453125,0,0.41552734375,0,0.02288818359375,0,0.09893798828125
27.5690,0,0.08966064453125,0,0.41552734375,0,0.02288818359375,0,-0.028350830078125
27.5766,0,0.05194091796875,0,0.329833984375,0,0.008819580078125,0,-0.028350830078125
27.5892,0,0.05194091796875,0,0.329833984375,0,0.0679931640625,0,0.1533203125
27.5963,0,0.09686279296875,0,-0.6318359375,0,0.0679931640625,0,0.1533203125
27.6104,0,0.09686279296875,0,-0.6318359375,0,0.0679931640625,0,-0.17724609375
27.6158,0,0.1065673828125,0,-0.0260009765625,0,0.053009033203125,0,-0.17724609375
27.6275,0,0.1065673828125,0,-0.0260009765625,0,-0.0304412841796875,0,-0.06915283203125
27.6369,0,-0.12109375,0,-0.10791015625,0,-0.0304412841796875,0,-0.06915283203125
27.6469,0,-0.12109375,0,-0.10791015625,0,-0.0304412841796875,0,-0.0531005859375
27.6572,0,-0.03375244140625,0,-0.80908203125,0,0.1009521484375,0,-0.0531005859375
27.6672,0,-0.03375244140625,0,-0.80908203125,0,0.1009521484375,0,0.1641845703125
27.6771,0,0.1265869140625,0,-0.83349609375,0,0.018218994140625,0,0.1641845703125
27.6893,0,0.1265869140625,0,-0.83349609375,0,0.018218994140625,0,-0.214599609375
27.6995,0,0.100830078125,0,-0.83349609375,0,0.015655517578125,0,-0.214599609375
27.7109,0,0.100830078125,0,-0.05218505859375,0,0.015655517578125,0,-0.07318115234375
27.7186,0,-0.0916748046875,0,-0.05218505859375,0,0.018798828125,0,-0.07318115234375
27.7319,0,-0.0916748046875,0,-0.31494140625,0,0.018798828125,0,-0.07318115234375
27.7343,0,-0.065185546875,0,-0.31494140625,0,0.0240478515625,0,-0.22509765625
27.7454,0,-0.065185546875,0,0.29150390625,0,0.0240478515625,0,-0.08795166015625
27.7540,0,-0.07928466796875,0,0.29150390625,0,0.03045654296875,0,-0.08795166015625
27.7681,0,-0.07928466796875,0,0.2415771484375,0,0.03045654296875,0,-0.08795166015625
27.7777,0,0.13671875,0,0.2415771484375,0,0.01078033447265625,0,-0.10528564453125
27.7867,0,0.13671875,0,0.1414794921875,0,0.01078033447265625,0,-0.10528564453125
27.7943,0,0.103759765625,0,0.1414794921875,0,0.06488037109375,0,-0.188232421875
27.8072,0,0.103759765625,0,0.1378173828125,0,0.06488037109375,0,-0.188232421875
27.8137,0,0.11175537109375,0,0.1378173828125,0,-0.048370361328125,0,-0.12347412109375
27.8277,0,0.11175537109375,0,-0.5576171875,0,-0.048370361328125,0,-0.12347412109375
27.8354,0,0.06524658203125,0,-0.5576171875,0,0.03759765625,0,-0.028045654296875
27.8471,0,0.06524658203125,0,-0.79296875,0,0.03759765625,0,-0.028045654296875
27.8551,0,0.06524658203125,0,-0.79296875,0,0.043243408203125,0,0.0723876953125
27.8671,0,-0.066650390625,0,-0.1251220703125,0,0.043243408203125,0,0.0723876953125
27.8723,0,-0.066650390625,0,-0.1251220703125,0,-0.04315185546875,0,-0.1307373046875
27.8846,0,-0.05242919921875,0,0.03472900390625,0,-0.04315185546875,0,-0.1307373046875
27.8920,0,-0.0224151611328125,0,0.03472900390625,0,0.0604248046875,0,-0.1409912109375
27.9063,0,-0.0224151611328125,0,0.160400390625,0,0.0604248046875,0,-0.1409912109375
27.9120,0,-0.0224151611328125,0,0.160400390625,0,0.10052490234375,0,-0.08685302734375
27.9261,0,0.08770751953125,0,0.277587890625,0,0.10052490234375,0,-0.08685302734375
27.9345,0,0.08770751953125,0,0.277587890625,0,-0.01904296875,0,-0.1575927734375
27.9433,0,0.03668212890625,0,0.328369140625,0,-0.01904296875,0,-0.1575927734375
27.9519,0,0.03668212890625,0,0.328369140625,0,-0.049285888671875,0,-0.053497314453125
27.9638,0,-0.049530029296875,0,0.0165557861328125,0,-0.049285888671875,0,-0.053497314453125
27.9722,0,-0.049530029296875,0,0.0165557861328125,0,0.06854248046875,0,-0.049224853515625
27.9868,0,0.062347412109375,0,0.2705078125,0,0.06854248046875,0,-0.049224853515625
27.9917,0,0.062347412109375,0,0.2705078125,0,0.10821533203125,0,0.0615234375
28.0046,0,0.0269927978515625,0,0.2919921875,0,0.10821533203125,0,0.0615234375
28.0126,0,0.0269927978515625,0,0.2919921875,0,-0.022735595703125,0,-0.06329345703125
28.0247,0,0.039093017578125,0,0.411376953125,0,-0.022735595703125,0,-0.06329345703125
28.0323,0,0.039093017578125,0,0.411376953125,0,-0.022735595703125,0,-0.06317138671875
28.0443,0,0.1737060546875,0,0.411376953125,0,0.035919189453125,0,-0.06317138671875
28.0520,0,0.1737060546875,0,-0.5439453125,0,0.035919189453125,0,-0.12005615234375
28.0643,0,0.03399658203125,0,0.244140625,0,0.02215576171875,0,-0.12005615234375
28.0728,0,0.03399658203125,0,0.244140625,0,0.02215576171875,0,0.055755615234375
28.0834,0,0.03887939453125,0,0.356689453125,0,-0.0250091552734375,0,0.055755615234375
28.0968,0,0.03887939453125,0,0.356689453125,0,-0.0250091552734375,0,-0.1785888671875
28.1051,0,0.04925537109375,0,-0.76611328125,0,-0.0167388916015625,0,-0.1785888671875
28.1192,0,0.04925537109375,0,-0.76611328125,0,0.05303955078125,0,-0.109130859375
28.1254,0,-0.04693603515625,0,0.174072265625,0,0.05303955078125,0,-0.109130859375
28.1337,0,-0.04693603515625,0,0.174072265625,0,0.05303955078125,0,-0.1036376953125
28.1472,0,0.048736572265625,0,0.174072265625,0,-0.032958984375,0,-0.1036376953125
28.1547,0,0.048736572265625,0,-0.107666015625,0,-0.032958984375,0,-0.1693115234375
28.1641,0,0.0875244140625,0,-0.107666015625,0,0.045684814453125,0,-0.1693115234375
28.1750,0,0.0875244140625,0,-0.2578125,0,0.045684814453125,0,-0.1693115234375
28.1837,0,-0.0159912109375,0,-0.2578125,0,0.0472412109375,0,0.1854248046875
28.1952,0,-0.0159912109375,0,0.18896484375,0,0.0472412109375,0,0.1854248046875
28.2066,0,0.0521240234375,0,0.18896484375,0,-0.049346923828125,0,-0.0682373046875
28.2123,0,0.0521240234375,0,-0.5888671875,0,-0.049346923828125,0,-0.0682373046875
28.2256,0,0.0262451171875,0,-0.5888671875,0,0.066650390625,0,-0.046630859375
28.2321,0,0.0262451171875,0,0.1002197265625,0,0.066650390625,0,-0.046630859375
28.2419,0,0.045806884765625,0,0.1002197265625,0,-0.0278167724609375,0,-0.149169921875
28.2552,0,0.045806884765625,0,0.141357421875,0,-0.0278167724609375,0,-0.149169921875
28.2626,0,-0.0504150390625,0,0.141357421875,0,0.07196044921875,0,-0.1983642578125
28.2742,0,-0.0504150390625,0,-0.53466796875,0,0.07196044921875,0,-0.1983642578125
28.2834,0,-0.0504150390625,0,-0.53466796875,0,-0.0523681640625,0,-0.095947265625
28.2938,0,-0.06280517578125,0,-0.1002197265625,0,-0.0523681640625,0,-0.095947265625
28.3023,0,0.02130126953125,0,-0.1002197265625,0,0.0908203125,0,-0.200439453125
28.3135,0,0.02130126953125,0,0.373779296875,0,0.0908203125,0,-0.200439453125
28.3225,0,0.1158447265625,0,0.373779296875,0,-0.0258331298828125,0,-0.1090087890625
28.3330,0,0.1158447265625,0,0.4462890625,0,-0.0258331298828125,0,-0.1090087890625
28.3433,0,-0.076416015625,0,0.4462890625,0,0.067138671875,0,-0.0594482421875
28.3529,0,-0.076416015625,0,0.469970703125,0,0.067138671875,0,-0.0594482421875
28.3613,0,-0.076416015625,0,0.469970703125,0,0.067138671875,0,0.1231689453125
28.3709,0,0.11083984375,0,0.47705078125,0,0.05633544921875,0,0.1231689453125
28.3809,0,0.11083984375,0,0.47705078125,0,-0.038299560546875,0,0.0711669921875
28.3901,0,-0.0872802734375,0,0.172607421875,0,-0.038299560546875,0,0.0711669921875
28.4027,0,-0.0582275390625,0,0.172607421875,0,-0.0098114013671875,0,-0.058929443359375
28.4090,0,-0.0582275390625,0,0.1109619140625,0,-0.0098114013671875,0,-0.058929443359375
28.4205,0,-0.0582275390625,0,0.1109619140625,0,-0.0098114013671875,0,0.1678466796875
28.4324,0,0.08746337890625,0,0.2135009765625,0,-0.0209197998046875,0,0.1678466796875
28.4418,0,0.08746337890625,0,0.2135009765625,0,-0.0209197998046875,0,0.1563720703125
28.4480,0,0.11981201171875,0,-0.1925048828125,0,-0.0249176025390625,0,0.1563720703125
28.4620,0,0.11981201171875,0,-0.1925048828125,0,-0.0249176025390625,0,-0.174072265625
28.4740,0,0.03179931640625,0,-0.63037109375,0,0.058929443359375,0,-0.174072265625
28.4794,0,0.03179931640625,0,-0.63037109375,0,0.058929443359375,0,0.0595703125
28.4882,0,0.0205230712890625,0,0.1859130859375,0,-0.0770263671875,0,0.0595703125
28.5048,0,-0.048126220703125,0,0.1859130859375,0,-0.021240234375,0,-0.1339111328125
28.5106,0,-0.048126220703125,0,-0.32373046875,0,-0.021240234375,0,-0.1339111328125
28.5252,0,-0.048126220703125,0,-0.32373046875,0,-0.021240234375,0,-0.0943603515625
28.5306,0,-0.1158447265625,0,0.361572265625,0,-0.05682373046875,0,-0.0943603515625
28.5438,0,-0.1158447265625,0,0.361572265625,0,-0.05682373046875,0,-0.09075927734375
28.5534,0,0.014404296875,0,0.361572265625,0,0.07525634765625,0,-0.09075927734375
28.5667,0,0.014404296875,0,-0.2447509765625,0,0.07525634765625,0,-0.09075927734375
28.5776,0,-0.09600830078125,0,0.1905517578125,0,-0.04510498046875,0,0.03204345703125
28.5873,0,-0.09600830078125,0,0.1905517578125,0,-0.04510498046875,0,0.13037109375
28.5980,0,0.03790283203125,0,0.1905517578125,0,0.032257080078125,0,0.13037109375
28.6097,0,0.03790283203125,0,-0.25146484375,0,0.032257080078125,0,0.13037109375
28.6220,0,0.049957275390625,0,-0.25146484375,0,0.0787353515625,0,-0.01806640625
28.6306,0,0.049957275390625,0,-0.1571044921875,0,0.0787353515625,0,-0.01806640625
28.6365,0,-0.0673828125,0,-0.1571044921875,0,0.0167999267578125,0,-0.1937255859375
28.6464,0,-0.0673828125,0,0.499755859375,0,0.0167999267578125,0,0.1009521484375
28.6581,0,0.046234130859375,0,0.499755859375,0,-0.024871826171875,0,0.1009521484375
28.6682,0,0.046234130859375,0,0.5439453125,0,-0.024871826171875,0,0.1009521484375
28.6784,0,-0.158203125,0,0.5439453125,0,0.038726806640625,0,0.02606201171875
28.6866,0,-0.158203125,0,0.183349609375,0,0.038726806640625,0,-0.09600830078125
28.6948,0,-0.0408935546875,0,0.183349609375,0,-0.01226043701171875,0,-0.09600830078125
28.7070,0,-0.0408935546875,0,-0.3720703125,0,-0.01226043701171875,0,-0.1256103515625
28.7156,0,0.05072021484375,0,-0.3720703125,0,0.089111328125,0,-0.1256103515625
28.7289,0,0.05072021484375,0,0.04437255859375,0,0.089111328125,0,-0.2117919921875
28.7359,0,-0.08837890625,0,0.04437255859375,0,-0.0283966064453125,0,-0.2117919921875
28.7483,0,-0.08837890625,0,0.400390625,0,-0.0283966064453125,0,-0.2117919921875
28.7546,0,-0.08837890625,0,0.400390625,0,0.081787109375,0,-0.2017822265625
28.7659,0,0.031829833984375,0,0.260498046875,0,0.081787109375,0,-0.2017822265625
28.7734,0,0.031829833984375,0,0.260498046875,0,-0.081298828125,0,-0.047027587890625
28.7869,0,-0.129150390625,0,-0.09454345703125,0,-0.081298828125,0,-0.047027587890625
28.7931,0,-0.129150390625,0,-0.09454345703125,0,-0.0239105224609375,0,0.09075927734375
28.8076,0,0.033355712890625,0,-0.56494140625,0,-0.0239105224609375,0,0.09075927734375
28.8132,0,0.033355712890625,0,-0.56494140625,0,0.002719879150390625,0,-0.0726318359375
28.8272,0,-0.05279541015625,0,0.408935546875,0,0.002719879150390625,0,-0.0726318359375
28.8325,0,-0.05279541015625,0,0.408935546875,0,-0.06341552734375,0,-0.224853515625
28.8435,0,-0.1224365234375,0,0.392333984375,0,-0.06341552734375,0,-0.224853515625
28.8523,0,-0.1224365234375,0,0.392333984375,0,0.02069091796875,0,0.115478515625
28.8632,0,0.0166168212890625,0,-0.61474609375,0,0.02069091796875,0,0.115478515625
28.8729,0,0.0166168212890625,0,-0.61474609375,0,-0.032318115234375,0,0.1279296875
28.8843,0,0.0318603515625,0,-0.54296875,0,-0.032318115234375,0,0.1279296875
28.8950,0,0.0318603515625,0,-0.54296875,0,0.05352783203125,0,-0.08953857421875
28.9054,0,0.0297698974609375,0,-0.84619140625,0,0.05352783203125,0,-0.08953857421875
28.9131,0,0.0297698974609375,0,-0.84619140625,0,0.034515380859375,0,0.106689453125
28.9228,0,0.06475830078125,0,0.453125,0,0.034515380859375,0,0.106689453125
28.9342,0,0.06475830078125,0,0.453125,0,0.061981201171875,0,-0.053985595703125
28.9462,0,-0.0919189453125,0,0.453125,0,0.061981201171875,0,-0.053985595703125
28.9555,0,-0.0919189453125,0,0.158203125,0,0.061981201171875,0,0.20849609375
28.9654,0,0.0240478515625,0,-0.08441162109375,0,0.046142578125,0,0.20849609375
28.9753,0,0.0240478515625,0,-0.08441162109375,0,0.0311431884765625,0,0.191162109375
28.9874,0,0.0242919921875,0,-0.08441162109375,0,0.0311431884765625,0,0.191162109375
28.9922,0,0.0242919921875,0,-0.424072265625,0,0.0311431884765625,0,-0.07672119140625
29.0048,0,0.050445556640625,0,-0.424072265625,0,0.04840087890625,0,-0.07672119140625
29.0148,0,0.050445556640625,0,-0.0931396484375,0,0.04840087890625,0,0.112060546875
29.0227,0,0.034637451171875,0,-0.0931396484375,0,-0.061492919921875,0,0.112060546875
29.0351,0,0.034637451171875,0,0.2213134765625,0,-0.061492919921875,0,-0.03240966796875
29.0461,0,0.04852294921875,0,0.2213134765625,0,-0.01160430908203125,0,-0.03240966796875
29.0531,0,0.04852294921875,0,0.2486572265625,0,-0.01160430908203125,0,0.166748046875
29.0655,0,-0.097412109375,0,0.2486572265625,0,0.040557861328125,0,0.166748046875
29.0726,0,-0.097412109375,0,0.411865234375,0,0.040557861328125,0,-0.2210693359375
29.0813,0,0.07684326171875,0,0.411865234375,0,-0.0248260498046875,0,-0.2210693359375
29.0932,0,0.07684326171875,0,0.37939453125,0,-0.0248260498046875,0,0.1361083984375
29.1045,0,0.07684326171875,0,0.37939453125,0,0.0178985595703125,0,0.1361083984375
29.1126,0,0.036346435546875,0,0.31005859375,0,0.0178985595703125,0,-0.03851318359375
29.1248,0,0.10479736328125,0,0.31005859375,0,0.00554656982421875,0,-0.03851318359375
29.1323,0,0.10479736328125,0,-0.130615234375,0,0.00554656982421875,0,-0.0338134765625
29.1436,0,-0.06988525390625,0,-0.130615234375,0,-0.0457763671875,0,-0.0338134765625
29.1530,0,-0.06988525390625,0,-0.53955078125,0,-0.0457763671875,0,-0.0338134765625
29.1630,0,0.01015472412109375,0,-0.53955078125,0,0.09124755859375,0,0.135498046875
29.1756,0,0.01015472412109375,0,-0.403564453125,0,0.09124755859375,0,0.135498046875
29.1843,0,-0.03985595703125,0,-0.403564453125,0,-0.042877197265625,0,-0.1024169921875
29.1952,0,-0.03985595703125,0,-0.7294921875,0,-0.042877197265625,0,-0.1024169921875
29.2051,0,-0.03985595703125,0,-0.7294921875,0,0.039031982421875,0,0.184326171875
29.2148,0,-0.03515625,0,0.452880859375,0,0.039031982421875,0,0.184326171875
29.2229,0,0.0748291015625,0,0.452880859375,0,0.049102783203125,0,0.020111083984375
29.2314,0,0.0748291015625,0,0.121337890625,0,0.049102783203125,0,0.020111083984375
29.2423,0,0.0169830322265625,0,0.121337890625,0,-0.059234619140625,0,-0.10040283203125
29.2524,0,0.0169830322265625,0,-0.75439453125,0,-0.059234619140625,0,-0.10040283203125
29.2619,0,0.0169830322265625,0,-0.75439453125,0,0.02679443359375,0,0.1427001953125
29.2739,0,0.095703125,0,-0.384521484375,0,0.02679443359375,0,0.1427001953125
29.2858,0,0.095703125,0,-0.384521484375,0,-0.1031494140625,0,-0.10089111328125
29.2912,0,-0.0589599609375,0,-0.09527587890625,0,-0.1031494140625,0,-0.10089111328125
29.3061,0,-0.0589599609375,0,-0.09527587890625,0,0.022369384765625,0,0.0589599609375
29.3106,0,0.05621337890625,0,-0.70703125,0,0.022369384765625,0,0.0589599609375
29.3226,0,0.05621337890625,0,-0.70703125,0,0.10321044921875,0,-0.03704833984375
29.3303,0,-0.081787109375,0,0.09112548828125,0,0.10321044921875,0,-0.03704833984375
29.3413,0,-0.081787109375,0,0.09112548828125,0,-0.06268310546875,0,0.0404052734375
29.3530,0,-0.06488037109375,0,-0.09356689453125,0,-0.06268310546875,0,0.0404052734375
29.3622,0,-0.06488037109375,0,-0.09356689453125,0,-0.06268310546875,0,-0.11724853515625
29.3707,0,-0.1248779296875,0,0.078369140625,0,0.028411865234375,0,-0.11724853515625
29.3808,0,-0.1248779296875,0,0.078369140625,0,-0.053955078125,0,-0.153076171875
29.3894,0,0.09405517578125,0,0.173828125,0,-0.053955078125,0,-0.153076171875
29.4004,0,0.09405517578125,0,0.173828125,0,0.03411865234375,0,0.037811279296875
29.4103,0,0.053558349609375,0,0.173828125,0,0.03411865234375,0,0.037811279296875
29.4204,0,0.053558349609375,0,0.154052734375,0,0.07769775390625,0,-0.0740966796875
29.4323,0,-0.06463623046875,0,0.154052734375,0,0.07769775390625,0,-0.0740966796875
29.4409,0,-0.06463623046875,0,-0.422119140625,0,0.07769775390625,0,-0.2298583984375
29.4487,0,-0.03228759765625,0,0.1015625,0,-0.0574951171875,0,-0.2298583984375
29.4599,0,-0.03228759765625,0,0.1015625,0,-0.0574951171875,0,0.0926513671875
29.4731,0,-0.07476806640625,0,0.1015625,0,0.0185089111328125,0,0.0926513671875
29.4802,0,-0.07476806640625,0,0.31884765625,0,0.0185089111328125,0,-0.046051025390625
29.4955,0,-0.08270263671875,0,0.31884765625,0,0.024566650390625,0,-0.046051025390625
29.5018,0,-0.08270263671875,0,0.347900390625,0,0.024566650390625,0,0.0426025390625
29.5166,0,-0.03790283203125,0,-0.056060791015625,0,0.09332275390625,0,0.0426025390625
29.5256,0,-0.03790283203125,0,-0.056060791015625,0,0.01690673828125,0,-0.161376953125
29.5311,0,-0.0706787109375,0,-0.056060791015625,0,0.01690673828125,0,-0.161376953125
29.5453,0,-0.0706787109375,0,-0.259033203125,0,0.01690673828125,0,-0.22705078125
29.5562,0,0.0709228515625,0,-0.259033203125,0,0.0190887451171875,0,-0.22705078125
29.5665,0,0.0709228515625,0,-0.250244140625,0,0.0190887451171875,0,0.11749267578125
29.5759,0,0.019683837890625,0,-0.250244140625,0,0.06097412109375,0,0.11749267578125
29.5889,0,0.019683837890625,0,0.20703125,0,0.06097412109375,0,0.11749267578125
29.5941,0,-0.1136474609375,0,0.20703125,0,-0.0382080078125,0,-0.10986328125
29.6062,0,-0.1136474609375,0,0.4306640625,0,-0.0382080078125,0,-0.10986328125
29.6150,0,-0.041656494140625,0,0.4306640625,0,0.03900146484375,0,0.08428955078125
29.6288,0,-0.041656494140625,0,0.25634765625,0,0.03900146484375,0,0.08428955078125
29.6346,0,0.042083740234375,0,0.25634765625,0,0.062164306640625,0,0.1292724609375
29.6491,0,0.042083740234375,0,0.4501953125,0,0.062164306640625,0,0.1292724609375
29.6572,0,0.042083740234375,0,0.4501953125,0,0.089111328125,0,-0.1591796875
29.6699,0,-0.040924072265625,0,-0.1942138671875,0,0.089111328125,0,-0.1591796875
29.6785,0,-0.040924072265625,0,-0.1942138671875,0,0.0282135009765625,0,0.1334228515625
29.6874,0,-0.060028076171875,0,0.455322265625,0,0.0282135009765625,0,0.1334228515625
29.6946,0,0.08740234375,0,0.455322265625,0,0.08648681640625,0,-0.1258544921875
29.7101,0,0.08740234375,0,0.311767578125,0,0.08648681640625,0,-0.1258544921875
29.7142,0,0.08740234375,0,0.311767578125,0,-0.0537109375,0,-0.0482177734375
29.7288,0,-0.0340576171875,0,0.03826904296875,0,-0.0537109375,0,-0.0482177734375
29.7389,0,-0.0340576171875,0,0.03826904296875,0,-0.0172882080078125,0,0.09381103515625
29.7452,0,-0.126220703125,0,0.58544921875,0,-0.0172882080078125,0,0.09381103515625
29.7572,0,-0.126220703125,0,0.58544921875,0,-0.052032470703125,0,-0.095458984375
29.7652,0,-0.061004638671875,0,0.1727294921875,0,-0.052032470703125,0,-0.095458984375
29.7738,0,-0.061004638671875,0,0.1727294921875,0,0.0161895751953125,0,0.1029052734375
29.7893,0,0.06341552734375,0,-0.6787109375,0,0.0161895751953125,0,0.1029052734375
29.7939,0,0.06341552734375,0,-0.6787109375,0,0.034088134765625,0,-0.1473388671875
29.8052,0,-0.0406494140625,0,0.04022216796875,0,0.034088134765625,0,-0.1473388671875
29.8144,0,-0.0406494140625,0,0.04022216796875,0,0.034088134765625,0,0.005306243896484375
29.8245,0,0.037139892578125,0,-0.3017578125,0,0.09698486328125,0,0.005306243896484375
29.8331,0,0.037139892578125,0,-0.3017578125,0,0.09698486328125,0,-0.0980224609375
29.8441,0,-0.1260986328125,0,-0.2440185546875,0,0.0936279296875,0,-0.0980224609375
29.8565,0,-0.1260986328125,0,-0.2440185546875,0,0.0936279296875,0,0.07818603515625
29.8637,0,-0.0467529296875,0,-0.2440185546875,0,0.024993896484375,0,0.07818603515625
29.8730,0,-0.0467529296875,0,0.2425537109375,0,0.048797607421875,0,-0.05841064453125
29.8843,0,0.045379638671875,0,0.2425537109375,0,0.048797607421875,0,-0.05841064453125
29.8927,0,0.045379638671875,0,0.262939453125,0,0.048797607421875,0,0.1348876953125
29.9059,0,-0.040771484375,0,0.447998046875,0,0.08441162109375,0,0.1348876953125
29.9122,0,-0.040771484375,0,0.447998046875,0,0.08441162109375,0,-0.06256103515625
29.9261,0,0.05975341796875,0,-0.1376953125,0,-0.04144287109375,0,-0.06256103515625
29.9341,0,0.05975341796875,0,-0.1376953125,0,-0.04144287109375,0,-0.09765625
29.9462,0,0.05975341796875,0,-0.1376953125,0,-0.05902099609375,0,-0.09765625
29.9542,0,-0.0277862548828125,0,0.23291015625,0,-0.05902099609375,0,-0.0811767578125
29.9637,0,-0.0277862548828125,0,0.23291015625,0,0.1341552734375,0,-0.0811767578125
29.9727,0,-0.03790283203125,0,-0.478271484375,0,0.1341552734375,0,-0.0811767578125
29.9883,0,-0.03790283203125,0,-0.478271484375,0,0.031219482421875,0,0.1480712890625
29.9917,0,-0.0986328125,0,0.191162109375,0,0.031219482421875,0,-0.0633544921875
30.0058,0,-0.0986328125,0,0.191162109375,0,0.0193328857421875,0,-0.0633544921875
30.0121,0,0.022857666015625,0,0.399658203125,0,0.0193328857421875,0,-0.0633544921875
30.0258,0,0.022857666015625,0,0.399658203125,0,0.0704345703125,0,-0.10882568359375
30.0342,0,-0.030792236328125,0,0.1556396484375,0,0.0704345703125,0,-0.10882568359375
30.0462,0,-0.030792236328125,0,0.1556396484375,0,-0.04180908203125,0,0.04248046875
30.0543,0,0.01776123046875,0,0.406005859375,0,-0.04180908203125,0,0.04248046875
30.0655,0,0.01776123046875,0,0.406005859375,0,-0.01226043701171875,0,-0.223876953125
30.0738,0,0.0224761962890625,0,0.416259765625,0,-0.01226043701171875,0,-0.223876953125
30.0823,0,0.0224761962890625,0,0.416259765625,0,0.047210693359375,0,-0.1292724609375
30.0934,0,0.06439208984375,0,0.149169921875,0,0.047210693359375,0,-0.1292724609375
30.1050,0,0.06439208984375,0,0.149169921875,0,0.035186767578125,0,-0.2158203125
30.1134,0,-0.08416748046875,0,-0.09466552734375,0,0.035186767578125,0,-0.2158203125
30.1253,0,-0.08416748046875,0,-0.09466552734375,0,0.02001953125,0,0.03955078125
30.1306,0,-0.049041748046875,0,-0.23583984375,0,0.02001953125,0,0.03955078125
30.1429,0,-0.049041748046875,0,-0.23583984375,0,0.047088623046875,0,-0.10211181640625
30.1536,0,-0.134521484375,0,0.10833740234375,0,0.047088623046875,0,-0.10211181640625
30.1613,0,-0.134521484375,0,0.10833740234375,0,0.03643798828125,0,0.1339111328125
30.1721,0,-0.06951904296875,0,0.1798095703125,0,0.03643798828125,0,0.1339111328125
30.1827,0,-0.06951904296875,0,0.1798095703125,0,-0.0279083251953125,0,0.12481689453125
30.1914,0,0.026397705078125,0,0.45751953125,0,-0.0279083251953125,0,0.12481689453125
30.2043,0,0.026397705078125,0,0.45751953125,0,-0.0279083251953125,0,-0.1624755859375
30.2123,0,0.028778076171875,0,0.40576171875,0,-0.046661376953125,0,-0.1624755859375
30.2250,0,0.028778076171875,0,0.40576171875,0,0.013885498046875,0,0.08868408203125
30.2330,0,-0.025970458984375,0,0.4951171875,0,0.013885498046875,0,0.08868408203125
30.2461,0,-0.025970458984375,0,0.4951171875,0,0.013885498046875,0,0.08447265625
30.2515,0,-0.09783935546875,0,0.4951171875,0,0.03619384765625,0,0.08447265625
30.2637,0,-0.09783935546875,0,0.233642578125,0,0.03619384765625,0,-0.06793212890625
30.2724,0,0.07574462890625,0,0.233642578125,0,0.01390838623046875,0,-0.06793212890625
30.2851,0,0.07574462890625,0,-0.201171875,0,0.01390838623046875,0,-0.1907958984375
30.2911,0,0.0771484375,0,-0.0596923828125,0,0.033905029296875,0,-0.1907958984375
30.3057,0,0.0771484375,0,-0.0596923828125,0,0.033905029296875,0,-0.0386962890625
30.3106,0,0.03485107421875,0,-0.0596923828125,0,-0.01432037353515625,0,-0.0386962890625
30.3246,0,0.03485107421875,0,-0.1094970703125,0,-0.01432037353515625,0,-0.12042236328125
30.3298,0,0.032867431640625,0,-0.1094970703125,0,0.02557373046875,0,-0.12042236328125
30.3444,0,0.032867431640625,0,0.265380859375,0,0.02557373046875,0,-0.09771728515625
30.3497,0,-0.07080078125,0,0.265380859375,0,-0.04150390625,0,-0.09771728515625
30.3639,0,-0.07080078125,0,-0.7705078125,0,-0.04150390625,0,-0.134521484375
30.3735,0,-0.0841064453125,0,-0.7705078125,0,-0.0189666748046875,0,-0.134521484375
30.3843,0,-0.0841064453125,0,0.24755859375,0,-0.0189666748046875,0,-0.1500244140625
30.3932,0,-0.0841064453125,0,0.24755859375,0,0.04193115234375,0,-0.1500244140625
30.4011,0,0.047149658203125,0,0.5537109375,0,0.04193115234375,0,0.0285186767578125
30.4128,0,0.047149658203125,0,0.5537109375,0,-0.0726318359375,0,0.0285186767578125
30.4206,0,-0.16455078125,0,0.4638671875,0,-0.0726318359375,0,-0.026580810546875
30.4300,0,-0.16455078125,0,0.4638671875,0,0.045928955078125,0,-0.026580810546875
30.4404,0,0.060272216796875,0,0.320556640625,0,0.045928955078125,0,-0.1463623046875
30.4513,0,0.060272216796875,0,0.320556640625,0,-0.02191162109375,0,-0.1463623046875
30.4598,0,0.055755615234375,0,-0.8408203125,0,-0.02191162109375,0,-0.1322021484375
30.4723,0,0.055755615234375,0,-0.8408203125,0,-0.0264129638671875,0,-0.1322021484375
30.4802,0,0.01108551025390625,0,-0.338134765625,0,-0.0264129638671875,0,0.02716064453125
30.4895,0,0.01108551025390625,0,-0.338134765625,0,-0.0267181396484375,0,0.02716064453125
30.5004,0,0.0325927734375,0,0.16259765625,0,-0.0267181396484375,0,-0.196044921875
30.5093,0,0.0325927734375,0,0.16259765625,0,-0.016510009765625,0,-0.196044921875
30.5271,0,-0.08343505859375,0,-0.60546875,0,-0.016510009765625,0,-0.1187744140625
30.5301,0,-0.08343505859375,0,-0.60546875,0,0.051513671875,0,-0.1187744140625
30.5469,0,-0.10382080078125,0,0.42236328125,0,0.051513671875,0,-0.1187744140625
30.5525,0,-0.10382080078125,0,0.42236328125,0,-0.01763916015625,0,0.14013671875
30.5685,0,-0.03729248046875,0,0.37939453125,0,-0.01763916015625,0,0.14013671875
30.5723,0,-0.03729248046875,0,0.37939453125,0,0.044677734375,0,0.11181640625
30.5837,0,-0.1624755859375,0,0.07745361328125,0,0.044677734375,0,0.11181640625
30.5924,0,-0.1624755859375,0,0.07745361328125,0,0.036224365234375,0,-0.10003662109375
30.6050,0,0.09356689453125,0,0.23046875,0,0.036224365234375,0,-0.10003662109375
30.6145,0,0.09356689453125,0,0.23046875,0,-0.0255279541015625,0,-0.1375732421875
30.6258,0,-0.0096893310546875,0,-0.38427734375,0,-0.0255279541015625,0,-0.1375732421875
30.6369,0,-0.0096893310546875,0,-0.38427734375,0,-0.0255279541015625,0,0.1793212890625
30.6447,0,0.0206756591796875,0,0.1627197265625,0,0.047454833984375,0,0.1793212890625
30.6571,0,0.0206756591796875,0,0.1627197265625,0,0.047454833984375,0,-0.07318115234375
30.6643,0,-0.08404541015625,0,-0.2509765625,0,-0.0232086181640625,0,-0.07318115234375
30.6753,0,-0.08404541015625,0,-0.2509765625,0,-0.0232086181640625,0,-0.123779296875
30.6850,0,0.09417724609375,0,-0.25390625,0,0.045806884765625,0,-0.123779296875
30.6962,0,0.09417724609375,0,-0.25390625,0,0.045806884765625,0,0.054534912109375
30.7049,0,0.10015869140625,0,-0.25390625,0,-0.06964111328125,0,0.054534912109375
30.7160,0,0.10015869140625,0,0.04852294921875,0,-0.06964111328125,0,-0.144287109375
30.7246,0,-0.12744140625,0,0.04852294921875,0,0.028533935546875,0,-0.144287109375
30.7323,0,-0.12744140625,0,0.354248046875,0,0.028533935546875,0,-0.132080078125
30.7461,0,0.0460205078125,0,0.274169921875,0,0.0308380126953125,0,-0.132080078125
30.7534,0,0.0460205078125,0,0.274169921875,0,0.0308380126953125,0,-0.09136962890625
30.7643,0,-0.0279693603515625,0,0.274169921875,0,0.01320648193359375,0,-0.09136962890625
30.7740,0,-0.0279693603515625,0,0.30712890625,0,0.01320648193359375,0,-0.0506591796875
30.7848,0,-0.0279693603515625,0,0.30712890625,0,-0.07220458984375,0,-0.0506591796875
30.7935,0,-0.0180511474609375,0,-0.400390625,0,-0.07220458984375,0,0.1278076171875
30.8050,0,0.06884765625,0,-0.400390625,0,-0.0208892822265625,0,0.1278076171875
30.8128,0,0.06884765625,0,0.127197265625,0,-0.0208892822265625,0,-0.069580078125
30.8250,0,0.06884765625,0,0.127197265625,0,0.05316162109375,0,-0.069580078125
30.8373,0,-0.06005859375,0,0.2415771484375,0,0.05316162109375,0,-0.0631103515625
30.8469,0,-0.06005859375,0,0.2415771484375,0,0.12078857421875,0,-0.0631103515625
30.8524,0,-0.11065673828125,0,-0.609375,0,0.12078857421875,0,0.0243988037109375
30.8668,0,-0.11065673828125,0,-0.609375,0,0.06414794921875,0,0.0243988037109375
30.8731,0,-0.08087158203125,0,0.2412109375,0,0.06414794921875,0,-0.076904296875
30.8868,0,-0.08087158203125,0,0.2412109375,0,0.029876708984375,0,-0.076904296875
30.8917,0,-0.12109375,0,-0.56591796875,0,0.029876708984375,0,-0.1138916015625
30.9063,0,-0.12109375,0,-0.56591796875,0,0.01129150390625,0,-0.1138916015625
30.9146,0,0.099609375,0,-0.1383056640625,0,0.01129150390625,0,0.110107421875
30.9243,0,0.099609375,0,-0.1383056640625,0,-0.05145263671875,0,0.110107421875
30.9308,0,-0.08502197265625,0,0.269287109375,0,-0.05145263671875,0,-0.132568359375
30.9423,0,-0.08502197265625,0,0.269287109375,0,-0.03448486328125,0,-0.132568359375
30.9511,0,-0.0670166015625,0,0.53076171875,0,-0.03448486328125,0,-0.10235595703125
30.9624,0,-0.0670166015625,0,0.53076171875,0,0.0321044921875,0,-0.10235595703125
30.9749,0,-0.149658203125,0,-0.68017578125,0,0.0321044921875,0,-0.10235595703125
30.9867,0,-0.149658203125,0,-0.68017578125,0,-0.058685302734375,0,-0.028900146484375
30.9945,0,-0.06719970703125,0,-0.8994140625,0,-0.058685302734375,0,-0.028900146484375
31.0025,0,-0.06719970703125,0,-0.8994140625,0,-0.036376953125,0,-0.1317138671875
31.0123,0,-0.058990478515625,0,0.40283203125,0,-0.036376953125,0,-0.0640869140625
31.0219,0,-0.058990478515625,0,0.40283203125,0,-0.05743408203125,0,-0.0640869140625
31.0319,0,-0.08428955078125,0,-0.031280517578125,0,-0.05743408203125,0,-0.034515380859375
31.0446,0,-0.08428955078125,0,-0.031280517578125,0,-0.0160980224609375,0,-0.034515380859375
31.0544,0,0.05010986328125,0,-0.57421875,0,-0.0160980224609375,0,-0.034515380859375
31.0611,0,0.05010986328125,0,-0.57421875,0,-0.0229034423828125,0,-0.09503173828125
31.0728,0,0.0220184326171875,0,-0.326904296875,0,-0.0229034423828125,0,-0.09503173828125
31.0817,0,0.0220184326171875,0,-0.326904296875,0,0.0643310546875,0,0.102783203125
31.0904,0,-0.032501220703125,0,0.218994140625,0,0.0643310546875,0,0.102783203125
31.1015,0,-0.032501220703125,0,0.218994140625,0,0.0482177734375,0,-0.2113037109375
31.1130,0,0.040802001953125,0,-0.84033203125,0,0.0482177734375,0,-0.2113037109375
31.1226,0,0.040802001953125,0,-0.84033203125,0,0.065185546875,0,-0.11297607421875
31.1342,0,-0.0997314453125,0,0.40185546875,0,0.065185546875,0,-0.11297607421875
31.1429,0,-0.0997314453125,0,0.40185546875,0,0.11322021484375,0,0.1719970703125
31.1504,0,-0.1429443359375,0,0.5546875,0,0.11322021484375,0,0.1719970703125
31.1628,0,-0.1429443359375,0,0.5546875,0,0.11322021484375,0,0.1708984375
31.1703,0,-0.0869140625,0,-0.0748291015625,0,0.029541015625,0,0.1708984375
31.1810,0,-0.0869140625,0,-0.0748291015625,0,0.0304718017578125,0,0.06829833984375
31.1906,0,-0.10015869140625,0,-0.066162109375,0,0.0304718017578125,0,0.06829833984375
31.2019,0,-0.10015869140625,0,-0.066162109375,0,0.07879638671875,0,-0.046661376953125
31.2125,0,0.046875,0,0.29541015625,0,0.07879638671875,0,-0.046661376953125
31.2210,0,0.046875,0,0.29541015625,0,0.0335693359375,0,-0.1317138671875
31.2287,0,-0.022918701171875,0,0.495849609375,0,0.0335693359375,0,-0.1317138671875
31.2431,0,-0.022918701171875,0,0.495849609375,0,0.01378631591796875,0,0.114013671875
31.2494,0,0.0947265625,0,0.045257568359375,0,0.01378631591796875,0,0.114013671875
31.2629,0,0.0947265625,0,0.045257568359375,0,0.01378631591796875,0,-0.1268310546875
31.2692,0,0.0947265625,0,0.306884765625,0,-0.0191497802734375,0,-0.1268310546875
31.2803,0,0.053497314453125,0,0.306884765625,0,-0.0191497802734375,0,-0.046722412109375
31.2907,0,0.053497314453125,0,0.419921875,0,-0.08203125,0,-0.046722412109375
31.3013,0,0.0531005859375,0,0.419921875,0,-0.08203125,0,0.041168212890625
31.3097,0,0.0531005859375,0,0.47802734375,0,-0.05078125,0,0.041168212890625
31.3249,0,-0.033905029296875,0,0.47802734375,0,-0.05078125,0,0.112060546875
31.3291,0,-0.033905029296875,0,0.288330078125,0,0.02825927734375,0,0.112060546875
31.3435,0,0.148681640625,0,0.288330078125,0,0.02825927734375,0,0.1845703125
31.3486,0,0.148681640625,0,0.375244140625,0,-0.0267486572265625,0,0.1845703125
31.3598,0,0.03240966796875,0,0.375244140625,0,-0.0267486572265625,0,-0.1907958984375
31.3695,0,0.03240966796875,0,0.2430419921875,0,0.0628662109375,0,-0.1907958984375
31.3793,0,0.1512451171875,0,0.2430419921875,0,0.0628662109375,0,0.19677734375
31.3925,0,0.1512451171875,0,0.56201171875,0,0.05511474609375,0,0.19677734375
31.4010,0,0.08087158203125,0,0.56201171875,0,0.05511474609375,0,0.19677734375
31.4118,0,0.08087158203125,0,0.56201171875,0,0.0299224853515625,0,-0.1402587890625
31.4195,0,0.060760498046875,0,0.345947265625,0,0.0299224853515625,0,-0.04840087890625
31.4321,0,0.060760498046875,0,0.345947265625,0,-0.0445556640625,0,-0.04840087890625
31.4398,0,0.046234130859375,0,0.359375,0,-0.0445556640625,0,0.05548095703125
31.4491,0,0.046234130859375,0,0.359375,0,0.09735107421875,0,0.05548095703125
31.4615,0,0.0087432861328125,0,0.45361328125,0,0.09735107421875,0,-0.03460693359375
31.4739,0,0.0087432861328125,0,0.45361328125,0,0.005596160888671875,0,-0.03460693359375
31.4821,0,0.042816162109375,0,0.1986083984375,0,0.005596160888671875,0,-0.03460693359375
31.4932,0,0.042816162109375,0,0.1986083984375,0,0.042236328125,0,0.05499267578125
31.5053,0,-0.08978271484375,0,-0.279296875,0,0.042236328125,0,0.05499267578125
31.5107,0,-0.08978271484375,0,-0.279296875,0,0.1121826171875,0,-0.0191650390625
31.5242,0,-0.07012939453125,0,-0.525390625,0,0.1121826171875,0,-0.0191650390625
31.5404,0,-0.07012939453125,0,0.3427734375,0,0.0921630859375,0,0.053070068359375
31.5451,0,0.04510498046875,0,0.3427734375,0,0.0921630859375,0,0.053070068359375
31.5572,0,0.04510498046875,0,0.3427734375,0,0.07647705078125,0,-0.021881103515625
31.5644,0,0.044769287109375,0,0.2197265625,0,0.07647705078125,0,-0.021881103515625
31.5769,0,0.044769287109375,0,0.2197265625,0,0.111328125,0,-0.0355224609375
31.5883,0,-0.0233001708984375,0,-0.028839111328125,0,0.111328125,0,-0.0355224609375
31.5985,0,-0.0233001708984375,0,-0.028839111328125,0,0.0303802490234375,0,-0.0692138671875
31.6091,0,0.072509765625,0,-0.705078125,0,0.0303802490234375,0,-0.0692138671875
31.6164,0,0.072509765625,0,-0.705078125,0,0.055908203125,0,-0.0330810546875
31.6270,0,0.05224609375,0,0.212158203125,0,0.055908203125,0,-0.0330810546875
31.6370,0,0.05224609375,0,0.212158203125,0,0.042205810546875,0,0.10809326171875
31.6481,0,0.050750732421875,0,-0.25439453125,0,0.042205810546875,0,0.10809326171875
31.6599,0,0.050750732421875,0,-0.25439453125,0,0.07025146484375,0,-0.1015625
31.6688,0,0.050750732421875,0,0.38330078125,0,0.07025146484375,0,-0.1015625
31.6763,0,-0.02703857421875,0,0.38330078125,0,0.064697265625,0,-0.145263671875
31.6911,0,-0.02703857421875,0,-0.08935546875,0,0.064697265625,0,-0.145263671875
31.6957,0,0.0587158203125,0,-0.08935546875,0,-0.0283050537109375,0,-0.1859130859375
31.7098,0,0.0587158203125,0,-0.67529296875,0,-0.0283050537109375,0,-0.1859130859375
31.7206,0,0.05963134765625,0,-0.67529296875,0,0.0276031494140625,0,-0.1956787109375
31.7283,0,0.05963134765625,0,0.450927734375,0,0.0276031494140625,0,-0.1956787109375
31.7385,0,0.0288238525390625,0,0.450927734375,0,0.0026645660400390625,0,0.0166015625
31.7499,0,0.0288238525390625,0,-0.26513671875,0,0.0026645660400390625,0,0.0166015625
31.7605,0,-0.11065673828125,0,-0.26513671875,0,0.11016845703125,0,-0.05242919921875
31.7741,0,-0.11065673828125,0,-0.07208251953125,0,0.11016845703125,0,-0.05242919921875
31.7801,0,0.072509765625,0,-0.07208251953125,0,0.11016845703125,0,-0.06195068359375
31.7880,0,0.072509765625,0,-0.07781982421875,0,0.044036865234375,0,-0.06195068359375
31.7984,0,0.07049560546875,0,-0.07781982421875,0,0.044036865234375,0,0.0654296875
31.8089,0,0.07049560546875,0,0.178466796875,0,0.105224609375,0,0.0654296875
31.8173,0,0.056488037109375,0,0.178466796875,0,0.105224609375,0,-0.112060546875
31.8283,0,0.056488037109375,0,-0.97021484375,0,0.015625,0,-0.112060546875
31.8378,0,0.0921630859375,0,-0.97021484375,0,0.015625,0,-0.059356689453125
31.8485,0,0.0921630859375,0,-0.060546875,0,0.04998779296875,0,-0.059356689453125
31.8585,0,-0.06329345703125,0,-0.060546875,0,0.04998779296875,0,-0.059356689453125
31.8687,0,-0.06329345703125,0,0.333984375,0,-0.06292724609375,0,-0.10272216796875
31.8772,0,0.0307159423828125,0,0.333984375,0,-0.06292724609375,0,0.1961669921875
31.8896,0,0.0307159423828125,0,0.23583984375,0,-0.018402099609375,0,0.1961669921875
31.8971,0,0.048583984375,0,0.23583984375,0,-0.018402099609375,0,-0.11407470703125
31.9117,0,0.048583984375,0,-0.65478515625,0,-0.0863037109375,0,-0.11407470703125
31.9166,0,0.1251220703125,0,-0.65478515625,0,-0.0863037109375,0,-0.056793212890625
31.9309,0,0.1251220703125,0,-0.65478515625,0,-0.035247802734375,0,-0.056793212890625
31.9377,0,-0.180419921875,0,0.210205078125,0,-0.035247802734375,0,0.1187744140625
31.9483,0,-0.180419921875,0,0.210205078125,0,0.0625,0,0.1187744140625
31.9559,0,0.08221435546875,0,0.1004638671875,0,0.0625,0,0.00899505615234375
31.9697,0,0.08221435546875,0,0.40283203125,0,0.043182373046875,0,0.00899505615234375
31.9756,0,-0.074462890625,0,0.40283203125,0,0.043182373046875,0,0.1422119140625
31.9912,0,-0.074462890625,0,0.40283203125,0,0.042755126953125,0,0.1422119140625
31.9958,0,-0.05255126953125,0,0.12078857421875,0,0.042755126953125,0,0.1422119140625
32.0113,0,-0.05255126953125,0,0.12078857421875,0,0.068603515625,0,0.17333984375
32.0187,0,0.085693359375,0,0.1119384765625,0,0.068603515625,0,0.17333984375
32.0269,0,0.085693359375,0,0.1119384765625,0,-0.0404052734375,0,-0.0156707763671875
32.0388,0,-0.14208984375,0,0.308349609375,0,-0.0404052734375,0,-0.0156707763671875
32.0462,0,-0.14208984375,0,0.308349609375,0,0.01800537109375,0,-0.1353759765625
32.0552,0,-0.14453125,0,-0.0672607421875,0,0.01800537109375,0,-0.1353759765625
32.0656,0,-0.14453125,0,-0.0672607421875,0,0.0252532958984375,0,0.1156005859375
32.0743,0,0.0360107421875,0,0.1507568359375,0,0.0252532958984375,0,0.1156005859375
32.0855,0,0.0360107421875,0,0.1507568359375,0,-0.0292816162109375,0,0.15283203125
32.0939,0,-0.059234619140625,0,-0.04473876953125,0,-0.0292816162109375,0,0.15283203125
32.1062,0,-0.059234619140625,0,-0.04473876953125,0,0.057647705078125,0,0.041473388671875
32.1178,0,0.094482421875,0,0.07904052734375,0,0.057647705078125,0,0.041473388671875
32.1269,0,0.094482421875,0,0.07904052734375,0,-0.004878997802734375,0,-0.1317138671875
32.1374,0,0.094482421875,0,0.19970703125,0,-0.004878997802734375,0,-0.1317138671875
32.1466,0,-0.0850830078125,0,0.19970703125,0,-0.034027099609375,0,-0.0404052734375
32.1551,0,0.036163330078125,0,0.378662109375,0,-0.034027099609375,0,-0.0404052734375
32.1673,0,0.036163330078125,0,0.378662109375,0,-0.008209228515625,0,-0.1041259765625
32.1748,0,0.036163330078125,0,-0.43701171875,0,-0.008209228515625,0,-0.1041259765625
32.1859,0,-0.041473388671875,0,-0.43701171875,0,-0.008209228515625,0,0.126220703125
32.1946,0,-0.041473388671875,0,0.2332763671875,0,-0.04168701171875,0,0.126220703125
32.2055,0,0.042694091796875,0,0.2332763671875,0,-0.04168701171875,0,0.0810546875
32.2142,0,0.042694091796875,0,0.267578125,0,0.07635498046875,0,0.0810546875
32.2254,0,0.11065673828125,0,0.267578125,0,-0.02618408203125,0,0.1910400390625
32.2371,0,0.11065673828125,0,0.1396484375,0,-0.02618408203125,0,0.1910400390625
32.2450,0,-0.0281524658203125,0,0.1396484375,0,-0.004245758056640625,0,0.03582763671875
32.2571,0,-0.0281524658203125,0,0.1683349609375,0,-0.004245758056640625,0,0.03582763671875
32.2643,0,-0.040435791015625,0,0.1683349609375,0,-0.004245758056640625,0,0.1063232421875
32.2741,0,-0.040435791015625,0,-0.9560546875,0,0.105712890625,0,0.1063232421875
32.2838,0,0.025299072265625,0,-0.9560546875,0,0.105712890625,0,-0.07574462890625
32.2953,0,0.025299072265625,0,0.2467041015625,0,0.057586669921875,0,-0.07574462890625
32.3045,0,0.0875244140625,0,0.2467041015625,0,0.057586669921875,0,-0.07574462890625
32.3162,0,0.0875244140625,0,0.2467041015625,0,0.08538818359375,0,0.1605224609375
32.3241,0,-0.09637451171875,0,0.1524658203125,0,0.08538818359375,0,0.1605224609375
32.3374,0,-0.09637451171875,0,0.1524658203125,0,-0.01983642578125,0,-0.0775146484375
32.3471,0,-0.10711669921875,0,0.286376953125,0,-0.01983642578125,0,-0.0775146484375
32.3555,0,-0.10711669921875,0,0.286376953125,0,0.029296875,0,0.1453857421875
32.3657,0,-0.10650634765625,0,0.453857421875,0,0.029296875,0,0.1453857421875
32.3754,0,-0.10650634765625,0,0.453857421875,0,-0.037841796875,0,-0.09539794921875
32.3828,0,-0.1793212890625,0,0.15869140625,0,-0.037841796875,0,-0.09539794921875
32.3946,0,-0.1793212890625,0,0.15869140625,0,0.08551025390625,0,0.0251007080078125
32.4037,0,-0.1793212890625,0,0.501953125,0,0.08551025390625,0,0.0251007080078125
32.4163,0,0.076416015625,0,0.501953125,0,-0.0304718017578125,0,0.10443115234375
32.4273,0,-0.07647705078125,0,0.2447509765625,0,-0.0304718017578125,0,0.10443115234375
32.4361,0,-0.07647705078125,0,0.2447509765625,0,-0.071044921875,0,0.042938232421875
32.4443,0,-0.042755126953125,0,0.144287109375,0,-0.071044921875,0,0.042938232421875
32.4571,0,-0.042755126953125,0,0.144287109375,0,-0.018890380859375,0,-0.12841796875
32.4651,0,-0.0379638671875,0,-0.2188720703125,0,-0.018890380859375,0,-0.12841796875
32.4722,0,-0.0379638671875,0,-0.2188720703125,0,0.1268310546875,0,-0.162353515625
32.4840,0,-0.07525634765625,0,0.1669921875,0,0.1268310546875,0,-0.162353515625
32.4952,0,-0.07525634765625,0,0.1669921875,0,0.036407470703125,0,-0.11297607421875
32.5083,0,-0.07525634765625,0,-0.6806640625,0,0.036407470703125,0,-0.11297607421875
32.5123,0,-0.052978515625,0,-0.6806640625,0,0.0465087890625,0,-0.1551513671875
32.5313,0,-0.052978515625,0,-0.11102294921875,0,0.0465087890625,0,-0.1551513671875
32.5379,0,-0.07568359375,0,-0.11102294921875,0,-0.004985809326171875,0,-0.02313232421875
32.5515,0,0.06683349609375,0,0.10528564453125,0,-0.004985809326171875,0,0.0221099853515625
32.5557,0,0.06683349609375,0,0.10528564453125,0,-0.027984619140625,0,0.0221099853515625
32.5697,0,0.06683349609375,0,0.5185546875,0,-0.027984619140625,0,0.0221099853515625
32.5768,0,0.0255584716796875,0,0.5185546875,0,0.06927490234375,0,-0.041961669921875
32.5886,0,0.0255584716796875,0,-0.0179901123046875,0,0.06927490234375,0,-0.041961669921875
32.5978,0,0.08746337890625,0,-0.0179901123046875,0,0.0037136077880859375,0,-0.10516357421875
32.6135,0,0.08746337890625,0,0.041015625,0,0.0037136077880859375,0,-0.10516357421875
32.6170,0,0.051666259765625,0,0.041015625,0,0.083984375,0,0.12493896484375
32.6322,0,0.051666259765625,0,0.2164306640625,0,0.083984375,0,0.12493896484375
32.6384,0,-0.0863037109375,0,0.2164306640625,0,0.083984375,0,-0.0235443115234375
32.6510,0,-0.0863037109375,0,0.280029296875,0,-0.0265350341796875,0,-0.0235443115234375
32.6571,0,0.051361083984375,0,0.280029296875,0,-0.0265350341796875,0,0.040771484375
32.6681,0,0.051361083984375,0,-0.237060546875,0,0.04693603515625,0,0.040771484375
32.6798,0,-0.0196075439453125,0,-0.237060546875,0,0.04693603515625,0,-0.045135498046875
32.6974,0,0.11669921875,0,0.3388671875,0,-0.0208587646484375,0,-0.12274169921875
32.7083,0,0.11669921875,0,-0.8564453125,0,0.0380859375,0,-0.12274169921875
32.7146,0,-0.10943603515625,0,-0.8564453125,0,0.0380859375,0,-0.12274169921875
32.7269,0,-0.10943603515625,0,0.033172607421875,0,-0.07000732421875,0,-0.0673828125
32.7343,0,-0.05133056640625,0,0.033172607421875,0,-0.07000732421875,0,-0.1435546875
32.7478,0,-0.05133056640625,0,0.08953857421875,0,0.038848876953125,0,-0.1435546875
32.7550,0,0.0594482421875,0,0.08953857421875,0,0.038848876953125,0,-0.1435546875
32.7683,0,0.0594482421875,0,0.08953857421875,0,-0.06988525390625,0,-0.04150390625
32.7760,0,0.049896240234375,0,0.2359619140625,0,-0.06988525390625,0,-0.04150390625
32.7844,0,0.049896240234375,0,-0.8759765625,0,0.08477783203125,0,-0.161376953125
32.7932,0,0.055999755859375,0,-0.8759765625,0,0.08477783203125,0,-0.0645751953125
32.8058,0,0.055999755859375,0,-0.8759765625,0,0.06756591796875,0,-0.0645751953125
32.8129,0,0.095458984375,0,0.30859375,0,0.06756591796875,0,-0.1561279296875
32.8274,0,0.095458984375,0,0.30859375,0,-0.037872314453125,0,-0.1561279296875
32.8324,0,-0.11676025390625,0,0.30859375,0,-0.037872314453125,0,-0.1561279296875
32.8471,0,-0.11676025390625,0,0.30859375,0,0.044525146484375,0,-0.171630859375
32.8532,0,-0.06890869140625,0,0.02850341796875,0,0.044525146484375,0,-0.171630859375
32.8665,0,-0.06890869140625,0,0.02850341796875,0,0.04302978515625,0,-0.1292724609375
32.8722,0,0.0787353515625,0,0.3779296875,0,0.04302978515625,0,-0.128662109375
32.8860,0,0.0787353515625,0,0.3779296875,0,-0.03363037109375,0,-0.128662109375
32.8915,0,0.0516357421875,0,0.0247650146484375,0,-0.03363037109375,0,-0.128662109375
32.9058,0,0.0516357421875,0,0.0247650146484375,0,0.050933837890625,0,-0.199951171875
32.9125,0,0.0516357421875,0,0.48486328125,0,0.050933837890625,0,-0.199951171875
32.9233,0,-0.09954833984375,0,0.48486328125,0,0.06884765625,0,-0.2003173828125
32.9314,0,0.13232421875,0,0.515625,0,0.06884765625,0,-0.2003173828125
32.9462,0,0.13232421875,0,0.515625,0,0.046112060546875,0,-0.230224609375
32.9523,0,0.08990478515625,0,-0.391845703125,0,0.046112060546875,0,-0.230224609375
32.9644,0,0.08990478515625,0,-0.391845703125,0,0.00902557373046875,0,0.038818359375
32.9728,0,0.1156005859375,0,0.4775390625,0,0.00902557373046875,0,0.038818359375
32.9838,0,0.1156005859375,0,0.4775390625,0,0.0419921875,0,-0.029022216796875
32.9933,0,0.06719970703125,0,0.326416015625,0,0.0419921875,0,-0.029022216796875
33.0048,0,0.06719970703125,0,0.326416015625,0,-0.052581787109375,0,0.0301361083984375
33.0120,0,0.06719970703125,0,0.37158203125,0,-0.052581787109375,0,0.0301361083984375
33.0242,0,0.0445556640625,0,0.37158203125,0,-0.058929443359375,0,-0.10638427734375
33.0335,0,0.0445556640625,0,0.34765625,0,-0.058929443359375,0,-0.10638427734375
33.0443,0,0.09783935546875,0,0.34765625,0,-0.03118896484375,0,-0.210693359375
33.0532,0,0.09954833984375,0,-0.806640625,0,-0.03118896484375,0,-0.210693359375
33.0633,0,0.09954833984375,0,-0.806640625,0,-0.06329345703125,0,-0.0927734375
33.0725,0,0.09954833984375,0,-0.64697265625,0,-0.06329345703125,0,-0.0927734375
33.0837,0,0.038604736328125,0,-0.64697265625,0,-0.06329345703125,0,-0.12200927734375
33.0930,0,0.038604736328125,0,-0.419921875,0,0.07830810546875,0,-0.12200927734375
33.1051,0,-0.11053466796875,0,-0.419921875,0,0.07830810546875,0,-0.136962890625
33.1115,0,-0.11053466796875,0,0.0281829833984375,0,-0.00893402099609375,0,-0.136962890625
33.1260,0,-0.07269287109375,0,0.0281829833984375,0,-0.00893402099609375,0,0.17236328125
33.1322,0,-0.07269287109375,0,0.23974609375,0,0.041412353515625,0,0.17236328125
33.1453,0,0.014801025390625,0,0.23974609375,0,0.041412353515625,0,-0.11798095703125
33.1529,0,0.014801025390625,0,0.23974609375,0,0.07989501953125,0,-0.11798095703125
33.1632,0,-0.046173095703125,0,0.390869140625,0,0.07989501953125,0,-0.1796875
33.1747,0,-0.046173095703125,0,-0.1448974609375,0,0.03729248046875,0,-0.1796875
33.1900,0,0.0693359375,0,-0.1448974609375,0,0.03729248046875,0,-0.1932373046875
33.1976,0,0.0693359375,0,-0.0191802978515625,0,0.047119140625,0,-0.1932373046875
33.2033,0,0.039398193359375,0,-0.0191802978515625,0,0.047119140625,0,-0.1307373046875
33.2133,0,0.039398193359375,0,-0.0191802978515625,0,0.0221710205078125,0,-0.1307373046875
33.2247,0,-0.09130859375,0,0.318359375,0,0.0221710205078125,0,-0.085205078125
33.2315,0,-0.09130859375,0,-0.81103515625,0,-0.060577392578125,0,-0.085205078125
33.2454,0,0.073486328125,0,-0.81103515625,0,-0.060577392578125,0,-0.085205078125
33.2545,0,0.073486328125,0,-0.295654296875,0,0.0128936767578125,0,-0.031646728515625
33.2652,0,0.0423583984375,0,-0.295654296875,0,0.0128936767578125,0,-0.031646728515625
33.2765,0,0.0423583984375,0,-0.295654296875,0,0.07623291015625,0,-0.11468505859375
33.2833,0,0.046844482421875,0,0.339111328125,0,0.07623291015625,0,-0.0704345703125
33.2973,0,0.046844482421875,0,0.339111328125,0,0.03662109375,0,-0.0704345703125
33.3039,0,-0.0736083984375,0,0.11138916015625,0,0.03662109375,0,-0.056915283203125
33.3136,0,-0.0736083984375,0,0.11138916015625,0,-0.0628662109375,0,-0.056915283203125
33.3272,0,-0.03680419921875,0,-0.99267578125,0,-0.0628662109375,0,0.1029052734375
33.3333,0,-0.03680419921875,0,-0.99267578125,0,0.027496337890625,0,0.1029052734375
33.3462,0,0.10614013671875,0,0.06610107421875,0,0.027496337890625,0,0.1029052734375
33.3564,0,0.10614013671875,0,0.06610107421875,0,0.0261993408203125,0,-0.0751953125
33.3629,0,-0.0799560546875,0,0.269775390625,0,0.0261993408203125,0,-0.0751953125
33.3713,0,-0.0799560546875,0,0.269775390625,0,-0.022216796875,0,-0.10321044921875
33.3835,0,-0.0799560546875,0,0.117919921875,0,-0.022216796875,0,-0.10321044921875
33.3908,0,-0.1165771484375,0,0.117919921875,0,-0.031646728515625,0,-0.1295166015625
33.4018,0,0.0167694091796875,0,-0.7353515625,0,-0.031646728515625,0,-0.1295166015625
33.4117,0,0.0167694091796875,0,-0.7353515625,0,-0.0802001953125,0,-0.1473388671875
33.4231,0,0.0596923828125,0,0.429443359375,0,-0.0802001953125,0,-0.1473388671875
33.4304,0,0.0596923828125,0,0.429443359375,0,-0.042205810546875,0,0.0212554931640625
33.4425,0,-0.14013671875,0,0.357177734375,0,-0.042205810546875,0,0.0212554931640625
33.4508,0,-0.14013671875,0,0.357177734375,0,-0.009307861328125,0,0.1666259765625
33.4621,0,-0.14013671875,0,0.2103271484375,0,-0.009307861328125,0,0.1666259765625
33.4734,0,0.09014892578125,0,0.2103271484375,0,-0.009307861328125,0,-0.06787109375
33.4826,0,0.052642822265625,0,0.314208984375,0,-0.0272369384765625,0,-0.06787109375
33.4923,0,0.052642822265625,0,0.314208984375,0,0.035919189453125,0,-0.1126708984375
33.5040,0,0.052642822265625,0,0.207275390625,0,0.035919189453125,0,-0.1126708984375
33.5157,0,-0.10205078125,0,0.207275390625,0,0.035919189453125,0,-0.10528564453125
33.5244,0,-0.10205078125,0,0.2626953125,0,-0.035736083984375,0,-0.10528564453125
33.5334,0,0.042083740234375,0,0.2626953125,0,-0.035736083984375,0,-0.1181640625
33.5463,0,0.042083740234375,0,-0.2431640625,0,-0.0233154296875,0,-0.1181640625
33.5632,0,-0.0433349609375,0,-0.2431640625,0,0.0258331298828125,0,0.07574462890625
33.5675,0,-0.0433349609375,0,0.3115234375,0,0.0258331298828125,0,0.07574462890625
33.5812,0,-0.0809326171875,0,0.3115234375,0,0.0258331298828125,0,-0.190673828125
33.5903,0,-0.0809326171875,0,0.50244140625,0,-0.0234832763671875,0,-0.190673828125
33.5992,0,0.053009033203125,0,0.50244140625,0,-0.0234832763671875,0,-0.155517578125
33.6108,0,0.053009033203125,0,0.33251953125,0,0.03582763671875,0,-0.155517578125
33.6195,0,-0.0606689453125,0,0.33251953125,0,0.03582763671875,0,-0.160400390625
33.6285,0,-0.0606689453125,0,0.6015625,0,0.10467529296875,0,-0.160400390625
33.6394,0,0.07061767578125,0,0.6015625,0,0.10467529296875,0,-0.052093505859375
33.6499,0,0.07061767578125,0,0.438720703125,0,0.055145263671875,0,-0.052093505859375
33.6601,0,0.08135986328125,0,0.438720703125,0,0.055145263671875,0,0.0419921875
33.6724,0,0.08135986328125,0,-0.1617431640625,0,0.0250244140625,0,0.0419921875
33.6811,0,-0.0880126953125,0,-0.1617431640625,0,0.0250244140625,0,-0.049163818359375
33.6877,0,-0.0880126953125,0,0.30322265625,0,-0.0207672119140625,0,-0.049163818359375
33.6995,0,0.12432861328125,0,0.30322265625,0,-0.0207672119140625,0,-0.079833984375
33.7110,0,0.12432861328125,0,-0.359619140625,0,-0.021636962890625,0,-0.079833984375
33.7179,0,0.10357666015625,0,-0.359619140625,0,-0.021636962890625,0,-0.14599609375
33.7331,0,0.10357666015625,0,-0.359619140625,0,-0.0147857666015625,0,-0.14599609375
33.7408,0,-0.043609619140625,0,0.1915283203125,0,-0.0147857666015625,0,0.1256103515625
33.7504,0,-0.043609619140625,0,0.1915283203125,0,0.0743408203125,0,0.1256103515625
33.7590,0,-0.0919189453125,0,-0.1611328125,0,0.0743408203125,0,0.1256103515625
33.7715,0,-0.0919189453125,0,-0.1611328125,0,-0.0186004638671875,0,0.041107177734375
33.7752,0,-0.0716552734375,0,-0.6103515625,0,-0.0186004638671875,0,0.033050537109375
33.7924,0,-0.0716552734375,0,-0.6103515625,0,0.044281005859375,0,0.033050537109375
33.7971,0,-0.05926513671875,0,-0.390869140625,0,0.044281005859375,0,0.14990234375
33.8086,0,-0.05926513671875,0,-0.390869140625,0,-0.03790283203125,0,0.14990234375
33.8184,0,0.07305908203125,0,0.1453857421875,0,-0.03790283203125,0,0.14990234375
33.8294,0,0.07305908203125,0,0.1453857421875,0,0.03643798828125,0,-0.10418701171875
33.8391,0,0.05889892578125,0,0.3115234375,0,0.03643798828125,0,-0.10418701171875
33.8491,0,0.05889892578125,0,0.3115234375,0,-0.040802001953125,0,0.145751953125
33.8575,0,0.03900146484375,0,-0.173095703125,0,-0.040802001953125,0,0.145751953125
33.8656,0,0.03900146484375,0,-0.173095703125,0,0.006916046142578125,0,0.10552978515625
33.8779,0,0.033447265625,0,-0.80126953125,0,0.006916046142578125,0,0.10552978515625
33.8899,0,0.033447265625,0,-0.80126953125,0,-0.020538330078125,0,-0.134521484375
33.8962,0,0.0732421875,0,-0.27783203125,0,-0.020538330078125,0,-0.134521484375
33.9082,0,0.0732421875,0,-0.27783203125,0,-0.020538330078125,0,0.16064453125
33.9175,0,0.033233642578125,0,0.10723876953125,0,-0.025909423828125,0,0.16064453125
33.9251,0,0.033233642578125,0,0.10723876953125,0,-0.09344482421875,0,-0.1414794921875
33.9373,0,0.040618896484375,0,0.255859375,0,-0.09344482421875,0,-0.1414794921875
33.9484,0,0.040618896484375,0,0.255859375,0,-0.03466796875,0,0.126708984375
33.9533,0,0.053497314453125,0,-0.376220703125,0,-0.03466796875,0,0.126708984375
33.9686,0,0.053497314453125,0,-0.376220703125,0,-0.03466796875,0,0.0340576171875
33.9769,0,0.042266845703125,0,-0.7158203125,0,0.034393310546875,0,0.0340576171875
33.9895,0,0.042266845703125,0,-0.7158203125,0,0.034393310546875,0,-0.041961669921875
33.9976,0,0.042266845703125,0,0.1385498046875,0,0.0660400390625,0,-0.041961669921875
34.0096,0,-0.07476806640625,0,0.1385498046875,0,0.0660400390625,0,0.1375732421875
34.0132,0,-0.07476806640625,0,-0.71630859375,0,0.0279083251953125,0,0.1375732421875
34.0279,0,-0.08465576171875,0,-0.71630859375,0,0.0279083251953125,0,-0.099853515625
34.0366,0,-0.08465576171875,0,0.226806640625,0,0.027191162109375,0,-0.099853515625
34.0481,0,0.0938720703125,0,0.226806640625,0,0.027191162109375,0,-0.1414794921875
34.0574,0,0.0938720703125,0,0.45654296875,0,-0.00888824462890625,0,-0.1414794921875
34.0679,0,-0.196044921875,0,0.45654296875,0,-0.00888824462890625,0,-0.185546875
34.0755,0,-0.196044921875,0,-0.75341796875,0,0.05126953125,0,-0.185546875
34.0867,0,0.04132080078125,0,-0.75341796875,0,0.05126953125,0,-0.077392578125
34.0964,0,0.04132080078125,0,0.236572265625,0,0.07525634765625,0,-0.077392578125
34.1047,0,-0.0328369140625,0,0.236572265625,0,0.07525634765625,0,0.12646484375
34.1156,0,-0.0328369140625,0,0.236572265625,0,0.0380859375,0,0.12646484375
34.1275,0,-0.00891876220703125,0,0.40576171875,0,0.0380859375,0,0.062042236328125
34.1321,0,-0.00891876220703125,0,-0.08819580078125,0,0.051513671875,0,0.062042236328125
34.1483,0,0.06201171875,0,-0.08819580078125,0,0.051513671875,0,0.06915283203125
34.1532,0,0.06201171875,0,0.380615234375,0,0.0281982421875,0,0.06915283203125
34.1655,0,0.01861572265625,0,0.380615234375,0,0.0281982421875,0,-0.1405029296875
34.1766,0,0.01861572265625,0,0.380615234375,0,-0.020111083984375,0,-0.1405029296875
34.1881,0,0.0203704833984375,0,-0.60888671875,0,-0.020111083984375,0,-0.1405029296875
34.1941,0,0.0203704833984375,0,-0.60888671875,0,-0.07373046875,0,-0.1337890625
34.2079,0,0.05865478515625,0,0.337646484375,0,-0.07373046875,0,-0.1337890625
34.2163,0,0.05865478515625,0,0.337646484375,0,0.014801025390625,0,0.20361328125
34.2262,0,0.10198974609375,0,0.14111328125,0,0.014801025390625,0,-0.157958984375
34.2358,0,0.10198974609375,0,0.14111328125,0,0.087646484375,0,-0.157958984375
34.2484,0,-0.10589599609375,0,-0.038970947265625,0,0.087646484375,0,0.1639404296875
34.2523,0,-0.10589599609375,0,-0.038970947265625,0,-0.0240325927734375,0,0.1639404296875
34.2665,0,0.045196533203125,0,0.375732421875,0,-0.0240325927734375,0,0.1639404296875
34.2752,0,0.045196533203125,0,0.375732421875,0,-0.040771484375,0,0.1279296875
34.2879,0,0.08343505859375,0,-0.28076171875,0,-0.040771484375,0,0.1279296875
34.2952,0,0.08343505859375,0,-0.28076171875,0,0.038726806640625,0,0.030914306640625
34.3046,0,0.0714111328125,0,0.308837890625,0,0.038726806640625,0,-0.145751953125
34.3120,0,0.0714111328125,0,0.308837890625,0,-0.034393310546875,0,-0.145751953125
34.3254,0,0.036102294921875,0,0.05218505859375,0,-0.034393310546875,0,-0.145751953125
34.3340,0,0.036102294921875,0,0.05218505859375,0,0.0303192138671875,0,-0.1280517578125
34.3438,0,-0.023712158203125,0,-0.822265625,0,0.0303192138671875,0,-0.1280517578125
34.3540,0,-0.023712158203125,0,-0.822265625,0,-0.04119873046875,0,-0.06756591796875
34.3649,0,-0.0307769775390625,0,0.0762939453125,0,-0.04119873046875,0,-0.06756591796875
34.3737,0,-0.0307769775390625,0,0.0762939453125,0,0.031494140625,0,0.060516357421875
34.3855,0,-0.0307769775390625,0,-0.2178955078125,0,0.031494140625,0,0.060516357421875
34.3937,0,0.0258941650390625,0,-0.2178955078125,0,0.031494140625,0,0.024566650390625
34.4017,0,-0.122314453125,0,0.58740234375,0,0.018524169921875,0,0.024566650390625
34.4145,0,-0.122314453125,0,0.58740234375,0,0.018524169921875,0,-0.125244140625
34.4243,0,0.08447265625,0,-0.1314697265625,0,0.0171051025390625,0,-0.125244140625
34.4331,0,0.08447265625,0,-0.1314697265625,0,0.0171051025390625,0,-0.1051025390625
34.4447,0,0.08447265625,0,0.08514404296875,0,0.0450439453125,0,-0.1051025390625
34.4522,0,-0.07781982421875,0,0.08514404296875,0,0.11407470703125,0,-0.11907958984375
34.4643,0,-0.07781982421875,0,0.25927734375,0,0.11407470703125,0,-0.11907958984375
34.4766,0,0.0692138671875,0,0.25927734375,0,0.11407470703125,0,-0.05914306640625
34.4864,0,0.0692138671875,0,0.310546875,0,-0.06341552734375,0,-0.05914306640625
34.4956,0,0.0609130859375,0,0.310546875,0,-0.06341552734375,0,0.031829833984375
34.5084,0,0.0609130859375,0,-0.1314697265625,0,0.047760009765625,0,0.031829833984375
34.5160,0,-0.193115234375,0,-0.1314697265625,0,0.047760009765625,0,-0.135009765625
34.5263,0,-0.193115234375,0,-0.0419921875,0,0.06817626953125,0,-0.135009765625
34.5328,0,-0.0977783203125,0,-0.0419921875,0,0.06817626953125,0,-0.1488037109375
34.5466,0,-0.0977783203125,0,0.2783203125,0,-0.040283203125,0,-0.1488037109375
34.5578,0,0.06158447265625,0,0.2783203125,0,-0.040283203125,0,0.04486083984375
34.5702,0,-0.0440673828125,0,0.33544921875,0,0.044586181640625,0,-0.197998046875
34.5783,0,-0.0440673828125,0,0.33544921875,0,0.1080322265625,0,-0.197998046875
34.5889,0,-0.0440673828125,0,0.5625,0,0.1080322265625,0,-0.197998046875
34.5982,0,0.05718994140625,0,0.5625,0,0.1080322265625,0,0.140869140625
34.6105,0,0.05718994140625,0,0.2216796875,0,0.031494140625,0,0.140869140625
34.6191,0,0.05633544921875,0,0.2216796875,0,0.031494140625,0,-0.03826904296875
34.6313,0,0.05633544921875,0,-0.276611328125,0,0.0238189697265625,0,-0.03826904296875
34.6405,0,-0.125,0,-0.276611328125,0,0.0238189697265625,0,0.169677734375
34.6512,0,-0.125,0,0.05401611328125,0,0.035491943359375,0,0.169677734375
34.6593,0,-0.052886962890625,0,0.05401611328125,0,0.035491943359375,0,0.169677734375
34.6733,0,-0.052886962890625,0,0.25146484375,0,0.056915283203125,0,-0.0849609375
34.6816,0,-0.0963134765625,0,0.25146484375,0,0.056915283203125,0,-0.0849609375
34.7008,0,-0.0411376953125,0,0.394775390625,0,-0.039581298828125,0,-0.044097900390625
34.7110,0,-0.0411376953125,0,-0.05401611328125,0,0.07830810546875,0,-0.1661376953125
34.7204,0,-0.12408447265625,0,-0.05401611328125,0,0.07830810546875,0,-0.1661376953125
34.7313,0,-0.12408447265625,0,0.3193359375,0,0.054901123046875,0,0.00733184814453125
34.7400,0,-0.0625,0,0.3193359375,0,0.054901123046875,0,0.00733184814453125
34.7511,0,-0.0625,0,0.3193359375,0,-0.028839111328125,0,-0.1917724609375
34.7594,0,0.053619384765625,0,0.3369140625,0,-0.028839111328125,0,-0.1917724609375
34.7699,0,0.053619384765625,0,0.3369140625,0,0.0875244140625,0,-0.09771728515625
34.7790,0,-0.08294677734375,0,0.13623046875,0,0.0875244140625,0,-0.09771728515625
34.7906,0,-0.08294677734375,0,0.13623046875,0,0.0980224609375,0,-0.09771728515625
34.7996,0,0.0274810791015625,0,-0.5986328125,0,0.0980224609375,0,-0.09771728515625
34.8125,0,0.0274810791015625,0,-0.5986328125,0,0.0980224609375,0,-0.1363525390625
34.8184,0,0.056732177734375,0,0.19189453125,0,-0.0478515625,0,-0.1363525390625
34.8303,0,0.056732177734375,0,0.19189453125,0,0.03741455078125,0,-0.1192626953125
34.8387,0,0.08697509765625,0,-0.1981201171875,0,0.03741455078125,0,-0.1192626953125
34.8496,0,0.08697509765625,0,-0.1981201171875,0,0.066162109375,0,-0.136962890625
34.8583,0,-0.06292724609375,0,0.385009765625,0,0.066162109375,0,-0.136962890625
34.8691,0,-0.06292724609375,0,0.385009765625,0,0.066162109375,0,-0.0247955322265625
34.8786,0,0.10626220703125,0,0.23291015625,0,-0.0128021240234375,0,-0.0247955322265625
34.8888,0,0.10626220703125,0,0.23291015625,0,-0.0128021240234375,0,-0.20361328125
34.8967,0,-0.060791015625,0,-0.199462890625,0,-0.0526123046875,0,-0.20361328125
34.9103,0,-0.060791015625,0,-0.199462890625,0,-0.0526123046875,0,-0.225830078125
34.9169,0,0.0728759765625,0,0.2470703125,0,0.053253173828125,0,-0.225830078125
34.9280,0,0.0728759765625,0,0.2470703125,0,0.053253173828125,0,0.1829833984375
34.9348,0,-0.11798095703125,0,0.3330078125,0,0.07086181640625,0,0.1829833984375
34.9476,0,-0.11798095703125,0,0.3330078125,0,0.07086181640625,0,-0.10247802734375
34.9558,0,-0.11798095703125,0,0.446044921875,0,0.019256591796875,0,-0.10247802734375
34.9676,0,0.068359375,0,0.446044921875,0,0.019256591796875,0,0.1104736328125
34.9774,0,0.068359375,0,0.407958984375,0,-0.0186614990234375,0,0.1104736328125
34.9879,0,0.03411865234375,0,0.407958984375,0,-0.0186614990234375,0,-0.052947998046875
34.9963,0,0.03411865234375,0,0.0458984375,0,-0.04815673828125,0,-0.052947998046875
35.0106,0,-0.0841064453125,0,0.0458984375,0,-0.04815673828125,0,-0.014739990234375
35.0161,0,-0.0841064453125,0,0.50244140625,0,-0.02783203125,0,-0.014739990234375
35.0287,0,-0.13330078125,0,0.50244140625,0,-0.02783203125,0,-0.2330322265625
35.0357,0,-0.13330078125,0,0.17578125,0,0.03558349609375,0,-0.2330322265625
35.0468,0,-0.07989501953125,0,0.17578125,0,0.03558349609375,0,-0.1187744140625
35.0553,0,-0.07989501953125,0,-0.6181640625,0,-0.038970947265625,0,-0.1187744140625
35.0664,0,-0.055755615234375,0,-0.6181640625,0,-0.038970947265625,0,-0.092041015625
35.0749,0,-0.055755615234375,0,0.13525390625,0,0.05682373046875,0,-0.092041015625
35.0859,0,-0.060150146484375,0,0.13525390625,0,0.05682373046875,0,-0.12255859375
35.0948,0,-0.060150146484375,0,0.0904541015625,0,-0.03497314453125,0,-0.12255859375
35.1068,0,-0.0477294921875,0,0.0904541015625,0,-0.03497314453125,0,-0.12255859375
35.1149,0,-0.0477294921875,0,0.49462890625,0,0.0153656005859375,0,-0.161865234375
35.1262,0,-0.040985107421875,0,0.49462890625,0,0.0153656005859375,0,-0.09088134765625
35.1345,0,-0.040985107421875,0,-0.059906005859375,0,-0.024932861328125,0,-0.09088134765625
35.1461,0,-0.076904296875,0,-0.059906005859375,0,-0.024932861328125,0,-0.159912109375
35.1559,0,-0.076904296875,0,0.51513671875,0,-0.0193939208984375,0,-0.159912109375
35.1665,0,-0.033233642578125,0,0.51513671875,0,-0.0193939208984375,0,-0.159912109375
35.1762,0,-0.033233642578125,0,0.51513671875,0,0.0269317626953125,0,0.079345703125
35.1876,0,-0.1112060546875,0,-0.359130859375,0,0.0269317626953125,0,0.079345703125
35.1967,0,-0.1112060546875,0,0.31591796875,0,0.0850830078125,0,0.10296630859375
35.2083,0,0.01392364501953125,0,0.31591796875,0,0.0850830078125,0,0.10296630859375
35.2167,0,0.01392364501953125,0,-1.0244140625,0,0.06646728515625,0,-0.1787109375
35.2267,0,0.09967041015625,0,-1.0244140625,0,0.06646728515625,0,-0.1787109375
35.2345,0,0.09967041015625,0,0.1358642578125,0,0.094482421875,0,-0.162109375
35.2484,0,-0.1285400390625,0,0.1358642578125,0,0.094482421875,0,-0.162109375
35.2549,0,-0.1285400390625,0,0.1358642578125,0,-0.04144287109375,0,0.1732177734375
35.2661,0,0.0203094482421875,0,0.3271484375,0,-0.04144287109375,0,0.1732177734375
35.2750,0,0.0203094482421875,0,0.3271484375,0,0.0333251953125,0,0.10809326171875
35.2859,0,0.0521240234375,0,0.3056640625,0,0.0333251953125,0,0.10809326171875
35.2942,0,0.0521240234375,0,-0.2137451171875,0,0.026824951171875,0,0.0292510986328125
35.3072,0,0.11248779296875,0,-0.2137451171875,0,0.026824951171875,0,0.0292510986328125
35.3149,0,0.11248779296875,0,-0.2137451171875,0,0.026824951171875,0,-0.04656982421875
35.3260,0,-0.1417236328125,0,-0.281982421875,0,0.04815673828125,0,-0.04656982421875
35.3345,0,-0.1417236328125,0,-0.281982421875,0,0.04815673828125,0,-0.1446533203125
35.3462,0,0.061065673828125,0,-0.173828125,0,-0.044769287109375,0,-0.1446533203125
35.3534,0,0.061065673828125,0,-0.173828125,0,-0.044769287109375,0,-0.080810546875
35.3663,0,-0.0377197265625,0,-0.470703125,0,0.0272979736328125,0,-0.080810546875
35.3746,0,-0.0377197265625,0,-0.470703125,0,0.0272979736328125,0,0.1854248046875
35.3849,0,-0.0217742919921875,0,0.247802734375,0,0.06512451171875,0,0.1854248046875
35.3959,0,-0.0217742919921875,0,0.247802734375,0,0.06512451171875,0,-0.078125
35.4061,0,-0.075439453125,0,-0.6376953125,0,0.05645751953125,0,-0.078125
35.4146,0,-0.075439453125,0,-0.6376953125,0,0.05645751953125,0,0.04449462890625
35.4271,0,-0.052886962890625,0,0.473388671875,0,-0.0239715576171875,0,0.04449462890625
35.4342,0,-0.052886962890625,0,0.473388671875,0,-0.0239715576171875,0,-0.042449951171875
35.4438,0,0.054443359375,0,0.098876953125,0,0.04119873046875,0,-0.042449951171875
35.4533,0,0.054443359375,0,0.098876953125,0,0.04119873046875,0,-0.07861328125
35.4651,0,0.054443359375,0,0.406494140625,0,-0.0248260498046875,0,-0.07861328125
35.4751,0,0.08587646484375,0,0.406494140625,0,-0.0248260498046875,0,-0.1689453125
35.4848,0,0.08587646484375,0,0.301513671875,0,0.06103515625,0,-0.1689453125
35.4930,0,0.047119140625,0,0.301513671875,0,0.06103515625,0,0.103515625
35.5043,0,0.047119140625,0,-0.0966796875,0,-0.04296875,0,0.103515625
35.5136,0,-0.11053466796875,0,-0.0966796875,0,-0.04296875,0,-0.09136962890625
35.5254,0,-0.11053466796875,0,0.415771484375,0,-0.025482177734375,0,-0.09136962890625
35.5337,0,-0.058502197265625,0,0.415771484375,0,-0.025482177734375,0,-0.05792236328125
35.5480,0,-0.058502197265625,0,0.136962890625,0,0.09967041015625,0,-0.05792236328125
35.5556,0,-0.1072998046875,0,0.136962890625,0,0.09967041015625,0,0.10882568359375
35.5673,0,-0.1072998046875,0,0.358154296875,0,-0.032989501953125,0,0.10882568359375
35.5771,0,0.0889892578125,0,0.358154296875,0,-0.032989501953125,0,-0.1859130859375
35.5892,0,0.0889892578125,0,0.418701171875,0,0.036468505859375,0,-0.1859130859375
35.5959,0,-0.025146484375,0,0.418701171875,0,0.036468505859375,0,-0.0384521484375
35.6093,0,-0.025146484375,0,0.57373046875,0,-0.01515960693359375,0,-0.0384521484375
35.6170,0,0.05078125,0,0.57373046875,0,-0.01515960693359375,0,-0.269775390625
35.6282,0,0.05078125,0,-0.292724609375,0,0.1007080078125,0,-0.269775390625
35.6379,0,0.06512451171875,0,-0.292724609375,0,0.1007080078125,0,-0.10626220703125
35.6489,0,0.06512451171875,0,-0.20849609375,0,0.043212890625,0,-0.10626220703125
35.6575,0,0.103759765625,0,-0.20849609375,0,0.043212890625,0,-0.1036376953125
35.6684,0,0.103759765625,0,0.21142578125,0,0.10748291015625,0,-0.1036376953125
35.6810,0,-0.023681640625,0,0.21142578125,0,0.10748291015625,0,-0.1036376953125
35.6897,0,-0.023681640625,0,0.409912109375,0,0.024261474609375,0,-0.1614990234375
35.6982,0,0.079345703125,0,0.409912109375,0,0.024261474609375,0,-0.16748046875
35.7110,0,0.079345703125,0,-0.07470703125,0,-0.03778076171875,0,-0.16748046875
35.7182,0,0.11309814453125,0,-0.07470703125,0,-0.03778076171875,0,0.024261474609375
35.7315,0,0.11309814453125,0,0.4404296875,0,-0.060150146484375,0,0.024261474609375
35.7400,0,-0.1119384765625,0,0.4404296875,0,-0.060150146484375,0,0.024261474609375
35.7508,0,-0.1119384765625,0,-0.06646728515625,0,-0.023712158203125,0,-0.1539306640625
35.7603,0,0.0731201171875,0,-0.06646728515625,0,-0.023712158203125,0,-0.1539306640625
35.7703,0,0.0731201171875,0,0.3251953125,0,-0.023712158203125,0,0.016021728515625
35.7799,0,0.061614990234375,0,0.3251953125,0,-0.0267486572265625,0,-0.08526611328125
35.7874,0,0.061614990234375,0,0.049224853515625,0,0.06884765625,0,-0.08526611328125
35.7981,0,0.05804443359375,0,0.049224853515625,0,0.06884765625,0,-0.08526611328125
35.8088,0,0.05804443359375,0,-0.74951171875,0,0.032470703125,0,0.09173583984375
35.8177,0,-0.0748291015625,0,-0.74951171875,0,0.032470703125,0,0.09173583984375
35.8290,0,-0.0748291015625,0,0.470703125,0,0.032470703125,0,-0.1607666015625
35.8376,0,-0.0748291015625,0,0.470703125,0,0.021087646484375,0,-0.1607666015625
35.8503,0,-0.06512451171875,0,0.36181640625,0,0.021087646484375,0,-0.1412353515625
35.8594,0,-0.06512451171875,0,0.36181640625,0,0.1236572265625,0,-0.1412353515625
35.8703,0,0.072998046875,0,0.1707763671875,0,0.1236572265625,0,-0.177490234375
35.8798,0,0.072998046875,0,0.1707763671875,0,0.082763671875,0,-0.177490234375
35.8908,0,0.0112762451171875,0,0.135498046875,0,0.082763671875,0,0.0643310546875
35.8987,0,-0.16259765625,0,0.135498046875,0,-0.057159423828125,0,0.0643310546875
35.9110,0,-0.16259765625,0,0.4853515625,0,-0.057159423828125,0,-0.2147216796875
35.9192,0,-0.16259765625,0,0.4853515625,0,0.08074951171875,0,-0.2147216796875
35.9310,0,0.07904052734375,0,0.34130859375,0,0.08074951171875,0,-0.07958984375
35.9402,0,0.07904052734375,0,0.34130859375,0,-0.056854248046875,0,-0.07958984375
35.9506,0,-0.0740966796875,0,0.34130859375,0,-0.056854248046875,0,0.138916015625
35.9588,0,0.0755615234375,0,0.19873046875,0,0.0687255859375,0,0.138916015625
35.9709,0,0.0755615234375,0,0.19873046875,0,0.0687255859375,0,0.162353515625
35.9816,0,0.0755615234375,0,-0.50830078125,0,0.045074462890625,0,0.162353515625
35.9898,0,-0.0704345703125,0,-0.50830078125,0,0.045074462890625,0,0.1414794921875
36.0000,0,-0.0704345703125,0,-0.46923828125,0,-0.04217529296875,0,0.1414794921875
36.0135,0,-0.04278564453125,0,-0.46923828125,0,-0.04217529296875,0,-0.171142578125
36.0198,0,-0.04278564453125,0,-0.438720703125,0,0.0802001953125,0,-0.171142578125
36.0307,0,0.0250396728515625,0,-0.438720703125,0,0.0802001953125,0,0.093017578125
36.0403,0,0.0250396728515625,0,0.402587890625,0,-0.04144287109375,0,0.093017578125
36.0503,0,0.12359619140625,0,0.402587890625,0,-0.04144287109375,0,-0.078125
36.0612,0,0.12359619140625,0,0.169921875,0,0.0180511474609375,0,-0.078125
36.0708,0,0.1563720703125,0,0.169921875,0,0.0180511474609375,0,-0.133544921875
36.0805,0,0.1563720703125,0,0.3681640625,0,-0.0175323486328125,0,-0.133544921875
36.0912,0,0.061431884765625,0,0.3681640625,0,-0.0175323486328125,0,0.143310546875
36.1000,0,0.061431884765625,0,-0.85498046875,0,0.07269287109375,0,0.143310546875
36.1135,0,0.03790283203125,0,-0.85498046875,0,0.07269287109375,0,-0.115234375
36.1202,0,0.03790283203125,0,-0.5595703125,0,-0.0897216796875,0,-0.115234375
36.1313,0,0.046478271484375,0,-0.5595703125,0,-0.0897216796875,0,-0.11895751953125
36.1401,0,0.046478271484375,0,0.33837890625,0,0.0318603515625,0,-0.11895751953125
36.1508,0,-0.126953125,0,0.33837890625,0,0.0318603515625,0,0.15673828125
36.1599,0,-0.126953125,0,0.4404296875,0,0.04205322265625,0,0.15673828125
36.1690,0,0.058441162109375,0,0.4404296875,0,0.04205322265625,0,0.0341796875
36.1785,0,0.058441162109375,0,0.2685546875,0,0.06573486328125,0,0.0341796875
36.1909,0,-0.048065185546875,0,0.2685546875,0,0.06573486328125,0,0.0341796875
36.1998,0,-0.048065185546875,0,-0.1456298828125,0,-0.07684326171875,0,-0.0216827392578125
36.2144,0,-0.125244140625,0,-0.1456298828125,0,-0.07684326171875,0,-0.0216827392578125
36.2211,0,-0.125244140625,0,0.08233642578125,0,-0.07684326171875,0,-0.16845703125
36.2312,0,0.0302886962890625,0,0.08233642578125,0,0.026214599609375,0,-0.16845703125
36.2406,0,0.0302886962890625,0,0.37158203125,0,0.026214599609375,0,0.10882568359375
36.2515,0,-0.1141357421875,0,0.37158203125,0,0.048614501953125,0,0.10882568359375
36.2615,0,-0.1141357421875,0,0.2117919921875,0,0.048614501953125,0,-0.139404296875
36.2824,0,-0.041290283203125,0,0.09844970703125,0,-0.0145111083984375,0,0.105712890625
36.2959,0,-0.153564453125,0,0.11773681640625,0,0.00909423828125,0,-0.155517578125
36.3081,0,-0.153564453125,0,0.11773681640625,0,0.0128936767578125,0,-0.155517578125
36.3163,0,0.046417236328125,0,0.49365234375,0,0.0128936767578125,0,-0.166015625
36.3274,0,0.056427001953125,0,0.49365234375,0,0.054473876953125,0,-0.166015625
36.3368,0,0.056427001953125,0,0.49365234375,0,0.054473876953125,0,-0.058502197265625
36.3479,0,-0.025848388671875,0,0.274658203125,0,0.08197021484375,0,-0.058502197265625
36.3563,0,-0.025848388671875,0,0.274658203125,0,0.08197021484375,0,-0.1324462890625
36.3674,0,-0.025848388671875,0,0.211669921875,0,-0.034881591796875,0,-0.1324462890625
36.3792,0,0.07037353515625,0,-0.0275421142578125,0,-0.034881591796875,0,-0.1693115234375
36.3880,0,0.07037353515625,0,-0.0275421142578125,0,0.0360107421875,0,-0.1693115234375
36.3990,0,2.02734375,0,-0.0275421142578125,0,0.0360107421875,0,3.24609375
36.4075,0,2.02734375,0,2.5078125,-4,2.890625,0,3.24609375
36.4171,0,2.130859375,0,2.5078125,-4,2.890625,2,1.8232421875
36.4284,0,2.130859375,0,1.927734375,-9,2.935546875,2,1.8232421875
36.4371,3,1.7275390625,0,1.927734375,-9,2.935546875,0,2.267578125
36.4492,3,1.7275390625,0,2.013671875,13,0.52294921875,0,2.267578125
36.4581,6,1.53125,0,2.013671875,13,0.52294921875,-10,3.1796875
36.4683,6,1.53125,5,1.466796875,25,0.0240631103515625,-10,3.1796875
36.4801,0,2.09375,5,1.466796875,25,0.0240631103515625,14,0.9228515625
36.4877,0,2.09375,1,2.251953125,-1,4.48046875,14,0.9228515625
36.5012,16,0.5751953125,1,2.251953125,-1,4.48046875,-15,5.48828125
36.5077,16,0.5751953125,20,0.41650390625,1,0.30712890625,-15,5.48828125
36.5194,0,2.857421875,20,0.41650390625,1,0.30712890625,0,0.89990234375
36.5308,0,2.857421875,2,1.4482421875,-1,3.185546875,0,0.89990234375
36.5379,-15,5.58984375,2,1.4482421875,-1,3.185546875,18,-0.64404296875
36.5515,-15,5.58984375,-16,6.93359375,14,-0.055908203125,18,-0.64404296875
36.5604,56,-3.87890625,-16,6.93359375,14,-0.055908203125,16,-0.117919921875
36.5707,56,-3.87890625,60,-3.78515625,8,0.71923828125,16,-0.117919921875
36.5804,97,4.63671875,60,-3.78515625,8,0.71923828125,16,-0.3193359375
36.5897,97,4.63671875,104,5.25390625,10,0.96630859375,16,-0.3193359375
36.6033,-10,12.2890625,104,5.25390625,10,0.96630859375,-19,6.78125
36.6114,-10,12.2890625,0,11.7890625,10,0.96630859375,-19,6.78125
36.6198,31,0.07275390625,0,11.7890625,19,-0.347412109375,6,2.240234375
36.6324,31,0.07275390625,30,-0.8134765625,26,0.48828125,6,2.240234375
36.6418,35,-0.38232421875,30,-0.8134765625,26,0.48828125,6,2.240234375
36.6541,35,-0.38232421875,34,0.2384033203125,30,-2.451171875,-21,5.83203125
36.6613,33,0.062744140625,34,0.2384033203125,30,-2.451171875,17,0.07244873046875
36.6753,33,0.062744140625,25,-0.194091796875,-7,1.583984375,17,0.07244873046875
36.6868,34,0.0164031982421875,26,0.356689453125,-7,1.583984375,18,-0.65478515625
36.6991,33,0.1861572265625,26,0.356689453125,-9,8.0078125,18,-0.65478515625
36.7089,33,0.1861572265625,-3,5.06640625,-9,8.0078125,20,0.65283203125
36.7176,10,1.19140625,-3,5.06640625,-11,10.2578125,20,0.65283203125
36.7296,10,1.19140625,-3,5.06640625,-11,10.2578125,138,-14.6171875
36.7352,21,0.8623046875,17,0.693359375,3,6.1328125,138,-14.6171875
36.7490,21,0.8623046875,31,-0.466064453125,3,6.1328125,212,13.796875
36.7575,21,0.8623046875,31,-0.466064453125,0,7.66796875,212,13.796875
36.7670,29,-0.093017578125,30,-0.0184478759765625,0,7.66796875,40,11.3203125
36.7812,29,-0.093017578125,30,-0.0184478759765625,-15,9.21875,40,11.3203125
36.7891,33,0.08428955078125,30,-0.0184478759765625,-15,9.21875,44,-0.87353515625
36.7961,26,-0.1749267578125,9,1.52734375,16,2.474609375,44,-0.87353515625
36.8117,26,-0.1749267578125,24,-0.115234375,16,2.474609375,19,2.76171875
36.8198,26,-0.1749267578125,24,-0.115234375,11,3.798828125,19,2.76171875
36.8308,29,-0.094482421875,24,-0.115234375,11,3.798828125,21,-0.8984375
36.8394,29,-0.094482421875,4,-0.181396484375,-5,7.15625,21,-0.8984375
36.8505,6,1.619140625,4,-0.181396484375,-5,7.15625,0,0.186279296875
36.8600,0,-0.12066650390625,1,-0.308349609375,-2,-3.935546875,0,0.186279296875
36.8709,0,-0.12066650390625,1,-0.308349609375,-2,-3.935546875,0,0.134765625
36.8798,0,-0.12066650390625,0,-0.07464599609375,-14,-2.787109375,0,0.134765625
36.8887,0,-0.156005859375,0,-0.67138671875,-14,-2.787109375,0,0.1888427734375
36.9002,0,-0.156005859375,0,-0.67138671875,18,-1.59765625,0,0.1888427734375
36.9126,0,-0.2296142578125,0,-0.67138671875,18,-1.59765625,0,0.1251220703125
36.9178,0,-0.05181884765625,0,0.2410888671875,-18,-1.01953125,0,0.1251220703125
36.9311,0,-0.05181884765625,0,0.2410888671875,-18,-1.01953125,0,0.135986328125
36.9421,0,-0.05181884765625,0,-0.30224609375,10,-0.72607421875,0,0.135986328125
36.9496,-5,0.056915283203125,0,-0.30224609375,10,-0.72607421875,0,0.12335205078125
36.9594,-5,0.056915283203125,-1,0.07244873046875,14,0.255126953125,0,0.12335205078125
36.9699,0,-0.0743408203125,-1,0.07244873046875,14,0.255126953125,0,0.1265869140625
36.9792,0,-0.0743408203125,0,-0.06256103515625,0,0.177734375,0,0.1265869140625
36.9899,0,-0.049163818359375,0,-0.06256103515625,0,0.177734375,0,-0.02813720703125
36.9989,0,-0.049163818359375,0,0.1507568359375,0,0.0615234375,0,-0.02813720703125
37.0116,0,-0.10369873046875,0,0.1507568359375,0,0.0615234375,0,-0.10382080078125
37.0184,0,-0.10369873046875,0,-0.08636474609375,0,-0.112060546875,0,-0.10382080078125
37.0298,0,0.055267333984375,0,-0.08636474609375,0,-0.112060546875,0,-0.1895751953125
37.0382,0,0.055267333984375,0,-0.5068359375,0,-0.0426025390625,0,-0.1895751953125
37.0502,0,0.032684326171875,0,-0.5068359375,0,-0.0426025390625,0,0.1513671875
37.0591,0,0.032684326171875,0,-0.3046875,0,-0.0426025390625,0,0.1513671875
37.0690,0,-0.1031494140625,0,-0.3046875,0,0.0215606689453125,0,0.1080322265625
37.0790,0,-0.1031494140625,0,-0.3837890625,0,0.436279296875,0,0.1080322265625
37.0893,-1,3.447265625,0,-0.3837890625,0,0.436279296875,0,0.1251220703125
37.0972,-1,3.447265625,0,0.75244140625,-36,6.03515625,0,0.1251220703125
37.1094,7,1.0712890625,0,0.75244140625,-36,6.03515625,0,-0.077880859375
37.1179,7,1.0712890625,0,-0.1778564453125,-36,6.03515625,0,-0.077880859375
37.1304,22,0.304931640625,0,-0.1778564453125,3,-0.87646484375,0,-0.039031982421875
37.1384,22,0.304931640625,0,0.310546875,3,-0.87646484375,0,-0.039031982421875
37.1495,27,-0.20703125,0,0.310546875,-23,5.16015625,0,-0.039031982421875
37.1573,27,-0.20703125,0,-0.349853515625,17,0.2445068359375,0,0.01201629638671875
37.1701,0,4.99609375,0,-0.349853515625,17,0.2445068359375,0,0.01201629638671875
37.1792,0,4.99609375,0,-0.1112060546875,17,0.2445068359375,0,-0.08111572265625
37.1903,21,0.050323486328125,0,-0.1112060546875,32,-0.6025390625,2,2.619140625
37.1991,21,0.050323486328125,13,-0.292724609375,32,-0.6025390625,2,2.619140625
37.2114,29,-0.2423095703125,13,-0.292724609375,15,-0.64794921875,2,2.619140625
37.2211,29,-0.2423095703125,21,0.80712890625,15,-0.64794921875,5,1.615234375
37.2325,26,-0.39013671875,21,0.80712890625,3,4.578125,5,1.615234375
37.2410,26,-0.39013671875,27,0.2213134765625,3,4.578125,14,0.69580078125
37.2502,34,-0.056182861328125,27,0.2213134765625,22,-1.0322265625,14,0.69580078125
37.2595,34,-0.056182861328125,24,0.64794921875,22,-1.0322265625,32,-0.5283203125
37.2722,34,-0.056182861328125,24,0.64794921875,18,-1.4345703125,32,-0.5283203125
37.2816,3,5.52734375,10,1.203125,18,-1.4345703125,39,-0.7890625
37.2919,3,5.52734375,10,1.203125,0,3.697265625,39,-0.7890625
37.3008,35,-0.791015625,27,0.1441650390625,0,3.697265625,35,-0.18798828125
37.3117,35,-0.791015625,27,0.1441650390625,2,2.599609375,35,-0.18798828125
37.3210,40,0.2049560546875,31,0.34423828125,2,2.599609375,29,-0.087158203125
37.3320,40,0.2049560546875,31,0.34423828125,16,0.0732421875,29,-0.087158203125
37.3398,36,0.16064453125,-3,6.4921875,16,0.0732421875,29,0.153076171875
37.3516,36,0.16064453125,-3,6.4921875,35,-2.328125,29,0.153076171875
37.3623,34,-0.01593017578125,-3,6.4921875,35,-2.328125,28,0.252197265625
37.3732,34,-0.01593017578125,22,0.1290283203125,-11,2.162109375,28,0.252197265625
37.3821,33,0.309814453125,22,0.1290283203125,-11,2.162109375,25,-0.407958984375
37.3928,33,0.309814453125,31,-0.58642578125,18,3.1171875,25,-0.407958984375
37.4005,0,2.666015625,19,1.4384765625,18,3.1171875,21,0.634765625
37.4123,0,2.666015625,19,1.4384765625,31,-1.6982421875,21,0.634765625
37.4212,10,1.142578125,19,1.4384765625,31,-1.6982421875,16,0.826171875
37.4328,10,1.142578125,22,0.325927734375,68,-6.74609375,16,0.826171875
37.4413,31,0.0908203125,22,0.325927734375,68,-6.74609375,22,0.341552734375
37.4548,31,0.0908203125,-3,5.04296875,78,6.23046875,22,0.341552734375
37.4602,34,-0.1624755859375,-3,5.04296875,78,6.23046875,24,0.35986328125
37.4721,34,-0.1624755859375,17,0.360107421875,68,-4.7109375,24,0.35986328125
37.4808,26,-0.3369140625,17,0.360107421875,68,-4.7109375,1,2.611328125
37.4934,26,-0.3369140625,24,0.1279296875,53,-4.31640625,1,2.611328125
37.5012,44,0.99267578125,24,0.1279296875,53,-4.31640625,21,-0.488037109375
37.5129,44,0.99267578125,27,-0.33056640625,44,-2.65625,21,-0.488037109375
37.5190,20,-0.0855712890625,27,-0.33056640625,44,-2.65625,35,0.6015625
37.5311,20,-0.0855712890625,10,2.201171875,14,1.8173828125,35,0.6015625
37.5397,36,0.77978515625,10,2.201171875,14,1.8173828125,35,0.6015625
37.5533,36,0.77978515625,19,-0.63134765625,-12,1.2958984375,34,-0.3515625
37.5624,36,0.0914306640625,19,-0.63134765625,-12,1.2958984375,34,-0.3515625
37.5817,-3,5.05078125,26,0.04376220703125,2,3.185546875,28,0.2181396484375
37.5921,-3,5.05078125,2,0.18017578125,2,3.185546875,11,0.10174560546875
37.6008,21,0.1424560546875,2,0.18017578125,-9,0.73486328125,11,0.10174560546875
37.6101,21,0.1424560546875,0,-0.068603515625,2,4.9609375,0,0.14697265625
37.6250,24,0.4169921875,0,-0.068603515625,2,4.9609375,0,-0.10321044921875
37.6339,24,0.4169921875,0,0.58837890625,2,4.9609375,0,-0.10321044921875
37.6432,30,-0.48046875,0,0.58837890625,-2,4.58984375,0,-0.10321044921875
37.6534,30,-0.48046875,0,-0.45361328125,-2,4.58984375,0,0.138671875
37.6640,29,-0.06390380859375,0,-0.45361328125,-6,0.255859375,0,0.138671875
37.6833,0,2.744140625,0,-0.36328125,39,-1.9443359375,0,0.1717529296875
37.6979,0,-0.0162200927734375,-1,0.379150390625,0,-6.68359375,0,0.05059814453125
37.7099,0,-0.0162200927734375,0,-0.1697998046875,0,-6.68359375,0,0.1893310546875
37.7182,6,0.1260986328125,0,-0.1697998046875,11,-4.82421875,0,0.1893310546875
37.7293,6,0.1260986328125,-1,0.1533203125,11,-4.82421875,0,-0.1861572265625
37.7398,15,-0.11151123046875,-1,0.1533203125,0,-3.396484375,0,-0.1861572265625
37.7510,15,-0.11151123046875,-1,0.1533203125,0,-3.396484375,0,-0.2274169921875
37.7604,0,0.09136962890625,-3,-0.70068359375,12,-2.103515625,0,-0.2274169921875
37.7732,0,0.09136962890625,-3,-0.70068359375,12,-2.103515625,0,-0.107421875
37.7801,0,0.09136962890625,0,0.14599609375,-18,-1.267578125,0,-0.107421875
37.7915,1,-0.1966552734375,0,-0.2236328125,-18,-1.267578125,0,0.06610107421875
37.8005,1,-0.1966552734375,0,-0.2236328125,6,-0.95947265625,0,0.06610107421875
37.8124,0,0.095947265625,0,-0.2236328125,6,-0.95947265625,0,-0.1962890625
37.8183,0,0.0273284912109375,0,-0.11798095703125,15,-0.351318359375,0,-0.1962890625
37.8331,0,0.0273284912109375,0,-0.11798095703125,15,-0.351318359375,0,0.129638671875
37.8397,0,0.0273284912109375,-2,-0.7724609375,0,-0.2216796875,0,0.129638671875
37.8514,0,0.03369140625,-2,-0.7724609375,0,-0.2216796875,0,0.0257110595703125
37.8600,0,0.03369140625,-2,-0.10247802734375,0,-0.1058349609375,0,0.0257110595703125
37.8711,0,0.08599853515625,-2,-0.10247802734375,0,-0.1058349609375,0,0.10601806640625
37.8806,0,0.08599853515625,0,0.1353759765625,0,0.04498291015625,0,0.10601806640625
37.8908,0,-0.0384521484375,0,0.1353759765625,0,0.04498291015625,0,0.0638427734375
37.8995,0,-0.0384521484375,-1,-0.921875,0,-0.08062744140625,0,0.0638427734375
37.9109,0,0.07373046875,-1,-0.921875,0,-0.08062744140625,-1,-0.0433349609375
37.9201,0,0.07373046875,0,-0.63671875,0,-0.053253173828125,-1,-0.0433349609375
37.9307,0,0.10150146484375,0,-0.63671875,0,-0.053253173828125,-1,-0.0433349609375
37.9378,0,0.10150146484375,0,0.20751953125,0,0.01296234130859375,-1,0.004184722900390625
37.9507,0,-0.061492919921875,0,0.20751953125,0,0.01296234130859375,-1,0.004184722900390625
37.9593,0,-0.061492919921875,0,-0.478271484375,0,0.01296234130859375,0,0.10845947265625
37.9711,0,0.040435791015625,0,-0.478271484375,-1,-0.0091094970703125,0,0.10845947265625
37.9795,0,0.040435791015625,-1,-0.83935546875,0,-0.003879547119140625,0,0.092529296875
37.9899,0,0.10406494140625,-1,-0.83935546875,0,-0.003879547119140625,0,0.092529296875
37.9999,0,0.10406494140625,0,-0.78466796875,0,-0.003879547119140625,0,-0.1990966796875
38.0138,0,0.01224517822265625,0,-0.78466796875,0,-0.06842041015625,0,-0.1990966796875
38.0190,0,0.01224517822265625,-1,-0.6572265625,0,-0.06842041015625,0,0.08306884765625
38.0301,0,-0.06768798828125,-1,-0.6572265625,0,0.07275390625,0,0.08306884765625
38.0382,0,-0.06768798828125,0,0.56689453125,0,0.07275390625,0,0.1297607421875
38.0501,0,-0.082275390625,0,0.56689453125,0,-0.11358642578125,0,0.1297607421875
38.0584,0,-0.082275390625,1,0.09063720703125,0,-0.11358642578125,0,-0.0183563232421875
38.0694,0,0.056976318359375,1,0.09063720703125,-1,-0.04705810546875,0,-0.0183563232421875
38.0783,0,0.056976318359375,1,0.4306640625,-1,-0.04705810546875,0,-0.205078125
38.0891,0,0.0589599609375,1,0.4306640625,-2,0.0167236328125,0,-0.205078125
38.0996,0,0.0589599609375,0,-0.08270263671875,-2,0.0167236328125,0,-0.258544921875
38.1101,0,0.0914306640625,0,-0.08270263671875,-1,-0.05316162109375,0,-0.258544921875
38.1182,0,0.0914306640625,0,-0.16162109375,-1,-0.05316162109375,0,-0.17919921875
38.1287,0,-0.09222412109375,0,-0.16162109375,-2,0.04913330078125,0,-0.17919921875
38.1379,0,-0.09222412109375,0,-0.16162109375,-2,0.04913330078125,0,-0.1292724609375
38.1491,0,-0.02142333984375,0,0.05743408203125,0,-0.0626220703125,0,-0.1292724609375
38.1574,0,-0.02142333984375,0,0.0452880859375,0,-0.0626220703125,0,0.06707763671875
38.1687,0,0.0487060546875,0,0.0452880859375,0,0.035003662109375,0,0.06707763671875
38.1781,0,0.0487060546875,1,0.306884765625,0,0.035003662109375,0,0.033050537109375
38.1883,0,-0.06683349609375,1,0.306884765625,0,0.08642578125,0,0.033050537109375
38.1960,0,-0.06683349609375,1,0.306884765625,0,0.08642578125,0,0.0308685302734375
38.2077,0,-0.169921875,-1,-0.43017578125,0,-0.045501708984375,0,0.0308685302734375
38.2151,0,-0.169921875,-3,-0.630859375,0,-0.045501708984375,0,0.122802734375
38.2290,0,-0.03857421875,-3,-0.630859375,0,-0.057342529296875,0,0.122802734375
38.2355,0,-0.03857421875,0,-0.083740234375,0,-0.057342529296875,0,0.059906005859375
38.2498,0,0.06640625,0,-0.083740234375,-1,-0.0222015380859375,0,0.059906005859375
38.2571,0,0.06640625,0,-0.083740234375,-1,-0.0222015380859375,0,-0.2034912109375
38.2674,0,0.0904541015625,-1,0.343994140625,0,-0.01971435546875,0,-0.2034912109375
38.2773,0,0.0904541015625,-1,0.343994140625,0,-0.01971435546875,0,0.1573486328125
38.2876,0,0.0904541015625,0,-0.34521484375,0,-0.07568359375,0,0.1573486328125
38.2962,0,-0.109375,0,-0.34521484375,0,-0.07568359375,0,-0.2235107421875
38.3072,0,-0.109375,0,0.263427734375,-1,0.123779296875,0,-0.2235107421875
38.3166,0,-0.094482421875,0,0.263427734375,-1,0.123779296875,0,-0.2235107421875
38.3278,0,-0.094482421875,0,-0.0111541748046875,0,-0.03955078125,0,-0.10272216796875
38.3361,0,0.0587158203125,0,-0.0111541748046875,0,-0.03955078125,0,-0.10272216796875
38.3479,0,0.0587158203125,0,0.468017578125,-1,-0.018218994140625,0,0.167236328125
38.3554,0,0.0231475830078125,0,0.468017578125,-1,-0.018218994140625,0,-0.051116943359375
38.3674,0,0.0231475830078125,0,0.2220458984375,0,-0.08349609375,0,-0.051116943359375
38.3759,0,0.066162109375,0,0.2220458984375,0,-0.08349609375,0,-0.051116943359375
38.3870,0,0.066162109375,-1,-0.78515625,0,-0.0156402587890625,0,-0.059478759765625
38.3960,0,0.12371826171875,-1,-0.78515625,0,-0.0156402587890625,0,-0.059478759765625
38.4064,0,0.12371826171875,-1,-0.9794921875,0,-0.046875,0,-0.0479736328125
38.4172,0,-0.035888671875,-1,-0.9794921875,0,-0.046875,0,-0.0479736328125
38.4270,0,-0.035888671875,0,0.342041015625,0,-0.0911865234375,0,-0.093017578125
38.4355,0,0.0555419921875,0,0.342041015625,0,-0.0911865234375,0,-0.093017578125
38.4463,0,0.0555419921875,0,-0.7314453125,0,-0.016998291015625,0,0.09625244140625
38.4565,0,-0.1314697265625,0,-0.7314453125,0,-0.016998291015625,0,0.09625244140625
38.4676,0,-0.1314697265625,0,0.1810302734375,0,-0.016998291015625,0,-0.1820068359375
38.4763,0,0.08428955078125,0,0.1810302734375,0,-0.0311431884765625,0,-0.1820068359375
38.4871,0,0.08428955078125,0,0.3544921875,0,-0.0311431884765625,0,0.099609375
38.4959,0,-0.151611328125,0,0.3544921875,0,-0.0294647216796875,0,0.099609375
38.5060,0,-0.151611328125,0,-0.666015625,0,0.05584716796875,0,0.1458740234375
38.5155,0,-0.1173095703125,0,-0.666015625,0,0.05584716796875,0,0.1458740234375
38.5264,0,-0.1173095703125,0,0.1802978515625,0,0.05584716796875,0,0.033721923828125
38.5355,0,-0.10504150390625,0,0.1802978515625,0,-0.07550048828125,0,0.033721923828125
38.5487,0,-0.10504150390625,0,0.441650390625,0,-0.07550048828125,0,0.1383056640625
38.5581,0,0.07373046875,0,0.441650390625,0,-0.05767822265625,0,0.1383056640625
38.5668,0,0.07373046875,0,0.439208984375,0,-0.05767822265625,0,0.1839599609375
38.5767,0,0.04339599609375,0,0.439208984375,0,0.01389312744140625,0,0.1839599609375
38.5875,0,0.04339599609375,0,0.439208984375,0,0.01389312744140625,0,0.1558837890625
38.5976,0,-0.0235748291015625,0,0.13720703125,0,-0.041259765625,0,0.1558837890625
38.6064,0,-0.0235748291015625,0,0.13720703125,0,-0.041259765625,0,0.036773681640625
38.6170,0,-0.0321044921875,0,0.25830078125,0,-0.05572509765625,0,0.036773681640625
38.6270,0,-0.0321044921875,1,0.51611328125,0,-0.05572509765625,0,-0.05474853515625
38.6398,0,0.08770751953125,1,0.51611328125,0,-0.047760009765625,0,-0.05474853515625
38.6487,0,0.08770751953125,1,0.51611328125,0,-0.047760009765625,0,0.1505126953125
38.6581,0,0.06982421875,0,0.2822265625,0,0.022247314453125,0,0.1505126953125
38.6704,0,0.06982421875,0,0.2822265625,0,0.022247314453125,0,0.142822265625
38.6813,0,0.06982421875,1,0.12384033203125,0,-0.0389404296875,0,0.142822265625
38.6900,0,0.06304931640625,1,0.12384033203125,0,-0.0389404296875,0,-0.225341796875
38.6985,0,-0.0106048583984375,0,0.267333984375,0,-0.05279541015625,0,-0.225341796875
38.7098,0,-0.0106048583984375,0,0.267333984375,0,-0.05279541015625,0,-0.2410888671875
38.7165,0,-0.057220458984375,0,0.375,0,0.044342041015625,0,-0.2410888671875
38.7312,0,-0.057220458984375,0,0.375,0,0.044342041015625,0,-0.1429443359375
38.7406,0,-0.057220458984375,0,0.0159454345703125,0,-0.025604248046875,0,-0.1429443359375
38.7525,0,-0.10894775390625,0,0.0159454345703125,0,-0.025604248046875,0,0.03302001953125
38.7600,0,-0.10894775390625,0,-0.75244140625,0,-0.03179931640625,0,0.03302001953125
38.7711,0,0.1435546875,0,-0.75244140625,0,-0.03179931640625,0,0.03302001953125
38.7790,0,0.1435546875,0,0.402099609375,0,0.062469482421875,0,0.080322265625
38.7918,0,-0.047576904296875,0,0.402099609375,0,0.062469482421875,0,0.09613037109375
38.7994,0,-0.047576904296875,0,0.388671875,0,-0.01904296875,0,0.09613037109375
38.8100,0,-0.1324462890625,0,0.388671875,0,-0.01904296875,0,-0.2088623046875
38.8193,0,-0.1324462890625,0,0.09869384765625,0,-0.04278564453125,0,-0.2088623046875
38.8298,0,-0.1434326171875,0,0.09869384765625,0,-0.04278564453125,0,-0.2088623046875
38.8381,0,-0.1434326171875,0,-0.06103515625,0,-0.03228759765625,0,-0.144287109375
38.8501,0,-0.1373291015625,0,-0.06103515625,0,-0.03228759765625,0,-0.144287109375
38.8578,0,-0.1373291015625,0,0.328857421875,0,0.0377197265625,0,0.0296478271484375
38.8688,0,0.07830810546875,0,0.328857421875,0,0.0377197265625,0,0.175537109375
38.8781,0,0.07830810546875,0,0.0791015625,0,-0.060089111328125,0,0.175537109375
38.8883,0,0.1256103515625,0,0.0791015625,0,-0.060089111328125,0,0.175537109375
38.9005,0,0.1256103515625,0,0.50048828125,0,-0.033905029296875,0,-0.241455078125
38.9079,0,-0.06341552734375,0,0.50048828125,0,-0.033905029296875,0,-0.241455078125
38.9168,0,-0.06341552734375,0,0.311767578125,0,-0.033905029296875,0,0.035308837890625
38.9283,0,0.0313720703125,0,0.311767578125,0,-0.033416748046875,0,0.035308837890625
38.9361,0,0.0313720703125,0,-0.428955078125,0,-0.0687255859375,0,0.048431396484375
38.9481,0,0.07904052734375,0,-0.428955078125,0,-0.0687255859375,0,0.048431396484375
38.9559,0,0.07904052734375,0,0.53564453125,0,-0.047637939453125,0,0.185791015625
38.9684,0,0.053253173828125,0,0.53564453125,0,-0.047637939453125,0,0.185791015625
38.9766,0,0.053253173828125,0,0.552734375,0,-0.047637939453125,0,0.1451416015625
38.9875,0,0.0927734375,0,0.552734375,0,-0.02459716796875,0,0.1451416015625
38.9935,0,0.0927734375,0,0.5419921875,0,0.04168701171875,0,-0.1513671875
39.0095,0,0.1015625,0,0.5419921875,0,0.04168701171875,0,-0.1513671875
39.0192,0,0.1015625,2,0.482177734375,0,-0.045135498046875,0,-0.091796875
39.0303,0,-0.131103515625,2,0.482177734375,0,-0.045135498046875,0,-0.091796875
39.0382,0,-0.131103515625,0,0.348388671875,0,-0.045135498046875,0,-0.0709228515625
39.0504,0,0.031829833984375,0,0.348388671875,0,-0.0645751953125,0,-0.0709228515625
39.0577,0,0.031829833984375,0,0.50732421875,0,-0.0645751953125,0,0.1431884765625
39.0689,0,0.1153564453125,0,0.50732421875,0,-0.0232696533203125,0,0.1431884765625
39.0781,0,0.1153564453125,0,-0.7080078125,0,-0.0232696533203125,0,0.03973388671875
39.0885,0,-0.075927734375,0,-0.7080078125,0,-0.0281829833984375,0,0.03973388671875
39.0973,0,-0.075927734375,0,-0.7080078125,0,-0.0281829833984375,0,0.12103271484375
39.1072,0,-0.1578369140625,0,-0.0830078125,0,-0.01904296875,0,0.12103271484375
39.1167,0,-0.1578369140625,0,-0.0830078125,0,-0.01904296875,0,0.1458740234375
39.1277,0,0.1298828125,0,0.498291015625,0,-0.03485107421875,0,0.1458740234375
39.1345,0,0.1298828125,0,0.190673828125,0,-0.03485107421875,0,0.0309295654296875
39.1479,0,0.11309814453125,0,0.190673828125,0,-0.051727294921875,0,0.0309295654296875
39.1557,0,0.11309814453125,0,0.190673828125,0,-0.051727294921875,0,-0.1219482421875
39.1697,0,0.11981201171875,0,0.402099609375,0,-0.0147857666015625,0,-0.1219482421875
39.1748,0,0.11981201171875,0,0.402099609375,0,-0.0147857666015625,0,-0.0899658203125
39.1865,0,0.032012939453125,0,0.402587890625,0,-0.061798095703125,0,-0.0899658203125
39.1949,0,0.032012939453125,0,0.402587890625,0,-0.061798095703125,0,0.099853515625
39.2071,0,-0.115234375,0,-0.64208984375,0,-0.06683349609375,0,0.099853515625
39.2156,0,-0.115234375,0,-0.64208984375,0,-0.06683349609375,0,0.1263427734375
39.2275,0,0.056915283203125,0,0.1861572265625,0,-0.059173583984375,0,0.1263427734375
39.2366,0,0.056915283203125,0,0.1861572265625,0,-0.059173583984375,0,0.11676025390625
39.2488,0,-0.07977294921875,0,-0.2138671875,0,-0.1141357421875,0,0.11676025390625
39.2562,0,-0.07977294921875,0,-0.2138671875,0,-0.1141357421875,0,-0.2275390625
39.2662,0,0.10980224609375,-1,0.346435546875,0,-0.10736083984375,0,-0.2275390625
39.2763,0,0.10980224609375,-1,0.346435546875,0,-0.10736083984375,0,0.10723876953125
39.2871,0,-0.02337646484375,0,0.44287109375,0,-0.038177490234375,0,0.10723876953125
39.2951,0,-0.02337646484375,0,0.44287109375,0,-0.038177490234375,0,0.1209716796875
39.3068,0,-0.02337646484375,1,0.56103515625,0,-0.10040283203125,0,0.1209716796875
39.3150,0,0.0860595703125,1,0.56103515625,0,-0.10040283203125,0,0.1641845703125
39.3271,0,0.0860595703125,0,-0.7294921875,0,-0.0709228515625,0,0.1641845703125
39.3359,0,0.0175628662109375,0,-0.7294921875,0,-0.0709228515625,0,0.128173828125
39.3463,0,0.0175628662109375,0,0.2454833984375,0,-0.0709228515625,0,0.128173828125
39.3554,0,0.044281005859375,0,0.2454833984375,0,0.0102691650390625,0,0.08197021484375
39.3673,0,0.044281005859375,0,0.41357421875,0,0.0102691650390625,0,0.08197021484375
39.3742,0,0.062744140625,0,0.41357421875,0,0.046478271484375,0,0.08544921875
39.3859,0,0.062744140625,1,0.0750732421875,0,0.046478271484375,0,0.08544921875
39.3944,0,0.09197998046875,1,0.0750732421875,0,-0.041595458984375,0,0.08544921875
39.4060,0,0.09197998046875,0,0.087646484375,0,-0.041595458984375,0,-0.0670166015625
39.4139,0,-0.046661376953125,0,0.087646484375,0,-0.07293701171875,0,-0.0670166015625
39.4252,0,-0.046661376953125,0,0.11395263671875,0,-0.07293701171875,0,-0.1593017578125
39.4343,0,-0.07086181640625,0,0.11395263671875,0,0.06329345703125,0,0.05474853515625
39.4448,0,-0.07086181640625,0,-0.8525390625,0,0.06329345703125,0,0.05474853515625
39.4551,0,0.0687255859375,0,-0.8525390625,0,-0.0253143310546875,0,0.05474853515625
39.4656,0,0.0687255859375,0,0.371337890625,0,-0.0253143310546875,0,-0.11669921875
39.4741,0,-0.11505126953125,0,0.371337890625,0,-0.0836181640625,0,-0.11669921875
39.4842,0,-0.11505126953125,0,0.292724609375,0,-0.0836181640625,0,0.1202392578125
39.4923,0,-0.08209228515625,0,0.292724609375,0,0.03814697265625,0,0.1202392578125
39.5053,0,-0.08209228515625,0,0.306884765625,0,0.03814697265625,0,0.1690673828125
39.5120,0,-0.07586669921875,0,0.306884765625,0,0.058929443359375,0,0.1690673828125
39.5244,0,-0.07586669921875,-1,0.464111328125,0,0.058929443359375,0,-0.1837158203125
39.5343,0,0.0819091796875,-1,0.464111328125,0,-0.02972412109375,0,-0.1837158203125
39.5461,0,0.0819091796875,0,0.365234375,0,-0.02972412109375,0,0.09771728515625
39.5554,0,-0.06256103515625,0,0.365234375,0,-0.03802490234375,0,0.09771728515625
39.5682,0,-0.06256103515625,1,0.366943359375,0,-0.03802490234375,0,-0.080078125
39.5754,0,0.062164306640625,1,0.366943359375,0,0.02294921875,0,-0.080078125
39.5892,0,0.062164306640625,0,0.22412109375,0,0.02294921875,0,-0.0980224609375
39.5961,0,-0.05938720703125,0,0.22412109375,0,0.00928497314453125,0,-0.0980224609375
39.6070,0,-0.05938720703125,0,0.22412109375,0,0.00928497314453125,0,0.137451171875
39.6154,0,0.044708251953125,0,0.51708984375,0,-0.06329345703125,0,0.137451171875
39.6281,0,0.044708251953125,0,0.467529296875,0,-0.06329345703125,0,0.1585693359375
39.6361,0,-0.11370849609375,0,0.467529296875,0,0.0230255126953125,0,0.1585693359375
39.6535,0,0.07391357421875,1,0.41650390625,0,-0.06671142578125,0,-0.1826171875
39.6615,0,0.07391357421875,1,0.41650390625,0,-0.06671142578125,0,0.1375732421875
39.6690,0,0.07391357421875,3,0.06109619140625,0,-0.06671142578125,0,0.1375732421875
39.6787,0,-0.0775146484375,3,0.06109619140625,0,0.106689453125,0,0.1375732421875
39.6895,0,-0.0775146484375,3,0.06109619140625,0,0.106689453125,0,0.09747314453125
39.7002,0,0.0177001953125,0,0.2431640625,0,-0.050933837890625,0,0.09747314453125
39.7091,0,0.0177001953125,0,0.2431640625,0,-0.050933837890625,0,-0.1551513671875
39.7177,0,-0.17529296875,0,-0.6572265625,0,-0.05926513671875,0,-0.1551513671875
39.7280,0,-0.17529296875,-1,-0.80615234375,0,-0.05926513671875,0,-0.07537841796875
39.7388,0,0.06353759765625,-1,-0.80615234375,0,-0.03485107421875,0,-0.07537841796875
39.7512,0,0.06353759765625,-1,-0.80615234375,0,-0.03485107421875,0,0.076904296875
39.7584,0,-0.05169677734375,-2,-0.34423828125,0,-0.03485107421875,0,0.076904296875
39.7696,0,-0.05169677734375,-2,-0.34423828125,0,-0.027130126953125,0,-0.2137451171875
39.7782,0,-0.06280517578125,0,0.0418701171875,0,-0.027130126953125,0,-0.2137451171875
39.7891,0,-0.06280517578125,0,0.0418701171875,0,0.053955078125,0,0.07952880859375
39.7996,0,-0.057769775390625,2,0.465087890625,0,0.053955078125,0,0.07952880859375
39.8088,0,-0.057769775390625,2,0.465087890625,0,-0.06134033203125,0,0.162109375
39.8179,0,-0.057769775390625,0,0.2064208984375,0,-0.06134033203125,0,0.162109375
39.8300,0,0.043121337890625,0,0.2064208984375,0,-0.0313720703125,0,0.07452392578125
39.8379,0,0.043121337890625,-1,-0.90087890625,0,-0.0313720703125,0,0.07452392578125
39.8493,0,-0.0518798828125,-1,-0.90087890625,0,-0.0604248046875,0,-0.0171356201171875
39.8577,0,-0.0604248046875,0,0.5048828125,0,-0.0604248046875,0,-0.0171356201171875
39.8691,0,-0.0604248046875,0,0.5048828125,0,-0.070556640625,0,-0.05474853515625
39.8774,0,-0.0604248046875,1,0.303955078125,0,-0.070556640625,0,-0.05474853515625
39.8887,0,-0.106201171875,1,0.303955078125,0,0.058319091796875,0,0.1865234375
39.8975,0,-0.106201171875,-2,-0.12017822265625,0,0.058319091796875,0,0.1865234375
39.9083,0,0.04205322265625,-2,-0.12017822265625,0,0.02410888671875,0,0.1865234375
39.9179,0,0.04205322265625,-3,-0.10845947265625,0,0.02410888671875,0,0.0914306640625
39.9287,0,0.04638671875,-3,-0.10845947265625,0,-0.074462890625,0,0.0914306640625
39.9379,0,0.04638671875,0,0.0816650390625,0,-0.074462890625,0,-0.10009765625
39.9491,0,0.1004638671875,0,0.0816650390625,0,-0.08953857421875,0,-0.10009765625
39.9597,0,0.1004638671875,0,0.467041015625,0,-0.08953857421875,0,-0.12353515625
39.9701,0,0.049774169921875,0,0.467041015625,0,0.042816162109375,0,-0.12353515625
39.9769,0,0.049774169921875,2,0.4453125,0,0.042816162109375,0,-0.1597900390625
39.9879,0,0.03912353515625,2,0.4453125,0,0.0382080078125,0,-0.1597900390625
39.9979,0,0.03912353515625,0,0.369873046875,0,0.0382080078125,0,-0.195068359375
40.0088,0,-0.045074462890625,0,0.369873046875,0,-0.06500244140625,0,-0.195068359375
40.0178,0,-0.045074462890625,-3,-1.05859375,0,-0.06500244140625,0,-0.07354736328125
40.0280,0,0.0947265625,-3,-1.05859375,0,-0.04449462890625,0,-0.07354736328125
40.0377,0,0.0947265625,-4,-0.76806640625,0,-0.04449462890625,0,0.032623291015625
40.0478,0,-0.1405029296875,-4,-0.76806640625,0,0.0653076171875,0,0.032623291015625
40.0565,0,-0.1405029296875,-4,-0.76806640625,0,0.0653076171875,0,-0.2342529296875
40.0677,0,0.035491943359375,0,-0.2392578125,0,-0.0265350341796875,0,-0.2342529296875
40.0760,0,0.035491943359375,0,-0.2392578125,0,-0.0265350341796875,0,-0.0243072509765625
40.0871,0,0.0123443603515625,0,0.4404296875,0,-0.0196380615234375,0,-0.0243072509765625
40.0957,0,0.0123443603515625,0,-0.5166015625,0,-0.0196380615234375,0,-0.1142578125
40.1080,0,-0.04412841796875,0,-0.5166015625,0,-0.047943115234375,0,-0.1142578125
40.1178,0,-0.04412841796875,0,-0.5166015625,0,-0.047943115234375,0,0.119140625
40.1278,0,0.06475830078125,0,0.043304443359375,0,-0.047149658203125,0,0.119140625
40.1362,0,0.06475830078125,0,0.043304443359375,0,-0.047149658203125,0,-0.0460205078125
40.1502,0,0.007297515869140625,0,0.25048828125,0,-0.0526123046875,0,-0.0460205078125
40.1557,0,0.007297515869140625,0,0.25048828125,0,-0.0526123046875,0,0.1268310546875
40.1668,0,0.10186767578125,0,0.256591796875,0,-0.05816650390625,0,0.1268310546875
40.1763,0,0.10186767578125,0,0.256591796875,0,-0.05816650390625,0,-0.03118896484375
40.1871,0,-0.150390625,0,0.08740234375,0,-0.051849365234375,0,-0.03118896484375
40.1980,0,-0.150390625,0,0.08740234375,0,-0.051849365234375,0,-0.0911865234375
40.2092,0,0.04296875,0,-0.2139892578125,0,-0.06494140625,0,-0.0911865234375
40.2173,0,0.04296875,0,-0.2139892578125,0,-0.06494140625,0,-0.058685302734375
40.2291,0,-0.1982421875,0,-0.685546875,0,-0.011016845703125,0,-0.058685302734375
40.2418,0,-0.1982421875,0,-0.685546875,0,-0.011016845703125,0,-0.222412109375
40.2498,0,0.062103271484375,0,-0.1474609375,0,-0.06219482421875,0,-0.222412109375
40.2596,0,0.062103271484375,0,-0.1474609375,0,-0.06219482421875,0,-0.03131103515625
40.2687,0,-0.1273193359375,0,-0.71826171875,0,0.083740234375,0,-0.03131103515625
40.2760,0,-0.1273193359375,0,-0.71826171875,0,0.083740234375,0,-0.1448974609375
40.2879,0,0.021881103515625,0,-0.86083984375,0,0.037261962890625,0,-0.1448974609375
40.2964,0,0.021881103515625,0,-0.86083984375,0,0.037261962890625,0,-0.083984375
40.3079,0,-0.07916259765625,0,0.39013671875,0,0.044158935546875,0,-0.083984375
40.3189,0,-0.07916259765625,0,0.39013671875,0,0.044158935546875,0,0.0367431640625
40.3272,0,-0.07916259765625,0,0.43017578125,0,0.044158935546875,0,0.0367431640625
40.3359,0,-0.09930419921875,0,0.43017578125,0,-0.04449462890625,0,0.0367431640625
40.3497,0,-0.09930419921875,0,-0.5087890625,0,-0.053314208984375,0,0.12548828125
40.3551,0,0.048614501953125,0,-0.5087890625,0,-0.053314208984375,0,0.12548828125
40.3649,0,-0.1273193359375,0,0.2281494140625,0,-0.037384033203125,0,-0.07110595703125
40.3832,0,-0.1273193359375,0,0.2281494140625,0,-0.037384033203125,0,0.04217529296875
40.3888,0,-0.1273193359375,0,0.5595703125,0,-0.037384033203125,0,0.04217529296875
40.3957,0,-0.0888671875,0,0.5595703125,0,-0.09222412109375,0,0.04217529296875
40.4066,0,-0.0888671875,0,0.1290283203125,0,-0.09222412109375,0,0.1466064453125
40.4143,0,-0.0263671875,0,0.1290283203125,0,-0.0548095703125,0,0.1466064453125
40.4266,0,-0.0263671875,0,0.20703125,0,-0.0548095703125,0,0.1253662109375
40.4370,0,-0.0970458984375,0,0.20703125,0,-0.048248291015625,0,0.1253662109375
40.4456,0,-0.0970458984375,2,0.53759765625,0,-0.048248291015625,0,-0.2303466796875
40.4553,0,0.038818359375,2,0.53759765625,0,0.0233612060546875,0,-0.2303466796875
40.4658,0,0.044708251953125,2,0.485595703125,0,-0.02508544921875,0,0.1278076171875
40.4786,0,0.044708251953125,2,0.485595703125,0,-0.02508544921875,0,0.11248779296875
40.4848,0,0.044708251953125,-1,-0.9951171875,0,-0.02508544921875,0,0.11248779296875
40.4933,0,0.06146240234375,-1,-0.9951171875,0,-0.07318115234375,0,0.11248779296875
40.5049,0,0.06146240234375,-1,-0.9951171875,0,-0.07318115234375,0,-0.1590576171875
40.5133,0,-0.05816650390625,-3,-0.40673828125,0,-0.049530029296875,0,-0.1590576171875
40.5242,0,-0.05816650390625,0,0.22509765625,0,-0.049530029296875,0,-0.07080078125
40.5353,0,0.13720703125,0,0.22509765625,0,-0.038055419921875,0,-0.07080078125
40.5473,0,0.13720703125,0,0.36474609375,0,-0.038055419921875,0,0.1201171875
40.5556,0,0.08087158203125,0,0.36474609375,0,-0.043304443359375,0,0.1201171875
40.5671,0,0.08087158203125,0,0.2205810546875,0,-0.043304443359375,0,-0.08978271484375
40.5758,0,0.041961669921875,0,0.2205810546875,0,0.0357666015625,0,-0.08978271484375
40.5858,0,0.041961669921875,1,0.29736328125,0,0.0357666015625,0,-0.09320068359375
40.5987,0,0.1141357421875,1,0.29736328125,0,0.061737060546875,0,-0.09320068359375
40.6074,0,0.1141357421875,1,0.29736328125,0,0.061737060546875,0,0.05914306640625
40.6158,0,-0.1767578125,0,0.266845703125,0,-0.07952880859375,0,0.05914306640625
40.6248,0,-0.1767578125,0,0.266845703125,0,-0.07952880859375,0,0.06268310546875
40.6356,0,0.127197265625,0,-0.289306640625,0,-0.0689697265625,0,0.06268310546875
40.6471,0,0.127197265625,-1,-0.0521240234375,0,-0.0689697265625,0,-0.0858154296875
40.6611,0,-0.11614990234375,-1,-0.0521240234375,0,-0.00643157958984375,0,-0.0858154296875
40.6684,0,-0.11614990234375,-1,-0.0521240234375,0,-0.00643157958984375,0,0.1650390625
40.6767,0,-0.12841796875,0,-0.0670166015625,0,-0.028045654296875,0,0.1650390625
40.6892,0,-0.12841796875,0,-0.0670166015625,0,-0.028045654296875,0,-0.09454345703125
40.6983,0,-0.1719970703125,0,0.19482421875,0,-0.037994384765625,0,-0.09454345703125
40.7086,0,-0.1719970703125,0,0.19482421875,0,-0.037994384765625,0,0.0838623046875
40.7201,0,0.06585693359375,1,0.267822265625,0,0.06353759765625,0,0.0838623046875
40.7283,0,0.06585693359375,1,0.267822265625,0,0.06353759765625,0,0.168701171875
40.7376,0,-0.09539794921875,0,0.4072265625,0,-0.06939697265625,0,0.168701171875
40.7512,0,-0.09539794921875,0,0.4072265625,0,-0.06939697265625,0,-0.1129150390625
40.7589,0,0.08453369140625,0,0.4287109375,0,-0.1529541015625,0,-0.1129150390625
40.7699,0,0.08453369140625,0,0.4287109375,0,-0.1529541015625,0,-0.2242431640625
40.7842,0,0.08453369140625,0,-0.59326171875,0,-0.033660888671875,0,-0.2242431640625
40.7906,0,-0.022003173828125,0,-0.59326171875,0,-0.033660888671875,0,-0.125244140625
40.7983,0,-0.10003662109375,0,-0.8505859375,0,0.03497314453125,0,-0.125244140625
40.8092,0,-0.10003662109375,0,-0.8505859375,0,0.03497314453125,0,-0.204345703125
40.8184,0,-0.0687255859375,-2,-1.0458984375,0,-0.0450439453125,0,-0.204345703125
40.8288,0,-0.0687255859375,-2,-1.0458984375,0,-0.0450439453125,0,0.09320068359375
40.8386,0,-0.0687255859375,-3,-0.411376953125,0,-0.0450439453125,0,0.09320068359375
40.8496,0,-0.1278076171875,-3,-0.411376953125,0,-0.0251922607421875,0,0.09320068359375
40.8581,0,-0.1278076171875,0,0.368896484375,0,-0.0251922607421875,0,0.07354736328125
40.8692,0,0.03778076171875,0,0.368896484375,0,-0.045501708984375,0,0.07354736328125
40.8769,0,0.03778076171875,0,-0.298828125,0,0.03851318359375,0,0.11279296875
40.8889,0,0.07391357421875,0,-0.298828125,0,0.03851318359375,0,0.11279296875
40.8974,0,0.07391357421875,1,0.41552734375,0,0.03851318359375,0,0.168701171875
40.9083,0,-0.0908203125,1,0.41552734375,0,-0.06781005859375,0,0.168701171875
40.9170,0,-0.0908203125,0,-0.436279296875,0,-0.06781005859375,0,0.10186767578125
40.9280,0,0.062744140625,0,-0.436279296875,0,-0.037017822265625,0,0.10186767578125
40.9367,0,0.062744140625,0,0.44921875,0,-0.037017822265625,0,-0.145751953125
40.9474,0,0.07916259765625,0,0.44921875,0,0.0406494140625,0,-0.145751953125
40.9559,0,0.07916259765625,0,-0.064208984375,0,0.0406494140625,0,0.0279083251953125
40.9692,0,-0.0693359375,0,-0.064208984375,0,-0.05084228515625,0,0.0279083251953125
40.9756,0,-0.0693359375,0,0.58251953125,0,-0.05084228515625,0,0.1552734375
40.9868,0,0.06890869140625,0,0.58251953125,0,-0.06939697265625,0,0.1552734375
40.9961,0,0.06890869140625,0,0.460205078125,0,-0.06939697265625,0,0.17822265625
41.0072,0,0.040374755859375,0,0.460205078125,0,-0.033477783203125,0,0.17822265625
41.0172,0,0.040374755859375,0,0.460205078125,0,-0.033477783203125,0,0.08209228515625
41.0268,0,-0.07781982421875,0,0.41455078125,0,-0.03436279296875,0,0.08209228515625
41.0352,0,-0.07781982421875,0,0.41455078125,0,-0.03436279296875,0,-0.08868408203125
41.0462,0,0.045928955078125,1,0.49169921875,0,-0.036895751953125,0,-0.08868408203125
41.0548,0,0.045928955078125,1,0.49169921875,0,-0.036895751953125,0,0.09619140625
41.0662,0,0.075439453125,0,0.364013671875,0,-0.04827880859375,0,0.09619140625
41.0769,0,0.075439453125,0,0.364013671875,0,-0.04827880859375,0,-0.096435546875
41.0859,0,-0.0238800048828125,0,-0.261962890625,0,0.1341552734375,0,-0.096435546875
41.0940,0,-0.0238800048828125,0,-0.261962890625,0,0.1341552734375,0,-0.25390625
41.1064,0,-0.1361083984375,0,0.239013671875,0,0.042877197265625,0,-0.25390625
41.1142,0,-0.1361083984375,0,0.239013671875,0,0.042877197265625,0,0.0609130859375
41.1248,0,-0.054473876953125,0,-0.9755859375,0,-0.038330078125,0,0.0609130859375
41.1347,0,-0.054473876953125,0,-0.9755859375,0,-0.038330078125,0,0.1732177734375
41.1457,0,0.032867431640625,0,-0.81396484375,0,0.1036376953125,0,0.1732177734375
41.1540,0,0.032867431640625,0,-0.81396484375,0,0.1036376953125,0,0.1180419921875
41.1656,0,0.005641937255859375,0,-0.9599609375,0,-0.03656005859375,0,0.1180419921875
41.1735,0,0.005641937255859375,0,-0.9599609375,0,-0.03656005859375,0,-0.229248046875
41.1847,0,-0.11859130859375,0,-0.5205078125,0,0.023834228515625,0,-0.229248046875
41.1921,0,-0.11859130859375,0,-0.5205078125,0,0.023834228515625,0,0.1597900390625
41.2056,0,0.0138702392578125,0,0.412841796875,0,-0.09307861328125,0,0.1597900390625
41.2140,0,0.0138702392578125,0,0.412841796875,0,-0.09307861328125,0,0.046905517578125
41.2253,0,0.048126220703125,0,0.1043701171875,0,-0.083740234375,0,0.046905517578125
41.2337,0,0.048126220703125,0,0.1043701171875,0,-0.083740234375,0,-0.03411865234375
41.2462,0,0.111572265625,0,0.3017578125,0,-0.1026611328125,0,-0.03411865234375
41.2549,0,0.111572265625,0,0.3017578125,0,-0.1026611328125,0,0.08563232421875
41.2658,0,-0.11859130859375,0,0.32373046875,0,-0.07489013671875,0,0.08563232421875
41.2743,0,-0.11859130859375,0,0.32373046875,0,-0.07489013671875,0,0.155517578125
41.2874,0,-0.11859130859375,0,0.1097412109375,0,-0.07489013671875,0,0.155517578125
41.2944,0,0.099853515625,0,0.1097412109375,0,0.0302734375,0,0.137451171875
41.3051,0,0.099853515625,0,-0.09912109375,0,0.08038330078125,0,0.137451171875
41.3135,0,0.1624755859375,0,-0.09912109375,0,0.08038330078125,0,0.137451171875
41.3244,0,0.08917236328125,0,-0.159912109375,0,-0.01898193359375,0,-0.211181640625
41.3341,0,0.08917236328125,0,-0.159912109375,0,-0.01898193359375,0,0.1722412109375
41.3449,0,-0.095458984375,0,0.30615234375,0,-0.03997802734375,0,0.1722412109375
41.3535,0,-0.095458984375,0,0.30615234375,0,-0.03997802734375,0,0.1461181640625
41.3645,0,-0.095458984375,0,0.318359375,0,-0.03997802734375,0,0.1461181640625
41.3734,0,-0.10205078125,0,0.318359375,0,-0.03521728515625,0,0.1461181640625
41.3845,0,-0.10205078125,0,0.49951171875,0,-0.03521728515625,0,-0.02655029296875
41.3926,0,-0.11114501953125,0,0.49951171875,0,-0.02752685546875,0,-0.02655029296875
41.4041,0,-0.11114501953125,0,0.49951171875,0,-0.02752685546875,0,0.10418701171875
41.4126,0,-0.0709228515625,1,0.3310546875,0,-0.0021610260009765625,0,0.10418701171875
41.4238,0,-0.0709228515625,1,0.3310546875,0,-0.0021610260009765625,0,0.1317138671875
41.4332,0,0.07830810546875,0,0.279296875,0,-0.067626953125,0,0.1317138671875
41.4442,0,0.07830810546875,0,0.279296875,0,-0.067626953125,0,-0.197021484375
41.4531,0,-0.0782470703125,-1,0.09613037109375,0,0.0224456787109375,0,-0.197021484375
41.4638,0,-0.0782470703125,-1,0.09613037109375,0,0.0224456787109375,0,0.1011962890625
41.4724,0,0.017822265625,0,0.1513671875,0,-0.061981201171875,0,0.1011962890625
41.4835,0,0.017822265625,0,0.1513671875,0,-0.061981201171875,0,0.061981201171875
41.4919,0,-0.03338623046875,0,-0.293212890625,0,0.02520751953125,0,0.061981201171875
41.5033,0,-0.03338623046875,0,-0.293212890625,0,0.02520751953125,0,-0.15576171875
41.5114,0,0.09375,0,-0.29443359375,0,-0.059051513671875,0,-0.15576171875
41.5225,0,0.09375,0,-0.29443359375,0,-0.059051513671875,0,-0.060699462890625
41.5311,0,-0.00731658935546875,0,0.46533203125,0,0.05621337890625,0,-0.060699462890625
41.5431,0,0.097412109375,0,0.5361328125,0,0.05621337890625,0,0.05609130859375
41.5530,0,0.097412109375,0,0.5361328125,0,0.0423583984375,0,0.05609130859375
41.5643,0,0.097412109375,0,0.5361328125,0,0.0423583984375,0,0.06976318359375
41.5729,0,-0.1236572265625,-1,-0.9111328125,0,0.06280517578125,0,0.06976318359375
41.5840,0,-0.1236572265625,-1,-0.9111328125,0,0.06280517578125,0,0.173095703125
41.5923,0,0.046905517578125,0,0.43310546875,0,-0.0247802734375,0,0.173095703125
41.6035,0,0.046905517578125,0,0.43310546875,0,-0.0247802734375,0,0.14990234375
41.6118,0,0.05322265625,0,0.059478759765625,0,-0.052490234375,0,0.14990234375
41.6235,0,0.05322265625,0,0.059478759765625,0,-0.052490234375,0,-0.25439453125
41.6330,0,0.062408447265625,0,-0.75244140625,0,0.03851318359375,0,-0.25439453125
41.6434,0,0.062408447265625,0,-0.75244140625,0,0.03851318359375,0,-0.02996826171875
41.6522,0,-0.0382080078125,0,0.386962890625,0,-0.03643798828125,0,-0.02996826171875
41.6668,0,0.11236572265625,0,-0.697265625,0,-0.03643798828125,0,-0.0494384765625
41.6732,0,0.11236572265625,0,-0.697265625,0,-0.07366943359375,0,-0.0494384765625
41.6847,0,0.11236572265625,0,-0.697265625,0,-0.07366943359375,0,0.0594482421875
41.6941,0,0.059814453125,0,-0.0975341796875,0,-0.07843017578125,0,0.0594482421875
41.7065,0,0.059814453125,0,-0.0975341796875,0,-0.07843017578125,0,0.09912109375
41.7156,0,0.04962158203125,0,0.351806640625,0,-0.021453857421875,0,0.09912109375
41.7260,0,0.04962158203125,0,0.351806640625,0,-0.021453857421875,0,-0.06756591796875
41.7339,0,0.071044921875,0,-0.047027587890625,0,-0.052764892578125,0,-0.06756591796875
41.7464,0,0.071044921875,0,-0.047027587890625,0,-0.052764892578125,0,0.1336669921875
41.7571,0,-0.12078857421875,0,-0.092529296875,0,-0.052764892578125,0,0.1336669921875
41.7720,0,-0.12078857421875,0,-0.092529296875,0,-0.0181884765625,0,0.01555633544921875
41.7765,0,-0.052154541015625,0,0.0645751953125,0,-0.0181884765625,0,0.01555633544921875
41.7875,0,-0.052154541015625,0,0.0645751953125,0,-0.04949951171875,0,-0.09197998046875
41.7960,0,0.0277862548828125,1,0.33349609375,0,-0.04949951171875,0,-0.09197998046875
41.8077,0,0.0277862548828125,1,0.33349609375,0,0.0133209228515625,0,0.05511474609375
41.8160,0,-0.002117156982421875,0,0.171875,0,0.0133209228515625,0,0.05511474609375
41.8267,0,-0.002117156982421875,0,0.171875,0,0.044921875,0,0.05511474609375
41.8372,0,0.0229034423828125,0,0.449951171875,0,0.044921875,0,0.11187744140625
41.8467,0,0.0229034423828125,0,0.449951171875,0,-0.037811279296875,0,0.11187744140625
41.8550,0,0.0229034423828125,0,0.1434326171875,0,-0.037811279296875,0,0.06817626953125
41.8663,0,0.04278564453125,0,0.1434326171875,0,-0.06787109375,0,0.06817626953125
41.8739,0,-0.17431640625,0,-0.9453125,0,-0.06787109375,0,-0.1700439453125
41.8875,0,-0.17431640625,0,-0.9453125,0,-0.048919677734375,0,0.08734130859375
41.8941,0,-0.17431640625,0,-0.163330078125,0,-0.048919677734375,0,0.08734130859375
41.9042,0,-0.2264404296875,0,-0.163330078125,0,-0.058807373046875,0,-0.043121337890625
41.9135,0,-0.2264404296875,1,0.1995849609375,0,-0.058807373046875,0,-0.043121337890625
41.9246,0,0.0963134765625,1,0.1995849609375,0,-0.052581787109375,0,-0.043121337890625
41.9340,0,0.0963134765625,1,0.1995849609375,0,-0.052581787109375,0,0.0897216796875
41.9451,0,0.028656005859375,0,-0.2158203125,0,-0.041717529296875,0,0.0897216796875
41.9544,0,0.028656005859375,0,-0.2158203125,0,-0.041717529296875,0,-0.042083740234375
41.9647,0,-0.0295562744140625,1,0.408203125,0,0.08062744140625,0,-0.042083740234375
41.9734,0,-0.0295562744140625,1,0.408203125,0,0.08062744140625,0,0.07598876953125
41.9848,0,-0.0645751953125,-1,-0.06903076171875,0,-0.06298828125,0,0.07598876953125
41.9936,0,-0.0645751953125,-1,-0.06903076171875,0,-0.06298828125,0,-0.0111541748046875
42.0049,0,-0.1566162109375,-1,-0.0751953125,0,-0.0712890625,0,-0.0111541748046875
42.0133,0,-0.1566162109375,-1,-0.0751953125,0,-0.0712890625,0,0.0858154296875
42.0253,0,0.08990478515625,1,0.4384765625,0,-0.033447265625,0,0.0858154296875
42.0343,0,0.08990478515625,1,0.4384765625,0,-0.033447265625,0,0.060577392578125
42.0452,0,0.10125732421875,0,0.31201171875,0,0.00856781005859375,0,0.060577392578125
42.0543,0,0.10125732421875,0,0.31201171875,0,0.00856781005859375,0,-0.04278564453125
42.0651,0,-0.07177734375,0,0.3642578125,0,0.00856781005859375,0,-0.04278564453125
42.0734,0,-0.07177734375,0,0.3642578125,0,0.0965576171875,0,-0.0557861328125
42.0846,0,0.11212158203125,0,-0.2086181640625,0,0.01056671142578125,0,-0.0557861328125
42.0956,0,0.11212158203125,0,-0.2086181640625,0,0.01056671142578125,0,0.043792724609375
42.1044,0,-0.1416015625,0,0.239013671875,0,0.01056671142578125,0,0.043792724609375
42.1128,0,-0.1416015625,0,0.239013671875,0,-0.072998046875,0,0.05584716796875
42.1228,0,-0.10931396484375,0,0.2364501953125,0,-0.0548095703125,0,0.05584716796875
42.1325,0,-0.10931396484375,0,0.2364501953125,0,-0.0548095703125,0,-0.07562255859375
42.1432,0,0.047698974609375,0,-0.123779296875,0,-0.06256103515625,0,-0.07562255859375
42.1523,0,0.047698974609375,0,-0.123779296875,0,-0.06256103515625,0,0.14697265625
42.1631,0,0.10247802734375,0,0.47998046875,0,-0.06256103515625,0,0.14697265625
42.1740,0,0.10247802734375,0,0.47998046875,0,-0.07659912109375,0,-0.2030029296875
42.1834,0,0.10247802734375,0,-0.251708984375,0,-0.07659912109375,0,-0.2030029296875
42.1913,0,0.0027523040771484375,0,-0.251708984375,0,-0.026397705078125,0,0.07244873046875
42.2024,0,0.0027523040771484375,0,-0.51318359375,0,-0.026397705078125,0,0.07244873046875
42.2106,0,-0.129638671875,0,-0.51318359375,0,-0.09014892578125,0,0.1016845703125
42.2217,0,-0.129638671875,0,-0.42041015625,0,-0.09014892578125,0,0.1016845703125
42.2313,0,0.09912109375,0,-0.42041015625,0,-0.11962890625,0,-0.10400390625
42.2416,0,-0.0045318603515625,0,-0.59033203125,0,-0.11962890625,0,-0.10400390625
42.2513,0,-0.0045318603515625,0,-0.59033203125,0,-0.0546875,0,-0.0880126953125
42.2635,0,-0.0045318603515625,0,0.432861328125,0,-0.0546875,0,-0.0880126953125
42.2722,0,0.054290771484375,0,0.432861328125,0,0.00579071044921875,0,-0.0880126953125
42.2832,0,0.054290771484375,-1,-0.97216796875,0,0.00579071044921875,0,-0.2298583984375
42.2916,0,-0.166748046875,-1,-0.97216796875,0,-0.06671142578125,0,-0.06500244140625
42.3052,0,-0.166748046875,0,-0.117431640625,0,-0.06671142578125,0,-0.06500244140625
42.3125,0,-0.015899658203125,0,-0.117431640625,0,-0.03729248046875,0,0.11279296875
42.3235,0,-0.015899658203125,1,0.470458984375,0,-0.03729248046875,0,0.11279296875
42.3331,0,-0.116943359375,1,0.470458984375,0,0.045501708984375,0,0.11279296875
42.3439,0,-0.116943359375,0,0.218994140625,0,0.045501708984375,0,0.1907958984375
42.3531,0,-0.03228759765625,0,0.218994140625,0,0.085205078125,0,0.1907958984375
42.3629,0,-0.03228759765625,1,0.489990234375,0,0.085205078125,0,0.05828857421875
42.3730,0,-0.1572265625,1,0.489990234375,0,-0.06451416015625,0,0.0689697265625
42.3827,0,-0.1572265625,0,-0.7373046875,0,-0.06451416015625,0,0.0689697265625
42.3922,0,0.11041259765625,0,-0.7373046875,0,0.07550048828125,0,0.0689697265625
42.4033,0,0.11041259765625,0,-0.7373046875,0,0.07550048828125,0,0.1087646484375
42.4118,0,-0.036529541015625,0,-0.181884765625,0,-0.045135498046875,0,0.1087646484375
42.4229,0,-0.036529541015625,0,-0.181884765625,0,-0.045135498046875,0,-0.019500732421875
42.4314,0,-0.0654296875,0,0.08367919921875,0,-0.0280609130859375,0,-0.019500732421875
42.4425,0,-0.0654296875,0,0.08367919921875,0,-0.0280609130859375,0,-0.185546875
42.4517,0,-0.056915283203125,0,0.32763671875,0,-0.0280609130859375,0,-0.185546875
42.4621,0,-0.056915283203125,0,0.32763671875,0,-0.0227203369140625,0,0.03717041015625
42.4708,0,0.051422119140625,-2,-0.8173828125,0,0.056915283203125,0,0.03717041015625
42.4819,0,0.051422119140625,-2,-0.8173828125,0,0.056915283203125,0,-0.072265625
42.4890,0,0.09271240234375,0,0.56884765625,0,-0.048065185546875,0,-0.072265625
42.5021,0,0.09271240234375,0,0.56884765625,0,-0.048065185546875,0,-0.03460693359375
42.5103,0,0.052978515625,-1,-0.47607421875,0,-0.048065185546875,0,-0.03460693359375
42.5215,0,0.052978515625,-1,-0.47607421875,0,-0.0394287109375,0,0.140869140625
42.5312,0,-0.0267333984375,-2,-0.57958984375,0,-0.0394287109375,0,0.140869140625
42.5443,0,-0.0267333984375,-2,-0.57958984375,0,0.0631103515625,0,0.1485595703125
42.5519,0,0.0467529296875,0,0.295166015625,0,-0.040679931640625,0,0.1485595703125
42.5639,0,0.0467529296875,0,0.295166015625,0,-0.040679931640625,0,-0.0970458984375
42.5732,0,0.0467529296875,0,0.16943359375,0,-0.040679931640625,0,-0.0970458984375
42.5866,0,0.028778076171875,0,0.16943359375,0,-0.0257415771484375,0,0.15869140625
42.5930,0,0.08233642578125,1,0.39111328125,0,-0.006320953369140625,0,0.15869140625
42.6035,0,0.08233642578125,1,0.39111328125,0,-0.006320953369140625,0,0.12249755859375
42.6120,0,0.08233642578125,0,0.4541015625,0,-0.006320953369140625,0,0.12249755859375
42.6232,0,-0.2181396484375,0,0.4541015625,0,-0.05548095703125,0,0.046417236328125
42.6325,0,-0.2181396484375,0,0.60400390625,0,-0.05548095703125,0,0.046417236328125
42.6436,0,0.08416748046875,0,0.60400390625,0,0.018768310546875,0,0.0168914794921875
42.6543,0,0.08416748046875,0,-0.9052734375,0,0.018768310546875,0,0.0168914794921875
42.6635,0,0.1610107421875,0,-0.9052734375,0,-0.0297088623046875,0,-0.2012939453125
42.6781,0,0.07855224609375,-1,-0.372314453125,0,-0.052581787109375,0,-0.2012939453125
42.6854,0,0.07855224609375,-1,-0.372314453125,0,-0.052581787109375,0,-0.11541748046875
42.6936,0,0.07855224609375,0,-0.390625,0,-0.052581787109375,0,-0.11541748046875
42.7061,0,-0.033660888671875,0,-0.390625,0,-0.0279693603515625,0,0.0097503662109375
42.7145,0,-0.033660888671875,0,0.11883544921875,0,-0.0279693603515625,0,0.0097503662109375
42.7255,0,-0.0633544921875,0,0.11883544921875,0,-0.0183868408203125,0,0.0097503662109375
42.7345,0,-0.0633544921875,1,0.50048828125,0,-0.0183868408203125,0,0.094482421875
42.7452,0,0.03887939453125,1,0.50048828125,0,-0.10748291015625,0,0.094482421875
42.7538,0,0.03887939453125,0,0.03997802734375,0,-0.10748291015625,0,-0.1043701171875
42.7663,0,-0.05157470703125,0,0.03997802734375,0,-0.092529296875,0,0.1107177734375
42.7749,0,-0.05157470703125,0,0.08642578125,0,-0.092529296875,0,0.1107177734375
42.7892,0,-0.041168212890625,0,0.08642578125,0,0.063720703125,0,0.1107177734375
42.7944,0,-0.041168212890625,0,-0.0679931640625,0,0.063720703125,0,-0.197998046875
42.8058,0,0.0682373046875,0,-0.0679931640625,0,-0.046600341796875,0,-0.197998046875
42.8143,0,0.0682373046875,0,-0.0679931640625,0,-0.046600341796875,0,-0.046478271484375
42.8251,0,0.039093017578125,0,0.255859375,0,0.058441162109375,0,-0.046478271484375
42.8344,0,0.039093017578125,0,-0.720703125,0,0.058441162109375,0,0.1483154296875
42.8456,0,-0.0948486328125,0,-0.720703125,0,-0.01287078857421875,0,0.1483154296875
42.8565,0,-0.0948486328125,0,0.41650390625,0,-0.01287078857421875,0,-0.10845947265625
42.8666,0,-0.0819091796875,0,0.41650390625,0,-0.06732177734375,0,-0.10845947265625
42.8750,0,-0.0819091796875,0,0.41650390625,0,-0.06732177734375,0,-0.0261077880859375
42.8861,0,0.038848876953125,0,0.0452880859375,0,-0.08013916015625,0,-0.0261077880859375
42.8944,0,0.038848876953125,1,0.403564453125,0,-0.08013916015625,0,0.1478271484375
42.9055,0,0.0386962890625,1,0.403564453125,0,-0.041748046875,0,0.1478271484375
42.9143,0,0.0386962890625,-1,0.31982421875,0,-0.041748046875,0,0.1278076171875
42.9272,0,-0.044219970703125,-1,0.31982421875,0,-0.06195068359375,0,0.1278076171875
42.9347,0,-0.044219970703125,-1,0.31982421875,0,-0.06195068359375,0,0.1343994140625
42.9456,0,0.1075439453125,0,0.0391845703125,0,-0.05548095703125,0,0.1343994140625
42.9545,0,0.1075439453125,0,0.0391845703125,0,-0.05548095703125,0,-0.251708984375
42.9656,0,-0.106689453125,0,-0.03253173828125,0,-0.01186370849609375,0,-0.251708984375
42.9743,0,-0.106689453125,0,-0.03253173828125,0,-0.01186370849609375,0,0.03411865234375
42.9862,0,-0.0721435546875,0,0.427490234375,0,-0.03106689453125,0,0.03411865234375
42.9948,0,-0.0721435546875,0,0.427490234375,0,-0.03106689453125,0,0.0239715576171875
43.0065,0,-0.081298828125,0,-0.81103515625,0,-0.10400390625,0,0.0239715576171875
43.0170,0,-0.081298828125,0,-0.81103515625,0,-0.10400390625,0,0.1734619140625
43.0256,0,0.014190673828125,0,0.239013671875,0,-0.0223846435546875,0,0.1734619140625
43.0344,0,0.014190673828125,0,0.239013671875,0,-0.0223846435546875,0,0.2115478515625
43.0450,0,0.09283447265625,0,0.379150390625,0,-0.058135986328125,0,0.2115478515625
43.0541,0,0.09283447265625,0,0.379150390625,0,-0.058135986328125,0,0.149658203125
43.0646,0,0.0183258056640625,0,-0.1292724609375,0,0.0255126953125,0,0.149658203125
43.0736,0,0.0183258056640625,0,-0.1292724609375,0,0.0255126953125,0,-0.2122802734375
43.0843,0,0.11822509765625,0,-0.73974609375,0,0.0255126953125,0,-0.2122802734375
43.0927,0,0.11822509765625,0,-0.73974609375,0,-0.05267333984375,0,-0.212890625
43.1042,0,-0.08526611328125,0,0.32861328125,0,0.033843994140625,0,-0.212890625
43.1123,0,-0.08526611328125,0,0.32861328125,0,0.033843994140625,0,-0.07086181640625
43.1236,0,0.08270263671875,0,0.30078125,0,-0.03448486328125,0,-0.07086181640625
43.1320,0,0.08270263671875,0,0.30078125,0,-0.03448486328125,0,-0.11834716796875
43.1430,0,0.00975799560546875,1,0.4609375,0,-0.07977294921875,0,-0.11834716796875
43.1518,0,0.00975799560546875,1,0.4609375,0,-0.07977294921875,0,-0.14111328125
43.1625,0,0.00975799560546875,0,-0.75244140625,0,-0.07977294921875,0,-0.14111328125
43.1714,0,-0.1376953125,0,-0.75244140625,0,-0.09100341796875,0,0.07177734375
43.1822,0,-0.0228271484375,1,0.266357421875,0,-0.09100341796875,0,0.07177734375
43.1910,0,-0.0228271484375,1,0.266357421875,0,-0.0167694091796875,0,-0.03948974609375
43.2030,0,-0.0228271484375,2,0.146484375,0,-0.0167694091796875,0,-0.03948974609375
43.2115,0,-0.1063232421875,2,0.146484375,0,0.0254364013671875,0,-0.1405029296875
43.2224,0,-0.1063232421875,-1,-0.796875,0,0.0254364013671875,0,-0.1405029296875
43.2308,0,0.1024169921875,-1,-0.796875,0,-0.017730712890625,0,0.112060546875
43.2429,0,0.1024169921875,0,-0.09326171875,0,-0.017730712890625,0,0.112060546875
43.2515,0,-0.05902099609375,0,-0.09326171875,0,-0.0209503173828125,0,-0.2099609375
43.2625,0,-0.05902099609375,0,0.479736328125,0,-0.0209503173828125,0,-0.2099609375
43.2731,0,0.0305633544921875,0,0.479736328125,0,-0.06695556640625,0,-0.04931640625
43.2845,0,0.0305633544921875,-1,-0.08026123046875,0,-0.06695556640625,0,-0.04931640625
43.2927,0,-0.043060302734375,-1,-0.08026123046875,0,0.047210693359375,0,-0.04931640625
43.3038,0,-0.043060302734375,0,-0.1041259765625,0,0.047210693359375,0,0.1165771484375
43.3121,0,-0.039764404296875,0,-0.1041259765625,0,0.05865478515625,0,0.07611083984375
43.3232,0,-0.039764404296875,0,0.23095703125,0,0.05865478515625,0,0.07611083984375
43.3316,0,0.053497314453125,0,0.23095703125,0,-0.040283203125,0,-0.018157958984375
43.3428,0,0.053497314453125,0,-0.0972900390625,0,-0.040283203125,0,-0.018157958984375
43.3525,0,-0.076904296875,0,-0.0972900390625,0,0.00949859619140625,0,-0.018157958984375
43.3623,0,-0.076904296875,0,0.391845703125,0,0.00949859619140625,0,-0.0316162109375
43.3733,0,-0.06536865234375,0,0.391845703125,0,0.0228271484375,0,-0.0316162109375
43.3821,0,-0.06536865234375,0,-0.552734375,0,0.0228271484375,0,0.09344482421875
43.3907,0,0.05474853515625,0,-0.552734375,0,-0.016448974609375,0,-0.09002685546875
43.4031,0,0.05474853515625,1,0.4951171875,0,-0.016448974609375,0,-0.09002685546875
43.4114,0,0.05511474609375,1,0.4951171875,0,0.0209503173828125,0,-0.09002685546875
43.4226,0,0.05511474609375,0,0.08233642578125,0,0.0209503173828125,0,-0.1923828125
43.4311,0,-0.10064697265625,0,0.08233642578125,0,-0.036285400390625,0,-0.1923828125
43.4430,0,-0.10064697265625,1,0.406982421875,0,-0.036285400390625,0,-0.2095947265625
43.4518,0,0.0650634765625,1,0.406982421875,0,0.0089569091796875,0,-0.07666015625
43.4625,0,0.0650634765625,0,0.379150390625,0,0.0089569091796875,0,-0.07666015625
43.4701,0,0.10540771484375,0,0.379150390625,0,-0.04150390625,0,0.1722412109375
43.4842,0,0.10540771484375,1,0.478759765625,0,-0.04150390625,0,0.1722412109375
43.4898,0,0.05389404296875,1,0.478759765625,0,-0.076416015625,0,0.139892578125
43.5023,0,0.05389404296875,0,0.44677734375,0,-0.076416015625,0,0.139892578125
43.5094,0,0.120849609375,0,0.44677734375,0,-0.0501708984375,0,0.1156005859375
43.5252,0,0.120849609375,0,0.28369140625,0,-0.0501708984375,0,0.1156005859375
43.5304,0,-0.12017822265625,0,0.28369140625,0,0.04595947265625,0,0.1156005859375
43.5447,0,-0.12017822265625,-1,0.263916015625,0,0.04595947265625,0,0.14892578125
43.5543,0,-0.0889892578125,-1,0.263916015625,0,-0.08795166015625,0,0.14892578125
43.5641,0,-0.0889892578125,-1,0.263916015625,0,-0.08795166015625,0,-0.04071044921875
43.5727,0,-0.04254150390625,0,0.46142578125,0,0.07568359375,0,-0.04071044921875
43.5836,0,-0.04254150390625,-1,0.062286376953125,0,0.07568359375,0,0.035797119140625
43.5929,0,-0.113037109375,-1,0.062286376953125,0,-0.08953857421875,0,0.035797119140625
43.6042,0,-0.113037109375,0,0.0235443115234375,0,-0.08953857421875,0,0.060516357421875
43.6125,0,0.131103515625,0,0.0235443115234375,0,0.0589599609375,0,0.060516357421875
43.6237,0,0.131103515625,0,0.0235443115234375,0,0.0589599609375,0,0.162109375
43.6304,0,-0.06280517578125,0,0.030914306640625,0,-0.0863037109375,0,0.162109375
43.6432,0,-0.06280517578125,0,0.030914306640625,0,-0.0863037109375,0,-0.0170745849609375
43.6518,0,0.01430511474609375,0,-0.9443359375,0,-0.0863037109375,0,-0.0170745849609375
43.6629,0,0.01430511474609375,0,-0.9443359375,0,0.035369873046875,0,0.1776123046875
43.6725,0,-0.018890380859375,1,0.55224609375,0,0.035369873046875,0,0.1776123046875
43.6833,0,-0.018890380859375,1,0.55224609375,0,-0.035369873046875,0,-0.243896484375
43.6925,0,0.0399169921875,0,0.36865234375,0,-0.035369873046875,0,-0.243896484375
43.7037,0,0.0399169921875,0,0.36865234375,0,-0.10400390625,0,0.0628662109375
43.7134,0,0.0399169921875,1,0.425537109375,0,-0.10400390625,0,0.0628662109375
43.7261,0,0.04522705078125,1,0.425537109375,0,0.09100341796875,0,-0.200439453125
43.7330,0,-0.10980224609375,0,0.416015625,0,0.09100341796875,0,-0.200439453125
43.7449,0,-0.10980224609375,0,0.416015625,0,-0.06494140625,0,-0.2147216796875
43.7543,0,0.0684814453125,1,0.12164306640625,0,-0.06494140625,0,-0.2147216796875
43.7645,0,0.0684814453125,1,0.12164306640625,0,-0.046173095703125,0,0.0482177734375
43.7732,0,0.0684814453125,0,0.454345703125,0,-0.046173095703125,0,0.0482177734375
43.7860,0,0.0748291015625,0,0.454345703125,0,-0.0849609375,0,0.0457763671875
43.7943,0,0.0748291015625,0,0.3056640625,0,-0.0849609375,0,0.0457763671875
43.8056,0,0.057952880859375,0,0.3056640625,0,-0.08953857421875,0,0.1429443359375
43.8140,0,0.057952880859375,2,0.4384765625,0,-0.08953857421875,0,0.1429443359375
43.8251,0,0.043853759765625,2,0.4384765625,0,-0.0665283203125,0,0.09576416015625
43.8338,0,0.043853759765625,0,0.0550537109375,0,-0.0665283203125,0,0.09576416015625
43.8457,0,0.05572509765625,0,0.0550537109375,0,-0.036102294921875,0,-0.07586669921875
43.8544,0,0.05572509765625,0,0.11572265625,0,-0.036102294921875,0,-0.07586669921875
43.8652,0,0.043212890625,0,0.11572265625,0,-0.039825439453125,0,-0.07586669921875
43.8746,0,0.043212890625,0,0.1954345703125,0,-0.039825439453125,0,-0.061767578125
43.8852,0,0.058135986328125,0,0.1954345703125,0,0.0124969482421875,0,-0.061767578125
43.8949,0,0.058135986328125,0,0.297119140625,0,0.0124969482421875,0,0.1378173828125
43.9047,0,0.06951904296875,0,0.297119140625,0,0.0914306640625,0,0.1732177734375
43.9142,0,0.06951904296875,0,0.515625,0,0.0914306640625,0,0.1732177734375
43.9243,0,-0.03472900390625,0,0.515625,0,-0.01462554931640625,0,0.1732177734375
43.9330,0,-0.03472900390625,3,0.351318359375,0,-0.01462554931640625,0,-0.11077880859375
43.9438,0,-0.06640625,3,0.351318359375,0,0.06671142578125,0,-0.11077880859375
43.9539,0,-0.06640625,0,0.1868896484375,0,0.06671142578125,0,0.1578369140625
43.9630,0,-0.1055908203125,0,0.1868896484375,0,-0.04876708984375,0,0.140869140625
43.9733,0,-0.1055908203125,0,0.468505859375,0,-0.04876708984375,0,0.140869140625
43.9841,0,-0.098876953125,0,0.468505859375,0,0.051727294921875,0,0.140869140625
43.9931,0,-0.098876953125,0,-0.296875,0,0.051727294921875,0,0.13720703125
44.0048,0,-0.1014404296875,0,-0.296875,0,0.0206756591796875,0,0.13720703125
44.0131,0,-0.1014404296875,0,-0.296875,0,0.0206756591796875,0,0.139404296875
44.0244,0,-0.11737060546875,0,0.30322265625,0,-0.050079345703125,0,0.139404296875
44.0327,0,-0.11737060546875,3,0.282958984375,0,-0.050079345703125,0,0.161865234375
44.0439,0,-0.05078125,3,0.282958984375,0,-0.050079345703125,0,0.161865234375
44.0526,0,-0.05078125,0,0.2958984375,0,-0.01314544677734375,0,0.06329345703125
44.0634,0,0.04266357421875,0,0.2958984375,0,-0.01314544677734375,0,0.06329345703125
44.0725,0,0.04266357421875,0,0.2958984375,0,-0.0621337890625,0,0.10760498046875
44.0832,0,-0.03558349609375,-4,-0.693359375,0,-0.00466156005859375,0,0.10760498046875
44.0922,0,-0.03558349609375,-4,-0.693359375,0,-0.00466156005859375,0,-0.216552734375
44.1027,0,0.046539306640625,0,0.11480712890625,0,-0.00466156005859375,0,-0.216552734375
44.1122,0,0.046539306640625,0,0.11480712890625,0,-0.0222625732421875,0,-0.095947265625
44.1225,0,0.07958984375,-2,-0.3740234375,0,-0.0222625732421875,0,-0.095947265625
44.1308,0,0.07958984375,-2,-0.3740234375,0,-0.0299530029296875,0,0.1680908203125
44.1429,0,-0.02386474609375,0,0.3955078125,0,-0.0299530029296875,0,0.1680908203125
44.1513,0,-0.02386474609375,0,0.3955078125,0,0.0325927734375,0,-0.1497802734375
44.1624,0,-0.12841796875,1,0.544921875,0,0.0325927734375,0,-0.1497802734375
44.1713,0,-0.12841796875,1,0.544921875,0,-0.0699462890625,0,0.168212890625
44.1823,0,0.0180511474609375,0,-0.10162353515625,0,-0.0699462890625,0,0.168212890625
44.1910,0,0.0180511474609375,0,-0.10162353515625,0,-0.03558349609375,0,0.023193359375
44.2024,0,0.09930419921875,-2,0.296875,0,-0.03558349609375,0,0.023193359375
44.2106,0,0.09930419921875,-2,0.296875,0,-0.042327880859375,0,-0.1392822265625
44.2224,0,0.0623779296875,-3,0.150146484375,0,0.06060791015625,0,-0.1392822265625
44.2310,0,0.0623779296875,-3,0.150146484375,0,0.06060791015625,0,0.1544189453125
44.2420,0,-0.0753173828125,0,-0.193603515625,0,0.06060791015625,0,0.1544189453125
44.2507,0,-0.0753173828125,0,-0.193603515625,0,-0.04632568359375,0,-0.2044677734375
44.2617,0,0.07000732421875,1,0.437255859375,0,-0.04632568359375,0,-0.2044677734375
44.2704,0,0.07000732421875,1,0.437255859375,0,-0.01551055908203125,0,-0.11065673828125
44.2845,0,0.07000732421875,1,0.42626953125,0,-0.01551055908203125,0,-0.11065673828125
44.2917,0,-0.09222412109375,1,0.42626953125,0,-0.018402099609375,0,-0.044586181640625
44.3029,0,-0.09222412109375,2,0.3544921875,0,-0.018402099609375,0,-0.044586181640625
44.3111,0,-0.02630615234375,2,0.3544921875,0,-0.052734375,0,0.140869140625
44.3225,0,-0.05389404296875,0,0.33984375,0,-0.052734375,0,0.140869140625
44.3304,0,-0.05389404296875,0,0.33984375,0,0.09063720703125,0,-0.057403564453125
44.3416,0,-0.05389404296875,0,-0.6953125,0,0.09063720703125,0,-0.057403564453125
44.3531,0,-0.11572265625,0,-0.6953125,0,0.002147674560546875,0,0.027130126953125
44.3611,0,0.043731689453125,0,0.51025390625,0,0.002147674560546875,0,0.027130126953125
44.3707,0,0.043731689453125,0,0.51025390625,0,-0.018890380859375,0,0.027130126953125
44.3818,0,0.109619140625,1,0.346435546875,0,-0.018890380859375,0,0.1575927734375
44.3907,0,0.109619140625,1,0.346435546875,0,-0.060302734375,0,-0.0017871856689453125
44.4014,0,0.109619140625,0,-0.5126953125,0,-0.060302734375,0,-0.0017871856689453125
44.4109,0,0.0618896484375,0,-0.5126953125,0,-0.07391357421875,0,0.1304931640625
44.4219,0,0.0618896484375,2,0.41748046875,0,-0.07391357421875,0,0.1304931640625
44.4317,0,0.06549072265625,2,0.41748046875,0,-0.03826904296875,0,0.1304931640625
44.4416,0,0.06549072265625,0,-0.27001953125,0,-0.03826904296875,0,0.141845703125
44.4510,0,-0.0308990478515625,0,-0.27001953125,0,0.04534912109375,0,0.141845703125
44.4619,0,-0.0308990478515625,1,0.408935546875,0,0.04534912109375,0,0.09661865234375
44.4723,0,-0.01087188720703125,1,0.408935546875,0,-0.055023193359375,0,0.09661865234375
44.4807,0,0.05841064453125,-2,-0.5751953125,0,-0.055023193359375,0,0.08282470703125
44.4915,0,0.05841064453125,-2,-0.5751953125,0,0.06890869140625,0,0.08282470703125
44.5051,0,0.05841064453125,-3,-1.0224609375,0,0.06890869140625,0,-0.1751708984375
44.5113,0,0.1522216796875,-3,-1.0224609375,0,0.01471710205078125,0,-0.1751708984375
44.5233,0,0.1522216796875,-3,-1.0224609375,0,0.01471710205078125,0,0.14794921875
44.5311,0,-0.07708740234375,0,-0.59814453125,0,-0.0902099609375,0,0.14794921875
44.5441,0,-0.07708740234375,0,-0.59814453125,0,-0.0902099609375,0,-0.1295166015625
44.5527,0,-0.10321044921875,0,-0.347900390625,0,-0.09033203125,0,-0.1295166015625
44.5640,0,-0.10321044921875,0,0.42529296875,0,-0.09033203125,0,0.1229248046875
44.5726,0,-0.058258056640625,0,0.42529296875,0,0.06494140625,0,0.1229248046875
44.5833,0,-0.058258056640625,0,0.42529296875,0,0.06494140625,0,-0.0059051513671875
44.5924,0,-0.0845947265625,0,0.10821533203125,0,-0.062744140625,0,-0.0059051513671875
44.6036,0,-0.0845947265625,0,0.10821533203125,0,-0.062744140625,0,0.02667236328125
44.6109,0,-0.045318603515625,-1,-0.3583984375,0,-0.07415771484375,0,0.02667236328125
44.6233,0,-0.045318603515625,-1,-0.3583984375,0,-0.07415771484375,0,0.13623046875
44.6305,0,-0.06280517578125,1,0.448974609375,0,-0.08074951171875,0,0.13623046875
44.6417,0,-0.06280517578125,0,-0.04705810546875,0,-0.08074951171875,0,-0.2105712890625
44.6523,0,-0.0860595703125,0,-0.04705810546875,0,-0.08074951171875,0,-0.2105712890625
44.6630,0,-0.0860595703125,1,0.153076171875,0,-0.0909423828125,0,-0.12384033203125
44.6726,0,0.045562744140625,1,0.153076171875,0,-0.0909423828125,0,-0.12384033203125
44.6830,0,0.045562744140625,1,0.153076171875,0,0.0212249755859375,0,0.09649658203125
44.6962,0,0.037353515625,0,0.1646728515625,0,0.0212249755859375,0,0.09649658203125
44.7061,0,0.037353515625,0,0.1646728515625,0,-0.060028076171875,0,0.09521484375
44.7141,0,0.018646240234375,1,0.51025390625,0,-0.060028076171875,0,0.09521484375
44.7265,0,0.018646240234375,1,0.51025390625,0,0.056854248046875,0,0.12347412109375
44.7348,0,0.0303497314453125,-1,-0.30712890625,0,0.056854248046875,0,0.12347412109375
44.7462,0,0.0303497314453125,-1,-0.30712890625,0,-0.0142364501953125,0,0.0650634765625
44.7582,0,-0.1075439453125,0,-0.109375,0,-0.0142364501953125,0,0.0650634765625
44.7664,0,-0.1075439453125,0,-0.109375,0,-0.047027587890625,0,-0.1668701171875
44.7751,0,-0.1044921875,0,0.48193359375,0,-0.047027587890625,0,-0.1668701171875
44.7863,0,-0.1044921875,0,0.48193359375,0,-0.085693359375,0,0.143798828125
44.7961,0,-0.1158447265625,-4,-0.75341796875,0,-0.085693359375,0,0.143798828125
44.8083,0,-0.1158447265625,-4,-0.75341796875,0,-0.04498291015625,0,-0.0631103515625
44.8168,0,-0.0247039794921875,0,-0.61767578125,0,-0.04498291015625,0,-0.0631103515625
44.8272,0,-0.0247039794921875,0,-0.61767578125,0,-0.0204925537109375,0,-0.234619140625
44.8364,0,0.039520263671875,-3,-0.66455078125,0,-0.0204925537109375,0,-0.234619140625
44.8467,0,0.039520263671875,-3,-0.66455078125,0,0.06475830078125,0,-0.12359619140625
44.8557,0,0.039520263671875,-3,-0.10955810546875,0,0.06475830078125,0,-0.12359619140625
44.8663,0,-0.10711669921875,-3,-0.10955810546875,0,-0.04376220703125,0,0.1407470703125
44.8748,0,-0.10711669921875,1,0.58935546875,0,-0.04376220703125,0,0.1407470703125
44.8860,0,-0.0222015380859375,1,0.58935546875,0,0.044952392578125,0,-0.16455078125
44.8944,0,0.046783447265625,2,0.385986328125,0,0.044952392578125,0,-0.16455078125
44.9058,0,0.046783447265625,2,0.385986328125,0,-0.04974365234375,0,0.12408447265625
44.9138,0,0.046783447265625,-1,-0.97119140625,0,-0.04974365234375,0,0.12408447265625
44.9250,0,-0.026824951171875,-1,-0.97119140625,0,-0.06561279296875,0,-0.063232421875
44.9334,0,-0.026824951171875,-1,-0.1944580078125,0,-0.06561279296875,0,-0.063232421875
44.9436,0,-0.1058349609375,-1,-0.1944580078125,0,-0.01910400390625,0,-0.1036376953125
44.9545,0,-0.1058349609375,0,-0.190185546875,0,-0.01910400390625,0,-0.1036376953125
44.9652,0,-0.0804443359375,0,-0.190185546875,0,-0.011566162109375,0,0.0963134765625
44.9740,0,-0.0804443359375,0,0.403564453125,0,-0.011566162109375,0,0.0963134765625
44.9835,0,-0.006500244140625,0,0.403564453125,0,0.049652099609375,0,-0.194580078125
44.9965,0,-0.006500244140625,0,-0.48681640625,0,0.049652099609375,0,-0.194580078125
45.0075,0,-0.038421630859375,0,-0.48681640625,0,0.049652099609375,0,-0.194580078125
45.0137,0,-0.038421630859375,0,0.313232421875,0,0.0092926025390625,0,0.096435546875
45.0250,0,0.039764404296875,0,0.313232421875,0,0.0092926025390625,0,0.096435546875
45.0338,0,0.039764404296875,0,0.40087890625,0,-0.010711669921875,0,0.125244140625
45.0456,0,-0.0280609130859375,0,0.40087890625,0,0.07952880859375,0,0.125244140625
45.0595,0,-0.0280609130859375,0,-0.09588623046875,0,0.07952880859375,0,0.038665771484375
45.0662,0,-0.11895751953125,0,-0.09588623046875,0,0.07952880859375,0,0.038665771484375
45.0748,0,-0.11895751953125,0,-0.2318115234375,0,-0.01418304443359375,0,0.08306884765625
45.0869,0,0.0309600830078125,0,-0.2318115234375,0,0.0631103515625,0,-0.053192138671875
45.0943,0,0.0309600830078125,-1,-0.93359375,0,0.0631103515625,0,-0.053192138671875
45.1053,0,0.07806396484375,-1,-0.93359375,0,0.0631103515625,0,-0.053192138671875
45.1140,0,0.07806396484375,0,0.05364990234375,0,-0.0305023193359375,0,0.0914306640625
45.1254,0,0.051605224609375,0,0.05364990234375,0,-0.0305023193359375,0,0.0914306640625
45.1338,0,0.051605224609375,0,0.2205810546875,0,-0.042755126953125,0,-0.18505859375
45.1450,0,-0.1697998046875,0,0.2205810546875,0,-0.042755126953125,0,-0.18505859375
45.1542,0,-0.1697998046875,0,0.2205810546875,0,-0.11956787109375,0,0.10357666015625
45.1652,0,-0.032806396484375,0,-0.135009765625,0,-0.11956787109375,0,0.10357666015625
45.1732,0,-0.032806396484375,0,0.33349609375,0,-0.0465087890625,0,-0.12152099609375
45.1847,0,-0.0535888671875,0,0.33349609375,0,-0.0465087890625,0,-0.12152099609375
45.1928,0,-0.0535888671875,0,0.55810546875,0,-0.07110595703125,0,-0.035064697265625
45.2037,0,0.0684814453125,0,0.55810546875,0,-0.07110595703125,0,-0.035064697265625
45.2152,0,0.0684814453125,0,0.55810546875,0,0.1046142578125,0,0.11553955078125
45.2247,0,0.0101470947265625,0,-0.6787109375,0,0.1046142578125,0,0.11553955078125
45.2321,0,0.0101470947265625,0,-0.6787109375,0,-0.01395416259765625,0,0.12078857421875
45.2431,0,-0.1009521484375,0,0.59130859375,0,-0.01395416259765625,0,0.12078857421875
45.2525,0,-0.1009521484375,0,0.59130859375,0,0.018463134765625,0,0.142333984375
45.2633,0,0.09173583984375,0,-0.0689697265625,0,0.018463134765625,0,0.142333984375
45.2722,0,0.09173583984375,0,-0.0689697265625,0,-0.0302581787109375,0,-0.102294921875
45.2828,0,-0.106201171875,-1,-0.51416015625,0,-0.0302581787109375,0,-0.102294921875
45.2932,0,-0.106201171875,-1,-0.51416015625,0,-0.0323486328125,0,-0.06964111328125
45.3041,0,-0.11370849609375,0,-0.404296875,0,-0.0323486328125,0,-0.06964111328125
45.3127,0,-0.11370849609375,0,-0.404296875,0,0.0985107421875,0,0.1768798828125
45.3254,0,0.022247314453125,0,0.160888671875,0,0.0985107421875,0,0.1768798828125
45.3323,0,0.022247314453125,0,0.160888671875,0,-0.02020263671875,0,-0.210205078125
45.3432,0,-0.0697021484375,0,0.4453125,0,-0.02020263671875,0,-0.210205078125
45.3523,0,-0.0697021484375,0,0.4453125,0,-0.03106689453125,0,-0.1361083984375
45.3637,0,-0.0697021484375,0,0.022186279296875,0,-0.03106689453125,0,-0.1361083984375
45.3737,0,-0.0797119140625,0,0.022186279296875,0,-0.0188140869140625,0,-0.2132568359375
45.3835,0,-0.150146484375,-1,-0.85009765625,0,-0.0188140869140625,0,-0.2132568359375
45.3920,0,-0.150146484375,-1,-0.85009765625,0,-0.0221099853515625,0,-0.2410888671875
45.4030,0,-0.08660888671875,0,-0.6728515625,0,-0.0221099853515625,0,-0.2410888671875
45.4151,0,-0.08660888671875,0,-0.6728515625,0,-0.0146484375,0,-0.10955810546875
45.4234,0,-0.08660888671875,1,0.278076171875,0,-0.0146484375,0,-0.10955810546875
45.4317,0,-0.0936279296875,1,0.278076171875,0,0.10980224609375,0,0.1357421875
45.4419,0,0.021942138671875,0,0.1268310546875,0,0.10980224609375,0,0.1357421875
45.4514,0,0.021942138671875,0,0.1268310546875,0,-0.06671142578125,0,0.1357421875
45.4623,0,0.021942138671875,0,-0.2215576171875,0,-0.06671142578125,0,0.1158447265625
45.4714,0,0.043487548828125,0,-0.2215576171875,0,-0.0177459716796875,0,0.1158447265625
45.4818,0,0.043487548828125,0,0.4033203125,0,-0.0177459716796875,0,-0.03167724609375
45.4912,0,-0.040679931640625,0,0.4033203125,0,-0.048492431640625,0,0.171875
45.5020,0,-0.040679931640625,1,0.05584716796875,0,-0.048492431640625,0,0.171875
45.5106,0,-0.06475830078125,1,0.05584716796875,0,0.043975830078125,0,0.171875
45.5216,0,-0.06475830078125,0,-0.4775390625,0,0.043975830078125,0,0.09326171875
45.5307,0,-0.09771728515625,0,-0.4775390625,0,0.015716552734375,0,0.09326171875
45.5435,0,-0.09771728515625,-1,0.184326171875,0,0.015716552734375,0,0.12353515625
45.5523,0,0.04486083984375,-1,0.184326171875,0,-0.047515869140625,0,0.12353515625
45.5641,0,0.04486083984375,0,0.03173828125,0,-0.047515869140625,0,-0.033355712890625
45.5725,0,0.032989501953125,0,0.03173828125,0,-0.047515869140625,0,-0.033355712890625
45.5841,0,0.032989501953125,0,-1.029296875,0,-0.022979736328125,0,0.1390380859375
45.5937,0,0.033660888671875,0,-1.029296875,0,-0.022979736328125,0,0.1390380859375
45.6043,0,0.033660888671875,0,-0.314453125,0,0.0106048583984375,0,0.08917236328125
45.6133,0,0.040771484375,0,-0.314453125,0,-0.01080322265625,0,0.08917236328125
45.6246,0,0.040771484375,0,-0.305908203125,0,-0.01080322265625,0,0.17236328125
45.6329,0,-0.059295654296875,0,-0.305908203125,0,-0.01080322265625,0,0.17236328125
45.6439,0,-0.059295654296875,0,-0.1739501953125,0,-0.022430419921875,0,0.10845947265625
45.6525,0,0.06390380859375,0,-0.1739501953125,0,-0.022430419921875,0,0.10845947265625
45.6634,0,0.06390380859375,0,0.2308349609375,0,-0.059478759765625,0,-0.04266357421875
45.6732,0,-0.093994140625,0,0.2308349609375,0,-0.059478759765625,0,-0.04266357421875
45.6828,0,-0.093994140625,0,0.48779296875,0,-0.06536865234375,0,0.07342529296875
45.6931,0,0.09136962890625,0,0.48779296875,0,-0.06536865234375,0,0.07342529296875
45.7046,0,0.09136962890625,0,-0.4501953125,0,-0.04888916015625,0,-0.0660400390625
45.7127,0,0.07208251953125,0,-0.4501953125,0,0.010833740234375,0,-0.0660400390625
45.7254,0,0.07208251953125,0,-0.4501953125,0,0.010833740234375,0,-0.153564453125
45.7346,0,-0.023712158203125,0,0.26025390625,0,0.010833740234375,0,-0.153564453125
45.7460,0,-0.023712158203125,0,0.5205078125,0,0.06024169921875,0,0.021087646484375
45.7546,0,-0.1026611328125,0,0.5205078125,0,0.06024169921875,0,0.021087646484375
45.7655,0,-0.1026611328125,0,0.5205078125,0,-0.07208251953125,0,0.0323486328125
45.7747,0,0.068115234375,0,-0.7177734375,0,-0.07208251953125,0,0.0323486328125
45.7854,0,0.068115234375,0,-0.7177734375,0,-0.044036865234375,0,0.15771484375
45.7939,0,-0.1324462890625,0,0.0222320556640625,0,-0.044036865234375,0,0.15771484375
45.8064,0,-0.1324462890625,0,0.0222320556640625,0,-0.057281494140625,0,-0.200439453125
45.8150,0,-0.1324462890625,0,0.404296875,0,-0.057281494140625,0,-0.200439453125
45.8264,0,0.0270233154296875,0,0.404296875,0,-0.039581298828125,0,-0.051055908203125
45.8334,0,-0.104736328125,0,-0.5830078125,0,-0.039581298828125,0,-0.051055908203125
45.8456,0,-0.104736328125,0,-0.5830078125,0,0.07366943359375,0,0.165771484375
45.8562,0,0.0609130859375,0,0.4208984375,0,0.07366943359375,0,0.165771484375
45.8659,0,0.0609130859375,0,0.4208984375,0,-0.0941162109375,0,0.13330078125
45.8759,0,0.0609130859375,1,0.246826171875,0,-0.0941162109375,0,0.13330078125
45.8856,0,-0.11700439453125,1,0.246826171875,0,0.01296234130859375,0,0.12176513671875
45.8940,0,-0.11700439453125,0,-0.09320068359375,0,0.01296234130859375,0,0.12176513671875
45.9076,0,-0.12127685546875,0,-0.09320068359375,0,0.01934814453125,0,0.12176513671875
45.9135,0,-0.12127685546875,0,0.462158203125,0,0.01934814453125,0,0.15478515625
45.9263,0,-0.114990234375,0,0.462158203125,0,-0.035430908203125,0,0.15478515625
45.9335,0,-0.114990234375,0,0.31591796875,0,-0.035430908203125,0,0.052520751953125
45.9442,0,0.11871337890625,0,0.31591796875,0,0.0295257568359375,0,0.052520751953125
45.9560,0,-0.10687255859375,1,0.6005859375,0,0.0295257568359375,0,0.1474609375
45.9640,0,-0.10687255859375,1,0.6005859375,0,0.06549072265625,0,0.148193359375
45.9755,0,-0.10687255859375,0,-0.6240234375,0,0.06549072265625,0,0.148193359375
45.9854,0,0.06524658203125,0,-0.6240234375,0,-0.03277587890625,0,0.148193359375
45.9962,0,0.0496826171875,0,-0.3076171875,0,-0.03277587890625,0,-0.0667724609375
46.0060,0,0.0496826171875,0,-0.3076171875,0,-0.049591064453125,0,-0.0667724609375
46.0142,0,0.0496826171875,0,0.223876953125,0,-0.049591064453125,0,0.05859375
46.0252,0,0.0789794921875,0,0.223876953125,0,0.0369873046875,0,0.05859375
46.0350,0,0.0789794921875,0,0.394287109375,0,0.0369873046875,0,0.0841064453125
46.0445,0,0.0195465087890625,0,0.394287109375,0,-0.04583740234375,0,0.0841064453125
46.0532,0,0.0195465087890625,0,0.394287109375,0,-0.04583740234375,0,-0.133056640625
46.0643,0,-0.039031982421875,0,0.343505859375,0,0.03607177734375,0,-0.133056640625
46.0743,0,-0.039031982421875,0,0.5224609375,0,0.03607177734375,0,-0.08892822265625
46.0839,0,0.0130157470703125,0,0.5224609375,0,-0.08203125,0,-0.08892822265625
46.0928,0,0.0130157470703125,0,0.5224609375,0,-0.08203125,0,-0.281494140625
46.1033,0,-0.11273193359375,0,-0.31396484375,0,-0.048248291015625,0,-0.281494140625
46.1118,0,-0.11273193359375,0,-0.31396484375,0,-0.048248291015625,0,-0.21533203125
46.1240,0,0.09295654296875,-1,-1.1103515625,0,-0.07098388671875,0,-0.21533203125
46.1315,0,0.09295654296875,-1,-1.1103515625,0,-0.07098388671875,0,-0.07489013671875
46.1439,0,0.09295654296875,-2,0.321533203125,0,-0.05645751953125,0,-0.07489013671875
46.1544,0,0.057952880859375,-2,0.321533203125,0,-0.05645751953125,0,0.1026611328125
46.1633,0,-0.06329345703125,0,0.435302734375,0,0.0528564453125,0,0.1026611328125
46.1723,0,-0.06329345703125,0,0.435302734375,0,0.0528564453125,0,-0.10528564453125
46.1822,0,-0.045867919921875,1,0.280029296875,0,-0.09625244140625,0,-0.10528564453125
46.1916,0,-0.045867919921875,1,0.280029296875,0,-0.09625244140625,0,-0.08306884765625
46.2036,0,-0.045867919921875,-1,-0.371826171875,0,-0.09625244140625,0,-0.08306884765625
46.2123,0,0.03375244140625,-1,-0.371826171875,0,-0.01177215576171875,0,-0.07415771484375
46.2238,0,0.03375244140625,-3,-1.0078125,0,-0.01177215576171875,0,-0.07415771484375
46.2316,0,0.032440185546875,-3,-1.0078125,0,-0.01568603515625,0,0.1715087890625
46.2428,0,0.032440185546875,0,-0.25244140625,0,0.05322265625,0,0.1715087890625
46.2517,0,0.10223388671875,0,-0.25244140625,0,0.05322265625,0,-0.08331298828125
46.2633,0,0.10223388671875,1,0.379638671875,0,0.05322265625,0,-0.08331298828125
46.2722,0,-0.07318115234375,1,0.379638671875,0,-0.08148193359375,0,0.03302001953125
46.2829,0,-0.07318115234375,0,-0.50634765625,0,-0.08148193359375,0,0.03302001953125
46.2917,0,-0.07080078125,0,-0.50634765625,0,0.0294647216796875,0,0.03302001953125
46.3025,0,-0.07080078125,0,0.327392578125,0,0.0294647216796875,0,0.11053466796875
46.3124,0,-0.1318359375,0,0.327392578125,0,-0.042999267578125,0,0.11053466796875
46.3238,0,-0.1318359375,0,0.28466796875,0,-0.042999267578125,0,-0.05596923828125
46.3322,0,0.04547119140625,0,0.28466796875,0,0.0110321044921875,0,0.04901123046875
46.3435,0,0.04547119140625,0,0.1318359375,0,-0.06707763671875,0,0.04901123046875
46.3525,0,0.03369140625,0,0.1318359375,0,-0.06707763671875,0,0.04901123046875
46.3635,0,0.03369140625,0,-0.036102294921875,0,-0.06707763671875,0,-0.17529296875
46.3721,0,-0.06671142578125,0,-0.036102294921875,0,-0.0521240234375,0,-0.17529296875
46.3831,0,-0.06671142578125,0,0.455322265625,0,-0.0521240234375,0,-0.1864013671875
46.3921,0,-0.08489990234375,0,0.455322265625,0,-0.0262298583984375,0,-0.1864013671875
46.4059,0,-0.08489990234375,0,0.30517578125,0,-0.0262298583984375,0,0.06549072265625
46.4110,0,-0.1026611328125,0,0.30517578125,0,0.037811279296875,0,0.06549072265625
46.4223,0,-0.1026611328125,0,0.055023193359375,0,0.037811279296875,0,-0.1279296875
46.4332,0,0.0150604248046875,0,0.055023193359375,0,-0.046417236328125,0,-0.1279296875
46.4434,0,0.0150604248046875,0,0.4150390625,0,-0.046417236328125,0,-0.1300048828125
46.4506,0,0.035980224609375,0,0.4150390625,0,-0.0280609130859375,0,-0.1300048828125
46.4626,0,0.035980224609375,0,-0.153564453125,0,-0.0280609130859375,0,0.0997314453125
46.4715,0,-0.04254150390625,0,-0.153564453125,0,-0.0253448486328125,0,0.0997314453125
46.4825,0,-0.04254150390625,0,0.056549072265625,0,-0.0253448486328125,0,0.12841796875
46.4922,0,-0.010345458984375,0,0.056549072265625,0,-0.09832763671875,0,0.12841796875
46.5019,0,-0.010345458984375,0,0.056549072265625,0,-0.09832763671875,0,-0.154052734375
46.5106,0,0.0271148681640625,0,-0.58447265625,0,0.055755615234375,0,-0.154052734375
46.5235,0,0.0271148681640625,1,0.3505859375,0,0.055755615234375,0,-0.048858642578125
46.5293,0,0.080078125,1,0.3505859375,0,-0.0362548828125,0,-0.048858642578125
46.5436,0,0.080078125,0,-0.2408447265625,0,-0.0362548828125,0,-0.28271484375
46.5525,0,0.080078125,0,-0.2408447265625,0,0.059112548828125,0,-0.28271484375
46.5641,0,-0.030120849609375,0,-0.2408447265625,0,0.059112548828125,0,-0.0791015625
46.5727,0,0.0251922607421875,0,-0.291015625,0,-0.0831298828125,0,-0.0791015625
46.5834,0,0.0251922607421875,0,-0.291015625,0,-0.0831298828125,0,-0.20458984375
46.5926,0,0.0251922607421875,0,0.5458984375,0,-0.07403564453125,0,-0.20458984375
46.6037,0,0.052398681640625,0,0.5458984375,0,-0.07403564453125,0,-0.07171630859375
46.6123,0,0.052398681640625,0,0.39990234375,0,-0.0316162109375,0,-0.07171630859375
46.6247,0,-0.1551513671875,0,0.39990234375,0,-0.0316162109375,0,0.1397705078125
46.6315,0,-0.1551513671875,2,0.3203125,0,-0.0633544921875,0,0.1397705078125
46.6427,0,0.10052490234375,2,0.3203125,0,-0.0633544921875,0,-0.0958251953125
46.6513,0,0.10052490234375,3,-0.11700439453125,0,0.0367431640625,0,-0.0958251953125
46.6626,0,-0.040496826171875,3,-0.11700439453125,0,0.0367431640625,0,0.1690673828125
46.6753,0,-0.040496826171875,-3,-0.57861328125,0,-0.031707763671875,0,0.1690673828125
46.6826,0,0.0196990966796875,-3,-0.57861328125,0,-0.031707763671875,0,-0.25341796875
46.6931,0,0.0196990966796875,-4,0.35107421875,0,-0.058319091796875,0,-0.25341796875
46.7036,0,0.060882568359375,-4,0.35107421875,0,-0.058319091796875,0,0.1707763671875
46.7130,0,0.060882568359375,-2,-0.0640869140625,0,-0.0081939697265625,0,0.1707763671875
46.7257,0,-0.10797119140625,-2,-0.0640869140625,0,-0.0081939697265625,0,0.117431640625
46.7335,0,-0.10797119140625,0,0.26806640625,0,-0.0081939697265625,0,0.117431640625
46.7447,0,0.0924072265625,0,0.26806640625,0,0.0203094482421875,0,0.146728515625
46.7543,0,0.0924072265625,0,0.1083984375,0,-0.0265045166015625,0,0.146728515625
46.7650,0,0.0731201171875,0,0.1083984375,0,-0.0265045166015625,0,-0.10455322265625
46.7752,0,0.0731201171875,0,0.037445068359375,0,-0.0265045166015625,0,-0.10455322265625
46.7862,0,0.0728759765625,0,0.037445068359375,0,-0.039276123046875,0,0.132080078125
46.7941,0,0.0728759765625,0,0.2802734375,0,-0.039276123046875,0,0.132080078125
46.8064,0,0.0254669189453125,0,0.2802734375,0,-0.1163330078125,0,0.132080078125
46.8153,0,0.0254669189453125,0,-1.021484375,0,-0.1163330078125,0,-0.1597900390625
46.8268,0,-0.0673828125,0,-1.021484375,0,-0.02099609375,0,-0.1597900390625
46.8340,0,-0.0673828125,0,-0.72021484375,0,-0.02099609375,0,0.1339111328125
46.8461,0,-0.029144287109375,0,-0.72021484375,0,-0.07904052734375,0,0.1339111328125
46.8551,0,-0.029144287109375,0,-0.16015625,0,-0.07904052734375,0,0.0200347900390625
46.8654,0,-0.168212890625,0,-0.16015625,0,-0.039520263671875,0,0.1240234375
46.8751,0,-0.168212890625,0,-0.58642578125,0,-0.039520263671875,0,0.1240234375
46.8852,0,-0.171142578125,0,-0.58642578125,0,0.02996826171875,0,-0.178955078125
46.8946,0,-0.171142578125,0,-0.61865234375,0,0.02996826171875,0,-0.178955078125
46.9064,0,-0.0218658447265625,0,-0.61865234375,0,-0.0335693359375,0,-0.178955078125
46.9140,0,-0.0218658447265625,0,-0.61865234375,0,-0.0335693359375,0,0.1507568359375
46.9267,0,0.044097900390625,0,0.4462890625,0,-0.082763671875,0,0.1507568359375
46.9340,0,0.044097900390625,0,0.4462890625,0,-0.082763671875,0,0.06085205078125
46.9448,0,-0.0704345703125,0,-0.07110595703125,0,-0.09503173828125,0,0.06085205078125
46.9535,0,-0.0704345703125,0,-0.07110595703125,0,-0.09503173828125,0,-0.2264404296875
46.9644,0,-0.08685302734375,-1,-0.07220458984375,0,-0.0245208740234375,0,-0.2264404296875
46.9734,0,-0.08685302734375,-1,-0.07220458984375,0,-0.0245208740234375,0,-0.07989501953125
46.9841,0,0.06536865234375,0,-0.053253173828125,0,-0.047332763671875,0,-0.07989501953125
46.9933,0,0.06536865234375,0,-0.053253173828125,0,-0.047332763671875,0,0.043212890625
47.0052,0,-0.1192626953125,0,-1.1083984375,0,-0.00689697265625,0,0.043212890625
47.0134,0,-0.1192626953125,0,-1.1083984375,0,-0.00689697265625,0,-0.173583984375
47.0249,0,0.078125,0,0.360107421875,0,-0.088134765625,0,-0.173583984375
47.0332,0,0.078125,0,0.360107421875,0,-0.088134765625,0,0.1414794921875
47.0442,0,0.078125,0,-0.288330078125,0,-0.07916259765625,0,0.1414794921875
47.0529,0,0.047760009765625,0,-0.288330078125,0,-0.07916259765625,0,-0.09881591796875
47.0639,0,0.047760009765625,0,0.09649658203125,0,0.069091796875,0,-0.09881591796875
47.0725,0,-0.071533203125,0,0.09649658203125,0,0.069091796875,0,-0.0970458984375
47.0831,0,-0.071533203125,1,0.406982421875,0,-0.023651123046875,0,-0.0970458984375
47.0944,0,-0.060089111328125,1,0.406982421875,0,-0.023651123046875,0,-0.08697509765625
47.1028,0,-0.060089111328125,1,0.07208251953125,0,-0.023651123046875,0,-0.08697509765625
47.1116,0,-0.1461181640625,1,0.07208251953125,0,0.0333251953125,0,-0.12152099609375
47.1234,0,-0.01551055908203125,0,0.56591796875,0,-0.0274658203125,0,-0.12152099609375
47.1310,0,-0.01551055908203125,0,0.56591796875,0,-0.0274658203125,0,-0.17822265625
47.1425,0,-0.01551055908203125,0,0.42578125,0,-0.0092315673828125,0,-0.17822265625
47.1506,0,-0.0322265625,0,0.42578125,0,-0.0092315673828125,0,-0.1766357421875
47.1629,0,-0.0322265625,0,0.35205078125,0,-0.0092315673828125,0,-0.1766357421875
47.1711,0,0.036895751953125,0,0.35205078125,0,0.0298614501953125,0,-0.08740234375
47.1821,0,0.036895751953125,2,0.5986328125,0,0.0298614501953125,0,-0.08740234375
47.1933,0,-0.060516357421875,2,0.5986328125,0,-0.0234527587890625,0,-0.08740234375
47.2016,0,-0.060516357421875,0,0.1260986328125,0,-0.0234527587890625,0,0.1380615234375
47.2115,0,0.03857421875,0,0.1260986328125,0,-0.037353515625,0,-0.02264404296875
47.2216,0,0.03857421875,0,0.0872802734375,0,-0.037353515625,0,-0.02264404296875
47.2308,0,0.0109710693359375,0,0.0872802734375,0,-0.06475830078125,0,-0.1514892578125
47.2435,0,0.0109710693359375,0,0.51171875,0,-0.06475830078125,0,-0.1514892578125
47.2505,0,0.0869140625,0,0.51171875,0,0.050933837890625,0,-0.043487548828125
47.2642,0,0.0869140625,2,0.383544921875,0,0.050933837890625,0,-0.043487548828125
47.2711,0,0.039520263671875,2,0.383544921875,0,-0.0204620361328125,0,-0.043487548828125
47.2826,0,0.039520263671875,0,-0.67529296875,0,-0.0204620361328125,0,0.1376953125
47.2931,0,-0.05657958984375,0,-0.67529296875,0,0.06610107421875,0,-0.0841064453125
47.3025,0,-0.05657958984375,0,0.1932373046875,0,0.06610107421875,0,-0.0841064453125
47.3108,0,-0.12493896484375,0,0.1932373046875,0,0.022491455078125,0,-0.0841064453125
47.3232,0,-0.12493896484375,0,-0.373291015625,0,0.022491455078125,0,0.152099609375
47.3318,0,-0.0694580078125,0,-0.373291015625,0,0.0295257568359375,0,0.152099609375
47.3431,0,-0.0694580078125,0,-0.373291015625,0,0.0295257568359375,0,-0.07568359375
47.3512,0,-0.0270538330078125,0,0.432373046875,0,0.035369873046875,0,-0.07568359375
47.3632,0,-0.0270538330078125,0,0.432373046875,0,0.035369873046875,0,0.17236328125
47.3724,0,0.043212890625,1,0.253662109375,0,-0.06329345703125,0,0.17236328125
47.3828,0,0.043212890625,1,0.253662109375,0,-0.06329345703125,0,-0.1072998046875
47.3914,0,-0.0274200439453125,0,0.366943359375,0,0.078125,0,-0.1072998046875
47.4024,0,-0.0274200439453125,0,0.366943359375,0,0.078125,0,-0.06268310546875
47.4111,0,-0.03277587890625,0,-0.8876953125,0,-0.03070068359375,0,-0.06268310546875
47.4224,0,-0.03277587890625,0,-0.8876953125,0,-0.03070068359375,0,0.10986328125
47.4307,0,0.088623046875,0,0.403564453125,0,-0.024810791015625,0,0.10986328125
47.4420,0,0.088623046875,0,0.403564453125,0,-0.024810791015625,0,-0.162353515625
47.4504,0,-0.1409912109375,-1,-1.126953125,0,-0.0253143310546875,0,-0.162353515625
47.4620,0,-0.1409912109375,-1,-1.126953125,0,-0.0253143310546875,0,0.1505126953125
47.4710,0,-0.054718017578125,0,-0.08062744140625,0,-0.0149078369140625,0,0.1505126953125
47.4818,0,-0.054718017578125,0,-0.08062744140625,0,-0.0149078369140625,0,0.045013427734375
47.4931,0,-0.07037353515625,0,0.47314453125,0,-0.04547119140625,0,0.045013427734375
47.5014,0,-0.07037353515625,0,0.47314453125,0,-0.04547119140625,0,0.006946563720703125
47.5104,0,0.07476806640625,0,-0.0762939453125,0,-0.03594970703125,0,0.006946563720703125
47.5214,0,0.07476806640625,0,-0.0762939453125,0,-0.03594970703125,0,0.057281494140625
47.5300,0,0.0263824462890625,-1,-0.20166015625,0,-0.0140533447265625,0,0.057281494140625
47.5443,0,0.0263824462890625,-1,-0.20166015625,0,-0.0140533447265625,0,0.078369140625
47.5523,0,0.0263824462890625,-3,0.40283203125,0,-0.0740966796875,0,0.078369140625
47.5635,0,-0.04083251953125,-3,0.40283203125,0,-0.0740966796875,0,0.1514892578125
47.5722,0,-0.04083251953125,-3,-0.75,0,-0.046783447265625,0,0.1514892578125
47.5834,0,0.09552001953125,-3,-0.75,0,-0.046783447265625,0,-0.062286376953125
47.5923,0,0.09552001953125,-3,0.1578369140625,0,-0.06939697265625,0,-0.062286376953125
47.6033,0,0.08843994140625,-3,0.1578369140625,0,-0.06939697265625,0,0.034881591796875
47.6120,0,0.08843994140625,0,0.38525390625,0,-0.06939697265625,0,0.034881591796875
47.6233,0,0.061492919921875,0,0.38525390625,0,-0.016021728515625,0,0.168701171875
47.6317,0,0.061492919921875,1,0.429931640625,0,-0.016021728515625,0,0.168701171875
47.6436,0,0.06658935546875,1,0.429931640625,0,-0.03485107421875,0,-0.0634765625
47.6515,0,0.06658935546875,0,0.334228515625,0,-0.07684326171875,0,-0.0634765625
47.6625,0,-0.091552734375,0,0.334228515625,0,-0.07684326171875,0,0.131591796875
47.6722,0,-0.091552734375,-2,-0.52783203125,0,-0.07684326171875,0,0.131591796875
47.6832,0,-0.044769287109375,-2,-0.52783203125,0,-0.0104217529296875,0,-0.1302490234375
47.6919,0,-0.044769287109375,0,0.300048828125,0,-0.0104217529296875,0,-0.1302490234375
47.7029,0,-0.082275390625,0,0.300048828125,0,-0.039031982421875,0,-0.1302490234375
47.7121,0,-0.082275390625,1,0.51806640625,0,-0.039031982421875,0,0.10052490234375
47.7239,0,0.052032470703125,1,0.51806640625,0,-0.09588623046875,0,0.13818359375
47.7328,0,0.052032470703125,-1,0.06488037109375,0,-0.09588623046875,0,0.13818359375
47.7442,0,-0.050994873046875,-1,0.06488037109375,0,-0.0340576171875,0,0.091796875
47.7527,0,-0.050994873046875,0,-0.08404541015625,0,-0.04669189453125,0,0.091796875
47.7638,0,0.08935546875,0,-0.08404541015625,0,-0.04669189453125,0,0.12176513671875
47.7745,0,0.08935546875,1,0.11285400390625,0,-0.04669189453125,0,0.12176513671875
47.7852,0,0.0281829833984375,1,0.11285400390625,0,0.045196533203125,0,0.1064453125
47.7957,0,0.0281829833984375,0,-0.1146240234375,0,0.045196533203125,0,0.1064453125
47.8065,0,-0.100830078125,0,-0.1146240234375,0,-0.0648193359375,0,0.1064453125
47.8145,0,-0.100830078125,0,-0.95263671875,0,-0.0648193359375,0,-0.0758056640625
47.8259,0,0.04766845703125,0,-0.95263671875,0,-0.08575439453125,0,-0.0758056640625
47.8357,0,0.04766845703125,0,0.5634765625,0,-0.08575439453125,0,0.157470703125
47.8468,0,0.10076904296875,0,0.5634765625,0,0.0389404296875,0,0.157470703125
47.8553,0,0.10076904296875,2,0.1866455078125,0,0.0389404296875,0,-0.1796875
47.8663,0,0.09112548828125,2,0.1866455078125,0,-0.04107666015625,0,-0.1796875
47.8750,0,0.09112548828125,0,-0.261962890625,0,-0.04107666015625,0,-0.211181640625
47.8860,0,0.0877685546875,0,-0.261962890625,0,0.047393798828125,0,-0.211181640625
47.8951,0,0.0877685546875,0,-0.953125,0,0.047393798828125,0,0.0274658203125
47.9062,0,0.07257080078125,0,-0.953125,0,-0.01316070556640625,0,0.0274658203125
47.9144,0,0.07257080078125,0,-0.953125,0,-0.01316070556640625,0,0.1546630859375
47.9289,0,-0.08404541015625,0,0.513671875,0,-0.0226898193359375,0,0.1546630859375
47.9340,0,-0.08404541015625,0,0.09521484375,0,-0.0226898193359375,0,0.14501953125
47.9457,0,-0.0357666015625,0,0.09521484375,0,-0.05267333984375,0,0.14501953125
47.9576,0,-0.0357666015625,0,-0.04461669921875,0,-0.05267333984375,0,0.102294921875
47.9645,0,-0.11126708984375,0,-0.04461669921875,0,-0.06439208984375,0,0.102294921875
47.9744,0,-0.11126708984375,0,-0.04461669921875,0,-0.06439208984375,0,0.027984619140625
47.9853,0,-0.02117919921875,-1,-0.289306640625,0,-0.09661865234375,0,0.027984619140625
47.9938,0,-0.02117919921875,-1,-0.289306640625,0,-0.09661865234375,0,-0.09088134765625
48.0059,0,-0.02117919921875,-3,-0.65771484375,0,-0.08056640625,0,-0.09088134765625
48.0142,0,-0.04998779296875,-3,-0.65771484375,0,-0.08056640625,0,0.1138916015625
48.0255,0,0.0382080078125,0,-0.53515625,0,0.03668212890625,0,0.1138916015625
48.0339,0,0.0382080078125,0,-0.53515625,0,0.03668212890625,0,0.11083984375
48.0456,0,0.0931396484375,-2,-0.61767578125,0,0.0367431640625,0,0.11083984375
48.0537,0,0.0931396484375,-2,-0.61767578125,0,0.0367431640625,0,-0.1375732421875
48.0645,0,0.0931396484375,0,0.378173828125,0,0.0174713134765625,0,-0.1375732421875
48.0746,0,-0.053863525390625,0,0.378173828125,0,0.0174713134765625,0,-0.15283203125
48.0850,0,-0.053863525390625,1,0.332763671875,0,0.0298614501953125,0,-0.15283203125
48.0942,0,0.05169677734375,1,0.332763671875,0,0.0298614501953125,0,0.13330078125
48.1046,0,0.05169677734375,1,0.439453125,0,-0.026153564453125,0,0.13330078125
48.1191,0,-0.037994384765625,1,0.439453125,0,-0.026153564453125,0,-0.142578125
48.1268,0,-0.037994384765625,0,0.404541015625,0,0.034332275390625,0,-0.142578125
48.1330,0,-0.04473876953125,0,0.404541015625,0,0.034332275390625,0,0.052703857421875
48.1430,0,-0.10919189453125,0,0.329345703125,0,-0.02423095703125,0,0.052703857421875
48.1523,0,-0.10919189453125,0,0.329345703125,0,-0.02423095703125,0,-0.1619873046875
48.1634,0,-0.10919189453125,0,0.26318359375,0,0.0308685302734375,0,-0.1619873046875
48.1718,0,-0.09295654296875,0,0.26318359375,0,0.0308685302734375,0,0.103515625
48.1829,0,-0.09295654296875,0,0.214111328125,0,0.0308685302734375,0,0.103515625
48.1917,0,-0.060791015625,0,0.214111328125,0,-0.0244140625,0,0.09246826171875
48.2030,0,-0.060791015625,0,0.2529296875,0,-0.0244140625,0,0.09246826171875
48.2122,0,-0.040283203125,0,0.2529296875,0,-0.030120849609375,0,0.09246826171875
48.2223,0,-0.040283203125,1,0.4326171875,0,0.05328369140625,0,-0.1268310546875
48.2311,0,-0.10968017578125,1,0.4326171875,0,0.05328369140625,0,-0.1268310546875
48.2410,0,-0.10968017578125,0,0.061370849609375,0,-0.09063720703125,0,0.09100341796875
48.2506,0,0.028289794921875,0,0.061370849609375,0,-0.09063720703125,0,0.20947265625
48.2609,0,0.028289794921875,0,-0.035308837890625,0,-0.052978515625,0,0.20947265625
48.2702,0,-0.032501220703125,0,-0.035308837890625,0,-0.052978515625,0,0.18603515625
48.2821,0,-0.032501220703125,0,-0.453369140625,0,-0.052978515625,0,0.18603515625
48.2909,0,0.10955810546875,0,-0.453369140625,0,-0.0560302734375,0,0.18603515625
48.3019,0,0.10955810546875,0,-0.6806640625,0,-0.0560302734375,0,-0.0367431640625
48.3109,0,-0.0467529296875,0,-0.6806640625,0,0.07403564453125,0,-0.0367431640625
48.3210,0,-0.0467529296875,0,0.0673828125,0,-0.01934814453125,0,0.125244140625
48.3318,0,0.060028076171875,0,0.0673828125,0,-0.01934814453125,0,0.125244140625
48.3442,0,0.060028076171875,0,-0.1448974609375,0,-0.01934814453125,0,-0.052734375
48.3523,0,0.056732177734375,0,-0.1448974609375,0,0.1175537109375,0,-0.052734375
48.3638,0,0.056732177734375,0,-0.1448974609375,0,0.1175537109375,0,-0.188720703125
48.3720,0,-0.034454345703125,0,-0.375732421875,0,-0.0290069580078125,0,-0.188720703125
48.3831,0,-0.034454345703125,0,0.35498046875,0,-0.0290069580078125,0,0.1610107421875
48.3926,0,-0.034454345703125,0,0.35498046875,0,-0.06976318359375,0,0.1610107421875
48.4037,0,-0.042816162109375,0,0.0682373046875,0,-0.06976318359375,0,0.0618896484375
48.4126,0,-0.0207061767578125,0,0.0682373046875,0,-0.082763671875,0,0.0618896484375
48.4233,0,-0.0207061767578125,0,0.0682373046875,0,-0.082763671875,0,0.029266357421875
48.4318,0,0.056732177734375,0,0.1749267578125,0,-0.04888916015625,0,0.029266357421875
48.4431,0,0.056732177734375,0,0.1749267578125,0,-0.04888916015625,0,0.07696533203125
48.4514,0,0.056732177734375,1,0.51513671875,0,-0.042816162109375,0,0.07696533203125
48.4651,0,-0.041748046875,1,0.51513671875,0,-0.042816162109375,0,0.1116943359375
48.4728,0,-0.041748046875,0,-0.4638671875,0,-0.04388427734375,0,0.1116943359375
48.4822,0,-0.01377105712890625,0,-0.4638671875,0,-0.04388427734375,0,-0.0750732421875
48.4910,0,0.0897216796875,0,0.42041015625,0,-0.094970703125,0,-0.0750732421875
48.5018,0,0.0897216796875,0,0.42041015625,0,-0.094970703125,0,-0.040283203125
48.5107,0,0.0897216796875,-2,-0.337890625,0,-0.0743408203125,0,-0.040283203125
48.5220,0,0.01227569580078125,-2,-0.337890625,0,-0.0743408203125,0,0.199462890625
48.5306,0,0.01227569580078125,0,0.3291015625,0,-0.0254058837890625,0,0.199462890625
48.5438,0,0.0736083984375,0,0.3291015625,0,-0.0254058837890625,0,-0.119140625
48.5521,0,0.0736083984375,0,0.16162109375,0,-0.03643798828125,0,-0.119140625
48.5644,0,0.062469482421875,0,0.16162109375,0,-0.03643798828125,0,0.09075927734375
48.5719,0,0.062469482421875,0,-0.2244873046875,0,-0.03643798828125,0,0.09075927734375
48.5836,0,0.06884765625,0,-0.2244873046875,0,-0.042724609375,0,0.09552001953125
48.5923,0,0.06884765625,0,0.3076171875,0,-0.0589599609375,0,0.09552001953125
48.6032,0,0.091064453125,0,0.3076171875,0,-0.0589599609375,0,-0.187255859375
48.6131,0,0.091064453125,0,-0.173095703125,0,-0.03875732421875,0,-0.187255859375
48.6233,0,-0.0341796875,0,-0.173095703125,0,-0.03875732421875,0,0.0235443115234375
48.6318,0,-0.0341796875,-1,-0.5478515625,0,-0.03875732421875,0,0.0235443115234375
48.6431,0,0.046905517578125,-1,-0.5478515625,0,-0.0250396728515625,0,-0.029266357421875
48.6513,0,0.046905517578125,0,0.25439453125,0,-0.0250396728515625,0,-0.029266357421875
48.6630,0,-0.1842041015625,0,0.25439453125,0,-0.049774169921875,0,-0.029266357421875
48.6716,0,-0.1842041015625,0,-1.0966796875,0,0.023651123046875,0,0.06817626953125
48.6831,0,-0.09698486328125,0,-1.0966796875,0,0.023651123046875,0,0.06817626953125
48.6917,0,-0.09698486328125,0,-0.286376953125,0,0.023651123046875,0,0.1617431640625
48.7031,0,0.020721435546875,0,-0.286376953125,0,-0.05206298828125,0,0.1617431640625
48.7113,0,0.020721435546875,0,0.587890625,0,-0.05206298828125,0,-0.044097900390625
48.7221,0,0.12347412109375,0,0.587890625,0,-0.07000732421875,0,-0.044097900390625
48.7317,0,0.12347412109375,1,0.364990234375,0,-0.07000732421875,0,-0.12261962890625
48.7435,0,0.033599853515625,1,0.364990234375,0,-0.06646728515625,0,0.1483154296875
48.7519,0,0.033599853515625,0,-0.482421875,0,-0.06646728515625,0,0.1483154296875
48.7669,0,0.07354736328125,0,-0.482421875,0,0.0288848876953125,0,0.1483154296875
48.7728,0,0.07354736328125,0,-0.07208251953125,0,0.0288848876953125,0,0.1453857421875
48.7838,0,0.0767822265625,0,-0.07208251953125,0,-0.05718994140625,0,0.1453857421875
48.7928,0,0.0767822265625,0,0.0843505859375,0,-0.05718994140625,0,0.1683349609375
48.8026,0,-0.1182861328125,0,0.0843505859375,0,-0.029632568359375,0,-0.1986083984375
48.8120,0,-0.1182861328125,0,0.40185546875,0,-0.029632568359375,0,-0.1986083984375
48.8236,0,0.050384521484375,0,0.40185546875,0,-0.016693115234375,0,-0.1986083984375
48.8325,0,0.050384521484375,0,0.10162353515625,0,-0.016693115234375,0,-0.10137939453125
48.8453,0,0.050384521484375,0,0.10162353515625,0,-0.03790283203125,0,-0.10137939453125
48.8530,0,0.10009765625,0,0.43310546875,0,-0.03790283203125,0,-0.0222930908203125
48.8642,0,0.10009765625,0,0.43310546875,0,0.01065826416015625,0,-0.0222930908203125
48.8726,0,0.037445068359375,0,0.43310546875,0,0.01065826416015625,0,-0.1998291015625
48.8845,0,0.037445068359375,0,-0.316162109375,0,0.016571044921875,0,-0.1998291015625
48.8945,0,-0.1578369140625,0,-0.316162109375,0,0.016571044921875,0,-0.1632080078125
48.9055,0,-0.1578369140625,0,-0.1844482421875,0,-0.024200439453125,0,-0.1632080078125
48.9140,0,0.05377197265625,0,-0.08636474609375,0,-0.024200439453125,0,0.150634765625
48.9252,0,0.05377197265625,0,-0.08636474609375,0,-0.03607177734375,0,0.150634765625
48.9335,0,-0.071533203125,0,-0.08636474609375,0,-0.03607177734375,0,0.1806640625
48.9449,0,-0.071533203125,0,0.408935546875,0,-0.04437255859375,0,0.1806640625
48.9530,0,-0.016693115234375,0,0.2890625,0,-0.04437255859375,0,0.08123779296875
48.9644,0,-0.016693115234375,0,0.2890625,0,-0.0386962890625,0,0.08123779296875
48.9729,0,0.0802001953125,0,0.2890625,0,-0.0386962890625,0,0.1319580078125
48.9847,0,0.0802001953125,0,0.3359375,0,-0.046051025390625,0,0.1319580078125
48.9941,0,0.0157470703125,0,0.3359375,0,-0.046051025390625,0,-0.2425537109375
49.0045,0,0.0157470703125,0,-0.398193359375,0,0.059417724609375,0,-0.2425537109375
49.0153,0,0.02716064453125,0,-0.398193359375,0,0.059417724609375,0,0.148681640625
49.0248,0,0.02716064453125,0,-0.6513671875,0,0.059417724609375,0,0.148681640625
49.0333,0,0.01232147216796875,0,-0.6513671875,0,-0.0210418701171875,0,0.08660888671875
49.0455,0,0.01232147216796875,0,-0.370849609375,0,-0.0210418701171875,0,0.08660888671875
49.0527,0,0.02783203125,0,-0.370849609375,0,-0.0648193359375,0,0.058990478515625
49.0651,0,0.02783203125,1,0.23291015625,0,-0.059478759765625,0,0.058990478515625
49.0724,0,0.005939483642578125,1,0.23291015625,0,-0.059478759765625,0,0.171875
49.0835,0,0.005939483642578125,0,0.3037109375,0,-0.059478759765625,0,0.171875
49.0941,0,-0.0220794677734375,0,0.3037109375,0,-0.044647216796875,0,-0.032562255859375
49.1037,0,-0.0220794677734375,1,0.33984375,0,-0.044647216796875,0,-0.032562255859375
49.1127,0,0.07586669921875,1,0.33984375,0,0.055145263671875,0,-0.032562255859375
49.1242,0,0.07586669921875,0,0.2401123046875,0,0.01374053955078125,0,-0.049530029296875
49.1316,0,-0.0125579833984375,0,0.2401123046875,0,0.01374053955078125,0,-0.049530029296875
49.1423,0,-0.0125579833984375,-2,-0.765625,0,0.01641845703125,0,0.159423828125
49.1511,0,0.073486328125,-2,-0.765625,0,0.01641845703125,0,0.159423828125
49.1623,0,0.073486328125,0,-0.6953125,0,0.02691650390625,0,0.06976318359375
49.1707,0,-0.045318603515625,0,-0.6953125,0,0.02691650390625,0,0.06976318359375
49.1818,0,-0.045318603515625,0,0.0159454345703125,0,0.02691650390625,0,-0.07568359375
49.1904,0,0.083251953125,0,0.0159454345703125,0,-0.0204315185546875,0,-0.07568359375
49.2014,0,0.083251953125,0,0.44384765625,0,-0.0204315185546875,0,-0.222412109375
49.2111,0,-0.05303955078125,0,0.44384765625,0,-0.03515625,0,-0.222412109375
49.2219,0,-0.05303955078125,0,-0.4052734375,0,-0.03515625,0,0.08416748046875
49.2307,0,-0.05303955078125,0,-0.4052734375,0,-0.10418701171875,0,0.08416748046875
49.2417,0,-0.039794921875,0,-0.5537109375,0,-0.10418701171875,0,-0.09161376953125
49.2498,0,-0.1209716796875,0,-0.5537109375,0,-0.0556640625,0,-0.09161376953125
49.2619,0,-0.1209716796875,1,0.3818359375,0,-0.0556640625,0,-0.1165771484375
49.2711,0,0.04168701171875,1,0.3818359375,0,-0.038848876953125,0,-0.1165771484375
49.2825,0,0.04168701171875,0,-0.279052734375,0,-0.038848876953125,0,0.03985595703125
49.2915,0,0.04168701171875,0,-0.279052734375,0,-0.0382080078125,0,0.03985595703125
49.3021,0,-0.1138916015625,0,0.40625,0,-0.0382080078125,0,0.08807373046875
49.3108,0,-0.1138916015625,0,0.40625,0,-0.07830810546875,0,0.08807373046875
49.3222,0,-0.068115234375,1,0.44677734375,0,-0.07830810546875,0,0.08892822265625
49.3307,0,-0.068115234375,1,0.44677734375,0,0.0748291015625,0,0.08892822265625
49.3443,0,-0.06353759765625,0,0.1593017578125,0,0.0748291015625,0,0.125732421875
49.3514,0,-0.06353759765625,0,0.1593017578125,0,0.036529541015625,0,0.125732421875
49.3628,0,0.055816650390625,-1,-0.481201171875,0,0.036529541015625,0,-0.0877685546875
49.3720,0,0.055816650390625,-1,-0.481201171875,0,0.041900634765625,0,-0.0877685546875
49.3838,0,0.083251953125,0,0.434326171875,0,0.041900634765625,0,0.159423828125
49.3916,0,0.083251953125,0,0.434326171875,0,0.052978515625,0,0.159423828125
49.4018,0,0.06268310546875,0,-0.9345703125,0,0.052978515625,0,0.1768798828125
49.4113,0,0.06268310546875,0,-0.9345703125,0,0.10162353515625,0,0.1768798828125
49.4223,0,-0.0894775390625,0,-0.0953369140625,0,0.10162353515625,0,0.06378173828125
49.4308,0,-0.0894775390625,0,-0.0953369140625,0,-0.10693359375,0,0.06378173828125
49.4444,0,0.057891845703125,0,-0.0953369140625,0,-0.10693359375,0,-0.1981201171875
49.4510,0,0.057891845703125,0,0.33837890625,0,-0.03802490234375,0,-0.1981201171875
49.4626,0,0.035919189453125,0,0.33837890625,0,-0.03802490234375,0,0.14794921875
49.4708,0,0.035919189453125,0,-0.005283355712890625,0,-0.06658935546875,0,0.14794921875
49.4813,0,0.05572509765625,0,-0.41552734375,0,-0.06658935546875,0,-0.1854248046875
49.4944,0,0.05572509765625,0,-0.41552734375,0,0.013031005859375,0,-0.1854248046875
49.5017,0,0.0445556640625,0,0.448974609375,0,0.013031005859375,0,0.004535675048828125
49.5137,0,0.0445556640625,0,0.448974609375,0,-0.062286376953125,0,0.004535675048828125
49.5223,0,0.10992431640625,1,0.496337890625,0,-0.062286376953125,0,0.1312255859375
49.5313,0,0.10992431640625,1,0.496337890625,0,-0.046051025390625,0,0.1312255859375
49.5444,0,0.1282958984375,1,0.496337890625,0,-0.046051025390625,0,0.1312255859375
49.5526,0,0.1282958984375,0,0.53466796875,0,-0.023345947265625,0,-0.0283355712890625
49.5654,0,-0.1024169921875,0,-0.99951171875,0,-0.023345947265625,0,0.1468505859375
49.5720,0,-0.1024169921875,0,-0.99951171875,0,-0.04046630859375,0,0.1468505859375
49.5840,0,0.03759765625,0,0.350341796875,0,-0.04046630859375,0,0.087646484375
49.5931,0,0.03759765625,0,0.350341796875,0,-0.027587890625,0,0.087646484375
49.6040,0,0.07244873046875,0,0.350341796875,0,-0.027587890625,0,0.087646484375
49.6122,0,0.07244873046875,0,0.08929443359375,0,-0.040802001953125,0,-0.053375244140625
49.6241,0,-0.056488037109375,0,0.08929443359375,0,-0.040802001953125,0,-0.053375244140625
49.6322,0,-0.056488037109375,0,-0.4423828125,0,-0.02508544921875,0,0.11187744140625
49.6432,0,0.0224609375,0,-0.4423828125,0,-0.02508544921875,0,0.11187744140625
49.6517,0,0.0224609375,0,-0.145751953125,0,-0.02508544921875,0,0.1575927734375
49.6630,0,-0.05633544921875,0,-0.145751953125,0,0.0335693359375,0,0.1575927734375
49.6714,0,-0.05633544921875,0,-0.6640625,0,-0.06585693359375,0,0.031005859375
49.6813,0,0.06243896484375,0,-0.6640625,0,-0.06585693359375,0,0.031005859375
49.6909,0,0.06243896484375,0,0.48486328125,0,-0.03802490234375,0,0.066162109375
49.7019,0,0.0247039794921875,0,0.48486328125,0,-0.03802490234375,0,0.066162109375
49.7105,0,0.0247039794921875,0,-0.0467529296875,0,-0.0254058837890625,0,-0.01317596435546875
49.7221,0,-0.09539794921875,0,-0.0467529296875,0,-0.0254058837890625,0,-0.01317596435546875
49.7378,0,-0.09539794921875,0,0.189453125,0,-0.044769287109375,0,0.07122802734375
49.7450,0,-0.062469482421875,0,0.189453125,0,-0.044769287109375,0,0.07122802734375
49.7532,0,-0.062469482421875,1,0.4794921875,0,-0.044769287109375,0,-0.051239013671875
49.7656,0,-0.062469482421875,1,0.4794921875,0,0.10223388671875,0,-0.051239013671875
49.7742,0,0.035308837890625,0,-0.6259765625,0,0.10223388671875,0,-0.1370849609375
49.7861,0,0.035308837890625,0,-0.6259765625,0,-0.09356689453125,0,-0.1370849609375
49.7955,0,0.08154296875,0,-0.81396484375,0,-0.09356689453125,0,-0.1900634765625
49.8058,0,0.08154296875,0,-0.81396484375,0,-0.0271453857421875,0,-0.1900634765625
49.8146,0,0.0679931640625,-1,0.124267578125,0,-0.0271453857421875,0,0.169677734375
49.8255,0,0.0679931640625,-1,0.124267578125,0,0.048583984375,0,0.169677734375
49.8341,0,0.04656982421875,0,-0.38330078125,0,0.048583984375,0,0.01788330078125
49.8455,0,0.04656982421875,0,-0.38330078125,0,0.03521728515625,0,0.01788330078125
49.8549,0,0.04205322265625,0,-0.1790771484375,0,0.03521728515625,0,0.1407470703125
49.8662,0,0.04205322265625,0,-0.1790771484375,0,0.0194854736328125,0,0.1407470703125
49.8749,0,-0.08489990234375,0,0.260986328125,0,0.0194854736328125,0,0.09307861328125
49.8867,0,-0.08489990234375,0,0.260986328125,0,-0.03851318359375,0,0.09307861328125
49.8960,0,0.06817626953125,0,0.491943359375,0,-0.03851318359375,0,0.04736328125
49.9061,0,0.06817626953125,0,0.491943359375,0,0.06219482421875,0,0.04736328125
49.9148,0,0.0394287109375,0,-0.529296875,0,0.06219482421875,0,0.044036865234375
49.9262,0,0.0394287109375,0,-0.529296875,0,-0.028076171875,0,0.044036865234375
49.9337,0,0.08172607421875,0,-0.90185546875,0,-0.028076171875,0,0.11981201171875
49.9457,0,0.08172607421875,0,-0.90185546875,0,0.004734039306640625,0,0.11981201171875
49.9539,0,-0.059539794921875,0,0.397216796875,0,0.004734039306640625,0,0.11981201171875
49.9650,0,-0.059539794921875,0,0.397216796875,0,0.0304412841796875,0,0.0305938720703125
49.9738,0,-0.08245849609375,0,-0.8564453125,0,0.0304412841796875,0,0.0305938720703125
49.9844,0,-0.08245849609375,0,-0.8564453125,0,-0.058380126953125,0,-0.07208251953125
49.9928,0,0.07818603515625,0,-0.0579833984375,0,-0.058380126953125,0,0.186279296875
50.0054,0,0.07818603515625,0,-0.0579833984375,0,-0.007904052734375,0,0.186279296875
50.0150,0,-0.1434326171875,0,-0.135009765625,0,-0.007904052734375,0,0.15234375
50.0260,0,-0.1434326171875,0,-0.135009765625,0,-0.0250091552734375,0,0.15234375
50.0346,0,0.0926513671875,0,-0.5419921875,0,-0.0250091552734375,0,0.15234375
50.0458,0,0.0926513671875,0,-0.5419921875,0,-0.0712890625,0,-0.036865234375
50.0528,0,-0.06146240234375,0,0.290771484375,0,-0.0712890625,0,-0.036865234375
50.0658,0,-0.06146240234375,0,0.290771484375,0,-0.018157958984375,0,-0.046722412109375
50.0741,0,0.0682373046875,0,0.18212890625,0,-0.018157958984375,0,0.035308837890625
50.0850,0,0.0682373046875,0,0.18212890625,0,-0.036224365234375,0,0.035308837890625
50.0939,0,0.0682373046875,0,-0.55712890625,0,-0.036224365234375,0,0.035308837890625
50.1047,0,-0.0491943359375,0,-0.55712890625,0,-0.03887939453125,0,0.07318115234375
50.1117,0,-0.0298919677734375,0,-0.99609375,0,-0.03887939453125,0,0.07318115234375
50.1246,0,-0.0298919677734375,0,-0.99609375,0,-0.09930419921875,0,0.201904296875
50.1328,0,-0.146240234375,0,0.27783203125,0,-0.09930419921875,0,0.201904296875
50.1452,0,-0.146240234375,0,0.27783203125,0,-0.04180908203125,0,-0.153564453125
50.1532,0,0.0511474609375,1,0.433837890625,0,-0.04180908203125,0,0.1407470703125
50.1636,0,0.0511474609375,1,0.433837890625,0,0.041656494140625,0,0.1407470703125
50.1720,0,0.0511474609375,2,0.51806640625,0,0.041656494140625,0,0.1407470703125
50.1847,0,0.1636962890625,2,0.51806640625,0,-0.041015625,0,0.06890869140625
50.1933,0,0.1636962890625,0,0.41748046875,0,-0.041015625,0,0.06890869140625
50.2053,0,0.024871826171875,0,0.41748046875,0,0.00872802734375,0,0.05853271484375
50.2178,0,0.024871826171875,0,0.11492919921875,0,0.00872802734375,0,0.05853271484375
50.2244,0,0.006656646728515625,0,0.11492919921875,0,0.11962890625,0,0.132080078125
50.2318,0,-0.056488037109375,0,-0.1688232421875,0,0.11962890625,0,0.087890625
50.2443,0,-0.056488037109375,0,-0.1688232421875,0,-0.050384521484375,0,0.087890625
50.2596,0,0.0677490234375,0,0.16943359375,0,-0.050384521484375,0,-0.1156005859375
50.2638,0,0.0677490234375,0,0.16943359375,0,0.0440673828125,0,-0.1156005859375
50.2725,0,0.0677490234375,0,-0.37060546875,0,0.0440673828125,0,-0.1156005859375
50.2821,0,0.0401611328125,0,-0.37060546875,0,-0.080322265625,0,-0.1409912109375
50.2947,0,0.0401611328125,0,0.394775390625,0,-0.080322265625,0,-0.1409912109375
50.3018,0,0.0008368492126464844,0,0.394775390625,0,-0.03045654296875,0,0.1259765625
50.3131,0,0.0008368492126464844,0,0.295166015625,0,-0.03045654296875,0,0.1259765625
50.3250,0,-0.109619140625,0,0.295166015625,0,-0.03045654296875,0,0.1402587890625
50.3315,0,-0.109619140625,0,0.295166015625,0,-0.06463623046875,0,0.1402587890625
50.3413,0,0.080078125,0,0.255126953125,0,0.04071044921875,0,0.130859375
50.3585,0,0.0628662109375,-2,-0.61865234375,0,0.04071044921875,0,0.076171875
50.3639,0,0.0628662109375,-2,-0.61865234375,0,0.056610107421875,0,0.076171875
50.3770,0,-0.0792236328125,-2,-0.9267578125,0,0.056610107421875,0,0.062286376953125
50.3846,0,-0.0792236328125,-2,-0.9267578125,0,-0.0222625732421875,0,0.062286376953125
50.3988,0,-0.0792236328125,0,0.45263671875,0,-0.0222625732421875,0,0.1502685546875
50.4064,0,-0.10736083984375,0,0.45263671875,0,-0.0222625732421875,0,0.1502685546875
50.4142,0,-0.10736083984375,0,0.45263671875,0,-0.036163330078125,0,0.1502685546875
50.4242,0,-0.1845703125,0,-0.2841796875,0,-0.036163330078125,0,0.10870361328125
50.4323,0,-0.1845703125,0,-0.2841796875,0,0.060638427734375,0,0.10870361328125
50.4439,0,0.0799560546875,0,-0.68115234375,0,0.060638427734375,0,0.05963134765625
50.4517,0,0.0799560546875,0,-0.68115234375,0,0.07879638671875,0,0.05963134765625
50.4634,0,0.0799560546875,0,-0.58447265625,0,0.07879638671875,0,-0.11639404296875
50.4713,0,-0.07086181640625,0,-0.58447265625,0,-0.019134521484375,0,-0.11639404296875
50.4833,0,0.04437255859375,0,-0.96142578125,0,-0.019134521484375,0,0.09124755859375
50.4919,0,0.04437255859375,0,-0.96142578125,0,0.0269622802734375,0,0.09124755859375
50.5030,0,-0.015228271484375,0,-0.2060546875,0,0.0269622802734375,0,0.1363525390625
50.5135,0,-0.015228271484375,0,-0.2060546875,0,-0.036590576171875,0,0.1363525390625
50.5225,0,-0.015228271484375,1,0.238037109375,0,-0.036590576171875,0,0.1279296875
50.5316,0,-0.1279296875,1,0.238037109375,0,-0.01209259033203125,0,0.1279296875
50.5457,0,-0.1279296875,0,-0.873046875,0,-0.01209259033203125,0,0.09637451171875
50.5540,0,0.1021728515625,0,-0.873046875,0,0.0830078125,0,0.09637451171875
50.5656,0,0.1021728515625,0,0.4296875,0,0.0830078125,0,-0.2286376953125
50.5736,0,0.170654296875,0,0.4296875,0,0.042877197265625,0,-0.2286376953125
50.5835,0,0.170654296875,1,0.1519775390625,0,0.042877197265625,0,0.1336669921875
50.5933,0,-0.11480712890625,1,0.1519775390625,0,0.1300048828125,0,0.1336669921875
50.6043,0,-0.11480712890625,-1,-0.76513671875,0,0.1300048828125,0,0.058013916015625
50.6128,0,0.1610107421875,-1,-0.76513671875,0,-0.07122802734375,0,0.058013916015625
50.6239,0,0.1610107421875,0,-0.330810546875,0,-0.07122802734375,0,0.058013916015625
50.6328,0,0.053680419921875,0,-0.330810546875,0,0.09698486328125,0,0.1494140625
50.6441,0,0.053680419921875,0,-0.425048828125,0,0.09698486328125,0,0.1494140625
50.6523,0,0.11468505859375,0,-0.425048828125,0,0.07794189453125,0,-0.0426025390625
50.6639,0,0.11468505859375,0,-0.0260009765625,0,0.07794189453125,0,-0.0426025390625
50.6730,0,0.07806396484375,0,-0.0260009765625,0,0.036285400390625,0,0.1436767578125
50.6837,0,0.07806396484375,0,0.32568359375,0,0.036285400390625,0,0.1436767578125
50.6964,0,0.107177734375,0,0.32568359375,0,-0.054656982421875,0,-0.1751708984375
50.7049,0,0.107177734375,0,0.381103515625,0,-0.054656982421875,0,-0.1751708984375
50.7133,0,-0.044952392578125,0,0.381103515625,0,-0.01800537109375,0,-0.06475830078125
50.7238,0,-0.044952392578125,0,-0.5625,0,-0.01800537109375,0,-0.06475830078125
50.7320,0,-0.07470703125,0,-0.5625,0,-0.01800537109375,0,-0.087158203125
50.7464,0,-0.07470703125,0,0.2215576171875,0,-0.1046142578125,0,-0.087158203125
50.7534,0,-0.04656982421875,0,0.2215576171875,0,0.06048583984375,0,0.12164306640625
50.7643,0,-0.04656982421875,0,0.170166015625,0,0.06048583984375,0,0.12164306640625
50.7728,0,0.0147705078125,0,0.170166015625,0,0.06048583984375,0,-0.20654296875
50.7850,0,0.0147705078125,0,0.170166015625,0,0.0303955078125,0,-0.20654296875
50.7955,0,0.0181427001953125,-1,0.3173828125,0,0.0303955078125,0,-0.1390380859375
50.8055,0,0.0181427001953125,-1,0.3173828125,0,-0.05621337890625,0,-0.1390380859375
50.8146,0,-0.05328369140625,0,0.52685546875,0,-0.05621337890625,0,-0.01073455810546875
50.8253,0,-0.05328369140625,0,0.52685546875,0,-0.0849609375,0,-0.01073455810546875
50.8338,0,0.062744140625,0,0.317626953125,0,-0.0849609375,0,-0.04248046875
50.8451,0,0.062744140625,0,0.317626953125,0,0.03082275390625,0,-0.04248046875
50.8537,0,-0.0457763671875,0,0.434326171875,0,0.03082275390625,0,0.04449462890625
50.8661,0,-0.0457763671875,0,0.434326171875,0,-0.0498046875,0,0.04449462890625
50.8746,0,0.1246337890625,1,0.30029296875,0,-0.0498046875,0,-0.1363525390625
50.8856,0,0.1246337890625,1,0.30029296875,0,-0.08966064453125,0,-0.1363525390625
50.8944,0,-0.139404296875,0,0.25341796875,0,-0.08966064453125,0,-0.092041015625
50.9054,0,-0.139404296875,0,0.25341796875,0,-0.11175537109375,0,-0.092041015625
50.9132,0,-0.047760009765625,0,0.0928955078125,0,-0.11175537109375,0,0.05242919921875
50.9249,0,-0.047760009765625,0,0.0928955078125,0,-0.0102996826171875,0,0.05242919921875
50.9360,0,0.06817626953125,0,-0.1005859375,0,-0.0102996826171875,0,-0.104736328125
50.9447,0,0.06817626953125,0,-0.1005859375,0,-0.07073974609375,0,-0.104736328125
50.9525,0,0.12261962890625,0,-0.54541015625,0,-0.07073974609375,0,0.11761474609375
50.9643,0,0.12261962890625,0,-0.54541015625,0,-0.0062255859375,0,0.11761474609375
50.9729,0,-0.071533203125,0,0.427734375,0,-0.0062255859375,0,0.14306640625
50.9839,0,-0.071533203125,0,0.427734375,0,-0.0178680419921875,0,0.14306640625
50.9942,0,-0.071533203125,0,0.458740234375,0,-0.0178680419921875,0,0.14306640625
51.0045,0,-0.085693359375,0,0.458740234375,0,-0.06512451171875,0,0.0650634765625
51.0153,0,-0.085693359375,0,-0.71875,0,-0.06512451171875,0,0.0650634765625
51.0250,0,0.061553955078125,0,-0.71875,0,-0.052459716796875,0,0.15576171875
51.0334,0,-0.09295654296875,0,-0.09442138671875,0,-0.052459716796875,0,0.15576171875
51.0446,0,-0.09295654296875,0,-0.09442138671875,0,-0.041412353515625,0,0.1317138671875
51.0530,0,0.067138671875,-1,-0.10308837890625,0,-0.041412353515625,0,0.1317138671875
51.0642,0,0.067138671875,-1,-0.10308837890625,0,-0.09149169921875,0,-0.1746826171875
51.0726,0,0.067138671875,-1,-0.08209228515625,0,-0.09149169921875,0,-0.1746826171875
51.0837,0,0.10955810546875,-1,-0.08209228515625,0,-0.030029296875,0,0.05828857421875
51.0936,0,0.10955810546875,0,0.2822265625,0,-0.030029296875,0,0.05828857421875
51.1056,0,0.041168212890625,0,0.2822265625,0,-0.0294189453125,0,0.1138916015625
51.1144,0,0.041168212890625,-2,0.225830078125,0,-0.0294189453125,0,0.1138916015625
51.1251,0,0.0341796875,-2,0.225830078125,0,-0.0294189453125,0,-0.01268768310546875
51.1339,0,0.0341796875,-2,0.225830078125,0,0.06719970703125,0,-0.01268768310546875
51.1447,0,-0.082763671875,0,-0.51806640625,0,0.06719970703125,0,0.126220703125
51.1531,0,-0.082763671875,0,-0.51806640625,0,-0.05596923828125,0,0.126220703125
51.1654,0,0.08319091796875,0,0.05377197265625,0,-0.05596923828125,0,0.08697509765625
51.1726,0,0.08319091796875,0,0.05377197265625,0,-0.00884246826171875,0,0.08697509765625
51.1858,0,0.026763916015625,0,-0.505859375,0,-0.00884246826171875,0,-0.041259765625
51.1924,0,0.026763916015625,0,-0.505859375,0,0.018402099609375,0,-0.041259765625
51.2040,0,0.1171875,0,-0.09307861328125,0,0.018402099609375,0,-0.2166748046875
51.2122,0,0.1171875,0,-0.09307861328125,0,-0.13671875,0,-0.2166748046875
51.2230,0,-0.03436279296875,0,0.2491455078125,0,-0.13671875,0,-0.039825439453125
51.2319,0,-0.03436279296875,0,0.2491455078125,0,-0.034820556640625,0,-0.039825439453125
51.2425,0,-0.08148193359375,0,-0.94677734375,0,-0.034820556640625,0,0.1072998046875
51.2514,0,-0.08148193359375,0,-0.94677734375,0,0.047698974609375,0,0.1072998046875
51.2627,0,0.084716796875,0,-0.54736328125,0,0.047698974609375,0,0.11871337890625
51.2706,0,0.084716796875,0,-0.54736328125,0,-0.0635986328125,0,0.11871337890625
51.2819,0,-0.126220703125,0,-0.8564453125,0,-0.0635986328125,0,0.181884765625
51.2913,0,-0.126220703125,0,-0.8564453125,0,-0.04296875,0,0.181884765625
51.3033,0,0.1392822265625,0,0.32666015625,0,-0.04296875,0,0.181884765625
51.3114,0,0.1392822265625,0,0.32666015625,0,-0.041656494140625,0,-0.1727294921875
51.3221,0,0.053497314453125,0,0.60205078125,0,-0.041656494140625,0,0.1177978515625
51.3311,0,0.053497314453125,0,0.60205078125,0,-0.048675537109375,0,0.1177978515625
51.3405,0,0.086669921875,0,0.206298828125,0,-0.048675537109375,0,0.038665771484375
51.3504,0,0.086669921875,0,0.206298828125,0,-0.03424072265625,0,0.038665771484375
51.3604,0,-0.0599365234375,0,0.462890625,0,-0.03424072265625,0,0.10009765625
51.3716,0,-0.0599365234375,0,0.462890625,0,0.098876953125,0,0.10009765625
51.3826,0,-0.1270751953125,0,-0.09393310546875,0,0.098876953125,0,0.06121826171875
51.3918,0,-0.1270751953125,0,-0.09393310546875,0,-0.043609619140625,0,0.06121826171875
51.4032,0,0.052093505859375,0,0.1220703125,0,-0.043609619140625,0,-0.149169921875
51.4122,0,0.052093505859375,0,0.1220703125,0,-0.030181884765625,0,-0.149169921875
51.4227,0,0.0186309814453125,1,0.2086181640625,0,-0.030181884765625,0,0.0577392578125
51.4342,0,0.0186309814453125,1,0.2086181640625,0,-0.0634765625,0,0.0577392578125
51.4424,0,-0.10552978515625,0,-0.06634521484375,0,-0.0634765625,0,0.0577392578125
51.4507,0,-0.10552978515625,0,-0.06634521484375,0,-0.066650390625,0,0.1478271484375
51.4620,0,0.0858154296875,0,0.029205322265625,0,-0.066650390625,0,0.1478271484375
51.4704,0,0.0858154296875,0,0.029205322265625,0,-0.04132080078125,0,0.180419921875
51.4804,0,0.08929443359375,0,-0.06585693359375,0,-0.04132080078125,0,0.180419921875
51.4904,0,0.08929443359375,0,-0.06585693359375,0,-0.09423828125,0,0.1036376953125
51.5017,0,-0.030792236328125,0,0.07269287109375,0,-0.09423828125,0,0.1036376953125
51.5113,0,-0.030792236328125,0,0.07269287109375,0,0.035888671875,0,0.148681640625
51.5207,0,0.12115478515625,0,-0.0638427734375,0,0.035888671875,0,0.148681640625
51.5315,0,0.12115478515625,0,-0.0638427734375,0,0.06695556640625,0,-0.0308685302734375
51.5450,0,-0.03387451171875,0,0.0343017578125,0,0.06695556640625,0,-0.0308685302734375
51.5524,0,-0.03387451171875,0,0.0343017578125,0,-0.06854248046875,0,0.01806640625
51.5637,0,-0.0113372802734375,0,0.0050811767578125,0,-0.06854248046875,0,0.01806640625
51.5723,0,-0.0113372802734375,0,0.0050811767578125,0,-0.0183258056640625,0,0.1383056640625
51.5832,0,-0.0297088623046875,0,0.10272216796875,0,-0.0183258056640625,0,0.1383056640625
51.5921,0,-0.0297088623046875,0,0.10272216796875,0,-0.016876220703125,0,-0.156494140625
51.6030,0,0.048675537109375,0,0.10272216796875,0,-0.016876220703125,0,-0.156494140625
51.6127,0,0.048675537109375,2,0.3583984375,0,0.0272979736328125,0,-0.10223388671875
51.6223,0,0.0159759521484375,2,0.3583984375,0,0.0272979736328125,0,-0.10223388671875
51.6345,0,0.0159759521484375,0,-0.236328125,0,0.0272979736328125,0,0.007526397705078125
51.6450,0,0.0159759521484375,0,-0.236328125,0,-0.0184173583984375,0,0.007526397705078125
51.6532,0,0.07763671875,1,0.177978515625,0,-0.0184173583984375,0,0.0888671875
51.6647,0,0.07763671875,1,0.177978515625,0,0.04779052734375,0,0.0888671875
51.6728,0,-0.058685302734375,0,0.252197265625,0,0.0511474609375,0,0.165771484375
51.6854,0,-0.041717529296875,-1,-0.966796875,0,0.0511474609375,0,0.174560546875
51.6926,0,-0.041717529296875,-1,-0.966796875,0,-0.059600830078125,0,0.174560546875
51.7047,0,0.09222412109375,0,0.25146484375,0,-0.059600830078125,0,0.174560546875
51.7147,0,0.09222412109375,0,0.25146484375,0,-0.059600830078125,0,-0.039337158203125
51.7245,0,0.09222412109375,0,0.25146484375,0,0.0273895263671875,0,-0.039337158203125
51.7330,0,-0.0657958984375,0,0.483642578125,0,0.0273895263671875,0,0.0889892578125
51.7435,0,-0.0657958984375,0,0.483642578125,0,-0.08087158203125,0,0.0889892578125
51.7533,0,0.0565185546875,2,0.415283203125,0,-0.062469482421875,0,0.062744140625
51.7669,0,-0.11529541015625,0,-0.12548828125,0,-0.062469482421875,0,0.062744140625
51.7735,0,-0.11529541015625,0,-0.12548828125,0,-0.062469482421875,0,-0.048614501953125
51.7846,0,-0.11529541015625,0,-0.12548828125,0,-0.053131103515625,0,-0.048614501953125
51.7943,0,-0.04656982421875,0,0.0794677734375,0,-0.053131103515625,0,-0.054107666015625
51.8054,0,-0.04656982421875,0,0.0794677734375,0,-0.03399658203125,0,-0.054107666015625
51.8157,0,-0.062164306640625,0,0.1551513671875,0,-0.03399658203125,0,0.194580078125
51.8251,0,-0.062164306640625,0,0.1551513671875,0,0.025390625,0,0.194580078125
51.8346,0,-0.156005859375,2,0.55615234375,0,0.025390625,0,0.131103515625
51.8449,0,-0.156005859375,2,0.55615234375,0,-0.0259246826171875,0,0.131103515625
51.8534,0,-0.1495361328125,-1,0.22119140625,0,-0.0259246826171875,0,0.06793212890625
51.8656,0,-0.1495361328125,-1,0.22119140625,0,0.00414276123046875,0,0.06793212890625
51.8741,0,0.072021484375,-1,-0.1953125,0,0.00414276123046875,0,0.06793212890625
51.8852,0,0.072021484375,-1,-0.1953125,0,-0.03863525390625,0,-0.0775146484375
51.8939,0,-0.06610107421875,0,-0.5791015625,0,-0.03863525390625,0,-0.0775146484375
51.9061,0,-0.06610107421875,0,-0.5791015625,0,-0.061309814453125,0,0.126708984375
51.9148,0,0.052978515625,1,0.501953125,0,-0.061309814453125,0,-0.061798095703125
51.9260,0,0.052978515625,1,0.501953125,0,-0.01377105712890625,0,-0.061798095703125
51.9343,0,-0.11309814453125,0,-0.8544921875,0,-0.01377105712890625,0,-0.061798095703125
51.9458,0,-0.11309814453125,0,-0.8544921875,0,0.006900787353515625,0,-0.1654052734375
51.9539,0,-0.0718994140625,0,0.51318359375,0,0.006900787353515625,0,-0.1654052734375
51.9660,0,-0.0718994140625,0,0.51318359375,0,-0.05487060546875,0,0.06005859375
51.9727,0,0.045867919921875,0,0.167236328125,0,-0.05487060546875,0,0.055267333984375
51.9847,0,0.045867919921875,0,0.167236328125,0,-0.0311737060546875,0,0.055267333984375
51.9931,0,0.056365966796875,0,0.167236328125,0,-0.0311737060546875,0,0.055267333984375
52.0053,0,0.056365966796875,-1,-0.83056640625,0,-0.010833740234375,0,-0.153564453125
52.0161,0,-0.051483154296875,-1,-0.83056640625,0,-0.010833740234375,0,-0.153564453125
52.0256,0,-0.051483154296875,-4,-0.7568359375,0,-0.01282501220703125,0,-0.169677734375
52.0342,0,0.08477783203125,-4,-0.7568359375,0,-0.01282501220703125,0,-0.169677734375
52.0454,0,0.08477783203125,0,0.365234375,0,-0.059112548828125,0,-0.1693115234375
52.0526,0,-0.00559234619140625,0,0.5185546875,0,-0.059112548828125,0,-0.1693115234375
52.0651,0,-0.00559234619140625,0,0.5185546875,0,-0.02435302734375,0,0.1201171875
52.0732,0,-0.1746826171875,0,0.5185546875,0,-0.02435302734375,0,0.1201171875
52.0844,0,-0.1746826171875,0,0.4033203125,0,0.058837890625,0,0.10205078125
52.0931,0,-0.1607666015625,0,0.4033203125,0,0.058837890625,0,0.10205078125
52.1042,0,-0.1607666015625,3,0.46337890625,0,-0.0738525390625,0,0.12744140625
52.1156,0,0.04498291015625,3,0.46337890625,0,-0.0738525390625,0,0.12744140625
52.1236,0,0.04498291015625,0,-1.04296875,0,-0.06500244140625,0,0.1796875
52.1321,0,-0.04180908203125,0,-1.04296875,0,-0.06500244140625,0,0.1796875
52.1430,0,-0.04180908203125,-4,-0.87353515625,0,0.1171875,0,-0.049468994140625
52.1515,0,0.01800537109375,-4,-0.87353515625,0,0.1171875,0,-0.049468994140625
52.1633,0,0.01800537109375,0,0.254638671875,0,0.03594970703125,0,0.142333984375
52.1713,0,-0.088134765625,0,0.254638671875,0,0.03594970703125,0,0.142333984375
52.1836,0,-0.088134765625,1,0.45068359375,0,0.0255126953125,0,0.109619140625
52.1922,0,-0.0848388671875,1,0.45068359375,0,0.0255126953125,0,0.109619140625
52.2052,0,-0.0848388671875,0,0.0709228515625,0,0.0255126953125,0,-0.1385498046875
52.2123,0,0.03265380859375,0,0.0709228515625,0,-0.0562744140625,0,-0.1385498046875
52.2239,0,0.03265380859375,0,0.4794921875,0,-0.0562744140625,0,0.046417236328125
52.2329,0,0.0509033203125,0,0.4794921875,0,-0.06640625,0,0.046417236328125
52.2436,0,0.0509033203125,0,-0.22802734375,0,-0.06640625,0,0.178466796875
52.2521,0,0.0242462158203125,0,-0.22802734375,0,0.0231781005859375,0,0.178466796875
52.2638,0,0.0242462158203125,-1,-0.68994140625,0,0.0231781005859375,0,0.123291015625
52.2718,0,-0.060455322265625,-1,-0.68994140625,0,-0.07843017578125,0,0.123291015625
52.2831,0,-0.060455322265625,0,-0.16064453125,0,-0.07843017578125,0,0.1873779296875
52.2911,0,-0.060455322265625,0,-0.16064453125,0,-0.0146026611328125,0,0.1873779296875
52.3033,0,-0.064697265625,0,-0.923828125,0,-0.0146026611328125,0,-0.104248046875
52.3142,0,-0.08111572265625,0,-0.923828125,0,0.019500732421875,0,-0.104248046875
52.3241,0,-0.08111572265625,-2,-0.458984375,0,0.019500732421875,0,-0.104248046875
52.3330,0,0.09912109375,-2,-0.458984375,0,-0.0635986328125,0,0.0478515625
52.3440,0,0.09912109375,0,-0.86181640625,0,-0.0635986328125,0,0.0478515625
52.3509,0,0.09912109375,0,-0.86181640625,0,-0.06689453125,0,-0.043548583984375
52.3622,0,0.1053466796875,0,0.41259765625,0,-0.06689453125,0,-0.043548583984375
52.3709,0,0.1053466796875,0,0.41259765625,0,0.05084228515625,0,-0.040802001953125
52.3838,0,0.041351318359375,0,0.314453125,0,0.05084228515625,0,-0.040802001953125
52.3924,0,0.041351318359375,0,0.314453125,0,-0.0264739990234375,0,0.1353759765625
52.4030,0,-0.11993408203125,0,-0.322998046875,0,-0.0264739990234375,0,0.1353759765625
52.4115,0,-0.11993408203125,0,-0.322998046875,0,-0.10040283203125,0,-0.028167724609375
52.4224,0,-0.04229736328125,-1,-0.8857421875,0,-0.10040283203125,0,-0.028167724609375
52.4311,0,-0.04229736328125,-1,-0.8857421875,0,-0.01148223876953125,0,-0.1746826171875
52.4420,0,-0.09100341796875,-1,-0.8857421875,0,-0.01148223876953125,0,-0.1746826171875
52.4508,0,-0.09100341796875,0,0.2958984375,0,-0.042510986328125,0,0.035491943359375
52.4622,0,-0.03314208984375,0,0.27978515625,0,-0.042510986328125,0,0.035491943359375
52.4706,0,-0.03314208984375,0,0.27978515625,0,-0.0204315185546875,0,0.0396728515625
52.4821,0,-0.0164947509765625,1,0.459716796875,0,-0.0204315185546875,0,0.0396728515625
52.4906,0,-0.0164947509765625,1,0.459716796875,0,-0.0112152099609375,0,0.1490478515625
52.5019,0,0.114013671875,1,0.459716796875,0,-0.0112152099609375,0,0.1490478515625
52.5115,0,0.114013671875,0,0.1982421875,0,-0.042266845703125,0,-0.06475830078125
52.5223,0,-0.046905517578125,0,0.1982421875,0,-0.042266845703125,0,-0.06475830078125
52.5320,0,-0.046905517578125,0,0.093505859375,0,0.049224853515625,0,0.14306640625
52.5445,0,0.079345703125,0,-0.302001953125,0,0.049224853515625,0,0.14306640625
52.5528,0,0.079345703125,0,-0.302001953125,0,-0.017852783203125,0,0.061126708984375
52.5645,0,-0.0738525390625,0,-0.302001953125,0,-0.017852783203125,0,0.061126708984375
52.5723,0,-0.0738525390625,0,0.07318115234375,0,-0.07373046875,0,0.04315185546875
52.5827,0,0.054290771484375,0,0.0577392578125,0,-0.07373046875,0,0.04315185546875
52.5923,0,0.054290771484375,0,0.0577392578125,0,-0.080810546875,0,-0.1885986328125
52.6029,0,0.05010986328125,0,0.0577392578125,0,-0.080810546875,0,-0.1885986328125
52.6143,0,0.05010986328125,0,0.208251953125,0,0.035919189453125,0,0.03741455078125
52.6223,0,-0.07611083984375,0,0.318603515625,0,0.035919189453125,0,0.03741455078125
52.6311,0,-0.07611083984375,0,0.318603515625,0,0.04144287109375,0,-0.2015380859375
52.6422,0,0.06280517578125,-2,0.3037109375,0,0.04144287109375,0,-0.2015380859375
52.6520,0,0.06280517578125,-2,0.3037109375,0,0.04144287109375,0,-0.02911376953125
52.6630,0,-0.055389404296875,-2,0.3037109375,0,0.08123779296875,0,-0.02911376953125
52.6718,0,-0.055389404296875,0,-0.5537109375,0,0.08123779296875,0,-0.2027587890625
52.6825,0,-0.1114501953125,0,-0.5537109375,0,-0.073486328125,0,-0.2027587890625
52.6911,0,-0.1114501953125,0,-0.0467529296875,0,-0.073486328125,0,0.1597900390625
52.7028,0,-0.04779052734375,0,-0.0467529296875,0,0.018280029296875,0,0.1597900390625
52.7105,0,-0.04779052734375,0,-0.31689453125,0,0.018280029296875,0,0.1597900390625
52.7216,0,-0.07806396484375,0,-0.31689453125,0,-0.031341552734375,0,0.125
52.7316,0,-0.07806396484375,0,-0.8232421875,0,-0.031341552734375,0,0.125
52.7426,0,-0.07806396484375,0,-0.8232421875,0,0.0199432373046875,0,-0.0889892578125
52.7522,0,0.053619384765625,0,0.5107421875,0,0.0199432373046875,0,-0.0889892578125
52.7670,0,0.0167999267578125,0,0.5107421875,0,0.02642822265625,0,-0.135986328125
52.7728,0,0.0167999267578125,0,0.58251953125,0,0.02642822265625,0,-0.135986328125
52.7833,0,0.05267333984375,0,0.58251953125,0,-0.0521240234375,0,-0.0263519287109375
52.7907,0,0.05267333984375,0,0.08587646484375,0,-0.0521240234375,0,0.1094970703125
52.8042,0,0.05267333984375,0,0.08587646484375,0,0.036407470703125,0,0.1094970703125
52.8180,0,-0.077880859375,0,-0.13916015625,0,0.036407470703125,0,0.1094970703125
52.8248,0,-0.077880859375,0,-0.13916015625,0,-0.04608154296875,0,0.128173828125
52.8343,0,-0.0498046875,0,0.2103271484375,0,-0.04608154296875,0,0.128173828125
52.8446,0,-0.0498046875,0,0.2103271484375,0,-0.020782470703125,0,0.11431884765625
52.8532,0,-0.08953857421875,0,0.371826171875,0,-0.020782470703125,0,0.11431884765625
52.8651,0,-0.08953857421875,0,0.371826171875,0,0.0219268798828125,0,0.03741455078125
52.8730,0,0.03424072265625,0,0.444091796875,0,0.0219268798828125,0,0.03741455078125
52.8855,0,-0.007076263427734375,0,0.444091796875,0,-0.066162109375,0,-0.03240966796875
52.8940,0,-0.007076263427734375,1,0.1439208984375,0,-0.066162109375,0,-0.03240966796875
52.9050,0,-0.007076263427734375,1,0.1439208984375,0,0.090576171875,0,-0.0833740234375
52.9145,0,0.043701171875,0,-0.0972900390625,0,0.090576171875,0,-0.0833740234375
52.9254,0,0.043701171875,0,-0.0972900390625,0,0.01678466796875,0,0.1851806640625
52.9345,0,-0.1365966796875,-2,-0.92236328125,0,0.01678466796875,0,0.1851806640625
52.9451,0,-0.1365966796875,-2,-0.92236328125,0,0.0223541259765625,0,0.1126708984375
52.9536,0,0.0272064208984375,-3,-0.93017578125,0,0.0223541259765625,0,0.1126708984375
52.9648,0,0.0272064208984375,-3,-0.93017578125,0,-0.00585174560546875,0,-0.072998046875
52.9732,0,-0.050506591796875,0,-0.44677734375,0,-0.00585174560546875,0,-0.072998046875
52.9844,0,-0.050506591796875,0,-0.44677734375,0,0.0433349609375,0,-0.1812744140625
52.9930,0,0.049835205078125,0,0.0963134765625,0,0.0433349609375,0,-0.1812744140625
53.0039,0,0.049835205078125,0,0.0963134765625,0,-0.08453369140625,0,0.08978271484375
53.0129,0,-0.0804443359375,0,0.0963134765625,0,-0.08453369140625,0,0.08978271484375
53.0242,0,-0.0804443359375,0,0.40234375,0,-0.0084228515625,0,0.07415771484375
53.0331,0,-0.0249481201171875,0,0.2423095703125,0,-0.0084228515625,0,0.07415771484375
53.0439,0,-0.0249481201171875,0,0.2423095703125,0,-0.0084228515625,0,0.1226806640625
53.0527,0,-0.11859130859375,0,-0.8076171875,0,-0.054443359375,0,0.1226806640625
53.0635,0,-0.11859130859375,0,-0.8076171875,0,0.038116455078125,0,-0.0574951171875
53.0721,0,0.014678955078125,0,-0.8076171875,0,0.038116455078125,0,-0.0574951171875
53.0838,0,0.014678955078125,0,0.30517578125,0,-0.01206207275390625,0,-0.07806396484375
53.0917,0,-0.201171875,0,0.30517578125,0,-0.01206207275390625,0,-0.07806396484375
53.1018,0,-0.201171875,1,0.35888671875,0,0.0433349609375,0,0.07421875
53.1112,0,0.03277587890625,1,0.35888671875,0,0.0433349609375,0,0.07421875
53.1222,0,0.03277587890625,0,-0.131591796875,0,0.0433349609375,0,0.1298828125
53.1302,0,-0.038604736328125,0,0.028076171875,0,-0.08026123046875,0,0.1298828125
53.1422,0,-0.038604736328125,0,0.028076171875,0,0.088623046875,0,0.1468505859375
53.1509,0,-0.07568359375,0,0.028076171875,0,0.088623046875,0,0.1468505859375
53.1607,0,-0.07568359375,0,-0.974609375,0,-0.0217742919921875,0,0.13623046875
53.1710,0,0.044586181640625,0,-0.974609375,0,-0.0217742919921875,0,0.13623046875
53.1819,0,0.044586181640625,0,0.52490234375,0,-0.0217742919921875,0,0.13623046875
53.1903,0,0.044586181640625,0,0.52490234375,0,0.0200042724609375,0,0.061248779296875
53.2031,0,0.007709503173828125,0,0.29296875,0,0.0200042724609375,0,0.061248779296875
53.2112,0,0.007709503173828125,0,0.29296875,0,0.040863037109375,0,0.07659912109375
53.2228,0,-0.1890869140625,0,0.0447998046875,0,-0.01322174072265625,0,-0.1934814453125
53.2321,0,0.0806884765625,0,0.0447998046875,0,-0.01322174072265625,0,-0.1934814453125
53.2409,0,0.0806884765625,0,0.153564453125,0,-0.06207275390625,0,-0.0601806640625
53.2519,0,-0.060333251953125,0,0.6025390625,0,-0.06207275390625,0,-0.0601806640625
53.2631,0,-0.060333251953125,0,0.6025390625,0,-0.044342041015625,0,0.05462646484375
53.2740,0,0.045562744140625,0,0.6025390625,0,-0.044342041015625,0,0.05462646484375
53.2839,0,0.045562744140625,0,0.1541748046875,0,-0.044342041015625,0,0.05462646484375
53.2944,0,0.045562744140625,0,0.1541748046875,0,-0.030914306640625,0,0.1669921875
53.3057,0,-0.141357421875,-1,0.30322265625,0,-0.030914306640625,0,0.1669921875
53.3118,0,-0.141357421875,-1,0.30322265625,0,-0.0277862548828125,0,0.150634765625
53.3228,0,-0.036468505859375,0,-0.884765625,0,-0.0277862548828125,0,0.150634765625
53.3315,0,-0.036468505859375,0,-0.884765625,0,0.0244903564453125,0,0.16552734375
53.3423,0,0.05126953125,0,0.419189453125,0,0.0244903564453125,0,0.16552734375
53.3511,0,0.05126953125,0,0.419189453125,0,-0.043609619140625,0,0.168212890625
53.3621,0,-0.1558837890625,0,0.250244140625,0,-0.043609619140625,0,0.168212890625
53.3706,0,-0.1558837890625,0,0.250244140625,0,-0.035064697265625,0,-0.2431640625
53.3821,0,-0.11260986328125,0,0.130126953125,0,-0.035064697265625,0,-0.2431640625
53.3916,0,-0.11260986328125,0,0.130126953125,0,0.0243072509765625,0,0.1470947265625
53.4045,0,-0.1497802734375,0,0.020111083984375,0,0.0243072509765625,0,0.1470947265625
53.4122,0,-0.1497802734375,0,0.020111083984375,0,0.0264129638671875,0,-0.1495361328125
53.4233,0,0.056884765625,0,0.20068359375,0,0.0264129638671875,0,-0.1495361328125
53.4325,0,0.056884765625,0,0.20068359375,0,-0.0235748291015625,0,0.095947265625
53.4433,0,-0.08526611328125,1,0.1378173828125,0,-0.0235748291015625,0,0.095947265625
53.4518,0,-0.08526611328125,1,0.1378173828125,0,-0.0787353515625,0,-0.250244140625
53.4628,0,-0.12237548828125,1,0.1378173828125,0,-0.0787353515625,0,-0.250244140625
53.4713,0,-0.12237548828125,0,0.08831787109375,0,-0.0095367431640625,0,0.0643310546875
53.4841,0,-0.06915283203125,0,0.591796875,0,-0.0095367431640625,0,0.0643310546875
53.4909,0,-0.06915283203125,0,0.591796875,0,-0.0640869140625,0,0.1575927734375
53.5003,0,0.0294189453125,0,0.37646484375,0,-0.0640869140625,0,0.1575927734375
53.5119,0,0.0294189453125,0,0.37646484375,0,-0.040283203125,0,-0.013946533203125
53.5231,0,0.06024169921875,0,-0.1226806640625,0,-0.040283203125,0,-0.013946533203125
53.5327,0,0.06024169921875,0,-0.1226806640625,0,-0.015472412109375,0,-0.061431884765625
53.5449,0,0.07916259765625,0,-0.1226806640625,0,-0.015472412109375,0,-0.061431884765625
53.5543,0,0.07916259765625,0,-0.0428466796875,0,0.0408935546875,0,-0.0179595947265625
53.5650,0,0.057586669921875,0,-0.0428466796875,0,0.0408935546875,0,-0.0179595947265625
53.5742,0,0.057586669921875,0,-0.06488037109375,0,-0.05914306640625,0,0.1800537109375
53.5841,0,-0.0660400390625,0,0.47314453125,0,-0.05914306640625,0,0.1800537109375
53.5924,0,-0.0660400390625,0,0.47314453125,0,-0.05291748046875,0,-0.052886962890625
53.6037,0,0.04144287109375,0,-0.83251953125,0,-0.05291748046875,0,-0.052886962890625
53.6120,0,0.04144287109375,0,-0.83251953125,0,0.037109375,0,0.1578369140625
53.6230,0,-0.032501220703125,0,0.548828125,0,0.037109375,0,0.1578369140625
53.6322,0,-0.032501220703125,0,0.548828125,0,-0.05706787109375,0,0.180908203125
53.6445,0,0.029144287109375,0,0.458251953125,0,-0.05706787109375,0,0.180908203125
53.6527,0,0.029144287109375,0,0.458251953125,0,0.023590087890625,0,0.123779296875
53.6628,0,-0.059661865234375,0,0.458251953125,0,0.023590087890625,0,0.123779296875
53.6712,0,-0.059661865234375,0,0.363037109375,0,0.0116424560546875,0,0.167236328125
53.6823,0,-0.11077880859375,0,0.363037109375,0,0.0116424560546875,0,0.167236328125
53.6907,0,-0.11077880859375,0,-0.370361328125,0,-0.047698974609375,0,0.12078857421875
53.7019,0,-0.01544189453125,0,-0.370361328125,0,-0.047698974609375,0,0.12078857421875
53.7112,0,-0.01544189453125,0,0.437744140625,0,-0.047698974609375,0,0.09698486328125
53.7227,0,-0.01544189453125,0,0.437744140625,0,-0.05120849609375,0,0.09698486328125
53.7318,0,-0.058441162109375,0,0.306884765625,0,-0.05120849609375,0,0.09698486328125
53.7424,0,-0.058441162109375,0,0.306884765625,0,-0.018463134765625,0,0.1705322265625
53.7532,0,0.07574462890625,-1,-1.0068359375,0,-0.018463134765625,0,0.1705322265625
53.7642,0,0.07574462890625,-1,-1.0068359375,0,-0.107666015625,0,0.027252197265625
53.7731,0,-0.049468994140625,-3,-0.703125,0,-0.107666015625,0,0.027252197265625
53.7842,0,-0.049468994140625,-3,-0.703125,0,-0.02581787109375,0,-0.178466796875
53.7924,0,-0.035675048828125,0,-0.339111328125,0,-0.02581787109375,0,-0.178466796875
53.8036,0,-0.035675048828125,0,-0.339111328125,0,0.042633056640625,0,0.1339111328125
53.8138,0,-0.07464599609375,-1,-0.84814453125,0,0.042633056640625,0,0.1339111328125
53.8253,0,-0.07464599609375,-1,-0.84814453125,0,-0.0880126953125,0,0.04779052734375
53.8347,0,0.050323486328125,0,-0.40576171875,0,-0.0880126953125,0,0.04779052734375
53.8467,0,0.050323486328125,0,-0.40576171875,0,0.06036376953125,0,0.1842041015625
53.8549,0,-0.055206298828125,0,-0.291748046875,0,0.06036376953125,0,0.1842041015625
53.8663,0,-0.055206298828125,0,-0.291748046875,0,0.06170654296875,0,0.158203125
53.8745,0,0.0396728515625,0,0.37451171875,0,0.06170654296875,0,0.158203125
53.8856,0,0.0396728515625,0,0.37451171875,0,-0.052490234375,0,-0.123779296875
53.8963,0,-0.11859130859375,1,0.344970703125,0,-0.052490234375,0,-0.123779296875
53.9066,0,-0.11859130859375,1,0.344970703125,0,-0.0501708984375,0,0.11688232421875
53.9151,0,-0.05615234375,1,0.344970703125,0,-0.0501708984375,0,0.11688232421875
53.9262,0,-0.05615234375,0,0.472412109375,0,0.035614013671875,0,-0.0224761962890625
53.9349,0,-0.09100341796875,0,0.472412109375,0,0.035614013671875,0,-0.0224761962890625
53.9458,0,-0.09100341796875,-1,-0.576171875,0,-0.032318115234375,0,0.0509033203125
53.9543,0,-0.1622314453125,-1,-0.576171875,0,-0.032318115234375,0,0.0509033203125
53.9659,0,-0.1622314453125,0,-0.728515625,0,-0.026580810546875,0,0.1329345703125
53.9732,0,0.03863525390625,0,0.1995849609375,0,-0.026580810546875,0,0.1329345703125
53.9852,0,0.03863525390625,0,0.1995849609375,0,-0.07867431640625,0,0.10296630859375
53.9942,0,0.07525634765625,0,0.1995849609375,0,-0.07867431640625,0,0.10296630859375
54.0062,0,0.07525634765625,0,-0.294677734375,0,-0.038482666015625,0,0.1314697265625
54.0131,0,-0.048309326171875,0,-0.294677734375,0,-0.038482666015625,0,0.1314697265625
54.0251,0,-0.048309326171875,0,-0.42724609375,0,0.08184814453125,0,0.169189453125
54.0342,0,-0.1103515625,0,-0.42724609375,0,0.08184814453125,0,0.169189453125
54.0446,0,-0.1103515625,0,0.1324462890625,0,-0.024871826171875,0,-0.073974609375
54.0538,0,-0.022186279296875,0,0.1324462890625,0,-0.024871826171875,0,-0.073974609375
54.0661,0,-0.022186279296875,0,0.0174713134765625,0,-0.069091796875,0,0.106689453125
54.0732,0,0.06494140625,0,0.0174713134765625,0,-0.069091796875,0,0.106689453125
54.0871,0,0.06494140625,0,0.140869140625,0,-0.0791015625,0,0.107421875
54.0915,0,-0.145751953125,0,0.140869140625,0,-0.0791015625,0,0.107421875
54.1045,0,-0.145751953125,0,0.204833984375,0,-0.0306243896484375,0,-0.0740966796875
54.1122,0,-0.142333984375,0,0.204833984375,0,-0.0306243896484375,0,-0.0740966796875
54.1242,0,-0.142333984375,0,0.492919921875,0,0.0523681640625,0,0.1629638671875
54.1334,0,0.125732421875,0,0.492919921875,0,0.0523681640625,0,0.1629638671875
54.1438,0,0.125732421875,0,0.042694091796875,0,-0.05206298828125,0,-0.1300048828125
54.1523,0,-0.0870361328125,0,0.042694091796875,0,-0.05206298828125,0,-0.1300048828125
54.1663,0,-0.0870361328125,0,-0.1524658203125,0,-0.08935546875,0,-0.1683349609375
54.1719,0,0.016204833984375,0,-0.1524658203125,0,-0.08935546875,0,-0.1683349609375
54.1847,0,0.016204833984375,0,-0.4248046875,0,-0.08935546875,0,0.075927734375
54.1913,0,0.016204833984375,0,-0.4248046875,0,-0.09136962890625,0,0.075927734375
54.2036,0,0.049530029296875,0,0.55078125,0,-0.09136962890625,0,-0.1414794921875
54.2099,0,0.05926513671875,0,0.55078125,0,-0.0170745849609375,0,-0.1414794921875
54.2240,0,0.05926513671875,0,0.3232421875,0,-0.0170745849609375,0,0.1148681640625
54.2296,0,0.10955810546875,0,0.3232421875,0,-0.038848876953125,0,0.1148681640625
54.2417,0,0.10955810546875,0,0.3232421875,0,-0.038848876953125,0,0.09796142578125
54.2506,0,0.10955810546875,0,0.55078125,0,-0.040740966796875,0,0.09796142578125
54.2619,0,-0.0848388671875,0,-0.33984375,0,-0.040740966796875,0,-0.0462646484375
54.2705,0,-0.0848388671875,0,-0.33984375,0,-0.0472412109375,0,-0.0462646484375
54.2818,0,-0.049285888671875,0,-0.424072265625,0,-0.0472412109375,0,-0.044342041015625
54.2902,0,-0.049285888671875,0,-0.424072265625,0,-0.09814453125,0,-0.044342041015625
54.3018,0,-0.02716064453125,0,-0.424072265625,0,-0.09814453125,0,-0.044342041015625
54.3108,0,-0.02716064453125,0,0.031768798828125,0,-0.0447998046875,0,0.129150390625
54.3227,0,-0.05426025390625,0,0.166748046875,0,-0.0447998046875,0,0.1514892578125
54.3313,0,-0.05426025390625,0,0.166748046875,0,-0.039886474609375,0,0.1514892578125
54.3451,0,-0.1226806640625,0,0.166748046875,0,-0.039886474609375,0,0.1282958984375
54.3514,0,-0.1226806640625,1,0.54443359375,0,-0.06781005859375,0,0.1282958984375
54.3629,0,-0.056243896484375,1,0.54443359375,0,-0.06781005859375,0,0.1282958984375
54.3714,0,-0.056243896484375,0,0.1973876953125,0,-0.06329345703125,0,-0.05511474609375
54.3843,0,0.035552978515625,0,0.1973876953125,0,-0.06329345703125,0,-0.05511474609375
54.3923,0,0.035552978515625,0,0.2744140625,0,-0.049346923828125,0,0.1773681640625
54.4039,0,0.0576171875,0,0.2744140625,0,-0.049346923828125,0,0.1773681640625
54.4137,0,0.0576171875,1,0.2196044921875,0,-0.0869140625,0,0.1387939453125
54.4256,0,0.09381103515625,1,0.2196044921875,0,-0.0869140625,0,0.1387939453125
54.4361,0,0.09381103515625,0,0.46142578125,0,-0.0765380859375,0,0.10211181640625
54.4454,0,0.04339599609375,-2,-0.2174072265625,0,-0.0765380859375,0,-0.2215576171875
54.4538,0,0.04339599609375,-2,-0.2174072265625,0,-0.0253448486328125,0,-0.2215576171875
54.4678,0,-0.08331298828125,-2,-0.2174072265625,0,-0.0253448486328125,0,-0.2215576171875
54.4741,0,-0.08331298828125,-1,-0.86083984375,0,-0.11761474609375,0,0.02960205078125
54.4846,0,-0.0821533203125,-1,-0.86083984375,0,-0.11761474609375,0,0.02960205078125
54.4954,0,-0.0821533203125,0,0.1873779296875,0,-0.041656494140625,0,0.066650390625
54.5068,0,0.0307464599609375,0,0.1873779296875,0,-0.041656494140625,0,0.066650390625
54.5134,0,0.0307464599609375,0,0.49169921875,0,-0.0246429443359375,0,0.08563232421875
54.5236,0,-0.1085205078125,0,0.49169921875,0,-0.0246429443359375,0,0.08563232421875
54.5321,0,-0.1085205078125,1,0.37353515625,0,-0.048553466796875,0,0.1068115234375
54.5451,0,-0.044708251953125,1,0.37353515625,0,-0.048553466796875,0,0.1068115234375
54.5537,0,-0.044708251953125,0,0.09783935546875,0,0.0596923828125,0,-0.06207275390625
54.5648,0,-0.0653076171875,0,0.09783935546875,0,0.0596923828125,0,-0.06207275390625
54.5741,0,-0.0653076171875,-1,-0.32958984375,0,-0.0217437744140625,0,0.1236572265625
54.5855,0,0.060882568359375,-1,-0.32958984375,0,-0.0217437744140625,0,0.1236572265625
54.5928,0,0.060882568359375,0,-0.81201171875,0,-0.0217437744140625,0,0.1981201171875
54.6040,0,0.0865478515625,0,-0.81201171875,0,-0.07806396484375,0,0.1981201171875
54.6123,0,0.0865478515625,0,-0.0667724609375,0,-0.03094482421875,0,-0.08367919921875
54.6235,0,-0.052154541015625,0,-0.0667724609375,0,-0.03094482421875,0,-0.08367919921875
54.6339,0,-0.052154541015625,0,-0.056182861328125,0,-0.03094482421875,0,-0.09527587890625
54.6443,0,-0.076171875,0,-0.056182861328125,0,-0.041961669921875,0,-0.09527587890625
54.6532,0,-0.076171875,0,0.34326171875,0,-0.041961669921875,0,0.073974609375
54.6642,0,-0.076171875,0,0.34326171875,0,-0.068115234375,0,0.073974609375
54.6730,0,0.1002197265625,0,0.425537109375,0,-0.068115234375,0,-0.1138916015625
54.6843,0,0.042999267578125,0,0.425537109375,0,-0.048004150390625,0,-0.1138916015625
54.6928,0,0.042999267578125,0,0.252685546875,0,-0.048004150390625,0,-0.057647705078125
54.7044,0,-0.0772705078125,0,0.252685546875,0,-0.034515380859375,0,-0.057647705078125
54.7119,0,-0.0772705078125,0,-0.28759765625,0,-0.034515380859375,0,-0.176025390625
54.7219,0,-0.1409912109375,0,-0.28759765625,0,-0.01947021484375,0,-0.176025390625
54.7327,0,-0.1409912109375,0,-0.348388671875,0,-0.01947021484375,0,-0.0491943359375
54.7436,0,-0.1409912109375,0,-0.348388671875,0,-0.07806396484375,0,-0.0491943359375
54.7522,0,0.032440185546875,0,-0.87109375,0,-0.07806396484375,0,-0.043548583984375
54.7634,0,0.032440185546875,0,-0.87109375,0,0.0014438629150390625,0,-0.043548583984375
54.7718,0,0.08917236328125,0,0.39453125,0,0.0014438629150390625,0,-0.1407470703125
54.7840,0,0.08917236328125,0,0.39453125,0,-0.052490234375,0,-0.1407470703125
54.7929,0,0.048980712890625,0,0.41455078125,0,-0.052490234375,0,0.100341796875
54.8042,0,0.048980712890625,0,0.41455078125,0,-0.017913818359375,0,0.100341796875
54.8125,0,-0.0169677734375,0,0.447998046875,0,-0.017913818359375,0,-0.234375
54.8248,0,-0.0169677734375,0,0.447998046875,0,-0.00799560546875,0,-0.234375
54.8340,0,0.050506591796875,0,-0.0745849609375,0,-0.00799560546875,0,0.139404296875
54.8448,0,0.050506591796875,0,-0.0745849609375,0,-0.01493072509765625,0,0.139404296875
54.8534,0,0.0293121337890625,0,0.2607421875,0,-0.01493072509765625,0,0.122314453125
54.8642,0,0.0293121337890625,0,0.2607421875,0,0.014129638671875,0,0.122314453125
54.8726,0,0.1549072265625,0,-0.09954833984375,0,0.014129638671875,0,0.122314453125
54.8838,0,0.1549072265625,0,-0.09954833984375,0,-0.038421630859375,0,0.10858154296875
54.8923,0,-0.09722900390625,0,0.374267578125,0,-0.038421630859375,0,0.10858154296875
54.9036,0,-0.09722900390625,0,0.374267578125,0,-0.0823974609375,0,-0.04254150390625
54.9117,0,0.0312347412109375,0,0.209228515625,0,-0.0823974609375,0,-0.04144287109375
54.9256,0,0.0312347412109375,0,0.209228515625,0,-0.0787353515625,0,-0.04144287109375
54.9372,0,-0.034942626953125,0,0.330078125,0,-0.0787353515625,0,-0.04144287109375
54.9461,0,-0.034942626953125,0,0.330078125,0,-0.06488037109375,0,-0.2059326171875
54.9562,0,-0.033599853515625,0,-0.026947021484375,0,-0.06488037109375,0,-0.2059326171875
54.9658,0,-0.033599853515625,0,-0.026947021484375,0,-0.056793212890625,0,0.138671875
54.9746,0,-0.0139312744140625,0,-0.419189453125,0,-0.056793212890625,0,0.138671875
54.9873,0,-0.0139312744140625,0,-0.419189453125,0,-0.059051513671875,0,0.1461181640625
54.9948,0,0.056915283203125,0,-0.419189453125,0,-0.059051513671875,0,0.1461181640625
55.0067,0,0.056915283203125,0,0.146484375,0,-0.0205535888671875,0,0.062408447265625
55.0188,0,-0.0263519287109375,0,0.234375,0,-0.0205535888671875,0,0.062408447265625
55.0258,0,-0.0263519287109375,0,0.234375,0,-0.0205535888671875,0,-0.0731201171875
55.0364,0,-0.1602783203125,1,0.447021484375,0,0.07354736328125,0,-0.0731201171875
55.0463,0,-0.1602783203125,1,0.447021484375,0,-0.059051513671875,0,0.11590576171875
55.0549,0,-0.035888671875,1,0.447021484375,0,-0.059051513671875,0,0.11590576171875
55.0661,0,-0.035888671875,0,0.379150390625,0,-0.01224517822265625,0,0.165283203125
55.0766,0,-0.08892822265625,0,0.379150390625,0,-0.01224517822265625,0,0.165283203125
55.0856,0,-0.08892822265625,0,0.54736328125,0,-0.01224517822265625,0,-0.05975341796875
55.0941,0,0.0726318359375,0,0.27587890625,0,-0.02838134765625,0,-0.05975341796875
55.1045,0,0.0726318359375,0,0.27587890625,0,-0.04248046875,0,-0.025421142578125
55.1137,0,-0.120361328125,0,0.495361328125,0,-0.04248046875,0,-0.025421142578125
55.1247,0,-0.120361328125,0,0.495361328125,0,-0.04248046875,0,0.1524658203125
55.1376,0,-0.120361328125,0,0.495361328125,0,0.01136016845703125,0,0.1524658203125
55.1444,0,-0.055877685546875,0,0.35791015625,0,0.01136016845703125,0,-0.1318359375
55.1548,0,-0.10498046875,0,0.35791015625,0,0.06378173828125,0,-0.1318359375
55.1650,0,-0.10498046875,0,0.1766357421875,0,0.06378173828125,0,-0.0787353515625
55.1739,0,-0.10498046875,0,0.1766357421875,0,-0.06103515625,0,-0.0787353515625
55.1842,0,0.100341796875,0,0.52685546875,0,-0.06396484375,0,-0.184814453125
55.1921,0,-0.07244873046875,0,0.52685546875,0,-0.06396484375,0,-0.184814453125
55.2041,0,-0.07244873046875,0,-0.48583984375,0,-0.06396484375,0,0.159912109375
55.2142,0,-0.07244873046875,0,-0.48583984375,0,-0.04437255859375,0,0.159912109375
55.2226,0,-0.049285888671875,0,0.25244140625,0,-0.04437255859375,0,0.1953125
55.2322,0,-0.049285888671875,0,0.25244140625,0,-0.0240936279296875,0,0.1953125
55.2429,0,0.10040283203125,0,-0.40771484375,0,-0.0240936279296875,0,-0.033538818359375
55.2528,0,0.10040283203125,0,-0.40771484375,0,-0.0159912109375,0,-0.033538818359375
55.2644,0,-0.04718017578125,0,0.134521484375,0,-0.0159912109375,0,0.171142578125
55.2730,0,-0.04718017578125,0,0.134521484375,0,-0.03106689453125,0,0.171142578125
55.2847,0,-0.025726318359375,0,0.3310546875,0,-0.03106689453125,0,-0.216552734375
55.2909,0,-0.025726318359375,0,0.3310546875,0,-0.06268310546875,0,-0.216552734375
55.3022,0,0.038604736328125,0,-0.07177734375,0,-0.06268310546875,0,-0.07373046875
55.3141,0,0.038604736328125,0,-0.07177734375,0,-0.0081634521484375,0,-0.07373046875
55.3217,0,0.09417724609375,0,0.39794921875,0,-0.0081634521484375,0,0.11895751953125
55.3322,0,0.09417724609375,0,0.39794921875,0,-0.02459716796875,0,0.11895751953125
55.3432,0,-0.08990478515625,0,0.23486328125,0,-0.02459716796875,0,-0.2003173828125
55.3518,0,-0.08990478515625,0,0.23486328125,0,-0.055999755859375,0,-0.2003173828125
55.3610,0,0.02935791015625,1,0.181884765625,0,-0.055999755859375,0,-0.11785888671875
55.3719,0,0.02935791015625,1,0.181884765625,0,-0.0447998046875,0,-0.11785888671875
55.3829,0,0.0196990966796875,1,0.181884765625,0,-0.0447998046875,0,-0.11785888671875
55.3908,0,0.0196990966796875,0,0.453125,0,0.0240478515625,0,0.088134765625
55.4032,0,0.09332275390625,0,0.453125,0,0.0240478515625,0,0.088134765625
55.4108,0,0.09332275390625,1,0.282470703125,0,-0.1209716796875,0,-0.1962890625
55.4234,0,0.02435302734375,0,0.07147216796875,0,-0.1209716796875,0,-0.1962890625
55.4320,0,0.02435302734375,0,0.07147216796875,0,-0.09075927734375,0,0.1259765625
55.4420,0,-0.03753662109375,0,0.1480712890625,0,-0.09075927734375,0,0.1259765625
55.4518,0,-0.03753662109375,0,0.1480712890625,0,-0.0309600830078125,0,-0.154296875
55.4632,0,-0.0198822021484375,0,-0.32666015625,0,-0.0309600830078125,0,0.06805419921875
55.4712,0,-0.0198822021484375,0,-0.32666015625,0,-0.060028076171875,0,0.06805419921875
55.4840,0,0.051422119140625,0,-0.32666015625,0,-0.060028076171875,0,0.06805419921875
55.4920,0,0.051422119140625,0,-0.4423828125,0,-0.0726318359375,0,-0.15234375
55.5032,0,-0.10687255859375,0,-0.4423828125,0,-0.0726318359375,0,-0.15234375
55.5116,0,-0.10687255859375,-2,-0.62158203125,0,0.045013427734375,0,-0.10101318359375
55.5225,0,-0.1412353515625,-2,-0.62158203125,0,0.045013427734375,0,-0.10101318359375
55.5344,0,-0.1412353515625,0,-0.7275390625,0,-0.07159423828125,0,0.08978271484375
55.5451,0,-0.06158447265625,0,-0.412353515625,0,-0.07159423828125,0,0.08978271484375
55.5539,0,-0.06158447265625,0,-0.412353515625,0,-0.02655029296875,0,0.150146484375
55.5679,0,0.09661865234375,0,0.55029296875,0,-0.02655029296875,0,0.150146484375
55.5736,0,0.09661865234375,0,0.55029296875,0,-0.12042236328125,0,-0.23193359375
55.5845,0,0.1239013671875,0,0.55029296875,0,-0.12042236328125,0,-0.23193359375
55.5934,0,0.1239013671875,0,-0.62548828125,0,-0.08184814453125,0,0.0899658203125
55.6045,0,0.03851318359375,0,-0.62548828125,0,-0.08184814453125,0,0.0899658203125
55.6128,0,0.03851318359375,0,0.4345703125,0,-0.038726806640625,0,0.1588134765625
55.6243,0,-0.060516357421875,0,-0.057586669921875,0,-0.038726806640625,0,0.1588134765625
55.6350,0,-0.060516357421875,0,-0.057586669921875,0,-0.032012939453125,0,-0.09320068359375
55.6445,0,0.03143310546875,0,-0.057586669921875,0,-0.032012939453125,0,-0.09320068359375
55.6540,0,0.03143310546875,0,0.302490234375,0,-0.032012939453125,0,-0.16943359375
55.6647,0,0.03143310546875,0,0.302490234375,0,-0.05267333984375,0,-0.16943359375
55.6729,0,0.07989501953125,1,0.55810546875,0,-0.05267333984375,0,0.1357421875
55.6843,0,0.07989501953125,1,0.55810546875,0,-0.0135650634765625,0,0.1357421875
55.6926,0,0.032562255859375,0,0.505859375,0,-0.0135650634765625,0,-0.2132568359375
55.7045,0,0.032562255859375,0,0.505859375,0,-0.0645751953125,0,-0.2132568359375
55.7124,0,0.05157470703125,0,-0.446044921875,0,-0.0645751953125,0,-0.1820068359375
55.7234,0,0.05157470703125,0,-0.446044921875,0,-0.048858642578125,0,-0.1820068359375
55.7322,0,-0.04437255859375,0,0.52734375,0,-0.048858642578125,0,0.1534423828125
55.7431,0,-0.04437255859375,0,0.52734375,0,-0.03277587890625,0,0.1534423828125
55.7516,0,0.043487548828125,0,-0.8486328125,0,-0.03277587890625,0,0.0941162109375
55.7642,0,0.043487548828125,0,-0.8486328125,0,-0.05621337890625,0,0.0941162109375
55.7714,0,-0.10162353515625,0,0.34033203125,0,-0.05621337890625,0,0.0657958984375
55.7831,0,-0.10162353515625,0,0.34033203125,0,0.00766754150390625,0,0.0657958984375
55.7922,0,-0.08099365234375,1,0.263427734375,0,0.00766754150390625,0,-0.2919921875
55.8046,0,-0.08099365234375,1,0.263427734375,0,0.0352783203125,0,-0.2919921875
55.8119,0,-0.025054931640625,0,-0.755859375,0,0.0352783203125,0,0.1478271484375
55.8237,0,-0.025054931640625,0,-0.755859375,0,0.0184478759765625,0,0.1478271484375
55.8351,0,0.0928955078125,0,0.0802001953125,0,0.0184478759765625,0,-0.15185546875
55.8455,0,0.0928955078125,0,0.0802001953125,0,-0.0178070068359375,0,-0.15185546875
55.8552,0,0.031097412109375,0,0.445556640625,0,-0.0178070068359375,0,-0.15185546875
55.8674,0,0.031097412109375,0,0.445556640625,0,0.033935546875,0,0.06158447265625
55.8741,0,-0.1082763671875,0,0.32177734375,0,0.033935546875,0,0.06158447265625
55.8853,0,-0.1082763671875,0,0.32177734375,0,-0.054962158203125,0,0.09674072265625
55.8926,0,-0.099365234375,0,-0.8115234375,0,-0.054962158203125,0,0.09674072265625
55.9058,0,-0.099365234375,0,-0.8115234375,0,-0.10369873046875,0,0.09100341796875
55.9135,0,-0.1392822265625,0,-0.8115234375,0,-0.10369873046875,0,0.09100341796875
55.9259,0,-0.1392822265625,0,0.477783203125,0,0.0604248046875,0,-0.0284271240234375
55.9357,0,-0.0677490234375,0,0.477783203125,0,0.0604248046875,0,-0.0284271240234375
55.9463,0,-0.0677490234375,-1,-0.319091796875,0,-0.06927490234375,0,-0.2362060546875
55.9575,0,0.022430419921875,0,0.29150390625,0,-0.06927490234375,0,0.02862548828125
55.9659,0,0.022430419921875,0,0.29150390625,0,-0.045928955078125,0,0.02862548828125
55.9744,0,0.025970458984375,0,0.29150390625,0,-0.045928955078125,0,0.02862548828125
55.9856,0,0.025970458984375,-1,-0.1357421875,0,-0.04693603515625,0,0.0892333984375
55.9941,0,-0.023193359375,-1,-0.1357421875,0,-0.04693603515625,0,0.0892333984375
56.0051,0,-0.023193359375,0,-0.0325927734375,0,-0.065185546875,0,-0.1806640625
56.0136,0,0.026702880859375,0,-0.0325927734375,0,-0.065185546875,0,-0.1806640625
56.0255,0,0.026702880859375,0,0.033416748046875,0,0.082763671875,0,0.1134033203125
56.0373,0,0.1094970703125,0,0.033416748046875,0,0.082763671875,0,0.1134033203125
56.0464,0,0.1094970703125,0,0.4072265625,0,0.082763671875,0,0.12176513671875
56.0551,0,0.101318359375,0,0.4072265625,0,-0.0533447265625,0,0.12176513671875
56.0663,0,0.101318359375,0,0.55419921875,0,-0.0533447265625,0,-0.2408447265625
56.0754,0,0.0286865234375,0,0.55419921875,0,-0.0169219970703125,0,-0.2408447265625
56.0860,0,0.0286865234375,0,-0.6650390625,0,-0.0169219970703125,0,0.1231689453125
56.0943,0,0.08203125,0,-0.6650390625,0,-0.09967041015625,0,0.1231689453125
56.1054,0,0.08203125,-1,-0.413818359375,0,-0.09967041015625,0,0.1263427734375
56.1140,0,0.049957275390625,-1,-0.413818359375,0,-0.056488037109375,0,0.1263427734375
56.1239,0,0.049957275390625,0,-0.242919921875,0,-0.023712158203125,0,-0.197998046875
56.1337,0,-0.031982421875,0,-0.242919921875,0,-0.023712158203125,0,-0.197998046875
56.1447,0,-0.031982421875,1,0.3486328125,0,-0.023712158203125,0,0.09918212890625
56.1532,0,0.047698974609375,1,0.3486328125,0,-0.0210723876953125,0,0.09918212890625
56.1641,0,0.047698974609375,0,-0.56494140625,0,-0.0210723876953125,0,0.09918212890625
56.1726,0,-0.0157318115234375,0,-0.56494140625,0,0.07855224609375,0,0.146240234375
56.1839,0,-0.0157318115234375,-1,-0.9208984375,0,0.07855224609375,0,0.146240234375
56.1923,0,0.076171875,-1,-0.9208984375,0,-0.06878662109375,0,0.032470703125
56.2030,0,0.076171875,0,0.2442626953125,0,-0.06878662109375,0,0.15185546875
56.2122,0,0.11761474609375,0,0.2442626953125,0,0.0325927734375,0,0.15185546875
56.2232,0,0.11761474609375,0,-0.59326171875,0,0.0325927734375,0,0.15185546875
56.2328,0,-0.0158843994140625,0,-0.59326171875,0,-0.04742431640625,0,0.1361083984375
56.2437,0,-0.0158843994140625,0,0.2440185546875,0,-0.04742431640625,0,0.1519775390625
56.2534,0,-0.0158843994140625,0,0.2440185546875,0,0.0279541015625,0,0.1519775390625
56.2651,0,-0.08343505859375,0,-0.615234375,0,0.0279541015625,0,0.1519775390625
56.2728,0,-0.08343505859375,0,-0.615234375,0,-0.035064697265625,0,0.060577392578125
56.2839,0,0.055816650390625,0,-0.615234375,0,-0.035064697265625,0,0.060577392578125
56.2924,0,0.0433349609375,0,-0.049163818359375,0,-0.050262451171875,0,-0.09625244140625
56.3049,0,0.0433349609375,0,-0.11822509765625,0,-0.050262451171875,0,-0.09625244140625
56.3120,0,0.0433349609375,0,-0.11822509765625,0,0.0452880859375,0,-0.10992431640625
56.3229,0,0.04400634765625,0,-0.814453125,0,0.0452880859375,0,-0.10992431640625
56.3321,0,0.04400634765625,0,-0.814453125,0,0.02862548828125,0,0.213623046875
56.3428,0,0.064697265625,0,-0.814453125,0,0.02862548828125,0,0.213623046875
56.3523,0,0.064697265625,0,0.1595458984375,0,-0.0404052734375,0,-0.188720703125
56.3612,0,0.039825439453125,0,0.44775390625,0,-0.0404052734375,0,-0.188720703125
56.3711,0,0.039825439453125,0,0.44775390625,0,-0.0404052734375,0,-0.229736328125
56.3817,0,-0.1387939453125,0,0.346923828125,0,-0.047760009765625,0,-0.229736328125
56.3920,0,-0.1387939453125,0,0.346923828125,0,-0.047760009765625,0,0.1304931640625
56.4035,0,0.07196044921875,0,0.346923828125,0,-0.01275634765625,0,0.1304931640625
56.4107,0,0.07196044921875,0,0.2137451171875,0,-0.0950927734375,0,0.08740234375
56.4221,0,0.068603515625,0,0.2137451171875,0,-0.0950927734375,0,0.08740234375
56.4324,0,0.068603515625,0,-0.0295562744140625,0,-0.0950927734375,0,0.0265655517578125
56.4439,0,-0.08453369140625,0,0.49462890625,0,-0.12396240234375,0,0.0265655517578125
56.4527,0,-0.08453369140625,0,0.49462890625,0,-0.12396240234375,0,0.1219482421875
56.4640,0,-0.09881591796875,0,0.49462890625,0,-0.0244140625,0,0.1219482421875
56.4724,0,-0.09881591796875,-1,-0.2939453125,0,-0.0244140625,0,0.1614990234375
56.4834,0,0.099853515625,-1,-0.2939453125,0,-0.0184326171875,0,0.1614990234375
56.4915,0,0.099853515625,0,-0.2841796875,0,-0.0184326171875,0,0.1614990234375
56.5026,0,-0.17919921875,0,-0.6728515625,0,-0.043609619140625,0,-0.2025146484375
56.5111,0,-0.17919921875,0,-0.6728515625,0,-0.043609619140625,0,0.12890625
56.5226,0,0.077880859375,0,-0.6728515625,0,-0.0289306640625,0,0.12890625
56.5337,0,0.077880859375,0,0.3837890625,0,-0.0289306640625,0,-0.07391357421875
56.5451,0,-0.03851318359375,0,0.3837890625,0,-0.0224151611328125,0,-0.07391357421875
56.5538,0,-0.03851318359375,0,0.258056640625,0,-0.0224151611328125,0,-0.07391357421875
56.5650,0,0.10162353515625,0,0.258056640625,0,0.03851318359375,0,0.0762939453125
56.5737,0,0.10162353515625,0,0.2281494140625,0,0.03851318359375,0,0.0762939453125
56.5861,0,0.032012939453125,0,0.2281494140625,0,-0.0684814453125,0,-0.201416015625
56.5940,0,0.032012939453125,0,0.3740234375,0,-0.0684814453125,0,0.123046875
56.6060,0,-0.06304931640625,0,0.3740234375,0,-0.07415771484375,0,0.123046875
56.6134,0,-0.06304931640625,0,0.0245513916015625,0,-0.07415771484375,0,0.042816162109375
56.6251,0,-0.11724853515625,0,0.0245513916015625,0,-0.053009033203125,0,0.042816162109375
56.6344,0,-0.11724853515625,0,0.396728515625,0,-0.053009033203125,0,0.042816162109375
56.6454,0,0.052581787109375,0,0.396728515625,0,0.08856201171875,0,0.12274169921875
56.6529,0,0.052581787109375,0,-0.1300048828125,0,0.08856201171875,0,0.12274169921875
56.6645,0,-0.036834716796875,0,-0.1300048828125,0,0.034698486328125,0,0.1097412109375
56.6723,0,-0.036834716796875,1,0.52490234375,0,0.034698486328125,0,0.055206298828125
56.6857,0,0.01727294921875,1,0.52490234375,0,-0.030792236328125,0,0.055206298828125
56.6923,0,0.01727294921875,-1,-0.4013671875,0,-0.030792236328125,0,0.055206298828125
56.7059,0,0.041778564453125,-1,-0.4013671875,0,-0.01151275634765625,0,-0.1865234375
56.7120,0,0.041778564453125,1,0.485107421875,0,-0.01151275634765625,0,-0.1865234375
56.7230,0,0.06988525390625,1,0.485107421875,0,-0.046295166015625,0,-0.038238525390625
56.7315,0,0.06988525390625,0,0.3203125,0,-0.046295166015625,0,-0.038238525390625
56.7419,0,0.053955078125,0,0.3203125,0,-0.01702880859375,0,0.11669921875
56.7533,0,0.053955078125,1,0.457275390625,0,-0.01702880859375,0,0.11669921875
56.7634,0,0.053955078125,1,0.457275390625,0,0.06268310546875,0,0.0171356201171875
56.7721,0,0.034698486328125,0,-0.194580078125,0,0.06268310546875,0,0.0171356201171875
56.7826,0,0.034698486328125,0,-0.194580078125,0,-0.06182861328125,0,0.1282958984375
56.7911,0,0.08990478515625,-1,0.1546630859375,0,-0.06182861328125,0,0.1282958984375
56.8037,0,0.048095703125,-1,0.1546630859375,0,-0.06756591796875,0,0.1361083984375
56.8125,0,0.048095703125,-1,-0.89404296875,0,-0.06756591796875,0,0.1361083984375
56.8228,0,-0.09521484375,-1,-0.89404296875,0,0.04193115234375,0,0.08544921875
56.8332,0,-0.09521484375,0,-0.0299530029296875,0,0.04193115234375,0,0.08544921875
56.8456,0,-0.0239105224609375,0,-0.0299530029296875,0,-0.036712646484375,0,0.149658203125
56.8542,0,-0.0239105224609375,1,0.46826171875,0,-0.036712646484375,0,0.149658203125
56.8653,0,-0.0239105224609375,1,0.46826171875,0,0.0187530517578125,0,0.1307373046875
56.8738,0,0.08441162109375,0,0.486572265625,0,0.0187530517578125,0,0.1307373046875
56.8848,0,0.08441162109375,0,0.486572265625,0,0.0187530517578125,0,-0.255859375
56.8933,0,-0.132080078125,-1,0.197021484375,0,-0.07000732421875,0,-0.255859375
56.9048,0,-0.132080078125,-1,0.197021484375,0,0.0657958984375,0,-0.25390625
56.9128,0,0.1295166015625,-1,0.197021484375,0,0.0657958984375,0,-0.25390625
56.9241,0,0.1295166015625,0,0.146240234375,0,0.0169525146484375,0,0.029327392578125
56.9325,0,-0.1834716796875,0,0.1964111328125,0,0.0169525146484375,0,0.029327392578125
56.9449,0,-0.1834716796875,0,0.1964111328125,0,0.0169525146484375,0,-0.21875
56.9547,0,-0.097412109375,0,0.25732421875,0,-0.035247802734375,0,-0.21875
56.9636,0,-0.097412109375,0,0.25732421875,0,0.03924560546875,0,0.0287628173828125
56.9738,0,0.05364990234375,0,0.25732421875,0,0.03924560546875,0,0.0287628173828125
56.9846,0,0.05364990234375,0,0.26318359375,0,0.03924560546875,0,0.09735107421875
56.9932,0,0.07073974609375,0,0.26318359375,0,-0.0094146728515625,0,0.09735107421875
57.0042,0,0.07073974609375,0,-1.0380859375,0,-0.0094146728515625,0,-0.1881103515625
57.0124,0,-0.10455322265625,0,-1.0380859375,0,-0.04241943359375,0,-0.1881103515625
57.0234,0,-0.10455322265625,0,0.1290283203125,0,-0.04241943359375,0,0.1612548828125
57.0330,0,0.09503173828125,0,0.1290283203125,0,-0.034820556640625,0,0.1612548828125
57.0439,0,0.09503173828125,-1,-1.07421875,0,-0.034820556640625,0,0.010284423828125
57.0524,0,-0.07958984375,-1,-1.07421875,0,-0.050262451171875,0,0.010284423828125
57.0634,0,-0.07958984375,0,0.377197265625,0,-0.050262451171875,0,0.010284423828125
57.0726,0,0.0194091796875,0,0.377197265625,0,0.092529296875,0,0.09503173828125
57.0831,0,0.0194091796875,0,-0.5966796875,0,0.092529296875,0,0.09503173828125
57.0922,0,-0.1029052734375,0,-0.5966796875,0,0.044677734375,0,0.13134765625
57.1039,0,-0.1029052734375,0,-0.1419677734375,0,0.044677734375,0,0.13134765625
57.1112,0,0.05682373046875,0,-0.1419677734375,0,-0.0287933349609375,0,0.03875732421875
57.1223,0,0.05682373046875,0,0.082763671875,0,-0.0287933349609375,0,0.03875732421875
57.1319,0,-0.030303955078125,0,0.082763671875,0,-0.04486083984375,0,0.07666015625
57.1447,0,-0.030303955078125,0,-0.60546875,0,-0.04486083984375,0,0.07666015625
57.1531,0,-0.030303955078125,0,-0.60546875,0,-0.03350830078125,0,0.12249755859375
57.1640,0,-0.11566162109375,0,-0.8798828125,0,-0.03350830078125,0,0.12249755859375
57.1728,0,-0.0122833251953125,0,-0.8798828125,0,-0.054962158203125,0,-0.145751953125
57.1836,0,-0.0122833251953125,1,0.53369140625,0,-0.054962158203125,0,-0.145751953125
57.1920,0,0.05859375,1,0.53369140625,0,-0.062103271484375,0,-0.0245361328125
57.2046,0,0.05859375,-1,-0.17431640625,0,-0.062103271484375,0,-0.0245361328125
57.2119,0,0.05859375,-1,-0.17431640625,0,-0.07159423828125,0,0.1829833984375
57.2227,0,0.01412200927734375,0,0.1707763671875,0,-0.07159423828125,0,0.1829833984375
57.2321,0,0.01412200927734375,0,0.1707763671875,0,-0.024993896484375,0,-0.03668212890625
57.2423,0,-0.044403076171875,0,0.294189453125,0,-0.024993896484375,0,-0.03668212890625
57.2492,0,0.11651611328125,0,0.294189453125,0,0.053558349609375,0,-0.190185546875
57.2644,0,0.11651611328125,0,-0.11700439453125,0,0.053558349609375,0,-0.190185546875
57.2711,0,0.11651611328125,0,-0.11700439453125,0,-0.082763671875,0,0.0992431640625
57.2819,0,-0.167724609375,0,0.3046875,0,-0.082763671875,0,0.0992431640625
57.2905,0,-0.167724609375,0,0.3046875,0,-0.0197601318359375,0,-0.066650390625
57.3016,0,0.044952392578125,0,0.2481689453125,0,-0.0197601318359375,0,-0.066650390625
57.3109,0,0.044952392578125,0,0.2481689453125,0,0.06451416015625,0,0.09576416015625
57.3222,0,0.076171875,0,-1.001953125,0,0.06451416015625,0,0.09576416015625
57.3303,0,0.076171875,0,-1.001953125,0,0.06451416015625,0,-0.1649169921875
57.3425,0,0.091796875,0,0.2257080078125,0,-0.0428466796875,0,-0.1649169921875
57.3515,0,0.091796875,0,0.2257080078125,0,-0.0428466796875,0,-0.05133056640625
57.3619,0,0.08465576171875,0,0.2257080078125,0,-0.06744384765625,0,-0.05133056640625
57.3726,0,0.08465576171875,0,0.254150390625,0,-0.06744384765625,0,0.1356201171875
57.3818,0,-0.0623779296875,0,-0.9619140625,0,0.03668212890625,0,0.1356201171875
57.3911,0,-0.0623779296875,0,-0.9619140625,0,0.078857421875,0,0.1563720703125
57.4019,0,-0.0543212890625,0,0.011444091796875,0,0.078857421875,0,0.1563720703125
57.4107,0,-0.0543212890625,0,0.011444091796875,0,-0.07666015625,0,-0.11175537109375
57.4215,0,0.0814208984375,0,0.011444091796875,0,-0.07666015625,0,-0.11175537109375
57.4305,0,0.0814208984375,0,0.43408203125,0,-0.07666015625,0,0.115478515625
57.4458,0,-0.07281494140625,-1,-0.85009765625,0,-0.03887939453125,0,0.115478515625
57.4532,0,-0.07281494140625,-1,-0.85009765625,0,-0.03887939453125,0,0.1341552734375
57.4643,0,0.0465087890625,-1,-0.85009765625,0,-0.049468994140625,0,0.1341552734375
57.4733,0,0.0465087890625,0,0.3037109375,0,-0.049468994140625,0,0.1341552734375
57.4840,0,-0.022796630859375,0,0.3037109375,0,-0.035552978515625,0,0.040191650390625
57.4924,0,-0.022796630859375,0,-0.12030029296875,0,-0.035552978515625,0,0.040191650390625
57.5057,0,0.051300048828125,0,0.3759765625,0,-0.0308990478515625,0,-0.16845703125
57.5168,0,0.051300048828125,0,0.3759765625,0,-0.0338134765625,0,0.10186767578125
57.5241,0,-0.160400390625,0,0.3759765625,0,-0.0338134765625,0,0.10186767578125
57.5321,0,-0.160400390625,0,-0.7470703125,0,-0.0338134765625,0,0.10186767578125
57.5453,0,-0.042144775390625,0,-0.7470703125,0,-0.022125244140625,0,0.115234375
57.5567,0,-0.042144775390625,0,-0.68310546875,0,-0.022125244140625,0,0.115234375
57.5652,0,-0.05108642578125,0,-0.68310546875,0,-0.06524658203125,0,-0.0458984375
57.5753,0,-0.05108642578125,0,0.0833740234375,0,0.00675201416015625,0,0.1934814453125
57.5850,0,-0.0733642578125,0,0.0833740234375,0,0.00675201416015625,0,0.1934814453125
57.5930,0,-0.0733642578125,0,-0.6484375,0,0.00675201416015625,0,0.1934814453125
57.6043,0,-0.0733642578125,0,-0.6484375,0,-0.04974365234375,0,-0.012542724609375
57.6126,0,-0.042816162109375,0,0.271240234375,0,-0.04974365234375,0,-0.012542724609375
57.6244,0,-0.042816162109375,0,0.271240234375,0,0.009063720703125,0,-0.2137451171875
57.6341,0,0.03985595703125,0,0.08416748046875,0,0.009063720703125,0,-0.10955810546875
57.6446,0,-0.027313232421875,0,0.08416748046875,0,0.01238250732421875,0,-0.10955810546875
57.6533,0,-0.027313232421875,0,-0.96484375,0,0.01238250732421875,0,-0.10955810546875
57.6650,0,-0.027313232421875,0,-0.96484375,0,-0.042572021484375,0,0.1700439453125
57.6745,0,-0.0689697265625,0,0.478271484375,0,-0.042572021484375,0,0.1700439453125
57.6855,0,-0.0689697265625,0,0.478271484375,0,-0.06610107421875,0,0.11273193359375
57.6964,0,0.05450439453125,1,0.40966796875,0,-0.06610107421875,0,0.11273193359375
57.7054,0,0.05450439453125,1,0.40966796875,0,0.055633544921875,0,-0.047210693359375
57.7137,0,-0.11376953125,0,0.207763671875,0,0.055633544921875,0,-0.047210693359375
57.7247,0,-0.11376953125,0,0.207763671875,0,-0.07684326171875,0,0.1787109375
57.7342,0,0.10113525390625,0,-0.146484375,0,-0.07684326171875,0,0.1787109375
57.7468,0,0.05096435546875,0,-0.146484375,0,0.011444091796875,0,-0.215087890625
57.7541,0,0.05096435546875,0,-0.966796875,0,0.011444091796875,0,-0.215087890625
57.7654,0,0.05096435546875,0,-0.966796875,0,-0.04315185546875,0,-0.1461181640625
57.7739,0,0.0264892578125,0,0.334716796875,0,-0.04315185546875,0,-0.1461181640625
57.7852,0,0.0264892578125,0,0.334716796875,0,0.00980377197265625,0,0.0131378173828125
57.7932,0,0.01593017578125,0,-0.07098388671875,0,0.00980377197265625,0,0.0131378173828125
57.8079,0,0.036712646484375,0,-0.07098388671875,0,-0.019378662109375,0,-0.01263427734375
57.8150,0,0.036712646484375,0,0.095703125,0,-0.019378662109375,0,-0.01263427734375
57.8259,0,0.036712646484375,0,0.095703125,0,-0.069091796875,0,-0.1671142578125
57.8344,0,0.060546875,1,0.5009765625,0,-0.069091796875,0,-0.1671142578125
57.8454,0,0.060546875,1,0.5009765625,0,-0.047637939453125,0,0.1617431640625
57.8577,0,-0.1153564453125,1,0.5009765625,0,-0.047637939453125,0,0.1617431640625
57.8673,0,-0.1153564453125,2,0.322998046875,0,-0.0836181640625,0,-0.09130859375
57.8749,0,0.103515625,2,0.322998046875,0,-0.0836181640625,0,-0.09130859375
57.8860,0,0.103515625,2,0.5478515625,0,-0.04205322265625,0,-0.1746826171875
57.8944,0,0.059356689453125,2,0.5478515625,0,-0.04205322265625,0,-0.1746826171875
57.9058,0,0.059356689453125,0,0.318603515625,0,-0.053314208984375,0,-0.215087890625
57.9140,0,0.1239013671875,0,0.318603515625,0,-0.053314208984375,0,-0.215087890625
57.9251,0,0.1239013671875,0,0.544921875,0,-0.08209228515625,0,0.1514892578125
57.9335,0,-0.1722412109375,0,0.544921875,0,-0.08209228515625,0,0.1514892578125
57.9448,0,-0.1722412109375,0,-0.11328125,0,-0.07769775390625,0,-0.20458984375
57.9561,0,-0.04876708984375,0,-0.11328125,0,-0.07769775390625,0,-0.20458984375
57.9681,0,-0.04876708984375,0,0.163818359375,0,-0.07769775390625,0,-0.20458984375
57.9755,0,-0.107666015625,0,0.163818359375,0,-0.053009033203125,0,0.0950927734375
57.9864,0,-0.107666015625,1,0.252685546875,0,-0.0162353515625,0,0.0950927734375
57.9948,0,-0.107666015625,1,0.252685546875,0,-0.0162353515625,0,-0.048065185546875
58.0065,0,-0.11102294921875,0,-0.68798828125,0,-0.019439697265625,0,0.1793212890625
58.0143,0,-0.1400146484375,0,-0.68798828125,0,-0.019439697265625,0,0.1793212890625
58.0255,0,-0.1400146484375,0,0.1473388671875,0,-0.019439697265625,0,0.1793212890625
58.0348,0,-0.1400146484375,0,0.1473388671875,0,-0.029388427734375,0,0.1456298828125
58.0470,0,0.038726806640625,0,0.327880859375,0,0.04095458984375,0,-0.198486328125
58.0559,0,0.031951904296875,0,0.327880859375,0,0.04095458984375,0,-0.198486328125
58.0649,0,0.031951904296875,-2,0.0849609375,0,0.0521240234375,0,0.172607421875
58.0752,0,0.0743408203125,-2,0.0849609375,0,0.0521240234375,0,0.172607421875
58.0865,0,0.0743408203125,-4,-0.374755859375,0,0.0521240234375,0,0.172607421875
58.0947,0,0.0743408203125,-4,-0.374755859375,0,-0.08026123046875,0,0.165283203125
58.1065,0,-0.028656005859375,0,0.6474609375,0,-0.08026123046875,0,0.165283203125
58.1144,0,-0.028656005859375,0,0.6474609375,0,-0.041534423828125,0,0.077880859375
58.1256,0,-0.1737060546875,0,0.203125,0,-0.041534423828125,0,0.023712158203125
58.1330,0,-0.1220703125,0,0.203125,0,-0.0309600830078125,0,0.023712158203125
58.1446,0,-0.1220703125,0,0.3662109375,0,-0.1258544921875,0,-0.2266845703125
58.1536,0,-0.1451416015625,0,0.3662109375,0,-0.1258544921875,0,-0.2266845703125
58.1646,0,-0.1451416015625,0,-0.87451171875,0,-0.1258544921875,0,-0.2266845703125
58.1736,0,-0.1451416015625,0,-0.87451171875,0,-0.044525146484375,0,0.2098388671875
58.1846,0,-0.035919189453125,0,-0.048583984375,0,-0.044525146484375,0,0.2098388671875
58.1930,0,-0.035919189453125,0,-0.048583984375,0,-0.0714111328125,0,0.002742767333984375
58.2039,0,0.0924072265625,1,0.192626953125,0,-0.0714111328125,0,0.002742767333984375
58.2123,0,0.0924072265625,1,0.192626953125,0,-0.037139892578125,0,-0.0655517578125
58.2252,0,-0.03912353515625,0,0.0304412841796875,0,-0.037139892578125,0,-0.0655517578125
58.2331,0,-0.03912353515625,0,0.0304412841796875,0,-0.0244140625,0,0.1937255859375
58.2445,0,-0.12060546875,-2,-0.64501953125,0,-0.0244140625,0,0.1937255859375
58.2553,0,-0.12060546875,-2,-0.64501953125,0,-0.03350830078125,0,0.2027587890625
58.2638,0,-0.0660400390625,0,0.306396484375,0,-0.03350830078125,0,0.2027587890625
58.2735,0,-0.0660400390625,0,0.306396484375,0,-0.08197021484375,0,-0.08349609375
58.2845,0,0.1717529296875,-2,-0.9365234375,0,-0.08197021484375,0,-0.08349609375
58.2933,0,0.1717529296875,-2,-0.9365234375,0,-0.051544189453125,0,0.131103515625
58.3045,0,0.06744384765625,-2,-0.9365234375,0,-0.051544189453125,0,0.131103515625
58.3126,0,0.06744384765625,0,0.3681640625,0,-0.054443359375,0,0.0202789306640625
58.3235,0,-0.03704833984375,0,0.3681640625,0,-0.054443359375,0,0.0202789306640625
58.3327,0,-0.03704833984375,0,0.388427734375,0,0.036773681640625,0,0.1546630859375
58.3431,0,0.009368896484375,0,0.388427734375,0,0.036773681640625,0,0.1546630859375
58.3532,0,0.009368896484375,0,-0.0306854248046875,0,-0.058349609375,0,-0.061065673828125
58.3637,0,-0.049530029296875,0,-0.0306854248046875,0,-0.058349609375,0,-0.061065673828125
58.3750,0,-0.049530029296875,0,0.53564453125,0,-0.0604248046875,0,0.1246337890625
58.3836,0,-0.11224365234375,0,0.53564453125,0,-0.0604248046875,0,0.1246337890625
58.3922,0,-0.11224365234375,0,0.1304931640625,0,-0.0433349609375,0,-0.0745849609375
58.4033,0,0.0163726806640625,0,0.1304931640625,0,-0.0433349609375,0,-0.0745849609375
58.4117,0,0.0163726806640625,0,0.18310546875,0,-0.03497314453125,0,0.1436767578125
58.4232,0,0.027923583984375,0,0.18310546875,0,-0.03497314453125,0,0.1436767578125
58.4314,0,0.027923583984375,0,-0.6689453125,0,-0.07061767578125,0,0.1793212890625
58.4436,0,0.0533447265625,0,-0.6689453125,0,-0.07061767578125,0,0.1793212890625
58.4508,0,0.0533447265625,0,0.1988525390625,0,-0.045623779296875,0,-0.2138671875
58.4640,0,0.0828857421875,0,0.1988525390625,0,-0.045623779296875,0,-0.2138671875
58.4723,0,0.0828857421875,0,0.30224609375,0,-0.045623779296875,0,0.11328125
58.4831,0,0.0853271484375,0,0.30224609375,0,-0.117431640625,0,0.11328125
58.4921,0,0.0853271484375,0,0.1806640625,0,-0.117431640625,0,0.1480712890625
58.5029,0,0.0767822265625,0,0.1806640625,0,-0.0245208740234375,0,0.1480712890625
58.5113,0,0.0767822265625,0,0.1346435546875,0,-0.0245208740234375,0,-0.04034423828125
58.5252,0,-0.03790283203125,0,0.1346435546875,0,-0.03125,0,-0.04034423828125
58.5307,0,-0.03790283203125,0,-0.5751953125,0,-0.03125,0,0.0755615234375
58.5442,0,-0.088623046875,0,-0.5751953125,0,-0.091064453125,0,0.0755615234375
58.5539,0,-0.088623046875,0,0.454833984375,0,-0.091064453125,0,-0.0792236328125
58.5647,0,0.0421142578125,0,0.454833984375,0,0.05450439453125,0,-0.0792236328125
58.5736,0,0.0421142578125,0,-0.06536865234375,0,0.05450439453125,0,0.037109375
58.5842,0,0.09307861328125,0,-0.06536865234375,0,-0.04718017578125,0,0.037109375
58.5928,0,0.09307861328125,0,0.5048828125,0,-0.04718017578125,0,0.06878662109375
58.6044,0,0.04827880859375,0,0.5048828125,0,-0.068359375,0,0.06878662109375
58.6122,0,0.04827880859375,-1,-0.34912109375,0,-0.068359375,0,0.0819091796875
58.6238,0,-0.05035400390625,-1,-0.34912109375,0,-0.0782470703125,0,0.0819091796875
58.6302,0,-0.05035400390625,0,0.06915283203125,0,-0.0782470703125,0,0.130859375
58.6429,0,0.10205078125,0,0.06915283203125,0,-0.054412841796875,0,0.130859375
58.6533,0,0.10205078125,1,0.32568359375,0,-0.054412841796875,0,0.130859375
58.6635,0,-0.0406494140625,1,0.32568359375,0,-0.0626220703125,0,0.052490234375
58.6729,0,-0.0406494140625,0,-0.8916015625,0,-0.0626220703125,0,0.052490234375
58.6841,0,0.017547607421875,0,-0.8916015625,0,-0.0224151611328125,0,-0.10943603515625
58.6927,0,0.017547607421875,0,0.062286376953125,0,-0.0224151611328125,0,0.12347412109375
58.7048,0,0.0599365234375,0,0.062286376953125,0,-0.0223236083984375,0,0.12347412109375
58.7121,0,0.0599365234375,-1,-0.84521484375,0,-0.0223236083984375,0,-0.0943603515625
58.7233,0,0.07513427734375,-1,-0.84521484375,0,0.052398681640625,0,-0.0943603515625
58.7319,0,0.07513427734375,0,0.0831298828125,0,0.052398681640625,0,-0.1380615234375
58.7441,0,0.07513427734375,0,0.0831298828125,0,-0.0404052734375,0,-0.1380615234375
58.7516,0,-0.0289459228515625,0,-0.5693359375,0,-0.0404052734375,0,-0.1380615234375
58.7627,0,-0.0289459228515625,0,-0.5693359375,0,-0.05010986328125,0,0.1556396484375
58.7722,0,0.06097412109375,0,-0.5693359375,0,-0.05010986328125,0,0.1556396484375
58.7832,0,0.06097412109375,0,0.50927734375,0,0.0750732421875,0,0.1484375
58.7918,0,-0.07098388671875,0,0.50927734375,0,0.0750732421875,0,0.1484375
58.8020,0,-0.05328369140625,0,-0.2430419921875,0,-0.0197906494140625,0,0.0246734619140625
58.8155,0,-0.05328369140625,0,-1.0107421875,0,-0.0197906494140625,0,0.1363525390625
58.8241,0,-0.05328369140625,0,-1.0107421875,0,-0.046875,0,0.1363525390625
58.8314,0,0.062042236328125,0,0.2578125,0,-0.046875,0,0.1363525390625
58.8436,0,0.062042236328125,0,0.2578125,0,-0.061004638671875,0,-0.0845947265625
58.8522,0,-0.11212158203125,-1,-0.85107421875,0,-0.061004638671875,0,-0.0845947265625
58.8655,0,-0.11212158203125,-1,-0.85107421875,0,-0.061004638671875,0,-0.2080078125
58.8741,0,0.043121337890625,-1,-0.85107421875,0,-0.036346435546875,0,-0.2080078125
58.8851,0,0.043121337890625,0,-0.60595703125,0,-0.036346435546875,0,0.2213134765625
58.8937,0,0.09039306640625,0,-0.60595703125,0,0.047393798828125,0,0.2213134765625
58.9049,0,0.09039306640625,0,0.390869140625,0,0.047393798828125,0,-0.136962890625
58.9134,0,0.09014892578125,0,0.390869140625,0,0.0679931640625,0,-0.136962890625
58.9243,0,0.09014892578125,0,0.03521728515625,0,0.0679931640625,0,0.07763671875
58.9336,0,-0.0833740234375,0,0.03521728515625,0,0.0343017578125,0,0.07763671875
58.9439,0,-0.0833740234375,0,0.4990234375,0,0.0343017578125,0,0.1270751953125
58.9536,0,0.056884765625,0,0.4990234375,0,-0.0208892822265625,0,0.1270751953125
58.9664,0,0.056884765625,0,-0.67529296875,0,-0.0208892822265625,0,0.0258636474609375
58.9746,0,-0.10040283203125,0,-0.67529296875,0,-0.0994873046875,0,0.0258636474609375
58.9863,0,-0.10040283203125,0,0.45458984375,0,-0.1124267578125,0,0.084716796875
58.9944,0,-0.1104736328125,0,0.45458984375,0,-0.1124267578125,0,0.084716796875
59.0065,0,-0.1104736328125,2,0.5107421875,0,-0.1124267578125,0,-0.238037109375
59.0138,0,0.0367431640625,2,0.5107421875,0,-0.01398468017578125,0,-0.238037109375
59.0254,0,0.0367431640625,0,0.6279296875,0,-0.01398468017578125,0,0.1614990234375
59.0345,0,0.0423583984375,0,0.6279296875,0,-0.06292724609375,0,0.1614990234375
59.0444,0,0.0423583984375,0,0.1390380859375,0,-0.06292724609375,0,0.033294677734375
59.0539,0,0.1220703125,0,0.1390380859375,0,-0.078125,0,0.033294677734375
59.0640,0,0.1220703125,0,-0.426513671875,0,0.054901123046875,0,-0.1204833984375
59.0738,0,0.05755615234375,0,-0.426513671875,0,0.054901123046875,0,-0.1204833984375
59.0847,0,0.05755615234375,1,0.52490234375,0,0.054901123046875,0,-0.1204833984375
59.0934,0,-0.0235443115234375,1,0.52490234375,0,0.023193359375,0,0.12298583984375
59.1047,0,-0.0235443115234375,0,-0.10968017578125,0,0.023193359375,0,0.12298583984375
59.1126,0,-0.1734619140625,0,-0.10968017578125,0,-0.07659912109375,0,-0.0272216796875
59.1240,0,-0.1734619140625,-2,-0.92236328125,0,-0.07659912109375,0,-0.0272216796875
59.1353,0,0.053192138671875,-2,-0.92236328125,0,-0.047119140625,0,0.1527099609375
59.1439,0,0.053192138671875,0,0.43896484375,0,-0.047119140625,0,0.1527099609375
59.1520,0,0.046905517578125,0,0.43896484375,0,-0.04150390625,0,-0.1424560546875
59.1619,0,0.046905517578125,0,-0.09332275390625,0,-0.04150390625,0,-0.163330078125
59.1715,0,-0.1075439453125,0,-0.09332275390625,0,0.042205810546875,0,-0.163330078125
59.1825,0,-0.1075439453125,0,-0.66357421875,0,0.042205810546875,0,-0.163330078125
59.1915,0,-0.1075439453125,0,-0.66357421875,0,-0.08172607421875,0,0.07818603515625
59.2025,0,-0.051055908203125,-2,-0.2027587890625,0,-0.08172607421875,0,0.07818603515625
59.2107,0,-0.051055908203125,-2,-0.2027587890625,0,-0.026275634765625,0,0.09771728515625
59.2218,0,-0.07080078125,0,0.375732421875,0,-0.026275634765625,0,0.09771728515625
59.2318,0,-0.07080078125,0,0.375732421875,0,-0.03619384765625,0,0.023040771484375
59.2428,0,0.05572509765625,0,-0.67431640625,0,-0.03619384765625,0,0.023040771484375
59.2512,0,0.05572509765625,0,-0.67431640625,0,-0.03619384765625,0,-0.2008056640625
59.2633,0,0.105712890625,0,0.1422119140625,0,-0.05902099609375,0,-0.2008056640625
59.2726,0,0.105712890625,0,0.1422119140625,0,-0.051513671875,0,-0.05029296875
59.2828,0,0.0270843505859375,0,0.1422119140625,0,-0.051513671875,0,-0.05029296875
59.2920,0,0.0270843505859375,0,-1.056640625,0,-0.022796630859375,0,0.085693359375
59.3030,0,-0.12274169921875,0,-0.9345703125,0,-0.022796630859375,0,0.085693359375
59.3114,0,-0.12274169921875,0,-0.9345703125,0,-0.022796630859375,0,0.131591796875
59.3240,0,0.0277557373046875,0,-0.02423095703125,0,-0.052154541015625,0,0.131591796875
59.3322,0,0.0277557373046875,0,-0.02423095703125,0,-0.052154541015625,0,0.1695556640625
59.3452,0,0.03802490234375,0,-0.02423095703125,0,-0.0151519775390625,0,0.1695556640625
59.3518,0,0.03802490234375,0,0.42333984375,0,-0.0151519775390625,0,0.0474853515625
59.3628,0,-0.025543212890625,0,0.53076171875,0,-0.0283050537109375,0,0.0474853515625
59.3715,0,-0.025543212890625,0,0.53076171875,0,-0.0283050537109375,0,0.1651611328125
59.3824,0,0.042572021484375,0,-0.74853515625,0,-0.007091522216796875,0,0.1651611328125
59.3919,0,0.042572021484375,0,-0.74853515625,0,-0.007091522216796875,0,0.1033935546875
59.4021,0,-0.132568359375,0,-0.74853515625,0,0.08526611328125,0,0.1033935546875
59.4107,0,-0.132568359375,0,0.2666015625,0,0.08526611328125,0,-0.04888916015625
59.4218,0,-0.07513427734375,0,0.2666015625,0,0.045440673828125,0,-0.04888916015625
59.4305,0,-0.07513427734375,-1,-0.08905029296875,0,0.045440673828125,0,-0.0267791748046875
59.4421,0,0.07354736328125,1,0.4931640625,0,0.07672119140625,0,-0.0267791748046875
59.4504,0,0.07354736328125,1,0.4931640625,0,0.07672119140625,0,0.13916015625
59.4615,0,-0.047607421875,0,0.3974609375,0,0.0135955810546875,0,0.13916015625
59.4728,0,-0.047607421875,0,0.3974609375,0,0.0135955810546875,0,-0.0810546875
59.4825,0,0.1337890625,0,-0.83056640625,0,-0.0635986328125,0,-0.0810546875
59.4929,0,0.1337890625,0,-0.83056640625,0,-0.0635986328125,0,-0.136474609375
59.5036,0,0.058990478515625,0,-0.83056640625,0,0.043426513671875,0,-0.136474609375
59.5124,0,0.058990478515625,0,0.0667724609375,0,0.043426513671875,0,-0.136474609375
59.5234,0,0.058990478515625,0,0.0667724609375,0,-0.017822265625,0,0.08197021484375
59.5313,0,0.1478271484375,0,0.5029296875,0,-0.017822265625,0,0.11810302734375
59.5445,0,0.0221710205078125,0,0.5029296875,0,-0.06781005859375,0,0.11810302734375
59.5532,0,0.0221710205078125,0,0.29052734375,0,-0.06781005859375,0,0.11810302734375
59.5649,0,0.0221710205078125,0,0.29052734375,0,-0.04693603515625,0,-0.2208251953125
59.5736,0,0.07318115234375,-2,-0.87890625,0,-0.04693603515625,0,-0.2208251953125
59.5835,0,0.056243896484375,-2,-0.87890625,0,-0.08966064453125,0,0.1568603515625
59.5933,0,0.056243896484375,0,-0.14306640625,0,-0.08966064453125,0,0.1568603515625
59.6042,0,-0.07037353515625,0,-0.14306640625,0,0.03778076171875,0,-0.2066650390625
59.6133,0,-0.07037353515625,0,-0.13232421875,0,0.03778076171875,0,-0.2066650390625
59.6242,0,-0.07037353515625,0,-0.13232421875,0,-0.0838623046875,0,-0.05987548828125
59.6326,0,0.0258636474609375,0,-0.156005859375,0,-0.0838623046875,0,-0.05987548828125
59.6439,0,0.0258636474609375,0,-0.156005859375,0,-0.0838623046875,0,0.1336669921875
59.6520,0,0.0830078125,0,0.262451171875,0,-0.0740966796875,0,0.1336669921875
59.6632,0,0.0830078125,0,0.262451171875,0,-0.0740966796875,0,0.06304931640625
59.6723,0,-0.109130859375,-1,-0.5888671875,0,-0.034210205078125,0,0.06304931640625
59.6832,0,-0.109130859375,-1,-0.5888671875,0,-0.0286865234375,0,0.1378173828125
59.6944,0,0.0283355712890625,0,0.56005859375,0,-0.0286865234375,0,0.1378173828125
59.7045,0,0.0283355712890625,0,0.56005859375,0,-0.0286865234375,0,-0.170166015625
59.7116,0,0.049346923828125,2,0.57373046875,0,-0.036773681640625,0,-0.170166015625
59.7243,0,0.049346923828125,2,0.57373046875,0,-0.056854248046875,0,0.12353515625
59.7310,0,0.062225341796875,0,0.59521484375,0,-0.056854248046875,0,0.12353515625
59.7422,0,0.062225341796875,0,0.59521484375,0,-0.056854248046875,0,0.047637939453125
59.7507,0,0.0689697265625,1,0.54638671875,0,-0.03125,0,0.047637939453125
59.7629,0,0.0689697265625,1,0.54638671875,0,-0.03125,0,0.0703125
59.7726,0,0.086669921875,0,-0.054107666015625,0,-0.0743408203125,0,0.0703125
59.7824,0,0.086669921875,0,-0.054107666015625,0,-0.0743408203125,0,-0.0738525390625
59.7907,0,-0.039398193359375,0,-0.054107666015625,0,0.0767822265625,0,-0.0738525390625
59.8032,0,-0.039398193359375,0,0.483642578125,0,0.0767822265625,0,-0.2130126953125
59.8105,0,0.08538818359375,0,0.61376953125,0,-0.029144287109375,0,-0.2130126953125
59.8226,0,0.08538818359375,0,0.61376953125,0,-0.029144287109375,0,0.1307373046875
59.8316,0,-0.041778564453125,0,0.61376953125,0,-0.0310211181640625,0,0.1307373046875
59.8431,0,-0.041778564453125,0,-0.2115478515625,0,-0.0310211181640625,0,0.1763916015625
59.8515,0,0.060882568359375,0,-0.2115478515625,0,-0.05804443359375,0,0.1763916015625
59.8623,0,0.060882568359375,0,-0.73974609375,0,-0.052581787109375,0,-0.203125
59.8772,0,-0.1390380859375,0,-0.73974609375,0,-0.052581787109375,0,-0.203125
59.8854,0,-0.1390380859375,0,0.31103515625,0,-0.052581787109375,0,-0.057098388671875
59.8944,0,-0.11517333984375,0,0.31103515625,0,-0.08514404296875,0,-0.057098388671875
59.9073,0,-0.11517333984375,0,0.070556640625,0,-0.08514404296875,0,0.1685791015625
59.9140,0,-0.11517333984375,0,0.070556640625,0,-0.0367431640625,0,0.1685791015625
59.9251,0,0.07781982421875,0,-0.43505859375,0,-0.0367431640625,0,-0.152587890625
59.9333,0,0.07781982421875,0,-0.43505859375,0,0.02880859375,0,-0.152587890625
59.9447,0,0.035858154296875,0,0.2215576171875,0,0.02880859375,0,0.132080078125
59.9530,0,0.035858154296875,0,0.2215576171875,0,0.0091705322265625,0,0.132080078125
59.9642,0,0.10791015625,0,-0.1158447265625,0,0.0091705322265625,0,0.17822265625
59.9749,0,0.10791015625,0,-0.1158447265625,0,-0.048919677734375,0,0.17822265625
