t,FR_rpm,FR_amp,FL_rpm,FL_amp,RR_rpm,RR_amp,RL_rpm,RL_amp
0.0000,0,0.05059814453125,0,-0.05029296875,0,0.084228515625,0,0.044219970703125
0.0048,0,0.05059814453125,0,-0.156494140625,0,0.084228515625,0,0.044219970703125
0.0171,0,-0.1307373046875,0,-0.156494140625,0,0.0799560546875,0,-0.15087890625
0.0217,0,-0.1307373046875,0,-0.2392578125,0,0.0799560546875,0,-0.15087890625
0.0299,0,0.09759521484375,0,-0.2392578125,0,0.03985595703125,0,0.09991455078125
0.0420,0,0.09759521484375,0,-0.12939453125,0,0.03985595703125,0,0.09991455078125
0.0500,0,-0.057830810546875,0,-0.12939453125,0,0.04412841796875,0,0.1265869140625
0.0623,0,-0.057830810546875,0,0.17431640625,0,0.04412841796875,0,0.1265869140625
0.0776,0,-0.057830810546875,0,0.17431640625,0,0.03765869140625,0,-0.2110595703125
0.0888,0,-0.05975341796875,0,-0.0733642578125,0,0.03765869140625,0,-0.2110595703125
0.0960,0,-0.05975341796875,0,-0.0733642578125,0,0.0195770263671875,0,-0.125244140625
0.1069,0,-0.0478515625,0,0.229736328125,0,0.0195770263671875,0,-0.125244140625
0.1159,0,-0.0478515625,0,0.229736328125,0,0.0379638671875,0,0.080078125
0.1265,0,0.042144775390625,0,0.162353515625,0,0.0379638671875,0,0.080078125
0.1386,0,0.042144775390625,0,0.162353515625,0,0.035797119140625,0,0.0166778564453125
0.1481,0,-0.06005859375,0,-0.06707763671875,0,0.035797119140625,0,0.0166778564453125
0.1547,0,-0.06005859375,0,-0.06707763671875,0,-0.01959228515625,0,0.02099609375
0.1642,0,-0.0169219970703125,0,-0.31494140625,0,-0.01959228515625,0,0.02099609375
0.1776,0,-0.0169219970703125,0,-0.31494140625,0,0.051513671875,0,0.066162109375
0.1854,0,0.04644775390625,0,0.322509765625,0,0.051513671875,0,0.066162109375
0.1965,0,0.04644775390625,0,0.322509765625,0,0.062286376953125,0,-0.199462890625
0.2100,0,0.0799560546875,0,0.1744384765625,0,0.062286376953125,0,-0.199462890625
0.2170,0,0.0799560546875,0,0.1744384765625,0,0.062286376953125,0,-0.130615234375
0.2262,0,-0.144775390625,0,-0.028076171875,0,0.08697509765625,0,-0.130615234375
0.2363,0,-0.144775390625,0,-0.028076171875,0,0.08697509765625,0,0.08135986328125
0.2427,0,0.044281005859375,0,0.11798095703125,0,0.04180908203125,0,0.08135986328125
0.2549,0,0.044281005859375,0,0.11798095703125,0,0.04180908203125,0,0.1497802734375
0.2637,0,-0.04876708984375,0,0.0211181640625,0,-0.01186370849609375,0,0.1497802734375
0.2712,0,-0.04876708984375,0,0.0211181640625,0,-0.01186370849609375,0,0.0859375
0.2900,0,0.06573486328125,0,0.0211181640625,0,0.0178680419921875,0,0.0859375
0.2957,0,0.06573486328125,0,-0.27587890625,0,0.04180908203125,0,0.04278564453125
0.3027,0,0.0614013671875,0,-0.27587890625,0,0.04180908203125,0,0.04278564453125
0.3152,0,0.0614013671875,0,-0.044281005859375,0,0.04180908203125,0,-0.0806884765625
0.3234,0,-0.1478271484375,0,-0.044281005859375,0,-0.02337646484375,0,-0.0806884765625
0.3309,0,-0.1478271484375,0,-0.24658203125,0,-0.02337646484375,0,-0.1317138671875
0.3461,0,0.056243896484375,0,-0.24658203125,0,0.0618896484375,0,-0.1317138671875
0.3547,0,0.056243896484375,0,-0.10919189453125,0,0.0618896484375,0,-0.11297607421875
0.3641,0,-0.0438232421875,0,-0.10919189453125,0,0.0718994140625,0,-0.11297607421875
0.3739,0,-0.0438232421875,0,0.177490234375,0,0.0718994140625,0,-0.035430908203125
0.3831,0,0.036529541015625,0,0.221923828125,0,-0.030670166015625,0,-0.035430908203125
0.3935,0,0.036529541015625,0,0.221923828125,0,-0.030670166015625,0,0.0947265625
0.4064,0,0.06732177734375,0,0.144775390625,0,-0.037109375,0,0.0947265625
0.4167,0,0.06732177734375,0,0.144775390625,0,-0.037109375,0,-0.1829833984375
0.4227,0,-0.1282958984375,0,0.144775390625,0,-0.021392822265625,0,-0.1829833984375
0.4372,0,-0.1282958984375,0,-0.2734375,0,-0.021392822265625,0,0.146484375
0.4441,0,0.051727294921875,0,-0.2734375,0,-0.1212158203125,0,0.146484375
0.4519,0,0.051727294921875,0,-0.05316162109375,0,-0.1212158203125,0,-0.146728515625
0.4637,0,0.036468505859375,0,-0.05316162109375,0,0.056915283203125,0,-0.146728515625
0.4755,0,0.036468505859375,0,0.054046630859375,0,0.056915283203125,0,0.06231689453125
0.4822,0,-0.07208251953125,0,0.054046630859375,0,0.080810546875,0,0.06231689453125
0.4959,0,-0.07208251953125,0,0.25341796875,0,0.080810546875,0,0.06231689453125
0.5045,0,0.0121612548828125,0,0.25341796875,0,-0.0374755859375,0,-0.19970703125
0.5154,0,0.0121612548828125,0,0.269775390625,0,-0.0374755859375,0,-0.19970703125
0.5255,0,0.06488037109375,0,-0.32666015625,0,-0.01094818115234375,0,0.133544921875
0.5366,0,0.06488037109375,0,-0.32666015625,0,-0.01094818115234375,0,0.12347412109375
0.5436,0,-0.16552734375,0,0.074951171875,0,0.0188751220703125,0,0.12347412109375
0.5558,0,-0.16552734375,0,0.074951171875,0,0.0188751220703125,0,-0.16943359375
0.5644,0,-0.16552734375,0,0.074951171875,0,0.01538848876953125,0,-0.16943359375
0.5757,0,0.0345458984375,0,-0.513671875,0,0.01538848876953125,0,-0.16943359375
0.5839,0,0.0345458984375,0,-0.513671875,0,0.03302001953125,0,0.087646484375
0.5951,0,-0.057708740234375,0,-0.291259765625,0,0.03302001953125,0,0.087646484375
0.6032,0,-0.057708740234375,0,-0.291259765625,0,0.032684326171875,0,-0.199951171875
0.6152,0,0.0570068359375,0,-0.319580078125,0,0.032684326171875,0,-0.199951171875
0.6276,0,0.0570068359375,0,-0.319580078125,0,0.08740234375,0,0.055267333984375
0.6375,0,-0.1060791015625,0,-0.16015625,0,0.08740234375,0,0.055267333984375
0.6482,0,-0.1060791015625,0,-0.16015625,0,0.059417724609375,0,-0.05426025390625
0.6564,0,0.0253448486328125,0,-0.050445556640625,0,0.059417724609375,0,-0.05426025390625
0.6663,0,0.0253448486328125,0,-0.050445556640625,0,0.01477813720703125,0,0.1058349609375
0.6774,0,-0.060821533203125,0,0.28466796875,0,0.01477813720703125,0,0.1058349609375
0.6841,0,-0.060821533203125,0,0.28466796875,0,0.01477813720703125,0,0.12335205078125
0.6972,0,0.040863037109375,0,0.28466796875,0,-0.0177764892578125,0,0.12335205078125
0.7066,0,0.040863037109375,0,0.1861572265625,0,0.07843017578125,0,0.1031494140625
0.7132,0,-0.06707763671875,0,0.1566162109375,0,0.07843017578125,0,0.1031494140625
0.7253,0,-0.06707763671875,0,0.1566162109375,0,0.09881591796875,0,0.118408203125
0.7400,0,-0.039093017578125,0,0.2091064453125,0,0.09881591796875,0,0.118408203125
0.7464,0,-0.039093017578125,0,0.2091064453125,0,-0.0516357421875,0,0.0125274658203125
0.7514,0,0.0197906494140625,0,0.294921875,0,-0.0516357421875,0,0.0125274658203125
0.7633,0,0.0197906494140625,0,0.294921875,0,0.0251617431640625,0,0.05767822265625
0.7753,0,0.037933349609375,0,0.294921875,0,0.0251617431640625,0,0.05767822265625
0.7844,0,0.037933349609375,0,0.0709228515625,0,0.0251617431640625,0,-0.047210693359375
0.7974,0,0.043121337890625,0,0.0709228515625,0,0.024169921875,0,-0.047210693359375
0.8030,0,0.043121337890625,0,-0.419921875,0,-0.02703857421875,0,0.115478515625
0.8115,0,0.054534912109375,0,-0.37646484375,0,-0.02703857421875,0,0.115478515625
0.8242,0,0.054534912109375,0,-0.37646484375,0,-0.02703857421875,0,0.052398681640625
0.8312,0,0.0494384765625,0,0.353271484375,0,0.02239990234375,0,0.052398681640625
0.8433,0,0.0494384765625,0,0.353271484375,0,0.02239990234375,0,-0.1541748046875
0.8523,0,-0.014434814453125,0,-0.03179931640625,0,-0.0282745361328125,0,-0.1541748046875
0.8631,0,-0.014434814453125,0,-0.03179931640625,0,-0.0282745361328125,0,-0.182861328125
0.8764,0,-0.014434814453125,0,-0.03179931640625,0,-0.0390625,0,-0.182861328125
0.8836,0,-0.11328125,0,0.2486572265625,0,-0.0390625,0,0.05206298828125
0.8946,0,0.039398193359375,0,-0.0261993408203125,0,0.035003662109375,0,0.05206298828125
0.9036,0,0.039398193359375,0,-0.0261993408203125,0,0.035003662109375,0,-0.0323486328125
0.9143,0,0.114013671875,0,-0.0261993408203125,0,0.0129852294921875,0,-0.0323486328125
0.9237,0,0.114013671875,0,0.10955810546875,0,0.0129852294921875,0,-0.0323486328125
0.9306,0,0.07427978515625,0,0.10955810546875,0,-0.0587158203125,0,0.09014892578125
0.9445,0,0.07427978515625,0,0.271484375,0,-0.0587158203125,0,0.1551513671875
0.9503,0,0.033050537109375,0,0.271484375,0,0.0041351318359375,0,0.1551513671875
0.9616,0,0.033050537109375,0,0.197998046875,0,0.0041351318359375,0,0.1221923828125
0.9736,0,0.033050537109375,0,0.197998046875,0,0.0280914306640625,0,0.1221923828125
0.9811,0,-0.038177490234375,0,0.065673828125,0,0.0280914306640625,0,0.11431884765625
0.9895,0,-0.0843505859375,0,0.065673828125,0,-0.059234619140625,0,0.11431884765625
1.0021,0,-0.0843505859375,0,-0.038726806640625,0,-0.059234619140625,0,-0.1671142578125
1.0116,0,0.04803466796875,0,-0.038726806640625,0,0.055694580078125,0,-0.1671142578125
1.0244,0,0.04803466796875,0,0.14306640625,0,0.055694580078125,0,-0.1671142578125
1.0333,0,0.0225677490234375,0,0.14306640625,0,0.061065673828125,0,-0.1988525390625
1.0442,0,0.0225677490234375,0,0.1708984375,0,0.061065673828125,0,-0.1988525390625
1.0531,0,0.0225677490234375,0,0.1708984375,0,0.0587158203125,0,-0.11651611328125
1.0631,0,-0.069091796875,0,0.2183837890625,0,0.0587158203125,0,-0.11651611328125
1.0766,0,-0.069091796875,0,0.2183837890625,0,0.05706787109375,0,0.075439453125
1.0848,0,-0.07952880859375,0,0.20458984375,0,0.05706787109375,0,0.075439453125
1.0957,0,-0.07952880859375,0,0.20458984375,0,0.065185546875,0,-0.0231781005859375
1.1053,0,-0.06732177734375,0,-0.1268310546875,0,0.065185546875,0,-0.0231781005859375
1.1127,0,-0.06732177734375,0,-0.1268310546875,0,0.0670166015625,0,-0.02667236328125
1.1276,0,0.0887451171875,0,0.11126708984375,0,0.0670166015625,0,-0.02667236328125
1.1368,0,0.0887451171875,0,0.11126708984375,0,0.0670166015625,0,0.02996826171875
1.1470,0,-0.08331298828125,0,0.027618408203125,0,-0.042816162109375,0,0.02996826171875
1.1572,0,-0.08331298828125,0,0.027618408203125,0,0.0313720703125,0,0.07080078125
1.1654,0,-0.11468505859375,0,0.1334228515625,0,0.0313720703125,0,0.07080078125
1.1739,0,-0.11468505859375,0,0.1334228515625,0,0.0772705078125,0,-0.06011962890625
1.1846,0,-0.019622802734375,0,0.05230712890625,0,0.0772705078125,0,-0.06011962890625
1.1948,0,-0.019622802734375,0,0.05230712890625,0,-0.0221710205078125,0,0.03851318359375
1.2035,0,-0.0268096923828125,0,0.3544921875,0,-0.0221710205078125,0,0.03851318359375
1.2152,0,-0.0268096923828125,0,0.3544921875,0,0.02301025390625,0,0.089599609375
1.2261,0,0.0577392578125,0,-0.3359375,0,0.02301025390625,0,0.089599609375
1.2325,0,0.0577392578125,0,-0.3359375,0,-0.06549072265625,0,0.090087890625
1.2430,0,0.060302734375,0,-0.0882568359375,0,-0.06549072265625,0,0.090087890625
1.2551,0,0.060302734375,0,-0.0882568359375,0,-0.0501708984375,0,-0.058380126953125
1.2633,0,-0.0693359375,0,-0.0882568359375,0,-0.0501708984375,0,-0.058380126953125
1.2760,0,-0.0693359375,0,0.182861328125,0,-0.0501708984375,0,0.060546875
1.2819,0,-0.03839111328125,0,0.2919921875,0,0.1748046875,0,0.060546875
1.2905,0,-0.03839111328125,0,0.2919921875,0,0.1748046875,0,0.07861328125
1.3042,0,0.0207977294921875,0,0.2919921875,0,0.1226806640625,0,0.07861328125
1.3136,0,0.0207977294921875,0,0.132080078125,0,0.1226806640625,0,0.17724609375
1.3222,0,0.0987548828125,0,0.132080078125,0,-0.0130157470703125,0,0.17724609375
1.3343,0,0.0987548828125,0,-0.1629638671875,0,-0.0130157470703125,0,-0.021240234375
1.3434,0,0.0987548828125,0,-0.1629638671875,0,-0.012847900390625,0,-0.021240234375
1.3502,0,-0.105712890625,0,0.08050537109375,0,-0.012847900390625,0,0.10919189453125
1.3622,0,-0.105712890625,0,0.08050537109375,0,-0.048858642578125,0,0.10919189453125
1.3739,0,-0.0299224853515625,0,0.1761474609375,0,-0.048858642578125,0,0.10919189453125
1.3810,0,-0.040283203125,0,0.1761474609375,0,0.10009765625,0,-0.06488037109375
1.3944,0,-0.040283203125,0,-0.1929931640625,0,0.10009765625,0,-0.174072265625
1.4021,0,0.037689208984375,0,-0.1929931640625,0,0.031341552734375,0,-0.174072265625
1.4101,0,0.037689208984375,0,0.36376953125,0,0.031341552734375,0,-0.061187744140625
1.4253,0,0.037689208984375,0,0.36376953125,0,-0.035064697265625,0,-0.061187744140625
1.4344,0,0.039581298828125,0,0.2464599609375,0,-0.035064697265625,0,0.0699462890625
1.4457,0,-0.06439208984375,0,0.2464599609375,0,0.031951904296875,0,0.0699462890625
1.4583,0,-0.06439208984375,0,-0.35888671875,0,0.031951904296875,0,0.0699462890625
1.4668,0,-0.09136962890625,0,-0.35888671875,0,0.035369873046875,0,0.065185546875
1.4772,0,-0.09136962890625,0,-0.329345703125,0,0.035369873046875,0,0.065185546875
1.4910,0,-0.015350341796875,0,-0.329345703125,0,-0.041259765625,0,-0.18017578125
1.4973,0,-0.015350341796875,0,-0.0723876953125,0,-0.041259765625,0,-0.18017578125
1.5060,0,-0.015350341796875,0,-0.0723876953125,0,-0.019622802734375,0,-0.022430419921875
1.5171,0,-0.045196533203125,0,-0.0699462890625,0,-0.019622802734375,0,-0.022430419921875
1.5275,0,-0.045196533203125,0,-0.0699462890625,0,0.07000732421875,0,-0.0770263671875
1.5345,0,0.045379638671875,0,-0.056915283203125,0,0.07000732421875,0,-0.0770263671875
1.5461,0,0.045379638671875,0,-0.056915283203125,0,0.11962890625,0,-0.2086181640625
1.5574,0,0.057647705078125,0,-0.0660400390625,0,0.11962890625,0,-0.2086181640625
1.5672,0,0.057647705078125,0,-0.0660400390625,0,-0.045257568359375,0,-0.0628662109375
1.5769,0,-0.08270263671875,0,0.1956787109375,0,-0.045257568359375,0,-0.0628662109375
1.5855,0,-0.028411865234375,0,0.1956787109375,0,-0.0305938720703125,0,-0.01534271240234375
1.5964,0,-0.028411865234375,0,0.1571044921875,0,-0.0305938720703125,0,-0.01534271240234375
1.6095,0,-0.0634765625,0,0.1571044921875,0,-0.057464599609375,0,0.1668701171875
1.6184,0,-0.0634765625,0,0.1732177734375,0,-0.057464599609375,0,0.1668701171875
1.6270,0,-0.0634765625,0,0.1732177734375,0,0.01209259033203125,0,0.1727294921875
1.6359,0,0.11358642578125,0,-0.2734375,0,0.01209259033203125,0,0.1727294921875
1.6467,0,0.11358642578125,0,-0.2734375,0,-0.056549072265625,0,0.059539794921875
1.6539,0,-0.05621337890625,0,0.20947265625,0,-0.056549072265625,0,0.059539794921875
1.6674,0,-0.05621337890625,0,0.20947265625,0,0.035980224609375,0,0.10418701171875
1.6762,0,-0.0616455078125,0,0.18115234375,0,0.035980224609375,0,0.10418701171875
1.6846,0,0.0501708984375,0,0.18115234375,0,0.0767822265625,0,0.056640625
1.6957,0,0.0501708984375,0,-0.25390625,0,0.0767822265625,0,0.056640625
1.7087,0,0.0501708984375,0,-0.25390625,0,0.0802001953125,0,0.08111572265625
1.7145,0,0.04632568359375,0,0.043731689453125,0,0.0802001953125,0,0.08111572265625
1.7271,0,0.04632568359375,0,0.043731689453125,0,-0.0526123046875,0,0.03448486328125
1.7332,0,0.0341796875,0,0.1287841796875,0,-0.0526123046875,0,0.03448486328125
1.7445,0,0.0341796875,0,0.1287841796875,0,0.0926513671875,0,-0.19775390625
1.7530,0,0.04833984375,0,0.0889892578125,0,0.0926513671875,0,-0.19775390625
1.7651,0,0.04833984375,0,0.0889892578125,0,0.042388916015625,0,0.1282958984375
1.7746,0,0.09344482421875,0,-0.11956787109375,0,0.042388916015625,0,0.1282958984375
1.7850,0,0.09344482421875,0,-0.11956787109375,0,0.036895751953125,0,0.055999755859375
1.8014,0,-0.0667724609375,0,-0.11956787109375,0,0.036895751953125,0,0.055999755859375
1.8101,0,-0.0667724609375,0,0.36083984375,0,0.0367431640625,0,0.1715087890625
1.8177,0,0.06982421875,0,0.36083984375,0,0.0367431640625,0,0.1715087890625
1.8299,0,0.06982421875,0,0.353515625,0,0.08087158203125,0,0.0899658203125
1.8387,0,0.03594970703125,0,0.06317138671875,0,0.08087158203125,0,0.0899658203125
1.8476,0,0.03594970703125,0,0.06317138671875,0,-0.0267333984375,0,-0.2086181640625
1.8570,0,0.060516357421875,0,0.25,0,-0.0267333984375,0,-0.2086181640625
1.8657,0,0.060516357421875,0,0.25,0,0.031890869140625,0,0.12744140625
1.8804,0,0.0853271484375,0,0.1702880859375,0,0.031890869140625,0,0.12744140625
1.8894,0,0.0853271484375,0,0.1702880859375,0,0.11688232421875,0,0.01134490966796875
1.8988,0,-0.025970458984375,0,0.1702880859375,0,0.11688232421875,0,0.01134490966796875
1.9056,0,-0.025970458984375,0,0.2364501953125,0,-0.030303955078125,0,-0.03857421875
1.9206,0,0.063720703125,0,0.2364501953125,0,-0.030303955078125,0,-0.03857421875
1.9238,0,0.063720703125,0,0.1968994140625,0,0.14697265625,0,0.1312255859375
1.9385,0,0.058380126953125,0,0.1968994140625,0,0.14697265625,0,0.1312255859375
1.9426,0,0.058380126953125,0,0.2373046875,0,0.0311126708984375,0,-0.189697265625
1.9594,0,-0.0556640625,0,-0.64794921875,0,0.0311126708984375,0,-0.189697265625
1.9623,0,-0.0556640625,0,-0.64794921875,0,0.1435546875,0,0.0836181640625
1.9743,0,-0.07049560546875,0,-0.64794921875,0,0.1435546875,0,0.0836181640625
1.9827,0,-0.07049560546875,0,0.1766357421875,0,0.0294342041015625,0,0.0836181640625
1.9962,0,0.07965087890625,0,0.1766357421875,0,0.0294342041015625,0,0.07232666015625
2.0020,0,0.07965087890625,0,-0.04547119140625,0,0.006687164306640625,0,0.07232666015625
2.0143,0,0.0870361328125,0,-0.04547119140625,0,0.006687164306640625,0,-0.086669921875
2.0259,0,0.0870361328125,0,-0.301513671875,0,0.006687164306640625,0,-0.086669921875
2.0312,0,0.05169677734375,0,-0.301513671875,0,0.048919677734375,0,0.11065673828125
2.0423,0,0.05169677734375,0,-0.3759765625,0,0.048919677734375,0,0.11065673828125
2.0510,0,0.059600830078125,0,-0.3759765625,0,0.0299835205078125,0,0.0679931640625
2.0617,0,0.059600830078125,0,0.038177490234375,0,0.0299835205078125,0,0.0679931640625
2.0742,0,-0.0540771484375,0,0.038177490234375,0,0.0614013671875,0,-0.10345458984375
2.0851,0,-0.0540771484375,0,0.0841064453125,0,0.0950927734375,0,-0.10345458984375
2.0940,0,0.04241943359375,0,0.0841064453125,0,0.0950927734375,0,-0.036712646484375
2.1047,0,0.04241943359375,0,-0.0180206298828125,0,0.0950927734375,0,-0.036712646484375
2.1146,0,0.0305023193359375,0,-0.0180206298828125,0,-0.0186767578125,0,0.11773681640625
2.1258,0,0.0305023193359375,0,-0.037506103515625,0,-0.0186767578125,0,0.11773681640625
2.1327,0,0.023651123046875,0,-0.037506103515625,0,-0.057281494140625,0,0.10858154296875
2.1458,0,0.023651123046875,0,0.1953125,0,-0.057281494140625,0,0.10858154296875
2.1538,0,-0.0391845703125,0,0.1953125,0,0.0199737548828125,0,-0.1646728515625
2.1656,0,-0.0391845703125,0,0.1712646484375,0,0.0199737548828125,0,-0.1646728515625
2.1782,0,-0.0391845703125,0,0.1712646484375,0,-0.07781982421875,0,-0.0933837890625
2.1869,0,0.042022705078125,0,0.1712646484375,0,-0.07781982421875,0,-0.0933837890625
2.1965,0,0.042022705078125,0,-0.372314453125,0,0.06915283203125,0,-0.162109375
2.2054,0,0.1083984375,0,0.07232666015625,0,0.06915283203125,0,-0.162109375
2.2201,0,0.1083984375,0,0.07232666015625,0,0.07843017578125,0,-0.0716552734375
2.2275,0,-0.10028076171875,0,0.07232666015625,0,0.07843017578125,0,-0.0716552734375
2.2366,0,-0.08050537109375,0,0.26904296875,0,-0.02093505859375,0,0.060302734375
2.2456,0,-0.08050537109375,0,-0.02899169921875,0,-0.02093505859375,0,0.060302734375
2.2570,0,-0.08050537109375,0,-0.02899169921875,0,0.051239013671875,0,0.1514892578125
2.2653,0,-0.09417724609375,0,-0.02899169921875,0,0.051239013671875,0,0.1514892578125
2.2773,0,-0.09417724609375,0,-0.369873046875,0,0.0193939208984375,0,-0.0716552734375
2.2848,0,-0.057403564453125,0,-0.369873046875,0,0.0193939208984375,0,-0.0716552734375
2.2954,0,0.1444091796875,0,0.2471923828125,0,0.04412841796875,0,0.11883544921875
2.3053,0,0.1444091796875,0,-0.08392333984375,0,0.04412841796875,0,0.11883544921875
2.3133,0,0.1444091796875,0,-0.08392333984375,0,0.04022216796875,0,-0.1566162109375
2.3254,0,-0.0360107421875,0,-0.08392333984375,0,0.04022216796875,0,-0.1566162109375
2.3331,0,-0.0360107421875,0,-0.3671875,0,0.1409912109375,0,-0.1466064453125
2.3469,0,0.060333251953125,0,-0.3671875,0,0.1409912109375,0,-0.1466064453125
2.3558,0,0.060333251953125,0,-0.04461669921875,0,0.04278564453125,0,0.07391357421875
2.3647,0,0.0546875,0,-0.04461669921875,0,0.04278564453125,0,0.07391357421875
2.3704,0,0.0546875,0,-0.0195159912109375,0,0.09234619140625,0,0.11810302734375
2.3841,0,0.06439208984375,0,-0.0195159912109375,0,0.09234619140625,0,0.11810302734375
2.3923,0,0.06439208984375,0,-0.377685546875,0,0.0234375,0,0.06304931640625
2.4040,0,0.0631103515625,0,-0.377685546875,0,0.0234375,0,0.06304931640625
2.4141,0,0.0631103515625,0,0.3330078125,0,0.01507568359375,0,0.1556396484375
2.4262,0,-0.038909912109375,0,0.3330078125,0,0.01507568359375,0,0.1556396484375
2.4290,0,-0.038909912109375,0,-0.018524169921875,0,0.01507568359375,0,0.106201171875
2.4443,0,0.042388916015625,0,-0.018524169921875,0,-0.072021484375,0,0.106201171875
2.4502,0,0.042388916015625,0,-0.1343994140625,0,0.0885009765625,0,-0.0782470703125
2.4643,0,0.0521240234375,0,-0.1343994140625,0,0.0885009765625,0,-0.0782470703125
2.4774,0,0.0521240234375,0,-0.240966796875,0,0.0458984375,0,-0.1815185546875
2.4839,0,-0.07537841796875,0,-0.240966796875,0,0.0458984375,0,-0.1815185546875
2.4901,0,-0.07537841796875,0,0.07415771484375,0,0.0458984375,0,-0.1815185546875
2.5062,0,0.04095458984375,0,0.07415771484375,0,0.0264739990234375,0,-0.2266845703125
2.5105,0,0.04095458984375,0,0.0653076171875,0,0.0264739990234375,0,-0.2266845703125
2.5228,0,-0.04443359375,0,0.0653076171875,0,0.023681640625,0,0.1134033203125
2.5365,0,-0.04443359375,0,0.32861328125,0,0.023681640625,0,0.1134033203125
2.5452,0,0.024505615234375,0,0.32861328125,0,0.041961669921875,0,0.09619140625
2.5508,0,0.024505615234375,0,-0.4326171875,0,0.041961669921875,0,0.09619140625
2.5647,0,0.098876953125,0,-0.4326171875,0,0.061553955078125,0,0.043792724609375
2.5764,0,0.098876953125,0,0.10589599609375,0,0.061553955078125,0,0.043792724609375
2.5832,0,-0.0572509765625,0,0.10589599609375,0,0.10546875,0,0.038177490234375
2.5969,0,-0.0572509765625,0,0.1630859375,0,0.10546875,0,0.038177490234375
2.6042,0,-0.05474853515625,0,0.1630859375,0,0.1024169921875,0,0.14892578125
2.6117,0,-0.05474853515625,0,0.0902099609375,0,0.1024169921875,0,0.14892578125
2.6244,0,-0.0802001953125,0,0.0902099609375,0,-0.032958984375,0,0.06280517578125
2.6356,0,-0.0802001953125,0,0.1812744140625,0,-0.032958984375,0,0.06280517578125
2.6447,0,0.07318115234375,0,0.1812744140625,0,-0.05047607421875,0,0.0860595703125
2.6575,0,0.07318115234375,0,-0.08074951171875,0,-0.05047607421875,0,0.0860595703125
2.6661,0,0.0736083984375,0,-0.08074951171875,0,0.06365966796875,0,0.1107177734375
2.6773,0,0.0736083984375,0,0.08343505859375,0,0.06365966796875,0,0.1107177734375
2.6832,0,0.0736083984375,0,0.08343505859375,0,0.03076171875,0,0.10687255859375
2.6970,0,-0.0723876953125,0,0.08343505859375,0,0.03076171875,0,0.10687255859375
2.7027,0,-0.0723876953125,0,-0.18603515625,0,0.0120697021484375,0,0.18115234375
2.7164,0,0.043060302734375,0,-0.18603515625,0,0.0120697021484375,0,0.18115234375
2.7227,0,0.0205230712890625,0,-0.244140625,0,0.09161376953125,0,0.17138671875
2.7361,0,0.0205230712890625,0,0.2205810546875,0,0.09161376953125,0,0.17138671875
2.7434,0,-0.1060791015625,0,0.2205810546875,0,-0.00926971435546875,0,0.104248046875
2.7557,0,-0.1060791015625,0,0.217041015625,0,-0.00926971435546875,0,0.104248046875
2.7651,0,-0.1060791015625,0,0.217041015625,0,-0.00926971435546875,0,-0.1270751953125
2.7750,0,0.08050537109375,0,0.217041015625,0,-0.050079345703125,0,-0.1270751953125
2.7821,0,-0.115234375,0,0.31689453125,0,0.08404541015625,0,0.1282958984375
2.7979,0,-0.115234375,0,0.156005859375,0,0.08404541015625,0,0.1282958984375
2.8045,0,-0.115234375,0,0.156005859375,0,0.08404541015625,0,0.1417236328125
2.8154,0,0.04058837890625,0,0.156005859375,0,0.046966552734375,0,0.1417236328125
2.8224,0,0.04058837890625,0,0.158447265625,0,0.046966552734375,0,-0.0830078125
2.8344,0,-0.07159423828125,0,0.158447265625,0,0.051513671875,0,-0.0830078125
2.8429,0,-0.07159423828125,0,-0.36328125,0,0.051513671875,0,-0.032958984375
2.8530,0,0.06256103515625,0,-0.36328125,0,0.0828857421875,0,-0.032958984375
2.8626,0,0.06256103515625,0,0.1304931640625,0,0.0828857421875,0,0.05023193359375
2.8769,0,-0.03143310546875,0,0.1304931640625,0,0.04876708984375,0,0.05023193359375
2.8837,0,-0.0706787109375,0,-0.140625,0,0.04876708984375,0,-0.09844970703125
2.8927,0,-0.0706787109375,0,-0.140625,0,0.0823974609375,0,-0.09844970703125
2.9005,0,-0.0706787109375,0,-0.37939453125,0,0.0823974609375,0,0.10980224609375
2.9121,0,-0.0029544830322265625,0,-0.37939453125,0,-0.04498291015625,0,0.10980224609375
2.9214,0,-0.0029544830322265625,0,0.0977783203125,0,-0.04498291015625,0,-0.026123046875
2.9338,0,0.010284423828125,0,0.0977783203125,0,0.0450439453125,0,-0.026123046875
2.9413,0,0.010284423828125,0,-0.146240234375,0,0.0450439453125,0,-0.026123046875
2.9530,0,-0.08160400390625,0,-0.146240234375,0,-0.093994140625,0,0.09954833984375
2.9618,0,-0.08160400390625,0,-0.23046875,0,-0.093994140625,0,0.09954833984375
2.9730,0,-0.07208251953125,0,-0.23046875,0,-0.02947998046875,0,-0.09490966796875
2.9811,0,-0.07208251953125,0,0.2108154296875,0,-0.02947998046875,0,-0.09490966796875
2.9925,0,-0.07989501953125,0,0.2108154296875,0,-0.0193023681640625,0,0.1258544921875
2.9996,0,-0.07989501953125,0,0.1142578125,0,-0.0193023681640625,0,0.1258544921875
3.0119,0,0.0406494140625,0,0.1142578125,0,0.0496826171875,0,-0.1580810546875
3.0197,0,0.0406494140625,0,0.218505859375,0,0.0496826171875,0,-0.1580810546875
3.0281,0,-0.0726318359375,0,0.218505859375,0,0.06201171875,0,0.1396484375
3.0391,0,-0.0726318359375,0,0.1920166015625,0,0.06201171875,0,0.1396484375
3.0485,0,-0.0809326171875,0,0.1920166015625,0,0.08917236328125,0,0.06451416015625
3.0603,0,-0.0809326171875,0,0.15185546875,0,0.08917236328125,0,0.06451416015625
3.0671,0,0.0665283203125,0,0.15185546875,0,-0.0509033203125,0,-0.037322998046875
3.0837,0,0.0665283203125,0,-0.056884765625,0,-0.0509033203125,0,-0.037322998046875
3.0928,0,-0.1134033203125,0,-0.056884765625,0,0.0714111328125,0,0.160400390625
3.1030,0,-0.1134033203125,0,-0.0849609375,0,0.0714111328125,0,0.160400390625
3.1119,0,-0.075927734375,0,-0.0849609375,0,0.03546142578125,0,0.1500244140625
3.1242,0,-0.075927734375,0,0.2493896484375,0,0.03546142578125,0,0.1500244140625
3.1321,0,0.08416748046875,0,0.2493896484375,0,0.0931396484375,0,-0.11444091796875
3.1455,0,0.08416748046875,0,0.32763671875,0,0.0931396484375,0,-0.11444091796875
3.1526,0,0.05474853515625,0,0.32763671875,0,0.0931396484375,0,0.034210205078125
3.1638,0,0.05474853515625,0,0.2481689453125,0,0.0906982421875,0,0.034210205078125
3.1722,0,-0.081298828125,0,0.2481689453125,0,0.0906982421875,0,0.09844970703125
3.1846,0,-0.081298828125,0,0.2481689453125,0,0.066162109375,0,0.09844970703125
3.1920,0,0.061431884765625,0,0.2178955078125,0,0.066162109375,0,0.1268310546875
3.2043,0,0.061431884765625,0,0.2178955078125,0,-0.0184478759765625,0,0.1268310546875
3.2119,0,0.0435791015625,0,-0.47509765625,0,-0.0184478759765625,0,0.155029296875
3.2237,0,0.0435791015625,0,-0.47509765625,0,-0.0469970703125,0,0.155029296875
3.2320,0,-0.09564208984375,0,0.2232666015625,0,-0.0469970703125,0,0.00846099853515625
3.2473,0,-0.09564208984375,0,0.2232666015625,0,0.036529541015625,0,0.00846099853515625
3.2527,0,0.0843505859375,0,-0.1983642578125,0,0.036529541015625,0,-0.08807373046875
3.2644,0,0.0843505859375,0,-0.1983642578125,0,0.0748291015625,0,-0.08807373046875
3.2733,0,0.0843505859375,0,-0.367919921875,0,0.0748291015625,0,0.195556640625
3.2853,0,-0.0280609130859375,0,-0.05645751953125,0,-0.0416259765625,0,0.195556640625
3.2918,0,-0.0280609130859375,0,-0.05645751953125,0,-0.0416259765625,0,0.08026123046875
3.3030,0,0.048614501953125,0,-0.05645751953125,0,0.046875,0,0.08026123046875
3.3110,0,0.048614501953125,0,0.3173828125,0,0.046875,0,-0.1346435546875
3.3223,0,0.055877685546875,0,0.3173828125,0,0.0810546875,0,-0.1346435546875
3.3336,0,0.055877685546875,0,0.05322265625,0,0.0810546875,0,-0.1346435546875
3.3421,0,0.07537841796875,0,0.05322265625,0,-0.0239715576171875,0,-0.03515625
3.3535,0,0.07537841796875,0,0.223876953125,0,-0.0239715576171875,0,-0.03515625
3.3609,0,-0.0287933349609375,0,0.223876953125,0,0.041717529296875,0,0.1337890625
3.3732,0,-0.0287933349609375,0,0.163818359375,0,0.041717529296875,0,0.1337890625
3.3809,0,0.0684814453125,0,0.163818359375,0,0.014190673828125,0,-0.0191192626953125
3.3893,0,0.0684814453125,0,0.204345703125,0,0.014190673828125,0,0.137939453125
3.4015,0,-0.0621337890625,0,0.204345703125,0,-0.004642486572265625,0,0.137939453125
3.4103,0,-0.0621337890625,0,-0.08099365234375,0,-0.004642486572265625,0,-0.103759765625
3.4199,0,-0.08154296875,0,-0.08099365234375,0,0.06494140625,0,-0.103759765625
3.4330,0,-0.08154296875,0,0.189697265625,0,0.06494140625,0,-0.103759765625
3.4414,0,0.038726806640625,0,0.189697265625,0,-0.0297393798828125,0,0.060302734375
3.4542,0,0.038726806640625,0,-0.39306640625,0,-0.0297393798828125,0,0.060302734375
3.4622,0,-0.12091064453125,0,-0.39306640625,0,0.08233642578125,0,0.06890869140625
3.4702,0,-0.12091064453125,0,0.242919921875,0,0.08233642578125,0,0.06890869140625
3.4817,0,-0.0802001953125,0,0.242919921875,0,-0.049224853515625,0,-0.1397705078125
3.4901,0,-0.0802001953125,0,0.189453125,0,-0.049224853515625,0,-0.1397705078125
3.5021,0,-0.0159759521484375,0,0.189453125,0,0.05511474609375,0,-0.1573486328125
3.5123,0,-0.0159759521484375,0,-0.226806640625,0,0.05511474609375,0,-0.1573486328125
3.5204,0,-0.1282958984375,0,-0.226806640625,0,0.05511474609375,0,-0.22021484375
3.5326,0,-0.1282958984375,0,-0.226806640625,0,-0.0247344970703125,0,-0.22021484375
3.5413,0,0.01503753662109375,0,-0.39892578125,0,-0.0247344970703125,0,-0.145263671875
3.5498,0,0.01503753662109375,0,0.1658935546875,0,0.0716552734375,0,-0.145263671875
3.5610,0,0.041595458984375,0,0.1658935546875,0,-0.03387451171875,0,0.06280517578125
3.5691,0,0.041595458984375,0,0.139892578125,0,-0.03387451171875,0,0.06280517578125
3.5803,0,0.06927490234375,0,0.139892578125,0,0.11285400390625,0,-0.0171356201171875
3.5959,0,0.06927490234375,0,-0.43994140625,0,0.11285400390625,0,-0.0171356201171875
3.6026,0,-0.0318603515625,0,-0.43994140625,0,0.11285400390625,0,0.141845703125
3.6155,0,-0.0318603515625,0,-0.43994140625,0,0.1697998046875,0,0.141845703125
3.6222,0,-0.066650390625,0,-0.3212890625,0,0.1697998046875,0,0.07000732421875
3.6344,0,-0.066650390625,0,-0.3212890625,0,0.0275421142578125,0,0.07000732421875
3.6419,0,0.03533935546875,0,0.2705078125,0,0.06854248046875,0,-0.197265625
3.6552,0,0.03533935546875,0,0.04949951171875,0,0.06854248046875,0,-0.197265625
3.6620,0,-0.04669189453125,0,0.04949951171875,0,0.06854248046875,0,0.039825439453125
3.6764,0,-0.04669189453125,0,0.04949951171875,0,0.04315185546875,0,0.039825439453125
3.6823,0,0.0709228515625,0,0.045318603515625,0,0.04315185546875,0,0.1468505859375
3.6963,0,0.0709228515625,0,0.045318603515625,0,0.0928955078125,0,0.1468505859375
3.7032,0,0.0718994140625,0,0.1910400390625,0,0.0928955078125,0,0.057586669921875
3.7159,0,0.0718994140625,0,0.1910400390625,0,0.0287933349609375,0,0.057586669921875
3.7218,0,0.0841064453125,0,0.251708984375,0,0.0287933349609375,0,0.057586669921875
3.7339,0,0.0841064453125,0,0.251708984375,0,0.07525634765625,0,0.023162841796875
3.7442,0,-0.017181396484375,0,-0.2010498046875,0,0.07525634765625,0,0.023162841796875
3.7547,0,-0.017181396484375,0,-0.2010498046875,0,-0.023681640625,0,0.03131103515625
3.7627,0,-0.042449951171875,0,0.257080078125,0,-0.023681640625,0,-0.0767822265625
3.7746,0,-0.042449951171875,0,0.257080078125,0,0.05023193359375,0,-0.0767822265625
3.7828,0,-0.042449951171875,0,0.186767578125,0,0.05023193359375,0,-0.0767822265625
3.7961,0,0.0211029052734375,0,0.186767578125,0,0.0694580078125,0,-0.168212890625
3.8026,0,0.0211029052734375,0,-0.0836181640625,0,0.0694580078125,0,-0.168212890625
3.8152,0,0.031585693359375,0,-0.0836181640625,0,-0.0277099609375,0,0.07330322265625
3.8224,0,0.031585693359375,0,0.1484375,0,-0.0277099609375,0,0.07330322265625
3.8332,0,0.05078125,0,0.1484375,0,0.11859130859375,0,0.052276611328125
3.8429,0,0.05078125,0,0.2403564453125,0,0.11859130859375,0,0.052276611328125
3.8539,0,-0.056365966796875,0,0.2403564453125,0,0.087646484375,0,-0.06903076171875
3.8616,0,-0.056365966796875,0,0.15625,0,0.087646484375,0,-0.06903076171875
3.8736,0,0.040557861328125,0,0.15625,0,0.0538330078125,0,0.08062744140625
3.8838,0,0.040557861328125,0,-0.2371826171875,0,0.0538330078125,0,0.08062744140625
3.8932,0,-0.105224609375,0,-0.2371826171875,0,0.0635986328125,0,0.03094482421875
3.9006,0,-0.105224609375,0,-0.115966796875,0,0.0635986328125,0,0.03094482421875
3.9146,0,0.061737060546875,0,-0.115966796875,0,-0.06964111328125,0,-0.155517578125
3.9200,0,0.061737060546875,0,0.0797119140625,0,-0.06964111328125,0,-0.155517578125
3.9293,0,-0.130126953125,0,0.0797119140625,0,0.037811279296875,0,-0.033843994140625
3.9398,0,-0.130126953125,0,-0.03082275390625,0,0.037811279296875,0,-0.033843994140625
3.9494,0,0.051361083984375,0,-0.03082275390625,0,0.043914794921875,0,-0.04595947265625
3.9594,0,0.051361083984375,0,0.08477783203125,0,0.043914794921875,0,-0.04595947265625
3.9677,0,0.03424072265625,0,0.08477783203125,0,0.04754638671875,0,-0.06500244140625
3.9792,0,0.03424072265625,0,-0.458251953125,0,0.04754638671875,0,-0.06500244140625
3.9876,0,0.03240966796875,0,-0.458251953125,0,0.04754638671875,0,-0.02203369140625
3.9989,0,0.03240966796875,0,-0.299072265625,0,-0.01152801513671875,0,-0.02203369140625
4.0077,0,-0.007709503173828125,0,-0.299072265625,0,0.058349609375,0,-0.036163330078125
4.0200,0,-0.007709503173828125,0,0.0256500244140625,0,0.058349609375,0,-0.036163330078125
4.0311,0,-0.0225830078125,0,0.0256500244140625,0,0.058349609375,0,0.1546630859375
4.0403,0,-0.0225830078125,0,0.0256500244140625,0,0.0556640625,0,0.1546630859375
4.0477,0,0.06304931640625,0,-0.0209503173828125,0,0.0556640625,0,0.07379150390625
4.0599,0,0.06304931640625,0,-0.0209503173828125,0,0.096923828125,0,0.07379150390625
4.0683,0,-0.09002685546875,0,-0.12371826171875,0,0.096923828125,0,0.163330078125
4.0831,0,-0.09002685546875,0,-0.2174072265625,0,0.09136962890625,0,0.163330078125
4.0926,0,0.036529541015625,0,-0.2174072265625,0,0.09136962890625,0,0.045074462890625
4.1041,0,0.036529541015625,0,-0.2174072265625,0,0.12359619140625,0,0.045074462890625
4.1102,0,0.03485107421875,0,-0.34814453125,0,0.12359619140625,0,0.08526611328125
4.1237,0,0.03485107421875,0,-0.34814453125,0,-0.032989501953125,0,0.08526611328125
4.1299,0,-0.08935546875,0,0.2261962890625,0,-0.032989501953125,0,0.1202392578125
4.1431,0,-0.08935546875,0,0.25439453125,0,-0.038848876953125,0,0.1202392578125
4.1551,0,-0.08935546875,0,0.25439453125,0,-0.038848876953125,0,0.07366943359375
4.1663,0,-0.036285400390625,0,0.25439453125,0,0.04876708984375,0,0.07366943359375
4.1723,0,-0.036285400390625,0,-0.0128173828125,0,0.04876708984375,0,-0.034423828125
4.1841,0,-0.055999755859375,0,-0.0128173828125,0,0.042388916015625,0,-0.034423828125
4.1925,0,-0.055999755859375,0,-0.25439453125,0,0.042388916015625,0,-0.06878662109375
4.2056,0,0.09442138671875,0,0.24267578125,0,0.10467529296875,0,-0.06878662109375
4.2126,0,-0.0625,0,0.24267578125,0,0.10467529296875,0,0.1497802734375
4.2257,0,-0.0625,0,0.24267578125,0,0.0634765625,0,0.1497802734375
4.2313,0,-0.0625,0,0.281494140625,0,0.0634765625,0,-0.1546630859375
4.2437,0,-0.0295867919921875,0,0.281494140625,0,0.064697265625,0,-0.1546630859375
4.2506,0,-0.0295867919921875,0,0.061248779296875,0,0.064697265625,0,0.1258544921875
4.2630,0,0.055267333984375,0,0.061248779296875,0,-0.03472900390625,0,0.1258544921875
4.2699,0,-0.06182861328125,0,-0.1610107421875,0,-0.03472900390625,0,-0.027984619140625
4.2822,0,-0.06182861328125,0,-0.1610107421875,0,-0.057373046875,0,-0.027984619140625
4.2954,0,-0.06182861328125,0,0.2396240234375,0,-0.057373046875,0,-0.027984619140625
4.3021,0,0.0261383056640625,0,0.2396240234375,0,0.0498046875,0,0.1363525390625
4.3135,0,0.0261383056640625,0,-0.50146484375,0,0.0498046875,0,0.1363525390625
4.3207,0,0.06195068359375,0,-0.50146484375,0,0.070556640625,0,-0.1766357421875
4.3346,0,0.06195068359375,0,-0.36572265625,0,0.070556640625,0,-0.1766357421875
4.3405,0,0.0789794921875,0,-0.36572265625,0,0.0537109375,0,0.055816650390625
4.3498,0,0.0789794921875,0,0.261962890625,0,0.0537109375,0,-0.136474609375
4.3625,0,-0.09814453125,0,0.261962890625,0,0.056396484375,0,-0.136474609375
4.3693,0,-0.050018310546875,0,-0.31982421875,0,0.056396484375,0,0.018585205078125
4.3809,0,-0.050018310546875,0,-0.31982421875,0,-0.041534423828125,0,0.018585205078125
4.3976,0,0.0582275390625,0,-0.2252197265625,0,-0.041534423828125,0,0.12548828125
4.4017,0,0.0582275390625,0,-0.2252197265625,0,-0.0384521484375,0,0.12548828125
4.4143,0,0.0582275390625,0,0.10284423828125,0,-0.0384521484375,0,0.12548828125
4.4213,0,-0.11920166015625,0,0.10284423828125,0,0.05401611328125,0,0.1060791015625
4.4333,0,-0.11920166015625,0,0.1436767578125,0,0.05401611328125,0,0.1060791015625
4.4419,0,-0.0135650634765625,0,0.1436767578125,0,0.0849609375,0,0.047760009765625
4.4597,0,0.05322265625,0,0.314697265625,0,0.0849609375,0,-0.060302734375
4.4650,0,0.05322265625,0,0.314697265625,0,0.084228515625,0,-0.060302734375
4.4728,0,0.05322265625,0,-0.13525390625,0,0.084228515625,0,-0.060302734375
4.4846,0,-0.05126953125,0,-0.13525390625,0,0.084228515625,0,0.050262451171875
4.4961,0,-0.05126953125,0,0.09173583984375,0,0.083740234375,0,0.050262451171875
4.5030,0,0.055450439453125,0,0.09173583984375,0,0.015045166015625,0,0.09222412109375
4.5153,0,0.055450439453125,0,0.037353515625,0,0.015045166015625,0,0.09222412109375
4.5226,0,0.0638427734375,0,0.037353515625,0,-0.046112060546875,0,0.06494140625
4.5312,0,0.0638427734375,0,0.2369384765625,0,-0.046112060546875,0,0.06494140625
4.5433,0,0.03619384765625,0,0.2369384765625,0,-0.046112060546875,0,-0.1585693359375
4.5508,0,0.03619384765625,0,-0.22705078125,0,-0.0105743408203125,0,-0.1585693359375
4.5637,0,0.06512451171875,0,-0.22705078125,0,-0.0105743408203125,0,0.04083251953125
4.5704,0,0.06512451171875,0,0.1351318359375,0,-0.06353759765625,0,0.04083251953125
4.5815,0,-0.0931396484375,0,0.1351318359375,0,-0.06353759765625,0,-0.0748291015625
4.5900,0,-0.0931396484375,0,0.34912109375,0,0.07562255859375,0,-0.0748291015625
4.6025,0,0.04730224609375,0,0.34912109375,0,0.07562255859375,0,0.11505126953125
4.6149,0,0.04730224609375,0,0.34912109375,0,0.051055908203125,0,0.11505126953125
4.6225,0,0.037994384765625,0,0.26416015625,0,0.051055908203125,0,-0.197998046875
4.6311,0,0.037994384765625,0,0.300048828125,0,-0.024169921875,0,-0.197998046875
4.6433,0,-0.08795166015625,0,0.300048828125,0,-0.024169921875,0,0.08697509765625
4.6518,0,-0.08795166015625,0,0.300048828125,0,-0.0207061767578125,0,0.08697509765625
4.6634,0,0.053192138671875,0,-0.306396484375,0,-0.0207061767578125,0,-0.034393310546875
4.6713,0,0.053192138671875,0,-0.306396484375,0,0.04376220703125,0,-0.034393310546875
4.6842,0,0.040771484375,0,0.1590576171875,0,0.04376220703125,0,0.10052490234375
4.6967,0,0.040771484375,0,0.1590576171875,0,0.0225982666015625,0,0.10052490234375
4.7046,0,0.040771484375,0,0.15576171875,0,0.0225982666015625,0,0.10052490234375
4.7143,0,-0.14501953125,0,0.15576171875,0,0.07110595703125,0,0.088623046875
4.7243,0,-0.040130615234375,0,-0.069091796875,0,0.07110595703125,0,-0.1549072265625
4.7337,0,-0.040130615234375,0,-0.069091796875,0,-0.033233642578125,0,-0.1549072265625
4.7450,0,-0.040130615234375,0,0.1583251953125,0,-0.033233642578125,0,-0.1549072265625
4.7571,0,-0.11981201171875,0,0.1583251953125,0,-0.056671142578125,0,0.1943359375
4.7647,0,-0.0355224609375,0,-0.135498046875,0,-0.056671142578125,0,0.1943359375
4.7744,0,-0.0355224609375,0,-0.135498046875,0,0.07513427734375,0,0.061431884765625
4.7856,0,-0.0355224609375,0,-0.267578125,0,0.07513427734375,0,0.061431884765625
4.7932,0,0.061920166015625,0,-0.267578125,0,0.0283966064453125,0,-0.137939453125
4.8049,0,0.0258331298828125,0,-0.03070068359375,0,0.0283966064453125,0,-0.137939453125
4.8162,0,0.0258331298828125,0,-0.03070068359375,0,0.0283966064453125,0,0.1566162109375
4.8267,0,-0.055419921875,0,0.09063720703125,0,0.0257720947265625,0,-0.12890625
4.8333,0,-0.055419921875,0,0.09063720703125,0,0.035736083984375,0,-0.12890625
4.8459,0,-0.055419921875,0,0.068359375,0,0.035736083984375,0,-0.12890625
4.8571,0,0.01358795166015625,0,0.068359375,0,-0.0325927734375,0,0.031829833984375
4.8643,0,-0.0143585205078125,0,-0.498779296875,0,-0.0325927734375,0,0.031829833984375
4.8754,0,-0.0143585205078125,0,-0.498779296875,0,-0.0325927734375,0,0.0164794921875
4.8852,0,0.014373779296875,0,-0.3046875,0,0.051605224609375,0,0.0164794921875
4.8923,0,0.014373779296875,0,-0.3046875,0,0.0472412109375,0,0.11077880859375
4.9029,0,0.014373779296875,0,-0.338134765625,0,0.0472412109375,0,0.11077880859375
4.9155,0,0.0091400146484375,0,-0.338134765625,0,-0.04974365234375,0,-0.03778076171875
4.9221,0,0.0091400146484375,0,0.0716552734375,0,-0.04974365234375,0,-0.03778076171875
4.9355,0,0.05535888671875,0,0.0716552734375,0,-0.04974365234375,0,-0.1214599609375
4.9429,0,0.05535888671875,0,0.241943359375,0,0.04150390625,0,-0.1214599609375
4.9511,0,0.0518798828125,0,0.241943359375,0,0.04150390625,0,0.1502685546875
4.9637,0,0.0518798828125,0,0.11041259765625,0,-0.038726806640625,0,0.1502685546875
4.9704,0,0.07470703125,0,0.11041259765625,0,-0.038726806640625,0,-0.071533203125
4.9829,0,0.07470703125,0,-0.21875,0,-0.0113983154296875,0,-0.071533203125
4.9983,0,-0.05316162109375,0,-0.21875,0,-0.0113983154296875,0,0.025360107421875
5.0026,0,-0.05316162109375,0,0.15087890625,0,0.055633544921875,0,0.025360107421875
5.0102,0,0.0838623046875,0,0.15087890625,0,0.055633544921875,0,-0.0210723876953125
5.0235,0,0.0838623046875,0,0.2344970703125,0,0.06488037109375,0,-0.0210723876953125
5.0297,0,0.049224853515625,0,0.2344970703125,0,0.06488037109375,0,0.05377197265625
5.0408,0,0.049224853515625,0,-0.005092620849609375,0,-0.05047607421875,0,0.05377197265625
5.0500,0,0.03369140625,0,-0.005092620849609375,0,-0.05047607421875,0,-0.080078125
5.0613,0,0.03369140625,0,0.255615234375,0,0.09320068359375,0,-0.080078125
5.0696,0,-0.039031982421875,0,0.255615234375,0,0.09320068359375,0,0.10443115234375
5.0839,0,-0.039031982421875,0,0.255615234375,0,0.07244873046875,0,0.10443115234375
5.0914,0,-0.07183837890625,0,0.049652099609375,0,0.07244873046875,0,0.095458984375
5.1036,0,-0.07183837890625,0,0.049652099609375,0,0.0648193359375,0,0.095458984375
5.1129,0,-0.04559326171875,0,-0.0726318359375,0,0.0648193359375,0,0.022705078125
5.1236,0,-0.04559326171875,0,-0.275634765625,0,-0.0282440185546875,0,0.022705078125
5.1326,0,0.0223388671875,0,-0.275634765625,0,-0.0282440185546875,0,-0.06640625
5.1471,0,0.0223388671875,0,0.06524658203125,0,0.0555419921875,0,-0.06640625
5.1563,0,0.036468505859375,0,0.06524658203125,0,0.0555419921875,0,-0.06640625
5.1638,0,0.036468505859375,0,0.06524658203125,0,-0.05828857421875,0,-0.005435943603515625
5.1763,0,-0.0443115234375,0,-0.058807373046875,0,-0.05828857421875,0,-0.005435943603515625
5.1849,0,-0.0443115234375,0,0.1551513671875,0,0.04779052734375,0,-0.13232421875
5.1919,0,-0.06524658203125,0,0.1551513671875,0,0.04779052734375,0,0.0914306640625
5.2041,0,-0.06524658203125,0,0.1551513671875,0,-0.01520538330078125,0,0.0914306640625
5.2168,0,0.0239105224609375,0,-0.01224517822265625,0,-0.01520538330078125,0,-0.1732177734375
5.2229,0,0.0239105224609375,0,-0.01224517822265625,0,0.0241241455078125,0,-0.1732177734375
5.2370,0,0.08270263671875,0,-0.0760498046875,0,0.0241241455078125,0,-0.1732177734375
5.2435,0,0.08270263671875,0,-0.0760498046875,0,-0.031829833984375,0,-0.053619384765625
5.2530,0,0.0765380859375,0,0.08990478515625,0,-0.031829833984375,0,-0.053619384765625
5.2653,0,0.0765380859375,0,0.08990478515625,0,0.0081939697265625,0,0.132080078125
5.2726,0,0.058319091796875,0,0.10107421875,0,0.0081939697265625,0,0.132080078125
5.2864,0,0.058319091796875,0,-0.049041748046875,0,-0.0215301513671875,0,-0.037384033203125
5.2964,0,-0.057952880859375,0,-0.049041748046875,0,-0.0215301513671875,0,-0.037384033203125
5.3036,0,-0.057952880859375,0,-0.049041748046875,0,0.039520263671875,0,-0.185546875
5.3144,0,-0.09674072265625,0,0.317138671875,0,0.039520263671875,0,-0.185546875
5.3238,0,-0.09674072265625,0,0.317138671875,0,0.05029296875,0,0.09326171875
5.3349,0,-0.09674072265625,0,-0.34228515625,0,0.05029296875,0,0.09326171875
5.3483,0,0.0092315673828125,0,-0.34228515625,0,0.05029296875,0,-0.03448486328125
5.3537,0,-0.0684814453125,0,0.223388671875,0,0.051666259765625,0,-0.03448486328125
5.3657,0,-0.0684814453125,0,0.223388671875,0,0.051666259765625,0,-0.179931640625
5.3725,0,0.04541015625,0,0.09832763671875,0,0.0316162109375,0,-0.179931640625
5.3844,0,0.04541015625,0,0.09832763671875,0,0.0316162109375,0,0.11492919921875
5.3922,0,0.01369476318359375,0,0.0562744140625,0,-0.0947265625,0,0.11492919921875
5.4030,0,0.01369476318359375,0,0.0562744140625,0,-0.0947265625,0,0.114990234375
5.4128,0,0.0938720703125,0,-0.1629638671875,0,-0.045867919921875,0,0.114990234375
5.4230,0,0.0938720703125,0,-0.1629638671875,0,-0.045867919921875,0,-0.10455322265625
5.4312,0,0.0938720703125,0,0.00450897216796875,0,-0.0418701171875,0,-0.10455322265625
5.4422,0,-0.00716400146484375,0,0.00450897216796875,0,-0.0418701171875,0,-0.10845947265625
5.4508,0,0.005825042724609375,0,-0.083740234375,0,0.005535125732421875,0,-0.10845947265625
5.4621,0,0.005825042724609375,0,-0.083740234375,0,0.005535125732421875,0,-0.10809326171875
5.4725,0,0.005825042724609375,0,-0.057830810546875,0,0.05340576171875,0,-0.10809326171875
5.4834,0,-0.10772705078125,0,-0.057830810546875,0,0.05340576171875,0,0.1319580078125
5.4919,0,-0.10772705078125,0,0.201171875,0,0.043670654296875,0,0.1319580078125
5.5027,0,0.03759765625,0,0.201171875,0,0.043670654296875,0,0.1439208984375
5.5116,0,0.03759765625,0,-0.285400390625,0,-0.0265045166015625,0,0.1439208984375
5.5224,0,-0.01381683349609375,0,-0.285400390625,0,-0.0265045166015625,0,0.0924072265625
5.5314,0,-0.01381683349609375,0,0.1783447265625,0,0.12115478515625,0,0.0924072265625
5.5438,0,0.06683349609375,0,0.1783447265625,0,0.12115478515625,0,0.142578125
5.5520,0,0.06683349609375,0,0.0625,0,-0.007633209228515625,0,0.142578125
5.5631,0,0.08819580078125,0,0.0625,0,-0.007633209228515625,0,-0.06329345703125
5.5713,0,0.08819580078125,0,0.1353759765625,0,-0.0236053466796875,0,-0.06329345703125
5.5826,0,0.041168212890625,0,0.1353759765625,0,-0.0236053466796875,0,0.1451416015625
5.5911,0,0.041168212890625,0,0.14208984375,0,0.09600830078125,0,0.1451416015625
5.6031,0,0.045074462890625,0,0.14208984375,0,0.09600830078125,0,0.1451416015625
5.6128,0,0.045074462890625,0,0.268798828125,0,0.0231475830078125,0,0.11846923828125
5.6232,0,0.0352783203125,0,0.268798828125,0,0.0231475830078125,0,0.06378173828125
5.6320,0,0.0352783203125,0,0.07659912109375,0,0.07080078125,0,0.06378173828125
5.6433,0,-0.07574462890625,0,0.07659912109375,0,0.07080078125,0,0.142333984375
5.6534,0,-0.07574462890625,0,0.1492919921875,0,0.07427978515625,0,0.142333984375
5.6636,0,0.08782958984375,0,0.1492919921875,0,0.07427978515625,0,0.1324462890625
5.6718,0,0.08782958984375,0,0.1492919921875,0,0.08209228515625,0,0.1324462890625
5.6841,0,-0.07647705078125,0,0.29052734375,0,0.08209228515625,0,0.07598876953125
5.6929,0,-0.07647705078125,0,0.29052734375,0,0.0755615234375,0,0.07598876953125
5.7059,0,0.036651611328125,0,0.225830078125,0,0.0755615234375,0,0.07598876953125
5.7136,0,0.036651611328125,0,0.225830078125,0,0.04656982421875,0,0.11236572265625
5.7267,0,-0.086181640625,0,0.09454345703125,0,0.04656982421875,0,0.11236572265625
5.7340,0,-0.086181640625,0,0.056396484375,0,-0.0260772705078125,0,-0.205078125
5.7475,0,0.0416259765625,0,0.056396484375,0,-0.0260772705078125,0,-0.205078125
5.7570,0,0.0416259765625,0,0.056396484375,0,0.0165863037109375,0,-0.1817626953125
5.7658,0,0.053192138671875,0,0.2117919921875,0,0.0165863037109375,0,-0.1817626953125
5.7782,0,0.053192138671875,0,0.2117919921875,0,0.0279998779296875,0,0.07861328125
5.7858,0,0.0379638671875,0,-0.056884765625,0,0.0279998779296875,0,0.07861328125
5.7986,0,0.0379638671875,0,-0.056884765625,0,0.0279998779296875,0,0.11883544921875
5.8077,0,0.0379638671875,0,0.1712646484375,0,0.0863037109375,0,0.11883544921875
5.8196,0,-0.059814453125,0,0.1712646484375,0,0.0863037109375,0,0.12744140625
5.8282,0,0.08978271484375,0,0.0655517578125,0,-0.0188446044921875,0,0.12744140625
5.8400,0,0.08978271484375,0,0.0655517578125,0,-0.0188446044921875,0,0.175537109375
5.8479,0,0.080078125,0,-0.237548828125,0,0.017608642578125,0,0.175537109375
5.8602,0,0.080078125,0,-0.237548828125,0,0.017608642578125,0,0.0506591796875
5.8694,0,-0.034027099609375,0,0.16162109375,0,0.04388427734375,0,0.0506591796875
5.8773,0,-0.034027099609375,0,0.16162109375,0,-0.0265350341796875,0,0.09173583984375
5.8890,0,0.0023746490478515625,0,0.4033203125,0,-0.0265350341796875,0,0.09173583984375
5.9002,0,0.0023746490478515625,0,0.4033203125,0,-0.0265350341796875,0,0.1474609375
5.9092,0,0.034027099609375,0,0.297607421875,0,0.0254364013671875,0,0.1474609375
5.9207,0,0.034027099609375,0,0.297607421875,0,0.0254364013671875,0,-0.061920166015625
5.9295,0,0.034027099609375,0,0.032257080078125,0,-0.0293731689453125,0,-0.061920166015625
5.9411,0,0.14306640625,0,0.032257080078125,0,-0.0293731689453125,0,3.083984375
5.9501,0,0.14306640625,0,2.41015625,0,2.89453125,0,3.083984375
5.9617,15,0.462890625,0,2.41015625,0,2.89453125,0,2.236328125
5.9694,15,0.462890625,7,1.177734375,0,2.130859375,0,2.236328125
5.9770,23,0.8212890625,7,1.177734375,0,2.130859375,1,2.060546875
5.9878,23,0.8212890625,40,1.5126953125,17,0.96923828125,1,2.060546875
6.0012,7,1.728515625,40,1.5126953125,17,0.96923828125,2,2.259765625
6.0085,7,1.728515625,48,1.1845703125,44,1.4609375,2,2.259765625
6.0206,32,-0.7275390625,48,1.1845703125,44,1.4609375,4,0.84619140625
6.0281,32,-0.7275390625,25,2.978515625,43,0.25244140625,4,0.84619140625
6.0374,41,0.387939453125,25,2.978515625,43,0.25244140625,-6,2.884765625
6.0486,41,0.387939453125,0,2.533203125,-6,6.4765625,-6,2.884765625
6.0569,54,0.84619140625,0,2.533203125,-6,6.4765625,16,0.58056640625
6.0692,54,0.84619140625,0,2.533203125,15,1.5703125,16,0.58056640625
6.0769,14,3.904296875,47,2.630859375,15,1.5703125,15,0.397216796875
6.0907,14,3.904296875,47,2.630859375,51,1.8974609375,15,0.397216796875
6.1113,1,3.134765625,53,-0.30224609375,50,0.52783203125,-18,5.42578125
6.1232,28,-0.273193359375,12,2.291015625,50,0.52783203125,-18,5.42578125
6.1324,28,-0.273193359375,12,2.291015625,50,0.52783203125,1,2.54296875
6.1410,54,3.408203125,50,4.0,58,1.5517578125,-11,-0.7646484375
6.1528,54,3.408203125,50,4.0,21,0.1412353515625,-11,-0.7646484375
6.1616,22,-0.339599609375,49,-0.18115234375,21,0.1412353515625,-11,-0.7646484375
6.1695,22,-0.339599609375,49,-0.18115234375,-6,-0.048248291015625,-14,-11.96875
6.1771,-7,0.1458740234375,-19,0.125244140625,-6,-0.048248291015625,-14,-11.96875
6.1880,-7,0.1458740234375,-19,0.125244140625,5,-0.077392578125,18,-4.15625
6.2011,0,-0.1217041015625,-21,0.200927734375,5,-0.077392578125,18,-4.15625
6.2084,0,-0.1217041015625,-21,0.200927734375,6,-0.0648193359375,18,-0.62255859375
6.2173,0,-0.043426513671875,7,-0.342529296875,6,-0.0648193359375,18,-0.62255859375
6.2293,0,-0.043426513671875,7,-0.342529296875,2,0.111083984375,0,-0.1761474609375
6.2367,0,-0.1275634765625,1,-0.2470703125,2,0.111083984375,0,-0.1761474609375
6.2478,0,-0.1275634765625,1,-0.2470703125,0,-0.042572021484375,-1,-0.35302734375
6.2565,0,-0.06390380859375,0,0.1099853515625,0,-0.042572021484375,-1,-0.35302734375
6.2672,0,-0.06390380859375,0,0.1099853515625,0,0.05126953125,0,0.098388671875
6.2813,0,-0.06390380859375,0,0.220703125,0,0.05126953125,0,0.098388671875
6.2870,0,-0.086181640625,0,0.220703125,0,0.0220489501953125,0,-0.1163330078125
6.3004,0,-0.086181640625,0,0.231689453125,0,0.0220489501953125,0,-0.1163330078125
6.3064,0,0.041778564453125,0,0.231689453125,0,-0.04522705078125,0,-0.2286376953125
6.3188,0,0.041778564453125,0,-0.36962890625,0,-0.04522705078125,0,-0.2286376953125
6.3261,0,0.14501953125,0,-0.36962890625,0,-0.061767578125,0,0.114990234375
6.3346,0,-0.07183837890625,0,0.059112548828125,0,-0.061767578125,0,0.114990234375
6.3470,0,-0.07183837890625,0,0.059112548828125,0,-0.061767578125,0,0.1092529296875
6.3579,0,-0.07183837890625,0,0.189453125,0,-0.07293701171875,0,0.1092529296875
6.3703,0,-0.0791015625,0,0.189453125,0,-0.07293701171875,0,-0.2064208984375
6.3801,0,-0.03277587890625,0,-0.222900390625,0,-0.061767578125,0,-0.2064208984375
6.3883,0,-0.03277587890625,0,-0.222900390625,0,-0.061767578125,0,0.050811767578125
6.3957,0,-0.047027587890625,0,0.0250701904296875,0,0.0274658203125,0,0.050811767578125
6.4081,0,-0.047027587890625,0,0.0250701904296875,0,0.0274658203125,0,0.144287109375
6.4189,0,-0.047027587890625,0,0.33203125,0,0.058837890625,0,0.144287109375
6.4262,0,-0.033233642578125,0,0.33203125,0,0.058837890625,0,-0.083740234375
6.4394,0,-0.033233642578125,0,-0.0804443359375,0,0.043914794921875,0,-0.083740234375
6.4474,0,0.04693603515625,0,-0.0804443359375,0,0.043914794921875,0,-0.053924560546875
6.4554,0,0.04693603515625,0,-0.20751953125,0,0.050506591796875,0,-0.053924560546875
6.4680,0,-0.01204681396484375,0,-0.20751953125,0,0.050506591796875,0,-0.053924560546875
6.4757,0,-0.0947265625,0,-0.026611328125,0,0.04718017578125,0,-0.1385498046875
6.4862,0,-0.0947265625,0,-0.026611328125,0,0.04718017578125,0,-0.18896484375
6.4965,0,-0.0947265625,0,-0.271240234375,0,0.0316162109375,0,-0.18896484375
6.5073,0,0.10205078125,0,-0.271240234375,0,0.0316162109375,0,-0.0156402587890625
6.5173,0,0.10205078125,0,0.1971435546875,0,-0.032440185546875,0,-0.0156402587890625
6.5276,0,-0.12255859375,0,0.1971435546875,0,-0.032440185546875,0,-0.0791015625
6.5363,0,-0.12255859375,0,0.1710205078125,0,0.029571533203125,0,-0.0791015625
6.5472,0,-0.046905517578125,0,0.1710205078125,0,0.029571533203125,0,0.1337890625
6.5556,0,-0.046905517578125,0,-0.390625,0,-0.03338623046875,0,0.1337890625
6.5677,0,0.0299835205078125,0,-0.390625,0,-0.03338623046875,0,-0.146484375
6.5773,0,0.0299835205078125,0,0.367431640625,0,-0.0190887451171875,0,-0.146484375
6.5865,0,-0.05621337890625,0,0.367431640625,0,-0.0190887451171875,0,0.09771728515625
6.5973,0,-0.05621337890625,0,-0.421875,0,-0.04522705078125,0,0.09771728515625
6.6107,0,0.0132598876953125,0,-0.421875,0,-0.04522705078125,0,0.1121826171875
6.6149,0,0.0132598876953125,0,-0.440673828125,0,0.1331787109375,0,0.1121826171875
6.6256,0,-0.027801513671875,0,-0.440673828125,0,0.1331787109375,0,0.1429443359375
6.6366,0,-0.027801513671875,0,-0.440673828125,0,-0.0526123046875,0,0.1429443359375
6.6478,0,0.032958984375,0,0.22607421875,0,-0.0526123046875,0,-0.05181884765625
6.6562,0,0.032958984375,0,0.22607421875,0,0.038482666015625,0,-0.05181884765625
6.6689,0,-0.07891845703125,0,-0.2047119140625,0,0.038482666015625,0,0.0489501953125
6.6808,0,-0.07891845703125,0,0.1187744140625,0,0.0077667236328125,0,0.0489501953125
6.6917,0,-0.021087646484375,0,0.1187744140625,0,0.0077667236328125,0,0.0489501953125
6.6963,0,-0.021087646484375,0,0.1187744140625,0,0.07366943359375,0,0.0626220703125
6.7141,0,-0.054718017578125,0,0.1488037109375,0,0.07366943359375,0,0.0626220703125
6.7166,0,-0.054718017578125,0,0.1488037109375,0,-0.0609130859375,0,0.10858154296875
6.7274,0,-0.04595947265625,0,-0.278564453125,0,-0.0609130859375,0,0.10858154296875
6.7369,0,-0.04595947265625,0,-0.278564453125,0,0.03814697265625,0,-0.219970703125
6.7503,0,-0.031982421875,0,0.1583251953125,0,0.03814697265625,0,-0.219970703125
6.7565,0,-0.031982421875,0,0.1583251953125,0,0.04571533203125,0,0.035064697265625
6.7715,0,-0.0660400390625,0,-0.237060546875,0,0.04571533203125,0,0.035064697265625
6.7791,0,-0.0660400390625,0,-0.237060546875,0,0.04571533203125,0,0.08843994140625
6.7879,0,-0.0987548828125,0,-0.10260009765625,0,0.06781005859375,0,0.08843994140625
6.7964,0,-0.0987548828125,0,-0.10260009765625,0,-0.065673828125,0,0.09552001953125
6.8073,0,0.08343505859375,0,0.05950927734375,0,-0.065673828125,0,0.09552001953125
6.8162,0,0.08343505859375,0,0.05950927734375,0,0.006824493408203125,0,-0.1953125
6.8271,0,-0.011199951171875,0,0.09326171875,0,0.006824493408203125,0,-0.1953125
6.8356,0,-0.011199951171875,0,0.09326171875,0,-0.089111328125,0,-0.188232421875
6.8474,0,0.062103271484375,0,-0.06915283203125,0,-0.089111328125,0,-0.188232421875
6.8577,0,0.062103271484375,0,-0.06915283203125,0,-0.048858642578125,0,0.09063720703125
6.8666,0,-0.0289764404296875,0,-0.55615234375,0,-0.048858642578125,0,0.09063720703125
6.8751,0,-0.0289764404296875,0,-0.55615234375,0,-0.048858642578125,0,0.027374267578125
6.8863,0,-0.02105712890625,0,0.29296875,0,0.0170745849609375,0,0.027374267578125
6.9011,0,-0.02105712890625,0,0.29296875,0,0.0170745849609375,0,0.060455322265625
6.9069,0,-0.02105712890625,0,0.302001953125,0,0.044281005859375,0,0.060455322265625
6.9204,0,-0.09375,0,0.302001953125,0,0.0751953125,0,0.13427734375
6.9268,0,0.046722412109375,0,0.25634765625,0,0.0751953125,0,0.13427734375
6.9360,0,0.046722412109375,0,0.25634765625,0,0.0751953125,0,-0.12646484375
6.9471,0,-0.1422119140625,0,0.20361328125,0,-0.07867431640625,0,-0.12646484375
6.9558,0,-0.1422119140625,0,0.20361328125,0,-0.07867431640625,0,-0.1788330078125
6.9673,0,-0.1422119140625,0,0.330322265625,0,-0.059661865234375,0,-0.1788330078125
6.9778,0,-0.047088623046875,0,0.330322265625,0,-0.059661865234375,0,0.0977783203125
6.9864,0,-0.047088623046875,0,0.2269287109375,0,0.072998046875,0,0.0977783203125
6.9954,0,-0.06817626953125,0,0.2269287109375,0,0.072998046875,0,-0.1336669921875
7.0060,0,-0.06817626953125,0,0.05047607421875,0,0.041778564453125,0,-0.1336669921875
7.0147,0,-0.0100860595703125,0,0.05047607421875,0,0.041778564453125,0,-0.1787109375
7.0257,0,0.09442138671875,0,0.2222900390625,0,-0.034454345703125,0,-0.1787109375
7.0379,0,0.09442138671875,0,0.2222900390625,0,-0.034454345703125,0,-0.1175537109375
7.0463,0,0.09442138671875,0,-0.04302978515625,0,-0.04156494140625,0,-0.1175537109375
7.0574,0,-0.10943603515625,0,-0.04302978515625,0,-0.04156494140625,0,-0.1175537109375
7.0665,0,-0.10943603515625,0,-0.346435546875,0,-0.03753662109375,0,0.09417724609375
7.0792,0,-0.07672119140625,0,-0.346435546875,0,-0.03753662109375,0,0.09417724609375
7.0883,0,-0.07672119140625,0,-0.346435546875,0,0.0330810546875,0,0.029083251953125
7.0996,0,-0.046844482421875,0,-0.08453369140625,0,0.0330810546875,0,0.029083251953125
7.1075,0,-0.046844482421875,0,-0.08453369140625,0,0.07415771484375,0,0.09130859375
7.1188,0,-0.0088653564453125,0,-0.10205078125,0,0.07415771484375,0,0.09130859375
7.1271,0,-0.0088653564453125,0,-0.0137481689453125,0,0.08465576171875,0,0.158447265625
7.1384,0,-0.07049560546875,0,-0.0137481689453125,0,0.08465576171875,0,0.158447265625
7.1487,0,-0.07049560546875,0,-0.0137481689453125,0,0.06658935546875,0,0.10150146484375
7.1606,0,-0.0782470703125,0,0.162109375,0,0.06658935546875,0,0.10150146484375
7.1692,0,-0.0782470703125,0,0.162109375,0,-0.0227508544921875,0,0.1263427734375
7.1815,0,0.08221435546875,0,-0.0712890625,0,-0.0227508544921875,0,0.1263427734375
7.1888,0,0.08221435546875,0,-0.0712890625,0,-0.022064208984375,0,0.067626953125
7.2000,0,-0.0716552734375,0,0.1790771484375,0,-0.022064208984375,0,0.067626953125
7.2082,0,-0.0716552734375,0,0.1790771484375,0,-0.07733154296875,0,-0.0802001953125
7.2201,0,-0.03851318359375,0,0.133544921875,0,-0.07733154296875,0,-0.0802001953125
7.2277,0,-0.03851318359375,0,0.133544921875,0,-0.043426513671875,0,0.10809326171875
7.2365,0,0.04229736328125,0,0.1832275390625,0,-0.043426513671875,0,0.10809326171875
7.2473,0,0.04229736328125,0,0.1832275390625,0,0.0230865478515625,0,0.12646484375
7.2584,0,-0.03692626953125,0,0.365966796875,0,0.0230865478515625,0,0.12646484375
7.2670,0,-0.03692626953125,0,0.365966796875,0,-0.03448486328125,0,-0.1348876953125
7.2781,0,0.025726318359375,0,-0.387939453125,0,-0.03448486328125,0,-0.1348876953125
7.2883,0,0.025726318359375,0,-0.387939453125,0,-0.035736083984375,0,0.08740234375
7.2953,0,-0.08642578125,0,-0.472900390625,0,-0.035736083984375,0,0.08740234375
7.3063,0,-0.08642578125,0,-0.472900390625,0,-0.031097412109375,0,-0.09808349609375
7.3154,0,-0.0809326171875,0,-0.01499176025390625,0,-0.031097412109375,0,-0.09808349609375
7.3259,0,-0.0809326171875,0,-0.01499176025390625,0,-0.031097412109375,0,0.04583740234375
7.3377,0,-0.042388916015625,0,-0.50732421875,0,-0.0092926025390625,0,0.04583740234375
7.3484,0,-0.042388916015625,0,-0.50732421875,0,-0.0092926025390625,0,-0.03607177734375
7.3572,0,-0.042388916015625,0,-0.33447265625,0,-0.01001739501953125,0,-0.03607177734375
7.3673,0,-0.0726318359375,0,-0.33447265625,0,-0.01001739501953125,0,0.01291656494140625
7.3775,0,-0.03863525390625,0,-0.4716796875,0,0.046417236328125,0,0.01291656494140625
7.3871,0,-0.03863525390625,0,-0.4716796875,0,0.046417236328125,0,-0.166259765625
7.3972,0,-0.03863525390625,0,-0.237548828125,0,0.043670654296875,0,-0.166259765625
7.4054,0,0.0338134765625,0,-0.237548828125,0,0.043670654296875,0,-0.055755615234375
7.4141,0,0.0338134765625,0,-0.08868408203125,0,-0.03338623046875,0,-0.055755615234375
7.4254,0,0.0217742919921875,0,-0.08868408203125,0,-0.03338623046875,0,0.1497802734375
7.4361,0,0.0217742919921875,0,-0.04736328125,0,0.071533203125,0,0.1497802734375
7.4452,0,-0.10589599609375,0,-0.04736328125,0,0.071533203125,0,-0.1256103515625
7.4583,0,-0.10589599609375,0,-0.04736328125,0,-0.028228759765625,0,-0.1256103515625
7.4683,0,-0.036407470703125,0,0.10772705078125,0,-0.028228759765625,0,0.13232421875
7.4783,0,-0.036407470703125,0,0.10772705078125,0,0.04150390625,0,0.13232421875
7.4859,0,-0.050262451171875,0,0.365478515625,0,0.04150390625,0,-0.02294921875
7.5030,0,0.06414794921875,0,-0.03033447265625,0,-0.0623779296875,0,-0.02294921875
7.5062,0,0.06414794921875,0,-0.03033447265625,0,-0.0623779296875,0,-0.08544921875
7.5213,0,0.06414794921875,0,0.055694580078125,0,-0.039215087890625,0,-0.08544921875
7.5302,0,-0.0384521484375,0,0.055694580078125,0,-0.039215087890625,0,0.11920166015625
7.5384,0,-0.0384521484375,0,0.3720703125,0,-0.03515625,0,0.11920166015625
7.5505,0,-0.06231689453125,0,0.3720703125,0,-0.03515625,0,-0.08660888671875
7.5580,0,-0.06231689453125,0,0.34130859375,0,0.07696533203125,0,-0.08660888671875
7.5666,0,0.0557861328125,0,0.34130859375,0,0.07696533203125,0,0.069091796875
7.5779,0,0.0557861328125,0,0.1412353515625,0,0.0511474609375,0,0.069091796875
7.5862,0,-0.04742431640625,0,0.1412353515625,0,0.0511474609375,0,0.041961669921875
7.6024,0,-0.04742431640625,0,-0.4150390625,0,-0.0183563232421875,0,0.041961669921875
7.6057,0,0.04681396484375,0,-0.4150390625,0,-0.0183563232421875,0,0.1312255859375
7.6200,0,0.04681396484375,0,-0.4150390625,0,-0.01409149169921875,0,0.1312255859375
7.6254,0,0.08251953125,0,0.135009765625,0,-0.01409149169921875,0,-0.0184326171875
7.6405,0,0.08251953125,0,0.135009765625,0,0.01174163818359375,0,-0.0184326171875
7.6484,0,-0.01557159423828125,0,0.06402587890625,0,0.01174163818359375,0,-0.1322021484375
7.6601,0,-0.01557159423828125,0,0.03155517578125,0,0.1162109375,0,-0.1322021484375
7.6672,0,-0.040374755859375,0,0.03155517578125,0,0.1162109375,0,0.01152801513671875
7.6823,0,-0.040374755859375,0,0.03155517578125,0,0.036376953125,0,0.01152801513671875
7.6892,0,-0.048675537109375,0,0.203125,0,0.036376953125,0,0.01152801513671875
7.6993,0,-0.048675537109375,0,0.203125,0,0.045623779296875,0,0.043121337890625
7.7080,0,0.03448486328125,0,0.139404296875,0,0.045623779296875,0,0.10211181640625
7.7223,0,0.03448486328125,0,0.139404296875,0,0.06268310546875,0,0.10211181640625
7.7275,0,-0.046478271484375,0,-0.1204833984375,0,0.06268310546875,0,0.1663818359375
7.7387,0,-0.046478271484375,0,-0.1204833984375,0,-0.041107177734375,0,0.1663818359375
7.7490,0,-0.08563232421875,0,0.06182861328125,0,-0.041107177734375,0,0.0100555419921875
7.7609,0,-0.08563232421875,0,0.06182861328125,0,0.0782470703125,0,0.0100555419921875
7.7702,0,-0.05596923828125,0,0.21142578125,0,0.0782470703125,0,0.0100555419921875
7.7739,0,-0.05596923828125,0,0.21142578125,0,0.016021728515625,0,0.1273193359375
7.7853,0,0.1317138671875,0,0.1690673828125,0,0.016021728515625,0,0.1473388671875
7.7939,0,0.1317138671875,0,0.1690673828125,0,0.09619140625,0,0.1473388671875
7.8050,0,-0.04425048828125,0,0.325927734375,0,0.09619140625,0,0.1473388671875
7.8208,0,-0.04425048828125,0,0.325927734375,0,0.006511688232421875,0,0.158447265625
7.8246,0,-0.020660400390625,0,0.1773681640625,0,0.006511688232421875,0,0.158447265625
7.8365,0,-0.020660400390625,0,0.1773681640625,0,0.040771484375,0,0.10809326171875
7.8452,0,-0.040191650390625,0,-0.17822265625,0,0.040771484375,0,0.10809326171875
7.8535,0,-0.040191650390625,0,-0.17822265625,0,0.0250244140625,0,0.0262908935546875
7.8648,0,0.10400390625,0,0.283935546875,0,0.0250244140625,0,0.0262908935546875
7.8805,0,0.10400390625,0,0.283935546875,0,-0.01751708984375,0,0.1392822265625
7.8851,0,-0.035919189453125,0,0.1646728515625,0,-0.01751708984375,0,0.1392822265625
7.8930,0,-0.035919189453125,0,0.1646728515625,0,-0.0296478271484375,0,0.0814208984375
7.9053,0,-0.0654296875,0,-0.448486328125,0,-0.0296478271484375,0,0.0814208984375
7.9127,0,-0.0654296875,0,-0.448486328125,0,0.12225341796875,0,-0.16015625
7.9235,0,-0.0654296875,0,0.11920166015625,0,0.12225341796875,0,-0.16015625
7.9355,0,0.09967041015625,0,0.11920166015625,0,0.12225341796875,0,0.021026611328125
7.9442,0,0.09967041015625,0,0.0401611328125,0,0.052154541015625,0,0.021026611328125
7.9526,0,0.06231689453125,0,0.0401611328125,0,0.031005859375,0,0.1402587890625
7.9664,0,-0.0733642578125,0,0.232666015625,0,0.031005859375,0,0.1402587890625
7.9724,0,-0.0733642578125,0,0.232666015625,0,-0.0289306640625,0,0.1566162109375
7.9848,0,-0.0733642578125,0,-0.359375,0,-0.0289306640625,0,0.1566162109375
7.9960,0,-0.07855224609375,0,-0.359375,0,-0.0419921875,0,0.1324462890625
8.0044,0,-0.07855224609375,0,0.197998046875,0,-0.0419921875,0,0.1324462890625
8.0181,0,-0.060089111328125,0,0.197998046875,0,-0.0272216796875,0,0.04278564453125
8.0255,0,-0.060089111328125,0,-0.35400390625,0,-0.0272216796875,0,0.04278564453125
8.0397,0,-0.03155517578125,0,-0.35400390625,0,-0.0272216796875,0,0.043731689453125
8.0490,0,-0.03155517578125,0,-0.35400390625,0,0.069580078125,0,0.043731689453125
8.0564,0,-0.08087158203125,0,0.1207275390625,0,-0.02642822265625,0,0.086181640625
8.0681,0,-0.08087158203125,0,0.09130859375,0,-0.02642822265625,0,0.086181640625
8.0717,0,0.0361328125,0,0.09130859375,0,-0.02642822265625,0,-0.183837890625
8.0890,0,0.0361328125,0,0.09130859375,0,0.0836181640625,0,-0.183837890625
8.0936,0,-0.047393798828125,0,0.3095703125,0,0.0836181640625,0,-0.05322265625
8.1072,0,-0.047393798828125,0,0.3095703125,0,0.07061767578125,0,-0.05322265625
8.1186,0,-0.04669189453125,0,0.2137451171875,0,0.07061767578125,0,0.127197265625
8.1284,0,-0.04669189453125,0,0.2137451171875,0,-0.0138702392578125,0,0.127197265625
8.1364,0,0.0845947265625,0,-0.501953125,0,-0.0138702392578125,0,0.127197265625
8.1491,0,0.0845947265625,0,-0.501953125,0,0.08258056640625,0,-0.08056640625
8.1585,0,-0.0523681640625,0,0.155029296875,0,0.08258056640625,0,-0.08056640625
8.1688,0,-0.0523681640625,0,0.155029296875,0,0.01163482666015625,0,-0.11065673828125
8.1793,0,0.037841796875,0,-0.442626953125,0,0.01163482666015625,0,-0.11065673828125
8.1892,0,0.037841796875,0,-0.442626953125,0,-0.0323486328125,0,0.08502197265625
8.1967,0,-0.03704833984375,0,0.3017578125,0,-0.0323486328125,0,0.08502197265625
8.2124,0,-0.03704833984375,0,0.3017578125,0,0.03399658203125,0,0.126953125
8.2224,0,-0.044158935546875,0,-0.1788330078125,0,0.03399658203125,0,0.126953125
8.2284,0,-0.044158935546875,0,-0.1788330078125,0,-0.04302978515625,0,-0.040069580078125
8.2411,0,-0.08544921875,0,0.31298828125,0,-0.04302978515625,0,0.1007080078125
8.2499,0,-0.08544921875,0,0.31298828125,0,-0.01215362548828125,0,0.1007080078125
8.2567,0,0.07342529296875,0,-0.033111572265625,0,-0.01215362548828125,0,0.1007080078125
8.2729,0,0.07342529296875,0,-0.033111572265625,0,-0.0226287841796875,0,-0.16845703125
8.2776,0,-0.08953857421875,0,-0.224853515625,0,-0.0226287841796875,0,-0.16845703125
8.2884,0,-0.08953857421875,0,-0.224853515625,0,-0.049346923828125,0,-0.08367919921875
8.3040,0,-0.05316162109375,0,0.166259765625,0,-0.049346923828125,0,-0.08367919921875
8.3092,0,-0.05316162109375,0,0.166259765625,0,0.07611083984375,0,-0.2010498046875
8.3215,0,-0.05316162109375,0,-0.154541015625,0,0.07611083984375,0,-0.2010498046875
8.3314,0,-0.05804443359375,0,-0.154541015625,0,0.07611083984375,0,-0.141845703125
8.3464,0,-0.05804443359375,0,-0.11993408203125,0,0.07293701171875,0,-0.141845703125
8.3503,0,-0.033416748046875,0,-0.11993408203125,0,0.032928466796875,0,-0.1644287109375
8.3628,0,-0.033416748046875,0,-0.030670166015625,0,0.032928466796875,0,-0.1644287109375
8.3714,0,-0.07049560546875,0,-0.030670166015625,0,-0.06011962890625,0,0.1097412109375
8.3786,0,-0.07049560546875,0,-0.470703125,0,-0.06011962890625,0,0.1097412109375
8.3913,0,-0.0498046875,0,-0.470703125,0,-0.06011962890625,0,-0.177490234375
8.4033,0,-0.0498046875,0,-0.35498046875,0,0.044189453125,0,-0.177490234375
8.4110,0,-0.06787109375,0,-0.35498046875,0,0.044189453125,0,-0.07379150390625
8.4245,0,-0.06787109375,0,0.2210693359375,0,0.006015777587890625,0,-0.07379150390625
8.4319,0,-0.03887939453125,0,0.2210693359375,0,0.006015777587890625,0,0.1658935546875
8.4388,0,-0.03887939453125,0,0.2037353515625,0,-0.027984619140625,0,0.1658935546875
8.4520,0,-0.060333251953125,0,0.2037353515625,0,-0.027984619140625,0,0.03411865234375
8.5017,0,-0.060333251953125,0,0.27734375,0,-0.024505615234375,0,0.03411865234375
8.5027,0,-0.11761474609375,0,0.27734375,0,-0.024505615234375,0,0.06170654296875
8.5032,0,-0.11761474609375,0,-0.04248046875,0,-0.0704345703125,0,0.06170654296875
8.5035,0,0.08087158203125,0,-0.04248046875,0,-0.0704345703125,0,-0.1826171875
8.5039,0,0.08087158203125,0,-0.04248046875,0,0.040069580078125,0,-0.1826171875
8.5178,0,-0.0999755859375,0,-0.13818359375,0,-0.03607177734375,0,0.150146484375
8.5264,0,-0.07379150390625,0,-0.13818359375,0,-0.03607177734375,0,0.150146484375
8.5353,0,-0.07379150390625,0,-0.13818359375,0,-0.03607177734375,0,0.0158538818359375
8.5486,0,-0.07379150390625,0,-0.51513671875,0,-0.03057861328125,0,0.0158538818359375
8.5557,0,0.0487060546875,0,-0.51513671875,0,-0.03057861328125,0,-0.10455322265625
8.5672,0,0.0487060546875,0,0.1739501953125,0,-0.0196685791015625,0,-0.10455322265625
8.5764,0,-0.0206451416015625,0,0.1739501953125,0,-0.0196685791015625,0,-0.031646728515625
8.5877,0,-0.0206451416015625,0,0.1739501953125,0,0.0149078369140625,0,-0.031646728515625
8.5963,0,-0.05316162109375,0,0.305908203125,0,0.0149078369140625,0,0.11309814453125
8.6073,0,-0.05316162109375,0,0.305908203125,0,0.03875732421875,0,0.11309814453125
8.6167,0,-0.05694580078125,0,0.152587890625,0,0.03875732421875,0,0.11309814453125
8.6309,0,-0.118896484375,0,0.21142578125,0,0.09185791015625,0,0.0731201171875
8.6417,0,-0.118896484375,0,0.21142578125,0,0.02349853515625,0,0.0731201171875
8.6500,0,-0.13037109375,0,-0.35107421875,0,0.02349853515625,0,0.0731201171875
8.6631,0,-0.13037109375,0,-0.35107421875,0,0.057342529296875,0,-0.0210418701171875
8.6717,0,0.0635986328125,0,0.06768798828125,0,0.057342529296875,0,-0.0210418701171875
8.6833,0,0.0635986328125,0,0.06768798828125,0,0.03955078125,0,-0.0947265625
8.6915,0,0.0838623046875,0,0.25439453125,0,0.03955078125,0,-0.0947265625
8.7028,0,0.0838623046875,0,0.25439453125,0,-0.032745361328125,0,-0.1109619140625
8.7133,0,-0.0926513671875,0,0.1756591796875,0,-0.032745361328125,0,-0.1109619140625
8.7239,0,-0.0926513671875,0,0.1756591796875,0,0.0257720947265625,0,-0.07440185546875
8.7336,0,0.01232147216796875,0,0.3134765625,0,0.0257720947265625,0,-0.07440185546875
8.7455,0,0.01232147216796875,0,0.3134765625,0,0.032806396484375,0,0.047088623046875
8.7541,0,-0.11114501953125,0,0.25927734375,0,0.032806396484375,0,0.047088623046875
8.7656,0,-0.11114501953125,0,0.25927734375,0,0.01316070556640625,0,0.06365966796875
8.7706,0,0.0182342529296875,0,0.016357421875,0,0.01316070556640625,0,0.06365966796875
8.7850,0,0.0182342529296875,0,0.016357421875,0,-0.04736328125,0,0.15966796875
8.7940,0,0.0182342529296875,0,0.200439453125,0,-0.04736328125,0,0.15966796875
8.8050,0,0.05804443359375,0,0.200439453125,0,0.06622314453125,0,-0.1505126953125
8.8149,0,0.05804443359375,0,0.217529296875,0,0.06622314453125,0,-0.1505126953125
8.8255,0,-0.01033782958984375,0,0.217529296875,0,0.06146240234375,0,0.159912109375
8.8353,0,-0.01033782958984375,0,0.3212890625,0,0.06146240234375,0,0.159912109375
8.8474,0,0.0716552734375,0,0.3212890625,0,0.07537841796875,0,-0.1575927734375
8.8531,0,0.0716552734375,0,-0.2578125,0,0.07537841796875,0,-0.1575927734375
8.8646,0,-0.061981201171875,0,-0.2578125,0,0.09259033203125,0,0.06744384765625
8.8728,0,-0.061981201171875,0,0.302001953125,0,0.09259033203125,0,0.06744384765625
8.8843,0,-0.07232666015625,0,0.302001953125,0,-0.03656005859375,0,-0.07843017578125
8.8931,0,-0.07232666015625,0,0.2188720703125,0,-0.03656005859375,0,-0.07843017578125
8.9039,0,0.08648681640625,0,0.2188720703125,0,0.035858154296875,0,-0.04840087890625
8.9125,0,0.08648681640625,0,-0.171630859375,0,0.035858154296875,0,-0.04840087890625
8.9236,0,-0.043670654296875,0,-0.171630859375,0,0.00795745849609375,0,0.1007080078125
8.9322,0,-0.043670654296875,0,-0.305908203125,0,0.00795745849609375,0,0.1007080078125
8.9450,0,-0.02630615234375,0,-0.305908203125,0,-0.04705810546875,0,-0.144775390625
8.9534,0,-0.02630615234375,0,-0.25927734375,0,-0.04705810546875,0,-0.144775390625
8.9647,0,-0.041473388671875,0,-0.25927734375,0,0.06805419921875,0,0.0938720703125
8.9730,0,-0.041473388671875,0,-0.20849609375,0,0.06805419921875,0,0.0938720703125
8.9854,0,-0.047454833984375,0,-0.20849609375,0,0.06390380859375,0,-0.01537322998046875
8.9938,0,-0.047454833984375,0,0.3427734375,0,0.06390380859375,0,-0.01537322998046875
9.0049,0,0.00981903076171875,0,0.3427734375,0,0.03143310546875,0,0.1519775390625
9.0138,0,0.00981903076171875,0,0.310546875,0,0.03143310546875,0,0.1519775390625
9.0246,0,0.043304443359375,0,0.310546875,0,0.035736083984375,0,-0.12939453125
9.0354,0,0.043304443359375,0,0.28076171875,0,0.035736083984375,0,-0.12939453125
9.0448,0,-0.083740234375,0,0.28076171875,0,0.04449462890625,0,0.085693359375
9.0531,0,-0.083740234375,0,0.179931640625,0,0.04449462890625,0,0.085693359375
9.0645,0,-0.060150146484375,0,0.179931640625,0,0.04449462890625,0,0.085693359375
9.0728,0,-0.060150146484375,0,-0.460693359375,0,0.02825927734375,0,0.1690673828125
9.0862,0,-0.051971435546875,0,-0.460693359375,0,0.02825927734375,0,0.1690673828125
9.0946,0,-0.051971435546875,0,-0.0421142578125,0,-0.06158447265625,0,-0.08782958984375
9.1038,0,-0.134765625,0,-0.0421142578125,0,0.0127410888671875,0,-0.08782958984375
9.1159,0,-0.134765625,0,0.06402587890625,0,0.0127410888671875,0,-0.1859130859375
9.1270,0,-0.027801513671875,0,0.06402587890625,0,0.0127410888671875,0,-0.1859130859375
9.1359,0,-0.027801513671875,0,-0.1610107421875,0,0.0716552734375,0,0.1376953125
9.1504,0,-0.0361328125,0,-0.1610107421875,0,0.0716552734375,0,0.1376953125
9.1554,0,-0.0361328125,0,-0.1610107421875,0,0.0892333984375,0,0.057891845703125
9.1711,0,-0.1131591796875,0,-0.033843994140625,0,0.095458984375,0,0.152099609375
9.1869,0,-0.1131591796875,0,0.227783203125,0,0.095458984375,0,0.152099609375
9.1908,0,-0.060577392578125,0,0.31298828125,0,0.0115814208984375,0,-0.0738525390625
9.2020,0,-0.0419921875,0,0.31298828125,0,0.09429931640625,0,-0.0738525390625
9.2104,0,-0.0419921875,0,0.31298828125,0,0.09429931640625,0,0.0660400390625
9.2216,0,-0.0419921875,0,0.24560546875,0,0.09429931640625,0,0.0660400390625
9.2303,0,-0.0255889892578125,0,0.24560546875,0,0.03753662109375,0,0.10296630859375
9.2415,0,-0.0255889892578125,0,0.06817626953125,0,0.03753662109375,0,0.10296630859375
9.2505,0,-0.10675048828125,0,0.06817626953125,0,0.07867431640625,0,-0.06292724609375
9.2616,0,-0.10675048828125,0,-0.281005859375,0,0.07867431640625,0,-0.06292724609375
9.2703,0,-0.0175018310546875,0,-0.281005859375,0,-0.0880126953125,0,0.0175933837890625
9.2816,0,-0.0175018310546875,0,0.168701171875,0,-0.0880126953125,0,0.0175933837890625
9.2901,0,-0.053863525390625,0,0.168701171875,0,0.0225982666015625,0,0.0692138671875
9.3026,0,-0.053863525390625,0,-0.4423828125,0,0.0225982666015625,0,0.0692138671875
9.3091,0,0.0037822723388671875,0,-0.4423828125,0,0.05169677734375,0,-0.051239013671875
9.3220,0,0.0037822723388671875,0,2.396484375,0,0.05169677734375,0,-0.051239013671875
9.3305,0,2.076171875,0,2.396484375,7,1.40234375,0,2.109375
9.3432,0,2.076171875,16,-0.1607666015625,7,1.40234375,0,2.109375
9.3508,11,0.65087890625,16,-0.1607666015625,24,0.222412109375,-5,2.599609375
9.3618,11,0.65087890625,21,0.56396484375,24,0.222412109375,-5,2.599609375
9.3702,30,-1.0546875,21,0.56396484375,-7,4.8125,-12,2.6171875
9.3841,30,-1.0546875,0,2.95703125,-7,4.8125,-12,2.6171875
9.3910,35,0.607421875,0,2.95703125,7,0.912109375,10,1.611328125
9.4023,35,0.607421875,21,0.33056640625,7,0.912109375,10,1.611328125
9.4106,1,1.7568359375,21,0.33056640625,33,1.109375,-15,4.0625
9.4213,1,1.7568359375,40,-0.96826171875,33,1.109375,-15,4.0625
9.4307,21,-0.0765380859375,40,-0.96826171875,37,0.44140625,0,1.0849609375
9.4421,21,-0.0765380859375,42,0.806640625,37,0.44140625,0,1.0849609375
9.4524,41,1.193359375,42,0.806640625,38,0.3837890625,19,-0.89111328125
9.4623,41,1.193359375,-9,4.69921875,38,0.3837890625,19,-0.89111328125
9.4708,39,0.76806640625,-9,4.69921875,-9,5.078125,25,-1.259765625
9.4819,39,0.76806640625,16,0.382568359375,-9,5.078125,25,-1.259765625
9.4909,20,2.5859375,16,0.382568359375,14,0.57470703125,120,-7.6796875
9.5015,20,2.5859375,40,1.0908203125,14,0.57470703125,120,-7.6796875
9.5099,20,2.5859375,40,1.0908203125,38,-0.81982421875,120,-7.6796875
9.5217,7,2.65234375,44,0.7802734375,38,-0.81982421875,98,3.8203125
9.5343,16,0.97265625,44,0.7802734375,45,0.90576171875,30,-0.468017578125
9.5425,16,0.97265625,32,0.92822265625,45,0.90576171875,30,-0.468017578125
9.5517,16,0.97265625,32,0.92822265625,24,3.0703125,30,-0.468017578125
9.5636,47,-0.955078125,0,3.099609375,24,3.0703125,45,-0.1739501953125
9.5728,47,-0.955078125,0,3.099609375,14,1.62890625,45,-0.1739501953125
9.5833,51,0.673828125,36,-0.9365234375,14,1.62890625,46,-0.07891845703125
9.5917,51,0.673828125,36,-0.9365234375,45,1.1484375,46,-0.07891845703125
9.6025,-1,5.12109375,53,-0.63671875,45,1.1484375,41,0.266357421875
9.6136,-1,5.12109375,53,-0.63671875,45,0.165283203125,41,0.266357421875
9.6246,13,1.404296875,53,0.5791015625,45,0.165283203125,35,0.8095703125
9.6309,13,1.404296875,53,0.5791015625,47,0.2783203125,35,0.8095703125
9.6418,63,4.15234375,-3,6.95703125,47,0.2783203125,34,0.6611328125
9.6505,63,4.15234375,-3,6.95703125,-1,7.41015625,34,0.6611328125
9.6619,56,0.86328125,5,2.251953125,-1,7.41015625,37,0.403076171875
9.6727,56,0.86328125,5,2.251953125,20,0.8818359375,37,0.403076171875
9.6839,3,6.85546875,48,1.845703125,20,0.8818359375,39,0.1719970703125
9.6930,3,6.85546875,48,1.845703125,49,1.310546875,39,0.1719970703125
9.7036,4,2.37890625,70,2.296875,49,1.310546875,40,0.40576171875
9.7128,4,2.37890625,70,2.296875,52,0.50537109375,40,0.40576171875
9.7228,48,1.89453125,1,3.841796875,52,0.50537109375,41,0.12103271484375
9.7351,48,1.89453125,1,3.841796875,21,2.408203125,41,0.12103271484375
9.7449,61,1.5458984375,1,3.841796875,21,2.408203125,42,0.2303466796875
9.7533,61,1.5458984375,32,-0.53173828125,21,2.408203125,42,0.2303466796875
9.7644,20,4.69921875,63,2.048828125,16,1.5205078125,42,0.2320556640625
9.7727,20,4.69921875,63,2.048828125,53,2.1796875,42,0.2320556640625
9.7839,4,2.583984375,63,2.048828125,53,2.1796875,40,0.096435546875
9.7922,4,2.583984375,47,0.80615234375,53,2.1796875,40,0.096435546875
9.8039,45,1.814453125,47,0.80615234375,55,0.90087890625,38,0.65185546875
9.8127,45,1.814453125,47,0.0278472900390625,55,0.90087890625,38,0.65185546875
9.8243,60,1.4541015625,47,0.0278472900390625,32,1.810546875,37,0.625
9.8324,60,1.4541015625,0,6.9296875,32,1.810546875,37,0.625
9.8447,25,3.025390625,0,6.9296875,5,2.521484375,34,0.6708984375
9.8556,25,3.025390625,3,2.091796875,5,2.521484375,34,0.6708984375
9.8639,26,1.23828125,3,2.091796875,45,1.353515625,36,0.54052734375
9.8725,26,1.23828125,49,2.037109375,45,1.353515625,36,0.54052734375
9.8828,48,0.755859375,49,2.037109375,54,0.751953125,38,0.2880859375
9.8920,48,0.755859375,60,1.341796875,54,0.751953125,38,0.2880859375
9.9034,49,-0.326416015625,60,1.341796875,41,0.42724609375,40,0.335693359375
9.9116,49,-0.326416015625,30,2.82421875,41,0.42724609375,40,0.335693359375
9.9229,47,0.06524658203125,30,2.82421875,-4,5.0625,43,0.07476806640625
9.9320,47,0.06524658203125,-6,4.2890625,-4,5.0625,43,0.07476806640625
9.9424,-4,4.48828125,-6,4.2890625,29,-0.09027099609375,44,0.1419677734375
9.9515,-4,4.48828125,32,-0.59814453125,29,-0.09027099609375,44,0.1419677734375
9.9619,20,0.55810546875,32,-0.59814453125,59,1.9423828125,44,0.1419677734375
9.9710,20,0.55810546875,62,1.658203125,59,1.9423828125,41,0.29931640625
9.9818,57,2.009765625,62,1.658203125,49,0.06439208984375,38,0.515625
9.9901,57,2.009765625,50,-0.339599609375,49,0.06439208984375,38,0.515625
10.0014,56,0.80908203125,50,-0.339599609375,-7,6.58203125,37,0.5361328125
10.0091,56,0.80908203125,-7,6.3828125,-7,6.58203125,37,0.5361328125
10.0209,30,2.876953125,-7,6.3828125,21,0.78173828125,37,0.5361328125
10.0293,30,2.876953125,23,0.051025390625,21,0.78173828125,38,0.41748046875
10.0413,0,3.228515625,23,0.051025390625,54,1.955078125,37,0.70263671875
10.0503,0,3.228515625,58,1.5068359375,54,1.955078125,37,0.70263671875
10.0609,31,-0.3984375,58,1.5068359375,9,9.453125,34,0.90185546875
10.0701,31,-0.3984375,59,0.68896484375,9,9.453125,34,0.90185546875
10.0827,31,-0.3984375,59,0.68896484375,21,1.4150390625,34,0.90185546875
10.0913,60,1.5966796875,0,4.51953125,21,1.4150390625,37,0.397216796875
10.1044,60,1.5966796875,0,4.51953125,54,1.3251953125,37,0.397216796875
10.1107,42,1.009765625,9,2.080078125,54,1.3251953125,40,0.119140625
10.1160,1,4.18359375,9,2.080078125,56,0.9716796875,40,0.119140625
10.1303,1,4.18359375,59,2.533203125,56,0.9716796875,41,0.1812744140625
10.1424,1,4.18359375,59,2.533203125,52,0.360107421875,41,0.1812744140625
10.1509,35,-0.7978515625,61,1.076171875,52,0.360107421875,42,0.25537109375
10.1619,35,-0.7978515625,61,1.076171875,42,0.615234375,42,0.25537109375
10.1718,58,1.240234375,10,4.1875,42,0.615234375,44,-0.1739501953125
10.1851,58,1.240234375,10,4.1875,-4,4.1953125,44,-0.1739501953125
10.1930,47,0.460693359375,22,0.445556640625,-4,4.1953125,43,0.09735107421875
10.2041,3,3.38671875,22,0.445556640625,22,0.72900390625,43,0.09735107421875
10.2141,3,3.38671875,58,1.5849609375,22,0.72900390625,40,0.462890625
10.2242,3,3.38671875,58,1.5849609375,57,1.5625,40,0.462890625
10.2332,43,-1.3271484375,58,1.5849609375,57,1.5625,37,0.7060546875
10.2437,43,-1.3271484375,53,-0.315673828125,56,-0.469970703125,37,0.7060546875
10.2528,51,-0.5517578125,14,2.189453125,56,-0.469970703125,36,0.671875
10.2640,51,-0.5517578125,14,2.189453125,4,3.439453125,36,0.671875
10.2725,60,0.7255859375,49,1.623046875,4,3.439453125,34,0.81201171875
10.2854,60,0.7255859375,49,1.623046875,20,0.98681640625,34,0.81201171875
10.2929,1,7.9921875,49,1.623046875,20,0.98681640625,36,0.42236328125
10.3042,1,7.9921875,62,1.5830078125,54,1.8115234375,36,0.42236328125
10.3132,12,1.818359375,62,1.5830078125,54,1.8115234375,41,0.1640625
10.3239,12,1.818359375,21,4.1171875,54,1.8115234375,41,0.1640625
10.3328,43,-0.60986328125,21,4.1171875,55,0.1854248046875,41,0.640625
10.3434,43,-0.60986328125,4,3.109375,55,0.1854248046875,41,0.640625
10.3546,60,-1.0771484375,4,3.109375,30,2.76953125,44,0.2352294921875
10.3631,60,-1.0771484375,56,2.1015625,30,2.76953125,44,0.2352294921875
10.3717,55,-0.1141357421875,56,2.1015625,35,0.984375,49,-0.1793212890625
10.3828,55,-0.1141357421875,63,-0.609375,35,0.984375,49,-0.1793212890625
10.3911,54,-0.264404296875,63,-0.609375,45,0.06719970703125,50,-0.1839599609375
10.4023,54,-0.264404296875,60,0.285400390625,45,0.06719970703125,50,-0.1839599609375
10.4113,-3,8.2109375,60,0.285400390625,52,0.07843017578125,47,0.266845703125
10.4247,-3,8.2109375,-5,7.2578125,52,0.07843017578125,47,0.266845703125
10.4295,20,1.1611328125,-5,7.2578125,49,0.246826171875,44,0.515625
10.4413,20,1.1611328125,24,0.284423828125,49,0.246826171875,44,0.515625
10.4503,62,1.794921875,24,0.284423828125,46,0.56396484375,40,0.732421875
10.4610,62,1.794921875,67,2.494140625,46,0.56396484375,40,0.732421875
10.4696,57,0.08685302734375,67,2.494140625,3,3.869140625,37,0.99169921875
10.4813,57,0.08685302734375,40,1.0166015625,3,3.869140625,37,0.99169921875
10.4896,55,0.179443359375,40,1.0166015625,37,-0.222412109375,42,0.3125
10.5027,55,0.179443359375,35,1.1494140625,37,-0.222412109375,42,0.3125
10.5102,-1,8.765625,35,1.1494140625,60,1.1943359375,45,0.461181640625
10.5213,-1,8.765625,48,0.1292724609375,60,1.1943359375,45,0.461181640625
10.5297,5,2.591796875,48,0.1292724609375,70,2.015625,46,0.205322265625
10.5446,5,2.591796875,54,-0.1583251953125,54,1.7373046875,46,0.205322265625
10.5489,62,2.662109375,54,-0.1583251953125,54,1.7373046875,48,0.1329345703125
10.5620,62,2.662109375,17,3.662109375,54,1.7373046875,48,0.1329345703125
10.5709,65,-0.82568359375,17,3.662109375,3,3.291015625,49,-0.204345703125
10.5817,65,-0.82568359375,37,0.08294677734375,3,3.291015625,49,-0.204345703125
10.5903,20,2.75390625,37,0.08294677734375,38,-0.4404296875,49,-0.204345703125
10.6013,20,2.75390625,59,-0.52490234375,38,-0.4404296875,47,0.261474609375
10.6106,50,-1.01953125,59,-0.52490234375,64,1.6376953125,44,0.350830078125
10.6220,50,-1.01953125,55,0.1343994140625,64,1.6376953125,44,0.350830078125
10.6303,59,0.5419921875,55,0.1343994140625,56,0.10626220703125,42,0.53759765625
10.6409,59,0.5419921875,16,2.8515625,56,0.10626220703125,42,0.53759765625
10.6501,59,0.5419921875,16,2.8515625,65,-0.6123046875,42,0.53759765625
10.6611,45,1.0888671875,47,-1.1298828125,65,-0.6123046875,40,0.76708984375
10.6713,45,1.0888671875,47,-1.1298828125,28,3.013671875,40,0.76708984375
10.6810,22,2.072265625,63,1.0546875,28,3.013671875,42,0.435546875
10.6907,50,-0.939453125,63,1.0546875,35,1.0224609375,42,0.435546875
10.7024,50,-0.939453125,22,3.005859375,35,1.0224609375,45,0.338134765625
10.7103,50,-0.939453125,22,3.005859375,44,0.320068359375,45,0.338134765625
10.7216,57,0.39794921875,19,2.02734375,44,0.320068359375,47,0.11474609375
10.7299,57,0.39794921875,19,2.02734375,53,0.405517578125,47,0.11474609375
10.7423,51,0.517578125,60,2.140625,53,0.405517578125,48,0.226318359375
10.7523,51,0.517578125,60,2.140625,52,-0.0634765625,48,0.226318359375
10.7630,31,1.740234375,60,-0.34521484375,52,-0.0634765625,48,0.2354736328125
10.7716,31,1.740234375,60,-0.34521484375,-6,7.328125,48,0.2354736328125
10.7833,36,0.7763671875,58,0.16796875,-6,7.328125,47,0.1915283203125
10.7917,36,0.7763671875,58,0.16796875,20,0.97900390625,47,0.1915283203125
10.8033,56,-0.43310546875,58,0.16796875,20,0.97900390625,45,0.449951171875
10.8128,56,-0.43310546875,-3,7.55859375,59,1.689453125,45,0.449951171875
10.8237,53,0.14501953125,-3,7.55859375,59,1.689453125,43,0.32958984375
10.8322,53,0.14501953125,14,1.84375,62,0.5517578125,43,0.32958984375
10.8458,4,3.53515625,63,2.291015625,62,0.5517578125,41,0.75341796875
10.8518,4,3.53515625,63,2.291015625,53,0.252685546875,41,0.75341796875
10.8629,54,2.109375,63,2.291015625,53,0.252685546875,41,0.6630859375
10.8742,54,2.109375,61,-0.06842041015625,16,3.142578125,41,0.6630859375
10.8828,69,1.5927734375,61,-0.06842041015625,16,3.142578125,44,0.26025390625
10.8911,69,1.5927734375,60,-0.740234375,38,-0.08807373046875,44,0.26025390625
10.9014,32,2.81640625,60,-0.740234375,38,-0.08807373046875,47,0.0263824462890625
10.9114,32,2.81640625,0,6.65234375,57,-0.58154296875,47,0.0263824462890625
10.9227,20,2.1875,0,6.65234375,57,-0.58154296875,49,-0.1302490234375
10.9312,20,2.1875,3,2.5859375,55,0.2230224609375,49,-0.1302490234375
10.9421,57,-1.970703125,3,2.5859375,55,0.2230224609375,49,0.2005615234375
10.9508,57,-1.970703125,56,-2.7109375,26,0.59521484375,49,0.2005615234375
10.9617,59,-0.3125,56,-2.7109375,26,0.59521484375,47,0.340087890625
10.9706,59,-0.3125,66,-1.193359375,27,1.9970703125,47,0.340087890625
10.9817,56,-0.1693115234375,66,-1.193359375,27,1.9970703125,45,0.52978515625
10.9901,56,-0.1693115234375,59,-0.371826171875,42,-0.027099609375,45,0.52978515625
11.0013,38,2.53515625,59,-0.371826171875,42,-0.027099609375,44,0.51806640625
11.0095,38,2.53515625,45,1.0556640625,56,0.53564453125,44,0.51806640625
11.0207,3,3.34765625,45,1.0556640625,56,0.53564453125,43,0.59716796875
11.0291,3,3.34765625,-6,4.9375,56,0.30712890625,43,0.59716796875
11.0404,43,-0.90087890625,-6,4.9375,56,0.30712890625,42,0.59765625
11.0488,43,-0.90087890625,41,-1.0830078125,10,3.2890625,42,0.59765625
11.0599,64,-0.43115234375,41,-1.0830078125,10,3.2890625,44,0.34375
11.0687,64,-0.43115234375,70,-1.9736328125,24,1.04296875,44,0.34375
11.0818,60,0.385498046875,70,-1.9736328125,24,1.04296875,46,0.205322265625
11.0906,60,0.385498046875,60,0.296630859375,55,0.96484375,46,0.205322265625
11.1017,23,4.75390625,60,0.296630859375,55,0.96484375,48,0.1328125
11.1110,23,4.75390625,42,1.5908203125,76,3.419921875,48,0.1328125
11.1223,4,2.986328125,42,1.5908203125,76,3.419921875,49,0.1717529296875
11.1322,4,2.986328125,-6,5.1953125,50,-0.447265625,49,0.1717529296875
11.1436,58,2.2890625,-6,5.1953125,50,-0.447265625,49,0.173095703125
11.1502,58,2.2890625,41,1.1630859375,6,5.671875,49,0.173095703125
11.1618,62,-0.427490234375,41,1.1630859375,6,5.671875,46,0.48681640625
11.1720,62,-0.427490234375,67,1.361328125,16,2.08203125,46,0.48681640625
11.1800,56,-0.09661865234375,67,1.361328125,16,2.08203125,43,0.337890625
11.1920,56,-0.09661865234375,60,-0.315185546875,16,2.08203125,43,0.337890625
11.2030,31,1.998046875,60,-0.315185546875,55,1.4375,43,0.3505859375
11.2123,31,1.998046875,54,0.347900390625,55,1.4375,43,0.3505859375
11.2237,0,3.6171875,54,0.347900390625,62,0.63720703125,42,0.5712890625
11.2319,0,3.6171875,-8,6.2890625,62,0.63720703125,42,0.5712890625
11.2398,52,1.9951171875,-8,6.2890625,53,-0.08172607421875,45,0.1951904296875
11.2517,52,1.9951171875,26,0.465576171875,2,8.1171875,45,0.1951904296875
11.2625,67,-0.73828125,26,0.465576171875,2,8.1171875,46,0.1912841796875
11.2717,67,-0.73828125,72,2.6796875,2,8.1171875,46,0.1912841796875
11.2824,67,-0.73828125,72,2.6796875,18,1.615234375,46,0.1923828125
11.2908,59,0.2320556640625,63,-0.5517578125,18,1.615234375,46,0.1923828125
11.3036,59,0.2320556640625,63,-0.5517578125,57,1.447265625,49,0.2109375
11.3112,23,4.09765625,63,-0.5517578125,57,1.447265625,49,0.2109375
11.3228,23,4.09765625,56,0.19140625,63,0.7568359375,50,-0.1446533203125
11.3312,0,3.9296875,56,0.19140625,63,0.7568359375,50,-0.1446533203125
11.3423,0,3.9296875,-8,6.96484375,56,0.1546630859375,48,0.2099609375
11.3526,44,-1.3076171875,27,0.61572265625,56,0.1546630859375,48,0.2099609375
11.3611,44,-1.3076171875,27,0.61572265625,0,7.5625,44,0.370849609375
11.3704,71,1.9111328125,27,0.61572265625,0,7.5625,44,0.370849609375
11.3816,71,1.9111328125,68,2.099609375,25,0.890625,42,0.5224609375
11.3901,32,3.806640625,68,2.099609375,25,0.890625,42,0.5224609375
11.4015,32,3.806640625,64,0.513671875,59,0.9990234375,40,0.884765625
11.4106,42,0.5107421875,50,0.7177734375,59,0.9990234375,40,0.884765625
11.4221,42,0.5107421875,50,0.7177734375,58,-0.162353515625,42,0.43115234375
11.4300,55,-0.64306640625,50,0.7177734375,58,-0.162353515625,42,0.43115234375
11.4411,55,-0.64306640625,-8,6.77734375,24,5.27734375,46,0.077392578125
11.4494,55,-0.03399658203125,-8,6.77734375,24,5.27734375,46,0.077392578125
11.4605,55,-0.03399658203125,29,0.0019855499267578125,42,0.1036376953125,47,0.48876953125
11.4720,52,0.481201171875,29,0.0019855499267578125,42,0.1036376953125,47,0.48876953125
11.4800,52,0.481201171875,71,1.9873046875,59,0.76611328125,47,0.1556396484375
11.4894,4,4.84375,71,1.9873046875,59,0.76611328125,47,0.1556396484375
11.5010,4,4.84375,63,0.418212890625,53,0.38916015625,50,-0.172119140625
11.5089,45,-1.0986328125,63,0.418212890625,53,0.38916015625,50,-0.172119140625
11.5213,45,-1.0986328125,48,1.1015625,68,2.3046875,50,-0.172119140625
11.5296,64,-1.33984375,48,1.1015625,68,2.3046875,49,-0.11859130859375
11.5406,64,-1.33984375,-6,5.8359375,27,0.5576171875,49,-0.11859130859375
11.5553,62,-0.342041015625,37,-0.7177734375,27,0.5576171875,46,0.50927734375
11.5620,62,-0.342041015625,37,-0.7177734375,5,4.26171875,46,0.50927734375
11.5707,28,2.51171875,37,-0.7177734375,5,4.26171875,44,0.501953125
11.5815,28,2.51171875,69,1.724609375,47,1.1640625,44,0.501953125
11.5902,44,0.022125244140625,69,1.724609375,47,1.1640625,40,0.87548828125
11.6008,44,0.022125244140625,69,1.0986328125,60,0.73095703125,40,0.87548828125
11.6096,62,1.072265625,69,1.0986328125,60,0.73095703125,40,0.67919921875
11.6208,62,1.072265625,18,5.0,59,0.367919921875,40,0.67919921875
11.6294,53,0.2139892578125,18,5.0,59,0.367919921875,45,0.13671875
11.6403,53,0.2139892578125,12,2.51171875,59,0.367919921875,45,0.13671875
11.6488,50,0.356689453125,12,2.51171875,19,2.87890625,48,-0.1663818359375
11.6599,50,0.356689453125,65,2.123046875,19,2.87890625,48,-0.1663818359375
11.6704,2,4.375,65,2.123046875,22,1.3388671875,49,0.1693115234375
11.6793,2,4.375,67,0.8310546875,22,1.3388671875,49,0.1693115234375
11.6898,45,-1.154296875,67,0.8310546875,58,1.2275390625,50,0.1827392578125
11.7012,45,-1.154296875,41,2.125,58,1.2275390625,50,0.1827392578125
11.7091,65,-1.232421875,41,2.125,59,-0.1690673828125,48,0.208984375
11.7216,65,-1.232421875,1,4.62109375,59,-0.1690673828125,48,0.208984375
11.7300,64,-0.282470703125,1,4.62109375,55,0.11883544921875,46,0.1966552734375
11.7419,64,-0.282470703125,50,1.78515625,55,0.11883544921875,46,0.1966552734375
11.7504,13,3.2734375,50,1.78515625,51,0.1588134765625,44,0.509765625
11.7622,13,3.2734375,68,0.71875,51,0.1588134765625,44,0.509765625
11.7707,52,1.490234375,68,0.71875,44,0.8876953125,41,0.92431640625
11.7820,52,1.490234375,62,0.01154327392578125,44,0.8876953125,41,0.92431640625
11.7901,64,-1.1259765625,62,0.01154327392578125,6,3.17578125,41,0.57470703125
11.8021,64,-1.1259765625,18,3.1953125,6,3.17578125,41,0.57470703125
11.8069,62,-0.54833984375,18,3.1953125,54,1.955078125,45,0.397705078125
11.8225,62,-0.54833984375,52,1.0458984375,54,1.955078125,45,0.397705078125
11.8300,62,-0.54833984375,52,1.0458984375,78,2.587890625,45,0.397705078125
11.8424,31,2.607421875,68,1.2763671875,78,2.587890625,47,0.26953125
11.8504,31,2.607421875,68,1.2763671875,6,6.078125,47,0.26953125
11.8619,37,1.162109375,51,0.97265625,6,6.078125,49,0.1009521484375
11.8719,49,-0.09326171875,51,0.97265625,47,0.93798828125,49,0.1219482421875
11.8823,49,-0.09326171875,51,0.26025390625,47,0.93798828125,49,0.1219482421875
11.8909,53,0.0797119140625,51,0.26025390625,63,0.8271484375,47,0.40478515625
11.9037,53,0.0797119140625,1,6.77734375,63,0.8271484375,47,0.40478515625
11.9103,53,0.0797119140625,1,6.77734375,18,4.90234375,47,0.40478515625
11.9191,49,0.53515625,46,-1.4345703125,18,4.90234375,45,0.47119140625
11.9302,49,0.53515625,46,-1.4345703125,54,-0.69384765625,45,0.47119140625
11.9410,49,0.415283203125,68,-1.208984375,54,-0.69384765625,45,0.4853515625
11.9495,49,0.415283203125,68,-1.208984375,64,0.814453125,45,0.4853515625
11.9606,6,3.693359375,61,0.29638671875,64,0.814453125,42,0.65087890625
11.9690,6,3.693359375,61,0.29638671875,58,-0.1309814453125,42,0.65087890625
11.9824,57,2.34375,33,1.6240234375,58,-0.1309814453125,43,0.49169921875
11.9891,57,2.34375,33,1.6240234375,37,3.93359375,43,0.49169921875
11.9998,64,-0.51318359375,33,1.6240234375,37,3.93359375,45,0.264892578125
12.0085,64,-0.51318359375,55,-0.93994140625,0,7.59375,45,0.264892578125
12.0223,60,0.1376953125,55,-0.93994140625,0,7.59375,47,0.2724609375
12.0291,60,0.1376953125,57,-0.2783203125,37,-0.19677734375,47,0.2724609375
12.0406,16,2.7890625,57,-0.2783203125,37,-0.19677734375,49,-0.056854248046875
12.0487,16,2.7890625,55,0.3759765625,60,1.08203125,49,-0.056854248046875
12.0600,54,-1.376953125,55,0.3759765625,60,1.08203125,50,0.15087890625
12.0679,54,-1.376953125,2,5.99609375,60,0.1746826171875,50,0.15087890625
12.0819,63,-0.359619140625,2,5.99609375,60,0.1746826171875,48,0.199462890625
12.0902,63,-0.359619140625,42,-1.0107421875,80,3.6171875,48,0.199462890625
12.1014,58,-0.2276611328125,42,-1.0107421875,80,3.6171875,45,0.65966796875
12.1096,58,-0.2276611328125,65,-1.2666015625,8,9.6875,45,0.65966796875
12.1221,28,3.298828125,65,-1.2666015625,8,9.6875,44,0.55419921875
12.1303,28,3.298828125,63,-0.265869140625,12,2.58984375,44,0.55419921875
12.1412,4,3.15625,63,-0.265869140625,12,2.58984375,41,0.8994140625
12.1499,4,3.15625,25,2.31640625,60,1.7451171875,41,0.8994140625
12.1608,58,2.0546875,25,2.31640625,60,1.7451171875,42,0.560546875
12.1705,58,2.0546875,56,1.017578125,67,1.0048828125,42,0.560546875
12.1819,66,0.7509765625,56,1.017578125,67,1.0048828125,45,0.382568359375
12.1900,66,0.7509765625,61,-0.56494140625,46,1.353515625,45,0.382568359375
12.2011,61,0.077392578125,61,-0.56494140625,46,1.353515625,46,0.47998046875
12.2130,61,0.077392578125,35,1.6591796875,49,0.424560546875,46,0.47998046875
12.2230,-2,7.21875,35,1.6591796875,49,0.424560546875,49,-0.096923828125
12.2306,-2,7.21875,27,1.4765625,49,0.424560546875,49,-0.096923828125
12.2418,33,0.08172607421875,27,1.4765625,47,0.47119140625,51,-0.2098388671875
12.2504,33,0.08172607421875,62,1.6044921875,48,0.474853515625,51,-0.2098388671875
12.2614,67,1.78125,62,1.6044921875,48,0.474853515625,49,0.320068359375
12.2704,67,1.78125,61,0.08660888671875,48,0.474853515625,49,0.320068359375
12.2811,68,1.0859375,61,0.08660888671875,42,0.94677734375,45,0.4677734375
12.2900,68,1.0859375,23,2.814453125,42,0.94677734375,45,0.4677734375
12.3007,16,6.0625,23,2.814453125,41,1.0419921875,44,0.4736328125
12.3091,16,6.0625,56,-1.6748046875,41,1.0419921875,44,0.4736328125
12.3209,36,0.1158447265625,56,-1.6748046875,39,1.251953125,42,0.6416015625
12.3290,36,0.1158447265625,67,-1.2431640625,39,1.251953125,42,0.6416015625
12.3404,57,-0.66552734375,67,-1.2431640625,50,-0.037445068359375,42,0.591796875
12.3490,57,-0.66552734375,22,5.484375,50,-0.037445068359375,42,0.591796875
12.3596,56,0.35302734375,22,5.484375,52,0.1614990234375,42,0.591796875
12.3697,56,0.35302734375,40,0.290771484375,52,0.1614990234375,45,0.31640625
12.3797,55,0.145263671875,40,0.290771484375,47,0.919921875,47,0.4375
12.3893,55,0.145263671875,61,-0.623046875,47,0.919921875,47,0.4375
12.3985,23,3.9453125,61,-0.623046875,45,0.7109375,48,0.34375
12.4097,23,3.9453125,62,-0.397216796875,45,0.7109375,48,0.34375
12.4226,23,3.9453125,62,-0.397216796875,43,0.82177734375,48,0.34375
12.4285,17,1.8916015625,16,3.45703125,43,0.82177734375,50,0.1856689453125
12.4407,17,1.8916015625,16,3.45703125,41,0.9853515625,50,0.1856689453125
12.4502,61,-1.5625,47,-0.62451171875,41,0.9853515625,49,0.1661376953125
12.4597,68,1.095703125,47,-0.62451171875,45,0.4912109375,49,0.1661376953125
12.4696,68,1.095703125,69,1.4013671875,45,0.4912109375,46,0.48388671875
12.4805,68,1.095703125,69,1.4013671875,48,0.487548828125,46,0.48388671875
12.4877,30,4.7109375,62,0.2401123046875,48,0.487548828125,44,0.6513671875
12.5000,30,4.7109375,62,0.2401123046875,47,0.485107421875,44,0.6513671875
12.5081,38,1.2236328125,62,0.2401123046875,47,0.485107421875,42,0.80517578125
12.5230,38,1.2236328125,35,3.10546875,47,0.5498046875,42,0.80517578125
12.5283,62,1.2939453125,35,3.10546875,47,0.5498046875,41,0.6845703125
12.5398,62,1.2939453125,2,3.814453125,47,0.669921875,41,0.6845703125
12.5471,54,0.625,57,-2.177734375,47,0.669921875,45,0.376953125
12.5625,24,2.125,57,-2.177734375,48,0.423095703125,47,0.2294921875
12.5698,24,2.125,70,1.24609375,48,0.423095703125,47,0.2294921875
12.5807,24,2.125,70,1.24609375,47,0.69140625,47,0.2294921875
12.5893,58,-1.2109375,70,1.24609375,47,0.69140625,49,0.137939453125
12.6002,58,-1.2109375,54,0.489013671875,44,0.80712890625,49,0.137939453125
12.6089,59,0.2060546875,54,0.489013671875,44,0.80712890625,50,0.1690673828125
12.6213,59,0.2060546875,17,3.103515625,40,1.041015625,50,0.1690673828125
12.6288,59,-0.1845703125,17,3.103515625,40,1.041015625,49,0.1663818359375
12.6408,59,-0.1845703125,55,-1.71875,44,0.5283203125,49,0.1663818359375
12.6494,32,2.84765625,55,-1.71875,44,0.5283203125,47,0.1881103515625
12.6603,32,2.84765625,67,1.14453125,50,0.27099609375,47,0.1881103515625
12.6694,39,1.2861328125,67,1.14453125,50,0.27099609375,44,0.4560546875
12.6798,39,1.2861328125,60,-0.15185546875,52,0.16015625,44,0.4560546875
12.6890,48,0.11724853515625,60,-0.15185546875,52,0.16015625,42,0.650390625
12.6996,48,0.11724853515625,47,0.9765625,47,0.6552734375,42,0.650390625
12.7097,51,0.266357421875,47,0.9765625,47,0.6552734375,41,0.67431640625
12.7224,51,0.266357421875,2,3.716796875,46,0.57177734375,41,0.67431640625
12.7302,53,0.1322021484375,2,3.716796875,46,0.57177734375,45,0.31005859375
12.7415,53,0.1322021484375,53,-1.9130859375,46,0.68017578125,45,0.31005859375
12.7497,43,1.013671875,53,-1.9130859375,46,0.68017578125,47,0.1712646484375
12.7621,43,1.013671875,68,0.68017578125,45,0.75634765625,47,0.1712646484375
12.7707,17,2.203125,68,0.68017578125,45,0.75634765625,49,0.257080078125
12.7816,17,2.203125,61,0.1337890625,45,0.75634765625,49,0.257080078125
12.7903,64,1.9951171875,61,0.1337890625,44,0.85791015625,50,0.217529296875
12.8024,64,1.9951171875,21,2.548828125,44,0.85791015625,50,0.217529296875
12.8104,66,-0.8818359375,21,2.548828125,44,0.76171875,48,0.190673828125
12.8220,66,-0.8818359375,55,1.04296875,44,0.76171875,48,0.190673828125
12.8303,10,6.484375,55,1.04296875,46,0.6923828125,46,0.40234375
12.8412,10,6.484375,64,-0.82470703125,46,0.6923828125,46,0.40234375
12.8513,32,0.59375,64,-0.82470703125,47,0.65234375,45,0.412109375
12.8606,32,0.59375,53,1.015625,47,0.65234375,45,0.412109375
12.8694,65,1.4189453125,53,1.015625,47,0.60595703125,44,0.42431640625
12.8801,65,1.4189453125,52,0.039581298828125,47,0.60595703125,44,0.42431640625
12.8867,63,-0.372802734375,52,0.039581298828125,49,0.341064453125,42,0.58251953125
12.8999,63,-0.372802734375,-2,8.890625,49,0.341064453125,42,0.58251953125
12.9084,56,0.489990234375,-2,8.890625,46,0.9111328125,45,0.293701171875
12.9202,56,0.489990234375,34,-0.156982421875,46,0.9111328125,45,0.293701171875
12.9291,-8,8.0703125,34,-0.156982421875,47,0.5576171875,45,0.293701171875
12.9411,-8,8.0703125,67,-1.453125,47,0.5576171875,47,0.451904296875
12.9493,27,0.349365234375,67,-1.453125,45,0.8388671875,47,0.451904296875
12.9605,27,0.349365234375,67,-1.453125,45,0.8388671875,49,0.0941162109375
12.9702,67,1.8359375,67,-0.69384765625,44,0.849609375,50,0.11572265625
12.9807,67,1.8359375,22,2.6640625,44,0.849609375,50,0.11572265625
12.9900,67,1.8359375,22,2.6640625,44,0.83544921875,50,0.11572265625
13.0003,65,0.5263671875,54,-1.16015625,44,0.83544921875,49,0.222900390625
13.0096,46,1.3466796875,54,-1.16015625,47,0.47314453125,49,0.222900390625
13.0216,46,1.3466796875,54,-1.16015625,47,0.47314453125,46,0.66357421875
13.0294,2,4.4375,67,1.1845703125,47,0.48974609375,46,0.66357421875
13.0406,2,4.4375,67,1.1845703125,47,0.48974609375,44,0.64306640625
13.0491,2,4.4375,48,1.494140625,46,0.73291015625,44,0.64306640625
13.0601,51,-1.77734375,48,1.494140625,46,0.73291015625,43,0.64404296875
13.0679,51,-1.77734375,49,0.65625,49,0.248291015625,43,0.64404296875
13.0817,70,1.224609375,49,0.65625,49,0.248291015625,43,0.5478515625
13.0906,57,0.467041015625,44,0.95703125,49,0.595703125,43,0.5478515625
13.1014,57,0.467041015625,44,0.95703125,49,0.595703125,46,0.20703125
13.1098,57,0.467041015625,46,0.416748046875,50,0.387451171875,46,0.20703125
13.1212,22,2.24609375,46,0.416748046875,50,0.387451171875,47,0.36572265625
13.1294,22,2.24609375,50,0.1937255859375,44,0.89599609375,47,0.36572265625
13.1411,58,-1.4560546875,50,0.1937255859375,44,0.89599609375,49,0.1353759765625
13.1490,58,-1.4560546875,53,0.1634521484375,42,1.0400390625,49,0.1353759765625
13.1601,59,-0.0638427734375,53,0.1634521484375,42,1.0400390625,50,0.1734619140625
13.1686,59,-0.0638427734375,47,0.787109375,43,0.8505859375,50,0.1734619140625
13.1806,60,-0.2548828125,47,0.787109375,43,0.8505859375,50,0.291259765625
13.1893,60,-0.2548828125,46,0.76318359375,50,0.0986328125,50,0.291259765625
13.1994,32,3.05078125,46,0.76318359375,50,0.0986328125,46,0.273681640625
13.2089,32,3.05078125,46,0.485107421875,48,0.828125,46,0.273681640625
13.2214,34,1.7177734375,46,0.485107421875,48,0.828125,44,0.71630859375
13.2298,34,1.7177734375,49,0.29443359375,47,0.59521484375,44,0.71630859375
13.2412,59,-0.82373046875,49,0.29443359375,47,0.59521484375,41,0.806640625
13.2500,59,-0.82373046875,48,0.70263671875,46,0.6552734375,41,0.806640625
13.2610,57,0.10089111328125,48,0.70263671875,46,0.6552734375,42,0.63330078125
13.2690,57,0.10089111328125,49,0.4931640625,46,0.6552734375,42,0.63330078125
13.2807,4,3.75,49,0.4931640625,51,0.1441650390625,46,0.260498046875
13.2896,4,3.75,45,0.8447265625,51,0.280517578125,46,0.260498046875
13.3002,55,-2.248046875,45,0.8447265625,51,0.280517578125,47,0.1597900390625
13.3088,55,-2.248046875,45,0.79736328125,44,0.9482421875,47,0.1597900390625
13.3202,72,1.626953125,45,0.79736328125,44,0.9482421875,48,0.322265625
13.3291,72,1.626953125,48,0.7451171875,42,1.03515625,48,0.322265625
13.3406,24,7.625,48,0.7451171875,42,1.03515625,50,0.053802490234375
13.3487,24,7.625,52,0.38232421875,42,1.005859375,50,0.053802490234375
13.3601,41,0.283935546875,52,0.38232421875,42,1.005859375,51,-0.1566162109375
13.3651,41,0.283935546875,48,0.68896484375,51,0.0264739990234375,51,-0.1566162109375
13.3795,58,-0.279052734375,48,0.68896484375,51,0.0264739990234375,51,-0.1566162109375
13.3860,58,-0.279052734375,47,0.69189453125,48,0.68359375,47,0.54833984375
13.3992,58,0.00506591796875,47,0.69189453125,48,0.68359375,47,0.54833984375
13.4079,58,0.00506591796875,45,0.54345703125,48,0.68359375,44,0.62939453125
13.4188,48,0.78955078125,45,0.54345703125,48,0.459716796875,42,0.80126953125
13.4273,48,0.78955078125,47,0.461669921875,48,0.459716796875,42,0.80126953125
13.4385,46,0.87841796875,47,0.461669921875,45,0.77783203125,42,0.80126953125
13.4467,46,0.87841796875,48,0.439453125,45,0.77783203125,41,0.64501953125
13.4579,47,0.419189453125,48,0.439453125,51,0.1507568359375,41,0.64501953125
13.4662,47,0.419189453125,48,0.439453125,51,0.1507568359375,45,0.239013671875
13.4774,46,0.51904296875,48,0.6708984375,49,0.54248046875,45,0.239013671875
13.4863,46,0.51904296875,48,0.6708984375,49,0.54248046875,48,0.11956787109375
13.4970,50,0.375244140625,49,0.59326171875,17,2.796875,48,0.11956787109375
13.5063,50,0.375244140625,49,0.59326171875,17,2.796875,49,0.294921875
13.5181,46,0.7509765625,49,0.54931640625,48,0.64599609375,49,0.294921875
13.5274,46,0.7509765625,49,0.54931640625,48,0.64599609375,50,0.1795654296875
13.5390,49,0.45263671875,49,0.483154296875,59,-0.4423828125,50,0.1795654296875
13.5470,49,0.45263671875,49,0.483154296875,59,-0.4423828125,49,0.126220703125
13.5585,49,0.45263671875,45,1.076171875,74,1.7490234375,49,0.126220703125
13.5737,48,0.84716796875,44,1.1005859375,59,1.39453125,47,0.293212890625
13.5783,47,0.65966796875,44,1.1005859375,59,1.39453125,47,0.293212890625
13.5891,47,0.65966796875,44,1.1005859375,59,1.39453125,46,0.58203125
13.5978,47,0.69921875,50,0.57080078125,1,4.70703125,46,0.58203125
13.6088,47,0.69921875,50,0.57080078125,1,4.70703125,43,0.75390625
13.6201,47,0.69921875,51,0.326904296875,34,0.14208984375,43,0.75390625
13.6291,50,0.11346435546875,51,0.326904296875,34,0.14208984375,43,0.61474609375
13.6417,50,0.11346435546875,45,1.041015625,62,-1.015625,43,0.61474609375
13.6486,51,0.35791015625,45,1.041015625,62,-1.015625,46,0.1907958984375
13.6605,51,0.35791015625,37,1.17578125,80,2.5703125,46,0.1907958984375
13.6683,3,4.9921875,37,1.17578125,80,2.5703125,48,0.09197998046875
13.6793,3,4.9921875,52,-0.314208984375,19,7.94140625,48,0.09197998046875
13.6880,50,1.8818359375,52,-0.314208984375,19,7.94140625,50,0.066162109375
13.6990,50,1.8818359375,57,0.1517333984375,22,1.3212890625,50,0.066162109375
13.7078,68,1.26171875,57,0.1517333984375,22,1.3212890625,50,0.1663818359375
13.7202,68,1.26171875,39,1.6494140625,55,-0.7861328125,50,0.1663818359375
13.7286,65,-0.07623291015625,39,1.6494140625,55,-0.7861328125,48,0.43798828125
13.7411,65,-0.07623291015625,46,0.4736328125,63,-0.6640625,48,0.43798828125
13.7481,60,-0.11334228515625,46,0.4736328125,63,-0.6640625,46,0.6142578125
13.7594,60,-0.11334228515625,55,-0.336181640625,81,3.765625,46,0.6142578125
13.7692,-5,7.9296875,55,-0.336181640625,81,3.765625,45,0.486083984375
13.7802,-5,7.9296875,52,0.55810546875,4,8.0703125,45,0.486083984375
13.7889,7,2.93359375,52,0.55810546875,4,8.0703125,44,0.72802734375
13.8004,7,2.93359375,24,2.349609375,32,0.160888671875,44,0.72802734375
13.8104,63,-2.005859375,24,2.349609375,32,0.160888671875,45,0.42333984375
13.8212,63,-2.005859375,56,-1.275390625,58,0.72216796875,45,0.42333984375
13.8305,63,-0.0692138671875,56,-1.275390625,58,0.72216796875,45,0.3447265625
13.8405,63,-0.0692138671875,63,-0.97314453125,59,-0.0106048583984375,45,0.3447265625
13.8496,60,-0.212646484375,63,-0.97314453125,59,-0.0106048583984375,47,0.30615234375
13.8618,60,-0.212646484375,27,4.0234375,78,2.8671875,47,0.30615234375
13.8693,16,5.1328125,27,4.0234375,78,2.8671875,50,-0.151123046875
13.8804,16,5.1328125,30,1.3720703125,0,5.9765625,50,-0.151123046875
13.8892,43,0.9677734375,30,1.3720703125,0,5.9765625,50,-0.151123046875
13.8977,43,0.9677734375,61,1.068359375,43,-0.8671875,52,-0.1827392578125
13.9084,58,-0.53564453125,61,1.068359375,43,-0.8671875,52,-0.1827392578125
13.9194,58,-0.53564453125,62,-0.4443359375,59,0.62109375,49,0.445068359375
13.9277,56,0.47998046875,62,-0.4443359375,59,0.62109375,45,0.55517578125
13.9393,56,0.47998046875,21,3.271484375,60,-0.050201416015625,45,0.55517578125
13.9483,54,0.269775390625,21,3.271484375,60,-0.050201416015625,45,0.55517578125
13.9595,54,0.269775390625,49,-0.7763671875,67,1.3408203125,44,0.4384765625
13.9679,48,0.82568359375,49,-0.7763671875,67,1.3408203125,44,0.4384765625
13.9788,48,0.82568359375,68,1.310546875,67,1.3408203125,42,0.78125
13.9876,24,2.23046875,68,1.310546875,18,7.01171875,42,0.78125
13.9986,24,2.23046875,8,8.7109375,18,7.01171875,45,0.37744140625
14.0072,24,2.23046875,8,8.7109375,22,1.353515625,45,0.37744140625
14.0185,61,1.681640625,32,0.623046875,22,1.353515625,47,0.204833984375
14.0267,61,-0.50439453125,32,0.623046875,57,1.1513671875,47,0.204833984375
14.0379,61,-0.50439453125,32,0.623046875,57,1.1513671875,47,0.3876953125
14.0463,53,0.5888671875,67,1.578125,66,0.9755859375,47,0.3876953125
14.0581,53,0.5888671875,67,1.578125,66,0.9755859375,49,0.267578125
14.0674,53,0.5888671875,67,0.70361328125,40,2.0390625,49,0.267578125
14.0801,54,0.198486328125,21,5.71484375,40,2.0390625,51,0.15771484375
14.0893,5,4.39453125,21,5.71484375,51,-0.58349609375,51,0.15771484375
14.0999,5,4.39453125,21,5.71484375,51,-0.58349609375,50,0.3076171875
14.1054,50,-1.6806640625,26,2.005859375,54,-0.042236328125,50,0.3076171875
14.1198,50,-1.6806640625,26,2.005859375,54,-0.042236328125,46,0.6044921875
14.1272,50,-1.6806640625,61,-1.5888671875,49,0.7724609375,46,0.6044921875
14.1404,64,-0.26123046875,64,-0.86962890625,49,0.7724609375,43,0.6923828125
14.1484,64,-0.26123046875,64,-0.86962890625,47,0.58544921875,43,0.6923828125
14.1597,61,-0.09912109375,64,-0.86962890625,47,0.58544921875,40,0.9267578125
14.1679,14,3.224609375,57,0.041473388671875,3,5.1640625,40,0.9267578125
14.1804,14,3.224609375,57,0.041473388671875,3,5.1640625,45,0.24658203125
14.1892,14,3.224609375,46,0.8330078125,47,1.0859375,45,0.24658203125
14.2002,59,1.806640625,46,0.8330078125,47,1.0859375,47,0.1766357421875
14.2086,59,1.806640625,2,3.2578125,76,3.578125,47,0.1766357421875
14.2200,63,-0.34716796875,2,3.2578125,76,3.578125,47,0.323974609375
14.2298,62,-0.28125,51,1.765625,5,4.63671875,47,0.323974609375
14.2435,62,-0.28125,51,1.765625,5,4.63671875,49,0.21533203125
14.2503,62,-0.28125,67,-0.73876953125,26,1.005859375,49,0.21533203125
14.2615,20,5.46875,67,-0.73876953125,26,1.005859375,51,-0.10693359375
14.2700,20,5.46875,64,-0.1307373046875,58,1.0556640625,51,-0.10693359375
14.2815,21,1.3251953125,64,-0.1307373046875,58,1.0556640625,50,0.18994140625
14.2890,21,1.3251953125,17,3.34375,58,1.0556640625,50,0.18994140625
14.3009,64,1.7578125,17,3.34375,24,3.228515625,47,0.421875
14.3115,64,1.7578125,49,-0.7763671875,53,0.646484375,47,0.421875
14.3204,72,1.390625,49,-0.7763671875,53,0.646484375,44,0.59228515625
14.3289,72,1.390625,69,1.6201171875,60,-0.56689453125,44,0.59228515625
14.3399,15,5.578125,69,1.6201171875,60,-0.56689453125,44,0.59228515625
14.3482,15,5.578125,60,-0.21826171875,57,-0.0260009765625,40,0.83251953125
14.3596,46,-0.6728515625,60,-0.21826171875,57,-0.0260009765625,40,0.83251953125
14.3679,46,-0.6728515625,48,0.849609375,57,-0.0260009765625,43,0.47216796875
14.3792,65,0.9345703125,48,0.849609375,37,2.212890625,47,0.0794677734375
14.3876,65,0.9345703125,-4,5.2578125,37,2.212890625,47,0.0794677734375
14.3980,62,-0.28076171875,-4,5.2578125,35,1.34765625,47,0.0794677734375
14.4073,62,-0.28076171875,45,-1.6630859375,47,0.187255859375,49,0.186767578125
14.4187,58,0.1441650390625,45,-1.6630859375,47,0.187255859375,49,0.186767578125
14.4268,58,0.1441650390625,68,-1.439453125,47,0.187255859375,49,0.22119140625
14.4391,27,2.216796875,68,-1.439453125,57,0.267333984375,50,0.1591796875
14.4473,27,2.216796875,67,0.734375,57,0.267333984375,50,0.1591796875
14.4585,46,0.07110595703125,67,0.734375,55,0.07672119140625,50,0.1591796875
14.4670,46,0.07110595703125,20,4.5234375,47,0.98193359375,49,0.129150390625
14.4785,62,-0.81640625,20,4.5234375,47,0.98193359375,49,0.129150390625
14.4870,62,-0.81640625,12,2.333984375,47,0.98193359375,47,0.521484375
14.4973,55,0.77490234375,12,2.333984375,9,3.37109375,45,0.58154296875
14.5068,55,0.77490234375,66,-2.69140625,9,3.37109375,45,0.58154296875
14.5182,55,0.1217041015625,66,-2.69140625,50,1.1572265625,45,0.58154296875
14.5261,55,0.1217041015625,70,1.0234375,58,-0.260009765625,42,0.80615234375
14.5383,0,7.52734375,70,1.0234375,58,-0.260009765625,42,0.80615234375
14.5466,0,7.52734375,24,4.63671875,58,-0.260009765625,44,0.440673828125
14.5581,26,0.818359375,24,4.63671875,71,1.0556640625,44,0.440673828125
14.5655,26,0.818359375,18,2.44140625,71,1.0556640625,47,0.1448974609375
14.5805,64,-1.431640625,18,2.44140625,65,0.86767578125,49,0.11578369140625
14.5879,64,-1.431640625,62,-2.25,65,0.86767578125,49,0.11578369140625
14.5985,67,-0.97998046875,62,-2.25,52,0.367431640625,49,0.11578369140625
14.6079,67,-0.97998046875,66,0.3251953125,52,0.367431640625,50,0.07318115234375
14.6203,53,0.473876953125,66,0.3251953125,1,4.59765625,50,0.07318115234375
14.6281,53,0.473876953125,60,0.285888671875,1,4.59765625,49,0.275146484375
14.6393,52,0.37353515625,60,0.285888671875,40,0.35400390625,49,0.275146484375
14.6477,52,0.37353515625,1,5.91796875,40,0.35400390625,47,0.435791015625
14.6590,16,3.126953125,1,5.91796875,68,-0.720703125,47,0.435791015625
14.6673,16,3.126953125,50,1.2734375,68,-0.720703125,45,0.42041015625
14.6790,51,-1.1240234375,50,1.2734375,34,1.2197265625,45,0.42041015625
14.6872,51,-1.1240234375,71,-1.744140625,34,1.2197265625,45,0.442138671875
14.6979,73,2.404296875,71,-1.744140625,56,-0.7021484375,45,0.442138671875
14.7065,73,2.404296875,50,1.1767578125,56,-0.7021484375,44,0.607421875
14.7174,64,-0.42041015625,50,1.1767578125,63,0.6025390625,44,0.607421875
14.7261,64,-0.42041015625,50,1.1767578125,63,0.6025390625,46,0.347412109375
14.7389,2,6.8203125,31,1.759765625,57,0.245361328125,46,0.347412109375
14.7480,2,6.8203125,31,1.759765625,57,0.245361328125,47,0.153564453125
14.7592,40,-0.6181640625,59,-1.5009765625,27,3.3046875,47,0.153564453125
14.7676,40,-0.6181640625,62,0.308837890625,27,3.3046875,49,-0.08233642578125
14.7800,67,-0.85546875,62,0.308837890625,39,0.6171875,49,-0.08233642578125
14.7890,67,-0.85546875,62,0.308837890625,39,0.6171875,51,0.0209808349609375
14.7999,64,0.1002197265625,33,3.326171875,62,0.9853515625,51,0.0209808349609375
14.8091,64,0.1002197265625,33,3.326171875,62,0.9853515625,50,0.1417236328125
14.8203,59,0.045196533203125,23,2.36328125,63,0.64599609375,50,0.1417236328125
14.8285,59,0.045196533203125,23,2.36328125,63,0.64599609375,46,0.4306640625
14.8399,18,5.6484375,64,2.11328125,35,2.73828125,46,0.4306640625
14.8491,18,5.6484375,64,2.11328125,35,2.73828125,44,0.7109375
14.8581,7,3.171875,65,-0.74462890625,39,1.1064453125,44,0.7109375
14.8687,7,3.171875,65,-0.74462890625,39,1.1064453125,43,0.60693359375
14.8796,7,3.171875,31,2.716796875,51,0.0982666015625,43,0.60693359375
14.8876,64,2.60546875,31,2.716796875,51,0.0982666015625,42,0.6904296875
14.8994,64,2.60546875,48,-0.3876953125,54,0.1607666015625,42,0.6904296875
14.9094,66,-0.317138671875,48,-0.3876953125,54,0.1607666015625,42,0.6904296875
14.9194,66,-0.317138671875,59,-0.3974609375,56,-0.064208984375,46,0.18212890625
14.9277,60,0.1622314453125,59,-0.3974609375,56,-0.064208984375,46,0.18212890625
14.9387,60,0.1622314453125,61,0.45849609375,0,9.9296875,48,0.1307373046875
14.9472,7,3.861328125,61,0.45849609375,0,9.9296875,48,0.1307373046875
14.9587,7,3.861328125,19,4.609375,28,0.794921875,50,0.11126708984375
14.9667,53,1.662109375,19,4.609375,28,0.794921875,50,0.11126708984375
14.9779,53,1.662109375,31,0.92138671875,56,-0.55810546875,51,0.1502685546875
14.9864,67,-0.481689453125,31,0.92138671875,56,-0.55810546875,51,0.1502685546875
14.9974,67,-0.481689453125,65,-1.48828125,56,-0.55810546875,50,0.13720703125
15.0061,62,0.142822265625,65,-1.48828125,81,2.541015625,50,0.13720703125
15.0169,62,0.142822265625,64,-0.5576171875,81,2.541015625,47,0.403564453125
15.0261,9,4.234375,64,-0.5576171875,34,3.4140625,47,0.403564453125
15.0369,9,4.234375,52,0.63818359375,34,3.4140625,45,0.61669921875
15.0462,55,-1.7587890625,52,0.63818359375,36,1.337890625,45,0.61669921875
15.0577,55,-1.7587890625,3,4.5390625,36,1.337890625,43,0.7080078125
15.0657,68,0.9208984375,3,4.5390625,58,0.88525390625,43,0.7080078125
15.0793,68,0.9208984375,56,2.009765625,58,0.88525390625,42,0.6669921875
15.0876,60,0.280029296875,56,2.009765625,56,0.366943359375,42,0.6669921875
15.0980,60,0.280029296875,70,-1.4755859375,56,0.366943359375,46,0.2529296875
15.1076,19,2.6875,70,-1.4755859375,57,-0.09259033203125,46,0.2529296875
15.1187,19,2.6875,36,2.16015625,57,-0.09259033203125,48,0.1654052734375
15.1275,59,1.8447265625,36,2.16015625,4,8.9765625,48,0.1654052734375
15.1385,59,1.8447265625,41,0.99853515625,4,8.9765625,49,0.2294921875
15.1474,63,-0.26904296875,41,0.99853515625,39,-0.205322265625,49,0.2294921875
15.1594,63,-0.26904296875,52,0.1810302734375,39,-0.205322265625,50,0.151611328125
15.1682,62,-0.450927734375,52,0.1810302734375,59,0.7216796875,50,0.151611328125
15.1793,62,-0.450927734375,57,-0.337158203125,59,0.7216796875,50,0.2318115234375
15.1891,6,4.375,57,-0.337158203125,64,-0.72265625,50,0.2318115234375
15.1992,6,4.375,52,0.425048828125,64,-0.72265625,47,0.308349609375
15.2097,6,4.375,52,0.425048828125,49,0.921875,47,0.308349609375
15.2198,31,0.1473388671875,47,1.1513671875,49,0.921875,45,0.5048828125
15.2289,31,0.1473388671875,47,1.1513671875,52,0.2254638671875,45,0.5048828125
15.2410,64,1.361328125,47,1.1513671875,52,0.2254638671875,42,0.82958984375
15.2492,64,1.361328125,12,2.798828125,49,0.56201171875,42,0.82958984375
15.2623,67,0.775390625,12,2.798828125,49,0.56201171875,41,0.67138671875
15.2688,67,0.775390625,61,-1.9580078125,49,0.42529296875,41,0.67138671875
15.2824,44,2.470703125,61,-1.9580078125,49,0.42529296875,45,0.421630859375
15.2915,44,2.470703125,73,1.4619140625,47,0.78955078125,45,0.421630859375
15.2996,44,0.85302734375,73,1.4619140625,47,0.78955078125,48,0.10369873046875
15.3084,44,0.85302734375,40,2.666015625,42,1.1708984375,48,0.10369873046875
15.3194,51,0.22314453125,40,2.666015625,42,1.1708984375,50,-0.0712890625
15.3302,51,0.22314453125,45,0.5986328125,41,1.0703125,50,-0.0712890625
15.3398,50,0.6025390625,45,0.5986328125,41,1.0703125,51,0.11212158203125
15.3470,50,0.6025390625,52,-0.70947265625,50,0.2509765625,51,0.11212158203125
15.3595,49,0.58642578125,52,-0.70947265625,50,0.2509765625,51,0.11212158203125
15.3651,49,0.58642578125,54,0.5234375,53,0.075927734375,50,0.287353515625
15.3785,44,0.95703125,54,0.5234375,53,0.075927734375,47,0.58447265625
15.3881,44,0.95703125,51,0.45947265625,45,0.98486328125,47,0.58447265625
15.4000,50,0.10308837890625,51,0.45947265625,45,0.98486328125,45,0.6435546875
15.4083,50,0.10308837890625,45,1.0107421875,45,0.7568359375,45,0.6435546875
15.4187,50,0.7978515625,45,1.0107421875,45,0.7568359375,45,0.6435546875
15.4282,50,0.7978515625,19,1.646484375,49,0.46826171875,42,0.93408203125
15.4398,49,0.6005859375,19,1.646484375,49,0.46826171875,42,0.93408203125
15.4483,49,0.6005859375,63,-1.435546875,49,0.46826171875,41,0.697265625
15.4604,46,0.8369140625,63,-1.435546875,54,0.08642578125,41,0.697265625
15.4683,46,0.8369140625,70,1.14453125,54,0.08642578125,45,0.381103515625
15.4790,49,0.47509765625,70,1.14453125,25,4.63671875,45,0.381103515625
15.4878,49,0.47509765625,57,0.147216796875,32,1.6474609375,48,0.34814453125
15.4983,51,0.4482421875,57,0.147216796875,32,1.6474609375,48,0.34814453125
15.5072,51,0.4482421875,52,0.68408203125,32,1.6474609375,50,0.23388671875
15.5182,3,5.55859375,52,0.68408203125,59,1.2353515625,50,0.23388671875
15.5268,3,5.55859375,2,3.94921875,59,1.2353515625,50,0.1466064453125
15.5378,45,-1.349609375,2,3.94921875,59,-0.295654296875,50,0.1466064453125
15.5466,45,-1.349609375,54,2.01171875,59,-0.295654296875,49,0.25146484375
15.5579,66,-0.95361328125,54,2.01171875,61,0.9755859375,49,0.25146484375
15.5651,66,-0.95361328125,54,2.01171875,61,0.9755859375,46,0.452880859375
15.5772,70,0.7666015625,68,0.72412109375,55,0.1729736328125,46,0.452880859375
15.5921,70,0.7666015625,53,-0.55029296875,55,0.1729736328125,45,0.52880859375
15.5974,55,0.544921875,53,-0.55029296875,2,5.84375,45,0.52880859375
15.6078,55,0.544921875,23,2.46484375,2,5.84375,43,0.76318359375
15.6185,-8,7.2421875,23,2.46484375,34,0.344970703125,43,0.76318359375
15.6283,-8,7.2421875,23,2.46484375,34,0.344970703125,44,0.583984375
15.6381,18,1.6162109375,57,-1.4033203125,59,-0.56884765625,44,0.583984375
15.6476,18,1.6162109375,57,-1.4033203125,59,-0.56884765625,45,0.32666015625
15.6588,18,1.6162109375,69,1.3046875,69,-0.5546875,45,0.32666015625
15.6671,69,2.044921875,19,5.9140625,69,-0.5546875,48,0.185302734375
15.6784,67,-0.66357421875,19,5.9140625,56,-0.763671875,48,0.185302734375
15.6867,67,-0.66357421875,19,5.9140625,56,-0.763671875,50,0.1270751953125
15.6980,46,1.44921875,40,0.07073974609375,23,5.71875,50,0.1270751953125
15.7073,46,1.44921875,40,0.07073974609375,23,5.71875,51,0.1412353515625
15.7192,46,1.44921875,67,1.2353515625,3,4.59375,51,0.1412353515625
15.7279,19,2.72265625,67,1.2353515625,3,4.59375,49,0.237060546875
15.7387,52,-0.93603515625,58,0.490234375,45,0.697265625,49,0.237060546875
15.7495,52,-0.93603515625,58,0.490234375,45,0.697265625,45,0.3798828125
15.7605,52,-0.93603515625,57,0.2286376953125,63,0.387451171875,45,0.3798828125
15.7691,66,-1.076171875,57,0.2286376953125,63,0.387451171875,43,0.65234375
15.7804,66,-1.076171875,-3,8.765625,61,1.1826171875,43,0.65234375
15.7900,61,0.267578125,-3,8.765625,61,1.1826171875,41,0.869140625
15.8012,61,0.267578125,28,0.2091064453125,7,6.328125,41,0.869140625
15.8104,44,1.7080078125,28,0.2091064453125,7,6.328125,43,0.453369140625
15.8234,44,1.7080078125,70,2.044921875,23,1.2724609375,43,0.453369140625
15.8298,4,3.53515625,70,2.044921875,23,1.2724609375,47,0.2568359375
15.8407,4,3.53515625,71,0.91015625,23,1.2724609375,47,0.2568359375
15.8493,57,2.267578125,71,0.91015625,57,0.9521484375,48,0.26318359375
15.8602,57,2.267578125,14,4.65625,65,0.908203125,48,0.26318359375
15.8689,64,-0.63330078125,14,4.65625,65,0.908203125,48,0.26318359375
15.8815,64,-0.63330078125,35,0.437255859375,75,0.441650390625,50,0.200927734375
15.8916,62,-0.345947265625,35,0.437255859375,75,0.441650390625,51,0.09747314453125
15.8995,62,-0.345947265625,67,-1.5498046875,75,0.441650390625,51,0.09747314453125
15.9082,18,4.98046875,67,-1.5498046875,61,2.068359375,50,0.328857421875
15.9202,18,4.98046875,64,-0.546875,61,2.068359375,50,0.328857421875
15.9288,36,0.494873046875,64,-0.546875,0,4.328125,50,0.328857421875
15.9390,36,0.494873046875,54,0.546875,0,4.328125,46,0.52880859375
15.9483,65,-0.943359375,54,0.546875,42,-0.49951171875,46,0.52880859375
15.9606,65,-0.943359375,0,5.625,42,-0.49951171875,43,0.63720703125
15.9679,61,0.267822265625,0,5.625,64,1.099609375,43,0.63720703125
15.9790,61,0.267822265625,46,-1.3515625,64,1.099609375,41,0.90966796875
15.9887,15,2.8828125,46,-1.3515625,62,-0.09759521484375,41,0.90966796875
15.9978,15,2.8828125,70,0.84375,62,-0.09759521484375,43,0.54345703125
16.0071,59,-1.517578125,70,0.84375,58,0.19384765625,43,0.54345703125
16.0183,59,-1.517578125,56,0.32763671875,58,0.19384765625,47,0.1160888671875
16.0274,71,1.265625,56,0.32763671875,51,0.5654296875,47,0.1160888671875
16.0381,71,1.265625,25,2.171875,51,0.5654296875,48,0.1466064453125
16.0471,15,6.51953125,25,2.171875,3,4.52734375,48,0.1466064453125
16.0594,15,6.51953125,62,1.7109375,3,4.52734375,50,0.0859375
16.0671,34,0.77099609375,62,1.7109375,51,1.3955078125,50,0.0859375
16.0803,34,0.77099609375,62,1.7109375,51,1.3955078125,51,0.15478515625
16.0890,63,-1.01953125,67,-1.1083984375,64,0.99658203125,51,0.15478515625
16.1000,63,-1.01953125,67,-1.1083984375,64,0.99658203125,50,0.2783203125
16.1100,63,-0.327880859375,25,4.08203125,60,-0.0802001953125,50,0.2783203125
16.1202,63,-0.327880859375,43,-0.1412353515625,60,-0.0802001953125,47,0.56201171875
16.1274,47,0.88037109375,43,-0.1412353515625,70,-0.5498046875,47,0.56201171875
16.1393,47,0.88037109375,43,-0.1412353515625,70,-0.5498046875,45,0.5048828125
16.1471,47,0.217529296875,64,-1.0224609375,17,5.58203125,45,0.5048828125
16.1603,47,0.217529296875,64,-1.0224609375,17,5.58203125,41,0.9765625
16.1674,47,0.217529296875,59,0.35693359375,24,1.06640625,41,0.9765625
16.1789,45,0.83251953125,21,2.890625,24,1.06640625,43,0.5537109375
16.1878,45,0.83251953125,21,2.890625,62,1.697265625,43,0.5537109375
16.1992,46,0.744140625,21,2.890625,62,1.697265625,47,0.2086181640625
16.2070,46,0.744140625,56,1.1875,66,0.8310546875,47,0.2086181640625
16.2177,45,0.884765625,56,1.1875,66,0.8310546875,49,0.26416015625
16.2267,45,0.884765625,67,0.88720703125,42,2.0234375,49,0.26416015625
16.2373,53,-0.0655517578125,67,0.88720703125,42,2.0234375,51,0.066162109375
16.2485,53,-0.0655517578125,47,1.6279296875,45,0.06689453125,51,0.066162109375
16.2606,54,0.1649169921875,47,1.6279296875,45,0.06689453125,51,0.11749267578125
16.2684,54,0.1649169921875,49,0.65625,49,0.1851806640625,51,0.11749267578125
16.2803,49,0.97216796875,49,0.65625,49,0.1851806640625,49,0.2763671875
16.2886,49,0.97216796875,50,0.2069091796875,53,0.172607421875,49,0.2763671875
16.3012,26,2.251953125,50,0.2069091796875,53,0.172607421875,47,0.314453125
16.3099,26,2.251953125,46,0.99658203125,51,0.384521484375,47,0.314453125
16.3200,60,1.4072265625,46,0.99658203125,51,0.384521484375,47,0.314453125
16.3276,60,1.4072265625,46,0.8935546875,8,3.5390625,44,0.52978515625
16.3395,63,-0.5546875,46,0.8935546875,8,3.5390625,41,0.8095703125
16.3479,63,-0.5546875,47,0.7099609375,51,1.49609375,41,0.8095703125
16.3606,13,8.328125,47,0.7099609375,51,1.49609375,44,0.427490234375
16.3683,13,8.328125,54,-0.2890625,83,2.978515625,44,0.427490234375
16.3788,39,0.140380859375,54,-0.2890625,83,2.978515625,44,0.427490234375
16.3892,39,0.140380859375,42,1.8369140625,68,0.6455078125,47,0.47607421875
16.3990,69,1.7001953125,42,1.8369140625,68,0.6455078125,47,0.47607421875
16.4082,69,1.7001953125,42,1.08984375,68,0.6455078125,50,-0.0704345703125
16.4185,66,0.51318359375,42,1.08984375,52,0.5205078125,50,-0.0704345703125
16.4277,66,0.51318359375,50,0.33544921875,10,5.49609375,51,0.08477783203125
16.4383,53,0.63427734375,50,0.33544921875,10,5.49609375,51,0.08477783203125
16.4469,53,0.63427734375,59,0.10772705078125,7,3.4921875,50,0.13037109375
16.4581,1,3.767578125,59,0.10772705078125,7,3.4921875,50,0.13037109375
16.4664,1,3.767578125,29,2.84765625,7,3.4921875,48,0.2237548828125
16.4782,51,-1.5361328125,29,2.84765625,53,1.400390625,48,0.2237548828125
16.4859,51,-1.5361328125,38,0.8935546875,53,1.400390625,45,0.48486328125
16.4975,69,0.8564453125,38,0.8935546875,10,6.71875,45,0.48486328125
16.5057,69,0.8564453125,65,1.6123046875,46,-0.2401123046875,44,0.63671875
16.5166,63,0.1527099609375,65,1.6123046875,46,-0.2401123046875,44,0.63671875
16.5257,63,0.1527099609375,61,-0.5498046875,46,-0.2401123046875,42,0.6650390625
16.5362,15,3.71484375,61,-0.5498046875,60,0.90380859375,42,0.6650390625
16.5452,15,3.71484375,22,5.234375,60,0.90380859375,46,0.392822265625
16.5574,48,-0.84228515625,22,5.234375,60,-0.0892333984375,46,0.392822265625
16.5661,48,-0.84228515625,13,2.576171875,60,-0.0892333984375,47,0.37548828125
16.5792,69,-1.5263671875,13,2.576171875,78,2.470703125,47,0.37548828125
16.5849,69,-1.5263671875,13,2.576171875,78,2.470703125,49,0.137939453125
16.6001,66,0.65625,63,-1.9619140625,28,0.1295166015625,49,0.137939453125
16.6075,66,0.65625,74,1.6025390625,28,0.1295166015625,51,0.113525390625
16.6182,66,0.65625,74,1.6025390625,6,3.787109375,51,0.113525390625
16.6291,32,3.09375,13,6.91796875,6,3.787109375,51,0.2176513671875
16.6380,37,1.029296875,13,6.91796875,45,-0.60302734375,51,0.2176513671875
16.6467,37,1.029296875,13,6.91796875,45,-0.60302734375,48,0.458740234375
16.6603,56,-0.57568359375,40,-0.1015625,62,0.458251953125,48,0.458740234375
16.6674,56,-0.57568359375,40,-0.1015625,62,0.458251953125,45,0.58935546875
16.6785,56,-0.57568359375,70,-1.9580078125,60,-0.101806640625,45,0.58935546875
16.6874,54,0.428955078125,70,-1.9580078125,60,-0.101806640625,44,0.6435546875
16.6979,54,0.428955078125,69,1.013671875,36,2.001953125,44,0.6435546875
16.7067,50,0.5048828125,69,1.013671875,36,2.001953125,43,0.56689453125
16.7175,47,0.8154296875,20,5.27734375,46,0.76953125,43,0.56689453125
16.7265,47,0.8154296875,20,5.27734375,46,0.76953125,47,0.220703125
16.7370,47,0.8154296875,23,0.98828125,52,0.08233642578125,47,0.220703125
16.7456,45,0.81591796875,23,0.98828125,52,0.08233642578125,47,0.1842041015625
16.7583,45,0.81591796875,67,-1.8662109375,54,0.161865234375,47,0.1842041015625
16.7669,49,0.481689453125,67,-1.8662109375,54,0.161865234375,47,0.1842041015625
16.7779,49,0.481689453125,68,0.444580078125,3,5.82421875,49,0.17822265625
16.7862,53,0.04705810546875,68,0.444580078125,3,5.82421875,51,0.084716796875
16.7989,53,0.04705810546875,61,0.1966552734375,43,0.50830078125,51,0.084716796875
16.8082,48,0.93701171875,61,0.1966552734375,43,0.50830078125,51,0.084716796875
16.8198,48,0.93701171875,37,2.578125,81,4.11328125,50,0.1705322265625
16.8289,14,2.537109375,37,2.578125,81,4.11328125,50,0.1705322265625
16.8395,14,2.537109375,1,3.880859375,74,0.9541015625,48,0.292724609375
16.8473,61,-1.642578125,1,3.880859375,74,0.9541015625,48,0.292724609375
16.8604,61,-1.642578125,54,-2.201171875,74,0.9541015625,45,0.62744140625
16.8686,73,1.6650390625,54,-2.201171875,68,0.11773681640625,45,0.62744140625
16.8797,73,1.6650390625,70,0.623046875,68,0.11773681640625,42,0.84912109375
16.8882,64,0.249267578125,70,0.623046875,-2,7.5703125,42,0.84912109375
16.9009,64,0.249267578125,64,-0.404541015625,-2,7.5703125,42,0.6171875
16.9097,37,2.91796875,64,-0.404541015625,17,2.095703125,42,0.6171875
16.9191,37,2.91796875,3,6.375,17,2.095703125,46,0.36572265625
16.9290,0,4.375,3,6.375,61,1.7236328125,46,0.36572265625
16.9386,0,4.375,43,-0.67138671875,61,1.7236328125,48,0.308349609375
16.9468,47,-1.4541015625,43,-0.67138671875,21,6.26171875,48,0.308349609375
16.9597,47,-1.4541015625,69,-1.205078125,21,6.26171875,49,0.351806640625
16.9680,69,-0.873046875,69,-1.205078125,44,0.462890625,49,0.351806640625
16.9795,69,-0.873046875,69,-1.205078125,44,0.462890625,51,0.0791015625
16.9880,66,-0.294677734375,63,0.1121826171875,59,0.66552734375,51,0.0791015625
16.9989,66,-0.294677734375,63,0.1121826171875,59,0.66552734375,51,0.220458984375
17.0075,15,4.08984375,59,-0.2498779296875,63,0.387451171875,51,0.220458984375
17.0183,15,4.08984375,20,4.46875,63,0.387451171875,48,0.260009765625
17.0274,41,-0.04376220703125,20,4.46875,50,0.68994140625,48,0.260009765625
17.0378,41,-0.04376220703125,20,4.46875,50,0.68994140625,45,0.50048828125
17.0465,68,-1.345703125,5,3.21875,60,0.301025390625,45,0.50048828125
17.0580,68,-1.345703125,5,3.21875,60,0.301025390625,41,0.9912109375
17.0662,64,-0.484130859375,65,2.654296875,3,5.1640625,41,0.9912109375
17.0800,64,-0.484130859375,65,2.654296875,3,5.1640625,42,0.587890625
17.0869,54,0.6552734375,71,0.9609375,50,-1.3330078125,42,0.587890625
17.0982,54,0.6552734375,71,0.9609375,50,-1.3330078125,46,0.250244140625
17.1083,4,4.33984375,45,1.744140625,70,1.5693359375,46,0.250244140625
17.1176,4,4.33984375,45,1.744140625,70,1.5693359375,49,0.1302490234375
17.1267,56,2.296875,3,4.03515625,73,0.495849609375,49,0.1302490234375
17.1380,56,2.296875,3,4.03515625,73,0.495849609375,51,0.0899658203125
17.1460,64,-0.5087890625,54,1.529296875,35,2.046875,51,0.0899658203125
17.1604,64,-0.5087890625,54,1.529296875,35,2.046875,51,-0.16552734375
17.1677,59,0.293212890625,73,1.6279296875,52,0.385009765625,51,-0.16552734375
17.1788,59,0.293212890625,73,1.6279296875,52,0.385009765625,50,0.302978515625
17.1883,59,0.293212890625,32,5.68359375,62,0.5478515625,50,0.302978515625
17.2003,24,2.59375,32,5.68359375,62,0.5478515625,47,0.54052734375
17.2065,24,2.59375,42,1.4267578125,51,1.3896484375,47,0.54052734375
17.2199,56,-0.55517578125,42,1.4267578125,51,1.3896484375,45,1.00390625
17.2299,56,-0.55517578125,63,1.337890625,49,0.1156005859375,45,1.00390625
17.2383,68,1.2236328125,63,1.337890625,49,0.1156005859375,44,1.3896484375
17.2485,68,1.2236328125,65,0.2705078125,49,0.123779296875,44,1.3896484375
17.2608,1,10.78125,65,0.2705078125,49,0.123779296875,48,0.17529296875
17.2704,1,10.78125,14,7.046875,46,0.83056640625,48,0.17529296875
17.2825,40,-0.53515625,14,7.046875,46,0.83056640625,48,0.17529296875
17.2894,40,-0.53515625,34,1.1083984375,46,1.072265625,49,1.0322265625
17.3023,70,-1.4052734375,34,1.1083984375,46,1.072265625,49,1.0322265625
17.3106,70,-1.4052734375,70,1.453125,46,1.072265625,52,0.2191162109375
17.3197,69,-0.138427734375,70,1.453125,57,-0.08026123046875,55,0.11767578125
17.3272,69,-0.138427734375,72,0.86865234375,55,0.81689453125,55,0.11767578125
17.3420,62,0.424560546875,72,0.86865234375,55,0.81689453125,55,0.11767578125
17.3490,62,0.424560546875,13,8.3359375,58,0.192138671875,55,0.1998291015625
17.3584,8,5.296875,13,8.3359375,58,0.192138671875,55,0.1998291015625
17.3691,8,5.296875,37,0.46337890625,58,0.192138671875,54,0.323974609375
17.3803,56,-1.6005859375,37,0.46337890625,52,0.81591796875,54,0.323974609375
17.3890,56,-1.6005859375,73,-1.8076171875,52,0.81591796875,51,0.515625
17.3997,76,1.5458984375,73,-1.8076171875,49,0.9111328125,51,0.515625
17.4080,76,1.5458984375,72,0.845703125,49,0.9111328125,48,0.7099609375
17.4187,69,-0.1246337890625,72,0.845703125,47,1.087890625,48,0.7099609375
17.4272,69,-0.1246337890625,72,0.845703125,47,1.087890625,50,0.428955078125
17.4399,60,0.607421875,23,4.328125,48,0.83056640625,50,0.428955078125
17.4468,60,0.607421875,53,-0.82861328125,48,0.83056640625,50,0.609375
17.4581,-4,6.69140625,53,-0.82861328125,53,0.2919921875,50,0.609375
17.4676,-4,6.69140625,71,-1.103515625,53,0.2919921875,53,0.1865234375
17.4789,47,-1.2392578125,71,-1.103515625,60,-0.07861328125,53,0.1865234375
17.4877,47,-1.2392578125,71,-1.103515625,60,-0.07861328125,56,-0.08978271484375
17.4987,76,1.58203125,70,-0.869140625,52,1.1845703125,56,-0.08978271484375
17.5072,76,1.58203125,70,-0.869140625,52,1.1845703125,55,0.26806640625
17.5192,76,1.58203125,23,5.375,54,0.57275390625,55,0.26806640625
17.5288,71,-0.302001953125,23,5.375,54,0.57275390625,52,-0.3115234375
17.5398,61,1.0595703125,27,1.0830078125,47,0.94384765625,52,-0.3115234375
17.5482,61,1.0595703125,27,1.0830078125,47,0.94384765625,48,0.81884765625
17.5603,-7,7.64453125,68,-1.5751953125,46,1.158203125,48,0.81884765625
17.5682,-7,7.64453125,68,-1.5751953125,46,1.158203125,46,0.85107421875
17.5795,-7,7.64453125,72,0.8466796875,49,0.66259765625,46,0.85107421875
17.5884,41,-0.71044921875,72,0.8466796875,49,0.66259765625,49,0.465087890625
17.5992,41,-0.71044921875,22,6.73046875,53,0.50732421875,49,0.465087890625
17.6114,75,-1.33203125,22,6.73046875,53,0.50732421875,49,0.418212890625
17.6197,68,0.365966796875,38,1.111328125,55,0.3154296875,49,0.418212890625
17.6290,68,0.365966796875,38,1.111328125,55,0.3154296875,51,0.263427734375
17.6400,68,0.365966796875,70,-1.5751953125,57,0.1630859375,51,0.263427734375
17.6485,60,0.306640625,70,-1.5751953125,57,0.1630859375,57,-0.12127685546875
17.6604,60,0.306640625,68,-0.33935546875,55,0.6904296875,57,-0.12127685546875
17.6682,3,8.8046875,68,-0.33935546875,55,0.6904296875,57,-0.21484375
17.6795,3,8.8046875,54,0.82080078125,51,0.87060546875,57,-0.21484375
17.6877,41,-0.284423828125,54,0.82080078125,51,0.87060546875,52,0.59228515625
17.6985,41,-0.284423828125,20,3.185546875,47,1.34765625,52,0.59228515625
17.7076,74,1.5078125,20,3.185546875,47,1.34765625,48,0.8017578125
17.7184,74,1.5078125,61,-1.7412109375,46,1.14453125,48,0.8017578125
17.7280,73,-0.583984375,61,-1.7412109375,46,1.14453125,48,0.8017578125
17.7389,73,-0.583984375,69,-0.5244140625,55,0.145263671875,44,1.0947265625
17.7476,62,0.51416015625,69,-0.5244140625,55,0.145263671875,44,1.0947265625
17.7587,62,0.51416015625,67,-0.15966796875,55,0.40478515625,48,0.34228515625
17.7685,10,4.54296875,67,-0.15966796875,55,0.40478515625,48,0.34228515625
17.7798,10,4.54296875,14,5.125,53,0.58349609375,50,0.70947265625
17.7887,59,-1.66015625,14,5.125,53,0.58349609375,50,0.70947265625
17.7999,59,-1.66015625,46,-0.705078125,57,0.1929931640625,52,0.408203125
17.8117,77,1.4990234375,46,-0.705078125,57,0.1929931640625,52,0.408203125
17.8206,77,1.4990234375,73,-1.4951171875,57,0.1929931640625,56,-0.08966064453125
17.8302,67,-0.03173828125,73,-1.4951171875,55,0.4765625,56,-0.08966064453125
17.8431,67,-0.03173828125,72,-0.7080078125,55,0.4765625,57,0.1318359375
17.8497,61,0.46484375,72,-0.7080078125,49,1.076171875,57,0.1318359375
17.8635,61,0.46484375,21,3.55078125,48,0.82470703125,54,0.418212890625
17.8696,2,5.5859375,21,3.55078125,48,0.82470703125,54,0.418212890625
17.8809,2,5.5859375,57,-1.1982421875,48,0.82470703125,50,0.443603515625
17.8914,56,-1.7275390625,57,-1.1982421875,52,0.476318359375,50,0.443603515625
17.9004,56,-1.7275390625,70,-0.22314453125,52,0.476318359375,44,1.1884765625
17.9113,80,1.935546875,70,-0.22314453125,54,0.52880859375,44,1.1884765625
17.9212,80,1.935546875,66,0.0897216796875,54,0.52880859375,47,0.5126953125
17.9308,76,1.115234375,66,0.0897216796875,51,0.74658203125,47,0.5126953125
17.9407,76,1.115234375,66,0.0897216796875,51,0.74658203125,50,0.2587890625
17.9495,7,7.3125,26,2.916015625,53,0.43359375,50,0.2587890625
17.9604,7,7.3125,26,2.916015625,53,0.43359375,53,0.1943359375
17.9704,44,-0.3935546875,60,-1.3193359375,58,0.044403076171875,53,0.1943359375
17.9803,44,-0.3935546875,70,0.8173828125,58,0.044403076171875,56,-0.03436279296875
17.9889,75,-1.4404296875,70,0.8173828125,53,0.93115234375,56,-0.03436279296875
18.0000,75,-1.4404296875,70,0.8173828125,53,0.93115234375,57,-0.0095672607421875
18.0091,71,-0.0252227783203125,65,0.092041015625,49,1.009765625,57,-0.0095672607421875
18.0193,71,-0.0252227783203125,65,0.092041015625,49,1.009765625,55,0.3564453125
18.0304,63,0.408203125,39,2.7734375,47,1.076171875,55,0.3564453125
18.0398,63,0.408203125,4,4.2734375,47,1.076171875,51,0.62890625
18.0503,-5,9.46875,4,4.2734375,48,0.9638671875,51,0.62890625
18.0589,-5,9.46875,4,4.2734375,48,0.9638671875,46,1.0263671875
18.0677,36,-0.1356201171875,63,2.6171875,55,0.343994140625,46,1.0263671875
18.0812,36,-0.1356201171875,63,2.6171875,55,0.343994140625,47,0.6416015625
18.0918,74,-1.6015625,78,1.67578125,55,0.421630859375,47,0.6416015625
18.1008,74,-1.6015625,78,1.67578125,55,0.421630859375,50,0.35205078125
18.1086,72,-0.2115478515625,75,1.025390625,53,0.548828125,50,0.35205078125
18.1202,72,-0.2115478515625,75,1.025390625,53,0.548828125,52,0.39013671875
18.1276,63,0.46826171875,22,4.82421875,56,0.25439453125,52,0.39013671875
18.1407,63,0.46826171875,22,4.82421875,56,0.25439453125,57,-0.276123046875
18.1494,63,0.46826171875,27,1.35546875,52,0.7646484375,57,-0.276123046875
18.1612,0,7.71875,27,1.35546875,52,0.7646484375,57,0.1431884765625
18.1689,0,7.71875,70,-1.8681640625,49,0.986328125,57,0.1431884765625
18.1810,43,-0.61083984375,70,-1.8681640625,49,0.986328125,57,0.1431884765625
18.1914,74,1.458984375,71,-0.1982421875,47,1.0654296875,54,0.384765625
18.2009,74,1.458984375,71,-0.1982421875,47,1.0654296875,51,0.478271484375
18.2106,74,1.458984375,66,0.05877685546875,50,0.64111328125,51,0.478271484375
18.2223,72,0.47021484375,66,0.05877685546875,50,0.64111328125,46,0.93359375
18.2291,72,0.47021484375,0,8.234375,55,0.444091796875,46,0.93359375
18.2400,61,0.53125,0,8.234375,55,0.444091796875,46,0.93359375
18.2500,12,4.5,42,-0.58544921875,55,0.40771484375,49,0.5439453125
18.2618,12,4.5,42,-0.58544921875,55,0.40771484375,49,0.66650390625
18.2676,12,4.5,76,1.66796875,55,0.40771484375,49,0.66650390625
18.2810,61,-1.798828125,76,1.66796875,54,0.49169921875,49,0.66650390625
18.2896,61,-1.798828125,75,0.7421875,54,0.49169921875,52,0.221923828125
18.3010,74,1.029296875,75,0.7421875,55,0.447509765625,52,0.221923828125
18.3107,74,1.029296875,31,5.27734375,53,0.62451171875,57,-0.192138671875
18.3201,51,2.4375,31,5.27734375,53,0.62451171875,57,-0.192138671875
18.3290,51,2.4375,29,2.05078125,53,0.62451171875,57,0.1834716796875
18.3411,53,0.6767578125,29,2.05078125,48,1.0595703125,57,0.1834716796875
18.3482,53,0.6767578125,68,1.255859375,48,1.0595703125,53,0.45361328125
18.3610,51,0.74462890625,68,1.255859375,48,0.80029296875,53,0.45361328125
18.3692,51,0.74462890625,74,0.9951171875,48,0.80029296875,50,0.412841796875
18.3809,58,0.21337890625,74,0.9951171875,52,0.439453125,50,0.412841796875
18.3897,58,0.21337890625,30,4.6328125,52,0.439453125,47,0.80712890625
18.4008,59,0.2158203125,30,4.6328125,55,0.53857421875,47,0.80712890625
18.4112,59,0.2158203125,29,2.302734375,55,0.53857421875,49,0.4521484375
18.4205,52,1.1787109375,29,2.302734375,55,0.385009765625,49,0.4521484375
18.4304,52,1.1787109375,65,-1.4736328125,55,0.385009765625,50,0.60107421875
18.4412,50,0.91552734375,65,-1.4736328125,53,0.609375,50,0.60107421875
18.4487,50,0.91552734375,69,-0.673828125,53,0.609375,51,0.253662109375
18.4620,55,0.4951171875,69,-0.673828125,53,0.57373046875,51,0.253662109375
18.4704,55,0.4951171875,53,0.8935546875,53,0.57373046875,56,-0.0926513671875
18.4816,51,0.8466796875,53,0.8935546875,53,0.7529296875,56,-0.0926513671875
18.4880,51,0.8466796875,53,0.8935546875,53,0.7529296875,57,0.1025390625
18.5015,50,0.884765625,26,2.541015625,51,0.7666015625,57,0.1025390625
18.5105,50,0.884765625,26,2.541015625,51,0.7666015625,54,0.421875
18.5193,50,0.8798828125,63,-1.6650390625,48,1.0,54,0.421875
18.5301,50,0.8798828125,63,-1.6650390625,48,1.0,50,0.66357421875
18.5407,50,0.8798828125,70,-0.59130859375,50,0.66552734375,50,0.66357421875
18.5485,58,0.1651611328125,64,-0.2261962890625,50,0.66552734375,46,0.91796875
18.5589,58,0.1651611328125,64,-0.2261962890625,53,0.5927734375,46,0.91796875
18.5687,59,0.2093505859375,64,-0.2261962890625,53,0.5927734375,49,0.3935546875
18.5782,59,0.2093505859375,25,5.859375,55,0.3818359375,49,0.3935546875
18.5868,52,0.92333984375,25,5.859375,55,0.3818359375,51,0.38330078125
18.5983,52,0.92333984375,19,2.078125,55,0.488525390625,51,0.38330078125
18.6065,50,0.92333984375,19,2.078125,55,0.488525390625,52,0.326904296875
18.6209,53,0.64404296875,71,2.095703125,54,0.46435546875,52,0.326904296875
18.6292,53,0.64404296875,71,2.095703125,54,0.46435546875,56,-0.1495361328125
18.6401,53,0.64404296875,72,-0.3203125,53,0.744140625,56,-0.1495361328125
18.6486,52,0.703125,72,-0.3203125,53,0.744140625,57,-0.07745361328125
18.6624,52,0.703125,67,-0.08709716796875,50,0.77197265625,57,-0.07745361328125
18.6700,50,0.9501953125,67,-0.08709716796875,50,0.77197265625,54,-0.51904296875
18.6816,50,0.9501953125,18,3.283203125,48,0.58349609375,54,-0.51904296875
18.6900,52,0.29541015625,18,3.283203125,48,0.58349609375,54,-0.51904296875
18.7001,52,0.29541015625,49,-0.66162109375,47,1.564453125,47,0.63037109375
18.7107,54,0.63232421875,49,-0.66162109375,47,1.564453125,47,0.63037109375
18.7210,54,0.63232421875,72,-1.4921875,47,1.564453125,43,1.1259765625
18.7314,50,0.89306640625,72,-1.4921875,44,1.283203125,43,1.1259765625
18.7407,50,0.89306640625,68,0.56005859375,50,-0.3486328125,43,0.953125
18.7512,54,-0.1434326171875,68,0.56005859375,50,-0.3486328125,43,0.953125
18.7615,54,-0.1434326171875,17,7.046875,58,0.255859375,48,0.04150390625
18.7699,54,0.77587890625,17,7.046875,58,0.255859375,48,0.04150390625
18.7817,54,0.77587890625,25,1.9970703125,58,0.255859375,51,0.403564453125
18.7934,56,0.36376953125,25,1.9970703125,54,0.69140625,51,0.403564453125
18.8034,56,0.36376953125,72,1.8681640625,54,0.69140625,55,0.12152099609375
18.8133,6,3.6875,72,1.8681640625,55,0.471435546875,55,0.12152099609375
18.8248,6,3.6875,74,1.3310546875,48,0.5869140625,55,-0.41357421875
18.8342,53,-0.79296875,74,1.3310546875,48,0.5869140625,55,-0.41357421875
18.8473,53,-0.79296875,23,4.15234375,48,0.5869140625,52,0.54296875
18.8538,73,1.3642578125,23,4.15234375,46,1.0966796875,52,0.54296875
18.8652,73,1.3642578125,54,-0.77099609375,46,1.0966796875,51,0.4765625
18.8734,76,0.93994140625,54,-0.77099609375,45,1.16015625,51,0.4765625
18.8844,76,0.93994140625,73,1.357421875,45,1.16015625,49,0.57177734375
18.8931,11,5.81640625,73,1.357421875,52,0.29736328125,49,0.57177734375
18.9041,11,5.81640625,71,0.6640625,52,0.29736328125,47,0.64208984375
18.9162,45,-0.5693359375,71,0.6640625,56,0.291015625,47,0.64208984375
18.9261,45,-0.5693359375,21,4.0390625,56,0.291015625,51,-0.400634765625
18.9347,69,-0.501953125,21,4.0390625,57,0.257568359375,51,-0.400634765625
18.9485,69,-0.501953125,31,1.3203125,57,0.257568359375,50,0.4609375
18.9547,70,-0.2457275390625,31,1.3203125,50,1.2421875,50,0.4609375
18.9663,70,-0.2457275390625,31,1.3203125,50,1.2421875,53,0.2042236328125
18.9743,67,0.276611328125,69,-1.4677734375,52,0.71435546875,53,0.2042236328125
18.9854,67,0.276611328125,69,-1.4677734375,52,0.71435546875,56,-0.09307861328125
18.9976,0,3.986328125,73,-1.2001953125,48,1.0400390625,56,-0.09307861328125
19.0064,0,3.986328125,51,1.3828125,48,1.0400390625,53,-0.1654052734375
19.0157,7,4.0234375,51,1.3828125,46,0.77734375,53,-0.1654052734375
19.0270,7,4.0234375,51,1.3828125,46,0.77734375,49,0.68701171875
19.0362,65,-2.388671875,51,0.56494140625,49,0.8447265625,49,0.68701171875
19.0473,65,-2.388671875,51,0.56494140625,49,0.8447265625,48,-0.2071533203125
19.0553,73,0.484619140625,39,1.4111328125,52,0.047210693359375,48,-0.2071533203125
19.0711,23,8.1953125,48,-0.09088134765625,49,1.00390625,45,0.67041015625
19.0843,23,8.1953125,48,-0.09088134765625,49,1.00390625,48,0.591796875
19.0928,40,0.72021484375,64,0.47265625,49,0.912109375,48,0.591796875
19.1044,40,0.72021484375,64,0.47265625,49,0.912109375,49,0.421630859375
19.1130,40,0.72021484375,57,0.3310546875,54,0.4501953125,49,0.421630859375
19.1233,65,-0.87158203125,57,0.3310546875,54,0.4501953125,53,0.1522216796875
19.1333,65,-0.87158203125,53,0.861328125,59,0.04150390625,53,0.1522216796875
19.1445,67,-0.37060546875,53,0.861328125,59,0.04150390625,58,-0.29736328125
19.1519,60,0.66796875,49,1.041015625,52,0.69384765625,58,-0.29736328125
19.1658,60,0.66796875,49,1.041015625,52,0.69384765625,57,0.1534423828125
19.1708,60,0.66796875,54,0.469482421875,49,0.833984375,57,0.1534423828125
19.1829,41,1.689453125,54,0.469482421875,49,0.833984375,53,0.3193359375
19.1913,41,1.689453125,57,0.44580078125,46,1.05859375,53,0.3193359375
19.2033,47,0.85009765625,57,0.44580078125,46,1.05859375,50,0.48974609375
19.2119,47,0.85009765625,52,0.82177734375,53,0.2265625,50,0.48974609375
19.2229,70,0.67724609375,52,0.82177734375,53,0.2265625,46,0.8876953125
19.2317,70,0.67724609375,51,0.8271484375,53,0.2265625,46,0.8876953125
19.2423,2,6.609375,51,0.8271484375,55,0.4814453125,50,0.352783203125
19.2510,2,6.609375,54,0.568359375,55,0.4814453125,50,0.352783203125
19.2620,52,-1.46484375,54,0.568359375,54,0.609375,50,0.55517578125
19.2705,52,-1.46484375,54,0.7666015625,56,0.283935546875,50,0.55517578125
19.2822,78,1.9208984375,54,0.7666015625,56,0.283935546875,52,0.21728515625
19.2918,78,1.9208984375,53,0.697265625,56,0.283935546875,52,0.21728515625
19.3027,76,-0.97412109375,53,0.697265625,58,0.2408447265625,56,-0.141357421875
19.3121,76,-0.97412109375,54,0.50537109375,58,0.2408447265625,56,-0.141357421875
19.3242,9,5.62109375,54,0.50537109375,43,1.671875,57,-0.177001953125
19.3342,9,5.62109375,56,0.314208984375,45,0.2098388671875,57,-0.177001953125
19.3431,56,1.9912109375,56,0.314208984375,45,0.2098388671875,51,0.36328125
19.3523,56,1.9912109375,42,1.7744140625,45,0.2098388671875,51,0.36328125
19.3621,72,1.4072265625,42,1.7744140625,56,0.227783203125,46,0.44482421875
19.3730,72,1.4072265625,42,2.046875,56,0.227783203125,46,0.44482421875
19.3838,44,1.47265625,42,2.046875,51,1.390625,46,0.44482421875
19.3924,44,1.47265625,48,0.427001953125,51,1.390625,43,0.470703125
19.4043,37,0.91064453125,48,0.427001953125,48,0.57275390625,43,0.470703125
19.4133,37,0.91064453125,58,0.293212890625,48,0.57275390625,42,0.65576171875
19.4245,61,-0.98681640625,58,0.293212890625,49,0.435791015625,45,0.373779296875
19.4344,61,-0.98681640625,29,2.8984375,49,0.435791015625,45,0.373779296875
19.4452,61,0.3310546875,29,2.8984375,50,0.398681640625,45,0.373779296875
19.4533,61,0.3310546875,46,0.45068359375,50,0.398681640625,47,1.0009765625
19.4650,57,0.47705078125,46,0.45068359375,52,0.60888671875,47,1.0009765625
19.4730,57,0.47705078125,46,0.45068359375,52,0.60888671875,50,0.33740234375
19.4841,51,1.2392578125,66,-0.55615234375,48,1.1826171875,50,0.33740234375
19.4937,51,1.2392578125,66,-0.55615234375,48,1.1826171875,56,-0.10906982421875
19.5046,60,0.394775390625,60,0.626953125,47,1.005859375,56,-0.10906982421875
19.5131,60,0.394775390625,60,0.626953125,47,1.005859375,57,0.1597900390625
19.5252,1,6.82421875,34,1.2099609375,53,-0.047515869140625,57,0.1597900390625
19.5338,1,6.82421875,34,1.2099609375,53,-0.047515869140625,52,0.233642578125
19.5453,39,-0.5546875,56,-0.48828125,53,0.211669921875,52,0.233642578125
19.5548,39,-0.5546875,56,-0.48828125,53,0.211669921875,46,0.6240234375
19.5746,71,-1.2373046875,55,0.94384765625,37,2.208984375,42,1.26953125
19.5859,78,1.294921875,57,0.29248046875,47,0.474365234375,42,1.26953125
19.5944,78,1.294921875,57,0.29248046875,47,0.474365234375,46,0.599609375
19.6055,11,7.98046875,54,0.8193359375,66,1.0498046875,46,0.599609375
19.6155,11,7.98046875,54,0.8193359375,66,1.0498046875,49,0.595703125
19.6260,41,0.27197265625,48,1.5537109375,62,-0.0638427734375,49,0.595703125
19.6382,41,0.27197265625,47,1.1357421875,62,-0.0638427734375,52,0.252685546875
19.6462,72,-1.2880859375,47,1.1357421875,54,0.83544921875,52,0.252685546875
19.6561,72,-1.2880859375,47,1.1357421875,54,0.83544921875,57,-0.1253662109375
19.6703,72,-1.169921875,51,0.4072265625,6,3.3671875,57,-0.1253662109375
19.6765,72,-1.169921875,51,0.4072265625,6,3.3671875,56,-0.2470703125
19.6884,67,0.6240234375,60,-0.3818359375,49,-0.1417236328125,56,-0.2470703125
19.6957,67,0.6240234375,60,-0.3818359375,49,-0.1417236328125,52,0.375732421875
19.7118,-4,8.6015625,23,5.94140625,69,1.1767578125,49,0.67529296875
19.7231,-4,8.6015625,37,0.96533203125,69,1.1767578125,49,0.67529296875
19.7342,22,1.380859375,37,0.96533203125,88,2.759765625,45,0.91259765625
19.7435,74,2.2578125,68,0.7080078125,88,2.759765625,45,0.91259765625
19.7519,74,2.2578125,68,0.7080078125,40,1.51171875,48,-0.2213134765625
19.7665,74,-0.77490234375,62,-0.308349609375,40,1.51171875,48,-0.2213134765625
19.7724,74,-0.77490234375,62,-0.308349609375,55,0.54638671875,48,1.169921875
19.7820,37,2.078125,27,2.568359375,55,0.54638671875,48,1.169921875
19.7922,37,2.078125,27,2.568359375,58,0.1077880859375,51,0.270263671875
19.8055,37,2.078125,63,-1.65234375,58,0.1077880859375,51,0.270263671875
19.8142,57,-0.1905517578125,63,-1.65234375,59,0.0947265625,55,-0.20947265625
19.8269,57,-0.1905517578125,70,0.444580078125,59,0.0947265625,55,-0.20947265625
19.8349,64,-0.27099609375,70,0.444580078125,57,0.336669921875,56,0.152099609375
19.8474,64,-0.27099609375,64,0.32470703125,57,0.336669921875,56,0.152099609375
19.8542,59,0.70947265625,64,0.32470703125,51,1.0400390625,55,0.2939453125
19.8663,59,0.70947265625,20,3.4375,51,1.0400390625,55,0.2939453125
19.8748,59,0.31689453125,20,3.4375,23,2.02734375,55,0.2939453125
19.8868,59,0.31689453125,54,0.45947265625,23,2.02734375,52,-0.292724609375
19.8969,51,1.3095703125,54,0.45947265625,57,-0.304443359375,48,0.826171875
19.9096,49,0.359375,70,-1.7822265625,82,2.369140625,46,0.39111328125
19.9215,49,0.59912109375,67,0.681640625,82,2.369140625,46,0.39111328125
19.9318,49,0.59912109375,67,0.681640625,3,5.8671875,46,1.0517578125
19.9412,46,1.3564453125,27,5.05859375,3,5.8671875,46,1.0517578125
19.9497,46,1.3564453125,27,5.05859375,49,-0.646484375,48,0.5166015625
19.9618,43,1.4560546875,8,3.619140625,49,-0.646484375,48,0.5166015625
19.9703,43,1.4560546875,8,3.619140625,66,1.2939453125,52,-0.356201171875
19.9815,53,-0.1878662109375,66,-2.923828125,66,1.2939453125,52,-0.356201171875
19.9896,53,-0.1878662109375,66,-2.923828125,83,1.3779296875,54,0.479248046875
20.0019,60,-0.047454833984375,74,1.076171875,83,1.3779296875,54,0.479248046875
20.0141,60,-0.047454833984375,74,1.076171875,5,4.671875,54,0.479248046875
20.0215,60,-0.047454833984375,74,1.076171875,5,4.671875,54,-0.412841796875
20.0300,55,0.1295166015625,37,3.5546875,52,1.341796875,54,-0.412841796875
20.0427,55,0.1295166015625,37,3.5546875,52,1.341796875,48,0.6103515625
20.0509,50,1.5126953125,44,1.2744140625,86,4.390625,48,0.6103515625
20.0623,50,1.5126953125,44,1.2744140625,86,4.390625,45,0.90478515625
20.0706,27,1.984375,62,-1.583984375,3,0.137451171875,45,0.90478515625
20.0846,27,1.984375,62,-1.583984375,3,0.137451171875,42,0.79248046875
20.0940,61,-0.9287109375,59,0.51123046875,24,1.7705078125,42,0.79248046875
20.1033,61,-0.9287109375,59,0.51123046875,24,1.7705078125,48,0.416259765625
20.1154,69,1.3603515625,56,-0.1566162109375,60,1.2177734375,48,0.416259765625
20.1265,69,1.3603515625,56,-0.1566162109375,60,1.2177734375,48,0.451416015625
20.1346,59,-0.056365966796875,3,4.97265625,60,1.2177734375,48,0.451416015625
20.1477,59,-0.056365966796875,3,4.97265625,39,0.95751953125,49,0.1728515625
20.1543,53,0.62548828125,53,-2.005859375,59,0.1834716796875,49,0.1728515625
20.1683,53,0.62548828125,53,-2.005859375,59,0.1834716796875,51,0.0579833984375
20.1748,1,4.0234375,70,1.3212890625,54,0.640625,51,0.0579833984375
20.1856,1,4.0234375,70,1.3212890625,54,0.640625,51,0.07757568359375
20.1944,52,-1.0234375,62,1.0283203125,54,0.83349609375,51,0.07757568359375
20.2063,52,-1.0234375,62,1.0283203125,54,0.83349609375,50,0.54150390625
20.2170,75,-1.0947265625,61,0.305419921875,54,0.83349609375,50,0.54150390625
20.2293,75,-1.0947265625,61,0.305419921875,47,1.2548828125,52,0.43115234375
20.2344,71,-0.1907958984375,16,5.03515625,52,0.51220703125,52,0.43115234375
20.2463,71,-0.1907958984375,16,5.03515625,52,0.51220703125,55,0.1741943359375
20.2541,46,2.103515625,58,-1.48828125,52,0.51220703125,55,0.1741943359375
20.2655,46,2.103515625,58,-1.48828125,58,0.380859375,58,-0.0226287841796875
20.2735,27,2.771484375,74,-1.02734375,58,0.380859375,58,-0.0226287841796875
20.2846,27,2.771484375,74,-1.02734375,58,0.42333984375,57,0.453857421875
20.2933,68,1.720703125,68,0.457275390625,59,0.231689453125,57,0.453857421875
20.3057,68,1.720703125,68,0.457275390625,59,0.231689453125,55,0.36767578125
20.3148,71,-0.1429443359375,65,0.1285400390625,59,0.231689453125,55,0.36767578125
20.3254,71,-0.1429443359375,65,0.1285400390625,57,0.491943359375,55,0.299072265625
20.3340,67,-0.06951904296875,0,8.453125,57,0.491943359375,55,0.299072265625
20.3453,67,-0.06951904296875,0,8.453125,51,1.224609375,56,0.331298828125
20.3538,6,6.4296875,47,-1.046875,51,1.224609375,56,0.331298828125
20.3651,6,6.4296875,47,-1.046875,47,1.197265625,54,0.274169921875
20.3735,51,-1.052734375,80,1.931640625,47,1.197265625,54,0.274169921875
20.3845,51,-1.052734375,80,1.931640625,52,0.7685546875,52,0.55224609375
20.3932,77,-1.4853515625,79,1.14453125,52,0.7685546875,52,0.55224609375
20.4049,77,-1.4853515625,79,1.14453125,58,0.278564453125,51,0.59130859375
20.4130,75,-0.6875,21,5.11328125,58,0.278564453125,51,0.59130859375
20.4253,75,-0.6875,21,5.11328125,57,0.52880859375,53,0.38134765625
20.4332,13,9.65625,60,-1.490234375,57,0.52880859375,53,0.38134765625
20.4444,13,9.65625,60,-1.490234375,55,0.6416015625,55,0.209716796875
20.4529,38,0.7451171875,73,0.5380859375,55,0.6416015625,55,0.209716796875
20.4655,38,0.7451171875,73,0.5380859375,55,0.654296875,55,0.209716796875
20.4738,74,-1.58203125,68,0.364013671875,55,0.654296875,59,-0.185546875
20.4844,74,-1.58203125,68,0.364013671875,55,0.57373046875,59,-0.185546875
20.4929,72,-0.304443359375,36,2.0,55,0.57373046875,60,-0.1297607421875
20.5040,72,-0.304443359375,36,2.0,55,0.703125,60,-0.1297607421875
20.5126,32,2.939453125,62,-1.03125,55,0.703125,57,0.43408203125
20.5234,32,2.939453125,62,-1.03125,51,0.9482421875,57,0.43408203125
20.5323,60,-0.61669921875,69,-0.583984375,51,0.9482421875,53,0.72705078125
20.5431,60,-0.61669921875,69,-0.583984375,53,0.75,53,0.72705078125
20.5519,68,-0.472412109375,60,0.414794921875,53,0.75,46,1.21484375
20.5634,68,-0.472412109375,60,0.414794921875,53,0.78076171875,46,1.21484375
20.5712,70,0.375244140625,57,0.73095703125,53,0.78076171875,50,0.4462890625
20.5827,70,0.375244140625,57,0.73095703125,56,0.51953125,50,0.4462890625
20.5910,29,4.83984375,26,3.423828125,56,0.51953125,52,0.307373046875
20.6022,29,4.83984375,26,3.423828125,57,0.45556640625,52,0.307373046875
20.6104,31,2.134765625,26,3.423828125,57,0.45556640625,56,0.175537109375
20.6215,31,2.134765625,55,-0.73583984375,57,0.50732421875,56,0.175537109375
20.6302,70,-1.4931640625,74,-1.154296875,57,0.50732421875,59,-0.1416015625
20.6422,70,-1.4931640625,74,-1.154296875,55,0.7548828125,59,-0.1416015625
20.6549,71,-0.34619140625,69,-0.431640625,53,0.79443359375,59,-0.097900390625
20.6677,71,-0.34619140625,69,-0.431640625,53,0.79443359375,56,0.2110595703125
20.6738,71,-0.34619140625,25,5.734375,53,0.79443359375,56,0.2110595703125
20.6848,64,0.60009765625,25,5.734375,51,0.904296875,56,0.2110595703125
20.6934,64,0.60009765625,34,1.646484375,51,0.904296875,54,0.6123046875
20.7044,60,0.466796875,34,1.646484375,53,0.671875,54,0.6123046875
20.7131,60,0.466796875,71,1.60546875,53,0.671875,51,0.7353515625
20.7240,5,5.30078125,71,1.60546875,55,0.56591796875,51,0.7353515625
20.7327,5,5.30078125,71,1.60546875,55,0.56591796875,52,0.4287109375
20.7436,7,4.06640625,70,-0.163818359375,58,0.2919921875,52,0.4287109375
20.7521,7,4.06640625,70,-0.163818359375,58,0.2919921875,52,0.55908203125
20.7665,69,-2.58984375,56,0.8046875,58,0.2919921875,52,0.55908203125
20.7730,69,-2.58984375,56,0.8046875,57,0.350830078125,56,0.1268310546875
20.7845,79,0.912109375,28,2.501953125,57,0.350830078125,56,0.1268310546875
20.7925,79,0.912109375,28,2.501953125,58,0.416748046875,60,-0.24609375
20.8034,71,0.3056640625,67,-1.470703125,53,0.98828125,60,-0.24609375
20.8167,71,0.3056640625,67,-1.470703125,53,0.98828125,58,0.259521484375
20.8245,24,2.73828125,75,0.6044921875,53,0.98828125,58,0.259521484375
20.8353,24,2.73828125,75,0.6044921875,52,0.78271484375,55,0.2034912109375
20.8460,70,-1.595703125,35,4.8203125,52,0.78271484375,55,0.2034912109375
20.8544,70,-1.595703125,35,4.8203125,53,0.7021484375,51,0.80078125
20.8662,78,-1.21484375,32,2.076171875,53,0.7021484375,51,0.80078125
20.8740,78,-1.21484375,32,2.076171875,54,0.72900390625,51,0.583984375
20.8851,73,-0.6142578125,71,-1.8095703125,54,0.72900390625,51,0.583984375
20.8930,73,-0.6142578125,71,-1.8095703125,53,0.74658203125,52,0.443115234375
20.9046,21,5.1875,70,-0.21044921875,53,0.74658203125,52,0.443115234375
20.9136,21,5.1875,70,-0.21044921875,58,0.12127685546875,52,0.443115234375
20.9243,40,0.58251953125,58,0.8359375,58,0.12127685546875,53,0.3681640625
20.9331,40,0.58251953125,58,0.8359375,60,0.28564453125,53,0.3681640625
20.9449,72,-1.1396484375,25,2.552734375,60,0.28564453125,58,-0.188720703125
20.9530,72,-1.1396484375,25,2.552734375,55,1.005859375,60,0.088623046875
20.9617,73,-0.677734375,71,-2.224609375,55,1.005859375,60,0.088623046875
20.9734,73,-0.677734375,71,-2.224609375,52,0.9755859375,60,0.088623046875
20.9848,49,2.201171875,79,-1.4296875,52,0.9755859375,57,0.398681640625
20.9931,49,2.201171875,79,-1.4296875,52,0.87841796875,57,0.398681640625
21.0040,60,-0.6123046875,34,4.9921875,52,0.87841796875,53,0.64208984375
21.0135,60,-0.6123046875,34,4.9921875,56,0.160400390625,53,0.64208984375
21.0230,57,0.6064453125,52,-0.264404296875,56,0.160400390625,49,0.89794921875
21.0315,57,0.6064453125,52,-0.264404296875,55,0.91259765625,49,0.89794921875
21.0442,52,1.0380859375,66,-0.3486328125,55,0.91259765625,52,0.454833984375
21.0511,52,1.0380859375,66,-0.3486328125,53,0.75732421875,52,0.454833984375
21.0645,58,0.289794921875,64,0.280029296875,53,0.75732421875,52,0.61279296875
21.0714,58,0.289794921875,64,0.280029296875,56,0.418701171875,52,0.61279296875
21.0853,59,0.485107421875,59,0.66015625,56,0.418701171875,55,0.194091796875
21.0940,59,0.485107421875,59,0.66015625,60,0.198486328125,55,0.194091796875
21.1050,57,0.6982421875,30,3.890625,60,0.198486328125,60,-0.191650390625
21.1136,57,0.6982421875,30,3.890625,54,0.88037109375,60,-0.191650390625
21.1245,57,0.5849609375,30,3.890625,54,0.88037109375,60,0.09564208984375
21.1336,57,0.5849609375,35,1.328125,52,0.873046875,60,0.09564208984375
21.1444,60,0.33154296875,35,1.328125,52,0.873046875,56,0.488525390625
21.1531,60,0.33154296875,70,-1.2353515625,50,0.94384765625,56,0.488525390625
21.1666,5,5.64453125,70,-1.2353515625,50,0.94384765625,51,0.7958984375
21.1725,5,5.64453125,71,-0.5283203125,57,0.2398681640625,51,0.7958984375
21.1837,5,5.64453125,71,-0.5283203125,57,0.2398681640625,46,1.025390625
21.1939,58,-1.765625,41,2.173828125,56,0.52294921875,46,1.025390625
21.2053,58,-1.765625,41,2.173828125,56,0.52294921875,52,0.291748046875
21.2140,78,-1.701171875,33,2.13671875,56,0.52294921875,52,0.291748046875
21.2249,73,-0.100830078125,33,2.13671875,55,0.66015625,54,0.214111328125
21.2339,73,-0.100830078125,66,-1.48828125,55,0.66015625,54,0.214111328125
21.2445,73,-0.100830078125,66,-1.48828125,60,0.0721435546875,57,0.1568603515625
21.2531,29,2.353515625,68,-0.479248046875,56,0.6767578125,57,0.1568603515625
21.2654,29,2.353515625,68,-0.479248046875,56,0.6767578125,60,-0.17578125
21.2732,68,-1.259765625,64,-0.18408203125,56,0.6767578125,60,-0.17578125
21.2844,68,-1.259765625,64,-0.18408203125,51,0.9384765625,59,0.0509033203125
21.2933,78,1.1845703125,20,6.91796875,51,0.9384765625,59,0.0509033203125
21.3039,78,1.1845703125,20,6.91796875,50,0.83642578125,55,0.325927734375
21.3117,70,-0.0732421875,47,0.1156005859375,50,0.83642578125,55,0.325927734375
21.3254,70,-0.0732421875,47,0.1156005859375,56,0.305419921875,50,0.97998046875
21.3339,45,2.2421875,73,-1.333984375,56,0.305419921875,50,0.97998046875
21.3457,45,2.2421875,73,-1.333984375,55,0.73193359375,50,0.60791015625
21.3532,8,4.22265625,74,-0.931640625,55,0.73193359375,50,0.60791015625
21.3644,8,4.22265625,74,-0.931640625,54,0.736328125,52,0.49462890625
21.3727,65,-1.9990234375,18,5.046875,54,0.736328125,52,0.49462890625
21.3850,65,-1.9990234375,18,5.046875,55,0.54931640625,54,0.4248046875
21.3933,80,1.1669921875,56,-1.3525390625,55,0.54931640625,54,0.4248046875
21.4039,80,1.1669921875,56,-1.3525390625,60,0.06121826171875,54,0.4248046875
21.4136,60,0.6103515625,74,-0.61181640625,60,0.06121826171875,59,-0.246337890625
21.4238,60,0.6103515625,74,-0.61181640625,54,1.1337890625,59,-0.246337890625
21.4333,39,1.330078125,67,0.498291015625,54,1.1337890625,60,0.08062744140625
21.4442,39,1.330078125,67,0.498291015625,51,0.9833984375,57,0.4228515625
21.4522,66,-0.55029296875,67,0.498291015625,51,0.9833984375,57,0.4228515625
21.4633,66,-0.55029296875,54,0.88818359375,52,0.79833984375,53,0.451416015625
21.4718,68,-0.080810546875,54,0.88818359375,52,0.79833984375,53,0.451416015625
21.4837,68,-0.080810546875,53,0.564453125,58,0.040313720703125,53,0.451416015625
21.4914,56,1.271484375,53,0.564453125,58,0.040313720703125,49,0.9111328125
21.5027,56,1.271484375,57,0.142333984375,55,0.7880859375,49,0.9111328125
21.5109,63,0.433349609375,57,0.142333984375,55,0.7880859375,52,0.45703125
21.5222,63,0.433349609375,60,0.3388671875,54,0.7138671875,52,0.45703125
21.5307,0,7.32421875,60,0.3388671875,54,0.7138671875,52,0.70166015625
21.5417,0,7.32421875,57,1.0595703125,55,0.5810546875,52,0.70166015625
21.5509,47,-1.0537109375,57,1.0595703125,55,0.5810546875,56,0.1849365234375
21.5624,47,-1.0537109375,56,0.75439453125,60,0.113525390625,56,0.1849365234375
21.5703,47,-1.0537109375,56,0.75439453125,60,0.113525390625,60,-0.15283203125
21.5824,80,2.0234375,52,0.9208984375,55,0.7373046875,60,-0.15283203125
21.5907,80,2.0234375,52,0.9208984375,55,0.7373046875,59,0.182373046875
21.6029,75,-0.1688232421875,55,0.52392578125,50,1.28125,59,0.182373046875
21.6105,69,-0.0819091796875,55,0.52392578125,50,1.28125,55,0.388427734375
21.6214,69,-0.0819091796875,58,0.437255859375,49,1.0322265625,55,0.388427734375
21.6302,69,-0.0819091796875,58,0.437255859375,49,1.0322265625,53,0.54296875
21.6412,19,6.68359375,57,0.58251953125,57,0.27001953125,53,0.54296875
21.6499,19,6.68359375,57,0.58251953125,57,0.27001953125,51,0.5400390625
21.6637,18,2.16796875,57,0.654296875,56,0.58349609375,53,0.578125
21.6739,72,-2.0546875,54,0.7109375,56,0.58349609375,53,0.578125
21.6839,72,-2.0546875,54,0.7109375,55,0.60009765625,53,0.578125
21.6918,72,-2.0546875,54,0.7109375,55,0.60009765625,52,0.65576171875
21.7031,78,0.66845703125,55,0.25244140625,61,-0.0611572265625,52,0.65576171875
21.7116,78,0.66845703125,55,0.25244140625,61,-0.0611572265625,57,-0.055908203125
21.7224,69,0.380859375,57,0.449462890625,53,1.1474609375,57,-0.055908203125
21.7303,69,0.380859375,57,0.449462890625,53,1.1474609375,60,-0.2479248046875
21.7431,17,3.49609375,57,0.401123046875,51,0.90869140625,60,-0.2479248046875
21.7519,17,3.49609375,57,0.401123046875,51,0.90869140625,58,0.322265625
21.7634,68,-1.7431640625,54,0.6044921875,51,0.91650390625,58,0.322265625
21.7716,68,-1.7431640625,54,0.6044921875,51,0.91650390625,54,0.58544921875
21.7827,76,-0.83251953125,56,0.751953125,51,0.91650390625,54,0.58544921875
21.7910,76,-0.83251953125,56,0.751953125,56,0.2308349609375,49,0.9580078125
21.8022,71,-0.28369140625,58,0.32763671875,56,0.2308349609375,49,0.9580078125
21.8106,71,-0.28369140625,58,0.32763671875,55,0.865234375,51,0.472412109375
21.8232,21,6.8671875,56,0.61474609375,55,0.865234375,51,0.472412109375
21.8344,21,6.8671875,56,0.61474609375,53,0.767578125,52,0.62890625
21.8457,31,1.119140625,55,0.71484375,53,0.767578125,52,0.62890625
21.8556,31,1.119140625,55,0.71484375,57,0.367431640625,53,1.4970703125
21.8656,72,-1.240234375,55,1.1298828125,57,0.367431640625,53,1.4970703125
21.8736,72,-1.240234375,55,1.1298828125,61,0.489013671875,61,0.1064453125
21.8868,76,0.059478759765625,58,0.68603515625,61,0.489013671875,61,0.1064453125
21.8942,76,0.059478759765625,58,0.68603515625,58,0.87158203125,63,-0.1744384765625
21.9042,69,0.60595703125,62,0.1761474609375,58,0.87158203125,63,-0.1744384765625
21.9150,69,0.60595703125,62,0.1761474609375,57,0.86767578125,63,0.25927734375
21.9244,31,2.806640625,65,0.2391357421875,57,0.86767578125,63,0.25927734375
21.9330,31,2.806640625,65,0.2391357421875,63,0.07586669921875,61,0.269775390625
21.9457,67,-0.791015625,63,0.3935546875,63,0.07586669921875,61,0.269775390625
21.9539,67,-0.791015625,63,0.3935546875,60,0.72705078125,60,0.355712890625
21.9636,81,1.0224609375,59,1.140625,60,0.72705078125,60,0.355712890625
21.9736,81,1.0224609375,59,1.140625,59,0.70556640625,59,0.254638671875
21.9873,35,6.92578125,59,0.37890625,59,0.70556640625,59,0.254638671875
21.9940,35,6.92578125,59,0.37890625,61,0.59716796875,59,0.254638671875
22.0038,53,0.36474609375,62,0.427490234375,61,0.59716796875,58,0.456787109375
22.0141,53,0.36474609375,62,0.427490234375,63,0.296142578125,58,0.456787109375
22.0243,53,0.36474609375,61,0.81103515625,63,0.296142578125,58,0.439208984375
22.0315,72,-0.465087890625,61,0.81103515625,59,0.65283203125,60,0.1719970703125
22.0451,71,-0.06463623046875,59,0.7490234375,59,0.65283203125,60,0.1719970703125
22.0536,71,-0.06463623046875,59,0.7490234375,55,1.0986328125,60,0.1719970703125
22.0635,86,3.41015625,61,0.6748046875,55,1.0986328125,59,0.3701171875
22.0737,86,3.41015625,61,0.6748046875,59,0.360107421875,59,0.3701171875
22.0871,86,3.41015625,61,0.6748046875,59,0.360107421875,60,0.333251953125
22.0955,8,10.9765625,62,0.48681640625,60,0.69970703125,60,0.333251953125
22.1067,8,10.9765625,60,0.431396484375,60,0.69970703125,61,0.2022705078125
22.1154,32,1.1513671875,60,0.431396484375,60,0.63818359375,61,0.2022705078125
22.1245,32,1.1513671875,60,0.70703125,60,0.63818359375,60,0.2213134765625
22.1349,78,-1.5517578125,60,0.70703125,62,0.48046875,60,0.2213134765625
22.1473,78,-1.5517578125,60,0.70703125,62,0.48046875,60,0.304443359375
22.1554,89,-1.3544921875,60,0.6611328125,63,0.366943359375,60,0.304443359375
22.1668,89,-1.3544921875,60,0.6611328125,63,0.366943359375,61,0.350830078125
22.1734,40,2.826171875,59,0.77197265625,59,0.76171875,61,0.350830078125
22.1850,40,2.826171875,59,0.77197265625,59,0.76171875,61,0.207275390625
22.1931,31,1.69921875,59,0.8662109375,56,0.9072265625,61,0.207275390625
22.2056,31,1.69921875,59,0.8662109375,56,0.9072265625,58,0.63916015625
22.2144,73,-1.388671875,61,0.44482421875,60,0.43408203125,58,0.63916015625
22.2256,73,-1.388671875,61,0.44482421875,60,0.43408203125,59,0.4228515625
22.2358,83,1.0693359375,63,0.41552734375,60,0.43408203125,59,0.4228515625
22.2447,83,1.0693359375,63,0.41552734375,58,0.796875,60,0.448486328125
22.2532,15,11.75,61,0.77783203125,58,0.796875,60,0.448486328125
22.2670,15,11.75,61,0.77783203125,58,0.74560546875,59,0.359619140625
22.2723,51,-0.2352294921875,60,0.642578125,58,0.74560546875,59,0.359619140625
22.2843,51,-0.2352294921875,60,0.642578125,63,0.41455078125,60,0.400390625
22.2925,76,-1.2119140625,59,0.68017578125,63,0.41455078125,60,0.400390625
22.3047,76,-1.2119140625,59,0.68017578125,63,0.410400390625,64,-0.044158935546875
22.3141,77,-0.13623046875,60,0.69384765625,63,0.410400390625,64,-0.044158935546875
22.3246,77,-0.13623046875,60,0.69384765625,60,0.65673828125,62,0.322998046875
22.3347,68,0.60302734375,60,0.75830078125,60,0.65673828125,62,0.322998046875
22.3457,68,0.60302734375,60,0.75830078125,55,0.99853515625,59,0.386474609375
22.3544,25,3.53125,60,0.51416015625,55,0.99853515625,59,0.386474609375
22.3658,25,3.53125,60,0.51416015625,59,0.3681640625,55,0.92041015625
22.3737,68,-1.1708984375,63,0.479248046875,59,0.3681640625,55,0.92041015625
22.3850,68,-1.1708984375,63,0.479248046875,59,0.640625,57,0.320556640625
22.3933,80,0.9619140625,62,0.76904296875,59,0.640625,57,0.320556640625
22.4062,80,0.9619140625,62,0.76904296875,59,0.67138671875,57,0.6240234375
22.4144,71,0.05340576171875,58,1.0380859375,59,0.67138671875,57,0.6240234375
22.4241,71,0.05340576171875,58,1.0380859375,63,0.369140625,57,0.6240234375
22.4339,50,1.3818359375,60,0.5068359375,63,0.369140625,60,0.2412109375
22.4456,50,1.3818359375,60,0.5068359375,63,0.231689453125,64,-0.12176513671875
22.4540,33,1.32421875,62,0.3583984375,63,0.231689453125,64,-0.12176513671875
22.4652,33,1.32421875,62,0.3583984375,59,0.751953125,64,0.046722412109375
22.4736,76,-1.5791015625,59,1.2158203125,59,0.751953125,64,0.046722412109375
22.4854,76,-1.5791015625,59,1.2158203125,55,1.1259765625,60,0.398681640625
22.4927,85,1.3017578125,59,0.94873046875,55,1.1259765625,60,0.398681640625
22.5045,85,1.3017578125,59,0.94873046875,58,0.5322265625,56,0.85400390625
22.5110,51,2.58203125,61,0.491943359375,58,0.5322265625,56,0.85400390625
22.5242,51,2.58203125,61,0.491943359375,60,0.53173828125,57,0.468505859375
22.5335,64,-0.0994873046875,63,0.5966796875,60,0.53173828125,57,0.468505859375
22.5441,64,-0.0994873046875,63,0.5966796875,60,0.53759765625,57,0.416259765625
22.5537,64,-0.0994873046875,58,0.88525390625,60,0.53759765625,57,0.416259765625
22.5646,69,-0.06866455078125,58,0.88525390625,62,0.381591796875,57,0.416259765625
22.5719,65,0.420654296875,58,0.88525390625,62,0.381591796875,59,0.310791015625
22.5836,65,0.420654296875,59,0.71142578125,63,0.374755859375,63,-0.08740234375
22.5915,65,0.2939453125,63,-0.07379150390625,63,0.374755859375,63,-0.08740234375
22.6046,65,0.2939453125,63,-0.07379150390625,57,0.84619140625,64,0.14404296875
22.6112,57,1.255859375,60,0.7998046875,57,0.84619140625,64,0.14404296875
22.6223,57,1.255859375,60,0.7998046875,55,0.9189453125,64,0.14404296875
22.6309,57,1.255859375,60,0.7998046875,55,0.9189453125,61,0.41015625
22.6436,24,2.0859375,60,0.66455078125,59,0.438232421875,55,0.912109375
22.6534,74,-1.3583984375,60,0.66455078125,59,0.438232421875,55,0.912109375
22.6635,74,-1.3583984375,61,0.64794921875,60,0.63134765625,55,0.912109375
22.6768,85,-1.298828125,63,0.5126953125,60,0.5966796875,55,0.57470703125
22.6853,85,-1.298828125,63,0.5126953125,60,0.5966796875,57,0.410888671875
22.6978,79,-0.131103515625,59,0.5693359375,60,0.5966796875,57,0.410888671875
22.7036,79,-0.131103515625,59,0.5693359375,62,0.448974609375,57,0.410888671875
22.7121,79,-0.131103515625,59,0.5693359375,62,0.448974609375,59,0.371337890625
22.7230,14,4.9765625,58,0.76123046875,61,0.52783203125,59,0.371337890625
22.7333,14,4.9765625,58,0.76123046875,61,0.52783203125,62,0.1143798828125
22.7435,65,-1.7822265625,63,-0.185546875,61,0.52783203125,62,0.1143798828125
22.7531,65,-1.7822265625,63,-0.185546875,60,0.642578125,64,0.244873046875
22.7634,82,-1.4931640625,60,0.9453125,60,0.642578125,64,0.244873046875
22.7725,82,-1.4931640625,60,0.9453125,55,1.09375,62,0.255615234375
22.7829,77,-0.252685546875,60,0.78515625,57,0.7802734375,62,0.255615234375
22.7913,77,-0.252685546875,60,0.78515625,57,0.7802734375,57,0.82763671875
22.8027,24,3.919921875,60,0.6494140625,57,0.7802734375,57,0.82763671875
22.8112,24,3.919921875,60,0.6494140625,60,0.5517578125,56,0.54638671875
22.8225,67,-1.09375,62,0.060333251953125,60,0.5517578125,56,0.54638671875
22.8317,67,-1.09375,62,0.060333251953125,61,0.5322265625,57,0.392822265625
22.8453,81,1.1162109375,58,0.9169921875,62,0.337646484375,57,0.392822265625
22.8548,81,1.1162109375,58,0.9169921875,62,0.337646484375,59,0.41845703125
22.8659,75,-0.198974609375,57,0.84765625,62,0.337646484375,59,0.41845703125
22.8745,75,-0.198974609375,57,0.84765625,62,0.475341796875,63,0.1265869140625
22.8857,14,8.890625,62,-0.02325439453125,62,0.475341796875,63,0.1265869140625
22.8943,14,8.890625,62,-0.02325439453125,59,0.74560546875,63,0.1500244140625
22.9047,45,0.26708984375,62,0.38916015625,59,0.74560546875,63,0.1500244140625
22.9140,45,0.26708984375,62,0.38916015625,56,0.95361328125,60,0.3642578125
22.9247,76,-1.3525390625,59,0.8310546875,56,0.95361328125,60,0.3642578125
22.9333,76,-1.3525390625,59,0.8310546875,57,0.81591796875,56,0.80322265625
22.9457,77,-0.1822509765625,59,0.6337890625,57,0.81591796875,56,0.80322265625
22.9539,77,-0.1822509765625,59,0.6337890625,57,0.81689453125,57,0.439208984375
22.9651,68,0.626953125,61,0.46630859375,57,0.81689453125,57,0.439208984375
22.9735,68,0.626953125,61,0.46630859375,62,0.45654296875,56,0.6962890625
22.9857,21,4.14453125,58,0.8642578125,62,0.45654296875,56,0.6962890625
22.9929,21,4.14453125,58,0.8642578125,62,0.52685546875,60,0.204345703125
23.0053,66,-1.529296875,58,0.7822265625,62,0.52685546875,60,0.204345703125
23.0127,66,-1.529296875,58,0.7822265625,63,0.352783203125,60,0.204345703125
23.0237,81,1.04296875,62,0.194580078125,63,0.352783203125,64,-0.10791015625
23.0324,81,1.04296875,62,0.194580078125,58,0.9267578125,64,-0.10791015625
23.0447,74,-0.1363525390625,60,0.92431640625,58,0.9267578125,63,-0.07818603515625
23.0530,74,-0.1363525390625,60,0.92431640625,57,0.810546875,63,-0.07818603515625
23.0641,26,4.921875,60,0.489990234375,57,0.810546875,60,0.453369140625
23.0727,26,4.921875,60,0.489990234375,58,0.66455078125,60,0.453369140625
23.0859,31,1.3994140625,61,0.43310546875,58,0.66455078125,57,0.640625
23.0940,31,1.3994140625,61,0.43310546875,59,0.7607421875,57,0.640625
23.1054,75,-1.544921875,62,0.4970703125,59,0.7607421875,58,0.409423828125
23.1144,75,-1.544921875,62,0.4970703125,60,0.5810546875,58,0.409423828125
23.1251,82,-0.97705078125,56,1.1123046875,60,0.5810546875,57,0.67041015625
23.1339,82,-0.97705078125,56,1.1123046875,63,0.348876953125,57,0.67041015625
23.1446,31,8.1796875,58,0.740234375,63,0.348876953125,59,0.365966796875
23.1645,31,8.1796875,64,-0.33349609375,63,0.41064453125,64,-0.105712890625
23.1727,57,-0.153076171875,64,-0.33349609375,58,0.880859375,64,-0.105712890625
23.1831,73,-0.61181640625,58,0.95263671875,58,0.880859375,64,0.1246337890625
23.1923,73,-0.61181640625,58,0.95263671875,56,0.9052734375,64,0.1246337890625
23.2047,73,-0.61181640625,57,0.78955078125,56,0.9052734375,60,0.45849609375
23.2135,76,-0.34619140625,57,0.78955078125,61,0.21533203125,60,0.45849609375
23.2238,76,-0.34619140625,57,0.78955078125,61,0.21533203125,54,0.8974609375
23.2302,41,4.3046875,59,0.60693359375,59,0.75390625,54,0.8974609375
23.2435,41,4.3046875,64,-0.1187744140625,59,0.75390625,57,0.465576171875
23.2526,53,0.515625,64,-0.1187744140625,59,0.75390625,57,0.465576171875
23.2624,53,0.515625,59,0.80615234375,59,0.57763671875,57,0.53125
23.2717,68,0.14990234375,59,0.80615234375,59,0.57763671875,57,0.53125
23.2852,68,0.14990234375,59,0.80615234375,64,0.198974609375,59,0.411865234375
23.2912,68,0.260498046875,57,0.8515625,64,0.198974609375,59,0.411865234375
23.3026,68,0.260498046875,57,0.8515625,61,0.65283203125,64,-0.0210723876953125
23.3107,69,0.1427001953125,63,0.2239990234375,61,0.65283203125,64,-0.0210723876953125
23.3220,69,0.1427001953125,63,0.2239990234375,58,0.7939453125,64,-0.057861328125
23.3303,64,0.50390625,59,1.20703125,58,0.7939453125,64,-0.057861328125
23.3430,64,0.50390625,59,1.20703125,56,0.986328125,61,0.21044921875
23.3529,1,3.83984375,59,0.9208984375,56,0.986328125,61,0.21044921875
23.3636,1,3.83984375,59,0.9208984375,61,0.2342529296875,55,0.82421875
23.3721,19,2.705078125,60,0.75732421875,61,0.2342529296875,55,0.82421875
23.3845,19,2.705078125,60,0.75732421875,61,0.6005859375,56,0.62060546875
23.3943,73,-1.470703125,63,0.3251953125,61,0.6005859375,56,0.62060546875
23.4040,73,-1.470703125,63,0.3251953125,59,0.728515625,56,0.62060546875
23.4126,86,-1.2373046875,58,0.947265625,59,0.728515625,58,0.392333984375
23.4240,86,-1.2373046875,58,0.947265625,64,0.1026611328125,59,0.339599609375
23.4327,78,-0.26806640625,56,1.0205078125,64,0.1026611328125,59,0.339599609375
23.4428,78,-0.26806640625,56,1.0205078125,60,0.90234375,63,-0.01593017578125
23.4526,9,8.1171875,61,-0.10540771484375,60,0.90234375,63,-0.01593017578125
23.4633,9,8.1171875,61,-0.10540771484375,57,0.857421875,63,-0.01593017578125
23.4719,51,-0.56982421875,62,0.241943359375,57,0.857421875,64,-0.0860595703125
23.4830,51,-0.56982421875,62,0.241943359375,55,0.9638671875,64,-0.0860595703125
23.4911,83,1.8330078125,59,1.05078125,55,0.9638671875,61,0.29736328125
23.5021,83,1.8330078125,59,1.05078125,62,0.08453369140625,61,0.29736328125
23.5109,82,1.052734375,58,0.9130859375,62,0.08453369140625,56,0.8740234375
23.5219,82,1.052734375,58,0.9130859375,59,0.80712890625,56,0.8740234375
23.5304,11,7.40234375,61,0.63671875,59,0.80712890625,57,0.48828125
23.5416,11,7.40234375,61,0.63671875,60,0.390869140625,57,0.48828125
23.5508,60,-1.4423828125,60,0.759765625,60,0.390869140625,58,0.382568359375
23.5624,60,-1.4423828125,60,0.759765625,65,0.099609375,58,0.382568359375
23.5716,82,1.4951171875,56,0.96826171875,65,0.099609375,60,0.1878662109375
23.5832,82,1.4951171875,56,0.96826171875,60,0.9248046875,60,0.1878662109375
23.5917,81,-0.81201171875,60,0.495361328125,60,0.9248046875,64,-0.1529541015625
23.6045,81,-0.81201171875,60,0.495361328125,58,0.89306640625,64,-0.1529541015625
23.6122,81,-0.81201171875,62,0.379150390625,58,0.89306640625,64,0.21337890625
23.6225,18,4.88671875,62,0.379150390625,57,0.8603515625,64,0.21337890625
23.6276,64,-1.16796875,60,0.7578125,57,0.8603515625,60,0.478271484375
23.6420,64,-1.16796875,60,0.7578125,62,0.39599609375,60,0.478271484375
23.6534,82,1.36328125,60,0.6123046875,62,0.39599609375,56,0.8681640625
23.6629,82,1.36328125,60,0.6123046875,59,0.68115234375,56,0.8681640625
23.6710,82,1.36328125,59,0.919921875,59,0.68115234375,57,0.499267578125
23.6861,38,5.70703125,60,0.4541015625,59,0.6240234375,57,0.5830078125
23.7012,38,5.70703125,60,0.4541015625,65,0.10546875,57,0.5830078125
23.7041,38,5.70703125,60,0.4541015625,65,0.10546875,60,0.2281494140625
23.7168,53,0.383544921875,59,0.68505859375,65,0.10546875,60,0.2281494140625
23.7241,53,0.383544921875,59,0.68505859375,62,0.79736328125,64,-0.1043701171875
23.7369,69,-0.3212890625,60,0.90234375,62,0.79736328125,64,-0.1043701171875
23.7453,69,-0.3212890625,60,0.90234375,60,0.5595703125,63,0.1580810546875
23.7562,69,0.399169921875,61,0.76513671875,60,0.5595703125,63,0.1580810546875
23.7649,69,0.399169921875,61,0.76513671875,55,1.033203125,63,0.1580810546875
23.7758,70,0.115234375,61,0.4873046875,55,1.033203125,60,0.337158203125
23.7831,70,0.115234375,61,0.4873046875,61,0.2734375,60,0.337158203125
23.7940,3,6.3671875,60,0.787109375,61,0.2734375,57,0.7109375
23.8027,3,6.3671875,60,0.787109375,60,0.771484375,57,0.7109375
23.8155,62,-2.044921875,58,1.037109375,60,0.771484375,57,0.48583984375
23.8236,62,-2.044921875,58,1.037109375,60,0.54150390625,57,0.48583984375
23.8354,87,1.9921875,60,0.7744140625,60,0.54150390625,57,0.4697265625
23.8446,87,1.9921875,60,0.7744140625,66,-0.0848388671875,57,0.4697265625
23.8584,84,0.77685546875,60,0.59521484375,66,-0.0848388671875,60,0.389404296875
23.8659,84,0.77685546875,60,0.59521484375,60,0.99951171875,60,0.389404296875
23.8784,23,7.5703125,58,1.134765625,60,0.99951171875,64,-0.1044921875
23.8853,23,7.5703125,58,1.134765625,58,0.75048828125,64,-0.1044921875
23.8980,34,1.10546875,61,0.458251953125,58,0.75048828125,63,0.1566162109375
23.9050,34,1.10546875,61,0.458251953125,56,0.931640625,63,0.1566162109375
23.9176,77,-1.5322265625,62,0.45556640625,56,0.931640625,60,0.43701171875
23.9243,77,-1.5322265625,62,0.45556640625,59,0.404052734375,60,0.43701171875
23.9342,83,1.017578125,60,0.92041015625,59,0.404052734375,55,0.927734375
23.9462,83,1.017578125,60,0.92041015625,58,0.845703125,55,0.927734375
23.9547,11,10.578125,58,1.1015625,58,0.845703125,57,0.470703125
23.9659,11,10.578125,58,1.1015625,60,0.443359375,57,0.470703125
23.9768,47,0.1632080078125,59,0.85693359375,60,0.443359375,57,0.426513671875
23.9855,47,0.1632080078125,59,0.85693359375,65,0.06854248046875,57,0.426513671875
23.9993,77,-1.4423828125,61,0.77783203125,65,0.06854248046875,58,0.476318359375
24.0049,77,-1.4423828125,61,0.77783203125,60,0.9814453125,58,0.476318359375
24.0173,82,-0.919921875,58,0.560546875,60,0.9814453125,64,-0.1314697265625
24.0244,82,-0.919921875,58,0.560546875,58,0.763671875,64,-0.1314697265625
24.0362,82,-0.919921875,61,0.51416015625,58,0.763671875,64,0.10589599609375
24.0450,16,10.640625,61,0.51416015625,55,1.0068359375,64,0.10589599609375
24.0536,16,10.640625,62,0.4951171875,55,1.0068359375,60,0.443115234375
24.0646,53,-0.48291015625,62,0.4951171875,61,0.236328125,60,0.443115234375
24.0771,53,-0.48291015625,59,0.84423828125,61,0.236328125,54,1.01171875
24.0859,77,-1.0185546875,59,0.84423828125,60,0.65673828125,54,1.01171875
24.0969,77,-0.440185546875,58,1.138671875,60,0.65673828125,57,0.421875
24.1053,77,-0.440185546875,58,1.138671875,59,0.63232421875,57,0.421875
24.1167,77,-0.440185546875,58,1.138671875,59,0.63232421875,57,0.2666015625
24.1270,66,0.76220703125,60,0.6650390625,64,0.1644287109375,57,0.2666015625
24.1342,66,0.76220703125,60,0.6650390625,64,0.1644287109375,60,0.31298828125
24.1454,33,2.373046875,62,0.37109375,61,0.86279296875,60,0.31298828125
24.1582,33,2.373046875,60,0.58349609375,61,0.86279296875,63,-0.2362060546875
24.1653,71,-1.1376953125,60,0.58349609375,59,0.73046875,63,-0.2362060546875
24.1761,71,-1.1376953125,60,0.37744140625,59,0.73046875,64,0.0235137939453125
24.1872,78,-0.64404296875,60,0.37744140625,54,1.0302734375,64,0.0235137939453125
24.1968,78,-0.64404296875,61,0.63623046875,54,1.0302734375,61,0.341552734375
24.2084,69,0.201171875,61,0.63623046875,54,1.0302734375,61,0.341552734375
24.2174,69,0.201171875,61,0.63623046875,61,1.0458984375,61,0.341552734375
24.2279,62,1.591796875,61,1.359375,61,1.0458984375,58,1.1240234375
24.2373,62,1.591796875,67,0.158935546875,63,0.89892578125,58,1.1240234375
24.2476,62,1.15234375,67,0.158935546875,63,0.89892578125,63,0.468505859375
24.2565,62,1.15234375,73,0.1815185546875,69,0.315185546875,63,0.468505859375
24.2673,73,-0.0880126953125,73,0.1815185546875,69,0.315185546875,67,0.1942138671875
24.2761,73,-0.0880126953125,73,0.1815185546875,70,0.488525390625,67,0.1942138671875
24.2873,72,0.46630859375,69,0.609375,70,0.488525390625,70,0.173095703125
24.2933,72,0.46630859375,69,0.609375,70,0.34619140625,70,0.173095703125
24.3063,72,0.40576171875,66,0.8623046875,70,0.34619140625,69,0.341064453125
24.3156,72,0.40576171875,66,0.8623046875,66,0.7353515625,69,0.341064453125
24.3239,64,1.4814453125,67,0.5673828125,66,0.7353515625,69,0.1571044921875
24.3361,64,1.4814453125,67,0.5673828125,65,0.80615234375,69,0.1571044921875
24.3438,59,1.408203125,67,0.66259765625,65,0.80615234375,71,0.2337646484375
24.3539,59,1.408203125,67,0.66259765625,62,1.1708984375,71,0.2337646484375
24.3654,66,0.61376953125,68,0.58837890625,62,1.1708984375,69,0.49609375
24.3739,66,0.61376953125,68,0.58837890625,65,0.4267578125,69,0.49609375
24.3869,74,0.1573486328125,68,0.689453125,65,0.4267578125,66,0.64306640625
24.3954,74,0.1573486328125,68,0.689453125,72,0.057403564453125,66,0.64306640625
24.4057,72,0.499755859375,67,0.64990234375,72,0.057403564453125,66,0.410400390625
24.4141,72,0.499755859375,67,0.64990234375,72,0.33154296875,66,0.410400390625
24.4249,73,0.1435546875,67,0.468017578125,72,0.33154296875,66,0.499267578125
24.4350,73,0.1435546875,67,0.468017578125,66,0.85009765625,66,0.499267578125
24.4447,73,0.1435546875,69,0.55712890625,66,0.85009765625,66,0.4130859375
24.4562,66,1.3681640625,69,0.55712890625,65,0.75634765625,66,0.4130859375
24.4642,66,1.3681640625,69,0.363525390625,65,0.75634765625,68,0.2388916015625
24.4750,61,1.244140625,69,0.363525390625,65,0.75634765625,68,0.2388916015625
24.4872,65,0.83447265625,66,0.7578125,64,0.99365234375,67,0.4541015625
24.4942,65,0.83447265625,66,0.7578125,65,0.72216796875,67,0.4541015625
24.5063,65,0.83447265625,65,0.806640625,65,0.72216796875,66,0.63916015625
24.5174,73,0.5849609375,65,0.806640625,72,0.458251953125,66,0.63916015625
24.5257,73,0.5849609375,68,0.62255859375,72,0.458251953125,71,0.25732421875
24.5381,73,0.398193359375,68,0.62255859375,72,0.458251953125,71,0.25732421875
24.5470,73,0.398193359375,72,0.634765625,73,0.81494140625,73,0.294189453125
24.5576,77,0.278564453125,72,0.634765625,73,0.81494140625,73,0.294189453125
24.5660,77,0.278564453125,74,0.3330078125,70,0.8486328125,73,0.286376953125
24.5746,74,0.72412109375,74,0.3330078125,73,0.41943359375,73,0.286376953125
24.5858,74,0.72412109375,76,0.4267578125,73,0.41943359375,73,0.230712890625
24.5970,70,1.068359375,76,0.4267578125,70,0.82568359375,73,0.230712890625
24.6056,70,1.068359375,72,0.9140625,70,0.82568359375,72,0.53857421875
24.6137,75,0.302490234375,72,0.9140625,72,0.6064453125,72,0.53857421875
24.6248,75,0.302490234375,70,0.7900390625,72,0.6064453125,72,0.53857421875
24.6367,75,0.456787109375,70,0.7900390625,76,0.310302734375,71,0.33251953125
24.6449,75,0.456787109375,74,-0.09332275390625,76,0.310302734375,71,0.33251953125
24.6566,73,0.70849609375,74,-0.09332275390625,76,0.310302734375,73,0.27880859375
24.6644,73,0.70849609375,72,0.50634765625,73,0.623046875,73,0.27880859375
24.6764,78,0.1163330078125,72,0.50634765625,73,0.623046875,73,0.11956787109375
24.6849,78,0.1163330078125,72,0.283203125,69,0.833984375,71,0.1385498046875
24.6999,72,0.64013671875,72,0.283203125,69,0.833984375,71,0.1385498046875
24.7118,67,1.3349609375,74,0.86669921875,72,0.421142578125,70,0.68017578125
24.7195,67,1.3349609375,74,0.86669921875,69,0.93798828125,70,0.68017578125
24.7272,67,1.3349609375,69,0.69970703125,69,0.93798828125,70,0.68017578125
24.7393,74,0.279052734375,69,0.69970703125,69,0.93798828125,72,0.22998046875
24.7479,74,0.279052734375,69,0.69970703125,70,0.74951171875,72,0.22998046875
24.7589,73,0.424560546875,70,0.26708984375,70,0.74951171875,71,0.109375
24.7684,73,0.424560546875,70,0.26708984375,74,0.5751953125,71,0.109375
24.7793,73,0.424560546875,75,0.050994873046875,74,0.5751953125,73,0.1788330078125
24.7882,76,0.3671875,75,0.050994873046875,74,0.486572265625,73,0.1788330078125
24.7990,71,0.93505859375,72,0.32421875,74,0.486572265625,71,0.308349609375
24.8090,71,0.93505859375,72,0.32421875,69,0.6728515625,71,0.308349609375
24.8176,69,1.138671875,71,0.70458984375,69,0.6728515625,69,0.5205078125
24.8293,69,1.138671875,71,0.70458984375,68,1.037109375,69,0.5205078125
24.8403,66,1.38671875,71,0.57275390625,68,1.037109375,70,0.252685546875
24.8499,66,1.38671875,71,0.57275390625,69,0.89794921875,70,0.252685546875
24.8622,66,1.38671875,69,0.814453125,69,0.89794921875,71,0.5205078125
24.8723,74,0.6591796875,69,0.814453125,71,0.64501953125,71,0.5205078125
24.8833,74,0.6591796875,69,0.79833984375,71,0.64501953125,73,0.2998046875
24.8897,74,0.6728515625,69,0.79833984375,75,0.43115234375,73,0.2998046875
24.9001,74,0.6728515625,75,0.69775390625,75,0.43115234375,73,0.435302734375
24.9086,78,0.08929443359375,75,0.69775390625,72,0.677734375,73,0.435302734375
24.9201,78,0.08929443359375,74,0.430908203125,72,0.677734375,71,0.467041015625
24.9282,73,0.8017578125,74,0.430908203125,71,0.705078125,71,0.467041015625
24.9396,73,0.8017578125,73,0.63232421875,71,0.705078125,71,0.467041015625
24.9479,67,1.533203125,73,0.63232421875,69,0.8974609375,72,0.370849609375
24.9592,67,1.533203125,72,0.6484375,69,0.8974609375,72,0.370849609375
24.9698,73,0.057861328125,72,0.6484375,71,0.405029296875,72,0.3193359375
24.9808,73,0.057861328125,70,0.63037109375,71,0.405029296875,69,0.4140625
24.9897,76,0.1612548828125,70,0.63037109375,72,1.1396484375,69,0.4140625
25.0005,76,0.1612548828125,70,0.77587890625,72,1.1396484375,69,0.4140625
25.0097,71,1.0087890625,70,0.77587890625,73,0.71044921875,73,0.27294921875
25.0213,71,1.0087890625,71,0.775390625,73,0.71044921875,73,0.27294921875
25.0293,76,0.046295166015625,71,0.775390625,71,0.68310546875,72,0.42529296875
25.0418,76,0.046295166015625,73,0.6923828125,71,0.68310546875,72,0.42529296875
25.0509,74,0.6640625,73,0.6923828125,70,0.8623046875,72,0.464599609375
25.0620,74,0.6640625,76,-0.16552734375,70,0.8623046875,73,0.293701171875
25.0710,67,1.240234375,76,-0.16552734375,70,0.85009765625,73,0.293701171875
25.0834,67,1.240234375,72,1.11328125,70,0.85009765625,73,0.293701171875
25.0923,75,0.29248046875,72,1.11328125,71,0.55517578125,72,0.34228515625
25.1030,75,0.29248046875,71,0.77490234375,71,0.55517578125,72,0.34228515625
25.1118,76,0.4375,71,0.77490234375,71,0.55517578125,71,0.50244140625
25.1220,76,0.4375,74,-0.1572265625,76,0.265869140625,71,0.50244140625
25.1307,73,0.7626953125,74,-0.1572265625,74,0.62060546875,74,0.2119140625
25.1419,73,0.7626953125,70,0.99365234375,74,0.62060546875,74,0.2119140625
25.1512,76,0.442138671875,70,0.99365234375,71,0.8818359375,72,0.478271484375
25.1612,76,0.442138671875,71,0.5341796875,71,0.8818359375,72,0.478271484375
25.1700,71,0.916015625,71,0.5341796875,71,0.8818359375,72,0.377685546875
25.1818,71,0.916015625,71,0.5341796875,72,0.51708984375,72,0.377685546875
25.1909,66,1.1865234375,76,0.1455078125,72,0.51708984375,73,0.23046875
25.2024,66,1.1865234375,72,0.69091796875,69,1.0361328125,73,0.23046875
25.2129,76,0.2347412109375,72,0.69091796875,69,1.0361328125,72,0.2388916015625
25.2232,76,0.2347412109375,70,0.505859375,71,0.471923828125,72,0.2388916015625
25.2314,75,0.497802734375,70,0.505859375,71,0.471923828125,71,0.27099609375
25.2379,75,0.497802734375,73,0.450439453125,76,0.07525634765625,71,0.27099609375
25.2489,73,0.87890625,73,0.450439453125,76,0.07525634765625,74,0.214599609375
25.2573,73,0.87890625,73,0.450439453125,72,0.6552734375,74,0.214599609375
25.2699,72,0.888671875,69,0.78662109375,72,0.6552734375,72,0.533203125
25.2783,72,0.888671875,70,0.634765625,69,0.8955078125,72,0.533203125
25.2896,69,1.0546875,70,0.634765625,69,0.8955078125,71,0.556640625
25.2992,69,1.0546875,77,0.193359375,73,0.5634765625,71,0.556640625
25.3100,72,0.7021484375,77,0.193359375,73,0.5634765625,72,0.2379150390625
25.3219,72,0.7021484375,77,0.193359375,70,0.8466796875,72,0.2379150390625
25.3295,76,0.328857421875,73,0.75048828125,70,0.8466796875,72,0.30859375
25.3384,76,0.328857421875,73,0.75048828125,71,0.7255859375,72,0.30859375
25.3502,76,0.328857421875,69,0.95263671875,71,0.7255859375,72,0.30908203125
25.3602,75,0.53173828125,69,0.95263671875,75,-0.0309295654296875,72,0.30908203125
25.3711,75,0.53173828125,74,-0.4521484375,75,-0.0309295654296875,72,0.09716796875
25.3789,76,0.268798828125,74,-0.4521484375,72,0.86572265625,72,0.09716796875
25.3931,69,1.107421875,72,0.806640625,72,0.86572265625,71,0.55615234375
25.3996,69,1.107421875,72,0.806640625,68,0.5439453125,71,0.55615234375
25.4107,69,1.107421875,69,0.57421875,68,0.5439453125,70,0.311279296875
25.4193,67,0.76953125,69,0.57421875,73,0.344482421875,70,0.311279296875
25.4313,67,0.76953125,72,0.0860595703125,73,0.344482421875,70,0.7177734375
25.4397,72,0.51025390625,72,0.0860595703125,66,1.228515625,70,0.7177734375
25.4532,72,0.51025390625,70,0.57275390625,66,1.228515625,70,0.476806640625
25.4595,73,0.5712890625,70,0.57275390625,71,0.5869140625,70,0.476806640625
25.4707,73,0.5712890625,68,0.9912109375,71,0.5869140625,73,0.2130126953125
25.4852,73,0.6328125,73,0.17578125,75,0.564453125,73,0.2130126953125
25.4901,73,0.6328125,73,0.17578125,75,0.564453125,73,0.2890625
25.4987,78,0.1724853515625,73,0.17578125,73,0.64404296875,73,0.2890625
25.5095,78,0.1724853515625,74,0.358154296875,73,0.64404296875,71,0.50830078125
25.5184,72,0.8486328125,74,0.358154296875,74,0.429931640625,71,0.50830078125
25.5292,72,0.8486328125,73,0.5302734375,74,0.429931640625,72,0.29833984375
25.5441,67,1.216796875,73,0.5302734375,71,0.90478515625,72,0.29833984375
25.5488,67,1.216796875,72,0.2408447265625,71,0.90478515625,72,0.445068359375
25.5635,75,0.204833984375,72,0.2408447265625,71,0.90478515625,72,0.445068359375
25.5707,75,0.204833984375,73,0.67529296875,66,1.1689453125,71,0.343017578125
25.5774,74,0.66015625,73,0.67529296875,73,0.40283203125,71,0.343017578125
25.5899,74,0.66015625,71,0.6591796875,73,0.40283203125,74,0.11590576171875
25.6056,75,0.529296875,71,0.6591796875,76,0.48974609375,74,0.11590576171875
25.6093,75,0.529296875,71,0.88720703125,76,0.48974609375,73,0.47802734375
25.6230,74,0.82080078125,71,0.88720703125,76,0.48974609375,73,0.47802734375
25.6316,74,0.82080078125,73,0.45068359375,71,0.86376953125,73,0.47802734375
25.6393,70,0.94091796875,73,0.45068359375,71,0.86376953125,72,0.420654296875
25.6495,70,0.94091796875,74,0.6103515625,74,0.266357421875,73,0.19921875
25.6606,67,1.201171875,74,0.6103515625,74,0.266357421875,73,0.19921875
25.6697,67,1.201171875,71,0.37646484375,71,1.07421875,72,0.314697265625
25.6776,76,0.1112060546875,71,0.37646484375,71,1.07421875,72,0.314697265625
25.6926,76,0.1112060546875,72,0.51171875,69,0.8271484375,71,0.4697265625
25.6971,75,0.65283203125,72,0.51171875,69,0.8271484375,71,0.4697265625
25.7083,75,0.65283203125,72,0.7939453125,77,-0.030364990234375,71,0.4697265625
25.7221,75,0.65283203125,72,0.7939453125,77,-0.030364990234375,74,0.1505126953125
25.7320,76,0.32958984375,70,0.9736328125,74,0.65087890625,73,0.437255859375
25.7424,73,0.7275390625,70,0.9736328125,74,0.65087890625,73,0.437255859375
25.7495,73,0.7275390625,74,0.419921875,71,0.76953125,73,0.437255859375
25.7591,67,1.451171875,74,0.419921875,71,0.76953125,71,0.5263671875
25.7719,67,1.451171875,74,0.419921875,73,0.5390625,71,0.5263671875
25.7790,70,0.63720703125,72,0.9921875,73,0.5390625,72,0.31689453125
25.7910,70,0.63720703125,72,0.9921875,68,1.1279296875,72,0.31689453125
25.8023,70,0.63720703125,72,0.66796875,68,1.1279296875,72,0.39794921875
25.8105,77,0.11859130859375,72,0.66796875,70,0.587890625,72,0.39794921875
25.8211,75,0.5126953125,72,0.69921875,70,0.587890625,71,0.45068359375
25.8294,75,0.5126953125,72,0.69921875,77,0.019989013671875,71,0.45068359375
25.8405,75,0.5126953125,71,0.66357421875,77,0.019989013671875,72,0.32470703125
25.8489,76,0.3154296875,71,0.66357421875,75,0.49267578125,72,0.32470703125
25.8605,76,0.3154296875,73,0.4140625,75,0.49267578125,73,0.28955078125
25.8692,72,0.9150390625,73,0.4140625,70,0.8505859375,73,0.28955078125
25.8830,72,0.9150390625,74,0.377197265625,70,0.8505859375,72,0.310791015625
25.8927,68,1.197265625,74,0.377197265625,70,0.8505859375,72,0.310791015625
25.9063,68,1.197265625,72,0.431396484375,74,0.5068359375,73,0.288330078125
25.9190,72,-0.084228515625,72,0.315673828125,70,0.6748046875,70,0.3759765625
25.9281,75,0.7060546875,72,0.315673828125,70,0.6748046875,70,0.3759765625
25.9393,75,0.7060546875,70,0.8486328125,68,0.9501953125,71,0.345703125
25.9477,73,0.7666015625,70,0.8486328125,68,0.9501953125,71,0.345703125
25.9587,73,0.7666015625,71,0.2017822265625,75,-0.02874755859375,72,0.16845703125
25.9683,75,0.52978515625,71,0.2017822265625,75,-0.02874755859375,72,0.16845703125
25.9793,75,0.52978515625,72,0.6640625,73,0.2271728515625,72,0.16845703125
25.9901,70,1.15234375,72,0.6640625,68,1.0390625,71,0.4990234375
25.9988,70,1.15234375,72,0.67041015625,68,1.0390625,71,0.4990234375
26.0085,67,1.1396484375,72,0.67041015625,68,1.0390625,71,0.419921875
26.0196,67,1.1396484375,71,0.69384765625,74,0.41259765625,71,-0.10931396484375
26.0296,72,-0.0161285400390625,71,0.69384765625,71,0.62939453125,71,-0.10931396484375
26.0408,72,-0.0161285400390625,72,0.533203125,71,0.62939453125,69,1.0078125
26.0490,76,0.454833984375,72,0.533203125,70,0.40185546875,69,1.0078125
26.0596,76,0.454833984375,71,0.456787109375,70,0.40185546875,70,0.69287109375
26.0683,73,0.8427734375,71,0.456787109375,74,0.4716796875,70,0.69287109375
26.0815,73,0.8427734375,69,0.79052734375,74,0.4716796875,70,0.69287109375
26.0916,75,0.474853515625,69,0.79052734375,70,0.0640869140625,73,0.36962890625
26.1019,75,0.474853515625,72,0.11065673828125,70,0.0640869140625,73,0.36962890625
26.1119,69,0.61962890625,72,0.11065673828125,70,0.0640869140625,70,0.2369384765625
26.1225,69,0.61962890625,72,0.22021484375,67,0.72021484375,69,0.242919921875
26.1313,62,1.2109375,72,0.22021484375,67,0.72021484375,69,0.242919921875
26.1438,62,1.2109375,66,0.65771484375,68,0.60986328125,69,0.242919921875
26.1522,67,0.282958984375,66,0.65771484375,68,0.60986328125,67,0.490966796875
26.1617,67,0.282958984375,65,0.98876953125,63,1.0654296875,67,0.490966796875
26.1703,72,0.31396484375,65,0.98876953125,63,1.0654296875,65,0.73291015625
26.1786,72,0.31396484375,67,0.53369140625,65,0.5341796875,65,0.73291015625
26.1901,69,0.677734375,67,0.53369140625,65,0.5341796875,65,0.46923828125
26.2010,69,0.677734375,67,0.53369140625,71,0.0625,65,0.46923828125
26.2096,71,0.1519775390625,68,0.36962890625,71,0.0625,68,0.1634521484375
26.2174,71,0.1519775390625,66,0.53125,70,0.5576171875,68,0.1634521484375
26.2300,65,1.017578125,66,0.53125,70,0.5576171875,66,0.56640625
26.2403,65,1.017578125,68,0.57666015625,65,1.01171875,66,0.56640625
26.2481,62,1.2021484375,68,0.57666015625,65,1.01171875,67,0.30419921875
26.2607,62,1.2021484375,68,0.57666015625,66,0.5712890625,67,0.30419921875
26.2694,68,0.2110595703125,69,0.44482421875,66,0.5712890625,69,0.275146484375
26.2803,68,0.2110595703125,69,0.44482421875,65,0.8798828125,69,0.275146484375
26.2891,68,0.2110595703125,66,0.85595703125,65,0.8798828125,69,0.42578125
26.2973,72,0.2037353515625,66,0.82080078125,65,0.72314453125,69,0.42578125
26.3085,72,0.2037353515625,66,0.82080078125,65,0.72314453125,66,0.65185546875
26.3222,70,0.515625,66,0.82080078125,71,0.0723876953125,66,0.65185546875
26.3281,70,0.515625,67,0.57470703125,71,0.0723876953125,67,0.324951171875
26.3393,70,0.29150390625,67,0.57470703125,69,0.6669921875,67,0.324951171875
26.3477,70,0.29150390625,67,0.53076171875,69,0.6669921875,67,0.40234375
26.3588,66,1.0537109375,67,0.53076171875,65,0.94482421875,67,0.40234375
26.3683,66,1.0537109375,67,0.86083984375,65,0.94482421875,66,0.43310546875
26.3815,62,1.18359375,70,0.346435546875,64,0.880859375,66,0.43310546875
26.3899,62,1.18359375,70,0.346435546875,64,0.880859375,67,0.236328125
26.3963,66,0.6376953125,70,0.346435546875,65,-0.12298583984375,67,0.236328125
26.4091,66,0.6376953125,66,0.41845703125,65,-0.12298583984375,64,0.04144287109375
26.4201,65,0.336181640625,66,0.41845703125,61,0.56201171875,64,0.04144287109375
26.4271,65,0.336181640625,56,0.96728515625,61,0.56201171875,60,0.27197265625
26.4405,64,0.315673828125,56,0.96728515625,57,0.89599609375,60,0.27197265625
26.4483,64,0.315673828125,54,1.166015625,57,0.89599609375,60,0.27197265625
26.4555,56,1.080078125,54,1.166015625,59,0.6552734375,58,0.393310546875
26.4680,56,1.080078125,58,0.3125,59,0.6552734375,58,0.393310546875
26.4789,58,0.6806640625,58,0.3125,59,0.6552734375,57,0.537109375
26.4862,58,0.6806640625,62,0.2315673828125,59,0.69873046875,59,0.22509765625
26.4989,61,0.6123046875,62,0.2315673828125,59,0.69873046875,59,0.22509765625
26.5084,61,0.6123046875,60,0.90185546875,57,0.90576171875,57,0.65869140625
26.5146,58,0.7939453125,60,0.90185546875,57,0.78125,57,0.65869140625
26.5277,58,0.7939453125,59,0.7451171875,57,0.78125,57,0.65869140625
26.5401,58,0.7783203125,59,0.7451171875,57,0.78125,57,0.48388671875
26.5484,58,0.7783203125,61,0.290283203125,61,0.465087890625,57,0.48388671875
26.5590,61,0.75,61,0.290283203125,61,0.465087890625,59,0.33984375
26.5688,61,0.75,57,0.49951171875,60,0.70458984375,59,0.33984375
26.5788,60,0.662109375,57,0.49951171875,60,0.70458984375,60,0.41796875
26.5870,60,0.662109375,58,0.62841796875,59,0.60205078125,60,0.41796875
26.5978,60,0.7353515625,58,0.62841796875,59,0.60205078125,60,0.19873046875
26.6065,60,0.7353515625,63,-0.189208984375,61,0.467041015625,60,0.19873046875
26.6175,65,0.07940673828125,63,-0.189208984375,61,0.467041015625,63,0.177978515625
26.6263,65,0.07940673828125,60,1.16015625,62,0.459716796875,62,0.262451171875
26.6376,56,1.2060546875,60,1.16015625,62,0.459716796875,62,0.262451171875
26.6458,56,1.2060546875,58,0.69189453125,60,0.6103515625,62,0.262451171875
26.6566,53,1.1708984375,58,0.69189453125,56,0.89453125,60,0.2342529296875
26.6672,53,1.1708984375,58,0.64013671875,56,0.89453125,60,0.2342529296875
26.6794,60,0.38916015625,58,0.64013671875,57,0.83984375,55,0.8349609375
26.6870,60,0.38916015625,61,0.6943359375,57,0.83984375,55,0.8349609375
26.6977,62,0.65478515625,61,0.6943359375,57,0.83984375,55,0.58642578125
26.7065,62,0.65478515625,61,0.6943359375,60,0.37890625,55,0.58642578125
26.7175,62,0.65478515625,60,0.564453125,60,0.37890625,57,0.513671875
26.7259,62,0.459716796875,57,0.91259765625,61,0.464599609375,57,0.513671875
26.7380,62,0.459716796875,57,0.91259765625,61,0.464599609375,59,0.26171875
26.7461,59,0.78466796875,60,0.2479248046875,62,0.50390625,59,0.26171875
26.7570,59,0.78466796875,60,0.2479248046875,62,0.50390625,63,0.06329345703125
26.7683,64,0.1666259765625,60,0.2479248046875,62,0.496337890625,63,0.06329345703125
26.7770,55,1.1923828125,60,1.0390625,62,0.496337890625,63,0.007053375244140625
26.7853,55,1.1923828125,60,0.80517578125,59,0.6884765625,63,0.007053375244140625
26.7964,52,1.3037109375,60,0.80517578125,59,0.6884765625,61,0.400390625
26.8056,52,1.3037109375,59,0.77001953125,56,0.91455078125,61,0.400390625
26.8165,52,1.3037109375,59,0.77001953125,56,0.91455078125,57,0.732421875
26.8250,58,0.45703125,59,0.77001953125,56,0.87890625,57,0.732421875
26.8362,58,0.45703125,62,0.1986083984375,56,0.87890625,57,0.732421875
26.8464,65,0.1749267578125,62,0.1986083984375,59,0.46923828125,56,0.62255859375
26.8565,65,0.1749267578125,58,0.79150390625,59,0.46923828125,56,0.63037109375
26.8647,61,0.9111328125,57,0.94189453125,63,0.10687255859375,56,0.63037109375
26.8767,61,0.9111328125,57,0.94189453125,63,0.10687255859375,59,0.1976318359375
26.8882,58,0.82666015625,57,0.94189453125,63,0.4658203125,59,0.1976318359375
26.8996,58,0.82666015625,60,0.245849609375,63,0.4658203125,63,-0.2471923828125
26.9077,63,0.246826171875,60,0.245849609375,60,0.76611328125,63,-0.2471923828125
26.9187,63,0.246826171875,60,0.7978515625,60,0.76611328125,64,-0.09033203125
26.9273,58,1.07421875,60,0.7978515625,60,0.76611328125,64,-0.09033203125
26.9385,58,1.07421875,60,0.55078125,58,0.791015625,60,0.2098388671875
26.9473,54,1.064453125,60,0.55078125,58,0.791015625,60,0.2098388671875
26.9582,54,1.064453125,60,0.55078125,57,0.77001953125,60,0.2098388671875
26.9665,55,1.0302734375,60,0.55078125,58,0.8115234375,56,0.740234375
26.9769,55,1.0302734375,62,0.2275390625,58,0.8115234375,57,0.47607421875
26.9860,65,-0.03790283203125,62,0.2275390625,58,0.619140625,57,0.47607421875
26.9940,65,-0.03790283203125,57,0.2276611328125,58,0.619140625,55,0.31640625
27.0053,59,0.70556640625,57,0.2276611328125,60,0.1300048828125,55,0.31640625
27.0137,59,0.70556640625,54,0.97119140625,60,0.1300048828125,55,0.269775390625
27.0250,55,0.75634765625,54,0.97119140625,57,0.54345703125,55,0.269775390625
27.0360,55,0.75634765625,53,0.84619140625,57,0.54345703125,57,0.0880126953125
27.0443,48,1.5732421875,53,0.84619140625,57,0.5927734375,57,0.0880126953125
27.0555,48,1.5732421875,55,0.697265625,57,0.5927734375,58,0.1038818359375
27.0639,55,0.4775390625,55,0.697265625,50,1.2265625,58,0.1038818359375
27.0736,55,0.4775390625,52,1.0419921875,50,1.2265625,55,0.401611328125
27.0861,58,0.41015625,52,1.0419921875,47,1.2060546875,55,0.401611328125
27.0981,58,0.41015625,54,0.498291015625,47,1.2060546875,55,0.401611328125
27.1054,2,7.703125,54,0.498291015625,53,0.6240234375,53,0.60888671875
27.1182,2,7.703125,58,0.208740234375,53,0.6240234375,53,0.60888671875
27.1255,52,-1.2646484375,58,0.208740234375,60,-0.01027679443359375,50,0.73486328125
27.1338,52,-1.2646484375,57,0.16748046875,60,-0.01027679443359375,52,0.3974609375
27.1450,78,1.74609375,57,0.16748046875,60,-0.01027679443359375,52,0.3974609375
27.1578,78,1.74609375,51,1.0283203125,55,0.66357421875,52,0.3974609375
27.1652,75,-0.71044921875,51,1.0283203125,55,0.66357421875,53,0.358642578125
27.1766,75,-0.71044921875,51,0.74609375,55,0.55322265625,53,0.358642578125
27.1850,13,5.140625,51,0.74609375,55,0.55322265625,54,0.271484375
27.1936,13,5.140625,56,0.21533203125,58,0.26416015625,54,0.271484375
27.2050,56,-1.369140625,56,0.21533203125,57,0.44140625,60,-0.2188720703125
27.2181,56,-1.369140625,56,1.0478515625,57,0.44140625,60,-0.2188720703125
27.2267,76,-1.330078125,56,1.0478515625,51,1.0283203125,61,-0.214111328125
27.2350,76,-1.330078125,54,0.7265625,51,1.0283203125,61,-0.214111328125
27.2471,69,-0.16552734375,54,0.7265625,51,1.0283203125,56,0.29150390625
27.2570,69,-0.16552734375,53,0.828125,51,0.83935546875,56,0.29150390625
27.2656,62,0.591796875,53,0.828125,51,0.83935546875,50,0.66650390625
27.2792,62,0.591796875,53,0.828125,55,0.348876953125,50,0.66650390625
27.2878,8,4.4921875,58,0.083984375,55,0.348876953125,44,1.203125
27.2947,8,4.4921875,54,0.68212890625,56,0.732421875,44,1.203125
27.3083,8,4.4921875,54,0.68212890625,56,0.732421875,50,0.416015625
27.3148,63,-1.837890625,53,0.8017578125,56,0.52099609375,50,0.416015625
27.3269,63,-1.837890625,53,0.8017578125,56,0.52099609375,53,0.20263671875
27.3340,78,-1.2099609375,50,1.0107421875,55,0.63818359375,53,0.20263671875
27.3465,78,-1.2099609375,50,1.0107421875,55,0.63818359375,56,0.11968994140625
27.3538,71,-0.318359375,56,-0.40087890625,60,-0.04095458984375,56,0.11968994140625
27.3659,71,-0.318359375,56,-0.40087890625,60,-0.04095458984375,59,-0.2259521484375
27.3732,8,8.6484375,58,0.418701171875,53,1.1484375,59,-0.2259521484375
27.3841,8,8.6484375,58,0.418701171875,53,1.1484375,60,0.06219482421875
27.3942,42,0.156494140625,58,0.418701171875,50,0.9521484375,60,0.06219482421875
27.4079,42,0.156494140625,53,0.87646484375,50,0.9521484375,57,0.2138671875
27.4143,74,-1.58203125,53,0.87646484375,51,0.83203125,57,0.2138671875
27.4267,74,-1.58203125,51,0.9091796875,51,0.83203125,52,0.6982421875
27.4340,72,-0.02874755859375,51,0.9091796875,59,0.1402587890625,52,0.6982421875
27.4449,72,-0.02874755859375,55,-0.2568359375,59,0.1402587890625,49,0.73046875
27.4538,64,0.441650390625,55,-0.2568359375,55,0.7119140625,49,0.73046875
27.4645,64,0.441650390625,56,0.65576171875,55,0.7119140625,51,0.53466796875
27.4743,-2,8.453125,56,0.65576171875,55,0.7119140625,51,0.53466796875
27.4851,-2,8.453125,52,1.1689453125,55,0.468505859375,54,0.40234375
27.4937,43,-0.63037109375,52,1.1689453125,55,0.468505859375,54,0.40234375
27.5080,43,-0.63037109375,52,0.7724609375,60,0.11370849609375,58,-0.12286376953125
27.5132,77,1.7197265625,52,0.7724609375,57,0.464111328125,58,-0.12286376953125
27.5258,77,1.7197265625,56,0.2685546875,57,0.464111328125,58,-0.12286376953125
27.5333,77,0.89306640625,56,0.2685546875,57,0.464111328125,59,-0.048431396484375
27.5453,77,0.89306640625,57,0.288818359375,52,0.96826171875,59,-0.048431396484375
27.5524,28,4.85546875,57,0.288818359375,52,0.96826171875,57,0.34375
27.5636,28,4.85546875,53,0.78173828125,52,0.74365234375,54,0.315673828125
27.5770,25,1.869140625,53,0.78173828125,52,0.74365234375,54,0.315673828125
27.5856,25,1.869140625,53,0.75439453125,56,0.2279052734375,54,0.315673828125
27.5941,71,-1.77734375,53,0.75439453125,56,0.2279052734375,50,0.8212890625
27.6055,71,-1.77734375,54,0.65966796875,55,0.75048828125,50,0.8212890625
27.6163,71,-1.77734375,54,0.65966796875,55,0.75048828125,51,0.4306640625
27.6241,73,-0.310791015625,55,0.67138671875,53,0.8017578125,51,0.6064453125
27.6319,68,-0.0589599609375,55,0.67138671875,53,0.8017578125,51,0.6064453125
27.6453,68,-0.0589599609375,54,0.75390625,55,0.5595703125,51,0.6064453125
27.6532,4,6.15625,54,0.75390625,55,0.5595703125,54,0.257080078125
27.6639,4,6.15625,55,0.4306640625,60,0.046905517578125,54,0.257080078125
27.6756,4,6.15625,55,0.4306640625,60,0.046905517578125,59,-0.2083740234375
27.6825,29,0.93603515625,54,0.904296875,56,0.7197265625,59,-0.2083740234375
27.6950,29,0.93603515625,54,0.904296875,56,0.7197265625,60,-0.0914306640625
27.7033,71,-1.607421875,56,0.387939453125,54,0.603515625,60,-0.0914306640625
27.7146,75,-0.69091796875,56,0.387939453125,54,0.603515625,56,0.2303466796875
27.7244,75,-0.69091796875,55,0.57568359375,49,1.0556640625,56,0.2303466796875
27.7358,75,-0.69091796875,55,0.57568359375,49,1.0556640625,53,0.46337890625
27.7430,65,0.51806640625,54,0.8828125,55,0.262939453125,53,0.46337890625
27.7586,22,2.484375,54,0.8828125,55,0.262939453125,50,0.75
27.7627,22,2.484375,54,0.7333984375,56,0.49755859375,50,0.75
27.7751,22,2.484375,54,0.7333984375,56,0.49755859375,53,0.476806640625
27.7849,67,-1.5595703125,55,0.57373046875,55,0.5322265625,53,0.476806640625
27.7967,67,-1.5595703125,55,0.57373046875,55,0.5322265625,52,0.39111328125
27.8058,75,-0.9326171875,56,0.465087890625,58,0.320068359375,52,0.39111328125
27.8165,75,-0.9326171875,56,0.465087890625,58,0.320068359375,55,0.18505859375
27.8259,70,0.1968994140625,56,0.465087890625,59,0.24462890625,55,0.18505859375
27.8369,70,0.1968994140625,53,0.87841796875,59,0.24462890625,60,-0.136962890625
27.8432,21,6.55078125,53,0.87841796875,52,0.9794921875,60,-0.136962890625
27.8570,21,6.55078125,55,0.47802734375,52,0.9794921875,59,-0.056640625
27.8631,35,1.02734375,55,0.47802734375,51,0.8994140625,59,-0.056640625
27.8759,35,1.02734375,58,0.4580078125,51,0.8994140625,55,0.3017578125
27.8851,70,-1.3173828125,58,0.4580078125,52,0.8681640625,55,0.3017578125
27.8951,70,-1.3173828125,56,0.5927734375,52,0.8681640625,51,0.759765625
27.9078,75,-1.0263671875,56,0.5927734375,52,0.8681640625,51,0.759765625
27.9195,75,-1.0263671875,53,0.796875,57,0.307861328125,49,0.7529296875
27.9261,61,0.5703125,53,0.796875,54,0.74169921875,49,0.7529296875
27.9387,61,0.5703125,54,0.326171875,54,0.74169921875,52,0.4619140625
27.9461,54,1.0732421875,54,0.326171875,55,0.38427734375,52,0.4619140625
27.9584,54,1.0732421875,54,0.57763671875,55,0.38427734375,52,0.66455078125
27.9649,17,2.958984375,54,0.57763671875,60,0.111083984375,52,0.66455078125
27.9739,17,2.958984375,54,0.457275390625,60,0.111083984375,56,0.2291259765625
27.9879,65,-1.5615234375,54,0.457275390625,60,0.111083984375,56,0.2291259765625
27.9980,65,-1.5615234375,53,0.896484375,54,0.958984375,60,-0.35302734375
28.0073,73,-0.67529296875,53,0.896484375,54,0.958984375,60,-0.35302734375
28.0177,73,-0.67529296875,56,0.19970703125,51,0.73681640625,57,0.2037353515625
28.0251,69,-0.127197265625,56,0.19970703125,48,1.0703125,57,0.2037353515625
28.0395,69,-0.127197265625,54,0.576171875,48,1.0703125,57,0.2037353515625
28.0471,4,7.24609375,54,0.576171875,48,1.0703125,52,0.5673828125
28.0567,4,7.24609375,51,0.73876953125,49,0.8681640625,48,0.72705078125
28.0680,42,0.45556640625,51,0.73876953125,49,0.8681640625,48,0.72705078125
28.0811,42,0.45556640625,48,0.2288818359375,54,0.414794921875,48,0.72705078125
28.0916,42,0.45556640625,48,0.2288818359375,54,0.414794921875,44,1.4228515625
28.1015,70,1.30078125,51,-0.343505859375,51,0.0203094482421875,47,0.1827392578125
28.1090,66,-0.0645751953125,51,-0.343505859375,51,0.0203094482421875,47,0.1827392578125
28.1214,66,-0.0645751953125,47,0.62060546875,46,0.888671875,47,0.1827392578125
28.1280,24,3.1640625,47,0.62060546875,46,0.888671875,48,0.2386474609375
28.1416,24,3.1640625,47,0.9951171875,46,1.5673828125,48,0.2386474609375
28.1499,61,-1.3544921875,47,0.9951171875,46,1.5673828125,48,0.7021484375
28.1571,61,-1.3544921875,47,0.533203125,50,0.54833984375,48,0.7021484375
28.1707,61,-1.3544921875,47,0.533203125,50,0.54833984375,51,-0.619140625
28.1799,68,0.84716796875,50,0.447998046875,53,-0.0697021484375,51,-0.619140625
28.1903,68,0.84716796875,50,0.447998046875,53,-0.0697021484375,52,0.69091796875
28.1997,63,0.552734375,54,0.77294921875,50,0.939453125,52,0.69091796875
28.2104,27,2.63671875,54,0.77294921875,50,0.939453125,54,0.194091796875
28.2178,27,2.63671875,55,0.292724609375,46,1.1201171875,54,0.194091796875
28.2304,27,2.63671875,55,0.292724609375,46,1.1201171875,53,0.3193359375
28.2389,50,0.040435791015625,51,0.69482421875,53,0.19677734375,53,0.3193359375
28.2508,71,-1.1767578125,51,0.69482421875,53,0.19677734375,50,0.6494140625
28.2620,71,-1.1767578125,51,0.69482421875,55,0.435302734375,50,0.6494140625
28.2705,71,-1.1767578125,52,0.4931640625,55,0.435302734375,50,0.45654296875
28.2815,62,0.12841796875,52,0.4931640625,53,0.6708984375,50,0.45654296875
28.2920,62,0.12841796875,53,0.51025390625,53,0.6708984375,50,0.4111328125
28.3020,60,0.190185546875,53,0.51025390625,54,0.41552734375,50,0.4111328125
28.3106,60,0.190185546875,53,0.50341796875,54,0.41552734375,52,0.21435546875
28.3176,17,3.8671875,53,0.50341796875,56,0.289794921875,52,0.21435546875
28.3302,17,3.8671875,50,0.64892578125,56,0.289794921875,54,0.24853515625
28.3385,58,-1.33984375,50,0.64892578125,49,1.0654296875,54,0.24853515625
28.3525,58,-1.33984375,52,0.1690673828125,49,1.0654296875,54,0.2188720703125
28.3635,70,-1.0068359375,52,0.1690673828125,46,1.037109375,54,0.2188720703125
28.3731,70,-1.0068359375,54,0.2313232421875,46,1.037109375,53,0.417236328125
28.3800,64,0.467041015625,54,0.2313232421875,49,0.4404296875,53,0.417236328125
28.3991,47,1.3671875,55,-0.2705078125,49,0.4404296875,50,0.212646484375
28.4121,47,1.3671875,49,0.826171875,56,0.289306640625,50,0.212646484375
28.4217,51,0.492431640625,49,0.826171875,56,0.289306640625,48,0.78271484375
28.4298,51,0.492431640625,48,0.96240234375,50,0.94482421875,48,0.78271484375
28.4417,61,-0.50341796875,48,0.96240234375,50,0.94482421875,49,0.6474609375
28.4494,61,-0.50341796875,48,0.9423828125,49,0.81787109375,50,0.58349609375
28.4606,53,1.1328125,48,0.9423828125,49,0.81787109375,50,0.58349609375
28.4691,53,1.1328125,54,0.2578125,54,0.3818359375,50,0.58349609375
28.4811,53,0.65087890625,54,0.2578125,54,0.3818359375,55,-0.08343505859375
28.4908,53,0.65087890625,55,-0.3017578125,58,0.46923828125,55,-0.08343505859375
28.5019,2,8.2578125,55,-0.3017578125,58,0.46923828125,57,0.461669921875
28.5106,2,8.2578125,34,3.939453125,50,0.9921875,57,0.461669921875
28.5218,46,-0.89990234375,34,3.939453125,50,0.9921875,55,0.1771240234375
28.5299,46,-0.89990234375,41,1.361328125,48,0.8662109375,55,0.1771240234375
28.5426,72,-1.333984375,41,1.361328125,48,0.8662109375,50,0.7333984375
28.5494,72,-1.333984375,63,-1.390625,47,1.01171875,50,0.7333984375
28.5606,72,-1.333984375,63,-1.390625,47,1.01171875,48,0.7568359375
28.5690,70,-0.443603515625,61,-0.177734375,54,0.2685546875,48,0.7568359375
28.5811,70,-0.443603515625,61,-0.177734375,54,0.2685546875,43,1.134765625
28.5927,60,0.62890625,55,0.72265625,55,0.402099609375,43,1.134765625
28.6034,60,0.62890625,55,0.72265625,55,0.402099609375,49,0.324462890625
28.6104,2,5.62890625,18,3.0859375,53,0.57958984375,51,0.62255859375
28.6263,49,-1.158203125,18,3.0859375,53,0.57958984375,51,0.62255859375
28.6317,49,-1.158203125,62,1.7607421875,55,0.362060546875,51,0.62255859375
28.6451,75,1.3857421875,70,-0.708984375,55,0.38916015625,53,0.1253662109375
28.6559,70,-0.34521484375,70,-0.708984375,55,0.38916015625,58,-0.2247314453125
28.6644,70,-0.34521484375,63,0.331787109375,48,1.2177734375,58,-0.2247314453125
28.6764,59,0.6455078125,63,0.331787109375,48,1.2177734375,57,-0.1690673828125
28.6840,59,0.6455078125,63,0.331787109375,45,1.1611328125,57,-0.1690673828125
28.6952,3,5.12109375,19,2.970703125,45,1.1611328125,53,0.4560546875
28.7035,3,5.12109375,19,2.970703125,49,0.7841796875,53,0.4560546875
28.7147,52,-1.416015625,60,-2.025390625,49,0.7841796875,49,0.583984375
28.7231,52,-1.416015625,68,-0.7216796875,57,0.061431884765625,49,0.583984375
28.7341,78,1.7998046875,68,-0.7216796875,57,0.061431884765625,44,1.1044921875
28.7436,78,1.7998046875,68,-0.7216796875,53,0.705078125,44,1.1044921875
28.7556,72,1.4248046875,68,0.5009765625,53,0.705078125,49,0.42333984375
28.7672,72,1.4248046875,19,5.6953125,51,0.2420654296875,49,0.42333984375
28.7805,40,1.84375,19,5.6953125,51,0.2420654296875,49,0.64453125
28.7878,40,1.84375,19,5.6953125,51,0.7041015625,49,0.64453125
28.8005,40,1.84375,39,1.017578125,51,0.7041015625,49,0.83984375
28.8093,12,3.46875,71,1.6787109375,49,0.89013671875,49,0.83984375
28.8194,63,-2.4375,71,1.6787109375,49,0.89013671875,54,0.159423828125
28.8280,63,-2.4375,71,1.6787109375,49,0.7001953125,54,0.159423828125
28.8408,74,-0.99169921875,65,-0.85009765625,49,0.7001953125,55,0.331787109375
28.8485,74,-0.99169921875,65,-0.85009765625,48,0.962890625,55,0.331787109375
28.8602,74,-0.99169921875,53,0.701171875,48,0.962890625,55,0.052703857421875
28.8689,69,0.292724609375,53,0.701171875,50,0.1900634765625,55,0.052703857421875
28.8812,69,0.292724609375,5,3.607421875,50,0.1900634765625,50,0.1866455078125
28.8904,32,4.171875,5,3.607421875,54,0.3994140625,50,0.1866455078125
28.9035,31,1.2060546875,58,-2.1015625,54,0.3994140625,45,1.013671875
28.9130,31,1.2060546875,58,-2.1015625,51,1.0693359375,45,1.013671875
28.9243,31,1.2060546875,77,-1.873046875,51,1.0693359375,45,0.76513671875
28.9327,69,-1.2041015625,77,-1.873046875,49,0.07275390625,45,0.76513671875
28.9440,69,-1.2041015625,67,0.892578125,49,0.07275390625,48,0.064453125
28.9522,71,0.97998046875,67,0.892578125,51,0.382568359375,48,0.064453125
28.9650,71,0.97998046875,43,2.03125,51,0.382568359375,48,0.291748046875
28.9738,7,9.3125,43,2.03125,49,0.6201171875,48,0.291748046875
28.9862,7,9.3125,-6,5.62109375,49,0.6201171875,49,0.16455078125
28.9949,20,1.7119140625,-6,5.62109375,49,1.3115234375,49,0.16455078125
29.0063,20,1.7119140625,44,-0.8935546875,49,1.3115234375,50,0.5703125
29.0134,69,-1.744140625,44,-0.8935546875,49,1.3115234375,50,0.5703125
29.0300,77,0.93603515625,70,-1.1787109375,48,0.7177734375,54,-0.11419677734375
29.0413,77,0.93603515625,67,0.185791015625,48,0.7177734375,54,-0.11419677734375
29.0503,63,0.5107421875,67,0.185791015625,53,0.3310546875,54,0.320556640625
29.0609,63,0.5107421875,19,3.328125,53,0.3310546875,51,0.5
29.0694,19,3.083984375,19,3.328125,53,0.3310546875,51,0.5
29.0832,19,3.083984375,61,1.5625,56,0.29248046875,48,0.697265625
29.0911,64,-1.5361328125,61,1.5625,56,0.29248046875,48,0.697265625
29.1053,64,-1.5361328125,69,-0.54638671875,57,0.21875,48,0.697265625
29.1115,76,1.40625,69,-0.54638671875,57,0.21875,50,0.47802734375
29.1221,76,1.40625,67,-0.55126953125,50,0.857421875,50,0.47802734375
29.1302,67,-0.1558837890625,67,-0.55126953125,50,0.857421875,51,0.4814453125
29.1417,67,-0.1558837890625,18,4.82421875,51,0.75341796875,51,0.4814453125
29.1516,60,0.1881103515625,18,4.82421875,51,0.75341796875,54,-0.63427734375
29.1652,60,0.1881103515625,43,0.45458984375,51,1.015625,54,-0.63427734375
29.1697,-7,7.421875,43,0.45458984375,51,1.015625,54,0.239501953125
29.1827,-7,7.421875,73,1.6904296875,52,0.55126953125,54,0.239501953125
29.1915,-7,7.421875,73,1.6904296875,52,0.55126953125,54,0.382080078125
29.2022,34,0.14208984375,69,-0.72314453125,50,0.88232421875,54,0.382080078125
29.2109,34,0.14208984375,69,-0.72314453125,50,0.88232421875,51,0.61328125
29.2219,74,-1.5224609375,25,5.25,50,0.76611328125,51,0.61328125
29.2305,70,0.0302886962890625,25,5.25,50,0.76611328125,50,0.67236328125
29.2450,70,0.0302886962890625,32,-0.26806640625,49,0.86083984375,47,0.04754638671875
29.2515,66,0.479736328125,32,-0.26806640625,49,0.86083984375,47,0.04754638671875
29.2601,66,0.479736328125,63,-1.244140625,51,0.2242431640625,47,0.04754638671875
29.2719,66,0.479736328125,63,-1.244140625,51,0.2242431640625,48,0.1893310546875
29.2826,0,5.76953125,63,-1.244140625,50,0.38671875,48,0.1893310546875
29.2915,0,5.76953125,69,1.02734375,50,0.38671875,47,0.1898193359375
29.3027,4,3.138671875,36,2.849609375,51,0.29833984375,47,0.1898193359375
29.3108,4,3.138671875,36,2.849609375,51,0.29833984375,48,0.1710205078125
29.3227,61,2.390625,36,2.849609375,32,2.515625,48,0.1710205078125
29.3303,61,2.390625,1,4.09375,32,2.515625,49,0.1448974609375
29.3432,71,1.0634765625,1,4.09375,39,0.927734375,49,0.1448974609375
29.3499,71,1.0634765625,54,2.140625,39,0.927734375,50,0.205078125
29.3614,52,0.77392578125,54,2.140625,56,0.5634765625,50,0.205078125
29.3702,52,0.77392578125,70,1.11328125,56,0.5634765625,48,0.5048828125
29.3812,21,2.712890625,56,0.380615234375,53,0.2286376953125,48,0.5048828125
29.3894,21,2.712890625,56,0.380615234375,53,0.2286376953125,45,0.6708984375
29.4000,51,-0.81591796875,56,0.380615234375,41,1.2919921875,45,0.6708984375
29.4089,51,-0.81591796875,20,2.552734375,41,1.2919921875,45,0.533203125
29.4213,66,-1.0302734375,20,2.552734375,41,1.2919921875,45,0.533203125
29.4307,66,-1.0302734375,56,-1.4150390625,30,1.83203125,45,0.439208984375
29.4434,59,0.0258026123046875,56,-1.4150390625,30,1.83203125,45,0.439208984375
29.4515,59,0.0258026123046875,67,0.70849609375,55,0.765625,45,0.439208984375
29.4650,54,0.53369140625,61,-0.36962890625,57,-0.10809326171875,47,0.12432861328125
29.4762,1,4.96875,61,-0.36962890625,57,-0.10809326171875,47,0.5234375
29.4846,1,4.96875,34,3.138671875,51,0.724609375,47,0.5234375
29.4958,44,-0.95361328125,34,3.138671875,51,0.724609375,48,0.296875
29.5042,44,-0.95361328125,1,3.435546875,52,0.11077880859375,48,0.296875
29.5152,67,-0.876953125,1,3.435546875,52,0.11077880859375,51,-0.1573486328125
29.5240,67,-0.876953125,57,2.169921875,10,1.16796875,51,-0.1573486328125
29.5363,67,-0.876953125,57,2.169921875,10,1.16796875,50,-0.181884765625
29.5444,62,0.088134765625,68,0.452392578125,15,2.48828125,50,-0.181884765625
29.5555,62,0.088134765625,68,0.452392578125,15,2.48828125,47,0.444091796875
29.5639,30,2.25,62,-0.1728515625,56,1.654296875,47,0.444091796875
29.5754,50,-0.339111328125,62,-0.1728515625,56,1.654296875,45,0.638671875
29.5838,50,-0.339111328125,62,-0.1728515625,85,4.8671875,45,0.638671875
29.5954,50,-0.339111328125,-6,7.75,85,4.8671875,43,0.68896484375
29.6052,60,-0.1441650390625,33,-0.394287109375,76,1.3115234375,43,0.68896484375
29.6147,60,-0.1441650390625,33,-0.394287109375,76,1.3115234375,42,0.53271484375
29.6233,59,-0.1207275390625,33,-0.394287109375,29,2.12109375,42,0.53271484375
29.6341,59,-0.1207275390625,71,-2.083984375,29,2.12109375,46,0.235107421875
29.6430,0,6.359375,68,-0.3564453125,7,4.0390625,46,0.235107421875
29.6538,0,6.359375,68,-0.3564453125,7,4.0390625,48,0.391845703125
29.6624,24,0.95947265625,68,-0.3564453125,40,-0.1956787109375,48,0.391845703125
29.6737,24,0.95947265625,11,4.1796875,40,-0.1956787109375,50,0.14404296875
29.6819,64,-1.6337890625,11,4.1796875,64,1.5888671875,50,0.14404296875
29.6934,64,-1.6337890625,55,1.8017578125,64,1.5888671875,50,0.14404296875
29.7016,72,1.44140625,55,1.8017578125,84,3.671875,51,0.10009765625
29.7130,72,1.44140625,68,0.6083984375,84,3.671875,51,-0.12457275390625
29.7211,15,6.05859375,68,0.6083984375,64,0.31396484375,51,-0.12457275390625
29.7331,15,6.05859375,63,0.09173583984375,64,0.31396484375,48,0.380859375
29.7421,41,0.0692138671875,63,0.09173583984375,24,3.623046875,48,0.380859375
29.7527,41,0.0692138671875,22,2.779296875,24,3.623046875,44,0.7548828125
29.7615,66,1.041015625,22,2.779296875,5,4.08984375,44,0.7548828125
29.7725,66,1.041015625,50,0.55126953125,5,4.08984375,44,0.7548828125
29.7846,64,-0.393310546875,70,1.5859375,43,-0.44189453125,41,0.966796875
29.7961,64,-0.393310546875,70,1.5859375,43,-0.44189453125,41,0.681640625
29.8044,42,2.283203125,26,5.78515625,66,1.4814453125,41,0.681640625
29.8155,42,2.283203125,26,5.78515625,66,1.4814453125,46,0.2147216796875
29.8239,51,0.62890625,26,5.78515625,86,4.1953125,46,0.2147216796875
29.8383,51,0.62890625,39,0.80078125,86,4.1953125,46,0.2147216796875
29.8450,-2,8.8515625,39,0.80078125,60,0.10748291015625,48,0.1793212890625
29.8574,-2,8.8515625,62,1.033203125,60,0.10748291015625,51,0.0816650390625
29.8645,29,0.642578125,62,1.033203125,11,3.208984375,51,0.0816650390625
29.8756,29,0.642578125,59,-0.403076171875,11,3.208984375,51,0.042938232421875
29.8845,65,-1.6728515625,59,-0.403076171875,11,3.208984375,51,0.042938232421875
29.8954,65,-1.6728515625,27,3.669921875,50,0.8330078125,51,0.042938232421875
29.9056,72,1.0712890625,27,3.669921875,66,1.5400390625,51,0.09698486328125
29.9163,72,1.0712890625,24,1.8447265625,66,1.5400390625,51,0.09698486328125
29.9273,56,0.5244140625,24,1.8447265625,86,4.203125,47,0.271484375
29.9382,56,0.5244140625,62,1.53125,86,4.203125,47,0.271484375
29.9474,-8,7.22265625,62,1.53125,60,2.01171875,44,0.640625
29.9575,-8,7.22265625,63,0.263916015625,60,2.01171875,40,0.84375
29.9656,27,0.64892578125,63,0.263916015625,3,5.265625,40,0.84375
29.9770,27,0.64892578125,62,0.37646484375,3,5.265625,40,0.84375
29.9864,71,1.916015625,62,0.37646484375,3,5.265625,42,0.6142578125
29.9976,71,1.916015625,-1,7.19140625,40,-0.08758544921875,42,0.6142578125
30.0063,68,0.80908203125,-1,7.19140625,40,-0.08758544921875,46,0.20751953125
30.0170,68,0.80908203125,23,0.61669921875,63,1.21484375,46,0.20751953125
30.0268,29,4.5703125,23,0.61669921875,63,1.21484375,49,0.067138671875
30.0376,29,4.5703125,70,1.79296875,61,0.1419677734375,49,0.067138671875
30.0462,36,1.4228515625,70,1.79296875,43,1.259765625,52,-0.033935546875
30.0573,36,1.4228515625,70,0.82861328125,43,1.259765625,52,-0.033935546875
30.0657,57,-0.61767578125,70,0.82861328125,53,0.250244140625,51,-0.1884765625
30.0791,57,-0.61767578125,22,5.6953125,53,0.250244140625,51,-0.1884765625
30.0895,60,-0.2052001953125,22,5.6953125,53,0.250244140625,50,0.101806640625
30.0986,60,-0.2052001953125,10,3.3046875,6,3.626953125,50,0.101806640625
30.1077,51,0.87060546875,10,3.3046875,6,3.626953125,46,0.595703125
30.1183,51,0.87060546875,62,-2.076171875,50,-0.86572265625,46,0.595703125
30.1278,24,2.27734375,62,-2.076171875,50,-0.86572265625,44,0.64892578125
30.1389,24,2.27734375,74,1.65234375,68,1.4013671875,44,0.64892578125
30.1473,57,1.2978515625,74,1.65234375,68,1.4013671875,40,0.8779296875
30.1585,57,1.2978515625,24,6.1640625,88,4.484375,40,0.8779296875
30.1676,70,1.3203125,24,6.1640625,88,4.484375,44,0.3818359375
30.1781,70,1.3203125,41,0.362548828125,14,0.146484375,44,0.3818359375
30.1871,6,7.48046875,41,0.362548828125,11,2.953125,46,0.2061767578125
30.1979,6,7.48046875,61,-0.41748046875,11,2.953125,46,0.2061767578125
30.2068,40,-0.326416015625,61,-0.41748046875,11,2.953125,48,0.2235107421875
30.2175,40,-0.326416015625,60,-0.231689453125,53,1.0859375,48,0.2235107421875
30.2272,68,1.580078125,60,-0.231689453125,53,1.0859375,51,-0.127197265625
30.2382,68,1.580078125,23,2.650390625,66,1.2705078125,51,-0.127197265625
30.2474,67,-0.431884765625,23,2.650390625,66,1.2705078125,51,0.129150390625
30.2578,67,-0.431884765625,55,-1.4990234375,86,4.484375,51,0.129150390625
30.2662,67,-0.431884765625,55,-1.4990234375,86,4.484375,49,0.3564453125
30.2782,17,3.763671875,66,0.986328125,61,0.260009765625,49,0.3564453125
30.2857,17,3.763671875,66,0.986328125,61,0.260009765625,46,0.45458984375
30.2970,53,-1.2734375,66,0.986328125,4,4.7890625,46,0.45458984375
30.3063,65,-0.96533203125,19,7.21484375,4,4.7890625,45,0.423583984375
30.3165,65,-0.96533203125,19,7.21484375,44,-0.53662109375,45,0.423583984375
30.3262,62,-0.390869140625,37,0.9990234375,44,-0.53662109375,44,0.55517578125
30.3359,62,-0.390869140625,37,0.9990234375,62,0.9111328125,44,0.55517578125
30.3446,62,-0.390869140625,65,1.2275390625,62,0.9111328125,47,0.2548828125
30.3541,23,1.3701171875,65,1.2275390625,61,0.2083740234375,47,0.2548828125
30.3627,23,1.3701171875,60,0.0290985107421875,61,0.2083740234375,47,0.362060546875
30.3758,27,1.9599609375,60,0.0290985107421875,40,1.6943359375,47,0.362060546875
30.3836,27,1.9599609375,41,1.2626953125,40,1.6943359375,48,0.2113037109375
30.3936,59,-1.439453125,41,1.2626953125,47,0.66796875,48,0.2113037109375
30.4063,59,-1.439453125,50,0.2364501953125,47,0.66796875,51,0.0498046875
30.4130,60,0.1302490234375,50,0.2364501953125,43,1.0625,51,0.0498046875
30.4264,60,0.1302490234375,60,0.0958251953125,43,1.0625,51,0.0498046875
30.4376,59,-0.09381103515625,60,0.0958251953125,43,0.93896484375,51,0.193603515625
30.4450,59,-0.09381103515625,34,2.50390625,43,0.93896484375,49,0.243896484375
30.4554,29,3.8515625,34,2.50390625,47,0.60498046875,49,0.243896484375
30.4657,29,3.8515625,44,0.4521484375,47,0.60498046875,46,0.51806640625
30.4756,19,1.927734375,44,0.4521484375,47,0.708984375,46,0.51806640625
30.4852,19,1.927734375,62,0.75048828125,47,0.708984375,44,0.70263671875
30.4963,62,-1.169921875,62,0.75048828125,48,0.444580078125,44,0.70263671875
30.5063,62,-1.169921875,53,0.2198486328125,48,0.444580078125,44,0.70263671875
30.5163,70,-1.126953125,53,0.2198486328125,51,0.244140625,42,0.62744140625
30.5256,70,-1.126953125,52,0.282470703125,51,0.244140625,42,0.62744140625
30.5375,61,-0.12353515625,52,0.282470703125,51,0.244140625,46,0.40869140625
30.5465,61,-0.12353515625,0,7.0390625,53,0.172119140625,46,0.40869140625
30.5579,54,0.7109375,0,7.0390625,53,0.172119140625,47,0.251953125
30.5636,54,0.7109375,43,-1.1396484375,47,0.728515625,47,0.251953125
30.5785,-2,5.375,43,-1.1396484375,47,0.728515625,49,0.1470947265625
30.5855,-2,5.375,68,-1.4013671875,44,0.84326171875,49,0.1470947265625
30.5961,44,-1.1611328125,68,-1.4013671875,44,0.84326171875,50,0.232177734375
30.6045,44,-1.1611328125,64,-0.298583984375,41,1.0546875,50,0.232177734375
30.6157,44,-1.1611328125,64,-0.298583984375,41,1.0546875,51,0.1007080078125
30.6244,68,-1.408203125,21,2.458984375,46,0.4306640625,51,0.1007080078125
30.6360,68,-1.408203125,21,2.458984375,46,0.4306640625,49,0.438232421875
30.6447,65,-0.29248046875,21,2.458984375,50,0.362060546875,49,0.438232421875
30.6558,23,4.06640625,62,-2.333984375,50,0.362060546875,46,0.464111328125
30.6643,23,4.06640625,62,-2.333984375,51,0.390625,46,0.464111328125
30.6755,23,4.06640625,63,-0.490966796875,51,0.390625,43,0.724609375
30.6839,41,0.1695556640625,63,-0.490966796875,47,0.61962890625,43,0.724609375
30.6951,41,0.1695556640625,61,0.29443359375,47,0.61962890625,42,0.6064453125
30.7036,67,-1.0625,61,0.29443359375,47,0.61962890625,42,0.6064453125
30.7163,67,-1.0625,22,5.0078125,49,0.44580078125,46,0.295654296875
30.7230,61,0.294921875,22,5.0078125,49,0.44580078125,46,0.295654296875
30.7350,61,0.294921875,13,2.47265625,49,0.48681640625,48,0.0911865234375
30.7458,7,3.86328125,13,2.47265625,49,0.48681640625,48,0.0911865234375
30.7551,7,3.86328125,68,2.935546875,44,0.921875,50,0.276123046875
30.7631,58,-2.12109375,68,2.935546875,44,0.921875,50,0.276123046875
30.7742,58,-2.12109375,71,1.0576171875,43,0.9892578125,50,0.1602783203125
30.7828,73,1.4716796875,71,1.0576171875,43,0.9892578125,50,0.1602783203125
30.7961,73,1.4716796875,19,6.40625,43,0.857421875,50,0.1484375
30.8064,58,0.55712890625,19,6.40625,43,0.857421875,50,0.1484375
30.8166,58,0.55712890625,35,0.73779296875,51,0.1279296875,50,0.1484375
30.8246,55,0.311279296875,35,0.73779296875,51,0.1279296875,48,0.55859375
30.8353,55,0.311279296875,61,-0.8837890625,49,0.49951171875,48,0.55859375
30.8450,5,4.421875,61,-0.8837890625,49,0.49951171875,46,0.51904296875
30.8555,5,4.421875,62,0.388427734375,48,0.5205078125,46,0.51904296875
30.8637,53,-1.615234375,62,0.388427734375,48,0.5205078125,42,0.81982421875
30.8752,53,-1.615234375,57,-0.2447509765625,47,0.66162109375,42,0.81982421875
30.8835,74,1.705078125,57,-0.2447509765625,47,0.66162109375,43,0.6533203125
30.8947,74,1.705078125,33,2.65234375,48,0.57275390625,43,0.6533203125
30.9022,65,-0.145263671875,33,2.65234375,48,0.57275390625,46,0.273681640625
30.9154,65,-0.145263671875,2,3.310546875,48,0.58837890625,46,0.273681640625
30.9281,65,-0.145263671875,2,3.310546875,48,0.58837890625,49,0.15185546875
30.9379,58,0.2744140625,62,2.857421875,45,0.7861328125,49,0.15185546875
30.9460,-8,7.80078125,62,2.857421875,45,0.7861328125,51,-0.08758544921875
30.9576,-8,7.80078125,62,2.857421875,44,0.8310546875,51,-0.08758544921875
30.9641,29,0.165771484375,68,-0.76220703125,44,0.8310546875,50,0.138427734375
30.9769,29,0.165771484375,63,-0.036865234375,45,0.75048828125,50,0.138427734375
30.9824,73,2.216796875,63,-0.036865234375,45,0.75048828125,48,0.357421875
30.9976,73,2.216796875,11,3.8125,49,0.41064453125,48,0.357421875
31.0049,72,0.9580078125,11,3.8125,49,0.41064453125,46,0.302978515625
31.0146,72,0.9580078125,50,-1.1865234375,48,0.66943359375,46,0.302978515625
31.0254,12,4.6953125,50,-1.1865234375,48,0.66943359375,45,0.4541015625
31.0364,12,4.6953125,68,-1.0107421875,46,0.71630859375,45,0.4541015625
31.0450,12,4.6953125,68,-1.0107421875,46,0.71630859375,43,0.6884765625
31.0560,43,-0.43212890625,65,-0.448486328125,46,0.71630859375,43,0.6884765625
31.0645,43,-0.43212890625,65,-0.448486328125,47,0.6376953125,45,0.42724609375
31.0700,68,-1.544921875,3,6.30859375,47,0.6376953125,45,0.42724609375
31.0859,68,-1.544921875,3,6.30859375,49,0.481689453125,47,0.2406005859375
31.0974,65,-0.5703125,3,6.30859375,49,0.481689453125,47,0.2406005859375
31.1047,65,-0.5703125,39,-0.447998046875,50,0.40185546875,48,0.22802734375
31.1167,42,1.5380859375,39,-0.447998046875,50,0.40185546875,48,0.22802734375
31.1272,42,1.5380859375,67,-1.607421875,49,0.51220703125,51,0.101806640625
31.1326,50,0.505859375,67,0.2479248046875,49,0.51220703125,51,0.101806640625
31.1456,50,0.505859375,67,0.2479248046875,38,1.486328125,51,-0.1907958984375
31.1583,47,0.79345703125,30,2.552734375,38,1.486328125,51,-0.1907958984375
31.1636,47,0.79345703125,30,2.552734375,42,0.767578125,49,0.372314453125
31.1780,44,1.0703125,30,2.552734375,42,0.767578125,49,0.372314453125
31.1859,44,1.0703125,49,-0.461181640625,51,0.1522216796875,45,0.724609375
31.1958,48,0.46630859375,49,-0.461181640625,51,0.1522216796875,45,0.724609375
31.2057,48,0.46630859375,60,-0.3046875,52,0.29150390625,45,0.41748046875
31.2152,54,0.14208984375,60,-0.3046875,52,0.29150390625,45,0.41748046875
31.2230,54,0.14208984375,58,0.3603515625,50,0.393798828125,43,0.66845703125
31.2356,54,0.2117919921875,58,0.3603515625,50,0.393798828125,43,0.66845703125
31.2457,54,0.2117919921875,21,2.99609375,46,0.939453125,46,0.302001953125
31.2566,33,1.982421875,21,2.99609375,46,0.939453125,46,0.302001953125
31.2653,33,1.982421875,45,-0.1341552734375,44,0.92626953125,46,0.302001953125
31.2770,48,-0.2076416015625,45,-0.1341552734375,44,0.92626953125,47,0.18603515625
31.2834,48,-0.2076416015625,70,1.349609375,44,0.73974609375,47,0.18603515625
31.2962,59,-0.319091796875,70,1.349609375,44,0.73974609375,48,0.185791015625
31.3029,59,-0.319091796875,14,5.765625,45,0.8017578125,48,0.185791015625
31.3135,55,0.1900634765625,14,5.765625,45,0.8017578125,51,0.11444091796875
31.3264,55,0.1900634765625,34,0.576171875,49,0.44775390625,51,0.11444091796875
31.3341,44,1.0341796875,34,0.576171875,49,0.44775390625,51,0.10296630859375
31.3453,44,1.0341796875,65,0.98779296875,49,0.50439453125,51,0.10296630859375
31.3543,17,2.0703125,65,0.98779296875,49,0.50439453125,49,0.357421875
31.3643,17,2.0703125,64,0.1328125,47,0.84814453125,49,0.357421875
31.3698,66,2.431640625,64,0.1328125,47,0.84814453125,45,0.5771484375
31.3833,66,2.431640625,57,0.39111328125,45,0.82177734375,45,0.5771484375
31.3953,72,1.265625,57,0.39111328125,45,0.82177734375,43,0.7734375
31.4020,72,1.265625,-3,6.3359375,49,0.375244140625,43,0.7734375
31.4152,3,7.22265625,-3,6.3359375,49,0.375244140625,42,0.67626953125
31.4220,3,7.22265625,43,0.76904296875,49,0.375244140625,42,0.67626953125
31.4331,47,-1.13671875,43,0.76904296875,50,0.37255859375,46,0.201416015625
31.4446,47,-1.13671875,71,-1.5146484375,50,0.37255859375,46,0.201416015625
31.4541,47,-1.13671875,71,-1.5146484375,50,0.402099609375,48,0.240966796875
31.4642,72,1.716796875,64,-0.052093505859375,45,0.935546875,48,0.240966796875
31.4739,72,1.716796875,64,-0.052093505859375,45,0.935546875,49,0.1690673828125
31.4838,52,0.38232421875,23,2.720703125,45,0.73046875,49,0.1690673828125
31.4944,52,0.38232421875,23,2.720703125,45,0.73046875,50,0.09747314453125
31.5032,53,0.426513671875,57,-1.5166015625,45,0.73046875,50,0.09747314453125
31.5132,53,0.426513671875,57,-1.5166015625,45,0.7060546875,51,-0.1956787109375
31.5230,2,7.65625,67,1.095703125,47,0.6240234375,51,-0.1956787109375
31.5342,2,7.65625,67,1.095703125,47,0.6240234375,49,0.419189453125
31.5455,47,-1.0419921875,60,-0.365478515625,47,0.6240234375,49,0.419189453125
31.5546,47,-1.0419921875,60,-0.365478515625,46,0.8525390625,45,0.57666015625
31.5626,71,1.7294921875,46,1.3349609375,46,0.8525390625,45,0.57666015625
31.5744,71,1.7294921875,46,1.3349609375,45,0.8388671875,43,0.69482421875
31.5829,56,0.297607421875,1,4.21484375,45,0.8388671875,43,0.69482421875
31.5926,56,0.297607421875,1,4.21484375,50,0.29296875,41,0.79736328125
31.6022,50,0.546875,1,4.21484375,50,0.29296875,41,0.79736328125
31.6138,50,0.546875,58,2.333984375,52,0.2156982421875,45,0.282958984375
31.6218,29,3.712890625,58,2.333984375,52,0.2156982421875,45,0.282958984375
31.6327,29,3.712890625,69,0.5126953125,47,0.93359375,48,0.1844482421875
31.6436,50,-0.64306640625,62,0.1556396484375,47,0.93359375,48,0.1844482421875
31.6548,50,-0.64306640625,62,0.1556396484375,35,1.5576171875,50,0.098388671875
31.6634,57,-0.1907958984375,62,0.1556396484375,35,1.5576171875,50,0.098388671875
31.6731,57,-0.1907958984375,18,3.103515625,46,0.2191162109375,51,0.1917724609375
31.6831,57,-0.09326171875,18,3.103515625,46,0.2191162109375,51,0.1917724609375
31.6950,57,-0.09326171875,48,-0.99853515625,56,-0.44140625,50,0.302734375
31.7025,51,0.751953125,48,-0.99853515625,56,-0.44140625,50,0.302734375
31.7140,51,0.751953125,71,1.4814453125,52,0.26416015625,48,0.50439453125
31.7204,47,0.78857421875,71,1.4814453125,52,0.26416015625,48,0.50439453125
31.7340,47,0.78857421875,52,1.2177734375,50,0.50048828125,46,0.287841796875
31.7428,13,5.42578125,52,1.2177734375,50,0.50048828125,46,0.287841796875
31.7531,13,5.42578125,52,0.22900390625,47,0.693359375,46,0.287841796875
31.7620,36,0.5400390625,52,0.22900390625,47,0.693359375,43,0.57421875
31.7731,36,0.5400390625,16,3.94921875,46,0.77490234375,43,0.57421875
31.7817,66,1.3486328125,16,3.94921875,46,0.77490234375,42,0.6572265625
31.7907,66,1.3486328125,53,-1.486328125,43,1.001953125,42,0.6572265625
31.8023,60,0.196533203125,53,-1.486328125,43,1.001953125,46,0.359130859375
31.8143,60,0.196533203125,67,-1.19140625,44,0.7646484375,46,0.359130859375
31.8256,59,-0.06640625,67,-1.19140625,44,0.7646484375,48,0.4599609375
31.8304,59,-0.06640625,64,0.4375,46,0.61669921875,50,0.07403564453125
31.8443,-3,9.65625,64,0.4375,46,0.61669921875,50,0.07403564453125
31.8544,-3,9.65625,21,5.12890625,50,0.30322265625,50,0.07403564453125
31.8652,20,1.3125,13,2.697265625,50,0.30322265625,50,0.2236328125
31.8766,20,1.3125,13,2.697265625,53,0.035980224609375,50,0.2236328125
31.8828,67,2.07421875,13,2.697265625,53,0.035980224609375,49,0.29541015625
31.8972,67,2.07421875,67,-2.755859375,42,1.326171875,46,0.493896484375
31.9041,71,1.2138671875,67,-2.755859375,42,1.326171875,46,0.493896484375
31.9129,71,1.2138671875,74,-1.8447265625,42,0.9716796875,46,0.493896484375
31.9238,28,5.5625,74,-1.8447265625,42,0.9716796875,45,0.343505859375
31.9361,28,5.5625,22,5.4453125,52,0.09600830078125,45,0.343505859375
31.9447,41,0.53173828125,22,5.4453125,52,0.09600830078125,44,0.5908203125
31.9584,41,0.53173828125,45,-0.126708984375,52,0.09600830078125,44,0.5908203125
31.9653,61,-0.80224609375,45,-0.126708984375,52,0.331787109375,45,0.51611328125
31.9779,61,-0.80224609375,63,-0.67626953125,52,0.331787109375,45,0.51611328125
31.9850,58,-0.0711669921875,63,-0.67626953125,40,1.345703125,47,0.275146484375
31.9976,58,-0.0711669921875,60,0.302978515625,40,1.345703125,47,0.275146484375
32.0042,15,2.39453125,60,0.302978515625,43,0.86962890625,48,0.212890625
32.0170,15,2.39453125,57,-0.31640625,43,0.86962890625,48,0.212890625
32.0270,18,2.06640625,57,-0.31640625,49,0.386474609375,50,-0.0799560546875
32.0364,18,2.06640625,27,4.31640625,49,0.386474609375,50,-0.0799560546875
32.0444,66,2.294921875,27,4.31640625,54,-0.11041259765625,51,0.10113525390625
32.0524,66,2.294921875,6,2.841796875,32,2.4453125,51,0.10113525390625
32.0651,73,1.48046875,6,2.841796875,32,2.4453125,49,0.3837890625
32.0743,73,1.48046875,66,-2.921875,40,0.78515625,49,0.3837890625
32.0869,73,1.48046875,66,-2.921875,40,0.78515625,45,0.58251953125
32.0942,4,7.203125,70,0.98681640625,40,0.78515625,45,0.58251953125
32.1076,4,7.203125,70,0.98681640625,59,0.95654296875,44,0.640625
32.1179,48,-1.30078125,30,3.6328125,59,0.95654296875,44,0.640625
32.1280,48,-1.30078125,30,3.6328125,55,0.1331787109375,42,0.6572265625
32.1336,71,1.5400390625,18,2.96484375,34,2.962890625,42,0.6572265625
32.1474,71,1.5400390625,18,2.96484375,34,2.962890625,45,0.433837890625
32.1542,53,0.87744140625,61,-2.025390625,34,2.962890625,45,0.433837890625
32.1669,53,0.87744140625,61,-2.025390625,34,1.4560546875,47,0.1719970703125
32.1739,54,0.405517578125,66,-0.463623046875,34,1.4560546875,47,0.1719970703125
32.1866,54,0.405517578125,66,-0.463623046875,52,-0.211181640625,47,0.1719970703125
32.1989,1,8.2734375,60,0.1650390625,52,-0.211181640625,48,0.44873046875
32.2092,1,8.2734375,60,0.1650390625,54,-0.06390380859375,50,0.074462890625
32.2192,44,-0.947265625,0,6.625,54,-0.06390380859375,50,0.074462890625
32.2279,44,-0.947265625,0,6.625,51,0.362060546875,51,-0.23095703125
32.2394,69,-1.40625,0,6.625,51,0.362060546875,51,-0.23095703125
32.2484,69,-1.40625,44,-1.1640625,49,0.73974609375,50,0.12371826171875
32.2554,63,0.138427734375,70,1.0087890625,49,0.73974609375,50,0.12371826171875
32.2680,63,0.138427734375,70,1.0087890625,48,0.552734375,50,0.12371826171875
32.2789,55,0.303955078125,64,-0.12420654296875,48,0.552734375,46,0.6455078125
32.2878,55,0.303955078125,64,-0.12420654296875,43,1.16015625,46,0.6455078125
32.3003,14,6.6875,26,2.384765625,43,1.16015625,44,0.6513671875
32.3061,14,6.6875,26,2.384765625,41,1.1142578125,41,0.7880859375
32.3183,27,0.74951171875,26,2.384765625,41,1.1142578125,41,0.7880859375
32.3261,27,0.74951171875,63,-2.279296875,45,0.6416015625,44,0.4248046875
32.3378,66,-1.609375,63,-2.279296875,45,0.6416015625,44,0.4248046875
32.3451,66,-1.609375,63,-0.11700439453125,54,-0.1363525390625,47,0.22900390625
32.3596,69,-0.59765625,55,0.244384765625,54,-0.1363525390625,47,0.22900390625
32.3652,69,-0.59765625,55,0.244384765625,47,0.8017578125,48,0.1463623046875
32.3793,63,-0.2332763671875,55,0.244384765625,47,0.8017578125,48,0.1463623046875
32.3875,63,-0.2332763671875,40,1.205078125,47,0.6435546875,50,0.160400390625
32.3931,38,1.9365234375,40,1.205078125,47,0.6435546875,50,0.160400390625
32.4073,38,1.9365234375,22,2.14453125,47,0.6103515625,50,0.160400390625
32.4131,3,3.298828125,22,2.14453125,47,0.6103515625,51,-0.1998291015625
32.4267,3,3.298828125,62,1.794921875,53,0.051849365234375,49,0.351806640625
32.4348,57,2.099609375,62,1.794921875,53,0.051849365234375,49,0.351806640625
32.4461,57,2.099609375,64,-0.135009765625,48,0.85888671875,49,0.351806640625
32.4624,72,1.1650390625,64,-0.135009765625,48,0.85888671875,46,0.65869140625
32.4682,72,1.1650390625,61,-0.220703125,29,1.9228515625,46,0.65869140625
32.4784,72,1.1650390625,61,-0.220703125,29,1.9228515625,45,0.55712890625
32.4880,41,2.15625,-2,8.0703125,47,0.1341552734375,42,0.740234375
32.4937,17,2.814453125,-2,8.0703125,47,0.1341552734375,42,0.740234375
32.5066,17,2.814453125,41,-1.1142578125,56,0.1282958984375,42,0.740234375
32.5187,59,1.8486328125,41,-1.1142578125,56,0.1282958984375,44,0.552734375
32.5264,59,1.8486328125,69,-1.8603515625,58,0.300048828125,44,0.552734375
32.5382,59,1.8486328125,69,-1.8603515625,58,0.300048828125,48,0.157470703125
32.5442,67,-0.771484375,65,-0.296875,49,0.6416015625,48,0.157470703125
32.5588,67,-0.771484375,65,-0.296875,49,0.6416015625,49,0.270263671875
32.5648,60,0.34375,30,2.037109375,44,1.0703125,49,0.270263671875
32.5769,60,0.34375,30,2.037109375,44,1.0703125,51,0.10626220703125
32.5869,31,2.1484375,58,1.0087890625,20,1.5947265625,51,0.10626220703125
32.5983,31,2.1484375,58,1.0087890625,20,1.5947265625,50,0.1307373046875
32.6051,51,-0.471923828125,64,0.45361328125,59,1.4541015625,50,0.1307373046875
32.6176,51,-0.471923828125,64,0.45361328125,59,1.4541015625,49,0.302978515625
32.6232,57,-0.1175537109375,25,4.65234375,18,0.93798828125,49,0.302978515625
32.6357,57,-0.1175537109375,25,4.65234375,18,0.93798828125,46,0.4736328125
32.6429,20,6.62109375,28,1.7880859375,53,-0.90380859375,46,0.4736328125
32.6554,20,6.62109375,28,1.7880859375,53,-0.90380859375,45,0.646484375
32.6647,39,0.280517578125,28,1.7880859375,60,-0.2310791015625,45,0.646484375
32.6780,39,0.280517578125,62,1.6845703125,60,-0.2310791015625,42,0.783203125
32.6840,64,-1.009765625,64,-0.51416015625,61,0.318603515625,42,0.783203125
32.6977,64,-1.009765625,64,-0.51416015625,61,0.318603515625,45,0.303955078125
32.7034,61,0.3173828125,64,-0.51416015625,61,0.318603515625,45,0.303955078125
32.7160,61,0.3173828125,57,0.169189453125,54,0.5224609375,49,0.032745361328125
32.7232,13,3.3203125,57,0.169189453125,54,0.5224609375,49,0.032745361328125
32.7353,13,3.3203125,43,0.916015625,3,5.83984375,51,-0.03900146484375
32.7459,58,-1.80078125,43,0.916015625,3,5.83984375,51,-0.03900146484375
32.7559,58,-1.80078125,3,3.28515625,41,-0.344970703125,51,0.04656982421875
32.7631,70,1.169921875,3,3.28515625,62,-1.0234375,51,0.04656982421875
32.7757,70,1.169921875,61,-2.796875,62,-1.0234375,49,0.205078125
32.7856,58,0.54736328125,61,-2.796875,62,0.45458984375,49,0.205078125
32.7969,58,0.54736328125,75,1.5185546875,62,0.45458984375,47,0.468505859375
32.8051,18,2.142578125,75,1.5185546875,62,0.45458984375,47,0.468505859375
32.8168,18,2.142578125,15,7.8671875,79,2.771484375,45,0.325439453125
32.8269,62,-1.5888671875,15,7.8671875,79,2.771484375,45,0.325439453125
32.8371,62,-1.5888671875,33,0.349609375,59,0.123046875,44,0.6552734375
32.8458,71,1.3251953125,33,0.349609375,59,0.123046875,44,0.6552734375
32.8594,71,1.3251953125,67,-1.8955078125,18,3.1796875,43,0.658203125
32.8687,64,0.3037109375,67,-1.8955078125,18,3.1796875,43,0.658203125
32.8806,64,0.3037109375,71,1.0859375,23,1.337890625,43,0.658203125
32.8879,26,4.7109375,71,1.0859375,23,1.337890625,46,0.215087890625
32.8977,26,4.7109375,23,5.30859375,62,1.802734375,46,0.215087890625
32.9047,3,3.56640625,23,5.30859375,62,1.802734375,48,0.0804443359375
32.9172,3,3.56640625,27,2.0078125,83,2.78125,48,0.0804443359375
32.9264,58,-2.025390625,27,2.0078125,83,2.78125,50,0.1043701171875
32.9407,58,-2.025390625,64,-1.9765625,65,0.168701171875,51,0.018280029296875
32.9481,69,0.85888671875,64,-1.9765625,65,0.168701171875,51,0.018280029296875
32.9575,69,0.85888671875,63,0.200439453125,-6,5.3046875,51,0.018280029296875
32.9679,69,0.85888671875,63,0.200439453125,-6,5.3046875,50,0.2493896484375
32.9740,60,0.382568359375,44,0.7412109375,37,-0.139404296875,50,0.2493896484375
32.9887,60,0.382568359375,44,0.7412109375,37,-0.139404296875,47,0.57373046875
32.9946,18,3.041015625,49,0.54541015625,65,1.1357421875,47,0.57373046875
33.0085,55,-1.1669921875,49,0.54541015625,65,1.1357421875,45,0.6142578125
33.0142,55,-1.1669921875,52,0.234619140625,78,1.0849609375,45,0.6142578125
33.0269,55,-1.1669921875,52,0.234619140625,78,1.0849609375,42,0.6142578125
33.0389,67,-1.1474609375,52,0.5673828125,1,6.11328125,42,0.6142578125
33.0462,67,-1.1474609375,52,0.5673828125,1,6.11328125,43,0.499267578125
33.0581,65,0.5703125,52,0.5673828125,45,-0.89208984375,43,0.499267578125
33.0680,20,5.15234375,47,0.6142578125,45,-0.89208984375,47,0.23291015625
33.0799,20,5.15234375,47,0.6142578125,64,1.04296875,47,0.23291015625
33.0900,20,5.15234375,49,-0.79345703125,64,1.04296875,47,0.5087890625
33.0995,22,1.408203125,49,-0.79345703125,64,1.04296875,47,0.5087890625
33.1095,22,1.408203125,50,0.483642578125,78,0.72998046875,50,0.09112548828125
33.1155,68,1.8193359375,50,0.483642578125,67,0.5810546875,50,0.09112548828125
33.1279,68,1.8193359375,52,0.35595703125,67,0.5810546875,51,0.1331787109375
33.1387,71,1.1484375,52,0.35595703125,67,0.5810546875,51,0.1331787109375
33.1460,71,1.1484375,47,0.5966796875,0,5.51171875,50,0.11431884765625
33.1595,56,0.25439453125,47,0.5966796875,0,5.51171875,50,0.11431884765625
33.1679,56,0.25439453125,47,0.9384765625,30,0.75439453125,47,0.435791015625
33.1810,50,0.89794921875,47,0.9384765625,30,0.75439453125,47,0.435791015625
33.1874,50,0.89794921875,49,0.421875,66,1.8203125,47,0.435791015625
33.2000,6,3.642578125,49,0.421875,66,1.8203125,45,0.464599609375
33.2074,6,3.642578125,50,0.446044921875,64,0.7529296875,45,0.464599609375
33.2196,61,-2.33203125,50,0.446044921875,53,0.4306640625,41,0.8896484375
33.2271,61,-2.33203125,47,0.78515625,53,0.4306640625,41,0.8896484375
33.2384,61,-2.33203125,47,0.78515625,53,0.4306640625,44,0.47412109375
33.2473,69,-0.9833984375,47,0.85107421875,48,1.576171875,44,0.47412109375
33.2584,69,-0.9833984375,47,0.85107421875,48,1.576171875,47,0.2154541015625
33.2668,64,-0.2435302734375,49,0.400634765625,-10,5.859375,47,0.2154541015625
33.2780,53,0.66748046875,49,0.400634765625,-10,5.859375,48,0.1693115234375
33.2913,53,0.66748046875,51,0.4052734375,42,0.79150390625,50,0.2509765625
33.2994,-8,6.4140625,51,0.4052734375,42,0.79150390625,50,0.2509765625
33.3078,-8,6.4140625,47,1.146484375,66,1.1416015625,50,0.2509765625
33.3189,31,0.19775390625,47,1.146484375,66,1.1416015625,51,0.12347412109375
33.3276,31,0.19775390625,46,1.0693359375,81,0.58544921875,51,0.12347412109375
33.3382,74,2.298828125,46,1.0693359375,81,0.58544921875,50,-0.140380859375
33.3470,74,2.298828125,49,0.48388671875,75,0.25244140625,50,-0.140380859375
33.3580,67,0.53515625,49,0.48388671875,75,0.25244140625,47,0.273681640625
33.3666,67,0.53515625,50,0.333740234375,14,6.54296875,47,0.273681640625
33.3795,8,9.1484375,50,0.333740234375,14,6.54296875,45,0.56005859375
33.3859,8,9.1484375,51,0.326416015625,6,3.6171875,45,0.56005859375
33.3972,20,1.806640625,51,0.326416015625,6,3.6171875,41,0.83447265625
33.4056,20,1.806640625,46,0.662109375,54,1.4970703125,41,0.83447265625
33.4182,67,2.30078125,46,0.662109375,54,1.4970703125,43,0.53662109375
33.4278,67,2.30078125,48,-1.0205078125,65,0.54736328125,43,0.53662109375
33.4386,74,1.505859375,48,-1.0205078125,65,0.54736328125,47,0.1016845703125
33.4461,74,1.505859375,48,0.46923828125,58,0.08203125,47,0.1016845703125
33.4578,74,1.505859375,48,0.46923828125,58,0.08203125,49,0.312255859375
33.4678,9,6.64453125,52,0.325439453125,62,1.037109375,49,0.312255859375
33.4792,45,-0.87255859375,52,0.325439453125,62,1.037109375,51,0.1517333984375
33.4874,45,-0.87255859375,49,0.432861328125,25,2.3046875,51,0.1517333984375
33.5001,68,-1.421875,49,0.432861328125,25,2.3046875,51,0.0909423828125
33.5074,68,-1.421875,49,0.432861328125,9,3.861328125,51,0.0909423828125
33.5199,68,-1.421875,48,0.8984375,9,3.861328125,49,0.4169921875
33.5276,65,-0.12017822265625,48,0.8984375,34,0.1859130859375,49,0.4169921875
33.5378,65,-0.12017822265625,46,0.62451171875,34,0.1859130859375,47,0.291015625
33.5468,21,3.0546875,49,0.420166015625,67,1.8251953125,47,0.291015625
33.5587,54,-1.169921875,49,0.420166015625,67,1.8251953125,45,0.60595703125
33.5662,54,-1.169921875,49,0.420166015625,65,0.72900390625,45,0.60595703125
33.5813,54,-1.169921875,50,0.335205078125,65,0.72900390625,42,0.7705078125
33.5860,66,-1.076171875,50,0.335205078125,47,1.2451171875,42,0.7705078125
33.5971,66,-1.076171875,50,0.34521484375,47,1.2451171875,44,0.53173828125
33.6052,62,-0.269775390625,50,0.34521484375,57,0.031585693359375,44,0.53173828125
33.6165,62,-0.269775390625,47,0.59765625,57,0.031585693359375,48,0.25927734375
33.6250,41,1.4443359375,47,0.59765625,0,5.7578125,48,0.25927734375
33.6360,41,1.4443359375,50,0.28125,0,5.7578125,50,-0.16943359375
33.6446,38,1.4736328125,50,0.28125,35,0.05322265625,50,-0.16943359375
33.6556,38,1.4736328125,50,0.384765625,35,0.05322265625,50,-0.16943359375
33.6637,50,0.1561279296875,50,0.384765625,63,1.271484375,51,0.11334228515625
33.6722,50,0.1561279296875,50,0.640625,63,1.271484375,50,0.259521484375
33.6862,56,-0.03717041015625,50,0.640625,63,0.2078857421875,50,0.259521484375
33.6944,56,-0.03717041015625,44,0.83984375,63,0.2078857421875,47,0.351318359375
33.7044,57,-0.051025390625,44,0.83984375,63,0.2078857421875,47,0.351318359375
33.7170,57,-0.051025390625,44,1.0703125,80,2.1171875,45,0.6533203125
33.7224,4,5.765625,44,1.0703125,-4,9.921875,45,0.6533203125
33.7350,4,5.765625,50,0.5380859375,-4,9.921875,45,0.6533203125
33.7420,46,-1.224609375,50,0.5380859375,-4,9.921875,45,0.5244140625
33.7548,46,-1.224609375,54,0.09075927734375,23,0.8935546875,45,0.5244140625
33.7658,65,-0.474365234375,54,0.09075927734375,23,0.8935546875,43,0.5458984375
33.7765,65,-0.474365234375,27,2.357421875,60,1.16796875,43,0.5458984375
33.7840,64,-0.0367431640625,27,2.357421875,60,1.16796875,46,0.33447265625
33.7963,64,-0.0367431640625,31,1.3349609375,67,0.744140625,46,0.33447265625
33.8032,64,-0.0367431640625,31,1.3349609375,67,0.744140625,47,0.203857421875
33.8161,61,-0.1632080078125,63,1.583984375,84,4.328125,47,0.203857421875
33.8277,5,4.8203125,63,1.583984375,64,0.252197265625,49,0.232666015625
33.8384,5,4.8203125,64,-1.0615234375,64,0.252197265625,49,0.232666015625
33.8440,12,2.46875,64,-1.0615234375,64,0.252197265625,51,0.07696533203125
33.8565,12,2.46875,19,5.11328125,0,3.291015625,51,0.07696533203125
33.8636,69,2.7265625,19,5.11328125,0,3.291015625,50,0.27099609375
33.8768,69,2.7265625,41,0.420166015625,55,1.6767578125,50,0.27099609375
33.8850,65,-0.1060791015625,41,0.420166015625,55,1.6767578125,46,0.319091796875
33.8923,65,-0.1060791015625,62,-0.84716796875,67,1.0849609375,46,0.319091796875
33.9049,60,0.033111572265625,62,-0.84716796875,67,1.0849609375,44,0.68115234375
33.9182,60,0.033111572265625,60,0.25390625,85,4.1796875,44,0.68115234375
33.9245,60,0.033111572265625,60,0.25390625,85,4.1796875,43,0.59033203125
33.9372,8,3.96875,56,0.1328125,21,3.595703125,43,0.59033203125
33.9450,8,3.96875,56,0.1328125,21,3.595703125,43,0.56103515625
33.9551,55,-1.7587890625,27,3.693359375,34,0.9599609375,43,0.56103515625
33.9662,55,-1.7587890625,27,3.693359375,34,0.9599609375,46,0.258056640625
33.9815,70,-1.041015625,4,3.048828125,58,-0.6630859375,46,0.258056640625
33.9857,70,-1.041015625,4,3.048828125,58,-0.6630859375,47,0.2340087890625
33.9990,55,0.2685546875,4,3.048828125,61,0.53662109375,47,0.2340087890625
34.0056,55,0.2685546875,64,2.64453125,61,0.53662109375,49,0.0640869140625
34.0177,19,2.294921875,64,2.64453125,60,0.213134765625,49,0.0640869140625
34.0282,62,-1.521484375,68,0.7763671875,60,0.213134765625,51,0.1025390625
34.0389,62,-1.521484375,68,0.7763671875,35,2.78515625,51,0.1025390625
34.0463,62,-1.521484375,49,0.921875,35,2.78515625,51,0.1025390625
34.0584,71,1.19921875,49,0.921875,28,1.7431640625,50,-0.124755859375
34.0679,71,1.19921875,17,2.615234375,28,1.7431640625,50,-0.124755859375
34.0798,20,7.1328125,17,2.615234375,60,1.51953125,47,0.474365234375
34.0867,20,7.1328125,54,-1.35546875,60,1.51953125,45,0.46533203125
34.0994,41,0.153564453125,54,-1.35546875,60,1.51953125,45,0.46533203125
34.1093,41,0.153564453125,67,-1.1630859375,60,-0.38330078125,45,0.46533203125
34.1204,64,-1.0224609375,67,-1.1630859375,51,0.384765625,42,0.80517578125
34.1289,64,-1.0224609375,61,-0.396728515625,51,0.384765625,42,0.80517578125
34.1344,62,-0.224853515625,61,-0.396728515625,54,0.0526123046875,43,0.470458984375
34.1487,62,-0.224853515625,27,4.29296875,54,0.0526123046875,43,0.470458984375
34.1580,56,0.51611328125,27,4.29296875,54,0.0526123046875,47,0.49853515625
34.1681,56,0.51611328125,4,3.478515625,2,2.98828125,48,0.12066650390625
34.1779,27,3.546875,4,3.478515625,2,2.98828125,48,0.12066650390625
34.1877,27,3.546875,61,2.369140625,26,0.91015625,48,0.12066650390625
34.1935,43,0.35791015625,61,2.369140625,57,-0.705078125,50,0.1768798828125
34.2061,43,0.35791015625,70,-1.2666015625,57,-0.705078125,50,0.1768798828125
34.2164,58,-0.365478515625,70,-1.2666015625,79,1.4140625,51,-0.11590576171875
34.2259,58,-0.365478515625,43,2.21875,79,1.4140625,51,-0.11590576171875
34.2378,59,0.1436767578125,43,2.21875,74,-0.56689453125,50,0.314697265625
34.2489,59,0.1436767578125,14,2.99609375,74,-0.56689453125,50,0.314697265625
34.2574,39,2.958984375,14,2.99609375,74,-0.56689453125,47,0.607421875
34.2662,39,2.958984375,62,2.31640625,31,4.9765625,47,0.607421875
34.2773,42,1.0107421875,62,2.31640625,31,4.9765625,45,0.58154296875
34.2859,42,1.0107421875,65,-0.306640625,1,6.79296875,45,0.58154296875
34.2951,56,-0.224609375,65,-0.306640625,35,0.12890625,41,0.8330078125
34.3053,56,-0.224609375,65,0.465576171875,35,0.12890625,41,0.8330078125
34.3163,55,0.3212890625,65,0.465576171875,35,0.12890625,42,0.59619140625
34.3250,55,0.3212890625,0,4.87890625,63,1.1220703125,42,0.59619140625
34.3358,30,2.240234375,0,4.87890625,63,1.1220703125,46,0.37353515625
34.3430,30,2.240234375,23,1.263671875,83,2.3125,46,0.37353515625
34.3555,46,0.059814453125,23,1.263671875,83,2.3125,49,0.1849365234375
34.3643,46,0.059814453125,71,2.40234375,45,1.2294921875,49,0.1849365234375
34.3782,58,-0.10675048828125,71,2.40234375,45,1.2294921875,51,0.0721435546875
34.3860,58,-0.10675048828125,69,-0.8037109375,2,5.7734375,51,0.0721435546875
34.3928,59,-0.18603515625,69,-0.8037109375,2,5.7734375,51,0.203369140625
34.4053,59,-0.18603515625,69,-0.8037109375,36,0.1361083984375,51,0.203369140625
34.4125,35,2.625,20,3.2890625,36,0.1361083984375,50,0.12261962890625
34.4236,35,2.625,50,-0.8759765625,63,0.998046875,50,0.12261962890625
34.4362,37,1.2919921875,50,-0.8759765625,63,0.998046875,47,0.5517578125
34.4447,37,1.2919921875,50,-0.8759765625,61,1.46484375,47,0.5517578125
34.4557,37,1.2919921875,65,-1.0732421875,61,1.46484375,45,0.6669921875
34.4645,58,-0.2396240234375,65,-1.0732421875,56,0.1312255859375,45,0.6669921875
34.4771,58,-0.2396240234375,61,-0.2254638671875,56,0.1312255859375,41,0.85107421875
34.4856,55,0.404541015625,61,-0.2254638671875,13,7.8515625,41,0.85107421875
34.4956,55,0.404541015625,56,-0.53857421875,13,7.8515625,44,0.46826171875
34.5052,4,3.890625,56,-0.53857421875,6,3.794921875,44,0.46826171875
34.5173,4,3.890625,-7,6.96875,6,3.794921875,47,0.1572265625
34.5256,56,-2.072265625,-7,6.96875,53,1.34765625,47,0.1572265625
34.5363,56,-2.072265625,25,0.625,53,1.34765625,47,0.1572265625
34.5453,72,1.3828125,25,0.625,63,-0.30126953125,49,0.324951171875
34.5560,72,1.3828125,72,2.1015625,63,-0.30126953125,49,0.324951171875
34.5660,63,-0.0278778076171875,72,2.1015625,73,1.03515625,51,0.2171630859375
34.5764,63,-0.0278778076171875,72,1.111328125,73,1.03515625,51,0.2171630859375
34.5854,57,0.217529296875,72,1.111328125,5,6.25,50,0.16552734375
34.5961,57,0.217529296875,19,5.16015625,5,6.25,50,0.16552734375
34.6045,-7,6.875,19,5.16015625,5,6.25,48,0.201171875
34.6202,-7,6.875,35,0.370849609375,33,0.36767578125,48,0.201171875
34.6242,32,-0.28173828125,35,0.370849609375,60,1.0380859375,46,0.662109375
34.6367,32,-0.28173828125,62,-1.0859375,60,1.0380859375,44,0.65087890625
34.6426,69,1.7724609375,62,-1.0859375,62,-0.11334228515625,44,0.65087890625
34.6562,69,1.7724609375,60,0.09515380859375,62,-0.11334228515625,44,0.65087890625
34.6633,72,1.2236328125,60,0.09515380859375,73,1.4267578125,43,0.646484375
34.6755,72,1.2236328125,51,0.53369140625,73,1.4267578125,43,0.646484375
34.6842,10,5.90625,51,0.53369140625,73,1.4267578125,45,0.373779296875
34.6953,10,5.90625,44,1.283203125,14,5.2734375,45,0.373779296875
34.7034,33,0.47900390625,44,1.283203125,29,0.51708984375,47,0.37646484375
34.7163,33,0.47900390625,44,0.9931640625,29,0.51708984375,47,0.37646484375
34.7231,65,-1.2060546875,44,0.9931640625,29,0.51708984375,48,0.1790771484375
34.7344,65,-1.2060546875,51,-0.299560546875,59,0.84619140625,48,0.1790771484375
34.7428,68,0.8896484375,51,-0.299560546875,59,0.84619140625,51,0.144775390625
34.7538,68,0.8896484375,54,0.28955078125,62,-0.08221435546875,51,0.144775390625
34.7626,50,1.388671875,54,0.28955078125,62,-0.08221435546875,50,0.275146484375
34.7733,50,1.388671875,44,1.15625,74,1.6982421875,50,0.275146484375
34.7835,46,0.96728515625,44,1.15625,74,1.6982421875,48,0.42041015625
34.7890,46,0.96728515625,41,1.1171875,8,6.359375,48,0.42041015625
34.8015,9,6.46484375,41,1.1171875,18,1.9033203125,44,0.728515625
34.8100,9,6.46484375,50,-0.46337890625,18,1.9033203125,44,0.728515625
34.8215,28,0.90625,50,-0.46337890625,18,1.9033203125,44,0.49560546875
34.8363,28,0.90625,58,-0.4736328125,61,1.75390625,44,0.49560546875
34.8415,28,0.90625,58,-0.4736328125,61,1.75390625,43,0.59912109375
34.8517,65,-1.359375,49,0.828125,67,1.1572265625,43,0.59912109375
34.8639,69,-0.77685546875,49,0.828125,67,1.1572265625,46,0.275146484375
34.8752,69,-0.77685546875,48,0.6376953125,57,0.1527099609375,46,0.275146484375
34.8832,66,0.51953125,48,0.6376953125,57,0.1527099609375,47,0.41748046875
34.8949,66,0.51953125,48,0.6376953125,61,2.392578125,47,0.41748046875
34.9033,66,0.51953125,44,0.90478515625,61,2.392578125,48,0.12420654296875
34.9161,25,4.16015625,44,0.90478515625,8,5.19921875,48,0.12420654296875
34.9231,25,4.16015625,46,0.1597900390625,8,5.19921875,51,-0.08929443359375
34.9363,3,3.228515625,46,0.1597900390625,29,0.5380859375,51,-0.08929443359375
34.9476,58,2.529296875,52,0.447021484375,29,0.5380859375,51,0.2232666015625
34.9550,58,2.529296875,52,0.447021484375,63,1.3408203125,51,0.2232666015625
34.9689,58,2.529296875,54,0.1396484375,63,1.3408203125,48,0.4169921875
34.9786,68,-0.384033203125,54,0.1396484375,64,0.63818359375,48,0.4169921875
34.9872,68,-0.384033203125,29,3.8203125,64,0.63818359375,46,0.30615234375
34.9992,65,-0.228515625,29,3.8203125,44,1.849609375,46,0.30615234375
35.0051,65,-0.228515625,42,0.147216796875,44,1.849609375,43,0.76025390625
35.0173,15,3.833984375,63,-1.3271484375,55,-0.11981201171875,43,0.76025390625
35.0258,15,3.833984375,63,-1.3271484375,55,-0.11981201171875,41,0.833984375
35.0385,42,-0.160888671875,60,-0.26220703125,14,3.890625,41,0.833984375
35.0460,42,-0.160888671875,60,-0.26220703125,14,3.890625,45,0.250244140625
35.0567,68,1.4580078125,60,-0.26220703125,20,1.7158203125,45,0.250244140625
35.0653,68,1.4580078125,29,4.4609375,20,1.7158203125,47,0.348876953125
35.0804,66,0.48095703125,29,4.4609375,58,1.208984375,47,0.348876953125
35.0867,66,0.48095703125,10,3.130859375,58,1.208984375,49,0.228515625
35.0955,35,3.107421875,10,3.130859375,64,-0.82470703125,49,0.228515625
35.1062,35,3.107421875,64,-2.5078125,64,-0.82470703125,49,0.228515625
35.1178,15,2.673828125,64,-2.5078125,61,0.295166015625,51,-0.148193359375
35.1245,15,2.673828125,73,1.6240234375,61,0.295166015625,51,0.04534912109375
35.1389,60,-1.0556640625,73,1.6240234375,30,2.076171875,51,0.04534912109375
35.1463,60,-1.0556640625,27,4.7890625,30,2.076171875,51,0.04534912109375
35.1569,66,-0.69921875,27,4.7890625,48,-0.18212890625,49,0.34619140625
35.1658,66,-0.69921875,45,-0.057830810546875,48,-0.18212890625,49,0.34619140625
35.1778,59,0.09088134765625,45,-0.057830810546875,48,-0.18212890625,45,0.68505859375
35.1860,59,0.09088134765625,61,-0.72705078125,60,-0.268310546875,45,0.68505859375
35.1993,58,0.046051025390625,61,-0.72705078125,60,-0.268310546875,42,0.8046875
35.2054,58,0.046051025390625,62,0.310546875,55,0.44384765625,42,0.8046875
35.2144,0,7.421875,62,0.310546875,39,1.197265625,41,0.80810546875
35.2267,0,7.421875,15,5.57421875,39,1.197265625,41,0.80810546875
35.2363,38,-0.400390625,15,5.57421875,39,1.197265625,45,0.3095703125
35.2461,38,-0.400390625,40,-0.10797119140625,48,0.2073974609375,45,0.3095703125
35.2570,66,-1.3486328125,40,-0.10797119140625,48,0.2073974609375,48,0.117431640625
35.2657,66,-1.3486328125,67,1.3671875,55,-0.201171875,48,0.117431640625
35.2775,63,0.1407470703125,67,1.3671875,51,0.6845703125,49,0.09912109375
35.2861,63,0.1407470703125,61,-0.1484375,51,0.6845703125,49,0.09912109375
35.2970,60,0.059478759765625,61,-0.1484375,51,0.6845703125,50,0.201416015625
35.3056,60,0.059478759765625,56,0.2171630859375,53,0.262939453125,50,0.201416015625
35.3173,44,1.455078125,56,0.2171630859375,53,0.262939453125,51,0.0919189453125
35.3268,44,1.455078125,-8,7.15625,1,7.17578125,51,0.0919189453125
35.3365,11,3.12890625,-8,7.15625,1,7.17578125,49,0.016265869140625
35.3450,11,3.12890625,35,-0.45849609375,37,-0.2442626953125,49,0.016265869140625
35.3558,60,-1.6494140625,35,-0.45849609375,37,-0.2442626953125,46,0.59326171875
35.3646,60,-1.6494140625,35,-0.45849609375,76,0.72119140625,46,0.59326171875
35.3756,69,0.96337890625,71,1.7587890625,76,0.72119140625,42,0.69970703125
35.3844,69,0.96337890625,71,1.7587890625,75,0.8125,42,0.69970703125
35.3952,69,0.96337890625,68,-1.056640625,75,0.8125,42,0.69970703125
35.4037,56,1.037109375,17,5.75390625,59,1.201171875,43,0.5673828125
35.4147,56,0.182861328125,17,5.75390625,59,1.201171875,46,0.35693359375
35.4231,56,0.182861328125,17,5.75390625,8,6.96875,46,0.35693359375
35.4372,9,7.1640625,25,1.9794921875,8,6.96875,49,0.1591796875
35.4433,9,7.1640625,25,1.9794921875,6,3.607421875,49,0.1591796875
35.4543,9,7.1640625,63,-1.4375,6,3.607421875,49,0.1591796875
35.4632,40,-0.2110595703125,63,-1.4375,53,1.5390625,50,0.1092529296875
35.4748,65,-1.083984375,64,-0.387451171875,53,1.5390625,50,0.1744384765625
35.4849,65,-1.083984375,64,-0.387451171875,4,11.515625,50,0.1744384765625
35.4986,65,-1.083984375,61,0.09564208984375,4,11.515625,50,0.1744384765625
35.5057,66,-0.490478515625,61,0.09564208984375,46,-0.393310546875,49,0.26171875
35.5170,66,-0.490478515625,-4,7.68359375,46,-0.393310546875,49,0.26171875
35.5255,38,1.92578125,-4,7.68359375,69,1.7041015625,46,0.48486328125
35.5366,38,1.92578125,24,0.74267578125,69,1.7041015625,46,0.48486328125
35.5452,46,0.40625,24,0.74267578125,91,1.8154296875,46,0.3232421875
35.5565,46,0.40625,70,1.84375,91,1.8154296875,46,0.3232421875
35.5669,61,-1.029296875,72,1.130859375,51,0.59130859375,43,0.6591796875
35.5763,61,-1.029296875,72,1.130859375,51,0.59130859375,45,0.445068359375
35.5860,53,0.87890625,72,1.130859375,59,0.05975341796875,45,0.445068359375
35.5983,53,0.87890625,17,6.24609375,59,0.05975341796875,45,0.445068359375
35.6048,52,0.477783203125,17,6.24609375,9,8.84375,47,0.409912109375
35.6161,52,0.477783203125,28,1.1435546875,9,8.84375,48,0.24267578125
35.6245,-1,9.578125,28,1.1435546875,3,3.697265625,48,0.24267578125
35.6358,-1,9.578125,64,-1.6640625,3,3.697265625,48,0.24267578125
35.6444,28,0.60009765625,64,-1.6640625,48,1.01171875,50,-0.12347412109375
35.6555,28,0.60009765625,61,0.048919677734375,48,1.01171875,50,-0.12347412109375
35.6638,67,-1.6376953125,61,0.048919677734375,65,0.59765625,51,0.1058349609375
35.6748,67,-1.6376953125,58,-0.174560546875,65,0.59765625,51,0.1058349609375
35.6839,70,-0.8388671875,58,-0.174560546875,57,1.4306640625,49,0.37451171875
35.6944,70,-0.8388671875,21,4.95703125,57,1.4306640625,46,0.53515625
35.7030,50,0.8642578125,21,4.95703125,0,6.20703125,46,0.53515625
35.7145,50,0.8642578125,16,2.00390625,0,6.20703125,45,0.58935546875
35.7227,47,0.9609375,16,2.00390625,45,-0.8515625,45,0.58935546875
35.7336,47,0.9609375,64,-1.7978515625,45,-0.8515625,43,0.7890625
35.7425,46,0.80322265625,64,-1.7978515625,62,1.123046875,43,0.7890625
35.7537,46,0.80322265625,69,1.009765625,62,1.123046875,45,0.3447265625
35.7621,52,0.1851806640625,69,1.009765625,62,1.123046875,45,0.3447265625
35.7741,52,0.1851806640625,30,4.4375,61,-0.124267578125,45,0.3447265625
35.7839,54,0.2113037109375,30,4.4375,61,-0.124267578125,47,0.1915283203125
35.7941,54,0.2113037109375,16,3.03125,69,1.5712890625,47,0.1915283203125
35.8029,49,1.0322265625,16,3.03125,69,1.5712890625,48,0.40576171875
35.8136,49,1.0322265625,63,-2.470703125,2,5.32421875,48,0.40576171875
35.8219,46,0.89111328125,63,-2.470703125,2,5.32421875,50,-0.0682373046875
35.8330,46,0.89111328125,64,-0.291748046875,48,-1.162109375,50,-0.0682373046875
35.8432,48,0.5595703125,64,-0.291748046875,48,-1.162109375,52,0.11505126953125
35.8544,48,0.5595703125,62,0.277587890625,66,1.3466796875,52,0.11505126953125
35.8629,47,0.85888671875,62,0.277587890625,66,1.3466796875,50,0.316162109375
35.8751,47,0.85888671875,19,5.265625,62,-0.373291015625,50,0.316162109375
35.8855,47,0.85888671875,19,5.265625,62,-0.373291015625,46,0.67822265625
35.8949,46,0.8974609375,15,1.9404296875,67,-0.422607421875,46,0.67822265625
35.9020,47,0.65234375,15,1.9404296875,67,-0.422607421875,44,0.71826171875
35.9145,47,0.65234375,71,2.478515625,4,4.63671875,44,0.71826171875
35.9229,51,0.212890625,71,2.478515625,4,4.63671875,40,0.89794921875
35.9344,51,0.212890625,72,-1.1962890625,50,-1.2080078125,40,0.89794921875
35.9432,51,0.212890625,72,-1.1962890625,50,-1.2080078125,44,0.406982421875
35.9536,51,0.544921875,20,4.140625,68,1.4814453125,44,0.406982421875
35.9664,51,0.544921875,20,4.140625,68,1.4814453125,47,0.283935546875
35.9762,52,0.416748046875,46,-0.68701171875,67,0.51904296875,47,0.283935546875
35.9835,48,0.85595703125,46,-0.68701171875,67,0.51904296875,48,0.310791015625
35.9916,48,0.85595703125,66,0.96923828125,66,0.5615234375,48,0.310791015625
36.0042,48,0.85595703125,66,0.96923828125,66,0.5615234375,51,-0.1771240234375
36.0154,46,0.85400390625,61,0.222412109375,10,3.478515625,51,-0.1771240234375
36.0226,46,0.85400390625,61,0.222412109375,10,3.478515625,52,0.151123046875
36.0363,48,0.5302734375,61,0.222412109375,51,-0.93603515625,52,0.151123046875
36.0449,48,0.5302734375,56,-0.39306640625,51,-0.93603515625,50,0.20947265625
36.0534,48,0.646484375,-6,7.4453125,66,1.220703125,50,0.20947265625
36.0653,48,0.646484375,-6,7.4453125,66,1.220703125,47,0.339111328125
36.0791,46,0.85693359375,30,0.357177734375,85,3.740234375,47,0.339111328125
36.0859,46,0.85693359375,30,0.357177734375,85,3.740234375,43,0.67724609375
36.1010,46,0.83349609375,30,0.357177734375,16,6.42578125,43,0.67724609375
36.1068,46,0.83349609375,71,1.8984375,16,6.42578125,39,1.0224609375
36.1140,52,0.26806640625,71,1.8984375,16,2.13671875,39,1.0224609375
36.1265,52,0.26806640625,71,1.1005859375,16,2.13671875,44,0.3916015625
36.1377,53,0.27490234375,71,1.1005859375,57,1.259765625,44,0.3916015625
36.1451,53,0.27490234375,15,4.953125,57,1.259765625,47,0.09661865234375
36.1574,50,0.63330078125,15,4.953125,57,1.259765625,47,0.09661865234375
36.1661,50,0.63330078125,39,0.287353515625,64,-0.515625,47,0.09661865234375
36.1770,46,0.89453125,39,0.287353515625,64,-0.515625,49,0.1343994140625
36.1865,46,0.89453125,72,1.9375,83,4.3359375,49,0.1343994140625
36.1992,47,0.5947265625,72,1.9375,83,4.3359375,50,0.2042236328125
36.2059,47,0.5947265625,63,0.1370849609375,60,0.21484375,50,0.2042236328125
36.2172,49,0.5234375,63,0.1370849609375,60,0.21484375,51,-0.2037353515625
36.2255,49,0.5234375,46,1.0830078125,13,2.357421875,49,0.1387939453125
36.2346,49,0.68359375,46,1.0830078125,13,2.357421875,49,0.1387939453125
36.2464,49,0.68359375,1,4.69140625,55,1.466796875,49,0.1387939453125
36.2572,49,0.68359375,1,4.69140625,55,1.466796875,47,0.322509765625
36.2658,31,3.6484375,54,1.794921875,67,1.0908203125,47,0.322509765625
36.2791,43,0.343505859375,72,-1.705078125,57,0.1278076171875,45,0.646484375
36.2875,43,0.343505859375,72,-1.705078125,57,0.1278076171875,42,0.71240234375
36.2963,59,-0.5859375,72,-1.705078125,57,0.1278076171875,42,0.71240234375
36.3050,59,-0.5859375,48,1.244140625,51,1.484375,42,0.71240234375
36.3165,59,-0.5859375,48,1.244140625,51,1.484375,45,0.35888671875
36.3260,57,-0.073486328125,26,2.212890625,3,5.6953125,45,0.35888671875
36.3357,57,-0.073486328125,26,2.212890625,3,5.6953125,48,0.1414794921875
36.3450,42,2.365234375,63,-2.08203125,35,-0.07763671875,49,0.261962890625
36.3556,47,-0.3955078125,63,-2.08203125,35,-0.07763671875,49,0.261962890625
36.3644,47,-0.3955078125,63,-0.128173828125,65,1.2353515625,49,0.261962890625
36.3752,47,-0.3955078125,63,-0.128173828125,65,1.2353515625,51,0.145263671875
36.3840,52,0.145263671875,63,-0.128173828125,64,0.5849609375,51,0.145263671875
36.3949,52,0.145263671875,48,0.84521484375,64,0.5849609375,50,0.1748046875
36.4033,49,0.6640625,48,0.84521484375,43,1.5517578125,50,0.1748046875
36.4153,49,0.6572265625,50,0.350830078125,43,1.5517578125,48,0.3720703125
36.4231,49,0.6572265625,50,0.350830078125,35,1.42578125,48,0.3720703125
36.4347,51,0.401611328125,50,0.406005859375,35,1.42578125,46,0.478759765625
36.4433,51,0.401611328125,50,0.406005859375,55,0.63720703125,46,0.478759765625
36.4547,51,0.401611328125,50,0.43994140625,55,0.63720703125,45,0.5146484375
36.4630,49,0.6279296875,50,0.43994140625,58,-0.262451171875,45,0.5146484375
36.4740,49,0.6279296875,48,0.6572265625,58,-0.262451171875,44,0.556640625
36.4841,48,0.71533203125,49,0.75634765625,49,0.912109375,44,0.556640625
36.4946,48,0.71533203125,49,0.75634765625,49,0.912109375,46,0.27294921875
36.5046,47,0.74951171875,49,0.75634765625,45,0.72998046875,46,0.27294921875
36.5167,47,0.74951171875,49,0.27392578125,45,0.72998046875,47,0.1611328125
36.5244,50,0.379638671875,49,0.27392578125,45,0.72998046875,47,0.1611328125
36.5355,50,0.379638671875,50,0.4697265625,43,0.98779296875,50,0.11322021484375
36.5462,47,1.0205078125,50,0.4697265625,43,0.98779296875,50,0.11322021484375
36.5550,47,1.0205078125,48,0.74755859375,43,1.021484375,50,0.11322021484375
36.5634,45,0.916015625,48,0.74755859375,45,0.7216796875,51,0.2412109375
36.5746,45,0.916015625,48,0.650390625,45,0.7216796875,51,0.2412109375
36.5844,44,0.97607421875,48,0.650390625,45,0.7216796875,49,0.308837890625
36.5955,44,0.97607421875,48,1.052734375,50,0.13916015625,49,0.308837890625
36.6043,50,0.11712646484375,48,1.052734375,50,0.13916015625,46,0.64306640625
36.6164,50,0.11712646484375,50,0.6845703125,51,0.42041015625,46,0.64306640625
36.6221,52,0.37255859375,50,0.6845703125,53,0.1756591796875,45,0.58154296875
36.6312,52,0.37255859375,51,0.56494140625,53,0.1756591796875,43,0.67626953125
36.6416,53,0.2244873046875,51,0.56494140625,48,0.6318359375,43,0.67626953125
36.6512,53,0.2244873046875,51,0.60302734375,48,0.6318359375,45,0.43115234375
36.6631,37,1.6552734375,51,0.60302734375,48,0.6318359375,45,0.43115234375
36.6713,37,1.6552734375,47,0.865234375,45,0.82958984375,46,0.52001953125
36.6828,46,0.2125244140625,47,0.865234375,17,2.66015625,46,0.52001953125
36.6952,46,0.2125244140625,48,0.7939453125,17,2.66015625,47,0.52978515625
36.7024,55,-0.12274169921875,48,0.7939453125,53,-1.1376953125,47,0.52978515625
36.7146,55,-0.12274169921875,49,0.6787109375,53,-1.1376953125,47,0.52978515625
36.7215,51,0.75390625,49,0.6787109375,60,0.308837890625,49,0.1658935546875
36.7303,51,0.75390625,50,0.62158203125,60,0.308837890625,51,0.06927490234375
36.7412,48,0.6787109375,50,0.62158203125,58,-0.11077880859375,51,0.06927490234375
36.7546,48,0.6787109375,48,0.6845703125,58,-0.11077880859375,51,0.06927490234375
36.7622,47,0.701171875,48,0.6845703125,71,1.3916015625,50,0.1524658203125
36.7741,47,0.701171875,47,0.8349609375,71,1.3916015625,50,0.1524658203125
36.7840,48,0.56591796875,47,0.8349609375,71,1.3916015625,46,0.58935546875
36.7946,48,0.56591796875,50,0.3916015625,24,5.1484375,46,0.58935546875
36.8025,44,0.97314453125,50,0.3916015625,24,5.1484375,44,0.6005859375
36.8145,44,0.97314453125,52,0.30712890625,3,3.693359375,44,0.6005859375
36.8214,48,0.3642578125,52,0.30712890625,3,3.693359375,42,0.85693359375
36.8336,48,0.3642578125,48,1.1435546875,33,0.366943359375,42,0.85693359375
36.8470,56,-0.32568359375,48,1.1435546875,33,0.366943359375,44,0.40576171875
36.8517,56,-0.32568359375,46,1.0009765625,68,1.830078125,44,0.40576171875
36.8620,51,0.833984375,46,1.0009765625,68,1.830078125,47,0.1446533203125
36.8750,51,0.833984375,48,0.7099609375,67,0.912109375,47,0.1446533203125
36.8836,5,4.4375,48,0.7099609375,67,0.912109375,48,0.376708984375
36.8907,5,4.4375,50,0.486328125,46,1.6181640625,48,0.376708984375
36.9025,57,2.388671875,50,0.486328125,46,1.6181640625,50,0.106689453125
36.9103,57,2.388671875,50,0.41796875,56,-0.05133056640625,50,0.106689453125
36.9215,65,-0.55322265625,50,0.41796875,56,-0.05133056640625,51,0.1314697265625
36.9298,65,-0.55322265625,46,0.59619140625,8,6.3828125,51,0.1314697265625
36.9424,63,0.1485595703125,46,0.59619140625,8,6.3828125,49,0.36767578125
36.9513,63,0.1485595703125,50,0.320068359375,17,1.9482421875,49,0.36767578125
36.9606,60,-0.11688232421875,50,0.320068359375,17,1.9482421875,46,0.5654296875
36.9749,60,-0.11688232421875,50,0.320068359375,62,1.6669921875,46,0.5654296875
36.9834,60,-0.11688232421875,51,0.3603515625,62,1.6669921875,44,0.6962890625
36.9917,-1,7.89453125,52,0.281494140625,68,1.0107421875,44,0.6962890625
37.0032,-1,7.89453125,52,0.281494140625,68,1.0107421875,41,0.869140625
37.0150,5,3.02734375,46,0.9072265625,55,0.5166015625,41,0.869140625
37.0251,5,3.02734375,46,0.9072265625,55,0.5166015625,43,0.491455078125
37.0356,62,2.837890625,46,0.5146484375,69,1.1142578125,43,0.491455078125
37.0432,62,2.837890625,46,0.5146484375,69,1.1142578125,48,0.036865234375
37.0544,67,-0.49755859375,49,0.6796875,2,6.7578125,48,0.036865234375
37.0629,67,-0.49755859375,49,0.6796875,2,6.7578125,49,0.10888671875
37.0713,61,0.1451416015625,49,0.6796875,21,1.408203125,49,0.10888671875
37.0863,61,0.1451416015625,51,0.42041015625,21,1.408203125,50,0.2098388671875
37.0940,24,3.123046875,51,0.42041015625,61,1.5615234375,50,0.2098388671875
37.1053,24,3.123046875,47,0.77880859375,61,1.5615234375,50,0.1170654296875
37.1144,37,0.58837890625,46,0.57373046875,69,1.2392578125,50,0.1170654296875
37.1281,37,0.58837890625,46,0.57373046875,69,1.2392578125,48,0.167724609375
37.1370,61,-0.57763671875,46,0.57373046875,51,1.3896484375,48,0.167724609375
37.1465,61,-0.57763671875,49,0.56396484375,51,1.3896484375,46,0.25830078125
37.1541,59,0.087890625,49,0.56396484375,62,0.5263671875,46,0.25830078125
37.1656,59,0.087890625,50,0.461669921875,62,0.5263671875,44,0.60986328125
37.1739,23,3.14453125,50,0.461669921875,17,4.5,44,0.60986328125
37.1870,23,3.14453125,48,0.87744140625,17,4.5,44,0.60986328125
37.1934,46,-0.140380859375,48,0.87744140625,8,3.65234375,41,0.876953125
37.2060,46,-0.140380859375,46,1.0234375,8,3.65234375,41,0.876953125
37.2195,65,-0.78955078125,46,1.0234375,8,3.65234375,44,0.52294921875
37.2257,65,-0.78955078125,49,0.27685546875,55,1.564453125,44,0.52294921875
37.2369,55,0.48828125,49,0.27685546875,55,1.564453125,47,0.385986328125
37.2472,55,0.48828125,51,0.2509765625,67,0.873046875,47,0.385986328125
37.2538,14,3.1796875,51,0.2509765625,67,0.873046875,50,0.086669921875
37.2659,14,3.1796875,51,0.31689453125,53,0.6396484375,50,0.086669921875
37.2730,61,-1.671875,51,0.31689453125,53,0.6396484375,51,0.1553955078125
37.2860,61,-1.671875,46,0.6962890625,50,1.2431640625,51,0.1553955078125
37.2930,73,1.3857421875,46,0.6962890625,50,1.2431640625,50,0.163818359375
37.3055,73,1.3857421875,48,0.71240234375,49,0.736328125,50,0.163818359375
37.3126,22,6.546875,48,0.71240234375,49,0.736328125,47,0.360107421875
37.3251,22,6.546875,50,0.41748046875,47,0.7861328125,47,0.360107421875
37.3363,41,0.260498046875,50,0.41748046875,47,0.7861328125,45,0.6806640625
37.3431,41,0.260498046875,52,0.35595703125,49,0.413330078125,45,0.6806640625
37.3520,61,-0.5478515625,52,0.35595703125,49,0.413330078125,44,0.6005859375
37.3644,61,-0.5478515625,48,0.75537109375,44,1.099609375,44,0.6005859375
37.3714,59,0.462646484375,48,0.75537109375,44,1.099609375,42,0.7421875
37.3852,59,0.462646484375,48,0.75537109375,20,1.5771484375,42,0.7421875
37.3919,59,0.035247802734375,47,0.39794921875,20,1.5771484375,45,0.382568359375
37.4046,59,0.035247802734375,46,0.63232421875,56,-0.83251953125,45,0.382568359375
37.4173,59,0.035247802734375,46,0.63232421875,56,-0.83251953125,47,0.348388671875
37.4229,0,6.46484375,49,0.459228515625,75,1.4541015625,47,0.348388671875
37.4313,0,6.46484375,49,0.459228515625,75,1.4541015625,49,0.1239013671875
37.4438,27,0.783203125,49,0.494140625,19,2.62890625,49,0.1239013671875
37.4550,27,0.783203125,49,0.494140625,19,2.62890625,51,0.1180419921875
37.4636,68,2.00390625,49,0.59423828125,59,1.470703125,51,0.1180419921875
37.4745,68,2.00390625,49,0.59423828125,59,1.470703125,50,0.205810546875
37.4839,67,0.7529296875,49,0.59423828125,82,2.7734375,50,0.205810546875
37.4944,67,0.7529296875,46,0.6396484375,82,2.7734375,47,0.3486328125
37.5032,57,0.2476806640625,46,0.6396484375,0,12.2265625,47,0.3486328125
37.5165,57,0.2476806640625,50,0.433349609375,0,12.2265625,44,0.68310546875
37.5238,55,0.2059326171875,50,0.433349609375,22,1.609375,44,0.68310546875
37.5306,55,0.2059326171875,51,0.3369140625,22,1.609375,43,0.705078125
37.5439,0,8.8515625,51,0.3369140625,22,1.609375,43,0.705078125
37.5544,0,8.8515625,50,0.64990234375,63,1.6982421875,43,0.63427734375
37.5618,27,0.78564453125,50,0.64990234375,82,1.83984375,43,0.63427734375
37.5741,27,0.78564453125,34,2.400390625,82,1.83984375,46,0.263916015625
37.5810,68,-2.080078125,34,2.400390625,12,9.03125,46,0.263916015625
37.5949,68,-2.080078125,42,0.560546875,12,9.03125,46,0.263916015625
37.6022,67,-0.578125,42,0.560546875,16,2.46875,47,0.546875
37.6148,67,-0.578125,60,-1.2158203125,16,2.46875,47,0.546875
37.6232,52,0.67578125,60,-1.2158203125,61,1.796875,49,0.19482421875
37.6343,52,0.67578125,34,1.4296875,61,1.796875,49,0.19482421875
37.6426,51,0.345458984375,34,1.4296875,85,3.41796875,51,0.09954833984375
37.6538,51,0.345458984375,31,1.3623046875,85,3.41796875,51,0.09954833984375
37.6623,5,4.60546875,31,1.3623046875,85,3.41796875,50,0.21875
37.6743,5,4.60546875,61,-1.9658203125,77,0.82958984375,50,0.21875
37.6847,48,-1.0810546875,61,-1.9658203125,77,0.82958984375,48,0.4765625
37.6973,48,-1.0810546875,62,-0.18701171875,14,7.61328125,48,0.4765625
37.7024,68,-1.087890625,62,-0.18701171875,14,7.61328125,45,0.48388671875
37.7150,68,-1.087890625,28,2.388671875,5,3.625,45,0.48388671875
37.7217,62,0.08843994140625,28,2.388671875,5,3.625,42,0.771484375
37.7345,62,0.08843994140625,54,-1.072265625,55,1.3212890625,42,0.771484375
37.7428,60,0.189697265625,54,-1.072265625,55,1.3212890625,42,0.607421875
37.7514,60,0.189697265625,60,-0.34423828125,75,0.93359375,42,0.607421875
37.7626,60,0.189697265625,60,-0.34423828125,75,0.93359375,46,0.3212890625
37.7718,-4,8.421875,56,0.4091796875,70,-0.2763671875,46,0.3212890625
37.7822,-4,8.421875,56,0.4091796875,70,-0.2763671875,48,0.129150390625
37.7917,24,0.85107421875,25,2.501953125,4,4.29296875,48,0.129150390625
37.8019,24,0.85107421875,25,2.501953125,4,4.29296875,50,0.103759765625
37.8130,69,2.0546875,49,-0.442138671875,48,-0.87646484375,50,0.103759765625
37.8202,69,2.0546875,49,-0.442138671875,48,-0.87646484375,51,0.119140625
37.8329,70,0.9423828125,67,-1.2861328125,67,1.390625,51,0.119140625
37.8409,70,0.9423828125,67,-1.2861328125,67,1.390625,51,-0.1605224609375
37.8537,23,5.9609375,67,-1.2861328125,87,3.232421875,51,-0.1605224609375
37.8625,23,5.9609375,31,3.482421875,87,3.232421875,47,0.52734375
37.8702,35,1.0439453125,23,2.17578125,14,0.1314697265625,47,0.52734375
37.8823,35,1.0439453125,23,2.17578125,14,0.1314697265625,44,0.62109375
37.8917,63,1.4052734375,63,1.9677734375,8,3.521484375,44,0.62109375
37.9017,63,1.4052734375,63,1.9677734375,8,3.521484375,40,0.88671875
37.9102,64,-0.57763671875,63,1.9677734375,54,1.263671875,40,0.88671875
37.9228,64,-0.57763671875,62,0.2366943359375,54,1.263671875,41,0.6650390625
37.9339,2,7.90625,62,0.2366943359375,67,1.3310546875,41,0.6650390625
37.9422,2,7.90625,57,-0.1708984375,67,1.3310546875,41,0.6650390625
37.9536,39,-0.31689453125,57,-0.1708984375,88,4.85546875,47,0.155029296875
37.9603,39,-0.31689453125,27,3.82421875,88,4.85546875,49,0.1693115234375
37.9715,69,-1.2705078125,27,3.82421875,62,2.212890625,49,0.1693115234375
37.9829,69,-1.2705078125,9,3.19921875,62,2.212890625,50,0.17626953125
37.9909,65,0.092529296875,9,3.19921875,2,5.828125,50,0.17626953125
38.0039,65,0.092529296875,64,2.513671875,2,5.828125,50,0.17626953125
38.0147,17,2.408203125,64,2.513671875,41,-0.1888427734375,50,0.18798828125
38.0244,17,2.408203125,71,-1.396484375,41,-0.1888427734375,50,0.18798828125
38.0357,61,-1.4267578125,71,-1.396484375,41,-0.1888427734375,49,0.29052734375
38.0439,61,-1.4267578125,21,6.015625,64,1.1142578125,49,0.29052734375
38.0567,72,1.5908203125,21,6.015625,61,-0.0946044921875,48,0.30224609375
38.0637,72,1.5908203125,31,1.08984375,61,-0.0946044921875,46,0.35791015625
38.0768,61,-0.0594482421875,31,1.08984375,61,-0.0946044921875,46,0.35791015625
38.0872,61,-0.0594482421875,61,-1.1181640625,44,1.197265625,43,0.7978515625
38.0963,55,0.3974609375,61,-1.1181640625,44,1.197265625,43,0.7978515625
38.1052,55,0.3974609375,62,-0.12091064453125,54,0.2431640625,43,0.7978515625
38.1186,-5,6.08984375,62,-0.12091064453125,3,5.703125,44,0.55029296875
38.1245,-5,6.08984375,56,-0.2449951171875,3,5.703125,44,0.55029296875
38.1369,44,-1.1611328125,56,-0.2449951171875,3,5.703125,47,0.156982421875
38.1440,44,-1.1611328125,35,2.22265625,46,-0.82421875,47,0.156982421875
38.1555,69,-1.333984375,35,2.22265625,46,-0.82421875,49,0.28759765625
38.1638,69,-1.333984375,2,3.375,64,0.9375,49,0.28759765625
38.1750,66,-0.08001708984375,2,3.375,64,0.9375,51,0.0687255859375
38.1834,66,-0.08001708984375,60,2.78515625,64,0.5234375,51,0.0687255859375
38.1954,12,3.572265625,60,2.78515625,64,0.5234375,51,0.1580810546875
38.2046,12,3.572265625,69,0.73095703125,69,0.70849609375,51,0.1580810546875
38.2155,54,-1.666015625,69,0.73095703125,69,0.70849609375,48,0.19140625
38.2244,54,-1.666015625,63,-0.179931640625,16,3.5,48,0.19140625
38.2379,69,0.892578125,63,-0.179931640625,16,3.5,45,0.56884765625
38.2464,69,0.892578125,63,-0.179931640625,29,0.8369140625,45,0.56884765625
38.2584,64,-0.0186920166015625,16,3.212890625,29,0.8369140625,45,0.61279296875
38.2670,64,-0.0186920166015625,48,-0.7548828125,66,1.7236328125,45,0.61279296875
38.2764,12,3.396484375,48,-0.7548828125,66,1.7236328125,42,0.845703125
38.2879,12,3.396484375,48,-0.7548828125,64,0.556640625,42,0.845703125
38.2983,57,-1.734375,68,-1.4716796875,64,0.556640625,45,0.392822265625
38.3054,57,-1.734375,68,-1.4716796875,59,0.142333984375,45,0.392822265625
38.3183,57,-1.734375,62,-0.328369140625,59,0.142333984375,47,0.41357421875
38.3267,69,-1.1064453125,32,3.330078125,62,0.884765625,47,0.41357421875
38.3376,69,-1.1064453125,32,3.330078125,62,0.884765625,49,0.07501220703125
38.3466,60,0.3154296875,32,3.330078125,10,4.09765625,49,0.07501220703125
38.3574,55,0.3056640625,7,3.46484375,10,4.09765625,51,0.0175018310546875
38.3645,55,0.3056640625,7,3.46484375,22,1.341796875,51,0.0175018310546875
38.3769,55,0.3056640625,60,-1.8681640625,22,1.341796875,51,0.1732177734375
38.3841,50,0.68310546875,60,-1.8681640625,62,1.583984375,51,0.1732177734375
38.3950,50,0.68310546875,74,1.404296875,62,1.583984375,49,0.1436767578125
38.4050,2,3.888671875,74,1.404296875,64,0.55224609375,49,0.1436767578125
38.4153,2,3.888671875,16,7.125,64,0.55224609375,46,0.5712890625
38.4231,46,-1.091796875,16,7.125,46,1.7060546875,46,0.5712890625
38.4354,46,-1.091796875,35,0.654296875,46,1.7060546875,45,0.5615234375
38.4428,66,-0.56884765625,35,0.654296875,56,-0.1329345703125,45,0.5615234375
38.4541,66,-0.56884765625,68,-1.6064453125,56,-0.1329345703125,44,0.669921875
38.4626,62,-0.0836181640625,68,-1.6064453125,-2,10.5390625,44,0.669921875
38.4735,62,-0.0836181640625,61,0.394775390625,-2,10.5390625,46,0.317138671875
38.4855,23,5.10546875,61,0.394775390625,19,1.7666015625,46,0.317138671875
38.4959,23,5.10546875,60,0.09649658203125,19,1.7666015625,46,0.317138671875
38.5032,42,0.09600830078125,60,0.09649658203125,59,1.400390625,47,0.53857421875
38.5142,42,0.09600830078125,-1,8.3828125,59,1.400390625,47,0.53857421875
38.5240,60,-0.58935546875,-1,8.3828125,59,1.400390625,48,0.165771484375
38.5371,60,-0.58935546875,24,0.75732421875,64,0.79248046875,48,0.165771484375
38.5451,59,-0.2188720703125,24,0.75732421875,81,1.6708984375,50,0.12274169921875
38.5563,59,-0.2188720703125,70,2.1328125,81,1.6708984375,50,0.12274169921875
38.5632,2,9.53125,70,2.1328125,81,1.6708984375,50,0.10162353515625
38.5756,2,9.53125,71,0.89892578125,25,2.849609375,49,0.3857421875
38.5862,34,0.2066650390625,71,0.89892578125,25,2.849609375,49,0.3857421875
38.5948,34,0.2066650390625,22,3.923828125,23,1.2421875,49,0.3857421875
38.6049,67,-1.26953125,22,3.923828125,62,1.6806640625,46,0.662109375
38.6145,67,-1.26953125,41,0.08502197265625,62,1.6806640625,46,0.662109375
38.6247,65,-0.2381591796875,41,0.08502197265625,62,1.6806640625,44,0.60400390625
38.6357,65,-0.2381591796875,66,1.2158203125,63,-0.2264404296875,44,0.60400390625
38.6426,10,3.9453125,66,1.2158203125,63,-0.2264404296875,42,0.68505859375
38.6551,10,3.9453125,54,0.53125,79,2.07421875,42,0.68505859375
38.6623,55,-0.951171875,54,0.53125,79,2.07421875,46,0.383544921875
38.6750,55,-0.951171875,38,1.1669921875,2,5.4296875,46,0.383544921875
38.6827,75,1.7607421875,38,1.1669921875,2,5.4296875,47,0.16064453125
38.6929,75,1.7607421875,52,-0.18994140625,46,-0.947265625,47,0.16064453125
38.7005,38,3.2265625,52,-0.18994140625,46,-0.947265625,48,0.19775390625
38.7124,38,3.2265625,52,-0.18994140625,67,1.4228515625,48,0.19775390625
38.7227,47,0.340576171875,57,-0.152587890625,67,1.4228515625,50,0.1951904296875
38.7321,47,0.340576171875,57,-0.152587890625,88,0.8603515625,50,0.1951904296875
38.7406,59,-0.7529296875,44,0.96044921875,88,0.8603515625,51,0.1551513671875
38.7478,59,-0.7529296875,47,-0.87255859375,68,0.1839599609375,51,0.1551513671875
38.7604,59,-0.7529296875,47,-0.87255859375,68,0.1839599609375,49,0.052581787109375
38.7716,59,-0.08087158203125,47,-0.87255859375,9,3.5546875,49,0.052581787109375
38.7802,59,-0.08087158203125,51,0.333984375,9,3.5546875,46,0.51220703125
38.7936,51,0.845703125,51,0.333984375,54,1.125,46,0.51220703125
38.8010,51,0.845703125,55,-0.254150390625,54,1.125,42,0.7158203125
38.8094,8,3.671875,47,0.97412109375,66,0.958984375,42,0.7158203125
38.8242,8,3.671875,47,0.97412109375,66,0.958984375,41,0.68310546875
38.8296,56,-1.9970703125,46,0.60546875,85,2.90625,41,0.68310546875
38.8422,56,-1.9970703125,46,0.60546875,85,2.90625,45,0.362060546875
38.8494,69,-1.0966796875,47,0.70703125,24,5.84375,45,0.362060546875
38.8623,69,-1.0966796875,47,0.70703125,24,5.84375,47,0.4052734375
38.8771,62,-0.17138671875,49,0.50634765625,25,1.0361328125,47,0.4052734375
38.8854,62,-0.17138671875,49,0.50634765625,25,1.0361328125,50,0.11505126953125
38.8958,56,0.434814453125,49,0.50634765625,25,1.0361328125,50,0.11505126953125
38.9053,56,0.434814453125,48,0.9072265625,58,0.88427734375,51,0.1435546875
38.9156,-7,7.40234375,48,0.9072265625,64,0.378662109375,51,0.1435546875
38.9240,-7,7.40234375,47,0.42919921875,64,0.378662109375,51,0.17333984375
38.9311,37,0.2274169921875,47,0.42919921875,78,1.4228515625,51,0.17333984375
38.9451,37,0.2274169921875,50,0.75927734375,78,1.4228515625,48,0.1800537109375
38.9507,69,1.41015625,50,0.75927734375,10,5.14453125,48,0.1800537109375
38.9632,69,1.41015625,50,0.62109375,10,5.14453125,48,0.1800537109375
38.9760,65,-0.50390625,50,0.62109375,29,0.75634765625,45,0.609375
38.9854,65,-0.50390625,50,0.48876953125,29,0.75634765625,45,0.609375
38.9953,65,-0.50390625,50,0.48876953125,29,0.75634765625,41,1.001953125
39.0050,21,5.69921875,46,1.0322265625,62,1.09375,41,0.68115234375
39.0153,27,1.70703125,46,1.0322265625,66,0.68896484375,41,0.68115234375
39.0234,27,1.70703125,49,0.456787109375,66,0.68896484375,41,0.68115234375
39.0361,64,-1.990234375,49,0.456787109375,66,0.68896484375,45,0.36083984375
39.0445,64,-1.990234375,49,0.466064453125,72,1.2490234375,45,0.36083984375
39.0558,64,-1.990234375,49,0.466064453125,72,1.2490234375,48,0.15966796875
39.0641,64,-0.2489013671875,50,0.5048828125,18,4.4453125,48,0.15966796875
39.0774,64,-0.2489013671875,50,0.5048828125,18,4.4453125,50,0.2447509765625
39.0873,36,1.53515625,46,0.70751953125,26,0.92822265625,50,0.2447509765625
39.0979,36,1.53515625,46,0.70751953125,26,0.92822265625,51,0.08367919921875
39.1066,54,-0.14404296875,46,0.82080078125,60,1.333984375,51,0.08367919921875
39.1177,54,-0.14404296875,46,0.82080078125,60,1.333984375,49,0.215576171875
39.1261,54,0.46728515625,50,0.3232421875,67,1.060546875,49,0.215576171875
39.1380,54,0.46728515625,50,0.3232421875,67,1.060546875,47,0.256591796875
39.1467,57,-0.055389404296875,53,0.2109375,44,2.23046875,47,0.256591796875
39.1571,57,-0.055389404296875,53,0.2109375,44,2.23046875,46,0.321533203125
39.1656,49,1.025390625,46,1.0419921875,55,0.1962890625,46,0.321533203125
39.1768,49,1.025390625,46,1.0419921875,55,0.1962890625,43,0.6630859375
39.1867,47,0.8486328125,45,0.99658203125,0,6.9375,43,0.6630859375
39.1973,5,7.35546875,45,0.99658203125,0,6.9375,45,0.403076171875
39.2060,5,7.35546875,45,0.99658203125,37,0.054046630859375,45,0.403076171875
39.2171,5,7.35546875,48,0.419921875,37,0.054046630859375,46,0.3564453125
39.2263,18,1.9560546875,48,0.419921875,66,1.26953125,46,0.3564453125
39.2398,18,1.9560546875,50,0.310546875,66,1.26953125,46,0.3564453125
39.2451,65,1.8740234375,50,0.310546875,65,0.485107421875,48,0.263427734375
39.2574,65,1.8740234375,48,0.66552734375,65,0.485107421875,50,0.147216796875
39.2657,73,1.5830078125,48,0.66552734375,65,0.485107421875,50,0.147216796875
39.2765,73,1.5830078125,46,1.078125,69,-1.0791015625,51,0.061676025390625
39.2884,63,-0.2379150390625,48,0.275634765625,13,3.673828125,51,0.061676025390625
39.2964,63,-0.2379150390625,48,0.275634765625,13,3.673828125,49,0.373046875
39.3052,41,2.2109375,50,0.3583984375,32,0.348388671875,49,0.373046875
39.3159,41,2.2109375,50,0.3583984375,32,0.348388671875,45,0.5703125
39.3256,-6,5.2578125,51,0.46630859375,64,1.3369140625,45,0.5703125
39.3373,-6,5.2578125,51,0.46630859375,64,1.3369140625,45,0.362548828125
39.3452,40,-0.865234375,47,0.73388671875,64,0.58056640625,45,0.362548828125
39.3564,40,-0.865234375,47,0.73388671875,64,0.58056640625,43,0.73583984375
39.3648,70,-1.06640625,46,0.91796875,64,0.58056640625,43,0.73583984375
39.3758,70,-1.06640625,46,0.91796875,45,1.4248046875,45,0.40185546875
39.3846,69,0.4306640625,46,0.6484375,56,-0.106689453125,45,0.40185546875
39.3954,69,0.4306640625,46,0.6484375,56,-0.106689453125,47,0.135986328125
39.4041,18,4.07421875,48,0.52783203125,1,5.71484375,47,0.135986328125
39.4151,18,4.07421875,48,0.52783203125,1,5.71484375,48,0.142578125
39.4242,43,-0.09625244140625,49,0.65966796875,42,-0.6025390625,48,0.142578125
39.4380,43,-0.09625244140625,49,0.65966796875,42,-0.6025390625,50,0.055633544921875
39.4446,63,-0.68798828125,49,0.65966796875,42,-0.6025390625,50,0.055633544921875
39.4565,63,-0.68798828125,49,0.4892578125,65,1.1259765625,51,0.09130859375
39.4641,62,-0.313720703125,47,0.71826171875,65,1.1259765625,51,0.09130859375
39.4760,62,-0.313720703125,47,0.71826171875,64,0.486572265625,51,0.09130859375
39.4844,54,0.7236328125,50,0.221435546875,72,0.228515625,49,0.1451416015625
39.4956,54,0.7236328125,50,0.221435546875,72,0.228515625,46,0.398681640625
39.5044,20,2.97265625,50,0.221435546875,72,0.228515625,46,0.398681640625
39.5160,20,2.97265625,51,0.373779296875,1,6.5859375,44,0.71435546875
39.5241,58,2.421875,51,0.373779296875,1,6.5859375,44,0.71435546875
39.5365,58,2.421875,50,0.1513671875,34,0.308349609375,44,0.71435546875
39.5449,62,-0.320556640625,50,0.1513671875,34,0.308349609375,42,0.74072265625
39.5569,62,-0.320556640625,39,1.8896484375,64,1.3017578125,42,0.74072265625
39.5645,0,8.6796875,39,1.8896484375,64,1.3017578125,46,0.223388671875
39.5763,0,8.6796875,42,0.9912109375,63,0.38427734375,46,0.223388671875
39.5843,30,0.5087890625,42,0.9912109375,63,0.38427734375,48,0.237548828125
39.5952,30,0.5087890625,54,-0.342529296875,78,2.556640625,48,0.237548828125
39.6039,68,1.8427734375,54,-0.342529296875,78,2.556640625,48,0.1998291015625
39.6180,68,1.8427734375,55,-0.038604736328125,60,0.053924560546875,48,0.1998291015625
39.6236,68,1.8427734375,55,-0.038604736328125,60,0.053924560546875,50,0.1148681640625
39.6353,68,-0.41015625,18,3.1796875,1,4.12109375,50,0.1148681640625
39.6429,33,2.029296875,18,3.1796875,1,4.12109375,51,0.055908203125
39.6551,33,2.029296875,49,-0.75439453125,48,1.21875,51,0.055908203125
39.6626,54,-0.2039794921875,49,-0.75439453125,48,1.21875,49,0.313720703125
39.6699,54,-0.2039794921875,67,1.3193359375,66,0.84033203125,49,0.313720703125
39.6805,54,-0.2039794921875,67,1.3193359375,66,0.84033203125,45,0.576171875
39.6941,59,0.0309295654296875,57,0.295654296875,66,0.84033203125,45,0.576171875
39.7017,59,0.0309295654296875,57,0.295654296875,60,0.09912109375,43,0.8232421875
39.7096,54,0.63330078125,56,0.11297607421875,60,0.09912109375,43,0.8232421875
39.7214,55,-0.04974365234375,56,0.11297607421875,67,1.375,41,0.82958984375
39.7333,55,-0.04974365234375,0,6.484375,-1,11.75,41,0.82958984375
39.7404,55,-0.04974365234375,0,6.484375,-1,11.75,45,0.40380859375
39.7494,-1,8.328125,38,-0.4130859375,5,3.091796875,45,0.40380859375
39.7617,-1,8.328125,38,-0.4130859375,5,3.091796875,48,0.3955078125
39.7691,27,0.85693359375,68,-1.10546875,5,3.091796875,48,0.3955078125
39.7798,27,0.85693359375,68,-1.10546875,58,1.6650390625,49,0.1651611328125
39.7942,65,-1.619140625,68,-1.10546875,58,1.6650390625,49,0.1651611328125
39.8021,65,-1.619140625,64,0.1884765625,80,1.1611328125,50,0.14013671875
39.8091,71,0.66943359375,26,2.21484375,80,1.1611328125,50,0.14013671875
39.8220,71,0.66943359375,26,2.21484375,85,2.244140625,50,0.1451416015625
39.8296,61,0.12939453125,56,-1.0908203125,85,2.244140625,50,0.1451416015625
39.8407,61,0.12939453125,56,-1.0908203125,22,3.783203125,49,0.0606689453125
39.8534,-2,6.91015625,63,-0.68994140625,22,3.783203125,49,0.0606689453125
39.8602,-2,6.91015625,63,-0.68994140625,9,3.80078125,46,0.392333984375
39.8747,42,-0.8271484375,63,-0.68994140625,9,3.80078125,46,0.392333984375
39.8879,42,-0.8271484375,30,3.80859375,57,1.560546875,44,0.71923828125
39.8937,69,-1.099609375,37,1.1513671875,57,1.560546875,44,0.71923828125
39.9085,69,-1.099609375,37,1.1513671875,66,0.84521484375,42,0.65576171875
39.9133,66,-0.08026123046875,57,-0.8330078125,66,0.84521484375,42,0.65576171875
39.9244,66,-0.08026123046875,57,-0.8330078125,84,1.5576171875,42,0.65576171875
39.9397,63,-0.2344970703125,58,-0.0831298828125,84,1.5576171875,45,0.45068359375
39.9440,63,-0.2344970703125,58,-0.0831298828125,-7,13.8515625,45,0.45068359375
39.9572,0,5.18359375,58,-0.0831298828125,-7,13.8515625,48,0.179443359375
39.9672,0,5.18359375,54,0.63037109375,21,1.2255859375,50,0.2435302734375
39.9763,8,2.98046875,54,0.63037109375,21,1.2255859375,50,0.2435302734375
39.9833,8,2.98046875,3,4.84765625,63,1.53515625,50,0.2435302734375
39.9995,64,2.490234375,50,-1.8515625,63,1.53515625,50,0.144287109375
40.0067,64,2.490234375,50,-1.8515625,92,1.4560546875,50,0.144287109375
40.0137,71,1.01171875,50,-1.8515625,92,1.4560546875,49,0.301513671875
40.0253,71,1.01171875,69,-1.0234375,92,1.4560546875,49,0.301513671875
40.0358,40,2.029296875,69,-1.0234375,4,12.4921875,46,0.472900390625
40.0459,40,2.029296875,62,0.1884765625,34,0.27001953125,46,0.472900390625
40.0572,40,2.029296875,62,0.1884765625,34,0.27001953125,45,0.427734375
40.0657,21,2.484375,29,2.18359375,62,0.9228515625,45,0.427734375
40.0743,21,2.484375,29,2.18359375,62,0.9228515625,43,0.66650390625
40.0876,57,-1.34765625,59,-1.5654296875,82,0.8857421875,43,0.66650390625
40.0958,62,-0.053070068359375,59,-1.5654296875,82,0.8857421875,43,0.58447265625
40.1081,62,-0.053070068359375,67,0.94384765625,82,0.8857421875,43,0.58447265625
40.1168,62,-0.1868896484375,67,0.94384765625,32,5.5703125,46,0.175537109375
40.1275,62,-0.1868896484375,20,5.74609375,32,5.5703125,46,0.175537109375
40.1389,62,-0.1868896484375,20,5.74609375,19,1.884765625,48,0.147216796875
40.1493,21,5.4765625,36,0.60009765625,60,1.6728515625,48,0.147216796875
40.1582,21,5.4765625,36,0.60009765625,60,1.6728515625,50,-0.1268310546875
40.1667,26,0.89501953125,61,-0.7587890625,65,0.52392578125,50,-0.1268310546875
40.1777,26,0.89501953125,61,-0.7587890625,65,0.52392578125,51,0.1414794921875
40.1869,62,-1.1982421875,59,-0.12347412109375,67,0.75537109375,51,0.1414794921875
40.1949,62,-1.1982421875,59,-0.12347412109375,67,0.75537109375,49,0.210205078125
40.2065,68,-0.82861328125,26,2.392578125,67,0.75537109375,49,0.210205078125
40.2144,68,-0.82861328125,26,2.392578125,0,6.91796875,46,0.437255859375
40.2256,60,-0.02362060546875,55,-1.044921875,0,6.91796875,46,0.437255859375
40.2367,56,0.275634765625,55,-1.044921875,39,-0.046112060546875,44,0.51123046875
40.2456,56,0.275634765625,61,-0.399169921875,39,-0.046112060546875,44,0.51123046875
40.2574,56,0.275634765625,61,-0.399169921875,66,1.373046875,44,0.51123046875
40.2656,-3,5.82421875,55,0.81640625,66,1.373046875,42,0.85498046875
40.2766,-3,5.82421875,55,0.81640625,88,1.21875,42,0.85498046875
40.2852,44,-1.046875,23,2.177734375,88,1.21875,43,0.548828125
40.2937,68,-1.373046875,23,2.177734375,18,8.5078125,43,0.548828125
40.3053,68,-1.373046875,56,-1.3525390625,18,8.5078125,46,0.303466796875
40.3162,68,-1.373046875,56,-1.3525390625,25,0.97216796875,46,0.303466796875
40.3248,64,0.1982421875,66,0.37451171875,25,0.97216796875,47,0.22705078125
40.3359,64,0.1982421875,66,0.37451171875,59,0.90185546875,47,0.22705078125
40.3445,27,2.5078125,66,0.37451171875,59,0.90185546875,50,0.0899658203125
40.3586,54,-0.96533203125,43,1.060546875,67,0.7626953125,51,0.1553955078125
40.3641,54,-0.96533203125,45,0.6806640625,67,0.7626953125,51,0.1553955078125
40.3752,66,0.83984375,45,0.6806640625,75,0.65771484375,50,0.0947265625
40.3838,66,0.83984375,49,0.5986328125,75,0.65771484375,50,0.0947265625
40.3947,66,0.83984375,49,0.5986328125,14,2.673828125,50,0.0947265625
40.4053,49,0.66845703125,55,-0.110107421875,14,2.673828125,46,0.611328125
40.4155,49,0.66845703125,55,-0.110107421875,53,-0.82275390625,46,0.611328125
40.4244,13,3.23828125,48,0.6220703125,53,-0.82275390625,44,0.681640625
40.4362,13,3.23828125,48,0.6220703125,65,1.041015625,44,0.681640625
40.4447,60,-1.5615234375,48,0.6220703125,65,1.041015625,41,1.0146484375
40.4591,60,-1.5615234375,46,0.6572265625,84,2.935546875,41,1.0146484375
40.4643,73,1.3857421875,46,0.6572265625,84,2.935546875,43,0.484619140625
40.4784,73,1.3857421875,43,0.94970703125,15,8.6953125,43,0.484619140625
40.4839,16,8.0859375,43,0.94970703125,15,8.6953125,47,0.296875
40.4951,16,8.0859375,49,0.314453125,23,1.2353515625,47,0.296875
40.5066,37,0.546875,49,0.314453125,23,1.2353515625,48,0.2064208984375
40.5146,37,0.546875,51,0.311279296875,59,1.0556640625,48,0.2064208984375
40.5259,64,-1.0576171875,51,0.381103515625,59,1.0556640625,49,0.1531982421875
40.5340,64,-1.0576171875,51,0.381103515625,64,0.39892578125,49,0.1531982421875
40.5444,64,-0.341796875,32,2.1875,64,0.39892578125,51,0.14111328125
40.5529,64,-0.341796875,32,2.1875,77,1.244140625,51,0.14111328125
40.5653,46,2.27734375,32,2.1875,77,1.244140625,50,0.1953125
40.5764,46,2.27734375,45,-0.202392578125,2,5.36328125,50,0.1953125
40.5850,41,0.5517578125,45,-0.202392578125,2,5.36328125,47,0.58935546875
40.5960,41,0.5517578125,62,-1.0634765625,49,-1.333984375,47,0.58935546875
40.6059,50,0.07464599609375,62,-1.0634765625,49,-1.333984375,44,0.52197265625
40.6122,50,0.07464599609375,55,0.255126953125,69,1.66015625,44,0.52197265625
40.6252,55,0.1484375,55,0.255126953125,69,1.66015625,40,1.056640625
40.6335,55,0.1484375,50,0.6396484375,90,4.546875,40,1.056640625
40.6432,51,0.69580078125,50,0.6396484375,90,4.546875,42,0.61572265625
40.6560,51,0.69580078125,5,3.875,90,4.546875,42,0.61572265625
40.6640,52,0.48681640625,5,3.875,64,0.428466796875,46,0.37548828125
40.6717,52,0.48681640625,56,-2.056640625,2,5.77734375,46,0.37548828125
40.6829,6,4.2578125,56,-2.056640625,2,5.77734375,49,-0.11529541015625
40.6927,6,4.2578125,70,-1.490234375,46,-0.916015625,49,-0.11529541015625
40.7033,58,-2.154296875,70,-1.490234375,46,-0.916015625,51,0.1953125
40.7174,58,-2.154296875,39,3.029296875,46,-0.916015625,51,0.1953125
40.7247,70,1.20703125,39,3.029296875,67,1.23046875,51,0.166015625
40.7356,70,1.20703125,43,0.9423828125,67,1.23046875,51,0.166015625
40.7425,64,0.2222900390625,43,0.9423828125,63,0.3447265625,49,0.2071533203125
40.7510,64,0.2222900390625,51,0.45068359375,59,2.228515625,49,0.2071533203125
40.7620,48,1.048828125,51,0.45068359375,59,2.228515625,49,0.2071533203125
40.7705,48,1.048828125,58,-0.264892578125,-10,6.203125,46,0.62451171875
40.7816,-5,5.96875,58,-0.264892578125,-10,6.203125,45,0.548828125
40.7909,-5,5.96875,49,0.71826171875,46,1.2197265625,45,0.548828125
40.8014,40,-0.75048828125,49,0.71826171875,46,1.2197265625,41,0.68310546875
40.8107,40,-0.75048828125,48,0.87939453125,66,1.1650390625,41,0.68310546875
40.8215,72,1.802734375,48,0.87939453125,66,1.1650390625,41,0.68310546875
40.8365,72,1.802734375,6,4.95703125,63,0.12060546875,44,0.461669921875
40.8426,65,0.45458984375,6,4.95703125,63,0.12060546875,44,0.461669921875
40.8510,65,0.45458984375,55,1.9404296875,63,0.12060546875,47,0.1024169921875
40.8623,7,7.984375,55,1.9404296875,78,2.013671875,47,0.1024169921875
40.8706,7,7.984375,68,0.99951171875,78,2.013671875,49,0.1173095703125
40.8854,7,7.984375,68,0.99951171875,6,7.71484375,49,0.1173095703125
40.8963,27,0.9677734375,51,0.483154296875,6,7.71484375,51,0.090576171875
40.9076,71,2.20703125,51,0.483154296875,15,2.3046875,50,0.2626953125
40.9183,71,2.20703125,39,1.1171875,15,2.3046875,50,0.2626953125
40.9272,72,1.255859375,39,1.1171875,57,1.4150390625,50,0.2626953125
40.9405,72,1.255859375,39,1.1171875,57,1.4150390625,48,0.304931640625
40.9467,7,7.359375,50,-0.04595947265625,65,0.73193359375,48,0.304931640625
40.9561,7,7.359375,57,-0.11053466796875,65,0.73193359375,46,0.619140625
40.9664,7,7.359375,57,-0.11053466796875,56,0.28857421875,46,0.619140625
40.9752,41,-0.45458984375,56,0.19775390625,56,0.28857421875,45,0.5859375
40.9907,69,1.6318359375,56,0.19775390625,57,0.492919921875,44,0.63818359375
40.9961,69,1.6318359375,21,4.98828125,57,0.492919921875,44,0.63818359375
41.0090,69,1.6318359375,21,4.98828125,41,0.7431640625,44,0.63818359375
41.0186,67,-0.494384765625,21,1.01953125,41,0.7431640625,46,0.329833984375
41.0297,19,3.462890625,21,1.01953125,0,4.3046875,46,0.329833984375
41.0382,19,3.462890625,65,-1.7626953125,0,4.3046875,47,0.1463623046875
41.0509,52,-1.04296875,65,-1.7626953125,37,-0.04730224609375,49,0.1455078125
41.0612,52,-1.04296875,71,1.248046875,37,-0.04730224609375,49,0.1455078125
41.0724,52,-1.04296875,71,1.248046875,63,1.1279296875,49,0.1455078125
41.0780,66,-1.03515625,31,3.26171875,63,1.1279296875,51,-0.045562744140625
41.0935,66,-1.03515625,31,3.26171875,63,0.53564453125,51,-0.045562744140625
41.0997,63,-0.272705078125,44,0.1326904296875,63,0.53564453125,50,0.2213134765625
41.1131,63,-0.272705078125,44,0.1326904296875,70,1.7060546875,50,0.2213134765625
41.1194,47,0.78271484375,62,0.9765625,70,1.7060546875,48,0.364990234375
41.1325,47,0.78271484375,62,0.9765625,60,0.0205841064453125,48,0.364990234375
41.1391,45,0.9931640625,59,-0.351318359375,60,0.0205841064453125,46,0.385498046875
41.1505,45,0.9931640625,59,-0.351318359375,0,5.08984375,46,0.385498046875
41.1614,48,0.60498046875,29,3.826171875,0,5.08984375,44,0.56689453125
41.1720,48,0.60498046875,29,3.826171875,28,0.56982421875,44,0.56689453125
41.1807,50,0.53271484375,8,3.109375,28,0.56982421875,44,0.485107421875
41.1918,50,0.53271484375,8,3.109375,65,1.5751953125,44,0.485107421875
41.2006,53,0.1497802734375,8,3.109375,65,1.5751953125,46,0.291748046875
41.2106,53,0.1497802734375,63,2.095703125,87,2.912109375,46,0.291748046875
41.2220,50,1.0244140625,63,2.095703125,87,2.912109375,47,0.44580078125
41.2332,50,1.0244140625,73,1.5087890625,4,5.66015625,47,0.44580078125
41.2407,48,0.7265625,73,1.5087890625,4,5.66015625,48,0.27197265625
41.2493,48,0.7265625,18,6.6953125,51,1.71484375,48,0.27197265625
41.2643,49,0.63037109375,35,0.65478515625,51,1.71484375,51,-0.167724609375
41.2702,49,0.63037109375,35,0.65478515625,67,1.3720703125,51,-0.167724609375
41.2809,49,0.54052734375,35,0.65478515625,67,1.3720703125,51,0.10906982421875
41.2897,49,0.54052734375,64,-1.1962890625,85,2.267578125,51,0.10906982421875
41.3011,50,0.64453125,64,-1.1962890625,85,2.267578125,48,0.35986328125
41.3095,50,0.64453125,60,0.11322021484375,1,8.109375,48,0.35986328125
41.3220,2,6.375,60,0.11322021484375,1,8.109375,46,0.316650390625
41.3301,2,6.375,58,-0.1297607421875,37,0.2091064453125,46,0.316650390625
41.3399,42,-0.759765625,58,-0.1297607421875,37,0.2091064453125,43,0.70361328125
41.3496,42,-0.759765625,12,4.92578125,37,0.2091064453125,43,0.70361328125
41.3592,67,-1.18359375,12,4.92578125,61,-0.7119140625,42,0.64208984375
41.3694,67,-1.18359375,6,3.115234375,61,-0.7119140625,42,0.64208984375
41.3811,68,0.48291015625,6,3.115234375,19,8.1953125,46,0.2275390625
41.3906,68,0.48291015625,63,-2.712890625,48,1.2041015625,46,0.2275390625
41.4009,60,-0.282958984375,63,-2.712890625,48,1.2041015625,46,0.2275390625
41.4091,60,-0.282958984375,65,0.66748046875,60,0.79345703125,46,0.205810546875
41.4221,-8,7.17578125,65,0.66748046875,60,0.79345703125,44,0.261474609375
41.4287,-8,7.17578125,60,-0.335693359375,60,0.79345703125,44,0.261474609375
41.4395,20,1.107421875,60,-0.335693359375,57,-0.046112060546875,45,0.09332275390625
41.4483,20,1.107421875,-6,6.7265625,57,-0.046112060546875,45,0.09332275390625
41.4596,65,2.2109375,-6,6.7265625,50,0.1690673828125,45,0.09332275390625
41.4681,65,2.2109375,17,1.498046875,50,0.1690673828125,45,0.07525634765625
41.4780,61,-0.295166015625,17,1.498046875,17,3.4765625,44,0.234375
41.4877,61,-0.295166015625,68,2.955078125,17,3.4765625,44,0.234375
41.4968,57,-0.06378173828125,68,2.955078125,7,3.236328125,44,0.234375
41.5077,57,-0.06378173828125,50,-0.040008544921875,7,3.236328125,41,0.58837890625
41.5184,-6,7.3984375,50,-0.040008544921875,52,1.599609375,40,0.59033203125
41.5269,-6,7.3984375,51,0.106689453125,52,1.599609375,40,0.59033203125
41.5382,17,1.37109375,51,0.106689453125,59,0.62841796875,38,0.7529296875
41.5479,17,1.37109375,0,5.62890625,59,0.62841796875,38,0.7529296875
41.5605,17,1.37109375,0,5.62890625,53,2.177734375,38,0.7529296875
41.5705,64,2.126953125,21,1.11328125,53,2.177734375,38,0.57666015625
41.5809,5,1.376953125,21,1.11328125,54,0.09625244140625,38,0.57666015625
41.5896,5,1.376953125,60,-1.541015625,54,0.09625244140625,42,0.2054443359375
41.6008,5,1.376953125,60,-1.541015625,48,0.4033203125,42,0.2054443359375
41.6095,28,0.5322265625,64,-1.09765625,48,0.4033203125,45,0.064208984375
41.6222,63,1.5712890625,64,-1.09765625,-1,5.921875,45,0.07208251953125
41.6303,63,1.5712890625,42,1.6376953125,-1,5.921875,45,0.07208251953125
41.6417,63,1.5712890625,42,1.6376953125,7,2.65625,45,0.07208251953125
41.6500,65,0.904296875,42,1.6376953125,7,2.65625,45,0.250732421875
41.6612,65,0.904296875,-7,6.35546875,56,1.9658203125,45,0.250732421875
41.6680,1,9.375,33,-0.451416015625,56,1.9658203125,45,0.2109375
41.6801,1,9.375,33,-0.451416015625,59,0.267333984375,45,0.2109375
41.6905,26,0.73095703125,71,2.259765625,59,0.267333984375,44,0.180908203125
41.6971,26,0.73095703125,71,2.259765625,78,3.556640625,44,0.180908203125
41.7099,67,2.251953125,71,2.259765625,78,3.556640625,41,0.4580078125
41.7167,67,2.251953125,35,3.6640625,57,-1.02734375,41,0.4580078125
41.7292,67,1.072265625,35,3.6640625,57,-1.02734375,40,0.64111328125
41.7362,67,1.072265625,42,0.50146484375,-1,1.4921875,40,0.64111328125
41.7497,13,6.70703125,42,0.50146484375,-1,1.4921875,37,0.830078125
41.7570,13,6.70703125,48,0.8486328125,19,0.75634765625,37,0.830078125
41.7694,11,2.20703125,48,0.8486328125,19,0.75634765625,36,0.2861328125
41.7766,11,2.20703125,48,-0.49365234375,51,1.6181640625,36,0.2861328125
41.7877,50,-1.359375,48,-0.49365234375,51,1.6181640625,35,0.294189453125
41.7961,50,-1.359375,25,2.970703125,52,0.611328125,35,0.294189453125
41.8084,59,-1.125,25,2.970703125,52,0.611328125,35,0.339111328125
41.8157,59,-1.125,0,2.984375,39,0.705078125,35,0.339111328125
41.8284,47,-0.0230712890625,0,2.984375,39,0.705078125,35,0.12359619140625
41.8395,47,-0.0230712890625,42,1.5419921875,-4,3.95703125,35,0.12359619140625
41.8465,43,0.51611328125,42,1.5419921875,-4,3.95703125,35,0.34130859375
41.8565,43,0.51611328125,59,1.2216796875,21,0.7548828125,35,0.34130859375
41.8659,-8,4.8125,59,1.2216796875,21,0.7548828125,35,0.368896484375
41.8751,-8,4.8125,49,0.445068359375,57,2.1484375,35,0.368896484375
41.8863,14,1.5498046875,49,0.445068359375,57,2.1484375,36,0.2213134765625
41.8990,14,1.5498046875,-8,5.96875,57,2.1484375,36,0.2213134765625
41.9083,58,-2.3046875,-8,5.96875,56,0.58544921875,36,0.289794921875
41.9181,58,-2.3046875,18,0.6015625,56,0.58544921875,36,0.289794921875
41.9261,58,-2.3046875,18,0.6015625,0,4.63671875,35,0.27392578125
41.9353,60,0.84814453125,60,-2.814453125,0,4.63671875,35,0.27392578125
41.9497,0,3.79296875,60,-2.814453125,7,2.10546875,34,0.548828125
41.9575,0,3.79296875,59,0.337890625,7,2.10546875,34,0.548828125
41.9669,0,3.79296875,59,0.337890625,43,1.1103515625,34,0.428955078125
41.9756,19,0.70849609375,-2,5.80859375,43,1.1103515625,34,0.428955078125
41.9868,19,0.70849609375,-2,5.80859375,51,0.61328125,33,0.52099609375
41.9950,55,1.87890625,7,1.8125,51,0.61328125,33,0.52099609375
42.0062,55,1.87890625,7,1.8125,47,0.0404052734375,32,0.54638671875
42.0192,56,0.88037109375,7,1.8125,47,0.0404052734375,32,0.54638671875
42.0270,56,0.88037109375,59,2.955078125,-6,6.3828125,34,0.372802734375
42.0356,0,6.64453125,61,1.4794921875,-6,6.3828125,34,0.372802734375
42.0492,0,6.64453125,61,1.4794921875,21,0.599609375,34,0.372802734375
42.0580,18,1.0556640625,16,4.10546875,21,0.599609375,35,0.2471923828125
42.0737,18,1.0556640625,16,4.10546875,53,1.4501953125,35,0.2471923828125
42.0857,59,2.44140625,16,4.10546875,53,1.4501953125,36,0.09515380859375
42.0942,59,2.44140625,4,1.9375,46,0.1632080078125,36,-0.1241455078125
42.1022,45,-0.324951171875,51,-2.572265625,46,0.1632080078125,36,-0.1241455078125
42.1131,45,-0.324951171875,51,-2.572265625,47,0.442138671875,36,-0.1241455078125
42.1309,12,2.05859375,56,1.466796875,-5,6.3125,36,0.09942626953125
42.1421,47,1.6669921875,56,1.466796875,-5,6.3125,33,0.50537109375
42.1490,47,1.6669921875,43,0.265869140625,3,1.8408203125,33,0.50537109375
42.1616,58,1.4716796875,43,0.265869140625,3,1.8408203125,31,0.356689453125
42.1685,58,1.4716796875,2,1.99609375,3,1.8408203125,31,0.356689453125
42.1806,26,2.802734375,2,1.99609375,36,1.0244140625,29,0.462890625
42.1908,26,2.802734375,28,-0.3916015625,57,1.63671875,29,0.462890625
42.2017,1,2.63671875,28,-0.3916015625,57,1.63671875,28,0.775390625
42.2091,1,2.63671875,49,1.033203125,51,0.2139892578125,28,0.775390625
42.2253,39,1.4169921875,49,1.033203125,51,0.2139892578125,29,0.335205078125
42.2296,39,1.4169921875,53,1.41015625,-6,6.546875,29,0.335205078125
42.2386,50,0.4208984375,53,1.41015625,-6,6.546875,30,0.2001953125
42.2492,50,0.4208984375,30,2.271484375,-6,6.546875,30,0.2001953125
42.2593,47,0.4326171875,30,2.271484375,6,1.7431640625,28,0.44482421875
42.2697,47,0.4326171875,-7,3.86328125,49,2.234375,28,0.44482421875
42.2808,1,2.904296875,-7,3.86328125,49,2.234375,24,0.90771484375
42.2908,1,2.904296875,18,0.73876953125,53,0.5068359375,24,0.90771484375
42.3014,27,-0.345947265625,18,0.73876953125,53,0.5068359375,28,0.5166015625
42.3095,27,-0.345947265625,58,2.74609375,47,0.221435546875,28,0.5166015625
42.3208,27,-0.345947265625,58,2.74609375,47,0.221435546875,32,0.06793212890625
42.3298,48,1.0087890625,59,1.3076171875,47,0.221435546875,32,0.06793212890625
42.3385,47,0.1925048828125,59,1.3076171875,-5,5.578125,33,0.2252197265625
42.3484,47,0.1925048828125,-4,7.2421875,-5,5.578125,33,0.2252197265625
42.3606,47,0.1925048828125,-4,7.2421875,4,1.8203125,32,0.153076171875
42.3701,5,2.75390625,7,1.884765625,4,1.8203125,32,0.153076171875
42.3785,5,2.75390625,7,1.884765625,52,2.40625,31,0.2237548828125
42.3902,31,-0.54931640625,36,1.7353515625,52,2.40625,31,0.2237548828125
42.3997,45,-0.66845703125,36,1.7353515625,55,3.998046875,2,-0.3359375
42.4103,45,-0.66845703125,50,-0.370361328125,55,3.998046875,2,-0.3359375
42.4215,45,-0.66845703125,50,-0.370361328125,39,-0.10516357421875,0,-0.0859375
42.4302,46,-0.036773681640625,23,-0.35693359375,39,-0.10516357421875,0,-0.0859375
42.4385,46,-0.036773681640625,23,-0.35693359375,-4,-0.11865234375,0,0.07464599609375
42.4509,15,-0.0809326171875,23,-0.35693359375,-4,-0.11865234375,0,0.07464599609375
42.4617,15,-0.0809326171875,-7,0.09039306640625,0,-0.049407958984375,0,0.1019287109375
42.4719,-21,0.09332275390625,-7,0.09039306640625,0,-0.049407958984375,0,0.1019287109375
42.4810,-21,0.09332275390625,0,0.06353759765625,0,0.047882080078125,0,0.1019287109375
42.4895,-25,2.408203125,0,2.3515625,0,0.047882080078125,0,0.11956787109375
42.5030,-25,2.408203125,0,2.3515625,0,2.443359375,0,0.11956787109375
42.5120,19,-0.33251953125,0,2.3515625,0,2.443359375,8,0.96875
42.5274,-1,3.892578125,17,1.421875,2,0.76513671875,18,-0.31640625
42.5391,-1,3.892578125,17,1.421875,16,0.1470947265625,18,-0.31640625
42.5492,6,-0.64208984375,32,-0.193603515625,16,0.1470947265625,8,-0.06365966796875
42.5561,6,-0.64208984375,32,-0.193603515625,4,0.0953369140625,0,0.10833740234375
42.5682,8,0.1346435546875,32,-0.193603515625,4,0.0953369140625,0,0.10833740234375
42.5823,8,0.1346435546875,30,0.09454345703125,1,0.05084228515625,0,0.1407470703125
42.5895,-8,-0.1646728515625,30,0.09454345703125,1,0.05084228515625,0,0.1407470703125
42.6059,-8,-0.1646728515625,-6,-0.150634765625,0,-0.06365966796875,0,0.1407470703125
42.6109,-1,-0.144775390625,0,0.251220703125,0,-0.06365966796875,0,0.04229736328125
42.6199,-1,-0.144775390625,0,0.251220703125,0,-0.0211944580078125,0,0.04229736328125
42.6313,0,0.060394287109375,0,0.251220703125,0,-0.0211944580078125,0,0.1318359375
42.6421,0,0.060394287109375,0,-0.2337646484375,0,-0.026641845703125,0,0.1318359375
42.6526,0,0.057159423828125,0,-0.2337646484375,0,-0.026641845703125,0,-0.08807373046875
42.6620,0,0.057159423828125,0,2.103515625,0,3.251953125,0,-0.08807373046875
42.6723,0,2.119140625,0,2.103515625,0,3.251953125,5,1.6806640625
42.6795,0,2.119140625,0,1.8486328125,10,0.76611328125,5,1.6806640625
42.6926,9,0.58642578125,0,1.8486328125,10,0.76611328125,17,0.190673828125
42.6999,9,0.58642578125,9,-0.43408203125,16,-0.304443359375,17,0.190673828125
42.7112,26,-0.364501953125,9,-0.43408203125,16,-0.304443359375,21,-0.3056640625
42.7221,26,-0.364501953125,30,-0.55859375,22,0.046417236328125,21,-0.3056640625
42.7337,44,0.0960693359375,30,-0.55859375,22,0.046417236328125,0,0.0201568603515625
42.7402,44,0.0960693359375,34,-0.50439453125,30,-0.09173583984375,0,0.0201568603515625
42.7514,-12,-0.172119140625,34,-0.50439453125,30,-0.09173583984375,0,0.09735107421875
42.7612,-12,-0.172119140625,-7,-0.2010498046875,-8,-0.02587890625,0,0.09735107421875
42.7728,-1,-0.06158447265625,-7,-0.2010498046875,-8,-0.02587890625,0,0.1241455078125
42.7791,-1,-0.06158447265625,-1,-0.13671875,-8,-0.02587890625,0,0.1241455078125
42.7931,0,0.06817626953125,-1,-0.13671875,-20,0.0582275390625,0,-0.1536865234375
42.7987,0,0.06817626953125,0,0.11773681640625,-20,0.0582275390625,0,-0.1536865234375
42.8102,0,0.06817626953125,0,0.11773681640625,-5,-0.09136962890625,0,-0.05877685546875
42.8186,0,-0.04925537109375,0,-0.1416015625,-5,-0.09136962890625,0,-0.05877685546875
42.8299,0,-0.04925537109375,0,-0.1416015625,0,-0.0292816162109375,0,-0.14990234375
42.8388,0,-0.080810546875,0,-0.11273193359375,0,-0.0292816162109375,0,-0.14990234375
42.8504,0,-0.044403076171875,0,-0.11273193359375,0,-0.005596160888671875,0,0.1083984375
42.8581,0,-0.044403076171875,0,0.229248046875,0,-0.005596160888671875,0,0.1083984375
42.8692,0,-0.044403076171875,0,0.229248046875,0,0.07403564453125,0,0.1435546875
42.8779,0,0.0438232421875,0,0.09893798828125,0,0.07403564453125,0,0.1435546875
42.8892,0,0.0438232421875,0,0.09893798828125,0,-0.022003173828125,0,0.1435546875
42.9010,0,0.0565185546875,0,0.09893798828125,0,-0.022003173828125,0,0.150146484375
42.9099,0,0.0565185546875,0,-0.35546875,0,0.042327880859375,0,0.150146484375
42.9251,0,-0.07135009765625,0,0.396728515625,0,0.056060791015625,0,-0.0667724609375
42.9318,0,-0.07135009765625,0,0.396728515625,0,0.056060791015625,0,-0.07666015625
42.9441,0,0.10345458984375,0,0.396728515625,0,0.056060791015625,0,-0.07666015625
42.9533,0,0.10345458984375,0,0.418212890625,0,-0.01666259765625,0,0.14892578125
42.9627,0,-0.0201263427734375,0,-0.04779052734375,0,-0.01666259765625,0,0.14892578125
42.9729,0,-0.0201263427734375,0,-0.04779052734375,0,0.01473236083984375,0,0.14892578125
42.9838,0,-0.11151123046875,0,0.1829833984375,0,0.01473236083984375,0,-0.09686279296875
42.9913,0,-0.11151123046875,0,0.1829833984375,0,0.032318115234375,0,-0.1658935546875
43.0033,0,-0.08251953125,0,0.1829833984375,0,0.032318115234375,0,-0.1658935546875
43.0120,0,-0.08251953125,0,0.35595703125,0,-0.038543701171875,0,0.091064453125
43.0253,0,0.05657958984375,0,0.35595703125,0,-0.038543701171875,0,0.091064453125
43.0328,0,0.05657958984375,0,-0.1317138671875,0,0.10040283203125,0,0.091064453125
43.0441,0,-0.040557861328125,0,-0.3046875,0,0.10040283203125,0,-0.1719970703125
43.0530,0,-0.040557861328125,0,-0.3046875,0,-0.016021728515625,0,-0.1719970703125
43.0634,0,-0.049713134765625,0,-0.3046875,0,-0.016021728515625,0,-0.1661376953125
43.0706,0,-0.049713134765625,0,-0.1790771484375,0,0.11297607421875,0,-0.1661376953125
43.0855,0,0.06781005859375,0,-0.1790771484375,0,0.11297607421875,0,0.07525634765625
43.0949,0,0.06781005859375,0,0.1507568359375,0,-0.01548004150390625,0,0.07525634765625
43.1132,0,-0.1072998046875,0,0.306396484375,0,-0.0195159912109375,0,0.1290283203125
43.1263,0,-0.05072021484375,0,0.306396484375,0,-0.0195159912109375,0,-0.05474853515625
43.1311,0,-0.05072021484375,0,0.25537109375,0,-0.074462890625,0,-0.05474853515625
43.1431,0,0.0244293212890625,0,0.25537109375,0,-0.074462890625,0,0.1314697265625
43.1511,0,0.0244293212890625,0,0.33544921875,0,-0.049957275390625,0,0.1314697265625
43.1624,0,0.0380859375,0,0.33544921875,0,-0.049957275390625,0,0.150390625
43.1708,0,0.0380859375,0,0.318603515625,0,0.023681640625,0,0.150390625
43.1818,0,-0.07147216796875,0,0.318603515625,0,0.023681640625,0,-0.1458740234375
43.1920,0,-0.07147216796875,0,0.08660888671875,0,0.0244140625,0,-0.1458740234375
43.2027,0,0.045745849609375,0,0.08660888671875,0,0.0244140625,0,0.1441650390625
43.2114,0,0.045745849609375,0,-0.355712890625,0,0.06109619140625,0,0.1441650390625
43.2223,0,-0.060333251953125,0,-0.355712890625,0,0.06109619140625,0,0.181640625
43.2309,0,-0.060333251953125,0,-0.1754150390625,0,0.029937744140625,0,0.181640625
43.2421,0,0.028564453125,0,-0.1754150390625,0,0.029937744140625,0,-0.08917236328125
43.2505,0,0.028564453125,0,-0.5380859375,0,0.029937744140625,0,-0.08917236328125
43.2656,0,0.028564453125,0,-0.5380859375,0,-0.0389404296875,0,-0.07135009765625
43.2726,0,-0.045867919921875,0,-0.1368408203125,0,-0.0389404296875,0,-0.07135009765625
43.2832,0,-0.045867919921875,0,-0.1368408203125,0,0.01232147216796875,0,-0.056671142578125
43.2935,0,-0.03106689453125,0,-0.347412109375,0,0.01232147216796875,0,-0.056671142578125
43.3094,0,-0.07855224609375,0,-0.0443115234375,0,0.049896240234375,0,-0.0257720947265625
43.3203,0,-0.0592041015625,0,-0.0443115234375,0,0.05023193359375,0,0.179931640625
43.3286,0,-0.0592041015625,0,-0.016845703125,0,0.05023193359375,0,0.179931640625
43.3402,0,-0.0592041015625,0,-0.016845703125,0,-0.024627685546875,0,-0.150146484375
43.3502,0,-0.11126708984375,0,-0.231201171875,0,-0.024627685546875,0,-0.150146484375
43.3602,0,0.166259765625,0,-0.231201171875,0,0.03973388671875,0,-0.034576416015625
43.3696,0,0.166259765625,0,0.05950927734375,0,0.03973388671875,0,-0.034576416015625
43.3819,0,0.0153961181640625,0,0.05950927734375,0,-0.0189971923828125,0,0.1077880859375
43.3912,0,0.0153961181640625,0,-0.1669921875,0,-0.0189971923828125,0,0.1077880859375
43.4013,0,0.0153961181640625,0,-0.1669921875,0,0.084228515625,0,0.1077880859375
43.4108,0,0.0379638671875,0,-0.1669921875,0,0.084228515625,0,-0.243896484375
43.4197,0,0.0379638671875,0,-0.1436767578125,0,0.037628173828125,0,-0.0221099853515625
43.4295,0,-0.07977294921875,0,-0.1436767578125,0,0.037628173828125,0,-0.0221099853515625
43.4412,0,-0.07977294921875,0,0.239013671875,0,0.058441162109375,0,-0.1685791015625
43.4495,0,-0.034820556640625,0,0.239013671875,0,0.058441162109375,0,-0.1685791015625
43.4607,0,-0.034820556640625,0,0.06597900390625,0,0.12158203125,0,-0.1685791015625
43.4692,0,0.0965576171875,0,0.06597900390625,0,0.12158203125,0,0.1463623046875
43.4803,0,0.0965576171875,0,0.30322265625,0,0.1517333984375,0,0.1463623046875
43.4897,0,-0.08343505859375,0,0.30322265625,0,0.1517333984375,0,-0.2232666015625
43.5001,0,-0.08343505859375,0,0.5068359375,0,-0.047210693359375,0,-0.2232666015625
43.5100,0,0.046356201171875,0,0.5068359375,0,-0.047210693359375,0,0.072509765625
43.5178,0,0.046356201171875,0,0.368408203125,0,-0.017822265625,0,0.072509765625
43.5282,0,-0.06695556640625,0,0.368408203125,0,-0.017822265625,0,-0.18408203125
43.5377,0,-0.06695556640625,0,-0.127685546875,0,0.038177490234375,0,-0.18408203125
43.5474,0,-0.1280517578125,0,-0.127685546875,0,0.038177490234375,0,0.11956787109375
43.5595,0,-0.1280517578125,0,0.260009765625,0,0.038177490234375,0,0.11956787109375
43.5681,0,0.06500244140625,0,0.260009765625,0,0.07672119140625,0,-0.0130462646484375
43.5783,0,0.06500244140625,0,-0.322021484375,0,0.0308685302734375,0,-0.0130462646484375
43.5878,0,0.074462890625,0,-0.322021484375,0,0.0308685302734375,0,-0.059234619140625
43.5991,0,0.074462890625,0,0.07684326171875,0,0.01263427734375,0,-0.059234619140625
43.6088,0,0.0176849365234375,0,0.07684326171875,0,0.01263427734375,0,0.10498046875
43.6202,0,0.0176849365234375,0,-0.063232421875,0,0.01263427734375,0,0.10498046875
43.6283,0,-0.08245849609375,0,-0.063232421875,0,-0.0250396728515625,0,0.1522216796875
43.6396,0,-0.08245849609375,0,-0.134033203125,0,-0.0250396728515625,0,0.1522216796875
43.6481,0,-0.058319091796875,0,-0.134033203125,0,0.04827880859375,0,-0.099609375
43.6597,0,-0.058319091796875,0,-0.05902099609375,0,0.04827880859375,0,-0.099609375
43.6670,0,0.041290283203125,0,-0.05902099609375,0,-0.0207061767578125,0,-0.27001953125
43.6796,0,0.041290283203125,0,0.1270751953125,0,-0.0207061767578125,0,-0.27001953125
43.6885,0,0.042022705078125,0,0.1270751953125,0,0.043853759765625,0,0.07763671875
43.6976,0,0.042022705078125,0,0.11651611328125,0,0.043853759765625,0,0.07763671875
43.7082,0,0.0477294921875,0,0.11651611328125,0,-0.0169219970703125,0,-0.1846923828125
43.7179,0,0.0477294921875,0,0.630859375,0,-0.0169219970703125,0,-0.1846923828125
43.7260,0,-0.08575439453125,0,0.630859375,0,0.00669097900390625,0,-0.112060546875
43.7355,0,-0.08575439453125,0,-0.16064453125,0,0.00669097900390625,0,-0.112060546875
43.7467,0,0.06134033203125,0,-0.16064453125,0,-0.03973388671875,0,-0.11260986328125
43.7603,0,0.06134033203125,0,-0.332275390625,0,-0.03973388671875,0,-0.11260986328125
43.7667,0,0.0181121826171875,0,-0.332275390625,0,0.05767822265625,0,-0.2110595703125
43.7766,0,0.0181121826171875,0,-0.257080078125,0,0.05767822265625,0,-0.2110595703125
43.7865,0,0.0181121826171875,0,-0.257080078125,0,0.007404327392578125,0,0.0760498046875
43.7950,0,0.027679443359375,0,0.2144775390625,0,0.007404327392578125,0,0.0760498046875
43.8063,0,0.027679443359375,0,0.2144775390625,0,0.024810791015625,0,-0.05767822265625
43.8143,0,0.06256103515625,0,0.155029296875,0,0.024810791015625,0,-0.05767822265625
43.8276,0,0.06256103515625,0,0.155029296875,0,0.07086181640625,0,0.07342529296875
43.8379,0,-0.007541656494140625,0,0.155029296875,0,0.07086181640625,0,0.07342529296875
43.8443,0,-0.007541656494140625,0,0.334228515625,0,0.0215301513671875,0,-0.0606689453125
43.8582,0,-0.0352783203125,0,0.334228515625,0,0.0215301513671875,0,-0.0606689453125
43.8656,0,-0.0352783203125,0,-0.05865478515625,0,0.10552978515625,0,-0.0276947021484375
43.8783,0,-0.08172607421875,0,-0.05865478515625,0,0.10552978515625,0,-0.0276947021484375
43.8836,0,-0.08172607421875,0,-0.385009765625,0,-0.046539306640625,0,-0.0276947021484375
43.8982,0,-0.058197021484375,0,-0.385009765625,0,-0.046539306640625,0,0.1258544921875
43.9036,0,-0.058197021484375,0,-0.2783203125,0,0.0572509765625,0,0.1258544921875
43.9147,0,-0.045379638671875,0,-0.2783203125,0,0.0572509765625,0,0.08538818359375
43.9294,0,-0.045379638671875,0,-0.468017578125,0,0.0306396484375,0,0.08538818359375
43.9404,0,0.0556640625,0,0.310546875,0,0.0306396484375,0,0.0174102783203125
43.9487,0,0.0556640625,0,0.310546875,0,0.0305633544921875,0,0.0174102783203125
43.9606,0,0.049560546875,0,0.310546875,0,0.0305633544921875,0,-0.13134765625
43.9669,0,0.049560546875,0,-0.1629638671875,0,0.007709503173828125,0,-0.13134765625
43.9809,0,0.06884765625,0,-0.1629638671875,0,0.007709503173828125,0,0.09283447265625
43.9879,0,0.06884765625,0,-0.12042236328125,0,0.0296173095703125,0,0.09283447265625
43.9976,0,-0.048675537109375,0,-0.12042236328125,0,0.0296173095703125,0,0.083984375
44.0092,0,-0.048675537109375,0,0.04071044921875,0,0.0296173095703125,0,0.083984375
44.0185,0,-0.08270263671875,0,0.04071044921875,0,0.05712890625,0,0.1546630859375
44.0277,0,-0.08270263671875,0,0.0977783203125,0,0.05712890625,0,0.1546630859375
44.0410,0,0.017364501953125,0,0.0977783203125,0,-0.039276123046875,0,0.173583984375
44.0480,0,0.017364501953125,0,-0.25732421875,0,0.1368408203125,0,0.173583984375
44.0566,0,0.056121826171875,0,-0.25732421875,0,0.1368408203125,0,0.09552001953125
44.0680,0,0.056121826171875,0,-0.191162109375,0,0.1368408203125,0,0.09552001953125
44.0791,0,0.020721435546875,0,-0.191162109375,0,0.036346435546875,0,0.11651611328125
44.0883,0,0.020721435546875,0,0.11859130859375,0,0.036346435546875,0,0.11651611328125
44.1023,0,0.020721435546875,0,0.11859130859375,0,0.052490234375,0,-0.034881591796875
44.1116,0,0.03985595703125,0,0.1231689453125,0,0.052490234375,0,-0.034881591796875
44.1220,0,0.03985595703125,0,0.1231689453125,0,-0.0226898193359375,0,0.1094970703125
44.1304,0,-0.07269287109375,0,0.1231689453125,0,-0.0226898193359375,0,0.1094970703125
44.1423,0,-0.054718017578125,0,-0.2398681640625,0,0.015960693359375,0,0.199462890625
44.1514,0,-0.054718017578125,0,-0.23828125,0,0.015960693359375,0,0.199462890625
44.1614,0,-0.054718017578125,0,-0.23828125,0,0.0141754150390625,0,-0.08453369140625
44.1705,0,-0.06695556640625,0,-0.23828125,0,0.0141754150390625,0,-0.08453369140625
44.1802,0,-0.06695556640625,0,-0.017425537109375,0,0.04473876953125,0,0.152099609375
44.1904,0,0.0574951171875,0,-0.017425537109375,0,0.04473876953125,0,0.152099609375
44.2029,0,0.04693603515625,0,0.046478271484375,0,-0.03521728515625,0,0.0200958251953125
44.2114,0,0.04693603515625,0,-0.039093017578125,0,-0.03521728515625,0,0.0200958251953125
44.2207,0,0.04693603515625,0,-0.039093017578125,0,0.04705810546875,0,0.0200958251953125
44.2281,0,-0.07940673828125,0,-0.039093017578125,0,0.04705810546875,0,-0.046661376953125
44.2407,0,-0.07940673828125,0,-0.0279083251953125,0,0.08026123046875,0,0.08990478515625
44.2489,0,0.0748291015625,0,-0.0279083251953125,0,0.08026123046875,0,0.08990478515625
44.2602,0,0.0748291015625,0,-0.1705322265625,0,0.09149169921875,0,0.08990478515625
44.2705,0,-0.045440673828125,0,-0.1705322265625,0,0.09149169921875,0,0.137939453125
44.2817,0,-0.045440673828125,0,-0.05633544921875,0,0.07952880859375,0,0.137939453125
44.2942,0,-0.057220458984375,0,-0.05633544921875,0,0.07952880859375,0,-0.061767578125
44.3025,0,-0.057220458984375,0,0.3603515625,0,0.028167724609375,0,-0.061767578125
44.3102,0,0.10491943359375,0,0.3603515625,0,0.028167724609375,0,-0.14892578125
44.3222,0,0.10491943359375,0,0.16357421875,0,-0.028045654296875,0,-0.14892578125
44.3296,0,-0.0947265625,0,0.16357421875,0,-0.028045654296875,0,0.10546875
44.3412,0,-0.0947265625,0,0.374267578125,0,-0.036651611328125,0,0.10546875
44.3491,0,-0.03857421875,0,0.374267578125,0,-0.036651611328125,0,0.1949462890625
44.3604,0,-0.03857421875,0,-0.1380615234375,0,0.055084228515625,0,0.1949462890625
44.3691,0,0.1053466796875,0,-0.1380615234375,0,0.055084228515625,0,0.02978515625
44.3806,0,0.1053466796875,0,0.04608154296875,0,0.047332763671875,0,0.02978515625
44.3890,0,0.055572509765625,0,0.04608154296875,0,0.047332763671875,0,0.040924072265625
44.3998,0,0.055572509765625,0,-0.3701171875,0,-0.003307342529296875,0,0.040924072265625
44.4087,0,0.10113525390625,0,-0.3701171875,0,-0.003307342529296875,0,0.152587890625
44.4193,0,0.10113525390625,0,-0.08856201171875,0,-0.037109375,0,0.152587890625
44.4280,0,-0.0357666015625,0,-0.08856201171875,0,-0.037109375,0,0.050140380859375
44.4390,0,-0.0357666015625,0,-0.062744140625,0,0.0237274169921875,0,0.050140380859375
44.4476,0,-0.059478759765625,0,-0.062744140625,0,0.0237274169921875,0,0.0947265625
44.4593,0,-0.059478759765625,0,-0.11956787109375,0,-0.04949951171875,0,0.0947265625
44.4681,0,0.02154541015625,0,-0.11956787109375,0,-0.04949951171875,0,-0.01788330078125
44.4796,0,0.02154541015625,0,-0.453125,0,0.01480865478515625,0,-0.01788330078125
44.4877,0,0.055511474609375,0,-0.453125,0,0.01480865478515625,0,-0.1834716796875
44.4990,0,0.055511474609375,0,-0.255859375,0,0.10516357421875,0,-0.1834716796875
44.5076,0,-0.037811279296875,0,-0.255859375,0,0.10516357421875,0,0.09228515625
44.5185,0,-0.037811279296875,0,0.418701171875,0,-0.0298614501953125,0,0.09228515625
44.5271,0,0.09954833984375,0,0.418701171875,0,-0.0298614501953125,0,0.09796142578125
44.5379,0,0.09954833984375,0,-0.11358642578125,0,0.08428955078125,0,0.09796142578125
44.5470,0,0.0310211181640625,0,-0.11358642578125,0,0.08428955078125,0,-0.09381103515625
44.5579,0,0.0310211181640625,0,-0.049713134765625,0,0.10931396484375,0,-0.09381103515625
44.5672,0,-0.04437255859375,0,-0.049713134765625,0,0.10931396484375,0,0.1385498046875
44.5788,0,-0.04437255859375,0,0.269287109375,0,0.035308837890625,0,0.1385498046875
44.5866,0,-0.04437255859375,0,0.269287109375,0,0.035308837890625,0,-0.12890625
44.5979,0,0.04803466796875,0,0.2235107421875,0,-0.049285888671875,0,-0.12890625
44.6081,0,0.04803466796875,0,0.2235107421875,0,-0.049285888671875,0,0.1380615234375
44.6189,0,-0.0596923828125,0,-0.1722412109375,0,-0.039764404296875,0,0.1380615234375
44.6274,0,-0.0596923828125,0,-0.1722412109375,0,-0.039764404296875,0,0.13134765625
44.6384,0,0.11419677734375,0,-0.107177734375,0,-0.00921630859375,0,0.13134765625
44.6470,0,0.11419677734375,0,-0.107177734375,0,-0.00921630859375,0,0.13134765625
44.6583,0,0.052459716796875,0,-0.0770263671875,0,0.0270233154296875,0,0.13134765625
44.6665,0,0.052459716796875,0,-0.0770263671875,0,0.0270233154296875,0,0.09307861328125
44.6783,0,-0.059478759765625,0,-0.0770263671875,0,0.0270233154296875,0,0.09307861328125
44.6864,0,-0.059478759765625,0,-0.408935546875,0,-0.037139892578125,0,0.132568359375
44.6975,0,-0.059600830078125,0,-0.408935546875,0,-0.01110076904296875,0,0.132568359375
44.7061,0,-0.059600830078125,0,-0.11041259765625,0,-0.01110076904296875,0,-0.1429443359375
44.7172,0,0.055877685546875,0,-0.11041259765625,0,-0.01110076904296875,0,-0.1429443359375
44.7263,0,0.055877685546875,0,0.0626220703125,0,-0.06329345703125,0,-0.0227508544921875
44.7367,0,-0.06060791015625,0,0.0626220703125,0,-0.06329345703125,0,-0.0227508544921875
44.7454,0,-0.06060791015625,0,0.40625,0,0.0330810546875,0,-0.0227508544921875
44.7587,0,-0.0863037109375,0,0.40625,0,0.0330810546875,0,0.08416748046875
44.7674,0,-0.0863037109375,0,-0.1495361328125,0,0.08099365234375,0,0.08416748046875
44.7789,0,-0.08172607421875,0,-0.1495361328125,0,0.08099365234375,0,-0.108642578125
44.7853,0,-0.08172607421875,0,0.268310546875,0,0.032440185546875,0,-0.108642578125
44.7970,0,-0.048187255859375,0,0.268310546875,0,0.032440185546875,0,0.11151123046875
44.8053,0,-0.048187255859375,0,-0.1859130859375,0,-0.051605224609375,0,0.11151123046875
44.8163,0,-0.04119873046875,0,-0.1859130859375,0,-0.051605224609375,0,-0.1014404296875
44.8248,0,-0.04119873046875,0,0.10894775390625,0,-0.0771484375,0,-0.1014404296875
44.8369,0,0.07501220703125,0,0.10894775390625,0,-0.0771484375,0,0.1400146484375
44.8463,0,0.07501220703125,0,0.135986328125,0,0.045654296875,0,0.1400146484375
44.8567,0,-0.054656982421875,0,0.135986328125,0,0.045654296875,0,-0.133544921875
44.8661,0,-0.054656982421875,0,0.37060546875,0,0.055633544921875,0,-0.133544921875
44.8774,0,-0.0362548828125,0,0.37060546875,0,0.055633544921875,0,0.12322998046875
44.8857,0,-0.0362548828125,0,0.19482421875,0,0.035247802734375,0,0.12322998046875
44.8973,0,0.0347900390625,0,0.19482421875,0,0.035247802734375,0,-0.031585693359375
44.9059,0,0.0347900390625,0,0.039581298828125,0,-0.04595947265625,0,-0.031585693359375
44.9169,0,0.03155517578125,0,0.039581298828125,0,-0.04595947265625,0,-0.10418701171875
44.9264,0,0.03155517578125,0,-0.1783447265625,0,0.04052734375,0,-0.10418701171875
44.9366,0,-0.07562255859375,0,-0.1783447265625,0,0.04052734375,0,0.11370849609375
44.9518,0,0.0814208984375,0,-0.30908203125,0,0.042144775390625,0,-0.06561279296875
44.9603,0,0.0814208984375,0,-0.264404296875,0,0.040863037109375,0,-0.06561279296875
44.9686,0,0.0814208984375,0,-0.264404296875,0,0.040863037109375,0,0.07574462890625
44.9776,0,0.003490447998046875,0,0.138427734375,0,0.036590576171875,0,0.07574462890625
44.9894,0,0.003490447998046875,0,0.138427734375,0,0.036590576171875,0,0.0748291015625
44.9975,0,0.056396484375,0,0.138427734375,0,0.036590576171875,0,0.0748291015625
45.0082,0,0.056396484375,0,-0.382080078125,0,0.0225372314453125,0,0.0748291015625
45.0169,0,0.056396484375,0,-0.382080078125,0,0.0225372314453125,0,0.10479736328125
45.0256,0,0.042327880859375,0,-0.245361328125,0,0.03533935546875,0,0.10479736328125
45.0366,0,-0.042205810546875,0,-0.245361328125,0,0.03533935546875,0,-0.1326904296875
45.0486,0,-0.042205810546875,0,0.2431640625,0,-0.004871368408203125,0,-0.1326904296875
45.0577,0,-0.04290771484375,0,0.2431640625,0,-0.004871368408203125,0,0.1453857421875
45.0692,0,-0.04290771484375,0,-0.288330078125,0,0.06463623046875,0,0.1453857421875
45.0802,0,-0.0443115234375,0,-0.288330078125,0,0.06463623046875,0,0.09332275390625
45.0887,0,-0.0443115234375,0,0.032440185546875,0,-0.06195068359375,0,0.09332275390625
45.0997,0,0.0214080810546875,0,0.032440185546875,0,-0.06195068359375,0,-0.0843505859375
45.1120,0,0.0214080810546875,0,0.0947265625,0,0.01708984375,0,-0.0843505859375
45.1212,0,0.0214080810546875,0,0.0947265625,0,0.01708984375,0,0.042083740234375
45.1296,0,-0.07440185546875,0,-0.1773681640625,0,0.036773681640625,0,0.042083740234375
45.1412,0,-0.07440185546875,0,-0.1773681640625,0,0.036773681640625,0,0.09967041015625
45.1495,0,0.0599365234375,0,-0.44677734375,0,0.016510009765625,0,0.09967041015625
45.1605,0,-0.078857421875,0,-0.44677734375,0,0.016510009765625,0,0.05633544921875
45.1688,0,-0.078857421875,0,-0.436279296875,0,-0.040924072265625,0,0.05633544921875
45.1810,0,-0.078857421875,0,-0.436279296875,0,-0.040924072265625,0,-0.0911865234375
45.1900,0,0.051055908203125,0,0.2890625,0,0.041595458984375,0,-0.0911865234375
45.2007,0,0.051055908203125,0,0.2890625,0,0.041595458984375,0,-0.03155517578125
45.2089,0,-0.10540771484375,0,-0.035797119140625,0,0.047271728515625,0,-0.03155517578125
45.2201,0,-0.10540771484375,0,-0.035797119140625,0,0.047271728515625,0,0.1495361328125
45.2289,0,-0.0760498046875,0,-0.53076171875,0,0.06134033203125,0,0.1495361328125
45.2395,0,-0.0760498046875,0,-0.53076171875,0,0.06134033203125,0,-0.143310546875
45.2482,0,-0.06640625,0,0.422119140625,0,0.0338134765625,0,-0.143310546875
45.2617,0,-0.03546142578125,0,0.422119140625,0,0.0338134765625,0,0.120849609375
45.2686,0,-0.03546142578125,0,0.427001953125,0,0.0660400390625,0,0.120849609375
45.2820,0,-0.03546142578125,0,0.427001953125,0,0.0660400390625,0,0.1339111328125
45.2885,0,0.09112548828125,0,0.427001953125,0,0.06219482421875,0,0.1339111328125
45.3013,0,0.09112548828125,0,-0.2130126953125,0,0.06219482421875,0,0.1339111328125
45.3087,0,-0.112060546875,0,-0.1617431640625,0,-0.03985595703125,0,-0.029815673828125
45.3211,0,-0.112060546875,0,-0.1617431640625,0,-0.03985595703125,0,0.049224853515625
45.3287,0,-0.053375244140625,0,-0.1409912109375,0,0.0125579833984375,0,0.049224853515625
45.3419,0,-0.053375244140625,0,-0.1409912109375,0,0.0125579833984375,0,-0.0948486328125
45.3491,0,-0.05670166015625,0,-0.185302734375,0,0.0228118896484375,0,-0.0948486328125
45.3620,0,-0.05670166015625,0,-0.185302734375,0,0.0228118896484375,0,0.065673828125
45.3673,0,0.059844970703125,0,-0.185302734375,0,0.07916259765625,0,0.065673828125
45.3789,0,0.059844970703125,0,-0.351318359375,0,0.07916259765625,0,0.065673828125
45.3885,0,0.06060791015625,0,-0.351318359375,0,0.07916259765625,0,-0.04815673828125
45.3992,0,0.06060791015625,0,-0.2239990234375,0,0.0699462890625,0,-0.04815673828125
45.4080,0,-0.06829833984375,0,-0.2239990234375,0,0.0699462890625,0,-0.032196044921875
45.4188,0,-0.06829833984375,0,-0.04547119140625,0,0.06451416015625,0,-0.032196044921875
45.4273,0,-0.046234130859375,0,-0.04547119140625,0,0.06451416015625,0,-0.09088134765625
45.4383,0,-0.046234130859375,0,0.307373046875,0,0.0164642333984375,0,-0.09088134765625
45.4471,0,0.06903076171875,0,0.307373046875,0,0.0164642333984375,0,-0.00897979736328125
45.4583,0,0.06903076171875,0,0.37060546875,0,0.048675537109375,0,-0.00897979736328125
45.4674,0,0.00862884521484375,0,0.37060546875,0,0.048675537109375,0,0.117431640625
45.4797,0,0.00862884521484375,0,-0.133544921875,0,0.081298828125,0,0.117431640625
45.4893,0,0.00862884521484375,0,-0.133544921875,0,0.081298828125,0,-0.178466796875
45.4991,0,-0.037841796875,0,0.31103515625,0,0.0016345977783203125,0,-0.178466796875
45.5078,0,-0.037841796875,0,0.31103515625,0,0.0016345977783203125,0,-0.181884765625
45.5191,0,-0.032501220703125,0,-0.12017822265625,0,0.031829833984375,0,-0.181884765625
45.5274,0,-0.048583984375,0,-0.12017822265625,0,0.031829833984375,0,0.11346435546875
45.5385,0,-0.048583984375,0,-0.1405029296875,0,0.02154541015625,0,0.11346435546875
45.5493,0,-0.048583984375,0,-0.1405029296875,0,0.02154541015625,0,-0.048858642578125
45.5583,0,0.07537841796875,0,0.317138671875,0,0.034332275390625,0,-0.048858642578125
45.5690,0,0.07537841796875,0,0.317138671875,0,0.034332275390625,0,0.044158935546875
45.5806,0,0.039947509765625,0,0.317138671875,0,0.07916259765625,0,0.044158935546875
45.5862,0,-0.051727294921875,0,-0.460205078125,0,0.07916259765625,0,-0.1983642578125
45.5994,0,-0.051727294921875,0,-0.460205078125,0,0.00666046142578125,0,-0.1983642578125
45.6047,0,-0.051727294921875,0,0.1400146484375,0,0.00666046142578125,0,0.0230712890625
45.6188,0,-0.09942626953125,0,-0.2447509765625,0,0.02484130859375,0,0.0230712890625
45.6282,0,-0.09942626953125,0,-0.2447509765625,0,0.02484130859375,0,0.101318359375
45.6383,0,-0.059326171875,0,-0.2447509765625,0,0.01800537109375,0,0.101318359375
45.6472,0,-0.059326171875,0,0.080322265625,0,0.01800537109375,0,-0.1859130859375
45.6565,0,-0.087890625,0,0.080322265625,0,0.018768310546875,0,-0.1859130859375
45.6665,0,-0.087890625,0,0.12188720703125,0,0.018768310546875,0,-0.1859130859375
45.6790,0,-0.0875244140625,0,0.12188720703125,0,0.11651611328125,0,-0.1923828125
45.6870,0,-0.0875244140625,0,-0.278076171875,0,0.11651611328125,0,-0.1923828125
45.6985,0,0.08233642578125,0,-0.278076171875,0,0.11651611328125,0,0.0594482421875
45.7067,0,0.08233642578125,0,-0.0249176025390625,0,-0.05621337890625,0,0.0594482421875
45.7176,0,-0.05010986328125,0,-0.0249176025390625,0,0.021697998046875,0,0.048858642578125
45.7263,0,-0.05010986328125,0,0.317138671875,0,0.021697998046875,0,0.048858642578125
45.7373,0,-0.03851318359375,0,0.317138671875,0,0.04498291015625,0,0.044586181640625
45.7464,0,-0.03851318359375,0,-0.072021484375,0,0.04498291015625,0,0.044586181640625
45.7570,0,0.0592041015625,0,-0.072021484375,0,0.04498291015625,0,-0.0633544921875
45.7661,0,0.0592041015625,0,-0.49169921875,0,-0.0242156982421875,0,-0.0633544921875
45.7777,0,0.04937744140625,0,-0.49169921875,0,-0.0242156982421875,0,-0.17529296875
45.7859,0,0.04937744140625,0,-0.05731201171875,0,0.043548583984375,0,-0.17529296875
45.7972,0,-0.06280517578125,0,-0.05731201171875,0,-0.017974853515625,0,0.0484619140625
45.8056,0,-0.06280517578125,0,0.1793212890625,0,-0.017974853515625,0,0.0484619140625
45.8167,0,-0.0648193359375,0,0.1793212890625,0,-0.017974853515625,0,0.1829833984375
45.8252,0,-0.0648193359375,0,0.1453857421875,0,-0.01482391357421875,0,0.1829833984375
45.8362,0,-0.06756591796875,0,0.1453857421875,0,-0.01482391357421875,0,0.1534423828125
45.8465,0,-0.06756591796875,0,-0.1737060546875,0,-0.032958984375,0,0.1534423828125
45.8559,0,0.0621337890625,0,-0.1737060546875,0,-0.032958984375,0,0.11224365234375
45.8662,0,0.0621337890625,0,0.283935546875,0,-0.0292510986328125,0,0.11224365234375
45.8757,0,-0.03759765625,0,0.283935546875,0,-0.0292510986328125,0,0.12353515625
45.8840,0,-0.03759765625,0,0.2313232421875,0,-0.019561767578125,0,0.12353515625
45.8962,0,-0.04058837890625,0,0.2313232421875,0,-0.019561767578125,0,-0.10589599609375
45.9041,0,-0.04058837890625,0,0.49267578125,0,-0.03704833984375,0,-0.10589599609375
45.9154,0,-0.022613525390625,0,0.49267578125,0,-0.03704833984375,0,-0.07562255859375
45.9241,0,-0.022613525390625,0,-0.2900390625,0,0.0210723876953125,0,-0.07562255859375
45.9363,0,-0.04290771484375,0,-0.2900390625,0,0.0210723876953125,0,0.091064453125
45.9453,0,-0.04290771484375,0,-0.2900390625,0,0.036773681640625,0,0.091064453125
45.9560,0,0.0123443603515625,0,-0.09478759765625,0,0.036773681640625,0,0.110107421875
45.9673,0,0.0123443603515625,0,-0.5654296875,0,0.06488037109375,0,0.110107421875
45.9777,0,0.0123443603515625,0,-0.5654296875,0,0.06488037109375,0,0.11798095703125
45.9868,0,-0.042694091796875,0,-0.5654296875,0,-0.068115234375,0,0.11798095703125
45.9983,0,-0.042694091796875,0,-0.2430419921875,0,-0.068115234375,0,-0.1461181640625
46.0063,0,0.0357666015625,0,-0.2430419921875,0,0.03985595703125,0,-0.1461181640625
46.0173,0,0.0357666015625,0,-0.1651611328125,0,0.03985595703125,0,0.09552001953125
46.0260,0,0.06268310546875,0,-0.1651611328125,0,-0.064453125,0,0.09552001953125
46.0369,0,0.06268310546875,0,0.142333984375,0,-0.064453125,0,0.09552001953125
46.0461,0,0.08148193359375,0,0.142333984375,0,0.0231475830078125,0,-0.0693359375
46.0580,0,0.08148193359375,0,-0.1534423828125,0,0.0231475830078125,0,0.06207275390625
46.0667,0,-0.043701171875,0,-0.1534423828125,0,0.0231475830078125,0,0.06207275390625
46.0808,0,-0.043701171875,0,0.28076171875,0,0.01910400390625,0,-0.2108154296875
46.0894,0,0.0467529296875,0,0.28076171875,0,0.01910400390625,0,-0.2108154296875
46.1005,0,0.0467529296875,0,0.208251953125,0,0.042327880859375,0,-0.2108154296875
46.1089,0,0.09027099609375,0,0.208251953125,0,-0.0017709732055664062,0,-0.1358642578125
46.1203,0,0.09027099609375,0,-0.2027587890625,0,-0.0017709732055664062,0,-0.1358642578125
46.1299,0,0.037261962890625,0,-0.2027587890625,0,-0.0017709732055664062,0,0.0360107421875
46.1410,0,0.037261962890625,0,-0.2890625,0,0.089111328125,0,0.0360107421875
46.1495,0,0.01198577880859375,0,-0.2890625,0,0.089111328125,0,0.1103515625
46.1614,0,0.08203125,0,-0.206298828125,0,0.07354736328125,0,-0.11236572265625
46.1690,0,0.08203125,0,-0.206298828125,0,-0.040924072265625,0,-0.11236572265625
46.1805,0,0.08203125,0,-0.37158203125,0,-0.040924072265625,0,-0.11236572265625
46.1885,0,0.0750732421875,0,-0.37158203125,0,0.052490234375,0,-0.0965576171875
46.1997,0,0.0750732421875,0,0.33740234375,0,0.052490234375,0,-0.0965576171875
46.2081,0,0.0816650390625,0,0.33740234375,0,0.052490234375,0,0.1546630859375
46.2197,0,0.0816650390625,0,-0.3408203125,0,-0.041748046875,0,0.1546630859375
46.2306,0,0.052520751953125,0,-0.3408203125,0,-0.041748046875,0,0.1416015625
46.2407,0,0.052520751953125,0,-0.1605224609375,0,0.08868408203125,0,0.041839599609375
46.2513,0,-0.0304412841796875,0,-0.1605224609375,0,0.08868408203125,0,0.041839599609375
46.2623,0,-0.0304412841796875,0,-0.1597900390625,0,-0.051727294921875,0,0.041839599609375
46.2697,0,0.09027099609375,0,-0.1597900390625,0,0.016510009765625,0,0.10003662109375
46.2821,0,0.09027099609375,0,0.324951171875,0,0.016510009765625,0,0.10003662109375
46.2901,0,0.041748046875,0,0.324951171875,0,0.016510009765625,0,-0.04449462890625
46.3006,0,0.041748046875,0,-0.351318359375,0,-0.051300048828125,0,-0.18798828125
46.3113,0,0.0728759765625,0,-0.351318359375,0,-0.051300048828125,0,-0.18798828125
46.3172,0,0.0728759765625,0,0.313232421875,0,-0.0237884521484375,0,-0.18798828125
46.3299,0,-0.050506591796875,0,0.313232421875,0,0.025390625,0,-0.0662841796875
46.3376,0,-0.050506591796875,0,-0.342041015625,0,0.025390625,0,-0.0662841796875
46.3495,0,-0.029510498046875,0,-0.342041015625,0,0.025390625,0,-0.2117919921875
46.3621,0,-0.029510498046875,0,-0.367919921875,0,0.0977783203125,0,-0.2117919921875
46.3697,0,-0.05657958984375,0,-0.367919921875,0,0.0977783203125,0,0.087158203125
46.3743,0,-0.05657958984375,0,-0.1168212890625,0,0.0433349609375,0,0.087158203125
46.3899,0,-0.033477783203125,0,-0.1168212890625,0,0.0433349609375,0,0.16357421875
46.3972,0,-0.033477783203125,0,-0.20458984375,0,0.041656494140625,0,0.16357421875
46.4057,0,0.050140380859375,0,-0.20458984375,0,0.041656494140625,0,0.1624755859375
46.4165,0,0.050140380859375,0,0.397216796875,0,0.0181427001953125,0,0.1624755859375
46.4249,0,-0.0264892578125,0,0.397216796875,0,0.0181427001953125,0,0.1376953125
46.4362,0,-0.0264892578125,0,-0.1790771484375,0,0.1241455078125,0,0.1376953125
46.4448,0,-0.051971435546875,0,-0.1790771484375,0,0.1241455078125,0,-0.07952880859375
46.4587,0,-0.051971435546875,0,-0.2076416015625,0,-0.035125732421875,0,-0.07952880859375
46.4645,0,-0.09564208984375,0,-0.2076416015625,0,-0.035125732421875,0,0.098388671875
46.4742,0,-0.09564208984375,0,-0.035247802734375,0,0.046783447265625,0,0.098388671875
46.4853,0,-0.031524658203125,0,-0.035247802734375,0,0.046783447265625,0,0.059326171875
46.4941,0,-0.031524658203125,0,-0.257080078125,0,0.0433349609375,0,0.059326171875
46.5050,0,0.103759765625,0,-0.257080078125,0,0.0433349609375,0,0.0653076171875
46.5189,0,0.103759765625,0,-0.2666015625,0,0.06317138671875,0,0.0653076171875
46.5252,0,-0.04791259765625,0,-0.2666015625,0,0.06317138671875,0,0.0748291015625
46.5390,0,-0.04791259765625,0,0.53857421875,0,-0.082275390625,0,0.0748291015625
46.5474,0,-0.04791259765625,0,0.53857421875,0,-0.082275390625,0,-0.05950927734375
46.5599,0,0.022552490234375,0,0.53857421875,0,0.055267333984375,0,-0.05950927734375
46.5650,0,-0.05657958984375,0,-0.2398681640625,0,0.055267333984375,0,-0.2022705078125
46.5738,0,-0.05657958984375,0,-0.2398681640625,0,0.00824737548828125,0,-0.2022705078125
46.5871,0,-0.03857421875,0,-0.47412109375,0,0.00824737548828125,0,0.12646484375
46.5988,0,-0.03857421875,0,-0.47412109375,0,-0.004718780517578125,0,0.12646484375
46.6046,0,-0.03857421875,0,0.168212890625,0,-0.004718780517578125,0,0.1314697265625
46.6186,0,0.0284576416015625,0,0.168212890625,0,0.033660888671875,0,0.1314697265625
46.6263,0,0.0284576416015625,0,-0.343017578125,0,0.033660888671875,0,0.044891357421875
46.6368,0,-0.0728759765625,0,-0.343017578125,0,0.033935546875,0,0.044891357421875
46.6456,0,-0.0728759765625,0,0.355224609375,0,0.033935546875,0,-0.048583984375
46.6537,0,-0.05596923828125,0,0.355224609375,0,-0.04193115234375,0,-0.048583984375
46.6680,0,-0.05596923828125,0,-0.193359375,0,-0.04193115234375,0,-0.0794677734375
46.6780,0,-0.09857177734375,0,-0.193359375,0,-0.04193115234375,0,-0.0794677734375
46.6883,0,-0.09857177734375,0,0.58251953125,0,-0.0103912353515625,0,-0.0794677734375
46.6986,0,-0.09674072265625,0,0.58251953125,0,0.01953125,0,0.1324462890625
46.7078,0,-0.09674072265625,0,-0.27978515625,0,0.01953125,0,0.1324462890625
46.7160,0,-0.034637451171875,0,-0.27978515625,0,-0.027618408203125,0,-0.166015625
46.7302,0,-0.034637451171875,0,0.26171875,0,-0.027618408203125,0,-0.166015625
46.7332,0,-0.018524169921875,0,0.26171875,0,-0.02996826171875,0,-0.2052001953125
46.7473,0,-0.018524169921875,0,-0.0176849365234375,0,-0.02996826171875,0,-0.2052001953125
46.7583,0,-0.0826416015625,0,-0.0176849365234375,0,0.06353759765625,0,0.107177734375
46.7672,0,-0.0826416015625,0,0.29052734375,0,0.06353759765625,0,0.107177734375
46.7779,0,-0.0280914306640625,0,0.29052734375,0,0.06353759765625,0,0.1273193359375
46.7836,0,-0.0280914306640625,0,0.08355712890625,0,0.032440185546875,0,0.1273193359375
46.7950,0,-0.03973388671875,0,0.08355712890625,0,0.05133056640625,0,-0.147216796875
46.8037,0,-0.03973388671875,0,-0.2196044921875,0,0.05133056640625,0,-0.147216796875
46.8169,0,-0.0980224609375,0,-0.2196044921875,0,0.0501708984375,0,0.138671875
46.8259,0,-0.0980224609375,0,0.1934814453125,0,0.0501708984375,0,0.138671875
46.8370,0,0.08660888671875,0,0.1934814453125,0,0.0501708984375,0,0.031402587890625
46.8440,0,0.08660888671875,0,-0.09124755859375,0,0.0693359375,0,0.031402587890625
46.8512,0,-0.015869140625,0,-0.09124755859375,0,0.0693359375,0,0.124267578125
46.8624,0,-0.015869140625,0,0.3701171875,0,0.036773681640625,0,0.124267578125
46.8708,0,-0.095458984375,0,0.3701171875,0,0.036773681640625,0,0.129150390625
46.8857,0,-0.095458984375,0,0.311279296875,0,0.08184814453125,0,0.129150390625
46.8967,0,-0.038909912109375,0,0.311279296875,0,0.08184814453125,0,-0.037078857421875
46.9057,0,-0.038909912109375,0,-0.0207366943359375,0,0.01233673095703125,0,-0.037078857421875
46.9171,0,-0.0391845703125,0,-0.0207366943359375,0,0.01233673095703125,0,-0.0667724609375
46.9256,0,-0.0391845703125,0,-0.0207366943359375,0,0.055572509765625,0,-0.0667724609375
46.9338,0,-0.0391845703125,0,-0.304443359375,0,0.055572509765625,0,-0.0667724609375
46.9451,0,0.06982421875,0,-0.2763671875,0,0.0462646484375,0,-0.1619873046875
46.9529,0,-0.053741455078125,0,-0.2763671875,0,0.0462646484375,0,-0.113037109375
46.9646,0,-0.053741455078125,0,-0.2763671875,0,-0.059814453125,0,-0.113037109375
46.9792,0,0.007122039794921875,0,0.052276611328125,0,-0.059814453125,0,-0.11041259765625
46.9873,0,0.007122039794921875,0,0.052276611328125,0,-0.0745849609375,0,-0.11041259765625
46.9930,0,0.007122039794921875,0,-0.0408935546875,0,-0.0745849609375,0,-0.155029296875
47.0071,0,-0.046783447265625,0,0.342529296875,0,-0.06494140625,0,-0.155029296875
47.0152,0,-0.046783447265625,0,0.342529296875,0,-0.06494140625,0,-0.1710205078125
47.0283,0,-0.07525634765625,0,0.342529296875,0,0.0430908203125,0,-0.1710205078125
47.0389,0,0.0245361328125,0,0.402099609375,0,0.0430908203125,0,0.05078125
47.0482,0,0.0245361328125,0,0.402099609375,0,0.07745361328125,0,0.05078125
47.0555,0,0.0245361328125,0,-0.09478759765625,0,0.07745361328125,0,-0.041839599609375
47.0684,0,0.0291595458984375,0,-0.09478759765625,0,-0.0899658203125,0,-0.041839599609375
47.0792,0,0.0291595458984375,0,0.261474609375,0,-0.0899658203125,0,-0.2135009765625
47.0906,0,0.0210418701171875,0,0.261474609375,0,-0.02117919921875,0,-0.2135009765625
47.1011,0,0.0210418701171875,0,0.033355712890625,0,-0.02117919921875,0,0.03564453125
47.1100,0,0.09515380859375,0,0.033355712890625,0,0.027191162109375,0,0.03564453125
47.1207,0,0.09515380859375,0,-0.36181640625,0,0.027191162109375,0,0.03564453125
47.1297,0,0.0565185546875,0,-0.36181640625,0,0.007701873779296875,0,-0.11102294921875
47.1436,0,0.0565185546875,0,0.053985595703125,0,0.007701873779296875,0,-0.11102294921875
47.1505,0,-0.05120849609375,0,0.053985595703125,0,-0.033721923828125,0,0.06396484375
47.1629,0,-0.05120849609375,0,0.646484375,0,-0.033721923828125,0,-0.06011962890625
47.1712,0,-0.0672607421875,0,0.646484375,0,0.07806396484375,0,-0.06011962890625
47.1835,0,-0.0672607421875,0,0.06829833984375,0,0.07806396484375,0,-0.06011962890625
47.1954,0,0.0697021484375,0,0.06829833984375,0,0.0233001708984375,0,-0.05169677734375
47.2044,0,0.0697021484375,0,0.10272216796875,0,0.0233001708984375,0,-0.05169677734375
47.2105,0,0.11846923828125,0,0.10272216796875,0,0.025909423828125,0,0.0311737060546875
47.2216,0,0.11846923828125,0,0.039093017578125,0,0.025909423828125,0,0.0311737060546875
47.2300,0,0.062164306640625,0,0.039093017578125,0,0.022705078125,0,0.12384033203125
47.2425,0,0.062164306640625,0,-0.467529296875,0,0.022705078125,0,0.12384033203125
47.2523,0,0.1640625,0,-0.467529296875,0,0.047760009765625,0,-0.028839111328125
47.2599,0,0.1640625,0,-0.004047393798828125,0,0.047760009765625,0,-0.028839111328125
47.2709,0,0.0280609130859375,0,-0.004047393798828125,0,0.047760009765625,0,0.0217437744140625
47.2820,0,0.0280609130859375,0,0.266357421875,0,0.08013916015625,0,0.0217437744140625
47.2891,0,0.08453369140625,0,0.266357421875,0,-0.0209808349609375,0,0.07464599609375
47.3024,0,0.08453369140625,0,0.11505126953125,0,-0.0209808349609375,0,0.07464599609375
47.3111,0,0.0430908203125,0,0.11505126953125,0,-0.0209808349609375,0,-0.04241943359375
47.3216,0,0.0430908203125,0,0.264404296875,0,-0.037994384765625,0,-0.04241943359375
47.3324,0,0.06256103515625,0,0.264404296875,0,-0.037994384765625,0,0.1573486328125
47.3418,0,0.06256103515625,0,0.40087890625,0,-0.0201873779296875,0,0.1573486328125
47.3504,0,-0.1492919921875,0,0.40087890625,0,-0.0201873779296875,0,0.16357421875
47.3556,0,-0.1492919921875,0,-0.296875,0,0.06396484375,0,0.16357421875
47.3678,0,0.04010009765625,0,-0.296875,0,0.06396484375,0,0.032196044921875
47.3787,0,0.04010009765625,0,-0.2188720703125,0,0.1026611328125,0,0.032196044921875
47.3888,0,0.0682373046875,0,-0.2188720703125,0,0.1026611328125,0,-0.0369873046875
47.4003,0,0.0682373046875,0,0.244873046875,0,-0.06512451171875,0,-0.0369873046875
47.4068,0,0.06494140625,0,0.244873046875,0,-0.06512451171875,0,0.054168701171875
47.4195,0,0.06494140625,0,0.244873046875,0,0.024993896484375,0,0.054168701171875
47.4270,0,-0.100830078125,0,0.03485107421875,0,0.024993896484375,0,-0.036773681640625
47.4390,0,-0.100830078125,0,0.03485107421875,0,0.07196044921875,0,-0.036773681640625
47.4463,0,0.098388671875,0,0.1787109375,0,0.07196044921875,0,-0.1851806640625
47.4591,0,0.098388671875,0,0.1787109375,0,0.0276031494140625,0,-0.1851806640625
47.4647,0,0.098388671875,0,-0.096923828125,0,0.0276031494140625,0,-0.1851806640625
47.4794,0,0.1126708984375,0,-0.096923828125,0,0.01226043701171875,0,-0.1729736328125
47.4880,0,0.1126708984375,0,0.082275390625,0,0.01226043701171875,0,0.051239013671875
47.4993,0,0.0997314453125,0,0.082275390625,0,-0.0269317626953125,0,0.051239013671875
47.5046,0,0.0997314453125,0,-0.54150390625,0,-0.0269317626953125,0,0.1866455078125
47.5185,0,0.0738525390625,0,-0.54150390625,0,0.042449951171875,0,0.1866455078125
47.5260,0,0.043548583984375,0,-0.07928466796875,0,0.042449951171875,0,-0.09661865234375
47.5382,0,0.043548583984375,0,-0.07928466796875,0,0.10870361328125,0,-0.09661865234375
47.5453,0,0.043548583984375,0,0.317138671875,0,0.10870361328125,0,-0.09661865234375
47.5581,0,-0.136474609375,0,0.317138671875,0,0.01416778564453125,0,-0.1026611328125
47.5665,0,-0.136474609375,0,0.326904296875,0,0.01416778564453125,0,-0.1026611328125
47.5787,0,0.077880859375,0,0.326904296875,0,-0.056243896484375,0,-0.0950927734375
47.5854,0,0.077880859375,0,-0.274658203125,0,-0.056243896484375,0,-0.0950927734375
47.5987,0,-0.041015625,0,-0.274658203125,0,0.0269622802734375,0,-0.1903076171875
47.6079,0,-0.041015625,0,0.10198974609375,0,0.0269622802734375,0,-0.1903076171875
47.6178,0,-0.06494140625,0,0.10198974609375,0,0.07794189453125,0,-0.06512451171875
47.6284,0,-0.06494140625,0,0.2237548828125,0,0.07794189453125,0,-0.06512451171875
47.6377,0,-0.1104736328125,0,0.2237548828125,0,-0.057037353515625,0,0.1707763671875
47.6473,0,-0.1104736328125,0,0.2000732421875,0,-0.057037353515625,0,0.1707763671875
47.6585,0,-0.039215087890625,0,0.2000732421875,0,0.07647705078125,0,0.05169677734375
47.6671,0,-0.039215087890625,0,0.2430419921875,0,0.07647705078125,0,0.05169677734375
47.6819,0,0.05548095703125,0,0.2430419921875,0,0.0416259765625,0,0.1558837890625
47.6867,0,0.05548095703125,0,-0.1497802734375,0,0.0416259765625,0,0.1558837890625
47.6976,0,-0.0149383544921875,0,-0.1497802734375,0,0.0418701171875,0,-0.1541748046875
47.7049,0,-0.0149383544921875,0,0.306884765625,0,0.0418701171875,0,-0.1541748046875
47.7157,0,0.021575927734375,0,0.306884765625,0,0.0654296875,0,0.0855712890625
47.7300,0,0.021575927734375,0,0.02056884765625,0,0.0654296875,0,0.0855712890625
47.7373,0,0.03338623046875,0,0.02056884765625,0,0.01192474365234375,0,0.12493896484375
47.7472,0,0.03338623046875,0,0.58203125,0,0.01192474365234375,0,0.12493896484375
47.7565,0,-0.04693603515625,0,0.58203125,0,0.0767822265625,0,0.07037353515625
47.7651,0,-0.04693603515625,0,0.30517578125,0,0.0767822265625,0,0.07037353515625
47.7763,0,-0.03326416015625,0,0.30517578125,0,0.009674072265625,0,0.09326171875
47.7857,0,-0.03326416015625,0,0.3876953125,0,0.009674072265625,0,0.09326171875
47.7979,0,-0.053955078125,0,0.3876953125,0,0.0279998779296875,0,-0.060943603515625
47.8056,0,-0.053955078125,0,0.2109375,0,0.0279998779296875,0,-0.060943603515625
47.8164,0,0.06072998046875,0,0.2109375,0,-0.08099365234375,0,0.12066650390625
47.8264,0,0.06072998046875,0,-0.2493896484375,0,-0.08099365234375,0,0.12066650390625
47.8357,0,-0.04254150390625,0,-0.2493896484375,0,0.07037353515625,0,-0.0653076171875
47.8446,0,-0.04254150390625,0,-0.2347412109375,0,0.07037353515625,0,-0.0653076171875
47.8554,0,0.04058837890625,0,-0.2347412109375,0,-0.0435791015625,0,0.055084228515625
47.8657,0,0.04058837890625,0,-0.185791015625,0,-0.0435791015625,0,0.055084228515625
47.8752,0,0.0209808349609375,0,-0.185791015625,0,0.00978851318359375,0,0.1046142578125
47.8866,0,0.0209808349609375,0,0.13134765625,0,0.00978851318359375,0,0.1046142578125
47.8973,0,0.054412841796875,0,0.13134765625,0,0.00978851318359375,0,-0.1964111328125
47.9060,0,0.054412841796875,0,0.13134765625,0,0.0231781005859375,0,-0.1964111328125
47.9171,0,0.06243896484375,0,-0.2286376953125,0,0.0231781005859375,0,0.142822265625
47.9256,0,0.06243896484375,0,-0.2286376953125,0,-0.055755615234375,0,0.142822265625
47.9352,0,-0.0595703125,0,-0.158203125,0,-0.055755615234375,0,0.145751953125
47.9473,0,-0.0595703125,0,-0.158203125,0,0.0838623046875,0,0.145751953125
47.9547,0,-0.0654296875,0,-0.244384765625,0,0.0838623046875,0,-0.1636962890625
47.9651,0,-0.0654296875,0,-0.244384765625,0,0.04058837890625,0,-0.1636962890625
47.9763,0,-0.036956787109375,0,-0.260498046875,0,0.04058837890625,0,-0.1011962890625
47.9883,0,-0.036956787109375,0,-0.324951171875,0,0.02630615234375,0,-0.1011962890625
47.9972,0,-0.018341064453125,0,-0.324951171875,0,0.02630615234375,0,-0.01103973388671875
48.0069,0,-0.018341064453125,0,-0.324951171875,0,-0.0276031494140625,0,-0.01103973388671875
48.0165,0,0.10308837890625,0,0.1546630859375,0,-0.0276031494140625,0,0.07073974609375
48.0266,0,0.10308837890625,0,0.1546630859375,0,0.0635986328125,0,0.07073974609375
48.0362,0,0.0131072998046875,0,-0.17041015625,0,0.0635986328125,0,-0.200927734375
48.0465,0,0.0131072998046875,0,-0.17041015625,0,0.048828125,0,-0.200927734375
48.0559,0,0.0131072998046875,0,-0.055816650390625,0,0.048828125,0,0.0858154296875
48.0651,0,-0.06475830078125,0,-0.055816650390625,0,-0.0252227783203125,0,0.0858154296875
48.0792,0,-0.06475830078125,0,0.1719970703125,0,-0.0252227783203125,0,-0.1304931640625
48.0900,0,-0.034088134765625,0,0.1719970703125,0,0.0548095703125,0,-0.1304931640625
48.0996,0,-0.08929443359375,0,-0.264892578125,0,0.0548095703125,0,0.12744140625
48.1106,0,-0.08929443359375,0,-0.264892578125,0,-0.0455322265625,0,0.12744140625
48.1206,0,0.04510498046875,0,0.2230224609375,0,-0.0455322265625,0,-0.1593017578125
48.1311,0,0.04510498046875,0,0.2230224609375,0,0.1370849609375,0,-0.1593017578125
48.1400,0,0.04510498046875,0,-0.501953125,0,0.1370849609375,0,-0.1593017578125
48.1516,0,0.0216522216796875,0,-0.501953125,0,0.08807373046875,0,-0.1971435546875
48.1616,0,0.03985595703125,0,-0.60205078125,0,0.08807373046875,0,-0.1971435546875
48.1713,0,0.03985595703125,0,-0.60205078125,0,0.155029296875,0,0.054351806640625
48.1833,0,-0.05230712890625,0,-0.10894775390625,0,0.155029296875,0,0.054351806640625
48.1907,0,-0.05230712890625,0,-0.10894775390625,0,0.0269927978515625,0,-0.1845703125
48.2014,0,-0.05230712890625,0,-0.0321044921875,0,0.0269927978515625,0,-0.1845703125
48.2115,0,-0.029205322265625,0,-0.0321044921875,0,0.027099609375,0,0.1395263671875
48.2211,0,-0.029205322265625,0,0.496337890625,0,0.027099609375,0,0.1395263671875
48.2334,0,-0.036895751953125,0,0.496337890625,0,0.055419921875,0,0.130615234375
48.2421,0,0.0849609375,0,0.183349609375,0,0.055419921875,0,0.130615234375
48.2489,0,0.0849609375,0,0.183349609375,0,0.0394287109375,0,-0.188232421875
48.2602,0,0.0849609375,0,0.358642578125,0,0.0394287109375,0,-0.188232421875
48.2701,0,0.07025146484375,0,0.358642578125,0,-0.00943756103515625,0,-0.06317138671875
48.2795,0,0.07025146484375,0,0.060394287109375,0,-0.00943756103515625,0,-0.06317138671875
48.2891,0,-0.04498291015625,0,0.060394287109375,0,-0.0443115234375,0,0.11724853515625
48.3002,0,-0.04498291015625,0,0.441162109375,0,-0.0443115234375,0,0.11724853515625
48.3087,0,-0.0241241455078125,0,0.441162109375,0,0.06329345703125,0,-0.119140625
48.3213,0,-0.0241241455078125,0,-0.0830078125,0,0.06329345703125,0,-0.119140625
48.3307,0,-0.0157928466796875,0,-0.0830078125,0,0.06329345703125,0,0.143798828125
48.3380,0,-0.0157928466796875,0,-0.037994384765625,0,0.05914306640625,0,0.143798828125
48.3496,0,0.05767822265625,0,-0.037994384765625,0,0.05914306640625,0,-0.12213134765625
48.3656,0,0.05767822265625,0,-0.037994384765625,0,0.072021484375,0,-0.12213134765625
48.3677,0,0.036163330078125,0,-0.1669921875,0,0.0728759765625,0,0.1756591796875
48.3806,0,0.036163330078125,0,-0.37744140625,0,0.0728759765625,0,0.1756591796875
48.3889,0,0.03814697265625,0,-0.37744140625,0,0.07305908203125,0,-0.054779052734375
48.4009,0,0.03814697265625,0,0.1036376953125,0,0.07305908203125,0,-0.054779052734375
48.4071,0,-0.076416015625,0,0.1036376953125,0,0.07305908203125,0,-0.04217529296875
48.4197,0,-0.076416015625,0,0.1036376953125,0,0.056610107421875,0,-0.04217529296875
48.4297,0,-0.06890869140625,0,-0.140380859375,0,0.056610107421875,0,0.1754150390625
48.4393,0,-0.06890869140625,0,-0.140380859375,0,0.047393798828125,0,0.1754150390625
48.4451,0,-0.11090087890625,0,-0.2071533203125,0,0.047393798828125,0,-0.032562255859375
48.4588,0,-0.11090087890625,0,-0.2071533203125,0,0.052459716796875,0,-0.032562255859375
48.4650,0,0.022705078125,0,-0.611328125,0,0.052459716796875,0,-0.0567626953125
48.4826,0,0.022705078125,0,-0.611328125,0,-0.024383544921875,0,-0.0567626953125
48.4888,0,-0.033294677734375,0,0.19970703125,0,-0.024383544921875,0,0.103515625
48.5010,0,-0.033294677734375,0,0.19970703125,0,0.0086822509765625,0,0.103515625
48.5094,0,0.07757568359375,0,-0.08197021484375,0,0.0086822509765625,0,0.08447265625
48.5186,0,0.07757568359375,0,-0.08197021484375,0,0.0455322265625,0,0.08447265625
48.5267,0,-0.0758056640625,0,-0.1641845703125,0,0.0455322265625,0,-0.0316162109375
48.5401,0,-0.0758056640625,0,-0.1641845703125,0,-0.0280303955078125,0,-0.0316162109375
48.5467,0,0.022186279296875,0,-0.28271484375,0,-0.0280303955078125,0,0.1346435546875
48.5595,0,0.022186279296875,0,-0.28271484375,0,0.03289794921875,0,0.1346435546875
48.5661,0,-0.0958251953125,0,-0.26806640625,0,0.03289794921875,0,0.1346435546875
48.5792,0,-0.0958251953125,0,-0.26806640625,0,0.0631103515625,0,0.0860595703125
48.5842,0,-0.042510986328125,0,-0.1627197265625,0,0.0631103515625,0,0.0860595703125
48.5991,0,-0.042510986328125,0,-0.1627197265625,0,0.03021240234375,0,0.12103271484375
48.6035,0,-0.045654296875,0,0.0567626953125,0,0.03021240234375,0,0.12103271484375
48.6166,0,-0.045654296875,0,0.0567626953125,0,0.01180267333984375,0,0.1295166015625
48.6231,0,0.05194091796875,0,0.410888671875,0,0.01180267333984375,0,0.07373046875
48.6323,0,0.05194091796875,0,0.410888671875,0,0.037933349609375,0,0.07373046875
48.6440,0,0.05194091796875,0,0.1839599609375,0,0.037933349609375,0,0.07373046875
48.6567,0,-0.0272674560546875,0,0.1839599609375,0,0.037933349609375,0,0.060455322265625
48.6675,0,-0.056060791015625,0,-0.0253753662109375,0,0.037689208984375,0,-0.116455078125
48.6780,0,-0.056060791015625,0,-0.0253753662109375,0,-0.042266845703125,0,-0.116455078125
48.6873,0,-0.056060791015625,0,-0.398193359375,0,-0.042266845703125,0,-0.116455078125
48.6988,0,0.04949951171875,0,-0.398193359375,0,0.05230712890625,0,-0.08197021484375
48.7070,0,0.04949951171875,0,0.13525390625,0,0.05230712890625,0,-0.08197021484375
48.7185,0,0.07635498046875,0,0.13525390625,0,0.05230712890625,0,0.142578125
48.7269,0,0.07635498046875,0,0.13525390625,0,0.034637451171875,0,0.142578125
48.7376,0,-0.0748291015625,0,0.5810546875,0,0.0401611328125,0,0.1519775390625
48.7489,0,-0.0748291015625,0,0.0189361572265625,0,0.0401611328125,0,0.1519775390625
48.7572,0,-0.017852783203125,0,0.0189361572265625,0,0.0723876953125,0,-0.11663818359375
48.7694,0,-0.017852783203125,0,-0.3544921875,0,0.0723876953125,0,-0.11663818359375
48.7769,0,0.0391845703125,0,-0.3544921875,0,0.031005859375,0,-0.182861328125
48.7855,0,0.0391845703125,0,-0.2335205078125,0,0.031005859375,0,-0.182861328125
48.8014,0,0.09649658203125,0,-0.2335205078125,0,0.031005859375,0,0.0953369140625
48.8066,0,0.09649658203125,0,-0.07659912109375,0,-0.0297393798828125,0,0.0953369140625
48.8184,0,-0.052337646484375,0,-0.07659912109375,0,-0.0297393798828125,0,-0.0772705078125
48.8280,0,-0.052337646484375,0,0.345703125,0,0.0189361572265625,0,-0.0772705078125
48.8370,0,-0.0218505859375,0,0.345703125,0,0.0189361572265625,0,-0.2042236328125
48.8486,0,-0.0218505859375,0,-0.2041015625,0,0.0280914306640625,0,-0.2042236328125
48.8565,0,0.057769775390625,0,-0.2041015625,0,0.0280914306640625,0,0.1832275390625
48.8678,0,0.057769775390625,0,-0.2041015625,0,0.03875732421875,0,0.1832275390625
48.8804,0,0.0167083740234375,0,0.45654296875,0,-0.01470947265625,0,-0.1019287109375
48.8870,0,0.0167083740234375,0,0.06463623046875,0,-0.01470947265625,0,-0.1019287109375
48.8989,0,0.060760498046875,0,0.06463623046875,0,-0.01470947265625,0,0.05169677734375
48.9072,0,0.060760498046875,0,0.06463623046875,0,-0.04266357421875,0,0.05169677734375
48.9163,0,0.0716552734375,0,-0.2301025390625,0,-0.04266357421875,0,-0.055755615234375
48.9273,0,0.0716552734375,0,-0.2301025390625,0,0.03955078125,0,-0.055755615234375
48.9364,0,0.0716552734375,0,-0.0782470703125,0,0.03955078125,0,0.15380859375
48.9466,0,0.1279296875,0,-0.0782470703125,0,0.0192718505859375,0,0.15380859375
48.9556,0,-0.09002685546875,0,0.2119140625,0,0.0192718505859375,0,0.138427734375
48.9679,0,-0.09002685546875,0,0.2119140625,0,0.098388671875,0,0.138427734375
48.9754,0,-0.09002685546875,0,-0.2958984375,0,0.098388671875,0,0.11236572265625
48.9858,0,-0.063720703125,0,-0.2958984375,0,-0.060150146484375,0,0.11236572265625
49.0008,0,0.048126220703125,0,-0.14892578125,0,0.0311126708984375,0,0.00968170166015625
49.0147,0,0.048126220703125,0,-0.311767578125,0,0.0311126708984375,0,0.00968170166015625
49.0231,0,-0.035430908203125,0,-0.311767578125,0,0.0261688232421875,0,0.1405029296875
49.0315,0,-0.035430908203125,0,-0.06390380859375,0,0.0261688232421875,0,0.1405029296875
49.0388,0,0.0950927734375,0,-0.06390380859375,0,0.0261688232421875,0,0.1524658203125
49.0497,0,0.0950927734375,0,-0.06390380859375,0,0.02227783203125,0,0.1524658203125
49.0613,0,0.06976318359375,0,-0.343505859375,0,0.02227783203125,0,-0.19384765625
49.0709,0,0.06976318359375,0,-0.343505859375,0,0.0784912109375,0,-0.19384765625
49.0834,0,0.06976318359375,0,0.168212890625,0,0.0784912109375,0,-0.19384765625
49.0925,0,-0.05828857421875,0,0.168212890625,0,-0.07232666015625,0,-0.0428466796875
49.1014,0,-0.0406494140625,0,0.51806640625,0,-0.07232666015625,0,-0.0192108154296875
49.1131,0,-0.0406494140625,0,0.51806640625,0,0.0180511474609375,0,-0.0192108154296875
49.1255,0,-0.07086181640625,0,0.310302734375,0,0.0180511474609375,0,-0.1126708984375
49.1342,0,-0.07086181640625,0,0.310302734375,0,0.0498046875,0,-0.1126708984375
49.1441,0,-0.07086181640625,0,-0.03900146484375,0,0.0498046875,0,-0.1126708984375
49.1513,0,-0.07440185546875,0,-0.03900146484375,0,0.07672119140625,0,-0.095458984375
49.1635,0,-0.07440185546875,0,-0.212646484375,0,0.07672119140625,0,-0.095458984375
49.1738,0,-0.01788330078125,0,-0.212646484375,0,0.1168212890625,0,-0.0148468017578125
49.1844,0,-0.01788330078125,0,-0.6083984375,0,0.1168212890625,0,-0.0148468017578125
49.1957,0,0.041046142578125,0,-0.6083984375,0,0.0643310546875,0,-0.065673828125
49.2042,0,0.041046142578125,0,-0.11529541015625,0,0.0643310546875,0,-0.065673828125
49.2135,0,-0.0308990478515625,0,-0.11529541015625,0,0.08380126953125,0,-0.1444091796875
49.2254,0,-0.0308990478515625,0,0.2149658203125,0,0.08380126953125,0,-0.1444091796875
49.2363,0,0.066162109375,0,0.2149658203125,0,0.0740966796875,0,0.09228515625
49.2432,0,0.066162109375,0,0.0287628173828125,0,0.0740966796875,0,0.09228515625
49.2533,0,0.01531982421875,0,0.0287628173828125,0,0.046142578125,0,-0.0216064453125
49.2634,0,0.01531982421875,0,0.45361328125,0,0.046142578125,0,-0.0216064453125
49.2732,0,-0.06439208984375,0,0.45361328125,0,0.07855224609375,0,-0.1473388671875
49.2842,0,-0.06439208984375,0,-0.0743408203125,0,0.07855224609375,0,-0.1473388671875
49.2918,0,0.05523681640625,0,-0.0743408203125,0,-0.0521240234375,0,0.062744140625
49.3053,0,0.05523681640625,0,-0.304931640625,0,-0.0521240234375,0,0.062744140625
49.3124,0,-0.0283660888671875,0,-0.304931640625,0,-0.034759521484375,0,-0.132080078125
49.3233,0,-0.0283660888671875,0,-0.3369140625,0,-0.034759521484375,0,-0.132080078125
49.3321,0,-0.1043701171875,0,-0.3369140625,0,-0.034759521484375,0,0.08746337890625
49.3439,0,-0.1043701171875,0,-0.13671875,0,0.07208251953125,0,0.08746337890625
49.3537,0,0.06268310546875,0,-0.13671875,0,0.07208251953125,0,0.1265869140625
49.3650,0,0.06268310546875,0,0.10430908203125,0,0.0811767578125,0,0.1265869140625
49.3700,0,0.006664276123046875,0,0.10430908203125,0,-0.035675048828125,0,-0.1827392578125
49.3858,0,0.006664276123046875,0,-0.270263671875,0,-0.035675048828125,0,-0.1827392578125
49.3880,0,0.102294921875,0,-0.270263671875,0,-0.035675048828125,0,0.12457275390625
49.4032,0,0.102294921875,0,-0.270263671875,0,0.033294677734375,0,0.12457275390625
49.4114,0,0.07098388671875,0,0.20849609375,0,0.033294677734375,0,0.1605224609375
49.4234,0,0.07098388671875,0,0.20849609375,0,0.03887939453125,0,0.1605224609375
49.4308,0,-0.040008544921875,0,0.049346923828125,0,0.03887939453125,0,0.1092529296875
49.4432,0,-0.040008544921875,0,0.049346923828125,0,0.125244140625,0,0.1092529296875
49.4525,0,-0.02789306640625,0,-0.343505859375,0,0.125244140625,0,0.1092529296875
49.4629,0,-0.02789306640625,0,-0.343505859375,0,0.1363525390625,0,-0.045379638671875
49.4692,0,-0.0999755859375,0,-0.286865234375,0,0.1363525390625,0,-0.0633544921875
49.4827,0,-0.0999755859375,0,-0.286865234375,0,0.03485107421875,0,-0.0633544921875
49.4887,0,-0.049468994140625,0,-0.0714111328125,0,0.03485107421875,0,0.054595947265625
49.5026,0,-0.049468994140625,0,-0.0714111328125,0,0.054229736328125,0,0.054595947265625
49.5068,0,-0.09979248046875,0,0.1943359375,0,0.054229736328125,0,0.054595947265625
49.5214,0,-0.09979248046875,0,0.1943359375,0,0.03497314453125,0,-0.210693359375
49.5285,0,-0.10711669921875,0,-0.04150390625,0,0.03497314453125,0,-0.210693359375
49.5415,0,-0.10711669921875,0,-0.04150390625,0,-0.0066070556640625,0,-0.01335906982421875
49.5476,0,-0.0517578125,0,0.2587890625,0,-0.0066070556640625,0,-0.01335906982421875
49.5626,0,-0.0517578125,0,0.2587890625,0,-0.09130859375,0,0.171142578125
49.5694,0,-0.059234619140625,0,0.15478515625,0,-0.09130859375,0,0.171142578125
49.5806,0,-0.059234619140625,0,0.15478515625,0,0.036376953125,0,0.1690673828125
49.5889,0,-0.059234619140625,0,-0.33447265625,0,0.036376953125,0,0.1690673828125
49.5987,0,-0.0390625,0,-0.33447265625,0,-0.06103515625,0,-0.1572265625
49.6077,0,-0.0390625,0,-0.55126953125,0,-0.06103515625,0,-0.1572265625
49.6209,0,0.049774169921875,0,-0.55126953125,0,0.042724609375,0,0.11419677734375
49.6274,0,0.049774169921875,0,0.57861328125,0,0.042724609375,0,0.11419677734375
49.6415,0,-0.051116943359375,0,0.57861328125,0,0.04461669921875,0,-0.10888671875
49.6469,0,-0.051116943359375,0,-0.1448974609375,0,0.04461669921875,0,-0.10888671875
49.6580,0,0.08544921875,0,-0.1448974609375,0,-0.03009033203125,0,0.1204833984375
49.6687,0,0.08544921875,0,-0.09429931640625,0,-0.03009033203125,0,0.1204833984375
49.6754,0,-0.12060546875,0,-0.09429931640625,0,0.019287109375,0,0.12274169921875
49.6899,0,-0.12060546875,0,0.2369384765625,0,0.019287109375,0,0.12274169921875
49.6953,0,0.0887451171875,0,0.2369384765625,0,0.12042236328125,0,0.1436767578125
49.7109,0,0.0887451171875,0,-0.135498046875,0,0.12042236328125,0,0.1436767578125
49.7173,0,0.054473876953125,0,-0.135498046875,0,0.0181121826171875,0,0.109375
49.7299,0,0.054473876953125,0,-0.32763671875,0,0.0181121826171875,0,0.109375
49.7419,0,-0.13037109375,0,-0.32763671875,0,0.0181121826171875,0,0.1685791015625
49.7498,0,-0.13037109375,0,0.33251953125,0,0.07281494140625,0,0.1685791015625
49.7586,0,-0.041595458984375,0,0.33251953125,0,0.02203369140625,0,-0.2017822265625
49.7705,0,-0.041595458984375,0,-0.391845703125,0,0.02203369140625,0,-0.2017822265625
49.7780,0,-0.08050537109375,0,-0.391845703125,0,0.02203369140625,0,-0.232421875
49.7904,0,-0.08050537109375,0,-0.391845703125,0,0.04718017578125,0,-0.232421875
49.8002,0,-0.0268096923828125,0,0.400634765625,0,0.04718017578125,0,0.205078125
49.8098,0,-0.0268096923828125,0,0.400634765625,0,0.07379150390625,0,0.205078125
49.8218,0,0.026153564453125,0,-0.2076416015625,0,0.07379150390625,0,-0.20849609375
49.8311,0,0.026153564453125,0,-0.2076416015625,0,0.02093505859375,0,-0.20849609375
49.8394,0,-0.046051025390625,0,0.08587646484375,0,0.02093505859375,0,-0.11322021484375
49.8502,0,-0.046051025390625,0,0.08587646484375,0,0.01349639892578125,0,-0.11322021484375
49.8633,0,0.0133209228515625,0,-0.345947265625,0,0.01349639892578125,0,-0.11431884765625
49.8698,0,0.0133209228515625,0,-0.345947265625,0,0.044189453125,0,-0.11431884765625
49.8774,0,0.067138671875,0,0.07745361328125,0,0.044189453125,0,-0.1375732421875
49.8884,0,0.067138671875,0,0.07745361328125,0,-0.0286712646484375,0,-0.1375732421875
49.8972,0,0.0271759033203125,0,-0.491455078125,0,-0.0286712646484375,0,-0.1375732421875
49.9088,0,0.0271759033203125,0,-0.491455078125,0,0.06573486328125,0,0.1632080078125
49.9183,0,0.0271759033203125,0,-0.1318359375,0,0.06573486328125,0,0.1632080078125
49.9287,0,0.06903076171875,0,-0.1318359375,0,-0.053985595703125,0,-0.1026611328125
49.9397,0,0.06256103515625,0,0.3212890625,0,-0.053985595703125,0,0.15380859375
49.9482,0,0.06256103515625,0,0.3212890625,0,0.033050537109375,0,0.15380859375
49.9587,0,0.09185791015625,0,0.36474609375,0,0.033050537109375,0,0.15380859375
49.9686,0,0.09185791015625,0,0.36474609375,0,0.07818603515625,0,0.1861572265625
49.9771,0,0.10205078125,0,-0.2249755859375,0,0.07818603515625,0,0.1861572265625
49.9882,0,0.10205078125,0,-0.2249755859375,0,-0.0322265625,0,0.066162109375
50.0007,0,0.045928955078125,0,-0.2705078125,0,-0.0322265625,0,0.066162109375
50.0100,0,0.045928955078125,0,-0.2705078125,0,0.04315185546875,0,0.11932373046875
50.0188,0,0.045928955078125,0,-0.01702880859375,0,0.04315185546875,0,0.11932373046875
50.0284,0,0.05352783203125,0,-0.01702880859375,0,0.055572509765625,0,0.14794921875
50.0412,0,-0.09991455078125,0,-0.22265625,0,0.055572509765625,0,-0.2159423828125
50.0488,0,-0.09991455078125,0,-0.22265625,0,0.08831787109375,0,-0.2159423828125
50.0606,0,-0.09991455078125,0,0.08551025390625,0,0.08831787109375,0,-0.2159423828125
50.0674,0,-0.08453369140625,0,0.08551025390625,0,0.0498046875,0,0.1429443359375
50.0837,0,-0.08453369140625,0,-0.1702880859375,0,0.0498046875,0,0.1429443359375
50.0902,0,0.05615234375,0,-0.1702880859375,0,-0.0157318115234375,0,0.1759033203125
50.1028,0,0.05615234375,0,-0.1881103515625,0,-0.0157318115234375,0,0.1759033203125
50.1095,0,0.0258331298828125,0,-0.1881103515625,0,-0.045684814453125,0,0.2030029296875
50.1222,0,0.0258331298828125,0,-0.2135009765625,0,-0.045684814453125,0,0.2030029296875
50.1343,0,0.0633544921875,0,-0.2135009765625,0,-0.079833984375,0,0.10589599609375
50.1410,0,0.0633544921875,0,0.261962890625,0,-0.079833984375,0,0.10589599609375
50.1562,0,-0.100830078125,0,0.261962890625,0,-0.02569580078125,0,-0.1832275390625
50.1602,0,-0.100830078125,0,0.2646484375,0,-0.02569580078125,0,-0.1832275390625
50.1698,0,0.07464599609375,0,0.2646484375,0,0.08551025390625,0,0.1063232421875
50.1819,0,0.07464599609375,0,0.303955078125,0,0.08551025390625,0,0.1063232421875
50.1895,0,0.01412200927734375,0,0.303955078125,0,0.08551025390625,0,0.1063232421875
50.2011,0,0.01412200927734375,0,-0.180908203125,0,0.037567138671875,0,0.1759033203125
50.2102,0,0.0154876708984375,0,-0.180908203125,0,0.037567138671875,0,0.1759033203125
50.2211,0,0.0154876708984375,0,-0.180908203125,0,0.026885986328125,0,-0.0731201171875
50.2304,0,0.07867431640625,0,-0.256591796875,0,0.026885986328125,0,-0.07861328125
50.2412,0,0.07867431640625,0,-0.256591796875,0,0.0222625732421875,0,-0.07861328125
50.2522,0,-0.07928466796875,0,-0.22705078125,0,0.0222625732421875,0,-0.07861328125
50.2642,0,-0.07928466796875,0,0.257080078125,0,0.131591796875,0,0.11614990234375
50.2725,0,-0.0718994140625,0,0.257080078125,0,0.131591796875,0,0.11614990234375
50.2843,0,-0.0718994140625,0,0.257080078125,0,-0.039825439453125,0,0.09716796875
50.2919,0,-0.0811767578125,0,0.5068359375,0,-0.039825439453125,0,0.09716796875
50.3026,0,-0.0811767578125,0,0.5068359375,0,-0.0130767822265625,0,0.10595703125
50.3104,0,0.061248779296875,0,-0.2069091796875,0,-0.0130767822265625,0,0.10595703125
50.3227,0,0.061248779296875,0,-0.2069091796875,0,0.027374267578125,0,-0.061004638671875
50.3316,0,-0.01120758056640625,0,-0.1903076171875,0,0.027374267578125,0,-0.061004638671875
50.3432,0,-0.01120758056640625,0,-0.1903076171875,0,0.0450439453125,0,-0.09906005859375
50.3552,0,0.057769775390625,0,0.397705078125,0,0.0450439453125,0,-0.09906005859375
50.3633,0,0.057769775390625,0,0.397705078125,0,0.057342529296875,0,-0.2049560546875
50.3720,0,-0.08026123046875,0,-0.035614013671875,0,0.057342529296875,0,-0.2049560546875
50.3819,0,-0.08026123046875,0,-0.035614013671875,0,0.032318115234375,0,0.081298828125
50.3901,0,-0.09454345703125,0,0.198486328125,0,0.032318115234375,0,0.081298828125
50.4017,0,-0.09454345703125,0,0.198486328125,0,0.081787109375,0,0.067626953125
50.4120,0,-0.1029052734375,0,0.3544921875,0,0.081787109375,0,0.067626953125
50.4216,0,-0.1029052734375,0,0.3544921875,0,0.11322021484375,0,0.08367919921875
50.4307,0,0.06829833984375,0,-0.232666015625,0,0.11322021484375,0,0.08367919921875
50.4407,0,0.06829833984375,0,-0.232666015625,0,0.0179901123046875,0,0.06988525390625
50.4490,0,-0.107666015625,0,-0.0810546875,0,0.0179901123046875,0,0.06988525390625
50.4598,0,-0.107666015625,0,-0.0810546875,0,0.0144500732421875,0,-0.09906005859375
50.4690,0,-0.107666015625,0,-0.070068359375,0,0.0144500732421875,0,-0.09906005859375
50.4795,0,-0.053741455078125,0,-0.070068359375,0,0.0283355712890625,0,-0.1641845703125
50.4880,0,-0.053741455078125,0,0.52783203125,0,0.0283355712890625,0,-0.1641845703125
50.4990,0,-0.094970703125,0,0.52783203125,0,0.039398193359375,0,0.036651611328125
50.5076,0,-0.0528564453125,0,0.055694580078125,0,0.039398193359375,0,0.036651611328125
50.5235,0,-0.0528564453125,0,0.055694580078125,0,-0.047943115234375,0,-0.058349609375
50.5283,0,0.02227783203125,0,0.11627197265625,0,-0.047943115234375,0,-0.058349609375
50.5395,0,0.02227783203125,0,0.11627197265625,0,0.0628662109375,0,-0.14208984375
50.5484,0,0.02227783203125,0,0.431884765625,0,0.0628662109375,0,-0.14208984375
50.5591,0,-0.103515625,0,0.431884765625,0,0.088623046875,0,-0.1488037109375
50.5680,0,-0.0159454345703125,0,0.326171875,0,0.088623046875,0,-0.1488037109375
50.5787,0,-0.0159454345703125,0,0.326171875,0,0.088623046875,0,-0.1630859375
50.5873,0,0.02850341796875,0,0.12127685546875,0,0.0245361328125,0,-0.1630859375
50.5986,0,0.02850341796875,0,0.12127685546875,0,-0.038848876953125,0,0.07269287109375
50.6068,0,0.0634765625,0,0.40478515625,0,-0.038848876953125,0,0.07269287109375
50.6189,0,0.0634765625,0,0.40478515625,0,0.05718994140625,0,-0.1346435546875
50.6302,0,0.0634765625,0,0.054779052734375,0,0.05718994140625,0,-0.1346435546875
50.6413,0,0.029449462890625,0,0.054779052734375,0,-0.06146240234375,0,0.09197998046875
50.6483,0,-0.054443359375,0,-0.2314453125,0,-0.06146240234375,0,0.09197998046875
50.6579,0,-0.054443359375,0,-0.2314453125,0,0.01210784912109375,0,0.11175537109375
50.6670,0,0.087890625,0,-0.3037109375,0,0.01210784912109375,0,0.11175537109375
50.6793,0,0.087890625,0,-0.3037109375,0,-0.04498291015625,0,0.11175537109375
50.6883,0,0.087890625,0,0.445556640625,0,-0.04498291015625,0,0.1129150390625
50.6988,0,0.01180267333984375,0,0.445556640625,0,0.039031982421875,0,-0.07550048828125
50.7073,0,0.01180267333984375,0,-0.41943359375,0,0.039031982421875,0,-0.07550048828125
50.7186,0,0.05853271484375,0,-0.41943359375,0,-0.027496337890625,0,-0.174072265625
50.7268,0,0.05853271484375,0,-0.215087890625,0,-0.027496337890625,0,-0.174072265625
50.7401,0,-0.0819091796875,0,-0.215087890625,0,0.03521728515625,0,-0.176513671875
50.7489,0,-0.0819091796875,0,0.10748291015625,0,0.03521728515625,0,-0.176513671875
50.7597,0,-0.0125885009765625,0,0.10748291015625,0,0.03521728515625,0,-0.176513671875
50.7675,0,-0.0125885009765625,0,-0.3916015625,0,0.04498291015625,0,0.1397705078125
50.7794,0,0.023895263671875,0,-0.3916015625,0,0.04498291015625,0,0.1397705078125
50.7872,0,0.023895263671875,0,-0.32958984375,0,-0.0078582763671875,0,0.05780029296875
50.8002,0,-0.05255126953125,0,-0.32958984375,0,-0.0078582763671875,0,0.05780029296875
50.8077,0,-0.05255126953125,0,-0.2232666015625,0,0.0699462890625,0,0.1807861328125
50.8198,0,-0.0787353515625,0,-0.2232666015625,0,0.0699462890625,0,0.1807861328125
50.8258,0,-0.0787353515625,0,-0.20263671875,0,-0.061187744140625,0,-0.0943603515625
50.8393,0,-0.067626953125,0,-0.20263671875,0,-0.061187744140625,0,-0.0943603515625
50.8462,0,-0.067626953125,0,-0.1903076171875,0,0.0292510986328125,0,-0.06365966796875
50.8592,0,-0.07745361328125,0,-0.1903076171875,0,0.0292510986328125,0,-0.06365966796875
50.8674,0,-0.07745361328125,0,-0.411865234375,0,-0.006504058837890625,0,0.08575439453125
50.8801,0,-0.0120849609375,0,-0.411865234375,0,-0.006504058837890625,0,0.08575439453125
50.8877,0,-0.0120849609375,0,-0.044097900390625,0,-0.0138092041015625,0,0.14013671875
50.8995,0,0.031402587890625,0,-0.044097900390625,0,-0.0138092041015625,0,0.14013671875
50.9102,0,0.031402587890625,0,-0.044097900390625,0,0.05340576171875,0,0.10968017578125
50.9206,0,0.09332275390625,0,-0.327392578125,0,0.05340576171875,0,0.10968017578125
50.9290,0,0.09332275390625,0,-0.327392578125,0,-0.02545166015625,0,0.00998687744140625
50.9400,0,-0.0184173583984375,0,0.09149169921875,0,-0.02545166015625,0,0.00998687744140625
50.9487,0,-0.0184173583984375,0,0.09149169921875,0,-0.0025730133056640625,0,-0.1956787109375
50.9596,0,0.06378173828125,0,-0.358642578125,0,-0.0025730133056640625,0,-0.1956787109375
50.9684,0,0.06378173828125,0,-0.358642578125,0,0.039276123046875,0,0.163818359375
50.9771,0,0.045501708984375,0,0.0653076171875,0,0.039276123046875,0,0.163818359375
50.9858,0,0.045501708984375,0,0.0653076171875,0,0.033111572265625,0,0.09173583984375
50.9967,0,-0.053955078125,0,0.123779296875,0,0.033111572265625,0,0.09173583984375
51.0056,0,-0.053955078125,0,0.123779296875,0,-0.04022216796875,0,0.01467132568359375
51.0174,0,0.01678466796875,0,-0.243896484375,0,-0.04022216796875,0,0.01467132568359375
51.0271,0,0.01678466796875,0,-0.243896484375,0,0.061553955078125,0,0.048126220703125
51.0359,0,-0.049224853515625,0,-0.1263427734375,0,0.061553955078125,0,0.048126220703125
51.0545,0,-0.049224853515625,0,0.22216796875,0,-0.0310821533203125,0,0.075927734375
51.0557,0,0.07904052734375,0,0.22216796875,0,-0.0310821533203125,0,0.075927734375
51.0645,0,0.07904052734375,0,0.22216796875,0,-0.03375244140625,0,-0.011322021484375
51.0777,0,-0.12890625,0,0.276611328125,0,-0.03375244140625,0,-0.011322021484375
51.0899,0,-0.12890625,0,0.276611328125,0,0.0260467529296875,0,-0.2120361328125
51.0974,0,0.07305908203125,0,-0.13916015625,0,0.0260467529296875,0,-0.2120361328125
51.1108,0,0.07305908203125,0,-0.13916015625,0,-0.0231781005859375,0,-0.0743408203125
51.1167,0,0.092529296875,0,0.340087890625,0,-0.0231781005859375,0,-0.0743408203125
51.1277,0,0.092529296875,0,0.340087890625,0,-0.0826416015625,0,-0.050048828125
51.1363,0,0.1483154296875,0,-0.166748046875,0,-0.0826416015625,0,-0.050048828125
51.1472,0,0.1483154296875,0,-0.166748046875,0,-0.0131378173828125,0,-0.06915283203125
51.1561,0,0.1483154296875,0,-0.173828125,0,-0.0131378173828125,0,-0.06915283203125
51.1710,0,0.06097412109375,0,-0.173828125,0,-0.029388427734375,0,0.11346435546875
51.1783,0,-0.0870361328125,0,-0.40966796875,0,-0.029388427734375,0,0.11346435546875
51.1885,0,-0.0870361328125,0,-0.40966796875,0,0.064453125,0,0.143310546875
51.2027,0,-0.0640869140625,0,0.1605224609375,0,0.064453125,0,0.143310546875
51.2080,0,-0.0640869140625,0,0.1605224609375,0,-0.0169830322265625,0,-0.11480712890625
51.2177,0,-0.0640869140625,0,0.1826171875,0,-0.0169830322265625,0,-0.11480712890625
51.2315,0,0.0123443603515625,0,0.1826171875,0,-0.02728271484375,0,-0.1944580078125
51.2381,0,0.0123443603515625,0,0.2548828125,0,-0.02728271484375,0,-0.1944580078125
51.2488,0,-0.03143310546875,0,0.2548828125,0,-0.0260467529296875,0,-0.07562255859375
51.2623,0,-0.046600341796875,0,-0.1148681640625,0,-0.0260467529296875,0,-0.07562255859375
51.2680,0,-0.046600341796875,0,-0.1148681640625,0,-0.03485107421875,0,-0.05670166015625
51.2788,0,-0.046600341796875,0,-0.333740234375,0,-0.03485107421875,0,-0.05670166015625
51.2911,0,0.04705810546875,0,-0.333740234375,0,0.0181427001953125,0,-0.040679931640625
51.3003,0,0.04705810546875,0,0.386962890625,0,0.0181427001953125,0,-0.040679931640625
51.3108,0,-0.059844970703125,0,0.386962890625,0,0.0797119140625,0,-0.1251220703125
51.3219,0,-0.059844970703125,0,-0.1859130859375,0,0.0797119140625,0,-0.1251220703125
51.3305,0,-0.055694580078125,0,-0.1859130859375,0,0.0797119140625,0,-0.1251220703125
51.3363,0,-0.055694580078125,0,0.0653076171875,0,0.059112548828125,0,0.044036865234375
51.3500,0,-0.0694580078125,0,0.0653076171875,0,0.059112548828125,0,0.110107421875
51.3572,0,-0.0694580078125,0,0.0281829833984375,0,0.01287841796875,0,0.110107421875
51.3697,0,-0.10162353515625,0,0.0281829833984375,0,0.01287841796875,0,0.110107421875
51.3809,0,-0.10162353515625,0,0.08770751953125,0,-0.031494140625,0,-0.14306640625
51.3902,0,-0.0281829833984375,0,0.08770751953125,0,-0.031494140625,0,-0.14306640625
51.4014,0,-0.0281829833984375,0,0.08770751953125,0,-0.004547119140625,0,-0.0770263671875
51.4102,0,-0.057708740234375,0,-0.14697265625,0,-0.004547119140625,0,0.1068115234375
51.4213,0,-0.057708740234375,0,-0.14697265625,0,0.09710693359375,0,0.1068115234375
51.4313,0,-0.06793212890625,0,0.0220489501953125,0,0.09710693359375,0,0.1068115234375
51.4410,0,-0.06793212890625,0,-0.33544921875,0,-0.048187255859375,0,-0.166748046875
51.4493,0,0.05181884765625,0,-0.33544921875,0,-0.048187255859375,0,-0.166748046875
51.4602,0,0.05181884765625,0,-0.33544921875,0,0.1141357421875,0,0.09283447265625
51.4696,0,0.051971435546875,0,0.1353759765625,0,0.1141357421875,0,0.09283447265625
51.4798,0,0.051971435546875,0,0.1353759765625,0,-0.019439697265625,0,0.06390380859375
51.4872,0,0.0877685546875,0,-0.2069091796875,0,-0.019439697265625,0,0.06390380859375
51.5016,0,0.0877685546875,0,-0.2069091796875,0,-0.04827880859375,0,0.08642578125
51.5067,0,0.004955291748046875,0,-0.04791259765625,0,-0.04827880859375,0,0.08642578125
51.5187,0,0.004955291748046875,0,-0.04791259765625,0,-0.0156707763671875,0,0.05914306640625
51.5301,0,0.053436279296875,0,-0.07672119140625,0,-0.0156707763671875,0,0.05914306640625
51.5382,0,0.053436279296875,0,-0.07672119140625,0,0.00970458984375,0,0.1314697265625
51.5467,0,-0.02947998046875,0,-0.14501953125,0,0.00970458984375,0,0.1314697265625
51.5607,0,-0.02947998046875,0,-0.14501953125,0,0.007568359375,0,-0.1627197265625
51.5680,0,-0.033660888671875,0,0.23779296875,0,0.007568359375,0,-0.1627197265625
51.5774,0,-0.033660888671875,0,0.23779296875,0,0.0565185546875,0,-0.0677490234375
51.5889,0,-0.0251922607421875,0,-0.1202392578125,0,0.0565185546875,0,-0.0677490234375
51.5943,0,-0.0251922607421875,0,-0.1202392578125,0,0.023651123046875,0,-0.2220458984375
51.6055,0,0.0093536376953125,0,-0.1502685546875,0,0.023651123046875,0,-0.2220458984375
51.6197,0,0.0093536376953125,0,-0.1502685546875,0,0.09478759765625,0,0.1666259765625
51.6249,0,-0.031768798828125,0,0.135986328125,0,0.09478759765625,0,0.1666259765625
51.6337,0,-0.031768798828125,0,0.135986328125,0,0.09478759765625,0,-0.152587890625
51.6477,0,-0.0400390625,0,0.11505126953125,0,0.034210205078125,0,-0.152587890625
51.6558,0,-0.0400390625,0,0.11505126953125,0,0.034210205078125,0,-0.06610107421875
51.6643,0,0.0290069580078125,0,-0.0189056396484375,0,0.0679931640625,0,-0.06610107421875
51.6782,0,0.0290069580078125,0,-0.0189056396484375,0,0.0679931640625,0,0.1246337890625
51.6871,0,0.056060791015625,0,0.38232421875,0,0.0301055908203125,0,0.1246337890625
51.6966,0,0.056060791015625,0,0.38232421875,0,0.0301055908203125,0,0.165771484375
51.7079,0,0.056060791015625,0,0.38232421875,0,-0.0191497802734375,0,0.165771484375
51.7202,0,-0.038177490234375,0,0.1363525390625,0,-0.0191497802734375,0,-0.121337890625
51.7254,0,-0.038177490234375,0,-0.12127685546875,0,-0.003993988037109375,0,-0.121337890625
51.7396,0,0.09698486328125,0,-0.12127685546875,0,-0.003993988037109375,0,-0.062225341796875
51.7482,0,0.09698486328125,0,-0.07220458984375,0,0.07708740234375,0,-0.062225341796875
51.7591,0,-0.06591796875,0,-0.07220458984375,0,0.07708740234375,0,-0.062225341796875
51.7681,0,-0.06591796875,0,-0.07220458984375,0,0.05908203125,0,0.07421875
51.7791,0,-0.04132080078125,0,-0.36376953125,0,0.05908203125,0,0.07421875
51.7878,0,-0.04132080078125,0,-0.36376953125,0,-0.04937744140625,0,0.11431884765625
51.7989,0,-0.04486083984375,0,-0.27294921875,0,-0.04937744140625,0,0.11431884765625
51.8074,0,-0.04486083984375,0,0.1727294921875,0,0.073486328125,0,-0.05694580078125
51.8184,0,0.011383056640625,0,0.1727294921875,0,0.073486328125,0,-0.05694580078125
51.8277,0,0.011383056640625,0,0.1727294921875,0,0.0214996337890625,0,-0.21826171875
51.8392,0,0.02569580078125,0,-0.1817626953125,0,0.0214996337890625,0,-0.21826171875
51.8475,0,0.02569580078125,0,-0.1817626953125,0,-0.057861328125,0,0.053924560546875
51.8583,0,-0.0247802734375,0,0.08807373046875,0,-0.057861328125,0,0.053924560546875
51.8676,0,-0.0247802734375,0,0.08807373046875,0,0.07525634765625,0,-0.045867919921875
51.8780,0,0.0579833984375,0,0.1690673828125,0,0.07525634765625,0,-0.045867919921875
51.8867,0,0.0579833984375,0,0.1690673828125,0,0.042449951171875,0,-0.11004638671875
51.8988,0,-0.049591064453125,0,-0.2344970703125,0,0.042449951171875,0,-0.11004638671875
51.9044,0,-0.049591064453125,0,-0.2344970703125,0,0.083740234375,0,-0.02960205078125
51.9185,0,-0.024658203125,0,-0.2203369140625,0,0.083740234375,0,-0.02960205078125
51.9263,0,-0.024658203125,0,-0.2203369140625,0,-0.0845947265625,0,-0.06170654296875
51.9379,0,-0.0369873046875,0,-0.31396484375,0,-0.0845947265625,0,-0.06170654296875
51.9468,0,-0.0369873046875,0,-0.31396484375,0,-0.0154876708984375,0,-0.1566162109375
51.9596,0,-0.021392822265625,0,-0.1307373046875,0,-0.0154876708984375,0,-0.1566162109375
51.9641,0,-0.021392822265625,0,-0.1307373046875,0,0.03515625,0,0.1424560546875
51.9779,0,0.062103271484375,0,-0.1298828125,0,0.03515625,0,0.1424560546875
51.9867,0,0.062103271484375,0,-0.1298828125,0,0.069091796875,0,0.061309814453125
51.9919,0,-0.051483154296875,0,-0.1722412109375,0,0.069091796875,0,0.061309814453125
52.0084,0,-0.051483154296875,0,-0.1722412109375,0,0.08856201171875,0,0.02679443359375
52.0184,0,-0.10137939453125,0,-0.154541015625,0,0.08856201171875,0,0.02679443359375
52.0236,0,-0.10137939453125,0,-0.154541015625,0,0.043548583984375,0,0.081787109375
52.0379,0,0.09271240234375,0,-0.265625,0,0.043548583984375,0,0.081787109375
52.0466,0,0.09271240234375,0,-0.265625,0,-0.05352783203125,0,0.1485595703125
52.0559,0,0.12164306640625,0,-0.1337890625,0,-0.05352783203125,0,0.1485595703125
52.0657,0,0.12164306640625,0,-0.1337890625,0,0.0848388671875,0,0.1351318359375
52.0787,0,0.08599853515625,0,0.316650390625,0,0.0848388671875,0,0.1351318359375
52.0864,0,0.08599853515625,0,0.316650390625,0,0.0792236328125,0,-0.10797119140625
52.0991,0,0.08599853515625,0,0.10284423828125,0,0.0792236328125,0,-0.10797119140625
52.1091,0,0.0545654296875,0,0.10284423828125,0,0.0384521484375,0,-0.2216796875
52.1199,0,-0.0430908203125,0,-0.154296875,0,0.0384521484375,0,-0.2216796875
52.1297,0,-0.0430908203125,0,-0.154296875,0,0.0384521484375,0,0.06524658203125
52.1438,0,0.0248260498046875,0,-0.262939453125,0,0.0894775390625,0,0.06524658203125
52.1500,0,0.0248260498046875,0,-0.262939453125,0,0.050872802734375,0,-0.055419921875
52.1599,0,0.0248260498046875,0,0.1376953125,0,0.050872802734375,0,-0.055419921875
52.1687,0,0.0594482421875,0,0.1376953125,0,0.050872802734375,0,0.11834716796875
52.1795,0,0.0594482421875,0,-0.318115234375,0,0.06219482421875,0,0.11834716796875
52.1881,0,0.040435791015625,0,-0.318115234375,0,0.06219482421875,0,-0.1048583984375
52.2010,0,0.040435791015625,0,-0.318115234375,0,0.0122833251953125,0,-0.1048583984375
52.2093,0,0.045013427734375,0,0.1392822265625,0,0.0122833251953125,0,0.03289794921875
52.2204,0,0.045013427734375,0,0.1392822265625,0,0.10040283203125,0,0.03289794921875
52.2286,0,0.11029052734375,0,-0.1204833984375,0,0.10040283203125,0,0.03289794921875
52.2402,0,0.11029052734375,0,0.264404296875,0,0.036529541015625,0,0.0168304443359375
52.2487,0,0.0924072265625,0,0.264404296875,0,0.036529541015625,0,0.0168304443359375
52.2595,0,0.0924072265625,0,0.264404296875,0,0.06451416015625,0,0.13330078125
52.2698,0,-0.06182861328125,0,-0.28662109375,0,0.06451416015625,0,0.09002685546875
52.2791,0,-0.06182861328125,0,-0.28662109375,0,-0.033203125,0,0.09002685546875
52.2886,0,0.049560546875,0,-0.3544921875,0,-0.033203125,0,0.09002685546875
52.2999,0,0.049560546875,0,-0.3544921875,0,-0.030670166015625,0,-0.1043701171875
52.3084,0,-0.03802490234375,0,0.09375,0,-0.030670166015625,0,-0.1043701171875
52.3207,0,-0.03802490234375,0,0.09375,0,0.1121826171875,0,-0.0286712646484375
52.3280,0,-0.06964111328125,0,-0.2332763671875,0,0.1121826171875,0,-0.0286712646484375
52.3402,0,-0.06964111328125,0,-0.2332763671875,0,-0.07470703125,0,-0.1943359375
52.3474,0,0.08099365234375,0,-0.18310546875,0,-0.07470703125,0,-0.1943359375
52.3585,0,0.08099365234375,0,-0.18310546875,0,0.10186767578125,0,0.1072998046875
52.3677,0,0.07391357421875,0,-0.46337890625,0,0.10186767578125,0,0.1072998046875
52.3786,0,0.07391357421875,0,-0.46337890625,0,0.0836181640625,0,-0.0181121826171875
52.3877,0,0.0347900390625,0,-0.2496337890625,0,0.0836181640625,0,-0.0181121826171875
52.3985,0,0.0347900390625,0,-0.2496337890625,0,0.028564453125,0,-0.037200927734375
52.4069,0,0.07305908203125,0,0.258544921875,0,0.028564453125,0,-0.037200927734375
52.4206,0,0.07305908203125,0,0.258544921875,0,0.08599853515625,0,-0.174072265625
52.4270,0,0.031646728515625,0,-0.1102294921875,0,0.08599853515625,0,-0.174072265625
52.4391,0,0.031646728515625,0,-0.1102294921875,0,-0.01293182373046875,0,0.14892578125
52.4470,0,0.03436279296875,0,0.2149658203125,0,-0.01293182373046875,0,0.14892578125
52.4603,0,0.03436279296875,0,0.2149658203125,0,0.04150390625,0,-0.171875
52.4667,0,0.03436279296875,0,0.379150390625,0,0.04150390625,0,-0.171875
52.4794,0,0.0283203125,0,0.379150390625,0,-0.043426513671875,0,0.1756591796875
52.4883,0,0.0283203125,0,-0.331787109375,0,-0.043426513671875,0,0.1756591796875
52.4995,0,0.04193115234375,0,-0.331787109375,0,-0.006526947021484375,0,-0.006969451904296875
52.5069,0,-0.044403076171875,0,-0.1466064453125,0,-0.006526947021484375,0,-0.006969451904296875
52.5182,0,-0.044403076171875,0,-0.1466064453125,0,0.008941650390625,0,-0.1123046875
52.5265,0,-0.044403076171875,0,-0.139892578125,0,0.008941650390625,0,-0.1123046875
52.5369,0,0.0408935546875,0,-0.139892578125,0,-0.036041259765625,0,-0.1640625
52.5477,0,0.057861328125,0,-0.341796875,0,-0.036041259765625,0,-0.1640625
52.5556,0,0.057861328125,0,-0.341796875,0,0.06243896484375,0,0.033416748046875
52.5651,0,0.057861328125,0,-0.409912109375,0,0.06243896484375,0,0.033416748046875
52.5784,0,0.010406494140625,0,-0.409912109375,0,0.117431640625,0,-0.1051025390625
52.5856,0,0.057281494140625,0,0.388671875,0,0.117431640625,0,-0.1051025390625
52.5946,0,0.057281494140625,0,0.388671875,0,0.0267486572265625,0,-0.22607421875
52.6070,0,-0.07373046875,0,-0.20947265625,0,0.0267486572265625,0,-0.22607421875
52.6143,0,-0.07373046875,0,-0.20947265625,0,0.0538330078125,0,0.06427001953125
52.6235,0,-0.07373046875,0,-0.1337890625,0,0.0538330078125,0,0.06427001953125
52.6383,0,-0.08477783203125,0,-0.1337890625,0,0.04864501953125,0,0.1463623046875
52.6454,0,-0.08477783203125,0,0.25146484375,0,0.04864501953125,0,0.1463623046875
52.6523,0,0.0148468017578125,0,0.25146484375,0,0.04864501953125,0,-0.027984619140625
52.6659,0,0.0148468017578125,0,0.283203125,0,0.053863525390625,0,-0.027984619140625
52.6733,0,0.0667724609375,0,0.283203125,0,0.053863525390625,0,0.04339599609375
52.6857,0,0.0667724609375,0,0.283203125,0,-0.0093536376953125,0,0.04339599609375
52.6972,0,-0.054290771484375,0,0.48779296875,0,-0.0093536376953125,0,-0.1817626953125
52.7075,0,-0.054290771484375,0,0.48779296875,0,-0.0379638671875,0,-0.1817626953125
52.7191,0,-0.033477783203125,0,0.3955078125,0,-0.0379638671875,0,-0.1817626953125
52.7274,0,-0.033477783203125,0,0.139892578125,0,0.048065185546875,0,-0.18212890625
52.7389,0,0.0226287841796875,0,0.139892578125,0,0.048065185546875,0,-0.18212890625
52.7474,0,0.0226287841796875,0,0.139892578125,0,0.034759521484375,0,0.10296630859375
52.7584,0,-0.03302001953125,0,-0.2366943359375,0,0.034759521484375,0,0.10296630859375
52.7671,0,-0.03302001953125,0,-0.2366943359375,0,-0.016845703125,0,0.054718017578125
52.7778,0,0.042877197265625,0,0.09930419921875,0,-0.016845703125,0,0.054718017578125
52.7866,0,0.042877197265625,0,0.09930419921875,0,0.0728759765625,0,0.020477294921875
52.7986,0,0.04022216796875,0,-0.1387939453125,0,0.0728759765625,0,0.020477294921875
52.8059,0,0.04022216796875,0,-0.1387939453125,0,-0.057373046875,0,0.09130859375
52.8192,0,0.056549072265625,0,0.318115234375,0,-0.057373046875,0,0.09130859375
52.8266,0,0.056549072265625,0,0.318115234375,0,0.0458984375,0,0.0556640625
52.8377,0,-0.0258636474609375,0,-0.28466796875,0,0.0458984375,0,0.0556640625
52.8453,0,-0.0258636474609375,0,-0.28466796875,0,0.0174102783203125,0,0.1275634765625
52.8543,0,-0.0684814453125,0,-0.255615234375,0,0.0174102783203125,0,0.1275634765625
52.8648,0,-0.0684814453125,0,-0.255615234375,0,0.04559326171875,0,0.14013671875
52.8783,0,-0.0684814453125,0,-0.23291015625,0,0.04559326171875,0,0.14013671875
52.8857,0,0.08599853515625,0,-0.23291015625,0,-0.062255859375,0,0.167236328125
52.8907,0,0.0687255859375,0,0.125732421875,0,-0.062255859375,0,0.167236328125
52.9055,0,0.0687255859375,0,0.125732421875,0,-0.06475830078125,0,0.17041015625
52.9148,0,-0.07476806640625,0,0.24072265625,0,-0.06475830078125,0,0.17041015625
52.9224,0,-0.07476806640625,0,0.24072265625,0,-0.07672119140625,0,0.048065185546875
52.9368,0,-0.07476806640625,0,0.0992431640625,0,-0.07672119140625,0,0.048065185546875
52.9435,0,-0.056793212890625,0,0.0992431640625,0,0.058441162109375,0,-0.137451171875
52.9529,0,-0.0227813720703125,0,-0.54736328125,0,0.058441162109375,0,-0.137451171875
52.9644,0,-0.0227813720703125,0,-0.54736328125,0,0.058441162109375,0,-0.17333984375
52.9742,0,-0.021331787109375,0,0.336181640625,0,0.01003265380859375,0,-0.17333984375
52.9817,0,-0.021331787109375,0,0.336181640625,0,0.0635986328125,0,-0.07757568359375
52.9948,0,0.0288238525390625,0,0.369140625,0,0.0635986328125,0,-0.07757568359375
53.0036,0,0.0288238525390625,0,0.369140625,0,0.027313232421875,0,-0.1529541015625
53.0136,0,0.0288238525390625,0,0.1329345703125,0,0.027313232421875,0,-0.1529541015625
53.0246,0,-0.0162200927734375,0,0.1329345703125,0,0.027313232421875,0,-0.1580810546875
53.0362,0,-0.0162200927734375,0,-0.2122802734375,0,0.0814208984375,0,-0.1580810546875
53.0451,0,0.082763671875,0,-0.2122802734375,0,0.0814208984375,0,-0.159912109375
53.0583,0,0.082763671875,0,-0.2122802734375,0,-0.058319091796875,0,-0.159912109375
53.0648,0,-0.0421142578125,0,0.1773681640625,0,0.01397705078125,0,-0.2086181640625
53.0800,0,-0.0421142578125,0,-0.28515625,0,0.01397705078125,0,-0.2086181640625
53.0903,0,-0.0909423828125,0,-0.28515625,0,0.01397705078125,0,0.13037109375
53.1008,0,-0.0909423828125,0,0.128173828125,0,0.07366943359375,0,0.13037109375
53.1071,0,0.06146240234375,0,0.128173828125,0,0.07366943359375,0,-0.146484375
53.1219,0,0.06146240234375,0,0.128173828125,0,0.0401611328125,0,-0.146484375
53.1298,0,-0.053375244140625,0,0.2216796875,0,0.0401611328125,0,-0.1844482421875
53.1421,0,-0.053375244140625,0,0.2216796875,0,0.01332855224609375,0,-0.1844482421875
53.1507,0,-0.0439453125,0,-0.3828125,0,0.01332855224609375,0,-0.2041015625
53.1615,0,-0.0439453125,0,-0.3828125,0,-0.018890380859375,0,-0.2041015625
53.1673,0,-0.037933349609375,0,-0.11541748046875,0,-0.018890380859375,0,0.053619384765625
53.1795,0,-0.037933349609375,0,-0.11541748046875,0,0.032501220703125,0,0.053619384765625
53.1908,0,0.10015869140625,0,0.28369140625,0,0.032501220703125,0,-0.0467529296875
53.1991,0,0.10015869140625,0,0.28369140625,0,0.0587158203125,0,-0.0467529296875
53.2081,0,-0.0281219482421875,0,-0.1590576171875,0,0.0587158203125,0,-0.0467529296875
53.2222,0,-0.0281219482421875,0,-0.1590576171875,0,0.04931640625,0,0.0478515625
53.2291,0,0.0799560546875,0,-0.21875,0,0.04931640625,0,0.0478515625
53.2407,0,0.0799560546875,0,-0.21875,0,0.059234619140625,0,-0.042938232421875
53.2493,0,-0.054901123046875,0,0.51416015625,0,0.059234619140625,0,-0.042938232421875
53.2603,0,-0.054901123046875,0,0.51416015625,0,0.08880615234375,0,-0.152587890625
53.2691,0,-0.04833984375,0,0.53955078125,0,0.08880615234375,0,-0.152587890625
53.2814,0,-0.04833984375,0,0.53955078125,0,0.051849365234375,0,-0.2088623046875
53.2895,0,-0.12115478515625,0,-0.1806640625,0,0.051849365234375,0,-0.2088623046875
53.3007,0,-0.12115478515625,0,-0.1806640625,0,-0.06610107421875,0,-0.1168212890625
53.3108,0,-0.10125732421875,0,0.251220703125,0,-0.06610107421875,0,-0.1168212890625
53.3232,0,-0.10125732421875,0,0.251220703125,0,-0.06817626953125,0,0.055450439453125
53.3293,0,-0.0308685302734375,0,0.235107421875,0,-0.06817626953125,0,0.055450439453125
53.3426,0,-0.0308685302734375,0,0.235107421875,0,-0.018524169921875,0,-0.0859375
53.3502,0,-0.06927490234375,0,0.1578369140625,0,-0.018524169921875,0,-0.0859375
53.3606,0,-0.06927490234375,0,0.1578369140625,0,0.04632568359375,0,0.11541748046875
53.3704,0,-0.06927490234375,0,-0.32470703125,0,0.04632568359375,0,0.11541748046875
53.3801,0,-0.07879638671875,0,-0.32470703125,0,0.04150390625,0,-0.0531005859375
53.3889,0,-0.07879638671875,0,-0.07098388671875,0,0.04150390625,0,-0.0531005859375
53.3998,0,-0.04949951171875,0,-0.07098388671875,0,0.04150390625,0,-0.201904296875
53.4084,0,-0.04949951171875,0,-0.1810302734375,0,0.06890869140625,0,-0.201904296875
53.4194,0,-0.12237548828125,0,-0.1810302734375,0,0.0576171875,0,-0.2264404296875
53.4283,0,-0.1334228515625,0,-0.394775390625,0,0.0576171875,0,-0.2264404296875
53.4390,0,-0.1334228515625,0,-0.394775390625,0,0.09063720703125,0,0.13330078125
53.4475,0,-0.1334228515625,0,0.139404296875,0,0.09063720703125,0,0.13330078125
53.4570,0,-0.1256103515625,0,0.139404296875,0,0.07275390625,0,-0.177490234375
53.4659,0,-0.1256103515625,0,0.33056640625,0,0.07275390625,0,-0.177490234375
53.4766,0,0.040130615234375,0,0.33056640625,0,0.052581787109375,0,0.10748291015625
53.4872,0,0.040130615234375,0,-0.139404296875,0,0.052581787109375,0,0.10748291015625
53.4937,0,-0.036590576171875,0,-0.139404296875,0,0.052581787109375,0,0.1434326171875
53.5078,0,-0.027557373046875,0,-0.0709228515625,0,-0.0157012939453125,0,0.1434326171875
53.5195,0,-0.027557373046875,0,-0.0709228515625,0,-0.0157012939453125,0,0.03839111328125
53.5277,0,0.0750732421875,0,0.345703125,0,0.0821533203125,0,0.03839111328125
53.5369,0,0.0750732421875,0,0.345703125,0,-0.053924560546875,0,-0.026153564453125
53.5466,0,0.0750732421875,0,0.29541015625,0,-0.053924560546875,0,-0.026153564453125
53.5562,0,-0.063232421875,0,0.29541015625,0,-0.053924560546875,0,0.08575439453125
53.5649,0,-0.063232421875,0,-0.1048583984375,0,0.0960693359375,0,0.08575439453125
53.5755,0,-0.05517578125,0,-0.1048583984375,0,0.0960693359375,0,-0.0282135009765625
53.5874,0,-0.05517578125,0,-0.0301971435546875,0,0.0556640625,0,-0.0282135009765625
53.5984,0,0.11798095703125,0,-0.0301971435546875,0,0.0556640625,0,0.0435791015625
53.6099,0,0.11798095703125,0,-0.0301971435546875,0,-0.052490234375,0,0.0435791015625
53.6195,0,0.0413818359375,0,0.15576171875,0,-0.052490234375,0,0.10626220703125
53.6285,0,0.0413818359375,0,0.15576171875,0,0.03582763671875,0,0.10626220703125
53.6372,0,0.029510498046875,0,0.1922607421875,0,0.03582763671875,0,-0.1456298828125
53.6491,0,0.029510498046875,0,0.1922607421875,0,0.016082763671875,0,-0.1456298828125
53.6595,0,-0.0740966796875,0,-0.3916015625,0,0.016082763671875,0,0.1705322265625
53.6700,0,-0.0740966796875,0,-0.3916015625,0,0.06671142578125,0,0.1705322265625
53.6761,0,-0.0301971435546875,0,-0.2176513671875,0,0.06671142578125,0,0.1705322265625
53.6902,0,-0.0301971435546875,0,-0.2176513671875,0,0.089111328125,0,-0.15283203125
53.6956,0,0.061981201171875,0,-0.2646484375,0,0.089111328125,0,-0.15283203125
53.7074,0,0.061981201171875,0,-0.2646484375,0,0.033538818359375,0,-0.06854248046875
53.7208,0,0.06683349609375,0,0.34130859375,0,0.033538818359375,0,-0.06854248046875
53.7286,0,0.06683349609375,0,0.34130859375,0,-0.0282440185546875,0,-0.2213134765625
53.7380,0,-0.053985595703125,0,-0.1654052734375,0,-0.0282440185546875,0,-0.2213134765625
53.7509,0,-0.053985595703125,0,-0.1654052734375,0,-0.00402069091796875,0,-0.0927734375
53.7573,0,-0.035125732421875,0,0.1572265625,0,-0.00402069091796875,0,-0.0927734375
53.7674,0,-0.035125732421875,0,0.1572265625,0,-0.016143798828125,0,0.1285400390625
53.7802,0,0.054534912109375,0,-0.265380859375,0,-0.016143798828125,0,0.1285400390625
53.7849,0,0.054534912109375,0,-0.265380859375,0,-0.10498046875,0,0.1368408203125
53.7976,0,0.10931396484375,0,-0.06243896484375,0,-0.10498046875,0,0.1368408203125
53.8074,0,0.10931396484375,0,-0.06243896484375,0,0.0220794677734375,0,0.037750244140625
53.8150,0,0.08587646484375,0,0.2423095703125,0,0.0220794677734375,0,0.037750244140625
53.8263,0,0.08587646484375,0,0.2423095703125,0,0.055450439453125,0,-0.0158843994140625
53.8444,0,-0.055419921875,0,0.45751953125,0,0.055450439453125,0,-0.0158843994140625
53.8453,0,-0.055419921875,0,0.45751953125,0,-0.03668212890625,0,0.11376953125
53.8554,0,-0.055419921875,0,0.27490234375,0,-0.03668212890625,0,0.11376953125
53.8672,0,-0.09210205078125,0,0.27490234375,0,0.030487060546875,0,-0.0655517578125
53.8778,0,-0.09210205078125,0,-0.10260009765625,0,0.030487060546875,0,-0.0655517578125
53.8865,0,0.08795166015625,0,-0.10260009765625,0,0.030487060546875,0,0.130126953125
53.8975,0,-0.031890869140625,0,-0.019927978515625,0,0.036376953125,0,0.130126953125
53.9033,0,-0.031890869140625,0,-0.019927978515625,0,0.0457763671875,0,-0.07757568359375
53.9188,0,-0.031890869140625,0,-0.45947265625,0,0.0457763671875,0,-0.07757568359375
53.9272,0,-0.06536865234375,0,-0.45947265625,0,0.080322265625,0,-0.1080322265625
53.9354,0,-0.06536865234375,0,-0.40771484375,0,0.080322265625,0,-0.1080322265625
53.9475,0,0.0775146484375,0,-0.40771484375,0,0.080322265625,0,0.0261993408203125
53.9579,0,0.0775146484375,0,-0.08721923828125,0,0.032318115234375,0,0.0261993408203125
53.9673,0,0.05950927734375,0,-0.08721923828125,0,0.032318115234375,0,-0.027313232421875
53.9785,0,0.05950927734375,0,-0.08721923828125,0,-0.0281219482421875,0,-0.027313232421875
53.9942,0,0.060577392578125,0,-0.158935546875,0,-0.0281219482421875,0,0.09222412109375
53.9994,0,0.060577392578125,0,-0.158935546875,0,0.0968017578125,0,0.09222412109375
54.0035,0,-0.0194854736328125,0,-0.4033203125,0,0.0968017578125,0,-0.05181884765625
54.0169,0,-0.0194854736328125,0,-0.4033203125,0,0.0814208984375,0,-0.05181884765625
54.0231,0,0.038299560546875,0,-0.324951171875,0,0.0814208984375,0,0.07012939453125
54.0367,0,0.038299560546875,0,-0.324951171875,0,-0.04693603515625,0,0.07012939453125
54.0465,0,0.022979736328125,0,0.38671875,0,-0.04693603515625,0,0.052703857421875
54.0579,0,0.022979736328125,0,0.38671875,0,-0.01788330078125,0,0.052703857421875
54.0647,0,-0.09002685546875,0,-0.291748046875,0,-0.01788330078125,0,0.11328125
54.0783,0,-0.09002685546875,0,-0.291748046875,0,-0.044952392578125,0,0.11328125
54.0937,0,-0.0300750732421875,0,-0.476318359375,0,-0.020843505859375,0,0.1646728515625
54.1041,0,-0.0300750732421875,0,0.21728515625,0,-0.020843505859375,0,0.1646728515625
54.1117,0,0.1273193359375,0,0.21728515625,0,-0.020843505859375,0,0.1646728515625
54.1234,0,0.1273193359375,0,0.21728515625,0,-0.06781005859375,0,-0.04425048828125
54.1276,0,0.05621337890625,0,-0.1536865234375,0,-0.06781005859375,0,-0.04425048828125
54.1388,0,0.05621337890625,0,-0.1536865234375,0,0.06561279296875,0,0.1141357421875
54.1496,0,0.11669921875,0,-0.267578125,0,0.06561279296875,0,0.047332763671875
54.1604,0,0.11669921875,0,-0.267578125,0,0.0153350830078125,0,0.047332763671875
54.1746,0,0.11669921875,0,-0.1668701171875,0,0.0153350830078125,0,0.047332763671875
54.1830,0,-0.031585693359375,0,-0.1668701171875,0,-0.0169525146484375,0,0.1131591796875
54.1887,0,0.025787353515625,0,-0.456787109375,0,-0.0169525146484375,0,0.1131591796875
54.2030,0,0.025787353515625,0,-0.456787109375,0,0.057220458984375,0,-0.04351806640625
54.2099,0,-0.03704833984375,0,0.0909423828125,0,0.057220458984375,0,-0.04351806640625
54.2194,0,-0.03704833984375,0,0.0909423828125,0,-0.010650634765625,0,-0.075439453125
54.2324,0,-0.03704833984375,0,-0.1739501953125,0,-0.010650634765625,0,-0.075439453125
54.2432,0,0.0225372314453125,0,-0.1739501953125,0,0.04193115234375,0,0.141845703125
54.2550,0,0.0225372314453125,0,-0.355712890625,0,0.04193115234375,0,0.141845703125
54.2642,0,-0.047760009765625,0,-0.355712890625,0,0.024169921875,0,-0.0216217041015625
54.2716,0,0.12396240234375,0,-0.06414794921875,0,0.024169921875,0,-0.0216217041015625
54.2784,0,0.12396240234375,0,-0.06414794921875,0,-0.034576416015625,0,0.053375244140625
54.2932,0,-0.06500244140625,0,-0.34521484375,0,-0.034576416015625,0,0.053375244140625
54.3046,0,-0.06500244140625,0,-0.34521484375,0,0.0236053466796875,0,0.10272216796875
54.3103,0,-0.06500244140625,0,0.0701904296875,0,0.0236053466796875,0,0.10272216796875
54.3240,0,0.027618408203125,0,0.0701904296875,0,0.0236053466796875,0,-0.1724853515625
54.3351,0,0.027618408203125,0,0.25146484375,0,-0.0233917236328125,0,-0.1724853515625
54.3442,0,-0.07525634765625,0,0.25146484375,0,-0.0233917236328125,0,-0.0222625732421875
54.3544,0,-0.07525634765625,0,0.287109375,0,0.059722900390625,0,-0.0222625732421875
54.3616,0,0.054901123046875,0,0.287109375,0,0.0239105224609375,0,-0.1370849609375
54.3700,0,0.054901123046875,0,-0.10479736328125,0,0.0239105224609375,0,-0.1370849609375
54.3814,0,-0.0816650390625,0,-0.10479736328125,0,0.0239105224609375,0,-0.122314453125
54.3902,0,-0.0816650390625,0,-0.04388427734375,0,0.061187744140625,0,-0.122314453125
54.4026,0,-0.05926513671875,0,-0.04388427734375,0,0.061187744140625,0,0.1434326171875
54.4098,0,-0.05926513671875,0,-0.05926513671875,0,0.04541015625,0,0.1434326171875
54.4214,0,0.09136962890625,0,-0.05926513671875,0,0.04541015625,0,0.1251220703125
54.4274,0,0.09136962890625,0,-0.22509765625,0,0.07196044921875,0,0.1251220703125
54.4421,0,-0.01043701171875,0,-0.22509765625,0,0.07196044921875,0,0.1751708984375
54.4492,0,-0.01043701171875,0,-0.46435546875,0,0.087646484375,0,0.1751708984375
54.4560,0,-0.06158447265625,0,-0.46435546875,0,0.087646484375,0,0.07891845703125
54.4700,0,-0.06158447265625,0,-0.46435546875,0,0.03680419921875,0,0.07891845703125
54.4809,0,0.08837890625,0,-0.24658203125,0,0.03680419921875,0,-0.12469482421875
54.4864,0,0.08837890625,0,-0.413330078125,0,-0.039215087890625,0,-0.12469482421875
54.5014,0,0.0127105712890625,0,-0.413330078125,0,-0.039215087890625,0,0.12335205078125
54.5086,0,0.0127105712890625,0,-0.350830078125,0,0.07647705078125,0,0.12335205078125
54.5201,0,0.045928955078125,0,-0.350830078125,0,0.07647705078125,0,0.1478271484375
54.5280,0,0.045928955078125,0,-0.350830078125,0,0.042572021484375,0,0.1478271484375
54.5397,0,-0.1634521484375,0,-0.06878662109375,0,0.042572021484375,0,-0.055084228515625
54.5490,0,-0.1634521484375,0,-0.06878662109375,0,0.040252685546875,0,-0.055084228515625
54.5602,0,-0.053985595703125,0,0.07794189453125,0,0.040252685546875,0,-0.055084228515625
54.5689,0,-0.053985595703125,0,0.07794189453125,0,0.018463134765625,0,0.17724609375
54.5796,0,-0.09161376953125,0,-0.1571044921875,0,0.018463134765625,0,0.17724609375
54.5884,0,-0.09161376953125,0,-0.1571044921875,0,0.0166778564453125,0,0.1597900390625
54.5995,0,-0.09161376953125,0,-0.11761474609375,0,0.0166778564453125,0,0.1597900390625
54.6079,0,0.0094757080078125,0,-0.11761474609375,0,0.04986572265625,0,0.0823974609375
54.6191,0,0.008544921875,0,-0.25244140625,0,0.04986572265625,0,0.0823974609375
54.6273,0,0.008544921875,0,-0.25244140625,0,-0.035797119140625,0,-0.1878662109375
54.6400,0,0.0304107666015625,0,-0.213623046875,0,-0.035797119140625,0,-0.1878662109375
54.6468,0,0.0304107666015625,0,-0.213623046875,0,-0.061920166015625,0,-0.18994140625
54.6579,0,0.0304107666015625,0,0.173583984375,0,-0.061920166015625,0,-0.18994140625
54.6675,0,0.134521484375,0,0.173583984375,0,0.0350341796875,0,-0.0489501953125
54.6736,0,0.0098876953125,0,-0.274658203125,0,0.0350341796875,0,-0.0489501953125
54.6885,0,0.0098876953125,0,-0.274658203125,0,0.040252685546875,0,0.1309814453125
54.6988,0,-0.04583740234375,0,-0.191650390625,0,0.040252685546875,0,0.1309814453125
54.7093,0,-0.04583740234375,0,-0.191650390625,0,-0.033050537109375,0,-0.051239013671875
54.7165,0,-0.07696533203125,0,-0.09283447265625,0,-0.033050537109375,0,-0.051239013671875
54.7273,0,-0.07696533203125,0,-0.09283447265625,0,-0.033782958984375,0,-0.07720947265625
54.7383,0,0.0596923828125,0,0.115234375,0,-0.033782958984375,0,-0.07720947265625
54.7477,0,0.0596923828125,0,0.115234375,0,0.06500244140625,0,0.04705810546875
54.7611,0,0.0018377304077148438,0,0.2261962890625,0,0.06500244140625,0,0.04705810546875
54.7686,0,0.0018377304077148438,0,0.2261962890625,0,0.082275390625,0,-0.153076171875
54.7816,0,0.0018377304077148438,0,-0.34033203125,0,0.082275390625,0,-0.153076171875
54.7899,0,-0.055908203125,0,-0.34033203125,0,-0.02978515625,0,0.0261688232421875
54.8014,0,-0.055908203125,0,-0.2137451171875,0,-0.02978515625,0,0.0261688232421875
54.8098,0,0.042327880859375,0,-0.2137451171875,0,-0.02978515625,0,-0.11956787109375
54.8170,0,0.042327880859375,0,0.159912109375,0,0.0089569091796875,0,-0.11956787109375
54.8290,0,0.05487060546875,0,0.159912109375,0,0.06781005859375,0,0.061004638671875
54.8368,0,0.05487060546875,0,0.1854248046875,0,0.06781005859375,0,0.061004638671875
54.8495,0,0.0726318359375,0,0.1854248046875,0,0.03076171875,0,0.12384033203125
54.8611,0,0.0726318359375,0,-0.152099609375,0,0.03076171875,0,0.12384033203125
54.8698,0,0.045379638671875,0,-0.152099609375,0,0.03076171875,0,-0.1590576171875
54.8754,0,0.045379638671875,0,0.10723876953125,0,0.05389404296875,0,-0.1590576171875
54.8900,0,0.09136962890625,0,0.10723876953125,0,0.05389404296875,0,0.1251220703125
54.8967,0,0.09136962890625,0,0.11175537109375,0,-0.060516357421875,0,0.1251220703125
54.9054,0,0.048828125,0,0.11175537109375,0,-0.060516357421875,0,-0.22412109375
54.9204,0,0.048828125,0,0.55224609375,0,0.03192138671875,0,-0.22412109375
54.9259,0,0.0665283203125,0,0.55224609375,0,0.03192138671875,0,-0.049591064453125
54.9340,0,0.0665283203125,0,-0.375732421875,0,0.03814697265625,0,-0.049591064453125
54.9482,0,0.047271728515625,0,-0.375732421875,0,0.03814697265625,0,0.185546875
54.9543,0,0.047271728515625,0,-0.341552734375,0,0.0408935546875,0,0.185546875
54.9664,0,0.050994873046875,0,-0.341552734375,0,0.0408935546875,0,0.185546875
54.9772,0,0.050994873046875,0,-0.341552734375,0,0.043853759765625,0,0.0703125
54.9859,0,0.030975341796875,0,-0.5263671875,0,0.043853759765625,0,0.0703125
54.9967,0,0.030975341796875,0,-0.1954345703125,0,0.0265045166015625,0,0.11138916015625
55.0056,0,0.033599853515625,0,-0.1954345703125,0,0.0265045166015625,0,0.11138916015625
55.0165,0,0.033599853515625,0,-0.1954345703125,0,0.029296875,0,0.0985107421875
55.0250,0,-0.08935546875,0,0.225830078125,0,0.029296875,0,0.0985107421875
55.0363,0,-0.08935546875,0,0.225830078125,0,-0.048583984375,0,-0.2283935546875
55.0477,0,-0.0279083251953125,0,-0.10028076171875,0,-0.048583984375,0,-0.2283935546875
55.0566,0,-0.0279083251953125,0,-0.10028076171875,0,0.09429931640625,0,0.0257568359375
55.0650,0,-0.0226593017578125,0,-0.1353759765625,0,0.09429931640625,0,0.1241455078125
55.0783,0,-0.0226593017578125,0,-0.1353759765625,0,0.01100921630859375,0,0.1241455078125
55.0893,0,-0.06231689453125,0,0.464599609375,0,0.01100921630859375,0,-0.08807373046875
55.1024,0,0.07025146484375,0,-0.14794921875,0,0.0985107421875,0,-0.08807373046875
55.1101,0,0.07025146484375,0,-0.14794921875,0,0.0985107421875,0,0.11181640625
55.1222,0,0.07025146484375,0,0.4658203125,0,-0.0308990478515625,0,0.11181640625
55.1301,0,0.0565185546875,0,0.4658203125,0,-0.0308990478515625,0,0.11181640625
55.1415,0,0.0565185546875,0,0.4658203125,0,-0.071044921875,0,-0.1265869140625
55.1512,0,-0.05133056640625,0,-0.255859375,0,-0.071044921875,0,-0.1265869140625
55.1635,0,-0.05133056640625,0,-0.255859375,0,0.068359375,0,-0.047149658203125
55.1700,0,0.05621337890625,0,-0.05426025390625,0,0.068359375,0,-0.047149658203125
55.1833,0,0.05621337890625,0,-0.05426025390625,0,-0.050537109375,0,-0.165283203125
55.1919,0,0.050811767578125,0,0.326904296875,0,-0.050537109375,0,-0.165283203125
55.2061,0,0.050811767578125,0,0.326904296875,0,-0.013214111328125,0,0.0253448486328125
55.2121,0,0.10809326171875,0,-0.333740234375,0,-0.013214111328125,0,0.0253448486328125
55.2229,0,0.10809326171875,0,-0.333740234375,0,0.0628662109375,0,-0.237548828125
55.2289,0,-0.01074981689453125,0,-0.0799560546875,0,0.0628662109375,0,-0.237548828125
55.2438,0,-0.01074981689453125,0,-0.0799560546875,0,-0.06768798828125,0,-0.062164306640625
55.2501,0,0.11199951171875,0,0.029937744140625,0,-0.06768798828125,0,-0.062164306640625
55.2624,0,0.11199951171875,0,0.029937744140625,0,0.07061767578125,0,0.11236572265625
55.2749,0,-0.027130126953125,0,0.323486328125,0,0.07061767578125,0,0.11236572265625
55.2819,0,-0.027130126953125,0,0.323486328125,0,0.0589599609375,0,-0.0810546875
55.2910,0,0.052276611328125,0,0.384033203125,0,0.0589599609375,0,-0.0810546875
55.3025,0,0.052276611328125,0,0.384033203125,0,0.1527099609375,0,-0.08599853515625
55.3123,0,-0.05810546875,0,0.1285400390625,0,0.1527099609375,0,-0.08599853515625
55.3222,0,-0.05810546875,0,0.1285400390625,0,0.0799560546875,0,0.0163726806640625
55.3332,0,-0.042449951171875,0,0.40673828125,0,0.0799560546875,0,0.0163726806640625
55.3444,0,-0.042449951171875,0,0.40673828125,0,0.125,0,0.18017578125
55.3501,0,0.07177734375,0,0.0823974609375,0,0.125,0,0.18017578125
55.3634,0,0.07177734375,0,0.0823974609375,0,0.053680419921875,0,-0.082763671875
55.3700,0,0.061920166015625,0,0.3310546875,0,0.053680419921875,0,-0.082763671875
55.3809,0,0.061920166015625,0,0.3310546875,0,0.053680419921875,0,0.105224609375
55.3919,0,0.1065673828125,0,-0.1580810546875,0,-0.033172607421875,0,0.105224609375
55.4007,0,0.1065673828125,0,-0.1580810546875,0,-0.033172607421875,0,-0.032318115234375
55.4096,0,0.1065673828125,0,-0.301513671875,0,0.024200439453125,0,-0.032318115234375
55.4225,0,0.086669921875,0,-0.301513671875,0,0.024200439453125,0,0.09197998046875
55.4290,0,-0.0283355712890625,0,-0.1558837890625,0,0.09747314453125,0,0.09197998046875
55.4403,0,-0.0283355712890625,0,-0.1558837890625,0,0.09747314453125,0,0.1617431640625
55.4506,0,0.0301971435546875,0,0.248779296875,0,-0.042083740234375,0,0.1617431640625
55.4604,0,0.0301971435546875,0,0.248779296875,0,-0.042083740234375,0,-0.1514892578125
55.4696,0,0.0301971435546875,0,-0.2032470703125,0,-0.1580810546875,0,-0.1514892578125
55.4824,0,0.043670654296875,0,-0.2032470703125,0,-0.1580810546875,0,0.0699462890625
55.4890,0,0.043670654296875,0,0.1383056640625,0,0.0853271484375,0,0.0699462890625
55.5021,0,0.04779052734375,0,0.1383056640625,0,0.0853271484375,0,0.0699462890625
55.5106,0,0.04779052734375,0,0.1778564453125,0,0.037200927734375,0,0.078857421875
55.5219,0,-0.017333984375,0,0.1778564453125,0,0.037200927734375,0,0.078857421875
55.5302,0,-0.017333984375,0,0.1778564453125,0,0.0301513671875,0,-0.183349609375
55.5392,0,-0.039703369140625,0,-0.260498046875,0,0.0301513671875,0,-0.09588623046875
55.5500,0,-0.039703369140625,0,-0.260498046875,0,0.0938720703125,0,-0.09588623046875
55.5611,0,0.08453369140625,0,-0.11883544921875,0,0.0938720703125,0,-0.09588623046875
55.5723,0,0.08453369140625,0,-0.11883544921875,0,-0.031524658203125,0,-0.032135009765625
55.5812,0,-0.082275390625,0,0.305908203125,0,-0.031524658203125,0,-0.032135009765625
55.5905,0,-0.082275390625,0,0.305908203125,0,0.050537109375,0,-0.0273590087890625
55.6011,0,-0.07867431640625,0,-0.31494140625,0,0.050537109375,0,-0.0273590087890625
55.6097,0,-0.07867431640625,0,-0.31494140625,0,0.00933074951171875,0,-0.0399169921875
55.6224,0,0.08575439453125,0,0.26806640625,0,0.00933074951171875,0,-0.0399169921875
55.6293,0,0.08575439453125,0,0.26806640625,0,0.027496337890625,0,-0.0821533203125
55.6408,0,0.027557373046875,0,-0.2083740234375,0,0.027496337890625,0,-0.0821533203125
55.6493,0,0.027557373046875,0,-0.2083740234375,0,0.045745849609375,0,0.1966552734375
55.6614,0,-0.054656982421875,0,-0.07537841796875,0,0.045745849609375,0,0.1966552734375
55.6700,0,-0.054656982421875,0,-0.07537841796875,0,0.07452392578125,0,-0.09722900390625
55.6791,0,-0.00637054443359375,0,0.3798828125,0,0.07452392578125,0,-0.09722900390625
55.6897,0,-0.00637054443359375,0,0.3798828125,0,0.1461181640625,0,0.12225341796875
55.6984,0,0.087158203125,0,-0.056121826171875,0,0.1461181640625,0,0.12225341796875
55.7055,0,0.087158203125,0,-0.056121826171875,0,0.07513427734375,0,0.118408203125
55.7180,0,0.042877197265625,0,-0.2484130859375,0,0.07513427734375,0,0.118408203125
55.7269,0,0.042877197265625,0,-0.2484130859375,0,0.0440673828125,0,-0.0255584716796875
55.7397,0,0.042877197265625,0,-0.0090179443359375,0,0.0440673828125,0,-0.0255584716796875
55.7477,0,-0.038909912109375,0,-0.0090179443359375,0,-0.0526123046875,0,0.0916748046875
55.7582,0,0.12396240234375,0,-0.04541015625,0,-0.0526123046875,0,0.0916748046875
55.7708,0,0.12396240234375,0,-0.04541015625,0,-0.0526123046875,0,0.042266845703125
55.7796,0,0.03936767578125,0,0.312255859375,0,0.136962890625,0,0.042266845703125
55.7873,0,0.03936767578125,0,0.312255859375,0,-0.02752685546875,0,-0.00643157958984375
55.7991,0,0.03936767578125,0,0.058502197265625,0,-0.02752685546875,0,-0.00643157958984375
55.8093,0,-0.00734710693359375,0,0.058502197265625,0,-0.1053466796875,0,0.12115478515625
55.8206,0,-0.01560211181640625,0,-0.1566162109375,0,-0.1053466796875,0,0.12115478515625
55.8273,0,-0.01560211181640625,0,-0.1566162109375,0,-0.1053466796875,0,-0.1036376953125
55.8421,0,-0.01560211181640625,0,0.435546875,0,0.01493072509765625,0,-0.1036376953125
55.8468,0,-0.041961669921875,0,0.435546875,0,0.01493072509765625,0,-0.2254638671875
55.8584,0,-0.041961669921875,0,-0.1917724609375,0,0.055908203125,0,-0.2254638671875
55.8666,0,-0.06683349609375,0,-0.1917724609375,0,0.055908203125,0,-0.243896484375
55.8790,0,-0.06683349609375,0,-0.1917724609375,0,-0.08074951171875,0,-0.243896484375
55.8861,0,-0.07171630859375,0,-0.32373046875,0,-0.08074951171875,0,0.1678466796875
55.9011,0,-0.07171630859375,0,-0.370361328125,0,0.10809326171875,0,0.1678466796875
55.9059,0,-0.044464111328125,0,-0.370361328125,0,0.10809326171875,0,0.145263671875
55.9146,0,-0.044464111328125,0,0.1087646484375,0,-0.005321502685546875,0,0.145263671875
55.9287,0,-0.0714111328125,0,0.1087646484375,0,-0.005321502685546875,0,-0.09307861328125
55.9348,0,-0.0714111328125,0,0.16650390625,0,0.0679931640625,0,-0.09307861328125
55.9488,0,-0.030303955078125,0,0.16650390625,0,0.0679931640625,0,-0.09307861328125
55.9604,0,-0.030303955078125,0,0.0804443359375,0,0.047210693359375,0,-0.23193359375
55.9695,0,-0.011932373046875,0,0.0804443359375,0,0.047210693359375,0,-0.23193359375
55.9776,0,-0.011932373046875,0,0.11968994140625,0,0.0280914306640625,0,0.0972900390625
55.9894,0,-0.01413726806640625,0,0.11968994140625,0,0.0280914306640625,0,0.0972900390625
55.9966,0,-0.01413726806640625,0,-0.0853271484375,0,0.0219268798828125,0,0.09912109375
56.0092,0,0.0750732421875,0,-0.0853271484375,0,0.0219268798828125,0,0.09912109375
56.0191,0,0.0750732421875,0,0.51171875,0,-0.09210205078125,0,-0.0487060546875
56.0283,0,0.045440673828125,0,0.51171875,0,-0.09210205078125,0,-0.0487060546875
56.0401,0,0.045440673828125,0,0.51171875,0,0.027191162109375,0,0.139892578125
56.0480,0,0.041351318359375,0,-0.13916015625,0,0.027191162109375,0,0.139892578125
56.0605,0,0.041351318359375,0,-0.13916015625,0,0.04364013671875,0,0.11248779296875
56.0687,0,-0.0462646484375,0,-0.167724609375,0,0.04364013671875,0,0.11248779296875
56.0803,0,-0.0462646484375,0,-0.167724609375,0,0.01325225830078125,0,0.0953369140625
56.0923,0,-0.0277252197265625,0,-0.401123046875,0,0.01325225830078125,0,0.0953369140625
56.1020,0,-0.0277252197265625,0,-0.401123046875,0,0.0618896484375,0,-0.2012939453125
56.1184,0,-0.047454833984375,0,0.212158203125,0,-0.0133514404296875,0,0.12139892578125
56.1233,0,-0.047454833984375,0,0.262939453125,0,-0.0133514404296875,0,0.12139892578125
56.1313,0,0.0703125,0,0.262939453125,0,-0.0133514404296875,0,0.128173828125
56.1420,0,0.0703125,0,-0.00909423828125,0,-0.04150390625,0,0.128173828125
56.1509,0,0.07684326171875,0,-0.00909423828125,0,-0.04150390625,0,0.128173828125
56.1632,0,0.07684326171875,0,-0.00909423828125,0,0.061981201171875,0,0.130859375
56.1722,0,-0.06463623046875,0,-0.1251220703125,0,0.061981201171875,0,0.130859375
56.1831,0,-0.06463623046875,0,-0.1251220703125,0,0.10968017578125,0,0.1270751953125
56.1925,0,-0.0474853515625,0,-0.1871337890625,0,0.10968017578125,0,0.1270751953125
56.2026,0,-0.0474853515625,0,0.52587890625,0,0.06451416015625,0,-0.0738525390625
56.2121,0,-0.077880859375,0,0.52587890625,0,0.06451416015625,0,-0.0738525390625
56.2248,0,-0.077880859375,0,0.52587890625,0,0.06475830078125,0,0.077392578125
56.2319,0,-0.01258087158203125,0,-0.1273193359375,0,0.06475830078125,0,0.077392578125
56.2425,0,-0.01258087158203125,0,-0.1273193359375,0,-0.022735595703125,0,0.15771484375
56.2556,0,0.057159423828125,0,-0.28271484375,0,-0.022735595703125,0,0.15771484375
56.2637,0,0.057159423828125,0,-0.28271484375,0,-0.08453369140625,0,-0.1959228515625
56.2775,0,0.07470703125,0,0.2498779296875,0,-0.08453369140625,0,-0.1959228515625
56.2843,0,0.07470703125,0,-0.1424560546875,0,0.0831298828125,0,0.0947265625
56.2922,0,0.04827880859375,0,-0.1424560546875,0,0.0831298828125,0,0.0947265625
56.3058,0,0.04827880859375,0,-0.1424560546875,0,0.0748291015625,0,0.130615234375
56.3134,0,-0.035858154296875,0,0.0782470703125,0,0.0748291015625,0,0.130615234375
56.3234,0,-0.035858154296875,0,0.0782470703125,0,0.08856201171875,0,0.126220703125
56.3357,0,-0.01194000244140625,0,-0.2413330078125,0,0.08856201171875,0,0.126220703125
56.3435,0,-0.01194000244140625,0,-0.2413330078125,0,0.1324462890625,0,-0.03900146484375
56.3518,0,0.047149658203125,0,0.1619873046875,0,0.1324462890625,0,-0.03900146484375
56.3659,0,0.047149658203125,0,0.1619873046875,0,0.01313018798828125,0,-0.183837890625
56.3801,0,0.050689697265625,0,-0.2056884765625,0,0.01313018798828125,0,-0.183837890625
56.3845,0,0.050689697265625,0,-0.2056884765625,0,0.01313018798828125,0,0.04736328125
56.3951,0,-0.056427001953125,0,-0.07598876953125,0,-0.0364990234375,0,0.04736328125
56.4047,0,-0.056427001953125,0,-0.07598876953125,0,-0.0364990234375,0,-0.1846923828125
56.4131,0,-0.1661376953125,0,0.1844482421875,0,-0.057342529296875,0,-0.1846923828125
56.4241,0,-0.1661376953125,0,0.1844482421875,0,0.07049560546875,0,-0.2008056640625
56.4362,0,0.1153564453125,0,-0.43994140625,0,0.07049560546875,0,-0.2008056640625
56.4439,0,0.1153564453125,0,-0.43994140625,0,0.07049560546875,0,-0.1217041015625
56.4562,0,0.09381103515625,0,0.4267578125,0,0.049896240234375,0,-0.1217041015625
56.4634,0,0.09381103515625,0,0.4267578125,0,0.049896240234375,0,0.1978759765625
56.4734,0,-0.10845947265625,0,-0.2393798828125,0,0.06756591796875,0,0.1978759765625
56.4840,0,-0.10845947265625,0,-0.2393798828125,0,0.00479888916015625,0,-0.2081298828125
56.4915,0,-0.058319091796875,0,-0.408203125,0,0.00479888916015625,0,-0.2081298828125
56.5024,0,-0.058319091796875,0,-0.408203125,0,0.00479888916015625,0,0.08056640625
56.5112,0,0.038177490234375,0,-0.33154296875,0,-0.031158447265625,0,0.08056640625
56.5221,0,0.038177490234375,0,-0.33154296875,0,-0.031158447265625,0,-0.1273193359375
56.5305,0,0.038177490234375,0,-0.57373046875,0,0.08349609375,0,-0.1273193359375
56.5428,0,-0.0723876953125,0,-0.57373046875,0,0.08349609375,0,-0.11956787109375
56.5500,0,-0.04412841796875,0,0.103515625,0,0.026123046875,0,-0.11956787109375
56.5620,0,-0.04412841796875,0,0.103515625,0,0.026123046875,0,-0.1270751953125
56.5741,0,-0.0235748291015625,0,0.27099609375,0,0.036468505859375,0,-0.1270751953125
56.5817,0,-0.0235748291015625,0,0.27099609375,0,0.036468505859375,0,0.1221923828125
56.5903,0,-0.0235748291015625,0,0.36083984375,0,0.0285186767578125,0,0.1221923828125
56.6015,0,0.06854248046875,0,0.36083984375,0,0.0285186767578125,0,-0.15771484375
56.6162,0,0.06854248046875,0,-0.326416015625,0,0.0321044921875,0,-0.15771484375
56.6221,0,-0.045806884765625,0,-0.326416015625,0,0.0321044921875,0,-0.15771484375
56.6329,0,-0.045806884765625,0,-0.059051513671875,0,-0.07110595703125,0,-0.1612548828125
56.6406,0,-0.0830078125,0,-0.059051513671875,0,-0.07110595703125,0,0.1656494140625
56.6491,0,-0.0830078125,0,-0.059051513671875,0,0.1053466796875,0,0.1656494140625
56.6612,0,-0.053497314453125,0,0.2242431640625,0,0.1053466796875,0,0.006542205810546875
56.6695,0,-0.053497314453125,0,-0.1453857421875,0,-0.0260009765625,0,0.006542205810546875
56.6818,0,-0.035552978515625,0,-0.1453857421875,0,-0.0260009765625,0,-0.064697265625
56.6893,0,-0.035552978515625,0,0.299560546875,0,0.027435302734375,0,-0.064697265625
56.7026,0,0.1102294921875,0,0.299560546875,0,0.027435302734375,0,-0.064697265625
56.7096,0,0.1102294921875,0,0.299560546875,0,0.006561279296875,0,0.1519775390625
56.7217,0,0.0174102783203125,0,0.11151123046875,0,0.006561279296875,0,0.1519775390625
56.7297,0,0.0174102783203125,0,0.11151123046875,0,0.01303863525390625,0,0.033294677734375
56.7398,0,0.08843994140625,0,-0.205078125,0,0.01303863525390625,0,0.033294677734375
56.7499,0,0.08843994140625,0,-0.2474365234375,0,0.0316162109375,0,0.1884765625
56.7611,0,0.061187744140625,0,-0.2474365234375,0,0.0316162109375,0,0.150634765625
56.7695,0,0.061187744140625,0,-0.2474365234375,0,-0.08258056640625,0,0.150634765625
56.7817,0,-0.04583740234375,0,0.349609375,0,-0.08258056640625,0,0.150634765625
56.7892,0,-0.04583740234375,0,0.349609375,0,0.025787353515625,0,0.0169525146484375
56.8000,0,0.12890625,0,-0.33642578125,0,0.025787353515625,0,0.0169525146484375
56.8088,0,0.12890625,0,-0.33642578125,0,0.025787353515625,0,-0.2027587890625
56.8212,0,-0.1158447265625,0,0.294189453125,0,0.1246337890625,0,-0.2027587890625
56.8283,0,-0.1158447265625,0,0.294189453125,0,0.1246337890625,0,0.0662841796875
56.8394,0,0.1298828125,0,-0.153564453125,0,0.018218994140625,0,0.0662841796875
56.8480,0,0.1298828125,0,-0.153564453125,0,-0.02496337890625,0,0.1142578125
56.8594,0,-0.04205322265625,0,-0.09869384765625,0,-0.02496337890625,0,0.1142578125
56.8688,0,-0.04205322265625,0,-0.09869384765625,0,-0.02496337890625,0,-0.149169921875
56.8805,0,-0.056732177734375,0,0.01531219482421875,0,-0.032867431640625,0,-0.149169921875
56.8883,0,-0.056732177734375,0,0.01531219482421875,0,-0.032867431640625,0,0.040802001953125
56.8990,0,0.052154541015625,0,-0.0199737548828125,0,-0.0462646484375,0,0.040802001953125
56.9096,0,0.052154541015625,0,-0.0199737548828125,0,-0.0462646484375,0,0.0131072998046875
56.9198,0,-0.0802001953125,0,-0.2454833984375,0,0.0767822265625,0,0.0131072998046875
56.9289,0,-0.0802001953125,0,-0.2454833984375,0,0.0767822265625,0,-0.104736328125
56.9402,0,-0.06622314453125,0,-0.1444091796875,0,0.04302978515625,0,-0.104736328125
56.9487,0,-0.06622314453125,0,-0.1444091796875,0,0.04302978515625,0,0.1424560546875
56.9607,0,-0.06964111328125,0,-0.376953125,0,-0.0276336669921875,0,0.1424560546875
56.9692,0,-0.06964111328125,0,-0.376953125,0,-0.0276336669921875,0,-0.10406494140625
56.9796,0,-0.11328125,0,-0.043853759765625,0,0.06903076171875,0,-0.10406494140625
56.9890,0,-0.11328125,0,-0.043853759765625,0,0.06903076171875,0,0.13720703125
56.9999,0,-0.11328125,0,-0.19970703125,0,0.031585693359375,0,0.13720703125
57.0081,0,0.032135009765625,0,-0.19970703125,0,0.031585693359375,0,-0.2333984375
57.0199,0,0.032135009765625,0,0.268798828125,0,0.084228515625,0,-0.2333984375
57.0283,0,0.006488800048828125,0,0.268798828125,0,0.084228515625,0,-0.2333984375
57.0404,0,0.006488800048828125,0,-0.333740234375,0,-0.02911376953125,0,0.0484619140625
57.0481,0,-0.06451416015625,0,-0.333740234375,0,-0.02911376953125,0,0.0484619140625
57.0596,0,-0.06451416015625,0,-0.2802734375,0,0.0665283203125,0,-0.2001953125
57.0668,0,-0.11651611328125,0,-0.2802734375,0,0.0665283203125,0,0.0283966064453125
57.0809,0,-0.11651611328125,0,-0.1761474609375,0,0.0305938720703125,0,0.0283966064453125
57.0897,0,0.03912353515625,0,-0.1761474609375,0,0.0305938720703125,0,0.0283966064453125
57.1005,0,0.03912353515625,0,-0.1114501953125,0,0.046142578125,0,0.055511474609375
57.1093,0,-0.054901123046875,0,-0.1114501953125,0,0.046142578125,0,0.054046630859375
57.1241,0,-0.055145263671875,0,0.5576171875,0,-0.0182342529296875,0,0.054046630859375
57.1311,0,-0.055145263671875,0,0.5576171875,0,-0.0182342529296875,0,-0.147705078125
57.1415,0,-0.055145263671875,0,-0.27001953125,0,0.07830810546875,0,-0.147705078125
57.1508,0,0.032379150390625,0,-0.27001953125,0,0.07830810546875,0,-0.147705078125
57.1624,0,0.032379150390625,0,-0.25927734375,0,-0.0117034912109375,0,0.1265869140625
57.1729,0,0.05853271484375,0,-0.25927734375,0,-0.0117034912109375,0,0.1265869140625
57.1825,0,0.05853271484375,0,-0.25927734375,0,-0.0117034912109375,0,0.1693115234375
57.1922,0,0.08709716796875,0,0.2132568359375,0,0.01116943359375,0,0.1693115234375
57.2026,0,0.08709716796875,0,0.422607421875,0,-0.0216064453125,0,0.07684326171875
57.2118,0,-0.099853515625,0,0.422607421875,0,-0.0216064453125,0,0.07684326171875
57.2222,0,-0.099853515625,0,0.2222900390625,0,0.051605224609375,0,0.0792236328125
57.2302,0,0.0875244140625,0,0.2222900390625,0,0.051605224609375,0,0.0792236328125
57.2431,0,0.0875244140625,0,0.2222900390625,0,0.051605224609375,0,-0.083984375
57.2514,0,-0.0816650390625,0,0.373291015625,0,0.051025390625,0,-0.083984375
57.2636,0,-0.0816650390625,0,0.373291015625,0,0.0487060546875,0,-0.12493896484375
57.2721,0,0.08441162109375,0,0.038787841796875,0,0.0487060546875,0,-0.12493896484375
57.2831,0,0.08441162109375,0,0.038787841796875,0,0.0487060546875,0,-0.05084228515625
57.2955,0,-0.06787109375,0,0.53369140625,0,0.053680419921875,0,-0.05084228515625
57.3037,0,-0.06787109375,0,0.53369140625,0,0.053680419921875,0,-0.2200927734375
57.3127,0,-0.11767578125,0,-0.39599609375,0,0.01052093505859375,0,-0.2200927734375
57.3269,0,-0.11767578125,0,-0.2275390625,0,0.10162353515625,0,0.07476806640625
57.3385,0,-0.032135009765625,0,-0.2275390625,0,0.10162353515625,0,0.07476806640625
57.3436,0,-0.032135009765625,0,-0.2275390625,0,0.10162353515625,0,-0.1802978515625
57.3529,0,0.04296875,0,0.057373046875,0,-0.035369873046875,0,-0.1802978515625
57.3628,0,0.04296875,0,0.057373046875,0,-0.035369873046875,0,0.10760498046875
57.3715,0,0.1368408203125,0,-0.55810546875,0,0.0916748046875,0,0.10760498046875
57.3825,0,0.1368408203125,0,-0.55810546875,0,0.020904541015625,0,0.1309814453125
57.3912,0,-0.031768798828125,0,-0.275146484375,0,0.020904541015625,0,0.1309814453125
57.4020,0,-0.031768798828125,0,-0.275146484375,0,0.020904541015625,0,-0.0386962890625
57.4109,0,-0.030059814453125,0,-0.409423828125,0,-0.047149658203125,0,-0.0386962890625
57.4218,0,-0.030059814453125,0,-0.409423828125,0,-0.047149658203125,0,-0.05108642578125
57.4303,0,0.00852203369140625,0,0.412353515625,0,0.085693359375,0,-0.05108642578125
57.4416,0,0.00852203369140625,0,0.412353515625,0,0.06634521484375,0,-0.18115234375
57.4500,0,-0.049835205078125,0,-0.03643798828125,0,0.06634521484375,0,-0.18115234375
57.4620,0,-0.049835205078125,0,-0.03643798828125,0,0.06634521484375,0,0.1531982421875
57.4719,0,-0.049835205078125,0,0.361328125,0,0.04608154296875,0,0.1531982421875
57.4821,0,0.054779052734375,0,0.361328125,0,0.04608154296875,0,-0.165771484375
57.4905,0,0.054779052734375,0,-0.139404296875,0,-0.053070068359375,0,-0.165771484375
57.5034,0,0.019073486328125,0,-0.139404296875,0,-0.053070068359375,0,0.026458740234375
57.5126,0,0.019073486328125,0,0.3193359375,0,0.04620361328125,0,0.026458740234375
57.5221,0,0.00989532470703125,0,0.3193359375,0,0.04620361328125,0,0.0736083984375
57.5303,0,0.10870361328125,0,-0.0323486328125,0,0.0955810546875,0,0.0736083984375
57.5426,0,0.10870361328125,0,-0.0323486328125,0,0.0955810546875,0,-0.09661865234375
57.5501,0,0.10870361328125,0,-0.326416015625,0,0.0736083984375,0,-0.09661865234375
57.5629,0,-0.07659912109375,0,-0.326416015625,0,0.0736083984375,0,0.1475830078125
57.5705,0,-0.07659912109375,0,0.11474609375,0,-0.03594970703125,0,0.1475830078125
57.5840,0,0.087158203125,0,0.11474609375,0,-0.03594970703125,0,0.0182647705078125
57.5903,0,0.087158203125,0,-0.403076171875,0,-0.05218505859375,0,0.0182647705078125
57.6022,0,0.06390380859375,0,-0.403076171875,0,-0.05218505859375,0,-0.1922607421875
57.6103,0,0.06390380859375,0,-0.403076171875,0,-0.049072265625,0,-0.1922607421875
57.6211,0,0.0355224609375,0,-0.299072265625,0,-0.049072265625,0,0.076904296875
57.6297,0,0.0355224609375,0,0.1907958984375,0,-0.02203369140625,0,0.076904296875
57.6418,0,0.06451416015625,0,0.1907958984375,0,-0.02203369140625,0,0.032867431640625
57.6493,0,0.06451416015625,0,-0.0836181640625,0,-0.039306640625,0,0.032867431640625
57.6616,0,-0.06158447265625,0,-0.0836181640625,0,-0.039306640625,0,0.032867431640625
57.6689,0,-0.06158447265625,0,-0.0836181640625,0,0.03125,0,0.123291015625
57.6800,0,0.06829833984375,0,-0.428955078125,0,0.03125,0,0.123291015625
57.6888,0,0.06829833984375,0,-0.428955078125,0,0.03125,0,-0.013763427734375
57.6995,0,-0.05792236328125,0,0.52197265625,0,0.02752685546875,0,-0.013763427734375
57.7084,0,-0.05792236328125,0,0.52197265625,0,0.02752685546875,0,0.06365966796875
57.7191,0,0.056060791015625,0,-0.0192108154296875,0,-0.019134521484375,0,0.06365966796875
57.7281,0,0.056060791015625,0,-0.0192108154296875,0,0.061859130859375,0,0.1478271484375
57.7390,0,-0.047210693359375,0,0.2171630859375,0,0.061859130859375,0,0.1478271484375
57.7473,0,-0.047210693359375,0,0.2171630859375,0,0.061859130859375,0,0.1688232421875
57.7587,0,0.04522705078125,0,0.2313232421875,0,0.08489990234375,0,0.1688232421875
57.7697,0,0.04522705078125,0,0.2313232421875,0,0.08489990234375,0,-0.0897216796875
57.7805,0,0.04522705078125,0,-0.08880615234375,0,0.056732177734375,0,-0.0897216796875
57.7891,0,-0.0262603759765625,0,-0.08880615234375,0,0.056732177734375,0,-0.1943359375
57.8000,0,-0.037200927734375,0,-0.06524658203125,0,-0.050323486328125,0,-0.1943359375
57.8089,0,-0.037200927734375,0,-0.06524658203125,0,-0.050323486328125,0,0.1383056640625
57.8197,0,0.0089569091796875,0,-0.11199951171875,0,0.09661865234375,0,0.1383056640625
57.8286,0,0.0089569091796875,0,-0.11199951171875,0,0.09661865234375,0,0.12744140625
57.8417,0,0.0089569091796875,0,-0.038238525390625,0,-0.031982421875,0,0.12744140625
57.8501,0,0.053375244140625,0,-0.038238525390625,0,-0.031982421875,0,0.003856658935546875
57.8606,0,0.053375244140625,0,0.365966796875,0,0.07220458984375,0,0.003856658935546875
57.8681,0,0.03460693359375,0,0.365966796875,0,0.07220458984375,0,-0.104248046875
57.8794,0,0.03460693359375,0,-0.1417236328125,0,0.046630859375,0,-0.104248046875
57.8916,0,0.053314208984375,0,-0.1417236328125,0,0.046630859375,0,-0.06158447265625
57.8990,0,0.053314208984375,0,-0.072509765625,0,0.0182037353515625,0,-0.06158447265625
57.9076,0,-0.0701904296875,0,-0.072509765625,0,0.0182037353515625,0,-0.09033203125
57.9193,0,-0.0701904296875,0,-0.41748046875,0,0.060272216796875,0,-0.09033203125
57.9282,0,0.038360595703125,0,-0.41748046875,0,0.060272216796875,0,0.1041259765625
57.9390,0,0.038360595703125,0,0.076416015625,0,0.0643310546875,0,0.1041259765625
57.9475,0,0.0255584716796875,0,0.076416015625,0,0.0643310546875,0,0.0278778076171875
57.9614,0,0.0255584716796875,0,0.09759521484375,0,0.043304443359375,0,0.0278778076171875
57.9674,0,-0.041412353515625,0,0.09759521484375,0,0.043304443359375,0,-0.179443359375
57.9796,0,-0.041412353515625,0,-0.20556640625,0,-0.1002197265625,0,-0.179443359375
57.9873,0,0.02264404296875,0,-0.20556640625,0,-0.1002197265625,0,-0.0782470703125
57.9994,0,0.02264404296875,0,-0.1990966796875,0,-0.021728515625,0,-0.0782470703125
58.0085,0,-0.059814453125,0,-0.1990966796875,0,-0.021728515625,0,0.11602783203125
58.0187,0,-0.059814453125,0,-0.1990966796875,0,0.07867431640625,0,0.11602783203125
58.0303,0,-0.041839599609375,0,-0.445556640625,0,0.07867431640625,0,0.08551025390625
58.0393,0,-0.041839599609375,0,-0.3828125,0,0.0089874267578125,0,0.08551025390625
58.0498,0,-0.131591796875,0,-0.3828125,0,0.0089874267578125,0,0.08551025390625
58.0586,0,-0.131591796875,0,0.2288818359375,0,-0.030303955078125,0,-0.177490234375
58.0682,0,-0.0280914306640625,0,0.2288818359375,0,-0.030303955078125,0,-0.177490234375
58.0832,0,-0.0280914306640625,0,0.2288818359375,0,-0.03582763671875,0,0.134521484375
58.0891,0,-0.0723876953125,0,-0.31396484375,0,-0.03582763671875,0,0.14306640625
58.1000,0,-0.0723876953125,0,-0.31396484375,0,0.0594482421875,0,0.14306640625
58.1092,0,-0.07177734375,0,-0.08526611328125,0,0.0594482421875,0,0.14306640625
58.1196,0,-0.07177734375,0,-0.08526611328125,0,-0.08905029296875,0,0.140380859375
58.1336,0,0.07769775390625,0,-0.1951904296875,0,-0.08905029296875,0,-0.1334228515625
58.1428,0,0.07769775390625,0,-0.1951904296875,0,-0.016815185546875,0,-0.1334228515625
58.1488,0,-0.08209228515625,0,0.1456298828125,0,-0.016815185546875,0,0.11834716796875
58.1616,0,-0.08209228515625,0,0.1456298828125,0,0.0654296875,0,0.11834716796875
58.1688,0,0.061187744140625,0,-0.1722412109375,0,0.0654296875,0,0.11834716796875
58.1821,0,0.061187744140625,0,-0.1722412109375,0,0.024261474609375,0,0.165283203125
58.1903,0,0.0504150390625,0,-0.070556640625,0,0.024261474609375,0,0.165283203125
58.2008,0,0.0504150390625,0,-0.070556640625,0,-0.062255859375,0,0.09735107421875
58.2100,0,-0.062042236328125,0,0.129150390625,0,-0.062255859375,0,0.09735107421875
58.2206,0,-0.062042236328125,0,0.129150390625,0,0.0595703125,0,0.0804443359375
58.2319,0,-0.062042236328125,0,-0.0675048828125,0,0.0595703125,0,0.0804443359375
58.2430,0,-0.06842041015625,0,-0.0675048828125,0,-0.0286865234375,0,0.09783935546875
58.2522,0,-0.06842041015625,0,0.344482421875,0,-0.0286865234375,0,0.09783935546875
58.2630,0,0.05816650390625,0,0.344482421875,0,0.03741455078125,0,-0.11065673828125
58.2726,0,0.05816650390625,0,-0.4091796875,0,0.03741455078125,0,-0.11065673828125
58.2850,0,-0.053253173828125,0,-0.4091796875,0,-0.03924560546875,0,-0.03570556640625
58.2936,0,-0.053253173828125,0,-0.3076171875,0,-0.03924560546875,0,-0.03570556640625
58.3034,0,0.061309814453125,0,-0.3076171875,0,0.07098388671875,0,0.049102783203125
58.3117,0,0.11114501953125,0,0.34521484375,0,0.07098388671875,0,0.049102783203125
58.3211,0,0.11114501953125,0,0.34521484375,0,-0.0226593017578125,0,-0.06488037109375
58.3316,0,0.11114501953125,0,-0.37548828125,0,-0.0226593017578125,0,-0.06488037109375
58.3431,0,-0.0936279296875,0,-0.37548828125,0,-0.0226593017578125,0,0.121826171875
58.3494,0,-0.0936279296875,0,0.05364990234375,0,0.0179901123046875,0,0.121826171875
58.3605,0,-0.1197509765625,0,0.05364990234375,0,0.0179901123046875,0,0.06903076171875
58.3735,0,-0.1197509765625,0,-0.103271484375,0,0.048370361328125,0,0.06903076171875
58.3813,0,-0.13916015625,0,-0.103271484375,0,0.048370361328125,0,0.191162109375
58.3895,0,-0.13916015625,0,0.28173828125,0,-0.020904541015625,0,0.191162109375
58.4006,0,0.1339111328125,0,0.28173828125,0,-0.020904541015625,0,-0.045867919921875
58.4127,0,0.1339111328125,0,0.394775390625,0,0.0572509765625,0,-0.045867919921875
58.4212,0,0.06134033203125,0,0.394775390625,0,0.0572509765625,0,0.1295166015625
58.4318,0,0.06134033203125,0,-0.144775390625,0,-0.04931640625,0,0.1295166015625
58.4400,0,-0.0841064453125,0,-0.144775390625,0,-0.04931640625,0,0.04656982421875
58.4472,0,-0.0841064453125,0,-0.21240234375,0,0.045166015625,0,0.04656982421875
58.4595,0,-0.060028076171875,0,-0.21240234375,0,0.045166015625,0,0.1177978515625
58.4690,0,-0.060028076171875,0,-0.2257080078125,0,0.044586181640625,0,0.1177978515625
58.4795,0,0.043853759765625,0,-0.2257080078125,0,0.044586181640625,0,0.118896484375
58.4892,0,0.043853759765625,0,-0.304443359375,0,0.076416015625,0,0.118896484375
58.4989,0,0.08709716796875,0,-0.304443359375,0,0.076416015625,0,0.1400146484375
58.5073,0,0.08709716796875,0,-0.1993408203125,0,0.02105712890625,0,0.1400146484375
58.5181,0,-0.11236572265625,0,-0.1993408203125,0,0.02105712890625,0,0.21484375
58.5268,0,-0.11236572265625,0,-0.11126708984375,0,0.0244140625,0,0.21484375
58.5377,0,-0.079345703125,0,-0.11126708984375,0,0.0244140625,0,-0.17724609375
58.5466,0,-0.079345703125,0,0.150146484375,0,-0.0160064697265625,0,-0.17724609375
58.5590,0,-0.068115234375,0,0.150146484375,0,-0.0160064697265625,0,-0.17724609375
58.5675,0,-0.068115234375,0,0.150146484375,0,0.03851318359375,0,-0.180908203125
58.5798,0,0.0689697265625,0,-0.397705078125,0,0.03851318359375,0,-0.180908203125
58.5882,0,0.0689697265625,0,0.1705322265625,0,0.01183319091796875,0,-0.08282470703125
58.5992,0,0.053863525390625,0,0.1705322265625,0,0.01183319091796875,0,-0.08282470703125
58.6077,0,0.053863525390625,0,0.255615234375,0,0.058013916015625,0,0.07159423828125
58.6188,0,-0.0648193359375,0,0.255615234375,0,0.058013916015625,0,0.07159423828125
58.6265,0,-0.0648193359375,0,0.255615234375,0,0.0143890380859375,0,-0.058197021484375
58.6376,0,-0.032989501953125,0,0.352783203125,0,0.0143890380859375,0,-0.058197021484375
58.6469,0,-0.032989501953125,0,0.352783203125,0,-0.0297088623046875,0,-0.052642822265625
58.6595,0,-0.028533935546875,0,0.059814453125,0,-0.0297088623046875,0,-0.052642822265625
58.6708,0,-0.028533935546875,0,0.059814453125,0,0.0660400390625,0,0.015838623046875
58.6789,0,-0.031585693359375,0,-0.267333984375,0,0.0660400390625,0,0.015838623046875
58.6856,0,-0.031585693359375,0,-0.267333984375,0,-0.0300140380859375,0,-0.0863037109375
58.6986,0,-0.0274505615234375,0,-0.1787109375,0,-0.0300140380859375,0,-0.0863037109375
58.7059,0,-0.0274505615234375,0,-0.1787109375,0,-0.023162841796875,0,0.108642578125
58.7167,0,0.047210693359375,0,-0.2261962890625,0,-0.023162841796875,0,0.108642578125
58.7254,0,0.047210693359375,0,-0.2261962890625,0,0.033111572265625,0,0.1180419921875
58.7364,0,0.00725555419921875,0,0.411376953125,0,0.033111572265625,0,0.1180419921875
58.7451,0,0.00725555419921875,0,0.411376953125,0,0.025115966796875,0,0.11102294921875
58.7575,0,0.02996826171875,0,-0.2841796875,0,0.025115966796875,0,0.11102294921875
58.7654,0,0.02996826171875,0,-0.2841796875,0,-0.051849365234375,0,-0.2344970703125
58.7790,0,0.02996826171875,0,0.3291015625,0,-0.051849365234375,0,-0.2344970703125
58.7906,0,-0.08917236328125,0,0.3291015625,0,-0.0234527587890625,0,0.1292724609375
58.7986,0,0.025787353515625,0,0.369873046875,0,-0.0234527587890625,0,0.1292724609375
58.8077,0,0.025787353515625,0,0.369873046875,0,-0.0234527587890625,0,0.1385498046875
58.8176,0,0.07958984375,0,-0.02886962890625,0,-0.029541015625,0,0.1385498046875
58.8296,0,0.07958984375,0,-0.02886962890625,0,-0.029541015625,0,0.06866455078125
58.8369,0,0.07958984375,0,-0.276611328125,0,0.039947509765625,0,0.06866455078125
58.8470,0,-0.060302734375,0,-0.276611328125,0,0.039947509765625,0,0.102294921875
58.8572,0,-0.060302734375,0,-0.277099609375,0,-0.008758544921875,0,0.102294921875
58.8655,0,-0.044525146484375,0,-0.277099609375,0,-0.008758544921875,0,0.11517333984375
58.8776,0,0.06329345703125,0,0.26904296875,0,-0.034149169921875,0,0.11517333984375
58.8862,0,0.06329345703125,0,0.26904296875,0,-0.034149169921875,0,0.12042236328125
58.8961,0,0.06329345703125,0,0.324951171875,0,0.0362548828125,0,0.12042236328125
58.9047,0,0.061004638671875,0,0.324951171875,0,0.0362548828125,0,0.1436767578125
58.9163,0,0.061004638671875,0,0.324951171875,0,0.0300750732421875,0,0.1436767578125
58.9250,0,-0.054962158203125,0,-0.263916015625,0,0.0300750732421875,0,-0.025848388671875
58.9355,0,-0.054962158203125,0,-0.263916015625,0,0.0228424072265625,0,-0.025848388671875
58.9442,0,-0.1170654296875,0,-0.2110595703125,0,0.0228424072265625,0,0.1356201171875
58.9557,0,-0.1170654296875,0,-0.2110595703125,0,-0.054168701171875,0,0.1356201171875
58.9690,0,0.07568359375,0,0.55126953125,0,-0.054168701171875,0,-0.1634521484375
58.9774,0,0.07568359375,0,0.55126953125,0,-0.0151824951171875,0,-0.1634521484375
58.9852,0,-0.06494140625,0,-0.25732421875,0,-0.0151824951171875,0,0.12255859375
58.9963,0,-0.06494140625,0,0.412353515625,0,0.07611083984375,0,0.12255859375
59.0048,0,0.10601806640625,0,0.412353515625,0,0.07611083984375,0,0.12255859375
59.0160,0,0.10601806640625,0,0.412353515625,0,0.025299072265625,0,0.11260986328125
59.0287,0,0.0290679931640625,0,-0.2200927734375,0,0.025299072265625,0,0.11260986328125
59.0353,0,0.0290679931640625,0,-0.2200927734375,0,0.04010009765625,0,-0.09234619140625
59.0434,0,-0.0997314453125,0,0.1778564453125,0,0.04010009765625,0,-0.10699462890625
59.0549,0,-0.0997314453125,0,0.1778564453125,0,0.0865478515625,0,-0.10699462890625
59.0635,0,0.11578369140625,0,-0.35986328125,0,0.0865478515625,0,-0.10699462890625
59.0792,0,0.11578369140625,0,-0.35986328125,0,0.028350830078125,0,0.15576171875
59.0871,0,0.03070068359375,0,-0.1689453125,0,0.028350830078125,0,-0.08941650390625
59.0993,0,0.03070068359375,0,-0.1689453125,0,0.06451416015625,0,-0.08941650390625
59.1073,0,0.058502197265625,0,0.3427734375,0,0.06451416015625,0,-0.08941650390625
59.1181,0,0.058502197265625,0,0.3427734375,0,0.0241546630859375,0,0.16845703125
59.1302,0,0.037628173828125,0,-0.266357421875,0,0.0241546630859375,0,0.16845703125
59.1428,0,0.037628173828125,0,0.10382080078125,0,0.047515869140625,0,-0.11676025390625
59.1550,0,0.01557159423828125,0,0.10382080078125,0,0.047515869140625,0,-0.0638427734375
59.1620,0,0.01557159423828125,0,0.10382080078125,0,0.036163330078125,0,-0.0638427734375
59.1700,0,0.04510498046875,0,0.1361083984375,0,0.036163330078125,0,-0.0638427734375
59.1813,0,0.04510498046875,0,0.1361083984375,0,0.036163330078125,0,0.1810302734375
59.1913,0,0.04510498046875,0,-0.50732421875,0,-0.071044921875,0,0.1810302734375
59.2020,0,0.07293701171875,0,-0.50732421875,0,-0.071044921875,0,0.04278564453125
59.2108,0,0.034637451171875,0,0.09478759765625,0,0.072021484375,0,0.04278564453125
59.2219,0,0.034637451171875,0,0.09478759765625,0,0.072021484375,0,-0.118896484375
59.2305,0,-0.0287017822265625,0,0.2783203125,0,-0.08831787109375,0,-0.118896484375
59.2414,0,-0.0287017822265625,0,0.2783203125,0,-0.08831787109375,0,0.1346435546875
59.2499,0,-0.0287017822265625,0,-0.280029296875,0,0.035980224609375,0,0.1346435546875
59.2616,0,0.04449462890625,0,-0.280029296875,0,0.035980224609375,0,0.01544189453125
59.2693,0,0.04449462890625,0,-0.019866943359375,0,0.0146942138671875,0,0.01544189453125
59.2829,0,-0.058990478515625,0,-0.019866943359375,0,0.0146942138671875,0,-0.041168212890625
59.2915,0,-0.058990478515625,0,0.33935546875,0,0.02557373046875,0,-0.041168212890625
59.3028,0,0.0428466796875,0,0.33935546875,0,0.02557373046875,0,0.1536865234375
59.3123,0,0.0428466796875,0,0.33935546875,0,0.00605010986328125,0,0.1536865234375
59.3231,0,-0.053436279296875,0,-0.1248779296875,0,0.00605010986328125,0,0.1422119140625
59.3317,0,-0.053436279296875,0,-0.2283935546875,0,0.034423828125,0,0.1422119140625
59.3462,0,-0.051544189453125,0,-0.2283935546875,0,0.034423828125,0,0.044647216796875
59.3492,0,-0.051544189453125,0,-0.297607421875,0,0.00528717041015625,0,0.044647216796875
59.3627,0,-0.06640625,0,-0.297607421875,0,0.00528717041015625,0,0.167724609375
59.3733,0,-0.06640625,0,-0.297607421875,0,0.0133056640625,0,0.167724609375
59.3827,0,-0.0255126953125,0,-0.33984375,0,0.0133056640625,0,0.1552734375
59.3942,0,-0.0255126953125,0,-0.33984375,0,-0.040191650390625,0,0.1552734375
59.4025,0,-0.0765380859375,0,-0.1395263671875,0,-0.040191650390625,0,-0.09417724609375
59.4114,0,-0.0765380859375,0,-0.1395263671875,0,0.06256103515625,0,-0.09417724609375
59.4218,0,-0.0275726318359375,0,0.4482421875,0,0.06256103515625,0,-0.13525390625
59.4307,0,-0.0275726318359375,0,0.4482421875,0,0.031768798828125,0,-0.13525390625
59.4418,0,-0.0374755859375,0,-0.248046875,0,0.031768798828125,0,0.07208251953125
59.4502,0,-0.0374755859375,0,-0.248046875,0,-0.0263214111328125,0,0.07208251953125
59.4612,0,-0.0249481201171875,0,-0.40234375,0,-0.0263214111328125,0,0.1810302734375
59.4701,0,-0.0249481201171875,0,-0.40234375,0,-0.04425048828125,0,0.1810302734375
59.4834,0,-0.07135009765625,0,-0.15625,0,-0.04425048828125,0,0.1522216796875
59.4898,0,-0.07135009765625,0,-0.15625,0,0.08135986328125,0,0.1522216796875
59.5009,0,0.01508331298828125,0,0.10821533203125,0,0.08135986328125,0,-0.1265869140625
59.5145,0,0.01508331298828125,0,-0.400146484375,0,-0.0364990234375,0,-0.1265869140625
59.5205,0,-0.055389404296875,0,-0.400146484375,0,-0.0364990234375,0,-0.1265869140625
59.5306,0,-0.055389404296875,0,-0.400146484375,0,0.041168212890625,0,-0.0830078125
59.5401,0,-0.0643310546875,0,0.3046875,0,0.041168212890625,0,-0.0830078125
59.5522,0,-0.0643310546875,0,0.3046875,0,0.0186767578125,0,-0.2103271484375
59.5613,0,-0.08551025390625,0,0.052490234375,0,0.0186767578125,0,-0.2103271484375
59.5741,0,-0.08551025390625,0,0.052490234375,0,-0.01181793212890625,0,-0.082763671875
59.5802,0,-0.029754638671875,0,-0.054595947265625,0,-0.01181793212890625,0,0.060302734375
59.5897,0,-0.029754638671875,0,-0.054595947265625,0,0.028656005859375,0,0.060302734375
59.5997,0,-0.04998779296875,0,0.37890625,0,0.028656005859375,0,-0.06658935546875
59.6095,0,-0.04998779296875,0,0.37890625,0,0.063720703125,0,-0.06658935546875
59.6193,0,-0.01690673828125,0,-0.025115966796875,0,0.063720703125,0,-0.06658935546875
59.6315,0,-0.01690673828125,0,-0.025115966796875,0,0.062408447265625,0,0.12493896484375
59.6402,0,-0.0848388671875,0,-0.43359375,0,0.062408447265625,0,0.12493896484375
59.6510,0,-0.0848388671875,0,-0.43359375,0,0.05950927734375,0,-0.177490234375
59.6611,0,-0.053619384765625,0,-0.1751708984375,0,0.05950927734375,0,-0.177490234375
59.6722,0,-0.053619384765625,0,-0.1751708984375,0,0.04473876953125,0,-0.0787353515625
59.6807,0,-0.0888671875,0,-0.28125,0,0.04473876953125,0,-0.0787353515625
59.6942,0,-0.0888671875,0,-0.28125,0,0.039794921875,0,-0.0601806640625
59.6998,0,0.054046630859375,0,-0.18359375,0,0.039794921875,0,-0.0601806640625
59.7139,0,0.054046630859375,0,-0.18359375,0,0.1136474609375,0,0.19091796875
59.7196,0,0.0509033203125,0,0.09130859375,0,0.1136474609375,0,0.19091796875
59.7295,0,0.0509033203125,0,0.09130859375,0,-0.0194091796875,0,0.10943603515625
59.7395,0,0.0509033203125,0,0.29052734375,0,-0.0194091796875,0,0.10943603515625
59.7487,0,0.0784912109375,0,0.29052734375,0,0.01433563232421875,0,0.10205078125
59.7590,0,0.0784912109375,0,0.138427734375,0,0.01433563232421875,0,0.10205078125
59.7672,0,-0.038909912109375,0,0.138427734375,0,0.09765625,0,-0.1959228515625
59.7791,0,-0.038909912109375,0,-0.5029296875,0,0.09765625,0,-0.1959228515625
59.7888,0,-0.052734375,0,-0.5029296875,0,0.09765625,0,-0.109130859375
59.7999,0,-0.052734375,0,-0.304443359375,0,0.041290283203125,0,-0.109130859375
59.8109,0,-0.07098388671875,0,-0.304443359375,0,0.06573486328125,0,-0.0234375
59.8196,0,-0.07098388671875,0,0.23583984375,0,0.06573486328125,0,-0.0234375
59.8284,0,0.043426513671875,0,0.23583984375,0,0.1004638671875,0,-0.141845703125
59.8417,0,0.043426513671875,0,0.43408203125,0,0.1004638671875,0,-0.141845703125
59.8478,0,0.053985595703125,0,0.43408203125,0,0.1004638671875,0,0.0460205078125
59.8589,0,0.053985595703125,0,0.43408203125,0,0.0762939453125,0,0.0460205078125
59.8696,0,-0.07318115234375,0,-0.12939453125,0,-0.060791015625,0,0.10089111328125
59.8807,0,-0.07318115234375,0,0.265869140625,0,-0.060791015625,0,0.10089111328125
59.8876,0,-0.042083740234375,0,0.265869140625,0,-0.060791015625,0,0.11480712890625
59.8988,0,-0.042083740234375,0,0.265869140625,0,0.036865234375,0,0.11480712890625
59.9072,0,-0.006389617919921875,0,-0.353271484375,0,0.036865234375,0,0.1544189453125
59.9185,0,-0.006389617919921875,0,-0.353271484375,0,-0.0214385986328125,0,0.1544189453125
59.9300,0,0.052520751953125,0,-0.1920166015625,0,0.10052490234375,0,-0.04254150390625
59.9410,0,0.052520751953125,0,-0.272216796875,0,0.10052490234375,0,-0.04254150390625
