t,FR_rpm,FR_amp,FL_rpm,FL_amp,RR_rpm,RR_amp,RL_rpm,RL_amp
0.0000,0,-0.06317138671875,0,-0.028472900390625,0,-0.0130767822265625,0,-0.0435791015625
0.0099,0,-0.2724609375,0,0.1314697265625,0,-0.0130767822265625,0,-0.0435791015625
0.0198,0,-0.2724609375,0,0.1314697265625,0,0.06304931640625,0,0.196044921875
0.0308,0,0.109375,0,-0.1656494140625,0,0.06304931640625,0,0.196044921875
0.0382,0,0.109375,0,-0.1656494140625,0,0.022003173828125,0,-0.213134765625
0.0504,0,-0.044189453125,0,0.022979736328125,0,0.022003173828125,0,-0.213134765625
0.0579,0,-0.044189453125,0,0.022979736328125,0,-0.04248046875,0,-0.3203125
0.0717,0,-0.1463623046875,0,-0.3173828125,0,-0.04248046875,0,-0.3203125
0.0810,0,-0.1463623046875,0,-0.3173828125,0,-0.04150390625,0,-0.03765869140625
0.0910,0,-0.30224609375,0,0.0782470703125,0,-0.04150390625,0,-0.03765869140625
0.0986,0,-0.30224609375,0,0.0782470703125,0,0.038299560546875,0,-0.22509765625
0.1107,0,0.13134765625,0,-0.307861328125,0,0.038299560546875,0,-0.22509765625
0.1179,0,0.13134765625,0,-0.307861328125,0,0.044342041015625,0,-0.1441650390625
0.1291,0,0.04827880859375,0,-0.423095703125,0,0.044342041015625,0,-0.1441650390625
0.1408,0,0.04827880859375,0,-0.423095703125,0,0.02105712890625,0,0.288330078125
0.1507,0,0.04827880859375,0,-0.44287109375,0,0.02105712890625,0,0.288330078125
0.1603,0,-0.04815673828125,0,-0.44287109375,0,-0.054443359375,0,0.288330078125
0.1703,0,-0.140380859375,0,0.2744140625,0,-0.054443359375,0,0.117919921875
0.1792,0,-0.140380859375,0,0.2744140625,0,0.0482177734375,0,0.117919921875
0.1887,0,0.214111328125,0,0.3037109375,0,0.0482177734375,0,0.1685791015625
0.1985,0,0.214111328125,0,0.3037109375,0,-0.057586669921875,0,0.1685791015625
0.2112,0,0.214111328125,0,0.3037109375,0,-0.057586669921875,0,-0.16845703125
0.2193,0,0.1002197265625,0,-0.2252197265625,0,0.063720703125,0,-0.16845703125
0.2301,0,0.10284423828125,0,0.2353515625,0,0.063720703125,0,-0.054931640625
0.2404,0,0.10284423828125,0,0.2353515625,0,-0.037109375,0,-0.054931640625
0.2504,0,0.053253173828125,0,0.2353515625,0,-0.037109375,0,0.04736328125
0.2608,0,0.053253173828125,0,0.273193359375,0,-0.074951171875,0,0.04736328125
0.2718,0,0.053253173828125,0,0.273193359375,0,-0.074951171875,0,-0.1446533203125
0.2785,0,0.0831298828125,0,0.301513671875,0,0.08026123046875,0,-0.1446533203125
0.2911,0,0.0831298828125,0,0.301513671875,0,0.08026123046875,0,-0.2685546875
0.2980,0,0.01190948486328125,0,0.180419921875,0,-0.09454345703125,0,-0.2685546875
0.3126,0,0.01190948486328125,0,0.180419921875,0,-0.09454345703125,0,-0.135986328125
0.3230,0,0.07568359375,0,-0.1907958984375,0,0.042083740234375,0,-0.135986328125
0.3309,0,0.027435302734375,0,-0.1907958984375,0,0.042083740234375,0,-0.1409912109375
0.3407,0,0.027435302734375,0,0.438232421875,0,-0.05645751953125,0,-0.1409912109375
0.3510,0,-0.2548828125,0,0.438232421875,0,-0.05645751953125,0,0.2476806640625
0.3623,0,-0.2548828125,0,0.4248046875,0,-0.09326171875,0,0.2476806640625
0.3701,0,0.1282958984375,0,0.4248046875,0,-0.09326171875,0,-0.0694580078125
0.3794,0,0.1282958984375,0,-0.2373046875,0,-0.0457763671875,0,-0.0694580078125
0.3899,0,-0.137939453125,0,-0.2373046875,0,-0.0457763671875,0,0.03778076171875
0.3998,0,-0.137939453125,0,0.309814453125,0,-0.05438232421875,0,0.03778076171875
0.4114,0,-0.137939453125,0,0.309814453125,0,-0.05438232421875,0,-0.28369140625
0.4178,0,0.1002197265625,0,0.388916015625,0,0.034027099609375,0,-0.28369140625
0.4301,0,0.1002197265625,0,0.388916015625,0,0.034027099609375,0,-0.2110595703125
0.4374,0,0.0887451171875,0,0.1103515625,0,-0.11077880859375,0,-0.2110595703125
0.4508,0,0.0887451171875,0,0.1103515625,0,-0.11077880859375,0,0.06341552734375
0.4589,0,0.11065673828125,0,0.3505859375,0,-0.11077880859375,0,0.06341552734375
0.4719,0,0.11065673828125,0,0.3505859375,0,-0.038116455078125,0,-0.324951171875
0.4792,0,-0.1925048828125,0,0.337890625,0,-0.038116455078125,0,-0.324951171875
0.4872,0,-0.1925048828125,0,0.337890625,0,-0.08038330078125,0,0.045257568359375
0.4987,0,-0.358642578125,0,-0.0594482421875,0,-0.0168609619140625,0,0.045257568359375
0.5088,0,-0.358642578125,0,-0.0594482421875,0,-0.0168609619140625,0,-0.1771240234375
0.5168,0,-0.0712890625,0,0.1082763671875,0,-0.0168609619140625,0,-0.1771240234375
0.5401,0,-0.0712890625,0,0.1082763671875,0,-0.06854248046875,0,-0.1771240234375
0.5410,0,0.0601806640625,0,0.3017578125,0,-0.06854248046875,0,0.147216796875
0.5513,0,0.0601806640625,0,0.3017578125,0,-0.023834228515625,0,0.147216796875
0.5601,0,0.11968994140625,0,0.427001953125,0,-0.023834228515625,0,-0.188720703125
0.5710,0,0.11968994140625,0,0.427001953125,0,-0.03594970703125,0,0.2303466796875
0.5807,0,-0.061767578125,0,0.396240234375,0,-0.03594970703125,0,0.2303466796875
0.5919,0,-0.061767578125,0,0.396240234375,0,-0.045654296875,0,0.1536865234375
0.5977,0,-0.01523590087890625,0,-0.398681640625,0,-0.045654296875,0,0.1536865234375
0.6110,0,-0.01523590087890625,0,-0.398681640625,0,-0.0673828125,0,0.1536865234375
0.6212,0,0.09271240234375,0,0.42431640625,0,-0.0673828125,0,0.09417724609375
0.6310,0,0.09271240234375,0,0.42431640625,0,-0.08074951171875,0,0.09417724609375
0.6371,0,0.111572265625,0,0.42431640625,0,-0.08074951171875,0,0.35400390625
0.6518,0,0.111572265625,0,0.15869140625,0,-0.03253173828125,0,0.35400390625
0.6590,0,0.030364990234375,0,-0.36474609375,0,-0.03253173828125,0,-0.047271728515625
0.6696,0,0.030364990234375,0,-0.36474609375,0,-0.08984375,0,-0.047271728515625
0.6807,0,-0.05352783203125,0,-0.1217041015625,0,-0.08984375,0,0.228271484375
0.6895,0,-0.05352783203125,0,-0.1217041015625,0,0.0799560546875,0,0.228271484375
0.6957,0,0.0921630859375,0,-0.1217041015625,0,0.0799560546875,0,-0.348876953125
0.7109,0,0.0921630859375,0,0.44580078125,0,-0.01120758056640625,0,-0.348876953125
0.7164,0,0.1405029296875,0,0.44580078125,0,-0.01120758056640625,0,0.1666259765625
0.7295,0,0.1405029296875,0,-0.338134765625,0,-0.019561767578125,0,0.1666259765625
0.7385,0,-0.0968017578125,0,0.287109375,0,-0.019561767578125,0,-0.1883544921875
0.7526,0,-0.0968017578125,0,0.287109375,0,0.104248046875,0,-0.1883544921875
0.7591,0,-0.0968017578125,0,0.287109375,0,0.104248046875,0,0.277099609375
0.7702,0,-0.034210205078125,0,0.162353515625,0,0.0281524658203125,0,0.277099609375
0.7778,0,-0.155517578125,0,0.162353515625,0,0.0281524658203125,0,-0.04913330078125
0.7896,0,-0.155517578125,0,0.11578369140625,0,0.047607421875,0,-0.04913330078125
0.8009,0,0.1307373046875,0,0.11578369140625,0,0.047607421875,0,-0.18603515625
0.8131,0,0.1307373046875,0,-0.036041259765625,0,-0.070556640625,0,-0.18603515625
0.8206,0,-0.0716552734375,0,-0.036041259765625,0,-0.070556640625,0,0.1708984375
0.8320,0,-0.0716552734375,0,-0.283935546875,0,-0.0154266357421875,0,0.1708984375
0.8441,0,0.11077880859375,0,-0.673828125,0,-0.0154266357421875,0,0.060394287109375
0.8521,0,0.11077880859375,0,-0.673828125,0,-0.0423583984375,0,0.060394287109375
0.8597,0,-0.09600830078125,0,-0.673828125,0,-0.0423583984375,0,-0.36474609375
0.8706,0,-0.09600830078125,0,-0.39892578125,0,0.05859375,0,-0.36474609375
0.8810,0,-0.09600830078125,0,-0.39892578125,0,0.05859375,0,0.1683349609375
0.8914,0,-0.039031982421875,0,-0.330078125,0,-0.09991455078125,0,0.1683349609375
0.9005,0,-0.039031982421875,0,-0.330078125,0,-0.09991455078125,0,0.25341796875
0.9103,0,-0.255126953125,0,0.39404296875,0,-0.058746337890625,0,0.25341796875
0.9196,0,-0.255126953125,0,0.39404296875,0,-0.058746337890625,0,0.2281494140625
0.9305,0,0.06634521484375,0,0.382080078125,0,0.0214996337890625,0,0.2281494140625
0.9389,0,0.06634521484375,0,0.382080078125,0,0.0214996337890625,0,0.223388671875
0.9500,0,-0.1424560546875,0,-0.30517578125,0,0.0214996337890625,0,0.223388671875
0.9610,0,-0.0665283203125,0,-0.30517578125,0,-0.062042236328125,0,0.169921875
0.9696,0,-0.0665283203125,0,-0.331298828125,0,-0.062042236328125,0,0.169921875
0.9771,0,-0.0665283203125,0,-0.331298828125,0,-0.016357421875,0,0.03271484375
0.9881,0,0.033447265625,0,-0.07647705078125,0,-0.0188751220703125,0,0.03271484375
0.9973,0,0.033447265625,0,-0.07647705078125,0,-0.0188751220703125,0,-0.14013671875
1.0090,0,0.10791015625,0,0.378662109375,0,-0.0188751220703125,0,-0.14013671875
1.0171,0,0.10791015625,0,0.378662109375,0,-0.076171875,0,-0.197509765625
1.0278,0,-0.11126708984375,0,0.378662109375,0,-0.076171875,0,-0.197509765625
1.0385,0,-0.11126708984375,0,0.359375,0,-0.01007843017578125,0,0.187255859375
1.0529,0,0.162353515625,0,-0.10162353515625,0,-0.01007843017578125,0,0.187255859375
1.0579,0,0.162353515625,0,-0.10162353515625,0,-0.08026123046875,0,-0.134033203125
1.0692,0,0.100341796875,0,-0.57177734375,0,-0.08026123046875,0,-0.134033203125
1.0779,0,0.100341796875,0,-0.57177734375,0,-0.053924560546875,0,0.09307861328125
1.0888,0,0.061248779296875,0,-0.1451416015625,0,-0.053924560546875,0,0.09307861328125
1.0988,0,0.061248779296875,0,-0.1451416015625,0,-0.03802490234375,0,0.09307861328125
1.1108,0,0.12841796875,0,-0.12274169921875,0,-0.03802490234375,0,-0.375244140625
1.1184,0,0.12841796875,0,-0.12274169921875,0,0.041778564453125,0,-0.375244140625
1.1281,0,-0.024017333984375,0,-0.12274169921875,0,0.041778564453125,0,0.032867431640625
1.1387,0,-0.024017333984375,0,-0.432861328125,0,0.0288848876953125,0,0.032867431640625
1.1491,0,0.0838623046875,0,-0.432861328125,0,0.0288848876953125,0,0.1407470703125
1.1582,0,0.0838623046875,0,0.380615234375,0,0.016845703125,0,0.1407470703125
1.1698,0,0.0594482421875,0,0.380615234375,0,0.016845703125,0,0.283447265625
1.1804,0,0.0594482421875,0,0.33349609375,0,0.10540771484375,0,0.283447265625
1.1918,0,0.06500244140625,0,-0.315185546875,0,0.10540771484375,0,-0.1220703125
1.1993,0,0.06500244140625,0,-0.315185546875,0,0.011474609375,0,-0.1220703125
1.2107,0,0.0648193359375,0,-0.315185546875,0,0.011474609375,0,-0.11920166015625
1.2187,0,0.0648193359375,0,0.13330078125,0,0.023590087890625,0,-0.11920166015625
1.2338,0,0.07989501953125,0,0.13330078125,0,0.023590087890625,0,0.34033203125
1.2388,0,0.07989501953125,0,0.0220489501953125,0,0.0201263427734375,0,0.34033203125
1.2492,0,0.07989501953125,0,0.0220489501953125,0,0.0201263427734375,0,-0.194091796875
1.2585,0,-0.1402587890625,0,0.030731201171875,0,0.0220794677734375,0,-0.194091796875
1.2709,0,0.054229736328125,0,0.030731201171875,0,0.0220794677734375,0,-0.1636962890625
1.2774,0,0.054229736328125,0,0.2203369140625,0,-0.07037353515625,0,-0.1636962890625
1.2894,0,0.054229736328125,0,0.2203369140625,0,-0.07037353515625,0,-0.05108642578125
1.2978,0,-0.276123046875,0,-0.189453125,0,0.05035400390625,0,-0.05108642578125
1.3148,0,0.055694580078125,0,-0.189453125,0,0.05035400390625,0,-0.174560546875
1.3189,0,0.055694580078125,0,0.1998291015625,0,0.01084136962890625,0,-0.174560546875
1.3302,0,0.055694580078125,0,0.1998291015625,0,0.01084136962890625,0,0.210693359375
1.3376,0,0.2110595703125,0,0.4052734375,0,0.039764404296875,0,0.210693359375
1.3499,0,0.2110595703125,0,0.4052734375,0,0.039764404296875,0,-0.13330078125
1.3571,0,-0.290283203125,0,0.2178955078125,0,0.039764404296875,0,-0.13330078125
1.3694,0,-0.290283203125,0,0.2178955078125,0,0.06439208984375,0,-0.301025390625
1.3778,0,0.109130859375,0,-0.440673828125,0,0.11163330078125,0,-0.301025390625
1.3891,0,0.109130859375,0,-0.440673828125,0,0.11163330078125,0,-0.17626953125
1.3979,0,0.1075439453125,0,0.137451171875,0,-0.0271453857421875,0,-0.17626953125
1.4079,0,0.1075439453125,0,0.137451171875,0,-0.0271453857421875,0,-0.1995849609375
1.4175,0,-0.056640625,0,0.044677734375,0,-0.0271453857421875,0,-0.1995849609375
1.4291,0,-0.056640625,0,0.044677734375,0,-0.013153076171875,0,-0.1995849609375
1.4374,0,-0.280517578125,0,-0.38232421875,0,-0.013153076171875,0,0.350341796875
1.4495,0,-0.280517578125,0,-0.38232421875,0,0.0096588134765625,0,0.188720703125
1.4577,0,0.0135040283203125,0,0.0413818359375,0,0.0096588134765625,0,0.188720703125
1.4705,0,0.0135040283203125,0,0.0413818359375,0,0.0244903564453125,0,-0.1302490234375
1.4783,0,0.2330322265625,0,0.373779296875,0,0.0244903564453125,0,-0.1302490234375
1.4893,0,0.2330322265625,0,0.373779296875,0,-0.054412841796875,0,-0.1302490234375
1.4981,0,0.12298583984375,0,-0.5810546875,0,-0.054412841796875,0,0.2120361328125
1.5087,0,0.12298583984375,0,-0.5810546875,0,0.09735107421875,0,0.2120361328125
1.5199,0,0.1334228515625,0,-0.5810546875,0,0.09735107421875,0,-0.309814453125
1.5278,0,0.1334228515625,0,-0.20751953125,0,-0.0594482421875,0,0.201171875
1.5371,0,-0.023223876953125,0,-0.20751953125,0,-0.0594482421875,0,0.201171875
1.5488,0,-0.023223876953125,0,0.09130859375,0,-0.0665283203125,0,-0.1702880859375
1.5585,0,0.134765625,0,0.09130859375,0,-0.0665283203125,0,-0.1702880859375
1.5695,0,0.134765625,0,0.3994140625,0,-0.03216552734375,0,-0.21630859375
1.5780,0,-0.12078857421875,0,0.3994140625,0,-0.03216552734375,0,-0.21630859375
1.5879,0,-0.12078857421875,0,-0.30029296875,0,-0.09912109375,0,0.401123046875
1.5981,0,0.123779296875,0,-0.30029296875,0,-0.09912109375,0,0.401123046875
1.6073,0,0.123779296875,0,0.488525390625,0,-0.084716796875,0,0.092041015625
1.6170,0,-0.0203704833984375,0,0.488525390625,0,-0.084716796875,0,0.092041015625
1.6285,0,-0.0203704833984375,0,-0.07061767578125,0,-0.01236724853515625,0,0.092041015625
1.6376,0,-0.2119140625,0,-0.07061767578125,0,-0.01236724853515625,0,0.1036376953125
1.6488,0,-0.2119140625,0,0.263916015625,0,0.04376220703125,0,0.1036376953125
1.6562,0,-0.017608642578125,0,0.263916015625,0,0.04376220703125,0,-0.233154296875
1.6686,0,-0.017608642578125,0,0.374267578125,0,0.01251983642578125,0,-0.233154296875
1.6784,0,-0.09991455078125,0,0.374267578125,0,0.01251983642578125,0,-0.06146240234375
1.6879,0,-0.09991455078125,0,-0.1336669921875,0,-0.0234375,0,-0.06146240234375
1.6972,0,0.1324462890625,0,-0.1336669921875,0,-0.0234375,0,-0.18408203125
1.7076,0,0.1324462890625,0,0.254150390625,0,-0.0222930908203125,0,-0.18408203125
1.7165,0,0.08642578125,0,0.254150390625,0,-0.0222930908203125,0,0.135009765625
1.7298,0,0.08642578125,0,0.07000732421875,0,-0.048065185546875,0,0.135009765625
1.7381,0,0.08642578125,0,0.07000732421875,0,-0.048065185546875,0,0.2193603515625
1.7514,0,-0.31982421875,0,-0.092529296875,0,-0.048309326171875,0,0.2193603515625
1.7590,0,0.11993408203125,0,-0.092529296875,0,-0.048309326171875,0,-0.02642822265625
1.7702,0,0.11993408203125,0,0.212158203125,0,0.04498291015625,0,-0.02642822265625
1.7779,0,0.04736328125,0,0.212158203125,0,0.04498291015625,0,-0.307861328125
1.7898,0,0.04736328125,0,0.248291015625,0,-0.031280517578125,0,-0.307861328125
1.8000,0,-0.27978515625,0,0.248291015625,0,-0.031280517578125,0,-0.1444091796875
1.8111,0,-0.27978515625,0,0.3935546875,0,-0.031402587890625,0,-0.1444091796875
1.8206,0,0.11651611328125,0,0.3935546875,0,-0.031402587890625,0,0.054168701171875
1.8308,0,0.11651611328125,0,-0.1854248046875,0,-0.0279388427734375,0,0.054168701171875
1.8400,0,0.070556640625,0,-0.1854248046875,0,-0.0279388427734375,0,-0.1260986328125
1.8520,0,0.070556640625,0,0.0758056640625,0,0.049957275390625,0,-0.1260986328125
1.8601,0,0.070556640625,0,0.0758056640625,0,0.049957275390625,0,-0.2261962890625
1.8697,0,0.1048583984375,0,-0.1414794921875,0,0.034759521484375,0,-0.2261962890625
1.8784,0,0.08612060546875,0,-0.1414794921875,0,0.034759521484375,0,0.3623046875
1.8894,0,0.08612060546875,0,0.2386474609375,0,-0.004528045654296875,0,0.3623046875
1.8989,0,0.08612060546875,0,0.2386474609375,0,-0.004528045654296875,0,0.03179931640625
1.9128,0,-0.1806640625,0,0.2900390625,0,-0.051971435546875,0,0.03179931640625
1.9186,0,-0.1806640625,0,0.2900390625,0,-0.051971435546875,0,0.05859375
1.9298,0,-0.104248046875,0,-0.06103515625,0,0.043975830078125,0,0.05859375
1.9381,0,-0.104248046875,0,-0.06103515625,0,0.043975830078125,0,0.341796875
1.9495,0,0.12261962890625,0,-0.06103515625,0,0.043975830078125,0,0.341796875
1.9579,0,0.12261962890625,0,0.146240234375,0,0.050018310546875,0,0.125732421875
1.9689,0,-0.22412109375,0,0.146240234375,0,0.050018310546875,0,0.125732421875
1.9774,0,-0.22412109375,0,-0.51904296875,0,0.060028076171875,0,0.125732421875
1.9884,0,-0.11181640625,0,-0.1502685546875,0,0.060028076171875,0,0.19384765625
1.9969,0,-0.11181640625,0,-0.1502685546875,0,0.047332763671875,0,0.19384765625
2.0089,0,-0.1663818359375,0,-0.1502685546875,0,0.047332763671875,0,0.2484130859375
2.0167,0,-0.1663818359375,0,-0.281494140625,0,-0.0224761962890625,0,0.374755859375
2.0275,0,-0.25537109375,0,-0.281494140625,0,-0.0224761962890625,0,0.374755859375
2.0362,0,-0.25537109375,0,-0.07977294921875,0,-0.01189422607421875,0,0.374755859375
2.0497,0,-0.1630859375,0,-0.07977294921875,0,-0.01189422607421875,0,0.2088623046875
2.0587,0,-0.1630859375,0,0.40673828125,0,-0.06842041015625,0,0.2088623046875
2.0698,0,-0.032928466796875,0,0.40673828125,0,-0.06842041015625,0,0.02447509765625
2.0784,0,-0.032928466796875,0,0.41943359375,0,-0.03759765625,0,0.02447509765625
2.0901,0,0.0167694091796875,0,0.41943359375,0,-0.03759765625,0,-0.1072998046875
2.0985,0,0.0167694091796875,0,0.432861328125,0,0.03863525390625,0,-0.1072998046875
2.1095,0,-0.222412109375,0,0.432861328125,0,0.03863525390625,0,0.045623779296875
2.1175,0,-0.222412109375,0,0.50390625,0,0.046630859375,0,0.045623779296875
2.1287,0,0.080810546875,0,0.50390625,0,0.046630859375,0,0.365478515625
2.1388,0,0.080810546875,0,-0.31787109375,0,-0.07293701171875,0,0.365478515625
2.1487,0,0.043182373046875,0,-0.31787109375,0,-0.07293701171875,0,0.2025146484375
2.1565,0,0.043182373046875,0,0.26904296875,0,-0.038299560546875,0,0.2025146484375
2.1677,0,0.043182373046875,0,0.26904296875,0,-0.038299560546875,0,-0.379150390625
2.1762,0,0.0927734375,0,-0.1629638671875,0,0.043792724609375,0,-0.379150390625
2.1872,0,0.0927734375,0,-0.1629638671875,0,0.043792724609375,0,0.227783203125
2.1959,0,0.1522216796875,0,0.1160888671875,0,-0.035308837890625,0,0.227783203125
2.2069,0,0.08758544921875,0,0.1160888671875,0,-0.035308837890625,0,0.01461029052734375
2.2165,0,0.08758544921875,0,-0.26416015625,0,0.06524658203125,0,0.01461029052734375
2.2290,0,0.0919189453125,0,-0.26416015625,0,0.06524658203125,0,0.1285400390625
2.2363,0,0.0919189453125,0,-0.487548828125,0,-0.07574462890625,0,0.1285400390625
2.2491,0,0.0919189453125,0,-0.487548828125,0,-0.07574462890625,0,-0.327880859375
2.2554,0,-0.1861572265625,0,0.401611328125,0,0.039703369140625,0,-0.327880859375
2.2680,0,-0.2498779296875,0,0.401611328125,0,0.039703369140625,0,-0.153076171875
2.2785,0,-0.2498779296875,0,0.0457763671875,0,0.031585693359375,0,-0.153076171875
2.2881,0,-0.301513671875,0,0.0457763671875,0,0.031585693359375,0,0.175048828125
2.2965,0,-0.301513671875,0,-0.06939697265625,0,0.0418701171875,0,0.175048828125
2.3074,0,0.09503173828125,0,-0.06939697265625,0,0.0418701171875,0,0.1744384765625
2.3220,0,0.09503173828125,0,0.2479248046875,0,-0.0193939208984375,0,0.1744384765625
2.3296,0,0.09503173828125,0,0.2479248046875,0,-0.0193939208984375,0,0.1451416015625
2.3402,0,-0.19189453125,0,-0.252685546875,0,-0.06170654296875,0,0.1451416015625
2.3509,0,-0.19189453125,0,-0.252685546875,0,-0.06170654296875,0,-0.2254638671875
2.3587,0,-0.01097869873046875,0,-0.55322265625,0,-0.0787353515625,0,-0.2254638671875
2.3708,0,-0.01097869873046875,0,-0.55322265625,0,-0.0787353515625,0,0.3525390625
2.3783,0,0.09490966796875,0,0.03692626953125,0,-0.068603515625,0,0.3525390625
2.3905,0,0.09490966796875,0,0.03692626953125,0,-0.068603515625,0,0.427490234375
2.4050,0,0.029022216796875,0,0.057586669921875,0,0.008880615234375,0,0.427490234375
2.4114,0,0.029022216796875,0,0.057586669921875,0,0.008880615234375,0,-0.09295654296875
2.4181,0,-0.1036376953125,0,-0.158447265625,0,0.0188751220703125,0,-0.09295654296875
2.4318,0,0.1556396484375,0,-0.158447265625,0,0.0188751220703125,0,-0.1756591796875
2.4372,0,0.1556396484375,0,0.30322265625,0,0.02093505859375,0,-0.1756591796875
2.4494,0,0.1556396484375,0,0.30322265625,0,0.02093505859375,0,-0.2225341796875
2.4566,0,-0.29052734375,0,0.23681640625,0,-0.0270538330078125,0,-0.2225341796875
2.4698,0,-0.29052734375,0,0.23681640625,0,-0.0270538330078125,0,0.078857421875
2.4776,0,-0.2376708984375,0,-0.0228118896484375,0,-0.048980712890625,0,0.078857421875
2.4873,0,-0.2376708984375,0,-0.0228118896484375,0,-0.048980712890625,0,0.2152099609375
2.4965,0,-0.0499267578125,0,-0.0228118896484375,0,0.0693359375,0,0.2152099609375
2.5079,0,-0.0499267578125,0,-0.82861328125,0,0.0693359375,0,0.2958984375
2.5160,0,-0.276611328125,0,-0.82861328125,0,-0.018218994140625,0,0.2958984375
2.5276,0,-0.276611328125,0,0.1915283203125,0,-0.018218994140625,0,-0.34716796875
2.5362,0,0.037322998046875,0,0.1915283203125,0,-0.018218994140625,0,-0.34716796875
2.5476,0,0.037322998046875,0,-0.0684814453125,0,-0.0159149169921875,0,0.046478271484375
2.5571,0,0.1336669921875,0,-0.0684814453125,0,-0.0159149169921875,0,0.046478271484375
2.5685,0,0.1336669921875,0,-0.30078125,0,0.08416748046875,0,-0.1439208984375
2.5770,0,0.072021484375,0,-0.30078125,0,0.08416748046875,0,-0.1439208984375
2.5888,0,0.072021484375,0,-0.77734375,0,-0.0264129638671875,0,-0.1439208984375
2.5966,0,-0.320068359375,0,-0.77734375,0,-0.0264129638671875,0,0.2413330078125
2.6085,0,-0.320068359375,0,-0.490234375,0,-0.01438140869140625,0,0.2413330078125
2.6162,0,0.173828125,0,-0.490234375,0,-0.01438140869140625,0,0.059417724609375
2.6281,0,0.173828125,0,-0.4755859375,0,0.039764404296875,0,0.059417724609375
2.6358,0,0.135009765625,0,-0.4755859375,0,0.039764404296875,0,-0.116455078125
2.6498,0,0.135009765625,0,0.400390625,0,0.03662109375,0,-0.116455078125
2.6580,0,0.135009765625,0,0.400390625,0,0.03662109375,0,0.2108154296875
2.6684,0,-0.260009765625,0,0.4072265625,0,0.07159423828125,0,0.2108154296875
2.6788,0,-0.260009765625,0,0.4072265625,0,0.07159423828125,0,0.10174560546875
2.6886,0,-0.076904296875,0,0.3271484375,0,-0.0621337890625,0,0.10174560546875
2.6974,0,-0.076904296875,0,0.3271484375,0,-0.0621337890625,0,0.2225341796875
2.7079,0,-0.089111328125,0,0.2158203125,0,0.027496337890625,0,0.2225341796875
2.7157,0,-0.2349853515625,0,0.2158203125,0,0.027496337890625,0,-0.2061767578125
2.7286,0,-0.2349853515625,0,0.396240234375,0,-0.007442474365234375,0,-0.2061767578125
2.7376,0,0.1492919921875,0,0.396240234375,0,-0.007442474365234375,0,0.1475830078125
2.7478,0,0.1492919921875,0,0.026214599609375,0,-0.0245208740234375,0,0.1475830078125
2.7578,0,0.1492919921875,0,0.026214599609375,0,-0.0245208740234375,0,0.044403076171875
2.7692,0,-0.1151123046875,0,-0.15380859375,0,0.041961669921875,0,0.044403076171875
2.7802,0,-0.1151123046875,0,-0.15380859375,0,0.041961669921875,0,0.1368408203125
2.7887,0,-0.134033203125,0,-0.350830078125,0,-0.04608154296875,0,0.1368408203125
2.7999,0,-0.134033203125,0,-0.350830078125,0,-0.04608154296875,0,-0.341552734375
2.8117,0,-0.225830078125,0,-0.625,0,-0.0227508544921875,0,-0.341552734375
2.8205,0,-0.225830078125,0,-0.625,0,-0.0227508544921875,0,-0.07281494140625
2.8317,0,0.1859130859375,0,-0.09332275390625,0,0.0279693603515625,0,-0.07281494140625
2.8401,0,0.1859130859375,0,-0.09332275390625,0,0.0279693603515625,0,-0.3720703125
2.8548,0,0.134033203125,0,-0.5625,0,-0.04779052734375,0,-0.3720703125
2.8609,0,0.134033203125,0,-0.5625,0,-0.04779052734375,0,0.2452392578125
2.8718,0,-0.220458984375,0,-0.52001953125,0,0.050262451171875,0,0.2452392578125
2.8806,0,-0.220458984375,0,-0.52001953125,0,0.050262451171875,0,0.0823974609375
2.8903,0,-0.151611328125,0,-0.480712890625,0,-0.06988525390625,0,0.0823974609375
2.9001,0,-0.151611328125,0,-0.480712890625,0,-0.06988525390625,0,0.1856689453125
2.9118,0,-0.2078857421875,0,0.448974609375,0,0.02398681640625,0,0.1856689453125
2.9186,0,-0.2078857421875,0,0.448974609375,0,0.02398681640625,0,0.1439208984375
2.9307,0,-0.1263427734375,0,0.1416015625,0,-0.03436279296875,0,0.1439208984375
2.9421,0,-0.1263427734375,0,0.1416015625,0,-0.03436279296875,0,-0.3349609375
2.9507,0,0.12066650390625,0,0.1416015625,0,0.0479736328125,0,-0.3349609375
2.9595,0,0.12066650390625,0,-0.454833984375,0,0.0479736328125,0,-0.07012939453125
2.9696,0,0.1578369140625,0,0.152587890625,0,-0.06610107421875,0,-0.07012939453125
2.9795,0,0.1578369140625,0,0.152587890625,0,-0.06610107421875,0,-0.251708984375
2.9910,0,0.032318115234375,0,0.152587890625,0,-0.06610107421875,0,-0.251708984375
2.9984,0,0.032318115234375,0,0.068359375,0,-0.0604248046875,0,-0.183349609375
3.0109,0,0.163818359375,0,0.068359375,0,-0.0604248046875,0,-0.183349609375
3.0200,0,0.163818359375,0,-0.249267578125,0,-0.056121826171875,0,-0.325439453125
3.0288,0,0.12261962890625,0,-0.249267578125,0,-0.056121826171875,0,-0.325439453125
3.0376,0,0.12261962890625,0,0.352294921875,0,-0.050506591796875,0,-0.11981201171875
3.0499,0,-0.1207275390625,0,0.352294921875,0,-0.050506591796875,0,-0.11981201171875
3.0586,0,-0.1207275390625,0,0.232421875,0,0.034942626953125,0,-0.11981201171875
3.0699,0,0.0518798828125,0,0.232421875,0,0.034942626953125,0,0.1375732421875
3.0795,0,0.0518798828125,0,-0.11212158203125,0,0.0484619140625,0,0.07940673828125
3.0895,0,-0.1427001953125,0,-0.11212158203125,0,0.0484619140625,0,0.07940673828125
3.0997,0,-0.1427001953125,0,0.348388671875,0,-0.016937255859375,0,0.07940673828125
3.1087,0,0.1953125,0,0.348388671875,0,-0.016937255859375,0,-0.357421875
3.1206,0,0.1953125,0,0.411865234375,0,-0.06976318359375,0,-0.357421875
3.1302,0,0.1953125,0,0.411865234375,0,-0.06976318359375,0,-0.376220703125
3.1376,0,-0.26806640625,0,-0.27294921875,0,0.0416259765625,0,-0.1727294921875
3.1499,0,-0.1566162109375,0,-0.27294921875,0,0.0416259765625,0,-0.1727294921875
3.1599,0,-0.1566162109375,0,0.404296875,0,-0.04046630859375,0,0.04205322265625
3.1697,0,-0.1390380859375,0,0.404296875,0,0.034637451171875,0,0.04205322265625
3.1794,0,-0.1390380859375,0,0.254150390625,0,0.034637451171875,0,0.04205322265625
3.1882,0,-0.1390380859375,0,0.254150390625,0,0.034637451171875,0,-0.1956787109375
3.1971,0,-0.035247802734375,0,0.1829833984375,0,-0.017120361328125,0,-0.1956787109375
3.2081,0,-0.035247802734375,0,0.1829833984375,0,-0.017120361328125,0,0.37451171875
3.2162,0,0.19384765625,0,-0.31396484375,0,0.0777587890625,0,0.37451171875
3.2281,0,0.19384765625,0,-0.31396484375,0,0.0777587890625,0,-0.32275390625
3.2370,0,-0.353271484375,0,0.1103515625,0,-0.057281494140625,0,-0.32275390625
3.2519,0,-0.353271484375,0,0.1103515625,0,-0.057281494140625,0,-0.04437255859375
3.2573,0,-0.2373046875,0,0.386474609375,0,0.021453857421875,0,-0.04437255859375
3.2706,0,-0.2373046875,0,0.386474609375,0,0.021453857421875,0,0.11724853515625
3.2799,0,0.140625,0,0.043792724609375,0,0.029083251953125,0,0.11724853515625
3.2891,0,0.140625,0,0.043792724609375,0,0.029083251953125,0,0.236572265625
3.3003,0,-0.1905517578125,0,0.043792724609375,0,0.029083251953125,0,0.236572265625
3.3079,0,-0.1905517578125,0,0.34912109375,0,0.03997802734375,0,-0.1934814453125
3.3168,0,-0.273681640625,0,-0.36279296875,0,-0.0177154541015625,0,-0.1934814453125
3.3322,0,-0.273681640625,0,-0.36279296875,0,-0.0177154541015625,0,-0.290283203125
3.3380,0,-0.11334228515625,0,-0.463623046875,0,0.06842041015625,0,-0.290283203125
3.3493,0,-0.11334228515625,0,-0.463623046875,0,0.06842041015625,0,0.267822265625
3.3578,0,-0.151123046875,0,-0.463623046875,0,0.06842041015625,0,0.267822265625
3.3699,0,-0.151123046875,0,-0.492431640625,0,-0.072998046875,0,-0.1395263671875
3.3816,0,0.1669921875,0,-0.492431640625,0,-0.072998046875,0,-0.1395263671875
3.3895,0,0.1669921875,0,-0.180908203125,0,-0.0684814453125,0,0.22119140625
3.3982,0,-0.1441650390625,0,-0.180908203125,0,-0.0684814453125,0,0.22119140625
3.4090,0,-0.1441650390625,0,0.059295654296875,0,0.040283203125,0,-0.033782958984375
3.4185,0,0.1220703125,0,-0.546875,0,0.040283203125,0,-0.033782958984375
3.4295,0,0.1220703125,0,-0.546875,0,0.09423828125,0,-0.30419921875
3.4389,0,-0.2276611328125,0,-0.546875,0,0.09423828125,0,-0.30419921875
3.4497,0,-0.2276611328125,0,0.3720703125,0,0.0163421630859375,0,-0.061859130859375
3.4577,0,-0.2286376953125,0,0.3720703125,0,0.0163421630859375,0,-0.061859130859375
3.4691,0,-0.2286376953125,0,0.36962890625,0,0.07806396484375,0,0.336669921875
3.4800,0,0.1536865234375,0,0.36962890625,0,0.07806396484375,0,0.336669921875
3.4886,0,0.1536865234375,0,0.22216796875,0,-0.035308837890625,0,0.336669921875
3.4973,0,0.14501953125,0,0.3271484375,0,-0.035308837890625,0,0.0216522216796875
3.5082,0,0.14501953125,0,0.3271484375,0,-0.017730712890625,0,0.042877197265625
3.5172,0,-0.289794921875,0,-0.053375244140625,0,-0.017730712890625,0,0.042877197265625
3.5288,0,-0.289794921875,0,-0.053375244140625,0,0.00650787353515625,0,-0.1468505859375
3.5377,0,-0.193603515625,0,-0.053375244140625,0,0.00650787353515625,0,-0.1468505859375
3.5474,0,-0.193603515625,0,-0.68603515625,0,-0.029083251953125,0,0.11627197265625
3.5579,0,0.20166015625,0,-0.68603515625,0,-0.029083251953125,0,0.11627197265625
3.5693,0,0.20166015625,0,0.35498046875,0,-0.0258636474609375,0,-0.1478271484375
3.5788,0,-0.1976318359375,0,0.35498046875,0,-0.0258636474609375,0,-0.1478271484375
3.5900,0,-0.1976318359375,0,-0.348388671875,0,0.0204010009765625,0,-0.1478271484375
3.5994,0,-0.1976318359375,0,-0.348388671875,0,0.0204010009765625,0,-0.10809326171875
3.6100,0,-0.2274169921875,0,-0.2452392578125,0,-0.0234375,0,-0.10809326171875
3.6190,0,-0.2274169921875,0,-0.2452392578125,0,-0.0234375,0,0.042083740234375
3.6297,0,-0.276123046875,0,0.05731201171875,0,0.037811279296875,0,0.042083740234375
3.6382,0,-0.276123046875,0,0.05731201171875,0,0.037811279296875,0,-0.08447265625
3.6495,0,-0.052276611328125,0,0.2646484375,0,0.016815185546875,0,-0.08447265625
3.6588,0,-0.052276611328125,0,0.2646484375,0,0.016815185546875,0,-0.149658203125
3.6681,0,0.061309814453125,0,-0.143798828125,0,0.044891357421875,0,-0.149658203125
3.6778,0,0.061309814453125,0,-0.143798828125,0,0.044891357421875,0,-0.0615234375
3.6876,0,-0.047698974609375,0,0.329345703125,0,0.06365966796875,0,-0.0615234375
3.6969,0,-0.047698974609375,0,0.329345703125,0,0.06365966796875,0,0.36181640625
3.7080,0,-0.10308837890625,0,0.392333984375,0,0.06365966796875,0,0.36181640625
3.7167,0,-0.10308837890625,0,0.392333984375,0,0.0167388916015625,0,-0.23095703125
3.7264,0,0.0753173828125,0,-0.48046875,0,0.0167388916015625,0,-0.23095703125
3.7377,0,0.0753173828125,0,-0.48046875,0,-0.03582763671875,0,-0.1905517578125
3.7471,0,0.07843017578125,0,0.38623046875,0,0.0322265625,0,-0.1905517578125
3.7616,0,0.07843017578125,0,0.38623046875,0,0.0322265625,0,0.2978515625
3.7696,0,-0.315185546875,0,0.273681640625,0,-0.0430908203125,0,0.2978515625
3.7802,0,-0.315185546875,0,0.273681640625,0,-0.0430908203125,0,-0.256103515625
3.7890,0,0.09661865234375,0,0.30810546875,0,-0.0430908203125,0,-0.256103515625
3.8019,0,0.09661865234375,0,0.30810546875,0,0.06610107421875,0,0.0494384765625
3.8147,0,0.0645751953125,0,0.1751708984375,0,0.06610107421875,0,0.0494384765625
3.8229,0,0.0645751953125,0,0.1751708984375,0,-0.06268310546875,0,0.285888671875
3.8338,0,-0.259033203125,0,0.1751708984375,0,-0.06268310546875,0,0.285888671875
3.8455,0,-0.259033203125,0,0.18603515625,0,0.030120849609375,0,0.2105712890625
3.8509,0,0.0899658203125,0,0.18603515625,0,0.030120849609375,0,0.2105712890625
3.8610,0,0.0899658203125,0,-0.0121612548828125,0,0.03155517578125,0,-0.2391357421875
3.8711,0,0.1341552734375,0,-0.0121612548828125,0,0.03155517578125,0,-0.2391357421875
3.8795,0,0.1341552734375,0,0.35107421875,0,0.032196044921875,0,-0.10870361328125
3.8923,0,-0.12371826171875,0,0.35107421875,0,0.032196044921875,0,-0.10870361328125
3.9020,0,-0.12371826171875,0,0.259521484375,0,-0.039276123046875,0,0.26220703125
3.9116,0,0.05615234375,0,0.259521484375,0,-0.039276123046875,0,0.26220703125
3.9224,0,0.05615234375,0,0.26806640625,0,0.007259368896484375,0,-0.06951904296875
3.9328,0,-0.1048583984375,0,0.26806640625,0,0.007259368896484375,0,-0.06951904296875
3.9399,0,-0.1048583984375,0,0.206787109375,0,-0.030609130859375,0,-0.309814453125
3.9515,0,0.138671875,0,0.206787109375,0,-0.030609130859375,0,-0.309814453125
3.9591,0,0.138671875,0,0.313232421875,0,0.047882080078125,0,0.03363037109375
3.9704,0,-0.048309326171875,0,0.313232421875,0,0.047882080078125,0,0.03363037109375
3.9802,0,-0.048309326171875,0,-0.25830078125,0,0.036102294921875,0,-0.265625
3.9901,0,-0.145751953125,0,-0.25830078125,0,0.036102294921875,0,-0.265625
4.0018,0,-0.145751953125,0,0.0301361083984375,0,0.03521728515625,0,-0.39794921875
4.0109,0,0.0560302734375,0,0.0301361083984375,0,0.03521728515625,0,-0.39794921875
4.0197,0,0.0560302734375,0,0.1341552734375,0,-0.0179290771484375,0,-0.39794921875
4.0304,0,0.0560302734375,0,0.1341552734375,0,-0.0179290771484375,0,-0.17529296875
4.0386,0,0.06988525390625,0,-0.2142333984375,0,-0.060577392578125,0,-0.0306396484375
4.0516,0,-0.017669677734375,0,-0.2142333984375,0,-0.060577392578125,0,-0.0306396484375
4.0617,0,-0.017669677734375,0,0.43359375,0,-0.09075927734375,0,-0.0306396484375
4.0717,0,-0.017669677734375,0,0.43359375,0,-0.09075927734375,0,0.27294921875
4.0808,0,0.06671142578125,0,0.42724609375,0,0.0211181640625,0,0.27294921875
4.0904,0,-0.286376953125,0,0.42724609375,0,0.0211181640625,0,-0.335693359375
4.1006,0,-0.286376953125,0,0.342529296875,0,-0.0192413330078125,0,-0.335693359375
4.1098,0,0.1715087890625,0,0.342529296875,0,-0.0192413330078125,0,-0.1279296875
4.1208,0,0.1715087890625,0,0.09307861328125,0,-0.037872314453125,0,-0.1279296875
4.1338,0,0.1845703125,0,0.09307861328125,0,-0.037872314453125,0,-0.234375
4.1392,0,0.1845703125,0,-0.10870361328125,0,0.034027099609375,0,-0.234375
4.1518,0,0.1845703125,0,-0.10870361328125,0,0.034027099609375,0,0.2381591796875
4.1588,0,0.102783203125,0,0.432373046875,0,-0.046661376953125,0,0.2381591796875
4.1701,0,0.102783203125,0,0.432373046875,0,-0.046661376953125,0,-0.1839599609375
4.1783,0,-0.0797119140625,0,0.066162109375,0,-0.0245361328125,0,-0.1839599609375
4.1895,0,-0.0797119140625,0,0.066162109375,0,-0.0245361328125,0,0.016448974609375
4.1991,0,0.12255859375,0,-0.274658203125,0,0.07257080078125,0,0.016448974609375
4.2091,0,0.12255859375,0,-0.274658203125,0,0.07257080078125,0,-0.1484375
4.2196,0,-0.143798828125,0,0.032501220703125,0,-0.021026611328125,0,-0.1484375
4.2298,0,-0.143798828125,0,0.032501220703125,0,-0.021026611328125,0,-0.047210693359375
4.2387,0,0.019989013671875,0,0.1552734375,0,0.029815673828125,0,-0.047210693359375
4.2496,0,0.019989013671875,0,0.1552734375,0,0.029815673828125,0,0.06768798828125
4.2582,0,-0.0187530517578125,0,0.1552734375,0,0.029815673828125,0,0.06768798828125
4.2694,0,-0.0187530517578125,0,0.259521484375,0,0.0278472900390625,0,-0.004848480224609375
4.2776,0,0.08111572265625,0,0.259521484375,0,0.0278472900390625,0,-0.004848480224609375
4.2895,0,0.08111572265625,0,0.287109375,0,0.07012939453125,0,-0.200439453125
4.2974,0,0.1441650390625,0,0.287109375,0,0.0310516357421875,0,-0.200439453125
4.3083,0,0.1441650390625,0,-0.152587890625,0,0.0310516357421875,0,-0.1591796875
4.3183,0,0.1142578125,0,-0.152587890625,0,0.01361083984375,0,-0.1591796875
4.3279,0,0.1142578125,0,-0.497314453125,0,0.01361083984375,0,0.07037353515625
4.3456,0,-0.350341796875,0,0.326171875,0,0.052490234375,0,0.07037353515625
4.3499,0,-0.350341796875,0,0.326171875,0,0.052490234375,0,-0.03662109375
4.3589,0,-0.1563720703125,0,0.326171875,0,0.052490234375,0,-0.03662109375
4.3719,0,-0.1563720703125,0,0.273193359375,0,0.03460693359375,0,-0.219970703125
4.3782,0,0.1612548828125,0,0.273193359375,0,0.03460693359375,0,-0.219970703125
4.3891,0,0.1612548828125,0,-0.148193359375,0,-0.0260162353515625,0,-0.219970703125
4.3978,0,0.1612548828125,0,-0.148193359375,0,-0.0260162353515625,0,0.241943359375
4.4087,0,-0.302734375,0,-0.1329345703125,0,-0.09698486328125,0,-0.2939453125
4.4157,0,-0.1783447265625,0,-0.1329345703125,0,-0.06243896484375,0,-0.2939453125
4.4299,0,-0.1783447265625,0,-0.255615234375,0,-0.06243896484375,0,-0.2939453125
4.4378,0,-0.20068359375,0,-0.255615234375,0,-0.06243896484375,0,0.240234375
4.4491,0,-0.20068359375,0,0.180419921875,0,-0.02923583984375,0,0.154541015625
4.4595,0,0.058380126953125,0,0.180419921875,0,-0.02923583984375,0,0.154541015625
4.4717,0,0.058380126953125,0,0.306884765625,0,0.053955078125,0,-0.36279296875
4.4807,0,-0.032318115234375,0,0.306884765625,0,0.053955078125,0,-0.36279296875
4.4902,0,-0.032318115234375,0,0.1829833984375,0,0.0296173095703125,0,-0.336181640625
4.5002,0,0.0699462890625,0,0.1829833984375,0,0.0296173095703125,0,-0.336181640625
4.5097,0,0.0699462890625,0,0.3740234375,0,-0.023040771484375,0,-0.336181640625
4.5187,0,-0.26611328125,0,0.3740234375,0,-0.023040771484375,0,-0.041595458984375
4.5295,0,-0.26611328125,0,-0.50439453125,0,0.03125,0,-0.041595458984375
4.5382,0,-0.2056884765625,0,-0.50439453125,0,0.03125,0,-0.058807373046875
4.5512,0,-0.2056884765625,0,-0.04986572265625,0,-0.04583740234375,0,-0.058807373046875
4.5588,0,0.10186767578125,0,-0.04986572265625,0,-0.04583740234375,0,-0.1798095703125
4.5696,0,0.10186767578125,0,-0.055419921875,0,-0.031158447265625,0,-0.1798095703125
4.5829,0,-0.0556640625,0,-0.055419921875,0,-0.031158447265625,0,-0.275146484375
4.5899,0,-0.0556640625,0,0.1011962890625,0,0.037933349609375,0,-0.275146484375
4.6011,0,-0.0556640625,0,0.1011962890625,0,0.037933349609375,0,-0.01555633544921875
4.6098,0,-0.20751953125,0,-0.0225372314453125,0,-0.0831298828125,0,-0.01555633544921875
4.6210,0,-0.20751953125,0,-0.0225372314453125,0,-0.0831298828125,0,0.2470703125
4.6293,0,-0.167724609375,0,-0.0225372314453125,0,-0.09295654296875,0,0.2470703125
4.6388,0,-0.167724609375,0,-0.1920166015625,0,-0.09295654296875,0,0.2030029296875
4.6501,0,0.1712646484375,0,-0.1920166015625,0,0.0268096923828125,0,0.2030029296875
4.6595,0,0.1712646484375,0,0.2861328125,0,0.0268096923828125,0,-0.05010986328125
4.6706,0,-0.21923828125,0,0.2861328125,0,0.036834716796875,0,-0.05010986328125
4.6817,0,-0.21923828125,0,0.1739501953125,0,0.036834716796875,0,0.15625
4.6901,0,-0.07318115234375,0,0.1739501953125,0,0.036834716796875,0,0.15625
4.6989,0,-0.07318115234375,0,-0.4384765625,0,-0.0251617431640625,0,-0.254150390625
4.7085,0,-0.2283935546875,0,-0.4384765625,0,-0.0843505859375,0,-0.254150390625
4.7189,0,-0.2283935546875,0,0.41162109375,0,-0.0843505859375,0,0.181640625
4.7281,0,0.051727294921875,0,0.41162109375,0,-0.032928466796875,0,0.181640625
4.7369,0,0.051727294921875,0,0.3310546875,0,-0.032928466796875,0,0.236572265625
4.7479,0,0.065185546875,0,0.3310546875,0,-0.054718017578125,0,0.236572265625
4.7583,0,0.065185546875,0,-0.0293121337890625,0,-0.054718017578125,0,-0.1905517578125
4.7696,0,-0.0445556640625,0,-0.0293121337890625,0,-0.054718017578125,0,-0.1905517578125
4.7784,0,-0.0445556640625,0,0.50537109375,0,0.0662841796875,0,-0.2215576171875
4.7903,0,0.03802490234375,0,0.50537109375,0,0.0662841796875,0,-0.2215576171875
4.7993,0,0.03802490234375,0,-0.2301025390625,0,-0.09368896484375,0,0.2138671875
4.8127,0,-0.1292724609375,0,-0.2301025390625,0,-0.09368896484375,0,0.2138671875
4.8198,0,-0.1292724609375,0,0.374755859375,0,0.0242919921875,0,-0.194091796875
4.8327,0,-0.06256103515625,0,0.374755859375,0,0.0242919921875,0,-0.194091796875
4.8400,0,-0.06256103515625,0,-0.6025390625,0,0.065673828125,0,-0.194091796875
4.8520,0,0.0731201171875,0,-0.6025390625,0,0.065673828125,0,-0.10186767578125
4.8596,0,0.0731201171875,0,-0.10357666015625,0,0.0034122467041015625,0,-0.031036376953125
4.8715,0,-0.1365966796875,0,-0.10357666015625,0,0.0034122467041015625,0,-0.031036376953125
4.8802,0,-0.1365966796875,0,-0.28466796875,0,-0.004138946533203125,0,-0.285400390625
4.8913,0,-0.034088134765625,0,-0.28466796875,0,-0.004138946533203125,0,-0.285400390625
4.8990,0,-0.034088134765625,0,-0.330810546875,0,-0.0772705078125,0,-0.285400390625
4.9107,0,-0.154052734375,0,-0.330810546875,0,-0.0772705078125,0,0.289306640625
4.9187,0,-0.154052734375,0,0.1239013671875,0,-0.0119781494140625,0,0.289306640625
4.9294,0,0.0307159423828125,0,0.1239013671875,0,-0.0119781494140625,0,-0.204345703125
4.9389,0,0.0307159423828125,0,0.1239013671875,0,-0.041748046875,0,-0.204345703125
4.9491,0,-0.1915283203125,0,0.2188720703125,0,-0.041748046875,0,0.040863037109375
4.9586,0,-0.1915283203125,0,0.2188720703125,0,-0.0631103515625,0,0.040863037109375
4.9708,0,-0.281982421875,0,-0.44189453125,0,-0.0631103515625,0,-0.02801513671875
4.9780,0,-0.281982421875,0,-0.466552734375,0,-0.061279296875,0,-0.02801513671875
4.9894,0,0.103759765625,0,-0.466552734375,0,-0.061279296875,0,0.145263671875
4.9995,0,0.103759765625,0,-0.54833984375,0,0.0279388427734375,0,0.145263671875
5.0088,0,0.06005859375,0,-0.54833984375,0,0.0279388427734375,0,-0.021209716796875
5.0218,0,0.06005859375,0,-0.478271484375,0,0.007083892822265625,0,-0.021209716796875
5.0306,0,0.06005859375,0,-0.478271484375,0,0.007083892822265625,0,0.2342529296875
5.0391,0,-0.31591796875,0,-0.478271484375,0,0.02716064453125,0,0.2342529296875
5.0528,0,-0.31591796875,0,0.180419921875,0,0.02716064453125,0,-0.040985107421875
5.0598,0,0.10406494140625,0,0.180419921875,0,-0.02960205078125,0,-0.040985107421875
5.0708,0,0.10406494140625,0,-0.5947265625,0,-0.02960205078125,0,0.2386474609375
5.0782,0,-0.05303955078125,0,-0.5947265625,0,0.015472412109375,0,0.2386474609375
5.0921,0,-0.05303955078125,0,-0.654296875,0,0.015472412109375,0,0.036285400390625
5.1013,0,-0.278076171875,0,-0.654296875,0,-0.0654296875,0,0.036285400390625
5.1105,0,-0.278076171875,0,0.0147247314453125,0,-0.0654296875,0,-0.2286376953125
5.1204,0,0.1219482421875,0,0.0147247314453125,0,0.05609130859375,0,-0.2286376953125
5.1312,0,0.1219482421875,0,-0.37646484375,0,0.05609130859375,0,-0.28076171875
5.1394,0,-0.2166748046875,0,-0.37646484375,0,-0.0285491943359375,0,-0.28076171875
5.1518,0,-0.2034912109375,0,-0.01100921630859375,0,-0.0285491943359375,0,0.15673828125
5.1589,0,-0.2034912109375,0,-0.01100921630859375,0,-0.05169677734375,0,0.15673828125
5.1726,0,-0.2034912109375,0,0.1612548828125,0,-0.05169677734375,0,-0.377685546875
5.1785,0,-0.34765625,0,0.1612548828125,0,-0.0246734619140625,0,-0.377685546875
5.1897,0,-0.34765625,0,-0.1383056640625,0,-0.0246734619140625,0,0.124755859375
5.1980,0,0.15771484375,0,-0.1383056640625,0,-0.01044464111328125,0,0.124755859375
5.2103,0,0.15771484375,0,0.29931640625,0,-0.01044464111328125,0,0.124755859375
5.2188,0,-0.1407470703125,0,0.29931640625,0,-0.023345947265625,0,-0.22607421875
5.2309,0,-0.1407470703125,0,-0.478515625,0,-0.023345947265625,0,-0.22607421875
5.2385,0,-0.236083984375,0,-0.478515625,0,-0.07073974609375,0,0.1981201171875
5.2506,0,-0.236083984375,0,-0.4169921875,0,-0.07073974609375,0,-0.33642578125
5.2590,0,-0.2369384765625,0,-0.4169921875,0,-0.07073974609375,0,-0.33642578125
5.2691,0,-0.2369384765625,0,0.184326171875,0,-0.079345703125,0,-0.140869140625
5.2783,0,-0.06085205078125,0,0.184326171875,0,-0.079345703125,0,-0.140869140625
5.2885,0,-0.06085205078125,0,0.31103515625,0,0.024932861328125,0,-0.140869140625
5.2980,0,-0.1654052734375,0,0.31103515625,0,0.024932861328125,0,-0.299072265625
5.3081,0,-0.1654052734375,0,-0.072509765625,0,0.08099365234375,0,-0.299072265625
5.3170,0,0.16455078125,0,-0.072509765625,0,0.08099365234375,0,-0.2139892578125
5.3288,0,0.16455078125,0,0.254638671875,0,0.067138671875,0,-0.2139892578125
5.3366,0,-0.302734375,0,0.254638671875,0,0.067138671875,0,-0.0193023681640625
5.3505,0,-0.302734375,0,-0.72265625,0,0.10614013671875,0,-0.0193023681640625
5.3588,0,-0.302734375,0,-0.72265625,0,0.10614013671875,0,0.1805419921875
5.3708,0,-0.1920166015625,0,0.263916015625,0,0.0318603515625,0,0.1805419921875
5.3810,0,-0.1920166015625,0,0.263916015625,0,0.0318603515625,0,-0.10174560546875
5.3883,0,0.041778564453125,0,-0.11358642578125,0,0.0156707763671875,0,-0.10174560546875
5.3963,0,0.144287109375,0,-0.11358642578125,0,0.0156707763671875,0,0.049713134765625
5.4080,0,0.144287109375,0,-0.4560546875,0,0.08502197265625,0,0.049713134765625
5.4191,0,-0.1923828125,0,-0.4560546875,0,0.08502197265625,0,-0.131591796875
5.4288,0,-0.1923828125,0,-0.158447265625,0,0.054962158203125,0,-0.131591796875
5.4409,0,-0.1923828125,0,-0.158447265625,0,0.054962158203125,0,-0.3916015625
5.4497,0,-0.25,0,-0.158447265625,0,0.025665283203125,0,-0.3916015625
5.4583,0,-0.25,0,0.25244140625,0,0.025665283203125,0,-0.17822265625
5.4669,0,0.078857421875,0,0.25244140625,0,0.06195068359375,0,-0.17822265625
5.4799,0,0.078857421875,0,0.05767822265625,0,0.06195068359375,0,0.077392578125
5.4896,0,0.1533203125,0,0.05767822265625,0,0.06475830078125,0,0.077392578125
5.4947,0,0.1533203125,0,-0.349853515625,0,0.06475830078125,0,0.0748291015625
5.5096,0,0.11956787109375,0,-0.349853515625,0,0.034332275390625,0,0.0748291015625
5.5189,0,0.11956787109375,0,0.28125,0,0.034332275390625,0,0.08709716796875
5.5256,0,0.1221923828125,0,0.28125,0,-0.055084228515625,0,0.08709716796875
5.5386,0,0.1221923828125,0,-0.136962890625,0,-0.055084228515625,0,-0.1715087890625
5.5472,0,-0.07708740234375,0,-0.136962890625,0,0.0288238525390625,0,-0.1715087890625
5.5557,0,-0.07708740234375,0,-0.06298828125,0,0.0288238525390625,0,-0.08111572265625
5.5701,0,0.0994873046875,0,-0.06298828125,0,0.040740966796875,0,-0.08111572265625
5.5775,0,0.0994873046875,0,0.245361328125,0,0.040740966796875,0,0.049591064453125
5.5887,0,-0.212158203125,0,0.245361328125,0,0.0310821533203125,0,0.049591064453125
5.5999,0,-0.212158203125,0,0.10626220703125,0,0.0310821533203125,0,0.049591064453125
5.6086,0,0.166015625,0,0.10626220703125,0,-0.0848388671875,0,0.2144775390625
5.6194,0,0.166015625,0,0.415283203125,0,-0.0848388671875,0,0.2144775390625
5.6292,0,0.0242919921875,0,0.415283203125,0,-0.038360595703125,0,-0.1776123046875
5.6387,0,0.0242919921875,0,-0.275634765625,0,-0.038360595703125,0,-0.1776123046875
5.6500,0,-0.1370849609375,0,-0.275634765625,0,-0.038360595703125,0,-0.0242156982421875
5.6574,0,-0.1370849609375,0,-0.32177734375,0,-0.0277252197265625,0,0.032318115234375
5.6696,0,0.0972900390625,0,-0.32177734375,0,0.04449462890625,0,0.032318115234375
5.6779,0,0.0972900390625,0,0.354736328125,0,0.04449462890625,0,0.0408935546875
5.6901,0,0.10980224609375,0,0.354736328125,0,0.042327880859375,0,0.0408935546875
5.6974,0,0.10980224609375,0,0.28515625,0,0.042327880859375,0,-0.054290771484375
5.7086,0,-0.0836181640625,0,0.28515625,0,0.042327880859375,0,-0.054290771484375
5.7189,0,-0.0836181640625,0,0.39208984375,0,0.041015625,0,-0.054290771484375
5.7281,0,-0.2088623046875,0,0.39208984375,0,0.041015625,0,0.1746826171875
5.7368,0,-0.2088623046875,0,-0.265380859375,0,-0.0584716796875,0,0.1746826171875
5.7484,0,0.049896240234375,0,-0.265380859375,0,-0.0584716796875,0,-0.1702880859375
5.7568,0,0.049896240234375,0,0.203369140625,0,0.041412353515625,0,-0.1702880859375
5.7702,0,0.0579833984375,0,0.203369140625,0,0.041412353515625,0,0.1925048828125
5.7765,0,0.0579833984375,0,0.32421875,0,0.0286712646484375,0,0.1925048828125
5.7901,0,0.07550048828125,0,0.32421875,0,0.0286712646484375,0,-0.134765625
5.8011,0,0.07550048828125,0,-0.281982421875,0,0.049285888671875,0,-0.134765625
5.8126,0,0.07550048828125,0,-0.281982421875,0,0.049285888671875,0,-0.1571044921875
5.8203,0,0.08099365234375,0,-0.640625,0,-0.01934814453125,0,-0.1571044921875
5.8332,0,0.08099365234375,0,-0.640625,0,-0.01934814453125,0,0.0765380859375
5.8401,0,-0.282958984375,0,0.34033203125,0,-0.056793212890625,0,0.0765380859375
5.8519,0,0.057952880859375,0,0.34033203125,0,-0.056793212890625,0,-0.09814453125
5.8609,0,0.057952880859375,0,0.34033203125,0,-0.060455322265625,0,-0.09814453125
5.8724,0,0.058197021484375,0,-0.55859375,0,-0.060455322265625,0,-0.304931640625
5.8817,0,0.058197021484375,0,-0.55859375,0,0.05157470703125,0,-0.304931640625
5.8918,0,-0.2113037109375,0,-0.47265625,0,0.05157470703125,0,-0.216064453125
5.9027,0,-0.2113037109375,0,-0.328125,0,0.0513916015625,0,-0.216064453125
5.9112,0,0.12469482421875,0,-0.328125,0,0.0513916015625,0,-0.2294921875
5.9211,0,0.12469482421875,0,-0.578125,0,0.0251617431640625,0,-0.2294921875
5.9314,0,0.12469482421875,0,-0.578125,0,0.0251617431640625,0,-0.294189453125
5.9394,0,0.06817626953125,0,-0.578125,0,-0.017822265625,0,-0.294189453125
5.9506,0,0.06817626953125,0,-0.357421875,0,-0.017822265625,0,-0.045989990234375
5.9589,0,0.053375244140625,0,-0.357421875,0,0.016632080078125,0,-0.045989990234375
5.9729,0,0.053375244140625,0,0.330078125,0,0.016632080078125,0,-0.05670166015625
5.9863,0,-0.2071533203125,0,0.330078125,0,-0.06689453125,0,-0.05670166015625
5.9921,0,-0.2071533203125,0,-0.09759521484375,0,-0.06689453125,0,-0.2117919921875
6.0018,0,0.062103271484375,0,-0.09759521484375,0,-0.09423828125,0,-0.2117919921875
6.0107,0,0.062103271484375,0,-0.442626953125,0,-0.09423828125,0,-0.2117919921875
6.0189,0,0.0703125,0,-0.442626953125,0,0.05975341796875,0,-0.07763671875
6.0303,0,0.0703125,0,-0.303466796875,0,0.05975341796875,0,-0.327880859375
6.0412,0,-0.152587890625,0,-0.303466796875,0,-0.033599853515625,0,-0.327880859375
6.0496,0,-0.152587890625,0,-0.445068359375,0,-0.033599853515625,0,-0.327880859375
6.0579,0,0.05841064453125,0,-0.445068359375,0,0.00879669189453125,0,-0.1304931640625
6.0730,0,0.05841064453125,0,0.05413818359375,0,0.00879669189453125,0,-0.1304931640625
6.0778,0,0.04473876953125,0,0.05413818359375,0,0.00846099853515625,0,-0.181396484375
6.0891,0,0.04473876953125,0,0.07818603515625,0,0.00846099853515625,0,0.368408203125
6.0992,0,-0.2900390625,0,0.07818603515625,0,-0.0426025390625,0,0.368408203125
6.1113,0,-0.2900390625,0,-0.048431396484375,0,-0.0426025390625,0,0.368408203125
6.1200,0,-0.2044677734375,0,-0.048431396484375,0,0.0201263427734375,0,-0.376220703125
6.1313,0,-0.2044677734375,0,0.1962890625,0,0.0201263427734375,0,-0.376220703125
6.1406,0,0.024810791015625,0,0.1962890625,0,0.039886474609375,0,0.065185546875
6.1519,0,0.024810791015625,0,0.322509765625,0,0.039886474609375,0,0.212158203125
6.1591,0,0.024810791015625,0,0.322509765625,0,0.053680419921875,0,0.212158203125
6.1722,0,0.1304931640625,0,-0.0450439453125,0,0.053680419921875,0,0.212158203125
6.1795,0,-0.1627197265625,0,-0.0450439453125,0,0.037384033203125,0,-0.328857421875
6.1908,0,-0.1627197265625,0,-0.60107421875,0,0.037384033203125,0,-0.328857421875
6.2017,0,-0.043121337890625,0,-0.60107421875,0,0.0220794677734375,0,-0.0804443359375
6.2117,0,-0.043121337890625,0,0.30517578125,0,0.0220794677734375,0,-0.0804443359375
6.2217,0,-0.043121337890625,0,0.30517578125,0,0.0220794677734375,0,0.050933837890625
6.2314,0,0.082763671875,0,0.1451416015625,0,0.0751953125,0,0.050933837890625
6.2394,0,0.082763671875,0,0.1451416015625,0,0.0697021484375,0,0.0173492431640625
6.2520,0,-0.226318359375,0,0.324951171875,0,0.0697021484375,0,0.0173492431640625
6.2592,0,-0.226318359375,0,0.324951171875,0,-0.073486328125,0,-0.04473876953125
6.2701,0,-0.138427734375,0,-0.06488037109375,0,-0.073486328125,0,-0.04473876953125
6.2811,0,-0.138427734375,0,-0.06488037109375,0,-0.073486328125,0,-0.0447998046875
6.2908,0,-0.165771484375,0,-0.1185302734375,0,0.050445556640625,0,-0.0447998046875
6.3013,0,-0.165771484375,0,-0.1185302734375,0,0.050445556640625,0,0.140380859375
6.3129,0,0.1361083984375,0,-0.01129913330078125,0,0.0163116455078125,0,0.140380859375
6.3205,0,0.1361083984375,0,-0.01129913330078125,0,-0.021759033203125,0,0.1904296875
6.3337,0,-0.1947021484375,0,-0.319091796875,0,-0.021759033203125,0,0.1904296875
6.3415,0,-0.1947021484375,0,-0.319091796875,0,0.029693603515625,0,0.1275634765625
6.3548,0,-0.2408447265625,0,-0.319091796875,0,0.029693603515625,0,0.1275634765625
6.3688,0,-0.2408447265625,0,-0.254638671875,0,-0.048858642578125,0,0.1239013671875
6.3758,0,0.1864013671875,0,-0.254638671875,0,-0.048858642578125,0,0.1239013671875
6.3904,0,0.1864013671875,0,0.0238494873046875,0,-0.048858642578125,0,-0.183349609375
6.3975,0,-0.281005859375,0,0.0238494873046875,0,-0.048065185546875,0,-0.183349609375
6.4054,0,-0.281005859375,0,0.1959228515625,0,-0.048065185546875,0,0.1859130859375
6.4232,0,-0.0894775390625,0,0.22509765625,0,-0.041412353515625,0,0.1859130859375
6.4242,0,-0.0894775390625,0,0.22509765625,0,-0.041412353515625,0,-0.266357421875
6.4352,0,-0.16455078125,0,0.22509765625,0,0.050018310546875,0,-0.266357421875
6.4439,0,-0.16455078125,0,-0.261474609375,0,0.050018310546875,0,0.2161865234375
6.4557,0,-0.0291595458984375,0,-0.261474609375,0,-0.09320068359375,0,0.2161865234375
6.4636,0,-0.0291595458984375,0,0.363037109375,0,-0.09320068359375,0,-0.291259765625
6.4758,0,-0.157958984375,0,0.363037109375,0,0.068603515625,0,-0.291259765625
6.4841,0,-0.157958984375,0,-0.356201171875,0,0.068603515625,0,0.1138916015625
6.4976,0,0.139404296875,0,-0.356201171875,0,-0.0675048828125,0,0.1138916015625
6.5055,0,0.139404296875,0,0.102783203125,0,-0.0675048828125,0,0.179931640625
6.5148,0,-0.07769775390625,0,0.102783203125,0,-0.0458984375,0,0.179931640625
6.5231,0,-0.07769775390625,0,-0.130859375,0,-0.0458984375,0,0.21435546875
6.5354,0,0.06829833984375,0,-0.130859375,0,-0.050140380859375,0,0.21435546875
6.5436,0,0.06829833984375,0,-0.416015625,0,-0.050140380859375,0,0.15869140625
6.5549,0,0.06829833984375,0,-0.416015625,0,0.00737762451171875,0,0.15869140625
6.5632,0,-0.048248291015625,0,-0.056396484375,0,0.00737762451171875,0,-0.064453125
6.5753,0,-0.146484375,0,-0.056396484375,0,0.023834228515625,0,-0.064453125
6.5838,0,-0.146484375,0,-0.33935546875,0,0.023834228515625,0,-0.1461181640625
6.5960,0,0.05914306640625,0,-0.33935546875,0,0.042327880859375,0,-0.1461181640625
6.6059,0,0.05914306640625,0,-0.57666015625,0,0.042327880859375,0,-0.1461181640625
6.6169,0,0.05914306640625,0,-0.57666015625,0,0.01021575927734375,0,0.2176513671875
6.6266,0,0.050140380859375,0,3.185546875,0,0.01021575927734375,0,0.2176513671875
6.6401,0,0.050140380859375,0,3.185546875,-1,2.376953125,0,2.5703125
6.6444,0,2.609375,-11,1.0263671875,-1,2.376953125,0,2.5703125
6.6573,0,2.609375,-11,1.0263671875,-15,0.89892578125,0,2.529296875
6.6680,0,2.416015625,-14,1.3271484375,-15,0.89892578125,0,2.529296875
6.6783,0,2.416015625,-14,1.3271484375,-15,0.89892578125,0,2.431640625
6.6864,0,2.5625,0,3.087890625,-13,1.9033203125,0,2.431640625
6.6983,0,2.5625,0,3.087890625,0,2.935546875,0,2.92578125
6.7068,-10,1.6357421875,0,2.400390625,0,2.935546875,0,2.92578125
6.7178,-10,1.6357421875,0,2.400390625,0,2.68359375,0,2.72265625
6.7277,-15,1.814453125,0,2.90625,0,2.68359375,0,2.72265625
6.7397,-15,1.814453125,0,2.90625,0,2.705078125,0,2.783203125
6.7481,0,3.240234375,-11,1.4716796875,0,2.705078125,0,2.783203125
6.7579,0,3.240234375,-11,1.4716796875,-11,2.140625,-12,1.4658203125
6.7772,0,3.431640625,-14,2.326171875,-11,2.140625,-16,2.248046875
6.7850,-9,2.0546875,-1,3.517578125,-16,2.505859375,-16,2.248046875
6.7956,-9,2.0546875,-1,3.517578125,-2,3.326171875,-1,3.291015625
6.8088,-16,1.921875,-13,1.8447265625,-2,3.326171875,-1,3.291015625
6.8194,-16,1.921875,-13,1.8447265625,-14,1.677734375,-11,1.7041015625
6.8291,-3,3.533203125,-15,2.17578125,-14,1.677734375,-11,1.7041015625
6.8398,-3,3.533203125,-15,2.17578125,-14,1.677734375,-16,2.220703125
6.8474,-17,1.5478515625,-9,2.375,-15,2.33984375,-16,2.220703125
6.8597,-17,1.5478515625,-9,2.375,-15,2.33984375,-8,2.455078125
6.8684,0,4.58203125,-9,2.375,-10,2.17578125,-8,2.455078125
6.8828,0,4.58203125,-20,1.6005859375,-10,2.17578125,-16,1.9208984375
6.8882,-14,1.4091796875,-20,1.6005859375,-16,1.384765625,-16,1.9208984375
6.8990,-14,1.4091796875,-18,1.4345703125,-16,1.384765625,-19,1.2744140625
6.9068,-14,1.4091796875,-18,1.4345703125,-20,1.1416015625,-19,1.2744140625
6.9204,-15,1.9501953125,-27,0.72314453125,-20,1.1416015625,-25,0.9462890625
6.9261,-15,1.9501953125,-27,0.72314453125,-25,1.001953125,-25,0.9462890625
6.9374,-25,0.859375,-29,0.72998046875,-25,1.001953125,-20,1.365234375
6.9457,-26,1.1708984375,-29,0.72998046875,-33,0.317626953125,-20,1.365234375
6.9569,-26,1.1708984375,-36,-0.2373046875,-33,0.317626953125,-28,0.70849609375
6.9654,-26,1.1708984375,-36,-0.2373046875,-38,-0.006107330322265625,-28,0.70849609375
6.9764,-35,0.165771484375,-3,5.01953125,-38,-0.006107330322265625,-38,-0.1474609375
6.9898,-35,0.165771484375,-3,5.01953125,-36,0.378662109375,-38,-0.1474609375
6.9965,-1,6.84375,-21,0.67724609375,-36,0.378662109375,-17,1.9892578125
7.0052,-1,6.84375,-21,0.67724609375,-36,0.393798828125,-17,1.9892578125
7.0160,-10,2.2578125,0,4.9296875,-36,0.393798828125,-22,1.091796875
7.0246,-10,2.2578125,0,4.9296875,-37,0.2734375,-22,1.091796875
7.0357,-31,-0.11102294921875,-30,0.8955078125,-37,0.2734375,-2,3.982421875
7.0457,-31,-0.11102294921875,-30,0.8955078125,-42,-0.1136474609375,-2,3.982421875
7.0555,-29,0.9345703125,-12,2.763671875,-42,-0.1136474609375,-2,3.982421875
7.0638,-29,0.9345703125,-12,2.763671875,-42,-0.0657958984375,-27,0.328857421875
7.0759,-32,0.7822265625,-10,1.7763671875,-42,-0.0657958984375,-27,0.328857421875
7.0844,-32,0.7822265625,-10,1.7763671875,-39,0.1864013671875,-38,0.346435546875
7.0960,-34,0.352294921875,-12,1.9130859375,-39,0.1864013671875,-38,0.346435546875
7.1040,-34,0.352294921875,-12,1.9130859375,-41,0.09393310546875,-5,3.525390625
7.1174,-35,0.492431640625,-26,0.78271484375,-41,0.09393310546875,-5,3.525390625
7.1251,-35,0.492431640625,-26,0.78271484375,-42,0.0904541015625,-8,2.3671875
7.1362,-43,-0.27392578125,-33,0.4462890625,-42,0.0904541015625,-8,2.3671875
7.1445,-43,-0.27392578125,-33,0.4462890625,-42,-0.06878662109375,-12,1.765625
7.1558,-28,2.443359375,-35,-0.08770751953125,-42,-0.06878662109375,-12,1.765625
7.1643,-28,2.443359375,-35,-0.08770751953125,-40,0.01556396484375,-26,0.77392578125
7.1763,-31,0.85498046875,-35,-0.08770751953125,-40,0.01556396484375,-26,0.77392578125
7.1860,-31,0.85498046875,-35,0.23388671875,-51,0.97216796875,-37,0.1483154296875
7.1958,-40,-0.0599365234375,-37,0.54541015625,-51,0.97216796875,-37,0.1483154296875
7.2055,-40,-0.0599365234375,-37,0.54541015625,-3,5.5703125,-34,0.7314453125
7.2168,-35,0.74169921875,-38,0.373046875,-3,5.5703125,-34,0.7314453125
7.2252,-35,0.74169921875,-38,0.373046875,-32,0.353271484375,-36,0.56396484375
7.2364,-36,0.52880859375,-38,0.373046875,-32,0.353271484375,-36,0.56396484375
7.2507,-36,0.52880859375,-41,-0.050445556640625,-11,1.783203125,-37,0.34765625
7.2569,-8,3.142578125,-41,-0.050445556640625,-11,1.783203125,-37,0.34765625
7.2653,-8,3.142578125,-41,0.191162109375,0,4.703125,-38,0.31201171875
7.2764,-25,0.7548828125,-40,0.263916015625,0,4.703125,-38,0.31201171875
7.2850,-25,0.7548828125,-40,0.263916015625,-15,1.796875,-41,0.2327880859375
7.2959,-38,0.13720703125,-41,0.20947265625,-15,1.796875,-41,0.2327880859375
7.3055,-38,0.13720703125,-41,0.20947265625,-24,0.923828125,-42,0.11834716796875
7.3167,-6,5.2890625,-41,0.20947265625,-24,0.923828125,-42,0.11834716796875
7.3254,-6,5.2890625,-41,0.13720703125,-24,2.119140625,-41,-0.13623046875
7.3380,-17,2.087890625,-41,0.13720703125,-24,2.119140625,-41,-0.13623046875
7.3449,-17,2.087890625,-41,0.7099609375,-28,1.326171875,-38,0.9541015625
7.3570,-32,0.7978515625,-41,0.7099609375,-28,1.326171875,-38,0.9541015625
7.3681,-32,0.7978515625,-42,0.08953857421875,-34,0.68505859375,-41,0.350830078125
7.3783,-2,5.55078125,-43,0.313720703125,-34,0.68505859375,-41,0.350830078125
7.3874,-2,5.55078125,-43,0.313720703125,-36,0.591796875,-45,0.211669921875
7.3965,-9,2.978515625,-43,0.313720703125,-36,0.591796875,-45,0.211669921875
7.4081,-9,2.978515625,-40,0.90478515625,-36,0.74951171875,-43,0.60546875
7.4174,-25,1.5224609375,-40,0.90478515625,-36,0.74951171875,-43,0.60546875
7.4277,-25,1.5224609375,-40,1.03125,-36,0.74951171875,-42,0.4052734375
7.4387,-25,1.5224609375,-40,1.03125,-41,0.44677734375,-42,0.4052734375
7.4483,-29,1.7509765625,-47,-0.462158203125,-41,0.44677734375,-41,0.5166015625
7.4593,-29,1.7509765625,-47,-0.462158203125,-45,0.408447265625,-41,0.5166015625
7.4687,-32,0.79638671875,-42,0.192626953125,-45,0.408447265625,-44,0.217529296875
7.4844,-36,0.796875,-42,0.332275390625,-40,0.70947265625,-44,0.2529296875
7.4953,-37,0.84130859375,-42,0.332275390625,-40,0.6015625,-44,0.2529296875
7.5050,-37,0.84130859375,-43,0.4111328125,-40,0.6015625,-45,0.459228515625
7.5151,-39,0.765625,-43,0.4111328125,-42,0.38330078125,-45,0.459228515625
7.5252,-39,0.765625,-44,0.270263671875,-42,0.38330078125,-41,-1.134765625
7.5362,-38,1.1064453125,-44,0.270263671875,-44,0.26318359375,-41,-1.134765625
7.5431,-38,1.1064453125,-45,0.439697265625,-44,0.26318359375,-40,0.55712890625
7.5553,-38,1.1064453125,-45,0.439697265625,-44,0.278076171875,-40,0.55712890625
7.5627,-39,0.8330078125,-43,0.077880859375,-44,0.278076171875,-42,0.416259765625
7.5758,-39,0.8330078125,-43,0.077880859375,-41,0.5830078125,-42,0.416259765625
7.5833,-37,1.001953125,-42,0.50341796875,-41,0.5830078125,-42,0.96533203125
7.5964,-37,1.001953125,-42,0.50341796875,-40,0.8291015625,-42,0.96533203125
7.6039,-38,0.912109375,-41,0.7421875,-40,0.8291015625,-42,0.96533203125
7.6173,-38,0.912109375,-41,0.7421875,-41,0.6396484375,-42,0.7373046875
7.6274,-40,0.84716796875,-42,0.73193359375,-41,0.6396484375,-42,0.7373046875
7.6457,-42,0.60986328125,-42,0.73193359375,-44,0.326904296875,-42,0.28857421875
7.6562,-42,0.60986328125,-43,-0.99560546875,-43,0.491943359375,-42,0.446044921875
7.6642,-45,0.70703125,-40,0.7177734375,-43,0.491943359375,-42,0.446044921875
7.6766,-45,0.70703125,-40,0.7177734375,-39,0.875,-40,0.84619140625
7.6861,-41,1.1845703125,-40,1.0556640625,-39,0.875,-40,0.84619140625
7.6952,-41,1.1845703125,-40,1.0556640625,-38,0.865234375,-39,0.9765625
7.7048,-39,1.140625,-40,0.724609375,-38,0.865234375,-39,0.9765625
7.7146,-39,1.140625,-40,0.724609375,-39,0.76416015625,-41,0.546875
7.7231,-40,0.87060546875,-40,0.85400390625,-39,0.76416015625,-41,0.546875
7.7357,-40,0.87060546875,-40,0.85400390625,-43,0.505859375,-40,1.1904296875
7.7447,-39,0.99755859375,-41,0.89892578125,-43,0.505859375,-40,1.1904296875
7.7559,-39,0.99755859375,-41,0.89892578125,-43,0.505859375,-39,0.89990234375
7.7655,-41,1.55078125,-40,1.5283203125,-42,1.4521484375,-39,0.89990234375
7.7768,-41,1.55078125,-40,1.5283203125,-42,1.4521484375,-39,1.376953125
7.7843,-32,1.7880859375,-40,1.5283203125,-39,1.255859375,-39,1.376953125
7.7963,-32,1.7880859375,-39,1.333984375,-39,1.255859375,-39,1.3251953125
7.8074,-33,2.11328125,-39,1.333984375,-39,1.134765625,-39,1.3251953125
7.8187,-33,2.11328125,-38,1.2607421875,-39,1.134765625,-39,1.18359375
7.8289,-21,2.6171875,-38,1.2607421875,-38,1.22265625,-39,1.18359375
7.8364,-21,2.6171875,-38,1.2578125,-40,1.10546875,-39,1.18359375
7.8457,-33,1.42578125,-38,1.2578125,-40,1.10546875,-39,1.18359375
7.8581,-33,1.42578125,-43,1.4453125,-40,1.10546875,-42,1.6337890625
7.8652,-40,1.4287109375,-43,1.4453125,-43,1.3310546875,-42,1.6337890625
7.8765,-40,1.4287109375,-43,1.478515625,-43,1.3310546875,-41,1.615234375
7.8869,-38,1.8837890625,-43,1.478515625,-42,1.5546875,-41,1.615234375
7.8971,-38,1.8837890625,-43,1.1201171875,-42,1.5546875,-41,1.8837890625
7.9055,-38,2.03125,-43,1.1201171875,-41,1.724609375,-41,1.8837890625
7.9169,-38,2.03125,-44,1.46484375,-41,1.724609375,-44,1.3818359375
7.9265,-42,1.423828125,-44,1.46484375,-43,1.404296875,-44,1.3818359375
7.9365,-42,1.423828125,-47,1.1884765625,-43,1.404296875,-45,1.220703125
7.9460,-46,1.1142578125,-47,1.1884765625,-49,0.806640625,-45,1.220703125
7.9565,-46,1.1142578125,-48,0.60302734375,-49,0.806640625,-46,1.2666015625
7.9648,-48,1.125,-48,0.60302734375,-47,1.3740234375,-46,1.2666015625
7.9771,-48,1.125,-48,1.2080078125,-47,1.3740234375,-46,1.2666015625
7.9843,-44,1.5205078125,-48,1.2080078125,-46,1.197265625,-48,1.203125
7.9954,-44,1.5205078125,-48,1.1689453125,-46,1.197265625,-48,1.203125
8.0076,-46,1.3115234375,-48,1.1689453125,-48,1.080078125,-48,1.0830078125
8.0148,-46,1.3115234375,-51,0.720703125,-48,1.080078125,-51,0.59375
8.0240,-49,1.2275390625,-51,0.720703125,-54,0.5185546875,-51,0.59375
8.0345,-49,1.2275390625,-52,0.80517578125,-54,0.5185546875,-52,0.78173828125
8.0440,-54,0.998046875,-52,0.80517578125,-51,1.3564453125,-52,0.78173828125
8.0570,-54,0.998046875,-51,0.7158203125,-51,1.3564453125,-52,0.78173828125
8.0637,-52,1.0107421875,-51,0.7158203125,-49,1.1259765625,-50,1.146484375
8.0739,-52,1.0107421875,-52,0.89453125,-49,1.1259765625,-50,1.146484375
8.0823,-52,1.0107421875,-52,0.89453125,-52,0.82421875,-53,0.8076171875
8.0961,-51,1.1962890625,-55,0.68603515625,-52,0.82421875,-53,0.8076171875
8.1035,-54,0.7021484375,-55,0.68603515625,-57,0.5576171875,-52,1.16796875
8.1143,-54,0.7021484375,-55,0.4560546875,-57,0.5576171875,-52,1.16796875
8.1248,-54,0.7021484375,-55,0.4560546875,-53,0.97314453125,-52,0.97314453125
8.1352,-54,1.1318359375,-55,0.4560546875,-53,0.97314453125,-52,0.97314453125
8.1437,-54,1.1318359375,-55,0.51318359375,-52,0.83056640625,-54,0.76220703125
8.1575,-52,1.1689453125,-55,0.51318359375,-52,0.83056640625,-54,0.76220703125
8.1636,-52,1.1689453125,-53,0.8671875,-52,0.83056640625,-55,0.876953125
8.1746,-52,1.0693359375,-53,0.8671875,-55,0.70068359375,-55,0.876953125
8.1832,-52,1.0693359375,-55,0.48388671875,-55,0.70068359375,-54,0.93798828125
8.1949,-57,0.4892578125,-55,0.48388671875,-58,0.5263671875,-54,0.93798828125
8.2035,-57,0.4892578125,-55,0.6357421875,-58,0.5263671875,-54,0.9345703125
8.2143,-56,1.1904296875,-55,0.6357421875,-54,0.8935546875,-54,0.9345703125
8.2247,-56,1.1904296875,-54,0.865234375,-54,0.8935546875,-54,0.8173828125
8.2344,-54,0.95458984375,-54,0.865234375,-53,0.9208984375,-54,0.8173828125
8.2439,-54,0.95458984375,-54,0.86865234375,-53,0.9208984375,-55,0.87744140625
8.2555,-54,1.0673828125,-54,0.86865234375,-57,0.390625,-55,0.87744140625
8.2634,-54,1.0673828125,-55,0.43701171875,-57,0.390625,-53,0.880859375
8.2760,-54,1.0244140625,-55,0.43701171875,-56,0.78369140625,-53,0.880859375
8.2833,-54,1.0244140625,-56,0.75,-56,0.78369140625,-55,0.681640625
8.2941,-52,1.171875,-56,0.75,-54,0.85595703125,-55,0.681640625
8.3030,-52,1.171875,-54,0.96826171875,-54,0.85595703125,-54,0.91015625
8.3148,-53,1.064453125,-54,0.96826171875,-53,0.80078125,-54,0.91015625
8.3237,-53,1.064453125,-54,0.818359375,-53,0.80078125,-54,0.97412109375
8.3345,-54,0.99169921875,-54,0.818359375,-58,0.277099609375,-54,0.97412109375
8.3432,-54,0.99169921875,-55,1.0703125,-58,0.277099609375,-55,0.88720703125
8.3557,-57,0.7626953125,-55,1.0703125,-55,1.02734375,-55,0.88720703125
8.3628,-57,0.7626953125,-55,0.68896484375,-55,1.02734375,-53,0.98046875
8.3760,-56,0.91162109375,-55,0.68896484375,-53,0.935546875,-53,0.98046875
8.3835,-56,0.91162109375,-54,0.80078125,-53,0.935546875,-53,0.98046875
8.3955,-54,0.8115234375,-54,0.62353515625,-52,0.560546875,-55,0.83203125
8.4059,-54,0.8115234375,-54,0.62353515625,-52,0.560546875,-54,0.85400390625
8.4160,-53,0.94775390625,-54,0.62353515625,-58,0.199462890625,-54,0.85400390625
8.4249,-53,0.94775390625,-54,0.1319580078125,-58,0.199462890625,-53,0.63525390625
8.4356,-53,0.72314453125,-54,0.1319580078125,-54,0.71875,-53,0.63525390625
8.4440,-53,0.72314453125,-55,0.489990234375,-54,0.71875,-52,0.84765625
8.4551,-52,1.1494140625,-55,0.489990234375,-52,0.72314453125,-52,0.84765625
8.4607,-52,1.1494140625,-54,0.66552734375,-52,0.72314453125,-53,0.71533203125
8.4734,-53,0.79248046875,-54,0.66552734375,-53,0.63232421875,-53,0.71533203125
8.5245,-53,0.79248046875,-53,0.69873046875,-53,0.63232421875,-53,0.413818359375
8.5255,-53,0.8671875,-53,0.69873046875,-57,0.3974609375,-53,0.413818359375
8.5261,-53,0.8671875,-52,0.60546875,-57,0.3974609375,-53,0.413818359375
8.5266,-55,0.221923828125,-52,0.60546875,-53,0.3369140625,-54,0.14599609375
8.5271,-55,0.221923828125,-53,0.10052490234375,-53,0.3369140625,-51,0.6103515625
8.5351,-53,0.6015625,-53,0.10052490234375,-51,0.568359375,-51,0.6103515625
8.5462,-53,0.6015625,-53,0.4111328125,-51,0.568359375,-53,0.1700439453125
8.5576,-52,0.9296875,-53,0.4111328125,-51,0.55224609375,-53,0.1700439453125
8.5667,-52,0.9296875,-52,1.333984375,-51,0.55224609375,-53,0.1700439453125
8.5780,-51,1.09375,-52,1.333984375,-55,0.529296875,-52,0.7177734375
8.5868,-51,1.09375,-51,0.64404296875,-55,0.529296875,-52,0.7177734375
8.5951,-50,0.6142578125,-51,0.64404296875,-52,0.430419921875,-51,0.08746337890625
8.6070,-50,0.6142578125,-53,0.465576171875,-52,0.430419921875,-51,0.08746337890625
8.6181,-49,0.87939453125,-53,0.465576171875,-50,0.51953125,-51,0.515625
8.6266,-49,0.87939453125,-50,0.69580078125,-50,0.51953125,-51,0.515625
8.6394,-48,0.96923828125,-50,0.69580078125,-50,0.51953125,-50,0.833984375
8.6461,-48,0.96923828125,-50,0.8359375,-49,0.6240234375,-50,0.833984375
8.6570,-49,0.84619140625,-50,0.8359375,-49,0.6240234375,-49,0.82421875
8.6673,-49,0.84619140625,-48,0.5234375,-52,0.364013671875,-49,0.82421875
8.6774,-51,0.59619140625,-48,0.5234375,-50,0.75390625,-49,0.84033203125
8.6869,-51,0.59619140625,-49,-1.083984375,-50,0.75390625,-49,0.84033203125
8.6979,-51,0.59619140625,-49,-1.083984375,-50,0.75390625,-48,0.80908203125
8.7056,-50,0.6884765625,-49,0.60498046875,-48,0.70068359375,-48,0.80908203125
8.7175,-50,0.6884765625,-49,0.60498046875,-48,0.70068359375,-48,0.80810546875
8.7261,-48,0.83544921875,-49,0.611328125,-47,0.8212890625,-48,0.80810546875
8.7383,-48,-0.1029052734375,-49,0.611328125,-49,0.10260009765625,-47,0.81298828125
8.7458,-48,-0.1029052734375,-46,0.50048828125,-49,0.10260009765625,-47,0.81298828125
8.7581,-48,-0.1029052734375,-46,0.50048828125,-49,0.10260009765625,-47,0.6083984375
8.7652,-46,0.7080078125,-46,0.62548828125,-48,0.40625,-47,0.6083984375
8.7773,-46,0.7080078125,-46,0.62548828125,-48,0.40625,-47,0.359130859375
8.7859,-47,0.61572265625,-48,0.294189453125,-48,0.317138671875,-47,0.359130859375
8.7968,-47,0.61572265625,-48,0.294189453125,-48,0.317138671875,-47,0.5615234375
8.8034,-45,0.736328125,-46,0.5927734375,-44,0.80029296875,-47,0.5615234375
8.8207,-45,0.736328125,-46,0.5927734375,-44,0.80029296875,-45,0.97265625
8.8280,-44,0.7626953125,-47,0.72265625,-45,0.50537109375,-45,0.97265625
8.8359,-44,0.7626953125,-47,0.72265625,-45,0.50537109375,-44,0.70263671875
8.8489,-44,0.86279296875,-47,0.72265625,-45,0.59375,-44,0.70263671875
8.8599,-44,0.86279296875,-44,0.5947265625,-45,0.59375,-45,0.67578125
8.8709,-46,0.7197265625,-44,0.5947265625,-46,0.59033203125,-45,0.67578125
8.8824,-46,0.75146484375,-45,0.94921875,-45,0.6728515625,-45,0.58349609375
8.8914,-46,0.75146484375,-45,0.94921875,-45,0.6728515625,-43,0.79931640625
8.9068,-44,0.463623046875,-45,0.94921875,-42,0.5185546875,-43,0.79931640625
8.9151,-44,0.463623046875,-44,0.476806640625,-42,0.5185546875,-44,0.381591796875
8.9238,-43,0.81787109375,-44,0.476806640625,-43,0.458984375,-44,0.381591796875
8.9346,-43,0.81787109375,-42,0.7333984375,-43,0.458984375,-44,0.39111328125
8.9435,-42,0.818359375,-42,0.7333984375,-43,0.453125,-44,0.39111328125
8.9526,-42,0.818359375,-41,0.642578125,-43,0.453125,-41,0.7373046875
8.9628,-41,0.9638671875,-41,0.642578125,-43,0.615234375,-41,0.7373046875
8.9755,-41,0.9638671875,-43,0.5234375,-43,0.615234375,-41,0.5615234375
8.9838,-41,0.026519775390625,-43,0.5234375,-42,0.024993896484375,-41,0.5615234375
8.9956,-41,0.026519775390625,-43,0.70556640625,-42,0.024993896484375,-41,0.5615234375
9.0043,-41,0.182373046875,-43,0.70556640625,-40,0.253662109375,-42,0.158203125
9.0151,-41,0.182373046875,-41,0.38427734375,-40,0.253662109375,-42,0.158203125
9.0249,-40,0.65087890625,-41,0.38427734375,-41,0.3427734375,-40,0.6787109375
9.0358,-40,0.65087890625,-41,0.286376953125,-41,0.3427734375,-39,0.4072265625
9.0443,-40,0.6689453125,-41,0.286376953125,-40,0.4541015625,-39,0.4072265625
9.0559,-40,0.6689453125,-38,0.460693359375,-40,0.4541015625,-39,0.4072265625
9.0639,-40,0.59814453125,-38,0.460693359375,-40,0.4541015625,-38,0.64892578125
9.0751,-40,0.59814453125,-37,0.44384765625,-39,0.388916015625,-38,0.64892578125
9.0842,-40,0.70849609375,-37,0.44384765625,-39,0.388916015625,-38,0.51318359375
9.0935,-40,0.70849609375,-38,0.347412109375,-38,0.607421875,-38,0.51318359375
9.1019,-38,0.595703125,-38,0.347412109375,-37,0.57275390625,-38,0.50830078125
9.1141,-38,0.595703125,-38,0.68359375,-37,0.57275390625,-38,0.50830078125
9.1233,-37,0.93505859375,-38,0.68359375,-37,0.54248046875,-38,0.64501953125
9.1327,-37,0.93505859375,-38,0.497802734375,-37,0.54248046875,-38,0.64501953125
9.1428,-37,0.93505859375,-38,0.497802734375,-37,0.54248046875,-37,0.73095703125
9.1546,-36,0.890625,-38,0.497802734375,-39,0.379638671875,-37,0.73095703125
9.1632,-36,0.912109375,-7,6.09765625,-39,0.379638671875,-36,0.8876953125
9.1757,-36,0.912109375,-7,6.09765625,-38,0.342041015625,-36,0.8876953125
9.1833,-36,0.912109375,-22,1.330078125,-38,0.342041015625,-3,5.38671875
9.1946,-35,1.0283203125,-4,3.7734375,-7,3.39453125,-3,5.38671875
9.2029,-35,1.0283203125,-4,3.7734375,-7,3.39453125,-12,2.341796875
9.2143,-36,0.9775390625,-4,3.7734375,-23,0.89208984375,-12,2.341796875
9.2233,-38,0.7734375,-30,-0.4921875,-23,0.89208984375,-32,0.406005859375
9.2336,-38,0.7734375,-30,-0.4921875,-25,1.322265625,-32,0.406005859375
9.2424,-38,0.7734375,-2,3.908203125,-25,1.322265625,0,4.55859375
9.2553,-39,0.7666015625,-2,3.908203125,-29,1.0615234375,0,4.55859375
9.2636,-39,0.7666015625,-25,1.2939453125,-29,1.0615234375,-10,2.650390625
9.2750,-37,0.814453125,-25,1.2939453125,-35,0.634765625,-10,2.650390625
9.2829,-37,0.814453125,-7,2.830078125,-35,0.634765625,-26,0.45556640625
9.2950,-43,0.10675048828125,-7,2.830078125,-36,0.54052734375,-26,0.45556640625
9.3041,-43,0.10675048828125,-15,1.7763671875,-36,0.54052734375,-28,1.3466796875
9.3146,-45,-0.49755859375,-15,1.7763671875,-36,0.197998046875,-28,1.3466796875
9.3255,-45,-0.49755859375,-22,1.009765625,-36,0.197998046875,-29,0.89990234375
9.3343,-30,0.94873046875,-22,1.009765625,-38,0.1890869140625,-29,0.89990234375
9.3427,-30,0.94873046875,-27,0.935546875,-38,0.1890869140625,-35,0.1363525390625
9.3539,-33,0.63330078125,-27,0.935546875,-39,0.1444091796875,-35,0.1363525390625
9.3624,-33,0.63330078125,-31,0.7705078125,-39,0.1444091796875,-35,0.1363525390625
9.3738,-44,0.477783203125,-31,0.7705078125,-40,0.035552978515625,-39,-0.0965576171875
9.3805,-44,0.477783203125,-33,0.708984375,-40,0.035552978515625,-37,0.2138671875
9.3917,-25,2.08203125,-33,0.708984375,-41,-0.1363525390625,-37,0.2138671875
9.4098,-29,0.912109375,-34,0.58349609375,-41,-0.0343017578125,-39,0.15576171875
9.4165,-29,0.912109375,-36,0.53271484375,-41,-0.0343017578125,-39,0.15576171875
9.4227,-29,0.912109375,-36,0.53271484375,-41,-0.0343017578125,-41,-0.275146484375
9.4348,-39,0.06365966796875,-36,0.53271484375,-41,-0.024139404296875,-41,-0.275146484375
9.4439,-39,0.06365966796875,-38,0.1903076171875,-41,-0.024139404296875,-38,0.646484375
9.4570,1,4.15625,-38,0.1903076171875,-41,-0.0623779296875,-38,0.646484375
9.4650,1,4.15625,-38,0.30224609375,-41,-0.0623779296875,-38,0.646484375
9.4740,-11,1.8212890625,-38,0.30224609375,-41,-0.037933349609375,-38,0.46337890625
9.4851,-11,1.8212890625,-37,0.21435546875,-41,-0.037933349609375,-38,0.46337890625
9.4942,-32,0.08221435546875,-37,0.21435546875,-39,0.214599609375,-38,0.378662109375
9.5054,-32,0.08221435546875,-38,0.2037353515625,-39,0.214599609375,-38,0.457275390625
9.5147,-24,1.23828125,-38,0.2037353515625,-39,0.1597900390625,-38,0.457275390625
9.5253,-24,1.23828125,-3,5.8828125,-39,0.1597900390625,-38,0.457275390625
9.5342,-9,2.02734375,-3,5.8828125,-39,0.1597900390625,-39,0.219970703125
9.5443,-9,2.02734375,-20,0.93701171875,-37,0.3408203125,-39,0.219970703125
9.5529,-10,2.4921875,-20,0.93701171875,-37,0.3408203125,-39,0.1484375
9.5638,-10,2.4921875,-23,1.46484375,-35,0.498046875,-39,0.1484375
9.5727,-20,1.2666015625,-23,1.46484375,-35,0.498046875,-36,0.3251953125
9.5809,-20,1.2666015625,-27,1.021484375,-13,1.6103515625,-36,0.3251953125
9.5945,-28,0.7783203125,-27,1.021484375,-25,0.66650390625,-36,0.5166015625
9.6016,-28,0.7783203125,-17,1.537109375,-25,0.66650390625,-36,0.5166015625
9.6137,-30,0.8701171875,-17,1.537109375,-25,0.66650390625,-37,0.166259765625
9.6250,-30,0.8701171875,-29,0.65478515625,-26,0.9599609375,-37,0.166259765625
9.6341,-33,0.12152099609375,-29,0.65478515625,-26,0.9599609375,-41,-0.464599609375
9.6432,-33,0.12152099609375,-30,0.71142578125,-29,0.476806640625,-41,-0.464599609375
9.6555,-33,0.12152099609375,-30,0.71142578125,-29,0.476806640625,-42,-0.2841796875
9.6629,-36,0.29345703125,-32,0.5439453125,-32,0.269287109375,-42,-0.2841796875
9.6767,-36,0.29345703125,-32,0.5439453125,-32,0.269287109375,-6,3.544921875
9.6851,-34,0.5263671875,-35,-0.59765625,-35,0.0526123046875,-6,3.544921875
9.6946,-35,-0.10186767578125,-35,-0.59765625,-35,0.0526123046875,-9,2.16796875
9.7041,-35,-0.10186767578125,-35,-0.59765625,-36,-0.29931640625,-9,2.16796875
9.7165,-36,0.182373046875,-35,-0.39208984375,-36,-0.29931640625,-19,0.375244140625
9.7239,-36,0.182373046875,-9,-0.568359375,-20,1.8662109375,-19,0.375244140625
9.7373,-36,0.182373046875,-9,-0.568359375,-20,1.8662109375,-29,-0.68505859375
9.7457,-35,0.046844482421875,-7,-0.434326171875,-20,-0.298828125,-29,-0.68505859375
9.7566,-35,0.046844482421875,-7,-0.434326171875,-20,-0.298828125,-31,-0.99462890625
9.7632,5,-0.46533203125,-7,-0.434326171875,-6,0.2110595703125,-31,-0.99462890625
9.7770,5,-0.46533203125,-7,-0.7109375,-6,0.2110595703125,-2,-0.9501953125
9.7866,-11,-0.53564453125,-7,-0.7109375,-17,-0.16064453125,-2,-0.9501953125
9.7938,-11,-0.53564453125,-18,-0.447265625,-17,-0.16064453125,-7,-0.73681640625
9.8071,-12,-0.468017578125,-18,-0.447265625,-13,-0.0819091796875,-7,-0.73681640625
9.8186,-12,-0.468017578125,-13,-0.15966796875,-13,-0.0819091796875,-16,-0.712890625
9.8284,-13,-0.2568359375,-13,-0.15966796875,-20,-0.16650390625,-16,-0.712890625
9.8395,-13,-0.2568359375,-22,-0.619140625,-20,-0.16650390625,-2,-0.5791015625
9.8488,-20,-0.21044921875,-22,-0.619140625,-20,-0.15966796875,-2,-0.5791015625
9.8633,-13,1.3427734375,-18,-0.02587890625,-9,1.51953125,-2,-0.5341796875
9.8734,-13,1.3427734375,-10,1.9248046875,-9,1.51953125,-15,0.492431640625
9.8826,-23,-0.1400146484375,-10,1.9248046875,-18,0.241943359375,-15,0.492431640625
9.8923,-23,-0.1400146484375,-24,0.130126953125,-18,0.241943359375,-15,0.492431640625
9.9032,-23,0.68603515625,-24,0.130126953125,-21,0.626953125,-14,1.048828125
9.9145,-23,0.68603515625,-6,2.80859375,-21,0.626953125,-14,1.048828125
9.9230,-3,2.361328125,-6,2.80859375,-2,2.392578125,-11,1.16796875
9.9330,-3,2.361328125,-10,0.94921875,-2,2.392578125,-17,0.837890625
9.9401,-17,0.495361328125,-10,0.94921875,-11,0.90771484375,-17,0.837890625
9.9537,-17,0.495361328125,-15,1.0361328125,-11,0.90771484375,-17,0.837890625
9.9643,0,4.08203125,-15,1.0361328125,-16,0.9794921875,0,2.9609375
9.9754,0,4.08203125,0,2.5859375,-16,0.9794921875,0,2.9609375
9.9837,0,2.365234375,0,2.5859375,0,2.74609375,-1,2.466796875
9.9949,0,2.365234375,-12,1.0185546875,0,2.74609375,-1,2.466796875
10.0008,-13,0.94091796875,-12,1.0185546875,-14,0.8173828125,-15,0.87548828125
10.0145,-13,0.94091796875,-15,1.4697265625,-14,0.8173828125,-15,0.87548828125
10.0222,-14,1.498046875,-15,1.4697265625,-15,1.5341796875,-14,1.380859375
10.0327,-14,1.498046875,-3,2.203125,-15,1.5341796875,-14,1.380859375
10.0440,-8,1.7236328125,-3,2.203125,-15,1.5341796875,-5,1.88671875
10.0549,-8,1.7236328125,-16,1.126953125,-5,2.318359375,-5,1.88671875
10.0616,-18,1.0234375,-16,1.126953125,-18,0.91845703125,-18,0.9912109375
10.0757,-18,1.0234375,0,4.02734375,-18,0.91845703125,-18,0.9912109375
10.0844,-4,3.462890625,0,4.02734375,-9,2.94140625,-21,1.060546875
10.0938,-4,3.462890625,-11,1.4501953125,-9,2.94140625,-21,1.060546875
10.1038,-4,3.462890625,-11,1.4501953125,-9,2.94140625,-30,0.32177734375
10.1138,-17,1.193359375,-16,1.7041015625,-21,0.9091796875,-30,0.32177734375
10.1253,-17,1.193359375,-16,1.7041015625,-21,0.9091796875,-3,3.673828125
10.1344,-16,1.8486328125,-23,0.890625,-22,1.3369140625,-3,3.673828125
10.1438,-26,0.701171875,-23,0.890625,-31,0.35546875,-11,2.298828125
10.1557,-26,0.701171875,-31,0.42041015625,-31,0.35546875,-11,2.298828125
10.1641,-26,0.701171875,-31,0.42041015625,-31,0.35546875,-5,2.70703125
10.1752,-25,0.92236328125,-33,0.51220703125,-35,0.3486328125,-5,2.70703125
10.1836,-25,0.92236328125,-33,0.51220703125,-35,0.3486328125,-18,1.3037109375
10.1947,-33,0.197265625,-9,3.77734375,-26,0.93408203125,-18,1.3037109375
10.2034,-33,0.197265625,-9,3.77734375,-26,0.93408203125,-30,0.449951171875
10.2128,-36,0.279296875,-19,1.1240234375,-13,1.5,-30,0.449951171875
10.2233,-36,0.279296875,-19,1.1240234375,-13,1.5,-33,0.65625
10.2339,0,2.736328125,-28,0.7578125,-26,0.54541015625,-33,0.65625
10.2407,0,2.736328125,-28,0.7578125,-26,0.54541015625,-20,1.2939453125
10.2569,-16,1.0927734375,-28,0.7578125,-29,0.6748046875,-20,1.2939453125
10.2630,-16,1.0927734375,-30,0.67724609375,-29,0.6748046875,-4,3.576171875
10.2724,-23,1.1748046875,-34,-0.07769775390625,-32,0.496826171875,-4,3.576171875
10.2834,-23,1.1748046875,-34,-0.07769775390625,-32,0.496826171875,-20,0.8466796875
10.2946,-11,1.7021484375,-34,-0.07769775390625,-35,0.3515625,-20,0.8466796875
10.3032,-11,1.7021484375,-36,1.4365234375,-35,0.3515625,-20,0.8466796875
10.3142,-35,-0.28369140625,-36,1.4365234375,-36,0.70263671875,-30,1.0927734375
10.3219,-35,-0.28369140625,-37,0.5947265625,-36,0.70263671875,-30,1.0927734375
10.3328,-1,2.927734375,-37,0.5947265625,-38,0.4462890625,-33,0.8974609375
10.3445,-1,2.927734375,-38,0.546875,-38,0.4462890625,-33,0.8974609375
10.3526,-9,2.46875,-38,0.546875,-41,0.260009765625,-36,0.6005859375
10.3608,-9,2.46875,-42,0.44189453125,-41,0.260009765625,-36,0.6005859375
10.3748,-28,0.791015625,-42,0.44189453125,-40,0.384521484375,-34,1.0693359375
10.3822,-28,0.791015625,-41,0.60791015625,-40,0.384521484375,-34,1.0693359375
10.3921,-25,1.7998046875,-41,0.60791015625,-39,0.53857421875,-35,0.94775390625
10.4005,-25,1.7998046875,-41,0.46826171875,-39,0.53857421875,-35,0.94775390625
10.4176,-10,2.099609375,-41,0.44775390625,-39,0.4560546875,-42,-0.1527099609375
10.4221,-10,2.099609375,-41,0.44775390625,-39,0.4560546875,-40,0.7890625
10.4331,-20,1.419921875,-41,0.44775390625,-40,0.329345703125,-40,0.7890625
10.4430,-20,1.419921875,-42,-0.46044921875,-40,0.329345703125,-41,0.4345703125
10.4527,-29,1.1259765625,-42,-0.46044921875,-45,0.02777099609375,-41,0.4345703125
10.4658,-29,1.1259765625,-43,-0.07440185546875,-45,0.02777099609375,-40,0.380859375
10.4742,-27,0.66064453125,-43,-0.07440185546875,-41,0.79345703125,-40,0.380859375
10.4838,-27,0.66064453125,-41,-0.375244140625,-41,0.79345703125,-40,0.380859375
10.4939,1,6.828125,-41,-0.375244140625,-40,0.08770751953125,-39,0.2459716796875
10.5033,1,6.828125,-40,0.0261993408203125,-40,0.08770751953125,-39,0.2459716796875
10.5157,-16,1.306640625,-40,0.0261993408203125,-39,0.0675048828125,-41,0.1937255859375
10.5259,-16,1.306640625,-41,-0.2169189453125,-39,0.0675048828125,-41,0.1937255859375
10.5362,-22,1.4775390625,-41,-0.2169189453125,-40,0.1417236328125,-42,-0.09100341796875
10.5452,-22,1.4775390625,-41,0.12548828125,-40,0.1417236328125,-42,-0.09100341796875
10.5574,-12,1.861328125,-41,0.12548828125,-41,0.09124755859375,-42,-0.205078125
10.5652,-12,1.861328125,-41,-0.047882080078125,-41,0.09124755859375,-42,-0.205078125
10.5755,-12,1.861328125,-41,-0.047882080078125,-39,0.076904296875,-11,5.5078125
10.5848,-31,0.358154296875,-39,0.4052734375,-39,0.076904296875,-11,5.5078125
10.5960,-31,0.358154296875,-39,0.4052734375,-39,0.061859130859375,-16,1.787109375
10.6087,0,4.11328125,-38,0.368896484375,-39,0.061859130859375,-16,1.787109375
10.6164,0,4.11328125,-38,0.368896484375,-39,0.1143798828125,-21,1.2568359375
10.6228,-9,2.123046875,-38,0.307373046875,-39,0.1143798828125,-21,1.2568359375
10.6361,-9,2.123046875,-38,0.307373046875,-38,0.15185546875,-33,0.280029296875
10.6449,-10,2.66796875,-38,0.32421875,-38,0.15185546875,-33,0.280029296875
10.6559,-10,2.66796875,-38,0.32421875,-41,-0.0207977294921875,-32,0.8427734375
10.6657,-20,1.431640625,-41,-0.1644287109375,-41,-0.0207977294921875,-32,0.8427734375
10.6777,-20,1.431640625,-41,-0.1644287109375,-41,-0.0207977294921875,-33,0.66162109375
10.6828,-27,0.94677734375,-39,0.1588134765625,-42,0.10601806640625,-33,0.66162109375
10.6970,-27,0.94677734375,-39,0.1588134765625,-42,0.10601806640625,-37,0.3193359375
10.7043,-39,0.1593017578125,-39,0.20751953125,-38,0.25390625,-37,0.3193359375
10.7141,-39,0.1593017578125,-39,0.20751953125,-38,0.2115478515625,-35,0.5986328125
10.7258,-1,5.9453125,-39,0.20751953125,-38,0.2115478515625,-35,0.5986328125
10.7349,-1,5.9453125,-39,-0.55859375,-38,0.20703125,-34,0.7802734375
10.7447,-11,2.162109375,-39,-0.55859375,-38,0.20703125,-34,0.7802734375
10.7574,-11,2.162109375,-39,0.08624267578125,-38,0.20703125,-12,2.208984375
10.7653,-17,1.6064453125,-39,0.08624267578125,-37,0.275634765625,-12,2.208984375
10.7747,-17,1.6064453125,-39,0.21435546875,-37,0.275634765625,-26,0.68115234375
10.7846,-28,0.9736328125,-39,0.21435546875,-41,0.130859375,-26,0.68115234375
10.7957,-28,0.9736328125,-39,0.125244140625,-41,0.130859375,-28,1.0087890625
10.8065,-30,1.08984375,-39,0.125244140625,-39,0.1783447265625,-28,1.0087890625
10.8178,-30,1.08984375,-39,0.22216796875,-39,0.1783447265625,-30,0.7392578125
10.8265,-32,0.84716796875,-39,0.22216796875,-39,0.151611328125,-30,0.7392578125
10.8348,-32,0.84716796875,-39,0.1741943359375,-39,0.151611328125,-33,0.5361328125
10.8483,-11,2.251953125,-39,0.1741943359375,-23,2.70703125,-33,0.5361328125
10.8586,-11,2.251953125,-37,0.440673828125,-23,2.70703125,-8,5.16015625
10.8676,-11,3.1328125,-37,0.440673828125,-26,1.869140625,-8,5.16015625
10.8777,-11,3.1328125,-38,0.48583984375,-26,1.869140625,-8,5.16015625
10.8874,-26,1.3759765625,-38,0.48583984375,-35,0.36474609375,-19,1.7080078125
10.8985,-26,1.3759765625,-40,0.0802001953125,-35,0.36474609375,-19,1.7080078125
10.9097,-33,1.19921875,-40,0.0802001953125,-37,0.70849609375,-30,0.9189453125
10.9180,-33,1.19921875,-39,0.32568359375,-37,0.70849609375,-30,0.9189453125
10.9362,-34,1.228515625,-39,0.396240234375,-36,0.64013671875,-32,1.224609375
10.9457,-35,1.185546875,-39,0.396240234375,-36,0.7255859375,-32,1.224609375
10.9568,-35,1.185546875,-39,0.466064453125,-36,0.7255859375,-34,1.0751953125
10.9663,-35,1.1298828125,-39,0.466064453125,-36,0.63037109375,-34,1.0751953125
10.9778,-35,1.1298828125,-40,0.52978515625,-36,0.63037109375,-36,0.10845947265625
10.9833,-36,0.7666015625,-40,0.52978515625,-41,0.4072265625,-36,0.10845947265625
10.9970,-36,0.7666015625,-41,-0.09747314453125,-41,0.4072265625,-36,0.10845947265625
11.0064,-36,0.81982421875,-41,-0.09747314453125,-40,0.07916259765625,-37,0.320556640625
11.0168,-36,0.81982421875,-38,0.68896484375,-40,0.07916259765625,-37,0.320556640625
11.0239,-39,1.0146484375,-38,0.68896484375,-23,2.009765625,-36,1.494140625
11.0375,-39,1.0146484375,-38,0.8310546875,-23,2.009765625,-36,1.494140625
11.0464,-39,1.0146484375,-38,0.8310546875,-5,2.404296875,-36,0.88623046875
11.0571,0,4.09375,-37,0.8046875,-5,2.404296875,-36,0.88623046875
11.0666,0,4.09375,-37,0.8046875,-15,1.6298828125,-37,0.82666015625
11.0788,-9,3.1328125,-37,0.7060546875,-15,1.6298828125,-37,0.82666015625
11.0873,-9,3.1328125,-37,0.7060546875,-27,1.025390625,-37,0.8623046875
11.0960,-22,0.62353515625,-41,-0.58056640625,-27,1.025390625,-37,0.8623046875
11.1043,-22,0.62353515625,-41,-0.58056640625,-31,0.71337890625,-38,0.56103515625
11.1178,-28,1.5205078125,-42,-0.2169189453125,-31,0.71337890625,-38,0.56103515625
11.1268,-28,1.5205078125,-42,-0.2169189453125,-3,4.86328125,-39,0.0291900634765625
11.1350,-10,2.41015625,-37,-0.0251007080078125,-3,4.86328125,-39,0.0291900634765625
11.1477,-10,2.41015625,-37,-0.0251007080078125,-9,2.251953125,-40,0.31884765625
11.1547,-13,2.27734375,-37,0.24365234375,-9,2.251953125,-40,0.31884765625
11.1647,-13,2.27734375,-37,0.24365234375,-19,1.0703125,-38,0.50244140625
11.1786,-27,0.88818359375,-39,0.2447509765625,-19,1.0703125,-38,0.50244140625
11.1843,-27,0.88818359375,-39,0.2447509765625,-31,0.45361328125,-38,0.448974609375
11.1955,-1,7.1953125,-41,-0.194091796875,-31,0.45361328125,-38,0.448974609375
11.2040,-1,7.1953125,-41,-0.194091796875,-35,0.46533203125,-42,0.0711669921875
11.2162,-12,2.509765625,-42,-0.55908203125,-35,0.46533203125,-42,0.0711669921875
11.2249,-12,2.509765625,-42,-0.55908203125,-32,0.9755859375,-39,0.74169921875
11.2371,-31,0.492919921875,-41,-0.4130859375,-32,0.9755859375,-39,0.74169921875
11.2458,-31,0.492919921875,-41,-0.4130859375,-33,0.77978515625,-39,0.67919921875
11.2553,3,7.1953125,-40,0.221435546875,-33,0.77978515625,-39,0.67919921875
11.2663,3,7.1953125,-40,0.221435546875,-34,0.455078125,-39,0.2685546875
11.2757,-11,2.2734375,-39,0.272216796875,-34,0.455078125,-39,0.2685546875
11.2834,-11,2.2734375,-39,0.272216796875,-36,0.405517578125,-39,0.2685546875
11.2946,-1,4.5703125,-39,0.153076171875,-36,0.405517578125,-40,0.291748046875
11.3048,-1,4.5703125,-39,0.153076171875,-42,0.1014404296875,-40,0.29736328125
11.3170,-15,2.0390625,-39,0.153076171875,-42,0.1014404296875,-40,0.29736328125
11.3242,-15,2.0390625,-42,-0.058380126953125,-39,0.333740234375,-40,0.11346435546875
11.3365,-31,0.87890625,-42,-0.058380126953125,-39,0.333740234375,-40,0.11346435546875
11.3438,-31,0.87890625,-39,0.175537109375,-38,0.33056640625,-39,0.45263671875
11.3564,-33,1.3984375,-39,0.175537109375,-38,0.33056640625,-39,0.45263671875
11.3648,-33,1.3984375,-39,-0.63720703125,-38,0.33056640625,-39,0.45263671875
11.3763,-8,2.783203125,-39,-0.63720703125,-37,0.412109375,-38,0.6220703125
11.3852,-8,2.783203125,-40,0.3916015625,-37,0.412109375,-38,0.6220703125
11.3964,-10,3.025390625,-40,0.3916015625,-36,0.5537109375,-38,0.46630859375
11.4049,-10,3.025390625,-41,0.06890869140625,-36,0.5537109375,-38,0.46630859375
11.4162,-18,1.8984375,-41,0.06890869140625,-9,2.931640625,-39,0.287353515625
11.4311,-28,1.2900390625,-38,-0.310546875,-25,0.69677734375,-39,0.327880859375
11.4366,-28,1.2900390625,-38,0.338623046875,-25,0.69677734375,-39,0.327880859375
11.4476,-28,1.2900390625,-38,0.338623046875,-26,1.1923828125,-39,0.317626953125
11.4555,-34,1.1337890625,-38,0.338623046875,-26,1.1923828125,-39,0.317626953125
11.4638,-34,1.1337890625,-41,0.03179931640625,-29,0.9482421875,-39,0.317626953125
11.4751,-34,1.1337890625,-41,0.03179931640625,-29,0.9482421875,-38,0.396240234375
11.4865,-31,1.65234375,-39,0.4052734375,-31,0.75537109375,-39,0.315185546875
11.4946,-33,1.3828125,-39,0.4052734375,-31,0.75537109375,-39,0.315185546875
11.5065,-33,1.3828125,-39,0.33984375,-31,0.75537109375,-39,0.315185546875
11.5135,-36,1.111328125,-39,0.33984375,-35,0.439697265625,-39,0.2305908203125
11.5280,-36,1.111328125,-39,-0.1947021484375,-35,0.439697265625,-39,0.2305908203125
11.5327,-38,0.92236328125,-39,-0.1947021484375,-39,0.240234375,-38,0.44091796875
11.5424,-38,0.92236328125,-38,-0.69677734375,-39,0.240234375,-38,0.44091796875
11.5522,-38,0.90576171875,-38,-0.69677734375,-35,0.73828125,-38,0.12164306640625
11.5619,-38,0.90576171875,-38,-0.72314453125,-35,0.73828125,-38,0.12164306640625
11.5740,-37,0.9775390625,-38,-0.72314453125,-35,0.634765625,-38,0.5791015625
11.5824,-37,0.9775390625,-37,-0.1820068359375,-35,0.634765625,-38,0.5791015625
11.5937,-39,0.91064453125,-37,-0.1820068359375,-27,1.9765625,-15,3.080078125
11.6009,-39,0.91064453125,-36,0.3173828125,-27,1.9765625,-15,3.080078125
11.6147,-39,0.91064453125,-36,0.3173828125,-27,1.2900390625,-21,1.6796875
11.6233,-4,5.53125,-36,0.345458984375,-27,1.2900390625,-21,1.6796875
11.6342,-4,5.53125,-36,0.345458984375,-21,1.30859375,-7,2.77734375
11.6456,-20,1.7431640625,-36,0.345458984375,-21,1.30859375,-7,2.77734375
11.6557,-20,1.7431640625,-39,0.09149169921875,-32,0.424072265625,-22,0.95263671875
11.6626,0,2.6484375,-39,0.09149169921875,-32,0.424072265625,-22,0.95263671875
11.6750,-10,2.6015625,-11,2.994140625,-31,0.876953125,-25,1.2138671875
11.6844,-10,2.6015625,-27,0.348876953125,-31,0.876953125,-25,1.2138671875
11.6957,-18,1.9873046875,-27,0.348876953125,-32,0.84423828125,-21,1.83984375
11.7041,-18,1.9873046875,-29,0.73046875,-32,0.84423828125,-21,1.83984375
11.7152,-18,1.9873046875,-29,0.73046875,-35,0.56591796875,-22,1.2021484375
11.7268,-30,1.1259765625,-32,0.46630859375,-35,0.56591796875,-22,1.2021484375
11.7347,-30,1.1259765625,-32,0.46630859375,-40,0.08660888671875,-32,0.442626953125
11.7479,-30,1.53515625,-32,0.46630859375,-40,0.08660888671875,-32,0.442626953125
11.7532,-30,1.53515625,-36,-0.58349609375,-41,0.155029296875,-35,0.658203125
11.7629,-34,1.24609375,-36,-0.58349609375,-41,0.155029296875,-35,0.658203125
11.7735,-34,1.24609375,-37,-0.492919921875,-40,0.345947265625,-37,0.62158203125
11.7826,-39,0.98779296875,-37,-0.492919921875,-40,0.345947265625,-37,0.62158203125
11.7944,-39,0.98779296875,-39,-0.295654296875,-39,0.288330078125,-38,0.54052734375
11.8040,-37,1.166015625,-39,-0.295654296875,-39,0.288330078125,-38,0.54052734375
11.8152,-37,1.166015625,-39,0.15966796875,-39,0.288330078125,-38,0.54052734375
11.8246,-37,1.2705078125,-39,0.15966796875,-40,0.27001953125,-38,0.489013671875
11.8353,-37,1.2705078125,-40,0.0494384765625,-40,0.27001953125,-38,0.489013671875
11.8454,-40,0.80126953125,-40,0.0494384765625,-43,0.0276336669921875,-40,0.276611328125
11.8561,-40,0.80126953125,-39,0.322998046875,-43,0.043609619140625,-40,0.276611328125
11.8671,-40,0.9462890625,-39,0.322998046875,-43,0.043609619140625,-41,0.2110595703125
11.8757,-40,0.9462890625,-40,0.1488037109375,-40,0.34912109375,-38,0.70654296875
11.8886,-39,1.009765625,-40,0.1488037109375,-40,0.34912109375,-38,0.70654296875
11.8954,-39,1.009765625,-41,-0.00986480712890625,-40,0.26025390625,-38,0.442626953125
11.9082,-37,1.359375,-41,-0.00986480712890625,-40,0.26025390625,-38,0.442626953125
11.9160,-37,1.359375,-39,0.242431640625,-38,0.438232421875,-38,0.489501953125
11.9250,-36,1.2109375,-39,0.242431640625,-38,0.438232421875,-38,0.489501953125
11.9357,-36,1.2109375,-39,0.53564453125,-38,0.404541015625,-38,0.489501953125
11.9446,-37,1.0830078125,-39,0.53564453125,-38,0.404541015625,-38,0.52392578125
11.9557,-37,1.0830078125,-37,0.1590576171875,-38,0.404541015625,-38,0.52392578125
11.9666,-37,1.146484375,-37,0.1590576171875,-40,0.259033203125,-37,0.59765625
11.9761,-37,1.146484375,-36,0.374755859375,-40,0.259033203125,-37,0.59765625
11.9878,-38,1.0556640625,-36,0.374755859375,-39,0.55126953125,-37,0.39501953125
11.9946,-38,1.0556640625,-37,0.348388671875,-37,0.5146484375,-37,0.39501953125
12.0079,-38,1.1845703125,-37,0.348388671875,-37,0.5146484375,-37,0.76318359375
12.0153,-38,1.1845703125,-37,0.4873046875,-37,0.5146484375,-37,0.76318359375
12.0247,-38,1.052734375,-37,0.4873046875,-36,0.73046875,-37,0.5703125
12.0345,-38,1.052734375,-37,-0.0772705078125,-33,0.47021484375,-37,0.5703125
12.0443,-29,1.5166015625,-37,-0.0772705078125,-33,0.47021484375,-36,0.355224609375
12.0561,-29,1.5166015625,-37,0.268310546875,-33,0.47021484375,-36,0.355224609375
12.0649,-15,1.8701171875,-37,0.268310546875,-16,1.8369140625,-35,0.454345703125
12.0768,-15,1.8701171875,-8,2.16796875,-16,1.8369140625,-35,0.454345703125
12.0833,-25,1.2685546875,-8,2.16796875,-28,0.40771484375,-36,-0.421875
12.0973,-25,1.2685546875,-32,0.763671875,-30,0.568359375,-36,-0.421875
12.1048,-25,1.2685546875,-32,0.763671875,-30,0.568359375,-8,4.140625
12.1169,-7,2.880859375,-32,0.763671875,-30,0.568359375,-8,4.140625
12.1256,-7,2.880859375,-14,0.48193359375,-31,0.10455322265625,-22,0.60302734375
12.1364,-8,2.26171875,-25,0.13232421875,-31,0.10455322265625,-22,0.60302734375
12.1460,-8,2.26171875,-25,0.13232421875,-32,0.09906005859375,-29,0.408203125
12.1571,-17,1.4853515625,-25,0.13232421875,-32,0.09906005859375,-29,0.408203125
12.1672,-17,1.4853515625,5,2.244140625,-33,2.630859375,-32,-1.03515625
12.1795,-27,-0.05999755859375,5,2.244140625,-33,2.630859375,-32,-1.03515625
12.1881,-27,-0.05999755859375,-6,-0.6123046875,-33,0.1099853515625,-33,-0.9150390625
12.2000,-6,-0.70263671875,-6,-0.6123046875,-33,0.1099853515625,-33,-0.9150390625
12.2103,-11,-0.22216796875,-15,-0.56982421875,-33,0.2154541015625,-7,-0.87158203125
12.2212,-11,-0.22216796875,-18,-0.6943359375,-34,-0.22705078125,-7,-0.87158203125
12.2281,-11,-0.22216796875,-18,-0.6943359375,-34,-0.22705078125,-6,-1.0546875
12.2386,-8,-0.183837890625,-18,-0.6943359375,-34,-0.22705078125,-6,-1.0546875
12.2504,-8,-0.183837890625,-23,-0.238525390625,-34,-0.275146484375,-17,-0.609375
12.2597,-17,-0.26708984375,-23,-0.238525390625,-34,-0.275146484375,-17,-0.609375
12.2678,-17,-0.26708984375,-14,0.515625,-10,-0.1885986328125,0,-0.681640625
12.2791,0,-0.1104736328125,-14,0.515625,-10,-0.1885986328125,0,-0.681640625
12.2878,0,-0.1104736328125,-24,-0.61181640625,-23,-0.1861572265625,-12,-0.61083984375
12.2991,-13,-0.239501953125,-24,-0.61181640625,-23,-0.1861572265625,-12,-0.61083984375
12.3069,-13,-0.239501953125,-18,-0.20263671875,-7,0.0623779296875,-12,-0.61083984375
12.3183,-15,-0.60498046875,-18,-0.20263671875,-7,0.0623779296875,-15,-0.47802734375
12.3294,-15,-0.60498046875,-6,-0.403564453125,-3,-0.0701904296875,-15,-0.47802734375
12.3376,-3,-0.348876953125,-6,-0.403564453125,-3,-0.0701904296875,0,-0.54150390625
12.3503,-3,-0.348876953125,-11,-0.07275390625,-14,-0.0830078125,0,-0.54150390625
12.3584,-5,-0.164306640625,-11,-0.07275390625,-14,-0.0830078125,-6,-0.393310546875
12.3712,-5,-0.164306640625,-12,-0.64404296875,-15,-0.066162109375,-6,-0.393310546875
12.3803,-16,-0.1318359375,-12,-0.64404296875,-15,-0.066162109375,-16,-0.376953125
12.3887,-16,-0.1318359375,-3,-0.0958251953125,-1,-0.07061767578125,-16,-0.376953125
12.3992,-11,-0.1170654296875,-3,-0.0958251953125,-1,-0.07061767578125,-4,-0.38671875
12.4082,-11,-0.1170654296875,-2,-0.0535888671875,0,0.10302734375,-4,-0.38671875
12.4195,-6,-0.304931640625,-2,-0.0535888671875,0,0.10302734375,0,-0.2149658203125
12.4454,-3,-0.448486328125,0,-0.27587890625,0,-0.0499267578125,0,-0.1378173828125
12.4516,-3,-0.448486328125,0,-0.27587890625,0,-0.0499267578125,0,0.10833740234375
12.4604,-2,0.04315185546875,0,-0.27587890625,0,-0.0499267578125,0,0.10833740234375
12.4720,-2,0.04315185546875,0,0.2177734375,-1,-0.040771484375,0,0.10833740234375
12.4810,-1,-0.2293701171875,0,0.2177734375,-1,-0.040771484375,0,0.11993408203125
12.4917,-1,-0.2293701171875,0,0.159423828125,-15,0.01404571533203125,0,0.11993408203125
12.5002,0,0.2376708984375,0,0.159423828125,-15,0.01404571533203125,0,-0.246826171875
12.5097,0,0.2376708984375,0,0.44775390625,-14,0.01678466796875,0,-0.246826171875
12.5195,0,-0.22119140625,0,0.44775390625,-14,0.01678466796875,0,-0.28173828125
12.5325,0,-0.22119140625,0,0.11077880859375,0,0.022308349609375,0,-0.28173828125
12.5408,0,0.12353515625,0,0.11077880859375,0,0.022308349609375,0,0.1680908203125
12.5533,0,0.12353515625,0,-0.2294921875,2,0.038360595703125,0,0.1680908203125
12.5620,0,-0.1043701171875,0,-0.2294921875,2,0.038360595703125,0,0.07135009765625
12.5697,0,-0.1043701171875,0,-0.494140625,15,0.006183624267578125,0,0.07135009765625
12.5815,0,-0.07073974609375,0,-0.494140625,15,0.006183624267578125,0,-0.006366729736328125
12.5895,0,-0.07073974609375,0,0.338623046875,12,-0.0165863037109375,0,-0.006366729736328125
12.6009,0,-0.1634521484375,0,0.338623046875,12,-0.0165863037109375,0,-0.06939697265625
12.6131,0,-0.1634521484375,0,-0.19873046875,4,0.0811767578125,0,-0.06939697265625
12.6222,0,0.060455322265625,0,-0.19873046875,4,0.0811767578125,0,0.0738525390625
12.6309,0,0.060455322265625,0,0.08929443359375,1,0.0231475830078125,0,0.0738525390625
12.6441,0,-0.164794921875,0,0.08929443359375,1,0.0231475830078125,0,-0.048797607421875
12.6512,0,-0.164794921875,0,-0.37353515625,0,-0.101806640625,0,-0.048797607421875
12.6627,0,0.1865234375,0,-0.37353515625,0,-0.101806640625,0,-0.232421875
12.6709,0,0.1865234375,0,-0.4140625,0,-0.044097900390625,0,-0.232421875
12.6808,0,0.1865234375,0,-0.4140625,0,-0.044097900390625,0,-0.1441650390625
12.6930,0,-0.1585693359375,0,-0.4140625,0,-0.04595947265625,0,-0.1441650390625
12.7013,0,-0.0618896484375,0,-0.591796875,0,-0.04595947265625,0,-0.326416015625
12.7125,0,-0.0618896484375,0,-0.416748046875,0,0.057403564453125,0,-0.326416015625
12.7223,0,-0.273681640625,0,-0.416748046875,0,0.057403564453125,0,0.203125
12.7340,0,-0.273681640625,0,-0.11090087890625,0,-0.04974365234375,0,0.203125
12.7424,0,0.1282958984375,0,-0.11090087890625,0,-0.04974365234375,0,0.1517333984375
12.7533,0,0.1282958984375,0,-0.11090087890625,0,0.09588623046875,0,0.1517333984375
12.7616,0,-0.12335205078125,0,0.33837890625,0,0.09588623046875,0,0.1722412109375
12.7713,0,-0.12335205078125,0,0.33837890625,0,0.0161590576171875,0,0.1722412109375
12.7812,0,0.0484619140625,0,-0.17529296875,0,0.0161590576171875,0,0.0289764404296875
12.7919,0,0.0484619140625,0,-0.17529296875,0,-0.05230712890625,0,0.0289764404296875
12.8003,0,0.324462890625,0,0.41796875,0,-0.05230712890625,0,-0.12420654296875
12.8139,0,0.324462890625,0,0.41796875,0,-0.03643798828125,0,-0.12420654296875
12.8221,0,-0.0909423828125,0,-0.40185546875,0,-0.03643798828125,0,0.060577392578125
12.8334,0,-0.0909423828125,0,-0.40185546875,0,0.0718994140625,0,0.060577392578125
12.8423,0,-0.0909423828125,0,-0.377685546875,0,0.0718994140625,0,0.11175537109375
12.8534,0,-0.019683837890625,0,-0.377685546875,0,0.06805419921875,0,0.11175537109375
12.8736,0,-0.17333984375,0,0.1644287109375,0,-0.0229949951171875,0,-0.0806884765625
12.8823,0,-0.06591796875,0,0.1644287109375,0,-0.0229949951171875,0,-0.0158538818359375
12.8948,0,-0.06591796875,0,0.1644287109375,0,0.0291900634765625,0,-0.0158538818359375
12.9000,0,-0.279541015625,0,-0.21728515625,0,0.0291900634765625,0,-0.0158538818359375
12.9139,0,-0.279541015625,0,-0.21728515625,0,0.0291900634765625,0,-0.02728271484375
12.9193,0,2.521484375,0,3.4921875,0,3.17578125,0,2.328125
12.9333,0,2.521484375,-13,0.58935546875,-11,0.6865234375,0,2.328125
12.9422,-15,0.401611328125,-13,0.58935546875,-11,0.6865234375,0,1.95703125
12.9540,-15,0.401611328125,-13,0.58935546875,-15,0.8388671875,0,1.95703125
12.9627,-1,2.732421875,-14,1.791015625,-15,0.8388671875,0,2.177734375
12.9744,-1,2.732421875,-14,1.791015625,0,2.654296875,0,2.177734375
12.9801,-1,2.732421875,0,2.47265625,0,2.654296875,0,2.34375
12.9947,0,2.412109375,0,2.47265625,0,2.654296875,0,2.34375
13.0026,0,2.35546875,0,2.421875,0,2.392578125,-10,1.3408203125
13.0148,0,2.35546875,0,2.423828125,0,2.37109375,-10,1.3408203125
13.0223,0,2.35546875,0,2.423828125,0,2.37109375,-15,1.4375
13.0334,0,2.4140625,0,2.423828125,0,2.37109375,-15,1.4375
13.0447,0,2.4140625,-4,1.341796875,0,2.3515625,-15,1.4375
13.0528,0,2.55859375,-4,1.341796875,0,2.3515625,-7,2.6171875
13.0617,0,2.55859375,-17,0.71435546875,-10,1.1513671875,-2,2.728515625
13.0724,-8,1.33984375,-17,0.71435546875,-10,1.1513671875,-2,2.728515625
13.0805,-8,1.33984375,0,4.03125,-16,1.2119140625,-2,2.728515625
13.0933,-16,1.119140625,0,4.03125,-16,1.2119140625,-9,1.302734375
13.0986,-16,1.119140625,0,2.841796875,0,3.333984375,-9,1.302734375
13.1130,0,3.744140625,0,2.841796875,0,3.333984375,-16,1.447265625
13.1183,0,3.744140625,-10,1.3310546875,-6,1.765625,-16,1.447265625
13.1322,-9,1.52734375,-10,1.3310546875,-6,1.765625,-7,2.599609375
13.1408,-9,1.52734375,-16,1.65234375,-17,0.97509765625,-7,2.599609375
13.1499,-16,1.4462890625,-16,1.65234375,-17,0.97509765625,-12,1.4716796875
13.1588,-16,1.4462890625,-4,3.12109375,0,3.50390625,-12,1.4716796875
13.1697,-2,3.36328125,-4,3.12109375,0,3.50390625,-18,1.3173828125
13.1786,-2,3.36328125,-17,1.26953125,-14,1.484375,-18,1.3173828125
13.1947,-16,1.3203125,-17,1.26953125,-14,1.484375,-2,3.658203125
13.1994,-16,1.3203125,-14,2.0078125,-15,1.9453125,-2,3.658203125
13.2138,-16,1.91796875,-14,2.0078125,-15,1.9453125,-16,1.421875
13.2225,-16,1.91796875,-24,0.92236328125,-17,1.2939453125,-16,1.6201171875
13.2332,-22,0.810546875,-24,0.92236328125,-17,1.2939453125,-16,1.6201171875
13.2387,-22,0.810546875,-18,1.79296875,-21,1.4140625,-16,1.6201171875
13.2522,-25,1.109375,-18,1.79296875,-21,1.4140625,-26,0.701171875
13.2607,-25,1.109375,-22,1.1240234375,-26,0.79296875,-26,0.701171875
13.2744,-28,0.740234375,-22,1.1240234375,-26,0.79296875,-2,5.25390625
13.2831,-28,0.740234375,-23,1.611328125,-27,0.98828125,-2,5.25390625
13.2912,-28,1.125,-23,1.611328125,-27,0.98828125,-16,1.3662109375
13.3027,-28,1.125,-23,1.611328125,-10,2.009765625,-16,1.3662109375
13.3157,-29,0.712890625,-32,0.369873046875,-10,2.009765625,-18,1.44140625
13.3191,-29,0.712890625,-32,0.369873046875,-15,1.931640625,-18,1.44140625
13.3340,-35,0.2149658203125,-37,-0.296875,-15,1.931640625,-27,0.54345703125
13.3431,-35,0.2149658203125,-36,0.397216796875,-26,0.62109375,-27,0.54345703125
13.3501,-37,0.263916015625,-36,0.397216796875,-26,0.62109375,-32,0.5556640625
13.3619,-37,0.263916015625,-36,0.397216796875,-32,0.4931640625,-32,0.5556640625
13.3726,-36,0.44140625,-7,2.416015625,-32,0.4931640625,-33,0.587890625
13.3797,-36,0.44140625,-7,2.416015625,-33,0.66650390625,-33,0.587890625
13.3927,-37,0.21240234375,-23,0.7314453125,-33,0.66650390625,-35,0.52734375
13.3977,-37,0.21240234375,-23,0.7314453125,-8,2.63671875,-35,0.52734375
13.4091,-6,2.853515625,0,4.33203125,-8,2.63671875,-35,0.452392578125
13.4204,-6,2.853515625,0,4.33203125,-23,0.76318359375,-35,0.452392578125
13.4315,-25,0.61328125,-17,1.19140625,-23,0.76318359375,-37,0.1199951171875
13.4398,-25,0.61328125,-17,1.19140625,-25,1.1689453125,-37,0.1199951171875
13.4504,-26,0.76904296875,-7,2.951171875,-25,1.1689453125,-37,0.1199951171875
13.4603,-26,0.76904296875,-7,2.951171875,-29,0.8134765625,-37,0.489013671875
13.4699,-13,1.99609375,-25,0.67724609375,-29,0.8134765625,-37,0.489013671875
13.4827,-13,1.99609375,-25,0.67724609375,-33,0.572265625,-38,0.2237548828125
13.4935,-19,1.171875,-28,0.712890625,-33,0.572265625,-40,-0.16748046875
13.5019,-19,1.171875,-28,0.712890625,-34,0.58984375,-40,-0.16748046875
13.5142,-27,1.0615234375,-2,3.09375,-34,0.58984375,-41,-0.037017822265625
13.5184,-27,1.0615234375,-2,3.09375,-35,0.6005859375,-41,-0.037017822265625
13.5325,-27,1.0615234375,-10,2.478515625,-35,0.6005859375,-41,-0.037017822265625
13.5409,-32,0.7275390625,-10,2.478515625,-37,0.2353515625,-38,0.44140625
13.5519,-35,0.484619140625,-28,0.50048828125,-37,0.2353515625,-38,0.44140625
13.5610,-35,0.484619140625,-28,0.50048828125,-37,0.2353515625,-40,0.133544921875
13.5728,-35,0.484619140625,-27,1.4697265625,-40,0.1368408203125,-40,0.133544921875
13.5808,-36,0.432373046875,-27,1.4697265625,-40,0.1368408203125,-45,-0.2275390625
13.5883,-36,0.432373046875,-28,1.7158203125,-41,0.16748046875,-45,-0.2275390625
13.5998,-34,0.6220703125,-28,1.7158203125,-41,0.280517578125,-39,0.336669921875
13.6110,-35,0.447021484375,-11,2.18359375,-41,0.280517578125,-39,0.336669921875
13.6194,-35,0.447021484375,-11,2.18359375,-41,0.280517578125,-39,0.11175537109375
13.6305,-35,0.447021484375,-25,0.833984375,-38,0.5107421875,-39,0.11175537109375
13.6391,-39,0.12109375,-25,0.833984375,-38,0.5107421875,-40,0.0289154052734375
13.6475,-39,0.12109375,-7,3.236328125,-38,0.37255859375,-40,0.0289154052734375
13.6618,-39,0.177001953125,-7,3.236328125,-38,0.37255859375,-40,0.1893310546875
13.6705,-39,0.177001953125,-18,1.44921875,-38,0.298583984375,-40,0.1893310546875
13.6795,-38,0.366455078125,-18,1.44921875,-38,0.298583984375,-41,0.3154296875
13.6902,-38,0.366455078125,-18,1.44921875,-40,0.2017822265625,-41,0.3154296875
13.7002,-38,0.407470703125,-33,0.63232421875,-40,0.2017822265625,-39,0.448486328125
13.7117,-38,0.407470703125,-33,0.63232421875,-40,0.2392578125,-39,0.448486328125
13.7198,-37,0.497802734375,3,5.1953125,-40,0.2392578125,-37,0.3486328125
13.7309,-37,0.497802734375,-12,1.908203125,-38,0.35888671875,-37,0.3486328125
13.7394,-39,0.326171875,-12,1.908203125,-38,0.35888671875,-36,0.31201171875
13.7504,-39,0.326171875,-12,1.908203125,-37,0.447998046875,-36,0.31201171875
13.7609,-39,0.441650390625,-12,2.40234375,-37,0.447998046875,-37,0.2005615234375
13.7722,-39,0.441650390625,-12,2.40234375,-36,0.46484375,-37,0.2005615234375
13.7813,-10,2.927734375,-23,1.3046875,-36,0.46484375,-40,1.0439453125
13.7922,-10,2.927734375,-23,1.3046875,-37,0.88623046875,-40,1.0439453125
13.8006,-22,1.138671875,-32,1.24609375,-37,0.88623046875,-42,0.352783203125
13.8141,-22,1.138671875,-32,1.24609375,-41,0.376220703125,-42,0.352783203125
13.8236,-30,1.2353515625,-34,1.0625,-41,0.376220703125,-5,4.47265625
13.8348,-30,1.2353515625,-34,1.0625,-41,0.61962890625,-5,4.47265625
13.8468,-7,3.28125,-34,1.083984375,-41,0.61962890625,-18,-1.75390625
13.8545,-9,3.34375,-35,1.4736328125,-40,0.35302734375,-31,1.3525390625
13.8700,-9,3.34375,-35,1.4736328125,-39,0.79248046875,-31,1.3525390625
13.8808,-25,1.3310546875,-38,0.89501953125,-39,0.79248046875,-23,1.8984375
13.8907,-25,1.3310546875,-38,0.89501953125,-41,0.467529296875,-23,1.8984375
13.8992,-29,0.52587890625,-42,-0.28662109375,-41,0.467529296875,-23,1.8984375
13.9103,-29,0.52587890625,-42,-0.28662109375,-43,0.247802734375,-27,1.3154296875
13.9165,-31,1.73046875,-43,1.0966796875,-43,0.247802734375,-33,1.0458984375
13.9311,-31,1.73046875,-43,1.0966796875,-41,0.58984375,-33,1.0458984375
13.9392,-38,0.231201171875,-40,0.53857421875,-41,0.58984375,-33,0.447509765625
13.9503,-38,0.231201171875,-40,0.53857421875,-41,0.152099609375,-33,0.447509765625
13.9590,-37,0.61279296875,-40,0.311767578125,-41,0.152099609375,-33,0.447509765625
13.9698,-37,0.61279296875,-40,0.311767578125,-42,0.08270263671875,-34,0.8564453125
13.9786,-24,1.435546875,-39,0.56005859375,-42,0.08270263671875,-34,0.8564453125
13.9901,-24,1.435546875,-39,0.56005859375,-42,-0.0229339599609375,-42,-0.390869140625
13.9985,-24,1.435546875,-41,0.143798828125,-42,-0.0229339599609375,-42,-0.390869140625
14.0078,-30,0.7236328125,-41,0.143798828125,-43,0.05035400390625,-41,0.39794921875
14.0178,-37,0.460205078125,-43,0.3212890625,-43,0.05035400390625,-41,0.39794921875
14.0296,-37,0.460205078125,-43,0.3212890625,-41,0.041717529296875,-29,0.88525390625
14.0353,-24,2.19921875,-38,0.5478515625,-41,0.041717529296875,-31,0.5244140625
14.0487,-24,2.19921875,-38,0.5478515625,-40,0.18115234375,-31,0.5244140625
14.0554,-24,2.19921875,-38,0.5517578125,-40,0.18115234375,-31,0.5244140625
14.0675,-25,1.5947265625,-38,0.5517578125,-39,0.251708984375,-33,0.8583984375
14.0773,-25,1.5947265625,-40,1.3017578125,-39,0.251708984375,-33,0.8583984375
14.0888,-16,2.21875,-40,1.3017578125,-39,0.6015625,-38,0.7177734375
14.0963,-24,1.8466796875,-40,0.6845703125,-39,0.6015625,-38,0.7177734375
14.1080,-24,1.8466796875,-40,0.6845703125,-42,0.29736328125,-43,0.34814453125
14.1165,-24,1.8466796875,-42,1.29296875,-42,0.29736328125,-43,0.34814453125
14.1269,-26,1.908203125,-42,1.29296875,-42,0.607421875,-33,1.6025390625
14.1362,-26,1.908203125,-42,0.66357421875,-42,0.607421875,-33,1.6025390625
14.1464,-33,1.099609375,-42,0.66357421875,-42,0.607421875,-33,1.0908203125
14.1549,-36,1.166015625,-42,1.03515625,-40,0.76513671875,-33,1.0908203125
14.1684,-36,1.166015625,-42,1.03515625,-39,0.66943359375,-34,1.11328125
14.1753,-33,1.302734375,-40,1.0224609375,-39,0.66943359375,-34,1.11328125
14.1845,-33,1.302734375,-40,1.0224609375,-41,0.634765625,-40,0.365234375
14.1966,-35,1.2373046875,-42,0.72216796875,-41,0.634765625,-40,0.365234375
14.2076,-35,1.2373046875,-42,0.72216796875,-41,0.634765625,-45,0.46240234375
14.2152,-35,1.2373046875,-44,0.489990234375,-45,0.23291015625,-45,0.46240234375
14.2271,-38,1.01171875,-44,0.489990234375,-45,0.23291015625,-40,0.66015625
14.2369,-38,1.01171875,-44,0.489990234375,-43,0.61474609375,-40,0.66015625
14.2445,-43,0.57958984375,-42,0.85400390625,-41,0.765625,-40,1.0048828125
14.2562,-43,0.57958984375,-42,1.1611328125,-41,0.765625,-40,1.0048828125
14.2674,-43,0.462158203125,-42,1.1611328125,-41,0.765625,-40,0.397705078125
14.2756,-43,0.462158203125,-42,1.1611328125,-41,0.326904296875,-40,0.397705078125
14.2870,-42,0.64404296875,-42,0.62890625,-41,0.326904296875,-44,0.366455078125
14.2940,-42,0.64404296875,-44,0.362548828125,-43,0.282470703125,-44,0.366455078125
14.3043,-42,0.681640625,-44,0.362548828125,-43,0.282470703125,-45,0.44970703125
14.3148,-42,0.681640625,-44,0.6845703125,-45,0.1650390625,-45,0.44970703125
14.3256,-41,-0.172119140625,-44,0.6845703125,-45,0.1650390625,-43,0.411865234375
14.3342,-41,-0.172119140625,-42,0.52099609375,-42,0.11981201171875,-43,0.411865234375
14.3453,-40,0.53466796875,-42,0.52099609375,-42,0.11981201171875,-39,0.483642578125
14.3570,-40,0.53466796875,-42,0.52099609375,-41,0.228515625,-39,0.483642578125
14.3664,-42,0.42724609375,-42,0.3330078125,-41,0.228515625,-19,1.541015625
14.3780,-42,0.42724609375,-39,0.68701171875,-38,0.340087890625,-19,1.541015625
14.3858,-40,0.466552734375,-39,0.68701171875,-38,0.340087890625,-25,0.80078125
14.3986,-40,0.466552734375,-39,0.68701171875,-39,0.1712646484375,-25,0.80078125
14.4055,-6,3.91015625,-39,0.489013671875,-39,0.1712646484375,-35,0.29150390625
14.4151,-6,3.91015625,-41,0.1905517578125,-43,0.0509033203125,-35,0.29150390625
14.4289,-24,0.623046875,-41,0.1905517578125,-43,0.0509033203125,-35,0.29150390625
14.4416,-24,0.623046875,-36,0.60400390625,-38,0.350830078125,-31,0.693359375
14.4488,-1,4.2421875,-36,0.60400390625,-38,0.350830078125,-33,0.476806640625
14.4584,-1,4.2421875,-36,0.60400390625,-37,0.05511474609375,-33,0.476806640625
14.4710,-11,2.123046875,-33,0.77587890625,-37,0.05511474609375,-35,0.09722900390625
14.4830,-11,2.123046875,-33,0.77587890625,-37,0.1068115234375,-35,0.09722900390625
14.4877,-26,0.62939453125,-19,1.224609375,-37,0.1068115234375,-4,5.08203125
14.4993,-26,0.62939453125,-19,1.224609375,-37,0.0421142578125,-4,5.08203125
14.5084,-29,1.0693359375,-30,0.292236328125,-37,0.0421142578125,-4,5.08203125
14.5157,-29,1.0693359375,-30,0.292236328125,-39,0.0655517578125,-20,0.89013671875
14.5268,-8,2.07421875,-32,0.490966796875,-39,0.0655517578125,-20,0.89013671875
14.5353,-8,2.07421875,-32,0.490966796875,-38,0.1748046875,-28,0.63134765625
14.5464,-14,1.689453125,-20,2.26953125,-38,0.1748046875,-28,0.63134765625
14.5581,-14,1.689453125,-20,2.26953125,-47,0.794921875,-32,0.342529296875
14.5661,-29,0.43798828125,-34,-0.1654052734375,-47,0.794921875,-32,0.342529296875
14.5777,-29,0.43798828125,-34,-0.1654052734375,-42,0.161865234375,-5,3.447265625
14.5855,-2,4.65234375,-1,6.01953125,-42,0.161865234375,-5,3.447265625
14.5941,-2,4.65234375,-1,6.01953125,-14,1.7353515625,-9,2.025390625
14.6051,-2,4.65234375,-29,0.406982421875,-14,1.7353515625,-9,2.025390625
14.6166,-9,2.501953125,-29,0.406982421875,5,6.3203125,-22,0.79736328125
14.6247,-9,2.501953125,-29,1.060546875,5,6.3203125,-22,0.79736328125
14.6345,-20,1.0595703125,-29,1.060546875,-24,-0.3828125,-33,-0.495361328125
14.6460,-31,0.467529296875,-1,3.306640625,-24,-0.3828125,-33,-0.495361328125
14.6579,-31,0.467529296875,-1,3.306640625,-23,1.193359375,-37,0.2435302734375
14.6659,-31,0.467529296875,-12,1.4990234375,-23,1.193359375,-37,0.2435302734375
14.6785,-36,0.2215576171875,-12,1.4990234375,-23,1.193359375,-33,0.70654296875
14.6863,-36,0.2215576171875,-18,1.2275390625,-8,2.271484375,-33,0.70654296875
14.7000,-35,0.6162109375,-18,1.2275390625,-8,2.271484375,-35,0.517578125
14.7080,-35,0.6162109375,-29,0.5546875,-16,1.2646484375,-35,0.517578125
14.7165,-35,0.7158203125,-29,0.5546875,-16,1.2646484375,-41,-0.2330322265625
14.7277,-35,0.7158203125,-39,0.1639404296875,-26,0.59423828125,-41,-0.2330322265625
14.7360,-39,0.2008056640625,-39,0.1639404296875,-26,0.59423828125,-41,-0.0386962890625
14.7473,-39,0.2008056640625,-36,0.55078125,-31,0.376708984375,-41,-0.0386962890625
14.7586,-41,-0.1485595703125,-36,0.55078125,-31,0.376708984375,-42,-0.344970703125
14.7668,-41,-0.1485595703125,-37,0.44921875,-34,0.219482421875,-42,-0.344970703125
14.7753,-43,-0.0816650390625,-37,0.44921875,-34,0.219482421875,-41,-0.1904296875
14.7863,-43,-0.0816650390625,-39,0.28466796875,-32,0.40087890625,-41,-0.1904296875
14.7949,-24,2.1328125,-39,0.28466796875,-32,0.40087890625,-40,-0.09033203125
14.8113,-24,2.1328125,-40,0.484130859375,-35,0.179443359375,-40,-0.09033203125
14.8182,-23,1.5439453125,-40,0.484130859375,-35,0.179443359375,-39,0.08673095703125
14.8313,-23,1.5439453125,-40,0.484130859375,-38,-0.0095062255859375,-39,0.08673095703125
14.8365,-37,-0.06292724609375,-40,0.061126708984375,-38,-0.0095062255859375,-38,0.1524658203125
14.8484,-37,-0.06292724609375,-38,0.404052734375,-36,0.12261962890625,-38,0.1524658203125
14.8598,-4,0.85888671875,-38,0.404052734375,-36,0.12261962890625,-38,0.1524658203125
14.8725,-4,0.85888671875,-37,0.358642578125,-36,0.1727294921875,-38,0.31787109375
14.8781,-12,1.6328125,-37,0.358642578125,-36,0.1727294921875,-38,-0.248779296875
14.8920,-12,1.6328125,-37,0.358642578125,-35,0.1827392578125,-38,-0.248779296875
14.9018,-18,1.310546875,-35,0.7529296875,-35,0.1827392578125,-38,0.0889892578125
14.9089,-18,1.310546875,-35,0.7529296875,-35,0.08502197265625,-38,0.0889892578125
14.9186,-31,0.4814453125,-36,0.61279296875,-35,0.08502197265625,-9,5.203125
14.9330,-31,0.4814453125,-10,2.607421875,-7,3.171875,-9,5.203125
14.9381,-2,3.978515625,-10,2.607421875,-7,3.171875,-14,1.8046875
14.9522,-2,3.978515625,-10,2.607421875,-23,0.6162109375,-14,1.8046875
14.9580,-12,2.310546875,-25,0.59375,-23,0.6162109375,-14,1.8046875
14.9697,-12,2.310546875,-25,0.59375,-25,0.919921875,-9,1.92578125
14.9814,-31,0.310546875,-26,1.240234375,-25,0.919921875,-9,1.92578125
14.9895,-31,0.310546875,-26,1.240234375,-28,0.62158203125,-23,0.78515625
15.0000,0,4.0078125,-29,0.8525390625,-28,0.62158203125,-23,0.78515625
15.0138,0,4.0078125,-29,0.8525390625,-33,0.1982421875,-28,0.51904296875
15.0180,-10,1.8828125,-35,0.393310546875,-33,0.1982421875,-28,0.51904296875
15.0293,-10,1.8828125,-35,0.393310546875,-38,0.12060546875,-32,0.310791015625
15.0377,-16,1.7138671875,-36,0.467041015625,-38,0.12060546875,-32,0.310791015625
15.0503,-16,1.7138671875,-36,0.467041015625,-39,-0.0284576416015625,-35,0.296630859375
15.0600,-29,0.609375,-37,0.1851806640625,-39,-0.0284576416015625,-35,0.296630859375
15.0686,-29,0.609375,-37,0.1851806640625,-37,0.0546875,-36,0.25634765625
15.0767,-32,0.84619140625,-39,-0.087158203125,-37,0.0546875,-36,0.25634765625
15.0876,-32,0.84619140625,-39,-0.087158203125,-37,0.06689453125,-38,0.2213134765625
15.0977,-34,0.7626953125,-39,0.1455078125,-37,0.06689453125,-38,0.2213134765625
15.1084,-34,0.7626953125,-39,0.1455078125,-38,0.07208251953125,-40,-0.155517578125
15.1197,-35,0.7509765625,-39,0.312255859375,-38,0.07208251953125,-40,-0.155517578125
15.1276,-35,0.7509765625,-39,0.312255859375,-38,0.027801513671875,-37,0.33154296875
15.1405,-35,0.7509765625,-39,0.347412109375,-38,0.027801513671875,-37,0.33154296875
15.1496,-35,0.60791015625,-39,0.347412109375,-39,-0.058135986328125,-36,0.252685546875
15.1549,-35,0.55615234375,-39,0.209716796875,-39,-0.058135986328125,-36,0.252685546875
15.1670,-35,0.55615234375,-39,0.209716796875,-28,0.488037109375,-37,0.190185546875
15.1790,-17,2.42578125,-38,0.4697265625,-28,0.488037109375,-37,0.190185546875
15.1867,-17,2.42578125,-38,0.4697265625,-31,0.459228515625,-38,0.1435546875
15.2012,-17,2.42578125,-37,0.451904296875,-31,0.459228515625,-38,0.1435546875
15.2102,-29,0.9765625,-37,0.451904296875,-31,0.459228515625,0,5.984375
15.2212,-29,0.9765625,-36,0.86328125,-5,3.310546875,0,5.984375
15.2307,-1,6.171875,-36,0.86328125,-21,0.5244140625,-10,1.5498046875
15.2379,-1,6.171875,-33,0.87646484375,-21,0.5244140625,-10,1.5498046875
15.2528,-10,2.33984375,-33,0.87646484375,-21,0.5244140625,-13,1.447265625
15.2613,-10,2.33984375,-18,1.2236328125,-27,0.7900390625,-13,1.447265625
15.2694,-21,1.0791015625,-18,1.2236328125,-27,0.7900390625,-25,0.6884765625
15.2833,-21,1.0791015625,-30,0.3466796875,-30,0.5888671875,-25,0.6884765625
15.2967,-34,0.5322265625,-30,0.3466796875,-30,0.5888671875,-32,0.58203125
15.2999,-34,0.5322265625,-29,0.7041015625,-32,0.337646484375,-32,0.58203125
15.3121,-33,0.80615234375,-29,0.7041015625,-32,0.337646484375,-34,0.431396484375
15.3186,-33,0.80615234375,-32,0.515625,-33,0.334716796875,-34,0.431396484375
15.3313,-7,2.650390625,-32,0.515625,-33,0.334716796875,-34,0.431396484375
15.3382,-7,2.650390625,-38,0.302734375,-34,0.258056640625,-35,-0.13671875
15.3508,-24,0.91064453125,-38,0.302734375,-34,0.258056640625,-36,0.324462890625
15.3578,-24,0.91064453125,-35,0.783203125,-38,0.080810546875,-36,0.324462890625
15.3695,0,4.6640625,-35,0.783203125,-38,0.080810546875,-37,0.1937255859375
15.3773,0,4.6640625,-35,0.20703125,-38,-0.055267333984375,-37,0.1937255859375
15.3890,-16,1.6767578125,-35,0.20703125,-38,-0.055267333984375,-37,0.1937255859375
15.4004,-16,1.6767578125,-39,-0.49365234375,-36,0.331298828125,-39,-0.2132568359375
15.4080,-31,0.9560546875,-39,-0.49365234375,-36,0.331298828125,-40,-0.2479248046875
15.4216,-31,0.9560546875,-39,0.3408203125,-38,-0.049835205078125,-40,-0.2479248046875
15.4311,0,5.8984375,-39,0.3408203125,-38,-0.049835205078125,-38,-0.477783203125
15.4401,0,5.8984375,-39,0.3408203125,-38,-0.07757568359375,-38,-0.477783203125
15.4477,-10,2.50390625,-39,0.1778564453125,-38,-0.07757568359375,-38,-0.477783203125
15.4607,-10,2.50390625,-39,0.1778564453125,-38,-0.03350830078125,-38,0.059478759765625
15.4705,-12,2.31640625,-38,0.22705078125,-38,-0.03350830078125,-38,0.059478759765625
15.4842,-12,2.31640625,-38,0.45556640625,-41,0.27880859375,-40,-0.04766845703125
15.4969,-23,1.2685546875,-38,0.45556640625,-37,0.2156982421875,-39,0.294189453125
15.5034,-23,1.2685546875,-39,-0.09136962890625,-37,0.2156982421875,-39,0.294189453125
15.5169,-33,0.86083984375,-39,-0.09136962890625,-37,0.2156982421875,-39,0.294189453125
15.5226,-33,0.86083984375,-39,-0.09136962890625,-38,-0.3662109375,-40,-0.421142578125
15.5367,-35,0.66796875,-40,-0.292236328125,-38,-0.3662109375,-40,-0.421142578125
15.5436,-35,0.66796875,-40,-0.292236328125,-45,0.1522216796875,-40,-0.5322265625
15.5551,-35,0.66796875,-38,0.10125732421875,-45,0.1522216796875,-40,-0.5322265625
15.5647,-8,2.703125,-38,0.10125732421875,-26,0.91162109375,-39,0.39208984375
15.5772,-11,2.572265625,-39,0.4326171875,-26,0.91162109375,-39,0.39208984375
15.5842,-11,2.572265625,-39,0.4326171875,-36,-0.09539794921875,-38,0.1995849609375
15.5948,-11,2.572265625,-39,-0.5576171875,-36,-0.09539794921875,-38,0.1995849609375
15.6040,-26,1.0283203125,-39,-0.5576171875,-33,0.5087890625,-2,6.015625
15.6150,-6,2.734375,-1,6.59375,-33,0.5087890625,-2,6.015625
15.6235,-6,2.734375,-1,6.59375,-9,1.8095703125,-17,1.0888671875
15.6354,-6,2.734375,-20,1.1005859375,-9,1.8095703125,-17,1.0888671875
15.6434,-12,2.568359375,-20,1.1005859375,-13,1.46875,-24,0.84375
15.6544,-12,2.568359375,-11,2.513671875,-13,1.46875,-24,0.84375
15.6670,-22,1.2705078125,-11,2.513671875,-13,1.46875,-27,0.62646484375
15.6737,-22,1.2705078125,-28,0.330322265625,-27,0.33203125,-27,0.62646484375
15.6824,-31,0.9013671875,-28,0.330322265625,-27,0.33203125,-32,0.57861328125
15.6956,-31,0.9013671875,-31,1.20703125,-35,0.041107177734375,-32,0.57861328125
15.7040,-31,1.11328125,-31,1.20703125,-32,0.3173828125,-34,-0.142578125
15.7152,-31,1.11328125,-3,3.537109375,-32,0.3173828125,-34,-0.142578125
15.7268,-34,1.1806640625,-3,3.537109375,-32,0.3173828125,-36,0.258056640625
15.7371,-34,1.1806640625,-17,1.107421875,-10,2.00390625,-36,0.258056640625
15.7459,-35,0.446044921875,-17,1.107421875,-10,2.00390625,-40,0.2342529296875
15.7564,-35,0.446044921875,-31,0.451416015625,-23,0.21484375,-40,0.2342529296875
15.7664,-41,-0.17919921875,-31,0.451416015625,-27,0.45654296875,-42,-0.62744140625
15.7798,-43,0.78173828125,0,4.96484375,-27,0.45654296875,-42,-0.62744140625
15.7905,-43,0.78173828125,-12,1.595703125,-30,0.60498046875,-38,0.402099609375
15.7996,-8,3.244140625,-12,1.595703125,-30,0.60498046875,-38,0.322509765625
15.8124,-8,3.244140625,-3,3.908203125,-33,0.416748046875,-38,0.322509765625
15.8209,-32,-0.1785888671875,-3,3.908203125,-33,0.416748046875,-44,-0.6357421875
15.8320,-32,-0.1785888671875,-34,0.60888671875,-36,0.2340087890625,-44,-0.6357421875
15.8418,-21,2.400390625,-34,0.60888671875,-36,0.2340087890625,-44,-0.6357421875
15.8502,-21,2.400390625,-29,1.3212890625,-37,0.114013671875,-41,-0.131103515625
15.8600,-9,1.9921875,-29,1.3212890625,-37,0.114013671875,-40,0.25537109375
15.8695,-9,1.9921875,-3,2.9609375,-37,0.1610107421875,-40,0.25537109375
15.8829,-9,2.6328125,-3,2.9609375,-37,0.1610107421875,-40,0.25537109375
15.8921,-9,2.6328125,-16,1.263671875,-37,0.03350830078125,-42,-0.451171875
15.8992,-16,1.71875,-16,1.263671875,-37,0.03350830078125,-42,-0.390380859375
15.9148,-16,1.71875,-16,1.263671875,-39,0.348876953125,-42,-0.390380859375
15.9201,-39,0.438720703125,-33,-0.06329345703125,-39,0.348876953125,-44,-0.5029296875
15.9302,-39,0.438720703125,-2,5.52734375,-39,0.22509765625,-44,-0.5029296875
15.9415,-36,1.1298828125,-2,5.52734375,-39,0.22509765625,-44,-0.5029296875
15.9535,-36,1.1298828125,-10,2.248046875,-29,0.326171875,-42,-0.6376953125
15.9623,-10,1.81640625,-10,2.248046875,-29,0.326171875,-42,-0.6376953125
15.9739,-10,1.81640625,-10,2.248046875,-32,0.0523681640625,-42,-0.52294921875
15.9838,-18,1.447265625,-9,1.9404296875,-32,0.0523681640625,-43,0.9921875
15.9943,-18,1.447265625,-9,1.9404296875,-39,2.638671875,-43,0.9921875
15.9999,-31,-0.2403564453125,-22,0.1798095703125,-39,2.638671875,-43,0.9921875
16.0153,-31,-0.2403564453125,-22,0.1798095703125,-38,-0.27880859375,-42,-1.36328125
16.0215,8,-0.36279296875,-27,-0.7353515625,-38,-0.27880859375,-42,-1.36328125
16.0380,8,-0.36279296875,-27,-0.7353515625,-37,-0.31494140625,-39,-1.013671875
16.0443,-11,-0.30810546875,-29,-0.272705078125,-37,-0.31494140625,-39,-1.013671875
16.0564,-11,-0.30810546875,-29,-0.272705078125,-5,-0.200439453125,-38,-1.1787109375
16.0637,-11,-0.374755859375,-31,-0.39404296875,-5,-0.200439453125,-38,-1.1787109375
16.0765,-11,-0.374755859375,-31,-0.39404296875,-8,-0.07855224609375,-37,-1.064453125
16.0830,-17,-0.274169921875,-32,-0.453369140625,-8,-0.07855224609375,-37,-1.064453125
16.0947,-17,-0.274169921875,-32,-0.453369140625,-4,-0.06610107421875,-37,-0.9267578125
16.1043,-17,-0.274169921875,-1,-0.5107421875,-4,-0.06610107421875,-37,-0.9267578125
16.1165,-19,-0.5029296875,-1,-0.5107421875,-17,-0.1190185546875,-10,-0.7333984375
16.1239,-19,-0.5029296875,-12,-0.6201171875,-17,-0.1190185546875,-10,-0.7333984375
16.1351,-15,0.426025390625,-12,-0.6201171875,-11,0.166259765625,-9,-0.6142578125
16.1420,-29,-0.4140625,-8,0.184814453125,-11,0.166259765625,-9,-0.6142578125
16.1525,-29,-0.4140625,-8,0.184814453125,-13,0.1746826171875,0,-0.69140625
16.1647,-29,-0.4140625,-11,0.037139892578125,-13,0.1746826171875,0,-0.69140625
16.1723,-4,-0.2371826171875,-11,0.037139892578125,-19,0.2344970703125,-11,-0.444580078125
16.1851,-4,-0.2371826171875,-22,-0.2313232421875,-19,0.2344970703125,-11,-0.444580078125
16.1916,-1,-0.09906005859375,-22,-0.2313232421875,-11,0.11669921875,-15,-0.7138671875
16.2031,-1,-0.09906005859375,-3,0.53125,-11,0.11669921875,-15,-0.7138671875
16.2174,-15,-0.240478515625,-3,0.53125,-11,0.11669921875,0,-0.20458984375
16.2259,-15,-0.240478515625,-2,-0.1839599609375,-5,0.08477783203125,0,-0.20458984375
16.2356,-11,0.1033935546875,-2,-0.1839599609375,-9,-0.09649658203125,0,-0.435546875
16.2456,-11,0.1033935546875,-8,-0.1656494140625,-9,-0.09649658203125,0,-0.435546875
16.2564,0,-0.4228515625,-8,-0.1656494140625,-9,-0.09649658203125,-6,-0.207763671875
16.2678,0,-0.4228515625,-17,-0.51220703125,-22,0.125732421875,-6,-0.207763671875
16.2813,0,-0.442138671875,0,1.0224609375,-7,0.0902099609375,-18,-0.08056640625
16.2909,0,1.16015625,0,1.0224609375,-7,0.0902099609375,-1,-1.32421875
16.2963,0,1.16015625,0,0.06097412109375,-3,0.12200927734375,-1,-1.32421875
16.3103,-12,0.05560302734375,0,0.06097412109375,-3,0.12200927734375,0,-0.2371826171875
16.3217,-12,0.05560302734375,0,0.2255859375,-1,0.034088134765625,0,-0.2371826171875
16.3300,-15,-0.1884765625,0,0.2255859375,-1,0.034088134765625,0,0.146728515625
16.3406,-15,-0.1884765625,0,0.2802734375,0,-0.035186767578125,0,0.146728515625
16.3516,-4,-0.09466552734375,0,0.2802734375,0,-0.035186767578125,0,-0.2259521484375
16.3569,-4,-0.09466552734375,0,0.39892578125,0,-0.0242919921875,0,-0.2259521484375
16.3709,-1,0.09466552734375,0,0.39892578125,0,-0.0242919921875,0,-0.27587890625
16.3797,-1,0.09466552734375,0,-0.06341552734375,0,-0.041748046875,0,-0.27587890625
16.3876,0,-0.125732421875,0,-0.06341552734375,0,-0.041748046875,0,0.2418212890625
16.3991,0,-0.125732421875,0,0.30078125,0,-0.0274658203125,0,0.2418212890625
16.4087,0,-0.174072265625,0,0.30078125,0,-0.0274658203125,0,0.264404296875
16.4163,0,-0.174072265625,0,0.14404296875,0,0.07513427734375,0,0.264404296875
16.4296,5,-0.1746826171875,0,0.14404296875,0,0.07513427734375,0,0.2142333984375
16.4382,5,-0.1746826171875,0,0.0963134765625,0,-0.0411376953125,0,0.2142333984375
16.4465,17,0.1268310546875,0,0.0963134765625,0,-0.0411376953125,0,0.29541015625
16.4578,17,0.1268310546875,0,0.0963134765625,0,0.1104736328125,0,0.29541015625
16.4689,12,0.1490478515625,0,0.396728515625,0,0.1104736328125,0,-0.127197265625
16.4744,12,0.1490478515625,0,0.59765625,0,-0.034149169921875,0,-0.127197265625
16.4885,3,-0.2489013671875,0,0.59765625,0,-0.034149169921875,0,-0.127197265625
16.4987,3,-0.2489013671875,0,-0.2479248046875,0,-0.041107177734375,0,0.26708984375
16.5079,1,-0.07745361328125,0,-0.2479248046875,0,-0.041107177734375,0,-0.23046875
16.5188,1,-0.07745361328125,0,-0.2479248046875,0,-0.06658935546875,0,-0.23046875
16.5330,0,0.1632080078125,0,-0.032135009765625,0,-0.06658935546875,0,-0.23046875
16.5367,0,0.1632080078125,0,-0.032135009765625,0,-0.0220184326171875,0,-0.332275390625
16.5537,0,-0.1593017578125,0,0.298828125,0,-0.0220184326171875,0,-0.332275390625
16.5599,0,-0.1593017578125,0,0.298828125,0,0.07403564453125,0,0.227294921875
16.5689,0,0.10845947265625,0,-0.1190185546875,0,0.07403564453125,0,0.227294921875
16.5803,0,0.10845947265625,0,-0.1190185546875,0,0.0277252197265625,0,0.1890869140625
16.5914,0,0.10845947265625,0,-0.22607421875,0,0.0277252197265625,0,0.1890869140625
16.5996,0,-0.1790771484375,0,-0.22607421875,0,-0.09844970703125,0,-0.047088623046875
16.6114,0,-0.2445068359375,0,0.31005859375,0,-0.09844970703125,0,-0.047088623046875
16.6196,0,-0.2445068359375,0,0.31005859375,0,-0.09844970703125,0,-0.371337890625
16.6286,0,0.1468505859375,0,-0.1507568359375,0,-0.0618896484375,0,-0.371337890625
16.6401,0,0.1468505859375,0,-0.1507568359375,0,-0.0618896484375,0,-0.11199951171875
16.6512,0,0.1468505859375,0,0.288330078125,0,-0.01361846923828125,0,-0.11199951171875
16.6607,0,-0.365966796875,0,0.288330078125,0,-0.01361846923828125,0,0.2086181640625
16.6709,0,-0.365966796875,0,-0.353515625,0,0.010955810546875,0,0.2086181640625
16.6796,0,-0.032623291015625,0,-0.353515625,0,0.010955810546875,0,0.1815185546875
16.6904,0,-0.032623291015625,0,-0.26123046875,0,-0.056488037109375,0,0.1815185546875
16.6990,0,0.132080078125,0,-0.26123046875,0,-0.056488037109375,0,-0.184326171875
16.7101,0,0.132080078125,0,0.0240020751953125,0,0.0906982421875,0,-0.184326171875
16.7184,0,0.1551513671875,0,0.0240020751953125,0,0.0906982421875,0,0.263427734375
16.7335,0,0.1551513671875,0,-0.407958984375,0,-0.018218994140625,0,0.263427734375
16.7396,0,-0.08258056640625,0,-0.407958984375,0,-0.018218994140625,0,-0.061767578125
16.7493,0,-0.08258056640625,0,-0.058135986328125,0,0.0296630859375,0,-0.061767578125
16.7591,0,-0.26025390625,0,-0.058135986328125,0,0.0296630859375,0,-0.287841796875
16.7703,0,-0.26025390625,0,-0.058135986328125,0,0.0791015625,0,-0.287841796875
16.7771,0,0.1920166015625,0,0.202392578125,0,0.0791015625,0,-0.021392822265625
16.7870,0,0.1920166015625,0,0.11187744140625,0,0.1033935546875,0,-0.021392822265625
16.7957,0,0.115966796875,0,0.11187744140625,0,-0.03851318359375,0,-0.089111328125
16.8085,0,0.115966796875,0,-0.248046875,0,-0.03851318359375,0,-0.089111328125
16.8220,0,0.089599609375,0,-0.248046875,0,-0.03851318359375,0,-0.0240020751953125
16.8314,0,0.089599609375,0,0.4638671875,0,0.12237548828125,0,-0.0240020751953125
16.8382,0,0.06756591796875,0,0.4638671875,0,0.12237548828125,0,-0.256103515625
16.8498,0,0.06756591796875,0,0.37158203125,0,-0.088134765625,0,-0.256103515625
16.8580,0,0.2021484375,0,0.37158203125,0,-0.088134765625,0,0.1810302734375
16.8692,0,0.2021484375,0,-0.06280517578125,0,0.052093505859375,0,0.1810302734375
16.8778,0,-0.1160888671875,0,-0.06280517578125,0,0.052093505859375,0,0.126708984375
16.8903,0,-0.1160888671875,0,0.376220703125,0,-0.0288848876953125,0,0.126708984375
16.8991,0,-0.252685546875,0,0.376220703125,0,-0.0288848876953125,0,-0.3896484375
16.9097,0,-0.252685546875,0,0.2783203125,0,-0.08831787109375,0,-0.3896484375
16.9197,0,-0.2484130859375,0,0.2783203125,0,-0.08831787109375,0,0.0318603515625
16.9305,0,-0.2484130859375,0,0.66064453125,0,-0.0933837890625,0,0.0318603515625
16.9387,0,-0.0078582763671875,0,0.66064453125,0,-0.0933837890625,0,0.04144287109375
16.9501,0,-0.0078582763671875,0,-0.1263427734375,0,-0.11151123046875,0,0.04144287109375
16.9583,0,0.182861328125,0,-0.1263427734375,0,-0.11151123046875,0,0.04144287109375
16.9735,0,0.182861328125,0,0.365234375,0,-0.0489501953125,0,0.140380859375
16.9780,0,-0.12078857421875,0,0.365234375,0,-0.0489501953125,0,-0.09130859375
16.9890,0,-0.12078857421875,0,-0.180908203125,0,0.0150604248046875,0,-0.09130859375
17.0041,0,-0.1336669921875,0,-0.180908203125,0,0.0150604248046875,0,-0.2890625
17.0085,0,-0.1336669921875,0,0.25830078125,0,-0.06658935546875,0,-0.2890625
17.0178,0,0.0802001953125,0,0.25830078125,0,-0.06658935546875,0,-0.2890625
17.0330,0,0.0802001953125,0,0.25830078125,0,-0.03424072265625,0,0.1722412109375
17.0371,0,-0.07330322265625,0,0.121826171875,0,-0.03424072265625,0,0.1722412109375
17.0519,0,-0.07330322265625,0,0.121826171875,0,-0.031494140625,0,0.144775390625
17.0561,0,-0.382568359375,0,-0.381591796875,0,-0.031494140625,0,0.144775390625
17.0676,0,-0.382568359375,0,-0.381591796875,0,0.0406494140625,0,-0.1854248046875
17.0759,0,0.1666259765625,0,0.55712890625,0,0.0406494140625,0,-0.1854248046875
17.0909,0,0.1666259765625,0,0.55712890625,0,-0.0469970703125,0,-0.334716796875
17.0956,0,-0.3349609375,0,-0.1180419921875,0,-0.0469970703125,0,-0.334716796875
17.1066,0,-0.3349609375,0,-0.1180419921875,0,0.09619140625,0,0.1846923828125
17.1164,0,-0.1268310546875,0,0.29248046875,0,0.09619140625,0,0.1846923828125
17.1287,0,-0.1268310546875,0,0.29248046875,0,-0.006687164306640625,0,0.1470947265625
17.1371,0,-0.033905029296875,0,0.51318359375,0,-0.006687164306640625,0,0.1470947265625
17.1496,0,-0.033905029296875,0,0.51318359375,0,-0.06396484375,0,0.18603515625
17.1571,0,-0.17041015625,0,0.529296875,0,-0.06396484375,0,0.18603515625
17.1688,0,-0.17041015625,0,0.529296875,0,0.042266845703125,0,-0.0200347900390625
17.1834,0,-0.17041015625,0,0.03253173828125,0,0.042266845703125,0,-0.0200347900390625
17.1890,0,-0.2401123046875,0,0.03253173828125,0,-0.038604736328125,0,-0.321533203125
17.2005,0,-0.2401123046875,0,0.049346923828125,0,-0.038604736328125,0,-0.321533203125
17.2073,0,-0.0287017822265625,0,0.049346923828125,0,-0.0377197265625,0,-0.052337646484375
17.2161,0,-0.1416015625,0,-0.2440185546875,0,-0.0377197265625,0,-0.052337646484375
17.2288,0,-0.1416015625,0,-0.2440185546875,0,-0.0377197265625,0,-0.1402587890625
17.2408,0,-0.1416015625,0,0.05224609375,0,-0.045440673828125,0,-0.1402587890625
17.2491,0,0.1361083984375,0,0.05224609375,0,-0.045440673828125,0,0.1829833984375
17.2615,0,0.1361083984375,0,0.1812744140625,0,-0.057769775390625,0,0.1829833984375
17.2704,0,0.14990234375,0,0.1812744140625,0,-0.042999267578125,0,-0.357666015625
17.2810,0,0.14990234375,0,-0.2529296875,0,-0.042999267578125,0,-0.357666015625
17.2892,0,0.11566162109375,0,-0.2529296875,0,-0.042999267578125,0,0.150146484375
17.3028,0,0.11566162109375,0,-0.361328125,0,0.0294189453125,0,0.150146484375
17.3095,0,-0.11895751953125,0,-0.361328125,0,0.0294189453125,0,-0.0946044921875
17.3191,0,-0.11895751953125,0,-0.3662109375,0,-0.0207977294921875,0,-0.0946044921875
17.3302,0,0.176513671875,0,-0.3662109375,0,-0.0207977294921875,0,0.2230224609375
17.3387,0,0.176513671875,0,-0.06475830078125,0,-0.1085205078125,0,0.2230224609375
17.3498,0,-0.1624755859375,0,-0.06475830078125,0,-0.1085205078125,0,0.2230224609375
17.3612,0,-0.1624755859375,0,0.04461669921875,0,-0.08929443359375,0,-0.208984375
17.3711,0,0.197998046875,0,0.04461669921875,0,-0.039398193359375,0,0.241455078125
17.3777,0,0.197998046875,0,-0.3466796875,0,-0.039398193359375,0,0.241455078125
17.3928,0,-0.134033203125,0,-0.3466796875,0,-0.039398193359375,0,0.241455078125
17.3985,0,-0.134033203125,0,-0.24365234375,0,0.029296875,0,0.1982421875
17.4096,0,-0.04058837890625,0,-0.24365234375,0,0.029296875,0,0.1982421875
17.4183,0,-0.04058837890625,0,-0.56591796875,0,0.0268096923828125,0,0.17822265625
17.4325,0,-0.21044921875,0,-0.56591796875,0,0.0268096923828125,0,0.099609375
17.4376,0,-0.21044921875,0,-0.29638671875,0,0.0304718017578125,0,0.099609375
17.4519,0,-0.1668701171875,0,-0.29638671875,0,0.0304718017578125,0,0.099609375
17.4610,0,-0.1668701171875,0,-0.29638671875,0,0.06915283203125,0,0.240478515625
17.4690,0,0.09136962890625,0,0.1904296875,0,0.06915283203125,0,0.240478515625
17.4841,0,0.09136962890625,0,0.1904296875,0,-0.0692138671875,0,0.10284423828125
17.4921,0,-0.147216796875,0,-0.250732421875,0,-0.0692138671875,0,0.10284423828125
17.4976,0,-0.147216796875,0,-0.2276611328125,0,0.0292816162109375,0,0.142578125
17.5167,0,0.10333251953125,0,-0.2276611328125,0,-0.01561737060546875,0,0.16064453125
17.5204,0,0.10333251953125,0,0.11993408203125,0,-0.01561737060546875,0,0.16064453125
17.5316,0,0.042816162109375,0,0.11993408203125,0,-0.01561737060546875,0,0.16064453125
17.5400,0,0.042816162109375,0,0.11993408203125,0,-0.11761474609375,0,-0.2301025390625
17.5525,0,0.09503173828125,0,0.044097900390625,0,-0.11761474609375,0,-0.2301025390625
17.5607,0,0.09503173828125,0,0.044097900390625,0,0.06976318359375,0,-0.3671875
17.5727,0,0.117919921875,0,0.279052734375,0,0.06976318359375,0,-0.3671875
17.5803,0,0.117919921875,0,0.279052734375,0,-0.0576171875,0,0.1783447265625
17.5921,0,-0.1986083984375,0,-0.25048828125,0,-0.0576171875,0,0.1783447265625
17.5994,0,-0.1986083984375,0,-0.25048828125,0,0.044891357421875,0,-0.1251220703125
17.6127,0,-0.434814453125,0,-0.3916015625,0,0.044891357421875,0,-0.1251220703125
17.6215,0,-0.434814453125,0,-0.3916015625,0,-0.049072265625,0,-0.293212890625
17.6308,0,-0.080810546875,0,-0.1781005859375,0,-0.049072265625,0,-0.293212890625
17.6418,0,-0.080810546875,0,-0.1781005859375,0,0.0767822265625,0,0.0133514404296875
17.6520,0,0.054718017578125,0,-0.32958984375,0,0.0767822265625,0,0.0133514404296875
17.6626,0,0.054718017578125,0,-0.32958984375,0,0.04400634765625,0,-0.07373046875
17.6748,0,0.054718017578125,0,-0.434326171875,0,0.04400634765625,0,-0.07373046875
17.6833,0,0.145751953125,0,-0.434326171875,0,0.06396484375,0,0.081298828125
17.6926,0,-0.1746826171875,0,-0.401611328125,0,0.06396484375,0,0.081298828125
17.7029,0,-0.1746826171875,0,-0.401611328125,0,0.06396484375,0,-0.269287109375
17.7142,0,0.1534423828125,0,-0.357666015625,0,-0.0843505859375,0,-0.269287109375
17.7209,0,0.1534423828125,0,-0.357666015625,0,-0.0843505859375,0,0.15185546875
17.7336,0,0.1534423828125,0,-0.51904296875,0,-0.0186767578125,0,0.15185546875
17.7445,0,-0.032196044921875,0,-0.51904296875,0,-0.1527099609375,0,0.25244140625
17.7542,0,3.875,0,3.31640625,0,-0.1527099609375,0,0.25244140625
17.7650,0,3.875,0,3.31640625,0,2.099609375,0,2.1328125
17.7764,0,2.26171875,0,1.98046875,0,2.099609375,0,2.1328125
17.7836,0,2.26171875,0,1.98046875,0,2.099609375,0,2.353515625
17.7960,0,2.26171875,0,2.205078125,0,2.208984375,0,2.353515625
17.8077,0,2.166015625,0,2.205078125,0,2.208984375,12,-1.1611328125
17.8161,0,2.361328125,14,0.65283203125,8,1.234375,12,-1.1611328125
17.8260,0,2.361328125,14,0.65283203125,8,1.234375,13,1.1953125
17.8371,0,2.103515625,15,1.3203125,16,0.7822265625,13,1.1953125
17.8440,0,2.103515625,15,1.3203125,16,0.7822265625,3,2.748046875
17.8571,0,2.103515625,2,2.1875,3,2.71484375,3,2.748046875
17.8658,11,1.2275390625,2,2.1875,3,2.71484375,0,2.552734375
17.8752,11,1.2275390625,0,2.53125,0,2.42578125,0,2.552734375
17.8857,15,1.3525390625,0,2.53125,0,2.42578125,0,2.552734375
17.8967,15,1.3525390625,5,1.7880859375,0,2.427734375,0,2.435546875
17.9048,4,2.6484375,5,1.7880859375,0,2.427734375,15,0.853515625
17.9176,4,2.6484375,5,1.7880859375,10,1.185546875,15,0.853515625
17.9257,0,2.556640625,17,0.87646484375,10,1.185546875,14,1.560546875
17.9369,0,2.556640625,17,0.87646484375,16,1.1982421875,14,1.560546875
17.9453,13,1.0400390625,0,3.8828125,16,1.1982421875,14,1.560546875
17.9566,13,1.0400390625,5,1.5009765625,0,3.255859375,0,2.556640625
17.9653,14,1.544921875,5,1.5009765625,0,3.255859375,0,2.556640625
17.9762,14,1.544921875,5,1.5009765625,13,1.0498046875,11,1.0654296875
17.9847,5,2.4375,17,0.82275390625,13,1.0498046875,11,1.0654296875
17.9951,5,2.4375,17,0.82275390625,14,1.5419921875,15,1.560546875
18.0053,18,0.262451171875,6,2.30078125,14,1.5419921875,15,1.560546875
18.0164,18,0.262451171875,6,2.30078125,4,1.82421875,3,2.359375
18.0248,6,1.7841796875,8,1.306640625,4,1.82421875,3,2.359375
18.0363,6,1.7841796875,8,1.306640625,4,1.82421875,16,0.75048828125
18.0442,9,1.2822265625,16,1.1298828125,17,0.6318359375,16,0.75048828125
18.0542,9,1.2822265625,16,1.1298828125,7,2.30078125,9,1.74609375
18.0642,15,1.3046875,8,2.265625,7,2.30078125,9,1.74609375
18.0753,15,1.3046875,8,2.265625,7,2.30078125,11,1.1640625
18.0844,3,2.48828125,19,-0.9345703125,11,1.24609375,15,1.306640625
18.0957,3,2.48828125,19,-0.9345703125,19,0.81787109375,15,1.306640625
18.1040,16,0.74072265625,15,1.333984375,19,0.81787109375,15,1.306640625
18.1144,16,0.74072265625,15,1.333984375,5,2.84765625,14,1.1611328125
18.1242,0,3.171875,22,0.634765625,5,2.84765625,14,1.1611328125
18.1357,0,3.171875,22,0.634765625,5,2.84765625,22,0.19677734375
18.1423,13,0.95849609375,22,0.89892578125,17,0.6005859375,22,0.19677734375
18.1548,13,0.95849609375,22,0.89892578125,17,0.6005859375,15,-1.8134765625
18.1645,13,0.95849609375,20,0.599609375,2,3.064453125,15,-1.8134765625
18.1756,16,1.0146484375,20,0.599609375,2,3.064453125,24,0.207275390625
18.1841,16,1.0146484375,25,2.72265625,15,0.308837890625,24,0.207275390625
18.1960,10,0.1474609375,25,2.72265625,15,0.308837890625,13,-0.5478515625
18.2037,18,-0.124267578125,13,-0.173583984375,11,-0.25341796875,13,-0.5478515625
18.2160,18,-0.124267578125,13,-0.173583984375,4,-0.1673583984375,15,-0.63623046875
18.2243,6,-0.355712890625,24,-0.3994140625,4,-0.1673583984375,15,-0.63623046875
18.2356,6,-0.355712890625,24,-0.3994140625,4,-0.1673583984375,19,-0.63037109375
18.2465,4,-0.218994140625,7,-0.837890625,16,-0.228271484375,19,-0.63037109375
18.2575,4,-0.218994140625,7,-0.837890625,16,-0.228271484375,6,-0.52490234375
18.2662,4,-0.218994140625,4,-0.65966796875,13,-0.1815185546875,6,-0.52490234375
18.2759,17,-0.52685546875,4,-0.65966796875,13,-0.1815185546875,14,-0.56298828125
18.2840,17,-0.52685546875,4,-0.65966796875,4,-0.10711669921875,14,-0.56298828125
18.2950,11,-0.140869140625,8,-0.53857421875,4,-0.10711669921875,17,-0.625
18.3032,11,-0.140869140625,8,-0.53857421875,16,-0.048583984375,17,-0.625
18.3143,3,-0.351806640625,17,-0.11639404296875,16,-0.048583984375,5,-0.09912109375
18.3237,3,-0.351806640625,0,-0.326416015625,15,0.1412353515625,5,-0.09912109375
18.3347,4,-0.29638671875,0,-0.326416015625,15,0.1412353515625,0,-0.4853515625
18.3431,4,-0.29638671875,0,-0.326416015625,7,0.04547119140625,0,-0.4853515625
18.3547,16,-0.07489013671875,0,0.1715087890625,7,0.04547119140625,2,-0.1396484375
18.3611,16,-0.07489013671875,0,-0.311279296875,3,-0.033935546875,2,-0.1396484375
18.3739,13,0.06622314453125,0,-0.311279296875,3,-0.033935546875,15,-0.052276611328125
18.3859,13,0.06622314453125,0,-0.469970703125,1,0.044189453125,15,-0.052276611328125
18.3973,6,-0.419189453125,0,-0.469970703125,1,0.044189453125,13,-0.477294921875
18.4059,6,-0.419189453125,0,-0.469970703125,0,0.08380126953125,13,-0.477294921875
18.4145,2,0.124267578125,0,-0.382568359375,0,0.08380126953125,3,-0.171630859375
18.4236,2,0.124267578125,0,0.2109375,0,-0.05548095703125,3,-0.171630859375
18.4342,1,0.119873046875,0,0.2109375,0,-0.05548095703125,0,0.1669921875
18.4427,1,0.119873046875,0,0.2109375,0,-0.11053466796875,0,0.1669921875
18.4561,0,-0.2127685546875,0,0.25146484375,0,-0.11053466796875,0,0.1512451171875
18.4622,0,-0.2127685546875,0,0.25146484375,0,-0.0302276611328125,0,0.1512451171875
18.4767,0,0.059844970703125,0,0.0433349609375,0,-0.0302276611328125,0,0.298095703125
18.4866,0,0.059844970703125,0,0.0433349609375,0,-0.041290283203125,0,0.298095703125
18.4964,0,-0.2056884765625,0,0.270751953125,0,-0.041290283203125,0,0.298095703125
18.5009,0,-0.2056884765625,0,0.270751953125,0,-0.078125,0,0.181884765625
18.5153,0,-0.1815185546875,0,0.3544921875,0,-0.078125,0,0.2109375
18.5209,0,-0.1815185546875,0,0.3544921875,0,-0.00887298583984375,0,0.2109375
18.5320,0,0.09674072265625,0,-0.55859375,0,-0.00887298583984375,0,0.2109375
18.5442,0,0.09674072265625,0,-0.55859375,0,-0.029083251953125,0,-0.199462890625
18.5574,0,0.161865234375,0,0.30126953125,0,-0.029083251953125,0,-0.199462890625
18.5647,0,0.161865234375,0,0.30126953125,0,0.01317596435546875,0,0.216552734375
18.5779,0,-0.1131591796875,0,0.41015625,0,0.01317596435546875,0,0.216552734375
18.5826,0,-0.1131591796875,0,0.41015625,0,-0.029693603515625,0,0.35205078125
18.5935,0,-0.031005859375,0,0.447509765625,0,-0.029693603515625,0,0.35205078125
18.6037,0,-0.031005859375,0,0.447509765625,0,0.04254150390625,-9,-0.228759765625
18.6130,0,0.140380859375,0,0.59814453125,0,0.04254150390625,-9,-0.228759765625
18.6226,0,0.140380859375,0,0.59814453125,0,-0.0450439453125,-15,-0.291748046875
18.6359,0,-0.255615234375,0,0.65234375,0,-0.0450439453125,-15,-0.291748046875
18.6426,0,-0.255615234375,0,0.65234375,0,-0.05609130859375,-6,-0.09954833984375
18.6536,0,-0.064697265625,0,0.004550933837890625,0,-0.05609130859375,-6,-0.09954833984375
18.6660,0,-0.064697265625,0,0.004550933837890625,0,-0.0709228515625,-2,-0.1170654296875
18.6742,0,-0.2039794921875,0,-0.293701171875,0,-0.0709228515625,-2,-0.1170654296875
18.6839,0,-0.2039794921875,0,-0.293701171875,0,-0.0709228515625,0,0.0272674560546875
18.6949,0,0.054779052734375,0,-0.325439453125,0,0.0127105712890625,0,0.0272674560546875
18.7041,0,0.054779052734375,0,-0.325439453125,0,0.0127105712890625,0,-0.1357421875
18.7146,0,0.054779052734375,0,0.650390625,0,0.002002716064453125,0,-0.1357421875
18.7248,0,0.1163330078125,0,0.650390625,0,-0.033477783203125,0,-0.3603515625
18.7346,0,0.1163330078125,0,-0.344482421875,0,-0.033477783203125,0,-0.3603515625
18.7439,0,0.1436767578125,0,-0.344482421875,0,-0.033477783203125,0,0.08233642578125
18.7567,0,0.09307861328125,0,-0.1365966796875,0,0.08502197265625,0,0.08233642578125
18.7665,0,0.09307861328125,0,-0.1365966796875,0,0.08502197265625,0,0.03460693359375
18.7774,0,0.09307861328125,0,-0.1365966796875,0,-0.0758056640625,0,0.03460693359375
18.7859,0,0.055023193359375,0,-0.324462890625,0,-0.0758056640625,0,0.1666259765625
18.7970,0,0.055023193359375,0,-0.324462890625,0,0.01513671875,0,0.1666259765625
18.8041,0,0.06573486328125,0,0.35205078125,0,0.01513671875,0,0.07781982421875
18.8190,0,0.06573486328125,0,-0.04400634765625,0,-0.06829833984375,0,0.07781982421875
18.8266,0,-0.26611328125,0,-0.04400634765625,0,-0.06829833984375,0,0.2335205078125
18.8377,0,-0.26611328125,0,-0.04400634765625,0,-0.0200958251953125,0,0.2335205078125
18.8460,0,0.13671875,0,0.150390625,0,-0.0200958251953125,0,-0.114013671875
18.8576,0,0.13671875,0,0.150390625,0,-0.028045654296875,0,-0.114013671875
18.8650,0,-0.19775390625,0,0.405517578125,0,-0.028045654296875,0,-0.306640625
18.8773,0,-0.19775390625,0,0.405517578125,0,0.028228759765625,0,-0.306640625
18.8845,0,-0.09368896484375,0,0.24365234375,0,0.028228759765625,0,0.2222900390625
18.8969,0,-0.09368896484375,0,0.24365234375,0,-0.08367919921875,0,0.2222900390625
18.9087,0,0.09051513671875,0,-0.400634765625,0,-0.08367919921875,0,0.1820068359375
18.9184,0,0.09051513671875,0,-0.400634765625,0,0.04827880859375,0,0.1820068359375
18.9268,0,0.10638427734375,0,-0.206787109375,0,0.04827880859375,0,0.1820068359375
18.9391,0,0.10638427734375,0,-0.206787109375,0,1.939453125,0,0.2578125
18.9475,0,2.57421875,0,2.392578125,0,1.939453125,0,0.2578125
18.9570,0,2.57421875,0,2.392578125,5,1.28515625,8,1.0712890625
18.9671,0,1.9365234375,13,0.372802734375,5,1.28515625,8,1.0712890625
18.9781,0,1.9365234375,13,0.372802734375,16,0.412353515625,17,0.463623046875
18.9877,0,2.048828125,14,1.025390625,16,0.412353515625,17,0.463623046875
18.9990,0,2.048828125,14,1.025390625,9,1.87109375,0,3.22265625
19.0148,0,2.05078125,1,2.2734375,1,2.267578125,0,2.0546875
19.0249,0,2.28125,0,2.09765625,1,2.267578125,0,2.0546875
19.0367,0,2.28125,0,2.09765625,0,2.197265625,0,2.236328125
19.0429,10,1.0244140625,0,2.5390625,0,2.197265625,0,2.236328125
19.0551,10,1.0244140625,0,2.5390625,0,2.197265625,0,2.32421875
19.0651,14,1.1708984375,0,2.044921875,0,2.236328125,0,2.32421875
19.0746,14,1.1708984375,0,2.044921875,0,2.47265625,0,2.404296875
19.0848,0,2.681640625,6,1.3974609375,0,2.47265625,0,2.404296875
19.0960,0,2.681640625,6,1.3974609375,9,1.1435546875,10,1.193359375
19.1049,0,2.44921875,16,0.79931640625,9,1.1435546875,10,1.193359375
19.1154,0,2.44921875,16,0.79931640625,9,1.1435546875,15,1.3193359375
19.1239,10,1.2314453125,4,3.169921875,17,1.03125,15,1.3193359375
19.1355,10,1.2314453125,4,3.169921875,17,1.03125,0,3.056640625
19.1435,10,1.2314453125,4,3.169921875,0,3.177734375,0,3.056640625
19.1548,14,1.408203125,6,1.87109375,13,0.79248046875,11,1.083984375
19.1615,4,2.68359375,18,0.806640625,13,0.79248046875,11,1.083984375
19.1763,4,2.68359375,18,0.806640625,13,0.79248046875,15,1.392578125
19.1845,16,0.89697265625,9,2.251953125,14,1.96875,15,1.392578125
19.1955,16,0.89697265625,9,2.251953125,14,1.96875,2,2.751953125
19.2040,16,0.89697265625,9,2.251953125,8,1.578125,2,2.751953125
19.2165,16,1.7333984375,12,1.431640625,8,1.578125,15,1.37890625
19.2231,16,1.7333984375,19,1.2392578125,16,0.921875,15,1.37890625
19.2359,14,1.177734375,19,1.2392578125,16,0.921875,15,1.6435546875
19.2442,22,0.59130859375,15,1.7568359375,4,2.95703125,15,1.6435546875
19.2552,22,0.59130859375,15,1.7568359375,4,2.95703125,20,0.83056640625
19.2657,13,2.263671875,24,0.6533203125,16,0.89501953125,20,0.83056640625
19.2759,13,2.263671875,24,0.6533203125,16,0.89501953125,22,1.0439453125
19.2845,27,-0.794921875,20,1.36328125,17,1.4228515625,22,1.0439453125
19.2980,27,-0.794921875,20,1.36328125,17,1.4228515625,24,0.50634765625
19.3042,14,1.642578125,20,1.36328125,9,1.69921875,24,0.50634765625
19.3212,14,1.642578125,30,0.255126953125,9,1.69921875,25,0.8896484375
19.3250,25,0.37646484375,0,4.5625,16,1.244140625,25,0.8896484375
19.3389,25,0.37646484375,0,4.5625,16,1.244140625,22,0.99609375
19.3458,1,4.31640625,15,1.06640625,20,0.89453125,22,0.99609375
19.3560,1,4.31640625,15,1.06640625,24,0.84521484375,29,0.3427734375
19.3651,10,1.4345703125,15,1.06640625,24,0.84521484375,29,0.3427734375
19.3754,10,1.4345703125,14,1.6337890625,24,0.84521484375,6,2.54296875
19.3849,0,2.056640625,14,1.6337890625,17,1.27734375,6,2.54296875
19.3976,0,2.056640625,23,0.50634765625,17,1.27734375,17,0.97509765625
19.4044,13,1.3681640625,23,0.50634765625,26,0.36279296875,17,0.97509765625
19.4194,13,1.3681640625,27,0.52783203125,26,0.36279296875,22,0.85107421875
19.4258,13,1.3681640625,27,0.52783203125,28,0.480224609375,22,0.85107421875
19.4355,14,1.771484375,37,-0.434326171875,28,0.480224609375,31,-0.48388671875
19.4461,14,1.771484375,37,-0.434326171875,34,0.077880859375,31,-0.48388671875
19.4549,24,1.064453125,3,4.94140625,34,0.077880859375,33,0.315673828125
19.4661,24,1.064453125,3,4.94140625,36,0.369140625,33,0.315673828125
19.4753,31,0.3837890625,10,2.232421875,36,0.369140625,33,0.315673828125
19.4881,31,0.3837890625,10,2.232421875,36,0.2279052734375,15,3.021484375
19.4960,29,0.54248046875,19,0.8310546875,36,0.2279052734375,24,0.6845703125
19.5070,29,0.54248046875,19,0.8310546875,19,1.5380859375,24,0.6845703125
19.5191,28,0.9541015625,29,0.47265625,19,1.5380859375,24,0.6845703125
19.5252,28,0.9541015625,29,0.47265625,26,0.6298828125,29,0.68505859375
19.5362,36,0.204833984375,30,0.6865234375,26,0.6298828125,31,0.71728515625
19.5446,36,0.204833984375,30,0.6865234375,32,0.2431640625,31,0.71728515625
19.5553,23,2.572265625,32,0.568359375,32,0.2431640625,31,0.71728515625
19.5653,23,2.572265625,32,0.568359375,30,0.94189453125,9,3.462890625
19.5775,28,1.2548828125,33,0.5654296875,30,0.94189453125,22,0.76123046875
19.5858,28,1.2548828125,33,0.5654296875,33,0.435791015625,22,0.76123046875
19.5987,15,1.1923828125,33,0.5654296875,33,0.435791015625,22,0.76123046875
19.6071,15,1.1923828125,10,2.59375,33,0.435791015625,26,1.1162109375
19.6270,22,1.0517578125,25,0.257568359375,10,1.80078125,28,0.77001953125
19.6381,8,1.791015625,2,4.69921875,10,1.80078125,28,0.77001953125
19.6475,8,1.791015625,2,4.69921875,13,1.4423828125,8,1.873046875
19.6559,7,2.341796875,11,1.8427734375,13,1.4423828125,8,1.873046875
19.6634,7,2.341796875,11,1.8427734375,25,0.6005859375,23,0.666015625
19.6741,15,1.1142578125,11,1.8427734375,25,0.6005859375,23,0.666015625
19.6829,15,1.1142578125,20,0.8779296875,38,0.46826171875,25,0.73828125
19.6936,26,0.54150390625,20,0.8779296875,38,0.46826171875,25,0.73828125
19.7049,26,0.54150390625,30,0.36083984375,38,0.46826171875,28,0.8349609375
19.7131,30,0.55078125,30,0.36083984375,0,1.794921875,28,0.8349609375
19.7243,30,0.55078125,31,0.5205078125,0,1.794921875,31,0.54638671875
19.7357,33,0.2315673828125,31,0.5205078125,11,1.544921875,31,0.54638671875
19.7422,33,0.2315673828125,13,2.548828125,11,1.544921875,33,0.294189453125
19.7560,33,0.2315673828125,13,2.548828125,12,1.8662109375,33,0.294189453125
19.7638,43,1.73828125,28,0.1485595703125,12,1.8662109375,36,0.0693359375
19.7746,3,4.8828125,28,0.1485595703125,25,0.331787109375,36,0.0693359375
19.7835,3,4.8828125,1,5.0,25,0.331787109375,35,0.1937255859375
19.7942,-5,4.58984375,1,5.0,33,-0.0712890625,35,0.1937255859375
19.8065,-5,4.58984375,10,1.5830078125,35,0.055908203125,36,-0.3935546875
19.8158,25,0.666015625,10,1.5830078125,35,0.055908203125,36,-0.3935546875
19.8245,25,0.666015625,22,0.272705078125,35,0.055908203125,36,-0.35400390625
19.8394,3,3.40625,22,0.272705078125,12,1.8603515625,36,-0.35400390625
19.8439,3,3.40625,29,0.4267578125,12,1.8603515625,36,-0.1566162109375
19.8607,3,3.40625,29,0.4267578125,18,0.71240234375,36,-0.1566162109375
19.8667,13,1.349609375,29,0.5390625,18,0.71240234375,39,-0.33740234375
19.8763,19,0.94287109375,29,0.5390625,19,0.69384765625,39,-0.33740234375
19.8853,19,0.94287109375,31,0.4326171875,19,0.69384765625,38,0.046875
19.9001,24,0.60205078125,31,0.4326171875,35,0.3857421875,38,0.046875
19.9071,24,0.60205078125,36,0.1494140625,35,0.3857421875,38,0.13818359375
19.9182,24,0.60205078125,36,0.1494140625,19,1.97265625,38,0.13818359375
19.9254,28,0.480224609375,12,1.7490234375,19,1.97265625,21,1.796875
19.9396,28,0.480224609375,12,1.7490234375,9,1.591796875,21,1.796875
19.9463,17,1.927734375,18,1.4052734375,9,1.591796875,21,1.796875
19.9614,21,0.88330078125,18,1.4052734375,10,2.021484375,32,-0.253173828125
19.9709,21,0.88330078125,15,1.095703125,10,2.021484375,32,-0.253173828125
19.9770,21,0.88330078125,15,1.095703125,21,0.767578125,33,0.320556640625
19.9884,30,0.23828125,29,-0.2939453125,21,0.767578125,33,0.320556640625
19.9968,30,0.23828125,29,-0.2939453125,29,0.3291015625,31,0.74609375
20.0051,33,0.2296142578125,29,0.380126953125,29,0.3291015625,31,0.74609375
20.0188,33,0.2296142578125,29,0.380126953125,30,0.45947265625,12,1.30078125
20.0248,1,4.79296875,31,0.06817626953125,30,0.45947265625,12,1.30078125
20.0364,1,4.79296875,31,0.06817626953125,31,0.326171875,25,0.2218017578125
20.0444,18,0.8232421875,32,-0.79296875,31,0.326171875,25,0.2218017578125
20.0564,18,0.8232421875,32,-0.79296875,34,0.048065185546875,25,0.697265625
20.0673,22,1.3916015625,33,0.216552734375,34,0.048065185546875,25,0.697265625
20.0760,22,1.3916015625,33,0.216552734375,4,3.8203125,28,0.4267578125
20.0845,24,1.365234375,34,0.271728515625,4,3.8203125,28,0.4267578125
20.0965,24,1.365234375,34,0.271728515625,19,1.072265625,30,0.1484375
20.1051,10,2.1796875,19,1.8896484375,19,1.072265625,30,0.1484375
20.1254,24,0.68798828125,31,0.2127685546875,26,0.8388671875,32,-0.73876953125
20.1378,24,0.68798828125,31,0.2127685546875,30,0.5595703125,34,0.1490478515625
20.1590,3,3.482421875,8,4.03515625,31,0.54248046875,8,3.111328125
20.1699,0,1.57421875,8,4.03515625,31,0.54248046875,8,3.111328125
20.1787,0,1.57421875,11,2.212890625,31,0.54248046875,23,0.5625
20.1847,25,-0.1856689453125,24,0.59716796875,1,3.845703125,23,0.5625
20.1957,25,-0.1856689453125,24,0.59716796875,18,1.1142578125,28,0.6884765625
20.2076,18,1.708984375,30,0.64453125,18,1.1142578125,28,0.6884765625
20.2152,18,1.708984375,30,0.64453125,18,1.1142578125,31,0.6875
20.2271,16,1.7470703125,30,0.64453125,25,0.998046875,31,0.6875
20.2396,16,1.7470703125,33,0.4794921875,29,1.11328125,33,-0.1639404296875
20.2486,29,0.6279296875,33,0.4794921875,29,1.11328125,33,-0.1639404296875
20.2599,29,0.6279296875,35,0.379150390625,29,1.11328125,35,0.4365234375
20.2684,30,1.119140625,35,0.379150390625,32,0.6767578125,35,0.4365234375
20.2778,30,1.119140625,37,-0.75439453125,32,0.6767578125,36,0.36572265625
20.2914,23,1.1630859375,37,-0.75439453125,35,0.217529296875,36,0.36572265625
20.2968,23,1.1630859375,35,0.5234375,35,0.217529296875,39,-0.302490234375
20.3056,27,0.94921875,35,0.5234375,35,0.42724609375,39,-0.302490234375
20.3164,27,0.94921875,36,0.27783203125,35,0.42724609375,40,-0.359619140625
20.3251,30,0.677734375,36,0.27783203125,36,0.40185546875,40,-0.359619140625
20.3361,30,0.677734375,40,0.16748046875,36,0.40185546875,37,-0.556640625
20.3445,32,0.798828125,40,0.16748046875,38,0.125732421875,37,-0.556640625
20.3561,32,0.798828125,38,0.491943359375,38,0.125732421875,37,0.12371826171875
20.3644,33,0.67138671875,38,0.491943359375,36,0.48779296875,37,0.12371826171875
20.3753,33,0.67138671875,38,0.34814453125,36,0.48779296875,38,0.1700439453125
20.3842,38,0.04278564453125,38,0.34814453125,36,0.32275390625,38,0.1700439453125
20.3948,38,0.04278564453125,36,0.63134765625,36,0.32275390625,38,0.1700439453125
20.4047,39,0.244384765625,36,0.63134765625,34,0.420166015625,38,-0.1788330078125
20.4159,39,0.244384765625,34,0.62548828125,34,0.420166015625,38,-0.1788330078125
20.4272,5,4.05859375,34,0.62548828125,34,0.53857421875,37,0.0806884765625
20.4353,5,4.05859375,17,1.3740234375,34,0.53857421875,36,-0.254638671875
20.4447,5,4.05859375,17,1.3740234375,15,1.951171875,36,-0.254638671875
20.4572,8,2.4140625,29,0.56201171875,15,1.951171875,36,-0.254638671875
20.4680,8,2.4140625,29,0.56201171875,28,0.75927734375,37,0.62451171875
20.4763,18,1.4853515625,30,0.880859375,28,0.75927734375,37,0.62451171875
20.4891,28,0.8203125,30,0.880859375,28,0.9453125,36,0.25048828125
20.4963,28,0.8203125,5,4.4453125,28,0.9453125,8,2.50390625
20.5088,28,0.8203125,5,4.4453125,32,0.69384765625,8,2.50390625
20.5199,28,1.1376953125,18,1.369140625,32,0.69384765625,15,1.603515625
20.5282,28,1.1376953125,18,1.369140625,33,0.73046875,15,1.603515625
20.5355,32,0.80078125,26,0.82861328125,33,0.73046875,15,1.603515625
20.5444,32,0.80078125,26,0.82861328125,34,0.74169921875,30,-0.63134765625
20.5559,37,0.60546875,29,1.0205078125,34,0.74169921875,30,-0.63134765625
20.5750,35,0.80712890625,33,0.63134765625,38,0.254638671875,32,0.57421875
20.5809,35,0.80712890625,33,0.63134765625,38,0.4384765625,32,0.57421875
20.5891,35,0.72216796875,33,0.63134765625,38,0.4384765625,32,0.57421875
20.6015,35,0.72216796875,35,0.55419921875,38,0.4384765625,32,0.583984375
20.6091,38,0.49609375,35,0.55419921875,38,0.3544921875,32,0.583984375
20.6202,38,0.49609375,35,0.65966796875,38,0.3544921875,34,0.398681640625
20.6319,38,0.49609375,35,0.65966796875,36,0.63427734375,34,0.398681640625
20.6397,40,0.2392578125,36,0.463134765625,36,0.63427734375,36,0.16748046875
20.6516,40,0.2392578125,36,0.463134765625,36,0.53466796875,36,0.16748046875
20.6600,40,0.49560546875,37,0.31640625,36,0.53466796875,36,0.16748046875
20.6688,39,0.5322265625,37,0.31640625,40,0.02557373046875,38,-0.0863037109375
20.6797,39,0.5322265625,38,0.44189453125,40,0.02557373046875,38,-0.0863037109375
20.6916,39,0.5322265625,38,0.44189453125,38,0.295654296875,40,0.2822265625
20.6998,23,1.4765625,31,0.568359375,38,0.295654296875,40,0.2822265625
20.7111,23,1.4765625,31,0.568359375,16,1.6708984375,0,6.890625
20.7207,9,2.59375,10,3.619140625,16,1.6708984375,0,6.890625
20.7308,9,2.59375,10,3.619140625,16,1.837890625,10,2.037109375
20.7400,25,0.89501953125,24,0.8623046875,16,1.837890625,10,2.037109375
20.7505,25,0.89501953125,24,0.8623046875,29,0.7138671875,17,1.17578125
20.7582,7,3.21875,30,0.63427734375,29,0.7138671875,17,1.17578125
20.7681,7,3.21875,30,0.63427734375,35,0.45751953125,29,0.366943359375
20.7815,11,2.712890625,30,0.63427734375,35,0.45751953125,29,0.366943359375
20.7919,11,2.712890625,33,0.94921875,35,0.5849609375,33,0.62841796875
20.7996,27,0.7978515625,33,0.94921875,35,0.5849609375,33,0.62841796875
20.8150,27,0.7978515625,36,0.2386474609375,31,0.796875,33,0.7998046875
20.8266,22,1.6298828125,37,0.363525390625,31,0.796875,33,0.7998046875
20.8307,22,1.6298828125,37,0.363525390625,31,0.796875,34,0.58203125
20.8495,26,1.5322265625,38,0.46533203125,4,4.33984375,36,0.2166748046875
20.8616,11,2.7109375,38,0.46533203125,22,1.00390625,36,0.2166748046875
20.8707,11,2.7109375,42,-0.23876953125,22,1.00390625,37,0.418701171875
20.8789,26,0.92529296875,42,-0.23876953125,28,0.9658203125,37,0.418701171875
20.8876,26,0.92529296875,43,-0.50244140625,30,0.9404296875,48,0.72021484375
20.8987,27,1.2646484375,43,-0.50244140625,30,0.9404296875,48,0.72021484375
20.9061,27,1.2646484375,34,0.87548828125,30,0.9404296875,0,2.423828125
20.9181,32,0.91015625,34,0.87548828125,33,0.60302734375,0,2.423828125
20.9278,32,0.91015625,35,0.50537109375,33,0.60302734375,10,1.955078125
20.9391,35,0.59423828125,35,0.50537109375,36,0.37890625,10,1.955078125
20.9474,35,0.59423828125,39,0.315673828125,36,0.37890625,13,1.728515625
20.9582,33,1.083984375,39,0.315673828125,37,0.462890625,13,1.728515625
20.9685,33,1.083984375,41,0.038421630859375,37,0.462890625,27,0.67919921875
20.9778,34,1.076171875,41,0.038421630859375,36,0.6171875,27,0.67919921875
20.9882,34,1.076171875,43,-0.325927734375,36,0.6171875,34,0.411376953125
20.9999,38,0.378662109375,43,-0.325927734375,37,0.45947265625,34,0.411376953125
21.0085,38,0.378662109375,40,-0.1134033203125,37,0.45947265625,33,0.7470703125
21.0196,39,0.480712890625,40,-0.1134033203125,39,0.3994140625,33,0.7470703125
21.0280,39,0.480712890625,39,-0.48828125,39,0.3994140625,33,0.638671875
21.0382,41,0.33740234375,39,-0.48828125,37,0.50634765625,33,0.638671875
21.0477,41,0.33740234375,39,0.294921875,37,0.50634765625,34,0.66748046875
21.0586,41,0.33740234375,39,0.294921875,37,0.5576171875,34,0.66748046875
21.0673,38,0.73779296875,39,0.292724609375,37,0.5576171875,34,0.399658203125
21.0781,38,0.73779296875,39,0.292724609375,38,0.453369140625,34,0.399658203125
21.0870,37,0.63232421875,40,-0.7099609375,38,0.453369140625,34,0.399658203125
21.0990,37,0.63232421875,40,-0.7099609375,38,0.4912109375,12,2.154296875
21.1076,36,1.0263671875,34,0.8701171875,38,0.4912109375,12,2.154296875
21.1208,36,1.0263671875,34,0.8701171875,37,0.6162109375,26,0.671875
21.1270,33,1.2783203125,33,1.296875,37,0.6162109375,7,2.921875
21.1380,33,1.2783203125,33,1.296875,37,0.441650390625,7,2.921875
21.1465,15,1.6767578125,17,1.5693359375,37,0.441650390625,7,2.921875
21.1577,15,1.6767578125,17,1.5693359375,39,0.2301025390625,8,2.560546875
21.1665,22,1.9755859375,29,0.5771484375,39,0.2301025390625,8,2.560546875
21.1775,22,1.9755859375,29,0.5771484375,39,0.379150390625,18,1.38671875
21.1862,8,2.541015625,31,0.8857421875,39,0.379150390625,18,1.38671875
21.1982,8,2.541015625,31,0.8857421875,40,0.326904296875,28,0.5390625
21.2086,11,2.7890625,33,1.6904296875,40,0.326904296875,28,0.5390625
21.2193,11,2.7890625,33,1.6904296875,42,0.408447265625,34,1.095703125
21.2263,27,1.4169921875,37,0.64404296875,42,0.408447265625,34,1.095703125
21.2376,27,1.4169921875,37,0.64404296875,43,0.404052734375,36,0.98583984375
21.2459,39,0.76708984375,37,0.64404296875,43,0.404052734375,36,0.98583984375
21.2563,39,0.76708984375,37,0.75048828125,40,0.70263671875,37,0.7734375
21.2657,37,1.224609375,37,0.75048828125,40,0.70263671875,37,0.7734375
21.2773,37,1.224609375,38,0.68115234375,40,0.70263671875,36,0.869140625
21.2901,7,3.3046875,42,0.1986083984375,40,0.6220703125,36,0.869140625
21.2995,7,3.3046875,42,0.1986083984375,40,0.6220703125,39,0.266845703125
21.3084,27,1.0,42,0.1986083984375,43,0.3623046875,39,0.266845703125
21.3203,27,1.0,40,1.125,43,0.3623046875,45,0.449462890625
21.3285,26,2.26953125,40,1.125,43,0.6298828125,45,0.449462890625
21.3400,26,2.26953125,41,0.5810546875,43,0.6298828125,41,0.84521484375
21.3482,27,1.84375,41,0.5810546875,44,0.55810546875,41,0.84521484375
21.3590,27,1.84375,40,0.7431640625,44,0.55810546875,41,0.7041015625
21.3687,33,1.0263671875,40,0.7431640625,43,0.6328125,41,0.7041015625
21.3797,33,1.0263671875,41,0.46826171875,43,0.6328125,41,0.3974609375
21.3882,36,1.1298828125,41,0.46826171875,43,0.412109375,41,0.3974609375
21.3995,36,1.1298828125,46,0.1063232421875,43,0.412109375,45,-0.2083740234375
21.4098,36,1.3291015625,46,0.1063232421875,44,0.259765625,45,-0.2083740234375
21.4189,36,1.3291015625,44,0.57861328125,44,0.259765625,46,0.4521484375
21.4279,37,1.2646484375,44,0.57861328125,43,0.431396484375,46,0.4521484375
21.4385,37,1.2646484375,44,0.357666015625,43,0.431396484375,43,0.432861328125
21.4469,43,0.71533203125,44,0.357666015625,43,0.39599609375,43,0.432861328125
21.4581,43,0.71533203125,42,0.4267578125,42,0.452880859375,41,0.6669921875
21.4677,39,1.5771484375,42,0.4267578125,42,0.452880859375,41,0.6669921875
21.4782,39,1.5771484375,44,0.11785888671875,43,0.392578125,41,0.73291015625
21.4866,38,1.181640625,44,0.11785888671875,43,0.392578125,41,0.73291015625
21.4977,38,1.181640625,44,0.15283203125,43,0.392578125,44,0.306884765625
21.5109,40,0.90234375,44,0.15283203125,43,0.421630859375,44,0.306884765625
21.5191,40,0.90234375,42,-0.9677734375,43,0.421630859375,44,0.30908203125
21.5280,40,1.4931640625,42,-0.9677734375,42,0.53125,44,0.30908203125
21.5401,40,1.4931640625,41,0.6474609375,42,0.53125,40,0.90234375
21.5507,40,1.3583984375,41,0.6474609375,42,0.64404296875,40,0.90234375
21.5587,40,1.3583984375,41,0.7080078125,42,0.64404296875,40,1.0166015625
21.5711,40,1.365234375,41,0.7080078125,42,0.69287109375,40,1.0166015625
21.5783,40,1.365234375,41,0.728515625,42,0.69287109375,42,0.5546875
21.5929,40,1.3349609375,40,0.361083984375,40,0.84375,42,0.5546875
21.6025,39,1.3076171875,40,0.361083984375,40,0.8154296875,40,0.82958984375
21.6121,39,1.3076171875,42,0.517578125,40,0.8154296875,40,0.82958984375
21.6212,39,1.3076171875,42,0.517578125,42,0.56298828125,40,0.798828125
21.6284,39,1.2919921875,42,0.517578125,42,0.56298828125,40,0.798828125
21.6408,39,1.2919921875,42,0.78271484375,42,0.56298828125,40,0.798828125
21.6512,41,0.884765625,42,0.78271484375,42,0.5634765625,41,0.7373046875
21.6593,41,0.884765625,40,0.77392578125,42,0.5634765625,41,0.65380859375
21.6711,43,0.81298828125,40,0.77392578125,41,0.80078125,41,0.65380859375
21.6794,43,0.81298828125,40,0.70654296875,41,0.80078125,41,0.65380859375
21.6888,42,1.16796875,40,0.70654296875,40,0.84765625,41,0.60888671875
21.6993,42,1.16796875,40,1.28125,40,0.84765625,41,0.60888671875
21.7124,42,1.16796875,40,1.28125,39,0.8974609375,42,0.7763671875
21.7186,40,1.4775390625,40,0.374267578125,39,0.8974609375,42,0.7626953125
21.7313,39,1.275390625,40,0.374267578125,41,0.5458984375,42,0.7626953125
21.7399,39,1.275390625,41,0.90087890625,41,0.5458984375,42,0.7626953125
21.7502,40,1.2333984375,41,0.90087890625,42,0.50537109375,39,0.91357421875
21.7597,40,1.2333984375,41,0.72265625,42,0.50537109375,39,0.91357421875
21.7708,40,1.2333984375,41,0.72265625,42,0.6982421875,39,0.84814453125
21.7796,41,1.255859375,42,0.64697265625,42,0.6982421875,39,0.84814453125
21.7939,41,1.255859375,42,0.64697265625,41,1.0732421875,41,0.671875
21.8027,40,1.8984375,42,0.64697265625,41,1.0732421875,41,0.671875
21.8140,41,1.1884765625,40,0.51220703125,40,0.68798828125,41,0.325439453125
21.8238,41,1.1884765625,41,0.6337890625,40,0.68798828125,41,0.325439453125
21.8348,41,1.15625,42,0.71728515625,43,0.54345703125,41,0.66845703125
21.8476,41,1.15625,42,0.71728515625,43,0.50390625,40,0.89794921875
21.8566,41,1.052734375,42,0.71728515625,43,0.50390625,40,0.89794921875
21.8662,44,0.81787109375,41,0.681640625,41,0.791015625,40,0.85302734375
21.8763,44,0.81787109375,42,0.58154296875,41,0.791015625,40,0.85302734375
21.8873,44,0.81787109375,42,0.58154296875,41,0.7607421875,40,0.84423828125
21.8956,43,1.1708984375,42,0.58154296875,41,0.7607421875,40,0.84423828125
21.9071,43,1.1708984375,39,0.966796875,39,0.8271484375,40,0.6640625
21.9152,42,1.0654296875,39,0.966796875,39,0.8271484375,40,0.6640625
21.9259,42,1.0654296875,39,0.65673828125,40,0.8115234375,41,0.73095703125
21.9362,40,1.2607421875,39,0.65673828125,40,0.8115234375,41,0.73095703125
21.9470,40,1.2607421875,40,0.57861328125,41,0.62841796875,39,0.94580078125
21.9551,40,1.3515625,40,0.57861328125,41,0.62841796875,39,0.94580078125
21.9667,40,1.3515625,41,0.6689453125,43,0.48583984375,39,0.9697265625
21.9753,40,1.2373046875,41,0.6689453125,43,0.48583984375,39,0.9697265625
21.9868,40,1.2373046875,41,0.64404296875,42,0.7158203125,41,0.491943359375
21.9952,39,1.25390625,41,0.64404296875,42,0.7158203125,41,0.491943359375
22.0071,39,1.25390625,40,0.98828125,42,0.7158203125,41,0.51123046875
22.0147,39,1.1650390625,40,0.98828125,39,0.87353515625,41,0.51123046875
22.0224,39,1.1650390625,39,0.9384765625,40,0.91357421875,40,0.720703125
22.0343,40,1.2568359375,39,0.9384765625,40,0.91357421875,40,0.720703125
22.0454,40,1.2568359375,41,0.5625,41,0.7158203125,40,0.8408203125
22.0557,40,1.1611328125,41,0.5625,41,0.7158203125,40,0.8408203125
22.0666,40,1.1611328125,41,0.8408203125,41,0.7158203125,41,0.79638671875
22.0754,43,0.88330078125,41,0.8408203125,42,0.658203125,41,0.79638671875
22.0906,43,0.88330078125,41,0.68310546875,42,0.658203125,39,0.98583984375
22.0955,42,1.2109375,41,0.68310546875,41,0.79443359375,39,0.98583984375
22.1069,42,1.2109375,39,0.91650390625,41,0.79443359375,39,1.0234375
22.1151,41,1.2919921875,39,0.91650390625,39,0.89208984375,39,1.0234375
22.1271,41,1.2919921875,39,1.2412109375,39,0.89208984375,39,1.0234375
22.1349,39,1.28125,39,1.2412109375,39,0.81884765625,40,0.697265625
22.1458,39,1.28125,40,0.7626953125,39,0.81884765625,40,0.697265625
22.1546,39,1.4189453125,40,0.7626953125,40,0.7216796875,40,0.8681640625
22.1665,39,1.4189453125,40,0.72509765625,40,0.7216796875,40,0.8681640625
22.1750,39,1.392578125,40,0.72509765625,42,0.65478515625,40,0.916015625
22.1861,39,1.392578125,41,0.74560546875,42,0.65478515625,40,0.916015625
22.1944,39,1.4443359375,41,0.74560546875,42,0.75,39,0.87548828125
22.2053,39,1.4443359375,39,1.0283203125,42,0.75,39,0.87548828125
22.2143,39,1.208984375,39,1.0283203125,40,0.95458984375,39,0.89404296875
22.2246,39,1.208984375,39,1.0048828125,40,0.95458984375,39,0.89404296875
22.2333,39,1.4072265625,39,1.0048828125,40,0.79052734375,39,0.94580078125
22.2447,39,1.4072265625,41,0.274658203125,40,0.79052734375,39,0.94580078125
22.2529,38,1.3359375,41,0.274658203125,39,0.80859375,39,0.9599609375
22.2657,38,1.3359375,41,0.218994140625,39,0.80859375,39,0.9599609375
22.2743,40,0.271728515625,41,0.218994140625,39,0.186279296875,39,0.70751953125
22.2857,40,0.271728515625,40,0.299560546875,39,0.186279296875,39,0.70751953125
22.2960,43,0.305419921875,40,0.299560546875,39,0.355224609375,39,0.342041015625
22.3080,43,0.305419921875,40,0.316650390625,39,0.355224609375,39,0.342041015625
22.3157,41,0.255859375,40,0.316650390625,39,-0.1290283203125,38,0.263427734375
22.3267,41,0.255859375,37,0.1932373046875,39,-0.1290283203125,38,0.263427734375
22.3377,41,0.255859375,37,0.1932373046875,39,0.1688232421875,38,0.39990234375
22.3448,8,2.609375,36,-0.548828125,39,0.1688232421875,38,0.39990234375
22.3560,24,0.82080078125,36,-0.548828125,4,5.54296875,37,0.25048828125
22.3678,24,0.82080078125,19,1.2353515625,4,5.54296875,37,0.25048828125
22.3754,0,4.37109375,19,1.2353515625,12,1.84765625,37,-0.27734375
22.3872,0,4.37109375,21,1.044921875,12,1.84765625,37,-0.27734375
22.3960,0,4.37109375,21,1.044921875,12,1.84765625,13,1.6826171875
22.4035,10,2.40234375,34,-0.135498046875,19,1.0390625,13,1.6826171875
22.4157,10,2.40234375,34,-0.135498046875,19,1.0390625,16,1.2939453125
22.4266,14,2.03125,34,-0.135498046875,30,0.36279296875,16,1.2939453125
22.4353,14,2.03125,1,5.84765625,30,0.36279296875,30,0.08447265625
22.4463,26,1.10546875,1,5.84765625,35,0.1658935546875,30,0.08447265625
22.4560,26,1.10546875,10,1.884765625,35,0.1658935546875,29,1.099609375
22.4615,12,3.58203125,20,0.7958984375,0,2.994140625,29,1.099609375
22.4747,12,3.58203125,20,0.7958984375,0,2.994140625,27,1.0
22.4848,17,2.017578125,20,0.7958984375,10,1.849609375,27,1.0
22.4939,17,2.017578125,29,0.41259765625,10,1.849609375,22,0.93505859375
22.5060,30,0.703125,29,0.41259765625,27,0.197998046875,22,0.93505859375
22.5136,30,0.703125,32,0.400146484375,27,0.197998046875,31,0.145263671875
22.5256,35,0.8994140625,32,0.400146484375,27,1.087890625,31,0.145263671875
22.5343,35,0.8994140625,33,0.58837890625,27,1.087890625,33,0.491943359375
22.5455,36,0.72216796875,33,0.58837890625,20,1.2939453125,33,0.491943359375
22.5545,36,0.72216796875,35,0.2491455078125,20,1.2939453125,36,0.1397705078125
22.5653,35,0.8564453125,35,0.2491455078125,16,1.607421875,36,0.1397705078125
22.5758,35,0.8564453125,36,0.422607421875,16,1.607421875,36,0.1397705078125
22.5851,36,0.63671875,36,0.422607421875,30,0.2059326171875,37,0.248291015625
22.5937,36,0.63671875,37,-0.09893798828125,30,0.2059326171875,37,0.248291015625
22.6064,39,0.61328125,37,-0.09893798828125,31,0.65234375,37,0.22900390625
22.6170,37,0.79443359375,38,-0.2008056640625,0,3.5390625,37,0.42138671875
22.6289,37,0.79443359375,38,0.56298828125,0,3.5390625,37,0.42138671875
22.6375,37,0.79443359375,38,0.56298828125,0,3.5390625,38,0.373779296875
22.6488,37,0.95263671875,38,0.56298828125,18,1.412109375,38,0.373779296875
22.6584,37,0.95263671875,37,0.47216796875,18,1.412109375,38,0.373779296875
22.6707,37,0.23681640625,37,0.47216796875,22,1.2529296875,38,0.1805419921875
22.6782,37,0.23681640625,38,0.58984375,22,1.2529296875,38,0.1805419921875
22.6900,38,0.329833984375,38,0.58984375,11,1.5244140625,37,0.297119140625
22.6983,38,0.329833984375,38,0.07806396484375,11,1.5244140625,37,0.297119140625
22.7109,36,0.8154296875,38,0.07806396484375,2,3.716796875,37,0.1103515625
22.7193,36,0.8154296875,38,0.2423095703125,2,3.716796875,37,0.1103515625
22.7304,39,0.458984375,38,0.2423095703125,17,1.21484375,38,0.244140625
22.7382,39,0.458984375,38,0.224609375,17,1.21484375,38,0.244140625
22.7500,38,0.384765625,38,0.224609375,27,0.62890625,36,0.53076171875
22.7589,38,0.384765625,37,0.1658935546875,27,0.62890625,36,0.53076171875
22.7653,37,0.51513671875,37,0.1658935546875,31,0.521484375,36,0.167236328125
22.7781,37,0.51513671875,36,0.31982421875,31,0.521484375,36,0.167236328125
22.7912,37,0.51513671875,36,0.31982421875,31,0.521484375,36,0.35986328125
22.7959,37,0.58837890625,36,-0.424072265625,5,3.3828125,36,0.35986328125
22.8117,0,6.66015625,36,-0.424072265625,10,2.26953125,33,0.7080078125
22.8212,0,6.66015625,11,2.470703125,10,2.26953125,33,0.7080078125
22.8294,20,1.240234375,11,2.470703125,8,2.03125,11,1.943359375
22.8418,20,1.240234375,16,1.0849609375,8,2.03125,11,1.943359375
22.8517,20,1.240234375,16,1.0849609375,8,2.03125,23,0.71630859375
22.8611,8,1.9970703125,27,0.451904296875,21,1.1728515625,23,0.71630859375
22.8718,8,1.9970703125,27,0.451904296875,30,0.533203125,28,0.642578125
22.8805,10,1.8828125,27,0.451904296875,30,0.533203125,28,0.642578125
22.8883,10,1.8828125,9,1.81640625,29,1.0478515625,31,0.391357421875
22.9037,10,2.5546875,9,1.81640625,29,1.0478515625,31,0.391357421875
22.9128,10,2.5546875,13,1.8984375,29,1.0478515625,31,0.705078125
22.9193,19,1.576171875,28,0.486083984375,11,1.8056640625,31,0.705078125
22.9344,19,1.576171875,28,0.486083984375,11,1.8056640625,33,0.43701171875
22.9417,26,1.173828125,28,0.486083984375,12,2.1953125,33,0.43701171875
22.9483,26,1.173828125,30,0.54541015625,12,2.1953125,38,-0.15478515625
22.9609,38,0.21044921875,30,0.54541015625,25,0.763671875,38,-0.15478515625
22.9721,38,0.21044921875,33,0.5810546875,25,0.763671875,38,-0.15478515625
22.9796,39,0.358154296875,37,0.126220703125,35,0.2132568359375,38,0.11676025390625
22.9926,39,0.358154296875,37,0.126220703125,35,0.2132568359375,39,0.168701171875
23.0027,39,0.4833984375,37,0.126220703125,34,0.61962890625,39,0.168701171875
23.0119,39,0.4833984375,35,0.63134765625,34,0.61962890625,39,-0.208984375
23.0212,37,0.62158203125,35,0.63134765625,33,0.380126953125,39,-0.208984375
23.0319,37,0.62158203125,35,0.0386962890625,33,0.380126953125,39,-0.208984375
23.0407,39,0.267333984375,35,0.0386962890625,3,4.57421875,39,-0.037445068359375
23.0516,39,0.267333984375,37,0.1529541015625,3,4.57421875,39,-0.037445068359375
23.0602,42,0.20654296875,37,0.1529541015625,19,1.251953125,37,0.11712646484375
23.0713,42,0.20654296875,38,0.1513671875,19,1.251953125,37,0.11712646484375
23.0796,3,5.671875,38,0.1513671875,24,1.353515625,38,-0.1700439453125
23.0912,3,5.671875,39,-0.08905029296875,24,1.353515625,38,-0.1700439453125
23.0994,10,2.482421875,39,-0.08905029296875,27,0.9501953125,40,-0.351806640625
23.1105,10,2.482421875,39,-0.46826171875,27,0.9501953125,40,-0.351806640625
23.1191,22,1.12109375,39,-0.46826171875,31,0.634765625,0,4.60546875
23.1301,22,1.12109375,37,0.182861328125,31,0.634765625,0,4.60546875
23.1388,29,1.052734375,37,0.182861328125,33,0.53125,10,1.552734375
23.1498,29,1.052734375,37,0.302001953125,33,0.53125,10,1.552734375
23.1597,30,1.1923828125,37,0.302001953125,36,0.393310546875,18,0.859375
23.1699,30,1.1923828125,36,0.58544921875,36,0.393310546875,18,0.859375
23.1793,33,0.94482421875,36,0.58544921875,4,4.00390625,30,-0.1915283203125
23.1905,33,0.94482421875,36,-0.24658203125,4,4.00390625,30,-0.1915283203125
23.1995,34,0.8134765625,36,-0.24658203125,23,0.87451171875,19,1.1826171875
23.2120,34,0.8134765625,39,-0.18505859375,23,0.87451171875,19,1.1826171875
23.2184,10,2.3125,39,-0.18505859375,1,5.21875,6,2.01171875
23.2294,10,2.3125,36,-0.751953125,1,5.21875,6,2.01171875
23.2406,24,1.0302734375,36,-0.751953125,11,2.154296875,16,0.7841796875
23.2493,24,1.0302734375,35,0.372802734375,11,2.154296875,16,0.7841796875
23.2567,25,1.1962890625,35,0.372802734375,23,0.97607421875,26,0.6328125
23.2694,25,1.1962890625,30,0.434814453125,23,0.97607421875,26,0.6328125
23.2781,24,1.892578125,30,0.434814453125,29,0.94677734375,31,0.4013671875
23.2904,24,1.892578125,37,-0.09356689453125,29,0.94677734375,31,0.4013671875
23.2988,38,0.09503173828125,37,-0.09356689453125,29,0.94677734375,33,0.20458984375
23.3116,38,0.09503173828125,39,-0.1806640625,31,0.77783203125,33,0.20458984375
23.3189,1,6.7265625,39,-0.1806640625,34,0.53466796875,35,0.177978515625
23.3309,1,6.7265625,40,-0.05450439453125,34,0.53466796875,35,0.177978515625
23.3373,22,0.8310546875,40,-0.05450439453125,36,0.45361328125,36,0.09393310546875
23.3506,22,0.8310546875,40,0.15185546875,36,0.45361328125,36,0.09393310546875
23.3597,22,0.8310546875,40,0.15185546875,36,0.45361328125,39,-0.247314453125
23.3707,30,1.271484375,39,-0.173828125,37,0.375,39,-0.247314453125
23.3793,30,1.271484375,39,-0.173828125,37,0.375,40,0.1171875
23.3905,2,4.45703125,39,-0.11376953125,38,0.39013671875,40,0.1171875
23.3957,2,4.45703125,39,-0.11376953125,38,0.39013671875,38,0.31982421875
23.4103,10,2.3515625,38,-0.07659912109375,38,0.36572265625,38,0.31982421875
23.4189,10,2.3515625,38,-0.07659912109375,38,0.36572265625,38,0.1444091796875
23.4267,15,1.9755859375,39,-0.475830078125,37,0.369384765625,38,0.1444091796875
23.4385,15,1.9755859375,39,-0.475830078125,37,0.369384765625,38,0.0692138671875
23.4496,25,1.23046875,39,-0.475830078125,38,0.267333984375,38,0.0692138671875
23.4562,25,1.23046875,42,-0.496826171875,38,0.267333984375,37,-0.340087890625
23.4695,32,0.93359375,42,-0.496826171875,38,0.304443359375,37,-0.340087890625
23.4780,32,0.93359375,38,0.1900634765625,38,0.304443359375,37,-0.340087890625
23.4842,33,0.91259765625,38,-0.6162109375,38,0.430419921875,38,0.132568359375
23.5000,33,0.91259765625,38,-0.6162109375,38,0.430419921875,38,0.0743408203125
23.5100,19,1.861328125,38,-0.6162109375,37,0.36669921875,38,0.0743408203125
23.5183,19,1.861328125,39,0.142578125,37,0.36669921875,38,0.0743408203125
23.5297,0,5.03515625,39,0.142578125,38,0.397705078125,37,0.1937255859375
23.5383,0,5.03515625,10,1.69140625,38,0.397705078125,37,0.1937255859375
23.5494,14,1.8974609375,10,1.69140625,5,4.09375,36,-0.45849609375
23.5581,14,1.8974609375,16,0.97900390625,5,4.09375,36,-0.45849609375
23.5693,24,1.197265625,16,0.97900390625,15,1.8681640625,11,1.4453125
23.5787,24,1.197265625,24,0.759765625,15,1.8681640625,11,1.4453125
23.5900,28,1.2236328125,24,0.759765625,33,0.10479736328125,17,1.1162109375
23.5983,28,1.2236328125,11,1.55078125,33,0.10479736328125,17,1.1162109375
23.6096,6,3.564453125,11,1.55078125,2,5.44140625,30,-0.2412109375
23.6181,6,3.564453125,16,1.0966796875,2,5.44140625,30,-0.2412109375
23.6345,22,1.3798828125,31,-0.1827392578125,9,2.396484375,30,0.39990234375
23.6464,25,1.46484375,31,-0.1827392578125,22,0.794921875,33,0.07867431640625
23.6518,25,1.46484375,28,0.6123046875,22,0.794921875,33,0.07867431640625
23.6620,30,0.99755859375,28,0.6123046875,22,0.794921875,38,0.13916015625
23.6717,30,0.99755859375,30,0.7802734375,29,0.89306640625,38,0.13916015625
23.6817,30,0.99755859375,30,0.7802734375,29,0.89306640625,0,3.912109375
23.6931,39,0.54638671875,30,0.7802734375,30,0.80419921875,0,3.912109375
23.7029,39,0.54638671875,35,0.2034912109375,30,0.80419921875,0,3.912109375
23.7128,23,2.328125,35,0.2034912109375,13,2.01953125,10,1.9453125
23.7225,23,2.328125,37,-0.306396484375,13,2.01953125,10,1.9453125
23.7321,26,1.3076171875,37,-0.306396484375,24,0.95849609375,23,0.362060546875
23.7425,26,1.3076171875,39,-0.10382080078125,24,0.95849609375,23,0.362060546875
23.7519,32,0.87158203125,39,-0.10382080078125,26,1.0400390625,29,0.8505859375
23.7627,32,0.87158203125,40,-0.7099609375,26,1.0400390625,29,0.8505859375
23.7724,35,0.8369140625,40,-0.7099609375,29,0.89794921875,32,0.63671875
23.7835,35,0.8369140625,40,-0.2269287109375,29,0.89794921875,32,0.63671875
23.7931,42,0.322509765625,40,-0.2269287109375,33,0.681640625,32,0.78466796875
23.8056,42,0.322509765625,40,-0.2371826171875,33,0.681640625,32,0.78466796875
23.8167,38,1.1240234375,40,-0.2371826171875,33,0.681640625,34,0.319580078125
23.8374,38,0.78173828125,41,0.47607421875,38,0.32275390625,37,0.109375
23.8469,38,0.78173828125,41,-0.927734375,38,0.32275390625,37,0.109375
23.8567,37,0.66748046875,41,-0.927734375,36,0.26171875,38,-0.2005615234375
23.8674,37,0.66748046875,39,-0.2391357421875,36,0.26171875,38,-0.2005615234375
23.8826,37,0.64111328125,28,0.5146484375,37,0.205322265625,40,-0.2198486328125
23.8926,37,0.64111328125,28,0.5146484375,37,0.205322265625,37,0.389404296875
23.9033,36,0.80419921875,21,0.361083984375,38,0.331298828125,37,0.389404296875
23.9129,37,0.59423828125,21,0.361083984375,38,0.331298828125,10,1.5029296875
23.9231,37,0.59423828125,31,-0.595703125,4,4.3125,10,1.5029296875
23.9329,38,0.264892578125,31,-0.595703125,4,4.3125,11,1.7041015625
23.9449,38,0.264892578125,7,2.21484375,22,1.1494140625,11,1.7041015625
23.9577,38,0.264892578125,7,2.21484375,22,1.1494140625,25,0.046875
23.9651,5,4.30078125,10,1.48046875,0,5.43359375,25,0.046875
23.9742,5,4.30078125,10,1.48046875,0,5.43359375,30,-0.69287109375
23.9826,21,1.1669921875,24,0.330078125,11,1.8779296875,30,-0.69287109375
23.9952,21,1.1669921875,24,0.330078125,11,1.8779296875,32,0.38916015625
24.0079,24,1.8583984375,30,0.488525390625,18,1.48828125,32,0.38916015625
24.0159,24,1.8583984375,30,0.488525390625,30,0.58349609375,33,0.3271484375
24.0243,27,1.240234375,33,0.2176513671875,30,0.58349609375,33,0.3271484375
24.0357,27,1.240234375,33,0.2176513671875,31,0.75927734375,35,0.334228515625
24.0431,36,0.413818359375,36,-0.2420654296875,31,0.75927734375,35,0.334228515625
24.0534,36,0.413818359375,36,-0.2420654296875,31,0.75927734375,34,0.3916015625
24.0635,36,0.912109375,38,-0.242919921875,32,0.6025390625,34,0.3916015625
24.0748,36,0.912109375,38,-0.242919921875,32,0.6025390625,38,-0.242431640625
24.0830,7,2.763671875,36,-0.149658203125,34,0.5625,38,-0.242431640625
24.0943,7,2.763671875,36,-0.149658203125,34,0.5625,44,-0.59619140625
24.1011,31,0.305908203125,7,4.2734375,36,0.52587890625,44,-0.59619140625
24.1137,31,0.305908203125,7,4.2734375,36,0.52587890625,2,4.90625
24.1208,20,2.103515625,23,0.460205078125,37,0.57763671875,2,4.90625
24.1333,20,2.103515625,23,0.460205078125,37,0.57763671875,9,2.078125
24.1405,9,2.455078125,0,4.02734375,36,0.57861328125,9,2.078125
24.1532,9,2.455078125,0,4.02734375,36,0.57861328125,16,1.0556640625
24.1604,10,2.74609375,0,4.02734375,36,0.449462890625,16,1.0556640625
24.1728,10,2.74609375,11,1.763671875,36,0.449462890625,16,1.0556640625
24.1822,15,1.9296875,11,1.763671875,40,0.1827392578125,29,0.11834716796875
24.1936,15,1.9296875,24,0.42431640625,40,0.1827392578125,29,0.11834716796875
24.2022,23,1.689453125,24,0.42431640625,39,0.31689453125,38,-0.1776123046875
24.2116,23,1.689453125,28,0.9677734375,39,0.31689453125,31,0.77294921875
24.2226,34,0.607421875,28,0.9677734375,39,0.31689453125,31,0.77294921875
24.2329,34,0.607421875,30,0.5205078125,39,0.31689453125,31,0.77294921875
24.2421,36,0.73193359375,30,0.5205078125,41,-0.0645751953125,33,0.355224609375
24.2531,36,0.73193359375,37,-0.4140625,41,-0.0645751953125,33,0.355224609375
24.2630,36,0.73193359375,37,-0.4140625,41,-0.0645751953125,35,0.1514892578125
24.2749,37,0.8408203125,39,-0.266845703125,41,0.07794189453125,35,0.1514892578125
24.2836,36,0.8408203125,39,-0.266845703125,39,0.31005859375,36,0.354248046875
24.2958,36,0.8408203125,34,-0.77490234375,39,0.31005859375,36,0.354248046875
24.3044,36,0.8408203125,34,-0.77490234375,39,0.31005859375,43,-0.3623046875
24.3160,37,0.837890625,34,0.178466796875,39,0.2193603515625,43,-0.3623046875
24.3265,37,0.837890625,34,0.178466796875,39,0.2193603515625,0,4.9921875
24.3369,39,0.587890625,35,0.1739501953125,39,0.294921875,0,4.9921875
24.3457,39,0.587890625,35,0.1739501953125,39,0.294921875,10,1.9267578125
24.3567,0,6.21484375,36,0.116943359375,38,0.422119140625,10,1.9267578125
24.3652,0,6.21484375,36,0.116943359375,38,0.422119140625,11,1.75
24.3766,10,2.5546875,39,-0.158935546875,38,0.31640625,11,1.75
24.3850,10,2.5546875,39,-0.158935546875,38,0.31640625,23,0.55029296875
24.3962,18,1.609375,37,-0.456787109375,39,0.32568359375,23,0.55029296875
24.4049,18,1.609375,37,-0.456787109375,39,0.32568359375,29,0.7607421875
24.4163,30,0.87451171875,36,0.0482177734375,39,0.2203369140625,29,0.7607421875
24.4249,30,0.87451171875,36,0.0482177734375,39,0.2203369140625,32,0.447509765625
24.4367,21,2.0078125,36,0.373291015625,38,0.49658203125,32,0.447509765625
24.4454,21,2.0078125,36,0.373291015625,38,0.49658203125,33,0.64208984375
24.4564,20,2.47265625,36,0.373291015625,34,1.0908203125,33,0.64208984375
24.4650,20,2.47265625,36,0.2890625,34,1.0908203125,35,0.5224609375
24.4773,33,0.71240234375,39,-0.11663818359375,15,1.703125,35,0.5224609375
24.4856,33,0.71240234375,39,-0.11663818359375,15,1.703125,11,2.4921875
24.4994,0,6.171875,40,0.03680419921875,23,1.7119140625,18,1.603515625
24.5117,11,3.056640625,40,0.03680419921875,28,1.1376953125,18,1.603515625
24.5190,11,3.056640625,38,-0.09088134765625,28,1.1376953125,18,1.603515625
24.5303,31,0.947265625,38,-0.09088134765625,34,0.76220703125,34,0.2020263671875
24.5391,31,0.947265625,39,0.366943359375,34,0.76220703125,34,0.2020263671875
24.5504,21,2.974609375,39,0.366943359375,37,0.72265625,29,1.125
24.5608,21,2.974609375,40,0.396728515625,37,0.72265625,29,1.125
24.5701,21,2.974609375,40,0.396728515625,35,0.9228515625,31,0.80078125
24.5789,23,2.251953125,42,0.1788330078125,35,0.9228515625,31,0.80078125
24.5900,9,3.130859375,42,0.1788330078125,36,0.63720703125,34,0.45263671875
24.5986,9,3.130859375,43,-0.10272216796875,36,0.63720703125,34,0.45263671875
24.6107,23,1.814453125,43,-0.10272216796875,38,0.65771484375,37,0.480224609375
24.6181,23,1.814453125,43,-0.281494140625,38,0.65771484375,37,0.480224609375
24.6293,23,1.814453125,43,-0.281494140625,40,0.4853515625,41,0.418212890625
24.6380,28,1.7529296875,42,-0.38232421875,40,0.4853515625,41,0.418212890625
24.6491,28,1.7529296875,42,-0.38232421875,41,0.509765625,39,0.47412109375
24.6596,32,1.3505859375,42,-0.043731689453125,41,0.509765625,39,0.3466796875
24.6700,32,1.3505859375,42,-0.043731689453125,40,0.54150390625,39,0.3466796875
24.6801,37,1.2431640625,42,-0.23779296875,40,0.54150390625,39,0.3466796875
24.6914,37,1.2431640625,42,-0.23779296875,40,0.52490234375,39,0.387451171875
24.6998,33,1.990234375,42,-0.169677734375,40,0.52490234375,39,0.387451171875
24.7099,33,1.990234375,42,-0.169677734375,41,0.440673828125,39,0.426025390625
24.7196,34,1.455078125,41,-0.193359375,41,0.440673828125,39,0.426025390625
24.7307,34,1.455078125,41,-0.193359375,41,0.440673828125,42,0.0760498046875
24.7394,37,1.1025390625,40,0.17431640625,41,0.4482421875,42,0.0760498046875
24.7506,37,1.1025390625,40,0.17431640625,40,0.59423828125,38,0.71923828125
24.7593,38,1.130859375,40,0.1494140625,40,0.59423828125,38,0.71923828125
24.7687,38,1.130859375,40,0.1494140625,38,0.8623046875,38,0.493408203125
24.7799,37,1.203125,39,0.1419677734375,38,0.8623046875,38,0.493408203125
24.7912,37,1.203125,39,0.1419677734375,38,0.8623046875,39,0.253173828125
24.7993,37,1.3017578125,39,0.1644287109375,37,0.6796875,39,0.253173828125
24.8142,37,1.3017578125,39,0.1644287109375,37,0.6796875,39,0.5009765625
24.8232,36,1.3349609375,39,0.1644287109375,39,0.401611328125,39,0.5009765625
24.8339,36,1.3349609375,39,0.048126220703125,39,0.53466796875,37,0.491943359375
24.8443,36,1.3193359375,39,0.1693115234375,39,0.53466796875,37,0.491943359375
24.8552,36,1.3193359375,39,0.1693115234375,39,0.53466796875,36,0.5537109375
24.8640,37,1.30859375,38,0.46484375,40,0.56396484375,36,0.5537109375
24.8760,37,1.30859375,38,0.46484375,40,0.56396484375,36,0.55908203125
24.8839,37,1.115234375,38,0.46484375,1,5.50390625,36,0.55908203125
24.8967,37,1.17578125,18,1.0869140625,20,1.3671875,36,0.501953125
24.9082,37,1.17578125,18,1.0869140625,12,3.28125,37,0.414306640625
24.9163,38,1.1796875,25,0.89599609375,12,3.28125,37,0.414306640625
24.9277,38,1.1796875,25,0.89599609375,19,1.908203125,37,0.484375
24.9368,38,1.2294921875,13,1.458984375,19,1.908203125,37,0.484375
24.9486,38,1.2294921875,13,1.458984375,19,1.908203125,39,0.1903076171875
24.9571,36,1.529296875,17,1.4833984375,24,1.2744140625,39,0.1903076171875
24.9711,36,1.529296875,17,1.4833984375,24,1.2744140625,39,0.345458984375
24.9794,36,1.3076171875,17,1.4833984375,35,0.5849609375,39,0.345458984375
24.9887,36,1.3076171875,31,0.36279296875,7,3.564453125,37,0.52197265625
24.9978,40,0.7607421875,31,0.36279296875,7,3.564453125,37,0.52197265625
25.0106,40,0.7607421875,30,0.76611328125,7,3.564453125,39,0.54248046875
25.0171,39,1.0419921875,24,1.4306640625,21,1.2451171875,39,0.54248046875
25.0293,39,1.0419921875,24,1.4306640625,21,1.2451171875,40,0.1104736328125
25.0379,39,1.208984375,24,1.4306640625,31,1.0546875,40,0.1104736328125
25.0476,39,1.208984375,21,1.1279296875,31,1.0546875,40,0.455810546875
25.0574,42,0.775390625,21,1.1279296875,5,3.798828125,40,0.455810546875
25.0681,42,0.775390625,28,0.9619140625,8,2.697265625,41,0.2022705078125
25.0775,45,0.366943359375,28,0.9619140625,8,2.697265625,41,0.2022705078125
25.0875,45,0.366943359375,31,0.74169921875,8,2.697265625,42,-0.234375
25.0961,42,0.7001953125,35,0.1944580078125,19,1.5078125,42,-0.234375
25.1071,42,0.7001953125,35,0.1944580078125,19,1.5078125,41,0.2357177734375
25.1157,42,0.68994140625,35,0.1944580078125,30,0.77880859375,41,0.2357177734375
25.1282,42,0.68994140625,36,-0.61962890625,30,0.77880859375,41,0.1085205078125
25.1352,43,0.58837890625,36,-0.61962890625,34,0.66845703125,41,0.1085205078125
25.1466,43,0.58837890625,38,-0.340576171875,34,0.66845703125,43,-0.145263671875
25.1548,41,0.80224609375,38,-0.340576171875,35,0.82763671875,43,-0.145263671875
25.1661,41,0.80224609375,39,-0.1317138671875,35,0.82763671875,43,-0.076171875
25.1749,41,0.75537109375,39,-0.1317138671875,37,0.666015625,43,-0.076171875
25.1857,41,0.75537109375,40,-0.2283935546875,37,0.666015625,39,0.1416015625
25.1944,40,0.97900390625,40,-0.2283935546875,36,0.7548828125,39,0.1416015625
25.2077,40,0.97900390625,38,0.1751708984375,36,0.7548828125,40,-0.10723876953125
25.2140,40,0.82958984375,38,0.1751708984375,37,0.62255859375,40,-0.10723876953125
25.2253,40,0.82958984375,39,0.146728515625,37,0.62255859375,40,-0.406005859375
25.2337,38,1.017578125,39,0.146728515625,36,0.68701171875,40,-0.406005859375
25.2472,38,1.017578125,39,-0.126953125,36,0.68701171875,40,-0.406005859375
25.2540,37,1.0302734375,39,-0.126953125,36,0.7275390625,16,4.5546875
25.2652,37,1.0302734375,38,-0.309814453125,36,0.7275390625,22,1.3291015625
25.2779,37,0.79736328125,38,-0.309814453125,37,0.6591796875,22,1.3291015625
25.2873,37,0.79736328125,37,0.2022705078125,37,0.6591796875,16,1.77734375
25.2957,37,0.79736328125,37,0.2022705078125,36,0.64501953125,16,1.77734375
25.3085,38,1.017578125,37,0.158447265625,36,0.64501953125,28,0.5859375
25.3153,38,1.017578125,37,0.158447265625,35,0.896484375,28,0.5859375
25.3286,37,1.0439453125,8,2.384765625,35,0.896484375,28,0.5859375
25.3393,37,1.0439453125,8,2.384765625,12,2.7265625,4,4.1640625
25.3490,36,1.06640625,8,2.14453125,12,2.7265625,10,2.357421875
25.3613,36,1.06640625,8,2.14453125,26,0.9345703125,10,2.357421875
25.3709,36,1.078125,22,0.59765625,26,0.9345703125,21,0.75244140625
25.3788,36,1.078125,22,0.59765625,30,1.1416015625,21,0.75244140625
25.3890,38,0.6484375,28,0.94287109375,30,1.1416015625,21,0.75244140625
25.3976,38,0.6484375,28,0.94287109375,0,2.412109375,29,0.72021484375
25.4092,39,0.81591796875,31,0.59814453125,0,2.412109375,29,0.72021484375
25.4182,39,0.81591796875,31,0.59814453125,16,1.6572265625,30,0.8408203125
25.4307,38,1.3583984375,35,0.51611328125,16,1.6572265625,30,0.8408203125
25.4397,38,1.3583984375,35,0.51611328125,22,1.9033203125,33,0.583984375
25.4488,39,1.072265625,36,0.4443359375,22,1.9033203125,33,0.583984375
25.4589,39,1.072265625,36,0.4443359375,22,1.9033203125,36,0.392578125
25.4700,41,0.78564453125,36,0.4443359375,27,1.4169921875,36,0.392578125
25.4791,41,0.78564453125,38,0.3017578125,27,1.4169921875,37,0.71044921875
25.4900,39,1.294921875,38,0.3017578125,33,0.89453125,37,0.71044921875
25.4984,39,1.294921875,39,0.296875,33,0.89453125,37,0.6953125
25.5095,40,0.91845703125,40,0.15673828125,36,0.9619140625,37,0.6953125
25.5178,40,0.91845703125,40,0.15673828125,36,0.9619140625,38,0.42578125
25.5291,43,0.671875,40,0.15673828125,36,0.8857421875,38,0.42578125
25.5398,43,0.671875,38,0.30615234375,36,0.8857421875,39,0.287841796875
25.5487,43,0.74560546875,38,0.30615234375,36,0.91015625,39,0.287841796875
25.5575,43,0.74560546875,39,0.2056884765625,36,0.91015625,39,0.50244140625
25.5683,39,1.0791015625,39,0.2056884765625,36,0.87646484375,39,0.50244140625
25.5769,39,1.0791015625,40,-0.21142578125,36,0.87646484375,39,0.427001953125
25.5878,38,1.0712890625,40,-0.21142578125,38,0.78173828125,39,0.427001953125
25.5965,38,1.0712890625,40,0.413330078125,38,0.78173828125,39,0.4453125
25.6073,39,1.1787109375,40,0.413330078125,38,0.88134765625,39,0.4453125
25.6168,39,1.1787109375,39,0.1827392578125,38,0.88134765625,37,0.75341796875
25.6280,38,1.3583984375,39,0.1827392578125,38,0.8046875,37,0.75341796875
25.6364,38,1.3583984375,40,-0.326904296875,38,0.8046875,36,0.53759765625
25.6476,38,1.3583984375,40,-0.326904296875,39,0.7265625,36,0.53759765625
25.6560,38,0.99267578125,39,0.204345703125,39,0.7265625,39,0.273681640625
25.6698,37,1.1943359375,10,3.46875,37,0.85546875,39,0.273681640625
25.6782,37,1.1943359375,10,3.46875,37,0.85546875,39,0.29345703125
25.6893,36,1.1435546875,10,3.46875,38,0.7890625,39,0.29345703125
25.6977,36,1.1435546875,25,0.7763671875,38,0.7890625,39,0.29345703125
25.7094,36,1.1435546875,25,0.7763671875,38,0.82177734375,35,0.55126953125
25.7167,39,0.87890625,2,5.37109375,38,0.82177734375,20,2.412109375
25.7296,39,0.9775390625,2,5.37109375,3,5.44140625,20,2.412109375
25.7363,39,0.9775390625,10,2.169921875,3,5.44140625,20,1.337890625
25.7476,39,0.9775390625,10,2.169921875,22,1.25390625,20,1.337890625
25.7578,39,0.7890625,16,1.3330078125,22,1.25390625,30,0.5751953125
25.7685,39,0.7890625,16,1.3330078125,22,2.21484375,30,0.5751953125
25.7776,2,7.33203125,28,0.8125,22,2.21484375,30,0.5751953125
25.7886,23,1.47265625,28,0.8125,25,1.8046875,33,0.75341796875
25.7961,23,1.47265625,30,0.68212890625,25,1.8046875,35,0.6103515625
25.8088,23,1.47265625,30,0.68212890625,12,2.220703125,35,0.6103515625
25.8186,25,1.8193359375,33,0.61669921875,12,2.220703125,36,0.65283203125
25.8297,25,1.8193359375,33,0.61669921875,28,1.095703125,36,0.65283203125
25.8399,31,1.2431640625,38,0.359375,28,1.095703125,36,0.65283203125
25.8509,31,1.2431640625,38,0.359375,35,0.86767578125,39,0.34326171875
25.8598,40,0.8056640625,39,-0.3798828125,35,0.86767578125,39,0.34326171875
25.8692,40,0.8056640625,39,-0.3798828125,32,1.2197265625,41,0.150146484375
25.8797,35,1.5458984375,40,0.37841796875,32,1.2197265625,41,0.150146484375
25.8909,35,1.5458984375,40,0.37841796875,35,0.98388671875,41,-0.4384765625
25.9004,35,1.2880859375,42,0.08709716796875,35,0.98388671875,41,-0.4384765625
25.9120,35,1.2880859375,42,0.08709716796875,35,0.98388671875,40,0.357177734375
25.9210,41,0.491943359375,42,0.058990478515625,36,0.994140625,40,0.357177734375
25.9321,41,0.491943359375,42,0.058990478515625,36,0.994140625,40,0.210205078125
25.9409,41,0.72216796875,42,-0.406494140625,39,0.64404296875,40,0.210205078125
25.9517,41,0.72216796875,42,-0.406494140625,39,0.64404296875,42,0.2496337890625
25.9604,39,1.130859375,41,0.11029052734375,42,0.533203125,42,0.2496337890625
25.9738,39,1.130859375,41,0.11029052734375,42,0.533203125,40,0.392333984375
25.9813,38,1.1357421875,41,-0.09661865234375,39,0.87060546875,40,0.392333984375
25.9925,38,1.1357421875,41,-0.09661865234375,39,0.87060546875,40,0.31396484375
26.0007,38,1.083984375,39,-0.08367919921875,39,0.83837890625,40,0.31396484375
26.0137,38,1.083984375,39,-0.08367919921875,39,0.83837890625,41,0.183837890625
26.0197,39,0.94140625,40,0.161865234375,38,0.92626953125,41,0.183837890625
26.0322,39,0.94140625,40,0.161865234375,38,0.92626953125,40,0.2310791015625
26.0393,39,0.94970703125,40,0.2105712890625,37,1.0185546875,40,0.2310791015625
26.0519,39,0.94970703125,40,0.2105712890625,37,1.0185546875,38,0.49609375
26.0605,37,1.0576171875,39,0.2286376953125,39,0.787109375,38,0.49609375
26.0715,37,1.0576171875,39,0.2286376953125,39,0.787109375,37,0.4130859375
26.0786,37,1.1494140625,39,-0.314208984375,37,1.1298828125,37,0.4130859375
26.0917,37,1.1494140625,39,-0.314208984375,37,1.1298828125,38,0.3515625
26.1001,38,0.9423828125,37,0.58544921875,37,0.923828125,38,0.3515625
26.1103,38,0.9423828125,37,0.58544921875,37,0.923828125,38,0.47119140625
26.1200,38,0.9423828125,37,0.300048828125,8,3.234375,38,0.47119140625
26.1313,17,3.9609375,37,0.300048828125,8,3.234375,38,0.1729736328125
26.1387,29,1.421875,38,0.3134765625,23,1.3662109375,38,0.1729736328125
26.1511,29,1.421875,38,0.3134765625,23,1.3662109375,9,4.03125
26.1615,30,1.646484375,38,0.3232421875,6,3.640625,9,4.03125
26.1694,30,1.646484375,38,0.3232421875,6,3.640625,20,1.041015625
26.1795,30,1.646484375,37,0.1492919921875,9,2.81640625,20,1.041015625
26.1917,17,2.078125,37,0.1492919921875,9,2.81640625,28,0.75537109375
26.1987,17,2.078125,37,0.3447265625,22,1.7060546875,28,0.75537109375
26.2111,27,1.3818359375,37,0.3447265625,22,1.7060546875,31,0.92724609375
26.2195,27,1.3818359375,39,0.46923828125,29,1.41015625,31,0.92724609375
26.2296,32,1.673828125,39,0.46923828125,29,1.41015625,34,0.59765625
26.2399,32,1.673828125,39,0.46923828125,31,1.380859375,34,0.59765625
26.2503,33,1.3388671875,39,0.1707763671875,31,1.380859375,36,0.46728515625
26.2612,33,1.3388671875,39,0.1707763671875,35,0.96875,36,0.46728515625
26.2698,33,1.51171875,40,0.33740234375,35,0.96875,36,0.46728515625
26.2794,33,1.51171875,42,-0.1976318359375,37,0.9521484375,36,0.572265625
26.2888,34,1.3173828125,42,-0.1976318359375,37,0.9521484375,37,0.47509765625
26.2989,34,1.3173828125,42,-0.1976318359375,36,1.115234375,37,0.47509765625
26.3110,36,1.216796875,42,0.1473388671875,36,1.115234375,39,0.54638671875
26.3183,36,1.216796875,42,0.1473388671875,37,1.0498046875,39,0.54638671875
26.3298,37,1.09765625,40,-0.1793212890625,37,1.0498046875,39,0.54638671875
26.3384,37,1.09765625,40,0.30810546875,36,1.0029296875,37,-1.0048828125
26.3491,42,0.63232421875,40,0.30810546875,36,1.0029296875,36,0.55322265625
26.3597,42,0.63232421875,40,0.30810546875,36,1.134765625,36,0.55322265625
26.3709,42,0.76904296875,39,0.255615234375,36,1.134765625,37,0.35546875
26.3794,42,0.76904296875,39,0.255615234375,39,0.72412109375,37,0.35546875
26.3899,8,3.24609375,40,-0.2110595703125,39,0.72412109375,37,0.35546875
26.3987,8,3.24609375,40,-0.2110595703125,36,1.21484375,38,0.441650390625
26.4099,14,2.400390625,39,-0.0673828125,36,1.21484375,38,0.441650390625
26.4184,14,2.400390625,39,-0.0673828125,31,1.224609375,37,0.556640625
26.4297,30,1.1298828125,36,0.4794921875,31,1.224609375,37,0.556640625
26.4366,30,1.1298828125,36,0.4794921875,8,3.443359375,37,0.53564453125
26.4503,26,1.9716796875,36,0.65966796875,8,3.443359375,37,0.53564453125
26.4589,26,1.9716796875,36,0.65966796875,8,3.443359375,38,0.1373291015625
26.4699,29,1.6533203125,38,0.2017822265625,23,1.48828125,38,0.1373291015625
26.4790,29,1.6533203125,38,0.2017822265625,23,1.48828125,38,0.315673828125
26.4918,29,1.6533203125,38,-0.5078125,25,1.787109375,38,0.315673828125
26.4998,31,1.4228515625,38,-0.5078125,25,1.787109375,39,0.325927734375
26.5127,33,1.515625,42,-0.1717529296875,29,1.4306640625,39,0.325927734375
26.5195,33,1.515625,42,-0.1717529296875,29,1.4306640625,39,0.25146484375
26.5316,34,1.4287109375,40,0.47802734375,35,0.939453125,39,0.25146484375
26.5401,34,1.4287109375,40,0.47802734375,35,0.939453125,39,1.0908203125
26.5511,34,1.4287109375,39,0.36962890625,34,1.978515625,39,1.0908203125
26.5620,37,1.5166015625,39,0.36962890625,34,1.978515625,38,0.9873046875
26.5708,37,1.5166015625,39,0.568359375,34,1.6611328125,38,0.9873046875
26.5796,43,1.0126953125,39,0.568359375,34,1.6611328125,38,0.6396484375
26.5902,40,1.494140625,40,0.45751953125,39,1.0830078125,38,0.6396484375
26.5988,40,1.494140625,40,0.45751953125,39,1.0830078125,41,0.344970703125
26.6105,40,1.494140625,42,0.455322265625,40,1.052734375,41,0.344970703125
26.6183,39,1.4326171875,42,0.455322265625,40,1.052734375,42,0.361083984375
26.6310,39,1.4326171875,40,-1.162109375,39,1.1240234375,42,0.361083984375
26.6379,38,1.5380859375,40,-1.162109375,39,1.1240234375,40,0.701171875
26.6491,38,1.5380859375,40,0.330810546875,39,1.3046875,40,0.701171875
26.6575,38,1.556640625,40,0.330810546875,39,1.3046875,41,0.572265625
26.6688,38,1.556640625,40,0.330810546875,40,1.25390625,41,0.572265625
26.6794,44,1.1572265625,40,0.35888671875,42,0.93408203125,41,0.392333984375
26.6925,41,1.2705078125,41,0.390380859375,42,0.93408203125,41,0.392333984375
26.6994,41,1.2705078125,41,0.390380859375,43,1.091796875,41,0.89697265625
26.7111,40,1.25390625,44,-0.49658203125,43,1.091796875,41,0.89697265625
26.7192,40,1.25390625,44,-0.49658203125,42,0.9501953125,41,0.4541015625
26.7304,40,1.25390625,43,0.56201171875,42,0.9501953125,41,0.4541015625
26.7392,40,1.4150390625,43,0.56201171875,42,0.9501953125,43,0.22802734375
26.7501,40,1.4150390625,43,0.156982421875,42,1.029296875,43,0.22802734375
26.7587,41,1.2333984375,43,0.156982421875,42,1.029296875,41,0.64306640625
26.7695,41,1.2333984375,42,0.3603515625,41,1.203125,41,0.64306640625
26.7780,46,0.60986328125,42,0.3603515625,41,1.203125,41,0.48779296875
26.7891,46,0.60986328125,41,0.301513671875,43,0.8203125,41,0.48779296875
26.7984,44,0.99658203125,41,0.301513671875,43,0.8203125,42,0.54638671875
26.8114,44,0.99658203125,43,0.1826171875,42,1.1181640625,42,0.54638671875
26.8205,43,1.1826171875,43,0.1826171875,42,1.1181640625,42,0.38916015625
26.8324,43,1.1826171875,40,-0.72265625,42,0.2357177734375,42,0.38916015625
26.8426,39,1.1640625,40,-0.72265625,42,0.2357177734375,41,-0.1556396484375
26.8524,39,1.1640625,39,-0.7119140625,40,0.7900390625,41,-0.1556396484375
26.8612,38,1.193359375,39,-0.7119140625,40,0.7900390625,40,0.377197265625
26.8736,38,1.193359375,38,0.235107421875,38,1.044921875,40,0.377197265625
26.8813,40,0.876953125,38,0.235107421875,38,1.044921875,40,0.185791015625
26.8938,40,0.876953125,38,0.235107421875,39,0.912109375,40,0.185791015625
26.9020,38,1.2265625,38,0.278076171875,39,0.912109375,0,5.57421875
26.9140,38,1.2265625,38,0.278076171875,39,0.71826171875,0,5.57421875
26.9226,38,0.77880859375,39,-0.86181640625,39,0.71826171875,0,5.57421875
26.9346,38,0.77880859375,39,-0.86181640625,16,4.3125,10,1.9384765625
26.9417,23,3.79296875,39,0.036895751953125,16,4.3125,10,1.9384765625
26.9528,23,3.79296875,39,0.036895751953125,19,1.880859375,18,0.88720703125
26.9630,27,1.5908203125,37,-0.12322998046875,19,1.880859375,18,0.88720703125
26.9739,27,1.5908203125,37,-0.12322998046875,10,2.302734375,30,0.0596923828125
26.9824,23,1.642578125,37,0.04302978515625,10,2.302734375,30,0.0596923828125
26.9960,23,1.642578125,37,0.04302978515625,23,1.2177734375,30,0.6787109375
27.0030,34,0.6904296875,37,-0.1331787109375,23,1.2177734375,30,0.6787109375
27.0153,34,0.6904296875,37,-0.1331787109375,30,1.0234375,11,3.05078125
27.0261,34,0.6904296875,38,0.3916015625,30,1.0234375,11,3.05078125
27.0338,35,1.146484375,38,0.3916015625,28,1.6201171875,16,1.37890625
27.0425,36,1.234375,40,-0.093505859375,28,1.6201171875,16,1.37890625
27.0533,36,1.234375,40,-0.093505859375,31,1.5419921875,27,0.744140625
27.0637,36,1.21484375,37,0.505859375,31,1.5419921875,27,0.744140625
27.0730,36,1.21484375,37,0.505859375,9,3.203125,30,1.009765625
27.0826,37,1.1708984375,37,0.4541015625,9,3.203125,30,1.009765625
27.0948,37,1.1708984375,37,0.4541015625,24,2.083984375,35,1.17578125
27.1029,37,1.1708984375,42,0.298583984375,24,2.083984375,35,1.17578125
27.1155,38,1.55078125,42,0.298583984375,28,2.0625,37,1.0517578125
27.1231,38,1.55078125,42,0.377685546875,28,2.0625,37,1.0517578125
27.1339,40,1.6025390625,42,0.377685546875,34,1.6005859375,35,1.248046875
27.1426,40,1.6025390625,44,0.51904296875,34,1.6005859375,35,1.248046875
27.1559,41,1.50390625,44,0.51904296875,34,1.6005859375,36,1.220703125
27.1637,41,1.50390625,43,0.142822265625,38,1.3701171875,36,1.220703125
27.1771,41,2.3828125,43,0.142822265625,38,1.3701171875,42,1.265625
27.1844,44,1.30078125,43,0.76025390625,37,2.140625,42,1.265625
27.1964,44,1.30078125,43,0.76025390625,37,2.140625,44,0.68212890625
27.2036,44,1.30078125,43,0.76025390625,39,1.6748046875,44,0.68212890625
27.2135,46,1.453125,44,0.49365234375,39,1.6748046875,43,1.1328125
27.2221,46,1.453125,47,-0.58447265625,44,1.310546875,43,1.1328125
27.2343,46,1.3798828125,47,-0.58447265625,44,1.310546875,43,0.943359375
27.2431,46,1.3798828125,45,0.4345703125,44,1.30078125,43,0.943359375
27.2525,46,1.4609375,45,0.4345703125,44,1.30078125,43,1.08984375
27.2629,46,1.4609375,45,0.4345703125,45,1.48046875,43,1.08984375
27.2721,46,1.40234375,44,0.4326171875,45,1.48046875,48,0.12469482421875
27.2824,46,1.40234375,44,0.4326171875,45,1.4736328125,48,0.12469482421875
27.2946,47,1.4375,47,0.348388671875,45,1.4736328125,48,0.12469482421875
27.3025,47,1.4375,49,0.25927734375,46,1.400390625,51,0.6015625
27.3128,46,1.4716796875,49,0.25927734375,46,1.400390625,36,1.650390625
27.3227,46,1.4716796875,49,0.25927734375,47,1.2412109375,36,1.650390625
27.3325,48,1.224609375,49,0.329345703125,47,1.2412109375,38,1.2177734375
27.3422,48,1.224609375,49,0.329345703125,48,1.130859375,38,1.2177734375
27.3517,47,1.310546875,48,-0.389404296875,48,1.130859375,41,0.908203125
27.3638,47,1.310546875,48,-0.389404296875,47,1.3740234375,41,0.908203125
27.3731,50,1.033203125,47,0.43115234375,47,1.3740234375,41,0.908203125
27.3832,50,1.033203125,47,0.43115234375,48,1.0986328125,51,0.405517578125
27.3931,50,1.1083984375,48,0.58154296875,48,1.0986328125,51,0.405517578125
27.4035,50,1.1083984375,48,0.58154296875,47,1.3564453125,44,1.0380859375
27.4137,48,1.986328125,51,1.380859375,47,1.3564453125,44,1.0380859375
27.4232,48,1.986328125,51,1.380859375,50,1.5576171875,44,1.7373046875
27.4329,48,1.822265625,48,0.77783203125,50,1.5576171875,45,1.09765625
27.4429,48,1.822265625,48,0.77783203125,49,1.712890625,45,1.09765625
27.4538,48,1.822265625,49,0.76611328125,49,1.712890625,45,1.09765625
27.4611,50,1.66015625,49,0.76611328125,50,1.5693359375,54,0.423095703125
27.4749,50,1.66015625,49,0.69677734375,50,1.5693359375,54,0.423095703125
27.4823,49,1.6982421875,49,0.69677734375,50,1.5146484375,48,1.4638671875
27.4916,49,1.6982421875,53,0.52587890625,50,1.5146484375,48,1.4638671875
27.5015,49,1.76953125,53,0.52587890625,52,1.4619140625,48,1.2177734375
27.5117,49,1.76953125,52,0.60400390625,52,1.4619140625,48,1.2177734375
27.5196,49,1.78125,52,0.60400390625,51,1.5693359375,49,1.0576171875
27.5309,49,1.78125,51,0.6962890625,51,1.5693359375,49,1.0576171875
27.5405,54,1.1337890625,51,0.6962890625,52,1.3271484375,54,0.447998046875
27.5517,54,1.1337890625,51,0.65625,52,1.3271484375,54,0.447998046875
27.5606,55,1.48828125,51,0.65625,51,1.599609375,53,0.94189453125
27.5712,55,1.48828125,54,0.279052734375,51,1.599609375,53,0.94189453125
27.5812,52,1.66015625,54,0.279052734375,55,1.2255859375,52,0.8837890625
27.5908,52,1.66015625,52,0.353759765625,55,1.2255859375,52,0.8837890625
27.6005,52,1.5966796875,52,0.353759765625,53,1.5068359375,50,0.80029296875
27.6128,52,1.5966796875,53,0.5751953125,53,1.5068359375,50,0.80029296875
27.6199,55,1.404296875,53,0.5751953125,53,1.423828125,58,0.293212890625
27.6337,55,1.404296875,55,0.39111328125,53,1.423828125,58,0.293212890625
27.6412,54,1.50390625,55,0.39111328125,53,1.423828125,54,0.85791015625
27.6535,54,1.50390625,55,0.39111328125,53,1.2783203125,54,0.85791015625
27.6623,53,0.56640625,56,-0.146728515625,53,1.2783203125,53,-0.172119140625
27.6757,53,0.56640625,56,-0.1810302734375,55,0.51123046875,53,-0.172119140625
27.6816,53,0.90380859375,56,-0.1810302734375,55,0.51123046875,52,0.6005859375
27.6945,53,0.90380859375,53,0.203857421875,52,1.1044921875,52,0.6005859375
27.6998,56,0.67626953125,53,0.203857421875,52,1.1044921875,56,0.334716796875
27.7134,56,0.67626953125,53,0.203857421875,53,0.78662109375,56,0.334716796875
27.7207,54,1.02734375,54,-0.4287109375,53,0.78662109375,53,0.42138671875
27.7330,54,1.02734375,54,-0.4287109375,53,0.2210693359375,53,0.42138671875
27.7402,51,0.7470703125,53,0.141845703125,53,0.2210693359375,51,0.2322998046875
27.7536,51,0.7470703125,53,0.141845703125,53,0.40087890625,51,0.2322998046875
27.7609,51,0.7470703125,52,-0.375244140625,53,0.40087890625,50,0.247802734375
27.7741,51,0.626953125,52,-0.375244140625,52,0.328125,50,0.247802734375
27.7812,51,0.626953125,51,1.3896484375,52,0.328125,54,-1.0283203125
27.7938,51,-0.1456298828125,51,1.3896484375,48,0.3779296875,54,-1.0283203125
27.8015,48,0.53662109375,50,0.615234375,48,0.3779296875,47,0.19873046875
27.8164,48,0.53662109375,50,0.615234375,48,0.3984375,47,0.19873046875
27.8249,46,0.51904296875,48,1.853515625,48,0.3984375,45,-0.82861328125
27.8369,46,0.51904296875,48,1.853515625,46,2.224609375,45,-0.82861328125
27.8465,46,0.51904296875,0,-0.43115234375,46,2.224609375,45,-0.82861328125
27.8564,2,-0.462158203125,0,-0.43115234375,18,0.0400390625,43,-0.8984375
27.8665,2,-0.462158203125,10,-1.044921875,18,0.0400390625,43,-0.8984375
27.8779,11,-0.376220703125,10,-1.044921875,23,0.1343994140625,42,-0.802734375
27.8848,11,-0.376220703125,9,0.3037109375,23,0.1343994140625,42,-0.802734375
27.8980,16,-0.22216796875,9,0.3037109375,11,-0.2232666015625,5,-0.853515625
27.9062,16,-0.22216796875,20,-0.278076171875,11,-0.2232666015625,5,-0.853515625
27.9159,28,-0.365234375,20,-0.278076171875,17,-0.168701171875,10,-0.81689453125
27.9255,28,-0.365234375,28,-0.4375,17,-0.168701171875,10,-0.81689453125
27.9373,3,-0.61572265625,28,-0.4375,19,-0.177490234375,3,-0.78857421875
27.9447,3,-0.61572265625,0,-0.2437744140625,19,-0.177490234375,3,-0.78857421875
27.9568,12,-0.17724609375,0,-0.2437744140625,13,0.1932373046875,16,-0.6318359375
27.9655,12,-0.17724609375,14,0.219482421875,13,0.1932373046875,16,-0.6318359375
27.9749,0,-0.3876953125,14,0.219482421875,30,0.1197509765625,15,-0.471923828125
27.9850,0,-0.3876953125,10,-0.468994140625,30,0.1197509765625,15,-0.471923828125
27.9959,0,-0.126953125,10,-0.468994140625,10,0.143798828125,1,-0.407470703125
28.0041,0,-0.126953125,1,-0.3388671875,10,0.143798828125,1,-0.407470703125
28.0154,1,-0.2388916015625,1,-0.3388671875,5,-0.019775390625,6,-0.357177734375
28.0275,1,-0.2388916015625,6,0.333740234375,5,-0.019775390625,6,-0.357177734375
28.0359,17,-0.0753173828125,6,0.333740234375,5,-0.019775390625,16,-0.29931640625
28.0460,17,-0.0753173828125,15,-0.329833984375,2,-0.054290771484375,16,-0.29931640625
28.0569,5,-0.173828125,15,-0.329833984375,2,-0.054290771484375,6,-0.452880859375
28.0645,5,-0.173828125,8,0.3359375,6,0.0943603515625,6,-0.452880859375
28.0751,2,-0.0987548828125,8,0.3359375,18,-0.056610107421875,0,-0.32373046875
28.0839,2,-0.0987548828125,2,0.274658203125,18,-0.056610107421875,0,-0.32373046875
28.0967,1,0.1790771484375,2,0.274658203125,18,-0.056610107421875,0,0.061798095703125
28.1059,1,0.1790771484375,0,-0.64453125,3,-0.0252685546875,0,0.061798095703125
28.1216,0,-0.0916748046875,0,-0.2423095703125,1,-0.09051513671875,0,0.1417236328125
28.1333,0,0.1458740234375,0,-0.2423095703125,1,-0.09051513671875,0,-0.08184814453125
28.1408,0,0.1458740234375,0,-0.8115234375,0,0.0562744140625,0,-0.08184814453125
28.1519,0,-0.1680908203125,0,-0.8115234375,0,0.0562744140625,0,-0.1529541015625
28.1629,0,-0.1680908203125,0,0.19287109375,0,-0.04168701171875,0,-0.1529541015625
28.1724,0,-0.13671875,0,0.19287109375,0,-0.04168701171875,0,0.2015380859375
28.1827,0,-0.13671875,0,0.19287109375,0,-0.02203369140625,0,0.2015380859375
28.1943,0,-0.0892333984375,0,0.314697265625,0,-0.02203369140625,0,0.12152099609375
28.2015,0,-0.0892333984375,0,0.34326171875,0,-0.023223876953125,0,0.12152099609375
28.2147,0,-0.27685546875,0,0.34326171875,0,-0.023223876953125,0,0.12152099609375
28.2226,0,-0.27685546875,0,0.38623046875,0,-0.086181640625,0,0.2239990234375
28.2324,0,0.348876953125,0,0.38623046875,0,-0.086181640625,0,0.1611328125
28.2421,0,0.348876953125,0,0.38623046875,0,0.07476806640625,0,0.1611328125
28.2547,0,0.2113037109375,0,0.294189453125,0,0.07476806640625,0,0.1611328125
28.2631,0,0.2113037109375,0,0.294189453125,0,-0.032135009765625,0,0.2900390625
28.2727,0,-0.46533203125,0,0.145751953125,0,-0.032135009765625,0,0.2900390625
28.2841,0,-0.46533203125,0,0.145751953125,0,-0.03704833984375,0,-0.2685546875
28.2959,0,1.609375,0,-0.08648681640625,0,-0.03704833984375,0,-0.2685546875
28.3032,0,1.609375,0,-0.08648681640625,0,2.39453125,0,3.341796875
28.3181,0,2.306640625,0,2.5390625,0,2.39453125,0,2.087890625
28.3221,0,2.306640625,0,2.080078125,0,2.150390625,0,2.087890625
28.3336,0,2.177734375,0,2.080078125,0,2.150390625,0,2.087890625
28.3450,0,2.177734375,0,2.275390625,0,2.48828125,0,2.365234375
28.3530,6,1.3916015625,0,2.275390625,0,2.48828125,0,2.365234375
28.3653,6,1.3916015625,0,2.275390625,0,2.732421875,0,2.755859375
28.3767,16,1.2509765625,6,1.7607421875,0,2.732421875,0,2.755859375
28.3837,16,1.2509765625,18,0.83203125,0,2.56640625,5,1.4814453125
28.3946,1,3.2578125,18,0.83203125,0,2.56640625,5,1.4814453125
28.4061,1,3.2578125,5,2.201171875,4,1.9248046875,18,0.6416015625
28.4171,0,2.580078125,5,2.201171875,4,1.9248046875,18,0.6416015625
28.4226,0,2.580078125,5,2.201171875,17,1.0048828125,2,3.537109375
28.4348,0,2.84375,0,2.703125,17,1.0048828125,2,3.537109375
28.4434,0,2.84375,0,2.703125,7,3.154296875,0,3.513671875
28.4544,14,1.5263671875,0,3.06640625,7,3.154296875,0,3.513671875
28.4640,14,1.5263671875,0,3.06640625,2,2.94921875,5,2.3125
28.4779,15,2.4609375,15,2.060546875,2,2.94921875,5,2.3125
28.4840,15,2.4609375,15,2.060546875,16,1.5146484375,17,1.52734375
28.4979,15,2.4609375,14,2.080078125,16,1.5146484375,17,1.52734375
28.5029,9,2.328125,14,2.080078125,15,2.318359375,3,3.6875
28.5170,9,2.328125,10,2.22265625,15,2.318359375,3,3.6875
28.5226,20,1.341796875,10,2.22265625,11,2.099609375,14,1.61328125
28.5365,20,1.341796875,15,1.9814453125,11,2.099609375,14,1.61328125
28.5422,15,2.5703125,15,1.9814453125,11,2.099609375,15,2.146484375
28.5550,15,2.5703125,19,1.3544921875,16,2.134765625,15,2.146484375
28.5638,24,1.353515625,19,1.3544921875,16,2.134765625,24,1.072265625
28.5762,24,1.353515625,25,1.3994140625,8,2.56640625,24,1.072265625
28.5818,23,1.63671875,25,1.3994140625,8,2.56640625,31,0.8349609375
28.5959,23,1.63671875,27,1.189453125,16,1.904296875,31,0.8349609375
28.6015,32,0.71484375,27,1.189453125,16,1.904296875,32,1.123046875
28.6155,32,0.71484375,29,1.201171875,23,1.166015625,32,1.123046875
28.6211,36,0.66748046875,29,1.201171875,23,1.166015625,22,1.9697265625
28.6321,36,0.66748046875,35,0.37451171875,33,0.693359375,22,1.9697265625
28.6448,36,0.73095703125,35,0.37451171875,33,0.693359375,22,1.9697265625
28.6528,36,0.73095703125,40,0.265869140625,37,0.7490234375,33,0.64404296875
28.6624,39,0.444580078125,40,0.265869140625,37,0.7490234375,33,0.64404296875
28.6733,39,0.444580078125,40,0.498291015625,34,1.16015625,37,0.71826171875
28.6827,40,0.449951171875,40,0.498291015625,34,1.16015625,37,0.71826171875
28.6932,40,0.449951171875,39,0.7734375,34,0.9384765625,38,0.619140625
28.7074,39,0.5,39,0.7734375,37,0.61767578125,37,0.71875
28.7156,39,0.5,39,0.67529296875,37,0.61767578125,37,0.71875
28.7212,38,0.55419921875,39,0.67529296875,37,0.61767578125,37,0.71875
28.7354,38,0.55419921875,39,0.67529296875,38,0.5830078125,37,0.72216796875
28.7427,38,0.6650390625,41,0.41943359375,38,0.5830078125,37,0.72216796875
28.7528,38,0.6650390625,41,0.335205078125,40,0.56103515625,39,0.59912109375
28.7650,38,0.61572265625,41,0.335205078125,40,0.56103515625,39,0.59912109375
28.7731,38,0.61572265625,40,0.560546875,39,0.66455078125,37,0.87353515625
28.7808,40,0.31982421875,40,0.560546875,39,0.66455078125,37,0.87353515625
28.7941,40,0.31982421875,39,0.52197265625,36,0.85888671875,36,0.74267578125
28.8022,38,0.5849609375,39,0.52197265625,36,0.85888671875,36,0.74267578125
28.8242,37,0.64404296875,16,1.8427734375,36,0.53466796875,37,0.23876953125
28.8355,37,0.64404296875,16,1.8427734375,33,0.728515625,37,0.50537109375
28.8426,0,4.98828125,4,2.6171875,33,0.728515625,37,0.50537109375
28.8551,0,4.98828125,4,2.6171875,0,6.21875,36,0.0357666015625
28.8627,9,2.103515625,17,0.88671875,0,6.21875,36,0.0357666015625
28.8726,9,2.103515625,17,0.88671875,17,1.1943359375,33,0.7841796875
28.8851,9,2.103515625,23,1.1484375,17,1.1943359375,33,0.7841796875
28.8935,15,1.2041015625,27,0.97216796875,22,1.41015625,15,1.2705078125
28.9055,29,0.378173828125,27,0.97216796875,22,1.41015625,15,1.2705078125
28.9147,29,0.378173828125,11,2.451171875,25,0.71728515625,27,-0.3203125
28.9245,28,-0.04046630859375,11,2.451171875,25,0.71728515625,27,-0.3203125
28.9396,30,0.330078125,24,0.50927734375,29,0.25390625,29,0.267822265625
28.9517,30,0.330078125,24,0.50927734375,32,0.0943603515625,31,0.392578125
28.9633,32,-0.161865234375,28,0.250732421875,32,0.0943603515625,31,0.392578125
28.9736,32,-0.161865234375,28,0.250732421875,32,0.0943603515625,33,-0.385009765625
28.9828,32,-0.161865234375,25,0.1492919921875,20,2.240234375,33,-0.385009765625
28.9948,33,-0.1282958984375,25,0.1492919921875,20,2.240234375,8,-0.67919921875
29.0033,33,-0.1282958984375,2,-0.318603515625,21,-0.13134765625,8,-0.67919921875
29.0152,0,-0.681640625,2,-0.318603515625,21,-0.13134765625,10,-0.36572265625
29.0226,0,-0.681640625,15,-0.576171875,6,-0.2568359375,10,-0.36572265625
29.0325,13,-0.208740234375,15,-0.576171875,18,-0.2213134765625,18,-0.7744140625
29.0439,13,-0.208740234375,14,-0.68994140625,18,-0.2213134765625,18,-0.7744140625
29.0520,9,-0.1787109375,14,-0.68994140625,18,-0.2213134765625,6,-0.546875
29.0636,9,-0.1787109375,5,-0.24072265625,13,0.1683349609375,6,-0.546875
29.0715,16,-0.303955078125,5,-0.24072265625,13,0.1683349609375,15,-0.580078125
29.0817,16,-0.303955078125,17,-0.64990234375,7,0.21240234375,15,-0.580078125
29.0927,18,-0.412841796875,17,-0.64990234375,7,0.21240234375,15,-0.580078125
29.1028,18,-0.412841796875,13,0.319091796875,18,0.13525390625,17,-0.4033203125
29.1124,9,-0.439453125,13,0.319091796875,18,0.13525390625,17,-0.4033203125
29.1221,9,-0.439453125,3,-0.397705078125,15,0.13232421875,3,-0.348388671875
29.1344,4,-0.407958984375,3,-0.397705078125,15,0.13232421875,3,-0.348388671875
29.1420,4,-0.407958984375,3,-0.397705078125,7,0.16259765625,0,-0.260498046875
29.1525,15,1.1708984375,5,1.5830078125,7,0.16259765625,0,-0.260498046875
29.1594,18,0.73046875,17,-0.61669921875,12,0.7900390625,12,0.8583984375
29.1722,18,0.73046875,17,-0.61669921875,12,0.7900390625,15,1.0107421875
29.1834,18,0.73046875,11,1.6611328125,20,0.28125,15,1.0107421875
29.1929,5,1.875,11,1.6611328125,20,0.28125,15,1.0107421875
29.2030,5,1.875,6,1.7001953125,0,2.6484375,0,2.57421875
29.2155,17,0.395263671875,6,1.7001953125,0,2.6484375,0,2.57421875
29.2225,17,0.395263671875,6,1.7001953125,10,1.0771484375,0,2.12109375
29.2349,3,2.43359375,18,0.457275390625,10,1.0771484375,0,2.12109375
29.2458,3,2.43359375,18,0.457275390625,9,1.51953125,14,1.240234375
29.2549,1,2.267578125,16,1.4619140625,9,1.51953125,14,1.240234375
29.2661,1,2.267578125,16,1.4619140625,9,2.158203125,14,2.0234375
29.2742,6,1.8466796875,1,2.802734375,9,2.158203125,14,2.0234375
29.2832,6,1.8466796875,1,2.802734375,9,2.158203125,0,2.822265625
29.2940,18,0.71923828125,12,1.3203125,0,2.794921875,0,2.822265625
29.3052,18,0.71923828125,12,1.3203125,13,1.033203125,7,1.4580078125
29.3159,18,0.71923828125,15,1.568359375,13,1.033203125,7,1.4580078125
29.3230,2,3.69140625,15,1.568359375,15,1.6640625,16,1.1640625
29.3340,2,3.69140625,4,2.240234375,15,1.6640625,16,1.1640625
29.3439,10,1.4228515625,4,2.240234375,15,1.6640625,2,3.111328125
29.3537,10,1.4228515625,17,0.60986328125,4,2.29296875,2,3.111328125
29.3637,16,1.353515625,17,0.60986328125,4,2.29296875,16,1.21484375
29.3732,16,1.353515625,0,3.931640625,17,0.9140625,16,1.21484375
29.3828,10,2.236328125,0,3.931640625,17,0.9140625,16,1.21484375
29.3958,10,2.236328125,12,1.9130859375,0,4.5,10,1.80078125
29.4040,21,1.26171875,12,1.9130859375,0,4.5,10,1.80078125
29.4171,21,1.26171875,16,2.0078125,13,1.7216796875,13,1.9482421875
29.4234,15,2.291015625,16,2.0078125,13,1.7216796875,16,1.7978515625
29.4344,15,2.291015625,9,2.263671875,14,2.12890625,16,1.7978515625
29.4441,23,1.0966796875,9,2.263671875,14,2.12890625,16,1.7978515625
29.4552,23,1.0966796875,16,1.4326171875,22,0.77783203125,25,0.91357421875
29.4638,23,1.875,16,1.4326171875,22,0.77783203125,25,0.91357421875
29.4751,23,1.875,23,0.2919921875,24,1.4814453125,32,0.73681640625
29.4846,11,2.130859375,23,0.2919921875,24,1.4814453125,33,1.072265625
29.4960,11,2.130859375,31,-0.33984375,28,0.68505859375,33,1.072265625
29.5041,15,1.6953125,31,-0.33984375,28,0.68505859375,33,1.072265625
29.5181,27,0.5888671875,34,0.1279296875,28,0.8173828125,34,0.265380859375
29.5294,27,0.5888671875,3,4.16015625,35,-0.034149169921875,35,0.250244140625
29.5378,29,0.9345703125,3,4.16015625,35,-0.034149169921875,35,0.250244140625
29.5478,32,0.59521484375,19,0.9814453125,36,0.1402587890625,8,3.494140625
29.5553,32,0.59521484375,19,0.9814453125,36,0.1402587890625,22,0.78125
29.5696,32,0.59521484375,23,1.55078125,22,0.947265625,22,0.78125
29.5744,7,2.27734375,23,1.55078125,22,0.947265625,26,0.83349609375
29.5866,22,0.76171875,25,0.830078125,20,1.4072265625,26,0.83349609375
29.5952,22,0.76171875,25,0.830078125,20,1.4072265625,29,0.603515625
29.6106,26,0.78076171875,11,1.84375,31,0.2646484375,29,0.603515625
29.6167,26,0.78076171875,11,1.84375,31,0.2646484375,30,0.974609375
29.6290,26,0.78076171875,24,0.49951171875,36,0.17919921875,30,0.974609375
29.6355,3,2.546875,24,0.49951171875,36,0.17919921875,29,1.109375
29.6457,3,2.546875,5,3.142578125,37,0.08807373046875,29,1.109375
29.6589,15,1.228515625,5,3.142578125,37,0.08807373046875,29,1.109375
29.6669,15,1.228515625,9,2.166015625,8,2.53125,17,1.4208984375
29.6766,23,0.86962890625,9,2.166015625,8,2.53125,17,1.4208984375
29.6867,23,0.86962890625,23,0.529296875,14,1.22265625,28,0.3544921875
29.6957,10,1.8017578125,23,0.529296875,14,1.22265625,31,0.60205078125
29.7078,10,1.8017578125,23,0.529296875,21,0.6435546875,31,0.60205078125
29.7182,-3,5.6953125,27,0.892578125,21,0.6435546875,31,0.60205078125
29.7282,-3,5.6953125,16,1.4921875,26,0.71240234375,35,-0.1337890625
29.7358,14,1.4365234375,16,1.4921875,26,0.71240234375,35,-0.1337890625
29.7503,14,1.4365234375,16,1.4921875,29,0.6376953125,37,0.186767578125
29.7575,26,0.7509765625,12,0.83740234375,29,0.6376953125,39,0.293701171875
29.7675,26,0.7509765625,12,0.83740234375,31,0.481201171875,39,0.293701171875
29.7788,2,4.9296875,26,1.2197265625,31,0.481201171875,39,0.293701171875
29.7885,2,4.9296875,26,1.2197265625,33,0.4208984375,40,-0.101318359375
29.8017,10,2.142578125,31,0.45556640625,33,0.4208984375,40,-0.101318359375
29.8122,10,2.142578125,32,0.62060546875,32,0.53271484375,40,-0.0875244140625
29.8220,20,0.93408203125,32,0.62060546875,32,0.53271484375,40,-0.0875244140625
29.8329,20,0.93408203125,35,0.74462890625,40,0.6435546875,39,-0.322998046875
29.8428,30,2.919921875,35,0.74462890625,40,0.6435546875,39,-0.322998046875
29.8521,30,2.919921875,35,0.74462890625,39,-0.385009765625,38,-1.15625
29.8608,-6,-0.8720703125,-4,-0.52392578125,39,-0.385009765625,38,-1.15625
29.8743,-6,-0.8720703125,-4,-0.52392578125,39,-0.385009765625,22,-0.81884765625
29.8814,12,-0.1727294921875,12,-0.576171875,7,-0.1776123046875,16,-0.91552734375
29.8963,12,-0.1727294921875,12,-0.576171875,9,-0.0421142578125,16,-0.91552734375
29.9044,11,-0.321044921875,7,0.63525390625,9,-0.0421142578125,16,-0.91552734375
29.9147,11,-0.321044921875,7,0.63525390625,6,0.09783935546875,6,-0.76220703125
29.9214,16,-0.30859375,15,-0.2376708984375,6,0.09783935546875,6,-0.76220703125
29.9340,16,-0.30859375,15,-0.2376708984375,17,0.10382080078125,10,-0.8623046875
29.9420,18,-0.42138671875,16,-0.2919921875,17,0.10382080078125,10,-0.8623046875
29.9547,18,-0.42138671875,16,-0.2919921875,17,0.10382080078125,16,-0.42431640625
29.9618,17,-0.5595703125,7,0.4375,14,-0.136962890625,16,-0.42431640625
29.9727,17,-0.5595703125,7,0.4375,14,-0.08599853515625,0,-0.2442626953125
29.9813,17,-0.5595703125,19,-0.440185546875,14,-0.08599853515625,0,-0.2442626953125
29.9937,25,0.26171875,19,-0.440185546875,14,-0.08599853515625,7,-0.1883544921875
30.0010,3,0.2423095703125,15,-0.14599609375,27,-0.2314453125,7,-0.1883544921875
30.0146,3,0.2423095703125,15,-0.14599609375,27,-0.2314453125,17,-0.186279296875
30.0231,3,0.2423095703125,6,0.242919921875,-1,-0.06475830078125,17,-0.186279296875
30.0352,0,-0.1661376953125,6,0.242919921875,-1,-0.06475830078125,2,-0.54248046875
30.0411,0,-0.1661376953125,2,0.1956787109375,-1,-0.03778076171875,2,-0.54248046875
30.0563,0,0.0859375,2,0.1956787109375,-1,-0.03778076171875,0,-0.0928955078125
30.0619,0,0.0859375,3,0.302978515625,0,-0.129150390625,0,-0.0928955078125
30.0729,0,-0.348388671875,3,0.302978515625,0,-0.129150390625,0,-0.1444091796875
30.0841,0,-0.348388671875,3,0.302978515625,0,-0.11553955078125,0,-0.1444091796875
30.0939,0,0.0394287109375,20,-0.32861328125,0,-0.11553955078125,0,-0.1444091796875
30.1007,0,0.0394287109375,2,-0.332763671875,0,0.05023193359375,0,-0.158203125
30.1147,0,0.25927734375,2,-0.332763671875,0,0.05023193359375,0,-0.158203125
30.1211,0,0.25927734375,1,-0.837890625,0,-0.0246429443359375,0,-0.05511474609375
30.1341,0,0.1529541015625,1,-0.837890625,0,-0.0246429443359375,0,-0.05511474609375
30.1432,0,0.1529541015625,1,-0.837890625,0,-0.05035400390625,0,0.1424560546875
30.1528,0,-0.2152099609375,0,-0.414794921875,0,-0.05035400390625,0,0.07012939453125
30.1632,0,-0.2152099609375,0,-0.414794921875,0,0.0941162109375,0,0.07012939453125
30.1721,0,-0.1748046875,0,-0.53857421875,0,0.0941162109375,0,0.050323486328125
30.1815,0,-0.1748046875,0,-0.300048828125,0,0.050567626953125,0,0.050323486328125
30.1918,0,0.209228515625,0,-0.300048828125,0,0.050567626953125,0,0.292724609375
30.2019,0,0.209228515625,0,-0.300048828125,0,0.034912109375,0,0.292724609375
30.2136,0,-0.05670166015625,0,0.06365966796875,0,0.034912109375,0,-0.1396484375
30.2191,0,-0.05670166015625,0,0.06365966796875,0,-0.0276336669921875,0,-0.1396484375
30.2339,0,0.02081298828125,0,0.233154296875,0,-0.0276336669921875,0,-0.1396484375
30.2395,0,0.02081298828125,0,0.343017578125,0,0.01222991943359375,0,0.1436767578125
30.2524,0,0.081298828125,0,0.343017578125,0,0.01222991943359375,0,0.1436767578125
30.2593,0,0.081298828125,0,0.07000732421875,0,0.1470947265625,0,-0.106689453125
30.2704,0,0.09381103515625,0,0.07000732421875,0,0.1470947265625,0,0.1375732421875
30.2791,0,0.09381103515625,0,0.07000732421875,0,0.083740234375,0,0.1375732421875
30.2913,0,-0.300048828125,-7,-0.2333984375,0,0.083740234375,0,0.1375732421875
30.3021,0,-0.300048828125,-7,-0.2333984375,0,0.083740234375,0,0.249267578125
30.3155,0,0.039398193359375,-19,0.269775390625,0,0.09710693359375,0,0.249267578125
30.3216,0,0.039398193359375,-19,0.269775390625,0,0.09710693359375,0,0.09259033203125
30.3345,0,-0.0914306640625,0,-0.2392578125,0,-0.0176544189453125,0,0.09259033203125
30.3389,0,-0.0914306640625,0,-0.2392578125,0,-0.0206298828125,0,0.053253173828125
30.3541,0,-0.308349609375,0,-0.320556640625,0,-0.0206298828125,0,-0.26220703125
30.3594,0,-0.308349609375,0,-0.320556640625,0,-0.034454345703125,0,-0.26220703125
30.3719,0,-0.058807373046875,0,-0.1859130859375,0,-0.034454345703125,0,-0.26220703125
30.3822,0,-0.058807373046875,0,-0.1859130859375,0,0.0181732177734375,0,0.174072265625
30.3930,0,0.1036376953125,0,0.06011962890625,0,0.0181732177734375,0,0.174072265625
30.4017,0,0.1036376953125,0,0.06011962890625,0,0.0181732177734375,0,0.0816650390625
30.4134,0,-0.1905517578125,0,-0.0526123046875,0,0.0075836181640625,0,0.0816650390625
30.4215,0,-0.1905517578125,0,-0.0526123046875,0,0.0075836181640625,0,-0.04632568359375
30.4328,0,0.10699462890625,0,0.031463623046875,0,0.035736083984375,0,-0.04632568359375
30.4421,0,0.10699462890625,0,0.031463623046875,0,0.035736083984375,0,-0.1298828125
30.4533,0,0.10699462890625,0,0.5185546875,0,-0.0219879150390625,0,-0.1298828125
30.4618,0,0.06109619140625,0,0.5185546875,0,-0.0219879150390625,0,-0.05322265625
30.4727,0,-0.0484619140625,0,-0.483642578125,0,-0.052947998046875,0,-0.05322265625
30.4818,0,-0.0484619140625,0,-0.483642578125,0,-0.052947998046875,0,-0.1365966796875
30.4923,0,0.06182861328125,0,-0.171142578125,0,0.040924072265625,0,-0.1365966796875
30.5015,0,0.06182861328125,0,-0.171142578125,0,0.040924072265625,0,-0.1728515625
30.5126,0,0.06182861328125,0,-0.171142578125,0,-0.03399658203125,0,-0.1728515625
30.5207,0,0.164794921875,0,-0.39013671875,0,-0.03399658203125,0,0.024688720703125
30.5347,0,0.164794921875,0,-0.39013671875,0,-0.1165771484375,0,0.024688720703125
30.5402,0,-0.299072265625,0,-0.255859375,0,-0.1165771484375,0,0.024688720703125
30.5532,0,-0.299072265625,0,-0.10302734375,0,0.03131103515625,0,0.2330322265625
30.5620,0,0.0938720703125,0,-0.10302734375,0,0.03131103515625,0,0.2330322265625
30.5728,0,0.0938720703125,0,-0.10302734375,0,-0.09521484375,0,0.1466064453125
30.5812,0,0.11883544921875,0,0.460693359375,0,-0.09521484375,0,0.1466064453125
30.5932,0,0.11883544921875,0,0.460693359375,0,-0.02593994140625,0,0.067138671875
30.6021,0,-0.282470703125,0,-0.383544921875,0,-0.02593994140625,0,0.067138671875
30.6129,0,-0.282470703125,0,-0.383544921875,0,-0.02593994140625,0,0.08050537109375
30.6215,0,0.1292724609375,0,0.1724853515625,0,-0.10455322265625,0,0.08050537109375
30.6338,0,0.1292724609375,0,0.1724853515625,0,-0.10455322265625,0,-0.07891845703125
30.6418,0,0.05499267578125,0,0.4580078125,0,0.04571533203125,0,-0.07891845703125
30.6545,0,0.084228515625,0,0.445556640625,0,-0.041839599609375,0,0.024444580078125
30.6637,0,0.084228515625,0,0.445556640625,0,-0.041839599609375,0,-0.347900390625
30.6735,0,0.084228515625,0,0.445556640625,0,-0.05657958984375,0,-0.347900390625
30.6849,0,-0.36083984375,0,-0.42041015625,0,-0.05657958984375,0,-0.347900390625
30.6916,0,-0.36083984375,0,-0.42041015625,0,-0.0723876953125,0,0.1929931640625
30.7033,0,-0.35546875,0,-0.476806640625,0,-0.0723876953125,0,0.1929931640625
30.7143,0,-0.35546875,0,-0.476806640625,0,-0.0723876953125,0,0.049468994140625
30.7227,0,0.15966796875,0,-0.392578125,0,-0.0261993408203125,0,0.049468994140625
30.7356,0,0.1756591796875,0,-0.3798828125,0,0.03216552734375,0,0.05499267578125
30.7458,0,0.1756591796875,0,-0.3798828125,0,0.03216552734375,0,1.1328125
30.7577,0,3.125,0,3.59765625,0,4.125,0,1.1328125
30.7665,0,3.125,0,3.59765625,0,4.125,0,2.462890625
30.7774,0,3.125,0,3.59765625,0,1.9169921875,0,2.462890625
30.7864,0,1.970703125,0,2.013671875,0,1.9169921875,0,2.462890625
30.8070,0,2.1484375,0,2.216796875,0,2.189453125,0,2.283203125
30.8166,0,2.1484375,0,2.216796875,0,2.189453125,-6,1.30078125
30.8262,0,2.306640625,0,2.1796875,-3,1.7646484375,-6,1.30078125
30.8366,0,2.306640625,0,2.1796875,-3,1.7646484375,-16,0.476806640625
30.8561,-8,1.1142578125,-11,0.69384765625,-17,0.52001953125,-9,2.384765625
30.8636,-16,1.134765625,-17,0.81884765625,0,4.1484375,-9,2.384765625
30.8741,-16,1.134765625,-17,0.81884765625,0,4.1484375,-3,2.25
30.8846,0,3.08984375,0,2.82421875,0,2.458984375,-3,2.25
30.8937,0,3.08984375,0,2.82421875,0,2.458984375,-4,1.9970703125
30.9058,-8,1.3955078125,0,2.5,-8,1.3681640625,-4,1.9970703125
30.9129,-8,1.3955078125,0,2.5,-8,1.3681640625,-15,0.93505859375
30.9239,-15,1.3984375,-14,0.60986328125,-17,1.0380859375,-15,0.93505859375
30.9326,-15,1.3984375,-14,0.60986328125,-17,1.0380859375,-2,3.0234375
30.9430,-2,3.236328125,-13,1.533203125,-2,2.79296875,-2,3.0234375
30.9579,-2,3.236328125,-13,1.533203125,-2,2.79296875,-10,1.3310546875
30.9668,-9,1.283203125,-6,1.826171875,-12,1.013671875,-10,1.3310546875
30.9745,-9,1.283203125,-6,1.826171875,-12,1.013671875,-16,1.05078125
30.9872,-16,1.2685546875,-17,0.90185546875,-15,1.5224609375,-16,1.05078125
30.9951,-16,1.2685546875,-17,0.90185546875,-15,1.5224609375,-3,2.7421875
31.0022,-5,2.794921875,-5,2.890625,-7,1.974609375,-3,2.7421875
31.0174,-5,2.794921875,-5,2.890625,-7,1.974609375,-16,0.94140625
31.0247,-5,2.794921875,-14,1.02734375,-18,0.69189453125,-16,0.94140625
31.0334,-18,0.8525390625,-14,1.02734375,-18,0.69189453125,0,3.50390625
31.0444,-18,0.8525390625,-16,1.28125,-21,0.6416015625,0,3.50390625
31.0560,-20,0.986328125,-16,1.28125,-21,0.6416015625,-13,1.24609375
31.0615,-20,0.986328125,-23,0.580078125,-30,0.2230224609375,-13,1.24609375
31.0764,-35,0.58544921875,-23,0.580078125,-30,0.2230224609375,-13,1.24609375
31.0852,-5,5.8828125,-23,1.013671875,-3,4.13671875,-15,1.6015625
31.0961,-5,5.8828125,-23,1.013671875,-3,4.13671875,-25,0.47119140625
31.1046,-5,5.8828125,-21,0.76611328125,-11,1.6201171875,-25,0.47119140625
31.1146,-11,1.306640625,-21,0.76611328125,-11,1.6201171875,-28,0.33837890625
31.1204,-11,1.306640625,-24,0.7587890625,-11,1.5791015625,-28,0.33837890625
31.1341,-13,1.6796875,-24,0.7587890625,-11,1.5791015625,-28,0.33837890625
31.1440,-13,1.6796875,-27,0.468994140625,-23,0.5322265625,-31,0.1719970703125
31.1540,-25,0.393310546875,-27,0.468994140625,-23,0.5322265625,-31,0.1719970703125
31.1644,-25,0.393310546875,-27,0.468994140625,-23,0.5322265625,-21,1.3857421875
31.1740,-29,0.65869140625,-29,0.76416015625,-32,0.1051025390625,-21,1.3857421875
31.1848,-29,0.65869140625,-29,0.76416015625,-32,0.1051025390625,-31,0.129638671875
31.1950,-31,0.274658203125,-41,0.7998046875,-34,0.081298828125,-31,0.129638671875
31.2021,-31,0.274658203125,-41,0.7998046875,-34,0.081298828125,-31,0.483154296875
31.2147,-25,1.3662109375,-43,-0.79736328125,-9,1.8955078125,-31,0.483154296875
31.2217,-25,1.3662109375,-43,-0.79736328125,-9,1.8955078125,-40,-1.181640625
31.2345,-25,0.9609375,-9,1.8310546875,-8,2.0546875,-40,-1.181640625
31.2426,-25,0.9609375,-9,1.8310546875,-8,2.0546875,-1,5.53125
31.2524,-12,1.3154296875,-26,0.08502197265625,-14,1.1376953125,-1,5.53125
31.2623,-12,1.3154296875,-19,0.08447265625,-14,1.1376953125,-14,1.568359375
31.2729,-23,0.521484375,-19,0.08447265625,-25,0.48583984375,-14,1.568359375
31.2832,-23,0.521484375,-19,0.08447265625,-25,0.48583984375,-5,2.83984375
31.2941,-8,2.115234375,9,6.484375,-32,0.2354736328125,-5,2.83984375
31.3029,-8,2.115234375,9,6.484375,-32,0.2354736328125,-27,0.2470703125
31.3159,0,4.99609375,-21,0.37353515625,-31,0.4833984375,-27,0.2470703125
31.3229,0,4.99609375,-21,0.37353515625,-31,0.4833984375,-26,0.4013671875
31.3318,-17,1.0712890625,-20,1.1328125,-32,0.217041015625,-26,0.4013671875
31.3424,-17,1.0712890625,-20,1.1328125,-32,0.217041015625,-23,-1.0419921875
31.3555,-25,0.34716796875,-3,2.04296875,-35,-0.09844970703125,-23,-1.0419921875
31.3642,-25,0.34716796875,-3,2.04296875,-35,-0.09844970703125,-27,0.401123046875
31.3732,-22,0.85986328125,-23,-0.1322021484375,-37,0.1568603515625,-27,0.401123046875
31.3846,-22,0.85986328125,-23,-0.1322021484375,-37,0.1568603515625,-30,0.09149169921875
31.3936,-25,0.806640625,-10,1.5244140625,-41,0.548828125,-30,0.09149169921875
31.4052,-25,0.806640625,-10,1.5244140625,-41,0.548828125,-11,2.697265625
31.4166,-25,0.806640625,-31,0.5888671875,-34,0.07220458984375,-11,2.697265625
31.4229,-3,2.3671875,-31,0.5888671875,-34,0.07220458984375,-26,0.060455322265625
31.4385,-3,2.3671875,-23,0.454833984375,-42,-0.2335205078125,-26,0.060455322265625
31.4458,0,1.162109375,-23,0.454833984375,-42,-0.2335205078125,-30,0.1707763671875
31.4568,-28,1.4189453125,-22,0.9033203125,-43,0.8125,-30,0.1707763671875
31.4643,-28,1.4189453125,-22,0.9033203125,-43,0.8125,-33,-0.1441650390625
31.4764,-25,0.7119140625,2,4.0625,-39,0.318603515625,-33,-0.1441650390625
31.4851,-25,0.7119140625,2,4.0625,-39,0.318603515625,-33,-0.063232421875
31.4954,-25,0.7119140625,-13,0.78857421875,-41,0.763671875,-33,-0.063232421875
31.5055,-30,0.07965087890625,-13,0.78857421875,-41,0.763671875,-35,-0.31396484375
31.5198,-30,0.07965087890625,-13,1.6357421875,-37,2.8046875,-35,-0.31396484375
31.5250,-31,-0.10833740234375,-13,1.6357421875,-37,2.8046875,-35,-0.31396484375
31.5383,-31,-0.10833740234375,-23,-0.274169921875,-36,-0.28515625,-40,-0.75439453125
31.5429,-33,-0.3720703125,-23,-0.274169921875,-36,-0.28515625,-40,-0.75439453125
31.5559,-33,-0.3720703125,-14,-0.459228515625,-43,-0.2169189453125,1,-1.0751953125
31.5647,4,-0.70166015625,-14,-0.459228515625,-43,-0.2169189453125,-11,-0.7890625
31.5741,4,-0.70166015625,-15,-0.1605224609375,-1,0.2059326171875,-11,-0.7890625
31.5841,-9,-0.27685546875,-15,-0.1605224609375,-1,0.2059326171875,-11,-0.7890625
31.5934,-9,-0.27685546875,-20,-0.411865234375,-1,0.2059326171875,-6,-0.859375
31.6037,-11,-0.347412109375,-20,-0.411865234375,-1,0.0972900390625,-6,-0.859375
31.6130,-11,-0.347412109375,-13,-0.197021484375,-16,-0.1552734375,-10,-0.6396484375
31.6230,-11,-0.23828125,-13,-0.197021484375,-16,-0.1552734375,-10,-0.6396484375
31.6328,-11,-0.23828125,-13,-0.197021484375,-16,-0.1552734375,-16,-0.509765625
31.6424,-18,0.1943359375,-22,-0.045318603515625,0,-0.06329345703125,-16,-0.509765625
31.6535,-18,0.1943359375,-22,-0.045318603515625,0,-0.06329345703125,0,-0.440673828125
31.6618,-10,-0.24609375,-15,-0.05218505859375,0,-0.0892333984375,0,-0.440673828125
31.6730,-10,-0.24609375,-7,-0.578125,0,-0.0892333984375,-6,-0.52490234375
31.6816,-3,0.162109375,-7,-0.578125,-12,-0.1951904296875,-6,-0.52490234375
31.6928,-3,0.162109375,-16,-0.50390625,-14,-0.11773681640625,-17,-0.2296142578125
31.7027,-9,0.270751953125,-16,-0.50390625,-14,-0.11773681640625,-17,-0.2296142578125
31.7125,-9,0.270751953125,-16,-0.50390625,-14,-0.11773681640625,0,-0.521484375
31.7215,-16,-0.09771728515625,-20,-0.152587890625,0,-0.11151123046875,0,-0.521484375
31.7323,-16,-0.09771728515625,-20,-0.152587890625,0,-0.11151123046875,0,-0.277099609375
31.7469,-10,-0.35302734375,-3,0.09490966796875,0,-0.0614013671875,0,-0.54833984375
31.7566,-5,-0.09527587890625,-1,-0.25244140625,0,-0.058349609375,0,-0.54833984375
31.7640,-5,-0.09527587890625,-1,-0.25244140625,0,-0.058349609375,0,-0.39599609375
31.7751,-5,-0.09527587890625,0,-0.110107421875,0,0.074462890625,0,-0.39599609375
31.7837,-2,0.2044677734375,0,-0.110107421875,0,0.074462890625,0,-0.39599609375
31.7934,-2,0.2044677734375,0,-0.110107421875,0,-0.0899658203125,0,0.043121337890625
31.8063,-1,0.1650390625,0,-0.13720703125,0,-0.0899658203125,0,0.043121337890625
31.8162,-1,0.1650390625,0,-0.13720703125,0,-0.0899658203125,0,-0.10357666015625
31.8268,0,0.271728515625,0,0.09588623046875,0,-0.0882568359375,0,-0.10357666015625
31.8381,0,0.271728515625,0,0.09588623046875,0,-0.0882568359375,-6,-0.1141357421875
31.8473,0,0.090087890625,0,0.1324462890625,0,-0.036651611328125,-6,-0.1141357421875
31.8586,0,0.090087890625,0,0.1324462890625,0,-0.036651611328125,-17,-0.1328125
31.8664,0,0.12548828125,0,0.290283203125,0,-0.0161590576171875,-17,-0.1328125
31.8790,0,0.12548828125,0,0.290283203125,0,-0.0161590576171875,0,0.224365234375
31.8873,0,0.0179595947265625,0,-0.0968017578125,0,0.044677734375,0,0.224365234375
31.9029,0,0.0179595947265625,0,-0.0968017578125,0,0.044677734375,12,0.202880859375
31.9199,0,-0.25439453125,0,-0.10186767578125,0,-0.04315185546875,14,0.1986083984375
31.9289,0,0.263671875,0,-0.2286376953125,0,0.062347412109375,14,0.1986083984375
31.9476,0,0.14404296875,0,-0.437744140625,0,-0.07598876953125,6,0.1973876953125
31.9567,0,0.14404296875,0,-0.437744140625,0,-0.07598876953125,2,0.20849609375
31.9675,0,0.14404296875,0,-0.08026123046875,0,0.1005859375,2,0.20849609375
31.9771,0,0.1746826171875,0,-0.08026123046875,0,0.1005859375,0,-0.268310546875
31.9870,0,0.1746826171875,0,-0.279541015625,0,0.06048583984375,0,-0.268310546875
31.9986,0,0.041656494140625,0,-0.279541015625,0,0.06048583984375,0,0.2020263671875
32.0056,0,0.2203369140625,0,0.185546875,0,0.08563232421875,0,0.2020263671875
32.0178,0,0.2203369140625,0,0.185546875,0,0.08563232421875,0,-0.275390625
32.0275,0,0.2203369140625,0,-0.08514404296875,0,0.06622314453125,0,-0.275390625
32.0378,0,0.1026611328125,0,-0.08514404296875,0,0.06622314453125,0,0.12744140625
32.0456,0,0.1026611328125,0,0.12890625,0,0.0980224609375,0,0.12744140625
32.0593,0,0.272216796875,0,0.12890625,0,0.0980224609375,0,-0.089111328125
32.0681,0,0.272216796875,0,-0.388427734375,0,0.0218353271484375,0,-0.089111328125
32.0831,0,0.177490234375,0,2.439453125,0,2.62109375,0,3.12109375
32.0929,0,2.21484375,0,2.439453125,0,2.62109375,-4,1.443359375
32.1035,0,2.21484375,-11,0.72900390625,-15,0.31396484375,-4,1.443359375
32.1145,0,2.052734375,-11,0.72900390625,-15,0.31396484375,-17,0.189697265625
32.1233,0,2.052734375,-5,1.7822265625,-6,1.400390625,-17,0.189697265625
32.1344,-11,0.79931640625,-5,1.7822265625,-6,1.400390625,0,3.64453125
32.1437,-11,0.79931640625,-8,1.4931640625,-3,2.078125,0,3.64453125
32.1541,-16,1.59765625,-8,1.4931640625,-3,2.078125,0,2.625
32.1632,-16,1.59765625,0,2.55859375,-1,2.298828125,0,2.625
32.1743,0,2.5390625,0,2.55859375,-1,2.298828125,0,2.625
32.1831,0,2.5390625,0,2.525390625,0,2.361328125,0,2.458984375
32.1938,0,2.408203125,0,2.525390625,0,2.361328125,0,2.458984375
32.2026,0,2.408203125,0,2.2734375,0,2.361328125,0,2.365234375
32.2136,0,2.443359375,0,2.2734375,-12,1.0029296875,0,2.365234375
32.2220,0,2.443359375,-13,0.83056640625,-16,1.2958984375,-8,1.46875
32.2341,-15,0.693359375,-13,0.83056640625,-16,1.2958984375,-8,1.46875
32.2426,-15,0.693359375,-14,1.4169921875,-2,2.49609375,-16,1.013671875
32.2537,-15,1.7314453125,-14,1.4169921875,-2,2.49609375,-16,1.013671875
32.2626,-15,1.7314453125,-14,1.4169921875,-2,2.49609375,0,3.509765625
32.2737,0,2.75,-1,2.873046875,-9,1.5107421875,0,3.509765625
32.2823,0,2.75,-1,2.873046875,-9,1.5107421875,-9,1.5302734375
32.2942,-14,1.2177734375,-15,1.05859375,-16,1.2685546875,-9,1.5302734375
32.3034,-14,1.2177734375,-15,1.05859375,-1,3.515625,-16,1.38671875
32.3149,-15,2.05859375,-14,2.0078125,-1,3.515625,-16,1.38671875
32.3234,-15,2.05859375,-14,2.0078125,-1,3.515625,-4,3.251953125
32.3345,-12,1.6591796875,-9,1.9384765625,-15,1.2607421875,-4,3.251953125
32.3428,-12,1.6591796875,-9,1.9384765625,-15,1.2607421875,-17,1.341796875
32.3540,-17,1.697265625,-18,1.1455078125,-15,1.890625,-17,1.341796875
32.3624,-17,1.697265625,-18,1.1455078125,-15,1.890625,-17,1.701171875
32.3736,-21,1.150390625,-20,1.3828125,-25,0.82958984375,-17,1.701171875
32.3822,-21,1.150390625,-20,1.3828125,-25,0.82958984375,-26,0.77001953125
32.3932,-23,1.46875,-26,0.6953125,-24,1.4384765625,-26,0.77001953125
32.4018,-23,1.46875,-26,0.6953125,-24,1.4384765625,-19,2.1328125
32.4128,-23,0.9873046875,-27,0.83544921875,-32,0.280517578125,-19,2.1328125
32.4230,-23,0.9873046875,-27,0.83544921875,-32,0.280517578125,-26,0.91455078125
32.4328,-29,0.91455078125,-34,0.63916015625,-24,0.50439453125,-26,0.91455078125
32.4423,-29,0.91455078125,-34,0.63916015625,-24,0.50439453125,-1,6.26171875
32.4536,-29,0.91455078125,-8,3.5,-12,1.6591796875,-1,6.26171875
32.4613,-30,0.509765625,-8,3.5,-12,1.6591796875,-16,1.453125
32.4732,-31,0.8369140625,-13,1.9140625,-14,1.6796875,-16,1.453125
32.4816,-31,0.8369140625,-13,1.9140625,-14,1.6796875,-26,0.76904296875
32.4903,-37,0.173828125,-21,0.90869140625,-28,0.61865234375,-26,0.76904296875
32.5032,-37,0.173828125,-21,0.90869140625,-28,0.61865234375,-29,0.8115234375
32.5144,-37,0.173828125,-31,0.33447265625,-31,0.724609375,-29,0.8115234375
32.5208,-41,-0.1451416015625,-31,0.33447265625,-31,0.724609375,-34,0.57861328125
32.5352,-41,-0.1451416015625,-35,0.379150390625,-32,0.6064453125,-34,0.57861328125
32.5436,-40,0.195068359375,-35,0.379150390625,-32,0.6064453125,-34,0.57861328125
32.5555,-40,0.195068359375,-34,1.3173828125,-34,0.91845703125,-34,1.2119140625
32.5644,-39,0.67138671875,-34,1.3173828125,-34,0.91845703125,-34,0.98876953125
32.5757,-39,0.67138671875,-17,1.79296875,-36,0.8115234375,-34,0.98876953125
32.5817,-39,0.76953125,-17,1.79296875,-36,0.8115234375,-36,0.9970703125
32.5950,-39,0.76953125,-32,1.22265625,-37,0.853515625,-36,0.9970703125
32.6038,-44,0.040679931640625,-32,1.22265625,-37,0.853515625,-36,0.9970703125
32.6147,-44,0.040679931640625,1,6.7890625,-40,0.459228515625,-38,0.8623046875
32.6233,-42,0.6767578125,1,6.7890625,-40,0.459228515625,-38,0.8623046875
32.6346,-42,0.6767578125,-11,2.431640625,-41,0.541015625,-37,1.0478515625
32.6428,-40,0.52978515625,-11,2.431640625,-41,0.541015625,-39,0.69873046875
32.6543,-40,0.52978515625,-13,2.388671875,-39,0.70751953125,-39,0.69873046875
32.6627,-42,0.405029296875,-13,2.388671875,-39,0.70751953125,-39,0.69873046875
32.6736,-42,0.405029296875,-25,1.337890625,-40,0.6220703125,-42,0.56689453125
32.6838,-42,0.48486328125,-25,1.337890625,-40,0.6220703125,-43,0.63427734375
32.6934,-42,0.48486328125,-37,0.414794921875,-41,0.56298828125,-43,0.63427734375
32.7021,-44,0.1595458984375,-37,0.414794921875,-41,0.56298828125,-43,0.5390625
32.7133,-44,0.1595458984375,-34,1.4462890625,-42,0.55517578125,-43,0.5390625
32.7191,-44,0.458740234375,-34,1.4462890625,-42,0.55517578125,-42,0.78857421875
32.7329,-44,0.458740234375,-35,1.109375,-41,0.59326171875,-42,0.78857421875
32.7391,-42,0.5517578125,-35,1.109375,-41,0.59326171875,-42,0.4189453125
32.7528,-42,0.5517578125,-37,0.90673828125,-42,0.5185546875,-42,0.4189453125
32.7593,-42,0.449462890625,-37,0.90673828125,-42,0.5185546875,-40,0.6826171875
32.7718,-42,0.449462890625,-38,1.0009765625,-42,0.415771484375,-40,0.6826171875
32.7817,-42,0.6669921875,-38,1.0009765625,-42,0.415771484375,-41,0.67333984375
32.7918,-42,0.6669921875,-41,0.6435546875,-42,0.5849609375,-41,0.67333984375
32.8037,-41,0.456787109375,-41,0.6435546875,-42,0.5849609375,-42,0.58154296875
32.8136,-41,0.456787109375,-41,0.85498046875,-41,0.64306640625,-42,0.58154296875
32.8222,-41,0.619140625,-41,0.85498046875,-41,0.64306640625,-40,0.74951171875
32.8346,-41,0.619140625,-40,0.875,-40,0.70361328125,-40,0.74951171875
32.8420,-39,0.63427734375,-40,0.875,-40,0.70361328125,-40,0.88232421875
32.8543,-39,0.63427734375,-40,0.88037109375,-41,0.57763671875,-40,0.88232421875
32.8627,-40,0.56298828125,-40,0.88037109375,-41,0.57763671875,-40,0.78466796875
32.8741,-40,0.56298828125,-39,0.91064453125,-41,0.6103515625,-40,0.78466796875
32.8828,-40,0.662109375,-39,0.91064453125,-41,0.6103515625,-40,0.78466796875
32.8937,-40,0.662109375,-39,0.787109375,-40,0.76123046875,-40,0.68603515625
32.9035,-42,0.396728515625,-39,0.787109375,-40,0.76123046875,-40,0.68603515625
32.9137,-42,0.396728515625,-39,0.787109375,-40,0.76123046875,-38,0.92724609375
32.9224,-41,0.6796875,-39,0.8203125,-40,0.814453125,-38,0.92724609375
32.9366,-41,0.6796875,-39,0.8203125,-40,0.814453125,-40,0.63720703125
32.9444,-40,0.76806640625,-40,0.8564453125,-38,0.86767578125,-40,0.63720703125
32.9556,-40,0.76806640625,-40,0.8564453125,-38,0.86767578125,-40,0.2147216796875
32.9649,-38,0.60400390625,-39,0.74267578125,-39,0.423095703125,-40,0.2147216796875
32.9759,-38,0.60400390625,-39,0.74267578125,-39,0.423095703125,-38,0.64697265625
32.9845,-39,0.9599609375,-38,0.90087890625,-40,0.93505859375,-38,0.64697265625
32.9955,-39,0.9599609375,-38,0.90087890625,-40,0.93505859375,-38,1.1435546875
33.0043,-38,0.80078125,-39,0.92236328125,-40,0.75390625,-38,1.1435546875
33.0151,-38,0.80078125,-39,0.92236328125,-40,0.75390625,-41,0.57275390625
33.0237,-38,0.98193359375,-39,0.73095703125,-39,0.84228515625,-41,0.57275390625
33.0365,-38,0.98193359375,-39,0.73095703125,-39,0.84228515625,-40,0.8720703125
33.0444,-37,1.0244140625,-39,1.052734375,-39,0.88330078125,-40,0.8720703125
33.0568,-37,1.0244140625,-39,1.052734375,-39,0.88330078125,-38,0.8837890625
33.0654,-38,0.8271484375,-39,0.9638671875,-38,0.7919921875,-38,0.8837890625
33.0765,-38,0.8271484375,-39,0.9638671875,-38,0.7919921875,-37,0.9697265625
33.0851,-40,0.62744140625,-40,0.73779296875,-39,0.7177734375,-37,0.9697265625
33.0960,-40,0.62744140625,-40,0.73779296875,-39,0.7177734375,-38,0.71630859375
33.1047,-40,0.62744140625,-40,0.6806640625,-40,0.64453125,-38,0.71630859375
33.1156,-41,0.66845703125,-40,0.6806640625,-40,0.64453125,-41,0.497802734375
33.1242,-42,0.7060546875,-38,1.0712890625,-41,0.64501953125,-41,0.497802734375
33.1353,-42,0.7060546875,-38,1.0712890625,-41,0.64501953125,-41,0.68701171875
33.1437,-39,0.75244140625,-38,1.037109375,-39,0.99365234375,-41,0.68701171875
33.1550,-39,0.75244140625,-38,1.037109375,-39,0.99365234375,-37,1.1728515625
33.1633,-39,0.75244140625,-39,0.94921875,-38,0.96240234375,-37,1.1728515625
33.1754,-38,0.947265625,-39,0.94921875,-38,0.96240234375,-37,1.1728515625
33.1843,-38,0.947265625,-40,1.0478515625,-37,0.9072265625,-36,0.95263671875
33.1956,-38,0.955078125,-40,1.0478515625,-37,0.9072265625,-36,0.95263671875
33.2047,-38,0.955078125,-40,1.05859375,-39,0.8056640625,-38,1.1357421875
33.2174,-38,0.9580078125,-40,1.05859375,-39,0.8056640625,-38,1.1357421875
33.2236,-38,0.9580078125,-40,1.05859375,-40,0.759765625,-38,1.0029296875
33.2367,-38,0.7607421875,-39,0.5693359375,-40,0.759765625,-42,0.5166015625
33.2441,-39,0.87890625,-38,0.7412109375,-39,0.85986328125,-42,0.5166015625
33.2548,-39,0.87890625,-38,0.7412109375,-39,0.85986328125,0,4.16796875
33.2625,-39,0.87890625,-38,1.0322265625,-38,0.9580078125,0,4.16796875
33.2746,-36,1.189453125,-38,1.0322265625,-38,0.9580078125,-9,2.984375
33.2831,-36,1.189453125,-39,0.8876953125,-39,0.73779296875,-9,2.984375
33.2941,-37,1.0263671875,-39,0.8876953125,-39,0.73779296875,-33,0.395263671875
33.3047,-37,1.0263671875,-41,0.74072265625,-40,0.703125,-33,0.395263671875
33.3158,-40,0.6845703125,-41,0.74072265625,-40,0.703125,-33,0.395263671875
33.3232,-40,0.6845703125,-38,1.14453125,-41,0.7421875,1,4.6796875
33.3355,-43,0.44775390625,-38,1.14453125,-41,0.7421875,1,4.6796875
33.3429,-43,0.44775390625,-38,0.9287109375,-42,0.6640625,-10,2.671875
33.3548,-44,0.66552734375,-38,0.9287109375,-42,0.6640625,-14,2.509765625
33.3625,-44,0.66552734375,-41,0.6650390625,-40,0.83447265625,-14,2.509765625
33.3746,-41,0.90380859375,-41,0.6650390625,-40,0.83447265625,-26,1.5712890625
33.3832,-41,0.90380859375,-41,0.6650390625,-41,0.56689453125,-26,1.5712890625
33.3941,-40,0.85205078125,-43,0.8212890625,-41,0.56689453125,-26,1.5712890625
33.4032,-40,0.85205078125,-43,0.8212890625,-43,0.505859375,-30,1.8701171875
33.4127,-42,0.56298828125,-44,0.66943359375,-43,0.505859375,-37,0.75048828125
33.4229,-42,0.56298828125,-44,0.83740234375,-46,0.375,-37,0.75048828125
33.4358,-43,0.51123046875,-44,0.83740234375,-46,0.375,-37,0.75048828125
33.4441,-43,0.51123046875,-44,0.68017578125,-44,0.6875,-43,0.7041015625
33.4550,-44,0.313720703125,-44,0.68017578125,-44,0.6875,-43,0.7041015625
33.4628,-44,0.313720703125,-42,0.44482421875,-43,0.615234375,-37,1.30859375
33.4750,-43,0.324951171875,-42,0.44482421875,-43,0.615234375,-37,1.30859375
33.4847,-43,0.324951171875,-42,0.44482421875,-42,0.372802734375,-38,0.62841796875
33.4966,-42,0.4130859375,-46,-0.66064453125,-42,0.372802734375,-38,0.62841796875
33.5043,-42,0.4130859375,-46,-0.66064453125,-44,0.348388671875,-39,0.93896484375
33.5159,-42,-0.3251953125,-45,-0.56494140625,-44,0.348388671875,-39,0.93896484375
33.5247,-42,-0.3251953125,-45,-0.56494140625,-44,-0.0509033203125,-45,-0.237548828125
33.5354,-41,0.1141357421875,-38,0.689453125,-44,-0.0509033203125,-45,-0.237548828125
33.5428,-41,0.1141357421875,-38,0.689453125,-40,0.43994140625,-44,0.29736328125
33.5538,-41,0.11602783203125,-38,0.49462890625,-40,0.43994140625,-44,0.29736328125
33.5622,-41,0.11602783203125,-38,0.49462890625,-40,0.2445068359375,-30,1.3271484375
33.5738,-41,0.11602783203125,-40,0.461669921875,-40,0.2445068359375,-30,1.3271484375
33.5827,-42,-0.1448974609375,-40,0.461669921875,-40,0.226806640625,-32,0.7958984375
33.5941,-40,0.2362060546875,-41,0.39697265625,-40,0.226806640625,-32,0.7958984375
33.6049,-40,0.2362060546875,-41,0.39697265625,-40,0.226806640625,-34,0.53173828125
33.6121,-39,0.3798828125,-41,0.138427734375,-41,0.1898193359375,-34,0.53173828125
33.6252,-39,0.3798828125,-41,0.138427734375,-41,0.1898193359375,-34,0.671875
33.6356,-39,0.3798828125,-40,0.47509765625,-42,0.022979736328125,-34,0.671875
33.6423,-38,0.276611328125,-40,0.47509765625,-40,0.67578125,-44,-0.233642578125
33.6537,-38,0.276611328125,-39,0.98291015625,-40,0.67578125,-44,-0.233642578125
33.6644,-40,0.689453125,-39,0.98291015625,-40,0.67578125,-3,5.95703125
33.6741,-40,0.689453125,-39,0.578125,-38,0.78662109375,-3,5.95703125
33.6825,-37,-0.10198974609375,-39,0.578125,-37,0.3037109375,-9,2.677734375
33.6950,-37,-0.10198974609375,-8,4.18359375,-37,0.3037109375,-9,2.677734375
33.7051,-37,0.479736328125,-8,4.18359375,-37,0.3037109375,-5,2.861328125
33.7141,-37,0.479736328125,-25,0.97314453125,-38,0.385009765625,-5,2.861328125
33.7242,-39,0.29443359375,-25,0.97314453125,-38,0.385009765625,-18,1.6748046875
33.7342,-39,0.29443359375,-26,1.6533203125,-40,0.188720703125,-18,1.6748046875
33.7422,-39,0.250244140625,-26,1.6533203125,-40,0.188720703125,-30,0.84423828125
33.7549,-39,0.250244140625,-26,1.6533203125,-40,0.28173828125,-30,0.84423828125
33.7617,-40,0.255859375,-25,1.5615234375,-40,0.28173828125,-32,0.94287109375
33.7747,-40,0.255859375,-25,1.5615234375,-39,0.361572265625,-32,0.94287109375
33.7867,-39,0.30126953125,-17,1.806640625,-38,0.421875,-34,0.9580078125
33.7936,-39,0.30126953125,-29,0.83154296875,-38,0.421875,-34,0.9580078125
33.8008,-39,0.300537109375,-29,0.83154296875,-38,0.421875,-33,1.0068359375
33.8186,-39,0.300537109375,-29,0.83154296875,-38,0.360595703125,-33,1.0068359375
33.8244,-39,0.2139892578125,-29,0.87548828125,-38,0.360595703125,-18,1.9326171875
33.8355,-39,0.2139892578125,-29,0.87548828125,-40,0.2220458984375,-18,1.9326171875
33.8439,-39,0.32421875,-31,1.193359375,-40,0.2220458984375,-18,1.9326171875
33.8554,-39,0.32421875,-31,1.193359375,-41,0.1400146484375,-26,0.951171875
33.8634,-38,0.40234375,-36,0.78857421875,-41,0.1400146484375,-26,0.951171875
33.8755,-38,0.40234375,-36,0.78857421875,-39,0.442138671875,-33,1.056640625
33.8843,-40,0.04486083984375,-34,1.2373046875,-39,0.442138671875,-33,1.056640625
33.8950,-40,0.04486083984375,-34,1.2373046875,-38,0.353271484375,-31,1.0732421875
33.9047,-37,0.6337890625,-32,1.2744140625,-38,0.353271484375,-31,1.0732421875
33.9161,-37,0.6337890625,-32,1.2744140625,-37,0.490966796875,-32,0.76171875
33.9246,-36,0.57666015625,-16,1.853515625,-37,0.490966796875,-32,0.76171875
33.9359,-36,0.57666015625,-16,1.853515625,-38,0.97802734375,-35,1.736328125
33.9466,-40,0.5556640625,-27,1.8173828125,-38,0.97802734375,-35,1.736328125
33.9563,-40,0.5556640625,-27,1.8173828125,-42,0.364013671875,-10,5.2421875
33.9666,-43,0.5498046875,-29,1.7822265625,-42,0.364013671875,-10,5.2421875
33.9773,-43,0.5498046875,-29,1.7822265625,-40,1.052734375,-25,1.7841796875
33.9885,-44,0.44775390625,-33,1.591796875,-40,1.052734375,-25,1.7841796875
33.9968,-44,0.44775390625,-33,1.591796875,-40,1.052734375,-32,1.65625
34.0064,-41,0.87841796875,-36,1.3251953125,-38,0.98583984375,-32,1.65625
34.0167,-41,0.87841796875,-36,1.3251953125,-38,0.98583984375,-35,1.21484375
34.0237,-40,0.8330078125,-39,1.2880859375,-40,0.5771484375,-35,1.21484375
34.0363,-40,0.8330078125,-39,1.2880859375,-42,0.529296875,-34,1.5166015625
34.0446,-42,0.599609375,-40,1.1298828125,-42,0.529296875,-34,1.5166015625
34.0573,-42,0.599609375,-40,1.1298828125,-42,0.529296875,-36,1.357421875
34.0654,-42,0.60791015625,-41,1.087890625,-45,0.3837890625,-36,1.357421875
34.0764,-42,0.60791015625,-41,1.087890625,-45,0.3837890625,-40,1.1103515625
34.0852,-42,0.60791015625,-41,0.98388671875,-43,0.70751953125,-40,1.1103515625
34.0961,-44,0.39208984375,-41,0.98388671875,-43,0.70751953125,-41,0.89013671875
34.1060,-42,0.671875,-41,1.0791015625,-42,0.62451171875,-41,0.89013671875
34.1172,-42,0.671875,-41,1.0791015625,-42,0.62451171875,-42,1.2216796875
34.1248,-43,0.394775390625,-44,0.779296875,-43,0.54931640625,-42,1.2216796875
34.1376,-43,0.394775390625,-44,0.779296875,-43,0.54931640625,-43,1.064453125
34.1466,-43,0.394775390625,-43,1.013671875,-46,0.278564453125,-43,1.064453125
34.1578,-45,0.42333984375,-43,1.013671875,-48,0.34619140625,-42,1.177734375
34.1661,-48,0.2098388671875,-43,1.21875,-48,0.34619140625,-42,1.177734375
34.1773,-48,0.2098388671875,-43,1.21875,-43,0.6455078125,-42,1.052734375
34.1884,-45,0.666015625,-44,0.787109375,-43,0.6455078125,-42,1.052734375
34.1969,-45,0.666015625,-44,0.787109375,-43,0.6455078125,-45,0.7978515625
34.2056,-43,0.716796875,-45,0.57177734375,-42,0.6455078125,-45,0.7978515625
34.2187,-43,0.716796875,-45,0.57177734375,-42,0.5615234375,-43,1.1572265625
34.2248,-43,0.716796875,-45,0.98388671875,-42,0.5615234375,-43,1.1572265625
34.2361,-42,0.59912109375,-45,0.98388671875,-46,0.2144775390625,-43,1.0478515625
34.2456,-42,0.59912109375,-43,1.08203125,-46,0.2144775390625,-43,1.0478515625
34.2566,-43,0.6171875,-43,1.08203125,-46,0.2144775390625,-42,1.056640625
34.2652,-43,0.6171875,-43,1.060546875,-45,0.435546875,-42,1.056640625
34.2771,-45,0.347412109375,-43,1.060546875,-45,0.435546875,-42,1.1435546875
34.2847,-45,0.347412109375,-41,1.052734375,-42,0.74072265625,-42,1.1435546875
34.2957,-39,1.1318359375,-41,1.052734375,-42,0.74072265625,-41,0.896484375
34.3055,-39,1.1318359375,-41,1.052734375,-40,0.77587890625,-41,0.896484375
34.3163,-39,1.0341796875,-43,0.7802734375,-40,0.77587890625,-42,0.9990234375
34.3259,-39,1.0341796875,-43,0.7802734375,-40,0.72412109375,-42,0.9990234375
34.3371,-40,0.64892578125,-43,0.85888671875,-40,0.72412109375,-42,0.97705078125
34.3463,-40,0.64892578125,-43,0.85888671875,-43,0.5556640625,-42,0.97705078125
34.3575,-41,0.355224609375,-40,1.310546875,-43,0.5556640625,-40,1.1328125
34.3661,-41,0.355224609375,-40,1.310546875,-44,0.327392578125,-40,1.1328125
34.3771,-45,0.411376953125,-40,1.2705078125,-44,0.327392578125,-40,1.1328125
34.3859,-45,0.411376953125,-40,1.2705078125,-40,0.73486328125,-40,1.05078125
34.3976,-41,0.98193359375,-40,0.9384765625,-40,0.73486328125,-40,1.05078125
34.4088,-41,0.98193359375,-40,0.9384765625,-39,0.045440673828125,-40,0.2061767578125
34.4181,-40,0.2418212890625,-41,0.55859375,-39,0.045440673828125,-40,0.56005859375
34.4261,-40,0.2418212890625,-41,0.55859375,-38,0.43603515625,-40,0.56005859375
34.4363,-38,0.36669921875,-42,0.61376953125,-38,0.43603515625,-39,0.5888671875
34.4462,-38,0.36669921875,-42,0.61376953125,-41,0.1695556640625,-39,0.5888671875
34.4593,-37,0.474365234375,-40,0.72021484375,-41,0.1695556640625,-39,0.5888671875
34.4666,-37,0.474365234375,-40,0.72021484375,-41,0.0640869140625,-38,0.352783203125
34.4782,-39,-0.060302734375,-39,0.64208984375,-41,0.0640869140625,-38,0.352783203125
34.4871,-39,-0.060302734375,-39,0.64208984375,-38,0.2142333984375,-38,0.634765625
34.4979,-39,-0.004665374755859375,-38,0.6142578125,-38,0.2142333984375,-38,0.634765625
34.5065,-39,-0.004665374755859375,-38,0.6142578125,-31,0.60791015625,-37,0.51904296875
34.5176,-12,2.150390625,-9,3.740234375,-31,0.60791015625,-35,1.0556640625
34.5259,-12,2.150390625,-9,3.740234375,-13,1.5625,-35,1.0556640625
34.5388,-13,1.73828125,-20,1.107421875,-13,1.5625,-35,1.0556640625
34.5454,-13,1.73828125,-20,1.107421875,-25,0.63037109375,-12,1.8603515625
34.5576,-19,0.96728515625,-25,1.2275390625,-25,0.63037109375,-12,1.8603515625
34.5659,-19,0.96728515625,-25,1.2275390625,-33,0.0308685302734375,-26,0.802734375
34.5770,-27,0.2347412109375,-8,2.0078125,-33,0.0308685302734375,-26,0.802734375
34.5868,-27,0.2347412109375,-8,2.0078125,-33,0.1822509765625,-27,0.93505859375
34.5967,-28,0.35009765625,-21,0.77880859375,-33,0.1822509765625,-27,0.93505859375
34.6054,-28,0.35009765625,-21,0.77880859375,-10,1.6396484375,-25,1.4599609375
34.6165,-28,0.35009765625,-30,0.72802734375,-10,1.6396484375,-25,1.4599609375
34.6251,-32,0.356201171875,-30,0.72802734375,-13,1.4189453125,-34,0.1171875
34.6386,-32,0.356201171875,-5,2.583984375,-13,1.4189453125,-34,0.1171875
34.6455,-35,0.190185546875,-5,2.583984375,-27,0.260009765625,-33,0.77001953125
34.6562,-35,0.190185546875,-28,-0.09228515625,-27,0.260009765625,-33,0.77001953125
34.6661,-38,-0.20751953125,-28,-0.09228515625,-33,0.05096435546875,-34,0.85302734375
34.6761,-38,-0.20751953125,-10,2.373046875,-33,0.05096435546875,-34,0.85302734375
34.6860,-38,0.25830078125,-10,2.373046875,-33,0.05096435546875,-23,1.4130859375
34.6971,-38,0.25830078125,-29,0.76416015625,-34,0.47705078125,-23,1.4130859375
34.7069,-39,-0.2369384765625,-29,0.76416015625,-34,0.47705078125,-34,0.364501953125
34.7170,-39,-0.2369384765625,-19,0.6484375,-34,0.37353515625,-34,0.364501953125
34.7267,-39,-0.330810546875,-19,0.6484375,-34,0.37353515625,-36,0.33984375
34.7379,-39,-0.330810546875,-19,0.6484375,-37,0.0273590087890625,-36,0.33984375
34.7463,-39,-0.0258331298828125,-22,1.5087890625,-37,0.0273590087890625,-37,0.78076171875
34.7575,-39,-0.0258331298828125,-22,1.5087890625,-38,0.071533203125,-37,0.78076171875
34.7647,-37,0.3525390625,0,4.27734375,-38,0.071533203125,-38,0.4482421875
34.7762,-37,0.3525390625,-10,2.154296875,-40,0.058319091796875,-38,0.4482421875
34.7846,-38,0.12255859375,-10,2.154296875,-40,0.058319091796875,-37,0.62109375
34.8042,-43,-0.50537109375,-16,1.494140625,-39,0.10894775390625,-37,0.62109375
34.8129,-43,-0.50537109375,-16,1.494140625,-39,0.10894775390625,-38,0.62939453125
34.8216,-43,-0.50537109375,-28,1.3173828125,-39,0.0968017578125,-38,0.62939453125
34.8307,-29,2.232421875,-28,1.3173828125,-39,0.0968017578125,-41,0.53515625
34.8429,-29,2.232421875,-28,1.3173828125,-39,0.3466796875,-41,0.53515625
34.8507,-32,0.576171875,-29,1.4169921875,-39,0.3466796875,-39,1.0234375
34.8623,-32,0.576171875,-31,1.3046875,-41,0.08074951171875,-39,1.0234375
34.8758,-35,0.12255859375,-31,1.3046875,-42,0.18896484375,-39,0.45654296875
34.8834,-40,-0.1881103515625,-39,0.329833984375,-42,0.18896484375,-40,0.424072265625
34.8955,-40,-0.1881103515625,-39,0.329833984375,-42,-0.0247650146484375,-40,0.424072265625
34.9031,-39,0.1158447265625,-36,1.171875,-42,-0.0247650146484375,-40,0.454345703125
34.9157,-39,0.1158447265625,-36,1.171875,-39,0.271728515625,-40,0.454345703125
34.9253,-38,0.1353759765625,-36,0.85107421875,-39,0.271728515625,-40,0.454345703125
34.9325,-38,0.1353759765625,-36,0.85107421875,-38,0.272216796875,-38,0.49072265625
34.9436,-36,0.48828125,-36,0.89306640625,-38,0.272216796875,-38,0.49072265625
34.9567,-36,0.48828125,-36,0.89306640625,-40,-0.05743408203125,-38,0.708984375
34.9623,-11,1.7392578125,-36,0.98291015625,-40,-0.05743408203125,-38,0.708984375
34.9760,-11,1.7392578125,-36,0.98291015625,-5,4.16015625,-38,0.80419921875
34.9822,-25,0.5966796875,-35,0.95068359375,-5,4.16015625,-38,0.80419921875
34.9932,-25,0.5966796875,-35,0.95068359375,-24,0.77783203125,-37,0.57373046875
35.0045,-5,3.14453125,-36,0.88623046875,-24,0.77783203125,-37,0.57373046875
35.0137,-5,3.14453125,-36,0.88623046875,-24,1.2861328125,-36,0.8134765625
35.0222,-13,2.228515625,-15,3.64453125,-24,1.2861328125,-36,0.8134765625
35.0362,-13,2.228515625,-15,3.64453125,-27,1.05078125,-37,0.6796875
35.0424,-31,0.221435546875,-33,-0.39599609375,-27,1.05078125,-37,0.6796875
35.0548,-31,0.221435546875,-33,-0.39599609375,-32,0.49609375,-39,0.407470703125
35.0667,-31,0.221435546875,0,5.81640625,-32,0.49609375,-39,0.407470703125
35.0743,0,6.55078125,0,5.81640625,-36,0.346923828125,-40,-0.75537109375
35.0828,0,6.55078125,-25,1.548828125,-36,0.346923828125,-40,-0.75537109375
35.0937,-9,2.1875,-25,1.548828125,-38,0.2225341796875,-41,0.3173828125
35.1057,-30,0.4619140625,-5,3.802734375,-38,0.2225341796875,-41,0.3173828125
35.1155,-30,0.4619140625,-5,3.802734375,-38,0.611328125,-40,0.689453125
35.1253,0,1.4541015625,-14,1.97265625,-38,0.611328125,-40,0.689453125
35.1351,0,1.4541015625,-14,1.97265625,-38,0.281982421875,-41,0.35009765625
35.1441,0,1.4541015625,-23,1.9130859375,-38,0.281982421875,-41,0.35009765625
35.1579,-10,2.5078125,-23,1.9130859375,-39,0.353515625,-42,0.634765625
35.1637,-10,2.5078125,-28,1.2490234375,-39,0.353515625,-42,0.634765625
35.1774,-27,0.5224609375,-28,1.2490234375,-39,0.353515625,-44,0.246337890625
35.1860,-27,0.5224609375,-35,1.4345703125,-45,0.108642578125,-44,0.246337890625
35.1970,-28,1.4541015625,-35,1.4345703125,-45,0.108642578125,-43,0.448486328125
35.2056,-28,1.4541015625,-35,1.4345703125,-44,-0.047332763671875,-43,0.448486328125
35.2166,-32,0.990234375,-36,1.2685546875,-44,-0.047332763671875,-43,0.382568359375
35.2253,-32,0.990234375,-36,1.2685546875,-42,0.09710693359375,-43,0.382568359375
35.2355,-36,0.529296875,-38,0.99755859375,-42,0.09710693359375,-46,-0.10101318359375
35.2458,-36,0.529296875,-38,0.99755859375,-43,0.06878662109375,-46,-0.10101318359375
35.2556,-38,0.489990234375,-39,1.09375,-43,0.06878662109375,-44,0.396728515625
35.2664,-38,0.489990234375,-39,1.09375,-43,0.16015625,-44,0.396728515625
35.2777,-40,0.2093505859375,-41,0.48291015625,-43,0.16015625,-43,0.4853515625
35.2865,-40,0.2093505859375,-41,0.48291015625,-43,0.112060546875,-43,0.4853515625
35.2972,-39,0.3564453125,-42,0.619140625,-43,0.112060546875,-43,0.4853515625
35.3058,-39,0.3564453125,-42,0.619140625,-40,0.14794921875,-43,0.426513671875
35.3177,-41,0.261962890625,-41,0.71728515625,-40,0.14794921875,-43,0.426513671875
35.3263,-41,0.261962890625,-41,0.71728515625,-51,0.86376953125,-43,0.2607421875
35.3368,-37,0.7568359375,-41,0.515625,-51,0.86376953125,-43,0.2607421875
35.3461,-37,0.7568359375,-41,0.515625,-1,6.50390625,-41,0.482666015625
35.3575,-37,0.458984375,-39,0.70947265625,-1,6.50390625,-41,0.482666015625
35.3685,-37,0.4541015625,-39,0.70947265625,-15,1.69921875,-40,0.41943359375
35.3772,-37,0.4541015625,-38,0.5712890625,-15,1.69921875,-40,0.41943359375
35.3842,-37,0.4541015625,-38,0.5712890625,-18,0.92578125,-39,0.6064453125
35.3964,-37,0.438232421875,-39,0.53466796875,-18,0.92578125,-39,0.6064453125
35.4051,-37,0.438232421875,-39,0.53466796875,-21,1.7236328125,-38,0.607421875
35.4148,-40,0.050506591796875,-37,0.845703125,-21,1.7236328125,-40,0.385009765625
35.4247,-40,0.050506591796875,-37,0.845703125,-26,0.93408203125,-40,0.385009765625
35.4345,-40,0.08642578125,-37,0.837890625,-26,0.93408203125,-38,0.85400390625
35.4430,-40,0.08642578125,-37,0.837890625,-26,1.1982421875,-38,0.85400390625
35.4571,-39,0.273193359375,-36,1.2138671875,-26,1.1982421875,-38,0.85400390625
35.4653,-39,0.273193359375,-36,1.2138671875,-29,0.59619140625,-38,-0.822265625
35.4763,-4,4.90625,-35,0.88818359375,-29,0.59619140625,-38,-0.822265625
35.4871,-4,4.90625,-35,0.88818359375,-32,0.45947265625,-37,0.2861328125
35.4969,-21,0.9169921875,-17,2.470703125,-32,0.45947265625,-37,0.2861328125
35.5081,-21,0.9169921875,-17,2.470703125,-34,0.66455078125,-37,0.61279296875
35.5183,-23,1.6943359375,-17,2.470703125,-34,0.66455078125,-37,0.61279296875
35.5272,-23,1.6943359375,-29,0.6533203125,-36,0.04449462890625,-39,-0.130859375
35.5380,-23,1.44140625,-29,0.6533203125,-36,0.04449462890625,-39,-0.130859375
35.5453,-23,1.44140625,-29,1.1240234375,-36,0.238525390625,-39,0.335693359375
35.5571,-19,1.3759765625,-31,1.2177734375,-36,0.238525390625,-39,0.335693359375
35.5661,-19,1.3759765625,-31,1.2177734375,-36,0.238525390625,-37,0.440673828125
35.5763,-31,0.2320556640625,-33,1.1845703125,-36,0.1763916015625,-37,0.440673828125
35.5867,-31,0.2320556640625,-33,1.1845703125,-36,0.1763916015625,-37,0.3994140625
35.5958,-33,0.374755859375,-35,0.7548828125,-26,0.96826171875,-37,0.3994140625
35.6047,-33,0.374755859375,-35,0.7548828125,-26,0.96826171875,-39,0.16748046875
35.6160,-1,6.65625,-35,0.7548828125,-14,1.3525390625,-39,0.16748046875
35.6260,-1,6.65625,-36,0.69091796875,-14,1.3525390625,-39,0.16748046875
35.6349,-18,1.0625,-36,0.69091796875,-24,0.78515625,-38,0.263427734375
35.6440,-18,1.0625,-34,1.1337890625,-24,0.78515625,-38,0.263427734375
35.6579,-18,1.0625,-34,1.1337890625,-27,0.8603515625,-37,0.382080078125
35.6636,-24,1.0224609375,-32,1.2607421875,-27,0.8603515625,-37,0.382080078125
35.6748,-24,1.0224609375,-32,1.2607421875,-30,0.537109375,-38,0.1571044921875
35.6849,-10,1.9794921875,-21,1.619140625,-30,0.537109375,-38,0.1571044921875
35.6942,-14,1.744140625,-21,1.619140625,-33,0.40283203125,-39,0.221435546875
35.7038,-14,1.744140625,-32,0.20263671875,-33,0.40283203125,-39,0.221435546875
35.7145,-14,1.744140625,-32,0.20263671875,-35,0.2330322265625,-39,-0.51708984375
35.7232,-28,0.52197265625,-32,1.09375,-35,0.2330322265625,-39,-0.51708984375
35.7343,-28,0.52197265625,-32,1.09375,-36,0.3662109375,-39,0.186767578125
35.7428,-30,0.775390625,-35,0.79443359375,-36,0.3662109375,-39,0.186767578125
35.7545,-33,0.3583984375,-35,0.79443359375,-38,0.092041015625,-41,0.2218017578125
35.7624,-33,0.3583984375,-37,0.7421875,-38,0.092041015625,-41,0.2218017578125
35.7741,-33,0.3583984375,-37,0.7421875,-38,0.092041015625,-39,0.271728515625
35.7818,-32,0.58837890625,-35,0.9755859375,-37,0.1302490234375,-39,0.271728515625
35.7943,-32,0.58837890625,-35,0.9755859375,-36,0.2236328125,-38,0.1536865234375
35.8079,-33,0.57470703125,-32,1.3701171875,-36,0.2236328125,-38,0.1536865234375
35.8186,-34,0.52783203125,-32,1.3701171875,-36,0.1549072265625,-38,0.114990234375
35.8267,-34,0.52783203125,-16,1.5185546875,-36,0.1549072265625,-38,0.114990234375
35.8390,-34,0.52783203125,-16,1.5185546875,-37,0.2025146484375,-37,0.45947265625
35.8477,-35,0.38720703125,-26,0.99462890625,-37,0.2025146484375,-37,0.45947265625
35.8600,-35,0.38720703125,-26,0.99462890625,-37,0.272216796875,-38,0.2314453125
35.8778,-38,0.321044921875,-9,2.60546875,-36,0.464111328125,-38,0.576171875
35.8863,-37,0.59765625,-11,2.728515625,-36,0.464111328125,-38,0.576171875
35.8980,-37,0.59765625,-11,2.728515625,-37,0.10107421875,-37,0.267333984375
35.9067,-11,1.640625,-26,1.05078125,-37,0.10107421875,-37,0.267333984375
35.9181,-11,1.640625,-26,1.05078125,-37,0.1944580078125,-37,0.34716796875
35.9266,-23,0.728515625,-15,3.958984375,-37,0.1944580078125,-37,0.34716796875
35.9379,-23,0.728515625,-15,3.958984375,-38,0.150146484375,-37,-0.6689453125
35.9461,-28,1.130859375,-19,2.134765625,-38,0.150146484375,-37,-0.6689453125
35.9578,-28,1.130859375,-19,2.134765625,-38,0.150146484375,-37,0.27099609375
35.9686,-8,2.2109375,-19,2.134765625,-38,0.0614013671875,-37,0.27099609375
35.9800,-8,2.2109375,-28,1.0068359375,-38,0.59423828125,-39,0.359130859375
35.9888,-7,2.82421875,-34,0.58642578125,-38,0.59423828125,-39,0.359130859375
35.9983,-7,2.82421875,-34,0.58642578125,-38,0.498291015625,-39,0.238525390625
36.0087,-23,1.04296875,-9,2.90625,-38,0.498291015625,-39,0.238525390625
36.0191,-23,1.04296875,-9,2.90625,-38,0.498291015625,-39,0.485595703125
36.0273,-27,1.015625,-13,2.4921875,-40,0.153564453125,-39,0.485595703125
36.0417,-27,1.015625,-13,2.4921875,-40,0.153564453125,-41,0.1790771484375
36.0488,-10,2.208984375,-13,2.4921875,-40,0.266357421875,-41,0.1790771484375
36.0613,-10,2.208984375,-29,1.1533203125,-40,0.034759521484375,-42,0.2110595703125
36.0701,-31,0.2939453125,-29,1.1533203125,-40,0.034759521484375,-42,0.2110595703125
36.0808,-31,0.2939453125,-28,1.6796875,-40,0.034759521484375,-41,0.2091064453125
36.0903,-27,1.4716796875,-31,1.3359375,-42,-0.03851318359375,-41,0.2091064453125
36.0991,-27,1.4716796875,-31,1.3359375,-42,-0.03851318359375,-41,0.2041015625
36.1087,-11,1.9912109375,-31,1.3359375,-41,0.0258636474609375,-41,0.2041015625
36.1187,-11,1.9912109375,-36,0.5888671875,-41,0.0258636474609375,-42,-0.2802734375
36.1283,-16,1.6591796875,-36,0.5888671875,-41,0.124755859375,-42,-0.2802734375
36.1456,-30,0.583984375,-37,1.1123046875,-41,0.004802703857421875,-40,0.46728515625
36.1563,-30,0.583984375,-37,0.73046875,-41,0.004802703857421875,-40,0.2236328125
36.1642,-31,0.9599609375,-37,0.73046875,-41,0.0081939697265625,-40,0.2236328125
36.1753,-31,0.9599609375,-39,0.8271484375,-41,0.0081939697265625,-44,-0.157958984375
36.1892,-33,0.70263671875,-39,0.8271484375,-41,0.08416748046875,-44,-0.157958984375
36.1970,-33,0.70263671875,-40,0.8203125,-41,0.08416748046875,-41,0.44140625
36.2056,-33,1.09375,-40,0.8203125,-41,-0.0228424072265625,-41,0.44140625
36.2180,-33,1.09375,-40,0.9775390625,-41,-0.0228424072265625,-41,0.44140625
36.2243,-35,0.87841796875,-40,0.9775390625,-43,0.0177154541015625,-39,0.61865234375
36.2352,-35,0.87841796875,-40,1.0966796875,-43,0.0177154541015625,-40,0.60546875
36.2439,-36,0.81982421875,-40,1.0966796875,-43,-0.077880859375,-40,0.60546875
36.2558,-36,0.81982421875,-38,0.92626953125,-43,-0.077880859375,-40,0.5654296875
36.2648,-39,0.625,-38,0.92626953125,-42,0.2139892578125,-40,0.5654296875
36.2760,-39,0.625,-39,1.0283203125,-42,0.2139892578125,-40,0.5654296875
36.2842,-40,0.61865234375,-39,1.0283203125,-39,0.41259765625,-41,0.35791015625
36.2961,-40,0.61865234375,-39,1.01953125,-39,0.41259765625,-41,0.35791015625
36.3039,-39,0.477294921875,-39,1.01953125,-38,0.057861328125,-41,-0.2469482421875
36.3190,-39,0.477294921875,-39,0.8818359375,-38,0.057861328125,-41,-0.2469482421875
36.3246,-5,5.73828125,-39,0.8818359375,-37,0.322021484375,-35,0.6630859375
36.3374,-5,5.73828125,-39,1.02734375,-37,0.322021484375,-35,0.6630859375
36.3452,-19,1.474609375,-39,1.02734375,-38,0.2880859375,-4,5.46484375
36.3579,-19,1.474609375,-37,0.97265625,-38,0.2880859375,-4,5.46484375
36.3647,-23,1.6796875,-37,0.97265625,-38,0.166015625,-16,1.5244140625
36.3761,-23,1.6796875,-37,0.98681640625,-38,0.166015625,-16,1.5244140625
36.3844,-11,2.474609375,-37,0.98681640625,-38,0.2423095703125,-28,0.62353515625
36.3955,-11,2.474609375,-39,0.90966796875,-38,0.2423095703125,-28,0.62353515625
36.4050,-15,2.392578125,-39,0.90966796875,-40,-0.0501708984375,-32,0.66357421875
36.4188,-15,2.392578125,-39,1.017578125,-40,-0.0501708984375,-32,0.66357421875
36.4244,-27,1.205078125,-39,1.017578125,-38,0.5,-2,5.72265625
36.4354,-27,1.205078125,-39,1.34375,-38,0.5,-2,5.72265625
36.4451,-27,1.205078125,-39,1.34375,-39,0.301025390625,-9,2.576171875
36.4552,-33,1.2109375,-40,0.69921875,-39,0.301025390625,-9,2.576171875
36.4635,-33,1.2109375,-40,0.69921875,-44,0.1268310546875,-25,1.025390625
36.4775,-33,1.1494140625,-40,0.69921875,-44,0.1268310546875,-25,1.025390625
36.4861,-33,1.1494140625,-40,0.73974609375,-40,0.3134765625,-29,1.244140625
36.4963,-39,0.59619140625,-40,0.8876953125,-40,0.3134765625,-29,1.244140625
36.5058,-39,0.59619140625,-40,0.8876953125,-40,0.24658203125,-32,0.8974609375
36.5155,-38,1.0498046875,-40,0.85986328125,-40,0.24658203125,-32,0.8974609375
36.5247,-38,1.0498046875,-40,0.85986328125,-40,0.1456298828125,-33,0.86767578125
36.5363,-38,0.75048828125,-44,0.73193359375,-40,0.1456298828125,-33,0.86767578125
36.5436,-38,0.75048828125,-44,0.73193359375,-41,0.1619873046875,-35,1.03125
36.5548,-38,0.8681640625,-42,0.513671875,-41,0.1619873046875,-35,1.03125
36.5645,-38,0.8681640625,-42,0.513671875,-43,-0.10736083984375,-35,1.03125
36.5750,-38,0.89892578125,-41,0.857421875,-43,-0.10736083984375,-35,0.91162109375
36.5833,-38,0.89892578125,-41,0.857421875,-42,0.0777587890625,-35,0.91162109375
36.5944,-40,0.57666015625,-41,0.857421875,-42,0.0777587890625,-38,0.427001953125
36.6067,-40,0.57666015625,-39,1.0283203125,-42,0.0777587890625,-38,0.427001953125
36.6146,-37,1.080078125,-39,1.0283203125,-41,0.159912109375,-45,0.2254638671875
36.6242,-37,1.080078125,-39,1.03515625,-39,0.2288818359375,-45,0.2254638671875
36.6345,-38,0.91015625,-39,1.03515625,-39,0.2288818359375,-12,4.640625
36.6433,-38,0.91015625,-42,0.5185546875,-39,0.275390625,-12,4.640625
36.6549,-38,0.55615234375,-42,0.5185546875,-39,0.275390625,-15,2.259765625
36.6637,-38,0.55615234375,-40,0.60400390625,-39,0.275390625,-15,2.259765625
36.6776,-38,0.6318359375,-40,0.60400390625,-41,0.0858154296875,-8,2.34765625
36.6852,-38,0.6318359375,-39,1.193359375,-41,0.0858154296875,-8,2.34765625
36.6952,-38,0.6318359375,-39,1.193359375,-40,0.340087890625,-22,0.8916015625
36.7044,-41,0.12115478515625,-38,0.640625,-40,0.340087890625,-22,0.8916015625
36.7155,-41,0.217529296875,-38,0.640625,-38,0.02435302734375,-32,0.449462890625
36.7258,-41,0.217529296875,-38,0.64697265625,-38,0.02435302734375,-32,0.449462890625
36.7360,-40,0.22705078125,-38,0.64697265625,-38,0.426513671875,-26,1.2939453125
36.7447,-40,0.22705078125,-40,0.23193359375,-38,0.426513671875,-26,1.2939453125
36.7561,-40,0.22705078125,-40,0.23193359375,-36,0.37109375,-27,0.95458984375
36.7643,-3,4.94140625,-40,1.70703125,-36,0.37109375,-27,0.95458984375
36.7764,-3,4.94140625,-40,1.70703125,-36,-0.072021484375,0,-0.9970703125
36.7851,-19,-0.326416015625,5,-0.042266845703125,-36,-0.072021484375,0,-0.9970703125
36.7960,-19,-0.326416015625,5,-0.042266845703125,-34,-0.08056640625,-9,-0.98876953125
36.8068,-22,-0.50830078125,-10,0.06231689453125,-34,-0.08056640625,-9,-0.98876953125
36.8186,-22,-0.50830078125,-10,0.06231689453125,-45,-0.1494140625,-17,-0.931640625
36.8338,-1,-0.25439453125,-10,0.280029296875,-8,-0.241943359375,-30,-0.77294921875
36.8406,-14,-0.3681640625,-13,-0.294189453125,-8,-0.241943359375,-30,-0.77294921875
36.8479,-14,-0.3681640625,-13,-0.294189453125,-8,-0.1455078125,-30,-0.77294921875
36.8597,-9,0.264892578125,-19,-0.57568359375,-8,-0.1455078125,0,-0.66552734375
36.8702,-9,0.264892578125,-19,-0.57568359375,-1,-0.09710693359375,0,-0.66552734375
36.8806,-8,0.263427734375,-19,-0.57568359375,-1,-0.09710693359375,-2,-0.57421875
36.8911,-8,0.263427734375,-8,-0.52685546875,-1,-0.09710693359375,-2,-0.57421875
36.9087,-18,0.22314453125,-18,-0.42138671875,-12,-0.17529296875,-15,-0.395263671875
36.9181,-12,0.1729736328125,-18,-0.42138671875,-16,-0.11688232421875,-7,-0.258544921875
36.9277,-12,0.1729736328125,-18,-0.449462890625,-16,-0.11688232421875,-7,-0.258544921875
36.9379,-6,0.3154296875,-18,-0.449462890625,0,0.08984375,0,-0.1884765625
36.9472,-6,0.3154296875,-8,0.10748291015625,0,0.08984375,0,-0.1884765625
36.9584,-6,0.3154296875,-8,0.10748291015625,0,-0.059295654296875,0,-0.204345703125
36.9686,-8,0.267578125,-4,0.040252685546875,-14,0.1378173828125,0,-0.204345703125
36.9812,-8,0.267578125,-4,0.040252685546875,-14,0.1378173828125,-13,-0.10089111328125
36.9911,-23,-0.2227783203125,-16,0.40283203125,-13,0.060150146484375,-13,-0.10089111328125
36.9998,-23,-0.2227783203125,-16,0.40283203125,-13,0.060150146484375,-15,-0.4921875
37.0096,-2,0.15478515625,-18,0.2117919921875,-13,0.060150146484375,-15,-0.4921875
37.0205,-2,0.15478515625,-18,0.2117919921875,0,0.07568359375,0,0.032745361328125
37.0301,-1,0.133056640625,-3,-0.052886962890625,0,0.07568359375,0,0.032745361328125
37.0404,-1,0.133056640625,-3,-0.052886962890625,0,0.022186279296875,0,-0.45458984375
37.0601,0,0.187255859375,-1,0.096435546875,0,0.01387786865234375,0,0.1463623046875
37.0740,0,0.124267578125,0,0.25927734375,0,0.01387786865234375,0,0.1463623046875
37.0807,0,0.124267578125,0,0.25927734375,0,0.045562744140625,0,-0.18408203125
37.0909,0,0.073486328125,0,0.3818359375,0,0.045562744140625,0,-0.18408203125
37.1070,0,0.01194000244140625,0,0.1929931640625,0,-0.0765380859375,0,0.1990966796875
37.1198,0,0.01194000244140625,0,0.1929931640625,0,-0.0145263671875,0,0.1990966796875
37.1300,0,0.24072265625,0,0.296630859375,0,-0.0145263671875,0,0.08599853515625
37.1387,0,0.24072265625,0,0.296630859375,0,0.03521728515625,0,0.08599853515625
37.1469,0,-0.08258056640625,0,0.2003173828125,0,0.03521728515625,0,0.2462158203125
37.1570,0,-0.08258056640625,0,0.2003173828125,0,-0.164794921875,0,-0.0794677734375
37.1686,0,-0.0246124267578125,0,0.4150390625,0,-0.164794921875,0,-0.0794677734375
37.1788,0,-0.0246124267578125,0,0.4150390625,0,-0.03643798828125,0,0.1859130859375
37.1865,0,-0.108154296875,0,-0.2005615234375,0,-0.03643798828125,0,0.1859130859375
37.1986,0,-0.108154296875,0,-0.2005615234375,0,-0.022369384765625,0,0.1884765625
37.2063,0,0.058990478515625,0,0.1751708984375,0,-0.022369384765625,0,0.1884765625
37.2203,0,0.058990478515625,0,0.1751708984375,0,0.04937744140625,0,0.1884765625
37.2271,0,-0.0634765625,0,0.05865478515625,0,0.04937744140625,0,-0.08111572265625
37.2391,0,-0.0634765625,0,0.05865478515625,0,-0.022247314453125,0,-0.08111572265625
37.2513,0,0.331298828125,0,0.249755859375,0,-0.022247314453125,0,0.043548583984375
37.2598,0,0.331298828125,0,0.249755859375,0,0.021759033203125,0,0.043548583984375
37.2667,0,0.12017822265625,0,0.1624755859375,0,0.021759033203125,0,0.1337890625
37.2791,0,0.12017822265625,0,0.1624755859375,0,-0.015838623046875,0,0.1337890625
37.2865,0,0.1470947265625,0,-0.5751953125,0,-0.015838623046875,0,0.21337890625
37.2994,0,0.1470947265625,0,-0.5751953125,0,0.0120849609375,0,0.21337890625
37.3071,0,-0.1297607421875,0,-0.5751953125,0,0.0120849609375,0,-0.139892578125
37.3195,0,-0.1297607421875,0,0.034820556640625,0,0.038421630859375,0,-0.139892578125
37.3275,0,0.1689453125,0,0.034820556640625,0,0.038421630859375,0,-0.0789794921875
37.3406,0,0.1689453125,0,-0.31201171875,0,-0.0430908203125,0,-0.0789794921875
37.3479,0,0.1689453125,0,-0.31201171875,0,-0.0430908203125,0,0.135009765625
37.3593,0,-0.06976318359375,0,0.322998046875,0,-0.052276611328125,0,0.135009765625
37.3675,0,-0.06976318359375,0,0.322998046875,0,-0.052276611328125,0,-0.18017578125
37.3804,0,0.00948333740234375,0,0.312255859375,0,-0.029754638671875,0,-0.18017578125
37.3867,0,0.00948333740234375,0,0.312255859375,0,-0.029754638671875,0,0.0867919921875
37.4000,0,-0.25048828125,0,-0.396484375,0,-0.0596923828125,0,0.0867919921875
37.4070,0,0.1741943359375,0,-0.396484375,0,-0.0596923828125,0,-0.308349609375
37.4182,0,0.1741943359375,0,0.343017578125,0,0.02838134765625,0,-0.308349609375
37.4263,0,0.09783935546875,0,0.343017578125,0,0.02838134765625,0,-0.35107421875
37.4399,0,0.09783935546875,0,0.489013671875,0,-0.07330322265625,0,-0.35107421875
37.4477,0,0.09783935546875,0,0.489013671875,0,-0.07330322265625,0,-0.25439453125
37.4637,0,0.246826171875,0,-0.08935546875,0,0.0309906005859375,0,-0.25439453125
37.4681,0,0.246826171875,0,-0.08935546875,0,0.0309906005859375,0,-0.1558837890625
37.4794,0,-0.01500701904296875,0,-0.059112548828125,0,-0.01702880859375,0,-0.1558837890625
37.4908,0,-0.01500701904296875,0,-0.059112548828125,0,-0.01702880859375,0,-0.347412109375
37.5008,0,0.358642578125,0,0.1708984375,0,0.037811279296875,0,-0.347412109375
37.5107,0,0.11029052734375,0,0.1708984375,0,0.037811279296875,0,-0.00836944580078125
37.5268,0,0.11029052734375,0,0.1298828125,0,0.07171630859375,0,-0.2371826171875
37.5388,0,0.091064453125,0,-0.2685546875,0,0.07171630859375,0,-0.2371826171875
37.5481,0,0.091064453125,0,-0.2685546875,0,-0.0286865234375,0,0.1822509765625
37.5595,0,0.1256103515625,0,-0.473388671875,0,-0.0286865234375,0,0.1822509765625
37.5687,0,0.1256103515625,0,-0.473388671875,0,0.067138671875,0,0.1822509765625
37.5798,0,0.167724609375,0,-0.0960693359375,0,0.067138671875,0,0.154296875
37.5873,0,0.167724609375,0,-0.0960693359375,0,-0.00847625732421875,0,-0.077392578125
37.5993,0,-0.45068359375,0,0.412353515625,0,-0.00847625732421875,0,-0.077392578125
37.6071,0,-0.45068359375,0,0.412353515625,0,-0.01910400390625,0,-0.170166015625
37.6191,0,-0.08624267578125,0,0.282958984375,0,-0.01910400390625,0,-0.170166015625
37.6280,0,-0.08624267578125,0,0.282958984375,0,0.03558349609375,0,-0.170166015625
37.6408,0,0.2261962890625,0,-0.1075439453125,0,0.03558349609375,0,0.164794921875
37.6480,0,0.2261962890625,0,-0.1075439453125,0,0.037567138671875,0,0.164794921875
37.6582,0,0.134033203125,0,0.5126953125,0,0.037567138671875,0,0.20751953125
37.6686,0,0.134033203125,0,0.5126953125,0,-0.0218048095703125,0,0.20751953125
37.6798,0,0.09075927734375,0,0.5126953125,0,-0.0218048095703125,0,-0.1319580078125
37.6882,0,0.09075927734375,0,-0.355224609375,0,-0.0196990966796875,0,-0.1319580078125
37.6993,0,0.247314453125,0,-0.355224609375,0,-0.0196990966796875,0,0.0313720703125
37.7083,0,0.247314453125,0,-0.395263671875,0,-0.1263427734375,0,0.1954345703125
37.7184,0,0.1463623046875,0,-0.155029296875,0,-0.1263427734375,0,0.1954345703125
37.7289,0,0.1463623046875,0,-0.155029296875,0,-0.10296630859375,0,0.1954345703125
37.7421,0,-0.242431640625,0,-0.155029296875,0,-0.10296630859375,0,0.22998046875
37.7480,0,-0.242431640625,0,-0.4677734375,0,0.049468994140625,0,0.22998046875
37.7588,0,3.13671875,0,2.587890625,0,0.049468994140625,0,2.375
37.7685,0,3.13671875,0,2.587890625,0,2.27734375,0,2.375
37.7799,-11,0.58740234375,0,2.587890625,0,2.27734375,0,2.201171875
37.7884,-11,0.58740234375,0,1.8740234375,0,1.9921875,0,2.201171875
37.7995,-11,0.58740234375,0,1.8740234375,0,1.9921875,0,2.431640625
37.8114,-17,0.96484375,-5,1.34375,-5,1.67578125,0,2.431640625
37.8215,-2,2.31640625,-5,1.34375,-5,1.67578125,-3,1.7568359375
37.8311,-2,2.31640625,-18,0.61767578125,-18,0.6904296875,-3,1.7568359375
37.8557,0,2.38671875,-1,3.3671875,-4,2.73828125,-1,3.95703125
37.8603,0,2.46875,-1,3.3671875,-4,2.73828125,-1,3.95703125
37.8693,0,2.46875,0,2.43359375,0,2.4921875,-1,3.95703125
37.8798,0,2.904296875,0,2.43359375,0,2.4921875,0,2.470703125
37.8887,0,2.904296875,0,2.7578125,0,2.669921875,0,2.470703125
37.9016,0,2.904296875,0,2.7578125,0,2.669921875,-1,2.919921875
37.9132,-8,1.9228515625,-8,1.7373046875,-6,1.9892578125,-1,2.919921875
37.9180,-8,1.9228515625,-8,1.7373046875,-6,1.9892578125,-15,1.171875
37.9290,-18,0.9970703125,-17,1.466796875,-17,1.0830078125,-15,1.171875
37.9376,-18,0.9970703125,-17,1.466796875,-17,1.0830078125,-11,2.0234375
37.9472,-2,3.599609375,0,3.625,-1,3.9296875,-11,2.0234375
37.9573,-9,1.734375,0,3.625,-1,3.9296875,0,2.880859375
37.9668,-9,1.734375,-12,1.6015625,-12,1.4921875,0,2.880859375
37.9797,-9,1.734375,-12,1.6015625,-12,1.4921875,-9,1.63671875
37.9891,-15,1.6787109375,-15,1.859375,-12,1.4921875,-9,1.63671875
38.0001,-15,1.6787109375,-15,1.859375,-15,1.771484375,-9,1.63671875
38.0081,-10,2.376953125,-4,2.646484375,-15,1.771484375,-16,1.4931640625
38.0197,-10,2.376953125,-4,2.646484375,-6,2.357421875,-18,1.193359375
38.0301,-21,1.0625,-17,1.224609375,-6,2.357421875,-18,1.193359375
38.0386,-21,1.0625,-17,1.224609375,-17,1.228515625,-24,1.0615234375
38.0487,-12,2.5859375,-15,1.87890625,-17,1.228515625,-24,1.0615234375
38.0587,-12,2.5859375,-15,1.87890625,-9,2.970703125,-22,1.2001953125
38.0666,-22,0.896484375,-25,0.76123046875,-9,2.970703125,-22,1.2001953125
38.0798,-22,0.896484375,-25,0.76123046875,-21,1.02734375,-22,1.2001953125
38.0896,-20,1.986328125,-19,1.994140625,-21,1.02734375,-28,0.58056640625
38.0991,-20,1.986328125,-19,1.994140625,-24,1.044921875,-20,1.5078125
38.1091,-33,0.38134765625,-28,0.857421875,-24,1.044921875,-20,1.5078125
38.1191,-33,0.38134765625,-28,0.857421875,-34,0.369873046875,-33,0.1605224609375
38.1377,-35,0.576171875,-13,2.640625,-2,5.31640625,-5,3.763671875
38.1472,-35,0.34375,-13,2.640625,-2,5.31640625,-5,3.763671875
38.1586,-35,0.34375,-23,1.1533203125,-10,2.16015625,-18,1.1923828125
38.1658,-10,1.7529296875,-26,0.97998046875,-10,2.16015625,-18,1.1923828125
38.1779,-10,1.7529296875,-26,0.97998046875,-16,1.33984375,-18,1.1923828125
38.1854,-26,0.7421875,-35,0.347900390625,-16,1.33984375,-27,0.65087890625
38.1985,-26,0.7421875,-35,0.347900390625,-29,0.51513671875,-27,0.65087890625
38.2063,-4,2.99609375,-36,0.80810546875,-29,0.51513671875,-30,0.99560546875
38.2180,-4,2.99609375,-36,0.80810546875,-33,0.6494140625,-30,0.99560546875
38.2266,-20,0.97802734375,-36,0.80810546875,-33,0.6494140625,-30,0.68408203125
38.2392,-20,0.97802734375,-32,0.8857421875,-34,0.5859375,-30,0.68408203125
38.2472,-29,0.449951171875,-32,0.8857421875,-34,0.5859375,-32,0.62060546875
38.2586,-29,0.449951171875,-16,1.1298828125,-34,0.3017578125,-37,0.1925048828125
38.2666,-2,3.958984375,-16,1.1298828125,-34,0.3017578125,-37,0.1925048828125
38.2779,-2,3.958984375,-28,0.36962890625,-34,0.384765625,-37,0.1925048828125
38.2866,-10,1.990234375,-28,0.36962890625,-34,0.384765625,-38,0.2237548828125
38.2982,-10,1.990234375,-33,0.2001953125,-36,0.31201171875,-38,0.2237548828125
38.3049,-21,0.7607421875,-33,0.2001953125,-36,0.31201171875,-40,-0.26611328125
38.3178,-21,0.7607421875,-31,0.77880859375,-42,0.395263671875,-40,-0.26611328125
38.3261,-30,0.60302734375,-31,0.77880859375,-42,0.395263671875,-40,0.139892578125
38.3374,-30,0.60302734375,-33,0.65478515625,-39,0.11083984375,-40,0.139892578125
38.3461,-32,0.5673828125,-33,0.65478515625,-39,0.11083984375,-40,-0.046875
38.3573,-32,0.5673828125,-36,0.446533203125,-37,0.220458984375,-40,-0.046875
38.3657,-33,0.351318359375,-36,0.446533203125,-37,0.220458984375,-39,0.21875
38.3779,-33,0.351318359375,-38,0.1873779296875,-38,0.1400146484375,-39,0.21875
38.3854,-33,0.351318359375,-38,0.1873779296875,-38,0.1400146484375,-40,0.1732177734375
38.3964,-34,0.5888671875,-38,0.2154541015625,-39,0.07244873046875,-40,0.1732177734375
38.4049,-34,0.5888671875,-38,0.2154541015625,-39,0.07244873046875,-40,-0.1385498046875
38.4176,-34,0.478515625,-38,0.29296875,-40,0.02587890625,-40,-0.1385498046875
38.4267,-34,0.478515625,-38,0.29296875,-40,0.02587890625,-37,0.1673583984375
38.4376,-34,0.162109375,-36,-0.318603515625,-38,0.08990478515625,-37,0.1673583984375
38.4463,-34,0.162109375,-36,-0.318603515625,-38,0.08990478515625,-37,0.35888671875
38.4596,-36,0.484619140625,-36,0.490966796875,-27,1.8623046875,-37,0.35888671875
38.4693,-36,0.484619140625,-36,0.490966796875,-27,1.8623046875,-3,5.47265625
38.4797,-38,-0.34326171875,-11,1.845703125,-29,0.84521484375,-3,5.47265625
38.4852,-38,-0.34326171875,-11,1.845703125,-29,0.84521484375,-10,2.146484375
38.5000,-1,4.56640625,1,4.5234375,-11,1.9794921875,-10,2.146484375
38.5087,-1,4.56640625,1,4.5234375,-11,1.9794921875,-16,0.86474609375
38.5185,-11,1.7890625,-14,1.447265625,-25,0.3330078125,-16,0.86474609375
38.5284,-11,1.7890625,-14,1.447265625,-25,0.3330078125,-28,0.34619140625
38.5427,-10,2.04296875,-27,0.410888671875,-25,0.3330078125,-28,0.34619140625
38.5489,-10,2.04296875,-27,0.410888671875,-29,0.51953125,-29,0.5283203125
38.5610,-22,0.80224609375,1,4.48828125,0,5.73828125,-29,0.5283203125
38.5691,-22,0.80224609375,1,4.48828125,0,5.73828125,-31,1.0107421875
38.5817,-34,0.31591796875,1,4.48828125,0,5.73828125,-31,1.0107421875
38.5886,-34,0.31591796875,-8,2.03125,-16,1.3740234375,-33,0.463623046875
38.5989,-36,0.33447265625,-8,2.03125,-16,1.3740234375,-33,0.463623046875
38.6075,-36,0.33447265625,-12,2.076171875,-23,1.2294921875,-34,0.418701171875
38.6185,-34,0.5771484375,-21,1.0234375,-23,1.2294921875,-34,0.418701171875
38.6270,-34,0.5771484375,-21,1.0234375,-11,1.7392578125,-34,0.418701171875
38.6372,-34,0.5146484375,-30,0.69189453125,-11,1.7392578125,-38,0.302001953125
38.6475,-34,0.5146484375,-30,0.69189453125,-21,0.86181640625,-38,0.302001953125
38.6578,-34,0.207763671875,-34,0.489990234375,-21,0.86181640625,-37,-0.1746826171875
38.6672,-34,0.207763671875,-34,0.489990234375,-29,0.5517578125,-37,-0.1746826171875
38.6784,-37,-0.04608154296875,-34,0.489990234375,-29,0.5517578125,-37,0.2008056640625
38.6869,-37,-0.04608154296875,-11,3.833984375,-31,0.358154296875,-37,0.2008056640625
38.6979,-39,-0.0645751953125,-11,3.833984375,-31,0.358154296875,-38,0.294189453125
38.7068,-39,-0.0645751953125,-19,1.5322265625,-3,4.20703125,-38,0.294189453125
38.7174,-4,4.73046875,-19,1.5322265625,-3,4.20703125,-38,-0.1822509765625
38.7268,-4,4.73046875,-7,4.3828125,-17,1.1259765625,-38,-0.1822509765625
38.7373,-10,2.064453125,-7,4.3828125,-17,1.1259765625,-36,0.07830810546875
38.7459,-10,2.064453125,-26,-0.5693359375,-25,0.759765625,-36,0.07830810546875
38.7570,-22,0.6884765625,-26,-0.5693359375,-25,0.759765625,-36,0.089111328125
38.7682,-22,0.6884765625,-29,0.84326171875,-28,0.67724609375,-36,0.089111328125
38.7768,-22,0.6884765625,-29,0.84326171875,-28,0.67724609375,-40,-0.591796875
38.7887,-30,0.56201171875,5,4.74609375,-4,0.8037109375,-40,-0.591796875
38.7964,-31,0.482177734375,5,4.74609375,-4,0.8037109375,-39,-0.381103515625
38.8071,-31,0.482177734375,-13,1.42578125,-10,1.8408203125,-39,-0.381103515625
38.8195,-32,0.5498046875,-13,1.42578125,-10,1.8408203125,-10,1.7763671875
38.8269,-32,0.5498046875,-13,2.025390625,-15,1.3662109375,-10,1.7763671875
38.8387,-32,0.5498046875,-13,2.025390625,-15,1.3662109375,-23,0.37255859375
38.8468,-35,0.297119140625,-23,0.9677734375,-28,0.388671875,-23,0.37255859375
38.8596,-35,0.297119140625,-23,0.9677734375,-28,0.388671875,-16,0.95361328125
38.8703,-23,1.07421875,-30,0.31005859375,-33,0.1636962890625,-16,0.95361328125
38.8784,-23,1.07421875,-30,0.31005859375,-33,0.1636962890625,-1,3.771484375
38.8875,-26,0.9306640625,-38,0.265869140625,-34,0.1405029296875,-1,3.771484375
38.8985,-26,0.9306640625,-38,0.265869140625,-34,0.1405029296875,-12,1.6328125
38.9062,-30,0.1927490234375,-6,2.99609375,-35,0.1300048828125,-12,1.6328125
38.9182,-30,0.1927490234375,-6,2.99609375,-35,0.1300048828125,-16,1.083984375
38.9263,-33,0.1400146484375,-32,0.67236328125,-9,2.765625,-16,1.083984375
38.9372,-33,0.1400146484375,-32,0.67236328125,-9,2.765625,-24,0.57275390625
38.9469,-8,2.12109375,-24,0.412353515625,-9,2.765625,-24,0.57275390625
38.9579,-8,2.12109375,-24,0.412353515625,-25,0.382568359375,-31,0.1717529296875
38.9663,-17,0.90625,-24,1.1669921875,-25,0.382568359375,-31,0.1717529296875
38.9789,-17,0.90625,-24,1.1669921875,-29,0.599609375,-33,0.34521484375
38.9859,-31,-0.040374755859375,5,4.67578125,-29,0.599609375,-33,0.34521484375
38.9959,-31,-0.040374755859375,5,4.67578125,-32,0.364990234375,-35,-0.353515625
39.0063,-33,0.145751953125,-13,1.3134765625,-32,0.364990234375,-35,-0.353515625
39.0181,-33,0.145751953125,-13,1.3134765625,-36,0.028045654296875,-35,-0.353515625
39.0276,-35,0.06829833984375,-14,1.744140625,-36,0.028045654296875,-34,-0.299560546875
39.0381,-35,0.06829833984375,-14,1.744140625,-34,0.442626953125,-34,-0.299560546875
39.0476,-37,0.056671142578125,-14,1.744140625,-34,0.442626953125,-36,-0.01262664794921875
39.0577,-37,0.056671142578125,-24,0.888671875,-35,0.1658935546875,-39,-0.423095703125
39.0672,0,2.962890625,-24,0.888671875,-35,0.1658935546875,-39,-0.423095703125
39.0778,0,2.962890625,-27,0.456298828125,-38,0.0728759765625,-37,0.2081298828125
39.0895,-18,0.865234375,-27,0.456298828125,-38,0.0728759765625,-37,0.2081298828125
39.1074,-29,0.5087890625,-4,4.2578125,-38,-0.0304107666015625,-37,-0.1640625
39.1191,-29,0.5087890625,-4,4.2578125,-36,0.196044921875,-37,-0.1640625
39.1269,5,6.09375,-35,1.1845703125,-36,0.196044921875,-38,-0.271240234375
39.1390,5,6.09375,-35,1.1845703125,-36,0.054229736328125,-38,-0.2396240234375
39.1475,-12,1.3701171875,-35,1.1845703125,-36,0.054229736328125,-38,-0.2396240234375
39.1599,-12,1.3701171875,-4,2.185546875,-14,-0.293701171875,-38,-0.2396240234375
39.1681,-12,1.3701171875,-4,2.185546875,-14,-0.293701171875,-37,-0.0863037109375
39.1796,-4,2.37109375,-25,1.0419921875,-28,0.29296875,-37,0.06182861328125
39.1876,-14,1.232421875,-25,1.0419921875,-28,0.29296875,-37,0.06182861328125
39.1995,-14,1.232421875,-7,2.619140625,-33,0.30029296875,-37,0.06182861328125
39.2074,-14,1.232421875,-7,2.619140625,-33,0.30029296875,-39,-0.51220703125
39.2184,-9,1.15625,-7,1.7890625,-5,2.4140625,-39,-0.51220703125
39.2269,-9,1.15625,-7,1.7890625,-5,2.4140625,-39,-0.491455078125
39.2378,-18,0.6171875,-13,1.833984375,-9,1.9384765625,-39,-0.491455078125
39.2464,-38,0.521484375,-13,1.833984375,-9,1.9384765625,-38,-0.46630859375
39.2575,-38,0.521484375,-20,0.8642578125,-9,1.9384765625,-38,-0.46630859375
39.2660,-23,1.3955078125,-20,0.8642578125,-18,0.9384765625,-4,3.45703125
39.2773,-23,1.3955078125,-23,1.4013671875,-18,0.9384765625,-4,3.45703125
39.2857,-23,1.3955078125,-23,1.4013671875,-30,0.10638427734375,-22,0.34716796875
39.2957,-9,1.740234375,-31,0.476318359375,-37,0.1719970703125,-22,0.34716796875
39.3052,-9,1.740234375,-31,0.476318359375,-37,0.1719970703125,-26,0.345458984375
39.3173,-17,1.1201171875,-35,0.345703125,-37,0.1719970703125,-26,0.345458984375
39.3269,-17,1.1201171875,-35,0.345703125,-4,4.2890625,-30,0.23046875
39.3375,-30,-0.021270751953125,-35,0.41552734375,-4,4.2890625,-30,0.23046875
39.3462,-30,-0.021270751953125,-35,0.41552734375,-10,1.9501953125,-32,0.19140625
39.3574,-2,3.73046875,-37,0.272705078125,-10,1.9501953125,-32,0.19140625
39.3659,-2,3.73046875,-37,0.272705078125,-21,0.63720703125,-1,5.27734375
39.3774,-12,1.9130859375,-37,0.1556396484375,-21,0.63720703125,-1,5.27734375
39.3857,-12,1.9130859375,-37,0.1556396484375,-32,0.1209716796875,-20,0.36572265625
39.3976,-31,-0.1312255859375,-40,-0.21630859375,-32,0.1209716796875,-20,0.36572265625
39.4056,-31,-0.1312255859375,-40,-0.21630859375,-36,0.135498046875,-28,0.302490234375
39.4167,0,6.2421875,-40,-0.21630859375,-36,0.135498046875,-28,0.302490234375
39.4259,0,6.2421875,-40,-0.218994140625,-36,0.2276611328125,-32,0.233642578125
39.4372,-11,1.501953125,-40,-0.1156005859375,-36,0.2276611328125,-32,0.233642578125
39.4445,-11,1.501953125,-40,-0.1156005859375,-36,0.128662109375,-31,0.3330078125
39.4573,-24,0.393310546875,-40,0.1729736328125,-36,0.128662109375,-31,0.3330078125
39.4658,-24,0.393310546875,-40,0.1729736328125,-36,0.177734375,-31,0.3330078125
39.4758,-30,0.6708984375,-40,0.169189453125,-36,0.177734375,-34,0.195068359375
39.4851,-30,0.6708984375,-40,0.169189453125,-37,0.10369873046875,-34,0.195068359375
39.4964,-7,2.068359375,-40,0.169189453125,-37,0.10369873046875,-38,-0.159912109375
39.5054,-7,2.068359375,-42,0.33935546875,-38,0.09051513671875,-35,0.283447265625
39.5164,-18,1.052734375,-42,-0.453369140625,-38,0.09051513671875,-35,0.283447265625
39.5252,-18,1.052734375,-42,-0.453369140625,-36,0.40673828125,-35,-0.1451416015625
39.5372,-30,0.412109375,-38,0.29443359375,-36,0.40673828125,-35,-0.1451416015625
39.5450,-30,0.412109375,-38,0.29443359375,-36,0.08856201171875,-36,-0.19775390625
39.5561,0,4.7265625,-38,-0.2286376953125,-36,0.08856201171875,-36,-0.19775390625
39.5656,0,4.7265625,-38,-0.2286376953125,-31,0.2607421875,-36,-0.19775390625
39.5757,-11,1.6123046875,-38,0.1888427734375,-31,0.2607421875,-37,-0.353515625
39.5872,-11,1.6123046875,-38,0.1888427734375,-35,0.169677734375,-37,-0.353515625
39.5981,-11,1.6123046875,-38,0.1888427734375,-35,0.169677734375,-37,-0.253662109375
39.6064,-3,3.447265625,-8,4.6484375,-10,1.9873046875,-37,-0.253662109375
39.6177,-3,3.447265625,-8,4.6484375,-10,1.9873046875,0,5.32421875
39.6295,-17,1.677734375,-24,0.7978515625,-25,0.7470703125,0,5.32421875
39.6392,-17,1.677734375,-24,0.7978515625,-25,0.7470703125,-14,1.0048828125
39.6481,-21,1.4716796875,-6,3.603515625,-27,0.904296875,-14,1.0048828125
39.6594,-21,1.4716796875,-6,3.603515625,-27,0.904296875,-25,0.552734375
39.6719,-32,-0.0382080078125,-29,-0.461669921875,-29,0.424560546875,-25,0.552734375
39.6791,-3,4.05078125,-29,-0.461669921875,-29,0.424560546875,-27,0.5439453125
39.6897,-3,4.05078125,-9,1.7998046875,-31,0.4111328125,-27,0.5439453125
39.6993,-3,4.05078125,-9,1.7998046875,-31,0.4111328125,-30,0.216064453125
39.7088,-19,1.009765625,-21,1.1025390625,-35,0.1456298828125,-30,0.216064453125
39.7198,-32,0.365966796875,-21,1.1025390625,-35,0.1456298828125,-33,0.4453125
39.7297,-32,0.365966796875,-27,0.93896484375,-37,-0.112060546875,-33,0.4453125
39.7396,-32,0.365966796875,-27,0.93896484375,-37,-0.112060546875,-37,-0.39501953125
39.7480,-25,1.3134765625,-10,2.49609375,-38,-0.09033203125,-37,-0.39501953125
39.7605,-25,1.3134765625,-10,2.49609375,-38,-0.09033203125,-38,-0.1373291015625
39.7686,-20,1.69140625,-22,0.72412109375,-38,-0.062347412109375,-38,-0.1373291015625
39.7797,-20,1.69140625,-22,0.72412109375,-38,-0.062347412109375,-38,-0.274658203125
39.7885,-25,0.7783203125,-34,0.041107177734375,-37,0.077392578125,-38,-0.274658203125
39.8001,-25,0.7783203125,-34,0.041107177734375,-37,0.077392578125,-38,-0.25439453125
39.8111,-29,0.85693359375,0,4.65234375,-37,0.077392578125,-38,-0.25439453125
39.8222,-29,0.85693359375,0,4.65234375,-39,0.298583984375,-38,-0.270263671875
39.8391,-10,2.080078125,-10,2.453125,-40,-0.0712890625,-40,-0.08099365234375
39.8480,-31,0.06365966796875,-15,1.9384765625,-41,-0.17041015625,-40,-0.08099365234375
39.8588,-31,0.06365966796875,-15,1.9384765625,-41,-0.17041015625,-40,-0.1517333984375
39.8660,-28,1.2392578125,-26,0.91357421875,-41,-0.0845947265625,-40,-0.1517333984375
39.8793,-28,1.2392578125,-26,0.91357421875,-41,-0.0845947265625,-40,-0.409423828125
39.8881,-10,2.07421875,-32,0.78857421875,-41,-0.0845947265625,-40,-0.409423828125
39.8989,-10,2.07421875,-32,0.78857421875,-40,0.04046630859375,-40,-0.211181640625
39.9089,-10,2.720703125,-34,0.074951171875,-40,0.04046630859375,-40,-0.211181640625
39.9190,-10,2.720703125,-34,0.074951171875,-40,-0.0263824462890625,-41,-0.1292724609375
39.9282,-23,1.1708984375,-35,0.61181640625,-40,-0.0263824462890625,-41,-0.1292724609375
39.9392,-23,1.1708984375,-35,0.61181640625,-40,0.020416259765625,-41,-0.1292724609375
39.9478,-28,1.23828125,-35,0.61181640625,-40,0.020416259765625,-39,0.06341552734375
39.9583,-28,1.23828125,-37,0.461669921875,-41,-0.14208984375,-39,-0.263916015625
39.9678,-31,0.873046875,-37,0.461669921875,-41,-0.14208984375,-39,-0.263916015625
39.9798,-31,0.873046875,-38,0.281982421875,-40,-0.044891357421875,-39,0.338134765625
39.9866,-31,0.90185546875,-27,2.001953125,-40,-0.044891357421875,-39,0.338134765625
40.0002,-31,0.90185546875,-27,2.001953125,-40,-0.08929443359375,-39,0.338134765625
40.0090,-32,0.59423828125,-26,1.0791015625,-40,-0.08929443359375,-39,-0.63623046875
40.0201,-32,0.59423828125,-26,1.0791015625,-38,-0.05194091796875,-39,-0.63623046875
40.0290,-33,0.59912109375,-26,1.0791015625,-38,-0.05194091796875,-31,0.6005859375
40.0391,-33,0.59912109375,-13,1.3662109375,-38,0.09771728515625,-31,0.6005859375
40.0475,-20,1.8984375,-13,1.3662109375,-38,0.09771728515625,-21,0.62158203125
40.0597,-20,1.8984375,-23,1.224609375,-32,0.57177734375,-21,0.62158203125
40.0681,-17,1.712890625,-23,1.224609375,-32,0.57177734375,-11,1.783203125
40.0811,-17,1.712890625,-9,2.283203125,-11,1.8564453125,-25,0.426513671875
40.0879,-28,0.64697265625,-9,2.283203125,-11,1.8564453125,-25,0.426513671875
40.1002,-28,0.64697265625,-9,2.546875,-23,0.72607421875,-25,0.426513671875
40.1089,-30,0.89208984375,-9,2.546875,-23,0.72607421875,-26,0.7890625
40.1197,-30,0.89208984375,-24,1.0029296875,-30,0.5146484375,-26,0.7890625
40.1294,-13,2.5078125,-24,1.0029296875,-30,0.5146484375,-29,0.60205078125
40.1418,-13,2.5078125,-29,1.2666015625,-32,0.55419921875,-29,0.60205078125
40.1501,-19,1.4677734375,-29,1.2666015625,-32,0.55419921875,-33,0.12005615234375
40.1618,-19,1.4677734375,-31,1.0673828125,-34,0.3125,-33,0.12005615234375
40.1684,-25,1.3662109375,-31,1.0673828125,-34,0.3125,-33,0.302001953125
40.1806,-25,1.3662109375,-34,0.5107421875,-36,0.1766357421875,-33,0.302001953125
40.1902,-25,1.3662109375,-34,0.5107421875,-36,0.1766357421875,-34,0.1368408203125
40.2003,-28,1.00390625,-36,0.56005859375,-36,0.2958984375,-34,0.1368408203125
40.2101,-32,0.5986328125,-36,0.56005859375,-36,0.2958984375,-37,-0.239013671875
40.2193,-32,0.5986328125,-35,0.67041015625,-36,0.2958984375,-37,-0.239013671875
40.2272,-35,0.64306640625,-35,0.67041015625,-36,0.2178955078125,-38,-0.18603515625
40.2387,-35,0.64306640625,-36,0.376953125,-37,0.15087890625,-38,-0.18603515625
40.2475,-35,0.64306640625,-36,0.376953125,-37,0.15087890625,-36,0.313232421875
40.2585,-34,0.91064453125,-35,0.6767578125,-37,0.1534423828125,-36,0.313232421875
40.2661,-35,0.78173828125,-35,0.6767578125,-37,0.1534423828125,-36,0.08319091796875
40.2785,-35,0.78173828125,-35,0.5322265625,-37,0.1534423828125,-36,0.08319091796875
40.2879,-35,0.78173828125,-35,0.5322265625,-36,0.18505859375,-36,0.1990966796875
40.2989,-37,0.1387939453125,-36,0.330810546875,-36,0.18505859375,-36,0.1990966796875
40.3073,-37,0.1387939453125,-36,0.330810546875,-36,0.07867431640625,-36,-0.403564453125
40.3195,-36,0.47119140625,-36,0.459716796875,-8,2.5625,-36,-0.403564453125
40.3281,-36,0.47119140625,-36,0.459716796875,-8,2.5625,-5,3.18359375
40.3397,-6,3.57421875,-10,2.01171875,-8,2.5625,-5,3.18359375
40.3477,-6,3.57421875,-10,2.01171875,-23,0.39990234375,-9,1.873046875
40.3618,-11,2.1640625,-11,2.138671875,-23,0.39990234375,-9,1.873046875
40.3707,-11,2.1640625,-11,2.138671875,-2,5.26171875,-16,0.8896484375
40.3797,-19,1.2626953125,-24,0.517578125,-2,5.26171875,-16,0.8896484375
40.3904,-19,1.2626953125,-24,0.517578125,-11,1.3330078125,-27,-0.2076416015625
40.3989,-29,0.50732421875,-26,0.9521484375,-11,1.3330078125,-27,-0.2076416015625
40.4074,-29,0.50732421875,-26,0.9521484375,-19,0.56982421875,-29,-0.5009765625
40.4184,-31,0.6005859375,-29,0.8408203125,-19,0.56982421875,-29,-0.5009765625
40.4274,-31,0.6005859375,-29,0.8408203125,-30,-0.189697265625,-32,-0.1829833984375
40.4379,-32,0.5478515625,-8,2.017578125,-30,-0.189697265625,-32,-0.1829833984375
40.4477,-32,0.5478515625,-8,2.017578125,-7,2.1796875,-35,-0.6865234375
40.4590,-33,2.556640625,-8,2.017578125,-7,2.1796875,-35,-0.6865234375
40.4661,-33,2.556640625,-24,-0.238525390625,-9,0.130126953125,0,-1.361328125
40.4788,0,0.62109375,-24,-0.238525390625,-9,0.130126953125,0,-1.361328125
40.4858,0,0.62109375,7,-0.66064453125,-6,-0.055450439453125,-10,-1.1201171875
40.4971,-5,-0.6162109375,-10,-0.20947265625,-6,-0.055450439453125,-10,-1.1201171875
40.5088,-5,-0.6162109375,-10,-0.20947265625,-16,-0.09149169921875,0,-0.732421875
40.5191,-20,-0.436279296875,-10,-0.20947265625,-16,-0.09149169921875,0,-0.732421875
40.5282,-20,-0.436279296875,-12,-0.33251953125,-10,-0.1951904296875,-10,-0.9404296875
40.5387,-1,-0.183837890625,-12,-0.37548828125,-10,-0.1951904296875,-10,-0.9404296875
40.5474,-1,-0.183837890625,-12,-0.37548828125,-21,-0.224853515625,-10,-0.9404296875
40.5601,-14,-0.1163330078125,-19,-0.499755859375,-21,-0.224853515625,-17,-0.6494140625
40.5669,-14,-0.1163330078125,-19,-0.499755859375,-17,0.1671142578125,-17,-0.6494140625
40.5783,-11,-0.44140625,-19,-0.499755859375,-17,0.1671142578125,0,-0.73291015625
40.5858,-11,-0.44140625,-3,-0.371826171875,-8,0.157958984375,-14,-0.478759765625
40.5994,0,-0.05926513671875,-3,-0.371826171875,-8,0.157958984375,-14,-0.478759765625
40.6066,0,-0.05926513671875,-7,-0.0457763671875,-19,0.1524658203125,-14,-0.478759765625
40.6190,-7,-0.106201171875,-7,-0.0457763671875,-19,0.1524658203125,-13,-0.467041015625
40.6264,-7,-0.106201171875,-17,-0.11822509765625,-17,0.09185791015625,-13,-0.467041015625
40.6381,-17,-0.1669921875,-17,-0.11822509765625,-17,0.09185791015625,0,-0.460693359375
40.6471,-17,-0.1669921875,-8,-0.08758544921875,-9,0.049896240234375,0,-0.460693359375
40.6577,-8,-0.0379638671875,-8,-0.08758544921875,-9,0.049896240234375,0,-0.296875
40.6704,-8,-0.0379638671875,0,-0.45654296875,-5,-0.051971435546875,0,-0.296875
40.6777,-2,-0.17626953125,0,-0.45654296875,-5,-0.051971435546875,0,-0.1961669921875
40.6863,-2,-0.17626953125,0,-0.37890625,-2,-0.013153076171875,-7,0.25732421875
40.6971,0,0.0859375,0,-0.37890625,-2,-0.013153076171875,-7,0.25732421875
40.7073,0,0.0859375,0,0.0299072265625,-2,-0.013153076171875,-7,0.25732421875
40.7198,0,-0.06536865234375,0,0.0299072265625,-1,-0.0377197265625,-16,0.2435302734375
40.7269,0,-0.06536865234375,0,0.3291015625,-16,-0.06591796875,-16,0.2435302734375
40.7393,0,-0.06536865234375,0,0.3291015625,-16,-0.06591796875,-4,0.1990966796875
40.7486,0,-0.1287841796875,0,0.2415771484375,-1,-0.033050537109375,-4,0.1990966796875
40.7586,0,0.040802001953125,0,0.2415771484375,-1,-0.033050537109375,0,-0.28271484375
40.7675,0,0.040802001953125,0,-0.1903076171875,0,0.04998779296875,0,-0.28271484375
40.7801,0,-0.1083984375,0,-0.1903076171875,0,0.04998779296875,0,0.174072265625
40.7867,0,-0.1083984375,0,0.2318115234375,0,-0.0166015625,0,0.174072265625
40.7990,0,-0.1083984375,0,0.2318115234375,0,-0.0166015625,0,-0.377685546875
40.8118,0,-0.2607421875,0,0.33203125,0,-0.03350830078125,0,-0.377685546875
40.8225,0,-0.2607421875,0,0.33203125,0,-0.03350830078125,0,0.1981201171875
40.8310,0,-0.17822265625,0,0.403076171875,0,-0.03350830078125,0,0.1981201171875
40.8430,0,0.16943359375,0,0.403076171875,5,-0.055206298828125,0,-0.1151123046875
40.8505,0,0.16943359375,0,-0.08087158203125,5,-0.055206298828125,0,-0.1151123046875
40.8616,0,0.16943359375,0,-0.08087158203125,19,-0.06640625,0,0.142822265625
40.8763,0,0.15966796875,0,-0.52783203125,0,0.01800537109375,0,-0.376953125
40.8840,0,0.0870361328125,0,0.47509765625,0,0.01800537109375,0,-0.376953125
40.8980,0,0.140380859375,0,0.47509765625,0,-0.02947998046875,13,-0.2449951171875
40.9080,0,0.140380859375,0,-0.13818359375,0,-0.02947998046875,13,-0.2449951171875
40.9151,0,0.140380859375,0,-0.13818359375,0,-0.0938720703125,14,-0.184326171875
40.9254,0,0.172119140625,0,-0.13818359375,0,-0.0938720703125,14,-0.184326171875
40.9358,0,0.172119140625,0,0.0513916015625,0,0.04437255859375,2,0.06536865234375
40.9476,0,-0.1873779296875,0,0.0513916015625,0,0.04437255859375,2,0.06536865234375
40.9565,0,-0.1873779296875,0,-0.39990234375,0,-0.05224609375,2,0.06536865234375
40.9665,0,0.1171875,0,-0.39990234375,0,-0.05224609375,0,-0.038238525390625
40.9764,0,0.1171875,0,0.432373046875,0,-0.056182861328125,0,0.1822509765625
40.9860,0,0.10919189453125,0,0.432373046875,0,-0.056182861328125,0,0.1822509765625
40.9968,0,0.10919189453125,0,0.0911865234375,0,0.00940704345703125,0,0.1822509765625
41.0065,0,1.8076171875,0,0.0911865234375,0,0.00940704345703125,0,0.06646728515625
41.0170,0,1.8076171875,0,2.509765625,-3,1.9912109375,0,0.06646728515625
41.0287,-6,1.1015625,0,2.509765625,-3,1.9912109375,-8,0.9501953125
41.0397,-6,1.1015625,-12,0.5986328125,-17,0.5283203125,-8,0.9501953125
41.0478,-7,1.3115234375,-12,0.5986328125,-17,0.5283203125,-15,0.82275390625
41.0591,-7,1.3115234375,-14,1.349609375,0,3.783203125,-4,2.634765625
41.0674,-9,1.8955078125,-14,1.349609375,0,3.783203125,-4,2.634765625
41.0806,-9,1.8955078125,0,2.6953125,0,2.40625,-4,2.634765625
41.0882,-1,2.572265625,0,2.6953125,0,2.40625,0,2.373046875
41.0980,-1,2.572265625,0,2.53125,0,2.375,0,2.373046875
41.1077,0,2.392578125,0,2.53125,0,2.375,0,2.337890625
41.1202,0,2.392578125,0,2.50390625,0,2.41796875,0,2.337890625
41.1288,0,2.3984375,0,2.50390625,0,2.41796875,0,2.310546875
41.1383,0,2.3984375,-5,1.7880859375,-8,1.4755859375,0,2.310546875
41.1494,-8,1.3740234375,-5,1.7880859375,-8,1.4755859375,-9,-1.5107421875
41.1593,-8,1.3740234375,-17,0.78271484375,-17,1.3955078125,-9,-1.5107421875
41.1689,-15,1.4140625,-17,0.78271484375,-17,1.3955078125,-16,1.443359375
41.1798,-15,1.4140625,0,4.2265625,0,3.498046875,-16,1.443359375
41.1873,0,3.865234375,0,4.2265625,0,3.498046875,-1,3.14453125
41.2007,0,3.865234375,-6,2.017578125,-4,2.30859375,-1,3.14453125
41.2174,-5,2.0703125,-17,1.189453125,-17,1.142578125,-12,1.6298828125
41.2269,-17,1.0283203125,-17,1.189453125,-17,1.142578125,-15,1.822265625
41.2383,-17,1.0283203125,-6,3.07421875,0,4.3671875,-15,1.822265625
41.2454,-1,4.046875,-6,3.07421875,0,4.3671875,0,3.33203125
41.2577,-1,4.046875,-12,1.505859375,0,4.3671875,0,3.33203125
41.2666,-13,1.54296875,-12,1.505859375,-14,1.4111328125,-14,1.4716796875
41.2786,-13,1.54296875,-16,1.658203125,-14,1.982421875,-14,1.4716796875
41.2867,-13,1.54296875,-16,1.658203125,-14,1.982421875,-15,1.775390625
41.2994,-15,2.001953125,-18,1.2802734375,-11,1.728515625,-15,1.775390625
41.3063,-15,2.001953125,-18,1.2802734375,-11,1.728515625,-23,0.6015625
41.3188,-25,0.71337890625,-23,1.1923828125,-11,1.728515625,-23,0.6015625
41.3291,-25,0.71337890625,-23,1.1923828125,-15,1.9091796875,-25,1.390625
41.3381,-32,0.251708984375,-23,1.1923828125,-15,1.9091796875,-25,1.390625
41.3491,-32,0.251708984375,-29,0.67822265625,-23,0.91455078125,-34,0.2489013671875
41.3582,-34,0.2861328125,-37,0.104736328125,-23,0.91455078125,-34,0.2489013671875
41.3678,-34,0.2861328125,-37,0.104736328125,-23,1.5615234375,0,5.05859375
41.3789,-4,4.78515625,-37,0.104736328125,-23,1.5615234375,0,5.05859375
41.3873,-4,4.78515625,-8,2.552734375,-32,0.447998046875,-11,2.318359375
41.3984,-18,1.2333984375,-8,2.552734375,-32,0.447998046875,-11,2.318359375
41.4071,-18,1.2333984375,-10,2.17578125,-37,0.3076171875,-3,3.1484375
41.4165,-25,1.0322265625,-10,2.17578125,-37,0.3076171875,-3,3.1484375
41.4255,-25,1.0322265625,-23,0.77978515625,-36,0.43603515625,-18,1.080078125
41.4376,-28,0.755859375,-23,0.77978515625,-36,0.43603515625,-18,1.080078125
41.4487,-28,0.755859375,-31,0.483154296875,-36,0.388916015625,-18,1.080078125
41.4572,-31,0.5068359375,-31,0.483154296875,-36,0.388916015625,-34,0.2017822265625
41.4665,-31,0.5068359375,-34,0.394287109375,-37,0.29443359375,-31,1.1103515625
41.4788,-34,0.607421875,-34,0.394287109375,-37,0.29443359375,-31,1.1103515625
41.4848,-34,0.607421875,-33,0.5771484375,-40,-0.036163330078125,-31,1.1103515625
41.4988,-34,0.568359375,-33,0.5771484375,-40,-0.036163330078125,-10,2.119140625
41.5049,-34,0.568359375,-34,0.52490234375,-40,0.1036376953125,-10,2.119140625
41.5173,-35,0.435546875,-34,0.52490234375,-40,0.1036376953125,-10,2.435546875
41.5258,-35,0.435546875,-36,0.311767578125,-40,0.240478515625,-10,2.435546875
41.5376,-39,0.232666015625,-36,0.311767578125,-40,0.240478515625,-23,1.09765625
41.5446,-39,0.232666015625,-37,0.3486328125,-39,0.2452392578125,-35,0.28759765625
41.5571,-39,0.19384765625,-37,0.3486328125,-39,0.2452392578125,-35,0.28759765625
41.5644,-39,0.19384765625,-39,0.2252197265625,-39,0.165283203125,-35,0.6982421875
41.5768,-38,0.274658203125,-39,0.2252197265625,-39,0.165283203125,-35,0.6982421875
41.5846,-38,0.274658203125,-38,0.197021484375,-40,0.2142333984375,-15,2.025390625
41.5958,-36,0.63427734375,-38,0.197021484375,-40,0.2142333984375,-15,2.025390625
41.6043,-36,0.63427734375,-36,0.7041015625,-40,0.11309814453125,-15,2.025390625
41.6162,-36,0.5224609375,-36,0.7041015625,-40,0.11309814453125,-1,3.85546875
41.6240,-36,0.5224609375,-11,2.33203125,-39,0.220947265625,-1,3.85546875
41.6349,-37,0.3681640625,-11,2.33203125,-39,0.220947265625,-12,2.0234375
41.6437,-37,0.3681640625,-27,0.60302734375,-39,0.220947265625,-12,2.0234375
41.6545,-39,-0.255126953125,-27,0.60302734375,-38,0.2626953125,-25,0.7314453125
41.6630,-39,-0.255126953125,-5,3.216796875,-38,0.2626953125,-25,0.7314453125
41.6749,-37,0.466796875,-5,3.216796875,-37,0.29931640625,-35,0.421142578125
41.6828,-37,0.466796875,-31,0.2020263671875,-39,0.163818359375,-35,0.421142578125
41.6937,-36,0.452392578125,-31,0.2020263671875,-39,0.163818359375,-23,1.8505859375
41.7036,-36,0.452392578125,-4,2.736328125,-39,0.163818359375,-23,1.8505859375
41.7135,-40,0.08917236328125,-4,2.736328125,-41,0.060394287109375,-12,2.1875
41.7228,-40,0.08917236328125,-25,1.1669921875,-41,0.060394287109375,-12,2.1875
41.7345,-38,0.459228515625,-25,1.1669921875,-39,0.326171875,-14,1.9501953125
41.7423,-38,0.459228515625,-21,-0.4951171875,-39,0.326171875,-14,1.9501953125
41.7534,-38,0.459228515625,-21,-0.4951171875,-39,0.1610107421875,-26,0.93994140625
41.7626,-39,0.294921875,-21,-0.4951171875,-39,0.1610107421875,-26,0.93994140625
41.7740,-39,0.294921875,-21,1.8232421875,-40,0.09295654296875,-31,0.921875
41.7819,-41,-0.283935546875,-3,3.576171875,-40,0.09295654296875,-31,0.921875
41.7935,-42,0.043426513671875,-3,3.576171875,-41,0.1041259765625,-34,0.55615234375
41.8037,-42,0.043426513671875,-8,2.705078125,-41,0.1041259765625,-34,0.55615234375
41.8156,-41,0.2491455078125,-8,2.705078125,-42,-0.04217529296875,-36,0.44384765625
41.8241,-41,0.2491455078125,-16,1.685546875,-41,0.11871337890625,-36,0.44384765625
41.8365,-41,0.2491455078125,-16,1.685546875,-41,0.11871337890625,-36,-0.8798828125
41.8451,-43,0.259033203125,-16,1.685546875,-41,0.11871337890625,-36,-0.8798828125
41.8551,-44,-0.3193359375,-27,0.826171875,-41,0.00472259521484375,-40,0.2020263671875
41.8709,-44,-0.3193359375,-33,0.62939453125,-42,0.03594970703125,-40,0.2020263671875
41.8757,-44,-0.3193359375,-33,0.62939453125,-42,0.03594970703125,-43,0.1690673828125
41.8843,-38,0.31640625,-33,0.62939453125,-42,0.03594970703125,-43,0.1690673828125
41.8952,-38,0.31640625,-32,1.125,-43,-0.08636474609375,-40,0.338623046875
41.9063,-40,0.1180419921875,-32,1.125,-43,-0.08636474609375,-40,0.338623046875
41.9199,-42,-0.01806640625,-34,0.74658203125,-42,0.048675537109375,-41,0.271728515625
41.9333,-42,-0.01806640625,-35,0.73388671875,-40,0.250732421875,-40,0.481689453125
41.9381,-41,0.2568359375,-35,0.73388671875,-40,0.250732421875,-40,0.481689453125
41.9531,-41,0.2568359375,-36,0.6171875,-40,0.0693359375,-40,0.481689453125
41.9569,-41,0.2568359375,-36,0.6171875,-40,0.0693359375,-4,5.21484375
41.9694,-41,0.1617431640625,-36,0.6171875,-40,0.0693359375,-4,5.21484375
41.9780,-41,0.1617431640625,-37,0.68798828125,-39,0.152099609375,-20,1.306640625
41.9901,-8,6.19140625,-37,0.68798828125,-39,0.152099609375,-20,1.306640625
41.9988,-16,1.8095703125,-37,0.278076171875,-39,0.181640625,-25,1.6552734375
42.0138,-16,1.8095703125,-25,1.98046875,-39,0.181640625,-25,1.6552734375
42.0176,-16,1.8095703125,-25,1.98046875,-40,0.0784912109375,-28,1.29296875
42.0258,-33,-0.0699462890625,-25,1.98046875,-40,0.0784912109375,-28,1.29296875
42.0406,-33,-0.0699462890625,-23,1.9140625,-39,0.09210205078125,-1,6.51171875
42.0500,-16,1.30078125,-23,1.9140625,-39,0.09210205078125,-1,6.51171875
42.0588,-16,1.30078125,-27,0.91845703125,-37,0.376220703125,-1,6.51171875
42.0697,-9,2.107421875,-27,0.91845703125,-37,0.376220703125,-11,2.220703125
42.0764,-9,2.107421875,-29,1.447265625,-36,0.361328125,-11,2.220703125
42.0904,-9,2.361328125,-29,1.447265625,-36,0.361328125,-18,1.5322265625
42.0984,-9,2.361328125,-20,1.451171875,-38,0.10595703125,-18,1.5322265625
42.1064,-22,0.85009765625,-20,1.451171875,-38,0.10595703125,-30,0.74560546875
42.1192,-22,0.85009765625,-39,0.42041015625,-43,0.241455078125,-30,0.74560546875
42.1311,-30,0.75732421875,-39,0.42041015625,-43,0.241455078125,-30,0.88720703125
42.1379,-30,0.75732421875,-24,2.001953125,-41,0.041259765625,-30,0.88720703125
42.1476,-33,0.57470703125,-24,2.001953125,-41,0.041259765625,-33,0.9716796875
42.1597,-33,0.57470703125,-9,2.171875,-39,0.2171630859375,-33,0.9716796875
42.1680,-40,0.049713134765625,-9,2.171875,-39,0.2171630859375,-36,0.71728515625
42.1798,-40,0.049713134765625,-12,2.30859375,-38,0.0217132568359375,-36,0.71728515625
42.1876,-37,0.5126953125,-12,2.30859375,-38,0.0217132568359375,-36,0.6328125
42.2004,-37,0.5126953125,-24,0.60986328125,-38,0.0217132568359375,-36,0.6328125
42.2113,-11,1.705078125,-24,0.60986328125,-38,0.053466796875,-37,0.469482421875
42.2190,-11,1.705078125,-29,0.736328125,-38,0.053466796875,-37,0.469482421875
42.2320,-20,0.81689453125,-29,0.736328125,-38,0.2442626953125,-38,0.266845703125
42.2406,-20,0.81689453125,-31,-0.30419921875,-38,0.2442626953125,-38,0.266845703125
42.2524,-30,0.66015625,-31,-0.30419921875,-39,0.66845703125,-38,-0.08624267578125
42.2615,-30,0.66015625,0,-0.224365234375,-39,0.66845703125,-38,-0.08624267578125
42.2692,8,-0.360107421875,0,-0.224365234375,-36,-0.20654296875,-36,-0.8740234375
42.2838,8,-0.360107421875,-9,-0.6064453125,-36,-0.20654296875,-36,-0.8740234375
42.2920,-10,-0.285888671875,-9,-0.6064453125,-48,-0.279052734375,-36,-0.83984375
42.3004,-10,-0.285888671875,-9,-0.452392578125,-48,-0.279052734375,-36,-0.83984375
42.3122,-11,-0.1558837890625,-9,-0.452392578125,5,-0.1458740234375,-21,-0.75927734375
42.3191,-11,-0.1558837890625,-20,-0.350830078125,5,-0.1458740234375,-21,-0.75927734375
42.3327,-8,-0.305419921875,-20,-0.350830078125,-13,-0.1138916015625,-20,-0.71142578125
42.3405,-8,-0.305419921875,-28,-0.103515625,-13,-0.1138916015625,-20,-0.71142578125
42.3494,-18,0.432861328125,-28,-0.103515625,0,-0.11297607421875,-2,-0.56640625
42.3626,-18,0.432861328125,0,-0.417236328125,0,-0.11297607421875,-2,-0.56640625
42.3688,-13,0.396240234375,0,-0.417236328125,-10,0.12384033203125,-12,-0.55615234375
42.3791,-13,0.396240234375,-12,-0.460693359375,-10,0.12384033203125,-12,-0.55615234375
42.3952,-5,0.471923828125,-12,-0.460693359375,-15,0.08782958984375,-15,-0.37744140625
42.4000,-5,0.471923828125,-11,0.2384033203125,-15,0.08782958984375,-15,-0.37744140625
42.4090,-21,-0.299072265625,-11,0.2384033203125,0,0.07196044921875,0,-0.18359375
42.4226,-21,-0.299072265625,-5,-0.32568359375,0,0.07196044921875,0,-0.18359375
42.4295,-6,0.1885986328125,-5,-0.32568359375,0,-0.02783203125,0,-0.232666015625
42.4402,-6,0.1885986328125,-2,-0.328857421875,0,-0.02783203125,0,-0.232666015625
42.4527,-4,-0.25634765625,-2,-0.328857421875,-6,0.0310821533203125,-13,-0.059600830078125
42.4598,-4,-0.25634765625,-8,0.1630859375,-6,0.0310821533203125,-13,-0.059600830078125
42.4682,-2,0.1571044921875,-8,0.1630859375,-17,0.12091064453125,-13,-0.059600830078125
42.4824,-2,0.1571044921875,-20,-0.30615234375,-17,0.12091064453125,-15,0.043426513671875
42.4878,-1,0.1622314453125,-20,-0.30615234375,-6,0.047943115234375,-15,0.043426513671875
42.4997,-1,0.1622314453125,-20,-0.30615234375,-6,0.047943115234375,0,-0.04132080078125
42.5116,-5,0.07403564453125,0,-0.45751953125,0,0.046295166015625,0,0.168701171875
42.5185,-5,0.07403564453125,0,-0.161376953125,0,0.046295166015625,0,0.168701171875
42.5281,-5,0.07403564453125,0,-0.161376953125,0,0.0714111328125,0,0.168701171875
42.5420,-18,-0.3291015625,0,-0.041015625,0,0.0714111328125,0,-0.265380859375
42.5516,-18,-0.3291015625,0,-0.041015625,0,-0.0345458984375,0,-0.265380859375
42.5640,0,0.1583251953125,0,-0.041015625,0,-0.0345458984375,0,-0.1126708984375
42.5726,0,0.08453369140625,0,0.336669921875,0,-0.08087158203125,0,-0.2939453125
42.5842,0,0.08453369140625,0,-0.26416015625,0,-0.08087158203125,0,-0.2939453125
42.5970,0,-0.1295166015625,0,-0.11309814453125,0,-0.07806396484375,0,-0.2235107421875
42.6036,0,-0.1295166015625,0,-0.11309814453125,0,-0.0826416015625,0,-0.2235107421875
42.6172,0,-0.126708984375,0,-0.11309814453125,0,-0.0826416015625,0,0.302734375
42.6262,0,-0.126708984375,0,0.298828125,0,-0.01215362548828125,0,0.302734375
42.6346,0,-0.2406005859375,0,0.298828125,0,-0.01215362548828125,0,0.11865234375
42.6479,0,-0.2406005859375,0,0.2646484375,0,-0.01215362548828125,0,0.11865234375
42.6539,13,-0.10858154296875,0,0.2646484375,0,-0.06707763671875,0,0.10784912109375
42.6646,13,-0.10858154296875,0,0.1424560546875,0,-0.06707763671875,0,0.10784912109375
42.6756,14,0.19140625,0,0.1424560546875,0,-0.117919921875,0,-0.029144287109375
42.6821,14,0.19140625,0,0.1859130859375,0,-0.117919921875,0,-0.029144287109375
42.6955,7,0.2352294921875,0,0.1859130859375,0,-0.0654296875,0,-0.232666015625
42.7017,7,0.2352294921875,0,0.80908203125,0,-0.0654296875,0,-0.232666015625
42.7150,3,-0.1405029296875,0,0.80908203125,0,-0.00958251953125,0,-0.28076171875
42.7265,3,-0.1405029296875,0,0.139404296875,0,-0.00958251953125,0,-0.28076171875
42.7325,1,0.07916259765625,0,0.139404296875,0,0.01763916015625,0,0.1270751953125
42.7453,1,0.07916259765625,0,-0.041046142578125,0,0.025604248046875,0,0.1270751953125
42.7533,0,0.177734375,0,-0.041046142578125,0,0.025604248046875,0,-0.0280609130859375
42.7667,0,0.177734375,0,-0.1912841796875,0,0.025604248046875,0,-0.0280609130859375
42.7761,0,0.31884765625,0,-0.1912841796875,0,-0.0465087890625,0,0.12646484375
42.7829,0,0.31884765625,0,-0.28857421875,0,-0.0465087890625,0,0.12646484375
42.7936,0,0.059844970703125,0,-0.28857421875,0,0.05712890625,0,-0.1419677734375
42.8042,0,0.059844970703125,0,-0.406982421875,0,0.05712890625,0,-0.1419677734375
42.8154,0,-0.1123046875,0,-0.406982421875,0,0.03692626953125,0,0.167724609375
42.8286,0,-0.1123046875,0,0.129150390625,0,0.03692626953125,0,0.167724609375
42.8349,0,0.1142578125,0,0.129150390625,0,-0.03704833984375,0,0.167724609375
42.8493,0,0.1142578125,0,-0.1097412109375,0,-0.03704833984375,0,0.04278564453125
42.8542,0,0.2099609375,0,-0.1097412109375,0,-0.025543212890625,0,0.04278564453125
42.8679,0,0.2099609375,0,-0.443115234375,0,0.034393310546875,0,-0.2705078125
42.8738,0,-0.07891845703125,0,-0.443115234375,0,0.034393310546875,0,-0.2705078125
42.8883,0,-0.07891845703125,0,0.5263671875,0,0.034393310546875,0,0.217041015625
42.8965,0,0.0806884765625,0,0.5263671875,0,0.0677490234375,0,0.18115234375
42.9031,0,0.0806884765625,0,0.419677734375,0,0.0677490234375,0,0.18115234375
42.9166,0,0.0806884765625,0,0.419677734375,0,-0.0204010009765625,0,0.18115234375
42.9266,0,-0.1697998046875,0,0.28369140625,0,0.052734375,0,0.181640625
42.9351,0,-0.2978515625,0,0.28369140625,0,0.052734375,0,0.181640625
42.9465,0,-0.2978515625,0,0.2408447265625,0,0.039642333984375,0,-0.0259552001953125
42.9559,0,0.1337890625,0,0.2408447265625,0,0.039642333984375,0,-0.0259552001953125
42.9687,0,0.1337890625,0,0.47607421875,0,0.039642333984375,0,0.1280517578125
42.9771,0,0.1337890625,0,0.47607421875,0,-0.0384521484375,0,0.1280517578125
42.9836,0,0.1636962890625,0,-0.01096343994140625,0,-0.0384521484375,0,0.201416015625
42.9976,0,0.1636962890625,0,-0.01096343994140625,0,0.01461029052734375,0,0.201416015625
43.0040,0,-0.08197021484375,0,-0.419189453125,0,0.01461029052734375,0,0.044647216796875
43.0167,0,0.037445068359375,0,-0.419189453125,0,-0.06671142578125,0,0.044647216796875
43.0300,0,0.037445068359375,0,-0.2481689453125,0,-0.06671142578125,0,-0.325439453125
43.0350,0,0.037445068359375,0,-0.2481689453125,0,-0.0090179443359375,0,-0.325439453125
43.0492,0,0.20751953125,0,-0.28759765625,0,-0.0090179443359375,0,0.2261962890625
43.0562,0,0.20751953125,0,-0.28759765625,0,0.113037109375,0,0.2261962890625
43.0655,0,-0.07305908203125,0,-0.4052734375,0,0.113037109375,0,0.04522705078125
43.0766,0,-0.07305908203125,0,-0.4052734375,0,0.01340484619140625,0,0.04522705078125
43.0865,0,0.18798828125,0,0.47119140625,0,0.01340484619140625,0,0.20849609375
43.0985,0,0.18798828125,0,0.47119140625,0,0.058441162109375,0,0.20849609375
43.1046,0,0.05682373046875,0,0.47119140625,0,0.058441162109375,0,-0.11175537109375
43.1184,0,0.05682373046875,0,-0.10369873046875,0,0.08929443359375,0,-0.11175537109375
43.1280,0,0.05474853515625,0,-0.10369873046875,0,0.08929443359375,0,-0.1268310546875
43.1406,0,0.05474853515625,0,-0.414306640625,0,-0.0243072509765625,0,-0.1268310546875
43.1519,0,0.2430419921875,0,-0.414306640625,0,-0.0243072509765625,0,0.2470703125
43.1606,0,0.2430419921875,0,-0.22802734375,0,0.10845947265625,0,0.2470703125
43.1689,0,0.1572265625,0,0.5908203125,0,0.10845947265625,0,0.177734375
43.1808,0,0.1572265625,0,0.5908203125,0,0.0535888671875,0,0.177734375
43.1888,0,0.0921630859375,0,0.5908203125,0,0.0535888671875,0,0.2255859375
43.2004,0,0.0921630859375,0,-0.273681640625,0,0.003543853759765625,0,0.2255859375
43.2122,0,-0.191162109375,0,-0.273681640625,0,0.003543853759765625,0,0.1732177734375
43.2202,0,-0.191162109375,0,0.25048828125,0,0.029327392578125,0,0.1732177734375
43.2324,0,0.2384033203125,0,0.25048828125,0,0.029327392578125,0,0.051239013671875
43.2397,0,0.2384033203125,0,-0.06512451171875,0,0.04766845703125,0,0.051239013671875
43.2487,0,0.10821533203125,0,-0.06512451171875,0,0.04766845703125,0,-0.09307861328125
43.2604,0,0.10821533203125,0,-0.43359375,0,-0.0665283203125,0,-0.09307861328125
43.2721,0,0.121826171875,0,-0.43359375,0,-0.0665283203125,0,0.168701171875
43.2800,0,0.121826171875,0,0.197021484375,0,0.058258056640625,0,0.168701171875
43.2926,0,-0.1219482421875,0,0.197021484375,0,0.058258056640625,0,0.282470703125
43.3008,0,-0.1219482421875,0,-0.08477783203125,0,0.02203369140625,0,0.282470703125
43.3089,0,-0.22998046875,0,-0.08477783203125,0,0.02203369140625,0,0.1922607421875
43.3200,0,-0.22998046875,0,0.6064453125,0,0.023345947265625,0,0.1922607421875
43.3334,0,-0.09912109375,0,0.6064453125,0,0.023345947265625,0,-0.2445068359375
43.3413,0,-0.09912109375,0,0.423095703125,0,0.023345947265625,0,-0.2445068359375
43.3530,0,-0.2919921875,0,0.423095703125,0,0.07159423828125,0,0.050933837890625
43.3614,0,-0.2919921875,0,-0.238525390625,0,0.07159423828125,0,0.050933837890625
43.3805,0,0.2470703125,0,0.283203125,0,-0.0196380615234375,0,-0.268798828125
43.3938,0,-0.156494140625,0,0.283203125,0,-0.0196380615234375,0,-0.216552734375
43.4009,0,-0.156494140625,0,-0.453369140625,0,-0.0196380615234375,0,-0.216552734375
43.4095,0,-0.2073974609375,0,-0.453369140625,0,-0.04864501953125,0,-0.1761474609375
43.4216,0,-0.2073974609375,0,-0.367431640625,0,-0.04864501953125,0,-0.1761474609375
43.4405,0,0.055755615234375,0,-0.1317138671875,0,-0.101806640625,0,0.2159423828125
43.4503,0,0.1451416015625,0,-0.1317138671875,0,0.134033203125,0,-0.315185546875
43.4595,0,0.1451416015625,0,0.8720703125,0,0.134033203125,0,-0.315185546875
43.4682,0,0.188720703125,0,0.8720703125,0,-0.037139892578125,0,-0.21533203125
43.4800,0,0.188720703125,0,-0.60498046875,0,-0.037139892578125,0,-0.21533203125
43.4886,0,0.157470703125,0,-0.60498046875,0,-0.01435089111328125,0,-0.21533203125
43.5012,0,0.157470703125,0,0.40478515625,0,-0.01435089111328125,0,0.011810302734375
43.5119,0,0.1976318359375,0,0.40478515625,0,0.06353759765625,0,0.011810302734375
43.5183,0,0.1976318359375,0,0.1846923828125,0,0.06353759765625,0,0.1551513671875
43.5279,0,0.24755859375,0,0.1846923828125,0,-0.05303955078125,0,-0.044342041015625
43.5380,0,0.24755859375,0,-0.36572265625,0,-0.05303955078125,0,-0.044342041015625
43.5466,0,-0.0950927734375,0,-0.36572265625,0,-0.087158203125,0,-0.044342041015625
43.5607,0,-0.0950927734375,0,-0.36572265625,0,-0.087158203125,0,-0.09991455078125
43.5688,0,-0.006481170654296875,0,-0.326904296875,0,0.060577392578125,0,-0.09991455078125
43.5818,0,-0.006481170654296875,0,-0.326904296875,0,0.060577392578125,0,-0.1051025390625
43.5893,0,-0.236083984375,0,0.468017578125,0,-0.050140380859375,0,-0.1051025390625
43.6012,0,-0.236083984375,0,0.468017578125,0,-0.050140380859375,0,0.1905517578125
43.6088,0,-0.236083984375,0,0.56640625,0,0.1553955078125,0,0.1905517578125
43.6200,0,-0.0055694580078125,0,0.164794921875,0,0.1553955078125,0,-0.1939697265625
43.6317,0,-0.0055694580078125,0,0.164794921875,0,-0.04046630859375,0,-0.1939697265625
43.6403,0,-0.083251953125,0,0.164794921875,0,-0.04046630859375,0,0.09649658203125
43.6513,0,-0.083251953125,0,0.447021484375,0,0.036712646484375,0,0.09649658203125
43.6599,0,0.11102294921875,0,0.447021484375,0,0.036712646484375,0,-0.292724609375
43.6697,0,0.11102294921875,0,0.45166015625,0,0.020904541015625,0,-0.292724609375
43.6800,0,0.037933349609375,0,0.45166015625,0,0.020904541015625,0,-0.0965576171875
43.6886,0,0.037933349609375,0,0.91015625,0,0.05242919921875,0,-0.0965576171875
43.7007,0,-0.117431640625,0,0.91015625,0,0.05242919921875,0,-0.09112548828125
43.7114,0,-0.117431640625,0,0.438232421875,0,-0.09454345703125,0,-0.09112548828125
43.7200,0,-0.120849609375,0,0.438232421875,0,-0.09454345703125,0,-0.1165771484375
43.7268,0,-0.120849609375,0,-0.278076171875,0,0.042633056640625,0,-0.1165771484375
43.7398,0,0.2403564453125,0,-0.278076171875,0,0.042633056640625,0,-0.0183258056640625
43.7478,0,0.2403564453125,0,-0.305419921875,0,-0.006298065185546875,0,-0.0183258056640625
43.7600,0,0.05767822265625,0,-0.305419921875,0,-0.006298065185546875,0,-0.0997314453125
43.7675,0,0.05767822265625,0,-0.1661376953125,0,-0.0223236083984375,0,-0.0997314453125
43.7796,0,0.069580078125,0,-0.1661376953125,0,-0.0223236083984375,0,-0.27880859375
43.7877,0,0.069580078125,0,0.59033203125,0,-0.0223236083984375,0,-0.27880859375
43.7997,0,-0.01556396484375,0,0.59033203125,0,0.07977294921875,0,0.2352294921875
43.8100,0,-0.01556396484375,0,0.5654296875,0,0.07977294921875,0,0.2352294921875
43.8212,0,-0.074951171875,0,0.5654296875,0,-0.10498046875,0,0.03729248046875
43.8298,0,-0.074951171875,0,0.09912109375,0,-0.10498046875,0,0.03729248046875
