t,FR_rpm,FR_amp,FL_rpm,FL_amp,RR_rpm,RR_amp,RL_rpm,RL_amp
0.0000,0,-0.038330078125,0,-0.486328125,0,-0.0302581787109375,0,0.0
0.0083,0,-0.038330078125,0,0.358154296875,0,0.055938720703125,0,0.0
0.0151,0,0.10614013671875,0,0.358154296875,0,0.055938720703125,0,0.0
0.0240,0,0.10614013671875,0,0.1285400390625,0,0.07830810546875,0,0.0
0.0361,0,-0.226318359375,0,0.1285400390625,0,0.07830810546875,0,0.0
0.0458,0,-0.226318359375,0,-0.418212890625,0,-0.038665771484375,0,0.0
0.0562,0,0.0831298828125,0,-0.418212890625,0,-0.038665771484375,0,0.0
0.0671,0,0.0831298828125,0,0.30615234375,0,0.04083251953125,0,0.0
0.0757,0,0.127685546875,0,0.30615234375,0,0.04083251953125,0,0.0
0.0831,0,0.127685546875,0,0.2454833984375,0,0.029998779296875,0,0.0
0.0972,0,0.1507568359375,0,0.2454833984375,0,0.029998779296875,0,0.0
0.1059,0,0.1507568359375,0,0.2454833984375,0,-0.0660400390625,0,0.0
0.1152,0,-0.239013671875,0,0.400390625,0,-0.0660400390625,0,0.0
0.1253,0,-0.239013671875,0,0.400390625,0,0.0274810791015625,0,0.0
0.1374,0,-0.06842041015625,0,0.019866943359375,0,0.0274810791015625,0,0.0
0.1450,0,-0.06842041015625,0,0.019866943359375,0,-0.0269012451171875,0,0.0
0.1540,0,-0.0384521484375,0,-0.387451171875,0,-0.0269012451171875,0,0.0
0.1635,0,-0.0384521484375,0,0.088623046875,0,-0.040130615234375,0,0.0
0.1743,0,-0.0849609375,0,0.088623046875,0,-0.040130615234375,0,0.0
0.1842,0,-0.0849609375,0,0.088623046875,0,0.06915283203125,0,0.0
0.1948,0,-0.365478515625,0,0.271728515625,0,0.06915283203125,0,0.0
0.2042,0,-0.365478515625,0,0.271728515625,0,-0.00479888916015625,0,0.0
0.2172,0,-0.155517578125,0,-0.341796875,0,-0.00479888916015625,0,0.0
0.2238,0,-0.155517578125,0,-0.341796875,0,-0.0560302734375,0,0.0
0.2338,0,0.1630859375,0,-0.35693359375,0,-0.0560302734375,0,0.0
0.2440,0,0.1630859375,0,-0.35693359375,0,0.08123779296875,0,0.0
0.2536,0,-0.326416015625,0,0.1474609375,0,0.08123779296875,0,0.0
0.2636,0,-0.326416015625,0,0.1474609375,0,-0.019012451171875,0,0.0
0.2804,0,0.11016845703125,0,-0.2476806640625,0,-0.019012451171875,0,0.0
0.2874,0,0.11016845703125,0,-0.2476806640625,0,0.041717529296875,0,0.0
0.2934,0,-0.2249755859375,0,-0.81103515625,0,0.041717529296875,0,0.0
0.3058,0,-0.2249755859375,0,-0.81103515625,0,0.07525634765625,0,0.0
0.3138,0,0.04144287109375,0,-0.488525390625,0,0.07525634765625,0,0.0
0.3240,0,0.04144287109375,0,-0.488525390625,0,0.0237884521484375,0,0.0
0.3337,0,-0.0853271484375,0,0.442138671875,0,0.0237884521484375,0,0.0
0.3438,0,-0.0853271484375,0,0.442138671875,0,-0.04119873046875,0,0.0
0.3544,0,-0.1434326171875,0,-0.033233642578125,0,-0.04119873046875,0,0.0
0.3648,0,-0.1434326171875,0,-0.033233642578125,0,0.0146026611328125,0,0.0
0.3729,0,-0.130126953125,0,-0.08660888671875,0,0.0146026611328125,0,0.0
0.3847,0,-0.130126953125,0,-0.08660888671875,0,-0.018341064453125,0,0.0
0.3936,0,-0.1658935546875,0,0.3330078125,0,-0.018341064453125,0,0.0
0.4056,0,-0.1658935546875,0,0.3330078125,0,-0.01389312744140625,0,0.0
0.4211,0,-0.1658935546875,0,-0.067138671875,0,-0.01389312744140625,0,0.0
0.4241,0,-0.230224609375,0,-0.067138671875,0,-0.00965118408203125,0,0.0
0.4365,0,0.08197021484375,0,-0.04840087890625,0,-0.00965118408203125,0,0.0
0.4470,0,0.08197021484375,0,-0.04840087890625,0,0.08038330078125,0,0.0
0.4634,0,0.09417724609375,0,0.2481689453125,0,0.08038330078125,0,0.0
0.4698,0,0.09417724609375,0,0.2481689453125,0,-0.06396484375,0,0.0
0.4836,0,0.09417724609375,0,-0.10009765625,0,-0.06396484375,0,0.0
0.4896,0,-0.047760009765625,0,-0.10009765625,0,-0.06396484375,0,0.0
0.5042,0,-0.047760009765625,0,0.06195068359375,0,-0.05682373046875,0,0.0
0.5094,0,-0.12249755859375,0,0.06195068359375,0,-0.05682373046875,0,0.0
0.5222,0,0.1026611328125,0,-0.1068115234375,0,0.072998046875,0,0.0
0.5269,0,0.1026611328125,0,-0.1068115234375,0,-0.057586669921875,0,0.0
0.5349,0,0.1026611328125,0,0.3447265625,0,-0.057586669921875,0,0.0
0.5468,0,0.062744140625,0,0.3447265625,0,-0.057586669921875,0,0.0
0.5551,0,0.062744140625,0,0.270263671875,0,-0.00360107421875,0,0.0
0.5709,0,0.10955810546875,0,0.270263671875,0,-0.00360107421875,0,0.0
0.5827,0,0.10955810546875,0,-0.327880859375,0,-0.03717041015625,0,0.0
0.5900,0,-0.03936767578125,0,-0.327880859375,0,-0.03717041015625,0,0.0
0.5951,0,-0.03936767578125,0,0.06707763671875,0,-0.049835205078125,0,0.0
0.6094,0,0.031646728515625,0,0.06707763671875,0,-0.049835205078125,0,0.0
0.6147,0,0.031646728515625,0,-0.67626953125,0,0.05877685546875,0,0.0
0.6250,0,0.099365234375,0,-0.67626953125,0,0.05877685546875,0,0.0
0.6337,0,0.099365234375,0,0.513671875,0,-0.020233154296875,0,0.0
0.6436,0,0.037445068359375,0,0.513671875,0,-0.020233154296875,0,0.0
0.6516,0,0.037445068359375,0,0.306396484375,0,-0.051361083984375,0,0.0
0.6700,0,0.0304412841796875,0,0.306396484375,0,-0.051361083984375,0,0.0
0.6737,0,0.0304412841796875,0,0.090087890625,0,0.0171051025390625,0,0.0
0.6851,0,-0.127197265625,0,0.090087890625,0,0.0171051025390625,0,0.0
0.6932,0,-0.127197265625,0,-0.92626953125,0,-0.0136260986328125,0,0.0
0.7039,0,-0.2391357421875,0,-0.92626953125,0,-0.0136260986328125,0,0.0
0.7115,0,-0.2391357421875,0,-0.92626953125,0,0.058135986328125,0,0.0
0.7237,0,0.0782470703125,0,-0.10382080078125,0,0.058135986328125,0,0.0
0.7326,0,0.0782470703125,0,-0.10382080078125,0,-0.0706787109375,0,0.0
0.7431,0,0.01505279541015625,0,0.01457977294921875,0,-0.0706787109375,0,0.0
0.7623,0,0.01505279541015625,0,0.51611328125,0,-0.01885986328125,0,0.0
0.7671,0,-0.0404052734375,0,0.51611328125,0,-0.01885986328125,0,0.0
0.7741,0,-0.0404052734375,0,0.51611328125,0,0.0548095703125,0,0.0
0.7873,0,-0.0404052734375,0,0.2138671875,0,0.0548095703125,0,0.0
0.7929,0,-0.2237548828125,0,0.2138671875,0,0.08135986328125,0,0.0
0.8050,0,-0.0797119140625,0,-0.6015625,0,0.08135986328125,0,0.0
0.8135,0,-0.0797119140625,0,-0.6015625,0,0.01331329345703125,0,0.0
0.8293,0,-0.2125244140625,0,-0.166748046875,0,0.01331329345703125,0,0.0
0.8344,0,-0.2125244140625,0,-0.166748046875,0,-0.00551605224609375,0,0.0
0.8506,0,0.08331298828125,0,0.1995849609375,0,-0.00551605224609375,0,0.0
0.8543,0,0.08331298828125,0,0.1995849609375,0,0.03619384765625,0,0.0
0.8655,0,-0.1900634765625,0,0.06884765625,0,0.03619384765625,0,0.0
0.8736,0,-0.1900634765625,0,0.06884765625,0,0.11163330078125,0,0.0
0.8929,0,-0.07891845703125,0,0.353759765625,0,0.11163330078125,0,0.0
0.9012,0,-0.07891845703125,0,0.353759765625,0,-0.058349609375,0,0.0
0.9098,0,-0.07891845703125,0,-0.1324462890625,0,-0.058349609375,0,0.0
0.9161,0,-0.06463623046875,0,-0.1324462890625,0,-0.0161895751953125,0,0.0
0.9300,0,-0.06463623046875,0,0.147216796875,0,-0.0161895751953125,0,0.0
0.9353,0,0.06304931640625,0,0.147216796875,0,-0.03955078125,0,0.0
0.9501,0,0.06304931640625,0,0.336669921875,0,-0.03955078125,0,0.0
0.9556,0,0.11834716796875,0,0.336669921875,0,0.0291748046875,0,0.0
0.9711,0,0.11834716796875,0,-0.1259765625,0,0.0291748046875,0,0.0
0.9810,0,-0.27978515625,0,-0.1259765625,0,0.0291748046875,0,0.0
0.9842,0,-0.27978515625,0,0.06689453125,0,0.027099609375,0,0.0
0.9990,0,-0.158203125,0,0.06689453125,0,0.09478759765625,0,0.0
1.0121,0,-0.158203125,0,0.427978515625,0,0.09478759765625,0,0.0
1.0144,0,-0.1654052734375,0,0.427978515625,0,0.0755615234375,0,0.0
1.0292,0,-0.1654052734375,0,0.1939697265625,0,0.0755615234375,0,0.0
1.0391,0,0.09356689453125,0,0.1939697265625,0,0.0755615234375,0,0.0
1.0444,0,0.09356689453125,0,0.415283203125,0,0.035980224609375,0,0.0
1.0592,0,-0.113037109375,0,0.415283203125,0,0.035980224609375,0,0.0
1.0666,0,-0.113037109375,0,-0.425537109375,0,0.049591064453125,0,0.0
1.0723,0,-0.035308837890625,0,-0.425537109375,0,0.049591064453125,0,0.0
1.0838,0,-0.035308837890625,0,-0.5283203125,0,0.1015625,0,0.0
1.0929,0,-0.059295654296875,0,-0.5283203125,0,0.1015625,0,0.0
1.1085,0,-0.059295654296875,0,-0.5283203125,0,-0.0380859375,0,0.0
1.1142,0,0.05438232421875,0,0.49072265625,0,-0.0380859375,0,0.0
1.1259,0,0.05438232421875,0,-0.11737060546875,0,-0.047821044921875,0,0.0
1.1323,0,0.05438232421875,0,-0.11737060546875,0,-0.047821044921875,0,0.0
1.1436,0,-0.2366943359375,0,0.395263671875,0,-0.0288848876953125,0,0.0
1.1530,0,0.06317138671875,0,0.395263671875,0,-0.0288848876953125,0,0.0
1.1650,0,0.06317138671875,0,-0.6201171875,0,-0.05584716796875,0,0.0
1.1748,0,0.0947265625,0,-0.6201171875,0,-0.05584716796875,0,0.0
1.1864,0,0.0947265625,0,-0.00847625732421875,0,-0.035003662109375,0,0.0
1.2031,0,-0.0248260498046875,0,-0.00847625732421875,0,-0.035003662109375,0,0.0
1.2073,0,-0.0248260498046875,0,0.2607421875,0,-0.0435791015625,0,0.0
1.2136,0,-0.0248260498046875,0,0.2607421875,0,-0.0435791015625,0,0.0
1.2277,0,0.08648681640625,0,0.409423828125,0,-0.040771484375,0,0.0
1.2341,0,0.08648681640625,0,0.409423828125,0,-0.040771484375,0,0.0
1.2478,0,-0.09869384765625,0,0.409423828125,0,-0.0017242431640625,0,0.0
1.2604,0,-0.2607421875,0,0.3046875,0,-0.0017242431640625,0,0.0
1.2651,0,-0.2607421875,0,-0.59033203125,0,-0.09637451171875,0,0.0
1.2751,0,-0.2607421875,0,-0.59033203125,0,-0.09637451171875,0,0.0
1.2853,0,0.11370849609375,0,-0.59033203125,0,0.0635986328125,0,0.0
1.2942,0,0.11370849609375,0,-0.09442138671875,0,0.0635986328125,0,0.0
1.3054,0,0.041534423828125,0,-0.09442138671875,0,0.0419921875,0,0.0
1.6294,0,0.041534423828125,0,0.1475830078125,0,0.0419921875,0,0.0
1.6301,0,-0.212158203125,0,0.1475830078125,0,-0.050994873046875,0,0.0
1.6306,0,-0.212158203125,0,-0.1025390625,0,-0.050994873046875,0,0.0
1.6311,0,-0.060333251953125,0,-0.1025390625,0,-0.050994873046875,0,0.0
1.6314,0,-0.060333251953125,0,-0.51953125,0,0.0416259765625,0,0.0
1.6348,0,-0.0772705078125,0,-0.51953125,0,0.0416259765625,0,0.0
1.6354,0,-0.0772705078125,0,0.399658203125,0,-0.03582763671875,0,0.0
1.6360,0,-0.1766357421875,0,0.399658203125,0,-0.04669189453125,0,0.0
1.6364,0,-0.1766357421875,0,-0.50341796875,0,-0.04669189453125,0,0.0
1.6367,0,0.03765869140625,0,-0.50341796875,0,0.057098388671875,0,0.0
1.6372,0,0.03765869140625,0,-0.57958984375,0,0.057098388671875,0,0.0
1.6376,0,0.1973876953125,0,-0.57958984375,0,0.057098388671875,0,0.0
1.6379,0,0.1973876953125,0,0.30859375,0,0.051849365234375,0,0.0
1.6385,0,0.1090087890625,0,0.30859375,0,0.051849365234375,0,0.0
1.6392,0,0.1090087890625,0,-0.18017578125,0,-0.031890869140625,0,0.0
1.6400,0,-0.07696533203125,0,-0.18017578125,0,-0.031890869140625,0,0.0
1.6406,0,-0.07696533203125,0,0.1859130859375,0,-0.04095458984375,0,0.0
1.6413,0,0.06744384765625,0,0.1859130859375,0,-0.04095458984375,0,0.0
1.6417,0,0.06744384765625,0,0.40087890625,0,0.047393798828125,0,0.0
1.6421,0,-0.01702880859375,0,0.40087890625,0,0.047393798828125,0,0.0
1.6424,0,-0.01702880859375,0,0.5107421875,0,0.042694091796875,0,0.0
1.6435,0,-0.1632080078125,0,0.5107421875,0,0.042694091796875,0,0.0
1.6440,0,-0.1632080078125,0,-0.5029296875,0,0.08331298828125,0,0.0
1.6443,0,-0.1600341796875,0,-0.5029296875,0,0.08331298828125,0,0.0
1.6447,0,-0.1600341796875,0,0.44140625,0,0.021697998046875,0,0.0
1.6450,0,-0.0555419921875,0,0.44140625,0,0.021697998046875,0,0.0
1.6453,0,-0.0555419921875,0,-0.57421875,0,0.1102294921875,0,0.0
1.6456,0,-0.260498046875,0,-0.57421875,0,0.1102294921875,0,0.0
1.6460,0,-0.260498046875,0,0.28955078125,0,-0.017486572265625,0,0.0
1.6463,0,-0.07666015625,0,0.28955078125,0,-0.017486572265625,0,0.0
1.6528,0,-0.07666015625,0,0.27001953125,0,-0.0271148681640625,0,0.0
1.6533,0,-0.275390625,0,0.27001953125,0,-0.0271148681640625,0,0.0
1.6540,0,-0.275390625,0,-0.544921875,0,0.03826904296875,0,0.0
1.6549,0,0.058135986328125,0,-0.544921875,0,0.03826904296875,0,0.0
1.6619,0,0.058135986328125,0,-0.853515625,0,-0.0273284912109375,0,0.0
1.6642,0,-0.158935546875,0,-0.853515625,0,-0.0273284912109375,0,0.0
1.6805,0,-0.158935546875,0,0.05682373046875,0,-0.0367431640625,0,0.0
1.6842,0,0.0753173828125,0,0.05682373046875,0,-0.0367431640625,0,0.0
1.7013,0,0.0753173828125,0,0.05682373046875,0,-0.045989990234375,0,0.0
1.7060,0,0.0753173828125,0,-0.1689453125,0,-0.045989990234375,0,0.0
1.7212,0,0.1104736328125,0,-0.1689453125,0,-0.060821533203125,0,0.0
1.7286,0,0.1104736328125,0,0.304931640625,0,-0.060821533203125,0,0.0
1.7321,0,-0.1453857421875,0,0.304931640625,0,0.02227783203125,0,0.0
1.7480,0,-0.1453857421875,0,-0.248779296875,0,0.02227783203125,0,0.0
1.7523,0,0.06317138671875,0,-0.248779296875,0,-0.0546875,0,0.0
1.7626,0,0.06317138671875,0,0.0845947265625,0,-0.0546875,0,0.0
1.7797,0,-0.19189453125,0,0.0845947265625,0,-0.036224365234375,0,0.0
1.7843,0,-0.19189453125,0,0.51171875,0,-0.036224365234375,0,0.0
1.7924,0,-0.23486328125,0,0.51171875,0,-0.060150146484375,0,0.0
1.8080,0,-0.23486328125,0,0.363037109375,0,-0.060150146484375,0,0.0
1.8153,0,0.08123779296875,0,0.363037109375,0,0.054656982421875,0,0.0
1.8242,0,0.08123779296875,0,0.2958984375,0,0.054656982421875,0,0.0
1.8377,0,-0.0992431640625,0,0.2958984375,0,-0.001537322998046875,0,0.0
1.8442,0,-0.0992431640625,0,0.460693359375,0,-0.001537322998046875,0,0.0
1.8617,0,0.05731201171875,0,0.27294921875,0,-0.033935546875,0,0.0
1.8720,0,0.05731201171875,0,0.27294921875,0,-0.033935546875,0,0.0
1.8800,0,-0.1942138671875,0,0.27294921875,0,-0.033935546875,0,0.0
1.8843,0,-0.1942138671875,0,0.1536865234375,0,-0.052459716796875,0,0.0
1.9002,0,-0.09942626953125,0,0.1536865234375,0,-0.052459716796875,0,0.0
1.9062,0,-0.09942626953125,0,0.21240234375,0,-0.03460693359375,0,0.0
1.9163,0,0.053619384765625,0,0.21240234375,0,-0.03460693359375,0,0.0
1.9268,0,0.053619384765625,0,-0.1951904296875,0,0.039947509765625,0,0.0
1.9372,0,-0.1915283203125,0,-0.1951904296875,0,0.039947509765625,0,0.0
1.9435,0,-0.1915283203125,0,-0.2489013671875,0,0.02874755859375,0,0.0
1.9597,0,0.1422119140625,0,-0.2489013671875,0,0.02874755859375,0,0.0
1.9691,0,0.1422119140625,0,-0.7001953125,0,0.06683349609375,0,0.0
1.9739,0,0.1466064453125,0,-0.7001953125,0,0.06683349609375,0,0.0
1.9900,0,0.1466064453125,0,0.46826171875,0,-0.004772186279296875,0,0.0
1.9938,0,-0.245849609375,0,0.46826171875,0,-0.004772186279296875,0,0.0
2.0043,0,-0.245849609375,0,0.156982421875,0,0.046142578125,0,0.0
2.0242,0,-0.0714111328125,0,0.156982421875,0,0.046142578125,0,0.0
2.0259,0,-0.0714111328125,0,0.34326171875,0,-0.0309906005859375,0,0.0
2.0343,0,0.055633544921875,0,0.34326171875,0,-0.0309906005859375,0,0.0
2.0444,0,0.055633544921875,0,-0.259033203125,0,0.0648193359375,0,0.0
2.0526,0,0.1458740234375,0,-0.259033203125,0,0.0648193359375,0,0.0
2.0641,0,0.1458740234375,0,0.1728515625,0,0.021697998046875,0,0.0
2.0737,0,0.10675048828125,0,0.1728515625,0,0.021697998046875,0,0.0
2.0862,0,0.10675048828125,0,0.27294921875,0,-0.036834716796875,0,0.0
2.0944,0,0.1011962890625,0,0.27294921875,0,-0.036834716796875,0,0.0
2.1078,0,0.1011962890625,0,-0.343017578125,0,0.00675201416015625,0,0.0
2.1164,0,-0.14208984375,0,-0.343017578125,0,0.00675201416015625,0,0.0
2.1272,0,-0.14208984375,0,-0.343017578125,0,-0.038299560546875,0,0.0
2.1352,0,-0.1663818359375,0,0.11212158203125,0,-0.038299560546875,0,0.0
2.1452,0,-0.1663818359375,0,0.11212158203125,0,-0.0172271728515625,0,0.0
2.1551,0,0.037750244140625,0,-0.7890625,0,-0.0172271728515625,0,0.0
2.1648,0,0.037750244140625,0,0.295166015625,0,-0.037750244140625,0,0.0
2.1814,0,-0.2396240234375,0,0.295166015625,0,-0.037750244140625,0,0.0
2.1877,0,-0.2396240234375,0,0.293212890625,0,0.058563232421875,0,0.0
2.2002,0,-0.2396240234375,0,0.293212890625,0,0.058563232421875,0,0.0
2.2063,0,0.1339111328125,0,0.293212890625,0,-0.035552978515625,0,0.0
2.2165,0,0.056732177734375,0,0.30126953125,0,-0.035552978515625,0,0.0
2.2255,0,0.056732177734375,0,0.30126953125,0,0.0814208984375,0,0.0
2.2428,0,0.08892822265625,0,0.272705078125,0,0.0814208984375,0,0.0
2.2479,0,0.08892822265625,0,0.272705078125,0,-0.027618408203125,0,0.0
2.2621,0,0.08892822265625,0,-0.0167388916015625,0,-0.027618408203125,0,0.0
2.2704,0,-0.240966796875,0,-0.18603515625,0,0.0391845703125,0,0.0
2.2788,0,-0.240966796875,0,-0.18603515625,0,0.0391845703125,0,0.0
2.2844,0,-0.1153564453125,0,-0.18603515625,0,-0.0330810546875,0,0.0
2.3021,0,-0.2288818359375,0,-0.46728515625,0,-0.0330810546875,0,0.0
2.3086,0,-0.2288818359375,0,-0.46728515625,0,-0.0311279296875,0,0.0
2.3230,0,-0.2288818359375,0,0.2047119140625,0,-0.0311279296875,0,0.0
2.3281,0,0.12152099609375,0,0.2047119140625,0,0.035675048828125,0,0.0
2.3331,0,0.12152099609375,0,-0.70654296875,0,0.035675048828125,0,0.0
2.3489,0,-0.2392578125,0,-0.70654296875,0,0.035675048828125,0,0.0
2.3591,0,-0.2392578125,0,-0.4931640625,0,-0.108154296875,0,0.0
2.3692,0,-0.04400634765625,0,-0.4931640625,0,-0.108154296875,0,0.0
2.3819,0,-0.04400634765625,0,-0.408447265625,0,-0.0109405517578125,0,0.0
2.3894,0,0.1298828125,0,-0.408447265625,0,-0.022186279296875,0,0.0
2.3934,0,0.1298828125,0,0.39990234375,0,-0.022186279296875,0,0.0
2.4091,0,-0.34814453125,0,0.39990234375,0,-0.022186279296875,0,0.0
2.4127,0,-0.34814453125,0,0.1893310546875,0,-0.006687164306640625,0,0.0
2.4287,0,0.130126953125,0,0.1893310546875,0,-0.006687164306640625,0,0.0
2.4412,0,0.130126953125,0,-0.34375,0,-0.0159149169921875,0,0.0
2.4504,0,0.087158203125,0,-0.34375,0,-0.0159149169921875,0,0.0
2.4560,0,0.087158203125,0,0.34765625,0,0.031524658203125,0,0.0
2.4712,0,-0.07696533203125,0,0.34765625,0,0.031524658203125,0,0.0
2.4725,0,-0.07696533203125,0,-0.1795654296875,0,0.0657958984375,0,0.0
2.4830,0,0.0877685546875,0,-0.1795654296875,0,0.0657958984375,0,0.0
2.4938,0,0.0877685546875,0,0.43701171875,0,0.046112060546875,0,0.0
2.5068,0,-0.046630859375,0,0.43701171875,0,0.046112060546875,0,0.0
2.5126,0,-0.046630859375,0,-0.484375,0,-0.0733642578125,0,0.0
2.5284,0,-0.1480712890625,0,-0.484375,0,-0.0733642578125,0,0.0
2.5322,0,-0.1480712890625,0,0.346435546875,0,-0.0204620361328125,0,0.0
2.5426,0,0.045989990234375,0,0.346435546875,0,-0.0204620361328125,0,0.0
2.5535,0,0.045989990234375,0,0.179443359375,0,0.0059661865234375,0,0.0
2.5638,0,-0.05047607421875,0,0.179443359375,0,0.0059661865234375,0,0.0
2.5737,0,-0.05047607421875,0,0.179443359375,0,-0.019134521484375,0,0.0
2.5834,0,0.0511474609375,0,0.30712890625,0,-0.019134521484375,0,0.0
2.5929,0,0.0511474609375,0,0.30712890625,0,-0.034423828125,0,0.0
2.6028,0,0.08294677734375,0,-0.25439453125,0,-0.034423828125,0,0.0
2.6134,0,0.08294677734375,0,-0.25439453125,0,0.0406494140625,0,0.0
2.6239,0,-0.044708251953125,0,0.27001953125,0,0.0406494140625,0,0.0
2.6406,0,-0.044708251953125,0,-0.2509765625,0,-0.01519775390625,0,0.0
2.6470,0,0.1060791015625,0,-0.2509765625,0,-0.01519775390625,0,0.0
2.6536,0,0.1060791015625,0,-0.2509765625,0,-0.048126220703125,0,0.0
2.6691,0,0.024139404296875,0,-0.1348876953125,0,-0.048126220703125,0,0.0
2.6737,0,0.024139404296875,0,-0.1348876953125,0,0.033447265625,0,0.0
2.6884,0,0.024139404296875,0,0.17626953125,0,0.033447265625,0,0.0
2.7012,0,0.04803466796875,0,0.17626953125,0,0.01641845703125,0,0.0
2.7075,0,0.04803466796875,0,0.1715087890625,0,0.01641845703125,0,0.0
2.7212,0,-0.111083984375,0,0.1715087890625,0,0.01641845703125,0,0.0
2.7274,0,-0.08489990234375,0,-0.7763671875,0,-0.04052734375,0,0.0
2.7412,0,-0.08489990234375,0,-0.7763671875,0,-0.023101806640625,0,0.0
2.7491,0,-0.08489990234375,0,0.396484375,0,-0.023101806640625,0,0.0
2.7588,0,-0.04058837890625,0,0.396484375,0,-0.023101806640625,0,0.0
2.7665,0,-0.04058837890625,0,0.443603515625,0,0.030792236328125,0,0.0
2.7790,0,0.087646484375,0,0.443603515625,0,0.030792236328125,0,0.0
2.7881,0,0.087646484375,0,-0.452392578125,0,0.033843994140625,0,0.0
2.7987,0,-0.0947265625,0,-0.452392578125,0,0.033843994140625,0,0.0
2.8054,0,-0.0947265625,0,-0.395751953125,0,0.0609130859375,0,0.0
2.8191,0,0.08209228515625,0,-0.395751953125,0,0.0609130859375,0,0.0
2.8268,0,0.08209228515625,0,0.1866455078125,0,-0.033477783203125,0,0.0
2.8389,0,-0.2161865234375,0,0.1866455078125,0,-0.033477783203125,0,0.0
2.8439,0,-0.2161865234375,0,0.307373046875,0,0.03070068359375,0,0.0
2.8585,0,0.061248779296875,0,0.307373046875,0,0.03070068359375,0,0.0
2.8650,0,0.061248779296875,0,0.40380859375,0,0.076904296875,0,0.0
2.8785,0,0.06195068359375,0,0.40380859375,0,0.076904296875,0,0.0
2.8840,0,0.06195068359375,0,-0.478515625,0,0.07958984375,0,0.0
2.8984,0,-0.194580078125,0,-0.478515625,0,0.07958984375,0,0.0
3.2307,0,-0.194580078125,0,-0.478515625,0,0.0093994140625,0,0.0
3.2311,0,0.020660400390625,0,-0.280517578125,0,0.0093994140625,0,0.0
3.2315,0,0.020660400390625,0,-0.280517578125,0,-0.06646728515625,0,0.0
3.2318,0,0.103271484375,0,-0.10162353515625,0,-0.06646728515625,0,0.0
3.2323,0,0.103271484375,0,-0.76904296875,0,0.0085906982421875,0,0.0
3.2327,0,0.045623779296875,0,-0.76904296875,0,0.0085906982421875,0,0.0
3.2331,0,0.045623779296875,0,-0.76904296875,0,0.04766845703125,0,0.0
3.2344,0,-0.08349609375,0,-0.0762939453125,0,0.04766845703125,0,0.0
3.2349,0,-0.08349609375,0,-0.0762939453125,0,-0.02032470703125,0,0.0
3.2354,0,-0.10400390625,0,-0.72119140625,0,-0.02032470703125,0,0.0
3.2360,0,-0.10400390625,0,-0.72119140625,0,-0.04620361328125,0,0.0
3.2363,0,0.0814208984375,0,0.4658203125,0,-0.04620361328125,0,0.0
3.2369,0,0.0814208984375,0,0.4658203125,0,-0.03143310546875,0,0.0
3.2372,0,-0.040435791015625,0,0.0509033203125,0,-0.03143310546875,0,0.0
3.2376,0,-0.040435791015625,0,0.0509033203125,0,-0.0167388916015625,0,0.0
3.2379,0,0.055694580078125,0,-0.181396484375,0,-0.0167388916015625,0,0.0
3.2383,0,0.055694580078125,0,-0.181396484375,0,-0.052032470703125,0,0.0
3.2388,0,-0.1851806640625,0,0.2110595703125,0,-0.052032470703125,0,0.0
3.2393,0,-0.1851806640625,0,0.2110595703125,0,0.033050537109375,0,0.0
3.2398,0,0.05499267578125,0,-0.436767578125,0,0.033050537109375,0,0.0
3.2401,0,0.05499267578125,0,-0.436767578125,0,0.06524658203125,0,0.0
3.2412,0,0.05499267578125,0,0.40966796875,0,0.06524658203125,0,0.0
3.2419,0,0.0439453125,0,0.40966796875,0,0.018463134765625,0,0.0
3.2423,0,0.093017578125,0,0.49072265625,0,0.018463134765625,0,0.0
3.2426,0,0.093017578125,0,0.49072265625,0,-0.080078125,0,0.0
3.2429,0,0.10064697265625,0,0.1827392578125,0,-0.080078125,0,0.0
3.2432,0,0.10064697265625,0,0.1827392578125,0,0.061920166015625,0,0.0
3.2435,0,0.10064697265625,0,0.2255859375,0,0.061920166015625,0,0.0
3.2439,0,-0.10101318359375,0,0.2255859375,0,0.0300445556640625,0,0.0
3.2442,0,-0.1395263671875,0,-0.69091796875,0,0.0300445556640625,0,0.0
3.2446,0,-0.1395263671875,0,-0.69091796875,0,-0.0467529296875,0,0.0
3.2450,0,-0.1395263671875,0,-0.0950927734375,0,-0.0467529296875,0,0.0
3.2453,0,-0.059722900390625,0,-0.0950927734375,0,-0.0467529296875,0,0.0
3.2456,0,-0.059722900390625,0,-0.10595703125,0,-0.04193115234375,0,0.0
3.2459,0,-0.12188720703125,0,-0.10595703125,0,-0.04193115234375,0,0.0
3.2523,0,0.056671142578125,0,0.30029296875,0,0.0787353515625,0,0.0
3.2655,0,0.056671142578125,0,0.30029296875,0,-0.0263824462890625,0,0.0
3.2745,0,0.056671142578125,0,-0.427490234375,0,-0.0263824462890625,0,0.0
3.2844,0,0.08343505859375,0,-0.427490234375,0,-0.0263824462890625,0,0.0
3.2914,0,0.08343505859375,0,0.08465576171875,0,-0.050933837890625,0,0.0
3.3053,0,-0.033905029296875,0,0.08465576171875,0,-0.050933837890625,0,0.0
3.3116,0,-0.033905029296875,0,0.08465576171875,0,-0.01561737060546875,0,0.0
3.3244,0,0.07891845703125,0,0.396484375,0,-0.01561737060546875,0,0.0
3.3338,0,0.07891845703125,0,0.396484375,0,-0.01849365234375,0,0.0
3.3445,0,0.062103271484375,0,-0.241943359375,0,-0.01849365234375,0,0.0
3.3520,0,0.062103271484375,0,-0.400390625,0,0.03662109375,0,0.0
3.3639,0,-0.048004150390625,0,-0.400390625,0,0.03662109375,0,0.0
3.3723,0,-0.048004150390625,0,0.377197265625,0,-0.03155517578125,0,0.0
3.3851,0,0.067138671875,0,0.377197265625,0,-0.03155517578125,0,0.0
3.3940,0,0.067138671875,0,0.377197265625,0,-0.06781005859375,0,0.0
3.4047,0,0.100341796875,0,0.37890625,0,-0.06781005859375,0,0.0
3.4114,0,0.100341796875,0,0.37890625,0,-0.0274810791015625,0,0.0
3.4244,0,-0.05517578125,0,-0.51904296875,0,-0.0274810791015625,0,0.0
3.4346,0,-0.05517578125,0,-0.51904296875,0,0.04180908203125,0,0.0
3.4441,0,-0.2230224609375,0,-0.5361328125,0,0.04180908203125,0,0.0
3.4538,0,-0.2230224609375,0,-0.5361328125,0,-0.033599853515625,0,0.0
3.4653,0,-0.258056640625,0,-0.12274169921875,0,-0.033599853515625,0,0.0
3.4718,0,-0.258056640625,0,-0.12274169921875,0,-0.0189666748046875,0,0.0
3.4837,0,-0.1190185546875,0,-0.53466796875,0,-0.0189666748046875,0,0.0
3.4941,0,-0.1190185546875,0,-0.53466796875,0,-0.0233306884765625,0,0.0
3.5046,0,-0.1580810546875,0,0.48828125,0,-0.0233306884765625,0,0.0
3.5137,0,-0.1580810546875,0,0.48828125,0,-0.019378662109375,0,0.0
3.5245,0,-0.065185546875,0,-0.045318603515625,0,-0.019378662109375,0,0.0
3.5316,0,-0.065185546875,0,-0.045318603515625,0,0.01076507568359375,0,0.0
3.5437,0,0.016998291015625,0,0.43359375,0,0.01076507568359375,0,0.0
3.5541,0,0.016998291015625,0,0.43359375,0,0.044219970703125,0,0.0
3.5630,0,-0.158203125,0,-0.192626953125,0,0.044219970703125,0,0.0
3.5736,0,-0.158203125,0,-0.192626953125,0,-0.0033664703369140625,0,0.0
3.5862,0,0.1092529296875,0,-0.41357421875,0,-0.0033664703369140625,0,0.0
3.5992,0,0.1092529296875,0,-0.41357421875,0,-0.07232666015625,0,0.0
3.6058,0,0.1092529296875,0,0.295166015625,0,-0.07232666015625,0,0.0
3.6138,0,-0.08502197265625,0,0.295166015625,0,-0.0579833984375,0,0.0
3.6237,0,-0.080322265625,0,0.439208984375,0,-0.0579833984375,0,0.0
3.6335,0,-0.080322265625,0,0.439208984375,0,0.01445770263671875,0,0.0
3.6438,0,0.041351318359375,0,0.29638671875,0,0.01445770263671875,0,0.0
3.6609,0,0.041351318359375,0,0.29638671875,0,0.10137939453125,0,0.0
3.6658,0,0.041351318359375,0,-0.262451171875,0,0.10137939453125,0,0.0
3.6749,0,-0.12286376953125,0,-0.262451171875,0,-0.036834716796875,0,0.0
3.6855,0,-0.12286376953125,0,0.281494140625,0,-0.036834716796875,0,0.0
3.6933,0,-0.05267333984375,0,0.281494140625,0,-0.036834716796875,0,0.0
3.7052,0,-0.05267333984375,0,-0.71875,0,-0.0135345458984375,0,0.0
3.7131,0,0.046600341796875,0,-0.71875,0,-0.0135345458984375,0,0.0
3.7247,0,0.046600341796875,0,-0.81689453125,0,0.030517578125,0,0.0
3.7331,0,-0.0909423828125,0,-0.81689453125,0,0.030517578125,0,0.0
3.7439,0,-0.0909423828125,0,0.20166015625,0,-0.04254150390625,0,0.0
3.7535,0,0.031402587890625,0,0.20166015625,0,-0.04254150390625,0,0.0
3.7637,0,0.031402587890625,0,0.242919921875,0,-0.050994873046875,0,0.0
3.7743,0,-0.137939453125,0,0.242919921875,0,-0.050994873046875,0,0.0
3.7837,0,-0.137939453125,0,0.36669921875,0,0.05621337890625,0,0.0
3.7954,0,-0.2685546875,0,0.36669921875,0,0.05621337890625,0,0.0
3.8021,0,-0.2685546875,0,0.404052734375,0,0.003498077392578125,0,0.0
3.8131,0,0.10284423828125,0,0.404052734375,0,0.003498077392578125,0,0.0
3.8245,0,0.10284423828125,0,0.404052734375,0,-0.09124755859375,0,0.0
3.8334,0,-0.2142333984375,0,0.271728515625,0,-0.09124755859375,0,0.0
3.8433,0,-0.2142333984375,0,0.271728515625,0,0.0992431640625,0,0.0
3.8530,0,0.060943603515625,0,0.134765625,0,0.0992431640625,0,0.0
3.8618,0,0.060943603515625,0,-0.380615234375,0,-0.0738525390625,0,0.0
3.8800,0,-0.2044677734375,0,-0.380615234375,0,-0.0738525390625,0,0.0
3.8858,0,-0.2044677734375,0,-0.380615234375,0,0.019989013671875,0,0.0
3.8937,0,-0.07366943359375,0,0.2176513671875,0,0.019989013671875,0,0.0
3.9052,0,-0.07366943359375,0,0.2176513671875,0,0.01959228515625,0,0.0
3.9129,0,-0.020233154296875,0,0.31396484375,0,0.01959228515625,0,0.0
3.9246,0,-0.020233154296875,0,0.31396484375,0,0.00595855712890625,0,0.0
3.9328,0,0.05224609375,0,-0.60205078125,0,0.00595855712890625,0,0.0
3.9435,0,0.05224609375,0,-0.60205078125,0,0.04290771484375,0,0.0
3.9528,0,0.08258056640625,0,0.170654296875,0,0.04290771484375,0,0.0
3.9632,0,0.08258056640625,0,0.170654296875,0,-0.05364990234375,0,0.0
3.9729,0,0.0452880859375,0,0.41357421875,0,-0.05364990234375,0,0.0
3.9838,0,0.0452880859375,0,0.41357421875,0,-0.03656005859375,0,0.0
3.9927,0,-0.2303466796875,0,0.348876953125,0,-0.03656005859375,0,0.0
4.0038,0,-0.2303466796875,0,0.348876953125,0,0.059539794921875,0,0.0
4.0130,0,-0.08709716796875,0,0.25390625,0,0.059539794921875,0,0.0
4.0258,0,-0.08709716796875,0,0.25390625,0,-0.08538818359375,0,0.0
4.0325,0,-0.08709716796875,0,-0.43408203125,0,-0.08538818359375,0,0.0
4.0439,0,0.038360595703125,0,-0.43408203125,0,0.036468505859375,0,0.0
4.0531,0,0.038360595703125,0,-0.1776123046875,0,0.036468505859375,0,0.0
4.0629,0,0.075927734375,0,-0.1776123046875,0,-0.015350341796875,0,0.0
4.0729,0,-0.1385498046875,0,-0.01522064208984375,0,-0.015350341796875,0,0.0
4.0835,0,-0.1385498046875,0,-0.01522064208984375,0,-0.044464111328125,0,0.0
4.0949,0,-0.1385498046875,0,-0.25341796875,0,-0.044464111328125,0,0.0
4.1064,0,-0.032867431640625,0,-0.25341796875,0,-0.08636474609375,0,0.0
4.1134,0,0.06707763671875,0,0.43505859375,0,-0.08636474609375,0,0.0
4.1252,0,0.06707763671875,0,0.43505859375,0,0.054046630859375,0,0.0
4.1342,0,0.098876953125,0,-0.393798828125,0,0.054046630859375,0,0.0
4.1446,0,0.098876953125,0,-0.393798828125,0,-0.04974365234375,0,0.0
4.1564,0,-0.1260986328125,0,-0.170654296875,0,-0.04974365234375,0,0.0
4.1698,0,-0.1260986328125,0,-0.170654296875,0,-0.09039306640625,0,0.0
4.1793,0,-0.280029296875,0,0.29052734375,0,-0.09039306640625,0,0.0
4.1886,0,-0.280029296875,0,0.29052734375,0,0.0850830078125,0,0.0
4.2002,0,-0.11419677734375,0,-0.053955078125,0,0.0850830078125,0,0.0
4.2079,0,-0.11419677734375,0,-0.053955078125,0,-0.0760498046875,0,0.0
4.2225,0,-0.11419677734375,0,0.361572265625,0,-0.0760498046875,0,0.0
4.2281,0,-0.179443359375,0,0.361572265625,0,-0.0760498046875,0,0.0
4.2428,0,-0.179443359375,0,0.1661376953125,0,-0.02880859375,0,0.0
4.2486,0,-0.06683349609375,0,0.1661376953125,0,-0.02880859375,0,0.0
4.2552,0,-0.06683349609375,0,-0.269775390625,0,0.0263214111328125,0,0.0
4.2670,0,-0.033203125,0,-0.269775390625,0,0.04156494140625,0,0.0
4.2736,0,-0.033203125,0,0.44873046875,0,0.04156494140625,0,0.0
4.2905,0,0.07781982421875,0,0.44873046875,0,0.04156494140625,0,0.0
4.2970,0,0.07781982421875,0,-0.427734375,0,0.01238250732421875,0,0.0
4.3087,0,0.06170654296875,0,-0.427734375,0,0.01238250732421875,0,0.0
4.3149,0,0.06170654296875,0,-0.31982421875,0,-0.02294921875,0,0.0
4.3261,0,0.08294677734375,0,-0.31982421875,0,-0.02294921875,0,0.0
4.3324,0,0.08294677734375,0,0.485595703125,0,0.028656005859375,0,0.0
4.3477,0,0.10858154296875,0,0.485595703125,0,0.028656005859375,0,0.0
4.3583,0,0.10858154296875,0,0.436279296875,0,-0.05303955078125,0,0.0
4.3672,0,-0.1396484375,0,0.436279296875,0,-0.05303955078125,0,0.0
4.3774,0,-0.1396484375,0,0.436279296875,0,-0.0550537109375,0,0.0
4.3877,0,-0.18310546875,0,0.10455322265625,0,-0.0550537109375,0,0.0
4.3964,0,-0.18310546875,0,0.10455322265625,0,0.0223388671875,0,0.0
4.4077,0,-0.25830078125,0,0.1492919921875,0,0.0223388671875,0,0.0
4.4171,0,-0.25830078125,0,-0.441162109375,0,0.0797119140625,0,0.0
4.4273,0,0.0765380859375,0,-0.441162109375,0,0.0797119140625,0,0.0
4.4321,0,0.0765380859375,0,-0.441162109375,0,-0.049835205078125,0,0.0
4.4462,0,0.07086181640625,0,0.1077880859375,0,-0.049835205078125,0,0.0
4.4563,0,0.07086181640625,0,0.1077880859375,0,-0.0279693603515625,0,0.0
4.4680,0,0.08636474609375,0,0.305908203125,0,-0.0279693603515625,0,0.0
4.4761,0,0.08636474609375,0,0.305908203125,0,-0.047882080078125,0,0.0
4.4869,0,-0.038116455078125,0,-0.1094970703125,0,-0.047882080078125,0,0.0
4.4923,0,-0.038116455078125,0,-0.1094970703125,0,-0.03839111328125,0,0.0
4.5073,0,0.07269287109375,0,-0.2138671875,0,-0.03839111328125,0,0.0
4.5125,0,0.07269287109375,0,-0.2138671875,0,0.0379638671875,0,0.0
4.5241,0,-0.0172119140625,0,-0.103271484375,0,0.0379638671875,0,0.0
4.5362,0,-0.0172119140625,0,-0.103271484375,0,0.06072998046875,0,0.0
4.5437,0,0.071533203125,0,-0.0784912109375,0,0.06072998046875,0,0.0
4.5516,0,0.071533203125,0,-0.0784912109375,0,-0.01708984375,0,0.0
4.5659,0,0.0706787109375,0,-0.2215576171875,0,-0.01708984375,0,0.0
4.5765,0,0.0706787109375,0,-0.2215576171875,0,-0.04266357421875,0,0.0
4.5859,0,0.09136962890625,0,0.248779296875,0,-0.04266357421875,0,0.0
4.5937,0,0.09136962890625,0,0.248779296875,0,-0.0256500244140625,0,0.0
4.6037,0,0.07452392578125,0,0.0711669921875,0,-0.0256500244140625,0,0.0
4.6114,0,0.07452392578125,0,0.0711669921875,0,0.006610870361328125,0,0.0
4.6268,0,0.1273193359375,0,0.2861328125,0,0.006610870361328125,0,0.0
4.6340,0,0.1273193359375,0,0.2861328125,0,-0.04779052734375,0,0.0
4.6460,0,0.1273193359375,0,0.2529296875,0,-0.04779052734375,0,0.0
4.6560,0,-0.2137451171875,0,0.2529296875,0,-0.0257720947265625,0,0.0
4.6631,0,0.09234619140625,0,0.287353515625,0,-0.0257720947265625,0,0.0
4.6768,0,0.09234619140625,0,0.287353515625,0,0.06390380859375,0,0.0
4.6863,0,0.05255126953125,0,-0.310302734375,0,0.06390380859375,0,0.0
4.6969,0,0.05255126953125,0,-0.310302734375,0,-0.07550048828125,0,0.0
4.7071,0,0.05255126953125,0,-0.1927490234375,0,-0.07550048828125,0,0.0
4.7157,0,-0.1785888671875,0,-0.1927490234375,0,-0.07550048828125,0,0.0
4.7278,0,-0.1785888671875,0,-0.364501953125,0,-0.042388916015625,0,0.0
4.7356,0,-0.053009033203125,0,-0.364501953125,0,-0.042388916015625,0,0.0
4.7459,0,-0.053009033203125,0,0.33056640625,0,0.01027679443359375,0,0.0
4.7576,0,0.06988525390625,0,0.33056640625,0,0.01027679443359375,0,0.0
4.7628,0,0.06988525390625,0,-0.4619140625,0,-0.07135009765625,0,0.0
4.7770,0,-0.1268310546875,0,-0.4619140625,0,-0.07135009765625,0,0.0
4.7859,0,-0.1268310546875,0,0.267578125,0,-0.055633544921875,0,0.0
4.7955,0,0.076416015625,0,0.267578125,0,-0.055633544921875,0,0.0
4.8063,0,0.076416015625,0,-0.27490234375,0,0.0616455078125,0,0.0
4.8158,0,-0.1904296875,0,-0.27490234375,0,0.0616455078125,0,0.0
4.8239,0,-0.1904296875,0,0.394287109375,0,0.0285491943359375,0,0.0
4.8356,0,0.057159423828125,0,0.394287109375,0,0.0285491943359375,0,0.0
4.8459,0,0.057159423828125,0,-0.246337890625,0,0.0567626953125,0,0.0
4.8554,0,0.050384521484375,0,-0.246337890625,0,0.0567626953125,0,0.0
4.8657,0,0.050384521484375,0,-0.246337890625,0,-0.0799560546875,0,0.0
4.8757,0,0.1265869140625,0,-0.156494140625,0,-0.0799560546875,0,0.0
4.8872,0,0.1265869140625,0,-0.156494140625,0,-0.013671875,0,0.0
4.8959,0,0.064453125,0,-0.24853515625,0,-0.013671875,0,0.0
4.9064,0,0.064453125,0,-0.1907958984375,0,-0.05303955078125,0,0.0
4.9150,0,-0.04107666015625,0,-0.1907958984375,0,-0.05303955078125,0,0.0
4.9256,0,-0.04107666015625,0,-0.1907958984375,0,-0.056884765625,0,0.0
4.9352,0,0.1163330078125,0,0.1220703125,0,-0.056884765625,0,0.0
4.9427,0,0.1163330078125,0,0.1220703125,0,0.03277587890625,0,0.0
4.9553,0,0.08282470703125,0,-0.350830078125,0,0.03277587890625,0,0.0
4.9656,0,0.08282470703125,0,-0.350830078125,0,-0.0272216796875,0,0.0
4.9758,0,-0.0960693359375,0,0.366455078125,0,-0.0272216796875,0,0.0
4.9858,0,-0.0960693359375,0,0.366455078125,0,-0.048431396484375,0,0.0
4.9950,0,-0.04656982421875,0,-0.482177734375,0,-0.048431396484375,0,0.0
5.0060,0,-0.04656982421875,0,-0.482177734375,0,-0.0186309814453125,0,0.0
5.0154,0,-0.080810546875,0,0.2322998046875,0,-0.0186309814453125,0,0.0
5.0241,0,-0.080810546875,0,0.2322998046875,0,0.034698486328125,0,0.0
5.0315,0,0.09136962890625,0,0.281005859375,0,0.034698486328125,0,0.0
5.0453,0,0.09136962890625,0,0.281005859375,0,0.0692138671875,0,0.0
5.0554,0,-0.1868896484375,0,0.2437744140625,0,0.0692138671875,0,0.0
5.0640,0,-0.1868896484375,0,0.2437744140625,0,0.070068359375,0,0.0
5.0741,0,-0.0292816162109375,0,-0.386962890625,0,0.070068359375,0,0.0
5.0852,0,-0.0292816162109375,0,-0.386962890625,0,0.058746337890625,0,0.0
5.0939,0,0.0307769775390625,0,-0.0382080078125,0,0.058746337890625,0,0.0
5.1083,0,0.0307769775390625,0,-0.0382080078125,0,0.043792724609375,0,0.0
5.1139,0,-0.077392578125,0,-0.27685546875,0,0.043792724609375,0,0.0
5.1253,0,-0.077392578125,0,-0.27685546875,0,-0.06915283203125,0,0.0
5.1331,0,-0.077392578125,0,0.42626953125,0,-0.06915283203125,0,0.0
5.1457,0,-0.04754638671875,0,0.42626953125,0,0.0789794921875,0,0.0
5.1534,0,0.07159423828125,0,-0.1842041015625,0,0.0789794921875,0,0.0
5.1637,0,0.07159423828125,0,-0.1842041015625,0,-0.0416259765625,0,0.0
5.1734,0,0.07159423828125,0,0.4140625,0,-0.0416259765625,0,0.0
5.1834,0,-0.08966064453125,0,0.4140625,0,-0.0416259765625,0,0.0
5.1938,0,-0.08966064453125,0,-0.395751953125,0,-0.058837890625,0,0.0
5.2037,0,0.098388671875,0,-0.395751953125,0,-0.058837890625,0,0.0
5.2135,0,0.09423828125,0,0.48828125,0,-0.0162811279296875,0,0.0
5.2272,0,0.09423828125,0,0.48828125,0,0.0819091796875,0,0.0
5.2331,0,0.09423828125,0,0.1793212890625,0,0.0819091796875,0,0.0
5.2437,0,-0.05584716796875,0,0.1793212890625,0,0.0819091796875,0,0.0
5.2532,0,-0.05584716796875,0,0.489501953125,0,-0.0458984375,0,0.0
5.2635,0,-0.056915283203125,0,0.489501953125,0,-0.0458984375,0,0.0
5.2733,0,-0.056915283203125,0,0.2174072265625,0,-0.05975341796875,0,0.0
5.2832,0,0.1063232421875,0,0.2174072265625,0,-0.05975341796875,0,0.0
5.2931,0,0.1063232421875,0,0.2174072265625,0,0.1026611328125,0,0.0
5.3031,0,-0.08868408203125,0,-0.537109375,0,0.1026611328125,0,0.0
5.3126,0,-0.08868408203125,0,-0.537109375,0,-0.0175323486328125,0,0.0
5.3229,0,-0.037811279296875,0,0.28955078125,0,-0.0175323486328125,0,0.0
5.3330,0,-0.037811279296875,0,0.31396484375,0,0.0108184814453125,0,0.0
5.3452,0,-0.062469482421875,0,0.31396484375,0,0.0108184814453125,0,0.0
5.3526,0,-0.062469482421875,0,-0.337890625,0,-0.039642333984375,0,0.0
5.3677,0,0.061248779296875,0,-0.337890625,0,-0.039642333984375,0,0.0
5.3797,0,0.061248779296875,0,0.1038818359375,0,0.0182952880859375,0,0.0
5.3884,0,0.08660888671875,0,0.1038818359375,0,0.0182952880859375,0,0.0
5.3928,0,0.08660888671875,0,0.1038818359375,0,-0.08148193359375,0,0.0
5.4079,0,0.07501220703125,0,0.257568359375,0,-0.08148193359375,0,0.0
5.4203,0,0.07501220703125,0,0.257568359375,0,-0.016082763671875,0,0.0
5.4287,0,-0.041961669921875,0,0.3369140625,0,-0.016082763671875,0,0.0
5.4396,0,-0.041961669921875,0,-0.1087646484375,0,-0.040283203125,0,0.0
5.4484,0,0.042510986328125,0,-0.1087646484375,0,-0.040283203125,0,0.0
5.4526,0,0.042510986328125,0,-0.1087646484375,0,0.007373809814453125,0,0.0
5.4677,0,-0.2276611328125,0,0.400634765625,0,0.007373809814453125,0,0.0
5.4732,0,-0.2276611328125,0,0.400634765625,0,0.05029296875,0,0.0
5.4881,0,-0.054046630859375,0,0.37353515625,0,0.05029296875,0,0.0
5.4970,0,-0.054046630859375,0,0.37353515625,0,-0.0302734375,0,0.0
5.5084,0,0.0225372314453125,0,0.338134765625,0,-0.0302734375,0,0.0
5.5124,0,0.0225372314453125,0,0.338134765625,0,-0.061279296875,0,0.0
5.5278,0,-0.17333984375,0,0.1700439453125,0,-0.061279296875,0,0.0
5.5324,0,-0.17333984375,0,0.1700439453125,0,0.06475830078125,0,0.0
5.5431,0,-0.1787109375,0,-0.1363525390625,0,0.06475830078125,0,0.0
5.5572,0,-0.1787109375,0,-0.1363525390625,0,-0.07220458984375,0,0.0
5.5645,0,-0.11181640625,0,0.4482421875,0,-0.07220458984375,0,0.0
5.5743,0,-0.11181640625,0,0.4482421875,0,-0.042388916015625,0,0.0
5.5875,0,0.056182861328125,0,-0.57470703125,0,-0.042388916015625,0,0.0
5.5929,0,0.056182861328125,0,-0.57470703125,0,0.042755126953125,0,0.0
5.6025,0,-0.160888671875,0,-0.56591796875,0,0.042755126953125,0,0.0
5.6168,0,-0.160888671875,0,-0.56591796875,0,0.041717529296875,0,0.0
5.6247,0,-0.0266571044921875,0,0.238525390625,0,0.041717529296875,0,0.0
5.6400,0,-0.0266571044921875,0,0.238525390625,0,0.042816162109375,0,0.0
5.6468,0,-0.107666015625,0,-0.279296875,0,0.042816162109375,0,0.0
5.6599,0,-0.107666015625,0,-0.279296875,0,-0.035736083984375,0,0.0
5.6666,0,-0.107666015625,0,-0.2115478515625,0,-0.035736083984375,0,0.0
5.6800,0,-0.2041015625,0,-0.2115478515625,0,-0.035736083984375,0,0.0
5.6866,0,-0.2041015625,0,-0.1424560546875,0,-0.022918701171875,0,0.0
5.6963,0,-0.060516357421875,0,-0.1424560546875,0,-0.022918701171875,0,0.0
5.7066,0,-0.1044921875,0,-0.417724609375,0,0.085205078125,0,0.0
5.7213,0,-0.1044921875,0,-0.417724609375,0,-0.04180908203125,0,0.0
5.7235,0,-0.1044921875,0,0.453369140625,0,-0.04180908203125,0,0.0
5.7363,0,-0.06939697265625,0,0.453369140625,0,-0.04180908203125,0,0.0
5.7464,0,-0.06939697265625,0,0.1568603515625,0,-0.038360595703125,0,0.0
5.7560,0,-0.08270263671875,0,0.1568603515625,0,-0.038360595703125,0,0.0
5.7663,0,-0.08270263671875,0,-0.666015625,0,0.0191802978515625,0,0.0
5.7761,0,0.0230560302734375,0,-0.666015625,0,0.0191802978515625,0,0.0
5.7833,0,0.0230560302734375,0,-0.6015625,0,-0.0340576171875,0,0.0
5.7960,0,-0.044677734375,0,-0.6015625,0,-0.0340576171875,0,0.0
5.8035,0,-0.044677734375,0,0.303955078125,0,-0.04498291015625,0,0.0
5.8159,0,0.031585693359375,0,0.303955078125,0,-0.04498291015625,0,0.0
5.8267,0,0.031585693359375,0,-0.74755859375,0,-0.024017333984375,0,0.0
5.8357,0,-0.073486328125,0,-0.74755859375,0,-0.024017333984375,0,0.0
5.8444,0,-0.073486328125,0,-0.073974609375,0,-0.037139892578125,0,0.0
5.8561,0,-0.132080078125,0,-0.073974609375,0,-0.037139892578125,0,0.0
5.8662,0,-0.132080078125,0,0.5009765625,0,-0.01444244384765625,0,0.0
5.8759,0,-0.053497314453125,0,0.5009765625,0,-0.01444244384765625,0,0.0
5.8866,0,-0.053497314453125,0,-0.395263671875,0,0.06195068359375,0,0.0
5.9011,0,-0.238037109375,0,-0.395263671875,0,0.06195068359375,0,0.0
5.9048,0,-0.238037109375,0,-0.395263671875,0,0.09637451171875,0,0.0
5.9159,0,-0.051116943359375,0,-0.355712890625,0,0.09637451171875,0,0.0
5.9271,0,-0.051116943359375,0,0.457275390625,0,0.0270233154296875,0,0.0
5.9315,0,-0.07696533203125,0,0.457275390625,0,0.0270233154296875,0,0.0
5.9459,0,-0.07696533203125,0,0.457275390625,0,0.0270233154296875,0,0.0
5.9563,0,0.0479736328125,0,0.14111328125,0,0.050750732421875,0,0.0
5.9680,0,0.0479736328125,0,0.14111328125,0,0.050750732421875,0,0.0
5.9756,0,0.08294677734375,0,-0.148681640625,0,-0.0304107666015625,0,0.0
5.9863,0,0.08294677734375,0,-0.148681640625,0,-0.043365478515625,0,0.0
5.9938,0,0.0609130859375,0,0.1300048828125,0,-0.043365478515625,0,0.0
6.0081,0,0.0609130859375,0,0.1300048828125,0,-0.043365478515625,0,0.0
6.0156,0,0.08319091796875,0,-0.36083984375,0,0.036407470703125,0,0.0
6.0238,0,0.08319091796875,0,-0.36083984375,0,0.036407470703125,0,0.0
6.0356,0,0.0960693359375,0,-0.040618896484375,0,-0.043914794921875,0,0.0
6.0470,0,0.0960693359375,0,-0.040618896484375,0,-0.043914794921875,0,0.0
6.0516,0,-0.16455078125,0,0.473388671875,0,0.037109375,0,0.0
6.0660,0,-0.16455078125,0,0.473388671875,0,0.037109375,0,0.0
6.0761,0,-0.023193359375,0,0.409423828125,0,-0.1016845703125,0,0.0
6.0831,0,-0.023193359375,0,0.409423828125,0,-0.1016845703125,0,0.0
6.0964,0,-0.023193359375,0,-0.25927734375,0,-0.0236358642578125,0,0.0
6.1079,0,-0.129638671875,0,-0.25927734375,0,-0.0236358642578125,0,0.0
6.1140,0,-0.129638671875,0,-0.04931640625,0,-0.021514892578125,0,0.0
6.1286,0,0.0560302734375,0,-0.04931640625,0,-0.021514892578125,0,0.0
6.1360,0,0.0560302734375,0,-0.024749755859375,0,0.019134521484375,0,0.0
6.1443,0,0.1417236328125,0,-0.024749755859375,0,0.019134521484375,0,0.0
6.1553,0,0.1417236328125,0,0.29345703125,0,-0.039886474609375,0,0.0
6.1658,0,-0.076904296875,0,0.29345703125,0,-0.039886474609375,0,0.0
6.1715,0,-0.076904296875,0,0.319580078125,0,-0.0288848876953125,0,0.0
6.1851,0,-0.062164306640625,0,0.319580078125,0,-0.0288848876953125,0,0.0
6.1940,0,-0.062164306640625,0,-0.1748046875,0,-0.044189453125,0,0.0
6.2091,0,0.06201171875,0,-0.1748046875,0,-0.044189453125,0,0.0
6.2151,0,0.06201171875,0,-0.1748046875,0,0.006862640380859375,0,0.0
6.2251,0,0.141845703125,0,0.0423583984375,0,0.006862640380859375,0,0.0
6.2376,0,0.141845703125,0,-0.5712890625,0,0.0242462158203125,0,0.0
6.2461,0,-0.2164306640625,0,-0.5712890625,0,0.0242462158203125,0,0.0
6.2546,0,-0.2164306640625,0,-0.132080078125,0,-0.0745849609375,0,0.0
6.2670,0,-0.12066650390625,0,-0.132080078125,0,-0.0745849609375,0,0.0
6.2745,0,-0.12066650390625,0,-0.132080078125,0,-0.0745849609375,0,0.0
6.2851,0,0.108154296875,0,-0.417236328125,0,0.0246124267578125,0,0.0
6.2958,0,0.108154296875,0,-0.2449951171875,0,-0.033660888671875,0,0.0
6.3092,0,0.0916748046875,0,-0.2449951171875,0,-0.033660888671875,0,0.0
6.3152,0,0.0916748046875,0,-0.2449951171875,0,0.03472900390625,0,0.0
6.3259,0,-0.0611572265625,0,-0.10601806640625,0,0.03472900390625,0,0.0
6.3362,0,-0.0611572265625,0,-0.10601806640625,0,0.03472900390625,0,0.0
6.3450,0,-0.033355712890625,0,-0.45751953125,0,0.046142578125,0,0.0
6.3534,0,-0.033355712890625,0,-0.45751953125,0,0.046142578125,0,0.0
6.3642,0,0.08135986328125,0,-0.9267578125,0,-0.0382080078125,0,0.0
6.3752,0,0.08135986328125,0,-0.9267578125,0,-0.0382080078125,0,0.0
6.3840,0,-0.0213165283203125,0,-0.279541015625,0,0.05859375,0,0.0
6.3939,0,-0.0213165283203125,0,-0.279541015625,0,0.05859375,0,0.0
6.4041,0,0.0672607421875,0,0.188232421875,0,-0.0271453857421875,0,0.0
6.4133,0,0.0672607421875,0,0.188232421875,0,-0.0271453857421875,0,0.0
6.4281,0,0.09814453125,0,-0.264892578125,0,-0.03216552734375,0,0.0
6.4335,0,0.09814453125,0,-0.264892578125,0,-0.03216552734375,0,0.0
6.4447,0,-0.1378173828125,0,-0.218994140625,0,-0.0545654296875,0,0.0
6.4549,0,-0.1378173828125,0,-0.218994140625,0,-0.0545654296875,0,0.0
6.4637,0,-0.1378173828125,0,0.432373046875,0,0.055145263671875,0,0.0
6.4806,0,-0.10211181640625,0,0.432373046875,0,0.055145263671875,0,0.0
6.4844,0,0.0552978515625,0,-0.264404296875,0,-0.060150146484375,0,0.0
6.5005,0,0.0552978515625,0,-0.264404296875,0,-0.060150146484375,0,0.0
6.5110,0,0.047027587890625,0,0.1160888671875,0,0.0655517578125,0,0.0
6.5209,0,0.047027587890625,0,0.1160888671875,0,0.0655517578125,0,0.0
6.5290,0,0.047027587890625,0,0.215576171875,0,-0.0174560546875,0,0.0
6.5411,0,-0.05523681640625,0,0.215576171875,0,-0.0174560546875,0,0.0
6.5461,0,-0.12371826171875,0,0.286865234375,0,-0.0821533203125,0,0.0
6.5633,0,-0.12371826171875,0,0.286865234375,0,-0.0821533203125,0,0.0
6.5671,0,0.0465087890625,0,0.043792724609375,0,0.05224609375,0,0.0
6.5804,0,0.0465087890625,0,0.043792724609375,0,0.05224609375,0,0.0
6.5883,0,0.0465087890625,0,0.47705078125,0,-0.01983642578125,0,0.0
6.6002,0,-0.03192138671875,0,0.47705078125,0,-0.01983642578125,0,0.0
6.6092,0,-0.03192138671875,0,-0.485595703125,0,-0.0946044921875,0,0.0
6.6220,0,0.1162109375,0,-0.485595703125,0,-0.0946044921875,0,0.0
6.6258,0,0.1162109375,0,0.34228515625,0,-0.03118896484375,0,0.0
6.6431,0,0.0423583984375,0,0.34228515625,0,-0.03118896484375,0,0.0
6.6491,0,0.0423583984375,0,0.0303955078125,0,-0.09356689453125,0,0.0
6.6613,0,0.06817626953125,0,0.0303955078125,0,-0.09356689453125,0,0.0
6.6688,0,0.06817626953125,0,0.5166015625,0,-0.051971435546875,0,0.0
6.6808,0,-0.06671142578125,0,0.5166015625,0,-0.051971435546875,0,0.0
6.6842,0,-0.06671142578125,0,0.311279296875,0,0.0360107421875,0,0.0
6.7001,0,0.0733642578125,0,0.311279296875,0,0.0360107421875,0,0.0
6.7038,0,0.0733642578125,0,-0.4091796875,0,0.06158447265625,0,0.0
6.7204,0,0.09442138671875,0,-0.4091796875,0,0.06158447265625,0,0.0
6.7287,0,0.09442138671875,0,0.083984375,0,0.05224609375,0,0.0
6.7404,0,-0.06610107421875,0,0.083984375,0,0.05224609375,0,0.0
6.7452,0,-0.06610107421875,0,-0.42529296875,0,0.05224609375,0,0.0
6.7608,0,-0.219970703125,0,-0.42529296875,0,-0.03167724609375,0,0.0
6.7682,0,-0.219970703125,0,-0.52685546875,0,-0.03167724609375,0,0.0
6.7719,0,-0.1728515625,0,-0.52685546875,0,-0.056243896484375,0,0.0
6.7877,0,-0.1728515625,0,-0.297607421875,0,-0.056243896484375,0,0.0
6.7926,0,0.080078125,0,-0.297607421875,0,-0.031768798828125,0,0.0
6.8028,0,0.080078125,0,0.302734375,0,-0.031768798828125,0,0.0
6.8222,0,-0.2015380859375,0,0.302734375,0,-0.0258331298828125,0,0.0
6.8242,0,-0.2015380859375,0,0.239013671875,0,-0.0258331298828125,0,0.0
6.8321,0,0.0360107421875,0,0.239013671875,0,0.014068603515625,0,0.0
6.8467,0,0.0360107421875,0,0.295654296875,0,0.014068603515625,0,0.0
6.8525,0,-0.021514892578125,0,0.295654296875,0,-0.040924072265625,0,0.0
6.8632,0,-0.021514892578125,0,0.2005615234375,0,-0.040924072265625,0,0.0
6.8771,0,0.08624267578125,0,0.2005615234375,0,0.015899658203125,0,0.0
6.8842,0,0.08624267578125,0,0.2255859375,0,0.015899658203125,0,0.0
6.8921,0,0.08624267578125,0,0.2255859375,0,0.02996826171875,0,0.0
6.9033,0,0.06842041015625,0,0.29443359375,0,0.02996826171875,0,0.0
6.9132,0,0.07373046875,0,0.29443359375,0,-0.00537872314453125,0,0.0
6.9245,0,0.07373046875,0,0.17041015625,0,-0.00537872314453125,0,0.0
6.9335,0,0.1551513671875,0,0.17041015625,0,-0.0423583984375,0,0.0
6.9449,0,0.1551513671875,0,0.4404296875,0,-0.0423583984375,0,0.0
6.9570,0,-0.060943603515625,0,0.4404296875,0,0.10845947265625,0,0.0
6.9655,0,-0.060943603515625,0,0.27734375,0,0.10845947265625,0,0.0
6.9734,0,-0.060943603515625,0,0.27734375,0,0.03662109375,0,0.0
6.9845,0,-0.047088623046875,0,0.53076171875,0,0.03662109375,0,0.0
6.9930,0,-0.047088623046875,0,0.53076171875,0,-0.00894927978515625,0,0.0
7.0075,0,-0.07220458984375,0,0.25732421875,0,-0.00894927978515625,0,0.0
7.0210,0,-0.07220458984375,0,0.25732421875,0,0.046844482421875,0,0.0
7.0245,0,-0.1156005859375,0,0.2281494140625,0,0.046844482421875,0,0.0
7.0340,0,-0.1156005859375,0,0.2281494140625,0,-0.07977294921875,0,0.0
7.0466,0,-0.08831787109375,0,0.2281494140625,0,-0.07977294921875,0,0.0
7.0515,0,-0.08831787109375,0,-0.205810546875,0,0.031829833984375,0,0.0
7.0669,0,-0.0634765625,0,-0.190673828125,0,0.031829833984375,0,0.0
7.0734,0,-0.0634765625,0,-0.190673828125,0,-0.04046630859375,0,0.0
7.0878,0,-0.057403564453125,0,-0.190673828125,0,-0.04046630859375,0,0.0
7.0926,0,-0.057403564453125,0,0.302001953125,0,0.0256195068359375,0,0.0
7.1049,0,-0.051605224609375,0,-0.2125244140625,0,0.0256195068359375,0,0.0
7.1133,0,-0.051605224609375,0,-0.2125244140625,0,0.0703125,0,0.0
7.1286,0,0.09100341796875,0,-0.2125244140625,0,0.0703125,0,0.0
7.1340,0,0.09100341796875,0,-0.416015625,0,-0.04833984375,0,0.0
7.1481,0,-0.1240234375,0,-0.416015625,0,-0.04833984375,0,0.0
7.1521,0,-0.1240234375,0,-0.046966552734375,0,-0.1015625,0,0.0
7.1687,0,-0.04010009765625,0,-0.046966552734375,0,-0.1015625,0,0.0
7.1802,0,-0.04010009765625,0,0.260498046875,0,-0.039947509765625,0,0.0
7.1883,0,0.165283203125,0,0.260498046875,0,-0.039947509765625,0,0.0
7.1944,0,0.165283203125,0,0.26025390625,0,0.0249481201171875,0,0.0
7.2094,0,-0.0760498046875,0,0.26025390625,0,0.0249481201171875,0,0.0
7.2138,0,-0.0760498046875,0,0.271240234375,0,-0.04962158203125,0,0.0
7.2241,0,0.06182861328125,0,0.271240234375,0,-0.04962158203125,0,0.0
7.2419,0,0.06182861328125,0,-0.257080078125,0,-0.044921875,0,0.0
7.2488,0,-0.1824951171875,0,-0.257080078125,0,-0.044921875,0,0.0
7.2525,0,-0.1824951171875,0,0.388916015625,0,0.07476806640625,0,0.0
7.2687,0,-0.06390380859375,0,0.388916015625,0,0.07476806640625,0,0.0
7.2724,0,-0.06390380859375,0,0.306884765625,0,0.00769805908203125,0,0.0
7.2826,0,-0.15234375,0,0.306884765625,0,0.00769805908203125,0,0.0
7.2934,0,-0.15234375,0,0.20068359375,0,0.005840301513671875,0,0.0
7.3036,0,0.07379150390625,0,0.20068359375,0,0.005840301513671875,0,0.0
7.3120,0,0.07379150390625,0,-0.44482421875,0,0.005840301513671875,0,0.0
7.3250,0,0.07379150390625,0,-0.44482421875,0,-0.022735595703125,0,0.0
7.3323,0,-0.06658935546875,0,0.443359375,0,0.11676025390625,0,0.0
7.3474,0,-0.03497314453125,0,0.443359375,0,0.11676025390625,0,0.0
7.3531,0,-0.03497314453125,0,0.12139892578125,0,0.00726318359375,0,0.0
7.3636,0,-0.112060546875,0,0.12139892578125,0,0.00726318359375,0,0.0
7.3715,0,-0.112060546875,0,0.07513427734375,0,0.00726318359375,0,0.0
7.3833,0,-0.11944580078125,0,0.07513427734375,0,-0.0046539306640625,0,0.0
7.3924,0,-0.11944580078125,0,0.22607421875,0,-0.0046539306640625,0,0.0
7.4059,0,0.08050537109375,0,0.22607421875,0,0.07293701171875,0,0.0
7.4146,0,0.08050537109375,0,0.152587890625,0,-0.0799560546875,0,0.0
7.4240,0,0.0643310546875,0,0.152587890625,0,-0.0799560546875,0,0.0
7.4408,0,0.0643310546875,0,0.066162109375,0,0.01495361328125,0,0.0
7.4443,0,-0.136962890625,0,0.066162109375,0,0.01495361328125,0,0.0
7.4522,0,-0.136962890625,0,0.11627197265625,0,0.01495361328125,0,0.0
7.4626,0,-0.136962890625,0,0.11627197265625,0,0.053619384765625,0,0.0
7.4735,0,-0.18798828125,0,-0.66455078125,0,0.053619384765625,0,0.0
7.4883,0,-0.18798828125,0,-0.66455078125,0,-0.049713134765625,0,0.0
7.4961,0,-0.261962890625,0,0.396728515625,0,-0.049713134765625,0,0.0
7.5091,0,-0.261962890625,0,0.396728515625,0,-0.0290374755859375,0,0.0
7.5206,0,-0.0943603515625,0,0.396728515625,0,-0.0290374755859375,0,0.0
7.5270,0,-0.0943603515625,0,0.173828125,0,0.041229248046875,0,0.0
7.5418,0,-0.079833984375,0,0.173828125,0,0.041229248046875,0,0.0
7.5500,0,-0.079833984375,0,-0.611328125,0,-0.0168609619140625,0,0.0
7.5616,0,0.032012939453125,0,-0.611328125,0,-0.0168609619140625,0,0.0
7.5687,0,0.032012939453125,0,0.289794921875,0,0.0823974609375,0,0.0
7.5801,0,-0.025543212890625,0,0.289794921875,0,0.0823974609375,0,0.0
7.5842,0,-0.025543212890625,0,0.10137939453125,0,-0.034271240234375,0,0.0
7.6008,0,0.03204345703125,0,0.10137939453125,0,-0.034271240234375,0,0.0
7.6053,0,0.03204345703125,0,0.26171875,0,0.08160400390625,0,0.0
7.6209,0,-0.12225341796875,0,0.26171875,0,0.08160400390625,0,0.0
7.6250,0,-0.12225341796875,0,0.1737060546875,0,-0.07672119140625,0,0.0
7.6408,0,0.056976318359375,0,0.1737060546875,0,-0.07672119140625,0,0.0
7.6466,0,0.056976318359375,0,0.353759765625,0,-0.05078125,0,0.0
7.6620,0,0.08001708984375,0,0.353759765625,0,-0.05078125,0,0.0
7.6641,0,0.08001708984375,0,-0.79443359375,0,-0.03485107421875,0,0.0
7.6723,0,-0.08013916015625,0,-0.79443359375,0,-0.03485107421875,0,0.0
7.6833,0,-0.08013916015625,0,-0.2491455078125,0,0.028839111328125,0,0.0
7.7003,0,-0.2164306640625,0,-0.2491455078125,0,0.028839111328125,0,0.0
7.7042,0,-0.2164306640625,0,0.07208251953125,0,-0.0577392578125,0,0.0
7.7144,0,-0.0712890625,0,0.07208251953125,0,-0.0577392578125,0,0.0
7.7239,0,-0.0712890625,0,0.259521484375,0,-0.0577392578125,0,0.0
7.7332,0,0.044158935546875,0,0.259521484375,0,-0.0562744140625,0,0.0
7.7439,0,0.044158935546875,0,-0.13671875,0,-0.0562744140625,0,0.0
7.7528,0,0.044158935546875,0,-0.13671875,0,-0.0127410888671875,0,0.0
7.7635,0,0.07183837890625,0,0.15673828125,0,0.0250244140625,0,0.0
7.7732,0,0.07183837890625,0,0.15673828125,0,0.0250244140625,0,0.0
7.7838,0,-0.17041015625,0,-0.034576416015625,0,0.0250244140625,0,0.0
7.7936,0,0.09002685546875,0,-0.034576416015625,0,-0.046417236328125,0,0.0
7.8039,0,0.09002685546875,0,-0.537109375,0,-0.046417236328125,0,0.0
7.8132,0,0.09002685546875,0,-0.537109375,0,0.0111541748046875,0,0.0
7.8237,0,-0.1163330078125,0,-0.43017578125,0,0.0111541748046875,0,0.0
7.8346,0,-0.09307861328125,0,-0.43017578125,0,-0.053497314453125,0,0.0
7.8439,0,-0.09307861328125,0,0.2314453125,0,-0.053497314453125,0,0.0
7.8631,0,-0.033660888671875,0,0.2314453125,0,-0.01107025146484375,0,0.0
7.8642,0,-0.033660888671875,0,0.1705322265625,0,-0.01107025146484375,0,0.0
7.8809,0,-0.033660888671875,0,0.1705322265625,0,-0.0816650390625,0,0.0
7.8850,0,-0.07562255859375,0,0.11444091796875,0,-0.0816650390625,0,0.0
7.9022,0,-0.07562255859375,0,0.11444091796875,0,-0.12353515625,0,0.0
7.9058,0,-0.137451171875,0,0.0933837890625,0,-0.12353515625,0,0.0
7.9149,0,-0.03173828125,0,0.0933837890625,0,0.0240936279296875,0,0.0
7.9286,0,-0.03173828125,0,0.1732177734375,0,0.0240936279296875,0,0.0
7.9432,0,-0.03173828125,0,0.1732177734375,0,0.0144195556640625,0,0.0
7.9466,0,0.052093505859375,0,0.33984375,0,0.0144195556640625,0,0.0
7.9652,0,0.052093505859375,0,0.33984375,0,-0.0526123046875,0,0.0
7.9658,0,0.048095703125,0,-0.86962890625,0,-0.0526123046875,0,0.0
7.9821,0,0.048095703125,0,-0.86962890625,0,-0.05584716796875,0,0.0
7.9902,0,-0.01528167724609375,0,-0.86962890625,0,-0.05584716796875,0,0.0
8.0015,0,-0.01528167724609375,0,0.1409912109375,0,0.054443359375,0,0.0
8.0100,0,0.042633056640625,0,0.35302734375,0,0.054443359375,0,0.0
8.0224,0,0.042633056640625,0,0.35302734375,0,0.060150146484375,0,0.0
8.0271,0,-0.06317138671875,0,-0.208740234375,0,0.060150146484375,0,0.0
8.0333,0,-0.06317138671875,0,-0.208740234375,0,-0.0236663818359375,0,0.0
8.0483,0,0.04180908203125,0,-0.208740234375,0,-0.0236663818359375,0,0.0
8.0616,0,0.04180908203125,0,0.2069091796875,0,0.1209716796875,0,0.0
8.0692,0,0.045623779296875,0,0.2069091796875,0,0.1209716796875,0,0.0
8.0820,0,0.045623779296875,0,0.1602783203125,0,0.0232391357421875,0,0.0
8.0902,0,-0.11102294921875,0,0.1602783203125,0,0.0232391357421875,0,0.0
8.0944,0,-0.11102294921875,0,0.423095703125,0,-0.01727294921875,0,0.0
8.1105,0,-0.06854248046875,0,0.423095703125,0,-0.01727294921875,0,0.0
8.1140,0,-0.06854248046875,0,0.28662109375,0,-0.0163116455078125,0,0.0
8.1310,0,0.03326416015625,0,0.28662109375,0,-0.0163116455078125,0,0.0
8.1337,0,0.03326416015625,0,0.045379638671875,0,0.04669189453125,0,0.0
8.1499,0,-0.047210693359375,0,0.045379638671875,0,0.04669189453125,0,0.0
8.1535,0,-0.047210693359375,0,-0.49853515625,0,0.068603515625,0,0.0
8.1681,0,-0.265380859375,0,-0.49853515625,0,0.068603515625,0,0.0
8.1725,0,-0.265380859375,0,-0.3154296875,0,-0.03887939453125,0,0.0
8.1881,0,0.124267578125,0,-0.3154296875,0,-0.03887939453125,0,0.0
8.1924,0,0.124267578125,0,0.404296875,0,-0.08172607421875,0,0.0
8.2099,0,0.03863525390625,0,0.404296875,0,-0.08172607421875,0,0.0
8.2138,0,0.03863525390625,0,0.06817626953125,0,-0.01654052734375,0,0.0
8.2237,0,-0.0157318115234375,0,0.06817626953125,0,-0.01654052734375,0,0.0
8.2325,0,-0.0157318115234375,0,-0.065673828125,0,-0.01654052734375,0,0.0
8.2440,0,0.048980712890625,0,-0.065673828125,0,0.0692138671875,0,0.0
8.2527,0,0.048980712890625,0,0.34619140625,0,0.0692138671875,0,0.0
8.2634,0,0.048980712890625,0,0.34619140625,0,-0.0295257568359375,0,0.0
8.2717,0,-0.11236572265625,0,-0.2332763671875,0,-0.0295257568359375,0,0.0
8.2821,0,-0.20068359375,0,-0.2332763671875,0,-0.0830078125,0,0.0
8.2926,0,-0.20068359375,0,-0.39599609375,0,-0.0830078125,0,0.0
8.3040,0,0.0726318359375,0,-0.39599609375,0,0.1239013671875,0,0.0
8.3120,0,0.0726318359375,0,0.210693359375,0,0.1239013671875,0,0.0
8.3225,0,-0.17333984375,0,0.210693359375,0,0.06475830078125,0,0.0
8.3332,0,-0.17333984375,0,-0.06988525390625,0,0.06475830078125,0,0.0
8.3435,0,0.054168701171875,0,-0.06988525390625,0,0.02044677734375,0,0.0
8.3524,0,0.054168701171875,0,-0.277587890625,0,0.02044677734375,0,0.0
8.3632,0,-0.2474365234375,0,-0.277587890625,0,0.0679931640625,0,0.0
8.3734,0,-0.2474365234375,0,0.28271484375,0,0.0679931640625,0,0.0
8.3837,0,-0.12164306640625,0,0.28271484375,0,0.0399169921875,0,0.0
8.3956,0,-0.12164306640625,0,0.1402587890625,0,0.0399169921875,0,0.0
8.4047,0,-0.01873779296875,0,0.1402587890625,0,0.034942626953125,0,0.0
8.4207,0,-0.01873779296875,0,-0.19873046875,0,0.034942626953125,0,0.0
8.4246,0,-0.0869140625,0,-0.19873046875,0,0.12060546875,0,0.0
8.4424,0,-0.0869140625,0,0.36865234375,0,-0.0421142578125,0,0.0
8.4891,0,0.07275390625,0,0.36865234375,0,-0.0421142578125,0,0.0
8.4900,0,0.07275390625,0,0.381591796875,0,-0.0421142578125,0,0.0
8.4904,0,-0.061676025390625,0,0.381591796875,0,-0.04852294921875,0,0.0
8.4909,0,-0.061676025390625,0,-0.35986328125,0,-0.04852294921875,0,0.0
8.4913,0,0.03265380859375,0,-0.35986328125,0,-0.0230865478515625,0,0.0
8.5013,0,0.03265380859375,0,0.432861328125,0,-0.0601806640625,0,0.0
8.5069,0,0.0755615234375,0,0.432861328125,0,-0.0601806640625,0,0.0
8.5219,0,0.0755615234375,0,-0.572265625,0,0.03192138671875,0,0.0
8.5278,0,0.048004150390625,0,-0.572265625,0,0.03192138671875,0,0.0
8.5441,0,0.048004150390625,0,-0.6611328125,0,-0.0579833984375,0,0.0
8.5476,0,-0.178955078125,0,-0.6611328125,0,-0.0579833984375,0,0.0
8.5597,0,-0.178955078125,0,-0.77880859375,0,-0.0579833984375,0,0.0
8.5690,0,-0.178955078125,0,-0.77880859375,0,-0.01629638671875,0,0.0
8.5820,0,0.09295654296875,0,-0.77880859375,0,-0.01629638671875,0,0.0
8.5895,0,0.09295654296875,0,-0.0567626953125,0,0.00798797607421875,0,0.0
8.6029,0,-0.1654052734375,0,-0.0567626953125,0,0.00798797607421875,0,0.0
8.6067,0,-0.1654052734375,0,0.422119140625,0,-0.03759765625,0,0.0
8.6209,0,-0.06646728515625,0,0.422119140625,0,-0.03759765625,0,0.0
8.6297,0,-0.06646728515625,0,0.364013671875,0,-0.061431884765625,0,0.0
8.6408,0,0.06207275390625,0,0.364013671875,0,-0.061431884765625,0,0.0
8.6464,0,0.06207275390625,0,-0.0269012451171875,0,-0.06378173828125,0,0.0
8.6640,0,-0.006336212158203125,0,-0.0269012451171875,0,-0.06378173828125,0,0.0
8.6657,0,-0.006336212158203125,0,-0.273193359375,0,0.0718994140625,0,0.0
8.6818,0,-0.0635986328125,0,-0.273193359375,0,0.0718994140625,0,0.0
8.6910,0,-0.0635986328125,0,0.2252197265625,0,0.07769775390625,0,0.0
8.7024,0,-0.10247802734375,0,0.2252197265625,0,0.07769775390625,0,0.0
8.7055,0,-0.10247802734375,0,0.311279296875,0,0.08099365234375,0,0.0
8.7204,0,-0.055511474609375,0,0.311279296875,0,0.08099365234375,0,0.0
8.7243,0,-0.055511474609375,0,0.19775390625,0,0.0404052734375,0,0.0
8.7410,0,-0.1573486328125,0,0.19775390625,0,0.0404052734375,0,0.0
8.7452,0,-0.1573486328125,0,0.07879638671875,0,0.041961669921875,0,0.0
8.7526,0,0.060546875,0,0.07879638671875,0,0.041961669921875,0,0.0
8.7651,0,0.060546875,0,0.0614013671875,0,-0.00923919677734375,0,0.0
8.7723,0,-0.25341796875,0,0.0614013671875,0,-0.00923919677734375,0,0.0
8.7828,0,-0.25341796875,0,-0.49755859375,0,0.12237548828125,0,0.0
8.7935,0,-0.1593017578125,0,-0.49755859375,0,0.12237548828125,0,0.0
8.8038,0,-0.1593017578125,0,0.29296875,0,0.07147216796875,0,0.0
8.8119,0,0.052825927734375,0,0.29296875,0,0.07147216796875,0,0.0
8.8241,0,0.052825927734375,0,0.16796875,0,0.06378173828125,0,0.0
8.8328,0,-0.139404296875,0,0.16796875,0,0.06378173828125,0,0.0
8.8434,0,-0.139404296875,0,0.253662109375,0,0.06378173828125,0,0.0
8.8536,0,0.1080322265625,0,0.253662109375,0,0.033782958984375,0,0.0
8.8647,0,0.1080322265625,0,-0.6826171875,0,0.033782958984375,0,0.0
8.8744,0,-0.1319580078125,0,-0.6826171875,0,-0.047119140625,0,0.0
8.8859,0,-0.1319580078125,0,0.1409912109375,0,0.0645751953125,0,0.0
8.9009,0,-0.1319580078125,0,0.1409912109375,0,0.0645751953125,0,0.0
8.9085,0,0.1224365234375,0,0.38818359375,0,0.03594970703125,0,0.0
8.9151,0,-0.05072021484375,0,0.38818359375,0,0.03594970703125,0,0.0
8.9237,0,-0.05072021484375,0,0.11566162109375,0,0.03594970703125,0,0.0
8.9341,0,0.11236572265625,0,0.11566162109375,0,0.009246826171875,0,0.0
8.9455,0,0.11236572265625,0,-0.529296875,0,0.009246826171875,0,0.0
8.9547,0,0.11236572265625,0,-0.529296875,0,0.0296783447265625,0,0.0
8.9656,0,-0.195068359375,0,-0.529296875,0,0.0296783447265625,0,0.0
8.9743,0,-0.195068359375,0,-0.45166015625,0,-0.02362060546875,0,0.0
8.9847,0,-0.0931396484375,0,-0.45166015625,0,-0.02362060546875,0,0.0
8.9976,0,-0.0931396484375,0,0.16845703125,0,-0.0589599609375,0,0.0
9.0047,0,0.077392578125,0,0.16845703125,0,-0.0589599609375,0,0.0
9.0145,0,0.077392578125,0,0.2744140625,0,-0.06878662109375,0,0.0
9.0252,0,-0.1180419921875,0,0.2744140625,0,-0.06878662109375,0,0.0
9.0345,0,-0.1180419921875,0,0.450439453125,0,-0.06500244140625,0,0.0
9.0452,0,0.056884765625,0,0.450439453125,0,-0.06500244140625,0,0.0
9.0546,0,0.056884765625,0,0.374267578125,0,0.056365966796875,0,0.0
9.0663,0,0.12188720703125,0,0.374267578125,0,0.056365966796875,0,0.0
9.0744,0,0.12188720703125,0,0.254638671875,0,0.0179443359375,0,0.0
9.0847,0,-0.1336669921875,0,0.254638671875,0,0.0179443359375,0,0.0
9.0968,0,-0.1336669921875,0,0.0986328125,0,0.052459716796875,0,0.0
9.1068,0,-0.0389404296875,0,0.0986328125,0,0.052459716796875,0,0.0
9.1139,0,-0.0389404296875,0,0.302734375,0,-0.053253173828125,0,0.0
9.1259,0,0.080322265625,0,0.302734375,0,-0.053253173828125,0,0.0
9.1324,0,0.080322265625,0,0.24267578125,0,-0.0113372802734375,0,0.0
9.1487,0,-0.1788330078125,0,0.24267578125,0,-0.0113372802734375,0,0.0
9.1531,0,-0.1788330078125,0,0.2244873046875,0,0.024749755859375,0,0.0
9.1684,0,-0.259033203125,0,0.2244873046875,0,0.024749755859375,0,0.0
9.1721,0,-0.259033203125,0,-0.19287109375,0,-0.0259246826171875,0,0.0
9.1876,0,-0.1314697265625,0,-0.19287109375,0,-0.0259246826171875,0,0.0
9.1927,0,-0.1314697265625,0,-0.09130859375,0,-0.066650390625,0,0.0
9.2075,0,0.085205078125,0,-0.09130859375,0,-0.066650390625,0,0.0
9.2206,0,0.085205078125,0,-0.17431640625,0,0.03546142578125,0,0.0
9.2297,0,-0.0188751220703125,0,-0.17431640625,0,0.03546142578125,0,0.0
9.2326,0,-0.0188751220703125,0,-0.493408203125,0,0.0159149169921875,0,0.0
9.2501,0,0.035491943359375,0,-0.493408203125,0,0.0159149169921875,0,0.0
9.2527,0,0.035491943359375,0,0.50830078125,0,-0.00897216796875,0,0.0
9.2647,0,-0.1490478515625,0,0.50830078125,0,-0.00897216796875,0,0.0
9.2797,0,-0.1490478515625,0,0.1473388671875,0,0.034210205078125,0,0.0
9.2895,0,-0.2041015625,0,0.1473388671875,0,0.034210205078125,0,0.0
9.2924,0,-0.2041015625,0,-0.06231689453125,0,0.034210205078125,0,0.0
9.3078,0,0.0548095703125,0,-0.06231689453125,0,-0.03570556640625,0,0.0
9.3124,0,0.0548095703125,0,0.35888671875,0,-0.03570556640625,0,0.0
9.3227,0,0.089111328125,0,0.35888671875,0,0.124755859375,0,0.0
9.3371,0,0.089111328125,0,0.372802734375,0,0.0247802734375,0,0.0
9.3447,0,0.06341552734375,0,0.372802734375,0,0.0247802734375,0,0.0
9.3522,0,0.06341552734375,0,0.3974609375,0,0.0247802734375,0,0.0
9.3667,0,-0.09698486328125,0,0.3974609375,0,0.01263427734375,0,0.0
9.3722,0,-0.09698486328125,0,0.182861328125,0,0.01263427734375,0,0.0
9.3827,0,0.1002197265625,0,0.182861328125,0,-0.05865478515625,0,0.0
9.3969,0,0.1002197265625,0,0.35546875,0,0.054107666015625,0,0.0
9.4053,0,-0.1708984375,0,0.35546875,0,0.054107666015625,0,0.0
9.4163,0,-0.1708984375,0,-0.035675048828125,0,-0.04376220703125,0,0.0
9.4257,0,-0.1708984375,0,-0.035675048828125,0,-0.04376220703125,0,0.0
9.4361,0,-0.07843017578125,0,-0.035675048828125,0,-0.04376220703125,0,0.0
9.4465,0,-0.07843017578125,0,-0.6630859375,0,0.0198516845703125,0,0.0
9.4580,0,0.072509765625,0,0.406494140625,0,0.0198516845703125,0,0.0
9.4690,0,0.072509765625,0,0.406494140625,0,0.08319091796875,0,0.0
9.4760,0,0.039581298828125,0,0.406494140625,0,0.08319091796875,0,0.0
9.4864,0,0.059356689453125,0,0.209228515625,0,-0.04302978515625,0,0.0
9.4994,0,0.059356689453125,0,0.34130859375,0,-0.04302978515625,0,0.0
9.5075,0,0.059356689453125,0,0.34130859375,0,0.039794921875,0,0.0
9.5159,0,-0.138427734375,0,0.34130859375,0,0.039794921875,0,0.0
9.5263,0,-0.138427734375,0,0.369140625,0,0.04241943359375,0,0.0
9.5358,0,-0.1837158203125,0,0.369140625,0,0.04241943359375,0,0.0
9.5462,0,-0.1837158203125,0,0.192626953125,0,0.0149078369140625,0,0.0
9.5558,0,-0.1353759765625,0,0.192626953125,0,0.0149078369140625,0,0.0
9.5641,0,-0.1353759765625,0,0.07452392578125,0,0.037109375,0,0.0
9.5758,0,-0.0248565673828125,0,0.07452392578125,0,0.037109375,0,0.0
9.5861,0,-0.0248565673828125,0,-0.141357421875,0,0.06884765625,0,0.0
9.5971,0,0.058380126953125,0,-0.141357421875,0,0.06884765625,0,0.0
9.6082,0,0.058380126953125,0,-0.45263671875,0,0.022735595703125,0,0.0
9.6159,0,0.1234130859375,0,-0.45263671875,0,0.022735595703125,0,0.0
9.6229,0,0.1234130859375,0,0.093017578125,0,-0.046844482421875,0,0.0
9.6355,0,-0.07354736328125,0,0.093017578125,0,-0.046844482421875,0,0.0
9.6462,0,-0.07354736328125,0,-0.233642578125,0,-0.05169677734375,0,0.0
9.6555,0,-0.158203125,0,-0.233642578125,0,-0.05169677734375,0,0.0
9.6647,0,-0.158203125,0,-0.168701171875,0,0.11224365234375,0,0.0
9.6769,0,-0.1253662109375,0,-0.168701171875,0,0.11224365234375,0,0.0
9.6837,0,-0.1253662109375,0,-0.13134765625,0,0.03265380859375,0,0.0
9.6968,0,-0.02557373046875,0,-0.13134765625,0,0.03265380859375,0,0.0
9.7058,0,-0.02557373046875,0,-0.70703125,0,0.034912109375,0,0.0
9.7159,0,-0.00984954833984375,0,-0.70703125,0,0.034912109375,0,0.0
9.7260,0,-0.00984954833984375,0,-0.51953125,0,0.034912109375,0,0.0
9.7356,0,0.10260009765625,0,-0.51953125,0,-0.032135009765625,0,0.0
9.7430,0,0.10260009765625,0,-0.316162109375,0,-0.032135009765625,0,0.0
9.7554,0,-0.038238525390625,0,-0.316162109375,0,0.045623779296875,0,0.0
9.7670,0,-0.038238525390625,0,-0.0765380859375,0,0.041839599609375,0,0.0
9.7752,0,-0.0237579345703125,0,-0.0765380859375,0,0.041839599609375,0,0.0
9.7865,0,-0.0237579345703125,0,0.1458740234375,0,-0.032684326171875,0,0.0
9.7955,0,-0.2099609375,0,0.1458740234375,0,-0.032684326171875,0,0.0
9.8028,0,-0.2099609375,0,0.360595703125,0,-0.032684326171875,0,0.0
9.8155,0,-0.168212890625,0,0.360595703125,0,0.0367431640625,0,0.0
9.8257,0,-0.168212890625,0,0.1083984375,0,0.0367431640625,0,0.0
9.8352,0,-0.184326171875,0,0.1083984375,0,-0.0191802978515625,0,0.0
9.8457,0,-0.184326171875,0,-0.5986328125,0,-0.0191802978515625,0,0.0
9.8551,0,0.05712890625,0,-0.5986328125,0,0.0482177734375,0,0.0
9.8657,0,0.05712890625,0,0.35205078125,0,0.0482177734375,0,0.0
9.8753,0,-0.1578369140625,0,0.35205078125,0,0.06591796875,0,0.0
9.8856,0,-0.1578369140625,0,0.262451171875,0,0.06591796875,0,0.0
9.8912,0,0.1134033203125,0,0.262451171875,0,0.062286376953125,0,0.0
9.9051,0,0.1134033203125,0,0.293212890625,0,0.062286376953125,0,0.0
9.9157,0,-0.136962890625,0,0.293212890625,0,0.043487548828125,0,0.0
9.9258,0,-0.136962890625,0,0.302490234375,0,0.043487548828125,0,0.0
9.9403,0,-0.10845947265625,0,0.302490234375,0,0.033782958984375,0,0.0
9.9496,0,-0.10845947265625,0,-0.36767578125,0,0.033782958984375,0,0.0
9.9531,0,-0.10845947265625,0,-0.36767578125,0,0.03033447265625,0,0.0
9.9668,0,0.049713134765625,0,-0.36767578125,0,0.03033447265625,0,0.0
9.9754,0,-0.10833740234375,0,0.41015625,0,0.03533935546875,0,0.0
9.9875,0,-0.10833740234375,0,0.34912109375,0,0.03533935546875,0,0.0
9.9951,0,-0.10833740234375,0,0.34912109375,0,-0.019317626953125,0,0.0
10.0054,0,0.09844970703125,0,0.34912109375,0,-0.019317626953125,0,0.0
10.0114,0,0.09844970703125,0,0.479248046875,0,-0.0180511474609375,0,0.0
10.0248,0,0.083740234375,0,0.479248046875,0,-0.0180511474609375,0,0.0
10.0361,0,0.083740234375,0,-0.53662109375,0,-0.043701171875,0,0.0
10.0456,0,-0.07159423828125,0,-0.53662109375,0,-0.043701171875,0,0.0
10.0547,0,-0.07159423828125,0,0.2371826171875,0,0.06048583984375,0,0.0
10.0652,0,0.09442138671875,0,0.2371826171875,0,0.06048583984375,0,0.0
10.0752,0,0.09442138671875,0,0.406494140625,0,0.032806396484375,0,0.0
10.0858,0,0.1129150390625,0,0.406494140625,0,0.032806396484375,0,0.0
10.0980,0,0.1129150390625,0,0.18212890625,0,0.038330078125,0,0.0
10.1071,0,-0.0843505859375,0,0.18212890625,0,0.038330078125,0,0.0
10.1151,0,-0.0843505859375,0,-0.296630859375,0,0.038330078125,0,0.0
10.1253,0,-0.1890869140625,0,-0.296630859375,0,-0.057373046875,0,0.0
10.1353,0,-0.1890869140625,0,-0.45458984375,0,-0.057373046875,0,0.0
10.1456,0,0.093017578125,0,-0.45458984375,0,-0.0380859375,0,0.0
10.1552,0,0.093017578125,0,-0.283447265625,0,-0.0380859375,0,0.0
10.1672,0,-0.05499267578125,0,-0.283447265625,0,-0.031982421875,0,0.0
10.1750,0,-0.05499267578125,0,-0.283447265625,0,-0.031982421875,0,0.0
10.1877,0,0.08856201171875,0,-0.0733642578125,0,-0.0682373046875,0,0.0
10.1931,0,0.08856201171875,0,0.1953125,0,-0.0682373046875,0,0.0
10.2108,0,0.057586669921875,0,0.1953125,0,-0.0134429931640625,0,0.0
10.2147,0,0.057586669921875,0,0.45166015625,0,-0.0134429931640625,0,0.0
10.2301,0,-0.171142578125,0,0.45166015625,0,0.04046630859375,0,0.0
10.2336,0,-0.171142578125,0,0.2220458984375,0,0.04046630859375,0,0.0
10.2483,0,-0.041168212890625,0,0.2220458984375,0,0.0254058837890625,0,0.0
10.2538,0,-0.041168212890625,0,0.2220458984375,0,0.0254058837890625,0,0.0
10.2711,0,-0.112060546875,0,0.205322265625,0,0.04937744140625,0,0.0
10.2747,0,-0.112060546875,0,0.205322265625,0,0.04937744140625,0,0.0
10.2850,0,0.07977294921875,0,0.37939453125,0,0.026702880859375,0,0.0
10.2938,0,0.07977294921875,0,0.37939453125,0,0.026702880859375,0,0.0
10.3039,0,0.1036376953125,0,0.2459716796875,0,0.0199127197265625,0,0.0
10.3121,0,0.1036376953125,0,0.2459716796875,0,0.0199127197265625,0,0.0
10.3232,0,-0.1328125,0,0.317626953125,0,0.07269287109375,0,0.0
10.3325,0,-0.1328125,0,0.317626953125,0,0.07269287109375,0,0.0
10.3427,0,-0.106201171875,0,0.310791015625,0,-0.035064697265625,0,0.0
10.3534,0,-0.106201171875,0,0.310791015625,0,-0.035064697265625,0,0.0
10.3644,0,0.1046142578125,0,0.26025390625,0,0.06927490234375,0,0.0
10.3725,0,0.1046142578125,0,0.26025390625,0,0.06927490234375,0,0.0
10.3833,0,-0.09210205078125,0,0.298095703125,0,0.06585693359375,0,0.0
10.3932,0,-0.09210205078125,0,0.298095703125,0,0.06585693359375,0,0.0
10.4062,0,-0.09210205078125,0,0.311767578125,0,0.0192413330078125,0,0.0
10.4134,0,-0.1319580078125,0,0.311767578125,0,0.0192413330078125,0,0.0
10.4237,0,-0.11798095703125,0,0.228271484375,0,0.031585693359375,0,0.0
10.4342,0,-0.11798095703125,0,0.228271484375,0,0.031585693359375,0,0.0
10.4471,0,-0.17333984375,0,0.246826171875,0,0.04058837890625,0,0.0
10.4526,0,-0.17333984375,0,0.246826171875,0,0.04058837890625,0,0.0
10.4628,0,-0.17333984375,0,-0.6689453125,0,-0.018707275390625,0,0.0
10.4733,0,-0.1973876953125,0,-0.6689453125,0,-0.018707275390625,0,0.0
10.4849,0,-0.1973876953125,0,-0.281982421875,0,0.06829833984375,0,0.0
10.4945,0,0.02960205078125,0,-0.281982421875,0,0.06829833984375,0,0.0
10.5107,0,0.031829833984375,0,0.322509765625,0,-0.00762939453125,0,0.0
10.5200,0,0.031829833984375,0,0.322509765625,0,-0.00762939453125,0,0.0
10.5284,0,0.031829833984375,0,0.1806640625,0,-0.0595703125,0,0.0
10.5418,0,0.04278564453125,0,0.1806640625,0,-0.0595703125,0,0.0
10.5462,0,0.04278564453125,0,0.375732421875,0,0.01226806640625,0,0.0
10.5542,0,0.031341552734375,0,0.375732421875,0,0.01226806640625,0,0.0
10.5646,0,0.031341552734375,0,0.1116943359375,0,0.0186767578125,0,0.0
10.5763,0,-0.148681640625,0,0.1116943359375,0,0.0186767578125,0,0.0
10.5864,0,-0.148681640625,0,0.405029296875,0,0.0186767578125,0,0.0
10.6045,0,-0.2340087890625,0,0.405029296875,0,0.032135009765625,0,0.0
10.6067,0,-0.2340087890625,0,-0.51611328125,0,0.032135009765625,0,0.0
10.6170,0,0.0013666152954101562,0,-0.51611328125,0,0.032562255859375,0,0.0
10.6269,0,0.0013666152954101562,0,-0.57568359375,0,0.1224365234375,0,0.0
10.6399,0,-0.1549072265625,0,-0.57568359375,0,0.1224365234375,0,0.0
10.6453,0,-0.1549072265625,0,-0.33740234375,0,0.1224365234375,0,0.0
10.6644,0,-0.135498046875,0,-0.33740234375,0,-0.0278167724609375,0,0.0
10.6669,0,-0.135498046875,0,-0.10711669921875,0,-0.0278167724609375,0,0.0
10.6838,0,0.03485107421875,0,-0.10711669921875,0,-0.0166015625,0,0.0
10.6873,0,0.03485107421875,0,0.1307373046875,0,-0.0166015625,0,0.0
10.7025,0,-0.04669189453125,0,0.1307373046875,0,0.050689697265625,0,0.0
10.7061,0,-0.04669189453125,0,-0.703125,0,0.050689697265625,0,0.0
10.7190,0,0.0753173828125,0,-0.703125,0,-0.0173492431640625,0,0.0
10.7243,0,0.0753173828125,0,-0.20361328125,0,-0.0173492431640625,0,0.0
10.7324,0,-0.0394287109375,0,-0.20361328125,0,0.077880859375,0,0.0
10.7435,0,-0.0394287109375,0,0.454345703125,0,0.077880859375,0,0.0
10.7589,0,0.11578369140625,0,0.454345703125,0,0.0726318359375,0,0.0
10.7650,0,0.11578369140625,0,0.2744140625,0,0.0726318359375,0,0.0
10.7796,0,-0.1539306640625,0,0.2744140625,0,0.0545654296875,0,0.0
10.7888,0,-0.1539306640625,0,-0.423095703125,0,0.0545654296875,0,0.0
10.7938,0,-0.0809326171875,0,-0.423095703125,0,0.03204345703125,0,0.0
10.8091,0,-0.0809326171875,0,-0.423095703125,0,0.03204345703125,0,0.0
10.8135,0,0.10101318359375,0,-0.0753173828125,0,0.07806396484375,0,0.0
10.8233,0,0.10101318359375,0,-0.0753173828125,0,0.07806396484375,0,0.0
10.8335,0,0.1373291015625,0,-0.19091796875,0,0.074462890625,0,0.0
10.8486,0,0.1373291015625,0,-0.48779296875,0,0.074462890625,0,0.0
10.8533,0,0.1373291015625,0,-0.48779296875,0,-0.016754150390625,0,0.0
10.8670,0,0.13818359375,0,-0.48779296875,0,-0.016754150390625,0,0.0
10.8725,0,-0.08807373046875,0,-0.485595703125,0,0.054931640625,0,0.0
10.8829,0,-0.08807373046875,0,-0.485595703125,0,0.054931640625,0,0.0
10.8935,0,-0.07891845703125,0,-0.241455078125,0,-0.0697021484375,0,0.0
10.9037,0,-0.07891845703125,0,-0.241455078125,0,-0.0697021484375,0,0.0
10.9120,0,-0.07891845703125,0,-0.28759765625,0,0.12396240234375,0,0.0
10.9301,0,-0.049835205078125,0,-0.28759765625,0,0.12396240234375,0,0.0
10.9333,0,-0.049835205078125,0,0.298583984375,0,-0.052703857421875,0,0.0
10.9435,0,-0.0692138671875,0,0.298583984375,0,-0.052703857421875,0,0.0
10.9534,0,-0.0692138671875,0,-0.55419921875,0,-0.07513427734375,0,0.0
10.9638,0,-0.196044921875,0,-0.55419921875,0,-0.07513427734375,0,0.0
10.9827,0,0.049652099609375,0,-0.0697021484375,0,-0.07952880859375,0,0.0
10.9854,0,0.049652099609375,0,-0.0697021484375,0,-0.07952880859375,0,0.0
10.9972,0,0.049652099609375,0,-0.38818359375,0,-0.07952880859375,0,0.0
11.0049,0,0.11346435546875,0,-0.38818359375,0,-0.0302886962890625,0,0.0
11.0134,0,0.11346435546875,0,0.291015625,0,-0.08544921875,0,0.0
11.0254,0,0.07305908203125,0,0.291015625,0,-0.08544921875,0,0.0
11.0401,0,0.07305908203125,0,-0.640625,0,-0.01220703125,0,0.0
11.0441,0,-0.1463623046875,0,-0.640625,0,-0.01220703125,0,0.0
11.0614,0,-0.1463623046875,0,-0.51123046875,0,-0.036407470703125,0,0.0
11.0660,0,0.0201263427734375,0,-0.51123046875,0,-0.036407470703125,0,0.0
11.0815,0,0.0201263427734375,0,-0.357177734375,0,-0.036407470703125,0,0.0
11.0890,0,-0.0706787109375,0,-0.357177734375,0,0.058837890625,0,0.0
11.0931,0,-0.0706787109375,0,0.2998046875,0,0.058837890625,0,0.0
11.1064,0,0.04541015625,0,0.2998046875,0,-0.05096435546875,0,0.0
11.1170,0,0.04541015625,0,0.4169921875,0,-0.05096435546875,0,0.0
11.1291,0,-0.08770751953125,0,0.4169921875,0,0.058135986328125,0,0.0
11.1351,0,-0.08770751953125,0,-0.342041015625,0,0.058135986328125,0,0.0
11.1489,0,-0.1395263671875,0,-0.342041015625,0,0.0273895263671875,0,0.0
11.1525,0,-0.1395263671875,0,-0.72802734375,0,0.0273895263671875,0,0.0
11.1685,0,0.032806396484375,0,-0.72802734375,0,-0.051055908203125,0,0.0
11.1723,0,0.032806396484375,0,0.253662109375,0,-0.051055908203125,0,0.0
11.1844,0,-0.2010498046875,0,0.253662109375,0,0.031890869140625,0,0.0
11.1943,0,-0.2010498046875,0,0.3681640625,0,0.031890869140625,0,0.0
11.2087,0,0.05462646484375,0,0.3681640625,0,0.09002685546875,0,0.0
11.2199,0,0.05462646484375,0,0.287353515625,0,0.09002685546875,0,0.0
11.2284,0,-0.1329345703125,0,0.287353515625,0,0.053009033203125,0,0.0
11.2404,0,-0.1329345703125,0,0.287353515625,0,0.053009033203125,0,0.0
11.2444,0,0.0999755859375,0,-0.398681640625,0,-0.035064697265625,0,0.0
11.2531,0,0.0999755859375,0,0.38916015625,0,-0.035064697265625,0,0.0
11.2636,0,-0.07379150390625,0,0.38916015625,0,0.0090789794921875,0,0.0
11.2743,0,-0.07379150390625,0,0.38916015625,0,0.0090789794921875,0,0.0
11.2836,0,-0.07666015625,0,0.1263427734375,0,0.039093017578125,0,0.0
11.2990,0,-0.07666015625,0,0.1263427734375,0,0.039093017578125,0,0.0
11.3039,0,-0.07666015625,0,-0.234130859375,0,-0.019012451171875,0,0.0
11.3209,0,0.06884765625,0,-0.234130859375,0,-0.019012451171875,0,0.0
11.3245,0,-0.05889892578125,0,-0.11785888671875,0,-0.09173583984375,0,0.0
11.3354,0,-0.05889892578125,0,-0.11785888671875,0,-0.09173583984375,0,0.0
11.3437,0,0.065185546875,0,0.3203125,0,0.048828125,0,0.0
11.3608,0,0.065185546875,0,0.3203125,0,0.048828125,0,0.0
11.3646,0,0.065185546875,0,-0.275634765625,0,0.04522705078125,0,0.0
11.3808,0,-0.18994140625,0,-0.275634765625,0,0.04522705078125,0,0.0
11.3845,0,-0.18994140625,0,-0.2037353515625,0,0.0230255126953125,0,0.0
11.3926,0,0.0357666015625,0,-0.2037353515625,0,0.0230255126953125,0,0.0
11.4080,0,0.0357666015625,0,-0.184814453125,0,-0.0091400146484375,0,0.0
11.4207,0,-0.0931396484375,0,-0.184814453125,0,-0.0091400146484375,0,0.0
11.4245,0,-0.0931396484375,0,-0.0997314453125,0,-0.01288604736328125,0,0.0
11.4407,0,0.087890625,0,-0.0997314453125,0,-0.01288604736328125,0,0.0
11.4444,0,0.087890625,0,-0.6484375,0,-0.032440185546875,0,0.0
11.4523,0,0.10504150390625,0,-0.6484375,0,-0.032440185546875,0,0.0
11.4633,0,0.10504150390625,0,0.39111328125,0,0.06390380859375,0,0.0
11.4723,0,0.07293701171875,0,0.39111328125,0,0.06390380859375,0,0.0
11.4875,0,0.07293701171875,0,-0.408447265625,0,-0.0416259765625,0,0.0
11.5011,0,-0.1441650390625,0,-0.408447265625,0,-0.0416259765625,0,0.0
11.5082,0,-0.1441650390625,0,-0.0692138671875,0,-0.0416259765625,0,0.0
11.5127,0,0.06304931640625,0,-0.0692138671875,0,-0.043731689453125,0,0.0
11.5232,0,0.06304931640625,0,0.39501953125,0,-0.0484619140625,0,0.0
11.5342,0,0.060089111328125,0,0.39501953125,0,-0.0484619140625,0,0.0
11.5506,0,0.060089111328125,0,0.36572265625,0,0.057952880859375,0,0.0
11.5539,0,0.10040283203125,0,0.36572265625,0,0.057952880859375,0,0.0
11.5684,0,0.10040283203125,0,0.061553955078125,0,0.057952880859375,0,0.0
11.5804,0,0.09185791015625,0,0.061553955078125,0,0.03472900390625,0,0.0
11.5912,0,0.09185791015625,0,-0.3154296875,0,0.03472900390625,0,0.0
11.5940,0,-0.2064208984375,0,-0.3154296875,0,-0.0108184814453125,0,0.0
11.6046,0,-0.2064208984375,0,-0.387451171875,0,-0.0108184814453125,0,0.0
11.6205,0,0.110595703125,0,-0.387451171875,0,-0.0161590576171875,0,0.0
11.6247,0,0.110595703125,0,-0.1669921875,0,-0.0161590576171875,0,0.0
11.6406,0,0.11517333984375,0,-0.1669921875,0,0.041961669921875,0,0.0
11.6517,0,0.11517333984375,0,-0.268310546875,0,0.041961669921875,0,0.0
11.6560,0,-0.026031494140625,0,-0.268310546875,0,-0.0509033203125,0,0.0
11.6671,0,-0.026031494140625,0,-0.09332275390625,0,-0.0509033203125,0,0.0
11.6851,0,0.1385498046875,0,-0.09332275390625,0,-0.04461669921875,0,0.0
11.6874,0,0.1385498046875,0,0.058258056640625,0,-0.04461669921875,0,0.0
11.7008,0,0.09759521484375,0,0.058258056640625,0,0.03912353515625,0,0.0
11.7083,0,0.09759521484375,0,0.3818359375,0,0.03912353515625,0,0.0
11.7152,0,0.07513427734375,0,0.3818359375,0,0.01146697998046875,0,0.0
11.7277,0,0.07513427734375,0,0.414306640625,0,0.01146697998046875,0,0.0
11.7374,0,-0.2213134765625,0,0.414306640625,0,-0.0211944580078125,0,0.0
11.7443,0,-0.2213134765625,0,-0.47314453125,0,-0.0211944580078125,0,0.0
11.7526,0,0.0421142578125,0,-0.47314453125,0,0.06182861328125,0,0.0
11.7686,0,0.0421142578125,0,0.43701171875,0,0.06182861328125,0,0.0
11.7722,0,0.07342529296875,0,0.43701171875,0,-0.0888671875,0,0.0
11.7878,0,0.07342529296875,0,0.43701171875,0,-0.0888671875,0,0.0
11.7989,0,0.1165771484375,0,0.08856201171875,0,0.02947998046875,0,0.0
11.8083,0,0.1165771484375,0,0.38916015625,0,0.02947998046875,0,0.0
11.8201,0,0.1165771484375,0,0.38916015625,0,-0.010955810546875,0,0.0
11.8300,0,0.09307861328125,0,0.38916015625,0,-0.010955810546875,0,0.0
11.8392,0,0.09307861328125,0,-0.57861328125,0,0.03887939453125,0,0.0
11.8539,0,-0.1788330078125,0,-0.57861328125,0,0.03887939453125,0,0.0
11.8552,0,-0.07403564453125,0,-0.13427734375,0,-0.05450439453125,0,0.0
11.8689,0,-0.07403564453125,0,0.22900390625,0,-0.05450439453125,0,0.0
11.8736,0,-0.07403564453125,0,0.22900390625,0,0.06439208984375,0,0.0
11.8898,0,0.1265869140625,0,-0.377685546875,0,0.06439208984375,0,0.0
11.8953,0,0.1265869140625,0,-0.377685546875,0,0.06964111328125,0,0.0
11.9079,0,-0.08636474609375,0,-0.377685546875,0,0.06964111328125,0,0.0
11.9224,0,-0.08636474609375,0,0.29443359375,0,0.0167694091796875,0,0.0
11.9310,0,-0.1904296875,0,0.29443359375,0,0.0167694091796875,0,0.0
11.9344,0,-0.1904296875,0,0.404052734375,0,0.059478759765625,0,0.0
11.9532,0,0.02215576171875,0,0.404052734375,0,0.059478759765625,0,0.0
11.9538,0,0.02215576171875,0,-0.61669921875,0,-0.017578125,0,0.0
11.9739,0,-0.1961669921875,0,-0.61669921875,0,-0.017578125,0,0.0
11.9761,0,-0.1961669921875,0,-0.1683349609375,0,0.0291595458984375,0,0.0
11.9903,0,0.08447265625,0,-0.1683349609375,0,0.0291595458984375,0,0.0
12.0021,0,0.08447265625,0,0.2252197265625,0,0.0265655517578125,0,0.0
12.0076,0,0.1051025390625,0,0.2252197265625,0,0.0265655517578125,0,0.0
12.0151,0,0.1051025390625,0,-0.061859130859375,0,-0.0311431884765625,0,0.0
12.0240,0,0.044158935546875,0,-0.061859130859375,0,-0.0311431884765625,0,0.0
12.0337,0,0.044158935546875,0,-0.39013671875,0,0.0269927978515625,0,0.0
12.0440,0,0.0902099609375,0,-0.39013671875,0,0.0269927978515625,0,0.0
12.0523,0,0.0902099609375,0,-0.052520751953125,0,0.0269927978515625,0,0.0
12.0701,0,-0.1414794921875,0,-0.052520751953125,0,0.03924560546875,0,0.0
12.0733,0,-0.1414794921875,0,-0.5654296875,0,0.03924560546875,0,0.0
12.0855,0,-0.1634521484375,0,-0.5654296875,0,0.083984375,0,0.0
12.1037,0,-0.1634521484375,0,0.334228515625,0,0.083984375,0,0.0
12.1073,0,0.06878662109375,0,0.334228515625,0,0.034210205078125,0,0.0
12.1149,0,0.06878662109375,0,-0.2291259765625,0,0.034210205078125,0,0.0
12.1270,0,-0.09283447265625,0,-0.2291259765625,0,0.0601806640625,0,0.0
12.1343,0,-0.09283447265625,0,0.33642578125,0,0.0601806640625,0,0.0
12.1458,0,-0.14892578125,0,0.33642578125,0,-0.037628173828125,0,0.0
12.1533,0,-0.14892578125,0,0.261962890625,0,-0.037628173828125,0,0.0
12.1643,0,-0.2152099609375,0,0.261962890625,0,0.035614013671875,0,0.0
12.1722,0,-0.2152099609375,0,0.368408203125,0,0.035614013671875,0,0.0
12.1837,0,-0.1834716796875,0,0.368408203125,0,-0.03472900390625,0,0.0
12.1928,0,-0.1834716796875,0,0.31787109375,0,-0.03472900390625,0,0.0
12.2049,0,-0.027374267578125,0,0.31787109375,0,-0.019775390625,0,0.0
12.2137,0,-0.027374267578125,0,0.2008056640625,0,-0.019775390625,0,0.0
12.2235,0,0.11376953125,0,0.2008056640625,0,0.0213623046875,0,0.0
12.2319,0,0.11376953125,0,-0.07550048828125,0,0.0213623046875,0,0.0
12.2432,0,0.1142578125,0,-0.07550048828125,0,-0.03533935546875,0,0.0
12.2525,0,0.1142578125,0,0.2359619140625,0,-0.03533935546875,0,0.0
12.2643,0,-0.12493896484375,0,0.2359619140625,0,0.037872314453125,0,0.0
12.2733,0,-0.12493896484375,0,-0.081298828125,0,0.037872314453125,0,0.0
12.2887,0,-0.145751953125,0,-0.081298828125,0,0.0175323486328125,0,0.0
12.3017,0,-0.145751953125,0,0.402099609375,0,0.0175323486328125,0,0.0
12.3088,0,-0.145751953125,0,0.402099609375,0,0.01885986328125,0,0.0
12.3196,0,0.03546142578125,0,0.402099609375,0,0.01885986328125,0,0.0
12.3243,0,-0.1834716796875,0,-0.66015625,0,0.080078125,0,0.0
12.3412,0,-0.1834716796875,0,-0.66015625,0,0.080078125,0,0.0
12.3495,0,-0.170654296875,0,-0.242919921875,0,0.033721923828125,0,0.0
12.3606,0,-0.170654296875,0,-0.54345703125,0,0.033721923828125,0,0.0
12.3691,0,-0.170654296875,0,-0.54345703125,0,-0.10791015625,0,0.0
12.3812,0,0.11083984375,0,-0.54345703125,0,-0.10791015625,0,0.0
12.3876,0,0.11083984375,0,0.119140625,0,-0.022125244140625,0,0.0
12.4014,0,-0.0223388671875,0,0.119140625,0,-0.022125244140625,0,0.0
12.4091,0,-0.0223388671875,0,-0.04339599609375,0,-0.00809478759765625,0,0.0
12.4213,0,0.1090087890625,0,-0.04339599609375,0,-0.00809478759765625,0,0.0
12.4289,0,0.1090087890625,0,-0.34912109375,0,-0.07977294921875,0,0.0
12.4388,0,0.023712158203125,0,-0.34912109375,0,-0.07977294921875,0,0.0
12.4486,0,0.023712158203125,0,0.01641845703125,0,-0.048797607421875,0,0.0
12.4614,0,0.01922607421875,0,0.01641845703125,0,-0.048797607421875,0,0.0
12.4690,0,0.01922607421875,0,0.231689453125,0,0.0030269622802734375,0,0.0
12.4811,0,-0.08404541015625,0,0.231689453125,0,0.0030269622802734375,0,0.0
12.4872,0,-0.08404541015625,0,-0.01245880126953125,0,-0.0712890625,0,0.0
12.4924,0,-0.18994140625,0,-0.01245880126953125,0,-0.0712890625,0,0.0
12.5028,0,-0.18994140625,0,-0.6875,0,0.07464599609375,0,0.0
12.5208,0,-0.153564453125,0,-0.6875,0,0.07464599609375,0,0.0
12.5244,0,-0.153564453125,0,0.1290283203125,0,-0.06671142578125,0,0.0
12.5329,0,-0.0550537109375,0,0.1290283203125,0,-0.06671142578125,0,0.0
12.5440,0,-0.0550537109375,0,-0.09722900390625,0,-0.032958984375,0,0.0
12.5523,0,0.037384033203125,0,-0.09722900390625,0,-0.032958984375,0,0.0
12.5691,0,0.037384033203125,0,0.1875,0,0.07257080078125,0,0.0
12.5732,0,-0.1888427734375,0,0.1875,0,0.07257080078125,0,0.0
12.5839,0,-0.1888427734375,0,0.2198486328125,0,-0.04046630859375,0,0.0
12.5915,0,0.1279296875,0,0.2198486328125,0,-0.04046630859375,0,0.0
12.6033,0,0.1279296875,0,0.32666015625,0,-0.040557861328125,0,0.0
12.6126,0,-0.0592041015625,0,0.32666015625,0,-0.040557861328125,0,0.0
12.6300,0,-0.0592041015625,0,-0.87841796875,0,-0.0106201171875,0,0.0
12.6351,0,0.08807373046875,0,-0.87841796875,0,-0.0106201171875,0,0.0
12.6485,0,0.08807373046875,0,0.1722412109375,0,-0.0106201171875,0,0.0
12.6522,0,0.08148193359375,0,0.1722412109375,0,0.0265045166015625,0,0.0
12.6665,0,0.08148193359375,0,-0.0288238525390625,0,0.0265045166015625,0,0.0
12.6730,0,0.04681396484375,0,-0.0288238525390625,0,-0.0364990234375,0,0.0
12.6836,0,0.04681396484375,0,0.36376953125,0,-0.0364990234375,0,0.0
12.6945,0,0.04681396484375,0,0.36376953125,0,-0.060302734375,0,0.0
12.7034,0,-0.1429443359375,0,0.337646484375,0,-0.060302734375,0,0.0
12.7189,0,-0.1429443359375,0,0.337646484375,0,0.01654052734375,0,0.0
12.7243,0,-0.1409912109375,0,-0.08624267578125,0,0.01654052734375,0,0.0
12.7403,0,-0.1409912109375,0,-0.08624267578125,0,0.052642822265625,0,0.0
12.7441,0,-0.0304412841796875,0,-0.06304931640625,0,0.052642822265625,0,0.0
12.7535,0,0.066650390625,0,-0.06304931640625,0,-0.040008544921875,0,0.0
12.7648,0,0.066650390625,0,0.41015625,0,-0.040008544921875,0,0.0
12.7785,0,0.066650390625,0,0.41015625,0,-0.0245208740234375,0,0.0
12.7861,0,-0.09381103515625,0,0.465087890625,0,-0.0245208740234375,0,0.0
12.7986,0,-0.09381103515625,0,0.465087890625,0,-0.06890869140625,0,0.0
12.8064,0,-0.11724853515625,0,0.465087890625,0,-0.06890869140625,0,0.0
12.8153,0,-0.11724853515625,0,0.355712890625,0,0.049346923828125,0,0.0
12.8231,0,0.104736328125,0,-0.08056640625,0,0.049346923828125,0,0.0
12.8386,0,0.104736328125,0,-0.08056640625,0,0.06884765625,0,0.0
12.8438,0,0.07989501953125,0,0.266845703125,0,0.06884765625,0,0.0
12.8548,0,0.07989501953125,0,0.266845703125,0,-0.002155303955078125,0,0.0
12.8668,0,0.055419921875,0,0.266845703125,0,-0.002155303955078125,0,0.0
12.8746,0,0.055419921875,0,0.424560546875,0,-0.035736083984375,0,0.0
12.8854,0,0.1004638671875,0,0.424560546875,0,-0.035736083984375,0,0.0
12.8911,0,0.1004638671875,0,-0.27392578125,0,-0.0455322265625,0,0.0
12.9046,0,0.0906982421875,0,-0.27392578125,0,-0.0455322265625,0,0.0
12.9123,0,0.0906982421875,0,-0.2132568359375,0,-0.0313720703125,0,0.0
12.9245,0,-0.1439208984375,0,-0.2132568359375,0,-0.0313720703125,0,0.0
12.9350,0,-0.1439208984375,0,-0.17333984375,0,0.0266876220703125,0,0.0
12.9449,0,-0.06817626953125,0,-0.17333984375,0,0.0266876220703125,0,0.0
12.9518,0,-0.06817626953125,0,-0.44482421875,0,-0.036224365234375,0,0.0
12.9699,0,-0.08935546875,0,0.01580810546875,0,-0.036224365234375,0,0.0
12.9738,0,-0.08935546875,0,0.01580810546875,0,-0.0191192626953125,0,0.0
12.9851,0,-0.1807861328125,0,0.01580810546875,0,-0.0191192626953125,0,0.0
12.9950,0,-0.1807861328125,0,-0.478515625,0,0.036102294921875,0,0.0
13.0053,0,-0.074951171875,0,-0.478515625,0,0.036102294921875,0,0.0
13.0149,0,-0.074951171875,0,-0.14404296875,0,0.036102294921875,0,0.0
13.0248,0,0.12322998046875,0,-0.14404296875,0,0.039703369140625,0,0.0
13.0326,0,0.12322998046875,0,0.09405517578125,0,-0.05621337890625,0,0.0
13.0426,0,0.07708740234375,0,0.09405517578125,0,-0.05621337890625,0,0.0
13.0548,0,0.07708740234375,0,0.0924072265625,0,-0.0275421142578125,0,0.0
13.0640,0,0.0682373046875,0,0.0924072265625,0,-0.0275421142578125,0,0.0
13.0745,0,0.0682373046875,0,0.09100341796875,0,-0.0275421142578125,0,0.0
13.0857,0,0.0684814453125,0,0.09100341796875,0,-0.0183563232421875,0,0.0
13.0967,0,0.0684814453125,0,0.281494140625,0,-0.0183563232421875,0,0.0
13.1052,0,0.10528564453125,0,0.281494140625,0,0.054901123046875,0,0.0
13.1180,0,0.10528564453125,0,-0.5703125,0,-0.013092041015625,0,0.0
13.1247,0,0.12939453125,0,-0.5703125,0,-0.013092041015625,0,0.0
13.1347,0,0.12939453125,0,-0.583984375,0,-0.013092041015625,0,0.0
13.1454,0,0.12939453125,0,-0.583984375,0,0.03179931640625,0,0.0
13.1641,0,-0.10650634765625,0,0.0836181640625,0,-0.0132904052734375,0,0.0
13.1741,0,-0.1734619140625,0,0.2958984375,0,-0.0132904052734375,0,0.0
13.1831,0,-0.1458740234375,0,0.2958984375,0,0.10040283203125,0,0.0
13.1912,0,-0.1458740234375,0,-0.17578125,0,0.10040283203125,0,0.0
13.2049,0,-0.1458740234375,0,-0.17578125,0,-0.0638427734375,0,0.0
13.2123,0,-0.1763916015625,0,0.236328125,0,-0.0638427734375,0,0.0
13.2253,0,-0.1763916015625,0,0.236328125,0,0.0241851806640625,0,0.0
13.2343,0,0.09619140625,0,0.335693359375,0,0.0241851806640625,0,0.0
13.2427,0,0.09619140625,0,0.335693359375,0,-0.035552978515625,0,0.0
13.2517,0,0.14697265625,0,0.28759765625,0,-0.035552978515625,0,0.0
13.2641,0,0.14697265625,0,0.28759765625,0,0.012176513671875,0,0.0
13.2723,0,0.03228759765625,0,-0.10443115234375,0,0.012176513671875,0,0.0
13.2850,0,0.03228759765625,0,-0.10443115234375,0,-0.043731689453125,0,0.0
13.2939,0,0.0213470458984375,0,-0.357177734375,0,-0.043731689453125,0,0.0
13.3042,0,0.0213470458984375,0,-0.357177734375,0,0.0257568359375,0,0.0
13.3112,0,-0.1248779296875,0,0.0227508544921875,0,0.0257568359375,0,0.0
13.3237,0,-0.1248779296875,0,0.0227508544921875,0,-0.033660888671875,0,0.0
13.3340,0,-0.0214080810546875,0,-0.52197265625,0,-0.033660888671875,0,0.0
13.3442,0,-0.0214080810546875,0,-0.52197265625,0,0.007328033447265625,0,0.0
13.3539,0,0.033966064453125,0,-0.52197265625,0,0.007328033447265625,0,0.0
13.3641,0,0.033966064453125,0,-0.85205078125,0,0.07574462890625,0,0.0
13.3738,0,-0.032989501953125,0,-0.85205078125,0,0.07574462890625,0,0.0
13.3842,0,-0.032989501953125,0,0.2255859375,0,-0.04449462890625,0,0.0
13.3936,0,-0.1575927734375,0,0.2255859375,0,-0.04449462890625,0,0.0
13.4028,0,-0.1575927734375,0,0.245849609375,0,-0.0250396728515625,0,0.0
13.4137,0,0.1644287109375,0,0.245849609375,0,-0.0250396728515625,0,0.0
13.4238,0,0.1644287109375,0,0.1728515625,0,-0.05242919921875,0,0.0
13.4341,0,-0.1746826171875,0,0.1728515625,0,-0.05242919921875,0,0.0
13.4440,0,-0.1746826171875,0,-0.7509765625,0,-0.05291748046875,0,0.0
13.4538,0,0.073486328125,0,-0.7509765625,0,-0.05291748046875,0,0.0
13.4627,0,0.073486328125,0,0.327880859375,0,-0.05474853515625,0,0.0
13.4734,0,0.045562744140625,0,0.327880859375,0,-0.05474853515625,0,0.0
13.4841,0,0.045562744140625,0,0.2169189453125,0,0.0226898193359375,0,0.0
13.4913,0,0.08489990234375,0,0.2169189453125,0,0.0226898193359375,0,0.0
13.5034,0,0.08489990234375,0,-0.66796875,0,0.0226898193359375,0,0.0
13.5151,0,-0.00803375244140625,0,-0.66796875,0,-0.024749755859375,0,0.0
13.5246,0,-0.00803375244140625,0,-0.433349609375,0,-0.024749755859375,0,0.0
13.5340,0,-0.00803375244140625,0,-0.433349609375,0,-0.041595458984375,0,0.0
13.5438,0,-0.0792236328125,0,0.31005859375,0,-0.041595458984375,0,0.0
13.5515,0,-0.0792236328125,0,0.31005859375,0,-0.0168609619140625,0,0.0
13.5636,0,-0.114990234375,0,-0.083251953125,0,-0.0168609619140625,0,0.0
13.5733,0,-0.114990234375,0,-0.083251953125,0,0.040802001953125,0,0.0
13.5838,0,-0.07147216796875,0,-0.69287109375,0,0.040802001953125,0,0.0
13.5932,0,-0.07147216796875,0,-0.69287109375,0,0.09381103515625,0,0.0
13.6039,0,0.1649169921875,0,0.06622314453125,0,0.09381103515625,0,0.0
13.6113,0,0.1649169921875,0,0.06622314453125,0,0.0645751953125,0,0.0
13.6234,0,-0.14111328125,0,0.03485107421875,0,0.0645751953125,0,0.0
13.6339,0,-0.14111328125,0,0.03485107421875,0,0.04290771484375,0,0.0
13.6420,0,0.10858154296875,0,0.1356201171875,0,0.04290771484375,0,0.0
13.6537,0,0.10858154296875,0,0.1356201171875,0,0.02838134765625,0,0.0
13.6636,0,-0.1700439453125,0,0.1356201171875,0,0.02838134765625,0,0.0
13.6712,0,-0.1700439453125,0,0.279541015625,0,-0.048797607421875,0,0.0
13.6844,0,0.07098388671875,0,-0.4150390625,0,-0.048797607421875,0,0.0
13.6930,0,0.07098388671875,0,-0.4150390625,0,0.047515869140625,0,0.0
13.7024,0,0.09088134765625,0,0.2401123046875,0,0.047515869140625,0,0.0
13.7130,0,0.09088134765625,0,0.2401123046875,0,-0.0296783447265625,0,0.0
13.7243,0,-0.07470703125,0,0.2401123046875,0,-0.0296783447265625,0,0.0
13.7313,0,-0.07470703125,0,0.142333984375,0,-0.01520538330078125,0,0.0
13.7434,0,0.0439453125,0,0.142333984375,0,-0.01520538330078125,0,0.0
13.7538,0,0.0439453125,0,-0.0112152099609375,0,0.03472900390625,0,0.0
13.7633,0,-0.033721923828125,0,-0.0112152099609375,0,0.03472900390625,0,0.0
13.7729,0,-0.033721923828125,0,0.1396484375,0,-0.022979736328125,0,0.0
13.7834,0,-0.0214996337890625,0,0.1396484375,0,-0.022979736328125,0,0.0
13.7928,0,-0.0214996337890625,0,-0.64794921875,0,-0.0164337158203125,0,0.0
13.8037,0,-0.061431884765625,0,-0.64794921875,0,-0.0164337158203125,0,0.0
13.8127,0,-0.061431884765625,0,-0.5458984375,0,0.0721435546875,0,0.0
13.8240,0,-0.0137176513671875,0,-0.5458984375,0,0.0721435546875,0,0.0
13.8329,0,-0.0137176513671875,0,0.261474609375,0,-0.01081085205078125,0,0.0
13.8432,0,0.04986572265625,0,0.261474609375,0,-0.01081085205078125,0,0.0
13.8536,0,0.04986572265625,0,-0.2384033203125,0,-0.062286376953125,0,0.0
13.8634,0,-0.21923828125,0,-0.2384033203125,0,-0.062286376953125,0,0.0
13.8728,0,-0.21923828125,0,-0.419921875,0,-0.062286376953125,0,0.0
13.8833,0,-0.0670166015625,0,-0.419921875,0,0.02838134765625,0,0.0
13.8927,0,-0.0670166015625,0,-0.50927734375,0,0.02838134765625,0,0.0
13.9032,0,-0.0670166015625,0,-0.50927734375,0,-0.059722900390625,0,0.0
13.9129,0,-0.2369384765625,0,-0.6142578125,0,0.08441162109375,0,0.0
13.9232,0,-0.2369384765625,0,-0.6142578125,0,0.08441162109375,0,0.0
13.9327,0,0.15283203125,0,0.1837158203125,0,0.08441162109375,0,0.0
13.9432,0,-0.09832763671875,0,0.1837158203125,0,0.041717529296875,0,0.0
13.9531,0,-0.09832763671875,0,-0.2783203125,0,0.041717529296875,0,0.0
13.9631,0,-0.09832763671875,0,-0.2783203125,0,-0.05389404296875,0,0.0
13.9790,0,0.030548095703125,0,-0.1865234375,0,-0.035980224609375,0,0.0
13.9859,0,-0.1873779296875,0,-0.1865234375,0,-0.035980224609375,0,0.0
13.9939,0,-0.1873779296875,0,-0.154052734375,0,-0.035980224609375,0,0.0
14.0043,0,-0.1873779296875,0,-0.154052734375,0,-0.1309814453125,0,0.0
14.0124,0,0.1787109375,0,0.340576171875,0,-0.1309814453125,0,0.0
14.0237,0,0.1787109375,0,0.340576171875,0,0.01532745361328125,0,0.0
14.0353,0,-0.15771484375,0,0.34521484375,0,-0.037628173828125,0,0.0
14.0470,0,-0.15771484375,0,0.34521484375,0,-0.037628173828125,0,0.0
14.0554,0,-0.073974609375,0,0.256103515625,0,-0.0748291015625,0,0.0
14.0659,0,-0.140380859375,0,0.256103515625,0,-0.0748291015625,0,0.0
14.0827,0,-0.140380859375,0,-0.043365478515625,0,-0.0213623046875,0,0.0
14.0884,0,-0.046112060546875,0,-0.043365478515625,0,-0.0213623046875,0,0.0
14.0952,0,-0.046112060546875,0,-0.439697265625,0,-0.0213623046875,0,0.0
14.1114,0,-0.046112060546875,0,-0.439697265625,0,0.04058837890625,0,0.0
14.1219,0,0.1072998046875,0,0.4375,0,0.04058837890625,0,0.0
14.1307,0,0.1072998046875,0,0.4375,0,0.06585693359375,0,0.0
14.1411,0,-0.05206298828125,0,-0.01300048828125,0,0.06585693359375,0,0.0
14.1500,0,-0.05206298828125,0,-0.01300048828125,0,-0.0792236328125,0,0.0
14.1539,0,-0.177001953125,0,0.259033203125,0,-0.0792236328125,0,0.0
14.1688,0,-0.177001953125,0,0.259033203125,0,-0.0430908203125,0,0.0
14.1721,0,-0.19384765625,0,-0.046783447265625,0,-0.0430908203125,0,0.0
14.1829,0,-0.19384765625,0,-0.046783447265625,0,0.036865234375,0,0.0
14.1980,0,0.046142578125,0,-0.5849609375,0,0.036865234375,0,0.0
14.2083,0,0.046142578125,0,-0.5849609375,0,-0.06439208984375,0,0.0
14.2134,0,-0.050506591796875,0,0.41552734375,0,-0.06439208984375,0,0.0
14.2278,0,-0.050506591796875,0,0.41552734375,0,0.0300140380859375,0,0.0
14.2322,0,-0.2049560546875,0,-0.16552734375,0,0.0300140380859375,0,0.0
14.2431,0,-0.2049560546875,0,-0.16552734375,0,-0.0205841064453125,0,0.0
14.2570,0,0.14306640625,0,0.157958984375,0,-0.0205841064453125,0,0.0
14.2643,0,0.14306640625,0,0.157958984375,0,-0.024017333984375,0,0.0
14.2802,0,-0.061004638671875,0,0.157958984375,0,-0.024017333984375,0,0.0
14.2882,0,-0.061004638671875,0,-0.414306640625,0,-0.053436279296875,0,0.0
14.2981,0,-0.1961669921875,0,-0.414306640625,0,-0.053436279296875,0,0.0
14.3038,0,-0.1961669921875,0,0.4091796875,0,-0.0767822265625,0,0.0
14.3170,0,0.060546875,0,-0.6083984375,0,-0.0767822265625,0,0.0
14.3254,0,0.060546875,0,-0.6083984375,0,-0.055511474609375,0,0.0
14.3333,0,0.04290771484375,0,-0.6083984375,0,-0.055511474609375,0,0.0
14.3474,0,0.04290771484375,0,0.30126953125,0,0.0095977783203125,0,0.0
14.3560,0,0.062744140625,0,0.30126953125,0,0.0095977783203125,0,0.0
14.3631,0,0.062744140625,0,-0.35791015625,0,-0.027099609375,0,0.0
14.3772,0,0.0919189453125,0,-0.35791015625,0,-0.027099609375,0,0.0
14.3839,0,0.0919189453125,0,-0.279541015625,0,-0.014862060546875,0,0.0
14.3914,0,0.01080322265625,0,-0.279541015625,0,-0.014862060546875,0,0.0
14.4074,0,0.01080322265625,0,0.227294921875,0,-0.06890869140625,0,0.0
14.4123,0,0.062286376953125,0,0.227294921875,0,-0.06890869140625,0,0.0
14.4265,0,0.062286376953125,0,-0.67822265625,0,-0.06890869140625,0,0.0
14.4374,0,0.0848388671875,0,-0.67822265625,0,0.0667724609375,0,0.0
14.4467,0,0.0848388671875,0,-0.6474609375,0,0.0667724609375,0,0.0
14.4561,0,0.0848388671875,0,-0.6474609375,0,-0.03363037109375,0,0.0
14.4688,0,0.050018310546875,0,-0.1236572265625,0,-0.03363037109375,0,0.0
14.4760,0,0.050018310546875,0,-0.1236572265625,0,-0.05401611328125,0,0.0
14.4863,0,-0.01959228515625,0,0.27001953125,0,-0.05401611328125,0,0.0
14.4964,0,-0.04547119140625,0,0.27001953125,0,-0.019500732421875,0,0.0
14.5067,0,-0.04547119140625,0,0.265625,0,-0.019500732421875,0,0.0
14.5185,0,-0.04547119140625,0,0.265625,0,0.026947021484375,0,0.0
14.5261,0,-0.0233612060546875,0,0.1353759765625,0,0.026947021484375,0,0.0
14.5366,0,-0.0233612060546875,0,0.1353759765625,0,0.0310516357421875,0,0.0
14.5462,0,-0.12164306640625,0,-0.366943359375,0,0.0310516357421875,0,0.0
14.5571,0,0.04241943359375,0,-0.366943359375,0,0.070068359375,0,0.0
14.5673,0,0.04241943359375,0,0.1981201171875,0,0.070068359375,0,0.0
14.5758,0,0.04241943359375,0,0.1981201171875,0,0.0194549560546875,0,0.0
14.5862,0,0.025665283203125,0,-0.2191162109375,0,0.0194549560546875,0,0.0
14.5957,0,0.025665283203125,0,-0.2191162109375,0,-0.081298828125,0,0.0
14.6059,0,-0.1375732421875,0,0.1639404296875,0,-0.081298828125,0,0.0
14.6161,0,-0.1375732421875,0,0.1639404296875,0,0.07550048828125,0,0.0
14.6268,0,-0.07763671875,0,-0.398193359375,0,0.07550048828125,0,0.0
14.6362,0,-0.07763671875,0,-0.398193359375,0,-0.0222625732421875,0,0.0
14.6461,0,-0.20068359375,0,0.20263671875,0,-0.0222625732421875,0,0.0
14.6554,0,-0.20068359375,0,0.20263671875,0,-0.012298583984375,0,0.0
14.6650,0,0.01351165771484375,0,-0.44580078125,0,-0.012298583984375,0,0.0
14.6753,0,0.01351165771484375,0,-0.44580078125,0,0.047821044921875,0,0.0
14.6875,0,-0.150390625,0,-0.2396240234375,0,0.047821044921875,0,0.0
14.6953,0,-0.150390625,0,-0.2396240234375,0,-0.0599365234375,0,0.0
14.7057,0,-0.1510009765625,0,0.212158203125,0,-0.0599365234375,0,0.0
14.7166,0,-0.1510009765625,0,0.212158203125,0,0.037353515625,0,0.0
14.7269,0,0.09368896484375,0,0.292236328125,0,0.037353515625,0,0.0
14.7382,0,0.09368896484375,0,0.292236328125,0,-0.0380859375,0,0.0
14.7465,0,-0.039306640625,0,-0.84423828125,0,-0.0380859375,0,0.0
14.7523,0,-0.039306640625,0,-0.84423828125,0,-0.0374755859375,0,0.0
14.7652,0,-0.1824951171875,0,-0.84423828125,0,-0.0374755859375,0,0.0
14.7757,0,-0.1824951171875,0,-0.50244140625,0,0.0183868408203125,0,0.0
14.7862,0,0.12310791015625,0,-0.50244140625,0,0.0183868408203125,0,0.0
14.7950,0,0.12310791015625,0,0.1033935546875,0,-0.0501708984375,0,0.0
14.8056,0,0.15234375,0,-0.59326171875,0,-0.0501708984375,0,0.0
14.8116,0,0.15234375,0,-0.59326171875,0,0.041290283203125,0,0.0
14.8252,0,-0.1724853515625,0,-0.59326171875,0,0.041290283203125,0,0.0
14.8362,0,-0.1724853515625,0,-0.6279296875,0,0.02020263671875,0,0.0
14.8450,0,0.016082763671875,0,-0.6279296875,0,0.02020263671875,0,0.0
14.8559,0,0.016082763671875,0,-0.103515625,0,0.042938232421875,0,0.0
14.8657,0,0.043304443359375,0,-0.103515625,0,0.042938232421875,0,0.0
14.8747,0,0.043304443359375,0,0.31494140625,0,-0.0938720703125,0,0.0
14.8856,0,0.0625,0,0.31494140625,0,-0.0938720703125,0,0.0
14.8957,0,0.0625,0,-0.1539306640625,0,0.06488037109375,0,0.0
14.9051,0,0.1190185546875,0,-0.1539306640625,0,0.06488037109375,0,0.0
14.9152,0,0.1190185546875,0,0.294189453125,0,0.06488037109375,0,0.0
14.9269,0,0.1190185546875,0,0.294189453125,0,0.09429931640625,0,0.0
14.9320,0,0.07977294921875,0,-0.55712890625,0,-0.1259765625,0,0.0
14.9448,0,0.07977294921875,0,-0.55712890625,0,-0.1259765625,0,0.0
14.9554,0,0.03472900390625,0,-0.51318359375,0,-0.05596923828125,0,0.0
14.9658,0,-0.1424560546875,0,-0.51318359375,0,-0.05596923828125,0,0.0
14.9750,0,-0.1424560546875,0,-0.2188720703125,0,-0.05596923828125,0,0.0
14.9839,0,-0.1424560546875,0,-0.2188720703125,0,-0.04815673828125,0,0.0
14.9948,0,-0.203369140625,0,0.09326171875,0,-0.04815673828125,0,0.0
15.0051,0,-0.203369140625,0,0.09326171875,0,0.0406494140625,0,0.0
15.0147,0,0.2047119140625,0,0.459228515625,0,0.0406494140625,0,0.0
15.0262,0,0.2047119140625,0,0.459228515625,0,0.0760498046875,0,0.0
15.0348,0,0.1268310546875,0,-0.4619140625,0,0.0760498046875,0,0.0
15.0450,0,0.1268310546875,0,-0.4619140625,0,-0.034088134765625,0,0.0
15.0550,0,0.1861572265625,0,0.10675048828125,0,-0.034088134765625,0,0.0
15.0652,0,0.1861572265625,0,0.10675048828125,0,0.0224761962890625,0,0.0
15.0772,0,0.072265625,0,0.212158203125,0,0.0224761962890625,0,0.0
15.0852,0,0.072265625,0,0.212158203125,0,0.05743408203125,0,0.0
15.0972,0,-0.07012939453125,0,0.0921630859375,0,0.05743408203125,0,0.0
15.1072,0,-0.07012939453125,0,0.0921630859375,0,-0.12286376953125,0,0.0
15.1155,0,-0.0675048828125,0,0.2305908203125,0,-0.12286376953125,0,0.0
15.1254,0,-0.0675048828125,0,0.2305908203125,0,0.0645751953125,0,0.0
15.1348,0,0.1090087890625,0,0.2305908203125,0,0.0645751953125,0,0.0
15.1433,0,0.1090087890625,0,0.4169921875,0,-0.047393798828125,0,0.0
15.1598,0,-0.07861328125,0,0.372314453125,0,-0.047393798828125,0,0.0
15.1671,0,0.030670166015625,0,0.372314453125,0,0.040313720703125,0,0.0
15.1743,0,0.030670166015625,0,0.2447509765625,0,0.040313720703125,0,0.0
15.1884,0,0.030670166015625,0,0.2447509765625,0,0.02484130859375,0,0.0
15.1926,0,-0.1806640625,0,0.455322265625,0,0.02484130859375,0,0.0
15.2070,0,-0.1806640625,0,0.455322265625,0,-0.026611328125,0,0.0
15.2240,0,0.0633544921875,0,-0.66162109375,0,-0.083251953125,0,0.0
15.2306,0,0.0633544921875,0,-0.66162109375,0,-0.083251953125,0,0.0
15.2381,0,0.1116943359375,0,-0.346923828125,0,-0.083251953125,0,0.0
15.2513,0,0.1116943359375,0,-0.346923828125,0,0.051025390625,0,0.0
15.2555,0,0.03021240234375,0,0.1982421875,0,0.051025390625,0,0.0
15.2726,0,0.03021240234375,0,0.1982421875,0,-0.042144775390625,0,0.0
15.2750,0,-0.1614990234375,0,-0.1634521484375,0,-0.042144775390625,0,0.0
15.2881,0,-0.1614990234375,0,-0.1634521484375,0,-0.04376220703125,0,0.0
15.2934,0,-0.1484375,0,-0.43408203125,0,-0.04376220703125,0,0.0
15.3073,0,-0.1484375,0,-0.43408203125,0,-0.040618896484375,0,0.0
15.3123,0,-0.2144775390625,0,-0.80908203125,0,-0.040618896484375,0,0.0
15.3228,0,-0.2144775390625,0,-0.80908203125,0,-0.0343017578125,0,0.0
15.3334,0,0.10858154296875,0,0.2880859375,0,-0.0343017578125,0,0.0
15.3438,0,0.10858154296875,0,0.2880859375,0,-0.04351806640625,0,0.0
15.3549,0,0.053558349609375,0,-0.290771484375,0,-0.04351806640625,0,0.0
15.3690,0,0.053558349609375,0,-0.290771484375,0,-0.03924560546875,0,0.0
15.3785,0,0.0130157470703125,0,-0.290771484375,0,-0.03924560546875,0,0.0
15.3844,0,0.0130157470703125,0,-0.011627197265625,0,-0.0413818359375,0,0.0
15.3934,0,-0.1492919921875,0,-0.47265625,0,-0.0413818359375,0,0.0
15.4040,0,-0.1492919921875,0,-0.47265625,0,0.07916259765625,0,0.0
15.4143,0,0.07464599609375,0,0.28955078125,0,0.07916259765625,0,0.0
15.4269,0,0.07464599609375,0,0.28955078125,0,0.069091796875,0,0.0
15.4361,0,-0.05291748046875,0,0.2041015625,0,0.069091796875,0,0.0
15.4457,0,-0.05291748046875,0,0.2041015625,0,-0.042755126953125,0,0.0
15.4618,0,0.036865234375,0,0.05084228515625,0,-0.042755126953125,0,0.0
15.4677,0,0.036865234375,0,0.05084228515625,0,-0.03369140625,0,0.0
15.4744,0,-0.08074951171875,0,0.05084228515625,0,-0.03369140625,0,0.0
15.4853,0,-0.08074951171875,0,-0.242919921875,0,-0.061492919921875,0,0.0
15.4926,0,0.046905517578125,0,-0.242919921875,0,-0.061492919921875,0,0.0
15.5052,0,0.046905517578125,0,0.364990234375,0,-0.03045654296875,0,0.0
15.5133,0,0.05731201171875,0,0.364990234375,0,-0.03045654296875,0,0.0
15.5313,0,0.05731201171875,0,0.172119140625,0,-0.0428466796875,0,0.0
15.5351,0,-0.05462646484375,0,0.172119140625,0,-0.0428466796875,0,0.0
15.5454,0,-0.05462646484375,0,-0.38037109375,0,-0.016815185546875,0,0.0
15.5533,0,-0.1700439453125,0,-0.38037109375,0,-0.016815185546875,0,0.0
15.5642,0,-0.1700439453125,0,0.29931640625,0,0.006008148193359375,0,0.0
15.5732,0,-0.176513671875,0,0.29931640625,0,0.006008148193359375,0,0.0
15.5865,0,-0.176513671875,0,0.413330078125,0,0.006008148193359375,0,0.0
15.5920,0,0.1588134765625,0,0.413330078125,0,-0.044952392578125,0,0.0
15.6090,0,0.1588134765625,0,0.2176513671875,0,-0.044952392578125,0,0.0
15.6128,0,-0.1943359375,0,0.2176513671875,0,0.0148773193359375,0,0.0
15.6297,0,-0.1943359375,0,-0.49755859375,0,0.0148773193359375,0,0.0
15.6364,0,-0.2332763671875,0,-0.49755859375,0,0.051849365234375,0,0.0
15.6487,0,-0.2332763671875,0,0.0848388671875,0,0.038238525390625,0,0.0
15.6558,0,-0.3193359375,0,0.0848388671875,0,0.038238525390625,0,0.0
15.6710,0,-0.3193359375,0,0.05767822265625,0,0.038238525390625,0,0.0
15.6797,0,-0.3193359375,0,0.05767822265625,0,0.01568603515625,0,0.0
15.6850,0,-0.251953125,0,0.1373291015625,0,0.01568603515625,0,0.0
15.6931,0,0.07330322265625,0,0.1373291015625,0,0.08441162109375,0,0.0
15.7037,0,0.07330322265625,0,-0.00788116455078125,0,0.08441162109375,0,0.0
15.7143,0,0.0906982421875,0,-0.00788116455078125,0,-0.0293121337890625,0,0.0
15.7288,0,0.0906982421875,0,-0.2091064453125,0,-0.0293121337890625,0,0.0
15.7414,0,-0.309814453125,0,-0.2091064453125,0,-0.038238525390625,0,0.0
15.7462,0,-0.309814453125,0,-0.33349609375,0,-0.038238525390625,0,0.0
15.7590,0,-0.309814453125,0,-0.33349609375,0,0.020263671875,0,0.0
15.7650,0,0.06292724609375,0,0.49462890625,0,0.020263671875,0,0.0
15.7725,0,0.06292724609375,0,0.49462890625,0,0.0278472900390625,0,0.0
15.7838,0,0.09979248046875,0,0.393310546875,0,0.0278472900390625,0,0.0
15.7925,0,0.09979248046875,0,0.393310546875,0,-0.0181121826171875,0,0.0
15.8045,0,-0.278076171875,0,-0.216796875,0,-0.0181121826171875,0,0.0
15.8217,0,-0.278076171875,0,-0.216796875,0,-0.023040771484375,0,0.0
15.8285,0,-0.0305023193359375,0,0.1142578125,0,-0.023040771484375,0,0.0
15.8346,0,-0.0305023193359375,0,0.1142578125,0,0.059722900390625,0,0.0
15.8474,0,0.100830078125,0,0.1142578125,0,0.059722900390625,0,0.0
15.8526,0,0.100830078125,0,0.082763671875,0,-0.03680419921875,0,0.0
15.8646,0,0.060699462890625,0,0.1876220703125,0,-0.03680419921875,0,0.0
15.8749,0,0.060699462890625,0,0.1876220703125,0,0.0841064453125,0,0.0
15.8900,0,0.10174560546875,0,0.1302490234375,0,0.0841064453125,0,0.0
15.8938,0,0.10174560546875,0,0.1302490234375,0,-0.0182647705078125,0,0.0
15.9089,0,-0.1737060546875,0,0.1302490234375,0,-0.0182647705078125,0,0.0
15.9127,0,-0.1737060546875,0,0.1480712890625,0,-0.025238037109375,0,0.0
15.9260,0,-0.191650390625,0,0.1480712890625,0,-0.025238037109375,0,0.0
15.9342,0,-0.191650390625,0,0.258544921875,0,-0.025238037109375,0,0.0
15.9462,0,-0.341552734375,0,0.258544921875,0,-0.019256591796875,0,0.0
15.9604,0,-0.341552734375,0,0.179443359375,0,-0.044158935546875,0,0.0
15.9693,0,0.03717041015625,0,0.179443359375,0,-0.044158935546875,0,0.0
15.9820,0,0.03717041015625,0,0.43603515625,0,0.077392578125,0,0.0
15.9893,0,-0.0506591796875,0,0.43603515625,0,0.077392578125,0,0.0
15.9957,0,-0.0506591796875,0,-0.83984375,0,0.077392578125,0,0.0
16.0078,0,-0.11383056640625,0,-0.83984375,0,0.03546142578125,0,0.0
16.0224,0,-0.11383056640625,0,0.325439453125,0,-0.044647216796875,0,0.0
16.0300,0,0.12066650390625,0,0.325439453125,0,-0.044647216796875,0,0.0
16.0394,0,0.12066650390625,0,-0.369140625,0,-0.044647216796875,0,0.0
16.0443,0,0.05865478515625,0,-0.369140625,0,-0.0282745361328125,0,0.0
16.0611,0,0.05865478515625,0,-0.39599609375,0,-0.0282745361328125,0,0.0
16.0655,0,-0.1475830078125,0,-0.39599609375,0,0.04119873046875,0,0.0
16.0814,0,-0.1475830078125,0,0.2393798828125,0,0.04119873046875,0,0.0
16.0861,0,-0.159423828125,0,0.2393798828125,0,-0.04718017578125,0,0.0
16.1035,0,-0.159423828125,0,-0.4013671875,0,-0.04718017578125,0,0.0
16.1109,0,-0.04864501953125,0,-0.4013671875,0,0.041259765625,0,0.0
16.1216,0,-0.04864501953125,0,0.237548828125,0,0.041259765625,0,0.0
16.1250,0,-0.2017822265625,0,0.237548828125,0,0.06549072265625,0,0.0
16.1331,0,-0.2017822265625,0,0.1824951171875,0,0.06549072265625,0,0.0
16.1442,0,-0.25732421875,0,0.1824951171875,0,0.03192138671875,0,0.0
16.1533,0,-0.25732421875,0,-0.059783935546875,0,0.03192138671875,0,0.0
16.1633,0,-0.25732421875,0,-0.059783935546875,0,-0.053802490234375,0,0.0
16.1819,0,-0.1162109375,0,0.2176513671875,0,-0.053802490234375,0,0.0
16.1873,0,-0.1162109375,0,0.2176513671875,0,-0.022705078125,0,0.0
16.1932,0,-0.1527099609375,0,-0.0782470703125,0,-0.022705078125,0,0.0
16.2043,0,-0.1527099609375,0,-0.0782470703125,0,0.07928466796875,0,0.0
16.2124,0,-0.0059051513671875,0,-0.1695556640625,0,0.07928466796875,0,0.0
16.2239,0,-0.0059051513671875,0,-0.1695556640625,0,0.047698974609375,0,0.0
16.2370,0,0.03521728515625,0,0.264404296875,0,0.047698974609375,0,0.0
16.2461,0,0.03521728515625,0,0.264404296875,0,0.023590087890625,0,0.0
16.2542,0,-0.052337646484375,0,-0.69873046875,0,0.023590087890625,0,0.0
16.2646,0,-0.052337646484375,0,-0.69873046875,0,-0.017578125,0,0.0
16.2724,0,0.11883544921875,0,0.336669921875,0,-0.017578125,0,0.0
16.2890,0,0.11883544921875,0,0.336669921875,0,-0.0285491943359375,0,0.0
16.2932,0,-0.1534423828125,0,0.3115234375,0,-0.0285491943359375,0,0.0
16.3041,0,-0.1534423828125,0,0.3115234375,0,0.0364990234375,0,0.0
16.3206,0,0.07598876953125,0,0.052642822265625,0,0.0364990234375,0,0.0
16.3250,0,0.07598876953125,0,0.052642822265625,0,-0.0186004638671875,0,0.0
16.3408,0,-0.140625,0,0.052642822265625,0,-0.0186004638671875,0,0.0
16.3439,0,-0.140625,0,0.2376708984375,0,-0.0186004638671875,0,0.0
16.3607,0,-0.0277099609375,0,0.2376708984375,0,-0.0433349609375,0,0.0
16.3652,0,-0.0277099609375,0,-0.404052734375,0,-0.0433349609375,0,0.0
16.3809,0,-0.286376953125,0,-0.404052734375,0,0.026580810546875,0,0.0
16.3861,0,-0.286376953125,0,0.2371826171875,0,0.026580810546875,0,0.0
16.4008,0,-0.09423828125,0,0.2371826171875,0,-0.041015625,0,0.0
16.4053,0,-0.09423828125,0,0.5126953125,0,-0.041015625,0,0.0
16.4222,0,-0.304931640625,0,0.5126953125,0,-0.0291748046875,0,0.0
16.4244,0,-0.304931640625,0,-0.365478515625,0,-0.0291748046875,0,0.0
16.4410,0,0.07281494140625,0,-0.365478515625,0,-0.056884765625,0,0.0
16.4452,0,0.07281494140625,0,-0.53173828125,0,-0.056884765625,0,0.0
16.4608,0,-0.262939453125,0,-0.53173828125,0,-0.083740234375,0,0.0
16.4644,0,-0.262939453125,0,-0.31298828125,0,-0.083740234375,0,0.0
16.4803,0,0.16552734375,0,-0.31298828125,0,0.04437255859375,0,0.0
16.4844,0,0.16552734375,0,-0.274658203125,0,0.04437255859375,0,0.0
16.4921,0,-0.0278778076171875,0,-0.274658203125,0,-0.080810546875,0,0.0
16.5050,0,-0.0278778076171875,0,0.474365234375,0,-0.080810546875,0,0.0
16.5121,0,0.08770751953125,0,0.474365234375,0,0.1282958984375,0,0.0
16.5274,0,0.08770751953125,0,-0.267578125,0,0.1282958984375,0,0.0
16.5404,0,-0.143310546875,0,-0.267578125,0,0.0875244140625,0,0.0
16.5497,0,-0.143310546875,0,-0.06915283203125,0,0.0875244140625,0,0.0
16.5531,0,-0.1597900390625,0,-0.06915283203125,0,-0.027313232421875,0,0.0
16.5697,0,-0.1597900390625,0,-0.23828125,0,-0.027313232421875,0,0.0
16.5723,0,0.062744140625,0,-0.23828125,0,-0.07586669921875,0,0.0
16.5880,0,0.062744140625,0,0.0665283203125,0,-0.07586669921875,0,0.0
16.5996,0,0.08892822265625,0,0.0665283203125,0,0.11614990234375,0,0.0
16.6100,0,0.08892822265625,0,-0.396240234375,0,0.11614990234375,0,0.0
16.6202,0,0.08892822265625,0,-0.396240234375,0,-0.0298309326171875,0,0.0
16.6279,0,-0.059783935546875,0,-0.6064453125,0,-0.0298309326171875,0,0.0
16.6404,0,-0.059783935546875,0,-0.6064453125,0,-0.0243988037109375,0,0.0
16.6480,0,0.1221923828125,0,-0.052825927734375,0,-0.0243988037109375,0,0.0
16.6569,0,0.150146484375,0,-0.052825927734375,0,0.06390380859375,0,0.0
16.6683,0,0.150146484375,0,-0.517578125,0,0.06390380859375,0,0.0
16.6723,0,0.150146484375,0,-0.517578125,0,-0.0219573974609375,0,0.0
16.6874,0,-0.18603515625,0,-0.7998046875,0,-0.0219573974609375,0,0.0
16.6923,0,-0.18603515625,0,-0.7998046875,0,0.0845947265625,0,0.0
16.7026,0,-0.059722900390625,0,-0.327392578125,0,0.0845947265625,0,0.0
16.7202,0,-0.059722900390625,0,-0.327392578125,0,-0.02130126953125,0,0.0
16.7267,0,0.09588623046875,0,-0.061492919921875,0,-0.02130126953125,0,0.0
16.7318,0,0.09588623046875,0,-0.061492919921875,0,-0.059967041015625,0,0.0
16.7484,0,-0.037811279296875,0,0.1947021484375,0,-0.059967041015625,0,0.0
16.7524,0,-0.037811279296875,0,0.1947021484375,0,0.040802001953125,0,0.0
16.7628,0,-0.0433349609375,0,-0.34423828125,0,0.040802001953125,0,0.0
16.7765,0,-0.0433349609375,0,-0.34423828125,0,0.033447265625,0,0.0
16.7838,0,0.072021484375,0,-0.0462646484375,0,0.033447265625,0,0.0
16.7944,0,0.072021484375,0,-0.0462646484375,0,-0.09539794921875,0,0.0
16.8099,0,0.08929443359375,0,0.375244140625,0,-0.09539794921875,0,0.0
16.8224,0,0.08929443359375,0,0.375244140625,0,0.021026611328125,0,0.0
16.8266,0,0.10418701171875,0,0.232421875,0,0.021026611328125,0,0.0
16.8422,0,0.10418701171875,0,0.232421875,0,0.05126953125,0,0.0
16.8470,0,0.047760009765625,0,0.232421875,0,0.05126953125,0,0.0
16.8570,0,0.047760009765625,0,-0.06402587890625,0,-0.032318115234375,0,0.0
16.8658,0,-0.056365966796875,0,-0.333740234375,0,-0.032318115234375,0,0.0
16.8814,0,-0.056365966796875,0,-0.333740234375,0,0.0202789306640625,0,0.0
16.8866,0,0.077392578125,0,0.423828125,0,0.0202789306640625,0,0.0
16.9000,0,0.077392578125,0,0.423828125,0,0.0202789306640625,0,0.0
16.9046,0,-0.2254638671875,0,-0.036102294921875,0,-0.07373046875,0,0.0
16.9192,0,-0.2254638671875,0,-0.036102294921875,0,-0.07373046875,0,0.0
16.9248,0,-0.1517333984375,0,-0.0330810546875,0,0.09161376953125,0,0.0
16.9417,0,-0.1517333984375,0,-0.0330810546875,0,0.09161376953125,0,0.0
16.9461,0,0.0755615234375,0,-0.0330810546875,0,0.015869140625,0,0.0
16.9606,0,0.0755615234375,0,0.2177734375,0,0.015869140625,0,0.0
16.9715,0,-0.0189361572265625,0,0.24462890625,0,-0.0200653076171875,0,0.0
16.9753,0,-0.0189361572265625,0,0.24462890625,0,-0.0200653076171875,0,0.0
16.9869,0,0.07318115234375,0,0.24462890625,0,0.053863525390625,0,0.0
16.9929,0,0.07318115234375,0,0.288818359375,0,0.053863525390625,0,0.0
17.0029,0,0.0711669921875,0,0.288818359375,0,-0.0611572265625,0,0.0
17.0240,0,0.0711669921875,0,-0.7529296875,0,-0.0611572265625,0,0.0
17.0264,0,0.1090087890625,0,-0.7529296875,0,-0.0155181884765625,0,0.0
17.0336,0,0.1090087890625,0,-0.27734375,0,-0.0155181884765625,0,0.0
17.0457,0,0.1090087890625,0,-0.27734375,0,-0.042449951171875,0,0.0
17.0533,0,0.0716552734375,0,-0.51025390625,0,-0.042449951171875,0,0.0
17.0631,0,0.0716552734375,0,-0.51025390625,0,-0.015533447265625,0,0.0
17.0755,0,0.0406494140625,0,-0.2303466796875,0,-0.015533447265625,0,0.0
17.0840,0,-0.09716796875,0,-0.2303466796875,0,-0.024444580078125,0,0.0
17.0922,0,-0.09716796875,0,0.384033203125,0,-0.024444580078125,0,0.0
17.1098,0,-0.11798095703125,0,0.384033203125,0,0.068115234375,0,0.0
17.1121,0,-0.11798095703125,0,-0.1014404296875,0,0.068115234375,0,0.0
17.1228,0,-0.11798095703125,0,-0.1014404296875,0,0.0711669921875,0,0.0
17.1369,0,-0.07452392578125,0,-0.326171875,0,0.0711669921875,0,0.0
17.1442,0,-0.07452392578125,0,-0.326171875,0,0.0236968994140625,0,0.0
17.1554,0,0.116943359375,0,0.265625,0,0.0236968994140625,0,0.0
17.1645,0,0.116943359375,0,0.265625,0,0.049102783203125,0,0.0
17.1733,0,0.1417236328125,0,-0.386962890625,0,0.049102783203125,0,0.0
17.1845,0,0.1417236328125,0,-0.386962890625,0,-0.014129638671875,0,0.0
17.1940,0,-0.1783447265625,0,0.36279296875,0,-0.014129638671875,0,0.0
17.2077,0,0.103759765625,0,0.36279296875,0,-0.0213623046875,0,0.0
17.2116,0,0.103759765625,0,-0.5185546875,0,-0.0213623046875,0,0.0
17.2233,0,0.103759765625,0,-0.5185546875,0,0.0197906494140625,0,0.0
17.2328,0,0.082275390625,0,-0.227783203125,0,0.0197906494140625,0,0.0
17.2443,0,0.082275390625,0,-0.227783203125,0,0.05828857421875,0,0.0
17.2612,0,0.173828125,0,0.462646484375,0,0.05828857421875,0,0.0
17.2691,0,0.173828125,0,0.462646484375,0,0.0870361328125,0,0.0
17.2731,0,0.11419677734375,0,-0.10943603515625,0,0.0870361328125,0,0.0
17.2893,0,0.11419677734375,0,-0.10943603515625,0,0.0870361328125,0,0.0
17.2928,0,-0.112060546875,0,-0.442138671875,0,-0.040069580078125,0,0.0
17.3090,0,-0.112060546875,0,-0.442138671875,0,-0.040069580078125,0,0.0
17.3133,0,0.0767822265625,0,0.14208984375,0,-0.0150299072265625,0,0.0
17.3288,0,0.0767822265625,0,0.14208984375,0,-0.0150299072265625,0,0.0
17.3328,0,0.05511474609375,0,-0.50634765625,0,0.0753173828125,0,0.0
17.3469,0,0.05511474609375,0,-0.50634765625,0,0.0753173828125,0,0.0
17.3531,0,-0.1417236328125,0,-0.5634765625,0,-0.038909912109375,0,0.0
17.3670,0,-0.1417236328125,0,-0.5634765625,0,-0.038909912109375,0,0.0
17.3734,0,-0.1593017578125,0,0.37841796875,0,0.0312347412109375,0,0.0
17.3888,0,-0.1593017578125,0,0.37841796875,0,0.0312347412109375,0,0.0
17.3923,0,0.11669921875,0,0.37841796875,0,0.07147216796875,0,0.0
17.4085,0,0.11669921875,0,0.319580078125,0,0.07147216796875,0,0.0
17.4204,0,-0.10223388671875,0,0.319580078125,0,0.0767822265625,0,0.0
17.4285,0,-0.10223388671875,0,0.176025390625,0,0.0767822265625,0,0.0
17.4342,0,0.09552001953125,0,0.176025390625,0,-0.08929443359375,0,0.0
17.4499,0,0.09552001953125,0,0.323974609375,0,-0.08929443359375,0,0.0
17.4532,0,-0.06768798828125,0,0.323974609375,0,-0.03411865234375,0,0.0
17.4701,0,-0.06768798828125,0,0.15087890625,0,-0.03411865234375,0,0.0
17.4727,0,0.0491943359375,0,0.15087890625,0,-0.07855224609375,0,0.0
17.4883,0,0.0491943359375,0,0.325927734375,0,-0.07855224609375,0,0.0
17.4950,0,0.057159423828125,0,0.325927734375,0,0.05377197265625,0,0.0
17.5087,0,0.057159423828125,0,0.05181884765625,0,0.05377197265625,0,0.0
17.5123,0,-0.1240234375,0,0.05181884765625,0,0.0246429443359375,0,0.0
17.5310,0,-0.1240234375,0,-0.31396484375,0,0.0246429443359375,0,0.0
17.5329,0,-0.1436767578125,0,-0.31396484375,0,0.0509033203125,0,0.0
17.5442,0,-0.1436767578125,0,-0.398193359375,0,0.0509033203125,0,0.0
17.5547,0,0.08978271484375,0,-0.398193359375,0,-0.025115966796875,0,0.0
17.5703,0,0.08978271484375,0,0.27685546875,0,-0.025115966796875,0,0.0
17.5747,0,0.08978271484375,0,0.27685546875,0,-0.0347900390625,0,0.0
17.5931,0,-0.2198486328125,0,0.08624267578125,0,-0.0347900390625,0,0.0
17.5937,0,-0.2198486328125,0,0.08624267578125,0,-0.023193359375,0,0.0
17.6035,0,-0.1282958984375,0,-0.54541015625,0,-0.023193359375,0,0.0
17.6138,0,-0.1282958984375,0,-0.54541015625,0,0.046173095703125,0,0.0
17.6282,0,-0.10906982421875,0,-0.054840087890625,0,0.046173095703125,0,0.0
17.6358,0,-0.10906982421875,0,-0.054840087890625,0,-0.054718017578125,0,0.0
17.6488,0,-0.046905517578125,0,-0.48388671875,0,-0.054718017578125,0,0.0
17.6563,0,-0.046905517578125,0,-0.48388671875,0,-0.0390625,0,0.0
17.6657,0,-0.147216796875,0,-0.560546875,0,-0.0390625,0,0.0
17.6762,0,-0.147216796875,0,-0.560546875,0,-0.039093017578125,0,0.0
17.6839,0,-0.054290771484375,0,-0.367431640625,0,-0.039093017578125,0,0.0
17.6966,0,-0.054290771484375,0,-0.367431640625,0,-0.0161285400390625,0,0.0
17.7103,0,0.11865234375,0,0.455810546875,0,-0.0161285400390625,0,0.0
17.7154,0,0.11865234375,0,0.455810546875,0,0.043212890625,0,0.0
17.7257,0,-0.0545654296875,0,0.225341796875,0,0.043212890625,0,0.0
17.7419,0,-0.0545654296875,0,0.225341796875,0,-0.032073974609375,0,0.0
17.7477,0,-0.0223388671875,0,-0.483642578125,0,-0.032073974609375,0,0.0
17.7626,0,-0.0223388671875,0,-0.483642578125,0,-0.035186767578125,0,0.0
17.7680,0,0.06439208984375,0,0.455322265625,0,-0.035186767578125,0,0.0
17.7758,0,0.06439208984375,0,0.455322265625,0,-0.0284423828125,0,0.0
17.7874,0,-0.07598876953125,0,-0.48583984375,0,-0.0284423828125,0,0.0
17.7988,0,-0.07598876953125,0,-0.48583984375,0,-0.0284423828125,0,0.0
17.8047,0,-0.2054443359375,0,-0.2174072265625,0,0.054473876953125,0,0.0
17.8203,0,-0.2054443359375,0,-0.2174072265625,0,0.054473876953125,0,0.0
17.8266,0,0.049713134765625,0,-0.263671875,0,0.053741455078125,0,0.0
17.8402,0,0.049713134765625,0,-0.263671875,0,0.053741455078125,0,0.0
17.8455,0,0.08477783203125,0,-0.263671875,0,0.09783935546875,0,0.0
17.8606,0,0.08477783203125,0,0.2291259765625,0,0.09783935546875,0,0.0
17.8657,0,-0.09173583984375,0,0.2291259765625,0,0.0238189697265625,0,0.0
17.8809,0,-0.09173583984375,0,-0.056732177734375,0,0.0238189697265625,0,0.0
17.8871,0,-0.126953125,0,0.1165771484375,0,0.034210205078125,0,0.0
17.9018,0,-0.126953125,0,0.1165771484375,0,0.034210205078125,0,0.0
17.9074,0,0.12548828125,0,0.1165771484375,0,0.038818359375,0,0.0
17.9225,0,0.12548828125,0,-0.2354736328125,0,0.038818359375,0,0.0
17.9281,0,-0.158203125,0,-0.2354736328125,0,0.0144195556640625,0,0.0
17.9407,0,-0.158203125,0,0.380859375,0,0.0144195556640625,0,0.0
17.9458,0,0.0109405517578125,0,0.380859375,0,-0.06585693359375,0,0.0
17.9562,0,0.0109405517578125,0,0.2366943359375,0,-0.06585693359375,0,0.0
17.9647,0,0.0109405517578125,0,0.2366943359375,0,0.056793212890625,0,0.0
17.9798,0,0.1292724609375,0,0.2763671875,0,0.056793212890625,0,0.0
17.9849,0,0.1292724609375,0,0.2763671875,0,-0.0445556640625,0,0.0
18.0014,0,0.05316162109375,0,0.1180419921875,0,-0.0445556640625,0,0.0
18.0074,0,-0.131591796875,0,0.1180419921875,0,-0.1142578125,0,0.0
18.0230,0,-0.131591796875,0,0.19580078125,0,-0.1142578125,0,0.0
18.0288,0,-0.131591796875,0,0.19580078125,0,-0.00911712646484375,0,0.0
18.0419,0,0.08148193359375,0,0.2139892578125,0,-0.00911712646484375,0,0.0
18.0464,0,0.08148193359375,0,0.2139892578125,0,-0.0240478515625,0,0.0
18.0576,0,-0.12646484375,0,0.239990234375,0,-0.0240478515625,0,0.0
18.0679,0,-0.12646484375,0,0.239990234375,0,0.073974609375,0,0.0
18.0788,0,0.06378173828125,0,0.498046875,0,0.073974609375,0,0.0
18.0850,0,0.06378173828125,0,0.498046875,0,0.040008544921875,0,0.0
18.0942,0,0.1317138671875,0,-0.2200927734375,0,0.040008544921875,0,0.0
18.1080,0,0.1317138671875,0,-0.2200927734375,0,-0.0295562744140625,0,0.0
18.1132,0,0.0738525390625,0,-0.5341796875,0,-0.0295562744140625,0,0.0
18.1265,0,0.0738525390625,0,-0.5341796875,0,-0.01099395751953125,0,0.0
18.1417,0,-0.033172607421875,0,0.16796875,0,-0.01099395751953125,0,0.0
18.1466,0,-0.033172607421875,0,0.16796875,0,0.0506591796875,0,0.0
18.1564,0,0.0516357421875,0,0.179443359375,0,0.0506591796875,0,0.0
18.1671,0,0.0516357421875,0,0.179443359375,0,0.05035400390625,0,0.0
18.1763,0,0.01320648193359375,0,-0.5029296875,0,0.05035400390625,0,0.0
18.1875,0,0.01320648193359375,0,-0.5029296875,0,-0.03204345703125,0,0.0
18.1943,0,-0.223388671875,0,-0.5693359375,0,-0.03204345703125,0,0.0
18.2107,0,0.0975341796875,0,-0.5693359375,0,-0.028472900390625,0,0.0
18.2146,0,0.0975341796875,0,-0.5673828125,0,-0.028472900390625,0,0.0
18.2294,0,-0.2066650390625,0,-0.5673828125,0,-0.073974609375,0,0.0
18.2333,0,-0.2066650390625,0,-0.5625,0,-0.073974609375,0,0.0
18.2495,0,-0.018890380859375,0,-0.5625,0,0.01995849609375,0,0.0
18.2558,0,-0.018890380859375,0,0.1685791015625,0,0.01995849609375,0,0.0
18.2698,0,-0.018890380859375,0,0.1685791015625,0,-0.038909912109375,0,0.0
18.2740,0,0.0772705078125,0,0.0560302734375,0,-0.038909912109375,0,0.0
18.2909,0,0.0772705078125,0,0.0560302734375,0,0.019927978515625,0,0.0
18.2946,0,0.042388916015625,0,0.0560302734375,0,0.019927978515625,0,0.0
18.3118,0,0.042388916015625,0,0.1375732421875,0,0.019927978515625,0,0.0
18.3155,0,0.0257720947265625,0,0.1375732421875,0,0.0107574462890625,0,0.0
18.3287,0,0.0257720947265625,0,0.166015625,0,0.0107574462890625,0,0.0
18.3359,0,-0.2088623046875,0,0.166015625,0,0.0213775634765625,0,0.0
18.3472,0,-0.2088623046875,0,0.0222930908203125,0,0.0213775634765625,0,0.0
18.3545,0,-0.2088623046875,0,0.0222930908203125,0,-0.03961181640625,0,0.0
18.3685,0,-0.1025390625,0,-0.1318359375,0,-0.03961181640625,0,0.0
18.3752,0,-0.1025390625,0,-0.1318359375,0,0.006847381591796875,0,0.0
18.3890,0,0.107421875,0,0.43798828125,0,0.006847381591796875,0,0.0
18.3943,0,0.076904296875,0,0.43798828125,0,0.0107574462890625,0,0.0
18.4099,0,0.076904296875,0,0.1470947265625,0,0.0107574462890625,0,0.0
18.4154,0,0.076904296875,0,0.1470947265625,0,-0.0224151611328125,0,0.0
18.4275,0,-0.11798095703125,0,0.271484375,0,-0.0224151611328125,0,0.0
18.4326,0,-0.11798095703125,0,0.271484375,0,-0.0274200439453125,0,0.0
18.4482,0,-0.0906982421875,0,0.1632080078125,0,-0.0274200439453125,0,0.0
18.4544,0,-0.0906982421875,0,0.1632080078125,0,-0.0308990478515625,0,0.0
18.4690,0,-0.15673828125,0,-0.61376953125,0,-0.0308990478515625,0,0.0
18.4791,0,-0.15673828125,0,-0.61376953125,0,-0.021636962890625,0,0.0
18.4895,0,0.071044921875,0,-0.441650390625,0,-0.021636962890625,0,0.0
18.4996,0,0.071044921875,0,-0.441650390625,0,0.0133819580078125,0,0.0
18.5067,0,0.0994873046875,0,0.364501953125,0,0.0133819580078125,0,0.0
18.5136,0,0.0994873046875,0,0.364501953125,0,0.048370361328125,0,0.0
18.5236,0,-0.255615234375,0,0.471435546875,0,0.048370361328125,0,0.0
18.5361,0,-0.255615234375,0,0.471435546875,0,-0.0011539459228515625,0,0.0
18.5462,0,-0.03619384765625,0,0.43994140625,0,-0.0011539459228515625,0,0.0
18.5562,0,-0.03619384765625,0,0.43994140625,0,0.056396484375,0,0.0
18.5664,0,0.11663818359375,0,0.308837890625,0,0.056396484375,0,0.0
18.5800,0,0.11663818359375,0,0.308837890625,0,0.0236358642578125,0,0.0
18.5847,0,0.07598876953125,0,0.283203125,0,0.0236358642578125,0,0.0
18.6067,0,0.07598876953125,0,0.283203125,0,0.0638427734375,0,0.0
18.6093,0,0.10205078125,0,0.419189453125,0,0.0638427734375,0,0.0
18.6172,0,0.10205078125,0,0.419189453125,0,-0.04937744140625,0,0.0
18.6276,0,0.044158935546875,0,0.419189453125,0,-0.04937744140625,0,0.0
18.6413,0,0.044158935546875,0,0.2117919921875,0,-0.04937744140625,0,0.0
18.6457,0,0.1533203125,0,0.2117919921875,0,-0.05487060546875,0,0.0
18.6596,0,0.1533203125,0,-0.213134765625,0,-0.05487060546875,0,0.0
18.6652,0,-0.1561279296875,0,-0.71728515625,0,-0.00797271728515625,0,0.0
18.6835,0,-0.1561279296875,0,-0.71728515625,0,-0.02947998046875,0,0.0
18.6877,0,-0.171142578125,0,-0.2763671875,0,-0.02947998046875,0,0.0
18.7021,0,-0.171142578125,0,-0.2763671875,0,0.07720947265625,0,0.0
18.7055,0,-0.246826171875,0,-0.59033203125,0,0.07720947265625,0,0.0
18.7219,0,-0.246826171875,0,-0.59033203125,0,0.04681396484375,0,0.0
18.7258,0,0.1656494140625,0,-0.59033203125,0,0.04681396484375,0,0.0
18.7446,0,0.1656494140625,0,-0.07635498046875,0,0.04681396484375,0,0.0
18.7469,0,0.1656494140625,0,-0.07635498046875,0,0.08984375,0,0.0
18.7640,0,0.024383544921875,0,0.22216796875,0,0.08984375,0,0.0
18.7669,0,0.024383544921875,0,0.22216796875,0,0.020172119140625,0,0.0
18.7831,0,-0.191650390625,0,-0.431640625,0,0.020172119140625,0,0.0
18.7868,0,-0.191650390625,0,-0.431640625,0,-0.052001953125,0,0.0
18.7997,0,0.12481689453125,0,0.2401123046875,0,-0.052001953125,0,0.0
18.8051,0,0.12481689453125,0,0.2401123046875,0,0.021820068359375,0,0.0
18.8193,0,0.08123779296875,0,0.42919921875,0,0.021820068359375,0,0.0
18.8247,0,0.08123779296875,0,0.42919921875,0,-0.04437255859375,0,0.0
18.8407,0,-0.1729736328125,0,-0.274658203125,0,-0.04437255859375,0,0.0
18.8465,0,-0.1729736328125,0,-0.274658203125,0,-0.007236480712890625,0,0.0
18.8612,0,-0.12335205078125,0,0.04339599609375,0,-0.007236480712890625,0,0.0
18.8697,0,-0.12335205078125,0,0.04339599609375,0,0.0246124267578125,0,0.0
18.8833,0,-0.181640625,0,-0.3046875,0,0.0246124267578125,0,0.0
18.8896,0,-0.181640625,0,-0.3046875,0,-0.05755615234375,0,0.0
18.8957,0,-0.07177734375,0,0.2080078125,0,-0.05755615234375,0,0.0
18.9090,0,-0.07177734375,0,0.2080078125,0,-0.0294952392578125,0,0.0
18.9251,0,-0.061981201171875,0,-0.525390625,0,-0.0294952392578125,0,0.0
18.9272,0,-0.061981201171875,0,-0.525390625,0,-0.0294952392578125,0,0.0
18.9431,0,0.09893798828125,0,-0.1092529296875,0,-0.035736083984375,0,0.0
18.9471,0,0.09893798828125,0,-0.1092529296875,0,0.04486083984375,0,0.0
18.9555,0,0.08270263671875,0,0.2252197265625,0,0.04486083984375,0,0.0
18.9712,0,0.08270263671875,0,0.2252197265625,0,0.01470947265625,0,0.0
18.9754,0,-0.2308349609375,0,-0.50927734375,0,0.01470947265625,0,0.0
18.9887,0,-0.2308349609375,0,-0.50927734375,0,0.01470947265625,0,0.0
19.0024,0,-0.1536865234375,0,-0.2283935546875,0,0.047760009765625,0,0.0
19.0089,0,-0.1536865234375,0,-0.2283935546875,0,0.047760009765625,0,0.0
19.0138,0,-0.1329345703125,0,-0.326904296875,0,0.04327392578125,0,0.0
19.0306,0,-0.1329345703125,0,-0.326904296875,0,0.04327392578125,0,0.0
19.0353,0,0.0496826171875,0,0.2578125,0,-0.0240020751953125,0,0.0
19.0505,0,0.0496826171875,0,0.2578125,0,-0.0240020751953125,0,0.0
19.0627,0,0.08087158203125,0,0.2489013671875,0,-0.0310821533203125,0,0.0
19.0690,0,0.08087158203125,0,0.2489013671875,0,-0.0310821533203125,0,0.0
19.0738,0,0.08087158203125,0,-0.284423828125,0,-0.02276611328125,0,0.0
19.0889,0,-0.04083251953125,0,-0.284423828125,0,-0.02276611328125,0,0.0
19.0931,0,-0.04083251953125,0,-0.423828125,0,-0.041534423828125,0,0.0
19.1109,0,-0.21484375,0,-0.423828125,0,-0.041534423828125,0,0.0
19.1208,0,0.1043701171875,0,0.403564453125,0,0.0977783203125,0,0.0
19.1302,0,0.1043701171875,0,0.403564453125,0,0.0977783203125,0,0.0
19.1326,0,0.1043701171875,0,0.403564453125,0,0.055450439453125,0,0.0
19.1491,0,-0.08575439453125,0,-0.0909423828125,0,0.055450439453125,0,0.0
19.1536,0,-0.08575439453125,0,-0.0909423828125,0,-0.0238037109375,0,0.0
19.1686,0,-0.0743408203125,0,-0.312744140625,0,-0.0238037109375,0,0.0
19.1769,0,-0.0743408203125,0,-0.312744140625,0,0.044677734375,0,0.0
19.1892,0,0.1431884765625,0,0.381591796875,0,0.044677734375,0,0.0
19.2001,0,0.1431884765625,0,0.381591796875,0,0.044677734375,0,0.0
19.2089,0,-0.228271484375,0,-0.521484375,0,-0.01210784912109375,0,0.0
19.2140,0,-0.228271484375,0,-0.521484375,0,0.043426513671875,0,0.0
19.2283,0,-0.1650390625,0,0.42236328125,0,0.043426513671875,0,0.0
19.2392,0,-0.1650390625,0,0.42236328125,0,0.0394287109375,0,0.0
19.2475,0,0.16943359375,0,-0.43017578125,0,0.0394287109375,0,0.0
19.2601,0,0.16943359375,0,-0.43017578125,0,0.0394287109375,0,0.0
19.2670,0,-0.061248779296875,0,-0.50341796875,0,-0.05517578125,0,0.0
19.2764,0,-0.061248779296875,0,-0.50341796875,0,-0.05517578125,0,0.0
19.2862,0,-0.07257080078125,0,-0.7255859375,0,0.06060791015625,0,0.0
19.2969,0,-0.07257080078125,0,-0.7255859375,0,0.06060791015625,0,0.0
19.3082,0,-0.1456298828125,0,0.2027587890625,0,-0.052520751953125,0,0.0
19.3160,0,-0.1456298828125,0,0.2027587890625,0,-0.052520751953125,0,0.0
19.3277,0,-0.0682373046875,0,0.310546875,0,-0.020538330078125,0,0.0
19.3371,0,-0.0682373046875,0,0.310546875,0,-0.020538330078125,0,0.0
19.3434,0,0.05560302734375,0,0.25390625,0,0.07598876953125,0,0.0
19.3575,0,0.05560302734375,0,0.25390625,0,0.07598876953125,0,0.0
19.3633,0,0.10467529296875,0,0.258056640625,0,-0.024169921875,0,0.0
19.3714,0,0.10467529296875,0,0.258056640625,0,-0.024169921875,0,0.0
19.3877,0,0.07958984375,0,-0.1650390625,0,-0.031494140625,0,0.0
19.3924,0,0.07958984375,0,-0.1650390625,0,-0.031494140625,0,0.0
19.4026,0,0.07958984375,0,0.25634765625,0,0.020263671875,0,0.0
19.4166,0,0.1480712890625,0,0.25634765625,0,0.020263671875,0,0.0
19.4237,0,0.1480712890625,0,-0.422119140625,0,-0.03985595703125,0,0.0
19.4313,0,0.053466796875,0,-0.422119140625,0,-0.03985595703125,0,0.0
19.4467,0,0.07281494140625,0,-0.10601806640625,0,-0.0404052734375,0,0.0
19.4526,0,0.07281494140625,0,-0.10601806640625,0,-0.0404052734375,0,0.0
19.4658,0,0.07281494140625,0,-0.10601806640625,0,-0.021575927734375,0,0.0
19.4763,0,0.040802001953125,0,0.41552734375,0,-0.021575927734375,0,0.0
19.4861,0,0.040802001953125,0,0.41552734375,0,0.07763671875,0,0.0
19.4958,0,0.09844970703125,0,-0.1212158203125,0,0.07763671875,0,0.0
19.5064,0,0.09844970703125,0,0.5224609375,0,0.034027099609375,0,0.0
19.5157,0,0.1634521484375,0,0.5224609375,0,0.034027099609375,0,0.0
19.5232,0,0.1634521484375,0,0.5224609375,0,0.0189666748046875,0,0.0
19.5361,0,-0.1295166015625,0,0.303466796875,0,0.0189666748046875,0,0.0
19.5465,0,-0.1295166015625,0,0.303466796875,0,-0.0626220703125,0,0.0
19.5514,0,-0.293701171875,0,-0.23388671875,0,-0.0626220703125,0,0.0
19.5655,0,-0.293701171875,0,-0.23388671875,0,-0.00579071044921875,0,0.0
19.5760,0,-0.0501708984375,0,-0.5986328125,0,-0.00579071044921875,0,0.0
19.5862,0,-0.0501708984375,0,-0.57568359375,0,-0.0155029296875,0,0.0
19.5956,0,-0.09130859375,0,-0.57568359375,0,-0.0155029296875,0,0.0
19.6073,0,-0.09130859375,0,-0.57568359375,0,-0.0171356201171875,0,0.0
19.6126,0,-0.1470947265625,0,-0.4404296875,0,-0.0171356201171875,0,0.0
19.6264,0,-0.1470947265625,0,-0.4404296875,0,-0.0171356201171875,0,0.0
19.6358,0,0.142333984375,0,0.18359375,0,-0.0046844482421875,0,0.0
19.6462,0,0.142333984375,0,0.18359375,0,-0.0673828125,0,0.0
19.6557,0,0.045196533203125,0,0.450927734375,0,-0.0673828125,0,0.0
19.6657,0,0.045196533203125,0,0.450927734375,0,-0.0673828125,0,0.0
19.6730,0,0.10540771484375,0,0.1845703125,0,0.017242431640625,0,0.0
19.6853,0,0.10540771484375,0,0.1845703125,0,0.017242431640625,0,0.0
19.6958,0,0.06414794921875,0,-0.288818359375,0,-0.0196075439453125,0,0.0
19.7078,0,0.06414794921875,0,-0.288818359375,0,0.06378173828125,0,0.0
19.7153,0,0.06414794921875,0,0.364013671875,0,0.06378173828125,0,0.0
19.7261,0,0.036376953125,0,0.364013671875,0,0.06378173828125,0,0.0
19.7314,0,-0.038787841796875,0,0.440673828125,0,-0.0303802490234375,0,0.0
19.7455,0,-0.038787841796875,0,0.440673828125,0,-0.0303802490234375,0,0.0
19.7558,0,-0.2130126953125,0,0.2086181640625,0,0.0841064453125,0,0.0
19.7658,0,-0.2130126953125,0,0.2086181640625,0,0.0841064453125,0,0.0
19.7758,0,-0.2130126953125,0,-0.06658935546875,0,0.029296875,0,0.0
19.7869,0,-0.023101806640625,0,-0.06658935546875,0,0.029296875,0,0.0
19.7921,0,-0.023101806640625,0,0.1966552734375,0,-0.066650390625,0,0.0
19.8053,0,0.045440673828125,0,0.1966552734375,0,-0.066650390625,0,0.0
19.8142,0,0.10528564453125,0,0.0787353515625,0,-0.01395416259765625,0,0.0
19.8275,0,0.10528564453125,0,0.0787353515625,0,-0.01395416259765625,0,0.0
19.8354,0,0.10528564453125,0,0.0787353515625,0,-0.03564453125,0,0.0
19.8457,0,-0.055419921875,0,-0.472900390625,0,-0.03564453125,0,0.0
19.8513,0,-0.055419921875,0,-0.180419921875,0,-0.100830078125,0,0.0
19.8649,0,0.1201171875,0,-0.180419921875,0,-0.100830078125,0,0.0
19.8739,0,0.1201171875,0,-0.8603515625,0,0.08575439453125,0,0.0
19.8856,0,0.06488037109375,0,-0.8603515625,0,0.08575439453125,0,0.0
19.8949,0,0.06488037109375,0,-0.8603515625,0,-0.06689453125,0,0.0
19.9058,0,-0.144775390625,0,0.033782958984375,0,-0.06689453125,0,0.0
19.9119,0,-0.144775390625,0,0.033782958984375,0,-0.033050537109375,0,0.0
19.9254,0,-0.1307373046875,0,0.0927734375,0,-0.033050537109375,0,0.0
19.9350,0,-0.1307373046875,0,0.0927734375,0,-0.053131103515625,0,0.0
19.9456,0,-0.1927490234375,0,0.28173828125,0,-0.053131103515625,0,0.0
19.9548,0,-0.1927490234375,0,0.28173828125,0,-0.0254364013671875,0,0.0
19.9645,0,-0.0816650390625,0,0.0208587646484375,0,-0.0254364013671875,0,0.0
19.9723,0,-0.0816650390625,0,0.0208587646484375,0,0.0280609130859375,0,0.0
19.9894,0,-0.208251953125,0,0.03955078125,0,0.0280609130859375,0,0.0
19.9931,0,-0.208251953125,0,0.03955078125,0,-0.03277587890625,0,0.0
20.0034,0,-0.211669921875,0,-0.5224609375,0,-0.03277587890625,0,0.0
20.0133,0,-0.211669921875,0,-0.5224609375,0,-0.0838623046875,0,0.0
20.0269,0,-0.15625,0,-0.3525390625,0,-0.0838623046875,0,0.0
20.0342,0,-0.15625,0,-0.3525390625,0,-0.06671142578125,0,0.0
20.0502,0,0.14599609375,0,-0.13134765625,0,-0.06671142578125,0,0.0
20.0540,0,0.14599609375,0,-0.13134765625,0,0.0975341796875,0,0.0
20.0645,0,-0.1868896484375,0,-0.30810546875,0,0.0975341796875,0,0.0
20.0733,0,-0.1868896484375,0,-0.30810546875,0,-0.024444580078125,0,0.0
20.0838,0,-0.259033203125,0,-0.2296142578125,0,-0.024444580078125,0,0.0
20.0945,0,-0.259033203125,0,-0.2296142578125,0,-0.02496337890625,0,0.0
20.1069,0,0.051544189453125,0,-0.68408203125,0,-0.02496337890625,0,0.0
20.1211,0,0.051544189453125,0,-0.68408203125,0,-0.045654296875,0,0.0
20.1251,0,-0.10919189453125,0,-0.6552734375,0,-0.045654296875,0,0.0
20.1410,0,-0.10919189453125,0,-0.6552734375,0,-0.045654296875,0,0.0
20.1444,0,0.04730224609375,0,-0.1322021484375,0,0.023193359375,0,0.0
20.1611,0,0.04730224609375,0,-0.1322021484375,0,-0.011260986328125,0,0.0
20.1660,0,0.050872802734375,0,0.255126953125,0,-0.011260986328125,0,0.0
20.1804,0,0.050872802734375,0,0.255126953125,0,0.06634521484375,0,0.0
20.1842,0,0.050872802734375,0,-0.169677734375,0,0.06634521484375,0,0.0
20.2002,0,0.1510009765625,0,-0.169677734375,0,0.06634521484375,0,0.0
20.2086,0,0.1510009765625,0,0.378173828125,0,0.031097412109375,0,0.0
20.2204,0,-0.2138671875,0,0.378173828125,0,0.031097412109375,0,0.0
20.2256,0,0.100341796875,0,0.431884765625,0,-0.00943756103515625,0,0.0
20.2407,0,0.100341796875,0,0.431884765625,0,-0.00943756103515625,0,0.0
20.2446,0,0.100341796875,0,0.071533203125,0,-0.021942138671875,0,0.0
20.2604,0,0.0938720703125,0,0.071533203125,0,-0.021942138671875,0,0.0
20.2640,0,0.0938720703125,0,-0.043243408203125,0,-0.07098388671875,0,0.0
20.2802,0,0.062744140625,0,-0.043243408203125,0,-0.07098388671875,0,0.0
20.2870,0,0.062744140625,0,-0.043243408203125,0,0.05963134765625,0,0.0
20.3003,0,-0.1181640625,0,-0.462646484375,0,0.05963134765625,0,0.0
20.3044,0,-0.1181640625,0,0.15087890625,0,-0.05926513671875,0,0.0
20.3200,0,-0.0850830078125,0,0.15087890625,0,-0.05926513671875,0,0.0
20.3240,0,-0.0850830078125,0,0.138427734375,0,-0.01451873779296875,0,0.0
20.3414,0,0.047698974609375,0,0.138427734375,0,-0.01451873779296875,0,0.0
20.3470,0,0.047698974609375,0,0.47607421875,0,-0.045074462890625,0,0.0
20.3609,0,-0.1424560546875,0,0.47607421875,0,-0.045074462890625,0,0.0
20.3638,0,-0.1424560546875,0,0.47607421875,0,0.055206298828125,0,0.0
20.3807,0,0.0276336669921875,0,0.06646728515625,0,0.055206298828125,0,0.0
20.3881,0,0.0276336669921875,0,0.06646728515625,0,0.07745361328125,0,0.0
20.3999,0,-0.06365966796875,0,0.2529296875,0,0.07745361328125,0,0.0
20.4069,0,-0.06365966796875,0,0.150146484375,0,-0.09588623046875,0,0.0
20.4199,0,-0.1846923828125,0,0.150146484375,0,-0.09588623046875,0,0.0
20.4237,0,-0.1846923828125,0,0.150146484375,0,-0.1055908203125,0,0.0
20.4401,0,-0.036895751953125,0,-0.36376953125,0,-0.1055908203125,0,0.0
20.4444,0,-0.036895751953125,0,-0.36376953125,0,-0.005367279052734375,0,0.0
20.4603,0,-0.194580078125,0,-0.2393798828125,0,-0.005367279052734375,0,0.0
20.4666,0,-0.194580078125,0,-0.2393798828125,0,0.0072479248046875,0,0.0
20.4764,0,0.1451416015625,0,-0.41455078125,0,0.0072479248046875,0,0.0
20.4843,0,0.1451416015625,0,-0.41455078125,0,0.10498046875,0,0.0
20.4972,0,0.06964111328125,0,0.3740234375,0,0.10498046875,0,0.0
20.5037,0,0.06964111328125,0,0.3740234375,0,-0.05194091796875,0,0.0
20.5117,0,-0.0738525390625,0,-0.444091796875,0,-0.05194091796875,0,0.0
20.5266,0,-0.0738525390625,0,-0.444091796875,0,-0.07025146484375,0,0.0
20.5324,0,0.072265625,0,-0.556640625,0,-0.07025146484375,0,0.0
20.5462,0,0.072265625,0,-0.556640625,0,-0.0247955322265625,0,0.0
20.5602,0,-0.184326171875,0,0.121337890625,0,-0.0247955322265625,0,0.0
20.5639,0,-0.184326171875,0,0.121337890625,0,0.018341064453125,0,0.0
20.5720,0,-0.06878662109375,0,0.4248046875,0,0.018341064453125,0,0.0
20.5866,0,-0.06878662109375,0,0.4248046875,0,-0.034759521484375,0,0.0
20.5927,0,-0.140625,0,-0.51806640625,0,-0.034759521484375,0,0.0
20.6079,0,-0.140625,0,-0.51806640625,0,0.0673828125,0,0.0
20.6177,0,0.07916259765625,0,0.459228515625,0,0.0673828125,0,0.0
20.6292,0,0.07916259765625,0,0.459228515625,0,-0.10906982421875,0,0.0
20.6328,0,0.07916259765625,0,0.1800537109375,0,-0.10906982421875,0,0.0
20.6464,0,-0.08477783203125,0,0.1800537109375,0,-0.10906982421875,0,0.0
20.6530,0,0.08599853515625,0,-0.6884765625,0,-0.0303955078125,0,0.0
20.6662,0,0.08599853515625,0,-0.6884765625,0,-0.0129852294921875,0,0.0
20.6776,0,0.05255126953125,0,-0.4267578125,0,-0.0129852294921875,0,0.0
20.6876,0,0.05255126953125,0,-0.4267578125,0,0.037322998046875,0,0.0
20.6930,0,0.05255126953125,0,0.0419921875,0,0.037322998046875,0,0.0
20.7060,0,-0.286865234375,0,0.0419921875,0,0.037322998046875,0,0.0
20.7128,0,-0.286865234375,0,0.263671875,0,0.04583740234375,0,0.0
20.7265,0,0.04217529296875,0,0.263671875,0,0.04583740234375,0,0.0
20.7357,0,0.04217529296875,0,-0.1722412109375,0,0.02618408203125,0,0.0
20.7460,0,-0.149169921875,0,-0.1722412109375,0,0.02618408203125,0,0.0
20.7511,0,-0.149169921875,0,0.287841796875,0,0.0225677490234375,0,0.0
20.7657,0,-0.185302734375,0,0.287841796875,0,0.0225677490234375,0,0.0
20.7764,0,-0.185302734375,0,-0.57080078125,0,-0.06256103515625,0,0.0
20.7871,0,-0.14990234375,0,-0.57080078125,0,-0.06256103515625,0,0.0
20.7968,0,-0.14990234375,0,0.44677734375,0,0.0364990234375,0,0.0
20.8071,0,-0.16357421875,0,0.44677734375,0,0.0364990234375,0,0.0
20.8158,0,-0.16357421875,0,0.44677734375,0,-0.00984954833984375,0,0.0
20.8239,0,-0.0994873046875,0,0.23486328125,0,-0.00984954833984375,0,0.0
20.8358,0,-0.0994873046875,0,-0.6640625,0,-0.046295166015625,0,0.0
20.8459,0,0.1138916015625,0,-0.6640625,0,-0.046295166015625,0,0.0
20.8554,0,0.1138916015625,0,-0.6640625,0,0.02008056640625,0,0.0
20.8658,0,-0.1837158203125,0,-0.46728515625,0,0.02008056640625,0,0.0
20.8764,0,-0.1837158203125,0,-0.46728515625,0,-0.022308349609375,0,0.0
20.8857,0,-0.1917724609375,0,0.313720703125,0,-0.022308349609375,0,0.0
20.8959,0,-0.1917724609375,0,0.313720703125,0,0.07513427734375,0,0.0
20.9060,0,-0.2802734375,0,-0.529296875,0,0.07513427734375,0,0.0
20.9155,0,-0.2802734375,0,-0.529296875,0,-0.0361328125,0,0.0
20.9242,0,-0.237060546875,0,-0.5322265625,0,-0.0361328125,0,0.0
20.9316,0,-0.237060546875,0,-0.5322265625,0,-0.02362060546875,0,0.0
20.9455,0,0.0753173828125,0,0.232421875,0,-0.02362060546875,0,0.0
20.9553,0,0.0753173828125,0,0.232421875,0,0.00672149658203125,0,0.0
20.9630,0,0.0997314453125,0,-0.6162109375,0,0.00672149658203125,0,0.0
20.9764,0,0.0997314453125,0,-0.6162109375,0,0.07330322265625,0,0.0
20.9863,0,0.0265045166015625,0,-0.460205078125,0,0.07330322265625,0,0.0
20.9914,0,0.0265045166015625,0,-0.460205078125,0,0.07672119140625,0,0.0
21.0054,0,0.0748291015625,0,0.1300048828125,0,0.07672119140625,0,0.0
21.0154,0,0.0748291015625,0,0.1300048828125,0,-0.03887939453125,0,0.0
21.0229,0,0.0723876953125,0,0.356689453125,0,-0.03887939453125,0,0.0
21.0351,0,0.0723876953125,0,0.356689453125,0,0.028472900390625,0,0.0
21.0446,0,-0.11865234375,0,0.053955078125,0,0.028472900390625,0,0.0
21.0526,0,-0.11865234375,0,0.053955078125,0,-0.09075927734375,0,0.0
21.0660,0,-0.11865234375,0,-0.02459716796875,0,-0.09075927734375,0,0.0
21.0744,0,-0.1455078125,0,-0.02459716796875,0,-0.018829345703125,0,0.0
21.0840,0,-0.1455078125,0,0.381591796875,0,-0.018829345703125,0,0.0
21.0970,0,0.07275390625,0,0.381591796875,0,-0.018829345703125,0,0.0
21.1059,0,-0.1224365234375,0,-0.468994140625,0,0.035430908203125,0,0.0
21.1153,0,-0.1224365234375,0,-0.468994140625,0,-0.0240020751953125,0,0.0
21.1259,0,-0.1224365234375,0,0.03875732421875,0,-0.0240020751953125,0,0.0
21.1336,0,0.1048583984375,0,0.03875732421875,0,0.0933837890625,0,0.0
21.1433,0,0.1048583984375,0,-0.08013916015625,0,0.0933837890625,0,0.0
21.1549,0,0.0699462890625,0,-0.08013916015625,0,0.0933837890625,0,0.0
21.1645,0,0.0699462890625,0,0.428466796875,0,0.0260772705078125,0,0.0
21.1756,0,0.09490966796875,0,0.428466796875,0,0.0260772705078125,0,0.0
21.1834,0,-0.3203125,0,0.1829833984375,0,-0.09063720703125,0,0.0
21.2006,0,-0.3203125,0,0.1829833984375,0,-0.0224151611328125,0,0.0
21.2070,0,-0.3203125,0,-0.20849609375,0,-0.0224151611328125,0,0.0
21.2153,0,0.1431884765625,0,-0.20849609375,0,-0.0224151611328125,0,0.0
21.2229,0,0.1431884765625,0,0.28076171875,0,0.07867431640625,0,0.0
21.2343,0,0.041961669921875,0,0.28076171875,0,-0.03656005859375,0,0.0
21.2475,0,-0.1617431640625,0,-0.67138671875,0,-0.03656005859375,0,0.0
21.2628,0,-0.1617431640625,0,-0.67138671875,0,-0.03656005859375,0,0.0
21.2653,0,0.0251922607421875,0,0.1917724609375,0,-0.0167083740234375,0,0.0
21.2807,0,0.0251922607421875,0,0.1917724609375,0,-0.0167083740234375,0,0.0
21.2873,0,0.0251922607421875,0,-0.4560546875,0,0.07623291015625,0,0.0
21.2987,0,0.0540771484375,0,-0.4560546875,0,0.06805419921875,0,0.0
21.3084,0,0.0540771484375,0,0.07745361328125,0,0.06805419921875,0,0.0
21.3144,0,-0.035308837890625,0,0.07745361328125,0,0.06805419921875,0,0.0
21.3250,0,-0.035308837890625,0,0.309326171875,0,-0.0955810546875,0,0.0
21.3427,0,-0.20068359375,0,0.309326171875,0,-0.0955810546875,0,0.0
21.3484,0,-0.20068359375,0,0.309326171875,0,0.02105712890625,0,0.0
21.3620,0,0.06304931640625,0,-0.35986328125,0,0.02105712890625,0,0.0
21.3694,0,0.06304931640625,0,-0.35986328125,0,-0.0215911865234375,0,0.0
21.3806,0,-0.04693603515625,0,-0.45947265625,0,-0.0215911865234375,0,0.0
21.3891,0,-0.04693603515625,0,-0.45947265625,0,-0.0279693603515625,0,0.0
21.4004,0,0.0797119140625,0,0.3056640625,0,-0.0279693603515625,0,0.0
21.4083,0,0.0797119140625,0,0.3056640625,0,0.043914794921875,0,0.0
21.4205,0,0.168212890625,0,0.295654296875,0,0.043914794921875,0,0.0
21.4288,0,0.168212890625,0,0.295654296875,0,-0.0283660888671875,0,0.0
21.4428,0,-0.25439453125,0,0.17529296875,0,-0.0283660888671875,0,0.0
21.4486,0,-0.25439453125,0,0.17529296875,0,-0.06329345703125,0,0.0
21.4611,0,-0.206787109375,0,-0.2144775390625,0,-0.06329345703125,0,0.0
21.4681,0,-0.206787109375,0,-0.2144775390625,0,0.0528564453125,0,0.0
21.4733,0,-0.206787109375,0,0.35693359375,0,0.0528564453125,0,0.0
21.4876,0,-0.09881591796875,0,0.35693359375,0,-0.04632568359375,0,0.0
21.5004,0,-0.1336669921875,0,-0.1474609375,0,-0.04632568359375,0,0.0
21.5046,0,-0.1336669921875,0,-0.1474609375,0,-0.043304443359375,0,0.0
21.5202,0,-0.21728515625,0,-0.1009521484375,0,-0.043304443359375,0,0.0
21.5283,0,-0.21728515625,0,-0.1009521484375,0,-0.045867919921875,0,0.0
21.5329,0,0.1005859375,0,-0.04705810546875,0,-0.045867919921875,0,0.0
21.5476,0,0.1005859375,0,-0.04705810546875,0,-0.015899658203125,0,0.0
21.5524,0,0.08612060546875,0,-0.1038818359375,0,-0.015899658203125,0,0.0
21.5629,0,0.08612060546875,0,-0.1038818359375,0,-0.03302001953125,0,0.0
21.5797,0,-0.17919921875,0,0.226806640625,0,-0.03302001953125,0,0.0
21.5854,0,-0.17919921875,0,0.226806640625,0,0.069091796875,0,0.0
21.5932,0,-0.17919921875,0,0.2398681640625,0,0.069091796875,0,0.0
21.6103,0,-0.1495361328125,0,0.2398681640625,0,-0.01439666748046875,0,0.0
21.6124,0,-0.033294677734375,0,0.439208984375,0,-0.01439666748046875,0,0.0
21.6229,0,-0.033294677734375,0,0.439208984375,0,0.107421875,0,0.0
21.6402,0,-0.11273193359375,0,0.2044677734375,0,0.107421875,0,0.0
21.6450,0,-0.11273193359375,0,0.2044677734375,0,-0.014495849609375,0,0.0
21.6524,0,-0.11273193359375,0,0.389404296875,0,-0.014495849609375,0,0.0
21.6668,0,-0.2149658203125,0,0.389404296875,0,0.07574462890625,0,0.0
21.6722,0,-0.2149658203125,0,0.056488037109375,0,0.07574462890625,0,0.0
21.6836,0,0.087158203125,0,0.056488037109375,0,0.07574462890625,0,0.0
21.6979,0,-0.0931396484375,0,-0.6015625,0,0.058135986328125,0,0.0
21.7047,0,-0.0931396484375,0,-0.6015625,0,-0.029327392578125,0,0.0
21.7161,0,-0.0931396484375,0,0.441650390625,0,-0.029327392578125,0,0.0
21.7268,0,0.116455078125,0,0.441650390625,0,0.007434844970703125,0,0.0
21.7398,0,-0.06610107421875,0,0.5419921875,0,0.007434844970703125,0,0.0
21.7465,0,-0.06610107421875,0,0.5419921875,0,-0.04449462890625,0,0.0
21.7532,0,-0.06610107421875,0,-0.325927734375,0,-0.04449462890625,0,0.0
21.7696,0,-0.2242431640625,0,-0.325927734375,0,0.04266357421875,0,0.0
21.7753,0,-0.2242431640625,0,-0.3759765625,0,0.04266357421875,0,0.0
21.7895,0,-0.058197021484375,0,-0.3759765625,0,0.04266357421875,0,0.0
21.7994,0,-0.058197021484375,0,-0.3759765625,0,-0.06402587890625,0,0.0
21.8070,0,-0.05792236328125,0,0.0136871337890625,0,-0.06402587890625,0,0.0
21.8199,0,-0.05792236328125,0,0.0136871337890625,0,-0.013214111328125,0,0.0
21.8278,0,0.0271453857421875,0,0.2047119140625,0,-0.013214111328125,0,0.0
21.8424,0,0.0271453857421875,0,0.2047119140625,0,-0.00942230224609375,0,0.0
21.8485,0,-0.1734619140625,0,0.446044921875,0,-0.00942230224609375,0,0.0
21.8626,0,-0.1734619140625,0,0.446044921875,0,-0.09246826171875,0,0.0
21.8659,0,0.08319091796875,0,-0.07037353515625,0,-0.09246826171875,0,0.0
21.8819,0,0.08319091796875,0,-0.07037353515625,0,0.0236358642578125,0,0.0
21.8867,0,-0.048187255859375,0,-0.7568359375,0,0.0236358642578125,0,0.0
21.8995,0,-0.048187255859375,0,-0.7568359375,0,0.07672119140625,0,0.0
21.9061,0,-0.17919921875,0,-0.62109375,0,0.07672119140625,0,0.0
21.9192,0,-0.17919921875,0,-0.62109375,0,-0.07904052734375,0,0.0
21.9264,0,-0.146484375,0,0.3076171875,0,-0.07904052734375,0,0.0
21.9394,0,-0.146484375,0,0.3076171875,0,0.038482666015625,0,0.0
21.9460,0,-0.05902099609375,0,0.498779296875,0,0.038482666015625,0,0.0
21.9624,0,-0.05902099609375,0,0.498779296875,0,-0.08892822265625,0,0.0
21.9654,0,0.058624267578125,0,0.44873046875,0,-0.08892822265625,0,0.0
21.9829,0,0.058624267578125,0,0.44873046875,0,0.0728759765625,0,0.0
21.9857,0,-0.056732177734375,0,-0.313232421875,0,0.0728759765625,0,0.0
22.0016,0,-0.056732177734375,0,-0.313232421875,0,0.020172119140625,0,0.0
22.0055,0,-0.2210693359375,0,-0.728515625,0,0.020172119140625,0,0.0
22.0135,0,-0.2210693359375,0,-0.728515625,0,0.0172271728515625,0,0.0
22.0279,0,-0.2210693359375,0,0.439697265625,0,0.0172271728515625,0,0.0
22.0411,0,0.08294677734375,0,0.439697265625,0,-0.07110595703125,0,0.0
22.0478,0,0.08294677734375,0,0.22607421875,0,-0.07110595703125,0,0.0
22.0625,0,0.12335205078125,0,0.22607421875,0,-0.061431884765625,0,0.0
22.0661,0,0.12335205078125,0,-0.11505126953125,0,-0.061431884765625,0,0.0
22.0743,0,-0.11541748046875,0,-0.11505126953125,0,-0.05340576171875,0,0.0
22.0844,0,-0.11541748046875,0,0.197265625,0,-0.05340576171875,0,0.0
22.0930,0,0.0494384765625,0,0.197265625,0,0.08575439453125,0,0.0
22.1058,0,0.0494384765625,0,0.53955078125,0,0.08575439453125,0,0.0
22.1132,0,-0.0606689453125,0,0.53955078125,0,-0.0281829833984375,0,0.0
22.1283,0,-0.0606689453125,0,0.0693359375,0,-0.0281829833984375,0,0.0
22.1321,0,0.051605224609375,0,0.0693359375,0,-0.004085540771484375,0,0.0
22.1489,0,0.072998046875,0,0.102294921875,0,-0.004085540771484375,0,0.0
22.1526,0,0.072998046875,0,0.102294921875,0,-0.0391845703125,0,0.0
22.1651,0,0.072998046875,0,0.073486328125,0,-0.0391845703125,0,0.0
22.1733,0,-0.07635498046875,0,0.073486328125,0,0.0704345703125,0,0.0
22.1884,0,-0.07635498046875,0,-0.314697265625,0,0.0704345703125,0,0.0
22.1964,0,0.181884765625,0,-0.314697265625,0,0.1029052734375,0,0.0
22.2090,0,0.181884765625,0,0.267822265625,0,0.1029052734375,0,0.0
22.2219,0,-0.319091796875,0,0.267822265625,0,0.010009765625,0,0.0
22.2298,0,-0.319091796875,0,-0.1845703125,0,0.010009765625,0,0.0
22.2413,0,-0.08184814453125,0,-0.1845703125,0,0.010009765625,0,0.0
22.2475,0,-0.08184814453125,0,-0.1845703125,0,-0.03515625,0,0.0
22.2529,0,-0.1566162109375,0,0.2391357421875,0,-0.03515625,0,0.0
22.2688,0,-0.1566162109375,0,0.2391357421875,0,-0.0018281936645507812,0,0.0
22.2727,0,-0.147705078125,0,0.0291748046875,0,-0.0018281936645507812,0,0.0
22.2888,0,-0.147705078125,0,0.0291748046875,0,-0.044830322265625,0,0.0
22.3012,0,0.0285491943359375,0,0.1693115234375,0,-0.044830322265625,0,0.0
22.3100,0,0.0285491943359375,0,0.1693115234375,0,0.08734130859375,0,0.0
22.3144,0,0.134765625,0,-0.42822265625,0,0.08734130859375,0,0.0
22.3278,0,0.134765625,0,-0.42822265625,0,-0.02972412109375,0,0.0
22.3330,0,-0.1484375,0,0.5,0,-0.02972412109375,0,0.0
22.3484,0,-0.1484375,0,0.5,0,-0.018218994140625,0,0.0
22.3537,0,-0.1485595703125,0,-0.398193359375,0,-0.018218994140625,0,0.0
22.3643,0,-0.1485595703125,0,-0.398193359375,0,-0.0291748046875,0,0.0
22.3722,0,-0.11383056640625,0,0.0677490234375,0,-0.0291748046875,0,0.0
22.3883,0,-0.11383056640625,0,0.0677490234375,0,-0.04095458984375,0,0.0
22.3923,0,-0.1566162109375,0,0.250732421875,0,-0.04095458984375,0,0.0
22.4083,0,-0.1566162109375,0,0.250732421875,0,-0.08331298828125,0,0.0
22.4133,0,-0.11456298828125,0,0.441162109375,0,-0.08331298828125,0,0.0
22.4284,0,-0.11456298828125,0,0.441162109375,0,-0.079345703125,0,0.0
22.4321,0,-0.11456298828125,0,0.44091796875,0,-0.079345703125,0,0.0
22.4486,0,-0.23876953125,0,0.44091796875,0,0.12091064453125,0,0.0
22.4522,0,0.135498046875,0,-0.56640625,0,0.12091064453125,0,0.0
22.4676,0,0.135498046875,0,-0.56640625,0,0.025146484375,0,0.0
22.4735,0,0.016510009765625,0,0.32861328125,0,0.025146484375,0,0.0
22.4883,0,0.016510009765625,0,0.32861328125,0,0.0947265625,0,0.0
22.4941,0,0.016510009765625,0,0.036407470703125,0,0.0947265625,0,0.0
22.5090,0,0.11065673828125,0,0.036407470703125,0,-0.04193115234375,0,0.0
22.5124,0,0.11065673828125,0,-0.51611328125,0,-0.04193115234375,0,0.0
22.5226,0,0.0728759765625,0,-0.51611328125,0,0.06060791015625,0,0.0
22.5334,0,0.0728759765625,0,0.483642578125,0,0.06060791015625,0,0.0
22.5473,0,0.088623046875,0,0.483642578125,0,0.04852294921875,0,0.0
22.5518,0,0.088623046875,0,0.401611328125,0,0.04852294921875,0,0.0
22.5680,0,-0.09869384765625,0,0.401611328125,0,-0.03472900390625,0,0.0
22.5739,0,-0.09869384765625,0,0.30029296875,0,-0.03472900390625,0,0.0
22.5835,0,-0.1610107421875,0,0.30029296875,0,-0.031707763671875,0,0.0
22.5964,0,-0.1610107421875,0,0.374755859375,0,-0.031707763671875,0,0.0
22.6037,0,-0.1927490234375,0,0.374755859375,0,0.0626220703125,0,0.0
22.6153,0,-0.1927490234375,0,-0.7626953125,0,0.0626220703125,0,0.0
22.6253,0,-0.07275390625,0,-0.7626953125,0,0.042572021484375,0,0.0
22.6358,0,-0.07275390625,0,-0.11737060546875,0,0.042572021484375,0,0.0
22.6479,0,0.09246826171875,0,-0.11737060546875,0,0.05096435546875,0,0.0
22.6566,0,-0.08795166015625,0,-0.306640625,0,0.05096435546875,0,0.0
22.6668,0,-0.08795166015625,0,-0.306640625,0,-0.03216552734375,0,0.0
22.6802,0,-0.06597900390625,0,0.1390380859375,0,-0.03216552734375,0,0.0
22.6877,0,-0.06597900390625,0,0.1390380859375,0,-0.07904052734375,0,0.0
22.6989,0,-0.06597900390625,0,0.426513671875,0,-0.07904052734375,0,0.0
22.7041,0,-0.028900146484375,0,0.426513671875,0,-0.037506103515625,0,0.0
22.7189,0,-0.028900146484375,0,-0.1429443359375,0,-0.037506103515625,0,0.0
22.7258,0,0.11590576171875,0,-0.1429443359375,0,0.023681640625,0,0.0
22.7393,0,0.11590576171875,0,0.332275390625,0,0.023681640625,0,0.0
22.7471,0,0.0350341796875,0,0.332275390625,0,-0.06329345703125,0,0.0
22.7620,0,0.133544921875,0,-0.312255859375,0,-0.06329345703125,0,0.0
22.7679,0,0.133544921875,0,-0.312255859375,0,-0.006923675537109375,0,0.0
22.7763,0,0.133544921875,0,-0.415771484375,0,-0.006923675537109375,0,0.0
22.7892,0,0.0635986328125,0,-0.415771484375,0,-0.006923675537109375,0,0.0
22.8004,0,0.0635986328125,0,-0.415771484375,0,-0.053619384765625,0,0.0
22.8083,0,0.072998046875,0,0.2352294921875,0,-0.053619384765625,0,0.0
22.8166,0,0.072998046875,0,0.2352294921875,0,-0.035430908203125,0,0.0
22.8258,0,0.12213134765625,0,-0.51171875,0,-0.035430908203125,0,0.0
22.8393,0,0.12213134765625,0,-0.51171875,0,-0.07611083984375,0,0.0
22.8448,0,0.101806640625,0,-0.787109375,0,-0.07611083984375,0,0.0
22.8600,0,0.101806640625,0,-0.787109375,0,0.03125,0,0.0
22.8655,0,-0.11468505859375,0,0.36669921875,0,0.03125,0,0.0
22.8808,0,-0.11468505859375,0,0.36669921875,0,0.029388427734375,0,0.0
22.8859,0,0.052459716796875,0,0.10906982421875,0,0.029388427734375,0,0.0
22.9032,0,0.052459716796875,0,0.10906982421875,0,-0.036346435546875,0,0.0
22.9063,0,-0.2003173828125,0,-0.493408203125,0,-0.036346435546875,0,0.0
22.9140,0,-0.2003173828125,0,-0.493408203125,0,-0.03192138671875,0,0.0
22.9245,0,-0.044403076171875,0,0.353515625,0,-0.03192138671875,0,0.0
22.9421,0,-0.044403076171875,0,0.353515625,0,-0.038543701171875,0,0.0
22.9472,0,-0.044403076171875,0,-0.065673828125,0,-0.038543701171875,0,0.0
22.9603,0,0.081787109375,0,-0.065673828125,0,0.013671875,0,0.0
22.9653,0,0.081787109375,0,0.293212890625,0,0.013671875,0,0.0
22.9734,0,-0.1640625,0,0.293212890625,0,0.0208282470703125,0,0.0
22.9841,0,0.08624267578125,0,0.25634765625,0,0.0208282470703125,0,0.0
22.9935,0,0.08624267578125,0,0.25634765625,0,0.04632568359375,0,0.0
23.0045,0,-0.1162109375,0,-0.09320068359375,0,0.04632568359375,0,0.0
23.0133,0,-0.1162109375,0,-0.09320068359375,0,-0.006626129150390625,0,0.0
23.0236,0,-0.1162109375,0,0.05633544921875,0,-0.006626129150390625,0,0.0
23.0331,0,-0.2275390625,0,0.05633544921875,0,0.03790283203125,0,0.0
23.0442,0,-0.1236572265625,0,0.176513671875,0,0.03790283203125,0,0.0
23.0520,0,-0.1236572265625,0,0.176513671875,0,0.006183624267578125,0,0.0
23.0667,0,0.08465576171875,0,0.2369384765625,0,0.006183624267578125,0,0.0
23.0733,0,0.08465576171875,0,0.2369384765625,0,-0.0213623046875,0,0.0
23.0835,0,0.08465576171875,0,-0.572265625,0,-0.0213623046875,0,0.0
23.0945,0,0.035491943359375,0,-0.572265625,0,-0.009674072265625,0,0.0
23.1045,0,0.035491943359375,0,-0.978515625,0,-0.009674072265625,0,0.0
23.1153,0,0.059539794921875,0,-0.978515625,0,0.01259613037109375,0,0.0
23.1269,0,0.059539794921875,0,-0.390869140625,0,0.01259613037109375,0,0.0
23.1347,0,0.08917236328125,0,-0.390869140625,0,0.0556640625,0,0.0
23.1478,0,0.08917236328125,0,-0.52099609375,0,0.0556640625,0,0.0
23.1541,0,-0.17529296875,0,-0.52099609375,0,0.013885498046875,0,0.0
23.1681,0,0.06378173828125,0,-0.089111328125,0,0.013885498046875,0,0.0
23.1789,0,0.06378173828125,0,-0.089111328125,0,0.013885498046875,0,0.0
23.1887,0,0.06378173828125,0,-0.089111328125,0,-0.0799560546875,0,0.0
23.1999,0,-0.166748046875,0,-0.11529541015625,0,-0.0799560546875,0,0.0
23.2052,0,-0.166748046875,0,0.37109375,0,0.00513458251953125,0,0.0
23.2143,0,0.03778076171875,0,0.37109375,0,0.0254364013671875,0,0.0
23.2292,0,0.03778076171875,0,-0.357666015625,0,0.0254364013671875,0,0.0
23.2363,0,-0.2061767578125,0,-0.357666015625,0,-0.029815673828125,0,0.0
23.2498,0,0.0545654296875,0,0.4853515625,0,-0.029815673828125,0,0.0
23.2562,0,0.0545654296875,0,0.4853515625,0,-0.09356689453125,0,0.0
23.2706,0,0.07159423828125,0,0.065673828125,0,-0.09356689453125,0,0.0
23.2744,0,0.07159423828125,0,0.065673828125,0,-0.09356689453125,0,0.0
23.2874,0,0.07159423828125,0,0.065673828125,0,-0.02447509765625,0,0.0
23.3000,0,0.0865478515625,0,0.178955078125,0,-0.02447509765625,0,0.0
23.3086,0,0.0865478515625,0,0.178955078125,0,-0.033111572265625,0,0.0
23.3196,0,0.07122802734375,0,0.237060546875,0,-0.033111572265625,0,0.0
23.3323,0,0.07122802734375,0,0.237060546875,0,-0.040771484375,0,0.0
23.3348,0,-0.1259765625,0,-0.0677490234375,0,-0.040771484375,0,0.0
23.3515,0,-0.1259765625,0,-0.0677490234375,0,0.03668212890625,0,0.0
23.3553,0,-0.1051025390625,0,0.11529541015625,0,0.03668212890625,0,0.0
23.3693,0,-0.1051025390625,0,0.11529541015625,0,0.051483154296875,0,0.0
23.3740,0,-0.1934814453125,0,-0.78515625,0,0.051483154296875,0,0.0
23.3870,0,-0.1934814453125,0,-0.78515625,0,0.03094482421875,0,0.0
23.3960,0,-0.1934814453125,0,-0.08966064453125,0,0.03094482421875,0,0.0
23.4072,0,0.076416015625,0,-0.08966064453125,0,0.02130126953125,0,0.0
23.4140,0,0.076416015625,0,0.412109375,0,0.02130126953125,0,0.0
23.4282,0,-0.099365234375,0,0.412109375,0,0.047393798828125,0,0.0
23.4347,0,-0.1014404296875,0,0.2216796875,0,0.047393798828125,0,0.0
23.4492,0,-0.1014404296875,0,0.2216796875,0,-0.0249786376953125,0,0.0
23.4539,0,-0.1014404296875,0,0.0212860107421875,0,-0.0249786376953125,0,0.0
23.4707,0,0.1385498046875,0,0.0212860107421875,0,-0.03570556640625,0,0.0
23.4765,0,0.1385498046875,0,-0.16943359375,0,-0.03570556640625,0,0.0
23.4867,0,-0.14111328125,0,-0.16943359375,0,-0.044281005859375,0,0.0
23.4937,0,-0.2017822265625,0,0.423583984375,0,-0.044281005859375,0,0.0
23.5068,0,-0.2017822265625,0,0.423583984375,0,-0.050811767578125,0,0.0
23.5146,0,-0.08099365234375,0,-0.1636962890625,0,-0.050811767578125,0,0.0
23.5274,0,-0.08099365234375,0,-0.1636962890625,0,-0.0235748291015625,0,0.0
23.5328,0,-0.08099365234375,0,0.287353515625,0,-0.0235748291015625,0,0.0
23.5431,0,-0.042266845703125,0,0.287353515625,0,-0.10357666015625,0,0.0
23.5542,0,-0.042266845703125,0,-0.1968994140625,0,-0.10357666015625,0,0.0
23.5651,0,0.1143798828125,0,-0.1968994140625,0,0.018646240234375,0,0.0
23.5752,0,0.1143798828125,0,0.31591796875,0,0.018646240234375,0,0.0
23.5845,0,-0.1640625,0,0.31591796875,0,0.0290069580078125,0,0.0
23.5988,0,-0.1640625,0,-0.59521484375,0,0.0290069580078125,0,0.0
23.6069,0,-0.0850830078125,0,-0.59521484375,0,0.0290069580078125,0,0.0
23.6206,0,-0.0850830078125,0,-0.59521484375,0,0.09283447265625,0,0.0
23.6265,0,-0.255859375,0,-0.025390625,0,0.0087127685546875,0,0.0
23.6442,0,-0.1949462890625,0,0.472900390625,0,0.0087127685546875,0,0.0
23.6481,0,-0.1949462890625,0,0.472900390625,0,-0.048065185546875,0,0.0
23.6554,0,-0.1949462890625,0,0.374267578125,0,-0.048065185546875,0,0.0
23.6658,0,0.1248779296875,0,0.374267578125,0,-0.048065185546875,0,0.0
23.6810,0,0.1248779296875,0,0.374267578125,0,-0.06512451171875,0,0.0
23.6850,0,-0.06817626953125,0,0.2423095703125,0,-0.06512451171875,0,0.0
23.6941,0,-0.06817626953125,0,0.2423095703125,0,-0.063232421875,0,0.0
23.7107,0,0.050628662109375,0,0.375,0,0.0738525390625,0,0.0
23.7214,0,0.050628662109375,0,0.390625,0,0.0738525390625,0,0.0
23.7251,0,-0.1959228515625,0,0.390625,0,0.0738525390625,0,0.0
23.7443,0,-0.1959228515625,0,0.390625,0,0.126708984375,0,0.0
23.7482,0,0.09136962890625,0,0.318115234375,0,0.126708984375,0,0.0
23.7633,0,0.09136962890625,0,0.318115234375,0,0.0073089599609375,0,0.0
23.7669,0,-0.10235595703125,0,-0.213134765625,0,0.0073089599609375,0,0.0
23.7805,0,-0.10235595703125,0,-0.213134765625,0,-0.005825042724609375,0,0.0
23.7850,0,-0.1331787109375,0,0.1109619140625,0,-0.005825042724609375,0,0.0
23.8029,0,-0.1331787109375,0,0.1109619140625,0,-0.0188446044921875,0,0.0
23.8077,0,-0.1331787109375,0,0.1602783203125,0,-0.0188446044921875,0,0.0
23.8210,0,0.11883544921875,0,0.1602783203125,0,0.054656982421875,0,0.0
23.8259,0,-0.0435791015625,0,0.37939453125,0,0.054656982421875,0,0.0
23.8407,0,-0.0435791015625,0,0.37939453125,0,-0.004016876220703125,0,0.0
23.8468,0,-0.0830078125,0,-0.185302734375,0,-0.004016876220703125,0,0.0
23.8599,0,-0.0830078125,0,-0.185302734375,0,-0.06451416015625,0,0.0
23.8651,0,-0.030242919921875,0,0.45556640625,0,-0.06451416015625,0,0.0
23.8806,0,-0.030242919921875,0,0.45556640625,0,-0.0297088623046875,0,0.0
23.8856,0,-0.09716796875,0,0.327392578125,0,-0.0297088623046875,0,0.0
23.9006,0,-0.09716796875,0,0.327392578125,0,0.054962158203125,0,0.0
23.9063,0,-0.09716796875,0,-0.66455078125,0,0.054962158203125,0,0.0
23.9229,0,0.0994873046875,0,-0.66455078125,0,-0.030975341796875,0,0.0
23.9276,0,0.0994873046875,0,-0.5498046875,0,-0.030975341796875,0,0.0
23.9354,0,0.09442138671875,0,-0.5498046875,0,-0.00848388671875,0,0.0
23.9470,0,0.09442138671875,0,0.40673828125,0,-0.00848388671875,0,0.0
23.9536,0,-0.254638671875,0,0.40673828125,0,-0.03955078125,0,0.0
23.9641,0,-0.254638671875,0,0.056793212890625,0,-0.03955078125,0,0.0
23.9732,0,-0.1092529296875,0,0.056793212890625,0,-0.052459716796875,0,0.0
23.9837,0,-0.1092529296875,0,-0.6630859375,0,-0.052459716796875,0,0.0
23.9913,0,-0.0333251953125,0,-0.6630859375,0,0.02862548828125,0,0.0
24.0052,0,-0.0333251953125,0,-0.7177734375,0,0.02862548828125,0,0.0
24.0122,0,-0.20751953125,0,-0.7177734375,0,-0.035003662109375,0,0.0
24.0246,0,-0.20751953125,0,-0.12420654296875,0,-0.035003662109375,0,0.0
24.0347,0,0.10260009765625,0,-0.12420654296875,0,-0.035003662109375,0,0.0
24.0462,0,0.10260009765625,0,-0.12420654296875,0,0.03155517578125,0,0.0
24.0546,0,0.029388427734375,0,-0.5634765625,0,0.03155517578125,0,0.0
24.0654,0,0.029388427734375,0,-0.5634765625,0,-0.0694580078125,0,0.0
24.0772,0,-0.074951171875,0,0.2568359375,0,-0.0694580078125,0,0.0
24.0875,0,-0.074951171875,0,0.2568359375,0,-0.0362548828125,0,0.0
24.0977,0,-0.453125,0,0.4814453125,0,-0.0362548828125,0,0.0
24.1081,0,-0.453125,0,0.4814453125,0,0.0130615234375,0,0.0
24.1153,0,-0.1031494140625,0,-0.254150390625,0,0.0130615234375,0,0.0
24.1276,0,-0.1031494140625,0,-0.254150390625,0,0.0232391357421875,0,0.0
24.1338,0,0.123779296875,0,0.29345703125,0,0.0232391357421875,0,0.0
24.1452,0,0.123779296875,0,0.29345703125,0,0.017669677734375,0,0.0
24.1546,0,0.06890869140625,0,0.315185546875,0,0.017669677734375,0,0.0
24.1661,0,0.06890869140625,0,0.315185546875,0,-0.11376953125,0,0.0
24.1722,0,-0.2449951171875,0,0.2275390625,0,-0.11376953125,0,0.0
24.1844,0,-0.2449951171875,0,0.2275390625,0,-0.033843994140625,0,0.0
24.1924,0,-0.115234375,0,-0.6015625,0,-0.033843994140625,0,0.0
24.2044,0,-0.115234375,0,-0.6015625,0,-0.0235137939453125,0,0.0
24.2158,0,-0.1434326171875,0,-0.18505859375,0,-0.0235137939453125,0,0.0
24.2252,0,-0.1434326171875,0,-0.18505859375,0,-0.053863525390625,0,0.0
24.2331,0,0.1292724609375,0,-0.77783203125,0,-0.053863525390625,0,0.0
24.2459,0,0.1292724609375,0,-0.77783203125,0,-0.03564453125,0,0.0
24.2527,0,-0.1519775390625,0,-0.313720703125,0,-0.03564453125,0,0.0
24.2669,0,-0.1519775390625,0,-0.313720703125,0,0.0340576171875,0,0.0
24.2748,0,-0.233154296875,0,-0.332763671875,0,0.0340576171875,0,0.0
24.2855,0,-0.233154296875,0,-0.332763671875,0,-0.07513427734375,0,0.0
24.2945,0,-0.233154296875,0,-0.3876953125,0,-0.07513427734375,0,0.0
24.3044,0,0.0709228515625,0,-0.3876953125,0,0.0108795166015625,0,0.0
24.3131,0,0.0244293212890625,0,0.1968994140625,0,0.0108795166015625,0,0.0
24.3260,0,0.0244293212890625,0,0.1968994140625,0,-0.049468994140625,0,0.0
24.3342,0,0.0244293212890625,0,-0.276611328125,0,-0.049468994140625,0,0.0
24.3469,0,-0.04815673828125,0,-0.276611328125,0,0.04071044921875,0,0.0
24.3523,0,-0.04815673828125,0,0.45703125,0,0.04071044921875,0,0.0
24.3645,0,-0.129150390625,0,0.45703125,0,-0.03173828125,0,0.0
24.3722,0,-0.129150390625,0,-0.70849609375,0,-0.03173828125,0,0.0
24.3830,0,0.04180908203125,0,-0.70849609375,0,-0.041015625,0,0.0
24.3945,0,0.04180908203125,0,-0.307861328125,0,-0.041015625,0,0.0
24.4043,0,-0.279296875,0,-0.307861328125,0,-0.0294952392578125,0,0.0
24.4154,0,-0.279296875,0,0.259521484375,0,-0.0294952392578125,0,0.0
24.4249,0,0.0841064453125,0,0.259521484375,0,0.04046630859375,0,0.0
24.4375,0,0.0841064453125,0,-0.049346923828125,0,0.04046630859375,0,0.0
24.4432,0,0.0281219482421875,0,-0.049346923828125,0,-0.0177154541015625,0,0.0
24.4537,0,0.0281219482421875,0,0.133544921875,0,-0.0177154541015625,0,0.0
24.4643,0,0.1273193359375,0,0.133544921875,0,0.041839599609375,0,0.0
24.4753,0,0.1273193359375,0,-0.294677734375,0,0.041839599609375,0,0.0
24.4847,0,0.2174072265625,0,-0.294677734375,0,0.041839599609375,0,0.0
24.4940,0,0.2174072265625,0,-0.294677734375,0,0.07073974609375,0,0.0
24.5041,0,0.10455322265625,0,0.251708984375,0,0.07073974609375,0,0.0
24.5150,0,0.10455322265625,0,0.251708984375,0,0.087890625,0,0.0
24.5243,0,-0.332763671875,0,0.205810546875,0,0.087890625,0,0.0
24.5336,0,-0.332763671875,0,0.205810546875,0,0.12493896484375,0,0.0
24.5454,0,-0.148193359375,0,0.1942138671875,0,0.12493896484375,0,0.0
24.5536,0,-0.148193359375,0,0.1942138671875,0,-0.04638671875,0,0.0
24.5644,0,0.1148681640625,0,-0.564453125,0,-0.04638671875,0,0.0
24.5734,0,0.1148681640625,0,-0.564453125,0,-0.059051513671875,0,0.0
24.5847,0,-0.15283203125,0,-0.258056640625,0,-0.059051513671875,0,0.0
24.5934,0,-0.15283203125,0,-0.258056640625,0,-0.019317626953125,0,0.0
24.6038,0,-0.11370849609375,0,-0.1138916015625,0,-0.019317626953125,0,0.0
24.6139,0,-0.11370849609375,0,-0.1138916015625,0,-0.038116455078125,0,0.0
24.6223,0,-0.16552734375,0,-0.488037109375,0,-0.038116455078125,0,0.0
24.6333,0,-0.16552734375,0,-0.488037109375,0,0.0325927734375,0,0.0
24.6475,0,0.16259765625,0,-0.2481689453125,0,0.0325927734375,0,0.0
24.6533,0,0.16259765625,0,-0.2481689453125,0,0.0160675048828125,0,0.0
24.6650,0,-0.329345703125,0,-0.65283203125,0,0.0160675048828125,0,0.0
24.6734,0,-0.329345703125,0,-0.65283203125,0,0.0193634033203125,0,0.0
24.6840,0,0.0272369384765625,0,-0.56689453125,0,0.0193634033203125,0,0.0
24.6932,0,0.0272369384765625,0,-0.56689453125,0,-0.045623779296875,0,0.0
24.7040,0,-0.0738525390625,0,-0.1649169921875,0,-0.045623779296875,0,0.0
24.7137,0,-0.0738525390625,0,-0.1649169921875,0,0.023651123046875,0,0.0
24.7236,0,-0.0738525390625,0,0.320068359375,0,0.023651123046875,0,0.0
24.7333,0,0.11279296875,0,0.320068359375,0,0.00859832763671875,0,0.0
24.7450,0,0.11279296875,0,-0.68212890625,0,0.00859832763671875,0,0.0
24.7591,0,0.1064453125,0,-0.68212890625,0,0.025726318359375,0,0.0
24.7645,0,0.1064453125,0,0.263671875,0,0.025726318359375,0,0.0
24.7734,0,-0.193603515625,0,0.263671875,0,0.048370361328125,0,0.0
24.7840,0,0.1795654296875,0,-0.053863525390625,0,0.048370361328125,0,0.0
24.8003,0,0.1795654296875,0,-0.053863525390625,0,0.05523681640625,0,0.0
24.8054,0,0.1795654296875,0,-0.1868896484375,0,0.05523681640625,0,0.0
24.8207,0,-0.0242919921875,0,-0.1868896484375,0,0.0094757080078125,0,0.0
24.8259,0,-0.0242919921875,0,0.37841796875,0,0.0094757080078125,0,0.0
24.8346,0,-0.19580078125,0,0.37841796875,0,-0.0179290771484375,0,0.0
24.8465,0,-0.19580078125,0,-0.1318359375,0,-0.0179290771484375,0,0.0
24.8589,0,-0.218505859375,0,-0.1318359375,0,-0.08941650390625,0,0.0
24.8644,0,-0.218505859375,0,-0.73974609375,0,-0.08941650390625,0,0.0
24.8799,0,0.1268310546875,0,-0.73974609375,0,-0.06768798828125,0,0.0
24.8869,0,0.1268310546875,0,0.419677734375,0,-0.06768798828125,0,0.0
24.8949,0,-0.11151123046875,0,0.419677734375,0,-0.01263427734375,0,0.0
24.9036,0,-0.11151123046875,0,0.16552734375,0,-0.01263427734375,0,0.0
24.9126,0,-0.1397705078125,0,0.16552734375,0,0.0313720703125,0,0.0
24.9270,0,-0.1397705078125,0,0.271484375,0,0.0313720703125,0,0.0
24.9332,0,0.201904296875,0,0.271484375,0,0.058502197265625,0,0.0
24.9436,0,0.201904296875,0,0.271484375,0,0.058502197265625,0,0.0
24.9513,0,0.1502685546875,0,0.11090087890625,0,-0.04168701171875,0,0.0
24.9639,0,0.1502685546875,0,0.11090087890625,0,-0.04168701171875,0,0.0
24.9722,0,-0.1646728515625,0,0.301513671875,0,-0.060638427734375,0,0.0
24.9844,0,-0.1646728515625,0,0.3525390625,0,-0.060638427734375,0,0.0
24.9931,0,-0.177001953125,0,0.3525390625,0,-0.020263671875,0,0.0
25.0054,0,-0.177001953125,0,0.1888427734375,0,-0.020263671875,0,0.0
25.0138,0,0.09857177734375,0,0.1888427734375,0,-0.020263671875,0,0.0
25.0330,0,0.09857177734375,0,-0.3623046875,0,0.030303955078125,0,0.0
25.0347,0,0.0645751953125,0,-0.3623046875,0,0.030303955078125,0,0.0
25.0487,0,0.0645751953125,0,-0.3623046875,0,-0.057159423828125,0,0.0
25.0607,0,0.043060302734375,0,-0.07586669921875,0,-0.045440673828125,0,0.0
25.0686,0,0.043060302734375,0,-0.07586669921875,0,-0.045440673828125,0,0.0
25.0736,0,-0.0111083984375,0,0.373046875,0,-0.045440673828125,0,0.0
25.0882,0,-0.0111083984375,0,0.373046875,0,0.0205230712890625,0,0.0
25.0964,0,-0.08624267578125,0,-1.0068359375,0,0.0205230712890625,0,0.0
25.1090,0,-0.08624267578125,0,-1.0068359375,0,0.04644775390625,0,0.0
25.1139,0,0.11102294921875,0,-0.1739501953125,0,0.04644775390625,0,0.0
25.1290,0,0.11102294921875,0,-0.1739501953125,0,0.0056610107421875,0,0.0
25.1361,0,0.11102294921875,0,-0.326416015625,0,0.0056610107421875,0,0.0
25.1490,0,-0.214111328125,0,-0.326416015625,0,-0.028839111328125,0,0.0
25.1565,0,0.12091064453125,0,0.15576171875,0,-0.028839111328125,0,0.0
25.1690,0,0.12091064453125,0,0.15576171875,0,-0.0194854736328125,0,0.0
25.1813,0,-0.0255126953125,0,0.437744140625,0,-0.0194854736328125,0,0.0
25.1886,0,-0.0255126953125,0,0.437744140625,0,-0.01690673828125,0,0.0
25.1940,0,-0.0255126953125,0,0.3447265625,0,-0.01690673828125,0,0.0
25.2067,0,0.0491943359375,0,0.3447265625,0,0.06640625,0,0.0
25.2124,0,0.0491943359375,0,0.04742431640625,0,0.06640625,0,0.0
25.2279,0,0.0038814544677734375,0,0.04742431640625,0,-0.0160675048828125,0,0.0
25.2384,0,0.0038814544677734375,0,0.26708984375,0,-0.0160675048828125,0,0.0
25.2490,0,0.11572265625,0,0.26708984375,0,0.11102294921875,0,0.0
25.2536,0,0.11572265625,0,-0.407470703125,0,0.11102294921875,0,0.0
25.2683,0,-0.07208251953125,0,-0.407470703125,0,-0.019561767578125,0,0.0
25.2735,0,-0.07208251953125,0,-0.3291015625,0,-0.019561767578125,0,0.0
25.2881,0,-0.1695556640625,0,-0.3291015625,0,-0.040985107421875,0,0.0
25.2945,0,-0.1695556640625,0,-0.20166015625,0,-0.040985107421875,0,0.0
25.3047,0,-0.07568359375,0,-0.20166015625,0,0.0210723876953125,0,0.0
25.3126,0,-0.07568359375,0,0.288330078125,0,0.0210723876953125,0,0.0
25.3246,0,0.1099853515625,0,0.288330078125,0,-0.027557373046875,0,0.0
25.3353,0,0.1099853515625,0,-0.7431640625,0,-0.027557373046875,0,0.0
25.3454,0,-0.06243896484375,0,-0.7431640625,0,0.1038818359375,0,0.0
25.3546,0,-0.06243896484375,0,0.2105712890625,0,0.1038818359375,0,0.0
25.3641,0,0.121826171875,0,0.2105712890625,0,0.028045654296875,0,0.0
25.3757,0,0.121826171875,0,0.336669921875,0,0.028045654296875,0,0.0
25.3849,0,-0.08349609375,0,0.336669921875,0,-0.09393310546875,0,0.0
25.3927,0,-0.08349609375,0,0.336669921875,0,-0.09393310546875,0,0.0
25.4060,0,0.09423828125,0,0.332763671875,0,-0.09393310546875,0,0.0
25.4133,0,0.09423828125,0,0.332763671875,0,0.07525634765625,0,0.0
25.4264,0,-0.10394287109375,0,0.1536865234375,0,0.07525634765625,0,0.0
25.4344,0,-0.10394287109375,0,0.1536865234375,0,-0.038482666015625,0,0.0
25.4450,0,0.044403076171875,0,-0.285888671875,0,-0.038482666015625,0,0.0
25.4572,0,0.044403076171875,0,0.2685546875,0,0.039581298828125,0,0.0
25.4673,0,-0.07391357421875,0,0.2685546875,0,0.039581298828125,0,0.0
25.4738,0,-0.07391357421875,0,0.2685546875,0,-0.037017822265625,0,0.0
25.4844,0,-0.15625,0,-0.459716796875,0,-0.037017822265625,0,0.0
25.4963,0,-0.15625,0,-0.459716796875,0,0.0748291015625,0,0.0
25.5052,0,0.045806884765625,0,0.1279296875,0,0.0748291015625,0,0.0
25.5198,0,0.045806884765625,0,0.1279296875,0,-0.039154052734375,0,0.0
25.5248,0,0.0655517578125,0,-0.61865234375,0,-0.039154052734375,0,0.0
25.5403,0,0.0655517578125,0,-0.61865234375,0,-0.03778076171875,0,0.0
25.5484,0,-0.3134765625,0,-0.40185546875,0,-0.03778076171875,0,0.0
25.5603,0,-0.3134765625,0,-0.40185546875,0,0.01485443115234375,0,0.0
25.5683,0,0.1422119140625,0,0.190673828125,0,0.01485443115234375,0,0.0
25.5773,0,0.1422119140625,0,0.190673828125,0,-0.020843505859375,0,0.0
25.5858,0,0.1422119140625,0,-0.205322265625,0,-0.020843505859375,0,0.0
25.6002,0,0.08367919921875,0,-0.205322265625,0,0.0287322998046875,0,0.0
25.6049,0,0.08367919921875,0,-0.414306640625,0,0.0287322998046875,0,0.0
25.6196,0,0.15576171875,0,-0.414306640625,0,0.02044677734375,0,0.0
25.6248,0,0.041534423828125,0,-0.142822265625,0,0.02044677734375,0,0.0
25.6400,0,0.041534423828125,0,-0.142822265625,0,0.050811767578125,0,0.0
25.6454,0,0.041534423828125,0,-0.45654296875,0,0.050811767578125,0,0.0
25.6600,0,-0.038604736328125,0,-0.45654296875,0,0.0218505859375,0,0.0
25.6654,0,-0.038604736328125,0,0.3212890625,0,0.0218505859375,0,0.0
25.6730,0,0.09356689453125,0,0.3212890625,0,-0.033355712890625,0,0.0
25.6838,0,0.09356689453125,0,-0.2432861328125,0,-0.033355712890625,0,0.0
25.7005,0,0.054534912109375,0,-0.2432861328125,0,-0.0208892822265625,0,0.0
25.7050,0,0.054534912109375,0,0.274169921875,0,-0.0208892822265625,0,0.0
25.7197,0,-0.048187255859375,0,0.274169921875,0,-0.0523681640625,0,0.0
25.7251,0,-0.048187255859375,0,-0.1124267578125,0,-0.0523681640625,0,0.0
25.7330,0,0.06732177734375,0,-0.1124267578125,0,-0.041290283203125,0,0.0
25.7432,0,0.06732177734375,0,-0.202392578125,0,-0.041290283203125,0,0.0
25.7522,0,0.03143310546875,0,-0.202392578125,0,0.0484619140625,0,0.0
25.7644,0,0.03143310546875,0,0.41455078125,0,0.0484619140625,0,0.0
25.7800,0,0.04779052734375,0,0.41455078125,0,0.036712646484375,0,0.0
25.7876,0,0.04779052734375,0,0.41455078125,0,0.036712646484375,0,0.0
25.7929,0,-0.11962890625,0,0.126708984375,0,0.0689697265625,0,0.0
25.8040,0,-0.11962890625,0,-0.6162109375,0,0.0689697265625,0,0.0
25.8124,0,0.045166015625,0,-0.6162109375,0,-0.0195159912109375,0,0.0
25.8294,0,0.045166015625,0,-0.18408203125,0,-0.0195159912109375,0,0.0
25.8333,0,-0.0606689453125,0,-0.18408203125,0,0.0479736328125,0,0.0
25.8491,0,-0.0606689453125,0,-0.18408203125,0,0.0479736328125,0,0.0
25.8541,0,0.08026123046875,0,-0.330322265625,0,0.013214111328125,0,0.0
25.8674,0,0.08026123046875,0,-0.330322265625,0,0.013214111328125,0,0.0
25.8736,0,-0.335205078125,0,-0.1795654296875,0,0.013214111328125,0,0.0
25.8843,0,-0.335205078125,0,-0.1795654296875,0,-0.05059814453125,0,0.0
25.9008,0,-0.2061767578125,0,-0.67919921875,0,-0.05059814453125,0,0.0
25.9055,0,-0.2061767578125,0,-0.67919921875,0,-0.031494140625,0,0.0
25.9135,0,0.0556640625,0,-0.87548828125,0,-0.031494140625,0,0.0
25.9239,0,0.0556640625,0,-0.87548828125,0,-0.074951171875,0,0.0
25.9394,0,0.083740234375,0,-0.2210693359375,0,-0.074951171875,0,0.0
25.9446,0,0.083740234375,0,-0.2210693359375,0,0.025146484375,0,0.0
25.9593,0,0.085693359375,0,-0.78369140625,0,0.025146484375,0,0.0
25.9651,0,0.085693359375,0,-0.78369140625,0,0.08642578125,0,0.0
25.9725,0,0.09442138671875,0,-0.39697265625,0,0.08642578125,0,0.0
25.9836,0,0.09442138671875,0,-0.39697265625,0,0.06683349609375,0,0.0
25.9924,0,-0.0770263671875,0,0.057403564453125,0,0.06683349609375,0,0.0
26.0059,0,-0.0770263671875,0,0.057403564453125,0,-0.0391845703125,0,0.0
26.0139,0,0.098388671875,0,0.07269287109375,0,-0.0391845703125,0,0.0
26.0267,0,0.098388671875,0,0.07269287109375,0,-0.01468658447265625,0,0.0
26.0323,0,-0.23486328125,0,0.142578125,0,-0.01468658447265625,0,0.0
26.0434,0,-0.23486328125,0,0.142578125,0,-0.0537109375,0,0.0
26.0522,0,0.07403564453125,0,0.041107177734375,0,-0.0537109375,0,0.0
26.0659,0,0.07403564453125,0,0.041107177734375,0,-0.01141357421875,0,0.0
26.0733,0,0.0916748046875,0,-0.34814453125,0,-0.01141357421875,0,0.0
26.0924,0,0.0916748046875,0,-0.34814453125,0,-0.0226593017578125,0,0.0
26.0971,0,0.0916748046875,0,-0.650390625,0,-0.0226593017578125,0,0.0
26.1102,0,-0.2186279296875,0,-0.650390625,0,0.133544921875,0,0.0
26.1180,0,-0.2186279296875,0,-0.52197265625,0,0.133544921875,0,0.0
26.1270,0,-0.2783203125,0,-0.52197265625,0,-0.0654296875,0,0.0
26.1385,0,-0.2783203125,0,-0.87646484375,0,-0.0654296875,0,0.0
26.1468,0,-0.09246826171875,0,-0.87646484375,0,-0.0139007568359375,0,0.0
26.1520,0,-0.09246826171875,0,0.28857421875,0,-0.0139007568359375,0,0.0
26.1664,0,-0.147216796875,0,0.28857421875,0,-0.0328369140625,0,0.0
26.1725,0,-0.147216796875,0,-0.57568359375,0,-0.0328369140625,0,0.0
26.1858,0,-0.1361083984375,0,-0.57568359375,0,0.0338134765625,0,0.0
26.1932,0,-0.1361083984375,0,0.36572265625,0,0.0338134765625,0,0.0
26.2070,0,0.070556640625,0,0.36572265625,0,0.01934814453125,0,0.0
26.2189,0,0.070556640625,0,0.096923828125,0,0.01934814453125,0,0.0
26.2266,0,-0.0418701171875,0,0.096923828125,0,-0.031524658203125,0,0.0
26.2350,0,-0.0418701171875,0,0.099853515625,0,-0.031524658203125,0,0.0
26.2463,0,0.029815673828125,0,0.099853515625,0,0.0229949951171875,0,0.0
26.2533,0,0.029815673828125,0,0.114990234375,0,0.0229949951171875,0,0.0
26.2663,0,0.08575439453125,0,0.114990234375,0,0.044921875,0,0.0
26.2791,0,0.08575439453125,0,0.489013671875,0,0.044921875,0,0.0
26.2867,0,0.115966796875,0,0.489013671875,0,-0.061859130859375,0,0.0
26.2988,0,0.115966796875,0,0.489013671875,0,-0.061859130859375,0,0.0
26.3039,0,-0.275634765625,0,-0.4443359375,0,0.10247802734375,0,0.0
26.3131,0,-0.275634765625,0,-0.12066650390625,0,0.10247802734375,0,0.0
26.3239,0,0.1160888671875,0,-0.12066650390625,0,0.048797607421875,0,0.0
26.3386,0,0.1160888671875,0,-0.12066650390625,0,0.048797607421875,0,0.0
26.3441,0,0.2489013671875,0,-0.57861328125,0,-0.0264129638671875,0,0.0
26.3587,0,0.2489013671875,0,-0.57861328125,0,-0.0264129638671875,0,0.0
26.3685,0,-0.251708984375,0,0.33935546875,0,-0.0264129638671875,0,0.0
26.3787,0,-0.251708984375,0,0.33935546875,0,0.0379638671875,0,0.0
26.3840,0,0.1300048828125,0,-0.02105712890625,0,0.0257415771484375,0,0.0
26.3919,0,0.1300048828125,0,-0.02105712890625,0,0.0257415771484375,0,0.0
26.4032,0,0.1201171875,0,0.28515625,0,-0.01146697998046875,0,0.0
26.4187,0,0.1201171875,0,0.28515625,0,-0.01146697998046875,0,0.0
26.4248,0,0.0228729248046875,0,0.25,0,-0.01146697998046875,0,0.0
26.4385,0,0.0228729248046875,0,0.25,0,0.0230560302734375,0,0.0
26.4463,0,-0.1680908203125,0,0.15869140625,0,0.0230560302734375,0,0.0
26.4519,0,-0.1680908203125,0,0.15869140625,0,0.05438232421875,0,0.0
26.4671,0,-0.1380615234375,0,0.2109375,0,0.05438232421875,0,0.0
26.4722,0,-0.1380615234375,0,0.2109375,0,0.0174560546875,0,0.0
26.4830,0,-0.177490234375,0,-0.3115234375,0,0.0174560546875,0,0.0
26.4948,0,-0.177490234375,0,-0.3115234375,0,-0.032318115234375,0,0.0
26.5050,0,0.022979736328125,0,0.3544921875,0,-0.032318115234375,0,0.0
26.5150,0,0.022979736328125,0,0.3544921875,0,-0.0750732421875,0,0.0
26.5251,0,-0.0673828125,0,-0.060272216796875,0,-0.0750732421875,0,0.0
26.5324,0,-0.0673828125,0,-0.060272216796875,0,-0.006092071533203125,0,0.0
26.5426,0,-0.0673828125,0,0.337646484375,0,-0.006092071533203125,0,0.0
26.5547,0,0.04852294921875,0,0.337646484375,0,-0.039031982421875,0,0.0
26.5641,0,-0.1455078125,0,-0.11688232421875,0,-0.039031982421875,0,0.0
26.5746,0,-0.1455078125,0,-0.11688232421875,0,-0.01468658447265625,0,0.0
26.5853,0,0.09259033203125,0,0.46240234375,0,-0.01468658447265625,0,0.0
26.5944,0,0.09259033203125,0,0.46240234375,0,0.05328369140625,0,0.0
26.6034,0,0.09259033203125,0,0.42333984375,0,0.05328369140625,0,0.0
26.6146,0,-0.1331787109375,0,0.42333984375,0,0.038360595703125,0,0.0
26.6233,0,-0.1331787109375,0,-0.1622314453125,0,0.038360595703125,0,0.0
26.6353,0,-0.01464080810546875,0,-0.1622314453125,0,-0.0345458984375,0,0.0
26.6451,0,0.18017578125,0,-0.36376953125,0,-0.0345458984375,0,0.0
26.6544,0,0.18017578125,0,-0.36376953125,0,0.036224365234375,0,0.0
26.6646,0,0.18017578125,0,-0.347412109375,0,0.036224365234375,0,0.0
26.6746,0,0.053466796875,0,-0.347412109375,0,-0.040252685546875,0,0.0
26.6839,0,0.053466796875,0,0.296875,0,-0.040252685546875,0,0.0
26.6914,0,-0.232421875,0,0.296875,0,0.00998687744140625,0,0.0
26.7034,0,-0.232421875,0,-0.52490234375,0,0.00998687744140625,0,0.0
26.7123,0,-0.0633544921875,0,-0.52490234375,0,-0.04583740234375,0,0.0
26.7244,0,0.089111328125,0,0.07830810546875,0,-0.04583740234375,0,0.0
26.7388,0,0.089111328125,0,0.07830810546875,0,-0.03265380859375,0,0.0
26.7441,0,0.089111328125,0,0.313232421875,0,-0.03265380859375,0,0.0
26.7520,0,-0.266357421875,0,0.313232421875,0,-0.0794677734375,0,0.0
26.7635,0,-0.266357421875,0,-1.0615234375,0,-0.0794677734375,0,0.0
26.7724,0,-0.0243988037109375,0,-1.0615234375,0,-0.034912109375,0,0.0
26.7846,0,-0.0243988037109375,0,-0.083740234375,0,-0.034912109375,0,0.0
26.7932,0,-0.2142333984375,0,-0.083740234375,0,0.030426025390625,0,0.0
26.8071,0,-0.2142333984375,0,-0.083740234375,0,0.030426025390625,0,0.0
26.8145,0,-0.29833984375,0,0.0300445556640625,0,0.01090240478515625,0,0.0
26.8245,0,-0.29833984375,0,0.231689453125,0,0.01090240478515625,0,0.0
26.8411,0,0.09100341796875,0,0.231689453125,0,-0.036865234375,0,0.0
26.8462,0,0.09100341796875,0,-0.476318359375,0,-0.036865234375,0,0.0
26.8541,0,0.10626220703125,0,-0.476318359375,0,0.041046142578125,0,0.0
26.8661,0,0.10626220703125,0,-0.476318359375,0,0.041046142578125,0,0.0
26.8755,0,0.10113525390625,0,-0.431884765625,0,0.0041656494140625,0,0.0
26.8894,0,0.10113525390625,0,-0.431884765625,0,0.0041656494140625,0,0.0
26.8998,0,0.1051025390625,0,0.317138671875,0,0.0041656494140625,0,0.0
26.9049,0,0.1051025390625,0,0.317138671875,0,-0.042755126953125,0,0.0
26.9218,0,0.0325927734375,0,0.08575439453125,0,-0.042755126953125,0,0.0
26.9257,0,0.0325927734375,0,0.08575439453125,0,-0.07049560546875,0,0.0
26.9417,0,0.09368896484375,0,-0.04449462890625,0,-0.07049560546875,0,0.0
26.9456,0,0.09368896484375,0,-0.04449462890625,0,0.0645751953125,0,0.0
26.9610,0,-0.18994140625,0,-0.01971435546875,0,-0.00807952880859375,0,0.0
26.9661,0,-0.18994140625,0,-0.01971435546875,0,-0.00807952880859375,0,0.0
26.9748,0,-0.0484619140625,0,-0.2425537109375,0,-0.00807952880859375,0,0.0
26.9858,0,-0.0484619140625,0,-0.2425537109375,0,-0.04742431640625,0,0.0
26.9935,0,-0.0745849609375,0,-0.025634765625,0,-0.04742431640625,0,0.0
27.0047,0,-0.0745849609375,0,-0.025634765625,0,0.078125,0,0.0
27.0129,0,0.061126708984375,0,0.378173828125,0,0.078125,0,0.0
27.0242,0,0.061126708984375,0,0.378173828125,0,0.1190185546875,0,0.0
27.0393,0,0.0750732421875,0,-0.251708984375,0,0.1190185546875,0,0.0
27.0447,0,0.0750732421875,0,-0.251708984375,0,-0.0224151611328125,0,0.0
27.0535,0,-0.0626220703125,0,0.239501953125,0,-0.0224151611328125,0,0.0
27.0632,0,-0.0626220703125,0,0.239501953125,0,-0.035125732421875,0,0.0
27.0721,0,-0.12139892578125,0,-0.1484375,0,-0.035125732421875,0,0.0
27.0864,0,-0.12139892578125,0,-0.1484375,0,0.04632568359375,0,0.0
27.0932,0,0.078125,0,0.11572265625,0,0.04632568359375,0,0.0
27.1082,0,0.078125,0,0.11572265625,0,-0.046356201171875,0,0.0
27.1213,0,0.078125,0,0.151123046875,0,-0.046356201171875,0,0.0
27.1264,0,-0.248779296875,0,0.151123046875,0,0.00963592529296875,0,0.0
27.1342,0,0.1046142578125,0,-0.81201171875,0,0.00963592529296875,0,0.0
27.1449,0,0.1046142578125,0,-0.81201171875,0,-0.0267333984375,0,0.0
27.1531,0,-0.0133056640625,0,0.022430419921875,0,-0.0267333984375,0,0.0
27.1695,0,-0.0133056640625,0,0.022430419921875,0,0.04827880859375,0,0.0
27.1737,0,-0.0133056640625,0,-0.11456298828125,0,0.04827880859375,0,0.0
27.1888,0,0.0087127685546875,0,-0.11456298828125,0,0.0279693603515625,0,0.0
27.1924,0,0.0087127685546875,0,0.187255859375,0,0.0279693603515625,0,0.0
27.2030,0,0.11016845703125,0,0.187255859375,0,-0.07708740234375,0,0.0
27.2215,0,0.11016845703125,0,0.297607421875,0,-0.07708740234375,0,0.0
27.2253,0,-0.2401123046875,0,0.297607421875,0,0.034332275390625,0,0.0
27.2331,0,-0.2401123046875,0,0.03741455078125,0,0.034332275390625,0,0.0
27.2459,0,0.0595703125,0,0.03741455078125,0,-0.055450439453125,0,0.0
27.2523,0,0.0595703125,0,0.277099609375,0,-0.055450439453125,0,0.0
27.2625,0,-0.11956787109375,0,0.277099609375,0,0.09686279296875,0,0.0
27.2731,0,-0.11956787109375,0,0.289794921875,0,0.09686279296875,0,0.0
27.2841,0,0.07635498046875,0,0.289794921875,0,-0.0251312255859375,0,0.0
27.3006,0,0.07635498046875,0,-0.3984375,0,-0.0251312255859375,0,0.0
27.3052,0,-0.219482421875,0,-0.3984375,0,0.048431396484375,0,0.0
27.3131,0,-0.219482421875,0,0.1650390625,0,0.048431396484375,0,0.0
27.3280,0,0.0296783447265625,0,0.1650390625,0,0.03009033203125,0,0.0
27.3333,0,0.0296783447265625,0,0.2213134765625,0,0.03009033203125,0,0.0
27.3484,0,0.120849609375,0,0.2213134765625,0,0.03009033203125,0,0.0
27.3612,0,0.120849609375,0,0.1641845703125,0,-0.039886474609375,0,0.0
27.3651,0,-0.0697021484375,0,0.1641845703125,0,-0.0221099853515625,0,0.0
27.3820,0,-0.0697021484375,0,0.2423095703125,0,-0.0221099853515625,0,0.0
27.3895,0,-0.1304931640625,0,0.2423095703125,0,-0.06121826171875,0,0.0
27.4009,0,-0.1304931640625,0,0.2423095703125,0,-0.06121826171875,0,0.0
27.4058,0,0.12939453125,0,-0.344482421875,0,-0.06121826171875,0,0.0
27.4159,0,0.12939453125,0,-0.344482421875,0,-0.04302978515625,0,0.0
27.4317,0,-0.2861328125,0,-0.003780364990234375,0,-0.04302978515625,0,0.0
27.4426,0,-0.2861328125,0,-0.003780364990234375,0,-0.00843048095703125,0,0.0
27.4525,0,0.1080322265625,0,-0.2169189453125,0,0.035614013671875,0,0.0
27.4646,0,0.1080322265625,0,-0.2169189453125,0,0.035614013671875,0,0.0
27.4727,0,-0.18701171875,0,0.232666015625,0,0.035614013671875,0,0.0
27.4764,0,-0.18701171875,0,0.232666015625,0,-0.059478759765625,0,0.0
27.4923,0,-0.09686279296875,0,0.166015625,0,-0.059478759765625,0,0.0
27.4962,0,-0.09686279296875,0,0.166015625,0,-0.028472900390625,0,0.0
27.5070,0,-0.20068359375,0,-0.2034912109375,0,-0.028472900390625,0,0.0
27.5242,0,-0.20068359375,0,-0.2034912109375,0,-0.0733642578125,0,0.0
27.5279,0,-0.09918212890625,0,-0.1287841796875,0,-0.0733642578125,0,0.0
27.5366,0,-0.09918212890625,0,-0.1287841796875,0,-0.0579833984375,0,0.0
27.5477,0,-0.188720703125,0,0.35009765625,0,-0.0579833984375,0,0.0
27.5561,0,-0.188720703125,0,0.35009765625,0,-0.11260986328125,0,0.0
27.5682,0,-0.0439453125,0,0.32421875,0,-0.11260986328125,0,0.0
27.5757,0,-0.0439453125,0,0.32421875,0,0.057403564453125,0,0.0
27.5899,0,-0.0439453125,0,0.28759765625,0,0.057403564453125,0,0.0
27.5956,0,-0.27685546875,0,0.28759765625,0,-0.016632080078125,0,0.0
27.6070,0,-0.131103515625,0,0.2392578125,0,-0.016632080078125,0,0.0
27.6178,0,-0.131103515625,0,0.2392578125,0,-0.08807373046875,0,0.0
27.6274,0,-0.131103515625,0,-0.41357421875,0,-0.08807373046875,0,0.0
27.6384,0,-0.1253662109375,0,-0.41357421875,0,0.0150146484375,0,0.0
27.6474,0,-0.1253662109375,0,-0.53759765625,0,0.0150146484375,0,0.0
27.6557,0,0.1461181640625,0,-0.53759765625,0,-0.0197296142578125,0,0.0
27.6699,0,-0.11956787109375,0,-0.153564453125,0,-0.0197296142578125,0,0.0
27.6766,0,-0.11956787109375,0,-0.153564453125,0,0.02484130859375,0,0.0
27.6899,0,-0.11956787109375,0,-0.048431396484375,0,0.02484130859375,0,0.0
27.6977,0,0.1004638671875,0,-0.048431396484375,0,-0.09423828125,0,0.0
27.7141,0,0.07958984375,0,0.160400390625,0,-0.09423828125,0,0.0
27.7163,0,0.07958984375,0,0.160400390625,0,-0.001232147216796875,0,0.0
27.7300,0,0.07958984375,0,0.160400390625,0,-0.001232147216796875,0,0.0
27.7362,0,-0.152587890625,0,0.042266845703125,0,0.08392333984375,0,0.0
27.7501,0,-0.152587890625,0,0.042266845703125,0,0.08392333984375,0,0.0
27.7571,0,-0.22607421875,0,-0.53857421875,0,-0.0138702392578125,0,0.0
27.7686,0,-0.22607421875,0,-0.53857421875,0,-0.0138702392578125,0,0.0
27.7767,0,-0.1422119140625,0,0.261474609375,0,-0.0138702392578125,0,0.0
27.7886,0,-0.1422119140625,0,0.261474609375,0,0.05169677734375,0,0.0
27.7964,0,0.082763671875,0,-0.78955078125,0,0.05169677734375,0,0.0
27.8074,0,0.082763671875,0,-0.78955078125,0,-0.0246734619140625,0,0.0
27.8174,0,0.08209228515625,0,0.14453125,0,-0.012725830078125,0,0.0
27.8268,0,0.08209228515625,0,0.14453125,0,-0.012725830078125,0,0.0
27.8356,0,0.076416015625,0,-0.210693359375,0,-0.012725830078125,0,0.0
27.8465,0,0.076416015625,0,-0.210693359375,0,0.0665283203125,0,0.0
27.8551,0,0.062744140625,0,0.3857421875,0,0.0665283203125,0,0.0
27.8671,0,0.062744140625,0,0.3857421875,0,-0.0966796875,0,0.0
27.8746,0,0.142578125,0,0.43212890625,0,-0.0966796875,0,0.0
27.8864,0,0.142578125,0,0.43212890625,0,0.021728515625,0,0.0
27.8963,0,-0.1973876953125,0,0.289794921875,0,0.021728515625,0,0.0
27.9059,0,-0.1973876953125,0,0.289794921875,0,-0.052459716796875,0,0.0
27.9153,0,0.0760498046875,0,0.34619140625,0,-0.052459716796875,0,0.0
27.9268,0,0.0760498046875,0,0.34619140625,0,-0.01751708984375,0,0.0
27.9368,0,-0.07330322265625,0,0.2047119140625,0,-0.01751708984375,0,0.0
27.9479,0,-0.07330322265625,0,0.2047119140625,0,-0.07470703125,0,0.0
27.9550,0,-0.05084228515625,0,-0.0201568603515625,0,-0.07470703125,0,0.0
27.9677,0,-0.05084228515625,0,-0.0201568603515625,0,-0.0197906494140625,0,0.0
27.9744,0,-0.05206298828125,0,0.343017578125,0,-0.0197906494140625,0,0.0
27.9856,0,-0.05206298828125,0,0.343017578125,0,0.07611083984375,0,0.0
27.9955,0,-0.05206298828125,0,-0.58447265625,0,0.07611083984375,0,0.0
28.0065,0,0.15380859375,0,-0.58447265625,0,-0.082275390625,0,0.0
28.0147,0,0.15380859375,0,0.224853515625,0,-0.082275390625,0,0.0
28.0271,0,-0.063720703125,0,0.224853515625,0,-0.05517578125,0,0.0
28.0357,0,-0.063720703125,0,0.39306640625,0,-0.05517578125,0,0.0
28.0455,0,0.10601806640625,0,0.39306640625,0,0.0706787109375,0,0.0
28.0554,0,0.10601806640625,0,-0.2452392578125,0,0.0706787109375,0,0.0
28.0653,0,-0.1705322265625,0,-0.2452392578125,0,0.0166015625,0,0.0
28.0746,0,-0.1705322265625,0,0.1134033203125,0,0.0166015625,0,0.0
28.0873,0,0.08831787109375,0,0.1134033203125,0,0.040191650390625,0,0.0
28.0944,0,0.08831787109375,0,-0.47216796875,0,0.040191650390625,0,0.0
28.1075,0,-0.07745361328125,0,-0.47216796875,0,0.046112060546875,0,0.0
28.1261,0,0.059234619140625,0,-0.45263671875,0,0.046112060546875,0,0.0
28.1324,0,0.059234619140625,0,-0.45263671875,0,-0.034576416015625,0,0.0
28.1408,0,0.059234619140625,0,-0.343994140625,0,-0.034576416015625,0,0.0
28.1523,0,0.08892822265625,0,-0.343994140625,0,-0.034576416015625,0,0.0
28.1589,0,0.08892822265625,0,0.32666015625,0,-0.0282135009765625,0,0.0
28.1714,0,0.077392578125,0,0.32666015625,0,-0.0282135009765625,0,0.0
28.1808,0,0.077392578125,0,0.32666015625,0,0.0499267578125,0,0.0
28.1907,0,-0.11932373046875,0,0.1966552734375,0,0.041717529296875,0,0.0
28.1995,0,-0.11932373046875,0,0.1966552734375,0,0.041717529296875,0,0.0
28.2104,0,0.1005859375,0,-0.133056640625,0,0.041717529296875,0,0.0
28.2203,0,0.1005859375,0,-0.133056640625,0,0.020782470703125,0,0.0
28.2317,0,0.044769287109375,0,-0.2220458984375,0,0.020782470703125,0,0.0
28.2400,0,0.044769287109375,0,-0.2220458984375,0,-0.0291595458984375,0,0.0
28.2521,0,-0.156494140625,0,0.2015380859375,0,-0.0291595458984375,0,0.0
28.2629,0,-0.156494140625,0,0.2015380859375,0,0.024322509765625,0,0.0
28.2708,0,0.08984375,0,0.25390625,0,0.024322509765625,0,0.0
28.2812,0,0.08984375,0,0.25390625,0,0.03997802734375,0,0.0
28.2924,0,-0.0556640625,0,0.344482421875,0,0.03997802734375,0,0.0
28.3050,0,-0.0556640625,0,0.344482421875,0,0.055419921875,0,0.0
28.3130,0,0.1409912109375,0,0.07275390625,0,0.055419921875,0,0.0
28.3243,0,0.1409912109375,0,0.07275390625,0,0.0574951171875,0,0.0
28.3335,0,-0.01343536376953125,0,0.1273193359375,0,0.0574951171875,0,0.0
28.3446,0,-0.01343536376953125,0,0.1273193359375,0,-0.03143310546875,0,0.0
28.3498,0,-0.1890869140625,0,-0.2354736328125,0,-0.03143310546875,0,0.0
28.3639,0,-0.1890869140625,0,-0.2354736328125,0,0.038848876953125,0,0.0
28.3696,0,0.098876953125,0,0.03521728515625,0,0.038848876953125,0,0.0
28.3778,0,0.098876953125,0,0.03521728515625,0,-0.02276611328125,0,0.0
28.3915,0,-0.1724853515625,0,-0.449462890625,0,-0.02276611328125,0,0.0
28.4037,0,-0.1724853515625,0,-0.449462890625,0,-0.0002397298812866211,0,0.0
28.4084,0,0.12005615234375,0,0.3115234375,0,-0.0002397298812866211,0,0.0
28.4254,0,0.12005615234375,0,0.3115234375,0,-0.07611083984375,0,0.0
28.4291,0,0.042510986328125,0,0.4287109375,0,-0.07611083984375,0,0.0
28.4443,0,0.042510986328125,0,0.4287109375,0,0.0313720703125,0,0.0
28.4503,0,0.08258056640625,0,0.13525390625,0,0.0313720703125,0,0.0
28.4639,0,0.08258056640625,0,0.13525390625,0,-0.03173828125,0,0.0
28.4801,0,-0.1485595703125,0,0.0183258056640625,0,0.038818359375,0,0.0
28.4884,0,-0.1485595703125,0,0.2783203125,0,0.038818359375,0,0.0
28.4936,0,-0.245361328125,0,0.2783203125,0,-0.037994384765625,0,0.0
28.5050,0,-0.053955078125,0,-0.2332763671875,0,-0.037994384765625,0,0.0
28.5153,0,-0.053955078125,0,-0.2332763671875,0,-0.01351165771484375,0,0.0
28.5251,0,-0.053955078125,0,-0.076416015625,0,-0.01351165771484375,0,0.0
28.5333,0,0.11474609375,0,-0.076416015625,0,0.0274658203125,0,0.0
28.5462,0,0.11474609375,0,-0.796875,0,0.0274658203125,0,0.0
28.5531,0,0.11322021484375,0,-0.796875,0,0.0274658203125,0,0.0
28.5640,0,0.11322021484375,0,-0.1656494140625,0,-0.025604248046875,0,0.0
28.5728,0,0.051666259765625,0,-0.1656494140625,0,-0.025604248046875,0,0.0
28.5889,0,-0.06640625,0,0.1558837890625,0,-0.019683837890625,0,0.0
28.5933,0,-0.06640625,0,0.1558837890625,0,-0.019683837890625,0,0.0
28.6095,0,0.0611572265625,0,0.04754638671875,0,0.028656005859375,0,0.0
28.6146,0,0.0611572265625,0,0.04754638671875,0,0.028656005859375,0,0.0
28.6328,0,0.0611572265625,0,0.04754638671875,0,0.07879638671875,0,0.0
28.6364,0,0.06768798828125,0,0.40673828125,0,0.07879638671875,0,0.0
28.6502,0,0.06768798828125,0,0.18505859375,0,0.0157318115234375,0,0.0
28.6558,0,0.08868408203125,0,0.18505859375,0,0.0157318115234375,0,0.0
28.6717,0,0.08868408203125,0,0.18505859375,0,-0.0200958251953125,0,0.0
28.6821,0,-0.293212890625,0,-0.06329345703125,0,-0.0200958251953125,0,0.0
28.6910,0,-0.293212890625,0,-0.06329345703125,0,-0.032318115234375,0,0.0
28.6948,0,-0.08966064453125,0,0.170654296875,0,-0.032318115234375,0,0.0
28.7088,0,-0.08966064453125,0,-0.736328125,0,-0.018341064453125,0,0.0
28.7144,0,-0.1800537109375,0,-0.736328125,0,-0.018341064453125,0,0.0
28.7301,0,-0.1800537109375,0,0.096923828125,0,-0.00777435302734375,0,0.0
28.7361,0,-0.2142333984375,0,0.096923828125,0,-0.00777435302734375,0,0.0
28.7498,0,-0.2142333984375,0,0.096923828125,0,-0.01270294189453125,0,0.0
28.7616,0,0.1331787109375,0,0.313232421875,0,-0.01270294189453125,0,0.0
28.7687,0,0.1331787109375,0,0.313232421875,0,0.0186614990234375,0,0.0
28.7739,0,-0.06591796875,0,-0.03570556640625,0,0.0186614990234375,0,0.0
28.7885,0,-0.06591796875,0,-0.03570556640625,0,-0.0194854736328125,0,0.0
28.7935,0,0.1160888671875,0,-0.08843994140625,0,-0.0194854736328125,0,0.0
28.8080,0,0.1160888671875,0,-0.08843994140625,0,0.06884765625,0,0.0
28.8133,0,0.06927490234375,0,-0.383056640625,0,0.06884765625,0,0.0
28.8270,0,0.06927490234375,0,-0.383056640625,0,-0.058990478515625,0,0.0
28.8343,0,-0.1898193359375,0,-0.0977783203125,0,-0.058990478515625,0,0.0
28.8523,0,-0.1898193359375,0,-0.0977783203125,0,-0.006847381591796875,0,0.0
28.8542,0,-0.104248046875,0,0.156005859375,0,-0.006847381591796875,0,0.0
28.8688,0,-0.104248046875,0,0.156005859375,0,-0.040435791015625,0,0.0
28.8737,0,0.12347412109375,0,0.1339111328125,0,-0.040435791015625,0,0.0
28.8854,0,0.12347412109375,0,0.1339111328125,0,-0.0186309814453125,0,0.0
28.8933,0,-0.0723876953125,0,0.1265869140625,0,-0.0186309814453125,0,0.0
28.9046,0,-0.0723876953125,0,0.1265869140625,0,0.015716552734375,0,0.0
28.9181,0,-0.0723876953125,0,-0.4462890625,0,0.015716552734375,0,0.0
28.9287,0,-0.25537109375,0,-0.4462890625,0,0.04534912109375,0,0.0
28.9407,0,-0.25537109375,0,-0.408935546875,0,0.04534912109375,0,0.0
28.9469,0,-0.294921875,0,-0.408935546875,0,0.0264739990234375,0,0.0
28.9553,0,0.07513427734375,0,-0.31201171875,0,0.0264739990234375,0,0.0
28.9669,0,0.07513427734375,0,-0.31201171875,0,-0.0411376953125,0,0.0
28.9748,0,0.07513427734375,0,-0.6728515625,0,-0.0411376953125,0,0.0
28.9875,0,-0.159423828125,0,-0.6728515625,0,-0.041290283203125,0,0.0
29.0001,0,-0.159423828125,0,-0.2352294921875,0,-0.041290283203125,0,0.0
29.0069,0,0.0947265625,0,-0.2352294921875,0,-0.041290283203125,0,0.0
29.0186,0,0.0947265625,0,0.41796875,0,-0.012603759765625,0,0.0
29.0264,0,0.04473876953125,0,0.41796875,0,-0.012603759765625,0,0.0
29.0336,0,0.04473876953125,0,0.252685546875,0,0.05633544921875,0,0.0
29.0469,0,0.0753173828125,0,0.252685546875,0,0.05633544921875,0,0.0
29.0532,0,0.0753173828125,0,-0.463134765625,0,-0.053314208984375,0,0.0
29.0662,0,0.122314453125,0,-0.463134765625,0,-0.053314208984375,0,0.0
29.0749,0,0.122314453125,0,-0.2496337890625,0,0.045257568359375,0,0.0
29.0880,0,-0.09490966796875,0,-0.2496337890625,0,0.045257568359375,0,0.0
29.0948,0,-0.09490966796875,0,-0.6357421875,0,0.04937744140625,0,0.0
29.1074,0,0.0738525390625,0,-0.6357421875,0,0.04937744140625,0,0.0
29.1146,0,0.0738525390625,0,0.1461181640625,0,-0.06109619140625,0,0.0
29.1305,0,0.0704345703125,0,0.1461181640625,0,0.095947265625,0,0.0
29.1390,0,0.0704345703125,0,0.35546875,0,0.095947265625,0,0.0
29.1498,0,-0.13427734375,0,0.35546875,0,0.095947265625,0,0.0
29.1582,0,-0.13427734375,0,0.35546875,0,-0.0316162109375,0,0.0
29.1705,0,0.0301361083984375,0,0.404296875,0,-0.0316162109375,0,0.0
29.1789,0,0.0301361083984375,0,0.404296875,0,0.06689453125,0,0.0
29.1886,0,0.1236572265625,0,-0.168212890625,0,0.06689453125,0,0.0
29.1985,0,0.1236572265625,0,-0.1041259765625,0,-0.0192718505859375,0,0.0
29.2081,0,0.11260986328125,0,-0.1041259765625,0,-0.0192718505859375,0,0.0
29.2188,0,0.11260986328125,0,-0.1041259765625,0,0.0012264251708984375,0,0.0
29.2301,0,0.0286712646484375,0,0.1981201171875,0,0.0012264251708984375,0,0.0
29.2388,0,0.0286712646484375,0,0.1981201171875,0,-0.06005859375,0,0.0
29.2484,0,-0.05230712890625,0,-0.449951171875,0,-0.06005859375,0,0.0
29.2582,0,-0.05230712890625,0,-0.449951171875,0,0.05328369140625,0,0.0
29.2690,0,-0.0333251953125,0,-0.71240234375,0,0.05328369140625,0,0.0
29.2779,0,-0.0333251953125,0,-0.71240234375,0,0.0714111328125,0,0.0
29.2892,0,0.033538818359375,0,-1.1015625,0,0.0714111328125,0,0.0
29.2987,0,0.033538818359375,0,-1.1015625,0,-0.047576904296875,0,0.0
29.3098,0,0.0693359375,0,0.0772705078125,0,-0.047576904296875,0,0.0
29.3190,0,0.0693359375,0,0.0772705078125,0,0.03814697265625,0,0.0
29.3295,0,0.168212890625,0,0.489990234375,0,0.03814697265625,0,0.0
29.3383,0,0.168212890625,0,0.489990234375,0,0.11651611328125,0,0.0
29.3492,0,0.1641845703125,0,0.0257720947265625,0,0.11651611328125,0,0.0
29.3577,0,0.1641845703125,0,0.0257720947265625,0,-0.01788330078125,0,0.0
29.3714,0,-0.05426025390625,0,0.09735107421875,0,-0.01788330078125,0,0.0
29.3773,0,-0.05426025390625,0,0.09735107421875,0,0.02239990234375,0,0.0
29.3887,0,-0.29931640625,0,-0.0394287109375,0,0.02239990234375,0,0.0
29.3968,0,-0.29931640625,0,-0.0394287109375,0,-0.03662109375,0,0.0
29.4080,0,-0.23095703125,0,-0.389892578125,0,-0.03662109375,0,0.0
29.4190,0,-0.23095703125,0,-0.389892578125,0,-0.043426513671875,0,0.0
29.4273,0,0.138427734375,0,-0.198486328125,0,-0.043426513671875,0,0.0
29.4372,0,0.138427734375,0,-0.198486328125,0,-0.06854248046875,0,0.0
29.4487,0,-0.14599609375,0,0.2242431640625,0,-0.06854248046875,0,0.0
29.4571,0,-0.14599609375,0,0.2242431640625,0,-0.08831787109375,0,0.0
29.4699,0,-0.09576416015625,0,0.33740234375,0,-0.08831787109375,0,0.0
29.4781,0,-0.09576416015625,0,0.33740234375,0,0.0312042236328125,0,0.0
29.4882,0,0.053802490234375,0,-0.1529541015625,0,0.0312042236328125,0,0.0
29.4977,0,0.053802490234375,0,-0.1529541015625,0,0.0312042236328125,0,0.0
29.5088,0,0.057647705078125,0,0.251953125,0,0.0199737548828125,0,0.0
29.5159,0,0.057647705078125,0,0.251953125,0,-0.041351318359375,0,0.0
29.5293,0,0.057647705078125,0,-0.1849365234375,0,-0.041351318359375,0,0.0
29.5367,0,-0.1431884765625,0,-0.1849365234375,0,-0.054412841796875,0,0.0
29.5476,0,0.0506591796875,0,0.290283203125,0,-0.054412841796875,0,0.0
29.5562,0,0.0506591796875,0,0.290283203125,0,0.050811767578125,0,0.0
29.5711,0,0.0506591796875,0,-0.296875,0,0.050811767578125,0,0.0
29.5833,0,-0.0733642578125,0,-0.296875,0,0.02392578125,0,0.0
29.5868,0,-0.208984375,0,-0.53564453125,0,0.02392578125,0,0.0
29.6012,0,-0.208984375,0,-0.53564453125,0,0.02392578125,0,0.0
29.6063,0,-0.208984375,0,-0.25244140625,0,-0.032470703125,0,0.0
29.6210,0,0.0692138671875,0,-0.25244140625,0,-0.032470703125,0,0.0
29.6260,0,0.0692138671875,0,0.0212249755859375,0,0.0333251953125,0,0.0
29.6346,0,-0.259033203125,0,0.0212249755859375,0,0.0333251953125,0,0.0
29.6490,0,-0.259033203125,0,0.2310791015625,0,-0.0521240234375,0,0.0
29.6600,0,-0.18505859375,0,0.2310791015625,0,-0.0521240234375,0,0.0
29.6651,0,-0.18505859375,0,0.24365234375,0,-0.0496826171875,0,0.0
29.6797,0,0.09173583984375,0,0.24365234375,0,-0.0496826171875,0,0.0
29.6850,0,0.09173583984375,0,0.089111328125,0,-0.0046234130859375,0,0.0
29.6936,0,0.11932373046875,0,0.089111328125,0,-0.0046234130859375,0,0.0
29.7051,0,0.11932373046875,0,-0.32763671875,0,-0.01319122314453125,0,0.0
29.7145,0,-0.2451171875,0,-0.32763671875,0,-0.01319122314453125,0,0.0
29.7263,0,-0.2451171875,0,0.261962890625,0,0.054351806640625,0,0.0
29.7425,0,0.0931396484375,0,0.261962890625,0,0.054351806640625,0,0.0
29.7492,0,0.0931396484375,0,0.261962890625,0,-0.036346435546875,0,0.0
29.7563,0,-0.188232421875,0,-0.0635986328125,0,-0.036346435546875,0,0.0
29.7714,0,-0.188232421875,0,-0.0635986328125,0,-0.064453125,0,0.0
29.7745,0,0.07415771484375,0,0.04150390625,0,-0.064453125,0,0.0
29.7892,0,0.07415771484375,0,-0.580078125,0,-0.048004150390625,0,0.0
29.7941,0,0.09210205078125,0,-0.580078125,0,-0.048004150390625,0,0.0
29.8082,0,0.09210205078125,0,-0.580078125,0,-0.043304443359375,0,0.0
29.8142,0,-0.161865234375,0,-0.59619140625,0,-0.043304443359375,0,0.0
29.8289,0,-0.161865234375,0,-0.59619140625,0,-0.0311737060546875,0,0.0
29.8345,0,-0.28515625,0,-0.389404296875,0,-0.0311737060546875,0,0.0
29.8485,0,-0.28515625,0,-0.389404296875,0,-0.037353515625,0,0.0
29.8550,0,-0.11810302734375,0,0.04962158203125,0,-0.037353515625,0,0.0
29.8692,0,-0.11810302734375,0,0.04962158203125,0,0.0665283203125,0,0.0
29.8733,0,0.0634765625,0,0.54345703125,0,0.0665283203125,0,0.0
29.8882,0,0.0634765625,0,0.54345703125,0,-0.044525146484375,0,0.0
29.8929,0,-0.11981201171875,0,0.123046875,0,-0.044525146484375,0,0.0
29.9074,0,-0.11981201171875,0,0.123046875,0,-0.0594482421875,0,0.0
29.9149,0,-0.04901123046875,0,0.2313232421875,0,-0.0594482421875,0,0.0
29.9285,0,-0.04901123046875,0,0.2313232421875,0,-0.07745361328125,0,0.0
29.9344,0,-0.06927490234375,0,0.33837890625,0,-0.07745361328125,0,0.0
29.9483,0,-0.06927490234375,0,0.33837890625,0,-0.0433349609375,0,0.0
29.9550,0,-0.06915283203125,0,-0.342529296875,0,-0.0433349609375,0,0.0
29.9694,0,-0.06915283203125,0,-0.342529296875,0,0.02825927734375,0,0.0
29.9746,0,-0.0888671875,0,0.466796875,0,0.02825927734375,0,0.0
29.9890,0,-0.0888671875,0,0.466796875,0,0.033905029296875,0,0.0
29.9945,0,-0.0888671875,0,-0.4970703125,0,0.033905029296875,0,0.0
30.0085,0,-0.2320556640625,0,-0.4970703125,0,-0.01425933837890625,0,0.0
30.0135,0,-0.2320556640625,0,-0.2039794921875,0,-0.01425933837890625,0,0.0
30.0260,0,-0.089599609375,0,-0.2039794921875,0,0.046173095703125,0,0.0
30.0347,0,-0.089599609375,0,-0.474365234375,0,0.046173095703125,0,0.0
30.0470,0,0.077880859375,0,-0.474365234375,0,0.046539306640625,0,0.0
30.0541,0,0.077880859375,0,0.446044921875,0,0.046539306640625,0,0.0
30.0657,0,0.06817626953125,0,0.446044921875,0,0.06329345703125,0,0.0
30.0743,0,0.06817626953125,0,-0.5634765625,0,0.06329345703125,0,0.0
30.0854,0,0.059356689453125,0,-0.5634765625,0,0.049591064453125,0,0.0
30.0958,0,0.059356689453125,0,0.450927734375,0,0.049591064453125,0,0.0
30.1069,0,-0.057830810546875,0,0.450927734375,0,0.049591064453125,0,0.0
30.1154,0,-0.057830810546875,0,0.39111328125,0,-0.01302337646484375,0,0.0
30.1275,0,-0.2110595703125,0,0.39111328125,0,0.06475830078125,0,0.0
30.1427,0,-0.2110595703125,0,0.250732421875,0,0.06475830078125,0,0.0
30.1487,0,-0.0694580078125,0,0.250732421875,0,0.032257080078125,0,0.0
30.1570,0,-0.0694580078125,0,-0.1719970703125,0,0.032257080078125,0,0.0
30.1683,0,-0.1876220703125,0,-0.1719970703125,0,0.032257080078125,0,0.0
30.1766,0,-0.1876220703125,0,-0.1719970703125,0,-0.0304412841796875,0,0.0
30.1879,0,-0.1395263671875,0,0.312744140625,0,-0.0304412841796875,0,0.0
30.1963,0,-0.1395263671875,0,0.312744140625,0,0.056610107421875,0,0.0
30.2073,0,-0.165283203125,0,0.34326171875,0,0.056610107421875,0,0.0
30.2160,0,-0.165283203125,0,0.34326171875,0,-0.01654052734375,0,0.0
30.2270,0,-0.1324462890625,0,0.172119140625,0,-0.01654052734375,0,0.0
30.2370,0,-0.1324462890625,0,0.172119140625,0,-0.0714111328125,0,0.0
30.2465,0,0.1339111328125,0,0.1654052734375,0,-0.0714111328125,0,0.0
30.2571,0,0.1339111328125,0,0.1654052734375,0,0.0648193359375,0,0.0
30.2682,0,0.1260986328125,0,-0.39990234375,0,0.0648193359375,0,0.0
30.2759,0,0.1260986328125,0,-0.39990234375,0,-0.01947021484375,0,0.0
30.2874,0,-0.1156005859375,0,-0.0254364013671875,0,-0.01947021484375,0,0.0
30.2955,0,-0.1156005859375,0,-0.0254364013671875,0,0.03472900390625,0,0.0
30.3079,0,0.056976318359375,0,-0.49951171875,0,0.03472900390625,0,0.0
30.3164,0,0.056976318359375,0,-0.49951171875,0,0.038848876953125,0,0.0
30.3282,0,0.0635986328125,0,0.02642822265625,0,0.038848876953125,0,0.0
30.3369,0,0.0635986328125,0,0.02642822265625,0,0.034088134765625,0,0.0
30.3483,0,0.0635986328125,0,-0.285888671875,0,0.034088134765625,0,0.0
30.3567,0,-0.1663818359375,0,-0.285888671875,0,-0.050567626953125,0,0.0
30.3684,0,-0.1663818359375,0,-0.447998046875,0,-0.050567626953125,0,0.0
30.3765,0,0.07562255859375,0,-0.447998046875,0,0.040252685546875,0,0.0
30.3878,0,-0.04852294921875,0,0.205078125,0,0.040252685546875,0,0.0
30.3962,0,-0.04852294921875,0,0.205078125,0,-0.012359619140625,0,0.0
30.4072,0,-0.04852294921875,0,0.46728515625,0,-0.012359619140625,0,0.0
30.4157,0,-0.2337646484375,0,0.46728515625,0,0.052337646484375,0,0.0
30.4277,0,-0.2337646484375,0,-0.11248779296875,0,0.052337646484375,0,0.0
30.4374,0,0.05169677734375,0,-0.11248779296875,0,-0.03167724609375,0,0.0
30.4483,0,0.046905517578125,0,-0.19384765625,0,-0.03167724609375,0,0.0
30.4569,0,0.046905517578125,0,-0.19384765625,0,-0.0158843994140625,0,0.0
30.4696,0,-0.04876708984375,0,-0.420654296875,0,-0.0158843994140625,0,0.0
30.4779,0,-0.04876708984375,0,-0.420654296875,0,0.08563232421875,0,0.0
30.4906,0,-0.244384765625,0,0.39208984375,0,0.08563232421875,0,0.0
30.4976,0,-0.244384765625,0,0.39208984375,0,0.04901123046875,0,0.0
30.5088,0,-0.244384765625,0,0.433349609375,0,0.04901123046875,0,0.0
30.5170,0,0.08160400390625,0,0.433349609375,0,-0.05194091796875,0,0.0
30.5282,0,0.08160400390625,0,0.5068359375,0,-0.05194091796875,0,0.0
30.5368,0,0.08740234375,0,0.5068359375,0,-0.05194091796875,0,0.0
30.5485,0,0.08740234375,0,0.5068359375,0,-0.030975341796875,0,0.0
30.5570,0,0.1143798828125,0,0.06732177734375,0,0.035003662109375,0,0.0
30.5701,0,-0.1561279296875,0,-0.94140625,0,0.035003662109375,0,0.0
30.5757,0,-0.1561279296875,0,-0.94140625,0,0.056884765625,0,0.0
30.5905,0,0.075927734375,0,-0.57763671875,0,0.056884765625,0,0.0
30.5955,0,0.075927734375,0,-0.57763671875,0,0.056884765625,0,0.0
30.6070,0,0.075927734375,0,-0.57763671875,0,-0.049285888671875,0,0.0
30.6154,0,0.15185546875,0,0.282470703125,0,-0.049285888671875,0,0.0
30.6272,0,0.15185546875,0,0.282470703125,0,-0.03369140625,0,0.0
30.6358,0,-0.13330078125,0,0.2802734375,0,0.089599609375,0,0.0
30.6514,0,0.041351318359375,0,-0.5458984375,0,0.089599609375,0,0.0
30.6575,0,0.041351318359375,0,-0.5458984375,0,0.0802001953125,0,0.0
30.6703,0,0.0154571533203125,0,-0.365478515625,0,0.0802001953125,0,0.0
30.6766,0,0.0154571533203125,0,-0.365478515625,0,0.015655517578125,0,0.0
30.6900,0,-0.036529541015625,0,-0.265869140625,0,0.015655517578125,0,0.0
30.6947,0,-0.036529541015625,0,-0.265869140625,0,0.015655517578125,0,0.0
30.7077,0,-0.036529541015625,0,-0.265869140625,0,0.0303192138671875,0,0.0
30.7145,0,0.08685302734375,0,-0.59765625,0,0.0303192138671875,0,0.0
30.7266,0,0.08685302734375,0,-0.59765625,0,-0.035186767578125,0,0.0
30.7373,0,0.054840087890625,0,-0.180908203125,0,-0.035186767578125,0,0.0
30.7475,0,0.054840087890625,0,-0.180908203125,0,-0.0196380615234375,0,0.0
30.7551,0,-0.1776123046875,0,0.051788330078125,0,-0.0196380615234375,0,0.0
30.7706,0,-0.1776123046875,0,0.051788330078125,0,0.0902099609375,0,0.0
30.7744,0,-0.1834716796875,0,-0.295654296875,0,0.0902099609375,0,0.0
30.7889,0,-0.1834716796875,0,-0.295654296875,0,-0.05181884765625,0,0.0
30.7938,0,-0.162841796875,0,-0.9912109375,0,-0.05181884765625,0,0.0
30.8089,0,-0.162841796875,0,-0.9912109375,0,-0.03851318359375,0,0.0
30.8170,0,-0.203857421875,0,0.2430419921875,0,-0.03851318359375,0,0.0
30.8308,0,-0.203857421875,0,0.2430419921875,0,-0.0207061767578125,0,0.0
30.8363,0,0.1524658203125,0,-0.52587890625,0,-0.0207061767578125,0,0.0
30.8514,0,0.1524658203125,0,-0.52587890625,0,0.094482421875,0,0.0
30.8568,0,0.029876708984375,0,-0.10382080078125,0,0.094482421875,0,0.0
30.8710,0,0.029876708984375,0,-0.10382080078125,0,0.0279693603515625,0,0.0
30.8762,0,0.09991455078125,0,-0.079345703125,0,0.0279693603515625,0,0.0
30.8915,0,0.09991455078125,0,-0.079345703125,0,0.061279296875,0,0.0
30.8967,0,0.048431396484375,0,0.352294921875,0,0.061279296875,0,0.0
30.9111,0,0.048431396484375,0,0.352294921875,0,-0.032501220703125,0,0.0
30.9191,0,-0.15869140625,0,-0.10015869140625,0,-0.032501220703125,0,0.0
30.9320,0,-0.15869140625,0,-0.10015869140625,0,-0.0231475830078125,0,0.0
30.9374,0,-0.1961669921875,0,-0.76708984375,0,-0.0231475830078125,0,0.0
30.9518,0,-0.1961669921875,0,-0.76708984375,0,0.0390625,0,0.0
30.9572,0,-0.1142578125,0,0.308837890625,0,0.0390625,0,0.0
30.9739,0,-0.1142578125,0,0.308837890625,0,-0.021942138671875,0,0.0
30.9789,0,-0.1669921875,0,-0.619140625,0,-0.021942138671875,0,0.0
30.9939,0,-0.1669921875,0,-0.619140625,0,-0.0157012939453125,0,0.0
30.9989,0,-0.211181640625,0,0.274658203125,0,-0.0157012939453125,0,0.0
31.0141,0,-0.211181640625,0,0.274658203125,0,-0.031951904296875,0,0.0
31.0196,0,-0.1544189453125,0,0.1937255859375,0,-0.031951904296875,0,0.0
31.0362,0,-0.1544189453125,0,0.1937255859375,0,0.031768798828125,0,0.0
31.0392,0,0.07080078125,0,-0.2335205078125,0,0.031768798828125,0,0.0
31.0513,0,0.07080078125,0,-0.2335205078125,0,0.058319091796875,0,0.0
31.0598,0,0.03253173828125,0,0.365966796875,0,0.058319091796875,0,0.0
31.0710,0,0.03253173828125,0,0.365966796875,0,0.01406097412109375,0,0.0
31.0792,0,0.08343505859375,0,0.25146484375,0,0.01406097412109375,0,0.0
31.0946,0,0.08343505859375,0,0.25146484375,0,-0.0183563232421875,0,0.0
31.1024,0,0.10516357421875,0,0.22314453125,0,-0.0183563232421875,0,0.0
31.1130,0,0.10516357421875,0,0.22314453125,0,-0.039825439453125,0,0.0
31.1217,0,0.105224609375,0,-0.232421875,0,-0.039825439453125,0,0.0
31.1326,0,0.105224609375,0,-0.232421875,0,-0.0272064208984375,0,0.0
31.1412,0,0.12152099609375,0,-0.232421875,0,-0.0272064208984375,0,0.0
31.1569,0,0.12152099609375,0,-0.60546875,0,-0.0113067626953125,0,0.0
31.1634,0,0.11358642578125,0,0.2451171875,0,-0.0113067626953125,0,0.0
31.1732,0,0.11358642578125,0,0.2451171875,0,0.046417236328125,0,0.0
31.1828,0,0.11505126953125,0,-0.23828125,0,0.046417236328125,0,0.0
31.1932,0,0.11505126953125,0,-0.23828125,0,-0.020782470703125,0,0.0
31.2030,0,0.015960693359375,0,0.301513671875,0,-0.020782470703125,0,0.0
31.2130,0,0.015960693359375,0,0.301513671875,0,0.02447509765625,0,0.0
31.2273,0,-0.29296875,0,-0.09478759765625,0,0.02447509765625,0,0.0
31.2325,0,-0.29296875,0,-0.09478759765625,0,0.0288848876953125,0,0.0
31.2415,0,0.10516357421875,0,-0.09478759765625,0,0.0288848876953125,0,0.0
31.2535,0,0.10516357421875,0,-0.60009765625,0,0.0288848876953125,0,0.0
31.2632,0,0.1824951171875,0,-0.60009765625,0,0.06024169921875,0,0.0
31.2753,0,0.1824951171875,0,0.354248046875,0,0.06024169921875,0,0.0
31.2862,0,0.1824951171875,0,0.354248046875,0,0.01641845703125,0,0.0
31.2948,0,0.14990234375,0,-0.061981201171875,0,0.049072265625,0,0.0
31.3071,0,-0.2052001953125,0,0.471923828125,0,0.049072265625,0,0.0
31.3147,0,-0.2052001953125,0,0.471923828125,0,0.049072265625,0,0.0
31.3272,0,0.07574462890625,0,0.471923828125,0,-0.041015625,0,0.0
31.3361,0,0.07574462890625,0,0.260009765625,0,-0.041015625,0,0.0
31.3465,0,0.07574462890625,0,0.260009765625,0,0.06658935546875,0,0.0
31.3527,0,0.08843994140625,0,0.417236328125,0,0.06658935546875,0,0.0
31.3671,0,0.08843994140625,0,0.417236328125,0,0.0153045654296875,0,0.0
31.3745,0,0.0810546875,0,0.442626953125,0,0.0153045654296875,0,0.0
31.3880,0,0.0810546875,0,0.442626953125,0,-0.0166778564453125,0,0.0
31.3940,0,0.0732421875,0,-0.329833984375,0,-0.0166778564453125,0,0.0
31.4053,0,0.0732421875,0,-0.329833984375,0,0.05987548828125,0,0.0
31.4135,0,0.0243377685546875,0,-0.07427978515625,0,0.05987548828125,0,0.0
31.4244,0,0.0243377685546875,0,-0.07427978515625,0,-0.042327880859375,0,0.0
31.4342,0,0.0966796875,0,-0.53076171875,0,-0.042327880859375,0,0.0
31.4440,0,0.0966796875,0,-0.53076171875,0,0.06866455078125,0,0.0
31.4555,0,-0.1346435546875,0,0.2335205078125,0,0.06866455078125,0,0.0
31.4673,0,-0.1346435546875,0,0.2335205078125,0,-0.090087890625,0,0.0
31.4736,0,0.0860595703125,0,0.457763671875,0,-0.090087890625,0,0.0
31.4850,0,0.0860595703125,0,0.457763671875,0,0.0992431640625,0,0.0
31.4947,0,0.07342529296875,0,0.0276031494140625,0,0.0992431640625,0,0.0
31.5048,0,0.07342529296875,0,0.0276031494140625,0,-0.0209503173828125,0,0.0
31.5165,0,0.08544921875,0,0.2205810546875,0,-0.0209503173828125,0,0.0
31.5244,0,0.08544921875,0,0.2205810546875,0,0.05169677734375,0,0.0
31.5351,0,-0.2093505859375,0,0.2205810546875,0,0.05169677734375,0,0.0
31.5438,0,-0.2093505859375,0,-0.470458984375,0,0.016815185546875,0,0.0
31.5534,0,0.04290771484375,0,-0.489990234375,0,0.016815185546875,0,0.0
31.5635,0,0.04290771484375,0,-0.489990234375,0,-0.052276611328125,0,0.0
31.5745,0,-0.06805419921875,0,-0.483642578125,0,-0.052276611328125,0,0.0
31.5831,0,-0.06805419921875,0,-0.483642578125,0,0.034149169921875,0,0.0
31.5926,0,-0.032928466796875,0,-0.483642578125,0,0.034149169921875,0,0.0
31.6032,0,-0.032928466796875,0,-0.061859130859375,0,-0.034759521484375,0,0.0
31.6124,0,-0.145751953125,0,-0.061859130859375,0,-0.034759521484375,0,0.0
31.6210,0,-0.145751953125,0,-0.06414794921875,0,-0.061004638671875,0,0.0
31.6345,0,-0.088134765625,0,-0.06414794921875,0,-0.061004638671875,0,0.0
31.6433,0,-0.088134765625,0,0.421630859375,0,-0.0249176025390625,0,0.0
31.6528,0,0.055328369140625,0,0.421630859375,0,-0.0249176025390625,0,0.0
31.6637,0,0.055328369140625,0,0.1954345703125,0,-0.01287841796875,0,0.0
31.6737,0,0.051971435546875,0,0.1954345703125,0,-0.01287841796875,0,0.0
31.6818,0,0.051971435546875,0,-0.0299530029296875,0,0.043609619140625,0,0.0
31.6929,0,-0.156982421875,0,-0.0299530029296875,0,0.043609619140625,0,0.0
31.7021,0,-0.156982421875,0,0.27880859375,0,0.043609619140625,0,0.0
31.7124,0,-0.156982421875,0,0.27880859375,0,-0.05230712890625,0,0.0
31.7213,0,0.036041259765625,0,-0.224853515625,0,-0.05230712890625,0,0.0
31.7320,0,0.036041259765625,0,-0.224853515625,0,-0.03179931640625,0,0.0
31.7409,0,0.1695556640625,0,-0.395751953125,0,-0.03179931640625,0,0.0
31.7516,0,0.1695556640625,0,-0.395751953125,0,0.0235595703125,0,0.0
31.7602,0,-0.0347900390625,0,-0.642578125,0,0.0235595703125,0,0.0
31.7714,0,-0.0347900390625,0,-0.642578125,0,-0.0772705078125,0,0.0
31.7797,0,0.03363037109375,0,0.10400390625,0,-0.0772705078125,0,0.0
31.7909,0,0.03363037109375,0,0.10400390625,0,0.0232086181640625,0,0.0
31.7995,0,-0.2193603515625,0,-0.74609375,0,0.0232086181640625,0,0.0
31.8105,0,-0.2193603515625,0,-0.74609375,0,-0.037445068359375,0,0.0
31.8190,0,-0.18994140625,0,-0.386474609375,0,-0.037445068359375,0,0.0
31.8300,0,-0.18994140625,0,-0.386474609375,0,-0.032073974609375,0,0.0
31.8390,0,0.084716796875,0,-0.8837890625,0,-0.032073974609375,0,0.0
31.8499,0,0.084716796875,0,-0.8837890625,0,0.087646484375,0,0.0
31.8605,0,-0.0718994140625,0,-0.8837890625,0,0.087646484375,0,0.0
31.8711,0,-0.0718994140625,0,0.46533203125,0,-0.017242431640625,0,0.0
31.8797,0,0.0908203125,0,0.46533203125,0,-0.017242431640625,0,0.0
31.8952,0,0.0908203125,0,-0.358154296875,0,2.4453125,0,0.59814453125
31.9005,17,1.8837890625,8,3.677734375,0,2.4453125,2,4.51171875
31.9144,17,1.8837890625,8,3.677734375,12,4.42578125,2,4.51171875
31.9220,40,1.3095703125,42,0.92919921875,12,4.42578125,2,4.51171875
31.9328,40,1.3095703125,42,0.92919921875,43,0.8828125,32,1.482421875
31.9440,65,1.28125,81,4.625,43,0.8828125,75,-3.6640625
31.9560,65,1.28125,81,4.625,65,1.3310546875,75,-3.6640625
31.9619,63,1.3525390625,81,4.625,65,1.3310546875,75,-3.6640625
31.9772,63,1.3525390625,72,2.3671875,64,2.162109375,70,2.53515625
31.9841,13,2.984375,72,2.3671875,64,2.162109375,70,2.53515625
31.9984,13,2.984375,8,0.287353515625,38,0.1568603515625,28,1.1416015625
32.0060,18,-0.2213134765625,8,0.287353515625,38,0.1568603515625,28,1.1416015625
32.0182,18,-0.2213134765625,33,-0.9873046875,-4,-0.063720703125,7,0.1583251953125
32.0235,11,0.163330078125,42,-0.5419921875,-4,-0.063720703125,7,0.1583251953125
32.0378,11,0.163330078125,42,-0.5419921875,0,0.07708740234375,0,-0.142333984375
32.0440,5,0.2138671875,42,-0.5419921875,0,0.07708740234375,0,-0.142333984375
32.0581,5,0.2138671875,0,0.408935546875,0,-0.01922607421875,0,-0.0760498046875
32.0649,2,-0.06414794921875,0,0.408935546875,0,-0.01922607421875,0,-0.0760498046875
32.0737,2,-0.06414794921875,-7,0.41552734375,0,0.1043701171875,-8,0.0767822265625
32.0821,1,-0.048858642578125,-7,0.41552734375,0,0.1043701171875,-8,0.0767822265625
32.0965,1,-0.048858642578125,0,0.07635498046875,0,-0.09326171875,0,-0.09716796875
32.1042,0,-0.08807373046875,0,0.07635498046875,0,-0.09326171875,0,-0.09716796875
32.1183,0,-0.08807373046875,0,-0.302490234375,0,-0.072021484375,0,0.1610107421875
32.1292,0,-0.191162109375,0,-0.302490234375,0,-0.072021484375,0,0.1610107421875
32.1346,0,-0.191162109375,0,-0.34912109375,0,-0.040618896484375,0,0.108642578125
32.1501,0,0.0672607421875,0,0.83935546875,0,-0.040618896484375,0,-0.02130126953125
32.1552,0,0.0672607421875,0,0.83935546875,0,0.07232666015625,0,-0.02130126953125
32.1717,0,-0.034698486328125,0,-0.223876953125,0,-0.020263671875,0,-0.12127685546875
32.1838,0,0.12481689453125,0,-0.223876953125,0,-0.020263671875,0,-0.12127685546875
32.1920,0,0.12481689453125,0,-0.374267578125,0,-0.020263671875,0,0.06402587890625
32.1999,0,0.12481689453125,0,-0.374267578125,0,0.0396728515625,0,0.06402587890625
32.2110,0,0.123779296875,0,-0.374267578125,0,0.0396728515625,0,0.06402587890625
32.2212,0,0.123779296875,0,-0.283935546875,0,-0.0855712890625,0,-0.11004638671875
32.2285,0,0.049835205078125,0,-0.283935546875,0,-0.0855712890625,0,-0.11004638671875
32.2414,0,0.049835205078125,0,-0.3388671875,0,0.034088134765625,0,0.060394287109375
32.2518,0,0.12646484375,0,-0.3388671875,0,0.034088134765625,0,0.060394287109375
32.2616,0,0.12646484375,0,0.5029296875,0,-0.04327392578125,0,-0.0809326171875
32.2715,0,0.1005859375,0,0.5029296875,0,-0.04327392578125,0,-0.0809326171875
32.2814,0,0.1005859375,0,0.40869140625,0,0.067626953125,0,-0.0863037109375
32.2886,0,0.058837890625,0,0.40869140625,0,0.067626953125,0,-0.0863037109375
32.3000,0,0.058837890625,0,0.4072265625,0,0.007083892822265625,0,-0.024749755859375
32.3088,0,0.1282958984375,0,0.4072265625,0,0.007083892822265625,0,-0.024749755859375
32.3197,0,0.1282958984375,0,0.283203125,0,-0.023040771484375,0,0.07330322265625
32.3333,0,0.13916015625,0,0.283203125,0,-0.023040771484375,0,0.07330322265625
32.3393,0,0.13916015625,0,0.1729736328125,0,0.065673828125,0,-0.036834716796875
32.3531,0,-0.3115234375,0,0.1729736328125,0,0.065673828125,0,0.1356201171875
32.3616,0,-0.3115234375,0,0.1949462890625,0,-0.0232696533203125,0,0.1356201171875
32.3710,0,0.10125732421875,0,0.1949462890625,0,-0.0232696533203125,0,0.1356201171875
32.3810,0,0.10125732421875,0,0.39453125,0,-0.0232696533203125,0,-0.11248779296875
32.3910,0,0.10125732421875,0,0.39453125,0,0.033203125,0,-0.11248779296875
32.3991,0,0.137939453125,0,0.0924072265625,0,0.033203125,0,0.0743408203125
32.4108,0,0.137939453125,0,0.0924072265625,0,0.0165252685546875,0,0.0743408203125
32.4202,0,-0.0399169921875,0,-0.28076171875,0,-0.02532958984375,0,-0.027862548828125
32.4322,0,0.1300048828125,0,-0.28076171875,0,-0.02532958984375,0,-0.027862548828125
32.4396,0,0.1300048828125,0,0.0145416259765625,0,-0.02532958984375,0,-0.122802734375
32.4508,0,0.1300048828125,0,0.0145416259765625,0,0.0784912109375,0,-0.122802734375
32.4591,0,0.07659912109375,0,-0.464599609375,0,0.0784912109375,0,-0.046142578125
32.4729,0,0.07659912109375,0,-0.464599609375,0,-0.050384521484375,0,-0.046142578125
32.4798,0,-0.10089111328125,0,-0.07745361328125,0,-0.050384521484375,0,0.046173095703125
32.4926,0,-0.10089111328125,0,-0.07745361328125,0,-0.021392822265625,0,0.046173095703125
32.4988,0,0.09124755859375,0,-0.2900390625,0,-0.021392822265625,0,-0.1279296875
32.5121,0,0.09124755859375,0,-0.2900390625,0,0.044464111328125,0,-0.1279296875
32.5180,0,0.11578369140625,0,0.82763671875,0,0.044464111328125,0,-0.11968994140625
32.5318,0,0.11578369140625,0,0.82763671875,0,-0.05926513671875,0,-0.11968994140625
32.5409,0,-0.135009765625,0,0.82763671875,0,-0.05926513671875,0,-0.06378173828125
32.5527,0,-0.135009765625,0,-0.456787109375,0,-0.041412353515625,0,-0.06378173828125
32.5598,0,-0.2734375,0,-0.456787109375,0,-0.041412353515625,0,-0.133056640625
32.5725,0,-0.2734375,0,-0.2027587890625,0,-0.04791259765625,0,-0.133056640625
32.5792,0,0.08111572265625,0,-0.2027587890625,0,-0.04791259765625,0,0.0843505859375
32.5919,0,0.08111572265625,0,-0.34033203125,0,-0.0699462890625,0,0.0843505859375
32.6002,0,-0.0254058837890625,0,-0.34033203125,0,-0.0699462890625,0,-0.1785888671875
32.6119,0,-0.0254058837890625,0,-0.33154296875,0,-0.0270538330078125,0,-0.1785888671875
32.6179,0,0.03350830078125,0,-0.33154296875,0,-0.0270538330078125,0,0.137451171875
32.6310,0,0.03350830078125,0,0.1361083984375,0,-0.040130615234375,0,0.137451171875
32.6374,0,-0.1668701171875,0,0.1361083984375,0,-0.040130615234375,0,0.03802490234375
32.6481,0,-0.1668701171875,0,0.044891357421875,0,-0.09979248046875,0,0.03802490234375
32.6592,0,0.081298828125,0,0.044891357421875,0,-0.09979248046875,0,0.03802490234375
32.6709,0,0.081298828125,0,-0.1781005859375,0,-0.04730224609375,0,0.11065673828125
32.6787,0,0.07470703125,0,-0.1781005859375,0,-0.04730224609375,0,-0.10455322265625
32.6921,0,0.07470703125,0,0.30517578125,0,-0.0105133056640625,0,-0.10455322265625
32.6984,0,0.0634765625,0,0.30517578125,0,-0.0105133056640625,0,-0.10455322265625
32.7073,0,0.0634765625,0,-0.218994140625,0,-0.0462646484375,0,0.07586669921875
32.7182,0,-0.1627197265625,0,-0.218994140625,0,-0.0462646484375,0,0.07586669921875
32.7293,0,-0.1627197265625,0,-0.54345703125,0,-0.0462646484375,0,0.1094970703125
32.7350,0,0.08856201171875,0,-0.54345703125,0,-0.041656494140625,0,0.1094970703125
32.7487,0,0.08856201171875,0,0.666015625,0,-0.041656494140625,0,-0.0228424072265625
32.7574,0,-0.2021484375,0,0.666015625,0,-0.0203094482421875,0,-0.0228424072265625
32.7690,0,-0.2021484375,0,-0.279296875,0,-0.0203094482421875,0,-0.135498046875
32.7776,0,-0.2021484375,0,-0.279296875,0,0.026580810546875,0,-0.135498046875
32.7889,0,0.164306640625,0,-0.2042236328125,0,0.0247344970703125,0,-0.11553955078125
32.7972,0,0.07672119140625,0,-0.2042236328125,0,0.0247344970703125,0,-0.11553955078125
32.8083,0,0.07672119140625,0,0.0252532958984375,0,0.0247344970703125,0,0.0214385986328125
32.8168,0,0.07672119140625,0,0.0252532958984375,0,-0.0023784637451171875,0,0.0214385986328125
32.8255,0,0.035400390625,0,-0.12249755859375,0,-0.0023784637451171875,0,-0.03607177734375
32.8363,0,0.035400390625,0,-0.12249755859375,0,-0.0193939208984375,0,-0.03607177734375
32.8477,0,-0.197265625,0,0.136474609375,0,-0.0193939208984375,0,0.1275634765625
32.8575,0,-0.197265625,0,0.136474609375,0,-0.017913818359375,0,0.1275634765625
32.8683,0,0.0902099609375,0,0.3798828125,0,-0.017913818359375,0,0.043975830078125
32.8769,0,0.0902099609375,0,0.3798828125,0,0.028045654296875,0,0.043975830078125
32.8854,0,0.11065673828125,0,0.1749267578125,0,0.028045654296875,0,0.0277252197265625
32.8966,0,0.11065673828125,0,0.1749267578125,0,-0.006683349609375,0,0.0277252197265625
32.9079,0,0.1116943359375,0,0.3125,0,-0.006683349609375,0,0.08612060546875
32.9160,0,0.1116943359375,0,0.3125,0,-0.048675537109375,0,0.08612060546875
32.9248,0,-0.0249786376953125,0,-0.81689453125,0,-0.048675537109375,0,-0.112548828125
32.9361,0,-0.0249786376953125,0,-0.81689453125,0,-0.0172576904296875,0,-0.112548828125
32.9470,0,0.074462890625,0,-0.81689453125,0,-0.0172576904296875,0,-0.112548828125
32.9568,0,0.074462890625,0,-0.0280609130859375,0,-0.043243408203125,0,0.03387451171875
32.9668,0,0.092041015625,0,-0.0280609130859375,0,-0.043243408203125,0,0.1322021484375
32.9753,0,0.092041015625,0,-0.3759765625,0,-0.02801513671875,0,0.1322021484375
32.9839,0,-0.01409149169921875,0,-0.3759765625,0,-0.02801513671875,0,-0.045989990234375
32.9964,0,-0.01409149169921875,0,0.2763671875,0,-0.04888916015625,0,-0.045989990234375
33.0051,0,0.04315185546875,0,0.2763671875,0,-0.04888916015625,0,-0.10546875
33.0175,0,0.04315185546875,0,0.184326171875,0,-0.04510498046875,0,-0.10546875
33.0284,0,-0.1202392578125,0,0.184326171875,0,-0.04510498046875,0,-0.10546875
33.0369,0,-0.1202392578125,0,0.101806640625,0,-0.03729248046875,0,-0.140380859375
33.0480,0,-0.1348876953125,0,0.101806640625,0,-0.03729248046875,0,-0.140380859375
33.0596,0,-0.1348876953125,0,-0.407470703125,0,-0.07171630859375,0,-0.1304931640625
33.0684,0,-0.0791015625,0,-0.407470703125,0,-0.07171630859375,0,-0.1304931640625
33.0770,0,-0.0791015625,0,-0.1251220703125,0,-0.01457977294921875,0,-0.037078857421875
33.0882,0,0.1021728515625,0,-0.1251220703125,0,-0.01457977294921875,0,-0.037078857421875
33.0987,0,0.1021728515625,0,0.375732421875,0,-0.100341796875,0,0.0594482421875
33.1100,0,0.07672119140625,0,0.375732421875,0,-0.100341796875,0,0.0594482421875
33.1188,0,0.07672119140625,0,-0.250732421875,0,-0.057098388671875,0,-0.1597900390625
33.1294,0,0.08575439453125,0,-0.250732421875,0,-0.057098388671875,0,-0.1597900390625
33.1383,0,0.08575439453125,0,0.2451171875,0,0.0213470458984375,0,-0.1199951171875
33.1494,0,-0.1634521484375,0,0.2451171875,0,0.0213470458984375,0,-0.1199951171875
33.1582,0,-0.1634521484375,0,-0.01479339599609375,0,-0.0423583984375,0,-0.07452392578125
33.1700,0,-0.137451171875,0,-0.01479339599609375,0,-0.0423583984375,0,-0.07452392578125
33.1788,0,-0.137451171875,0,-0.1837158203125,0,-0.0423583984375,0,-0.2052001953125
33.1908,0,-0.130615234375,0,-0.1837158203125,0,0.016632080078125,0,-0.2052001953125
33.1968,0,-0.130615234375,0,-0.388427734375,0,-0.044830322265625,0,-0.138427734375
33.2095,0,0.084716796875,0,-0.388427734375,0,-0.044830322265625,0,-0.138427734375
33.2200,0,0.084716796875,0,0.017791748046875,0,-0.04974365234375,0,0.1766357421875
33.2296,0,0.143798828125,0,0.017791748046875,0,-0.04974365234375,0,0.1766357421875
33.2386,0,0.143798828125,0,-0.350341796875,0,-0.04974365234375,0,0.11468505859375
33.2492,0,0.143798828125,0,-0.350341796875,0,-0.06024169921875,0,0.11468505859375
33.2581,0,-0.06414794921875,0,0.434814453125,0,-0.06024169921875,0,0.0899658203125
33.2688,0,-0.06414794921875,0,0.434814453125,0,0.0946044921875,0,0.0899658203125
33.2774,0,0.03131103515625,0,0.314453125,0,0.0946044921875,0,-0.1640625
33.2885,0,0.03131103515625,0,0.314453125,0,0.015289306640625,0,-0.1640625
33.2969,0,0.051025390625,0,0.314453125,0,0.015289306640625,0,-0.1790771484375
33.3080,0,0.051025390625,0,-0.141357421875,0,-0.037017822265625,0,-0.1790771484375
33.3167,0,-0.297119140625,0,-0.141357421875,0,-0.037017822265625,0,0.1534423828125
33.3293,0,-0.297119140625,0,0.501953125,0,-0.0263214111328125,0,0.1534423828125
33.3359,0,0.032135009765625,0,0.053924560546875,0,-0.0263214111328125,0,0.0528564453125
33.3484,0,0.032135009765625,0,0.053924560546875,0,-0.01229095458984375,0,0.0528564453125
33.3582,0,-0.151123046875,0,0.053924560546875,0,-0.01229095458984375,0,-0.01468658447265625
33.3713,0,-0.151123046875,0,0.213623046875,0,-0.0794677734375,0,-0.01468658447265625
33.3777,0,-0.0767822265625,0,0.213623046875,0,-0.0794677734375,0,0.07403564453125
33.3888,0,-0.0767822265625,0,0.2342529296875,0,-0.03350830078125,0,0.07403564453125
33.3972,0,-0.08587646484375,0,0.2342529296875,0,-0.03350830078125,0,0.05072021484375
33.4083,0,-0.08587646484375,0,-0.471435546875,0,-0.020111083984375,0,0.05072021484375
33.4170,0,-0.1177978515625,0,-0.471435546875,0,-0.020111083984375,0,0.0469970703125
33.4279,0,-0.1177978515625,0,-0.6650390625,0,-0.0131988525390625,0,0.0469970703125
33.4384,0,-0.060699462890625,0,-0.6650390625,0,-0.0131988525390625,0,-0.090576171875
33.4492,0,-0.060699462890625,0,0.1666259765625,0,-0.02227783203125,0,-0.090576171875
33.4583,0,-0.1446533203125,0,0.1666259765625,0,-0.02227783203125,0,-0.090576171875
33.4692,0,-0.1446533203125,0,0.448974609375,0,-0.03094482421875,0,0.0740966796875
33.4787,0,0.060516357421875,0,0.448974609375,0,-0.03094482421875,0,0.0740966796875
33.4908,0,0.060516357421875,0,0.21142578125,0,-0.10845947265625,0,0.11846923828125
33.4983,0,0.06207275390625,0,0.21142578125,0,-0.10845947265625,0,0.11846923828125
33.5133,0,0.06207275390625,0,0.2105712890625,0,-0.00984954833984375,0,-0.1370849609375
33.5207,0,1.740234375,0,0.2105712890625,0,-0.00984954833984375,0,-0.1370849609375
33.5394,0,2.3046875,0,3.15234375,0,3.115234375,0,3.458984375
33.5504,0,2.3046875,8,1.5244140625,10,1.3447265625,1,2.224609375
33.5613,16,0.8896484375,8,1.5244140625,10,1.3447265625,1,2.224609375
33.5722,16,0.8896484375,28,-0.3876953125,32,-0.619140625,24,-0.419921875
33.5807,43,-0.9404296875,28,-0.3876953125,32,-0.619140625,62,2.873046875
33.5931,43,-0.9404296875,40,0.52294921875,59,2.517578125,62,2.873046875
33.6001,47,1.0107421875,40,0.52294921875,59,2.517578125,62,2.873046875
33.6115,47,1.0107421875,42,0.56201171875,59,2.517578125,-1,5.83203125
33.6199,-6,6.2421875,42,0.56201171875,4,3.861328125,-1,5.83203125
33.6310,-6,6.2421875,-10,5.00390625,4,3.861328125,15,0.57666015625
33.6408,-6,6.2421875,-10,5.00390625,4,1.6796875,15,0.57666015625
33.6539,8,1.2685546875,18,-0.355712890625,4,1.6796875,49,1.970703125
33.6597,30,-0.8154296875,18,-0.355712890625,36,1.5673828125,49,1.970703125
33.6746,30,-0.8154296875,41,1.30859375,36,1.5673828125,47,-1.1865234375
33.6833,35,0.11419677734375,41,1.30859375,49,1.4609375,36,0.08349609375
33.6946,35,0.11419677734375,9,3.33203125,49,1.4609375,36,0.08349609375
33.6986,39,0.77099609375,9,3.33203125,25,1.5400390625,36,0.08349609375
33.7126,39,0.77099609375,15,0.90576171875,-6,2.78515625,13,1.8720703125
33.7190,-2,5.67578125,15,0.90576171875,-6,2.78515625,13,1.8720703125
33.7294,-2,5.67578125,35,0.666015625,-6,2.78515625,4,2.05859375
33.7379,-4,2.576171875,35,0.666015625,18,0.2005615234375,4,2.05859375
33.7501,-4,2.576171875,38,0.7880859375,18,0.2005615234375,7,1.6201171875
33.7579,22,-0.677734375,38,0.7880859375,43,1.583984375,7,1.6201171875
33.7719,22,-0.677734375,-5,5.90234375,43,1.583984375,43,1.7587890625
33.7779,46,1.529296875,-5,5.90234375,53,0.300537109375,43,1.7587890625
33.7885,46,1.529296875,8,0.92578125,53,0.300537109375,45,-0.74560546875
33.7972,35,0.6826171875,8,0.92578125,20,2.01953125,45,-0.74560546875
33.8082,35,0.6826171875,27,-0.1842041015625,20,2.01953125,3,2.142578125
33.8175,-8,4.46484375,27,-0.1842041015625,8,2.876953125,3,2.142578125
33.8312,-8,4.46484375,27,-0.1842041015625,8,2.876953125,24,-0.0592041015625
33.8433,7,1.17578125,38,-0.058349609375,6,1.8720703125,24,-0.0592041015625
33.8491,7,1.17578125,42,0.716796875,6,1.8720703125,45,-0.98046875
33.8597,7,1.17578125,42,0.716796875,28,0.60693359375,45,-0.98046875
33.8728,44,2.076171875,5,2.498046875,28,0.60693359375,49,1.193359375
33.8789,44,2.076171875,5,2.498046875,43,1.0029296875,49,1.193359375
33.8914,49,0.7978515625,5,2.498046875,43,1.0029296875,29,1.1572265625
33.8983,49,0.7978515625,-6,2.958984375,41,0.32275390625,29,1.1572265625
33.9104,-5,6.70703125,-6,2.958984375,41,0.32275390625,13,1.8369140625
33.9180,-5,6.70703125,19,0.2119140625,-8,5.1875,13,1.8369140625
33.9316,3,1.345703125,19,0.2119140625,-8,5.1875,4,2.189453125
33.9370,3,1.345703125,58,3.072265625,7,1.265625,4,2.189453125
33.9534,40,1.6767578125,58,3.072265625,7,1.265625,15,1.033203125
33.9618,40,1.6767578125,23,2.2421875,32,0.91015625,15,1.033203125
33.9683,48,0.98095703125,23,2.2421875,32,0.91015625,52,2.470703125
33.9806,48,0.98095703125,2,1.830078125,63,3.921875,52,2.470703125
33.9922,0,2.76171875,2,1.830078125,63,3.921875,40,0.231201171875
33.9999,0,2.76171875,26,0.420166015625,37,1.1826171875,40,0.231201171875
34.0143,5,1.4326171875,26,0.420166015625,37,1.1826171875,41,0.5263671875
34.0220,5,1.4326171875,53,2.259765625,0,4.140625,41,0.5263671875
34.0309,37,1.4375,53,2.259765625,0,4.140625,-3,6.53515625
34.0432,37,1.4375,22,2.111328125,15,0.5703125,-3,6.53515625
34.0527,50,1.494140625,22,2.111328125,15,0.5703125,4,1.1064453125
34.0589,50,1.494140625,5,1.3818359375,33,0.6494140625,4,1.1064453125
34.0734,32,0.64892578125,5,1.3818359375,33,0.6494140625,4,1.1064453125
34.0811,32,0.64892578125,28,-0.7666015625,37,0.3828125,26,-0.373291015625
34.0937,-6,2.85546875,28,-0.7666015625,37,0.3828125,26,-0.373291015625
34.1039,-6,2.85546875,49,2.0546875,37,0.3828125,39,-0.67041015625
34.1162,25,-0.712890625,49,2.0546875,19,-0.0968017578125,39,-0.67041015625
34.1316,50,1.904296875,25,1.794921875,2,1.2646484375,41,0.53759765625
34.1392,50,1.904296875,-1,2.927734375,23,-0.183349609375,20,1.7490234375
34.1472,32,1.158203125,-1,2.927734375,23,-0.183349609375,20,1.7490234375
34.1586,32,1.158203125,20,-0.1116943359375,23,-0.183349609375,7,2.14453125
34.1707,-7,3.607421875,20,-0.1116943359375,37,0.79833984375,7,2.14453125
34.1772,-7,3.607421875,50,2.06640625,37,0.79833984375,14,1.271484375
34.1879,15,0.61328125,50,2.06640625,24,1.072265625,14,1.271484375
34.1964,15,0.61328125,39,0.071044921875,24,1.072265625,41,-1.56640625
34.2109,46,1.7705078125,39,0.071044921875,31,0.325927734375,45,0.69970703125
34.2254,46,1.7705078125,-8,3.955078125,34,0.165771484375,45,0.69970703125
34.2309,45,0.61328125,-8,3.955078125,34,0.165771484375,45,0.69970703125
34.2406,45,0.61328125,-8,3.955078125,34,0.165771484375,0,3.2890625
34.2504,45,0.61328125,13,0.87255859375,2,1.7568359375,0,3.2890625
34.2593,-8,5.6640625,13,0.87255859375,2,1.7568359375,8,1.53515625
34.2701,-8,5.6640625,48,2.224609375,27,-0.79736328125,8,1.53515625
34.2788,2,1.31640625,48,2.224609375,27,-0.79736328125,44,-2.1484375
34.2899,2,1.31640625,44,0.53515625,44,1.2080078125,44,-2.1484375
34.2981,36,1.798828125,44,0.53515625,44,1.2080078125,44,0.521484375
34.3102,36,1.798828125,-8,4.87890625,38,0.134521484375,44,0.521484375
34.3179,51,1.556640625,-8,4.87890625,38,0.134521484375,45,0.95068359375
34.3306,51,1.556640625,9,1.1806640625,-8,4.01171875,45,0.95068359375
34.3402,26,1.435546875,9,1.1806640625,-8,4.01171875,0,3.09765625
34.3516,26,1.435546875,44,-2.595703125,7,1.1787109375,0,3.09765625
34.3600,0,2.14453125,44,-2.595703125,7,1.1787109375,21,-0.13671875
34.3709,0,2.14453125,48,0.70556640625,35,1.19140625,21,-0.13671875
34.3806,28,0.9658203125,48,0.70556640625,35,1.19140625,41,-1.4072265625
34.3921,28,0.9658203125,-8,5.6640625,63,4.29296875,41,-1.4072265625
34.3995,41,0.69677734375,-8,5.6640625,63,4.29296875,41,0.56787109375
34.4117,41,0.69677734375,8,1.1123046875,12,1.1826171875,41,0.56787109375
34.4201,41,0.74462890625,8,1.1123046875,12,1.1826171875,37,0.316650390625
34.4323,41,0.74462890625,44,2.16015625,33,1.123046875,37,0.316650390625
34.4409,-6,3.4921875,44,2.16015625,33,1.123046875,37,0.316650390625
34.4536,-6,3.4921875,46,3.587890625,41,-0.95654296875,9,2.05859375
34.4614,9,-0.7255859375,46,3.587890625,41,-0.95654296875,9,2.05859375
34.4742,20,0.166259765625,-9,0.1414794921875,26,-0.129150390625,0,-0.285888671875
34.4864,20,0.166259765625,-33,0.441650390625,-7,0.0718994140625,0,-0.285888671875
34.4946,-2,-0.1407470703125,-33,0.441650390625,-7,0.0718994140625,0,-0.285888671875
34.5065,-2,-0.1407470703125,18,0.014495849609375,0,0.058319091796875,-9,-0.166259765625
34.5158,-7,-0.0765380859375,18,0.014495849609375,0,0.058319091796875,-9,-0.166259765625
34.5281,-7,-0.0765380859375,18,0.014495849609375,0,0.058319091796875,-1,-0.030609130859375
34.5368,-2,0.0703125,27,0.39794921875,0,0.033477783203125,-1,-0.030609130859375
34.5476,-2,0.0703125,27,0.39794921875,0,0.033477783203125,0,0.05059814453125
34.5563,-2,0.0703125,-7,0.379638671875,0,-0.0401611328125,0,0.05059814453125
34.5682,0,-0.134765625,0,-0.39892578125,0,-0.05169677734375,0,0.09796142578125
34.5776,0,0.1322021484375,0,-0.39892578125,0,-0.05169677734375,0,0.09796142578125
34.5879,0,0.1322021484375,0,-0.39892578125,0,-0.05169677734375,0,0.04034423828125
34.5966,0,0.02984619140625,0,0.189453125,0,0.039154052734375,0,0.04034423828125
34.6110,0,0.02984619140625,0,0.189453125,0,0.039154052734375,0,-0.00555419921875
34.6169,0,0.02984619140625,0,-0.720703125,0,-0.011627197265625,0,-0.00555419921875
34.6282,0,-0.1993408203125,0,-0.720703125,0,-0.011627197265625,0,-0.0126190185546875
34.6366,0,-0.1993408203125,0,0.336181640625,0,-0.016082763671875,0,-0.0126190185546875
34.6486,0,0.0660400390625,0,0.336181640625,0,-0.016082763671875,0,0.07708740234375
34.6586,0,-0.07977294921875,0,-0.681640625,0,0.039459228515625,0,0.07708740234375
34.6694,0,-0.07977294921875,0,-0.681640625,0,0.039459228515625,0,0.08087158203125
34.6782,0,-0.07977294921875,0,0.08673095703125,0,-0.07025146484375,0,0.08087158203125
34.6905,0,-0.1427001953125,0,0.08673095703125,0,-0.07025146484375,0,-0.11663818359375
34.6989,0,-0.1427001953125,0,-0.033203125,0,0.0296630859375,0,-0.11663818359375
34.7101,0,0.2225341796875,0,-0.033203125,0,0.0296630859375,0,0.106689453125
34.7183,0,0.2225341796875,0,0.41845703125,0,-0.043487548828125,0,0.106689453125
34.7298,0,0.099853515625,0,0.41845703125,0,-0.043487548828125,0,-0.07244873046875
34.7381,0,0.099853515625,0,-0.38623046875,0,0.01227569580078125,0,-0.07244873046875
34.7492,0,0.157958984375,0,-0.38623046875,0,0.01227569580078125,0,-0.154541015625
34.7580,0,0.157958984375,0,-0.576171875,0,-0.0794677734375,0,-0.154541015625
34.7689,0,0.02276611328125,0,-0.576171875,0,-0.0794677734375,0,0.1295166015625
34.7777,0,0.02276611328125,0,0.472900390625,0,0.1038818359375,0,0.1295166015625
34.7903,0,-0.06365966796875,0,0.472900390625,0,0.1038818359375,0,-0.04132080078125
34.7968,0,-0.06365966796875,0,-0.56640625,0,0.046173095703125,0,-0.04132080078125
34.8085,0,0.12451171875,0,-0.56640625,0,0.046173095703125,0,-0.05047607421875
34.8174,0,0.12451171875,0,-0.404052734375,0,0.0062255859375,0,-0.05047607421875
34.8287,0,0.043670654296875,0,-0.404052734375,0,0.0062255859375,0,0.105224609375
34.8370,0,0.043670654296875,0,0.4365234375,0,-0.0738525390625,0,0.105224609375
34.8481,0,-0.228271484375,0,0.4365234375,0,-0.0738525390625,0,0.0775146484375
34.8574,0,-0.228271484375,0,-0.6201171875,0,-0.0270843505859375,0,0.0775146484375
34.8677,0,-0.00702667236328125,0,-0.6201171875,0,-0.0270843505859375,0,0.1021728515625
34.8763,0,-0.00702667236328125,0,-0.5927734375,0,-0.07794189453125,0,0.1021728515625
34.8876,0,0.1353759765625,0,-0.5927734375,0,-0.07794189453125,0,-0.146240234375
34.8959,0,0.1353759765625,0,-0.57177734375,0,0.04632568359375,0,-0.146240234375
34.9098,0,0.12493896484375,0,-0.57177734375,0,0.04632568359375,0,0.0799560546875
34.9179,0,0.12493896484375,0,0.362060546875,0,0.038909912109375,0,0.0799560546875
34.9250,0,-0.075439453125,0,0.362060546875,0,0.038909912109375,0,-0.00759124755859375
34.9384,0,-0.075439453125,0,0.44140625,0,-0.07373046875,0,-0.00759124755859375
34.9474,0,-0.131591796875,0,0.44140625,0,-0.07373046875,0,0.07415771484375
34.9555,0,-0.131591796875,0,0.4423828125,0,-0.045562744140625,0,0.07415771484375
34.9665,0,-0.031829833984375,0,0.4423828125,0,-0.045562744140625,0,-0.04547119140625
34.9759,0,-0.031829833984375,0,0.409423828125,0,0.09521484375,0,-0.04547119140625
34.9867,0,0.06085205078125,0,0.409423828125,0,0.09521484375,0,-0.1318359375
34.9957,0,0.06085205078125,0,-0.66796875,0,-0.04644775390625,0,-0.1318359375
35.0072,0,0.04119873046875,0,-0.66796875,0,-0.04644775390625,0,-0.011260986328125
35.0163,0,0.04119873046875,0,-0.55908203125,0,0.01392364501953125,0,-0.011260986328125
35.0286,0,0.137939453125,0,-0.55908203125,0,0.01392364501953125,0,-0.062286376953125
35.0368,0,0.137939453125,0,-0.351318359375,0,-0.0162811279296875,0,-0.062286376953125
35.0487,0,-0.0772705078125,0,-0.351318359375,0,-0.0162811279296875,0,-0.1456298828125
35.0621,0,-0.0772705078125,0,-0.406494140625,0,-0.015228271484375,0,-0.1456298828125
35.0714,0,0.045257568359375,0,-0.406494140625,0,-0.015228271484375,0,0.06689453125
35.0819,0,0.045257568359375,0,-0.406494140625,0,0.00984954833984375,0,0.06689453125
35.0933,0,-0.171875,0,-0.70947265625,0,0.00984954833984375,0,-0.0299072265625
35.0977,0,-0.171875,0,0.061920166015625,0,-0.0074920654296875,0,-0.0299072265625
35.1115,0,-0.25146484375,0,0.061920166015625,0,-0.0074920654296875,0,0.039703369140625
35.1224,0,-0.25146484375,0,-0.498779296875,0,0.050262451171875,0,0.039703369140625
35.1344,0,-0.1661376953125,0,-0.498779296875,0,0.050262451171875,0,0.1004638671875
35.1433,0,-0.1661376953125,0,-0.498779296875,0,0.04290771484375,0,0.1004638671875
35.1550,0,0.0299224853515625,0,-0.314697265625,0,0.04290771484375,0,0.158447265625
35.1629,0,0.0299224853515625,0,-0.314697265625,0,-0.0400390625,0,0.158447265625
35.1697,0,-0.244873046875,0,0.1744384765625,0,-0.0400390625,0,-0.153564453125
35.1831,0,-0.244873046875,0,0.1282958984375,0,-0.017547607421875,0,-0.153564453125
35.1936,0,3.22265625,0,0.1282958984375,0,-0.017547607421875,0,3.12109375
35.1988,0,3.22265625,0,0.1282958984375,0,2.169921875,0,3.12109375
35.2150,0,3.22265625,0,2.015625,0,2.169921875,0,3.12109375
35.2302,0,1.9482421875,6,0.9921875,5,1.150390625,17,-0.059326171875
35.2383,15,0.362548828125,6,0.9921875,21,0.10772705078125,17,-0.059326171875
35.2519,38,1.4375,32,-1.984375,21,0.10772705078125,45,2.078125
35.2588,38,1.4375,32,-1.984375,37,1.2392578125,45,2.078125
35.2749,38,1.4375,40,-1.2236328125,37,1.2392578125,45,2.078125
35.2818,1,1.548828125,40,-1.2236328125,1,4.73046875,47,1.1435546875
35.2905,1,1.548828125,-2,3.423828125,1,4.73046875,8,2.51171875
35.3003,2,1.4287109375,-2,3.423828125,1,4.73046875,8,2.51171875
35.3123,27,0.92578125,19,0.10198974609375,18,0.447998046875,0,2.375
35.3230,27,0.92578125,19,0.10198974609375,36,1.0283203125,0,2.375
35.3316,27,0.92578125,39,1.0927734375,36,1.0283203125,0,2.375
35.3407,35,-0.301025390625,39,1.0927734375,3,2.755859375,3,1.7158203125
35.3521,35,-0.301025390625,43,1.1806640625,3,2.755859375,3,1.7158203125
35.3645,26,0.065673828125,43,1.1806640625,3,2.755859375,40,2.427734375
35.3727,26,0.065673828125,-1,2.9921875,16,0.236572265625,43,0.55322265625
35.3817,28,-0.061248779296875,-1,2.9921875,16,0.236572265625,43,0.55322265625
35.3935,28,-0.061248779296875,13,0.60302734375,37,1.3212890625,43,0.55322265625
35.4012,-6,3.416015625,13,0.60302734375,37,1.3212890625,21,0.5546875
35.4178,4,1.08984375,33,1.205078125,38,0.449462890625,26,-0.07940673828125
35.4291,4,1.08984375,32,0.392578125,-8,5.5234375,26,-0.07940673828125
35.4385,36,1.7626953125,32,0.392578125,-8,5.5234375,3,2.40234375
35.4497,36,1.7626953125,22,0.685546875,3,1.1640625,3,2.40234375
35.4581,51,1.8095703125,22,0.685546875,3,1.1640625,10,1.302734375
35.4677,51,1.8095703125,26,0.385986328125,29,1.0654296875,10,1.302734375
35.4780,22,1.548828125,26,0.385986328125,29,1.0654296875,35,-1.0712890625
35.4888,22,1.548828125,0,3.599609375,53,2.337890625,35,-1.0712890625
35.4974,7,0.73291015625,0,3.599609375,53,2.337890625,45,-1.1181640625
35.5085,7,0.73291015625,20,-0.1004638671875,28,1.4609375,45,-1.1181640625
35.5169,16,0.5703125,20,-0.1004638671875,28,1.4609375,9,2.94921875
35.5309,16,0.5703125,43,1.3671875,-6,2.884765625,9,2.94921875
35.5379,39,1.4765625,43,1.3671875,-6,2.884765625,3,1.8701171875
35.5491,39,1.4765625,37,0.33154296875,18,0.120361328125,3,1.8701171875
35.5578,37,0.498291015625,37,0.33154296875,18,0.120361328125,30,-0.94287109375
35.5687,37,0.498291015625,37,0.33154296875,47,2.0390625,30,-0.94287109375
35.5773,0,4.13671875,-8,3.9609375,47,2.0390625,45,-1.212890625
35.5890,0,4.13671875,-8,3.9609375,43,0.43603515625,45,-1.212890625
35.5969,4,1.396484375,6,0.96923828125,43,0.43603515625,24,1.1435546875
35.6082,4,1.396484375,6,0.96923828125,-7,4.7265625,24,1.1435546875
35.6169,24,0.0294036865234375,45,2.412109375,-7,4.7265625,29,-0.1492919921875
35.6281,24,0.0294036865234375,45,2.412109375,5,1.1826171875,29,-0.1492919921875
35.6373,37,-0.291259765625,50,-1.2724609375,5,1.1826171875,15,1.6181640625
35.6486,37,-0.291259765625,50,-1.2724609375,35,1.533203125,15,1.6181640625
35.6570,37,-0.291259765625,-6,5.51953125,35,1.533203125,8,1.578125
35.6681,42,0.89306640625,-6,5.51953125,53,1.9951171875,8,1.578125
35.6769,42,0.89306640625,4,1.2197265625,53,1.9951171875,37,-1.3310546875
35.6882,0,3.65234375,4,1.2197265625,20,2.42578125,37,-1.3310546875
35.6990,0,3.65234375,36,1.7978515625,20,2.42578125,43,-0.52880859375
35.7081,-5,2.6953125,36,1.7978515625,1,1.666015625,43,-0.52880859375
35.7153,-5,2.6953125,51,1.6044921875,1,1.666015625,19,1.263671875
35.7279,21,0.267822265625,51,1.6044921875,25,0.5625,19,1.263671875
35.7365,50,2.0234375,6,3.111328125,25,0.5625,24,0.1251220703125
35.7487,50,2.0234375,6,3.111328125,50,2.14453125,24,0.1251220703125
35.7574,50,2.0234375,0,2.58203125,50,2.14453125,28,0.167236328125
35.7683,27,0.18994140625,0,2.58203125,35,0.39794921875,28,0.167236328125
35.7770,27,0.18994140625,26,-0.88134765625,35,0.39794921875,31,-0.031829833984375
35.7901,-9,3.90625,26,-0.88134765625,35,0.39794921875,31,-0.031829833984375
35.7967,-9,3.90625,55,2.541015625,-7,3.578125,33,-0.1881103515625
35.8081,6,1.0927734375,55,2.541015625,10,0.98046875,33,-0.1881103515625
35.8161,6,1.0927734375,27,1.7021484375,10,0.98046875,33,-0.1881103515625
35.8279,42,2.326171875,27,1.7021484375,45,2.1015625,31,-0.17138671875
35.8342,42,2.326171875,-7,3.12109375,45,2.1015625,7,2.376953125
35.8468,48,0.9013671875,-7,3.12109375,45,2.1015625,7,2.376953125
35.8563,48,0.9013671875,13,0.9853515625,48,0.8857421875,2,1.9609375
35.8674,0,3.140625,13,0.9853515625,-4,5.40625,2,1.9609375
35.8760,0,3.140625,46,2.13671875,-4,5.40625,2,1.9609375
35.8868,3,1.1796875,46,2.13671875,3,0.99853515625,29,-1.3203125
35.8957,3,1.1796875,45,0.8525390625,3,0.99853515625,29,-1.3203125
35.9068,31,1.26171875,45,0.8525390625,3,0.99853515625,46,-1.22265625
35.9151,31,1.26171875,-8,5.33984375,27,0.791015625,46,-1.22265625
35.9272,42,1.1513671875,-8,5.33984375,27,0.791015625,10,3.076171875
35.9352,42,1.1513671875,0,2.13671875,47,1.7333984375,10,3.076171875
35.9470,-2,7.23046875,0,2.13671875,47,1.7333984375,17,0.72314453125
35.9576,-2,7.23046875,23,0.705078125,35,0.08880615234375,17,0.72314453125
35.9671,8,1.03515625,23,0.705078125,35,0.08880615234375,30,-0.62744140625
35.9762,8,1.03515625,56,2.9609375,-6,3.654296875,30,-0.62744140625
35.9867,25,0.333740234375,56,2.9609375,-6,3.654296875,39,-0.60400390625
35.9954,25,0.333740234375,56,2.9609375,2,1.7431640625,39,-0.60400390625
36.0063,35,-0.04595947265625,27,2.318359375,2,1.7431640625,36,-0.10418701171875
36.0149,35,-0.04595947265625,27,2.318359375,30,1.0498046875,36,-0.10418701171875
36.0260,37,0.449462890625,-7,3.169921875,30,1.0498046875,8,2.31640625
36.0364,37,0.449462890625,-7,3.169921875,56,2.576171875,8,2.31640625
36.0472,34,0.1785888671875,19,0.232666015625,56,2.576171875,1,2.2890625
36.0572,34,0.1785888671875,19,0.232666015625,24,2.23828125,1,2.2890625
36.0683,-5,3.2890625,55,2.91796875,24,2.23828125,26,-0.83984375
36.0772,-5,3.2890625,55,2.91796875,1,2.31640625,26,-0.83984375
36.0861,8,1.21484375,32,1.306640625,1,2.31640625,48,1.330078125
36.0969,8,1.21484375,32,1.306640625,21,0.053131103515625,48,1.330078125
36.1097,48,2.51953125,-6,3.392578125,21,0.053131103515625,51,1.3232421875
36.1171,48,2.51953125,-6,3.392578125,45,1.591796875,51,1.3232421875
36.1280,52,1.662109375,22,-0.440185546875,45,1.591796875,-10,5.8984375
36.1360,52,1.662109375,22,-0.440185546875,42,0.261962890625,-10,5.8984375
36.1471,0,3.60546875,52,2.080078125,42,0.261962890625,13,0.53564453125
36.1557,0,3.60546875,52,2.080078125,-8,4.8515625,13,0.53564453125
36.1694,0,2.578125,33,1.3115234375,-8,4.8515625,40,-1.70703125
36.1764,0,2.578125,33,1.3115234375,5,1.3134765625,40,-1.70703125
36.1886,30,-1.3623046875,-7,3.580078125,5,1.3134765625,40,-1.70703125
36.1968,30,-1.3623046875,-7,3.580078125,38,1.201171875,47,1.279296875
36.2084,52,1.5439453125,23,-0.66748046875,38,1.201171875,47,1.279296875
36.2190,52,1.5439453125,23,-0.66748046875,51,1.2978515625,27,1.8046875
36.2265,28,1.607421875,55,2.7578125,51,1.2978515625,4,2.900390625
36.2390,28,1.607421875,55,2.7578125,0,2.86328125,4,2.900390625
36.2463,2,1.94921875,20,3.513671875,0,2.86328125,20,0.25390625
36.2552,2,1.94921875,20,3.513671875,4,1.607421875,20,0.25390625
36.2695,33,-1.564453125,7,1.70703125,4,1.607421875,52,-2.556640625
36.2812,33,-1.564453125,7,1.70703125,35,0.779296875,52,-2.556640625
36.2884,54,1.5751953125,38,1.12890625,35,0.779296875,53,1.068359375
36.3019,54,1.5751953125,38,1.12890625,50,1.08984375,53,1.068359375
36.3094,0,5.421875,45,0.04052734375,50,1.08984375,28,2.150390625
36.3220,0,5.421875,45,0.04052734375,23,2.396484375,28,2.150390625
36.3313,10,1.5810546875,26,1.140625,23,2.396484375,8,2.646484375
36.3414,10,1.5810546875,26,1.140625,6,1.7626953125,8,2.646484375
36.3499,55,2.583984375,31,0.5302734375,6,1.7626953125,1,2.607421875
36.3621,55,2.583984375,31,0.5302734375,37,1.0517578125,1,2.607421875
36.3679,55,2.583984375,37,-0.01470947265625,37,1.0517578125,1,2.607421875
36.3817,52,0.8935546875,37,-0.01470947265625,50,0.79736328125,39,-1.70703125
36.3914,37,0.359619140625,35,0.2423095703125,50,0.79736328125,39,-1.70703125
36.4014,37,0.359619140625,35,0.2423095703125,16,3.0234375,53,-1.28125
36.4125,-1,3.28515625,36,0.262939453125,16,3.0234375,45,-0.3369140625
36.4209,-1,3.28515625,36,0.262939453125,22,0.99169921875,45,-0.3369140625
36.4298,-1,3.28515625,-6,5.17578125,22,0.99169921875,45,-0.3369140625
36.4440,19,0.51708984375,-6,5.17578125,37,-0.356689453125,0,3.92578125
36.4501,19,0.51708984375,12,1.193359375,37,-0.356689453125,0,3.92578125
36.4572,44,-0.7109375,12,1.193359375,44,0.486572265625,25,-0.439453125
36.4722,44,-0.7109375,55,2.5234375,44,0.486572265625,25,-0.439453125
36.4784,43,0.1256103515625,55,2.5234375,30,1.3896484375,49,-1.390625
36.4918,43,0.1256103515625,48,0.40380859375,30,1.3896484375,49,-1.390625
36.5005,25,0.79150390625,48,0.40380859375,0,3.076171875,53,1.0888671875
36.5116,37,-0.2166748046875,18,1.2666015625,0,3.076171875,53,1.0888671875
36.5158,37,-0.2166748046875,18,1.2666015625,30,-0.64599609375,12,3.44140625
36.5319,37,-0.2166748046875,5,2.03515625,30,-0.64599609375,12,3.44140625
36.5373,39,-0.1422119140625,5,2.03515625,30,-0.64599609375,12,1.7255859375
36.5524,39,-0.1422119140625,5,2.03515625,54,1.505859375,12,1.7255859375
36.5606,41,0.1409912109375,41,1.599609375,55,0.9267578125,42,-1.4970703125
36.5690,41,0.1409912109375,47,-0.98388671875,55,0.9267578125,42,-1.4970703125
36.5777,-6,5.96875,47,-0.98388671875,-1,6.40625,57,1.720703125
36.5896,-6,5.96875,29,1.451171875,-1,6.40625,57,1.720703125
36.5971,6,1.7470703125,29,1.451171875,9,1.7275390625,36,1.21875
36.6131,46,1.888671875,7,2.40234375,9,1.7275390625,36,1.21875
36.6168,46,1.888671875,7,2.40234375,35,-0.8486328125,9,2.724609375
36.6318,46,1.888671875,43,1.4033203125,35,-0.8486328125,9,2.724609375
36.6362,54,1.072265625,43,1.4033203125,47,0.908203125,3,2.453125
36.6512,54,1.072265625,45,0.12396240234375,47,0.908203125,3,2.453125
36.6572,20,0.0706787109375,45,0.12396240234375,44,-0.31005859375,53,-3.361328125
36.6709,20,0.0706787109375,47,0.61181640625,44,-0.31005859375,53,-3.361328125
36.6760,8,1.431640625,47,0.61181640625,44,-0.31005859375,56,1.4072265625
36.6906,8,1.431640625,47,0.61181640625,36,0.12261962890625,56,1.4072265625
36.6954,23,0.7548828125,0,4.3671875,36,0.12261962890625,29,2.267578125
36.7106,23,0.7548828125,0,4.3671875,18,2.466796875,29,2.267578125
36.7151,56,1.8203125,3,1.6142578125,18,2.466796875,2,3.1640625
36.7299,56,1.8203125,3,1.6142578125,3,3.107421875,2,3.1640625
36.7383,22,4.1171875,39,1.689453125,26,-0.018157958984375,38,-1.671875
36.7494,22,4.1171875,54,0.76220703125,26,-0.018157958984375,38,-1.671875
36.7550,30,0.58203125,54,0.76220703125,26,-0.018157958984375,45,-0.380859375
36.7698,30,0.58203125,54,0.76220703125,51,1.630859375,45,-0.380859375
36.7746,35,0.26318359375,54,0.86083984375,51,1.630859375,49,0.77099609375
36.7895,35,0.26318359375,54,0.86083984375,32,1.427734375,49,0.77099609375
36.7947,41,-0.44384765625,6,1.8720703125,32,1.427734375,15,3.291015625
36.8094,41,-0.44384765625,6,1.8720703125,7,2.203125,15,3.291015625
36.8139,41,-0.44384765625,34,-0.61376953125,7,2.203125,15,3.291015625
36.8304,39,0.3427734375,34,-0.61376953125,33,-0.4560546875,14,1.3154296875
36.8371,39,0.3427734375,53,1.8330078125,33,-0.4560546875,14,1.3154296875
36.8501,-7,4.5859375,53,1.8330078125,53,0.56591796875,34,-0.505859375
36.8568,-7,4.5859375,13,3.845703125,53,0.56591796875,34,-0.505859375
36.8704,19,0.43017578125,13,3.845703125,52,0.80029296875,53,1.1513671875
36.8754,19,0.43017578125,21,1.2392578125,52,0.80029296875,53,1.1513671875
36.8901,54,2.26953125,21,1.2392578125,-3,3.84375,52,0.67822265625
36.8961,54,2.26953125,46,1.298828125,-3,3.84375,52,0.67822265625
36.9101,68,3.349609375,46,1.298828125,6,1.8271484375,17,2.61328125
36.9142,68,3.349609375,46,0.0226287841796875,6,1.8271484375,17,2.61328125
36.9319,-7,11.0390625,46,0.0226287841796875,50,2.115234375,4,2.70703125
36.9378,-12,4.11328125,-7,6.00390625,50,2.115234375,4,2.70703125
36.9494,-12,4.11328125,-7,6.00390625,50,0.49658203125,3,2.38671875
36.9537,-12,4.11328125,22,-0.64990234375,50,0.49658203125,3,2.38671875
36.9689,45,2.333984375,22,-0.64990234375,48,0.46533203125,50,-2.75
36.9743,45,2.333984375,54,-1.056640625,48,0.46533203125,50,-2.75
36.9896,49,0.68994140625,54,-1.056640625,-7,6.8046875,59,-1.0009765625
36.9980,49,0.68994140625,55,0.54150390625,-7,6.8046875,59,-1.0009765625
37.0051,51,0.355712890625,55,0.54150390625,6,2.2578125,17,3.767578125
37.0175,51,0.355712890625,0,5.05859375,6,2.2578125,17,3.767578125
37.0255,0,4.8828125,0,5.05859375,54,1.75390625,22,0.79345703125
37.0397,0,4.8828125,8,2.48046875,54,1.75390625,22,0.79345703125
37.0473,9,2.416015625,8,2.48046875,59,1.0361328125,56,-1.6015625
37.0621,52,1.7890625,57,2.740234375,76,2.08203125,59,-1.248046875
37.0735,52,1.7890625,63,1.19140625,76,2.08203125,59,-1.248046875
37.0807,59,0.57666015625,63,1.19140625,-9,11.359375,30,2.125
37.0954,59,0.57666015625,18,4.05859375,-9,11.359375,30,2.125
37.1024,20,3.984375,18,4.05859375,-9,11.359375,35,0.5966796875
37.1150,20,3.984375,18,4.05859375,21,0.384765625,35,0.5966796875
37.1236,34,0.37109375,19,0.9443359375,57,1.91796875,48,-0.4912109375
37.1372,34,0.37109375,56,1.16796875,57,1.91796875,48,-0.4912109375
37.1418,58,1.421875,56,1.16796875,57,1.91796875,50,-0.043731689453125
37.1546,58,1.421875,56,1.16796875,58,0.75439453125,50,-0.043731689453125
37.1631,49,0.1607666015625,55,-0.0298919677734375,58,0.75439453125,22,2.19140625
37.1742,49,0.1607666015625,55,-0.0298919677734375,42,0.78515625,22,2.19140625
37.1839,49,-0.147216796875,25,1.38671875,42,0.78515625,36,-0.103759765625
37.1939,49,-0.147216796875,25,1.38671875,25,3.6328125,36,-0.103759765625
37.2010,-5,7.37890625,43,-0.3955078125,25,3.6328125,36,-0.103759765625
37.2139,-5,7.37890625,43,-0.3955078125,35,0.91943359375,58,-1.55078125
37.2214,19,0.87744140625,54,0.481689453125,35,0.91943359375,58,-1.55078125
37.2341,19,0.87744140625,54,0.481689453125,44,-0.059417724609375,60,1.0576171875
37.2429,56,-1.5205078125,47,0.097412109375,44,-0.059417724609375,25,2.978515625
37.2537,56,-1.5205078125,47,0.097412109375,48,-0.0675048828125,25,2.978515625
37.2663,56,-0.38623046875,46,0.175048828125,48,-0.0675048828125,4,3.826171875
37.2748,56,-0.38623046875,46,0.175048828125,16,0.88671875,4,3.826171875
37.2859,56,-0.38623046875,-5,6.17578125,16,0.88671875,4,3.826171875
37.2943,31,1.60546875,-5,6.17578125,17,1.6259765625,34,-0.45556640625
37.3054,43,0.296142578125,27,0.197509765625,17,1.6259765625,34,-0.45556640625
37.3142,43,0.296142578125,27,0.197509765625,50,1.3232421875,66,-2.048828125
37.3261,43,0.296142578125,63,1.8515625,50,1.3232421875,66,-2.048828125
37.3346,46,0.158203125,63,1.8515625,61,-0.403564453125,61,0.875
37.3468,46,0.158203125,49,0.281005859375,61,-0.403564453125,61,0.875
37.3513,2,5.21484375,49,0.281005859375,54,0.319580078125,36,2.267578125
37.3654,2,5.21484375,20,1.7705078125,54,0.319580078125,36,2.267578125
37.3710,40,-0.90380859375,20,1.7705078125,3,2.47265625,6,3.65625
37.3861,40,-0.90380859375,51,1.42578125,3,2.47265625,6,3.65625
37.3960,63,1.7138671875,51,1.42578125,0,3.693359375,26,0.44970703125
37.4073,63,1.7138671875,53,-0.63134765625,0,3.693359375,26,0.44970703125
37.4157,64,1.01171875,53,-0.63134765625,0,3.693359375,61,-1.875
37.4268,64,1.01171875,53,-0.83154296875,46,1.482421875,61,-1.875
37.4331,17,4.12109375,53,-0.83154296875,46,1.482421875,55,-0.156494140625
37.4477,17,4.12109375,-3,6.99609375,59,1.0703125,55,-0.156494140625
37.4516,4,2.5625,-3,6.99609375,77,2.75,54,0.45263671875
37.4670,4,2.5625,12,2.00390625,77,2.75,54,0.45263671875
37.4757,54,2.4921875,12,2.00390625,77,2.75,28,2.794921875
37.4827,54,2.4921875,59,2.173828125,30,4.24609375,28,2.794921875
37.4957,64,-1.158203125,59,2.173828125,30,4.24609375,8,3.126953125
37.5021,64,-1.158203125,60,-0.57763671875,11,3.177734375,8,3.126953125
37.5120,49,0.2137451171875,60,-0.57763671875,11,3.177734375,22,0.64599609375
37.5219,49,0.2137451171875,21,2.203125,16,1.453125,22,0.64599609375
37.5305,48,0.1529541015625,21,2.203125,16,1.453125,62,-2.078125
37.5415,48,0.1529541015625,41,-0.5400390625,57,2.140625,62,-2.078125
37.5553,-7,6.06640625,41,-0.5400390625,57,2.140625,62,-1.009765625
37.5627,-7,6.06640625,54,-0.69873046875,57,0.587890625,62,-1.009765625
37.5719,24,0.121826171875,54,-0.69873046875,57,0.587890625,48,0.53759765625
37.5833,24,0.121826171875,55,-0.1678466796875,44,0.998046875,48,0.53759765625
37.5916,63,1.9423828125,55,-0.1678466796875,44,0.998046875,10,3.6953125
37.6028,63,1.9423828125,16,5.86328125,43,-0.48486328125,10,3.6953125
37.6126,61,0.2021484375,16,5.86328125,43,-0.48486328125,25,0.78955078125
37.6222,61,0.2021484375,20,1.197265625,1,5.18359375,25,0.78955078125
37.6312,55,0.25,20,1.197265625,1,5.18359375,65,-1.8076171875
37.6420,55,0.25,61,1.3369140625,36,0.1427001953125,65,-1.8076171875
37.6506,-6,8.8515625,61,1.3369140625,36,0.1427001953125,69,-1.4287109375
37.6616,-6,8.8515625,66,0.935546875,62,1.30078125,69,-1.4287109375
37.6701,18,1.4169921875,66,0.935546875,62,1.30078125,32,3.80078125
37.6851,18,1.4169921875,66,0.935546875,62,0.66552734375,32,3.80078125
37.6898,59,-1.833984375,19,6.171875,62,0.66552734375,20,2.146484375
37.7046,59,-1.833984375,19,6.171875,42,1.8740234375,20,2.146484375
37.7096,62,-0.1595458984375,31,1.1953125,42,1.8740234375,55,-1.5986328125
37.7254,62,-0.1595458984375,31,1.1953125,52,-0.36669921875,55,-1.5986328125
37.7317,59,-0.219970703125,59,-1.5166015625,52,-0.36669921875,67,-1.4306640625
37.7419,59,-0.219970703125,63,1.2255859375,47,-0.118896484375,67,-1.4306640625
37.7503,-2,7.0859375,63,1.2255859375,47,-0.118896484375,23,4.38671875
37.7622,-2,7.0859375,63,1.2255859375,43,0.44873046875,23,4.38671875
37.7713,19,1.001953125,18,4.73828125,43,0.44873046875,27,1.1416015625
37.7828,19,1.001953125,8,2.232421875,1,3.263671875,27,1.1416015625
37.7928,67,2.75390625,8,2.232421875,1,3.263671875,56,-1.740234375
37.8058,67,2.75390625,8,2.232421875,44,1.2744140625,56,-1.740234375
37.8121,40,0.853515625,57,2.31640625,44,1.2744140625,60,-1.0087890625
37.8256,40,0.853515625,57,2.31640625,62,1.2646484375,60,-1.0087890625
37.8302,40,0.853515625,60,0.461669921875,62,1.2646484375,33,2.46484375
37.8462,21,1.2109375,60,0.461669921875,53,0.033233642578125,33,2.46484375
37.8505,52,-0.6123046875,14,4.58984375,53,0.033233642578125,10,3.421875
37.8627,52,-0.6123046875,14,4.58984375,49,0.595703125,10,3.421875
37.8702,61,-0.642578125,43,-0.48046875,49,0.595703125,50,-1.56640625
37.8854,61,-0.642578125,43,-0.48046875,27,2.005859375,50,-1.56640625
37.8944,58,0.36181640625,63,-0.8994140625,27,2.005859375,65,-0.7529296875
37.9059,58,0.36181640625,63,-0.8994140625,40,0.3017578125,65,-0.7529296875
37.9108,48,0.52294921875,31,3.6875,40,0.3017578125,65,-0.7529296875
37.9215,48,0.52294921875,31,3.6875,56,0.6669921875,64,-0.90087890625
37.9318,46,0.63232421875,41,0.56787109375,56,0.6669921875,21,4.00390625
37.9466,46,0.63232421875,41,0.56787109375,57,-0.2137451171875,21,4.00390625
37.9515,46,0.63232421875,54,-0.162841796875,57,-0.2137451171875,21,4.00390625
37.9665,5,3.912109375,54,-0.162841796875,59,1.10546875,27,1.18359375
37.9709,5,3.912109375,51,0.5634765625,59,1.10546875,27,1.18359375
37.9821,50,-1.068359375,51,0.5634765625,29,2.0859375,62,-1.41796875
37.9946,50,-1.068359375,42,0.85693359375,29,2.0859375,62,-1.41796875
38.0056,61,-0.71337890625,42,0.85693359375,41,0.33642578125,62,-0.22705078125
38.0110,61,-0.71337890625,49,-0.339599609375,41,0.33642578125,62,-0.22705078125
38.0256,60,-0.459716796875,49,-0.339599609375,53,-0.19580078125,60,-0.51171875
38.0318,60,-0.459716796875,48,0.5966796875,53,-0.19580078125,60,-0.51171875
38.0421,19,4.33203125,48,0.5966796875,52,0.2056884765625,17,3.96484375
38.0521,19,4.33203125,49,1.1044921875,52,0.2056884765625,17,3.96484375
38.0636,40,0.650390625,49,1.1044921875,65,-0.1240234375,14,3.375
38.0722,40,0.650390625,49,0.8876953125,65,-0.1240234375,14,3.375
38.0834,70,1.107421875,49,0.8876953125,60,0.3525390625,66,-2.1015625
38.0918,70,1.107421875,59,-0.2666015625,60,0.3525390625,66,-2.1015625
38.1050,70,-0.5244140625,59,-0.2666015625,5,4.3125,75,-1.390625
38.1162,70,-0.5244140625,55,-0.90966796875,5,4.3125,66,-0.2783203125
38.1246,38,1.8486328125,55,-0.90966796875,57,-1.572265625,66,-0.2783203125
38.1373,41,1.392578125,51,0.9013671875,57,-1.572265625,56,0.482666015625
38.1443,41,1.392578125,51,0.9013671875,89,1.2607421875,56,0.482666015625
38.1567,41,1.392578125,52,0.6416015625,89,1.2607421875,56,0.482666015625
38.1645,54,0.327392578125,52,0.6416015625,0,8.90625,18,3.46484375
38.1790,54,0.327392578125,57,0.4140625,0,8.90625,18,3.46484375
38.1894,62,-0.00750732421875,57,0.4140625,0,8.90625,57,-1.5703125
38.1985,62,-0.00750732421875,57,0.4140625,41,-0.0496826171875,57,-1.5703125
38.2040,55,0.07525634765625,56,0.84521484375,64,1.1455078125,71,-1.99609375
38.2169,55,0.07525634765625,20,5.35546875,64,1.1455078125,71,-1.99609375
38.2243,33,1.7275390625,20,5.35546875,64,1.1455078125,68,1.0380859375
38.2387,33,1.7275390625,20,5.35546875,89,3.888671875,68,1.0380859375
38.2469,48,-0.1949462890625,33,0.60498046875,14,3.744140625,17,4.3828125
38.2556,48,-0.1949462890625,60,-1.3662109375,14,3.744140625,17,4.3828125
38.2643,60,0.395263671875,60,-1.3662109375,14,3.744140625,21,1.6904296875
38.2791,60,0.395263671875,60,-1.3662109375,55,1.791015625,21,1.6904296875
38.2851,52,0.30029296875,63,-0.65576171875,55,1.791015625,63,-2.150390625
38.2971,52,0.30029296875,63,-0.65576171875,60,0.4931640625,63,-2.150390625
38.3042,49,0.5400390625,15,4.1484375,60,0.4931640625,69,-1.2392578125
38.3166,49,0.5400390625,15,4.1484375,58,0.02386474609375,69,-1.2392578125
38.3238,3,4.29296875,43,-0.3505859375,58,0.02386474609375,40,2.720703125
38.3364,3,4.29296875,43,-0.3505859375,67,0.51123046875,40,2.720703125
38.3440,3,4.29296875,68,1.66796875,67,0.51123046875,40,2.720703125
38.3557,49,-1.3515625,68,1.66796875,3,3.642578125,10,3.53515625
38.3630,65,-1.0615234375,64,-0.646484375,3,3.642578125,56,-2.091796875
38.3757,65,-1.0615234375,64,-0.646484375,46,-1.271484375,56,-2.091796875
38.3891,63,-0.448974609375,30,4.01171875,46,-1.271484375,65,-1.5029296875
38.3978,63,-0.448974609375,30,4.01171875,62,0.65234375,65,-1.5029296875
38.4056,63,-0.448974609375,3,3.4375,62,0.65234375,65,-1.5029296875
38.4182,15,3.47265625,3,3.4375,81,3.685546875,65,-1.7392578125
38.4253,15,3.47265625,56,2.328125,81,3.685546875,65,-1.7392578125
38.4386,39,-0.415283203125,56,2.328125,18,7.42578125,15,4.90625
38.4498,58,-0.66845703125,63,-0.837890625,18,7.42578125,22,1.6640625
38.4583,58,-0.66845703125,63,-0.837890625,4,3.45703125,22,1.6640625
38.4663,58,-0.66845703125,61,0.88330078125,4,3.45703125,22,1.6640625
38.4781,53,0.32080078125,61,0.88330078125,51,1.8076171875,56,-1.8203125
38.4848,53,0.32080078125,24,3.794921875,51,1.8076171875,56,-1.8203125
38.4991,3,6.32421875,24,3.794921875,61,0.84619140625,63,-0.99609375
38.5058,3,6.32421875,1,2.576171875,61,0.84619140625,63,-0.99609375
38.5192,35,-0.56494140625,1,2.576171875,54,0.205810546875,19,4.2265625
38.5264,35,-0.56494140625,47,-2.240234375,54,0.205810546875,19,4.2265625
38.5389,56,0.93408203125,47,-2.240234375,67,1.244140625,32,0.24560546875
38.5500,39,0.42578125,67,1.8017578125,67,1.244140625,32,0.24560546875
38.5554,39,0.42578125,67,1.8017578125,0,5.62890625,59,-1.240234375
38.5719,43,0.671875,24,3.833984375,0,5.62890625,53,1.376953125
38.5807,43,0.671875,24,3.833984375,17,0.58203125,53,1.376953125
38.5875,43,0.671875,19,1.568359375,17,0.58203125,53,1.376953125
38.5992,-1,7.62890625,19,1.568359375,48,-1.1259765625,40,0.343505859375
38.6084,-1,7.62890625,45,0.6064453125,48,-1.1259765625,40,0.343505859375
38.6158,16,1.1591796875,45,0.6064453125,51,0.51513671875,9,3.041015625
38.6308,16,1.1591796875,50,-0.779296875,51,0.51513671875,9,3.041015625
38.6354,55,2.50390625,50,-0.779296875,46,0.041229248046875,6,2.4921875
38.6506,55,2.50390625,0,4.1953125,46,0.041229248046875,46,-1.4033203125
38.6549,55,1.00390625,0,4.1953125,-6,6.1640625,46,-1.4033203125
38.6687,55,1.00390625,22,0.323486328125,-6,6.1640625,46,-1.4033203125
38.6745,27,2.62890625,22,0.323486328125,21,0.43408203125,54,1.06640625
38.6896,27,2.62890625,51,1.404296875,21,0.43408203125,54,1.06640625
38.6946,2,2.068359375,51,1.404296875,52,1.591796875,52,-0.779296875
38.7095,2,2.068359375,51,0.68359375,52,1.591796875,52,-0.779296875
38.7153,43,1.58203125,51,0.68359375,52,1.591796875,-1,8.3984375
38.7295,43,1.58203125,51,0.68359375,53,1.0048828125,-1,8.3984375
38.7341,47,-0.03363037109375,30,2.037109375,53,1.0048828125,8,1.5390625
38.7492,47,-0.03363037109375,30,2.037109375,31,1.5947265625,8,1.5390625
38.7557,48,-0.2431640625,2,2.341796875,6,2.13671875,33,-0.428955078125
38.7693,48,-0.2431640625,42,1.97265625,6,2.13671875,33,-0.428955078125
38.7738,32,1.43359375,42,1.97265625,6,2.13671875,55,-1.7099609375
38.7888,32,1.43359375,42,1.97265625,36,0.82421875,55,-1.7099609375
38.7937,0,2.701171875,57,1.1796875,36,0.82421875,53,1.1142578125
38.8084,0,2.701171875,57,1.1796875,49,-0.595703125,53,1.1142578125
38.8158,32,-0.6513671875,47,-0.48486328125,49,-0.595703125,31,1.6298828125
38.8284,32,-0.6513671875,47,-0.48486328125,49,0.55322265625,31,1.6298828125
38.8328,32,-0.6513671875,-8,5.77734375,49,0.55322265625,8,2.568359375
38.8479,53,1.3876953125,-8,5.77734375,-5,7.14453125,8,2.568359375
38.8522,53,1.3876953125,7,1.771484375,-5,7.14453125,0,2.8828125
38.8685,54,1.0341796875,7,1.771484375,13,1.0654296875,0,2.8828125
38.8753,18,3.755859375,54,2.41796875,13,1.0654296875,23,-0.2186279296875
38.8878,18,3.755859375,54,2.41796875,41,-1.0419921875,23,-0.2186279296875
38.8968,2,2.3203125,58,1.2958984375,41,-1.0419921875,50,-1.1416015625
38.9074,2,2.3203125,58,1.2958984375,47,-0.151123046875,50,-1.1416015625
38.9121,2,2.3203125,33,2.203125,47,-0.151123046875,50,-1.1416015625
38.9272,36,0.9296875,33,2.203125,45,-0.191162109375,53,-0.85546875
38.9330,58,-0.92724609375,-7,3.990234375,45,-0.191162109375,24,1.9345703125
38.9469,58,-0.92724609375,-7,3.990234375,40,0.51025390625,24,1.9345703125
38.9561,58,-0.92724609375,26,-0.67578125,40,0.51025390625,24,1.9345703125
38.9669,56,0.82470703125,26,-0.67578125,0,4.234375,30,0.56103515625
38.9712,56,0.82470703125,57,1.51171875,0,4.234375,30,0.56103515625
38.9839,-3,6.51171875,57,1.51171875,34,0.935546875,42,-0.36572265625
38.9922,-3,6.51171875,59,1.232421875,34,0.935546875,42,-0.36572265625
39.0023,2,1.953125,59,1.232421875,52,1.1640625,46,-0.5595703125
39.0153,2,1.953125,15,3.2109375,52,1.1640625,46,-0.5595703125
39.0220,43,1.7998046875,15,3.2109375,43,0.294189453125,24,2.669921875
39.0344,52,-0.2333984375,2,2.197265625,43,0.294189453125,24,2.669921875
39.0470,52,-0.2333984375,2,2.197265625,42,0.07855224609375,19,1.5146484375
39.0512,52,-0.2333984375,41,1.5478515625,42,0.07855224609375,19,1.5146484375
39.0637,51,0.474853515625,41,1.5478515625,-4,6.87890625,38,-0.4892578125
39.0733,51,0.474853515625,55,0.70166015625,-4,6.87890625,38,-0.4892578125
39.0845,0,5.828125,55,0.70166015625,7,1.9443359375,50,-0.62109375
39.0931,0,5.828125,54,0.449951171875,7,1.9443359375,50,-0.62109375
39.1062,6,2.1875,54,0.449951171875,44,1.5625,46,0.2410888671875
39.1150,6,2.1875,-5,7.1953125,44,1.5625,46,0.2410888671875
39.1298,45,-1.5009765625,-5,7.1953125,62,1.615234375,42,0.11346435546875
39.1353,50,-0.1380615234375,6,1.5634765625,62,1.615234375,42,0.11346435546875
39.1498,50,-0.1380615234375,6,1.5634765625,62,1.615234375,14,2.572265625
39.1585,50,-0.1380615234375,6,1.5634765625,36,1.775390625,14,2.572265625
39.1661,50,0.265869140625,50,2.0,-7,4.46875,4,2.662109375
39.1787,50,0.265869140625,58,0.8330078125,-7,4.46875,4,2.662109375
39.1854,-3,6.9609375,58,0.8330078125,26,-0.2108154296875,9,2.00390625
39.1983,-3,6.9609375,41,1.234375,26,-0.2108154296875,9,2.00390625
39.2089,14,1.306640625,41,1.234375,26,-0.2108154296875,54,-2.55859375
39.2180,14,1.306640625,41,1.234375,55,1.126953125,54,-2.55859375
39.2280,53,2.052734375,-8,5.48046875,54,0.53466796875,56,0.689453125
39.2332,53,2.052734375,21,0.462158203125,54,0.53466796875,56,0.689453125
39.2440,54,-0.71923828125,21,0.462158203125,54,0.53466796875,13,3.451171875
39.2537,54,-0.71923828125,59,2.29296875,-1,6.2109375,13,3.451171875
39.2640,45,0.2666015625,59,2.29296875,-1,6.2109375,31,-0.0206756591796875
39.2762,45,0.2666015625,59,2.29296875,7,2.115234375,31,-0.0206756591796875
39.2892,-6,5.23828125,58,0.689453125,51,2.001953125,54,1.4453125
39.2983,-6,5.23828125,-3,6.25,51,2.001953125,54,1.4453125
39.3060,15,1.166015625,-3,6.25,51,2.001953125,50,-0.681640625
39.3181,15,1.166015625,-3,6.25,52,0.64501953125,50,-0.681640625
39.3282,59,1.962890625,10,2.19921875,52,0.64501953125,41,0.216064453125
39.3375,59,1.962890625,10,2.19921875,48,-0.032012939453125,41,0.216064453125
39.3459,52,0.4404296875,57,2.48828125,48,-0.032012939453125,8,3.06640625
39.3574,52,0.4404296875,57,2.48828125,-7,5.19140625,8,3.06640625
39.3652,48,0.06787109375,57,0.87158203125,-7,5.19140625,6,2.111328125
39.3777,48,0.06787109375,57,0.87158203125,12,1.6943359375,6,2.111328125
39.3860,48,0.06787109375,30,2.666015625,12,1.6943359375,44,-1.748046875
39.3990,-10,5.15234375,30,2.666015625,54,2.275390625,44,-1.748046875
39.4056,7,1.9638671875,-6,4.31640625,54,2.275390625,62,1.80859375
39.4207,7,1.9638671875,-6,4.31640625,62,1.580078125,62,1.80859375
39.4256,7,1.9638671875,33,-1.1640625,62,1.580078125,62,1.80859375
39.4388,53,2.166015625,33,-1.1640625,27,2.68359375,27,2.8359375
39.4459,53,2.166015625,56,0.791015625,27,2.68359375,27,2.8359375
39.4543,61,1.2880859375,56,0.791015625,1,2.609375,15,1.6474609375
39.4674,61,1.2880859375,53,0.2900390625,1,2.609375,42,-1.029296875
39.4791,23,3.45703125,53,0.2900390625,34,-0.85107421875,42,-1.029296875
39.4860,23,3.45703125,-6,7.0546875,34,-0.85107421875,42,-1.029296875
39.5001,1,2.671875,-6,7.0546875,55,0.87353515625,52,-0.67626953125
39.5056,1,2.671875,10,1.8076171875,55,0.87353515625,52,-0.67626953125
39.5142,40,1.328125,10,1.8076171875,52,0.1480712890625,51,0.461181640625
39.5256,40,1.328125,54,2.330078125,52,0.1480712890625,51,0.461181640625
39.5345,60,1.2314453125,54,2.330078125,-5,7.5859375,15,3.1171875
39.5461,60,1.2314453125,60,1.7578125,-5,7.5859375,1,3.087890625
39.5587,42,0.9345703125,60,1.7578125,13,1.427734375,1,3.087890625
39.5693,42,0.9345703125,29,2.740234375,13,1.427734375,26,-0.54150390625
39.5751,-8,5.3984375,29,2.740234375,53,2.0859375,26,-0.54150390625
39.5901,15,1.1640625,-7,3.896484375,53,2.0859375,57,-1.9619140625
39.5977,15,1.1640625,-7,3.896484375,40,0.253662109375,57,-1.9619140625
39.6071,15,1.1640625,21,0.10418701171875,40,0.253662109375,49,0.296630859375
39.6171,57,2.52734375,21,0.10418701171875,40,0.253662109375,49,0.296630859375
39.6289,57,2.52734375,59,2.478515625,37,0.59716796875,11,2.57421875
39.6377,52,0.471923828125,59,2.478515625,25,1.009765625,11,2.57421875
39.6521,52,0.471923828125,59,0.97265625,25,1.009765625,27,0.227783203125
39.6561,39,0.98193359375,59,0.97265625,4,2.220703125,27,0.227783203125
39.6713,39,0.98193359375,19,4.1796875,4,2.220703125,27,0.227783203125
39.6770,-2,4.30859375,19,4.1796875,39,0.9736328125,54,-1.3818359375
39.6896,-2,4.30859375,1,2.513671875,39,0.9736328125,57,1.2587890625
39.6998,28,-0.37109375,1,2.513671875,63,1.841796875,57,1.2587890625
39.7106,28,-0.37109375,41,1.5244140625,63,1.841796875,22,2.880859375
39.7166,55,1.1259765625,41,1.5244140625,40,1.3974609375,22,2.880859375
39.7313,55,1.1259765625,57,-1.212890625,40,1.3974609375,5,2.873046875
39.7347,53,0.0303497314453125,57,-1.212890625,-6,4.87109375,5,2.873046875
39.7500,53,0.0303497314453125,51,-0.10906982421875,-6,4.87109375,5,2.873046875
39.7543,-2,6.53515625,51,-0.10906982421875,-6,4.87109375,23,0.2066650390625
39.7693,-2,6.53515625,51,-0.10906982421875,24,0.203125,23,0.2066650390625
39.7737,22,0.365966796875,-9,5.97265625,24,0.203125,56,-1.54296875
39.7889,22,0.365966796875,-9,5.97265625,56,1.5390625,56,-1.54296875
39.7936,55,1.4013671875,21,0.5048828125,54,0.469970703125,53,-0.483154296875
39.8096,55,1.4013671875,57,2.34765625,54,0.469970703125,6,3.7734375
39.8142,56,-0.45654296875,57,2.34765625,54,0.469970703125,6,3.7734375
39.8295,56,-0.45654296875,57,2.34765625,0,5.0703125,6,3.7734375
39.8339,-2,5.1328125,57,1.0322265625,0,5.0703125,26,-0.11480712890625
39.8506,-2,5.1328125,57,1.0322265625,5,2.20703125,26,-0.11480712890625
39.8532,26,-0.1866455078125,23,3.58984375,5,2.20703125,57,-1.5537109375
39.8682,26,-0.1866455078125,23,3.58984375,48,1.6845703125,57,-1.5537109375
39.8728,26,-0.1866455078125,1,2.47265625,48,1.6845703125,53,-0.56103515625
39.8880,53,0.75390625,1,2.47265625,51,0.398193359375,53,-0.56103515625
39.8965,53,0.75390625,36,-1.0712890625,51,0.398193359375,13,2.556640625
39.9076,53,-0.41064453125,36,-1.0712890625,50,0.206787109375,13,2.556640625
39.9132,53,-0.41064453125,58,1.0458984375,50,0.206787109375,28,0.1959228515625
39.9254,19,2.984375,58,1.0458984375,-7,6.91796875,28,0.1959228515625
39.9330,19,2.984375,53,0.0670166015625,-7,6.91796875,55,-2.21875
39.9481,30,0.65283203125,53,0.0670166015625,7,2.017578125,55,-2.21875
39.9527,30,0.65283203125,-9,6.4296875,7,2.017578125,55,1.0419921875
39.9685,48,-0.8359375,-9,6.4296875,50,1.984375,55,1.0419921875
39.9728,48,-0.8359375,11,1.5634765625,50,1.984375,27,2.52734375
39.9861,47,0.175537109375,11,1.5634765625,63,1.552734375,27,2.52734375
39.9923,47,0.175537109375,56,2.53125,63,1.552734375,7,2.83203125
40.0058,5,3.05859375,56,2.53125,31,2.388671875,7,2.83203125
40.0117,5,3.05859375,56,1.064453125,31,2.388671875,13,1.6533203125
40.0253,43,1.3515625,56,1.064453125,1,2.74609375,13,1.6533203125
40.0317,43,1.3515625,35,1.8642578125,1,2.74609375,55,-2.71484375
40.0469,56,1.033203125,35,1.8642578125,34,-0.7021484375,55,-2.71484375
40.0514,56,1.033203125,-6,4.1484375,34,-0.7021484375,55,-2.71484375
40.0674,38,1.5390625,-6,4.1484375,57,1.146484375,58,-1.0419921875
40.0705,38,1.5390625,30,-0.697265625,57,1.146484375,58,-1.0419921875
40.0838,14,1.9736328125,30,-0.697265625,52,-0.207275390625,7,4.53515625
40.0918,14,1.9736328125,56,1.1728515625,52,-0.207275390625,22,0.810546875
40.1074,45,-1.29296875,56,1.1728515625,-7,7.6796875,22,0.810546875
40.1146,45,-1.29296875,54,0.6669921875,-7,7.6796875,55,-2.140625
40.1291,55,0.9443359375,54,0.6669921875,15,1.3212890625,55,-2.140625
40.1350,55,0.9443359375,24,3.400390625,15,1.3212890625,55,-2.140625
40.1475,42,1.7998046875,24,3.400390625,54,1.2880859375,56,-0.1365966796875
40.1557,42,1.7998046875,0,3.3125,54,1.2880859375,56,-0.1365966796875
40.1707,4,3.771484375,0,3.3125,59,0.904296875,11,4.015625
40.1778,4,3.771484375,45,1.7783203125,59,0.904296875,11,4.015625
40.1903,45,1.2958984375,45,1.7783203125,30,2.818359375,26,0.67138671875
40.1996,45,1.2958984375,69,1.859375,30,2.818359375,26,0.67138671875
40.2059,58,-0.90673828125,69,1.859375,31,1.1474609375,57,-1.68359375
40.2203,58,-0.90673828125,19,4.28125,31,1.1474609375,60,-1.2451171875
40.2276,4,7.484375,19,4.28125,39,0.323486328125,60,-1.2451171875
40.2365,4,7.484375,37,-0.2484130859375,39,0.323486328125,60,-1.2451171875
40.2485,28,0.304443359375,37,-0.2484130859375,53,-0.90771484375,14,4.1796875
40.2616,28,0.304443359375,56,0.175048828125,53,-0.90771484375,14,4.1796875
40.2693,62,-1.4931640625,56,0.175048828125,52,0.0190582275390625,27,0.7978515625
40.2806,62,-1.4931640625,57,0.51318359375,52,0.0190582275390625,27,0.7978515625
40.2876,56,0.01184844970703125,57,0.51318359375,46,0.50146484375,59,-2.1171875
40.3043,56,0.01184844970703125,0,4.87890625,46,0.50146484375,59,-2.1171875
40.3104,54,0.0841064453125,0,4.87890625,-6,5.48046875,61,1.1826171875
40.3227,54,0.0841064453125,28,0.31982421875,-6,5.48046875,19,4.38671875
40.3329,-2,9.1796875,28,0.31982421875,30,0.056427001953125,19,4.38671875
40.3470,-2,9.1796875,61,-1.3046875,30,0.056427001953125,24,1.154296875
40.3506,9,2.638671875,61,-1.3046875,30,0.056427001953125,24,1.154296875
40.3660,9,2.638671875,61,-1.3046875,62,1.38671875,24,1.154296875
40.3710,59,2.197265625,68,1.4453125,55,0.1175537109375,60,-2.021484375
40.3829,59,2.197265625,22,4.8203125,55,0.1175537109375,60,-2.021484375
40.3892,59,2.197265625,22,4.8203125,55,0.1175537109375,59,-0.270263671875
40.4016,63,-0.716796875,22,4.8203125,43,1.26171875,59,-0.270263671875
40.4112,63,-0.716796875,7,2.689453125,43,1.26171875,46,0.07830810546875
40.4230,42,0.97900390625,7,2.689453125,2,4.64453125,46,0.07830810546875
40.4329,44,0.6259765625,57,2.384765625,2,4.64453125,43,0.493896484375
40.4441,44,0.6259765625,57,2.384765625,45,-0.98828125,43,0.493896484375
40.4613,42,0.8046875,62,0.40966796875,58,-0.76416015625,6,3.6796875
40.4721,42,0.8046875,58,-0.464111328125,58,-0.76416015625,46,-1.4169921875
40.4826,40,1.091796875,58,-0.464111328125,57,-0.17724609375,46,-1.4169921875
40.4938,40,1.091796875,-4,6.6875,57,-0.17724609375,64,-1.58984375
40.5019,41,0.91064453125,-4,6.6875,59,1.7021484375,64,-1.58984375
40.5123,41,0.91064453125,29,-0.2763671875,59,1.7021484375,64,-1.58984375
40.5215,49,0.0281829833984375,29,-0.2763671875,51,0.4892578125,62,0.86767578125
40.5289,49,0.0281829833984375,68,2.267578125,51,0.4892578125,62,0.86767578125
40.5413,50,0.0667724609375,68,2.267578125,4,3.458984375,21,4.32421875
40.5492,50,0.0667724609375,64,0.98583984375,4,3.458984375,21,4.32421875
40.5602,35,1.1162109375,64,0.98583984375,46,-1.173828125,15,2.36328125
40.5687,35,1.1162109375,31,3.63671875,46,-1.173828125,15,2.36328125
40.5797,15,2.1171875,31,3.63671875,59,-0.94970703125,51,-1.7568359375
40.5941,15,2.1171875,1,3.080078125,59,-0.94970703125,51,-1.7568359375
40.6032,54,-1.494140625,1,3.080078125,59,0.6552734375,65,0.9716796875
40.6099,54,-1.494140625,50,-2.1484375,59,0.6552734375,65,0.9716796875
40.6250,61,0.67919921875,50,-2.1484375,48,1.7685546875,45,0.3623046875
40.6297,61,0.67919921875,65,1.470703125,48,1.7685546875,45,0.3623046875
40.6453,53,-0.2442626953125,65,1.470703125,47,0.333251953125,45,0.2305908203125
40.6493,53,-0.2442626953125,50,0.7421875,47,0.333251953125,45,0.2305908203125
40.6580,-4,6.62109375,50,0.7421875,3,7.828125,7,4.20703125
40.6702,-4,6.62109375,50,-0.128173828125,3,7.828125,7,4.20703125
40.6814,30,-0.11376953125,50,-0.128173828125,12,2.21484375,43,-1.3515625
40.6920,30,-0.11376953125,-5,7.33984375,12,2.21484375,43,-1.3515625
40.7044,73,2.970703125,-5,7.33984375,54,1.783203125,55,-0.6708984375
40.7155,73,2.970703125,13,2.146484375,54,1.783203125,55,-0.6708984375
40.7197,11,5.77734375,13,2.146484375,56,-0.484619140625,57,-0.8046875
40.7333,11,5.77734375,60,2.5,56,-0.484619140625,57,-0.8046875
40.7404,38,-0.8525390625,60,2.5,48,0.419677734375,47,0.30908203125
40.7552,38,-0.8525390625,61,-0.2257080078125,48,0.419677734375,47,0.30908203125
40.7628,56,-0.84814453125,61,-0.2257080078125,56,0.10089111328125,15,3.275390625
40.7762,56,-0.84814453125,61,0.54443359375,56,0.10089111328125,15,3.275390625
40.7812,56,-0.84814453125,61,0.54443359375,7,3.201171875,2,3.876953125
40.7961,66,1.005859375,61,0.54443359375,7,3.201171875,2,3.876953125
40.8014,14,5.11328125,0,4.64453125,48,0.97412109375,32,-0.4853515625
40.8149,14,5.11328125,5,2.775390625,48,0.97412109375,32,-0.4853515625
40.8227,35,0.30322265625,5,2.775390625,83,4.32421875,66,-1.9501953125
40.8355,35,0.30322265625,58,2.197265625,83,4.32421875,66,-1.9501953125
40.8396,35,0.30322265625,58,2.197265625,1,8.1875,64,-1.1513671875
40.8543,59,-0.7626953125,58,2.197265625,1,8.1875,64,-1.1513671875
40.8597,59,-0.7626953125,63,-0.5390625,1,8.1875,23,4.05859375
40.8763,53,-0.0968017578125,63,-0.5390625,42,1.1220703125,23,4.05859375
40.8840,52,0.09649658203125,60,0.2626953125,58,0.8095703125,18,2.212890625
40.8992,52,0.09649658203125,26,3.05078125,58,0.8095703125,18,2.212890625
40.9047,21,2.3125,26,3.05078125,71,0.806640625,52,-1.5302734375
40.9208,21,2.3125,2,2.892578125,71,0.806640625,52,-1.5302734375
40.9243,10,2.28515625,2,2.892578125,40,1.0078125,65,-1.828125
40.9386,10,2.28515625,50,-2.1640625,40,1.0078125,65,-1.828125
40.9441,10,2.28515625,50,-2.1640625,12,4.1328125,18,4.07421875
40.9549,55,1.7412109375,50,-2.1640625,12,4.1328125,18,4.07421875
40.9666,55,1.7412109375,68,1.8232421875,8,2.822265625,20,1.75
40.9756,57,-0.2269287109375,68,1.8232421875,8,2.822265625,20,1.75
40.9822,57,-0.2269287109375,16,5.25390625,8,2.822265625,20,1.75
40.9979,53,0.1551513671875,16,5.25390625,53,1.896484375,59,-2.59765625
41.0060,53,0.1551513671875,26,1.236328125,53,1.896484375,59,-2.59765625
41.0160,47,0.70556640625,26,1.236328125,60,0.7451171875,60,-0.56201171875
41.0199,47,0.70556640625,59,1.7099609375,60,0.7451171875,60,-0.56201171875
41.0370,-7,4.828125,59,1.7099609375,45,1.017578125,21,3.296875
41.0397,-7,4.828125,61,-0.8837890625,45,1.017578125,21,3.296875
41.0548,35,-0.6455078125,61,-0.8837890625,46,0.4375,40,-0.440673828125
41.0650,35,-0.6455078125,49,0.497802734375,46,0.4375,40,-0.440673828125
41.0743,61,-0.82666015625,49,0.497802734375,41,0.89453125,57,-1.17578125
41.0840,61,-0.82666015625,46,0.7021484375,41,0.89453125,57,-1.17578125
41.0970,57,0.282958984375,46,0.7021484375,43,0.6123046875,59,-0.89501953125
41.1068,57,0.282958984375,1,3.908203125,43,0.6123046875,59,-0.89501953125
41.1200,55,-0.10980224609375,1,3.908203125,6,3.955078125,23,3.681640625
41.1267,55,-0.10980224609375,44,0.94873046875,6,3.955078125,23,3.681640625
41.1433,-2,7.54296875,65,-1.55078125,52,1.7021484375,20,1.9091796875
41.1559,14,1.7470703125,65,-1.55078125,58,0.408447265625,57,-1.90625
41.1653,14,1.7470703125,62,0.5791015625,58,0.408447265625,57,-1.90625
41.1749,62,2.1640625,62,0.5791015625,55,-0.112548828125,65,1.427734375
41.1834,62,2.1640625,31,3.435546875,55,-0.112548828125,65,1.427734375
41.1960,60,-0.09112548828125,31,3.435546875,70,1.0966796875,23,4.0234375
41.2040,60,-0.09112548828125,1,3.48828125,70,1.0966796875,23,4.0234375
41.2111,24,2.236328125,1,3.48828125,20,5.05859375,22,1.5849609375
41.2237,24,2.236328125,49,1.5361328125,20,5.05859375,22,1.5849609375
41.2352,50,-0.46142578125,49,1.5361328125,0,3.826171875,58,-1.822265625
41.2434,50,-0.46142578125,65,-0.86083984375,0,3.826171875,58,-1.822265625
41.2541,60,-0.2081298828125,65,-0.86083984375,36,0.1282958984375,60,-0.67333984375
41.2644,60,-0.2081298828125,64,0.7568359375,36,0.1282958984375,60,-0.67333984375
41.2723,2,10.390625,64,0.7568359375,65,1.4990234375,36,0.99560546875
41.2863,2,10.390625,23,4.125,65,1.4990234375,36,0.99560546875
41.2923,33,-0.129638671875,23,4.125,58,0.294189453125,43,0.2401123046875
41.3024,33,-0.129638671875,4,2.744140625,58,0.294189453125,43,0.2401123046875
41.3104,60,1.1259765625,4,2.744140625,52,0.2210693359375,48,-0.08892822265625
41.3239,60,1.1259765625,61,2.685546875,52,0.2210693359375,48,-0.08892822265625
41.3339,61,-0.74072265625,61,2.685546875,1,5.34765625,50,-0.27490234375
41.3420,61,-0.74072265625,63,-0.673828125,1,5.34765625,50,-0.27490234375
41.3505,56,-0.1715087890625,63,-0.673828125,26,0.6787109375,33,1.6923828125
41.3658,56,-0.1715087890625,62,0.51953125,26,0.6787109375,33,1.6923828125
41.3714,32,3.20703125,62,0.51953125,62,1.98828125,35,0.7578125
41.3853,32,3.20703125,16,3.939453125,60,0.32373046875,46,-0.1353759765625
41.3904,10,2.84375,16,3.939453125,60,0.32373046875,46,-0.1353759765625
41.4048,55,-1.720703125,5,2.67578125,60,0.32373046875,53,-0.2296142578125
41.4141,55,-1.720703125,5,2.67578125,54,-0.022735595703125,53,-0.2296142578125
41.4255,55,-1.720703125,56,-2.560546875,54,-0.022735595703125,53,-0.2296142578125
41.4308,60,-0.164794921875,56,-2.560546875,-6,7.4609375,41,0.69580078125
41.4464,60,-0.164794921875,64,-0.67041015625,-6,7.4609375,41,0.69580078125
41.4542,56,-0.218017578125,64,-0.67041015625,27,0.2083740234375,42,0.4951171875
41.4660,56,-0.218017578125,24,2.8203125,27,0.2083740234375,42,0.4951171875
41.4741,-2,8.328125,24,2.8203125,57,-1.1162109375,42,0.537109375
41.4859,-2,8.328125,46,-0.477294921875,57,-1.1162109375,42,0.537109375
41.4919,24,0.52490234375,46,-0.477294921875,47,2.1171875,42,0.537109375
41.5022,24,0.52490234375,46,-0.477294921875,47,2.1171875,43,0.314697265625
41.5104,24,0.52490234375,60,0.3876953125,47,2.1171875,43,0.314697265625
41.5223,58,-0.94970703125,60,0.3876953125,47,0.6767578125,44,0.279541015625
41.5334,58,-0.94970703125,56,-0.322509765625,47,0.6767578125,44,0.279541015625
41.5421,58,0.1009521484375,56,-0.322509765625,49,0.1151123046875,45,0.106689453125
41.5507,55,-0.08502197265625,-1,6.453125,49,0.1151123046875,45,0.106689453125
41.5610,55,-0.08502197265625,-1,6.453125,44,0.63720703125,44,0.46826171875
41.5693,-4,7.796875,38,-0.6962890625,46,0.2313232421875,44,0.46826171875
41.5832,-4,7.796875,38,-0.6962890625,46,0.2313232421875,44,0.427978515625
41.5931,-4,7.796875,65,-1.8447265625,46,0.2313232421875,44,0.427978515625
41.6033,25,0.5478515625,65,-1.8447265625,49,0.11346435546875,44,0.39404296875
41.6105,25,0.5478515625,66,-1.0654296875,49,0.11346435546875,44,0.39404296875
41.6230,67,2.177734375,66,-1.0654296875,4,4.640625,43,0.4248046875
41.6301,67,2.177734375,16,3.93359375,4,4.640625,43,0.4248046875
41.6425,58,0.1322021484375,16,3.93359375,42,-0.87255859375,43,0.4482421875
41.6523,58,0.1322021484375,36,0.1812744140625,59,-0.80126953125,43,0.4482421875
41.6623,56,-0.175537109375,36,0.1812744140625,59,-0.80126953125,46,0.07879638671875
41.6693,56,-0.175537109375,61,0.72509765625,59,-0.80126953125,46,0.07879638671875
41.6819,-4,6.23828125,61,0.72509765625,58,-0.58056640625,44,0.29541015625
41.6890,-4,6.23828125,56,-0.5556640625,58,-0.58056640625,44,0.29541015625
41.7023,30,0.1729736328125,56,-0.5556640625,23,6.94140625,39,0.6806640625
41.7098,30,0.1729736328125,24,2.197265625,29,1.6630859375,39,0.6806640625
41.7211,65,1.5859375,24,2.197265625,29,1.6630859375,42,0.3232421875
41.7322,65,1.5859375,53,-1.2998046875,47,-0.60888671875,42,0.3232421875
41.7405,65,-0.953125,53,-1.2998046875,47,-0.60888671875,46,0.29541015625
41.7481,65,-0.953125,56,-0.1455078125,47,-0.60888671875,46,0.29541015625
41.7602,31,3.279296875,56,-0.1455078125,57,-0.4462890625,45,0.32470703125
41.7688,31,3.279296875,53,0.311279296875,57,-0.4462890625,45,0.32470703125
41.7809,2,3.251953125,53,0.311279296875,53,-0.07354736328125,42,0.78466796875
41.7934,2,3.251953125,1,5.55078125,53,-0.07354736328125,42,0.78466796875
41.8022,52,1.8837890625,1,5.55078125,47,0.71630859375,41,0.4697265625
41.8129,52,1.8837890625,42,-1.23828125,47,0.71630859375,41,0.4697265625
41.8177,66,-0.97705078125,42,-1.23828125,5,3.27734375,45,0.1787109375
41.8329,66,-0.97705078125,65,1.6943359375,5,3.27734375,45,0.1787109375
41.8411,63,0.80419921875,65,1.6943359375,43,-0.74658203125,44,0.37109375
41.8524,63,0.80419921875,65,0.75,43,-0.74658203125,44,0.37109375
41.8567,3,4.03515625,65,0.75,58,-0.85546875,42,0.5361328125
41.8722,3,4.03515625,16,4.5078125,58,-0.85546875,42,0.5361328125
41.8766,5,2.6171875,16,4.5078125,73,1.7080078125,42,0.421630859375
41.8924,5,2.6171875,19,1.234375,73,1.7080078125,42,0.421630859375
41.8971,58,2.14453125,19,1.234375,2,9.3515625,43,0.44677734375
41.9119,58,2.14453125,64,1.6865234375,2,9.3515625,43,0.44677734375
41.9207,58,2.14453125,64,1.6865234375,17,1.7099609375,46,-0.07958984375
41.9331,61,-0.1478271484375,64,1.6865234375,17,1.7099609375,46,-0.07958984375
41.9371,61,-0.1478271484375,65,0.86767578125,57,-1.240234375,41,0.794921875
41.9523,59,0.465576171875,65,0.86767578125,57,-1.240234375,41,0.794921875
41.9591,31,2.642578125,28,4.09375,82,4.13671875,40,0.93359375
41.9721,31,2.642578125,21,2.529296875,82,4.13671875,40,0.93359375
41.9807,31,2.642578125,21,2.529296875,71,0.71630859375,48,0.1204833984375
41.9920,10,2.953125,21,2.529296875,71,0.71630859375,48,0.1204833984375
41.9964,10,2.953125,63,-1.9296875,9,4.28515625,55,-0.5478515625
42.0115,61,1.9853515625,63,-1.9296875,9,4.28515625,55,-0.5478515625
42.0177,61,1.9853515625,64,-0.1903076171875,38,-0.04803466796875,50,0.392578125
42.0311,67,-0.681640625,64,-0.1903076171875,38,-0.04803466796875,50,0.392578125
42.0397,67,-0.681640625,61,-0.356689453125,38,-0.04803466796875,50,0.392578125
42.0510,58,0.60888671875,61,-0.356689453125,64,-1.126953125,49,0.3095703125
42.0551,58,0.60888671875,24,4.359375,64,-1.126953125,49,0.3095703125
42.0703,24,2.822265625,24,4.359375,78,2.015625,21,4.6015625
42.0761,24,2.822265625,16,2.01171875,10,3.71484375,34,0.6318359375
42.0903,51,-0.497314453125,16,2.01171875,10,3.71484375,34,0.6318359375
42.1015,51,-0.497314453125,65,1.9853515625,10,3.71484375,34,0.6318359375
42.1134,61,-0.2330322265625,65,1.9853515625,54,-1.177734375,61,-1.669921875
42.1213,61,-0.2330322265625,68,0.66015625,54,-1.177734375,61,-1.669921875
42.1342,57,0.56494140625,68,0.66015625,62,-0.603515625,63,-0.66552734375
42.1411,57,0.56494140625,37,3.228515625,62,-0.603515625,63,-0.66552734375
42.1536,17,3.150390625,37,3.228515625,78,1.6572265625,24,2.94921875
42.1621,17,3.150390625,20,2.6875,78,1.6572265625,24,2.94921875
42.1732,61,-1.892578125,20,2.6875,18,6.203125,43,-0.038787841796875
42.1821,61,-1.892578125,62,1.810546875,18,6.203125,43,-0.038787841796875
42.1927,66,-0.578125,62,1.810546875,26,0.90185546875,64,-1.244140625
42.2014,66,-0.578125,66,-0.875,26,0.90185546875,64,-1.244140625
42.2125,61,0.27783203125,66,-0.875,62,-1.357421875,53,0.366455078125
42.2210,61,0.27783203125,58,0.418212890625,62,-1.357421875,53,0.366455078125
42.2327,1,6.64453125,58,0.418212890625,62,0.05450439453125,25,1.9716796875
42.2413,1,6.64453125,52,0.72021484375,62,0.05450439453125,25,1.9716796875
42.2533,48,-1.2490234375,52,0.72021484375,74,1.009765625,55,-1.4716796875
42.2610,48,-1.2490234375,7,3.697265625,74,1.009765625,55,-1.4716796875
42.2702,69,1.396484375,7,3.697265625,3,5.171875,67,-1.2880859375
42.2807,69,1.396484375,57,1.9873046875,3,5.171875,67,-1.2880859375
42.2917,66,0.1700439453125,57,1.9873046875,51,-1.3984375,27,4.3046875
42.3032,66,0.1700439453125,68,-0.9794921875,64,-0.91015625,27,4.3046875
42.3114,60,0.173583984375,68,-0.9794921875,64,-0.91015625,29,1.53125
42.3199,60,0.173583984375,60,0.51220703125,64,-0.91015625,29,1.53125
42.3267,-4,9.53125,60,0.51220703125,86,2.75,59,-1.4482421875
42.3396,-4,9.53125,58,-0.487548828125,86,2.75,59,-1.4482421875
42.3493,25,0.60302734375,58,-0.487548828125,3,5.046875,65,-0.8623046875
42.3649,25,0.60302734375,0,9.015625,3,5.046875,65,-0.8623046875
42.3700,63,-1.291015625,0,9.015625,47,-1.1103515625,56,-0.08203125
42.3865,63,-1.291015625,28,0.66845703125,47,-1.1103515625,56,-0.08203125
42.3888,63,-1.291015625,28,0.66845703125,61,-0.60107421875,51,0.55029296875
42.4006,74,1.328125,28,0.66845703125,61,-0.60107421875,51,0.55029296875
42.4100,11,7.59765625,66,1.6533203125,83,2.39453125,14,3.3515625
42.4257,11,7.59765625,66,-0.4296875,83,2.39453125,14,3.3515625
42.4321,33,0.73388671875,66,-0.4296875,12,5.234375,40,-0.395263671875
42.4449,33,0.73388671875,59,-0.05181884765625,12,5.234375,40,-0.395263671875
42.4499,33,0.73388671875,59,-0.05181884765625,27,0.81005859375,40,-0.395263671875
42.4598,64,0.88916015625,59,-0.05181884765625,27,0.81005859375,70,-1.7958984375
42.4724,68,0.794921875,49,0.81640625,61,-0.99755859375,65,-0.82177734375
42.4859,68,0.794921875,10,3.39453125,61,-0.99755859375,65,-0.82177734375
42.4903,36,2.658203125,10,3.39453125,85,2.978515625,35,3.150390625
42.5048,36,2.658203125,60,1.8857421875,85,2.978515625,35,3.150390625
42.5124,33,1.4033203125,60,1.8857421875,8,11.125,7,3.95703125
42.5244,33,1.4033203125,74,1.53125,8,11.125,7,3.95703125
42.5318,33,1.4033203125,74,1.53125,22,1.427734375,7,3.95703125
42.5391,55,-0.423583984375,74,1.53125,22,1.427734375,47,-1.3466796875
42.5511,55,-0.423583984375,63,-0.53076171875,22,1.427734375,47,-1.3466796875
42.5586,64,0.6865234375,63,-0.53076171875,63,1.86328125,68,-1.28125
42.5697,64,0.6865234375,53,0.6201171875,63,1.86328125,68,-1.28125
42.5781,24,5.80859375,53,0.6201171875,86,4.3515625,62,-0.1900634765625
42.5903,24,5.80859375,0,5.30859375,86,4.3515625,62,-0.1900634765625
42.6000,37,0.9716796875,0,5.30859375,18,10.1484375,21,2.529296875
42.6113,37,0.9716796875,48,-1.3740234375,18,10.1484375,21,2.529296875
42.6192,66,-1.9833984375,48,-1.3740234375,23,1.2255859375,56,-1.7373046875
42.6340,65,-0.326416015625,67,-0.95068359375,62,-1.7021484375,56,-1.7373046875
42.6387,65,-0.326416015625,67,-0.95068359375,62,-1.7021484375,64,-0.89501953125
42.6522,65,-0.326416015625,64,-0.1982421875,62,-1.7021484375,64,-0.89501953125
42.6581,0,5.2578125,64,-0.1982421875,82,3.548828125,55,0.626953125
42.6692,0,5.2578125,19,3.625,82,3.548828125,55,0.626953125
42.6776,37,-0.469482421875,19,3.625,12,0.42578125,54,-0.052825927734375
42.6914,37,-0.469482421875,43,0.06732177734375,12,0.42578125,54,-0.052825927734375
42.6973,69,1.5947265625,43,0.06732177734375,13,2.783203125,23,4.1171875
42.7088,69,1.5947265625,67,-1.396484375,13,2.783203125,23,4.1171875
42.7175,67,-0.041015625,67,-1.396484375,60,1.986328125,32,1.0546875
42.7295,67,-0.041015625,55,0.99560546875,60,1.986328125,32,1.0546875
42.7379,62,0.10186767578125,55,0.99560546875,64,-0.7041015625,61,-1.4541015625
42.7518,62,0.10186767578125,54,0.2420654296875,64,-0.7041015625,61,-1.4541015625
42.7573,0,5.49609375,54,0.2420654296875,76,1.1455078125,64,-0.241455078125
42.7733,0,5.49609375,0,8.734375,76,1.1455078125,64,-0.241455078125
42.7769,9,3.02734375,0,8.734375,7,3.658203125,23,2.921875
42.7922,9,3.02734375,41,-0.78857421875,7,3.658203125,23,2.921875
42.7965,62,2.03515625,41,-0.78857421875,57,1.83984375,50,-1.04296875
42.8101,67,0.39794921875,63,-1.11328125,57,1.83984375,50,-1.04296875
42.8167,67,0.39794921875,63,-1.11328125,63,-0.734375,62,-0.599609375
42.8310,67,0.39794921875,65,-0.54931640625,63,-0.734375,62,-0.599609375
42.8390,60,0.373291015625,65,-0.54931640625,42,1.021484375,57,0.1995849609375
42.8506,60,0.373291015625,55,0.43994140625,42,1.021484375,57,0.1995849609375
42.8563,3,5.75390625,55,0.43994140625,58,-0.386962890625,23,2.134765625
42.8699,3,5.75390625,50,0.80419921875,58,-0.386962890625,23,2.134765625
42.8783,52,1.646484375,50,0.80419921875,65,0.7607421875,55,-1.0244140625
42.8915,52,1.646484375,29,1.947265625,65,0.7607421875,55,-1.0244140625
42.8966,70,1.3193359375,29,1.947265625,58,-0.04559326171875,62,-0.9775390625
42.9112,70,1.3193359375,51,0.472900390625,58,-0.04559326171875,62,-0.9775390625
42.9174,65,-0.1502685546875,51,0.472900390625,43,1.6943359375,57,-0.298095703125
42.9306,65,-0.1502685546875,57,-0.035552978515625,3,3.810546875,57,-0.298095703125
42.9371,59,0.2880859375,57,-0.035552978515625,3,3.810546875,52,0.288330078125
42.9504,59,0.2880859375,55,0.378173828125,3,3.810546875,52,0.288330078125
42.9558,-6,7.78125,55,0.378173828125,46,-1.166015625,15,3.556640625
42.9700,-6,7.78125,36,1.7119140625,46,-1.166015625,15,3.556640625
42.9754,18,1.71875,36,1.7119140625,63,-0.6904296875,21,1.9150390625
42.9912,18,1.71875,49,-0.427490234375,63,-0.6904296875,21,1.9150390625
42.9950,66,-1.8515625,49,-0.427490234375,62,-0.207275390625,65,-1.984375
43.0116,66,-1.8515625,62,0.5849609375,62,-0.207275390625,65,-1.984375
43.0177,67,0.64111328125,62,0.5849609375,51,1.158203125,61,-0.2022705078125
43.0318,37,2.984375,31,2.94140625,51,1.158203125,61,-0.2022705078125
43.0382,37,2.984375,31,2.94140625,51,0.44873046875,59,-0.392333984375
43.0502,37,2.984375,44,0.177490234375,51,0.44873046875,59,-0.392333984375
43.0566,47,-0.436279296875,44,0.177490234375,4,4.16015625,59,-0.392333984375
43.0689,47,-0.436279296875,44,0.177490234375,4,4.16015625,25,3.203125
43.0762,56,-0.344970703125,62,-0.962890625,53,1.892578125,25,3.203125
43.0911,56,-0.344970703125,62,-0.962890625,53,1.892578125,39,0.232666015625
43.0994,51,0.65283203125,60,-0.267578125,63,-0.51904296875,61,-1.1083984375
43.1139,51,0.65283203125,27,4.40234375,63,-0.51904296875,61,-1.1083984375
43.1210,47,1.0693359375,27,4.40234375,64,0.48974609375,63,-0.469970703125
43.1349,47,1.0693359375,16,2.267578125,64,0.48974609375,63,-0.469970703125
43.1410,49,0.62939453125,16,2.267578125,56,0.465576171875,17,4.70703125
43.1551,49,0.62939453125,65,-1.44921875,56,0.465576171875,17,4.70703125
43.1602,49,1.3779296875,65,-1.44921875,0,6.55078125,17,4.70703125
43.1715,49,1.3779296875,65,-1.44921875,0,6.55078125,40,0.351806640625
43.1799,58,0.2203369140625,75,-0.66650390625,44,-0.560546875,73,-1.7822265625
43.1956,58,0.2203369140625,71,0.1400146484375,44,-0.560546875,73,-1.7822265625
43.1996,63,0.12335205078125,71,0.1400146484375,69,-0.56201171875,73,-1.7822265625
43.2106,63,0.12335205078125,71,0.1400146484375,69,-0.56201171875,72,-0.91357421875
43.2191,63,0.12335205078125,22,3.701171875,72,-0.53173828125,72,-0.91357421875
43.2314,55,0.8837890625,22,3.701171875,72,-0.53173828125,59,0.365234375
43.2387,55,0.8837890625,65,1.7880859375,72,-0.53173828125,59,0.365234375
43.2509,54,0.78173828125,65,1.7880859375,64,0.53857421875,54,0.59033203125
43.2582,54,0.78173828125,72,-0.62744140625,64,0.53857421875,54,0.59033203125
43.2705,55,0.74462890625,72,-0.62744140625,38,1.8916015625,35,1.9423828125
43.2779,55,0.74462890625,65,0.41455078125,38,1.8916015625,35,1.9423828125
43.2890,59,0.297607421875,65,0.41455078125,57,-0.17333984375,59,-0.8798828125
43.2977,60,0.416259765625,59,0.50390625,64,0.1505126953125,59,-0.8798828125
43.3093,60,0.416259765625,59,0.50390625,64,0.1505126953125,69,-0.71875
43.3191,60,0.416259765625,21,6.82421875,64,0.1505126953125,69,-0.71875
43.3292,45,1.8642578125,21,6.82421875,61,0.51904296875,60,0.41455078125
43.3379,45,1.8642578125,43,0.414794921875,61,0.51904296875,60,0.41455078125
43.3490,54,0.255615234375,43,0.414794921875,57,0.57421875,58,0.220458984375
43.3586,54,0.255615234375,71,-1.0439453125,57,0.57421875,58,0.220458984375
43.3713,65,-0.278564453125,71,-1.0439453125,52,1.1904296875,51,0.73095703125
43.3796,65,-0.278564453125,69,-0.270263671875,51,0.95166015625,51,0.73095703125
43.3907,58,0.658203125,69,-0.270263671875,51,0.95166015625,48,0.9951171875
43.3997,58,0.658203125,33,3.845703125,51,0.95166015625,48,0.9951171875
43.4104,56,0.740234375,33,3.845703125,49,1.142578125,51,0.71240234375
43.4190,56,0.740234375,44,0.876953125,49,1.142578125,51,0.71240234375
43.4322,53,0.841796875,44,0.876953125,55,0.287353515625,59,-0.233642578125
43.4419,53,0.841796875,68,-0.94873046875,55,0.287353515625,59,-0.233642578125
43.4549,57,0.465576171875,68,-0.94873046875,64,-0.28515625,60,0.084716796875
43.4667,58,0.44580078125,69,-0.448974609375,57,0.66943359375,60,0.084716796875
43.4751,58,0.44580078125,69,-0.448974609375,57,0.66943359375,54,0.5888671875
43.4857,58,0.44580078125,60,-0.90771484375,57,0.66943359375,54,0.5888671875
43.4939,59,0.44482421875,60,-0.90771484375,55,0.70361328125,54,0.5888671875
43.5026,59,0.44482421875,54,1.013671875,55,0.70361328125,53,0.60205078125
43.5136,58,0.505859375,54,1.013671875,41,1.78125,53,0.60205078125
43.5252,58,0.505859375,54,1.013671875,41,1.78125,53,0.6181640625
43.5333,50,1.2080078125,26,2.953125,56,0.06341552734375,53,0.6181640625
43.5417,50,1.2080078125,63,1.4169921875,56,0.06341552734375,58,0.0849609375
43.5544,54,0.54443359375,63,1.4169921875,60,0.0467529296875,58,0.0849609375
43.5611,54,0.54443359375,63,1.4169921875,60,0.0467529296875,57,0.272705078125
43.5731,60,-0.18505859375,70,-0.638671875,63,0.06524658203125,57,0.272705078125
43.5808,60,-0.18505859375,70,-0.638671875,63,0.06524658203125,53,0.66552734375
43.5919,60,0.3134765625,65,-0.1539306640625,60,0.285400390625,53,0.66552734375
43.6006,60,0.3134765625,65,-0.1539306640625,60,0.285400390625,54,0.56298828125
43.6114,58,0.87646484375,20,7.67578125,54,0.95703125,54,0.56298828125
43.6244,58,0.87646484375,20,7.67578125,54,0.95703125,56,0.27099609375
43.6353,56,0.71142578125,44,0.2347412109375,22,2.037109375,56,0.27099609375
43.6449,56,0.71142578125,44,0.2347412109375,22,2.037109375,59,-0.2012939453125
43.6537,59,0.14990234375,74,1.3427734375,62,-0.85400390625,58,0.06646728515625
43.6653,0,10.4375,71,-0.63916015625,62,-0.85400390625,58,0.06646728515625
43.6739,0,10.4375,71,-0.63916015625,80,1.666015625,58,0.06646728515625
43.6817,0,10.4375,71,-0.63916015625,80,1.666015625,54,0.630859375
43.6933,42,-0.3095703125,24,6.78125,62,0.0289459228515625,54,0.630859375
43.7045,42,-0.3095703125,24,6.78125,62,0.0289459228515625,52,0.716796875
43.7129,66,-0.654296875,46,-0.77587890625,29,1.1552734375,52,0.716796875
43.7241,66,-0.654296875,46,-0.77587890625,29,1.1552734375,52,0.66796875
43.7321,83,0.9736328125,67,-0.47021484375,64,-1.1611328125,52,0.66796875
43.7446,83,0.9736328125,67,-0.47021484375,64,-1.1611328125,58,-0.23974609375
43.7552,22,2.53515625,65,-0.318603515625,91,3.89453125,58,-0.23974609375
43.7642,22,2.53515625,65,-0.318603515625,91,3.89453125,55,0.360595703125
43.7728,66,-1.5517578125,63,0.2166748046875,75,0.267578125,55,0.360595703125
43.7842,66,-1.5517578125,63,0.2166748046875,75,0.267578125,54,0.52880859375
43.7919,77,-1.1083984375,26,3.4140625,6,7.48046875,54,0.52880859375
43.8037,77,-1.1083984375,26,3.4140625,6,7.48046875,56,0.329345703125
43.8112,73,-0.021087646484375,65,-1.81640625,6,7.48046875,56,0.329345703125
43.8232,73,-0.021087646484375,65,-1.81640625,4,4.4453125,56,0.2109375
43.8311,65,0.455078125,69,-0.497802734375,4,4.4453125,56,0.2109375
43.8395,65,0.455078125,69,-0.497802734375,57,1.474609375,56,0.26220703125
43.8511,21,3.810546875,68,0.270263671875,79,2.134765625,56,0.26220703125
43.8600,21,3.810546875,68,0.270263671875,79,2.134765625,54,0.434814453125
43.8702,55,-0.87060546875,35,2.86328125,69,-0.0609130859375,54,0.434814453125
43.8760,55,-0.87060546875,35,2.86328125,69,-0.0609130859375,55,0.2119140625
43.8896,55,-0.87060546875,53,-0.258056640625,69,-0.0609130859375,55,0.2119140625
43.8968,71,-1.0771484375,53,-0.258056640625,65,-0.0682373046875,55,0.387939453125
43.9092,71,-1.0771484375,69,0.470458984375,65,-0.0682373046875,55,0.387939453125
43.9189,69,0.131103515625,69,0.470458984375,54,1.0732421875,55,0.3359375
43.9293,69,0.131103515625,62,0.39306640625,54,1.0732421875,55,0.3359375
43.9393,62,0.466552734375,62,0.39306640625,31,2.0546875,57,0.1336669921875
43.9501,62,0.466552734375,39,1.6806640625,31,2.0546875,57,0.1336669921875
43.9587,25,3.30859375,39,1.6806640625,64,-1.39453125,57,0.1336669921875
43.9700,25,3.30859375,68,1.27734375,64,-1.39453125,57,0.2364501953125
43.9784,37,0.0592041015625,68,1.27734375,66,0.12042236328125,57,0.319580078125
43.9908,37,0.0592041015625,71,0.62890625,66,0.12042236328125,57,0.319580078125
44.0020,69,-1.2783203125,71,0.62890625,60,0.57373046875,53,0.85693359375
44.0102,69,-1.2783203125,46,2.064453125,60,0.57373046875,53,0.85693359375
44.0201,71,0.060028076171875,46,2.064453125,62,0.20849609375,51,0.66357421875
44.0310,71,0.060028076171875,58,-0.50732421875,62,0.20849609375,51,0.66357421875
44.0396,65,0.419677734375,58,-0.50732421875,33,4.0546875,56,0.0665283203125
44.0516,65,0.419677734375,62,-0.1282958984375,33,4.0546875,56,0.0665283203125
44.0626,28,3.123046875,62,-0.1282958984375,43,0.8525390625,56,0.0665283203125
44.0701,28,3.123046875,62,-0.1282958984375,43,0.8525390625,57,0.13916015625
44.0817,60,-0.44091796875,58,0.7109375,66,0.935546875,57,0.13916015625
44.0897,60,-0.44091796875,58,0.7109375,66,0.935546875,56,0.3544921875
44.1003,68,-0.47607421875,57,0.66650390625,63,0.418701171875,56,0.3544921875
44.1119,68,-0.47607421875,57,0.66650390625,63,0.418701171875,56,0.4091796875
44.1202,67,0.184326171875,56,0.427978515625,64,-0.0312347412109375,56,0.4091796875
44.1331,67,0.184326171875,56,0.427978515625,64,-0.0312347412109375,55,0.466064453125
44.1412,37,3.076171875,51,1.150390625,52,1.5390625,55,0.466064453125
44.1529,37,3.076171875,51,1.150390625,52,1.5390625,55,0.471923828125
44.1605,52,0.30712890625,54,0.489013671875,48,1.32421875,55,0.471923828125
44.1722,52,0.30712890625,54,0.489013671875,48,1.32421875,53,0.5556640625
44.1800,63,0.2470703125,63,0.306396484375,53,0.64501953125,53,0.5556640625
44.1921,63,0.2470703125,63,0.306396484375,53,0.64501953125,57,-0.1258544921875
44.2041,66,0.7919921875,57,0.9794921875,57,1.1494140625,57,-0.1258544921875
44.2117,66,0.7919921875,57,0.9794921875,57,1.1494140625,55,0.9775390625
44.2205,58,0.99462890625,56,0.91015625,59,0.703125,55,0.9775390625
44.2321,58,0.99462890625,56,0.91015625,59,0.703125,59,0.2164306640625
44.2402,65,0.201171875,61,0.64013671875,65,0.05230712890625,59,0.2164306640625
44.2522,65,0.201171875,61,0.64013671875,65,0.05230712890625,64,-0.14208984375
44.2624,54,1.7578125,66,0.47314453125,63,0.5205078125,64,-0.14208984375
44.2719,54,1.7578125,66,0.47314453125,63,0.5205078125,62,0.405029296875
44.2794,54,1.7578125,62,0.7509765625,63,0.5205078125,62,0.405029296875
44.2908,52,1.2041015625,62,0.7509765625,59,0.90625,61,0.3154296875
44.2993,52,1.2041015625,54,1.162109375,59,0.90625,61,0.3154296875
44.3102,60,0.384033203125,54,1.162109375,61,0.40576171875,57,0.72607421875
44.3188,68,-0.12493896484375,62,0.324462890625,61,0.40576171875,57,0.72607421875
44.3272,68,-0.12493896484375,62,0.324462890625,59,0.9794921875,59,0.406494140625
44.3389,68,-0.12493896484375,66,0.218505859375,59,0.9794921875,59,0.406494140625
44.3505,62,0.99609375,66,0.218505859375,59,0.6982421875,59,0.406494140625
44.3589,62,0.99609375,61,1.263671875,59,0.6982421875,60,0.283935546875
44.3750,59,1.2177734375,61,1.263671875,61,1.0224609375,64,0.251708984375
44.3784,59,1.2177734375,62,0.9482421875,61,1.0224609375,64,0.251708984375
44.3887,64,0.56494140625,62,0.9482421875,64,0.373046875,64,0.1282958984375
44.4004,64,0.56494140625,65,0.12890625,64,0.373046875,64,0.1282958984375
44.4100,61,0.94287109375,65,0.12890625,65,0.412109375,64,0.250244140625
44.4226,61,0.94287109375,64,0.7021484375,65,0.412109375,64,0.250244140625
44.4330,58,1.2646484375,64,0.7021484375,64,0.60791015625,62,0.55908203125
44.4431,58,1.2646484375,61,0.54296875,64,0.60791015625,62,0.55908203125
44.4539,65,-0.33984375,61,0.54296875,64,0.35791015625,63,-0.036163330078125
44.4632,65,-0.33984375,60,0.470703125,64,0.35791015625,63,-0.036163330078125
44.4743,67,0.1832275390625,60,0.470703125,60,0.65234375,63,-0.036163330078125
44.4862,67,0.1832275390625,60,0.470703125,60,0.65234375,61,0.1275634765625
44.4939,59,1.1728515625,61,0.73193359375,60,0.708984375,61,0.1275634765625
44.5027,59,1.1728515625,61,0.623046875,60,0.708984375,57,0.708984375
44.5142,56,1.046875,61,0.623046875,59,0.77587890625,57,0.708984375
44.5241,56,1.046875,61,0.623046875,59,0.77587890625,59,0.319580078125
44.5340,61,0.356689453125,61,0.86962890625,62,0.41357421875,59,0.319580078125
44.5449,61,0.356689453125,61,0.86962890625,62,0.41357421875,62,-0.14111328125
44.5556,61,0.626953125,62,-0.361083984375,62,0.419189453125,62,-0.14111328125
44.5661,61,0.626953125,62,-0.361083984375,62,0.419189453125,63,0.11920166015625
44.5752,56,1.0908203125,61,0.6123046875,60,0.73779296875,63,0.11920166015625
44.5863,56,1.0908203125,61,0.6123046875,60,0.73779296875,57,1.0087890625
44.5936,62,0.1668701171875,59,1.033203125,61,0.55908203125,57,1.0087890625
44.6057,62,0.1668701171875,59,1.033203125,61,0.55908203125,57,0.734375
44.6131,66,0.297607421875,58,0.57568359375,59,0.740234375,57,0.734375
44.6218,66,0.297607421875,58,0.57568359375,59,0.740234375,63,-0.113037109375
44.6348,62,0.7900390625,62,0.486083984375,61,0.48876953125,63,-0.113037109375
44.6429,62,0.7900390625,62,0.486083984375,61,0.48876953125,63,0.2030029296875
44.6558,60,0.814453125,64,0.404052734375,64,0.2080078125,63,0.2030029296875
44.6633,60,0.814453125,64,0.404052734375,64,0.2080078125,56,0.76904296875
44.6747,62,0.61767578125,60,0.361328125,61,0.73828125,56,0.76904296875
44.6865,62,0.61767578125,60,0.361328125,61,0.73828125,60,-0.0738525390625
44.6927,57,1.1455078125,61,0.724609375,61,0.55517578125,60,-0.0738525390625
44.7062,57,1.1455078125,61,0.724609375,61,0.55517578125,67,-0.487060546875
44.7125,57,0.84228515625,62,0.509765625,59,0.798828125,67,-0.487060546875
44.7224,57,0.84228515625,62,0.509765625,59,0.798828125,42,3.54296875
44.7364,64,0.27001953125,60,1.158203125,59,0.74365234375,42,3.54296875
44.7430,64,0.27001953125,60,1.158203125,59,0.74365234375,50,0.463623046875
44.7541,64,0.281005859375,61,0.163818359375,58,0.73828125,50,0.463623046875
44.7658,64,0.281005859375,61,0.163818359375,58,0.73828125,72,-1.3740234375
44.7735,64,0.281005859375,62,0.472900390625,58,0.73828125,72,-1.3740234375
44.7855,61,0.74462890625,62,0.472900390625,62,0.32666015625,69,-0.245361328125
44.7931,61,0.74462890625,61,0.587890625,62,0.32666015625,69,-0.245361328125
44.8050,60,0.82568359375,61,0.587890625,63,0.384765625,54,1.59375
44.8127,60,0.82568359375,60,0.626953125,61,0.68603515625,54,1.59375
44.8246,60,0.8388671875,60,0.626953125,61,0.68603515625,62,-0.1253662109375
44.8324,60,0.8388671875,61,0.473876953125,61,0.68603515625,62,-0.1253662109375
44.8409,56,1.2021484375,61,0.473876953125,60,0.59423828125,57,1.1171875
44.8522,56,1.2021484375,60,0.78173828125,60,0.59423828125,57,1.1171875
44.8641,57,0.88232421875,60,0.78173828125,57,0.94091796875,56,0.78125
44.8729,57,0.88232421875,59,0.791015625,57,0.94091796875,56,0.78125
44.8839,65,0.03271484375,59,0.791015625,60,0.54443359375,61,0.062103271484375
44.8921,65,0.03271484375,61,0.428466796875,60,0.54443359375,61,0.062103271484375
44.9043,65,0.28662109375,61,0.428466796875,61,0.467041015625,63,0.361328125
44.9114,65,0.28662109375,63,0.377685546875,61,0.467041015625,63,0.361328125
44.9200,61,0.79443359375,63,0.377685546875,61,0.64794921875,53,0.9228515625
44.9322,61,0.79443359375,61,0.85009765625,61,0.64794921875,53,0.9228515625
44.9404,62,0.4892578125,61,0.85009765625,61,0.5390625,57,0.387451171875
44.9519,62,0.4892578125,60,0.8974609375,61,0.5390625,57,0.387451171875
44.9600,59,1.203125,60,0.8974609375,61,0.52490234375,68,-0.299072265625
44.9717,59,1.203125,61,0.64111328125,61,0.52490234375,68,-0.299072265625
44.9800,56,1.021484375,61,0.64111328125,59,1.021484375,60,0.4443359375
44.9919,56,1.021484375,61,0.51513671875,59,1.021484375,60,0.4443359375
45.0031,54,1.1171875,61,0.51513671875,58,0.9189453125,57,0.77099609375
45.0118,54,1.1171875,58,0.8994140625,58,0.9189453125,57,0.77099609375
45.0197,64,0.21630859375,58,0.8994140625,60,0.470947265625,60,0.0728759765625
45.0321,64,0.21630859375,60,0.5166015625,60,0.470947265625,60,0.0728759765625
45.0398,65,0.3203125,60,0.5166015625,61,0.505859375,62,0.451416015625
45.0524,65,0.3203125,63,0.360595703125,61,0.505859375,62,0.451416015625
45.0596,60,0.8125,63,0.360595703125,60,0.76904296875,60,0.389892578125
45.0736,60,0.8125,61,0.6435546875,60,0.76904296875,60,0.389892578125
45.0824,62,0.40283203125,61,0.6435546875,61,0.493408203125,60,0.389892578125
45.0924,62,0.40283203125,61,0.6435546875,61,0.493408203125,54,0.9794921875
45.1068,59,1.1806640625,61,0.7333984375,61,0.67333984375,54,0.9794921875
45.1142,59,1.1806640625,61,0.7333984375,61,0.67333984375,66,-0.11431884765625
45.1231,57,1.1796875,61,0.90625,62,0.8037109375,66,-0.11431884765625
45.1344,57,1.1796875,61,0.90625,62,0.8037109375,63,0.3583984375
45.1437,59,0.744140625,63,0.62939453125,63,0.45947265625,63,0.3583984375
45.1589,59,0.744140625,63,0.62939453125,63,0.45947265625,59,0.58837890625
45.1674,68,1.1611328125,64,0.70654296875,61,1.69921875,59,0.58837890625
45.1768,68,1.1611328125,64,0.70654296875,61,1.69921875,67,0.225341796875
45.1875,68,0.74267578125,64,0.7880859375,66,0.72265625,67,0.225341796875
45.1959,68,0.74267578125,64,0.7880859375,66,0.72265625,67,0.38623046875
45.2040,72,0.100341796875,71,0.41748046875,70,0.329833984375,67,0.38623046875
45.2158,72,0.100341796875,71,0.41748046875,70,0.329833984375,67,0.2393798828125
45.2239,70,0.62060546875,69,0.822265625,71,0.37353515625,67,0.2393798828125
45.2350,70,0.62060546875,69,0.822265625,71,0.37353515625,72,-0.188720703125
45.2449,63,1.44921875,67,0.7744140625,69,0.8017578125,72,-0.188720703125
45.2548,63,1.44921875,67,0.7744140625,69,0.8017578125,67,0.5625
45.2625,63,1.44921875,67,0.75927734375,67,0.76513671875,67,0.5625
45.2757,65,0.60986328125,67,0.75927734375,67,0.76513671875,66,0.47314453125
45.2821,65,0.60986328125,68,-1.033203125,64,0.81787109375,66,0.47314453125
45.2930,72,0.05108642578125,68,-1.033203125,64,0.81787109375,65,0.5068359375
45.3020,70,0.603515625,67,0.70361328125,68,0.5615234375,65,0.5068359375
45.3127,70,0.603515625,67,0.70361328125,68,0.5615234375,68,0.260986328125
45.3248,70,0.603515625,69,0.57861328125,68,0.5615234375,68,0.260986328125
45.3331,69,0.69287109375,69,0.57861328125,69,0.5498046875,69,0.37353515625
45.3442,69,0.69287109375,70,-0.0128326416015625,69,0.5498046875,69,0.37353515625
45.3530,68,0.845703125,70,-0.0128326416015625,68,0.72314453125,70,0.151123046875
45.3646,68,0.845703125,68,0.68994140625,68,0.72314453125,70,0.151123046875
45.3726,64,0.96826171875,68,0.68994140625,67,0.7724609375,66,0.583984375
45.3874,65,0.84423828125,66,0.744140625,66,0.86376953125,66,0.583984375
45.3967,65,0.84423828125,70,0.0902099609375,66,0.86376953125,67,0.177490234375
45.4083,72,0.20654296875,70,0.0902099609375,65,0.7568359375,67,0.177490234375
45.4163,72,0.20654296875,70,0.0902099609375,65,0.7568359375,69,0.346435546875
45.4260,72,0.20654296875,67,0.62744140625,65,0.7568359375,69,0.346435546875
45.4339,71,0.55419921875,67,0.62744140625,68,0.51953125,69,0.346435546875
45.4456,71,0.55419921875,67,0.65283203125,68,0.51953125,67,0.475341796875
45.4571,68,0.86181640625,67,0.65283203125,68,0.66064453125,67,0.475341796875
45.4640,68,0.86181640625,71,0.49462890625,68,0.66064453125,68,0.151611328125
45.4765,68,0.8369140625,71,0.49462890625,67,0.55322265625,68,0.151611328125
45.4841,68,0.8369140625,67,0.572265625,67,0.55322265625,70,0.247314453125
45.4968,65,1.03125,67,0.572265625,68,0.59033203125,70,0.247314453125
45.5062,65,1.03125,66,0.767578125,68,0.59033203125,67,0.53271484375
45.5171,64,0.99169921875,66,0.767578125,66,0.81201171875,67,0.53271484375
45.5242,64,0.99169921875,71,-0.81396484375,66,0.81201171875,68,0.26025390625
45.5364,71,0.328125,71,-0.81396484375,66,0.703125,68,0.26025390625
45.5442,71,0.328125,67,1.015625,66,0.703125,67,0.404541015625
45.5555,70,0.65673828125,67,1.015625,68,0.4287109375,67,0.404541015625
45.5671,70,0.65673828125,67,1.015625,68,0.4287109375,68,0.2442626953125
45.5758,69,0.6376953125,66,0.73583984375,68,0.669921875,68,0.2442626953125
45.5870,69,0.6376953125,66,0.73583984375,68,0.669921875,68,0.368408203125
45.5957,70,0.31982421875,69,0.47314453125,65,0.81396484375,68,0.368408203125
45.6075,70,0.31982421875,69,0.47314453125,65,0.81396484375,69,-0.11480712890625
45.6153,65,0.59423828125,68,-0.63232421875,65,0.81396484375,69,-0.11480712890625
45.6272,65,0.59423828125,68,-0.63232421875,67,0.05133056640625,64,0.52587890625
45.6359,59,1.0732421875,63,0.81494140625,67,0.05133056640625,64,0.52587890625
45.6490,59,1.0732421875,63,0.81494140625,65,0.46044921875,62,0.321533203125
45.6570,63,0.11236572265625,62,0.1971435546875,65,0.46044921875,62,0.321533203125
45.6702,63,0.11236572265625,62,0.1971435546875,59,0.9619140625,56,0.80517578125
45.6740,64,0.345947265625,61,0.6552734375,58,0.810546875,56,0.80517578125
45.6831,64,0.345947265625,61,0.6552734375,58,0.810546875,58,0.279541015625
45.6957,59,1.041015625,57,0.685546875,59,0.69091796875,58,0.279541015625
45.7030,59,1.041015625,57,0.685546875,59,0.69091796875,61,0.1409912109375
45.7145,57,1.01171875,59,0.626953125,59,0.69091796875,61,0.1409912109375
45.7258,57,1.01171875,59,0.626953125,59,0.81640625,62,0.1435546875
45.7331,62,0.4609375,65,0.2430419921875,58,0.88427734375,62,0.1435546875
45.7452,62,0.4609375,65,0.2430419921875,58,0.88427734375,62,0.2332763671875
45.7532,62,0.4609375,61,0.77001953125,58,0.88427734375,62,0.2332763671875
45.7605,60,0.7880859375,61,0.77001953125,63,0.1820068359375,59,0.467041015625
45.7738,60,0.7880859375,58,0.8857421875,63,0.1820068359375,59,0.467041015625
45.7857,56,0.9873046875,58,0.8857421875,62,0.5341796875,56,-0.1822509765625
45.7913,56,0.9873046875,59,-0.09747314453125,56,0.8837890625,56,-0.1822509765625
45.8061,61,0.0242462158203125,59,-0.09747314453125,56,0.8837890625,56,-0.1822509765625
45.8144,59,0.34912109375,58,0.1871337890625,54,0.75244140625,59,0.0804443359375
45.8203,59,0.34912109375,58,0.1871337890625,54,0.75244140625,52,1.0615234375
45.8335,59,0.34912109375,39,2.38671875,54,0.75244140625,52,1.0615234375
45.8454,56,0.69677734375,39,2.38671875,53,0.71826171875,50,0.8046875
45.8534,56,0.69677734375,55,-0.546875,53,0.71826171875,50,0.8046875
45.8658,50,1.162109375,55,-0.546875,56,0.47119140625,50,0.8046875
45.8731,52,0.74951171875,63,0.047454833984375,54,0.85791015625,53,0.398193359375
45.8779,52,0.74951171875,63,0.047454833984375,54,0.85791015625,58,0.099609375
45.8919,52,0.74951171875,63,0.12274169921875,54,0.85791015625,58,0.099609375
45.9050,59,0.060791015625,63,0.12274169921875,54,0.6201171875,55,0.5810546875
45.9098,59,0.060791015625,27,3.431640625,54,0.6201171875,55,0.5810546875
45.9253,56,0.8076171875,27,3.431640625,56,0.469482421875,55,0.5810546875
45.9320,56,0.8076171875,55,-0.65771484375,56,0.469482421875,53,0.471923828125
45.9400,52,0.97412109375,55,-0.65771484375,57,0.46435546875,53,0.471923828125
45.9533,52,0.97412109375,69,-0.78369140625,57,0.46435546875,52,0.5390625
45.9613,57,0.54736328125,69,-0.78369140625,51,1.28515625,52,0.5390625
45.9684,57,0.54736328125,67,-0.259765625,51,1.28515625,55,0.140380859375
45.9845,57,0.6875,67,-0.259765625,49,1.0390625,55,0.140380859375
45.9909,57,0.6875,67,-0.259765625,49,1.0390625,55,0.1820068359375
46.0057,55,0.857421875,36,3.240234375,53,0.60546875,55,0.1820068359375
46.0106,55,0.857421875,36,3.240234375,53,0.60546875,57,0.1153564453125
46.0261,53,0.86279296875,23,2.939453125,62,-0.13623046875,57,0.1153564453125
46.0313,53,0.86279296875,23,2.939453125,62,-0.13623046875,56,0.5029296875
46.0437,58,0.291015625,64,-1.9970703125,60,0.28515625,56,0.5029296875
46.0514,58,0.291015625,71,-0.56640625,60,0.28515625,55,0.11492919921875
46.0598,54,0.970703125,71,-0.56640625,47,1.4501953125,55,0.11492919921875
46.0731,54,0.970703125,71,-0.56640625,47,1.4501953125,54,0.370849609375
46.0812,51,1.115234375,64,0.54345703125,46,1.2529296875,54,0.370849609375
46.0924,51,1.115234375,64,0.54345703125,46,1.2529296875,53,0.515625
46.1060,53,0.5703125,55,0.78857421875,56,0.37841796875,53,0.515625
46.1120,53,0.5703125,55,0.78857421875,56,0.37841796875,57,-0.053863525390625
46.1250,56,0.91650390625,49,1.57421875,58,0.474365234375,57,-0.053863525390625
46.1313,56,0.91650390625,49,1.57421875,58,0.474365234375,55,0.4951171875
46.1433,57,0.5791015625,48,1.2138671875,58,0.331787109375,55,0.4951171875
46.1510,57,0.5791015625,48,1.2138671875,58,0.331787109375,55,0.469970703125
46.1612,54,0.771484375,59,-0.040374755859375,57,0.61279296875,55,0.469970703125
46.1727,54,0.771484375,59,-0.040374755859375,57,0.61279296875,54,0.5029296875
46.1835,57,0.3564453125,57,0.7607421875,53,0.87060546875,54,0.5029296875
46.1935,57,0.3564453125,57,0.7607421875,53,0.87060546875,57,-0.031768798828125
46.2046,55,0.8701171875,55,0.5263671875,52,0.80419921875,57,-0.031768798828125
46.2106,55,0.8701171875,55,0.5263671875,52,0.80419921875,56,0.4033203125
46.2186,16,2.921875,48,1.2734375,55,0.5146484375,56,0.4033203125
46.2322,16,2.921875,48,1.2734375,55,0.5146484375,54,0.427490234375
46.2410,63,-1.1083984375,51,0.484619140625,56,0.51416015625,54,0.427490234375
46.2518,63,-1.1083984375,51,0.484619140625,56,0.51416015625,52,0.6064453125
46.2638,78,1.533203125,60,-0.036865234375,56,0.51416015625,52,0.6064453125
46.2701,78,1.533203125,60,-0.036865234375,54,0.85791015625,56,-1.06640625
46.2803,37,3.404296875,57,-0.07098388671875,52,0.2490234375,56,-1.06640625
46.2931,37,3.404296875,57,-0.07098388671875,52,0.2490234375,47,1.0625
46.3051,26,1.9306640625,20,3.228515625,48,0.515625,47,1.0625
46.3143,26,1.9306640625,20,3.228515625,48,0.515625,46,0.5703125
46.3247,62,1.8642578125,44,-0.450439453125,48,0.62353515625,46,0.5703125
46.3354,62,1.8642578125,44,-0.450439453125,48,0.62353515625,43,0.6806640625
46.3440,62,1.8642578125,60,-0.53369140625,48,0.62353515625,43,0.6806640625
46.3557,63,-0.59619140625,60,-0.53369140625,45,0.9130859375,43,0.6806640625
46.3602,54,0.397216796875,57,0.479248046875,45,0.9130859375,43,0.705078125
46.3731,54,0.397216796875,57,0.479248046875,45,0.7607421875,43,0.705078125
46.3821,54,0.397216796875,57,0.479248046875,45,0.7607421875,47,0.10772705078125
46.3917,52,0.44921875,18,2.89453125,47,0.58349609375,47,0.10772705078125
46.4083,1,6.296875,56,1.4462890625,49,0.391845703125,52,-0.324462890625
46.4126,1,6.296875,56,1.4462890625,49,0.391845703125,42,0.7255859375
46.4271,33,0.309326171875,64,-0.962890625,50,0.427734375,42,0.7255859375
46.4340,33,0.309326171875,64,-0.962890625,50,0.427734375,42,0.73095703125
46.4419,33,0.309326171875,64,-0.962890625,46,1.08203125,42,0.73095703125
46.4533,63,-1.541015625,61,0.2578125,46,1.08203125,42,0.73095703125
46.4636,63,-1.541015625,61,0.2578125,46,1.08203125,46,0.196044921875
46.4749,63,-0.4599609375,32,3.685546875,44,0.83349609375,46,0.196044921875
46.4831,63,-0.4599609375,32,3.685546875,44,0.83349609375,50,-0.1856689453125
46.4943,57,-0.106201171875,5,3.478515625,44,0.82275390625,50,-0.1856689453125
46.5029,57,-0.106201171875,5,3.478515625,44,0.82275390625,52,-0.044342041015625
46.5139,54,0.251953125,60,2.5078125,48,0.471923828125,52,-0.044342041015625
46.5226,54,0.251953125,60,2.5078125,48,0.471923828125,53,-0.07177734375
46.5359,1,4.9296875,68,0.642578125,52,0.27880859375,53,-0.07177734375
46.5423,1,4.9296875,68,0.642578125,52,0.27880859375,25,3.642578125
46.5538,43,-0.8671875,50,1.060546875,52,0.1173095703125,25,3.642578125
46.5617,43,-0.8671875,50,1.060546875,52,0.1173095703125,37,0.3349609375
46.5747,65,-0.900390625,27,2.169921875,47,0.6806640625,37,0.3349609375
46.5821,65,-0.900390625,27,2.169921875,47,0.6806640625,62,1.4970703125
46.5933,62,-0.298095703125,56,1.4326171875,46,0.2705078125,62,1.4970703125
46.6019,62,-0.298095703125,56,1.4326171875,46,0.2705078125,62,1.0400390625
46.6136,36,1.15234375,56,-0.1727294921875,44,0.62451171875,62,1.0400390625
46.6229,36,1.15234375,56,-0.1727294921875,44,0.62451171875,20,3.47265625
46.6324,36,1.15234375,53,-0.4013671875,42,0.84228515625,20,3.47265625
46.6412,47,-0.2479248046875,53,-0.4013671875,42,0.84228515625,13,2.33203125
46.6524,47,-0.2479248046875,-5,7.39453125,8,2.990234375,13,2.33203125
46.6613,49,0.257080078125,-5,7.39453125,8,2.990234375,57,-2.48046875
46.6742,49,0.257080078125,23,0.470703125,47,1.0712890625,57,-2.48046875
46.6817,49,0.298828125,23,0.470703125,47,1.0712890625,64,-1.2001953125
46.6933,49,0.298828125,64,1.953125,37,2.685546875,64,-1.2001953125
46.7040,6,3.701171875,64,1.953125,37,2.685546875,12,5.17578125
46.7135,6,3.701171875,57,0.260986328125,50,-0.2008056640625,12,5.17578125
46.7226,50,-1.490234375,57,0.260986328125,50,-0.2008056640625,12,5.17578125
46.7323,50,-1.490234375,48,0.326416015625,60,0.90478515625,34,-0.17626953125
46.7423,60,-0.74609375,48,0.326416015625,60,0.90478515625,56,-0.669921875
46.7538,60,-0.74609375,40,0.7001953125,60,0.90478515625,56,-0.669921875
46.7619,60,0.7001953125,40,0.7001953125,46,0.57177734375,57,-0.416015625
46.7744,60,0.7001953125,18,1.5244140625,48,0.1551513671875,57,-0.416015625
46.7825,20,4.07421875,18,1.5244140625,48,0.1551513671875,57,-0.416015625
46.7940,20,4.07421875,54,0.479248046875,45,0.44970703125,25,1.9765625
46.8024,15,2.015625,54,0.479248046875,45,0.44970703125,25,1.9765625
46.8140,15,2.015625,63,0.91845703125,45,0.44970703125,46,-0.705078125
46.8225,56,-0.99462890625,63,0.91845703125,44,0.59326171875,46,-0.705078125
46.8332,56,-0.99462890625,47,0.69091796875,44,0.59326171875,54,-0.7451171875
46.8421,59,-0.377685546875,47,0.69091796875,43,0.58837890625,54,-0.7451171875
46.8531,59,-0.377685546875,4,3.6953125,43,0.58837890625,53,-0.379638671875
46.8616,38,1.751953125,4,3.6953125,2,7.32421875,53,-0.379638671875
46.8753,38,1.751953125,51,1.9140625,2,7.32421875,33,2.263671875
46.8823,44,0.65380859375,51,1.9140625,35,0.1473388671875,33,2.263671875
46.8936,44,0.65380859375,61,-1.0439453125,35,0.1473388671875,16,2.373046875
46.9025,41,0.828125,61,-1.0439453125,57,0.7998046875,16,2.373046875
46.9131,41,0.828125,61,0.78173828125,57,0.7998046875,38,-0.29296875
46.9220,12,2.62109375,61,0.78173828125,60,0.73876953125,38,-0.29296875
46.9318,12,2.62109375,8,4.46484375,60,0.73876953125,71,2.87890625
46.9443,51,-1.015625,8,4.46484375,70,1.7197265625,71,2.87890625
46.9519,51,-1.015625,19,1.23046875,70,1.7197265625,28,3.69140625
46.9646,60,-0.57080078125,19,1.23046875,4,8.1328125,28,3.69140625
46.9737,60,-0.57080078125,19,1.23046875,4,8.1328125,19,1.95703125
46.9844,67,-0.315673828125,64,2.2421875,-4,4.28515625,19,1.95703125
46.9929,67,-0.315673828125,65,1.0107421875,-4,4.28515625,61,-2.853515625
47.0030,65,0.67431640625,65,1.0107421875,39,0.7109375,61,-2.853515625
47.0129,65,0.67431640625,65,1.0107421875,39,0.7109375,63,-1.408203125
47.0211,2,4.921875,36,2.72265625,62,1.17578125,63,-1.408203125
47.0334,2,4.921875,36,2.72265625,62,1.17578125,22,3.99609375
47.0420,38,-0.6318359375,-1,4.70703125,58,0.38720703125,22,3.99609375
47.0530,38,-0.6318359375,-1,4.70703125,58,0.38720703125,32,-0.1727294921875
47.0621,63,1.2861328125,44,1.419921875,52,1.1591796875,32,-0.1727294921875
47.0733,63,1.2861328125,44,1.419921875,52,1.1591796875,54,-0.96630859375
47.0807,60,0.379638671875,68,1.685546875,4,4.87109375,54,-0.96630859375
47.0938,60,0.379638671875,68,1.685546875,4,4.87109375,56,-0.67041015625
47.1037,60,0.379638671875,27,4.11328125,34,0.127685546875,56,-0.67041015625
47.1178,55,0.2449951171875,27,4.11328125,34,0.127685546875,40,1.8251953125
47.1283,55,0.2449951171875,39,0.358642578125,58,-1.1123046875,40,1.8251953125
47.1367,-7,6.6875,39,0.358642578125,58,-1.1123046875,41,0.477294921875
47.1433,31,-0.2470703125,50,-0.417236328125,59,0.7431640625,41,0.477294921875
47.1566,31,-0.2470703125,50,-0.417236328125,59,0.7431640625,39,0.72509765625
47.1671,63,1.388671875,49,0.47900390625,69,1.8349609375,39,0.72509765625
47.1769,63,1.388671875,49,0.47900390625,69,1.8349609375,39,0.55810546875
47.1901,63,1.388671875,51,0.1446533203125,-9,7.265625,39,0.55810546875
47.1963,57,-0.1396484375,51,0.1446533203125,-9,7.265625,41,0.470703125
47.2098,57,-0.1396484375,-1,7.4765625,10,1.365234375,41,0.470703125
47.2184,54,-0.1717529296875,-1,7.4765625,10,1.365234375,55,-1.0185546875
47.2248,54,-0.1717529296875,20,1.328125,50,1.166015625,55,-1.0185546875
47.2349,-3,8.8046875,20,1.328125,50,1.166015625,27,2.873046875
47.2449,-3,8.8046875,58,-1.5048828125,56,-0.313720703125,27,2.873046875
47.2592,12,2.203125,58,-1.5048828125,56,-0.313720703125,20,1.869140625
47.2632,12,2.203125,63,-0.97216796875,74,1.7353515625,20,1.869140625
47.2781,60,2.1953125,63,-0.97216796875,74,1.7353515625,52,-1.7294921875
47.2841,60,2.1953125,46,0.9814453125,6,7.515625,52,-1.7294921875
47.2955,62,-0.81103515625,46,0.9814453125,6,7.515625,62,-1.2724609375
47.3103,62,-0.81103515625,4,4.3828125,24,0.8505859375,62,-1.2724609375
47.3166,8,4.36328125,4,4.3828125,24,0.8505859375,32,2.3828125
47.3351,50,-1.4638671875,50,-1.837890625,59,1.3623046875,23,1.7119140625
47.3456,50,-1.4638671875,63,-1.2861328125,68,1.9423828125,23,1.7119140625
47.3514,60,0.68359375,63,-1.2861328125,68,1.9423828125,51,-1.091796875
47.3645,60,0.68359375,62,0.62451171875,68,1.9423828125,51,-1.091796875
47.3723,55,-0.2110595703125,62,0.62451171875,44,0.79443359375,55,-0.53466796875
47.3820,55,-0.2110595703125,6,4.29296875,44,0.79443359375,55,-0.53466796875
47.3959,50,0.5439453125,6,4.29296875,42,0.74609375,52,-0.1368408203125
47.4017,50,0.5439453125,19,1.400390625,40,0.955078125,52,-0.1368408203125
47.4168,6,3.43359375,65,2.373046875,40,0.955078125,16,3.28515625
47.4270,6,3.43359375,65,2.373046875,44,0.322509765625,16,3.28515625
47.4348,51,2.23828125,65,2.373046875,44,0.322509765625,16,3.28515625
47.4470,51,2.23828125,60,0.3857421875,44,0.322509765625,34,-0.462158203125
47.4550,61,-1.3857421875,60,0.3857421875,46,0.204833984375,34,-0.462158203125
47.4668,61,-1.3857421875,56,0.35888671875,31,1.4951171875,56,-1.1904296875
47.4773,55,0.1807861328125,56,0.35888671875,31,1.4951171875,56,-1.1904296875
47.4886,55,0.1807861328125,-6,6.9765625,31,1.4951171875,58,-0.97265625
47.4953,35,2.02734375,-6,6.9765625,36,0.869140625,18,3.650390625
47.5037,35,2.02734375,6,2.65234375,36,0.869140625,18,3.650390625
47.5159,1,3.26171875,6,2.65234375,45,0.185546875,18,3.650390625
47.5233,1,3.26171875,60,2.5390625,51,0.312744140625,7,2.677734375
47.5347,39,-0.90625,60,2.5390625,51,0.312744140625,7,2.677734375
47.5472,39,-0.90625,62,0.325927734375,51,0.312744140625,52,-2.3046875
47.5543,62,1.1826171875,62,0.325927734375,0,7.2734375,52,-2.3046875
47.5634,62,1.1826171875,21,2.494140625,0,7.2734375,61,-1.3359375
47.5755,52,0.477294921875,21,2.494140625,25,0.76953125,61,-1.3359375
47.5830,52,0.477294921875,21,2.494140625,25,0.76953125,52,-0.5625
47.5933,35,1.125,41,-0.390380859375,56,1.076171875,52,-0.5625
47.6060,35,1.125,41,-0.390380859375,56,1.076171875,48,0.056640625
47.6128,40,0.41162109375,53,-0.525390625,56,0.442138671875,48,0.056640625
47.6249,40,0.41162109375,53,-0.525390625,56,0.442138671875,13,3.443359375
47.6346,40,0.41162109375,52,-0.32470703125,51,0.12225341796875,13,3.443359375
47.6457,45,0.1854248046875,52,-0.32470703125,51,0.12225341796875,5,2.984375
47.6547,45,0.1854248046875,26,3.314453125,2,5.45703125,5,2.984375
47.6659,43,0.38232421875,26,3.314453125,2,5.45703125,39,-1.05859375
47.6755,43,0.38232421875,9,3.03515625,29,0.468505859375,39,-1.05859375
47.6873,41,0.978515625,9,3.03515625,29,0.468505859375,66,-1.9384765625
47.6954,41,0.978515625,56,1.9736328125,61,1.3310546875,66,-1.9384765625
47.7077,40,0.8994140625,56,1.9736328125,61,1.3310546875,63,0.9814453125
47.7136,47,0.12451171875,60,-0.7939453125,55,0.2371826171875,63,0.9814453125
47.7236,47,0.12451171875,60,-0.7939453125,55,0.2371826171875,31,2.859375
47.7343,47,0.12451171875,60,0.73681640625,54,0.10247802734375,31,2.859375
47.7435,47,0.217529296875,60,0.73681640625,54,0.10247802734375,4,4.06640625
47.7538,47,0.217529296875,22,4.328125,-1,8.15625,4,4.06640625
47.7624,46,0.374267578125,22,4.328125,-1,8.15625,32,-0.354248046875
47.7736,46,0.374267578125,5,2.640625,12,2.357421875,32,-0.354248046875
47.7820,41,0.947265625,5,2.640625,12,2.357421875,66,-2.076171875
47.7935,41,0.947265625,58,2.431640625,56,1.7333984375,66,-2.076171875
47.8019,40,0.95654296875,58,2.431640625,56,1.7333984375,62,0.98291015625
47.8132,40,0.95654296875,63,-0.77978515625,56,0.43994140625,62,0.98291015625
47.8216,41,0.5732421875,63,-0.77978515625,56,0.43994140625,38,2.298828125
47.8326,41,0.5732421875,42,1.2509765625,56,0.43994140625,38,2.298828125
47.8428,41,0.84912109375,42,1.2509765625,66,1.173828125,5,3.4609375
47.8548,41,0.84912109375,46,-0.65185546875,66,1.173828125,5,3.4609375
47.8631,43,0.68701171875,46,-0.65185546875,20,6.29296875,5,3.4609375
47.8742,43,0.68701171875,48,0.25341796875,20,6.29296875,26,0.2469482421875
47.8830,46,0.373046875,48,0.25341796875,1,3.4765625,26,0.2469482421875
47.8943,46,0.373046875,43,0.626953125,1,3.4765625,63,-1.833984375
47.9026,47,0.446044921875,43,0.626953125,34,-0.143310546875,63,-1.833984375
47.9137,47,0.446044921875,43,0.62451171875,34,-0.143310546875,63,0.8232421875
47.9223,49,0.06280517578125,43,0.62451171875,58,0.81640625,63,0.8232421875
47.9335,49,0.06280517578125,41,0.83251953125,58,0.81640625,45,1.1015625
47.9431,4,4.37890625,41,0.83251953125,54,0.1903076171875,45,1.1015625
47.9546,4,4.37890625,47,0.2213134765625,54,0.1903076171875,10,3.478515625
47.9631,46,-1.255859375,47,0.2213134765625,53,0.09906005859375,10,3.478515625
47.9748,46,-1.255859375,47,0.685546875,53,0.09906005859375,19,1.4326171875
47.9828,56,-0.49072265625,47,0.685546875,7,5.54296875,19,1.4326171875
47.9944,56,-0.49072265625,47,0.356689453125,7,5.54296875,59,-1.8583984375
48.0041,71,2.1953125,47,0.356689453125,17,1.7646484375,59,-1.8583984375
48.0145,71,2.1953125,47,0.356689453125,17,1.7646484375,59,-0.283203125
48.0231,6,4.03125,-1,8.5859375,53,1.38671875,59,-0.283203125
48.0339,6,4.03125,25,0.331298828125,53,1.38671875,56,0.4228515625
48.0426,6,4.03125,25,0.331298828125,54,0.115478515625,56,0.4228515625
48.0550,50,-1.654296875,59,-1.287109375,54,0.115478515625,30,2.966796875
48.0643,50,-1.654296875,59,-1.287109375,57,2.779296875,30,2.966796875
48.0741,62,-0.344970703125,59,-1.287109375,57,2.779296875,2,3.4453125
48.0821,59,-0.1795654296875,63,0.830078125,28,1.73828125,2,3.4453125
48.0933,59,-0.1795654296875,63,0.830078125,28,1.73828125,25,0.164794921875
48.1039,59,-0.1795654296875,44,1.33984375,48,-0.40576171875,25,0.164794921875
48.1151,3,6.53515625,44,1.33984375,48,-0.40576171875,66,-2.134765625
48.1259,3,6.53515625,-5,5.60546875,53,0.1405029296875,66,-2.134765625
48.1361,35,-0.3037109375,-5,5.60546875,53,0.1405029296875,69,-1.6787109375
48.1438,61,1.3349609375,37,-0.6337890625,52,0.05908203125,69,-1.6787109375
48.1559,61,1.3349609375,68,-1.92578125,52,0.05908203125,21,4.05078125
48.1631,66,1.18359375,68,-1.92578125,34,2.009765625,21,4.05078125
48.1755,66,1.18359375,68,-1.92578125,34,2.009765625,16,2.224609375
48.1844,22,4.94921875,63,0.650390625,42,0.5,16,2.224609375
48.1964,22,4.94921875,63,0.650390625,42,0.5,58,-2.259765625
48.2164,2,3.12109375,28,4.07421875,45,0.284912109375,60,-0.60205078125
48.2274,2,3.12109375,0,3.716796875,47,0.227294921875,60,-0.60205078125
48.2359,52,2.142578125,0,3.716796875,47,0.227294921875,61,0.80810546875
48.2446,63,-0.96240234375,48,-2.015625,46,0.35009765625,61,0.80810546875
48.2594,63,-0.96240234375,48,-2.015625,46,0.35009765625,18,3.84765625
48.2684,63,-0.96240234375,67,1.728515625,42,0.77197265625,18,3.84765625
48.2764,55,-0.07427978515625,67,1.728515625,42,0.77197265625,18,3.84765625
48.2886,55,-0.07427978515625,60,0.35400390625,42,0.654296875,7,2.8125
48.2968,51,0.1712646484375,60,0.35400390625,42,0.654296875,42,-1.1220703125
48.3051,51,0.1712646484375,33,2.861328125,42,0.5634765625,42,-1.1220703125
48.3147,-6,5.9375,33,2.861328125,42,0.5634765625,67,-2.03515625
48.3281,-6,5.9375,0,4.53125,44,0.486328125,67,-2.03515625
48.3365,32,0.0269927978515625,0,4.53125,44,0.486328125,66,1.2060546875
48.3488,32,0.0269927978515625,42,-0.344482421875,44,1.1044921875,66,1.2060546875
48.3584,67,1.455078125,42,-0.344482421875,44,1.1044921875,66,1.2060546875
48.3701,67,1.455078125,71,1.611328125,44,0.8076171875,23,4.22265625
48.3789,64,-0.51318359375,71,1.611328125,44,0.8076171875,11,3.064453125
48.3934,49,0.869140625,65,0.2069091796875,44,0.87548828125,60,-2.248046875
48.4014,49,0.869140625,29,4.37109375,49,0.30810546875,60,-2.248046875
48.4170,5,3.9140625,29,4.37109375,49,0.30810546875,60,-2.248046875
48.4213,5,3.9140625,7,3.48046875,58,-0.439697265625,68,-1.0810546875
48.4327,57,2.017578125,7,3.48046875,58,-0.439697265625,68,-1.0810546875
48.4463,57,2.017578125,62,-2.689453125,52,0.70654296875,56,-0.1290283203125
48.4548,64,-0.291748046875,62,-2.689453125,52,0.70654296875,56,-0.1290283203125
48.4629,64,-0.291748046875,72,1.353515625,3,5.20703125,18,2.634765625
48.4756,59,0.384521484375,72,1.353515625,3,5.20703125,18,2.634765625
48.4845,59,0.384521484375,15,7.38671875,47,1.287109375,49,-1.0400390625
48.4956,35,1.8974609375,15,7.38671875,47,1.287109375,49,-1.0400390625
48.5075,35,1.8974609375,36,0.4267578125,47,1.287109375,69,-1.4892578125
48.5151,49,-0.185791015625,36,0.4267578125,62,0.67626953125,69,-1.4892578125
48.5238,49,-0.185791015625,63,-1.0283203125,85,3.916015625,66,0.68994140625
48.5380,61,-0.61962890625,63,-1.0283203125,85,3.916015625,66,0.68994140625
48.5435,61,-0.61962890625,59,0.379150390625,0,7.91015625,26,3.97265625
48.5609,53,0.459228515625,59,0.379150390625,0,7.91015625,26,3.97265625
48.5665,53,0.459228515625,59,0.379150390625,0,7.91015625,18,2.62109375
48.5759,51,0.4814453125,58,0.1839599609375,41,-0.51806640625,18,2.62109375
48.5839,51,0.4814453125,0,6.43359375,41,-0.51806640625,60,2.091796875
48.5957,51,0.4814453125,0,6.43359375,64,1.5400390625,60,2.091796875
48.6036,7,3.58203125,30,0.12548828125,64,1.5400390625,66,-1.2705078125
48.6151,7,3.58203125,30,0.12548828125,89,4.4765625,66,-1.2705078125
48.6276,46,-0.67138671875,30,0.12548828125,89,4.4765625,8,5.16015625
48.6379,46,-0.67138671875,67,1.9580078125,30,6.06640625,8,5.16015625
48.6447,53,-1.0556640625,67,1.9580078125,30,6.06640625,34,-1.818359375
48.6567,53,-1.0556640625,65,2.552734375,13,1.861328125,34,-1.818359375
48.6650,67,-0.2432861328125,-11,-0.5927734375,13,1.861328125,51,-0.77587890625
48.6771,67,-0.2432861328125,-11,-0.5927734375,17,-0.6240234375,51,-0.77587890625
48.6879,-14,0.203369140625,-11,-0.5927734375,17,-0.6240234375,12,-0.07086181640625
48.6980,-14,0.203369140625,-29,-0.1444091796875,37,-0.305419921875,12,-0.07086181640625
48.7058,-24,0.0731201171875,-29,-0.1444091796875,37,-0.305419921875,0,-0.0587158203125
48.7175,-24,0.0731201171875,7,-0.075927734375,35,0.1064453125,0,-0.0587158203125
48.7292,2,-0.12078857421875,7,-0.075927734375,35,0.1064453125,0,0.0849609375
48.7372,2,-0.12078857421875,1,-0.30029296875,0,-0.11724853515625,0,0.0849609375
48.7483,1,0.09820556640625,1,-0.30029296875,0,-0.11724853515625,-3,0.1199951171875
48.7569,1,0.09820556640625,0,0.72900390625,-17,-0.058197021484375,-3,0.1199951171875
48.7647,1,0.11468505859375,0,0.72900390625,-17,-0.058197021484375,-8,-0.05352783203125
48.7768,1,0.11468505859375,0,-0.391845703125,-24,-0.022613525390625,-8,-0.05352783203125
48.7844,0,0.038726806640625,0,-0.391845703125,-24,-0.022613525390625,0,-0.03558349609375
48.7963,0,0.038726806640625,0,-0.263427734375,2,-0.11846923828125,0,-0.03558349609375
48.8074,0,0.06536865234375,0,-0.263427734375,2,-0.11846923828125,0,-0.03558349609375
48.8163,0,0.06536865234375,0,-0.2314453125,0,-0.0794677734375,0,-0.10302734375
48.8270,0,0.1507568359375,0,-0.2314453125,0,-0.0794677734375,0,-0.10302734375
48.8352,0,0.1507568359375,0,-0.4091796875,0,-0.01201629638671875,0,0.09991455078125
48.8463,0,-0.10052490234375,0,-0.4091796875,0,-0.01201629638671875,0,0.09991455078125
48.8542,0,-0.10052490234375,0,0.452880859375,0,-0.0765380859375,0,0.140380859375
48.8671,0,0.0164337158203125,0,0.452880859375,0,-0.0765380859375,0,0.140380859375
48.8757,0,0.0164337158203125,0,0.142578125,0,-0.07958984375,0,0.13232421875
48.8835,0,0.0159759521484375,0,0.142578125,0,-0.07958984375,0,0.13232421875
48.8956,0,0.0159759521484375,0,-0.3046875,0,-0.041900634765625,0,-0.1571044921875
48.9034,0,-0.08270263671875,0,-0.3046875,0,-0.041900634765625,0,-0.1571044921875
48.9151,0,-0.08270263671875,0,0.71337890625,0,-0.03765869140625,0,0.09259033203125
48.9261,0,0.09918212890625,0,0.71337890625,0,-0.03765869140625,0,0.09259033203125
48.9338,0,0.09918212890625,0,-0.447509765625,0,0.0202484130859375,0,-0.0367431640625
48.9480,0,0.1561279296875,0,-0.447509765625,0,0.0202484130859375,0,-0.0367431640625
48.9553,0,0.1561279296875,0,-0.35693359375,0,0.0202484130859375,0,-0.1207275390625
48.9640,0,0.1568603515625,0,-0.35693359375,0,0.054901123046875,0,-0.1207275390625
48.9752,0,0.1568603515625,0,0.2259521484375,0,0.054901123046875,0,0.126708984375
48.9872,0,0.1568603515625,0,0.2259521484375,0,0.037872314453125,0,0.126708984375
48.9952,0,-0.083740234375,0,-0.33203125,0,-0.0168304443359375,0,-0.0958251953125
49.0097,0,0.10986328125,0,-0.33203125,0,-0.0168304443359375,0,-0.0958251953125
49.0154,0,0.10986328125,0,-0.33203125,0,-0.0168304443359375,0,-0.049652099609375
49.0252,0,0.11431884765625,0,-0.390380859375,0,-0.0667724609375,0,-0.049652099609375
49.0343,0,0.11431884765625,0,-0.9599609375,0,-0.0667724609375,0,0.146484375
49.0464,0,0.11431884765625,0,-0.9599609375,0,0.03076171875,0,0.146484375
49.0540,0,0.02978515625,0,-0.0648193359375,0,-0.04827880859375,0,-0.0079803466796875
49.0667,0,0.0246429443359375,0,-0.0648193359375,0,-0.04827880859375,0,-0.0079803466796875
49.0743,0,0.0246429443359375,0,-0.0648193359375,0,-0.04827880859375,0,0.120361328125
49.0821,0,0.061279296875,0,-0.467041015625,0,0.027435302734375,0,0.120361328125
49.0937,0,0.061279296875,0,-0.467041015625,0,0.027435302734375,0,-0.143798828125
49.1094,0,0.061279296875,0,-0.155517578125,0,0.00858306884765625,0,-0.143798828125
49.1150,0,0.0828857421875,0,-0.155517578125,0,0.038909912109375,0,0.139404296875
49.1271,0,0.0828857421875,0,-0.478515625,0,0.038909912109375,0,0.139404296875
49.1351,0,-0.042938232421875,0,-0.478515625,0,0.038909912109375,0,0.05267333984375
49.1466,0,-0.042938232421875,0,-0.387939453125,0,-0.040374755859375,0,0.05267333984375
49.1540,0,0.10833740234375,0,-0.387939453125,0,-0.040374755859375,0,0.022613525390625
49.1667,0,0.10833740234375,0,0.57958984375,0,0.05804443359375,0,0.022613525390625
49.1768,0,-0.13720703125,0,0.57958984375,0,-0.047515869140625,0,-0.07135009765625
49.1867,0,-0.13720703125,0,-0.2064208984375,0,-0.047515869140625,0,-0.07135009765625
49.1969,0,0.035919189453125,0,-0.2064208984375,0,-0.047515869140625,0,-0.07135009765625
49.2091,0,0.035919189453125,0,-0.48291015625,0,-0.0280914306640625,0,0.04150390625
49.2159,0,0.004978179931640625,0,-0.48291015625,0,-0.0280914306640625,0,-0.1156005859375
49.2277,0,0.004978179931640625,0,0.09283447265625,0,-0.01551055908203125,0,-0.1156005859375
49.2353,0,0.075927734375,0,0.09283447265625,0,-0.01551055908203125,0,0.0171966552734375
49.2472,0,0.075927734375,0,0.062286376953125,0,-0.02362060546875,0,0.0171966552734375
49.2576,0,0.156494140625,0,0.062286376953125,0,-0.02362060546875,0,0.0171966552734375
49.2669,0,0.156494140625,0,-0.406005859375,0,0.0236358642578125,0,-0.039520263671875
49.2777,0,-0.1224365234375,0,-0.406005859375,0,0.0236358642578125,0,-0.039520263671875
49.2875,0,-0.1224365234375,0,-0.417724609375,0,-0.044647216796875,0,-0.0758056640625
49.2954,0,0.1689453125,0,-0.417724609375,0,-0.044647216796875,0,0.1077880859375
49.3070,0,0.1689453125,0,0.544921875,0,0.07647705078125,0,0.1077880859375
49.3154,0,0.051849365234375,0,0.544921875,0,0.07647705078125,0,0.1077880859375
49.3266,0,0.051849365234375,0,0.67236328125,0,0.0142974853515625,0,0.01934814453125
49.3350,0,0.1390380859375,0,0.67236328125,0,0.0142974853515625,0,0.01934814453125
49.3463,0,0.1390380859375,0,0.26025390625,0,0.1097412109375,0,0.10198974609375
49.3547,0,0.2108154296875,0,0.26025390625,0,0.1097412109375,0,0.10198974609375
49.3627,0,0.2108154296875,0,-0.35400390625,0,-0.045257568359375,0,0.090087890625
49.3743,0,-0.06353759765625,0,-0.35400390625,0,-0.045257568359375,0,0.090087890625
49.3852,0,-0.06353759765625,0,-0.041168212890625,0,0.07781982421875,0,-0.055419921875
49.3941,0,0.1644287109375,0,-0.041168212890625,0,0.07781982421875,0,-0.055419921875
49.4049,0,0.1644287109375,0,0.349609375,0,-0.02142333984375,0,-0.028228759765625
49.4136,0,0.0672607421875,0,0.349609375,0,-0.02142333984375,0,-0.028228759765625
49.4211,0,0.0672607421875,0,0.3994140625,0,-0.014862060546875,0,0.07989501953125
49.4341,0,0.07916259765625,0,0.3994140625,0,-0.014862060546875,0,0.07989501953125
49.4481,0,0.17236328125,0,-0.477783203125,0,-0.03680419921875,0,0.07763671875
49.4549,0,0.17236328125,0,-0.477783203125,0,-0.03680419921875,0,0.073486328125
49.4649,0,0.17236328125,0,-0.477783203125,0,-0.06298828125,0,0.073486328125
49.4759,0,0.1934814453125,0,0.2587890625,0,-0.06298828125,0,0.073486328125
49.4840,0,0.1934814453125,0,-0.4853515625,0,0.07415771484375,0,0.06488037109375
49.4985,0,-0.09033203125,0,-0.4853515625,0,0.07415771484375,0,0.06488037109375
49.5063,0,-0.09033203125,0,0.8203125,0,0.02166748046875,0,0.1240234375
49.5172,0,0.00836181640625,0,0.8203125,0,0.02166748046875,0,0.1240234375
49.5276,0,0.00836181640625,0,0.8203125,0,-0.060455322265625,0,-0.021759033203125
49.5373,0,0.2186279296875,0,-0.28857421875,0,-0.060455322265625,0,-0.021759033203125
49.5460,0,0.2186279296875,0,-0.28857421875,0,-0.038330078125,0,-0.20068359375
49.5577,0,0.2186279296875,0,0.2235107421875,0,-0.038330078125,0,-0.20068359375
49.5651,0,-0.27294921875,0,0.2235107421875,0,-0.043853759765625,0,0.0882568359375
49.5784,0,-0.27294921875,0,-0.328125,0,-0.043853759765625,0,0.0882568359375
49.5888,0,-0.168701171875,0,-0.328125,0,-0.043853759765625,0,0.1011962890625
49.5983,0,-0.168701171875,0,0.1875,0,-0.0433349609375,0,0.1011962890625
49.6113,0,0.063232421875,0,0.1875,0,-0.0433349609375,0,0.098388671875
49.6172,0,0.063232421875,0,0.51171875,0,0.0308074951171875,0,0.098388671875
49.6248,0,0.038055419921875,0,0.51171875,0,-0.036468505859375,0,-0.1959228515625
49.6366,0,0.038055419921875,0,0.1339111328125,0,-0.036468505859375,0,-0.1959228515625
49.6478,0,0.071533203125,0,0.1339111328125,0,-0.036468505859375,0,0.08172607421875
49.6561,0,0.071533203125,0,-0.3974609375,0,0.06719970703125,0,0.08172607421875
49.6642,0,-0.0948486328125,0,-0.3974609375,0,0.06719970703125,0,-0.030792236328125
49.6759,0,-0.0948486328125,0,-0.04107666015625,0,-0.01184844970703125,0,-0.030792236328125
49.6836,0,0.0859375,0,-0.04107666015625,0,-0.07843017578125,0,-0.129638671875
49.6957,0,0.0859375,0,0.166259765625,0,-0.07843017578125,0,-0.129638671875
49.7080,0,0.0740966796875,0,0.166259765625,0,-0.07843017578125,0,-0.129638671875
49.7166,0,0.0740966796875,0,-0.234130859375,0,0.0212860107421875,0,0.1505126953125
49.7278,0,0.09307861328125,0,-0.234130859375,0,0.0212860107421875,0,0.1505126953125
49.7361,0,0.09307861328125,0,-0.60009765625,0,0.027008056640625,0,0.08868408203125
49.7439,0,0.04248046875,0,-0.60009765625,0,0.027008056640625,0,-0.1055908203125
49.7556,0,0.04248046875,0,0.162353515625,0,-0.02679443359375,0,-0.1055908203125
49.7668,0,0.043212890625,0,0.162353515625,0,-0.02679443359375,0,-0.1055908203125
49.7765,0,0.043212890625,0,-0.058197021484375,0,-0.050506591796875,0,-0.145751953125
49.7873,0,0.1126708984375,0,-0.058197021484375,0,-0.050506591796875,0,-0.145751953125
49.7963,0,0.1126708984375,0,-0.239013671875,0,-0.08551025390625,0,0.0826416015625
49.8075,0,0.234619140625,0,-0.239013671875,0,-0.08551025390625,0,0.0826416015625
49.8160,0,0.234619140625,0,0.701171875,0,0.054595947265625,0,0.04022216796875
49.8277,0,-0.0300750732421875,0,0.701171875,0,0.054595947265625,0,0.04022216796875
49.8354,0,-0.0300750732421875,0,0.393310546875,0,-0.0242462158203125,0,-0.1951904296875
49.8468,0,0.2159423828125,0,0.393310546875,0,-0.0242462158203125,0,-0.1951904296875
49.8548,0,0.2159423828125,0,-0.318115234375,0,-0.0557861328125,0,0.076171875
49.8660,0,0.0272979736328125,0,-0.318115234375,0,-0.0557861328125,0,0.076171875
49.8749,0,0.0272979736328125,0,-0.318115234375,0,-0.0258636474609375,0,-0.20751953125
49.8857,0,0.033203125,0,0.454833984375,0,-0.0258636474609375,0,-0.20751953125
49.8944,0,0.033203125,0,-0.268310546875,0,-0.03741455078125,0,0.12322998046875
49.9014,0,0.042083740234375,0,-0.268310546875,0,-0.03741455078125,0,0.12322998046875
49.9147,0,0.042083740234375,0,-0.268310546875,0,-0.066162109375,0,0.076171875
49.9253,0,-0.127197265625,0,-0.267578125,0,-0.066162109375,0,0.076171875
49.9322,0,-0.127197265625,0,-0.267578125,0,-0.0174560546875,0,-0.0966796875
49.9449,0,-0.127197265625,0,-0.2783203125,0,-0.0174560546875,0,-0.0966796875
49.9531,0,0.1680908203125,0,-0.2783203125,0,-0.0174560546875,0,-0.128662109375
49.9644,0,0.1680908203125,0,0.25146484375,0,0.04119873046875,0,-0.128662109375
49.9730,0,0.04052734375,0,0.25146484375,0,0.04119873046875,0,-0.071533203125
49.9813,0,0.04052734375,0,0.2279052734375,0,-0.0311279296875,0,-0.071533203125
49.9926,0,0.027496337890625,0,0.2279052734375,0,-0.0311279296875,0,-0.2529296875
50.0012,0,0.027496337890625,0,-0.319091796875,0,-0.073974609375,0,-0.2529296875
50.0124,0,0.0670166015625,0,-0.319091796875,0,-0.073974609375,0,0.119384765625
50.0210,0,0.0670166015625,0,-0.43994140625,0,-0.0294647216796875,0,0.119384765625
50.0319,0,0.058807373046875,0,-0.43994140625,0,-0.0294647216796875,0,-0.1719970703125
50.0420,0,0.058807373046875,0,0.29638671875,0,0.0237579345703125,0,-0.1719970703125
50.0528,0,0.2392578125,0,0.29638671875,0,0.0237579345703125,0,-0.0770263671875
50.0613,0,0.2392578125,0,0.044342041015625,0,0.031036376953125,0,-0.0770263671875
50.0734,0,0.2147216796875,0,0.044342041015625,0,0.031036376953125,0,-0.0770263671875
50.0852,0,0.2147216796875,0,0.447509765625,0,-0.0278167724609375,0,0.04608154296875
50.0946,0,-0.1988525390625,0,0.447509765625,0,-0.0278167724609375,0,0.04608154296875
50.1091,0,-0.1988525390625,0,-0.25830078125,0,0.053558349609375,0,-0.0706787109375
50.1159,0,0.1033935546875,0,-0.25830078125,0,0.053558349609375,0,-0.0706787109375
50.1270,0,0.1033935546875,0,0.414306640625,0,0.037353515625,0,0.08355712890625
50.1353,0,0.07830810546875,0,0.414306640625,0,0.037353515625,0,0.08355712890625
50.1439,0,0.07830810546875,0,-0.38330078125,0,0.0638427734375,0,-0.0582275390625
50.1549,0,-0.016143798828125,0,-0.38330078125,0,0.0638427734375,0,-0.0582275390625
50.1660,0,-0.016143798828125,0,0.01529693603515625,0,0.0199737548828125,0,0.1297607421875
50.1761,0,0.160888671875,0,0.01529693603515625,0,0.0199737548828125,0,0.1297607421875
50.1866,0,0.160888671875,0,0.7275390625,0,-0.10809326171875,0,0.1298828125
50.1951,0,0.126708984375,0,0.7275390625,0,-0.10809326171875,0,0.1298828125
50.2048,0,0.126708984375,0,0.7275390625,0,0.016387939453125,0,0.0640869140625
50.2162,0,0.077880859375,0,0.43603515625,0,0.016387939453125,0,0.0640869140625
50.2243,0,0.077880859375,0,-0.154296875,0,-0.049774169921875,0,0.054931640625
50.2356,0,0.0545654296875,0,-0.154296875,0,-0.049774169921875,0,0.054931640625
50.2469,0,0.0545654296875,0,-0.154296875,0,0.0305328369140625,0,-0.2156982421875
50.2553,0,0.03350830078125,0,-0.0985107421875,0,0.0305328369140625,0,-0.2156982421875
50.2665,0,0.03350830078125,0,-0.0985107421875,0,0.0264892578125,0,0.11846923828125
50.2753,0,0.160888671875,0,0.1241455078125,0,0.0264892578125,0,0.11846923828125
50.2860,0,0.160888671875,0,0.1241455078125,0,0.0416259765625,0,0.037506103515625
50.2939,0,-0.033355712890625,0,0.323486328125,0,0.0416259765625,0,0.037506103515625
50.3056,0,-0.033355712890625,0,0.323486328125,0,-0.024200439453125,0,-0.09906005859375
50.3150,0,0.035125732421875,0,-0.4638671875,0,-0.024200439453125,0,-0.09906005859375
50.3220,0,0.035125732421875,0,-0.4638671875,0,-0.027313232421875,0,-0.1295166015625
50.3346,0,0.05438232421875,0,0.30078125,0,-0.027313232421875,0,-0.1295166015625
50.3459,0,0.05438232421875,0,0.30078125,0,-0.0797119140625,0,0.1304931640625
50.3535,0,-0.280517578125,0,-0.06072998046875,0,-0.0797119140625,0,0.1304931640625
50.3654,0,-0.280517578125,0,-0.06072998046875,0,-0.035400390625,0,-0.1829833984375
50.3732,0,0.09210205078125,0,-0.1768798828125,0,-0.035400390625,0,-0.1829833984375
50.3820,0,0.09210205078125,0,-0.1768798828125,0,-0.09490966796875,0,0.111328125
50.3938,0,0.09210205078125,0,0.31689453125,0,-0.09490966796875,0,0.111328125
50.4017,0,0.263671875,0,0.31689453125,0,0.0809326171875,0,-0.050384521484375
50.4135,0,0.263671875,0,-0.607421875,0,0.0809326171875,0,-0.050384521484375
50.4250,0,0.1053466796875,0,-0.607421875,0,0.0809326171875,0,0.0474853515625
50.4331,0,0.1053466796875,0,0.33837890625,0,-0.00501251220703125,0,0.0474853515625
50.4444,0,0.02655029296875,0,0.33837890625,0,-0.00501251220703125,0,0.02532958984375
50.4617,0,-0.0849609375,0,0.0300140380859375,0,-0.03192138671875,0,-0.0462646484375
50.4712,0,-0.0849609375,0,0.427001953125,0,-0.03192138671875,0,-0.0462646484375
50.4795,0,0.06207275390625,0,0.427001953125,0,-0.03192138671875,0,-0.0462646484375
50.4863,0,0.06207275390625,0,0.427001953125,0,-0.0254669189453125,0,-0.0966796875
50.4989,0,0.06207275390625,0,0.2403564453125,0,-0.0254669189453125,0,-0.0966796875
50.5103,0,0.0980224609375,0,0.2403564453125,0,-0.0254669189453125,0,-0.0863037109375
50.5183,0,0.0980224609375,0,-0.17529296875,0,-0.03643798828125,0,-0.0863037109375
50.5302,0,0.0997314453125,0,-0.17529296875,0,-0.03643798828125,0,-0.00211334228515625
50.5378,0,0.0997314453125,0,-0.27490234375,0,-0.10491943359375,0,-0.00211334228515625
50.5503,0,0.038238525390625,0,-0.27490234375,0,-0.10491943359375,0,0.09130859375
50.5550,0,0.038238525390625,0,0.76416015625,0,-0.03375244140625,0,0.09130859375
50.5685,0,0.11346435546875,0,0.76416015625,0,-0.03375244140625,0,-0.0986328125
50.5773,0,0.11346435546875,0,-0.3212890625,0,0.0226287841796875,0,-0.0986328125
50.5857,0,-0.1051025390625,0,-0.3212890625,0,0.0226287841796875,0,0.06591796875
50.5981,0,-0.1051025390625,0,0.361083984375,0,0.0118408203125,0,0.06591796875
50.6066,0,0.1748046875,0,0.361083984375,0,0.0118408203125,0,0.135009765625
50.6176,0,0.1748046875,0,-0.366455078125,0,0.1055908203125,0,0.135009765625
50.6263,0,0.251953125,0,-0.366455078125,0,0.1055908203125,0,-0.12176513671875
50.6357,0,0.251953125,0,-0.1754150390625,0,-0.0797119140625,0,-0.12176513671875
50.6492,0,0.0305023193359375,0,-0.1754150390625,0,-0.0797119140625,0,-0.12176513671875
50.6552,0,0.0305023193359375,0,0.204833984375,0,-0.05096435546875,0,-0.118896484375
50.6688,0,-0.10894775390625,0,0.204833984375,0,-0.05096435546875,0,-0.118896484375
50.6751,0,-0.10894775390625,0,0.083740234375,0,-0.0762939453125,0,-0.10223388671875
50.6861,0,0.0557861328125,0,0.083740234375,0,-0.0762939453125,0,-0.1639404296875
50.6973,0,0.0557861328125,0,0.083740234375,0,-0.039794921875,0,-0.1639404296875
50.7059,0,0.09625244140625,0,-0.264404296875,0,-0.039794921875,0,-0.1639404296875
50.7171,0,0.09625244140625,0,-0.2069091796875,0,0.07171630859375,0,0.087158203125
50.7272,0,-0.08526611328125,0,-0.2069091796875,0,0.07171630859375,0,0.14013671875
50.7376,0,-0.08526611328125,0,-0.458740234375,0,-0.03094482421875,0,0.14013671875
50.7502,0,-0.10662841796875,0,-0.458740234375,0,-0.03094482421875,0,0.14013671875
50.7570,0,-0.10662841796875,0,0.3828125,0,0.0362548828125,0,-0.0894775390625
50.7672,0,0.15966796875,0,0.3828125,0,0.0362548828125,0,-0.0894775390625
50.7770,0,0.15966796875,0,0.3828125,0,0.0142974853515625,0,-0.1104736328125
50.7868,0,0.15966796875,0,-0.11773681640625,0,0.0142974853515625,0,-0.1104736328125
50.7959,0,0.1541748046875,0,-0.11773681640625,0,-0.07232666015625,0,-0.1068115234375
50.8080,0,0.1541748046875,0,0.65380859375,0,-0.07232666015625,0,-0.1068115234375
50.8151,0,0.1553955078125,0,0.65380859375,0,-0.07232666015625,0,-0.171630859375
50.8264,0,0.1553955078125,0,0.1351318359375,0,-0.06695556640625,0,-0.171630859375
50.8346,0,0.04132080078125,0,0.1351318359375,0,-0.06695556640625,0,0.0263214111328125
50.8473,0,0.04132080078125,0,-0.0443115234375,0,0.056121826171875,0,0.0263214111328125
50.8537,0,0.11041259765625,0,-0.0443115234375,0,-0.049285888671875,0,0.05511474609375
50.8653,0,0.11041259765625,0,0.77099609375,0,-0.049285888671875,0,0.05511474609375
50.8738,0,0.1324462890625,0,0.77099609375,0,-0.049285888671875,0,0.154052734375
50.8852,0,0.1324462890625,0,0.03167724609375,0,0.1270751953125,0,0.154052734375
50.8949,0,0.09326171875,0,0.03167724609375,0,0.1270751953125,0,-0.07232666015625
50.9046,0,0.09326171875,0,0.10186767578125,0,-0.045806884765625,0,-0.07232666015625
50.9137,0,0.0562744140625,0,0.10186767578125,0,-0.018768310546875,0,-0.0164642333984375
50.9250,0,0.0562744140625,0,0.1397705078125,0,-0.018768310546875,0,-0.0164642333984375
50.9348,0,0.196533203125,0,0.1397705078125,0,-0.018768310546875,0,0.10650634765625
50.9482,0,0.196533203125,0,0.2310791015625,0,0.06280517578125,0,0.10650634765625
50.9536,0,-0.15185546875,0,0.2310791015625,0,0.06280517578125,0,-0.1395263671875
50.9644,0,-0.15185546875,0,-0.418701171875,0,-0.0667724609375,0,-0.1395263671875
50.9722,0,-0.056488037109375,0,-0.418701171875,0,-0.0667724609375,0,-0.1837158203125
50.9841,0,-0.056488037109375,0,-0.408447265625,0,-0.06317138671875,0,-0.1837158203125
50.9929,0,-0.22802734375,0,-0.408447265625,0,-0.06317138671875,0,-0.024444580078125
51.0032,0,-0.22802734375,0,0.73193359375,0,-0.017608642578125,0,-0.024444580078125
51.0150,0,0.24365234375,0,0.73193359375,0,-0.017608642578125,0,0.07269287109375
51.0240,0,0.24365234375,0,-0.40234375,0,0.03533935546875,0,0.07269287109375
51.0327,0,-0.08660888671875,0,-0.40234375,0,0.03533935546875,0,0.1856689453125
51.0453,0,-0.08660888671875,0,-0.2059326171875,0,-0.0968017578125,0,0.1856689453125
51.0532,0,0.049835205078125,0,-0.2059326171875,0,-0.0968017578125,0,0.1856689453125
51.0651,0,0.049835205078125,0,0.22119140625,0,-0.019866943359375,0,0.10137939453125
51.0764,0,0.1771240234375,0,0.22119140625,0,-0.019866943359375,0,0.10137939453125
51.0822,0,0.1771240234375,0,0.132568359375,0,-0.0540771484375,0,-0.10247802734375
51.0956,0,-0.16259765625,0,0.132568359375,0,-0.0540771484375,0,-0.03143310546875
51.1061,0,-0.16259765625,0,-0.21875,0,0.027984619140625,0,-0.03143310546875
51.1162,0,0.10064697265625,0,-0.21875,0,0.027984619140625,0,-0.03143310546875
51.1245,0,0.10064697265625,0,-0.21875,0,-0.05621337890625,0,0.1707763671875
51.1334,0,0.09765625,0,-0.372314453125,0,-0.05621337890625,0,0.054168701171875
51.1444,0,0.09765625,0,-0.46630859375,0,-0.0212860107421875,0,0.054168701171875
51.1551,0,0.033294677734375,0,-0.46630859375,0,-0.0212860107421875,0,0.054168701171875
51.1664,0,0.033294677734375,0,-0.468505859375,0,-0.0330810546875,0,-0.03826904296875
51.1736,0,0.260498046875,0,-0.468505859375,0,-0.0330810546875,0,-0.03826904296875
51.1859,0,0.260498046875,0,0.188232421875,0,-0.031982421875,0,0.07293701171875
51.1946,0,-0.0987548828125,0,0.188232421875,0,-0.031982421875,0,0.07293701171875
51.2062,0,-0.0987548828125,0,0.188232421875,0,-0.017913818359375,0,0.1051025390625
51.2159,0,-0.11358642578125,0,0.5771484375,0,-0.017913818359375,0,0.1051025390625
51.2270,0,-0.11358642578125,0,0.5771484375,0,-0.06103515625,0,-0.118408203125
51.2339,0,0.181396484375,0,0.34912109375,0,-0.06103515625,0,-0.118408203125
51.2477,0,0.181396484375,0,0.34912109375,0,-0.07977294921875,0,-0.042510986328125
51.2559,0,0.1883544921875,0,-0.222900390625,0,-0.07977294921875,0,-0.042510986328125
51.2648,0,0.1883544921875,0,-0.222900390625,0,0.038116455078125,0,0.1392822265625
51.2758,0,0.1883544921875,0,0.4873046875,0,0.038116455078125,0,0.1392822265625
51.2859,0,0.0286102294921875,0,0.4873046875,0,-0.015380859375,0,-0.04437255859375
51.2956,0,0.0286102294921875,0,0.5185546875,0,-0.015380859375,0,-0.04437255859375
51.3055,0,0.072509765625,0,0.5185546875,0,0.00836944580078125,0,-0.0275421142578125
51.3153,0,0.072509765625,0,0.2039794921875,0,0.00836944580078125,0,-0.0275421142578125
51.3241,0,-0.11822509765625,0,0.2039794921875,0,-0.040496826171875,0,-0.0791015625
51.3351,0,-0.11822509765625,0,-0.33349609375,0,-0.040496826171875,0,-0.0791015625
51.3466,0,0.2371826171875,0,-0.33349609375,0,-0.01904296875,0,0.0277252197265625
51.3558,0,0.2371826171875,0,-0.130859375,0,-0.01904296875,0,0.0277252197265625
51.3670,0,0.11297607421875,0,-0.130859375,0,0.01328277587890625,0,0.03863525390625
51.3756,0,0.11297607421875,0,-0.361083984375,0,0.01328277587890625,0,0.03863525390625
51.3841,0,0.08526611328125,0,-0.361083984375,0,-0.01448822021484375,0,-0.075927734375
51.3951,0,0.08526611328125,0,0.05255126953125,0,-0.01448822021484375,0,-0.075927734375
51.4050,0,0.01885986328125,0,0.05255126953125,0,-0.0396728515625,0,0.11468505859375
51.4147,0,0.01885986328125,0,-0.431884765625,0,-0.0396728515625,0,0.11468505859375
51.4266,0,0.03948974609375,0,-0.431884765625,0,-0.0396728515625,0,0.10150146484375
51.4342,0,0.03948974609375,0,-0.1669921875,0,-0.005916595458984375,0,0.10150146484375
51.4453,0,0.04815673828125,0,-0.1669921875,0,-0.005916595458984375,0,-0.10540771484375
51.4538,0,0.04815673828125,0,0.8076171875,0,0.0565185546875,0,-0.10540771484375
51.4642,0,0.09197998046875,0,0.8076171875,0,-0.03814697265625,0,0.0650634765625
51.4730,0,0.09197998046875,0,-0.1209716796875,0,-0.03814697265625,0,0.0650634765625
51.4842,0,0.09417724609375,0,-0.1209716796875,0,-0.03814697265625,0,0.0810546875
51.4949,0,0.09417724609375,0,0.06658935546875,0,-0.051513671875,0,0.0810546875
51.5072,0,0.09796142578125,0,0.06658935546875,0,-0.051513671875,0,0.0943603515625
51.5159,0,0.09796142578125,0,0.06658935546875,0,-0.029205322265625,0,0.0943603515625
51.5286,0,-0.158203125,0,-0.705078125,0,-0.029205322265625,0,0.1324462890625
51.5352,0,-0.158203125,0,-0.09033203125,0,-0.030853271484375,0,0.1324462890625
51.5451,0,0.06683349609375,0,-0.09033203125,0,-0.030853271484375,0,0.042694091796875
51.5548,0,0.06683349609375,0,-0.3203125,0,0.028106689453125,0,0.042694091796875
51.5662,0,-0.0811767578125,0,-0.3203125,0,0.028106689453125,0,-0.1268310546875
51.5743,0,-0.0811767578125,0,-0.3203125,0,-0.066650390625,0,-0.1268310546875
51.5857,0,0.07000732421875,0,-0.265869140625,0,-0.066650390625,0,0.155029296875
51.5972,0,0.07000732421875,0,-0.265869140625,0,-0.04571533203125,0,0.155029296875
51.6035,0,0.04571533203125,0,0.275390625,0,-0.04571533203125,0,-0.21142578125
51.6137,0,0.04571533203125,0,0.275390625,0,-0.035614013671875,0,-0.21142578125
51.6247,0,0.243896484375,0,0.260986328125,0,-0.035614013671875,0,0.03955078125
51.6338,0,0.243896484375,0,0.260986328125,0,-0.053009033203125,0,0.03955078125
51.6449,0,0.243896484375,0,-0.689453125,0,-0.053009033203125,0,-0.07244873046875
51.6540,0,0.2236328125,0,-0.689453125,0,0.0156707763671875,0,-0.07244873046875
51.6642,0,0.13525390625,0,0.2161865234375,0,0.0156707763671875,0,0.149658203125
51.6736,0,0.13525390625,0,0.2161865234375,0,-0.031097412109375,0,0.149658203125
51.6848,0,0.1112060546875,0,-0.2110595703125,0,-0.031097412109375,0,0.11090087890625
51.6960,0,0.1112060546875,0,-0.2110595703125,0,0.04058837890625,0,0.11090087890625
51.7056,0,0.1112060546875,0,-0.283203125,0,0.04058837890625,0,0.121337890625
51.7161,0,0.10723876953125,0,-0.283203125,0,0.042327880859375,0,0.121337890625
51.7255,0,0.10723876953125,0,0.227783203125,0,0.042327880859375,0,-0.2032470703125
51.7353,0,0.10821533203125,0,0.227783203125,0,-0.01010894775390625,0,-0.2032470703125
51.7472,0,0.2117919921875,0,-0.251953125,0,-0.01010894775390625,0,0.2288818359375
51.7551,0,0.2117919921875,0,-0.251953125,0,0.06439208984375,0,0.2288818359375
51.7662,0,0.2117919921875,0,0.050384521484375,0,0.06439208984375,0,-0.177001953125
51.7781,0,0.12420654296875,0,0.050384521484375,0,-0.004726409912109375,0,-0.177001953125
51.7841,0,0.12420654296875,0,-0.29443359375,0,-0.004726409912109375,0,-0.06292724609375
51.7941,0,0.0423583984375,0,-0.29443359375,0,0.039764404296875,0,-0.06292724609375
51.8051,0,-0.2060546875,0,0.7216796875,0,0.039764404296875,0,-0.136474609375
51.8137,0,-0.2060546875,0,0.7216796875,0,-0.058746337890625,0,-0.136474609375
51.8246,0,-0.2060546875,0,-0.203857421875,0,-0.058746337890625,0,-0.136474609375
51.8332,0,0.078125,0,-0.203857421875,0,-0.09814453125,0,0.1436767578125
51.8444,0,0.078125,0,0.0921630859375,0,-0.09814453125,0,0.1436767578125
51.8538,0,-0.27587890625,0,0.0921630859375,0,0.0080108642578125,0,-0.1767578125
51.8648,0,0.059600830078125,0,0.09228515625,0,0.0080108642578125,0,-0.1767578125
51.8736,0,0.059600830078125,0,0.09228515625,0,-0.05438232421875,0,0.1195068359375
51.8843,0,0.059600830078125,0,-0.36376953125,0,-0.05438232421875,0,0.1195068359375
51.8937,0,0.157470703125,0,-0.36376953125,0,-0.005550384521484375,0,0.1585693359375
51.9039,0,0.157470703125,0,-0.342529296875,0,-0.005550384521484375,0,0.1585693359375
51.9148,0,-0.0207977294921875,0,-0.342529296875,0,-0.005550384521484375,0,0.0980224609375
51.9234,0,-0.0207977294921875,0,-0.153564453125,0,0.024658203125,0,0.0980224609375
51.9321,0,0.1064453125,0,-0.153564453125,0,0.024658203125,0,0.1937255859375
51.9438,0,0.1064453125,0,-0.153564453125,0,-0.060882568359375,0,0.1937255859375
51.9530,0,-0.07666015625,0,-0.1009521484375,0,0.00946807861328125,0,-0.1314697265625
51.9653,0,-0.06683349609375,0,0.1995849609375,0,0.00946807861328125,0,-0.1314697265625
51.9725,0,-0.06683349609375,0,0.1995849609375,0,0.00946807861328125,0,-0.1727294921875
51.9837,0,-0.06683349609375,0,0.1995849609375,0,-0.0117950439453125,0,-0.1727294921875
51.9922,0,0.240966796875,0,-0.30517578125,0,-0.0117950439453125,0,0.039764404296875
52.0036,0,0.240966796875,0,-0.30517578125,0,-0.01403045654296875,0,0.039764404296875
52.0131,0,0.0268402099609375,0,0.24609375,0,-0.01403045654296875,0,-0.023651123046875
52.0232,0,0.0268402099609375,0,0.24609375,0,0.041412353515625,0,-0.023651123046875
52.0318,0,0.216552734375,0,0.392822265625,0,0.041412353515625,0,0.0859375
52.0429,0,0.216552734375,0,0.392822265625,0,0.019195556640625,0,0.0859375
52.0515,0,-0.09698486328125,0,0.2353515625,0,0.019195556640625,0,-0.1737060546875
52.0654,0,-0.09698486328125,0,0.2353515625,0,0.023223876953125,0,-0.1737060546875
52.0710,0,0.00977325439453125,0,0.01294708251953125,0,0.023223876953125,0,0.06817626953125
52.0820,0,0.00977325439453125,0,0.01294708251953125,0,0.039886474609375,0,0.06817626953125
52.0904,0,0.056549072265625,0,0.291015625,0,0.039886474609375,0,-0.057891845703125
52.1038,0,0.056549072265625,0,0.291015625,0,-0.0100555419921875,0,-0.057891845703125
52.1148,0,-0.08197021484375,0,-0.358642578125,0,-0.0100555419921875,0,-0.193603515625
52.1235,0,-0.08197021484375,0,-0.358642578125,0,-0.018096923828125,0,-0.193603515625
52.1323,0,0.08746337890625,0,-0.0694580078125,0,-0.018096923828125,0,0.13916015625
52.1431,0,0.08746337890625,0,-0.0694580078125,0,-0.0249176025390625,0,0.13916015625
52.1525,0,-0.0190887451171875,0,-0.2325439453125,0,-0.0249176025390625,0,-0.07476806640625
52.1638,0,-0.0190887451171875,0,-0.2325439453125,0,-0.10137939453125,0,-0.07476806640625
52.1713,0,0.2152099609375,0,-0.257568359375,0,-0.10137939453125,0,0.0170440673828125
52.1832,0,0.2152099609375,0,-0.257568359375,0,-0.0201568603515625,0,0.0170440673828125
52.1916,0,0.08734130859375,0,0.466552734375,0,-0.0201568603515625,0,0.0170440673828125
52.2028,0,0.08734130859375,0,0.466552734375,0,0.0174407958984375,0,-0.051025390625
52.2112,0,0.11224365234375,0,0.65185546875,0,0.0174407958984375,0,-0.05908203125
52.2223,0,0.11224365234375,0,0.65185546875,0,0.053436279296875,0,-0.05908203125
52.2318,0,0.043212890625,0,0.346435546875,0,0.053436279296875,0,-0.046630859375
52.2447,0,0.043212890625,0,0.346435546875,0,0.04132080078125,0,-0.046630859375
52.2547,0,0.043212890625,0,-0.29443359375,0,0.04132080078125,0,-0.046630859375
52.2658,0,0.048736572265625,0,-0.29443359375,0,-0.042144775390625,0,-0.2132568359375
52.2741,0,0.048736572265625,0,-0.0308990478515625,0,-0.042144775390625,0,-0.2132568359375
52.2853,0,0.0189056396484375,0,-0.0308990478515625,0,-0.0648193359375,0,0.14013671875
52.2943,0,0.1676025390625,0,-0.025604248046875,0,-0.0648193359375,0,0.14013671875
52.3049,0,0.1676025390625,0,-0.025604248046875,0,-0.01203155517578125,0,-0.2166748046875
52.3121,0,0.0853271484375,0,-0.69189453125,0,-0.01203155517578125,0,-0.2166748046875
52.3246,0,0.0853271484375,0,-0.69189453125,0,-0.1041259765625,0,-0.026947021484375
52.3331,0,0.0457763671875,0,-0.09393310546875,0,-0.1041259765625,0,0.146484375
52.3440,0,0.0457763671875,0,-0.09393310546875,0,0.0638427734375,0,0.146484375
52.3525,0,0.0457763671875,0,0.14697265625,0,0.0638427734375,0,0.146484375
52.3641,0,0.08660888671875,0,0.14697265625,0,0.031494140625,0,0.137451171875
52.3721,0,0.08660888671875,0,0.8720703125,0,0.031494140625,0,0.137451171875
52.3847,0,0.13818359375,0,0.8720703125,0,0.058746337890625,0,0.0924072265625
52.3919,0,0.2025146484375,0,-0.0301055908203125,0,0.058746337890625,0,0.0924072265625
52.4015,0,0.2025146484375,0,-0.0301055908203125,0,-0.0273284912109375,0,0.0352783203125
52.4116,0,0.2025146484375,0,-0.12646484375,0,-0.0273284912109375,0,0.0352783203125
52.4227,0,0.107666015625,0,-0.12646484375,0,0.0019474029541015625,0,0.12115478515625
52.4318,0,0.107666015625,0,-0.135498046875,0,0.0019474029541015625,0,0.12115478515625
52.4424,0,-0.135498046875,0,-0.135498046875,0,0.0019474029541015625,0,0.064208984375
52.4523,0,0.09735107421875,0,-0.36865234375,0,0.041839599609375,0,0.064208984375
52.4632,0,0.09735107421875,0,-0.36865234375,0,0.041839599609375,0,0.14306640625
52.4726,0,0.09735107421875,0,-0.36865234375,0,0.0241546630859375,0,0.14306640625
52.4862,0,0.07574462890625,0,0.300048828125,0,0.02227783203125,0,0.1099853515625
52.4930,0,0.07574462890625,0,0.110107421875,0,0.02227783203125,0,0.1099853515625
52.5054,0,0.148681640625,0,0.110107421875,0,0.02227783203125,0,-0.10260009765625
52.5162,0,0.148681640625,0,0.482421875,0,-0.0200347900390625,0,-0.10260009765625
52.5277,0,-0.16455078125,0,0.482421875,0,-0.0200347900390625,0,0.08648681640625
52.5367,0,-0.16455078125,0,0.482421875,0,0.10406494140625,0,0.08648681640625
52.5488,0,0.12200927734375,0,-0.2119140625,0,0.10406494140625,0,0.037872314453125
52.5563,0,0.12200927734375,0,-0.2119140625,0,-0.06817626953125,0,0.037872314453125
52.5679,0,0.1661376953125,0,-0.53125,0,-0.06817626953125,0,0.09173583984375
52.5764,0,0.1661376953125,0,0.404541015625,0,-0.0237884521484375,0,0.09173583984375
52.5874,0,0.1270751953125,0,0.404541015625,0,-0.0237884521484375,0,-0.07122802734375
52.5962,0,0.1270751953125,0,0.404541015625,0,-0.0196380615234375,0,-0.07122802734375
52.6078,0,0.05291748046875,0,0.67236328125,0,-0.0196380615234375,0,0.005374908447265625
52.6170,0,0.05291748046875,0,0.67236328125,0,0.080078125,0,0.005374908447265625
52.6251,0,0.06884765625,0,0.13037109375,0,0.080078125,0,-0.1673583984375
52.6361,0,0.06884765625,0,0.13037109375,0,-0.033935546875,0,-0.1673583984375
52.6487,0,-0.0543212890625,0,-0.107421875,0,-0.033935546875,0,-0.01849365234375
52.6567,0,-0.0543212890625,0,-0.107421875,0,-0.038238525390625,0,-0.01849365234375
52.6681,0,0.0264739990234375,0,0.0200347900390625,0,-0.038238525390625,0,0.1026611328125
52.6774,0,0.0264739990234375,0,0.0200347900390625,0,0.1041259765625,0,0.1026611328125
52.6870,0,0.1900634765625,0,-0.446044921875,0,0.1041259765625,0,0.1026611328125
52.7011,0,0.1900634765625,0,-0.446044921875,0,0.0286712646484375,0,-0.14306640625
52.7078,0,-0.11322021484375,0,-0.310302734375,0,0.0286712646484375,0,-0.14306640625
52.7184,0,-0.11322021484375,0,-0.310302734375,0,-0.0304412841796875,0,-0.03143310546875
52.7279,0,0.01427459716796875,0,0.5009765625,0,-0.0304412841796875,0,-0.034027099609375
52.7396,0,0.01427459716796875,0,0.5009765625,0,-0.0272674560546875,0,-0.034027099609375
52.7481,0,0.052520751953125,0,0.383544921875,0,-0.0272674560546875,0,-0.034027099609375
52.7602,0,0.052520751953125,0,0.383544921875,0,0.05706787109375,0,0.1015625
52.7687,0,0.28173828125,0,-0.408447265625,0,0.05706787109375,0,0.1015625
52.7800,0,0.28173828125,0,-0.408447265625,0,0.020294189453125,0,-0.2275390625
52.7883,0,-0.078125,0,-0.376220703125,0,0.020294189453125,0,-0.2275390625
52.7980,0,-0.078125,0,-0.376220703125,0,-0.043487548828125,0,-0.061492919921875
52.8119,0,0.082763671875,0,-0.28076171875,0,-0.043487548828125,0,-0.061492919921875
52.8176,0,0.082763671875,0,-0.28076171875,0,-0.037841796875,0,-0.1966552734375
52.8287,0,0.178955078125,0,0.75048828125,0,-0.037841796875,0,-0.1966552734375
52.8396,0,0.178955078125,0,0.75048828125,0,0.0157470703125,0,0.1444091796875
52.8486,0,0.08721923828125,0,-0.35498046875,0,0.0157470703125,0,0.1444091796875
52.8567,0,0.08721923828125,0,-0.35498046875,0,-0.033843994140625,0,-0.173583984375
52.8679,0,0.110595703125,0,0.62548828125,0,-0.033843994140625,0,-0.173583984375
52.8768,0,0.110595703125,0,0.62548828125,0,-0.028839111328125,0,0.1854248046875
52.8879,0,0.136962890625,0,-0.448974609375,0,-0.028839111328125,0,0.1854248046875
52.8992,0,0.136962890625,0,-0.448974609375,0,-0.053741455078125,0,0.1630859375
52.9081,0,0.047943115234375,0,-0.28369140625,0,-0.053741455078125,0,0.1630859375
52.9180,0,0.047943115234375,0,-0.28369140625,0,0.0638427734375,0,0.1339111328125
52.9309,0,0.131591796875,0,-0.2484130859375,0,0.0638427734375,0,0.1339111328125
52.9377,0,0.131591796875,0,-0.2484130859375,0,-0.02301025390625,0,0.09063720703125
52.9499,0,0.0142059326171875,0,-0.3671875,0,-0.02301025390625,0,0.09063720703125
52.9596,0,0.0142059326171875,0,-0.3671875,0,0.0733642578125,0,0.09185791015625
52.9693,0,0.0447998046875,0,-0.43115234375,0,0.0733642578125,0,0.09185791015625
52.9803,0,0.0447998046875,0,-0.43115234375,0,-0.047332763671875,0,0.16845703125
52.9940,0,-0.1446533203125,0,-0.243408203125,0,-0.047332763671875,0,0.16845703125
52.9984,0,-0.1446533203125,0,-0.243408203125,0,-0.061737060546875,0,0.027984619140625
53.0111,0,0.048431396484375,0,-0.243408203125,0,-0.061737060546875,0,0.027984619140625
53.0201,0,0.048431396484375,0,0.51220703125,0,-0.05279541015625,0,-0.1405029296875
53.0329,0,-0.10791015625,0,-0.115966796875,0,-0.05279541015625,0,-0.1405029296875
53.0387,0,-0.10791015625,0,-0.115966796875,0,-0.05279541015625,0,0.1090087890625
53.0521,0,0.2066650390625,0,-0.276611328125,0,-0.0082855224609375,0,0.1090087890625
53.0629,0,0.2066650390625,0,-0.276611328125,0,-0.0082855224609375,0,0.0267333984375
53.0721,0,0.1710205078125,0,0.07537841796875,0,-0.02947998046875,0,0.0267333984375
53.0812,0,0.1710205078125,0,0.07537841796875,0,-0.050201416015625,0,0.0170745849609375
53.0901,0,-0.046630859375,0,0.07537841796875,0,-0.050201416015625,0,0.0170745849609375
53.0996,0,-0.046630859375,0,-0.1737060546875,0,-0.050201416015625,0,-0.1229248046875
53.1190,0,0.05865478515625,0,0.84521484375,0,-0.0699462890625,0,0.053955078125
53.1384,0,0.08050537109375,0,0.151123046875,0,-0.0518798828125,0,0.0291290283203125
53.1516,0,0.08050537109375,0,0.151123046875,0,0.050262451171875,0,0.0291290283203125
53.1591,0,0.1092529296875,0,-0.3544921875,0,0.050262451171875,0,0.0291290283203125
53.1692,0,0.0748291015625,0,-0.3544921875,0,0.034637451171875,0,-0.2159423828125
53.1792,0,0.0748291015625,0,0.07623291015625,0,0.034637451171875,0,-0.2159423828125
53.1902,0,0.0748291015625,0,0.07623291015625,0,-0.040435791015625,0,0.07403564453125
53.1974,0,0.20458984375,0,-0.257568359375,0,-0.040435791015625,0,0.07403564453125
53.2119,0,0.20458984375,0,-0.257568359375,0,-0.0970458984375,0,0.01190948486328125
53.2203,0,0.044830322265625,0,-0.268798828125,0,-0.0970458984375,0,0.01190948486328125
53.2314,0,0.044830322265625,0,-0.268798828125,0,0.0295867919921875,0,0.05902099609375
53.2409,0,0.08990478515625,0,-0.232177734375,0,0.0295867919921875,0,0.05902099609375
53.2533,0,0.08990478515625,0,-0.232177734375,0,0.0182952880859375,0,-0.180908203125
53.2690,0,0.17626953125,0,-0.404296875,0,0.0291900634765625,0,-0.0760498046875
53.2788,0,0.049652099609375,0,0.381103515625,0,0.0291900634765625,0,-0.0760498046875
53.2897,0,0.049652099609375,0,0.381103515625,0,-0.0408935546875,0,0.128173828125
53.2973,0,-0.07659912109375,0,-0.347412109375,0,-0.0408935546875,0,0.128173828125
53.3084,0,-0.07659912109375,0,-0.347412109375,0,-0.0170745849609375,0,-0.19677734375
53.3167,0,0.08172607421875,0,-0.3251953125,0,-0.0170745849609375,0,-0.19677734375
53.3281,0,0.08172607421875,0,-0.3251953125,0,0.0175018310546875,0,0.039703369140625
53.3363,0,0.0899658203125,0,0.2349853515625,0,0.0175018310546875,0,0.039703369140625
53.3476,0,0.0899658203125,0,0.2349853515625,0,0.0293121337890625,0,-0.048858642578125
53.3571,0,0.012725830078125,0,-0.2413330078125,0,0.0293121337890625,0,-0.048858642578125
53.3668,0,0.012725830078125,0,-0.2413330078125,0,0.049346923828125,0,0.0206146240234375
53.3756,0,0.1517333984375,0,-0.349853515625,0,0.049346923828125,0,0.0206146240234375
53.3863,0,0.1517333984375,0,-0.349853515625,0,0.04718017578125,0,0.161865234375
53.3957,0,0.09625244140625,0,0.18896484375,0,0.04718017578125,0,0.161865234375
53.4058,0,0.09625244140625,0,0.18896484375,0,0.04718017578125,0,-0.1260986328125
53.4161,0,-0.04559326171875,0,-0.22802734375,0,0.069580078125,0,-0.1260986328125
53.4265,0,-0.04559326171875,0,-0.22802734375,0,0.044342041015625,0,0.027099609375
53.4351,0,-0.04071044921875,0,-0.30810546875,0,0.044342041015625,0,0.027099609375
53.4479,0,-0.04071044921875,0,-0.30810546875,0,0.02752685546875,0,0.1282958984375
53.4546,0,0.0165252685546875,0,-0.408203125,0,0.02752685546875,0,0.1282958984375
53.4658,0,0.0165252685546875,0,-0.408203125,0,0.02752685546875,0,-0.047119140625
53.4774,0,-0.055908203125,0,-0.2359619140625,0,-0.0275421142578125,0,-0.047119140625
53.4876,0,-0.055908203125,0,-0.2359619140625,0,-0.0275421142578125,0,0.149658203125
53.4981,0,0.033935546875,0,0.1416015625,0,0.026123046875,0,0.149658203125
53.5097,0,0.033935546875,0,0.1416015625,0,0.026123046875,0,0.09405517578125
53.5177,0,0.052703857421875,0,0.494384765625,0,-0.027984619140625,0,0.09405517578125
53.5323,0,0.052703857421875,0,0.494384765625,0,-0.0518798828125,0,0.03271484375
53.5407,0,0.055755615234375,0,-0.02996826171875,0,-0.0518798828125,0,0.03271484375
53.5505,0,0.055755615234375,0,-0.02996826171875,0,-0.0518798828125,0,0.07806396484375
53.5602,0,0.07489013671875,0,-0.390625,0,-0.00860595703125,0,0.07806396484375
53.5709,0,0.07489013671875,0,-0.390625,0,-0.00860595703125,0,0.13623046875
53.5794,0,0.005870819091796875,0,0.12213134765625,0,-0.04888916015625,0,0.13623046875
53.5904,0,0.005870819091796875,0,0.12213134765625,0,-0.04888916015625,0,0.0726318359375
53.5994,0,0.039886474609375,0,0.12213134765625,0,-0.0626220703125,0,0.0726318359375
53.6126,0,0.039886474609375,0,-0.343505859375,0,-0.0626220703125,0,0.0726318359375
53.6195,0,0.047088623046875,0,0.283935546875,0,-0.0156097412109375,0,0.1259765625
53.6307,0,0.047088623046875,0,0.283935546875,0,-0.0156097412109375,0,0.0989990234375
53.6399,0,0.1826171875,0,-0.0255889892578125,0,-0.0177154541015625,0,0.0989990234375
53.6517,0,0.1826171875,0,-0.0255889892578125,0,-0.0177154541015625,0,0.099609375
53.6596,0,0.02716064453125,0,0.499267578125,0,-0.0024509429931640625,0,0.099609375
53.6717,0,0.02716064453125,0,0.499267578125,0,-0.0024509429931640625,0,0.05853271484375
53.6832,0,0.02716064453125,0,0.499267578125,0,0.038604736328125,0,0.05853271484375
53.6913,0,0.047149658203125,0,0.13330078125,0,0.038604736328125,0,0.0882568359375
53.7006,0,0.1341552734375,0,0.13330078125,0,-0.018310546875,0,0.0882568359375
53.7124,0,0.1341552734375,0,-0.246337890625,0,-0.018310546875,0,0.1309814453125
53.7205,0,0.06298828125,0,-0.246337890625,0,0.052215576171875,0,0.1309814453125
53.7342,0,0.06298828125,0,-0.1502685546875,0,0.052215576171875,0,0.1309814453125
53.7413,0,0.0411376953125,0,-0.2381591796875,0,0.00954437255859375,0,0.06658935546875
53.7569,0,0.0411376953125,0,-0.2381591796875,0,0.00954437255859375,0,0.0784912109375
53.7618,0,0.0411376953125,0,-0.2381591796875,0,-0.02508544921875,0,0.0784912109375
53.7782,0,0.08935546875,0,-0.5244140625,0,0.03564453125,0,-0.039886474609375
53.7888,0,0.0233917236328125,0,0.040283203125,0,0.03564453125,0,-0.039886474609375
53.8034,0,0.0233917236328125,0,0.040283203125,0,0.051666259765625,0,-0.194580078125
53.8151,0,0.189453125,0,-0.041229248046875,0,0.051666259765625,0,-0.194580078125
53.8195,0,0.189453125,0,-0.041229248046875,0,0.0849609375,0,0.050994873046875
53.8338,0,-0.2020263671875,0,0.201416015625,0,0.0849609375,0,0.050994873046875
53.8384,0,-0.2020263671875,0,0.201416015625,0,0.04766845703125,0,0.0992431640625
53.8501,0,0.028411865234375,0,-0.1551513671875,0,0.04766845703125,0,0.03118896484375
53.8587,0,0.028411865234375,0,-0.1551513671875,0,-0.051300048828125,0,0.03118896484375
53.8689,0,-0.050323486328125,0,0.78466796875,0,-0.051300048828125,0,0.03118896484375
53.8790,0,-0.050323486328125,0,0.78466796875,0,0.0191192626953125,0,-0.0626220703125
53.8888,0,-0.29638671875,0,0.174072265625,0,0.0191192626953125,0,-0.0626220703125
53.9008,0,-0.29638671875,0,0.174072265625,0,0.0191192626953125,0,0.07183837890625
53.9099,0,-0.043365478515625,0,-0.2646484375,0,0.04351806640625,0,0.07183837890625
53.9172,0,-0.043365478515625,0,-0.2646484375,0,-0.0892333984375,0,0.04302978515625
53.9296,0,0.0692138671875,0,-0.1729736328125,0,-0.0892333984375,0,0.04302978515625
53.9379,0,0.0692138671875,0,-0.1729736328125,0,0.0726318359375,0,0.11138916015625
53.9495,0,0.15380859375,0,0.2432861328125,0,0.0726318359375,0,0.11138916015625
53.9571,0,0.15380859375,0,0.2432861328125,0,0.035491943359375,0,0.1204833984375
53.9684,0,-0.060211181640625,0,-0.232177734375,0,0.035491943359375,0,0.1204833984375
53.9801,0,-0.060211181640625,0,-0.232177734375,0,-0.0284576416015625,0,-0.14990234375
53.9879,0,0.11297607421875,0,0.72607421875,0,-0.0284576416015625,0,-0.14990234375
53.9990,0,0.11297607421875,0,0.72607421875,0,-0.0284576416015625,0,0.09228515625
54.0099,0,0.11297607421875,0,0.72607421875,0,-0.030914306640625,0,0.09228515625
54.0187,0,0.1904296875,0,0.5615234375,0,-0.0509033203125,0,-0.1617431640625
54.0297,0,0.1448974609375,0,0.114990234375,0,-0.0509033203125,0,-0.1617431640625
54.0392,0,0.1448974609375,0,0.114990234375,0,-0.03704833984375,0,0.12890625
54.0500,0,0.0816650390625,0,-0.380859375,0,-0.03704833984375,0,0.12890625
54.0595,0,0.0816650390625,0,-0.380859375,0,-0.03704833984375,0,0.138916015625
54.0696,0,0.063232421875,0,-0.4580078125,0,-0.0203094482421875,0,0.138916015625
54.0781,0,0.063232421875,0,-0.4580078125,0,-0.085205078125,0,-0.1640625
54.0900,0,0.16796875,0,-0.4580078125,0,-0.085205078125,0,-0.1640625
54.1021,0,0.16796875,0,0.415771484375,0,-0.085205078125,0,-0.10345458984375
54.1120,0,0.0677490234375,0,0.415771484375,0,-0.0953369140625,0,-0.10345458984375
54.1330,0,0.0579833984375,0,0.04144287109375,0,-0.0740966796875,0,0.0296630859375
54.1421,0,0.0579833984375,0,0.04144287109375,0,-0.0740966796875,0,-0.1295166015625
54.1522,0,0.2008056640625,0,0.09185791015625,0,0.05218505859375,0,-0.1295166015625
54.1631,0,0.2008056640625,0,0.09185791015625,0,0.05218505859375,0,-0.1845703125
54.1755,0,0.17626953125,0,-0.3115234375,0,-0.06317138671875,0,-0.1845703125
54.1813,0,0.17626953125,0,-0.3115234375,0,-0.06317138671875,0,0.113037109375
54.1926,0,-0.09918212890625,0,-0.3115234375,0,0.0135040283203125,0,0.113037109375
54.2008,0,-0.09918212890625,0,0.6689453125,0,0.0135040283203125,0,0.0298309326171875
54.2128,0,-0.09918212890625,0,0.6689453125,0,0.03485107421875,0,0.0298309326171875
54.2248,0,0.267822265625,0,0.43603515625,0,0.03485107421875,0,0.080322265625
54.2325,0,0.267822265625,0,0.43603515625,0,-0.018707275390625,0,0.080322265625
54.2391,0,0.02581787109375,0,-0.260986328125,0,-0.018707275390625,0,0.1356201171875
54.2515,0,0.02581787109375,0,-0.260986328125,0,-0.0927734375,0,0.1356201171875
54.2602,0,-0.1475830078125,0,-0.280029296875,0,-0.0927734375,0,0.08306884765625
54.2725,0,-0.1475830078125,0,-0.280029296875,0,0.0060272216796875,0,0.08306884765625
54.2891,0,0.1748046875,0,-0.04132080078125,0,0.07659912109375,0,-0.06640625
54.2977,0,0.128173828125,0,-0.281494140625,0,0.07659912109375,0,0.10540771484375
54.3086,0,0.128173828125,0,-0.281494140625,0,-0.04876708984375,0,0.10540771484375
54.3172,0,-0.10626220703125,0,0.133056640625,0,-0.04876708984375,0,0.042083740234375
54.3303,0,-0.10626220703125,0,0.133056640625,0,0.0272674560546875,0,0.042083740234375
54.3387,0,-0.0521240234375,0,0.41748046875,0,0.0272674560546875,0,0.068603515625
54.3502,0,-0.0521240234375,0,0.41748046875,0,0.061004638671875,0,0.068603515625
54.3582,0,0.213134765625,0,-0.44091796875,0,0.061004638671875,0,0.12091064453125
54.3694,0,0.213134765625,0,-0.44091796875,0,0.009857177734375,0,0.12091064453125
54.3778,0,-0.013397216796875,0,-0.34326171875,0,0.009857177734375,0,0.1904296875
54.3888,0,0.119140625,0,-0.34326171875,0,-0.007198333740234375,0,0.1904296875
54.3975,0,0.119140625,0,-0.0780029296875,0,-0.007198333740234375,0,0.1826171875
54.4121,0,0.119140625,0,-0.0780029296875,0,-0.039520263671875,0,0.1826171875
54.4187,0,0.245849609375,0,-0.7783203125,0,-0.039520263671875,0,0.1826171875
54.4299,0,0.245849609375,0,-0.7783203125,0,-0.031829833984375,0,0.1273193359375
54.4414,0,0.054168701171875,0,0.73876953125,0,-0.031829833984375,0,0.1273193359375
54.4503,0,0.054168701171875,0,0.73876953125,0,0.0288238525390625,0,-0.0196990966796875
54.4599,0,0.250244140625,0,0.133544921875,0,0.0288238525390625,0,-0.0196990966796875
54.4721,0,0.095458984375,0,0.133544921875,0,-0.0278472900390625,0,0.01959228515625
54.4783,0,0.095458984375,0,0.44384765625,0,-0.0278472900390625,0,0.01959228515625
54.4929,0,0.095458984375,0,0.44384765625,0,-0.0278472900390625,0,-0.03485107421875
54.4990,0,-0.046875,0,0.474609375,0,0.034454345703125,0,-0.03485107421875
54.5102,0,-0.046875,0,0.474609375,0,0.03240966796875,0,0.167724609375
54.5187,0,0.1458740234375,0,0.057403564453125,0,0.03240966796875,0,0.167724609375
54.5275,0,0.1458740234375,0,0.057403564453125,0,0.03240966796875,0,0.043853759765625
54.5384,0,0.05865478515625,0,-0.49755859375,0,0.0484619140625,0,0.043853759765625
54.5522,0,0.05865478515625,0,-0.49755859375,0,0.0484619140625,0,0.0635986328125
54.5593,0,0.1959228515625,0,0.27490234375,0,-0.02069091796875,0,0.0635986328125
54.5723,0,0.1959228515625,0,0.27490234375,0,-0.02069091796875,0,0.19189453125
54.5825,0,0.08404541015625,0,-0.5078125,0,-0.0262298583984375,0,0.19189453125
54.5944,0,0.08404541015625,0,-0.5078125,0,0.004886627197265625,0,0.1697998046875
54.6013,0,0.195556640625,0,-0.67333984375,0,0.004886627197265625,0,0.1697998046875
54.6197,0,0.129150390625,0,0.205810546875,0,-0.0029659271240234375,0,-0.1507568359375
54.6311,0,0.129150390625,0,0.205810546875,0,-0.0029659271240234375,0,0.050994873046875
54.6376,0,0.04608154296875,0,-0.11907958984375,0,-0.0614013671875,0,0.050994873046875
54.6514,0,0.04608154296875,0,-0.11907958984375,0,-0.0614013671875,0,-0.1357421875
54.6583,0,0.11358642578125,0,0.1656494140625,0,-0.040740966796875,0,-0.1357421875
54.6698,0,0.11358642578125,0,0.1656494140625,0,-0.040740966796875,0,-0.1068115234375
54.6801,0,0.2392578125,0,-0.366943359375,0,-0.0552978515625,0,-0.1068115234375
54.6913,0,0.2392578125,0,-0.366943359375,0,-0.0552978515625,0,-0.1781005859375
54.6989,0,-0.1209716796875,0,-0.366943359375,0,0.01311492919921875,0,-0.1781005859375
54.7110,0,-0.1209716796875,0,0.251708984375,0,0.01311492919921875,0,0.11651611328125
54.7190,0,0.1387939453125,0,0.251708984375,0,0.00665283203125,0,0.11651611328125
54.7301,0,0.1387939453125,0,0.5771484375,0,0.00665283203125,0,0.08917236328125
54.7379,0,0.1627197265625,0,0.5771484375,0,0.0621337890625,0,0.08917236328125
54.7492,0,0.1627197265625,0,0.280517578125,0,0.0621337890625,0,-0.0645751953125
54.7575,0,0.07952880859375,0,0.280517578125,0,-0.01146697998046875,0,-0.0645751953125
54.7716,0,0.07952880859375,0,-0.339599609375,0,-0.01146697998046875,0,-0.205810546875
54.7787,0,0.04486083984375,0,-0.339599609375,0,0.0193939208984375,0,-0.205810546875
54.7915,0,0.04486083984375,0,-0.4345703125,0,0.0193939208984375,0,0.05621337890625
54.7990,0,0.0204010009765625,0,-0.4345703125,0,-0.057952880859375,0,0.05621337890625
54.8092,0,0.0204010009765625,0,0.64599609375,0,-0.057952880859375,0,0.118408203125
54.8202,0,-0.1563720703125,0,0.64599609375,0,0.11907958984375,0,0.118408203125
54.8297,0,-0.1563720703125,0,0.2474365234375,0,0.11907958984375,0,-0.1527099609375
54.8377,0,-0.1563720703125,0,0.2474365234375,0,0.05499267578125,0,-0.1527099609375
54.8522,0,0.1041259765625,0,0.2232666015625,0,0.05499267578125,0,-0.1458740234375
54.8572,0,-0.144287109375,0,0.2232666015625,0,-0.07684326171875,0,-0.1458740234375
54.8683,0,-0.144287109375,0,-0.0305633544921875,0,-0.07684326171875,0,-0.11700439453125
54.8771,0,0.101318359375,0,-0.0305633544921875,0,-0.027923583984375,0,-0.11700439453125
54.8887,0,0.101318359375,0,0.6640625,0,-0.027923583984375,0,-0.200927734375
54.8976,0,0.101318359375,0,0.6640625,0,0.0120849609375,0,-0.200927734375
54.9082,0,0.09796142578125,0,-0.322998046875,0,0.0120849609375,0,-0.200927734375
54.9171,0,0.1219482421875,0,-0.322998046875,0,0.038604736328125,0,0.1634521484375
54.9280,0,0.1219482421875,0,-0.196533203125,0,0.038604736328125,0,0.1634521484375
54.9368,0,0.291259765625,0,-0.196533203125,0,-0.0670166015625,0,0.1458740234375
54.9497,0,0.291259765625,0,0.71630859375,0,-0.0670166015625,0,0.1370849609375
54.9561,0,0.291259765625,0,0.71630859375,0,0.0938720703125,0,0.1370849609375
54.9687,0,0.178955078125,0,0.7001953125,0,0.0938720703125,0,0.1370849609375
54.9756,0,0.178955078125,0,0.7001953125,0,0.06591796875,0,-0.0841064453125
54.9877,0,0.087158203125,0,-0.11993408203125,0,0.06591796875,0,-0.0841064453125
54.9975,0,0.087158203125,0,-0.11993408203125,0,0.01335906982421875,0,-0.1722412109375
55.0084,0,0.211669921875,0,-0.4990234375,0,0.01335906982421875,0,-0.1722412109375
55.0191,0,0.2265625,0,-0.4990234375,0,-0.0196380615234375,0,0.12744140625
55.0288,0,0.2265625,0,-0.0999755859375,0,-0.0196380615234375,0,0.12744140625
55.0374,0,0.2265625,0,-0.0999755859375,0,0.0374755859375,0,-0.186279296875
55.0499,0,0.11065673828125,0,-0.60595703125,0,0.0374755859375,0,-0.186279296875
55.0579,0,0.11065673828125,0,-0.60595703125,0,0.0194854736328125,0,0.0906982421875
55.0690,0,-0.1785888671875,0,0.6640625,0,0.0194854736328125,0,0.0906982421875
55.0775,0,-0.1785888671875,0,0.6640625,0,-0.00933837890625,0,0.122802734375
55.0887,0,-0.036834716796875,0,0.370849609375,0,-0.00933837890625,0,0.122802734375
55.0990,0,-0.036834716796875,0,0.370849609375,0,0.04315185546875,0,0.09161376953125
55.1112,0,-0.1202392578125,0,-0.0254058837890625,0,0.04315185546875,0,0.09161376953125
55.1203,0,-0.0828857421875,0,-0.0254058837890625,0,-0.03955078125,0,0.10150146484375
55.1304,0,-0.0828857421875,0,-0.2418212890625,0,-0.03955078125,0,0.10150146484375
55.1393,0,-0.0828857421875,0,-0.2418212890625,0,-0.06707763671875,0,0.104248046875
55.1510,0,0.068359375,0,0.1756591796875,0,-0.06707763671875,0,0.104248046875
55.1580,0,0.068359375,0,0.1756591796875,0,-0.037994384765625,0,0.05499267578125
55.1706,0,0.05755615234375,0,0.1756591796875,0,-0.037994384765625,0,0.05499267578125
55.1806,0,0.05755615234375,0,0.1534423828125,0,-0.035491943359375,0,0.10906982421875
55.1914,0,-0.1527099609375,0,-0.424072265625,0,-0.035491943359375,0,0.10906982421875
55.1997,0,-0.1527099609375,0,-0.424072265625,0,-0.0577392578125,0,-0.03985595703125
55.2097,0,-0.05743408203125,0,-0.0565185546875,0,-0.0577392578125,0,-0.03985595703125
55.2168,0,-0.05743408203125,0,-0.0565185546875,0,0.069580078125,0,0.09149169921875
55.2279,0,0.1976318359375,0,-0.0565185546875,0,0.069580078125,0,0.09149169921875
55.2379,0,0.1976318359375,0,0.55126953125,0,0.022674560546875,0,0.09967041015625
55.2485,0,0.10711669921875,0,0.55126953125,0,0.022674560546875,0,0.09967041015625
55.2569,0,0.10711669921875,0,-0.474365234375,0,0.022674560546875,0,0.0804443359375
55.2722,0,0.08441162109375,0,-0.474365234375,0,-0.00934600830078125,0,0.0804443359375
55.2783,0,0.08441162109375,0,0.270751953125,0,-0.00934600830078125,0,-0.1318359375
55.2895,0,0.1558837890625,0,0.270751953125,0,0.0181121826171875,0,-0.1318359375
55.2979,0,0.1558837890625,0,0.302001953125,0,0.0181121826171875,0,0.0882568359375
55.3088,0,0.037078857421875,0,0.302001953125,0,0.0643310546875,0,0.0882568359375
55.3177,0,0.037078857421875,0,0.270751953125,0,0.0643310546875,0,0.1165771484375
55.3285,0,0.064208984375,0,0.270751953125,0,0.0281524658203125,0,0.1165771484375
55.3376,0,0.064208984375,0,0.135009765625,0,0.0281524658203125,0,0.0828857421875
55.3498,0,0.11114501953125,0,0.135009765625,0,-0.02581787109375,0,0.0828857421875
55.3580,0,0.11114501953125,0,0.1424560546875,0,-0.02581787109375,0,0.0714111328125
55.3694,0,-0.049957275390625,0,0.1424560546875,0,-0.049346923828125,0,0.0714111328125
55.3778,0,-0.049957275390625,0,-0.318359375,0,-0.049346923828125,0,0.0714111328125
55.3887,0,-0.049957275390625,0,-0.318359375,0,-0.0237884521484375,0,0.144287109375
55.3976,0,0.10784912109375,0,-0.318603515625,0,-0.0237884521484375,0,0.144287109375
55.4082,0,-0.096435546875,0,-0.318603515625,0,0.0096588134765625,0,0.1510009765625
55.4176,0,-0.096435546875,0,-0.08599853515625,0,0.0096588134765625,0,0.1510009765625
55.4280,0,0.1575927734375,0,-0.08599853515625,0,-0.07513427734375,0,-0.01338958740234375
55.4366,0,0.1575927734375,0,-0.347412109375,0,-0.07513427734375,0,-0.01338958740234375
55.4497,0,0.1182861328125,0,-0.347412109375,0,-0.0697021484375,0,0.1483154296875
55.4561,0,0.1182861328125,0,-0.327392578125,0,-0.0697021484375,0,0.07049560546875
55.4672,0,0.1182861328125,0,-0.327392578125,0,0.03778076171875,0,0.07049560546875
55.4769,0,0.2158203125,0,0.71875,0,0.03778076171875,0,0.07049560546875
55.4877,0,0.2158203125,0,0.71875,0,-0.048187255859375,0,0.07159423828125
55.4990,0,-0.11865234375,0,0.71875,0,-0.048187255859375,0,0.07159423828125
55.5096,0,0.2425537109375,0,0.146728515625,0,-0.06890869140625,0,0.04254150390625
55.5169,0,0.2425537109375,0,0.460693359375,0,-0.06890869140625,0,0.04254150390625
55.5278,0,0.2425537109375,0,0.460693359375,0,0.021881103515625,0,0.03497314453125
55.5359,0,0.3017578125,0,0.460693359375,0,0.021881103515625,0,0.03497314453125
55.5504,0,0.3017578125,0,0.304443359375,0,0.050323486328125,0,0.1705322265625
55.5604,0,0.09234619140625,0,-0.47021484375,0,0.050323486328125,0,0.1705322265625
55.5784,0,0.040252685546875,0,0.17431640625,0,-0.027435302734375,0,-0.1331787109375
55.5889,0,0.040252685546875,0,0.17431640625,0,0.0604248046875,0,0.081787109375
55.5990,0,0.130126953125,0,0.213623046875,0,0.0604248046875,0,0.081787109375
55.6084,0,0.130126953125,0,0.213623046875,0,-0.06024169921875,0,0.07891845703125
55.6195,0,0.051788330078125,0,0.213623046875,0,-0.06024169921875,0,0.07891845703125
55.6281,0,0.051788330078125,0,-0.1796875,0,-0.06024169921875,0,0.104736328125
55.6371,0,0.15576171875,0,-0.1796875,0,-0.0771484375,0,0.104736328125
55.6495,0,0.15576171875,0,0.2261962890625,0,-0.0771484375,0,-0.060546875
55.6569,0,0.1558837890625,0,0.2261962890625,0,0.026580810546875,0,-0.060546875
55.6678,0,0.1558837890625,0,-0.129150390625,0,0.026580810546875,0,-0.068603515625
55.6791,0,0.14013671875,0,-0.129150390625,0,-0.05499267578125,0,-0.068603515625
55.6875,0,0.14013671875,0,0.2073974609375,0,-0.05499267578125,0,0.1517333984375
55.6984,0,0.046630859375,0,0.2073974609375,0,-0.01013946533203125,0,0.1517333984375
55.7070,0,0.046630859375,0,-0.29638671875,0,-0.01013946533203125,0,-0.0499267578125
55.7180,0,0.10791015625,0,-0.29638671875,0,0.06341552734375,0,-0.0499267578125
55.7274,0,0.10791015625,0,0.1173095703125,0,0.06341552734375,0,0.037567138671875
55.7364,0,0.039825439453125,0,0.1173095703125,0,0.037200927734375,0,0.037567138671875
55.7470,0,0.039825439453125,0,-0.1551513671875,0,0.037200927734375,0,0.037567138671875
55.7560,0,0.0831298828125,0,-0.1551513671875,0,0.0163726806640625,0,0.138427734375
55.7677,0,0.0831298828125,0,0.6044921875,0,0.0163726806640625,0,0.138427734375
55.7792,0,0.08770751953125,0,0.6044921875,0,0.0638427734375,0,0.1416015625
55.7880,0,0.08770751953125,0,-0.212646484375,0,0.0638427734375,0,-0.03564453125
55.7963,0,0.024261474609375,0,-0.212646484375,0,-0.041778564453125,0,-0.03564453125
55.8074,0,0.024261474609375,0,-0.12371826171875,0,-0.041778564453125,0,-0.03564453125
55.8175,0,0.024261474609375,0,-0.12371826171875,0,-0.056060791015625,0,-0.0784912109375
55.8280,0,0.07098388671875,0,0.288818359375,0,-0.056060791015625,0,-0.0784912109375
55.8366,0,0.0972900390625,0,0.288818359375,0,0.0259552001953125,0,0.11993408203125
55.8476,0,0.0972900390625,0,-0.275390625,0,0.0259552001953125,0,0.11993408203125
55.8562,0,0.0972900390625,0,-0.275390625,0,-0.055328369140625,0,0.0849609375
55.8672,0,0.21728515625,0,0.3076171875,0,-0.055328369140625,0,-0.028900146484375
55.8756,0,0.21728515625,0,0.3076171875,0,-0.042327880859375,0,-0.028900146484375
55.8866,0,0.1507568359375,0,0.088623046875,0,-0.042327880859375,0,-0.129150390625
55.8967,0,-0.10748291015625,0,0.088623046875,0,-0.029571533203125,0,-0.129150390625
55.9078,0,-0.10748291015625,0,0.4697265625,0,-0.029571533203125,0,-0.1536865234375
55.9150,0,-0.10748291015625,0,0.4697265625,0,-0.0640869140625,0,-0.1536865234375
55.9260,0,0.123046875,0,-0.203857421875,0,-0.0640869140625,0,-0.1536865234375
55.9347,0,0.123046875,0,-0.203857421875,0,0.11920166015625,0,-0.032989501953125
55.9470,0,0.1395263671875,0,-0.203857421875,0,0.11920166015625,0,-0.032989501953125
55.9554,0,0.1395263671875,0,0.032318115234375,0,-0.0173492431640625,0,-0.18505859375
55.9691,0,0.307861328125,0,0.337890625,0,-0.0173492431640625,0,0.055755615234375
55.9759,0,0.17041015625,0,0.337890625,0,-0.037078857421875,0,0.055755615234375
55.9884,0,0.17041015625,0,-0.407470703125,0,-0.037078857421875,0,-0.0408935546875
55.9986,0,3.349609375,0,-0.407470703125,0,3.1328125,0,-0.0408935546875
56.0075,0,3.349609375,3,1.994140625,0,3.1328125,0,-0.0408935546875
56.0182,0,3.349609375,3,1.994140625,0,3.1328125,0,2.05859375
56.0299,28,1.8466796875,27,-0.7138671875,14,-0.208984375,4,1.1220703125
56.0372,28,1.8466796875,27,-0.7138671875,23,1.2373046875,4,1.1220703125
56.0483,0,5.26953125,-5,0.178955078125,23,1.2373046875,15,-0.82470703125
56.0567,-8,-0.22509765625,-5,0.178955078125,-7,-0.054779052734375,15,-0.82470703125
56.0730,-8,-0.22509765625,-7,0.43115234375,-7,-0.054779052734375,35,0.0498046875
56.0802,-3,0.1866455078125,-7,0.43115234375,-2,-0.0838623046875,35,0.0498046875
56.0933,-3,0.1866455078125,-3,0.41845703125,-2,-0.0838623046875,3,0.224853515625
56.1042,-1,0.0966796875,-3,0.41845703125,0,0.0809326171875,3,0.224853515625
56.1152,-1,0.0966796875,0,0.39501953125,0,0.0809326171875,0,0.0447998046875
56.1236,0,-0.1607666015625,0,0.39501953125,0,0.0195770263671875,0,0.0447998046875
56.1332,0,-0.1607666015625,0,-0.1253662109375,0,0.0195770263671875,0,-0.207275390625
56.1403,0,-0.1607666015625,0,-0.1253662109375,0,-0.018646240234375,0,-0.207275390625
56.1543,0,-0.09716796875,0,-0.1253662109375,0,-0.018646240234375,0,-0.207275390625
56.1629,0,-0.09716796875,0,0.467529296875,0,-0.06390380859375,-8,-0.08538818359375
56.1700,0,0.11895751953125,0,0.467529296875,0,-0.06390380859375,-8,-0.08538818359375
56.1834,0,0.11895751953125,0,0.36767578125,0,-0.06390380859375,-6,0.1119384765625
56.1916,0,0.07843017578125,0,0.36767578125,0,-0.059600830078125,-6,0.1119384765625
56.2001,0,0.07843017578125,0,2.951171875,0,-0.059600830078125,-3,0.96484375
56.2122,0,2.564453125,0,2.951171875,0,3.28125,-3,0.96484375
56.2198,0,2.564453125,4,1.4892578125,0,3.28125,0,1.7900390625
56.2327,5,1.212890625,4,1.4892578125,5,1.3046875,0,1.7900390625
56.2401,5,1.212890625,26,3.798828125,5,1.3046875,8,1.578125
56.2536,23,-0.76220703125,26,3.798828125,20,-0.53369140625,8,1.578125
56.2604,23,-0.76220703125,37,-1.083984375,20,-0.53369140625,32,-0.89697265625
56.2746,35,0.304443359375,37,-1.083984375,37,0.02069091796875,32,-0.89697265625
56.2805,35,0.304443359375,-6,3.8359375,37,0.02069091796875,34,0.238037109375
56.3013,-8,4.9609375,17,-0.1800537109375,-4,5.5,0,2.75
56.3188,8,0.828125,42,1.7626953125,8,0.7822265625,11,0.6923828125
56.3296,28,-0.9287109375,42,1.7626953125,28,2.818359375,11,0.6923828125
56.3383,28,-0.9287109375,-1,-0.247314453125,28,2.818359375,11,0.6923828125
56.3505,31,-0.191162109375,-1,-0.247314453125,35,-0.09027099609375,32,-0.810546875
56.3581,31,-0.191162109375,-28,-0.1103515625,35,-0.09027099609375,33,-0.11578369140625
56.3691,31,-0.191162109375,-28,-0.1103515625,-8,-0.077880859375,33,-0.11578369140625
56.3774,-5,-0.189208984375,6,-0.406982421875,-8,-0.077880859375,32,0.2479248046875
56.3889,0,-0.11517333984375,6,-0.406982421875,-4,-0.0841064453125,32,0.2479248046875
56.3969,0,-0.11517333984375,6,-0.424072265625,-4,-0.0841064453125,32,0.2479248046875
56.4100,0,-0.11517333984375,6,-0.424072265625,0,0.032745361328125,17,0.040069580078125
56.4187,0,0.0400390625,0,2.162109375,0,0.032745361328125,8,1.6865234375
56.4296,0,0.0400390625,0,2.162109375,0,0.4130859375,8,1.6865234375
56.4383,0,0.1019287109375,6,-0.87158203125,0,0.4130859375,3,-0.193603515625
56.4499,0,0.1019287109375,6,-0.87158203125,0,0.05853271484375,3,-0.193603515625
56.4580,0,-0.06085205078125,26,-0.178466796875,0,0.05853271484375,3,-0.193603515625
56.4702,0,-0.06085205078125,26,-0.178466796875,0,0.062103271484375,-9,-0.09027099609375
56.4788,0,-0.1492919921875,-14,4.2890625,0,0.062103271484375,-9,-0.09027099609375
56.4992,0,2.423828125,13,0.67626953125,0,3.12890625,0,2.275390625
56.5085,0,2.423828125,13,0.67626953125,11,1.0224609375,0,2.275390625
56.5193,15,0.6708984375,24,-0.453125,11,1.0224609375,23,-0.76318359375
56.5282,15,0.6708984375,24,-0.453125,32,0.7255859375,23,-0.76318359375
56.5377,35,-1.1044921875,38,0.6611328125,32,0.7255859375,48,1.587890625
56.5520,27,0.42431640625,38,0.6611328125,33,0.041412353515625,48,1.587890625
56.5572,27,0.42431640625,12,2.86328125,33,0.041412353515625,48,1.587890625
56.5700,27,0.42431640625,12,2.86328125,3,1.619140625,45,0.7236328125
56.5806,0,1.751953125,12,2.86328125,3,1.619140625,45,0.7236328125
56.5888,0,1.751953125,4,1.20703125,24,-0.391845703125,3,2.990234375
56.5973,24,-0.587890625,4,1.20703125,24,-0.391845703125,3,2.990234375
56.6083,24,-0.587890625,34,1.458984375,24,-0.391845703125,0,2.111328125
56.6188,50,2.26953125,34,1.458984375,42,1.3740234375,0,2.111328125
56.6300,50,2.26953125,44,1.0791015625,42,1.3740234375,24,-1.154296875
56.6396,29,1.380859375,44,1.0791015625,39,0.3330078125,24,-1.154296875
56.6493,29,1.380859375,-9,5.89453125,-8,4.21875,43,-1.3017578125
56.6603,-8,3.21875,-9,5.89453125,-8,4.21875,43,-1.3017578125
56.6713,-8,3.21875,14,0.943359375,-8,4.21875,31,0.939453125
56.6798,8,1.283203125,14,0.943359375,10,1.4287109375,31,0.939453125
56.6909,8,1.283203125,37,1.1982421875,10,1.4287109375,36,0.5908203125
56.7005,44,2.001953125,37,1.1982421875,28,-0.352783203125,36,0.5908203125
56.7115,44,2.001953125,34,0.35302734375,28,-0.352783203125,34,-0.10662841796875
56.7213,51,0.83984375,34,0.35302734375,41,0.8525390625,34,-0.10662841796875
56.7309,51,0.83984375,36,0.2939453125,41,0.8525390625,2,2.544921875
56.7433,-9,5.6328125,36,0.2939453125,39,0.1011962890625,2,2.544921875
56.7518,-9,5.6328125,22,0.62060546875,39,0.1011962890625,19,0.2646484375
56.7588,7,1.0517578125,22,0.62060546875,-7,4.55078125,19,0.2646484375
56.7755,41,2.0234375,-6,2.66015625,8,1.0537109375,51,2.82421875
56.7906,41,2.0234375,21,-0.41796875,8,1.0537109375,52,1.2060546875
56.7993,46,0.359375,21,-0.41796875,41,1.283203125,52,1.2060546875
56.8100,46,0.359375,46,1.2353515625,41,1.283203125,16,2.3203125
56.8201,46,0.359375,46,1.2353515625,47,0.8203125,16,2.3203125
56.8306,-8,5.671875,42,0.759765625,47,0.8203125,4,1.9052734375
56.8380,9,1.19140625,42,0.759765625,-3,5.625,4,1.9052734375
56.8489,9,1.19140625,-8,4.73046875,-3,5.625,0,2.2265625
56.8587,41,1.8251953125,-8,4.73046875,4,1.2607421875,0,2.2265625
56.8710,41,1.8251953125,5,1.0869140625,4,1.2607421875,17,0.1165771484375
56.8797,41,1.8251953125,5,1.0869140625,29,0.95556640625,17,0.1165771484375
56.8909,50,1.0791015625,5,1.0869140625,29,0.95556640625,50,-2.111328125
56.9004,50,1.0791015625,40,1.80859375,52,2.22265625,50,-2.111328125
56.9099,-5,5.265625,48,1.244140625,52,2.22265625,47,1.140625
56.9206,2,1.150390625,48,1.244140625,30,1.1123046875,47,1.140625
56.9295,2,1.150390625,-9,6.08984375,30,1.1123046875,-7,5.58984375
56.9405,2,1.150390625,-9,6.08984375,-6,3.5078125,-7,5.58984375
56.9516,28,-0.87109375,14,0.8056640625,-6,3.5078125,11,0.9873046875
56.9600,28,-0.87109375,14,0.8056640625,10,1.171875,11,0.9873046875
56.9717,54,2.22265625,14,0.8056640625,10,1.171875,39,-1.8427734375
56.9830,54,2.22265625,40,2.021484375,49,2.513671875,39,-1.8427734375
56.9904,12,3.625,35,-0.259033203125,49,2.513671875,44,-1.0009765625
57.0019,12,3.625,35,-0.259033203125,43,0.43994140625,44,-1.0009765625
57.0111,5,1.3583984375,38,0.71484375,43,0.43994140625,41,-0.430908203125
57.0187,5,1.3583984375,38,0.71484375,-8,4.77734375,41,-0.430908203125
57.0303,31,1.0751953125,38,0.71484375,-8,4.77734375,41,-0.430908203125
57.0403,31,1.0751953125,-3,5.82421875,8,1.1103515625,11,2.275390625
57.0534,54,2.2109375,0,1.8056640625,8,1.1103515625,1,2.19140625
57.0578,54,2.2109375,0,1.8056640625,42,1.5625,1,2.19140625
57.0706,15,3.6484375,0,1.8056640625,42,1.5625,1,2.19140625
57.0816,15,3.6484375,30,1.103515625,42,1.5625,19,-0.0887451171875
57.0910,0,2.58203125,30,1.103515625,47,0.62060546875,19,-0.0887451171875
57.1017,0,2.58203125,50,1.666015625,47,0.62060546875,50,1.9619140625
57.1209,27,-0.9248046875,30,1.3515625,6,1.25,50,1.47265625
57.1297,53,2.435546875,30,1.3515625,6,1.25,50,1.47265625
57.1387,53,2.435546875,-8,3.83984375,38,1.451171875,-2,7.63671875
57.1497,17,3.1484375,-8,3.83984375,38,1.451171875,-2,7.63671875
57.1578,17,3.1484375,10,1.1796875,38,1.451171875,8,1.0380859375
57.1691,4,1.8212890625,10,1.1796875,50,0.9140625,8,1.0380859375
57.1775,4,1.8212890625,51,2.48828125,50,0.9140625,26,0.048065185546875
57.1909,32,-0.998046875,51,2.48828125,-3,5.63671875,26,0.048065185546875
57.2010,32,-0.998046875,40,-0.2325439453125,-3,5.63671875,43,-0.82421875
57.2108,52,2.44140625,40,-0.2325439453125,7,1.279296875,43,-0.82421875
57.2194,52,2.44140625,-9,4.84375,7,1.279296875,43,-0.6279296875
57.2304,1,3.798828125,-9,4.84375,35,1.2216796875,43,-0.6279296875
57.2391,1,3.798828125,13,0.80224609375,35,1.2216796875,8,2.869140625
57.2519,4,1.3583984375,13,0.80224609375,48,1.244140625,8,2.869140625
57.2586,4,1.3583984375,47,1.8544921875,48,1.244140625,11,1.3310546875
57.2710,31,-1.078125,47,1.8544921875,-1,4.17578125,11,1.3310546875
57.2787,31,-1.078125,44,0.349853515625,-1,4.17578125,33,-0.8779296875
57.2918,51,1.759765625,44,0.349853515625,4,1.2607421875,33,-0.8779296875
57.2998,51,1.759765625,-8,4.9296875,4,1.2607421875,47,1.1220703125
57.3104,19,2.466796875,-8,4.9296875,31,-1.01171875,47,1.1220703125
57.3192,19,2.466796875,7,1.3193359375,31,-1.01171875,16,2.46875
57.3299,0,2.908203125,7,1.3193359375,53,2.150390625,16,2.46875
57.3383,0,2.908203125,47,2.31640625,24,1.9296875,12,1.1728515625
57.3495,23,-0.393310546875,47,2.31640625,24,1.9296875,12,1.1728515625
57.3564,23,-0.393310546875,47,0.5947265625,24,1.9296875,27,-0.409912109375
57.3691,51,2.08984375,47,0.5947265625,1,1.7060546875,27,-0.409912109375
57.3783,51,2.08984375,-9,6.08984375,1,1.7060546875,46,1.6171875
57.3906,36,1.00390625,-9,6.08984375,22,0.36181640625,46,1.6171875
57.3989,36,1.00390625,6,1.3759765625,22,0.36181640625,28,1.095703125
57.4100,-7,3.830078125,6,1.3759765625,48,1.9033203125,28,1.095703125
57.4187,-7,3.830078125,44,1.681640625,48,1.9033203125,5,2.7265625
57.4306,9,0.966796875,44,1.681640625,39,0.427978515625,5,2.7265625
57.4391,9,0.966796875,50,0.52978515625,39,0.427978515625,19,0.51953125
57.4488,46,2.3203125,50,0.52978515625,-7,3.82421875,19,0.51953125
57.4595,46,2.3203125,-4,5.4296875,-7,3.82421875,51,2.416015625
57.4712,46,2.3203125,-4,5.4296875,10,1.0966796875,51,2.416015625
57.4778,43,0.363037109375,6,1.3134765625,10,1.0966796875,27,1.443359375
57.4903,-8,5.7421875,6,1.3134765625,45,1.4609375,27,1.443359375
57.5020,-8,5.7421875,42,1.8271484375,45,1.4609375,27,0.388671875
57.5096,17,0.53173828125,42,1.8271484375,46,-0.1197509765625,27,0.388671875
57.5221,17,0.53173828125,48,1.1904296875,46,-0.1197509765625,28,0.165283203125
57.5307,48,2.07421875,48,1.1904296875,-9,5.9609375,28,0.165283203125
57.5392,48,2.07421875,-1,4.93359375,-9,5.9609375,28,0.165283203125
57.5526,36,0.560546875,-1,4.93359375,9,1.1083984375,23,0.6015625
57.5598,36,0.560546875,5,1.2392578125,9,1.1083984375,26,0.365234375
57.5711,36,0.560546875,5,1.2392578125,41,1.5302734375,26,0.365234375
57.5811,-8,3.931640625,40,1.7021484375,41,1.5302734375,26,0.365234375
57.5924,-8,3.931640625,40,1.7021484375,41,1.5302734375,35,0.29296875
57.6002,15,0.78173828125,49,1.0869140625,46,0.62060546875,35,0.29296875
57.6132,49,2.294921875,49,1.0869140625,-5,6.59765625,32,-0.426513671875
57.6290,49,2.294921875,0,3.44921875,3,1.5322265625,8,2.119140625
57.6391,36,0.402587890625,0,3.44921875,3,1.5322265625,8,2.119140625
57.6487,36,0.402587890625,3,1.498046875,35,1.4794921875,19,0.34765625
57.6603,-5,4.1875,43,1.98046875,35,1.4794921875,44,1.5400390625
57.6686,-5,4.1875,43,1.98046875,52,1.6201171875,44,1.5400390625
57.6770,18,0.250732421875,50,1.3212890625,52,1.6201171875,44,1.5400390625
57.6880,18,0.250732421875,50,1.3212890625,23,1.9541015625,40,0.156982421875
57.6987,46,1.873046875,10,2.873046875,23,1.9541015625,40,0.156982421875
57.7083,46,1.873046875,10,2.873046875,2,1.400390625,6,2.595703125
57.7199,45,-0.61962890625,5,1.3515625,2,1.400390625,6,2.595703125
57.7279,45,-0.61962890625,5,1.3515625,30,1.005859375,16,0.82763671875
57.7407,-8,4.73046875,5,1.3515625,30,1.005859375,16,0.82763671875
57.7519,-8,4.73046875,40,1.892578125,52,1.85546875,44,-1.896484375
57.7574,13,0.861328125,50,1.3525390625,52,1.85546875,44,-1.896484375
57.7685,13,0.861328125,50,1.3525390625,27,1.71875,43,-0.3525390625
57.7799,49,2.310546875,19,2.728515625,27,1.71875,43,-0.3525390625
57.7880,49,2.310546875,19,2.728515625,1,1.853515625,8,2.716796875
57.8006,35,0.145263671875,19,2.728515625,1,1.853515625,8,2.716796875
57.8137,35,0.145263671875,0,2.4296875,30,1.009765625,18,0.6015625
57.8223,0,3.28125,0,2.4296875,30,1.009765625,18,0.6015625
57.8335,0,3.28125,33,1.6865234375,30,1.009765625,46,-1.935546875
57.8435,23,-0.29052734375,33,1.6865234375,53,1.9990234375,46,-1.935546875
57.8630,51,2.396484375,52,1.0224609375,24,2.404296875,39,0.10101318359375
57.8767,19,3.017578125,21,2.439453125,2,1.6044921875,9,2.154296875
57.8895,19,3.017578125,0,3.6015625,2,1.6044921875,24,0.30078125
57.8946,2,1.1796875,0,3.6015625,30,1.099609375,24,0.30078125
57.9088,2,1.1796875,31,-1.5986328125,30,1.099609375,51,2.12890625
57.9146,31,-0.96337890625,31,-1.5986328125,52,1.9931640625,51,2.12890625
57.9267,31,-0.96337890625,54,1.8134765625,52,1.9931640625,27,1.541015625
57.9384,49,0.580078125,54,1.8134765625,27,2.01171875,27,1.541015625
57.9465,49,0.580078125,22,2.90625,27,2.01171875,9,1.833984375
57.9552,0,4.17578125,22,2.90625,2,1.9248046875,9,1.833984375
57.9689,0,4.17578125,1,1.9501953125,2,1.9248046875,27,-0.31591796875
57.9757,16,0.58642578125,1,1.9501953125,35,1.69921875,27,-0.31591796875
57.9873,16,0.58642578125,39,2.05859375,35,1.69921875,52,-2.244140625
57.9986,49,2.021484375,39,2.05859375,51,1.2509765625,52,-2.244140625
58.0078,49,2.021484375,50,1.40234375,51,1.2509765625,20,2.81640625
58.0196,49,2.021484375,50,1.40234375,20,2.271484375,20,2.81640625
58.0286,31,1.4287109375,17,3.091796875,20,2.271484375,20,2.81640625
58.0391,31,1.4287109375,17,3.091796875,4,1.76171875,16,1.3212890625
58.0482,0,2.91015625,4,1.2421875,4,1.76171875,16,1.3212890625
58.0599,0,2.91015625,4,1.2421875,37,1.4208984375,35,-0.97607421875
58.0691,30,-0.9189453125,40,1.8154296875,37,1.4208984375,49,1.2509765625
58.0792,30,-0.9189453125,40,1.8154296875,49,1.1201171875,49,1.2509765625
58.0900,49,-1.015625,50,0.921875,49,1.1201171875,49,1.2509765625
58.1022,49,-1.015625,50,0.921875,18,2.287109375,21,2.2265625
58.1104,-1,4.6953125,0,3.755859375,18,2.287109375,21,2.2265625
58.1223,-1,4.6953125,0,3.755859375,3,1.765625,2,2.72265625
58.1326,13,1.1064453125,4,1.169921875,3,1.765625,15,0.58544921875
58.1426,13,1.1064453125,4,1.169921875,37,1.6484375,15,0.58544921875
58.1535,49,1.6337890625,41,1.56640625,37,1.6484375,52,2.1796875
58.1621,49,1.6337890625,41,1.56640625,50,1.1416015625,52,2.1796875
58.1743,31,1.033203125,41,1.56640625,50,1.1416015625,52,2.1796875
58.1839,31,1.033203125,49,0.93017578125,14,2.888671875,48,1.099609375
58.1909,5,2.244140625,-2,4.9609375,14,2.888671875,48,1.099609375
58.1992,5,2.244140625,-2,4.9609375,5,1.306640625,44,0.2783203125
58.2153,31,-0.70263671875,9,1.306640625,38,1.1435546875,13,2.466796875
58.2279,43,-0.25537109375,9,1.306640625,38,1.1435546875,13,2.466796875
58.2390,43,-0.25537109375,44,1.833984375,48,0.81689453125,3,2.494140625
58.2499,45,0.2646484375,44,1.833984375,48,0.81689453125,3,2.494140625
58.2559,45,0.2646484375,45,0.453369140625,-4,6.5234375,2,2.267578125
58.2686,-2,7.24609375,45,0.453369140625,-4,6.5234375,2,2.267578125
58.2771,-2,7.24609375,-8,5.54296875,9,1.6728515625,38,-1.9208984375
58.2890,9,1.1220703125,-8,5.54296875,9,1.6728515625,38,-1.9208984375
58.3031,9,1.1220703125,20,0.090087890625,40,1.466796875,54,1.7451171875
58.3094,35,0.9716796875,20,0.090087890625,40,1.466796875,54,1.7451171875
58.3179,35,0.9716796875,52,2.33203125,46,0.390625,38,0.35009765625
58.3307,40,-0.47900390625,52,2.33203125,46,0.390625,6,3.203125
58.3380,40,-0.47900390625,29,2.349609375,-8,6.53515625,6,3.203125
58.3510,39,0.08636474609375,29,2.349609375,-8,6.53515625,6,3.203125
58.3591,39,0.08636474609375,1,2.546875,12,1.1875,3,1.9453125
58.3712,-4,5.23828125,1,2.546875,12,1.1875,3,1.9453125
58.3794,-4,5.23828125,27,-0.98583984375,12,1.1875,39,-1.9306640625
58.3908,11,1.21484375,27,-0.98583984375,44,1.6103515625,39,-1.9306640625
58.3975,11,1.21484375,53,2.126953125,44,0.1798095703125,55,1.6455078125
58.4102,47,1.9990234375,53,2.126953125,44,0.1798095703125,55,1.6455078125
58.4198,47,1.9990234375,18,3.150390625,44,0.1798095703125,34,1.2724609375
58.4310,47,1.9990234375,18,3.150390625,-7,5.15234375,34,1.2724609375
58.4402,41,-0.17822265625,6,2.103515625,-7,5.15234375,6,3.23828125
58.4509,41,-0.17822265625,6,2.103515625,13,1.390625,6,3.23828125
58.4594,-8,5.67578125,40,1.3974609375,13,1.390625,1,2.625
58.4705,-8,5.67578125,40,1.3974609375,50,2.033203125,1,2.625
58.4788,15,0.92138671875,49,0.49609375,50,2.033203125,28,-0.814453125
58.4919,15,0.92138671875,49,0.49609375,42,0.059722900390625,28,-0.814453125
58.4977,52,2.26171875,7,1.853515625,42,0.059722900390625,52,1.05078125
58.5103,52,2.26171875,7,1.853515625,0,3.390625,52,1.05078125
58.5222,41,1.00390625,9,1.568359375,0,3.390625,50,0.50537109375
58.5309,41,1.00390625,9,1.568359375,23,-0.1375732421875,50,0.50537109375
58.5406,0,2.814453125,37,1.279296875,23,-0.1375732421875,9,2.853515625
58.5518,0,2.814453125,37,1.279296875,51,2.060546875,9,2.853515625
58.5586,30,1.0126953125,48,1.314453125,51,2.060546875,3,1.9990234375
58.5712,30,1.0126953125,48,1.314453125,36,0.99609375,3,1.9990234375
58.5807,50,1.6728515625,35,0.6650390625,36,0.99609375,38,-1.8056640625
58.5926,50,1.6728515625,35,0.6650390625,37,0.10107421875,38,-1.8056640625
58.6030,23,2.15625,35,0.6650390625,37,0.10107421875,38,-1.8056640625
58.6155,8,1.5634765625,25,-0.72705078125,4,3.22265625,49,-1.1123046875
58.6280,8,1.5634765625,25,-0.72705078125,0,2.73046875,48,0.6904296875
58.6367,36,-1.1044921875,56,2.37109375,0,2.73046875,11,2.62109375
58.6478,36,-1.1044921875,56,2.37109375,30,0.7900390625,11,2.62109375
58.6581,47,0.873046875,56,2.37109375,30,0.7900390625,11,2.62109375
58.6692,47,0.873046875,16,3.669921875,51,1.419921875,0,2.7421875
58.6776,-1,5.31640625,16,3.669921875,51,1.419921875,0,2.7421875
58.6911,-1,5.31640625,5,1.80078125,32,1.234375,15,0.51806640625
58.6981,8,1.5029296875,5,1.80078125,32,1.234375,15,0.51806640625
58.7094,8,1.5029296875,41,1.50390625,3,2.12890625,52,2.68359375
58.7179,45,1.822265625,41,1.50390625,3,2.12890625,52,2.68359375
58.7291,45,1.822265625,46,0.37255859375,26,-0.286865234375,55,-1.478515625
58.7409,43,0.0196990966796875,46,0.37255859375,26,-0.286865234375,55,-1.478515625
58.7504,43,0.0196990966796875,0,4.68359375,44,1.01171875,17,2.556640625
58.7573,-2,5.3515625,0,4.68359375,44,1.01171875,17,2.556640625
58.7670,-2,5.3515625,23,-0.1329345703125,34,0.56396484375,1,2.705078125
58.7769,22,-0.173583984375,50,1.658203125,34,0.56396484375,1,2.705078125
58.7882,22,-0.173583984375,50,1.658203125,34,0.56396484375,13,1.0107421875
58.7950,48,1.5791015625,50,1.658203125,5,2.173828125,13,1.0107421875
58.8094,48,1.5791015625,37,0.352783203125,31,-0.69921875,53,-2.9921875
58.8178,33,0.98681640625,37,0.352783203125,31,-0.69921875,53,-2.9921875
58.8273,33,0.98681640625,38,-0.5947265625,49,1.27734375,56,1.5546875
58.8406,0,3.361328125,38,-0.5947265625,49,1.27734375,56,1.5546875
58.8495,0,3.361328125,-3,6.63671875,49,1.27734375,19,2.458984375
58.8583,0,3.361328125,-3,6.63671875,31,1.08203125,19,2.458984375
58.8702,33,-1.1767578125,4,1.5517578125,31,1.08203125,4,2.376953125
58.8794,33,-1.1767578125,4,1.5517578125,4,1.755859375,4,2.376953125
58.8909,51,-1.3564453125,44,2.263671875,4,1.755859375,6,1.974609375
58.8991,51,-1.3564453125,44,2.263671875,36,1.1181640625,6,1.974609375
58.9103,20,2.90625,50,-0.52978515625,36,1.1181640625,54,2.818359375
58.9189,20,2.90625,50,-0.52978515625,47,0.76220703125,54,2.818359375
58.9314,25,0.9072265625,11,3.1796875,47,0.76220703125,52,1.16796875
58.9395,25,0.9072265625,11,3.1796875,24,1.8828125,52,1.16796875
58.9504,35,-0.08843994140625,25,-0.144775390625,24,1.8828125,32,1.1650390625
58.9591,35,-0.08843994140625,25,-0.144775390625,34,0.71240234375,32,1.1650390625
58.9712,36,0.2242431640625,47,1.2255859375,34,0.71240234375,4,2.7421875
58.9785,36,0.2242431640625,47,1.2255859375,38,0.35888671875,4,2.7421875
58.9898,8,2.24609375,35,0.70166015625,38,0.35888671875,11,1.2939453125
58.9981,8,2.24609375,35,0.70166015625,38,0.109619140625,11,1.2939453125
59.0093,27,-0.255615234375,-6,3.849609375,38,0.109619140625,48,-1.9462890625
59.0192,27,-0.255615234375,-6,3.849609375,-8,4.72265625,48,-1.9462890625
59.0289,45,-0.7978515625,-6,3.849609375,-8,4.72265625,46,0.71435546875
59.0390,45,-0.7978515625,29,-1.1044921875,5,1.5400390625,46,0.71435546875
59.0510,43,0.400634765625,29,-1.1044921875,5,1.5400390625,44,-0.489013671875
59.0587,43,0.400634765625,52,1.3759765625,41,1.6806640625,44,-0.489013671875
59.0700,0,5.76953125,13,4.5,41,1.6806640625,9,3.173828125
59.0792,0,5.76953125,13,4.5,48,-0.23681640625,9,3.173828125
59.0903,4,1.8349609375,13,4.5,48,-0.23681640625,9,3.173828125
59.0997,4,1.8349609375,21,1.099609375,42,0.4814453125,4,2.248046875
59.1204,40,1.615234375,41,0.84375,41,0.1595458984375,25,-0.38525390625
59.1353,47,-0.73095703125,48,0.3173828125,-8,4.27734375,60,2.796875
59.1458,31,1.28515625,48,0.3173828125,-8,4.27734375,60,2.796875
59.1544,31,1.28515625,0,4.9453125,20,0.2177734375,45,0.3232421875
59.1669,0,4.05078125,1,1.822265625,20,0.2177734375,9,2.919921875
59.1754,0,4.05078125,1,1.822265625,44,-0.50537109375,9,2.919921875
59.1866,32,-0.93994140625,1,1.822265625,44,-0.50537109375,9,2.919921875
59.1947,32,-0.93994140625,37,1.51171875,44,-0.13037109375,4,2.34765625
59.2080,51,1.4140625,37,1.51171875,44,-0.13037109375,4,2.34765625
59.2153,51,1.4140625,52,1.1416015625,-3,7.61328125,44,-2.2734375
59.2262,35,0.5185546875,52,1.1416015625,-3,7.61328125,44,-2.2734375
59.2348,35,0.5185546875,12,3.203125,18,1.1630859375,52,-1.2880859375
59.2458,12,1.6484375,12,3.203125,18,1.1630859375,52,-1.2880859375
59.2557,12,1.6484375,25,0.35791015625,45,1.84765625,43,0.62109375
59.2663,38,-0.77734375,25,0.35791015625,45,1.84765625,43,0.62109375
59.2750,38,-0.77734375,47,1.3193359375,41,-0.1475830078125,8,2.3984375
59.2881,42,-0.316162109375,47,1.3193359375,41,-0.1475830078125,8,2.3984375
59.2952,42,-0.316162109375,39,-0.0567626953125,44,0.06219482421875,3,2.6328125
59.3068,2,4.19921875,39,-0.0567626953125,44,0.06219482421875,3,2.6328125
59.3169,2,4.19921875,-5,3.720703125,-3,5.046875,48,-2.75
59.3274,27,-0.43310546875,-5,3.720703125,-3,5.046875,48,-2.75
59.3376,27,-0.43310546875,29,-0.861328125,6,1.564453125,51,-1.3974609375
59.3500,47,0.85888671875,29,-0.861328125,6,1.564453125,51,-1.3974609375
59.3577,47,0.85888671875,51,0.71923828125,6,1.564453125,40,0.11285400390625
59.3686,47,0.85888671875,51,0.71923828125,42,1.1650390625,40,0.11285400390625
59.3775,46,0.419189453125,13,4.23828125,42,1.1650390625,7,2.9140625
59.3901,32,1.1328125,13,4.23828125,50,0.451171875,7,2.9140625
59.3986,32,1.1328125,19,1.068359375,49,0.83251953125,8,1.56640625
59.4112,-6,3.732421875,19,1.068359375,49,0.83251953125,8,1.56640625
59.4213,-6,3.732421875,39,-0.56494140625,0,3.806640625,39,-1.27734375
59.4300,15,1.189453125,39,-0.56494140625,0,3.806640625,39,-1.27734375
59.4390,15,1.189453125,49,0.83740234375,0,3.806640625,59,1.9248046875
59.4503,56,2.4296875,49,0.83740234375,18,0.9873046875,59,1.9248046875
59.4591,56,2.4296875,-1,4.33203125,43,1.3349609375,33,1.2939453125
59.4736,17,2.185546875,-1,4.33203125,43,1.3349609375,33,1.2939453125
59.4771,17,2.185546875,6,2.15234375,46,-0.24853515625,8,3.041015625
59.4899,15,1.400390625,6,2.15234375,46,-0.24853515625,8,3.041015625
59.4991,15,1.400390625,44,1.994140625,46,-0.24853515625,2,2.603515625
59.5111,43,1.1953125,44,1.994140625,36,0.43408203125,2,2.603515625
59.5190,43,1.1953125,54,1.2138671875,36,0.43408203125,34,-1.8212890625
59.5303,43,-0.07568359375,54,1.2138671875,38,-0.1845703125,34,-1.8212890625
59.5409,43,-0.07568359375,-2,8.7265625,38,-0.1845703125,56,1.81640625
59.5506,43,-0.07568359375,-2,8.7265625,-7,5.0625,56,1.81640625
59.5590,6,2.923828125,11,1.46875,-7,5.0625,37,0.87158203125
59.5702,6,2.923828125,11,1.46875,19,0.325927734375,37,0.87158203125
59.5796,30,-0.5859375,43,1.9189453125,19,0.325927734375,6,2.77734375
59.5922,30,-0.5859375,43,1.9189453125,49,1.5302734375,6,2.77734375
59.6005,47,0.9716796875,49,1.203125,49,1.5302734375,9,1.5703125
59.6110,47,0.9716796875,49,1.203125,37,0.85205078125,9,1.5703125
59.6193,23,2.115234375,49,1.203125,37,0.85205078125,9,1.5703125
59.6330,23,2.115234375,13,3.712890625,25,1.0078125,49,-2.345703125
59.6414,30,0.28369140625,13,3.712890625,25,1.0078125,49,-2.345703125
59.6530,30,0.28369140625,7,1.548828125,33,0.35107421875,57,1.7421875
59.6597,35,0.2412109375,7,1.548828125,33,0.35107421875,22,2.626953125
59.6722,35,0.2412109375,45,1.720703125,36,0.071533203125,22,2.626953125
59.6821,34,0.490234375,44,-0.2093505859375,36,0.071533203125,2,2.71484375
59.6966,35,0.1859130859375,44,-0.2093505859375,34,0.389404296875,2,2.71484375
59.7083,35,0.1859130859375,22,1.1552734375,3,2.40625,13,1.119140625
59.7162,0,4.1640625,22,1.1552734375,3,2.40625,13,1.119140625
59.7272,0,4.1640625,30,0.193603515625,28,-0.41455078125,51,-2.38671875
59.7360,4,1.662109375,30,0.193603515625,28,-0.41455078125,51,-2.38671875
59.7467,4,1.662109375,39,0.1871337890625,51,1.7998046875,57,1.724609375
59.7527,40,1.546875,39,0.1871337890625,51,1.7998046875,57,1.724609375
59.7648,40,1.546875,3,4.28515625,29,1.720703125,27,2.0703125
59.7751,49,0.62548828125,3,4.28515625,29,1.720703125,7,2.51953125
59.7829,49,0.62548828125,22,0.39990234375,14,1.3603515625,7,2.51953125
59.7946,7,3.056640625,22,0.39990234375,14,1.3603515625,7,2.51953125
59.8050,7,3.056640625,49,-1.7353515625,38,-0.68994140625,1,2.5390625
59.8129,27,-0.224853515625,49,-1.7353515625,38,-0.68994140625,1,2.5390625
59.8272,27,-0.224853515625,44,0.3515625,46,0.4267578125,29,-0.83203125
59.8340,48,1.2744140625,44,0.3515625,46,0.4267578125,29,-0.83203125
59.8454,48,1.2744140625,40,-0.2125244140625,46,0.4267578125,53,-1.4365234375
59.8567,19,1.7841796875,40,-0.2125244140625,-4,5.97265625,53,-1.4365234375
59.8648,19,1.7841796875,1,1.98828125,-4,5.97265625,49,0.61083984375
59.8740,9,1.9228515625,1,1.98828125,14,1.095703125,49,0.61083984375
59.8855,9,1.9228515625,35,-1.216796875,48,1.90625,10,2.79296875
59.8947,42,1.12890625,35,-1.216796875,48,1.90625,10,2.79296875
59.9069,42,1.12890625,48,-1.3076171875,48,1.90625,3,2.05078125
59.9144,46,0.46533203125,48,-1.3076171875,42,-0.07147216796875,3,2.05078125
59.9274,46,0.46533203125,32,1.1328125,42,-0.07147216796875,39,-1.6474609375
59.9376,46,0.46533203125,32,1.1328125,43,0.3193359375,39,-1.6474609375
59.9486,44,0.051239013671875,32,1.1328125,43,0.3193359375,54,1.46875
59.9597,44,0.051239013671875,1,2.734375,-6,5.19140625,54,1.46875
59.9703,-8,5.5859375,36,-1.5029296875,21,0.1265869140625,37,0.99853515625
