t,FR_rpm,FR_amp,FL_rpm,FL_amp,RR_rpm,RR_amp,RL_rpm,RL_amp
0.0000,0,-0.14501953125,0,-0.64208984375,0,-0.050506591796875,0,0.014373779296875
0.0113,0,-0.14501953125,0,-0.64208984375,0,-0.0162811279296875,0,0.014373779296875
0.0199,0,-0.14111328125,0,0.62060546875,0,-0.0162811279296875,0,0.014373779296875
0.0340,0,-0.14111328125,0,0.62060546875,0,0.07623291015625,0,0.232421875
0.0397,0,0.0090789794921875,0,0.3564453125,0,0.07623291015625,0,-0.1826171875
0.0518,0,0.0090789794921875,0,0.3564453125,0,-0.048675537109375,0,-0.1826171875
0.0623,0,-0.1201171875,0,0.265869140625,0,-0.048675537109375,0,0.056396484375
0.0732,0,-0.1201171875,0,0.265869140625,0,-0.0144195556640625,0,0.056396484375
0.0815,0,0.06396484375,0,0.265869140625,0,-0.0144195556640625,0,0.056396484375
0.0933,0,0.06396484375,0,-0.235107421875,0,0.0604248046875,0,0.166259765625
0.1018,0,0.067138671875,0,-0.235107421875,0,0.0604248046875,0,0.166259765625
0.1132,0,0.067138671875,0,-0.364990234375,0,0.09307861328125,0,-0.040679931640625
0.1202,0,-0.11541748046875,0,-0.364990234375,0,0.09307861328125,0,-0.040679931640625
0.1327,0,-0.11541748046875,0,-0.5390625,0,-0.057525634765625,0,0.1715087890625
0.1415,0,-0.1099853515625,0,-0.5390625,0,-0.057525634765625,0,0.1715087890625
0.1526,0,-0.1099853515625,0,-0.352783203125,0,-0.057525634765625,0,-0.0018625259399414062
0.1611,0,0.08489990234375,0,-0.352783203125,0,0.049560546875,0,-0.0018625259399414062
0.1722,0,0.08489990234375,0,0.1090087890625,0,0.049560546875,0,0.06072998046875
0.1813,0,0.08489990234375,0,0.1090087890625,0,-0.037811279296875,0,0.06072998046875
0.1920,0,-0.028717041015625,0,-0.50439453125,0,-0.037811279296875,0,0.1868896484375
0.2008,0,-0.028717041015625,0,-0.50439453125,0,-0.03265380859375,0,0.1868896484375
0.2152,0,0.087890625,0,-0.457763671875,0,-0.03265380859375,0,-0.0262451171875
0.2208,0,0.087890625,0,-0.457763671875,0,0.10992431640625,0,-0.0262451171875
0.2326,0,-0.08770751953125,0,-0.336181640625,0,0.10992431640625,0,0.1856689453125
0.2407,0,-0.08770751953125,0,-0.336181640625,0,-0.0321044921875,0,0.1856689453125
0.2549,0,-0.060760498046875,0,-0.378173828125,0,-0.0321044921875,0,-0.033203125
0.2620,0,-0.060760498046875,0,-0.378173828125,0,-0.02642822265625,0,-0.033203125
0.2733,0,0.10174560546875,0,0.34228515625,0,-0.02642822265625,0,-0.220947265625
0.2820,0,0.10174560546875,0,0.34228515625,0,-0.036590576171875,0,-0.220947265625
0.2961,0,0.0582275390625,0,-0.72119140625,0,-0.036590576171875,0,-0.11334228515625
0.3017,0,0.0582275390625,0,-0.72119140625,0,0.025909423828125,0,-0.11334228515625
0.3113,0,-0.2010498046875,0,-0.2025146484375,0,0.025909423828125,0,-0.22900390625
0.3214,0,-0.2010498046875,0,-0.2025146484375,0,0.047393798828125,0,-0.22900390625
0.3348,0,0.11944580078125,0,-0.2275390625,0,0.047393798828125,0,0.2034912109375
0.3398,0,0.11944580078125,0,-0.2275390625,0,0.046783447265625,0,0.2034912109375
0.3538,0,0.059539794921875,0,-0.430908203125,0,0.046783447265625,0,-0.0552978515625
0.3624,0,0.059539794921875,0,-0.430908203125,0,0.03564453125,0,-0.0552978515625
0.3720,0,-0.11724853515625,0,-0.40478515625,0,0.03564453125,0,-0.09796142578125
0.3823,0,-0.11724853515625,0,-0.40478515625,0,0.028106689453125,0,-0.09796142578125
0.3938,0,-0.12548828125,0,0.99169921875,0,0.028106689453125,0,-0.05877685546875
0.4045,0,-0.103515625,0,0.99169921875,0,0.10699462890625,0,-0.05877685546875
0.4232,0,-0.103515625,0,-0.094970703125,0,0.031097412109375,0,-0.10552978515625
0.4346,0,-0.1627197265625,0,-1.0576171875,0,0.031097412109375,0,-0.04876708984375
0.4417,0,-0.1627197265625,0,-1.0576171875,0,0.04656982421875,0,-0.04876708984375
0.4509,0,-0.1256103515625,0,0.2335205078125,0,0.04656982421875,0,-0.180419921875
0.4632,0,-0.1256103515625,0,0.2335205078125,0,0.0460205078125,0,-0.180419921875
0.4748,0,-0.016571044921875,0,-0.892578125,0,0.0460205078125,0,-0.1512451171875
0.4851,0,-0.016571044921875,0,-0.892578125,0,0.03765869140625,0,-0.1512451171875
0.4991,0,-0.1260986328125,0,0.0899658203125,0,0.041595458984375,0,-0.0972900390625
0.5050,0,0.025421142578125,0,0.0899658203125,0,0.041595458984375,0,0.12286376953125
0.5165,0,0.025421142578125,0,-0.4248046875,0,0.040985107421875,0,0.12286376953125
0.5284,0,0.03948974609375,0,-0.4248046875,0,0.040985107421875,0,-0.288818359375
0.5408,0,0.022003173828125,0,-0.352783203125,0,0.051666259765625,0,-0.288818359375
0.5514,0,0.022003173828125,0,-0.9345703125,0,0.051666259765625,0,-0.226806640625
0.5638,0,0.0452880859375,0,-0.9345703125,0,-0.0941162109375,0,-0.226806640625
0.5699,0,0.0452880859375,0,-0.9345703125,0,-0.0941162109375,0,0.2373046875
0.5819,0,0.069580078125,0,-0.1397705078125,0,-0.045379638671875,0,0.2373046875
0.5917,0,0.069580078125,0,-0.1397705078125,0,-0.045379638671875,0,-0.272216796875
0.6028,0,0.069580078125,0,-0.321044921875,0,0.043121337890625,0,-0.272216796875
0.6132,0,0.06317138671875,0,-0.321044921875,0,0.043121337890625,0,-0.0255126953125
0.6212,0,0.06317138671875,0,-0.277587890625,0,0.0736083984375,0,-0.0255126953125
0.6324,0,-0.2001953125,0,-0.277587890625,0,0.0736083984375,0,-0.0255126953125
0.6410,0,-0.2001953125,0,0.0924072265625,0,-0.0677490234375,0,-0.2010498046875
0.6544,0,0.056854248046875,0,0.0924072265625,0,-0.0677490234375,0,-0.2010498046875
0.6625,0,0.056854248046875,0,-0.18994140625,0,-0.05072021484375,0,0.186279296875
0.6737,0,0.0135498046875,0,-0.18994140625,0,-0.05072021484375,0,0.186279296875
0.6850,0,0.0135498046875,0,0.07574462890625,0,0.07666015625,0,0.2442626953125
0.6953,0,-0.0506591796875,0,0.07574462890625,0,0.07666015625,0,0.2442626953125
0.7057,0,-0.0506591796875,0,-0.95068359375,0,-0.10504150390625,0,0.147216796875
0.7140,0,0.10986328125,0,-0.95068359375,0,-0.10504150390625,0,0.147216796875
0.7214,0,0.10986328125,0,0.77294921875,0,-0.061920166015625,0,0.07568359375
0.7359,0,0.1253662109375,0,0.77294921875,0,-0.061920166015625,0,0.07568359375
0.7423,0,0.1253662109375,0,-0.285888671875,0,-0.0017480850219726562,0,0.283935546875
0.7534,0,-0.13525390625,0,-0.285888671875,0,-0.0017480850219726562,0,0.283935546875
0.7621,0,-0.13525390625,0,0.3046875,0,0.07415771484375,0,0.06793212890625
0.7743,0,0.074462890625,0,0.3046875,0,0.07415771484375,0,0.06793212890625
0.7825,0,0.074462890625,0,0.5224609375,0,0.03302001953125,0,-0.260009765625
0.7929,0,-0.0589599609375,0,0.5224609375,0,0.03302001953125,0,-0.260009765625
0.8019,0,-0.0589599609375,0,0.64111328125,0,0.03302001953125,0,-0.289794921875
0.8131,0,0.10601806640625,0,0.64111328125,0,0.1007080078125,0,-0.289794921875
0.8216,0,0.10601806640625,0,-0.1192626953125,0,0.1007080078125,0,0.09381103515625
0.8329,0,0.10601806640625,0,-0.1192626953125,0,0.0290679931640625,0,0.09381103515625
0.8408,0,0.130615234375,0,-0.09906005859375,0,0.0290679931640625,0,0.1728515625
0.8535,0,0.130615234375,0,-0.09906005859375,0,-0.04742431640625,0,0.1728515625
0.8628,0,-0.0875244140625,0,0.6572265625,0,-0.04742431640625,0,-0.2279052734375
0.8743,0,-0.0875244140625,0,0.6572265625,0,0.041259765625,0,-0.2279052734375
0.8831,0,0.0267333984375,0,0.6572265625,0,0.041259765625,0,-0.187744140625
0.8944,0,0.0267333984375,0,0.55029296875,0,0.0845947265625,0,-0.187744140625
0.9053,0,0.1324462890625,0,0.55029296875,0,0.0845947265625,0,-0.1209716796875
0.9144,0,0.1324462890625,0,-0.0308837890625,0,0.1483154296875,0,-0.1209716796875
0.9228,0,-0.083740234375,0,-0.0308837890625,0,0.1483154296875,0,-0.07476806640625
0.9363,0,-0.083740234375,0,0.190673828125,0,0.053375244140625,0,-0.07476806640625
0.9452,0,-0.1712646484375,0,0.190673828125,0,0.053375244140625,0,-0.1285400390625
0.9572,0,-0.1712646484375,0,0.0933837890625,0,0.04962158203125,0,-0.1285400390625
0.9742,0,0.037872314453125,0,0.61181640625,0,0.03759765625,0,0.2261962890625
0.9831,0,0.09674072265625,0,0.61181640625,0,0.03759765625,0,0.183349609375
0.9943,0,0.09674072265625,0,0.323974609375,0,-0.02392578125,0,0.183349609375
1.0043,0,0.112548828125,0,0.323974609375,0,-0.02392578125,0,-0.0308380126953125
1.0151,0,0.112548828125,0,0.288330078125,0,-0.0484619140625,0,-0.0308380126953125
1.0203,0,0.07489013671875,0,0.288330078125,0,-0.0484619140625,0,0.1884765625
1.0351,0,0.07489013671875,0,0.30712890625,0,-0.054779052734375,0,0.1884765625
1.0443,0,0.1793212890625,0,0.30712890625,0,-0.054779052734375,0,0.02716064453125
1.0557,0,0.1793212890625,0,0.076416015625,0,0.07476806640625,0,0.02716064453125
1.0643,0,0.101806640625,0,0.076416015625,0,0.07476806640625,0,0.1759033203125
1.0744,0,-0.1177978515625,0,0.355712890625,0,-0.06268310546875,0,0.0285797119140625
1.0897,0,-0.1177978515625,0,-0.373291015625,0,0.045135498046875,0,0.0285797119140625
1.0991,0,-0.172607421875,0,-0.373291015625,0,0.045135498046875,0,-0.255126953125
1.1055,0,-0.172607421875,0,-0.1962890625,0,-0.0406494140625,0,-0.255126953125
1.1197,0,-0.1768798828125,0,-0.1962890625,0,-0.0406494140625,0,-0.255126953125
1.1264,0,-0.1768798828125,0,1.1279296875,0,0.08587646484375,0,-0.0858154296875
1.1406,0,0.097412109375,0,1.1279296875,0,0.08587646484375,0,-0.0858154296875
1.1508,0,0.097412109375,0,-0.564453125,0,0.08587646484375,0,0.146240234375
1.1552,0,-0.21044921875,0,-0.564453125,0,0.048095703125,0,-0.061431884765625
1.1693,0,-0.21044921875,0,-0.386962890625,0,0.048095703125,0,-0.061431884765625
1.1797,0,0.11029052734375,0,-0.386962890625,0,0.08770751953125,0,-0.061431884765625
1.1911,0,0.11029052734375,0,0.327392578125,0,0.08770751953125,0,-0.1146240234375
1.1960,0,0.1356201171875,0,0.327392578125,0,0.1297607421875,0,-0.1146240234375
1.2110,0,0.1356201171875,0,-0.150390625,0,-0.043853759765625,0,-0.1566162109375
1.2198,0,0.042694091796875,0,-0.150390625,0,-0.043853759765625,0,-0.1566162109375
1.2284,0,0.042694091796875,0,-0.4453125,0,-0.043853759765625,0,-0.26171875
1.2401,0,-0.03558349609375,0,-0.4453125,0,0.042572021484375,0,-0.26171875
1.2514,0,-0.03558349609375,0,-0.4453125,0,0.042572021484375,0,0.0777587890625
1.2555,0,-0.1019287109375,0,-0.2666015625,0,0.0987548828125,0,0.0777587890625
1.2709,0,-0.1019287109375,0,-0.2666015625,0,0.0987548828125,0,0.143798828125
1.2756,0,-0.03778076171875,0,0.7265625,0,-0.0538330078125,0,0.143798828125
1.2908,0,-0.03778076171875,0,0.7265625,0,-0.0538330078125,0,0.1812744140625
1.3012,0,-0.03778076171875,0,-0.484130859375,0,0.057373046875,0,0.1812744140625
1.3076,0,-0.0975341796875,0,0.51171875,0,0.057373046875,0,-0.26953125
1.3164,0,-0.2022705078125,0,0.51171875,0,0.057830810546875,0,-0.26953125
1.3317,0,-0.2022705078125,0,0.51171875,0,0.057830810546875,0,0.156494140625
1.3362,0,0.1611328125,0,1.015625,0,-0.025634765625,0,0.156494140625
1.3521,0,0.1611328125,0,1.015625,0,-0.025634765625,0,-0.011810302734375
1.3601,0,0.049224853515625,0,0.151611328125,0,-0.052398681640625,0,-0.011810302734375
1.3716,0,0.049224853515625,0,0.151611328125,0,-0.052398681640625,0,0.014404296875
1.3798,0,0.049224853515625,0,-0.424560546875,0,0.032928466796875,0,0.014404296875
1.3932,0,-0.166748046875,0,-0.424560546875,0,0.032928466796875,0,-0.0694580078125
1.4032,0,-0.166748046875,0,-0.277099609375,0,-0.052764892578125,0,-0.0694580078125
1.4159,0,-0.139892578125,0,-0.277099609375,0,-0.052764892578125,0,-0.11956787109375
1.4231,0,-0.139892578125,0,-0.054412841796875,0,0.1221923828125,0,-0.11956787109375
1.4366,0,0.08172607421875,0,-0.054412841796875,0,0.1221923828125,0,-0.221435546875
1.4428,0,0.08172607421875,0,-0.062225341796875,0,0.048583984375,0,-0.221435546875
1.4542,0,0.1268310546875,0,-0.062225341796875,0,0.048583984375,0,0.0859375
1.4628,0,0.1268310546875,0,-0.480224609375,0,0.11407470703125,0,0.0859375
1.4759,0,0.093505859375,0,-0.480224609375,0,0.11407470703125,0,-0.201904296875
1.4847,0,0.093505859375,0,-0.42626953125,0,0.041107177734375,0,-0.201904296875
1.4974,0,-0.020965576171875,0,-0.378662109375,0,0.041107177734375,0,-0.178955078125
1.5018,0,-0.020965576171875,0,-0.378662109375,0,0.03424072265625,0,-0.178955078125
1.5233,0,-0.170654296875,0,0.07391357421875,0,-0.0633544921875,0,0.19580078125
1.5397,0,0.054473876953125,0,-0.414306640625,0,-0.04266357421875,0,0.0186309814453125
1.5534,0,-0.18505859375,0,-0.414306640625,0,-0.04266357421875,0,-0.05078125
1.5594,0,-0.18505859375,0,-0.7001953125,0,0.056671142578125,0,-0.05078125
1.5762,0,-0.037200927734375,0,-0.2052001953125,0,0.032623291015625,0,0.16796875
1.5845,0,-0.1317138671875,0,-0.2052001953125,0,0.032623291015625,0,0.16796875
1.5939,0,-0.1317138671875,0,-0.2052001953125,0,0.032623291015625,0,-0.213623046875
1.6025,0,-0.1317138671875,0,1.013671875,0,0.05780029296875,0,-0.213623046875
1.6140,0,-0.096435546875,0,1.013671875,0,0.05780029296875,0,0.13427734375
1.6233,0,-0.096435546875,0,-0.1383056640625,0,-0.057647705078125,0,0.13427734375
1.6362,0,-0.11395263671875,0,-0.1383056640625,0,-0.057647705078125,0,-0.18603515625
1.6433,0,-0.11395263671875,0,-0.1265869140625,0,0.0350341796875,0,-0.18603515625
1.6544,0,0.1324462890625,0,-0.1265869140625,0,0.0350341796875,0,0.184326171875
1.6624,0,0.1324462890625,0,0.10205078125,0,0.0350341796875,0,0.184326171875
1.6749,0,0.111328125,0,0.10205078125,0,0.02349853515625,0,0.05517578125
1.6902,0,0.111328125,0,-0.44921875,0,0.0220184326171875,0,0.05517578125
1.6940,0,0.1053466796875,0,-0.44921875,0,0.0220184326171875,0,-0.22412109375
1.7040,0,0.1053466796875,0,-0.311767578125,0,0.06414794921875,0,-0.22412109375
1.7147,0,-0.1856689453125,0,-0.311767578125,0,0.06414794921875,0,0.01532745361328125
1.7240,0,-0.1856689453125,0,-0.305908203125,0,0.06414794921875,0,0.01532745361328125
1.7361,0,-0.14990234375,0,-0.305908203125,0,0.02984619140625,0,0.1827392578125
1.7424,0,-0.14990234375,0,1.0771484375,0,0.08123779296875,0,0.1827392578125
1.7537,0,-0.171142578125,0,1.0771484375,0,0.08123779296875,0,0.0775146484375
1.7635,0,-0.171142578125,0,-0.08551025390625,0,0.053985595703125,0,0.0775146484375
1.7800,0,0.1171875,0,-0.08551025390625,0,0.053985595703125,0,0.227294921875
1.7850,0,0.1171875,0,-0.32666015625,0,0.035858154296875,0,0.227294921875
1.7947,0,0.003490447998046875,0,-0.32666015625,0,0.035858154296875,0,0.095703125
1.8028,0,0.003490447998046875,0,0.86279296875,0,0.035858154296875,0,0.095703125
1.8142,0,0.1600341796875,0,0.86279296875,0,0.056915283203125,0,-0.169677734375
1.8249,0,0.1600341796875,0,-0.332275390625,0,-0.0237274169921875,0,-0.169677734375
1.8353,0,-0.220947265625,0,-0.332275390625,0,-0.0237274169921875,0,0.2093505859375
1.8451,0,-0.220947265625,0,0.045440673828125,0,-0.07427978515625,0,0.2093505859375
1.8560,0,0.04364013671875,0,0.045440673828125,0,-0.07427978515625,0,-0.1181640625
1.8625,0,0.04364013671875,0,0.385986328125,0,0.03961181640625,0,-0.1181640625
1.8737,0,0.08636474609375,0,0.385986328125,0,0.03961181640625,0,-0.1181640625
1.8867,0,0.08636474609375,0,0.2149658203125,0,0.037200927734375,0,-0.129150390625
1.8936,0,0.158203125,0,0.2149658203125,0,0.037200927734375,0,-0.129150390625
1.9039,0,0.158203125,0,0.2149658203125,0,-0.038970947265625,0,0.1588134765625
1.9147,0,-0.007755279541015625,0,-0.27001953125,0,-0.038970947265625,0,0.1588134765625
1.9243,0,-0.007755279541015625,0,-0.27001953125,0,-0.038970947265625,0,-0.09588623046875
1.9348,0,-0.042999267578125,0,0.437255859375,0,-0.029266357421875,0,-0.09588623046875
1.9481,0,-0.042999267578125,0,0.29052734375,0,0.06292724609375,0,0.030242919921875
1.9552,0,0.03594970703125,0,0.29052734375,0,0.06292724609375,0,0.030242919921875
1.9652,0,0.03594970703125,0,0.29052734375,0,0.06292724609375,0,-0.234130859375
1.9784,0,0.03594970703125,0,0.82373046875,0,0.01380157470703125,0,-0.234130859375
1.9978,0,0.09271240234375,0,0.5,0,0.05511474609375,0,-0.232177734375
2.0078,0,0.09271240234375,0,0.5,0,0.05511474609375,0,0.09539794921875
2.0185,0,0.09271240234375,0,-0.376708984375,0,0.0263824462890625,0,0.09539794921875
2.0308,0,-0.196533203125,0,-0.376708984375,0,0.0263824462890625,0,-0.1888427734375
2.0386,0,-0.196533203125,0,-0.2509765625,0,0.016815185546875,0,-0.1888427734375
2.0467,0,-0.182861328125,0,-0.2509765625,0,0.016815185546875,0,-0.2247314453125
2.0597,0,-0.182861328125,0,-0.1787109375,0,-0.0261383056640625,0,-0.2247314453125
2.0782,0,-0.03314208984375,0,-0.8330078125,0,0.0249176025390625,0,-0.1707763671875
2.0866,0,-0.03314208984375,0,-0.8330078125,0,0.0249176025390625,0,0.1929931640625
2.1011,0,-0.03314208984375,0,0.051849365234375,0,0.03790283203125,0,0.1929931640625
2.1068,0,0.067138671875,0,0.051849365234375,0,0.03790283203125,0,0.1929931640625
2.1200,0,0.067138671875,0,-0.321044921875,0,0.10400390625,0,0.042449951171875
2.1378,0,-0.033447265625,0,-0.27978515625,0,0.045440673828125,0,-0.0194549560546875
2.1462,0,0.0180511474609375,0,-0.27978515625,0,0.045440673828125,0,0.126220703125
2.1572,0,0.0180511474609375,0,-0.27978515625,0,0.0257720947265625,0,0.126220703125
2.1667,0,0.09381103515625,0,0.744140625,0,0.0257720947265625,0,0.004795074462890625
2.1748,0,0.09381103515625,0,-0.2330322265625,0,0.1290283203125,0,0.004795074462890625
2.1844,0,0.059417724609375,0,-0.2330322265625,0,0.1290283203125,0,0.188232421875
2.1998,0,0.059417724609375,0,-0.387451171875,0,0.06292724609375,0,0.188232421875
2.2035,0,-0.10821533203125,0,-0.387451171875,0,0.06292724609375,0,-0.0733642578125
2.2155,0,-0.10821533203125,0,-0.46875,0,-0.040863037109375,0,-0.0733642578125
2.2231,0,-0.098388671875,0,-0.46875,0,-0.040863037109375,0,-0.0733642578125
2.2350,0,-0.098388671875,0,-0.46875,0,-0.043243408203125,0,-0.0263671875
2.2433,0,0.1353759765625,0,-0.185302734375,0,-0.043243408203125,0,-0.0263671875
2.2547,0,0.1353759765625,0,-0.185302734375,0,-0.027557373046875,0,-0.12347412109375
2.2645,0,0.1353759765625,0,-0.319091796875,0,-0.027557373046875,0,-0.12347412109375
2.2758,0,-0.19775390625,0,-0.319091796875,0,0.06414794921875,0,-0.06427001953125
2.2854,0,0.0264129638671875,0,1.1708984375,0,0.06414794921875,0,-0.10736083984375
2.2982,0,0.0264129638671875,0,1.1708984375,0,0.0635986328125,0,-0.10736083984375
2.3050,0,0.1229248046875,0,0.33544921875,0,0.0635986328125,0,-0.10736083984375
2.3187,0,0.1229248046875,0,0.33544921875,0,0.0635986328125,0,0.04620361328125
2.3244,0,0.0262451171875,0,-0.64306640625,0,0.01259613037109375,0,0.04620361328125
2.3372,0,0.0262451171875,0,-0.64306640625,0,0.031768798828125,0,-0.07806396484375
2.3445,0,0.03662109375,0,0.335693359375,0,0.031768798828125,0,-0.07806396484375
2.3556,0,0.03662109375,0,0.335693359375,0,0.0249176025390625,0,0.201904296875
2.3644,0,-0.14501953125,0,-0.11724853515625,0,0.0249176025390625,0,0.201904296875
2.3757,0,-0.14501953125,0,-0.11724853515625,0,0.048736572265625,0,0.2496337890625
2.3845,0,0.1763916015625,0,-0.1676025390625,0,0.048736572265625,0,0.2496337890625
2.4065,0,-0.187255859375,0,-0.034912109375,0,0.0791015625,0,-0.10626220703125
2.4255,0,0.052947998046875,0,0.55615234375,0,-0.055908203125,0,0.17333984375
2.4371,0,0.052947998046875,0,0.55615234375,0,-0.055908203125,0,-0.06854248046875
2.4426,0,-0.05010986328125,0,0.84912109375,0,0.035919189453125,0,-0.06854248046875
2.4555,0,-0.05010986328125,0,0.84912109375,0,0.035919189453125,0,0.1893310546875
2.4618,0,-0.05010986328125,0,0.75732421875,0,-0.02655029296875,0,0.1893310546875
2.4748,0,-0.0633544921875,0,0.75732421875,0,0.0158843994140625,0,-0.17138671875
2.4836,0,-0.0782470703125,0,-0.564453125,0,0.0158843994140625,0,-0.17138671875
2.4951,0,-0.0782470703125,0,-0.564453125,0,0.0158843994140625,0,-0.18896484375
2.5093,0,-0.0782470703125,0,-0.032684326171875,0,0.04742431640625,0,-0.18896484375
2.5151,0,0.0577392578125,0,-0.032684326171875,0,0.04742431640625,0,0.2152099609375
2.5240,0,0.127197265625,0,-0.52490234375,0,0.04791259765625,0,0.2152099609375
2.5351,0,0.127197265625,0,-0.52490234375,0,0.04791259765625,0,0.1768798828125
2.5438,0,0.127197265625,0,-0.1007080078125,0,-0.056915283203125,0,0.1768798828125
2.5555,0,-0.11932373046875,0,-0.1007080078125,0,-0.056915283203125,0,-0.2138671875
2.5650,0,-0.11932373046875,0,-0.1007080078125,0,0.052001953125,0,-0.2138671875
2.5751,0,0.028106689453125,0,0.7568359375,0,0.052001953125,0,-0.1387939453125
2.5853,0,0.028106689453125,0,0.06671142578125,0,-0.045257568359375,0,-0.1387939453125
2.5967,0,-0.0311431884765625,0,0.06671142578125,0,-0.032196044921875,0,-0.059478759765625
2.6070,0,-0.0311431884765625,0,-0.708984375,0,-0.032196044921875,0,-0.059478759765625
2.6189,0,-0.0205078125,0,-0.708984375,0,-0.032196044921875,0,0.049560546875
2.6264,0,-0.0205078125,0,-0.423828125,0,0.050872802734375,0,0.049560546875
2.6377,0,0.1163330078125,0,-0.423828125,0,0.050872802734375,0,-0.188720703125
2.6450,0,0.1163330078125,0,-0.423828125,0,0.07501220703125,0,-0.188720703125
2.6561,0,-0.04443359375,0,0.343994140625,0,0.07501220703125,0,0.127197265625
2.6664,0,-0.04443359375,0,0.343994140625,0,0.0281219482421875,0,0.127197265625
2.6767,0,-0.066650390625,0,-0.430419921875,0,0.0281219482421875,0,0.058135986328125
2.6855,0,-0.066650390625,0,0.058624267578125,0,0.0635986328125,0,0.058135986328125
2.6973,0,0.115966796875,0,0.058624267578125,0,0.0635986328125,0,0.058135986328125
2.7065,0,0.115966796875,0,0.44873046875,0,0.06695556640625,0,-0.1630859375
2.7141,0,-0.09429931640625,0,0.44873046875,0,0.06695556640625,0,-0.050750732421875
2.7262,0,-0.09429931640625,0,0.44873046875,0,0.0440673828125,0,-0.050750732421875
2.7376,0,0.15576171875,0,0.69921875,0,0.0440673828125,0,-0.0209808349609375
2.7430,0,0.15576171875,0,0.69921875,0,-0.04107666015625,0,-0.0209808349609375
2.7546,0,-0.107177734375,0,-0.88525390625,0,-0.04107666015625,0,0.07171630859375
2.7650,0,-0.107177734375,0,0.433837890625,0,0.11956787109375,0,0.07171630859375
2.7743,0,-0.10687255859375,0,0.433837890625,0,0.11956787109375,0,0.07171630859375
2.7875,0,-0.10687255859375,0,-0.383056640625,0,0.0322265625,0,-0.1207275390625
2.7940,0,0.0733642578125,0,-0.383056640625,0,0.0322265625,0,-0.1207275390625
2.8032,0,0.0733642578125,0,-0.383056640625,0,-0.0394287109375,0,-0.05010986328125
2.8155,0,0.1119384765625,0,-0.297119140625,0,-0.0394287109375,0,-0.05010986328125
2.8247,0,0.1119384765625,0,-0.297119140625,0,-0.03546142578125,0,-0.115234375
2.8359,0,-0.0728759765625,0,0.384521484375,0,-0.03546142578125,0,-0.115234375
2.8448,0,-0.0728759765625,0,0.384521484375,0,0.046295166015625,0,-0.2376708984375
2.8565,0,0.0457763671875,0,0.060302734375,0,0.046295166015625,0,0.2078857421875
2.8639,0,0.0457763671875,0,0.060302734375,0,-0.057769775390625,0,0.2078857421875
2.8750,0,-0.1287841796875,0,-0.71435546875,0,-0.057769775390625,0,0.2078857421875
2.8839,0,-0.1287841796875,0,-0.71435546875,0,-0.0697021484375,0,0.1690673828125
2.8951,0,-0.128173828125,0,0.99560546875,0,-0.0697021484375,0,0.1690673828125
2.9038,0,-0.128173828125,0,0.99560546875,0,0.07159423828125,0,-0.1693115234375
2.9164,0,-0.128173828125,0,0.86767578125,0,0.07159423828125,0,-0.1693115234375
2.9246,0,-0.181396484375,0,0.86767578125,0,-0.0628662109375,0,-0.1224365234375
2.9372,0,-0.181396484375,0,-0.227294921875,0,-0.0628662109375,0,-0.1224365234375
2.9444,0,0.068359375,0,-0.227294921875,0,-0.0328369140625,0,0.184814453125
2.9577,0,0.068359375,0,0.1142578125,0,-0.0328369140625,0,0.184814453125
2.9707,0,-0.049102783203125,0,0.1142578125,0,0.038818359375,0,0.2159423828125
2.9767,0,-0.07501220703125,0,-0.265869140625,0,0.038818359375,0,0.2159423828125
2.9883,0,-0.07501220703125,0,-0.265869140625,0,0.099365234375,0,0.10723876953125
2.9990,0,0.0797119140625,0,-0.229248046875,0,0.099365234375,0,0.10723876953125
3.0069,0,0.0797119140625,0,-0.229248046875,0,0.01282501220703125,0,0.06781005859375
3.0259,0,0.0679931640625,0,-0.0977783203125,0,-0.088134765625,0,0.1893310546875
3.0347,0,0.0679931640625,0,-0.2099609375,0,-0.088134765625,0,0.1893310546875
3.0463,0,-0.07171630859375,0,-0.2099609375,0,-0.088134765625,0,0.1348876953125
3.0562,0,-0.07171630859375,0,-0.415283203125,0,0.0521240234375,0,0.1348876953125
3.0665,0,0.06549072265625,0,-0.415283203125,0,0.0521240234375,0,-0.08355712890625
3.0769,0,0.06549072265625,0,-0.17333984375,0,0.031829833984375,0,-0.08355712890625
3.0920,0,-0.09912109375,0,-0.17333984375,0,0.031829833984375,0,-0.1611328125
3.0995,0,-0.09912109375,0,0.953125,0,-0.04833984375,0,-0.1611328125
3.1059,0,0.131103515625,0,0.953125,0,-0.04833984375,0,-0.016998291015625
3.1175,0,0.131103515625,0,0.63916015625,0,0.06378173828125,0,-0.016998291015625
3.1253,0,0.0596923828125,0,0.63916015625,0,0.06378173828125,0,0.121337890625
3.1363,0,0.0596923828125,0,0.047515869140625,0,0.0322265625,0,0.121337890625
3.1506,0,-0.257568359375,0,0.047515869140625,0,0.0322265625,0,0.09375
3.1593,0,-0.257568359375,0,-0.37646484375,0,-0.034027099609375,0,0.09375
3.1677,0,-0.043487548828125,0,-0.37646484375,0,-0.034027099609375,0,0.060791015625
3.1780,0,-0.043487548828125,0,0.373779296875,0,-0.0396728515625,0,0.060791015625
3.1855,0,0.10693359375,0,0.373779296875,0,-0.0396728515625,0,0.186279296875
3.1999,0,0.10693359375,0,-0.057403564453125,0,-0.03350830078125,0,0.186279296875
3.2047,0,-0.01145172119140625,0,-0.057403564453125,0,-0.03350830078125,0,-0.0670166015625
3.2171,0,-0.01145172119140625,0,0.888671875,0,0.048095703125,0,-0.0670166015625
3.2248,0,0.0814208984375,0,0.888671875,0,0.048095703125,0,-0.0670166015625
3.2377,0,0.0814208984375,0,-0.54248046875,0,0.058319091796875,0,0.12493896484375
3.2457,0,-0.135986328125,0,-0.54248046875,0,0.058319091796875,0,0.1666259765625
3.2571,0,-0.135986328125,0,-0.10302734375,0,-0.046173095703125,0,0.1666259765625
3.2659,0,-0.06976318359375,0,-0.10302734375,0,-0.046173095703125,0,0.10198974609375
3.2734,0,-0.06976318359375,0,1.021484375,0,-0.035980224609375,0,0.10198974609375
3.2861,0,-0.017242431640625,0,1.021484375,0,-0.035980224609375,0,0.09661865234375
3.2940,0,-0.017242431640625,0,-0.407470703125,0,0.0904541015625,0,0.09661865234375
3.3023,0,0.036407470703125,0,-0.407470703125,0,0.0904541015625,0,0.09661865234375
3.3142,0,0.036407470703125,0,0.70166015625,0,0.11480712890625,0,-0.1285400390625
3.3219,0,-0.06085205078125,0,0.70166015625,0,0.11480712890625,0,-0.1285400390625
3.3351,0,-0.06085205078125,0,-0.2347412109375,0,0.078369140625,0,-0.193603515625
3.3459,0,0.07977294921875,0,-0.2347412109375,0,0.078369140625,0,-0.046142578125
3.3556,0,0.07977294921875,0,-0.2347412109375,0,-0.0809326171875,0,-0.046142578125
3.3694,0,0.061126708984375,0,0.418212890625,0,-0.0809326171875,0,0.1553955078125
3.3733,0,0.061126708984375,0,0.418212890625,0,0.06597900390625,0,0.1553955078125
3.3880,0,0.061126708984375,0,-0.367919921875,0,0.06597900390625,0,0.1553955078125
3.4014,0,-0.074951171875,0,1.087890625,0,0.03936767578125,0,0.1640625
3.4084,0,0.0694580078125,0,1.087890625,0,0.03936767578125,0,0.1640625
3.4183,0,0.0694580078125,0,1.087890625,0,0.025787353515625,0,-0.12066650390625
3.4273,0,0.0694580078125,0,-0.08953857421875,0,0.025787353515625,0,-0.12066650390625
3.4361,0,-0.0760498046875,0,-0.08953857421875,0,0.025787353515625,0,-0.037841796875
3.4483,0,-0.0760498046875,0,-0.34375,0,-0.033843994140625,0,-0.037841796875
3.4558,0,0.0830078125,0,-0.34375,0,0.032135009765625,0,0.214599609375
3.4685,0,0.0830078125,0,0.2178955078125,0,0.032135009765625,0,0.214599609375
3.4755,0,-0.1612548828125,0,0.2178955078125,0,0.12127685546875,0,0.053009033203125
3.4894,0,-0.1612548828125,0,0.615234375,0,0.12127685546875,0,0.053009033203125
3.4952,0,0.1258544921875,0,0.615234375,0,0.12127685546875,0,0.1566162109375
3.5114,0,0.1258544921875,0,0.425048828125,0,0.06353759765625,0,0.1566162109375
3.5194,0,-0.1951904296875,0,0.425048828125,0,0.059906005859375,0,0.1605224609375
3.5266,0,-0.1951904296875,0,0.1490478515625,0,0.059906005859375,0,0.1605224609375
3.5468,0,0.09033203125,0,0.02069091796875,0,0.02386474609375,0,-0.089599609375
3.5558,0,-0.08624267578125,0,0.02069091796875,0,0.02386474609375,0,-0.21044921875
3.5752,0,-0.13525390625,0,-0.06842041015625,0,0.05023193359375,0,0.06170654296875
3.5836,0,-0.13525390625,0,-0.06341552734375,0,-0.09521484375,0,0.06170654296875
3.5936,0,-0.0611572265625,0,-0.06341552734375,0,-0.09521484375,0,-0.1802978515625
3.6023,0,-0.0611572265625,0,1.1455078125,0,0.12432861328125,0,-0.1802978515625
3.6149,0,-0.11016845703125,0,1.1455078125,0,0.12432861328125,0,-0.1856689453125
3.6252,0,-0.11016845703125,0,-0.021026611328125,0,0.0604248046875,0,-0.1856689453125
3.6394,0,0.0364990234375,0,-0.021026611328125,0,0.0604248046875,0,-0.290771484375
3.6460,0,0.0364990234375,0,-0.28466796875,0,0.0166473388671875,0,-0.290771484375
3.6570,0,0.0550537109375,0,-0.28466796875,0,0.0166473388671875,0,-0.290771484375
3.6759,0,-0.018402099609375,0,0.01519012451171875,0,0.042999267578125,0,0.1878662109375
3.6888,0,-0.018402099609375,0,-0.470458984375,0,0.0511474609375,0,0.1878662109375
3.7008,0,0.0648193359375,0,-0.470458984375,0,0.0511474609375,0,0.1878662109375
3.7051,0,0.0648193359375,0,0.5185546875,0,0.108642578125,0,0.2265625
3.7182,0,0.02093505859375,0,0.5185546875,0,0.108642578125,0,0.2265625
3.7247,0,0.02093505859375,0,-0.42431640625,0,-0.045379638671875,0,-0.119873046875
3.7388,0,0.0982666015625,0,-0.42431640625,0,-0.045379638671875,0,-0.119873046875
3.7454,0,0.0982666015625,0,0.364990234375,0,0.1168212890625,0,-0.0682373046875
3.7565,0,0.0931396484375,0,0.364990234375,0,0.1168212890625,0,-0.0682373046875
3.7630,0,0.0931396484375,0,0.364990234375,0,0.007720947265625,0,0.1173095703125
3.7763,0,-0.06561279296875,0,0.11260986328125,0,0.007720947265625,0,0.1173095703125
3.7855,0,-0.06561279296875,0,0.11260986328125,0,0.064208984375,0,0.1798095703125
3.7967,0,0.1123046875,0,0.4619140625,0,0.064208984375,0,0.1798095703125
3.8085,0,0.1123046875,0,0.31298828125,0,-0.0164947509765625,0,0.2027587890625
3.8141,0,0.0382080078125,0,0.31298828125,0,-0.0164947509765625,0,0.2027587890625
3.8236,0,0.0382080078125,0,0.31298828125,0,0.043426513671875,0,0.2080078125
3.8377,0,0.022918701171875,0,-0.41943359375,0,0.043426513671875,0,0.2080078125
3.8453,0,0.022918701171875,0,-0.41943359375,0,0.033843994140625,0,-0.1494140625
3.8572,0,-0.172119140625,0,0.0377197265625,0,0.033843994140625,0,-0.1494140625
3.8707,0,-0.172119140625,0,0.0377197265625,0,0.1246337890625,0,-0.1683349609375
3.8780,0,-0.172119140625,0,0.2330322265625,0,0.1246337890625,0,-0.1683349609375
3.8884,0,-0.010711669921875,0,0.2330322265625,0,0.00978851318359375,0,0.193603515625
3.8985,0,-0.010711669921875,0,0.232421875,0,0.00978851318359375,0,0.193603515625
3.9066,0,-0.255126953125,0,0.232421875,0,-0.049468994140625,0,-0.06365966796875
3.9186,0,-0.255126953125,0,-0.1583251953125,0,-0.049468994140625,0,-0.06365966796875
3.9323,0,-0.13916015625,0,-0.1583251953125,0,-0.0687255859375,0,0.2020263671875
3.9365,0,-0.13916015625,0,0.09002685546875,0,-0.0687255859375,0,0.2020263671875
3.9452,0,0.1312255859375,0,0.09002685546875,0,-0.0687255859375,0,0.053680419921875
3.9588,0,0.1312255859375,0,0.306884765625,0,0.0092010498046875,0,0.053680419921875
3.9651,0,0.045928955078125,0,0.306884765625,0,0.0092010498046875,0,0.213134765625
3.9785,0,0.045928955078125,0,-0.03399658203125,0,0.046844482421875,0,0.213134765625
3.9885,0,0.11053466796875,0,-0.03399658203125,0,0.04754638671875,0,-0.01293182373046875
3.9966,0,0.11053466796875,0,-0.147216796875,0,0.04754638671875,0,-0.01293182373046875
4.0077,0,-0.033660888671875,0,-0.147216796875,0,0.04754638671875,0,0.172607421875
4.0196,0,-0.033660888671875,0,0.61474609375,0,0.034027099609375,0,0.172607421875
4.0258,0,-0.0784912109375,0,0.61474609375,0,0.034027099609375,0,0.172607421875
4.0356,0,-0.0784912109375,0,-0.58251953125,0,-0.08721923828125,0,0.11724853515625
4.0436,0,-0.10150146484375,0,-0.58251953125,0,-0.08721923828125,0,0.11724853515625
4.0558,0,-0.10150146484375,0,-0.58251953125,0,0.0400390625,0,-0.2047119140625
4.0632,0,0.109619140625,0,-0.51171875,0,0.0400390625,0,-0.2047119140625
4.0756,0,0.109619140625,0,-0.51171875,0,0.041900634765625,0,0.024200439453125
4.0864,0,0.045379638671875,0,-0.10699462890625,0,0.041900634765625,0,0.024200439453125
4.0957,0,0.045379638671875,0,0.5029296875,0,0.045074462890625,0,-0.1534423828125
4.1043,0,0.073486328125,0,0.5029296875,0,0.045074462890625,0,-0.1534423828125
4.1151,0,0.073486328125,0,-0.1832275390625,0,0.0081329345703125,0,0.185546875
4.1236,0,0.068359375,0,-0.1832275390625,0,0.0081329345703125,0,0.185546875
4.1349,0,0.068359375,0,1.130859375,0,0.0780029296875,0,-0.045623779296875
4.1435,0,-0.051727294921875,0,1.130859375,0,0.0780029296875,0,-0.045623779296875
4.1554,0,-0.051727294921875,0,0.1251220703125,0,0.042633056640625,0,-0.260009765625
4.1633,0,0.0279083251953125,0,0.1251220703125,0,0.042633056640625,0,-0.260009765625
4.1760,0,0.0279083251953125,0,0.039306640625,0,0.0699462890625,0,0.191162109375
4.1808,0,-0.1461181640625,0,0.039306640625,0,0.0699462890625,0,0.191162109375
4.1946,0,-0.1461181640625,0,0.039306640625,0,-0.0726318359375,0,0.16064453125
4.2045,0,-0.1463623046875,0,-0.2103271484375,0,-0.0726318359375,0,0.16064453125
4.2151,0,-0.1463623046875,0,-0.2103271484375,0,0.0308074951171875,0,-0.25830078125
4.2231,0,0.0267791748046875,0,0.70166015625,0,0.0308074951171875,0,-0.25830078125
4.2354,0,0.0267791748046875,0,0.70166015625,0,-0.070068359375,0,0.235107421875
4.2439,0,0.0267791748046875,0,-0.051513671875,0,-0.070068359375,0,0.235107421875
4.2568,0,-0.11138916015625,0,-0.16259765625,0,-0.049652099609375,0,-0.2388916015625
4.2637,0,-0.1185302734375,0,-0.16259765625,0,-0.049652099609375,0,-0.2388916015625
4.2753,0,-0.1185302734375,0,-0.16259765625,0,0.1514892578125,0,-0.2548828125
4.2951,0,0.12310791015625,0,-0.541015625,0,-0.08721923828125,0,-0.157470703125
4.3044,0,0.04827880859375,0,-0.38134765625,0,-0.08721923828125,0,-0.157470703125
4.3154,0,0.04827880859375,0,-0.38134765625,0,-0.04718017578125,0,0.1925048828125
4.3283,0,-0.045745849609375,0,0.2529296875,0,-0.04718017578125,0,0.1925048828125
4.3332,0,-0.045745849609375,0,0.2529296875,0,-0.05078125,0,-0.038238525390625
4.3480,0,-0.045745849609375,0,-0.1929931640625,0,-0.05078125,0,-0.038238525390625
4.3547,0,0.06072998046875,0,-0.1929931640625,0,0.0682373046875,0,-0.1895751953125
4.3633,0,0.06072998046875,0,-0.443359375,0,0.0682373046875,0,-0.1895751953125
4.3744,0,0.0723876953125,0,-0.443359375,0,0.0682373046875,0,-0.1895751953125
4.3874,0,-0.021728515625,0,-0.19140625,0,-0.058197021484375,0,-0.1533203125
4.3964,0,-0.021728515625,0,-0.19140625,0,-0.0693359375,0,-0.173583984375
4.4061,0,-0.021728515625,0,0.74755859375,0,-0.0693359375,0,-0.173583984375
4.4158,0,0.087158203125,0,0.74755859375,0,0.086181640625,0,-0.2352294921875
4.4288,0,0.087158203125,0,-0.148681640625,0,0.086181640625,0,-0.2352294921875
4.4354,0,0.07891845703125,0,-0.148681640625,0,0.086181640625,0,-0.2352294921875
4.4438,0,0.07891845703125,0,0.66064453125,0,-0.060333251953125,0,0.163818359375
4.4556,0,-0.059478759765625,0,0.66064453125,0,-0.060333251953125,0,-0.10723876953125
4.4636,0,-0.059478759765625,0,-0.26953125,0,0.0882568359375,0,-0.10723876953125
4.4751,0,0.0780029296875,0,-0.26953125,0,0.0882568359375,0,0.047332763671875
4.4811,0,0.0780029296875,0,-0.208251953125,0,0.07513427734375,0,0.047332763671875
4.4948,0,0.06658935546875,0,-0.208251953125,0,0.036346435546875,0,-0.08111572265625
4.5033,0,0.06658935546875,0,0.56103515625,0,0.036346435546875,0,-0.08111572265625
4.5198,0,-0.076416015625,0,0.56103515625,0,0.036346435546875,0,-0.08111572265625
4.5293,0,-0.076416015625,0,-0.1973876953125,0,0.09112548828125,0,-0.044708251953125
4.5444,0,-0.05029296875,0,0.292724609375,0,0.034210205078125,0,0.1824951171875
4.5554,0,0.036041259765625,0,0.292724609375,0,-0.02801513671875,0,0.1824951171875
4.5635,0,0.036041259765625,0,0.292724609375,0,-0.02801513671875,0,-0.271728515625
4.5751,0,0.0850830078125,0,1.0322265625,0,-0.02801513671875,0,-0.271728515625
4.5962,0,-0.0931396484375,0,0.47509765625,0,0.035064697265625,0,0.09600830078125
4.6009,0,-0.0931396484375,0,0.05694580078125,0,-0.08099365234375,0,0.0361328125
4.6157,0,0.08062744140625,0,0.05694580078125,0,-0.08099365234375,0,0.0361328125
4.6250,0,0.08062744140625,0,0.2196044921875,0,0.035369873046875,0,-0.208740234375
4.6375,0,0.07427978515625,0,0.2196044921875,0,0.03961181640625,0,-0.208740234375
4.6492,0,0.07427978515625,0,0.376220703125,0,0.03961181640625,0,0.0113525390625
4.6597,0,-0.0845947265625,0,0.376220703125,0,0.03961181640625,0,0.0113525390625
4.6646,0,-0.0845947265625,0,-0.039093017578125,0,0.09112548828125,0,-0.150634765625
4.6781,0,-0.0726318359375,0,-0.039093017578125,0,0.04388427734375,0,-0.150634765625
4.6870,0,-0.0726318359375,0,-0.039093017578125,0,0.04388427734375,0,-0.154052734375
4.6937,0,0.07904052734375,0,-0.29052734375,0,0.04388427734375,0,-0.154052734375
4.7024,0,0.07904052734375,0,-0.2802734375,0,-0.07391357421875,0,-0.185302734375
4.7170,0,-0.049407958984375,0,-0.2802734375,0,-0.07391357421875,0,-0.185302734375
4.7278,0,-0.049407958984375,0,-0.52734375,0,0.0738525390625,0,-0.204833984375
4.7385,0,0.06170654296875,0,-0.52734375,0,0.07672119140625,0,-0.204833984375
4.7432,0,0.06170654296875,0,-0.52734375,0,0.07672119140625,0,-0.272216796875
4.7568,0,-0.1280517578125,0,-0.5888671875,0,0.042266845703125,0,-0.272216796875
4.7625,0,-0.1280517578125,0,-0.5888671875,0,0.042266845703125,0,-0.194580078125
4.7752,0,-0.0347900390625,0,-0.10693359375,0,0.042266845703125,0,-0.194580078125
4.7838,0,-0.0347900390625,0,-0.10693359375,0,0.0175628662109375,0,-0.238037109375
4.7947,0,-0.0347900390625,0,-0.472412109375,0,0.0175628662109375,0,-0.238037109375
4.8077,0,0.09161376953125,0,-0.472412109375,0,-0.02862548828125,0,-0.11309814453125
4.8168,0,0.09161376953125,0,-0.03009033203125,0,-0.02862548828125,0,-0.11309814453125
4.8277,0,-0.09332275390625,0,-0.03009033203125,0,0.09033203125,0,-0.188232421875
4.8347,0,-0.09332275390625,0,-1.09765625,0,0.09033203125,0,-0.188232421875
4.8432,0,-0.213134765625,0,-1.09765625,0,0.1031494140625,0,-0.1363525390625
4.8550,0,-0.213134765625,0,-0.459716796875,0,0.1031494140625,0,-0.1363525390625
4.8619,0,0.0234375,0,-0.459716796875,0,0.154052734375,0,-0.05267333984375
4.8745,0,0.0234375,0,0.98193359375,0,0.154052734375,0,-0.05267333984375
4.8822,0,0.0426025390625,0,0.98193359375,0,0.049041748046875,0,0.2125244140625
4.8946,0,0.0426025390625,0,-0.38134765625,0,0.049041748046875,0,0.2125244140625
4.9028,0,0.11309814453125,0,-0.38134765625,0,0.0159149169921875,0,0.2125244140625
4.9155,0,0.11309814453125,0,-0.2108154296875,0,0.0159149169921875,0,-0.1754150390625
4.9243,0,0.035125732421875,0,-0.2108154296875,0,0.04833984375,0,-0.1754150390625
4.9383,0,0.035125732421875,0,-0.38671875,0,0.04833984375,0,-0.257080078125
4.9427,0,0.11968994140625,0,-0.38671875,0,-0.062744140625,0,-0.257080078125
4.9555,0,0.11968994140625,0,-0.9853515625,0,-0.062744140625,0,0.19873046875
4.9627,0,0.093994140625,0,-0.9853515625,0,-0.05780029296875,0,0.19873046875
4.9753,0,0.093994140625,0,-0.06524658203125,0,-0.05780029296875,0,-0.0946044921875
4.9850,0,-0.1270751953125,0,-0.06524658203125,0,-0.01800537109375,0,-0.0946044921875
4.9951,0,-0.1270751953125,0,-0.541015625,0,-0.01800537109375,0,-0.08843994140625
5.0058,0,-0.0308380126953125,0,-0.541015625,0,-0.01800537109375,0,-0.08843994140625
5.0151,0,-0.0308380126953125,0,0.389404296875,0,-0.068115234375,0,-0.156494140625
5.0263,0,-0.07513427734375,0,0.389404296875,0,-0.068115234375,0,-0.156494140625
5.0391,0,-0.07513427734375,0,-0.06219482421875,0,-0.0264892578125,0,-0.17578125
5.0487,0,0.060333251953125,0,-0.06219482421875,0,-0.0264892578125,0,-0.17578125
5.0650,0,-0.0399169921875,0,-0.06512451171875,0,-0.03509521484375,0,-0.1219482421875
5.0746,0,-0.0399169921875,0,-0.00897216796875,0,0.07940673828125,0,0.2012939453125
5.0833,0,-0.09173583984375,0,-0.00897216796875,0,0.07940673828125,0,0.2012939453125
5.0973,0,-0.09173583984375,0,-0.41357421875,0,0.01242828369140625,0,0.1348876953125
5.1081,0,0.1148681640625,0,-0.41357421875,0,0.01242828369140625,0,0.1348876953125
5.1152,0,0.1148681640625,0,-0.41357421875,0,0.037261962890625,0,-0.160888671875
5.1280,0,-0.04632568359375,0,-0.462890625,0,0.037261962890625,0,-0.160888671875
5.1413,0,0.053253173828125,0,-0.033538818359375,0,-0.03387451171875,0,0.15283203125
5.1551,0,0.053253173828125,0,0.7470703125,0,-0.048614501953125,0,0.06494140625
5.1611,0,0.13427734375,0,0.7470703125,0,-0.048614501953125,0,0.06494140625
5.1730,0,0.13427734375,0,-0.3564453125,0,-0.061065673828125,0,0.2119140625
5.1852,0,-0.145751953125,0,-0.3564453125,0,-0.061065673828125,0,0.2119140625
5.1931,0,-0.145751953125,0,-0.30712890625,0,0.025665283203125,0,0.0704345703125
5.2023,0,-0.029266357421875,0,-0.30712890625,0,0.025665283203125,0,0.0704345703125
5.2131,0,-0.029266357421875,0,-0.30712890625,0,0.046051025390625,0,0.1961669921875
5.2218,0,0.1412353515625,0,-0.17724609375,0,0.046051025390625,0,0.1961669921875
5.2346,0,0.1412353515625,0,-0.17724609375,0,0.0604248046875,0,0.1961669921875
5.2414,0,-0.060577392578125,0,-0.1981201171875,0,0.0604248046875,0,0.055694580078125
5.2529,0,-0.060577392578125,0,-0.1981201171875,0,0.037353515625,0,0.055694580078125
5.2614,0,-0.0625,0,0.278076171875,0,0.037353515625,0,0.242919921875
5.2737,0,-0.0625,0,1.0390625,0,0.024200439453125,0,-0.10577392578125
5.2821,0,-0.1822509765625,0,1.0390625,0,0.024200439453125,0,-0.10577392578125
5.2934,0,-0.1822509765625,0,1.0390625,0,-0.054229736328125,0,-0.2353515625
5.3045,0,-0.1822509765625,0,-0.385009765625,0,-0.054229736328125,0,-0.2353515625
5.3134,0,-0.0733642578125,0,-0.385009765625,0,0.040283203125,0,0.01531219482421875
5.3220,0,0.05438232421875,0,-0.51513671875,0,0.040283203125,0,0.01531219482421875
5.3344,0,0.05438232421875,0,-0.51513671875,0,-0.08404541015625,0,0.01531219482421875
5.3484,0,0.0843505859375,0,-0.35302734375,0,-0.08404541015625,0,-0.1636962890625
5.3554,0,0.0843505859375,0,-0.35302734375,0,0.0531005859375,0,-0.1636962890625
5.3655,0,-0.11822509765625,0,-0.35205078125,0,0.0531005859375,0,0.19287109375
5.3788,0,-0.11822509765625,0,-0.5283203125,0,0.0300445556640625,0,-0.2076416015625
5.3844,0,0.1187744140625,0,-0.5283203125,0,0.0300445556640625,0,-0.2076416015625
5.3974,0,0.1187744140625,0,-0.5283203125,0,0.133056640625,0,-0.2076416015625
5.4102,0,0.08209228515625,0,-0.33056640625,0,0.133056640625,0,0.036651611328125
5.4235,0,0.0211029052734375,0,0.8486328125,0,0.10101318359375,0,0.205810546875
5.4333,0,0.0211029052734375,0,0.8486328125,0,-0.1002197265625,0,0.205810546875
5.4431,0,0.0533447265625,0,0.05810546875,0,-0.1002197265625,0,-0.1339111328125
5.4543,0,0.0533447265625,0,0.05810546875,0,-0.03582763671875,0,-0.2371826171875
5.4654,0,-0.0197906494140625,0,-0.12091064453125,0,-0.03582763671875,0,-0.2371826171875
5.4732,0,-0.0197906494140625,0,-0.12091064453125,0,0.032318115234375,0,-0.2371826171875
5.4845,0,-0.18798828125,0,-0.3369140625,0,0.032318115234375,0,-0.11029052734375
5.4927,0,-0.18798828125,0,-0.3369140625,0,0.025390625,0,-0.11029052734375
5.5015,0,-0.0843505859375,0,-0.036651611328125,0,0.025390625,0,0.1976318359375
5.5126,0,-0.0843505859375,0,-0.036651611328125,0,-0.0126953125,0,0.1976318359375
5.5213,0,-0.0843505859375,0,-0.2646484375,0,-0.0126953125,0,0.09393310546875
5.5353,0,0.0753173828125,0,-0.2646484375,0,0.08148193359375,0,0.09393310546875
5.5454,0,0.046661376953125,0,0.0546875,0,0.08148193359375,0,-0.2113037109375
5.5548,0,0.046661376953125,0,0.0546875,0,0.04296875,0,-0.2113037109375
5.5617,0,0.046661376953125,0,-0.413330078125,0,0.04296875,0,-0.1546630859375
5.5740,0,0.04339599609375,0,-0.413330078125,0,0.09906005859375,0,-0.1546630859375
5.5818,0,0.04339599609375,0,0.76220703125,0,0.09906005859375,0,0.09844970703125
5.5933,0,0.08892822265625,0,0.76220703125,0,0.056854248046875,0,0.09844970703125
5.6066,0,0.094970703125,0,-0.362060546875,0,0.056854248046875,0,0.2237548828125
5.6128,0,0.094970703125,0,-0.362060546875,0,0.05731201171875,0,0.2237548828125
5.6217,0,0.094970703125,0,-0.0182037353515625,0,0.05731201171875,0,-0.127685546875
5.6334,0,0.09637451171875,0,-0.0182037353515625,0,0.053619384765625,0,-0.127685546875
5.6425,0,0.09637451171875,0,-0.488037109375,0,0.053619384765625,0,0.154296875
5.6572,0,-0.19873046875,0,-0.488037109375,0,0.01617431640625,0,0.154296875
5.6635,0,-0.19873046875,0,-0.01522064208984375,0,0.01617431640625,0,0.11016845703125
5.6769,0,0.156494140625,0,-0.01522064208984375,0,0.0341796875,0,0.11016845703125
5.6842,0,-0.1611328125,0,-0.36328125,0,0.0341796875,0,0.1976318359375
5.6953,0,-0.1611328125,0,-0.36328125,0,-0.01348114013671875,0,0.1976318359375
5.7042,0,-0.1611328125,0,-0.36328125,0,-0.01348114013671875,0,-0.109619140625
5.7170,0,-0.022216796875,0,0.5126953125,0,-0.0310516357421875,0,-0.109619140625
5.7266,0,-0.022216796875,0,0.4384765625,0,-0.0310516357421875,0,0.076416015625
5.7378,0,-0.06390380859375,0,0.4384765625,0,-0.0310516357421875,0,0.076416015625
5.7447,0,-0.06390380859375,0,0.2149658203125,0,0.04949951171875,0,0.109375
5.7564,0,-0.0692138671875,0,0.2149658203125,0,0.03857421875,0,0.109375
5.7636,0,-0.0692138671875,0,0.2099609375,0,0.03857421875,0,-0.1578369140625
5.7749,0,-0.1319580078125,0,0.2099609375,0,-0.051788330078125,0,-0.1578369140625
5.7833,0,-0.1319580078125,0,-0.302001953125,0,-0.051788330078125,0,-0.1578369140625
5.7948,0,-0.135986328125,0,-0.302001953125,0,0.04949951171875,0,-0.203125
5.8037,0,-0.135986328125,0,-0.1854248046875,0,0.04949951171875,0,0.1297607421875
5.8156,0,-0.037200927734375,0,-0.1854248046875,0,0.04949951171875,0,0.1297607421875
5.8240,0,-0.037200927734375,0,-0.7431640625,0,0.10009765625,0,-0.1883544921875
5.8354,0,0.12237548828125,0,-0.7431640625,0,-0.0224761962890625,0,-0.1883544921875
5.8481,0,0.12237548828125,0,-0.2490234375,0,-0.0224761962890625,0,0.2291259765625
5.8565,0,-0.1207275390625,0,-0.2490234375,0,-0.0224761962890625,0,0.2291259765625
5.8773,0,0.0762939453125,0,0.02850341796875,0,-0.050079345703125,0,0.060882568359375
5.8855,0,0.0762939453125,0,0.02850341796875,0,-0.050079345703125,0,-0.2003173828125
5.8978,0,0.066162109375,0,-0.158447265625,0,-0.050079345703125,0,-0.2003173828125
5.9115,0,0.066162109375,0,-1.04296875,0,0.06622314453125,0,-0.1531982421875
5.9175,0,0.07720947265625,0,-1.04296875,0,0.06622314453125,0,-0.1531982421875
5.9261,0,0.07720947265625,0,-1.04296875,0,0.06988525390625,0,-0.1531982421875
5.9373,0,0.0341796875,0,-0.273193359375,0,0.00930023193359375,0,-0.250732421875
5.9464,0,0.0341796875,0,-0.273193359375,0,0.00930023193359375,0,-0.178955078125
5.9569,0,-0.034271240234375,0,-0.1334228515625,0,0.00930023193359375,0,-0.178955078125
5.9669,0,-0.034271240234375,0,-0.1334228515625,0,-0.08673095703125,0,-0.178955078125
5.9801,0,0.161376953125,0,0.307861328125,0,-0.08673095703125,0,0.2125244140625
5.9956,0,0.161376953125,0,0.307861328125,0,0.0699462890625,0,0.2125244140625
5.9988,0,0.01364898681640625,0,0.027740478515625,0,0.0699462890625,0,0.044677734375
6.0044,0,0.01364898681640625,0,0.027740478515625,0,0.058349609375,0,0.0594482421875
6.0148,0,0.160888671875,0,0.5712890625,0,0.058349609375,0,0.0594482421875
6.0346,0,0.160888671875,0,-0.190673828125,0,0.04962158203125,0,0.1962890625
6.0407,0,-0.06353759765625,0,-0.190673828125,0,0.04962158203125,0,0.1962890625
6.0457,0,-0.06353759765625,0,-0.190673828125,0,0.032440185546875,0,0.1962890625
6.0616,0,0.07000732421875,0,0.425537109375,0,0.032440185546875,0,-0.2359619140625
6.0638,0,0.07000732421875,0,0.425537109375,0,-0.0511474609375,0,-0.2359619140625
6.0762,0,-0.130615234375,0,-0.84814453125,0,-0.0511474609375,0,-0.1827392578125
6.0867,0,-0.130615234375,0,-0.84814453125,0,0.0106201171875,0,-0.1827392578125
6.0954,0,-0.130615234375,0,-0.312744140625,0,0.0106201171875,0,-0.07098388671875
6.1089,0,0.034454345703125,0,-0.312744140625,0,0.046875,0,-0.07098388671875
6.1187,0,0.034454345703125,0,-1.0595703125,0,0.046875,0,-0.2052001953125
6.1267,0,-0.0848388671875,0,-1.0595703125,0,-0.08782958984375,0,-0.206298828125
6.1356,0,0.09912109375,0,0.10150146484375,0,-0.08782958984375,0,-0.206298828125
6.1442,0,0.09912109375,0,0.10150146484375,0,0.063232421875,0,-0.206298828125
6.1566,0,0.04052734375,0,-0.25927734375,0,0.063232421875,0,-0.211181640625
6.1679,0,0.04052734375,0,-0.25927734375,0,0.0609130859375,0,-0.211181640625
6.1753,0,0.0516357421875,0,0.97900390625,0,0.0609130859375,0,-0.07305908203125
6.1839,0,0.0516357421875,0,0.97900390625,0,0.0574951171875,0,-0.07305908203125
6.1950,0,0.13623046875,0,-0.1474609375,0,0.0574951171875,0,-0.04150390625
6.2058,0,0.13623046875,0,-0.1474609375,0,0.10107421875,0,-0.04150390625
6.2146,0,0.13623046875,0,-0.2281494140625,0,0.10107421875,0,0.25244140625
6.2238,0,0.1007080078125,0,-0.2281494140625,0,-0.042022705078125,0,0.25244140625
6.2367,0,0.1007080078125,0,0.043731689453125,0,-0.042022705078125,0,-0.185791015625
6.2480,0,-0.1048583984375,0,0.043731689453125,0,0.034423828125,0,-0.185791015625
6.2560,0,-0.1048583984375,0,-0.1009521484375,0,0.034423828125,0,-0.1651611328125
6.2694,0,-0.020477294921875,0,-0.1009521484375,0,0.046844482421875,0,-0.1651611328125
6.2771,0,-0.020477294921875,0,-0.1009521484375,0,0.046844482421875,0,-0.170654296875
6.2842,0,0.115966796875,0,-0.2218017578125,0,0.01462554931640625,0,-0.170654296875
6.2953,0,0.115966796875,0,-0.2218017578125,0,0.01462554931640625,0,0.1619873046875
6.3040,0,-0.00970458984375,0,0.52490234375,0,0.01462554931640625,0,0.1619873046875
6.3177,0,-0.00970458984375,0,0.52490234375,0,-0.04632568359375,0,0.075439453125
6.3238,0,-0.063232421875,0,-1.0244140625,0,-0.04632568359375,0,0.075439453125
6.3352,0,-0.063232421875,0,-1.0244140625,0,0.051177978515625,0,0.075439453125
6.3445,0,-0.056793212890625,0,-0.18017578125,0,-0.0264892578125,0,-0.033782958984375
6.3569,0,0.0986328125,0,0.080810546875,0,-0.0264892578125,0,0.0916748046875
6.3622,0,0.0986328125,0,0.080810546875,0,-0.0462646484375,0,0.0916748046875
6.3754,0,0.0986328125,0,0.080810546875,0,-0.0462646484375,0,-0.14697265625
6.3956,0,0.1339111328125,0,-0.447265625,0,0.073486328125,0,-0.14697265625
6.4044,0,-0.02471923828125,0,0.059722900390625,0,0.07421875,0,0.2010498046875
6.4154,0,-0.02471923828125,0,0.059722900390625,0,0.07421875,0,0.2177734375
6.4252,0,-0.06732177734375,0,0.1466064453125,0,0.051025390625,0,0.2177734375
6.4382,0,-0.06732177734375,0,0.1466064453125,0,0.051025390625,0,0.18798828125
6.4467,0,0.01264190673828125,0,-0.468994140625,0,0.0406494140625,0,0.18798828125
6.4580,0,0.01264190673828125,0,-0.468994140625,0,0.0406494140625,0,0.10247802734375
6.4665,0,-0.024627685546875,0,-0.492431640625,0,-0.027862548828125,0,0.10247802734375
6.4785,0,0.120361328125,0,-0.492431640625,0,-0.027862548828125,0,-0.1776123046875
6.4869,0,0.120361328125,0,-0.5712890625,0,0.0821533203125,0,-0.1776123046875
6.4958,0,0.120361328125,0,-0.5712890625,0,0.0821533203125,0,0.0889892578125
6.5036,0,-0.0660400390625,0,-0.247314453125,0,-0.06982421875,0,0.0889892578125
6.5143,0,-0.0660400390625,0,-0.247314453125,0,-0.06982421875,0,-0.0032405853271484375
6.5233,0,0.09112548828125,0,-0.377685546875,0,0.036712646484375,0,-0.0032405853271484375
6.5349,0,0.09112548828125,0,-0.377685546875,0,0.036712646484375,0,-0.267333984375
6.5458,0,0.12237548828125,0,-0.398193359375,0,0.11883544921875,0,-0.267333984375
6.5560,0,0.12237548828125,0,-0.398193359375,0,0.11883544921875,0,-0.121337890625
6.5676,0,-0.064453125,0,-0.57958984375,0,0.07330322265625,0,-0.121337890625
6.5789,0,-0.064453125,0,-0.57958984375,0,0.07330322265625,0,0.161865234375
6.5837,0,0.1263427734375,0,-0.0214385986328125,0,0.07330322265625,0,0.161865234375
6.5957,0,0.1263427734375,0,-0.0214385986328125,0,-0.01015472412109375,0,0.161865234375
6.6038,0,-0.1370849609375,0,-0.1319580078125,0,-0.01015472412109375,0,0.1673583984375
6.6164,0,-0.1370849609375,0,-0.1319580078125,0,-0.047607421875,0,0.1673583984375
6.6264,0,-0.07220458984375,0,0.650390625,0,-0.047607421875,0,0.1566162109375
6.6356,0,-0.07220458984375,0,0.650390625,0,-0.034942626953125,0,0.1566162109375
6.6443,0,-0.0601806640625,0,0.40478515625,0,-0.034942626953125,0,-0.2216796875
6.6581,0,-0.0601806640625,0,0.40478515625,0,-0.048980712890625,0,-0.2216796875
6.6637,0,0.028839111328125,0,-0.259765625,0,-0.048980712890625,0,-0.0938720703125
6.6755,0,0.028839111328125,0,-0.259765625,0,0.04132080078125,0,-0.0938720703125
6.6846,0,-0.09381103515625,0,-0.053558349609375,0,0.04132080078125,0,-0.1676025390625
6.6974,0,-0.09381103515625,0,-0.053558349609375,0,0.06292724609375,0,-0.1676025390625
6.7053,0,-0.1204833984375,0,-0.50244140625,0,0.06292724609375,0,0.04205322265625
6.7190,0,-0.1204833984375,0,-0.50244140625,0,-0.031707763671875,0,0.04205322265625
7.0482,0,0.0634765625,0,-0.335205078125,0,-0.031707763671875,0,-0.086181640625
7.0497,0,0.0634765625,0,-0.335205078125,0,-0.05963134765625,0,-0.086181640625
7.0503,0,0.07830810546875,0,-0.0374755859375,0,-0.05963134765625,0,-0.26123046875
7.0507,0,0.07830810546875,0,-0.0374755859375,0,-0.0703125,0,-0.26123046875
7.0533,0,-0.0968017578125,0,-0.10638427734375,0,-0.049346923828125,0,-0.267333984375
7.0540,0,-0.177978515625,0,-0.10638427734375,0,-0.049346923828125,0,-0.07916259765625
7.0544,0,-0.177978515625,0,-0.380859375,0,0.10015869140625,0,-0.07916259765625
7.0567,0,-0.177978515625,0,-0.380859375,0,0.10015869140625,0,-0.06903076171875
7.0578,0,0.12298583984375,0,0.007335662841796875,0,0.0477294921875,0,-0.06903076171875
7.0585,0,0.12298583984375,0,0.007335662841796875,0,0.0477294921875,0,-0.07763671875
7.0592,0,-0.081298828125,0,-0.138427734375,0,-0.06005859375,0,-0.07763671875
7.0597,0,-0.081298828125,0,-0.138427734375,0,-0.06005859375,0,0.02679443359375
7.0601,0,0.036376953125,0,-0.465576171875,0,-0.0498046875,0,0.02679443359375
7.0605,0,0.05059814453125,0,-0.085205078125,0,-0.0498046875,0,-0.23583984375
7.0610,0,0.05059814453125,0,-0.085205078125,0,0.03643798828125,0,-0.23583984375
7.0614,0,0.05059814453125,0,-0.085205078125,0,0.03643798828125,0,0.140869140625
7.0618,0,-0.18212890625,0,-0.04779052734375,0,0.043853759765625,0,0.140869140625
7.0632,0,-0.2225341796875,0,-0.45166015625,0,0.043853759765625,0,-0.142822265625
7.0637,0,-0.2225341796875,0,-0.45166015625,0,0.0733642578125,0,-0.230224609375
7.0641,0,0.075439453125,0,-0.390869140625,0,0.07122802734375,0,-0.230224609375
7.0644,0,0.075439453125,0,-0.390869140625,0,0.07122802734375,0,0.022216796875
7.0647,0,0.0601806640625,0,-0.54052734375,0,-0.041168212890625,0,0.022216796875
7.0650,0,0.0601806640625,0,-0.54052734375,0,-0.041168212890625,0,-0.1912841796875
7.0653,0,0.0927734375,0,0.7197265625,0,-0.070556640625,0,-0.1912841796875
7.0656,0,-0.1905517578125,0,0.7197265625,0,-0.070556640625,0,0.039642333984375
7.0659,0,-0.1905517578125,0,-0.34228515625,0,0.05914306640625,0,0.039642333984375
7.0662,0,-0.1905517578125,0,-0.34228515625,0,0.05914306640625,0,0.1729736328125
7.0665,0,-0.06964111328125,0,-0.43017578125,0,0.05914306640625,0,0.1729736328125
7.0668,0,-0.06964111328125,0,-0.43017578125,0,-0.05108642578125,0,-0.09521484375
7.0672,0,0.058135986328125,0,-0.59033203125,0,-0.05108642578125,0,-0.09521484375
7.0674,0,0.058135986328125,0,-0.59033203125,0,0.046844482421875,0,-0.09521484375
7.0702,0,-0.0243988037109375,0,-0.59033203125,0,0.046844482421875,0,-0.2069091796875
7.0711,0,-0.0243988037109375,0,-0.36376953125,0,-0.0711669921875,0,-0.2069091796875
7.0762,0,-0.0738525390625,0,0.52197265625,0,-0.0711669921875,0,0.2335205078125
7.0847,0,-0.0738525390625,0,0.52197265625,0,0.100830078125,0,0.128173828125
7.1023,0,0.04278564453125,0,-0.3251953125,0,-0.035003662109375,0,0.128173828125
7.1136,0,0.08990478515625,0,0.55419921875,0,-0.035003662109375,0,-0.2225341796875
7.1231,0,0.08990478515625,0,0.55419921875,0,0.10369873046875,0,-0.2225341796875
7.1357,0,-0.224853515625,0,0.55419921875,0,0.10369873046875,0,0.1552734375
7.1462,0,-0.224853515625,0,-0.29736328125,0,0.05792236328125,0,0.1552734375
7.1549,0,0.0199432373046875,0,-0.29736328125,0,0.05792236328125,0,-0.1336669921875
7.1629,0,0.0199432373046875,0,0.199951171875,0,0.12176513671875,0,-0.1336669921875
7.1756,0,-0.1566162109375,0,0.199951171875,0,0.12176513671875,0,0.218994140625
7.1832,0,-0.1566162109375,0,0.2158203125,0,-0.061767578125,0,0.218994140625
7.1944,0,-0.1566162109375,0,0.2158203125,0,-0.061767578125,0,0.035614013671875
7.2026,0,0.06927490234375,0,0.443359375,0,-0.02520751953125,0,0.035614013671875
7.2167,0,-0.1953125,0,0.443359375,0,-0.02520751953125,0,0.1728515625
7.2238,0,-0.1953125,0,0.90771484375,0,0.060516357421875,0,0.1728515625
7.2358,0,-0.0538330078125,0,0.90771484375,0,0.060516357421875,0,0.194580078125
7.2418,0,-0.0538330078125,0,-0.1435546875,0,0.0838623046875,0,0.194580078125
7.2572,0,-0.0538330078125,0,-0.1435546875,0,0.0838623046875,0,0.023284912109375
7.2650,0,-0.11767578125,0,0.5576171875,0,-0.05712890625,0,0.023284912109375
7.2775,0,-0.11767578125,0,0.5576171875,0,-0.05712890625,0,-0.0762939453125
7.2852,0,0.1207275390625,0,-0.34765625,0,-0.0633544921875,0,-0.0762939453125
7.3044,0,0.11602783203125,0,-0.361083984375,0,-0.0633544921875,0,0.1634521484375
7.3169,0,0.0229034423828125,0,-0.361083984375,0,0.048797607421875,0,0.1881103515625
7.3242,0,0.0229034423828125,0,0.48095703125,0,0.03204345703125,0,0.1881103515625
7.3359,0,0.0229034423828125,0,0.48095703125,0,0.03204345703125,0,0.185546875
7.3448,0,-0.0404052734375,0,-0.052825927734375,0,0.03204345703125,0,0.185546875
7.3574,0,-0.0404052734375,0,-0.052825927734375,0,-0.05645751953125,0,0.09967041015625
7.3645,0,0.146240234375,0,0.37451171875,0,-0.05645751953125,0,0.09967041015625
7.3768,0,0.146240234375,0,0.37451171875,0,0.037353515625,0,0.1700439453125
7.3846,0,-0.03955078125,0,0.2939453125,0,0.037353515625,0,0.1700439453125
7.3963,0,-0.03955078125,0,0.2939453125,0,0.040069580078125,0,0.097900390625
7.4071,0,-0.06134033203125,0,-0.44775390625,0,-0.08013916015625,0,0.097900390625
7.4261,0,0.1068115234375,0,-0.44775390625,0,-0.08013916015625,0,0.141357421875
7.4363,0,0.1068115234375,0,-0.346435546875,0,0.03668212890625,0,0.0482177734375
7.4458,0,-0.14404296875,0,-0.346435546875,0,0.03668212890625,0,0.0482177734375
7.4569,0,-0.14404296875,0,-0.352783203125,0,0.059844970703125,0,0.1895751953125
7.4765,0,0.06512451171875,0,0.53076171875,0,0.051849365234375,0,0.2064208984375
7.4823,0,0.0848388671875,0,0.53076171875,0,0.051849365234375,0,0.2064208984375
7.4961,0,0.0848388671875,0,-0.221435546875,0,0.036834716796875,0,0.2064208984375
7.5051,0,0.08868408203125,0,0.44775390625,0,-0.00493621826171875,0,-0.16845703125
7.5148,0,0.08868408203125,0,0.44775390625,0,-0.00493621826171875,0,0.210693359375
7.5267,0,0.044708251953125,0,0.12188720703125,0,-0.1087646484375,0,0.210693359375
7.5373,0,0.044708251953125,0,0.12188720703125,0,-0.1087646484375,0,-0.063720703125
7.5474,0,-0.220947265625,0,0.12188720703125,0,-0.1087646484375,0,-0.063720703125
7.5574,0,-0.220947265625,0,-0.505859375,0,0.027618408203125,0,-0.063720703125
7.5645,0,-0.1966552734375,0,-0.505859375,0,0.027618408203125,0,0.11572265625
7.5768,0,-0.1966552734375,0,0.0384521484375,0,-0.01427459716796875,0,-0.08184814453125
7.5846,0,-0.1192626953125,0,0.0384521484375,0,-0.01427459716796875,0,-0.08184814453125
7.5955,0,-0.1192626953125,0,-0.24462890625,0,0.0141754150390625,0,0.2188720703125
7.6020,0,0.1099853515625,0,-0.24462890625,0,0.0141754150390625,0,0.2188720703125
7.6156,0,0.1099853515625,0,-0.302734375,0,0.037689208984375,0,0.2188720703125
7.6245,0,-0.02935791015625,0,-0.302734375,0,0.037689208984375,0,-0.0833740234375
7.6355,0,-0.02935791015625,0,-0.433837890625,0,0.0504150390625,0,-0.0833740234375
7.6480,0,0.1329345703125,0,-0.433837890625,0,0.0504150390625,0,-0.1668701171875
7.6587,0,0.1329345703125,0,0.6025390625,0,0.05572509765625,0,-0.1668701171875
7.6686,0,0.0582275390625,0,0.6025390625,0,0.05572509765625,0,-0.036468505859375
7.6784,0,0.0582275390625,0,0.1495361328125,0,-0.0389404296875,0,-0.036468505859375
7.6871,0,-0.019317626953125,0,0.1495361328125,0,-0.0389404296875,0,0.166748046875
7.6970,0,-0.019317626953125,0,0.060791015625,0,0.0418701171875,0,0.166748046875
7.7046,0,0.016845703125,0,0.060791015625,0,0.0418701171875,0,0.051361083984375
7.7184,0,0.016845703125,0,-0.85009765625,0,-0.04425048828125,0,0.051361083984375
7.7257,0,0.0172271728515625,0,-0.85009765625,0,-0.04425048828125,0,0.044647216796875
7.7364,0,0.0172271728515625,0,-0.300048828125,0,-0.05908203125,0,0.044647216796875
7.7466,0,-0.212158203125,0,-0.300048828125,0,-0.05908203125,0,-0.0496826171875
7.7569,0,-0.212158203125,0,-0.30322265625,0,-0.0457763671875,0,-0.0496826171875
7.7691,0,-0.0654296875,0,-0.30322265625,0,-0.0457763671875,0,0.1710205078125
7.7768,0,-0.0654296875,0,-0.25390625,0,0.0589599609375,0,0.1710205078125
7.7891,0,-0.0654296875,0,-0.25390625,0,0.0589599609375,0,-0.1678466796875
7.7967,0,0.08807373046875,0,-0.658203125,0,0.056976318359375,0,-0.1678466796875
7.8075,0,0.1397705078125,0,-0.658203125,0,0.056976318359375,0,0.047882080078125
7.8161,0,0.1397705078125,0,-0.296630859375,0,0.056976318359375,0,0.047882080078125
7.8280,0,0.074462890625,0,-0.296630859375,0,0.04168701171875,0,-0.1468505859375
7.8360,0,0.074462890625,0,-0.36865234375,0,0.04168701171875,0,-0.1468505859375
7.8481,0,0.074462890625,0,-0.36865234375,0,-0.07489013671875,0,0.15380859375
7.8584,0,0.1307373046875,0,0.57666015625,0,0.0985107421875,0,0.15380859375
7.8645,0,-0.1036376953125,0,0.57666015625,0,0.0985107421875,0,0.06634521484375
7.8758,0,-0.1036376953125,0,0.46875,0,0.0985107421875,0,0.06634521484375
7.8890,0,-0.1036376953125,0,0.46875,0,-0.056182861328125,0,-0.15966796875
7.8993,0,0.1474609375,0,0.11517333984375,0,-0.056182861328125,0,-0.15966796875
7.9056,0,0.1474609375,0,0.11517333984375,0,0.116455078125,0,0.10223388671875
7.9163,0,0.1419677734375,0,0.70703125,0,0.116455078125,0,0.10223388671875
7.9246,0,0.1419677734375,0,0.70703125,0,0.04205322265625,0,-0.03314208984375
7.9359,0,-0.0872802734375,0,0.80126953125,0,0.04205322265625,0,-0.03314208984375
7.9503,0,-0.1734619140625,0,0.80126953125,0,0.08782958984375,0,-0.1549072265625
7.9560,0,-0.1734619140625,0,0.97998046875,0,0.08782958984375,0,-0.1549072265625
7.9645,0,-0.1734619140625,0,0.97998046875,0,-0.049407958984375,0,-0.09515380859375
7.9763,0,0.0227203369140625,0,0.29296875,0,-0.049407958984375,0,-0.09515380859375
7.9843,0,0.0227203369140625,0,0.29296875,0,0.02587890625,0,-0.09515380859375
7.9975,0,-0.1719970703125,0,-0.43603515625,0,0.02587890625,0,0.231689453125
8.0075,0,-0.100830078125,0,-0.43603515625,0,-0.069091796875,0,0.03857421875
8.0141,0,-0.100830078125,0,-0.450439453125,0,-0.069091796875,0,0.03857421875
8.0247,0,-0.100830078125,0,-0.450439453125,0,0.038055419921875,0,0.07666015625
8.0357,0,0.09552001953125,0,-0.145263671875,0,0.038055419921875,0,0.07666015625
8.0437,0,0.09552001953125,0,-0.145263671875,0,-0.056976318359375,0,-0.1505126953125
8.0545,0,-0.0933837890625,0,0.6376953125,0,-0.056976318359375,0,-0.1505126953125
8.0633,0,-0.0933837890625,0,0.6376953125,0,0.036834716796875,0,-0.1505126953125
8.0771,0,-0.15576171875,0,0.6376953125,0,0.036834716796875,0,0.1728515625
8.0850,0,-0.15576171875,0,-0.228759765625,0,-0.07830810546875,0,0.1728515625
8.0968,0,-0.044677734375,0,0.320068359375,0,-0.07830810546875,0,-0.057708740234375
8.1076,0,-0.044677734375,0,0.320068359375,0,-0.05242919921875,0,0.1610107421875
8.1175,0,0.06219482421875,0,0.320068359375,0,-0.05242919921875,0,0.1610107421875
8.1264,0,0.06219482421875,0,-0.0830078125,0,0.131103515625,0,-0.074951171875
8.1333,0,-0.080322265625,0,-0.52978515625,0,0.131103515625,0,-0.074951171875
8.1422,0,-0.080322265625,0,-0.52978515625,0,-0.0657958984375,0,0.185546875
8.1559,0,0.148193359375,0,-0.35693359375,0,-0.0657958984375,0,0.185546875
8.1645,0,0.148193359375,0,-0.35693359375,0,0.038238525390625,0,-0.033233642578125
8.1731,0,0.048675537109375,0,-0.35693359375,0,0.038238525390625,0,-0.033233642578125
8.1840,0,0.048675537109375,0,0.9833984375,0,0.041412353515625,0,-0.033233642578125
8.1937,0,-0.21728515625,0,0.9833984375,0,0.041412353515625,0,0.172119140625
8.2010,0,-0.21728515625,0,-0.0977783203125,0,0.041748046875,0,0.172119140625
8.2124,0,0.096435546875,0,-0.0977783203125,0,0.041748046875,0,-0.216064453125
8.2253,0,0.096435546875,0,0.2491455078125,0,-0.05853271484375,0,-0.00992584228515625
8.2320,0,-0.1488037109375,0,0.2491455078125,0,-0.05853271484375,0,-0.00992584228515625
8.2450,0,-0.1488037109375,0,-0.181396484375,0,-0.0239715576171875,0,-0.00992584228515625
8.2516,0,0.09661865234375,0,-0.181396484375,0,-0.0239715576171875,0,0.0266876220703125
8.2611,0,0.09661865234375,0,-0.08392333984375,0,-0.1036376953125,0,0.0266876220703125
8.2766,0,0.09661865234375,0,-0.08392333984375,0,-0.1036376953125,0,0.2100830078125
8.2813,0,-0.052978515625,0,-0.453125,0,0.135009765625,0,0.2100830078125
8.2933,0,0.02459716796875,0,-0.453125,0,0.135009765625,0,0.058868408203125
8.3035,0,0.02459716796875,0,-0.30908203125,0,0.0266876220703125,0,0.058868408203125
8.3130,0,-0.143798828125,0,-0.30908203125,0,0.0266876220703125,0,-0.2113037109375
8.3206,0,-0.143798828125,0,-0.02117919921875,0,0.087646484375,0,-0.2113037109375
8.3345,0,0.10504150390625,0,-0.02117919921875,0,0.087646484375,0,-0.31494140625
8.3404,0,0.10504150390625,0,-0.219970703125,0,0.04632568359375,0,-0.31494140625
8.3523,0,0.139404296875,0,-0.219970703125,0,0.04632568359375,0,0.12359619140625
8.3613,0,0.139404296875,0,0.4375,0,0.010101318359375,0,0.12359619140625
8.3730,0,-0.042083740234375,0,0.4375,0,0.010101318359375,0,-0.162109375
8.3820,0,-0.042083740234375,0,-0.88232421875,0,0.010101318359375,0,-0.162109375
8.3956,0,-0.20556640625,0,-0.88232421875,0,0.0292205810546875,0,-0.12371826171875
8.4056,0,-0.20556640625,0,-0.099853515625,0,0.0233306884765625,0,-0.12371826171875
8.4152,0,-0.20556640625,0,-0.099853515625,0,0.0233306884765625,0,0.1533203125
8.4269,0,-0.171630859375,0,-0.32958984375,0,0.0233306884765625,0,0.1533203125
8.4347,0,-0.176025390625,0,-0.32958984375,0,0.047027587890625,0,-0.0750732421875
8.4435,0,-0.176025390625,0,-0.1761474609375,0,0.047027587890625,0,-0.0750732421875
8.4584,0,0.048248291015625,0,-0.1761474609375,0,0.043121337890625,0,-0.2247314453125
8.4631,0,0.048248291015625,0,-0.2275390625,0,0.043121337890625,0,-0.2247314453125
8.4746,0,0.048248291015625,0,-0.2275390625,0,-0.05328369140625,0,-0.1522216796875
8.4827,0,0.044097900390625,0,-0.328125,0,0.0960693359375,0,-0.1522216796875
8.4945,0,0.044097900390625,0,-0.328125,0,0.0960693359375,0,0.056243896484375
8.5051,0,-0.0347900390625,0,-0.427734375,0,0.047882080078125,0,0.056243896484375
8.5143,0,0.142578125,0,-0.427734375,0,0.047882080078125,0,0.09832763671875
8.5271,0,0.142578125,0,0.82275390625,0,-0.022125244140625,0,0.09832763671875
8.5333,0,0.142578125,0,0.82275390625,0,-0.022125244140625,0,-0.2498779296875
8.5429,0,-0.2138671875,0,-0.52978515625,0,-0.022125244140625,0,-0.2498779296875
8.5576,0,-0.2138671875,0,-0.52978515625,0,0.0714111328125,0,-0.271728515625
8.5665,0,0.1373291015625,0,-0.09259033203125,0,0.0714111328125,0,-0.271728515625
8.5738,0,0.1373291015625,0,-0.09259033203125,0,0.04254150390625,0,-0.07525634765625
8.5851,0,0.11590576171875,0,-0.09259033203125,0,0.04254150390625,0,-0.07525634765625
8.5949,0,0.11590576171875,0,-0.456298828125,0,-0.09234619140625,0,0.0887451171875
8.6081,0,0.1563720703125,0,-0.456298828125,0,-0.09234619140625,0,0.0887451171875
8.6132,0,0.1563720703125,0,0.444580078125,0,0.1168212890625,0,-0.177001953125
8.6218,0,-0.294189453125,0,0.444580078125,0,0.1168212890625,0,-0.177001953125
8.6342,0,-0.294189453125,0,0.07177734375,0,0.04669189453125,0,-0.177001953125
8.6433,0,-0.2083740234375,0,0.07177734375,0,0.04669189453125,0,0.2376708984375
8.6564,0,-0.2083740234375,0,-0.426025390625,0,-0.07720947265625,0,0.2376708984375
8.6682,0,0.05975341796875,0,-0.426025390625,0,-0.07720947265625,0,-0.1702880859375
8.6793,0,0.05975341796875,0,1.044921875,0,0.0361328125,0,0.2481689453125
8.6841,0,-0.241455078125,0,1.044921875,0,0.0361328125,0,0.2481689453125
8.6965,0,-0.241455078125,0,0.1661376953125,0,0.050048828125,0,-0.07501220703125
8.7044,0,-0.0311126708984375,0,0.1661376953125,0,0.050048828125,0,-0.07501220703125
8.7147,0,-0.0311126708984375,0,1.0009765625,0,0.01690673828125,0,-0.07501220703125
8.7226,0,-0.0311126708984375,0,1.0009765625,0,0.01690673828125,0,-0.1309814453125
8.7338,0,-0.1590576171875,0,-0.24609375,0,-0.0185089111328125,0,-0.1309814453125
8.8002,0,0.09088134765625,0,-0.24609375,0,-0.0185089111328125,0,-0.033599853515625
8.8006,0,0.09088134765625,0,-0.1568603515625,0,0.037506103515625,0,-0.033599853515625
8.8010,0,0.1383056640625,0,-0.1568603515625,0,0.037506103515625,0,-0.06658935546875
8.8013,0,0.1383056640625,0,0.2288818359375,0,0.0212554931640625,0,-0.06658935546875
8.8015,0,0.0232391357421875,0,0.2288818359375,0,0.0212554931640625,0,-0.0239410400390625
8.8018,0,0.0232391357421875,0,0.411865234375,0,0.076416015625,0,-0.0239410400390625
8.8074,0,0.0232391357421875,0,0.411865234375,0,0.076416015625,0,-0.0310821533203125
8.8142,0,0.0592041015625,0,-0.469482421875,0,0.083251953125,0,-0.0310821533203125
8.8284,0,0.0592041015625,0,-0.469482421875,0,0.083251953125,0,-0.1337890625
8.8323,0,0.11474609375,0,-0.353271484375,0,0.083251953125,0,-0.1337890625
8.8454,0,0.11474609375,0,-0.353271484375,0,0.1126708984375,0,0.154052734375
8.8528,0,0.19873046875,0,1.0947265625,0,0.1126708984375,0,0.154052734375
8.8636,0,0.19873046875,0,1.0947265625,0,0.06854248046875,0,-0.1251220703125
8.8749,0,0.06805419921875,0,-0.3173828125,0,0.130615234375,0,-0.1251220703125
8.8821,0,-0.03887939453125,0,-0.3173828125,0,0.130615234375,0,0.1448974609375
8.8933,0,-0.03887939453125,0,-0.393310546875,0,-0.057403564453125,0,0.1448974609375
8.9070,0,-0.052978515625,0,-0.393310546875,0,-0.057403564453125,0,-0.271240234375
8.9181,0,-0.052978515625,0,-0.2164306640625,0,-0.057403564453125,0,-0.271240234375
8.9231,0,-0.052978515625,0,-0.2164306640625,0,0.073974609375,0,0.1741943359375
8.9351,0,-0.018218994140625,0,-0.15966796875,0,0.073974609375,0,0.1741943359375
8.9427,0,-0.018218994140625,0,-0.15966796875,0,0.0802001953125,0,0.11309814453125
8.9548,0,-0.251953125,0,-0.53076171875,0,0.0802001953125,0,0.11309814453125
8.9640,0,-0.251953125,0,-0.53076171875,0,0.02789306640625,0,-0.08367919921875
8.9748,0,-0.2113037109375,0,0.1844482421875,0,-0.042266845703125,0,-0.08367919921875
8.9828,0,-0.2113037109375,0,0.1844482421875,0,-0.042266845703125,0,-0.07415771484375
8.9948,0,0.1240234375,0,-0.177734375,0,0.0222015380859375,0,-0.07415771484375
9.0068,0,0.1240234375,0,-0.177734375,0,0.0222015380859375,0,-0.2015380859375
9.0156,0,0.06982421875,0,-0.177734375,0,0.0222015380859375,0,-0.2015380859375
9.0263,0,0.06982421875,0,0.03924560546875,0,-0.07366943359375,0,-0.2509765625
9.0351,0,0.098388671875,0,0.70166015625,0,-0.07366943359375,0,-0.2509765625
9.0439,0,0.098388671875,0,0.70166015625,0,-0.0299224853515625,0,0.322265625
9.0548,0,0.09967041015625,0,0.70166015625,0,-0.0299224853515625,0,0.322265625
9.0647,0,0.09967041015625,0,-0.95703125,0,0.0160675048828125,0,-0.0400390625
9.0778,0,-0.1104736328125,0,-0.95703125,0,0.0160675048828125,0,-0.0400390625
9.0838,0,-0.1104736328125,0,-0.400390625,0,0.023406982421875,0,-0.1031494140625
9.0953,0,-0.08062744140625,0,-0.400390625,0,0.023406982421875,0,-0.1031494140625
9.1030,0,-0.08062744140625,0,-0.453857421875,0,0.0518798828125,0,0.031646728515625
9.1153,0,0.03265380859375,0,-0.453857421875,0,0.0518798828125,0,0.031646728515625
9.1228,0,0.03265380859375,0,0.17919921875,0,0.034912109375,0,0.2001953125
9.1363,0,0.0975341796875,0,0.17919921875,0,0.034912109375,0,0.2001953125
9.1426,0,0.0975341796875,0,0.513671875,0,0.035247802734375,0,-0.2420654296875
9.1541,0,0.0229949951171875,0,0.513671875,0,0.035247802734375,0,-0.2420654296875
9.1626,0,0.0229949951171875,0,0.163330078125,0,-0.03485107421875,0,-0.2420654296875
9.1748,0,0.113525390625,0,0.163330078125,0,-0.03485107421875,0,0.167236328125
9.1829,0,0.113525390625,0,0.358154296875,0,0.05303955078125,0,0.1943359375
9.1940,0,0.10040283203125,0,0.358154296875,0,0.05303955078125,0,0.1943359375
9.2062,0,0.10040283203125,0,-0.2183837890625,0,-0.048095703125,0,-0.2392578125
9.2140,0,0.042144775390625,0,-0.2183837890625,0,-0.048095703125,0,-0.2392578125
9.2227,0,0.042144775390625,0,0.57861328125,0,-0.06317138671875,0,-0.2392578125
9.2337,0,0.1280517578125,0,0.57861328125,0,-0.06317138671875,0,-0.212158203125
9.2424,0,0.1280517578125,0,0.272705078125,0,0.0278472900390625,0,-0.212158203125
9.2543,0,0.042205810546875,0,0.272705078125,0,0.0278472900390625,0,0.041900634765625
9.2632,0,0.042205810546875,0,-0.307861328125,0,-0.050537109375,0,0.041900634765625
9.2739,0,-0.05755615234375,0,-0.307861328125,0,-0.050537109375,0,0.1622314453125
9.2816,0,-0.05755615234375,0,-0.1910400390625,0,-0.050537109375,0,0.1622314453125
9.2954,0,-0.1051025390625,0,-0.1910400390625,0,0.0208740234375,0,-0.1942138671875
9.3020,0,-0.1051025390625,0,0.160400390625,0,0.0208740234375,0,-0.1942138671875
9.3145,0,0.130126953125,0,0.160400390625,0,0.062408447265625,0,0.061767578125
9.3220,0,0.130126953125,0,-0.007965087890625,0,-0.0224609375,0,0.061767578125
9.3332,0,0.065185546875,0,-0.007965087890625,0,-0.0224609375,0,0.214111328125
9.3416,0,0.065185546875,0,0.269775390625,0,0.0306243896484375,0,0.214111328125
9.3527,0,0.065185546875,0,0.269775390625,0,0.0306243896484375,0,-0.162109375
9.3625,0,0.08026123046875,0,-0.159912109375,0,0.0306243896484375,0,-0.162109375
9.3723,0,0.08026123046875,0,-0.159912109375,0,-0.0755615234375,0,-0.1973876953125
9.3810,0,0.0792236328125,0,-0.28076171875,0,-0.0755615234375,0,-0.1973876953125
9.3943,0,0.0792236328125,0,-0.28076171875,0,-0.07135009765625,0,0.0247650146484375
9.4148,0,-0.1072998046875,0,-0.356201171875,0,-0.059722900390625,0,-0.263671875
9.4228,0,-0.1072998046875,0,-0.32373046875,0,-0.059722900390625,0,-0.263671875
9.4336,0,-0.1072998046875,0,-0.32373046875,0,0.10260009765625,0,0.15771484375
9.4456,0,0.2275390625,0,0.23291015625,0,0.10260009765625,0,0.15771484375
9.4543,0,0.2275390625,0,0.23291015625,0,0.0226287841796875,0,-0.065673828125
9.4661,0,0.043975830078125,0,0.23291015625,0,0.0226287841796875,0,-0.065673828125
9.4740,0,0.043975830078125,0,-0.1973876953125,0,0.03826904296875,0,-0.191650390625
9.4828,0,0.0196990966796875,0,0.08587646484375,0,0.03826904296875,0,-0.191650390625
9.4939,0,0.0196990966796875,0,0.08587646484375,0,0.0307464599609375,0,0.188720703125
9.5025,0,0.194091796875,0,0.08587646484375,0,0.0307464599609375,0,0.188720703125
9.5161,0,-0.08843994140625,0,0.44140625,0,0.063720703125,0,0.187744140625
9.5288,0,-0.08843994140625,0,-0.26904296875,0,0.063720703125,0,0.187744140625
9.5338,0,-0.08843994140625,0,-0.26904296875,0,0.07110595703125,0,0.187744140625
9.5424,0,-0.1263427734375,0,-0.26904296875,0,0.07110595703125,0,0.04876708984375
9.5538,0,-0.1263427734375,0,0.73583984375,0,-0.07952880859375,0,0.04876708984375
9.5662,0,0.13330078125,0,0.73583984375,0,-0.07952880859375,0,0.26318359375
9.5739,0,0.13330078125,0,0.787109375,0,-0.0192718505859375,0,0.26318359375
9.5854,0,0.06195068359375,0,0.787109375,0,-0.0192718505859375,0,0.041748046875
9.5946,0,0.06195068359375,0,-0.428466796875,0,-0.06170654296875,0,0.1202392578125
9.6052,0,-0.057708740234375,0,-0.428466796875,0,-0.06170654296875,0,0.1202392578125
9.6137,0,-0.057708740234375,0,-0.2724609375,0,-0.0335693359375,0,0.1202392578125
9.6256,0,-0.0288543701171875,0,-0.2724609375,0,-0.0335693359375,0,0.2197265625
9.6325,0,-0.0288543701171875,0,-0.0977783203125,0,0.09033203125,0,0.2197265625
9.6448,0,-0.14306640625,0,-0.0977783203125,0,0.09033203125,0,-0.1744384765625
9.6556,0,-0.14306640625,0,-0.339111328125,0,0.061370849609375,0,-0.1744384765625
9.6652,0,-0.1014404296875,0,-0.339111328125,0,0.061370849609375,0,0.233154296875
9.6744,0,-0.1014404296875,0,0.20703125,0,0.045196533203125,0,0.233154296875
9.6865,0,0.163330078125,0,0.20703125,0,0.045196533203125,0,0.191650390625
9.6920,0,0.163330078125,0,-0.47998046875,0,0.0312347412109375,0,0.191650390625
9.7021,0,-0.0474853515625,0,-0.47998046875,0,0.0312347412109375,0,0.055755615234375
9.7122,0,-0.0474853515625,0,-0.3837890625,0,0.033233642578125,0,0.055755615234375
9.7269,0,-0.091796875,0,-0.3837890625,0,0.033233642578125,0,0.102294921875
9.7318,0,-0.091796875,0,0.54443359375,0,-0.05047607421875,0,0.102294921875
9.7423,0,-0.091796875,0,0.54443359375,0,-0.05047607421875,0,-0.0648193359375
9.7543,0,0.1339111328125,0,-0.15087890625,0,0.055389404296875,0,-0.0648193359375
9.7632,0,-0.11053466796875,0,-0.15087890625,0,0.055389404296875,0,0.2127685546875
9.7766,0,-0.11053466796875,0,0.35888671875,0,0.07318115234375,0,0.2127685546875
9.7827,0,-0.10260009765625,0,0.35888671875,0,0.07318115234375,0,-0.236572265625
9.7953,0,-0.10260009765625,0,0.35888671875,0,0.03369140625,0,-0.236572265625
9.8023,0,0.127685546875,0,-0.396240234375,0,0.03369140625,0,0.0677490234375
9.8158,0,0.127685546875,0,-0.396240234375,0,-0.03643798828125,0,0.0677490234375
9.8226,0,-0.06951904296875,0,0.7841796875,0,-0.03643798828125,0,-0.06634521484375
9.8336,0,-0.06951904296875,0,0.7841796875,0,0.086181640625,0,-0.06634521484375
9.8442,0,0.05303955078125,0,0.279296875,0,0.086181640625,0,-0.1240234375
9.8543,0,0.05303955078125,0,0.279296875,0,0.051544189453125,0,-0.1240234375
9.8633,0,0.025482177734375,0,-1.0625,0,0.051544189453125,0,0.063232421875
9.8749,0,0.025482177734375,0,-0.9443359375,0,0.0430908203125,0,0.063232421875
9.8843,0,0.025482177734375,0,-0.9443359375,0,0.0430908203125,0,-0.05487060546875
9.8940,0,0.145263671875,0,-0.9443359375,0,0.03314208984375,0,-0.05487060546875
9.9023,0,0.145263671875,0,-0.292236328125,0,0.03314208984375,0,-0.246826171875
9.9185,0,0.11944580078125,0,-0.292236328125,0,0.03155517578125,0,-0.246826171875
9.9237,0,0.11944580078125,0,0.39599609375,0,0.03155517578125,0,0.08258056640625
9.9376,0,0.0684814453125,0,0.39599609375,0,-0.0302581787109375,0,0.08258056640625
9.9452,0,0.0684814453125,0,1.0458984375,0,-0.0302581787109375,0,0.1729736328125
9.9550,0,-0.0165252685546875,0,1.0458984375,0,0.02166748046875,0,0.1729736328125
9.9637,0,-0.0165252685546875,0,0.77099609375,0,0.02166748046875,0,0.03436279296875
9.9740,0,0.1302490234375,0,0.77099609375,0,0.061981201171875,0,0.03436279296875
9.9826,0,0.1302490234375,0,0.4443359375,0,0.061981201171875,0,-0.2213134765625
9.9967,0,0.1114501953125,0,0.4443359375,0,-0.1007080078125,0,-0.2213134765625
10.0022,0,0.1114501953125,0,0.1480712890625,0,-0.1007080078125,0,0.09747314453125
10.0163,0,0.0972900390625,0,0.1480712890625,0,0.06201171875,0,0.09747314453125
10.0232,0,0.0972900390625,0,0.023468017578125,0,0.06201171875,0,0.2098388671875
10.0403,0,-0.23974609375,0,0.023468017578125,0,0.06201171875,0,0.2098388671875
10.0494,0,-0.23974609375,0,-0.43408203125,0,0.0264739990234375,0,0.206298828125
10.0569,0,-0.11572265625,0,-0.43408203125,0,0.0264739990234375,0,0.206298828125
10.0787,0,-0.20166015625,0,-0.286376953125,0,0.022674560546875,0,0.1773681640625
10.0873,0,-0.20166015625,0,0.05084228515625,0,0.04388427734375,0,0.1773681640625
10.1045,0,0.10284423828125,0,0.435791015625,0,-0.048370361328125,0,-0.0513916015625
10.1175,0,0.0406494140625,0,0.435791015625,0,-0.048370361328125,0,0.165283203125
10.1247,0,0.0406494140625,0,-0.0333251953125,0,-0.026580810546875,0,0.165283203125
10.1366,0,0.0955810546875,0,-0.0333251953125,0,0.03948974609375,0,-0.029205322265625
10.1468,0,0.0955810546875,0,-0.45068359375,0,0.03948974609375,0,-0.029205322265625
10.1583,0,-0.1019287109375,0,-0.45068359375,0,0.03948974609375,0,-0.07904052734375
10.1645,0,-0.1019287109375,0,-0.45068359375,0,0.1134033203125,0,-0.07904052734375
10.1760,0,0.03778076171875,0,-0.51416015625,0,0.1134033203125,0,0.142578125
10.1844,0,0.03778076171875,0,-0.2327880859375,0,0.0302276611328125,0,0.142578125
10.1983,0,-0.07635498046875,0,-0.2327880859375,0,0.0302276611328125,0,0.1976318359375
10.2043,0,-0.07635498046875,0,-0.2327880859375,0,0.0240936279296875,0,0.1976318359375
10.2187,0,-0.08502197265625,0,0.294677734375,0,0.0240936279296875,0,-0.1695556640625
10.2237,0,-0.08502197265625,0,0.294677734375,0,0.03924560546875,0,-0.1695556640625
10.2351,0,0.07977294921875,0,0.6142578125,0,0.03924560546875,0,-0.26611328125
10.2470,0,0.07977294921875,0,0.6142578125,0,0.06329345703125,0,-0.26611328125
10.2548,0,-0.05072021484375,0,0.1497802734375,0,0.06329345703125,0,-0.2119140625
10.2675,0,-0.05072021484375,0,0.5517578125,0,-0.054779052734375,0,-0.2119140625
10.2762,0,-0.05072021484375,0,0.5517578125,0,-0.054779052734375,0,0.06396484375
10.2859,0,-0.06097412109375,0,0.5517578125,0,-0.0657958984375,0,0.06396484375
10.3000,0,-0.07110595703125,0,0.1651611328125,0,-0.0657958984375,0,-0.060699462890625
10.3052,0,-0.07110595703125,0,0.1651611328125,0,0.06146240234375,0,-0.060699462890625
10.3148,0,-0.07110595703125,0,0.82373046875,0,0.06146240234375,0,-0.1669921875
10.3298,0,-0.07769775390625,0,0.82373046875,0,0.06378173828125,0,-0.1669921875
10.3348,0,-0.07769775390625,0,-0.290283203125,0,0.06378173828125,0,0.1549072265625
10.3472,0,0.1099853515625,0,-0.0841064453125,0,0.031951904296875,0,0.1549072265625
10.3555,0,0.1099853515625,0,-0.0841064453125,0,0.031951904296875,0,-0.08160400390625
10.3642,0,0.08441162109375,0,-0.0841064453125,0,0.051239013671875,0,-0.08160400390625
10.3755,0,0.08441162109375,0,-0.05816650390625,0,0.051239013671875,0,-0.2188720703125
10.3908,0,-0.15869140625,0,-0.05816650390625,0,0.053436279296875,0,-0.2188720703125
10.4052,0,-0.08636474609375,0,-0.32958984375,0,0.0224609375,0,0.2237548828125
10.4198,0,-0.0914306640625,0,0.1983642578125,0,-0.027801513671875,0,0.1873779296875
10.4361,0,-0.0914306640625,0,0.3701171875,0,-0.027801513671875,0,0.1873779296875
10.4458,0,-0.0638427734375,0,0.3701171875,0,-0.0252838134765625,0,0.149658203125
10.4669,0,-0.152099609375,0,-0.578125,0,0.0869140625,0,-0.1297607421875
10.4790,0,-0.152099609375,0,0.8828125,0,0.0869140625,0,0.2469482421875
10.4892,0,0.08453369140625,0,0.8828125,0,-0.07000732421875,0,0.2469482421875
10.4959,0,0.08453369140625,0,-0.333251953125,0,-0.07000732421875,0,0.164306640625
10.5053,0,-0.1668701171875,0,-0.333251953125,0,-0.07000732421875,0,0.164306640625
10.5139,0,-0.1668701171875,0,1.08984375,0,0.0290374755859375,0,0.164306640625
10.5224,0,-0.05963134765625,0,1.08984375,0,0.0804443359375,0,-0.03936767578125
10.5332,0,-0.05963134765625,0,0.1002197265625,0,0.0804443359375,0,-0.03936767578125
10.5415,0,-0.1505126953125,0,0.1002197265625,0,0.0804443359375,0,-0.1611328125
10.5530,0,-0.1505126953125,0,-0.55712890625,0,-0.05120849609375,0,-0.1611328125
10.5618,0,0.05645751953125,0,-0.55712890625,0,-0.05120849609375,0,0.1357421875
10.5748,0,0.05645751953125,0,-0.55712890625,0,-0.03314208984375,0,0.1357421875
10.5858,0,-0.0921630859375,0,-0.54345703125,0,-0.03314208984375,0,-0.25390625
10.5930,0,-0.0921630859375,0,-0.2247314453125,0,-0.0775146484375,0,0.212158203125
10.5994,0,0.0635986328125,0,-0.2247314453125,0,-0.0775146484375,0,0.212158203125
10.6142,0,0.0635986328125,0,-0.54541015625,0,-0.05364990234375,0,0.212158203125
10.6204,0,0.1380615234375,0,-0.54541015625,0,-0.05364990234375,0,0.2147216796875
10.6317,0,0.1380615234375,0,-0.54541015625,0,-0.0826416015625,0,0.2147216796875
10.6465,0,0.1343994140625,0,-0.337890625,0,0.049713134765625,0,-0.12457275390625
10.6526,0,0.1343994140625,0,-0.34716796875,0,0.049713134765625,0,-0.12457275390625
10.6614,0,-0.1068115234375,0,-0.34716796875,0,0.049713134765625,0,0.2218017578125
10.6749,0,-0.1068115234375,0,0.06646728515625,0,0.020233154296875,0,0.2218017578125
10.6891,0,0.03509521484375,0,0.06646728515625,0,0.020233154296875,0,-0.2401123046875
10.7005,0,0.03509521484375,0,0.06646728515625,0,-0.08734130859375,0,-0.2401123046875
10.7131,0,0.05474853515625,0,0.465087890625,0,-0.08734130859375,0,-0.14697265625
10.7138,0,0.05474853515625,0,-0.69970703125,0,-0.0416259765625,0,-0.14697265625
10.7235,0,-0.039947509765625,0,-0.69970703125,0,-0.0416259765625,0,-0.207275390625
10.7340,0,-0.039947509765625,0,-0.69970703125,0,0.020172119140625,0,-0.207275390625
10.7425,0,-0.1300048828125,0,-0.073486328125,0,0.020172119140625,0,0.2269287109375
10.7548,0,-0.1300048828125,0,-0.073486328125,0,0.052001953125,0,0.2269287109375
10.7632,0,-0.1300048828125,0,-0.3203125,0,0.052001953125,0,0.2269287109375
10.7750,0,-0.039642333984375,0,-0.3203125,0,0.10748291015625,0,0.0704345703125
10.7831,0,-0.039642333984375,0,0.297607421875,0,0.10748291015625,0,0.0704345703125
10.7947,0,0.11163330078125,0,0.297607421875,0,0.04852294921875,0,-0.195556640625
10.8015,0,0.11163330078125,0,-0.329345703125,0,0.04852294921875,0,-0.195556640625
10.8154,0,-0.04608154296875,0,-0.329345703125,0,-0.048248291015625,0,-0.1591796875
10.8240,0,-0.04608154296875,0,-0.0810546875,0,-0.048248291015625,0,-0.1591796875
10.8349,0,-0.125732421875,0,-0.0810546875,0,0.019439697265625,0,0.038421630859375
10.8455,0,-0.125732421875,0,-0.97119140625,0,0.019439697265625,0,0.038421630859375
10.8551,0,0.0638427734375,0,-0.97119140625,0,0.10223388671875,0,0.11676025390625
10.8656,0,0.0638427734375,0,-0.04864501953125,0,0.10223388671875,0,0.11676025390625
10.8765,0,-0.085205078125,0,-0.04864501953125,0,0.065185546875,0,0.216552734375
10.8856,0,-0.085205078125,0,-0.348388671875,0,0.065185546875,0,0.216552734375
10.8967,0,0.1199951171875,0,-0.348388671875,0,0.0902099609375,0,0.108154296875
10.9034,0,0.1199951171875,0,-0.353271484375,0,0.0902099609375,0,0.108154296875
10.9166,0,0.11279296875,0,-0.353271484375,0,0.08013916015625,0,-0.1796875
10.9280,0,0.11279296875,0,-0.292724609375,0,0.08013916015625,0,-0.1796875
10.9363,0,-0.1185302734375,0,-0.292724609375,0,0.042816162109375,0,-0.2108154296875
10.9475,0,-0.1185302734375,0,0.60888671875,0,0.042816162109375,0,-0.2108154296875
10.9553,0,-0.0273895263671875,0,0.60888671875,0,0.0679931640625,0,0.1708984375
10.9651,0,-0.0273895263671875,0,0.06610107421875,0,0.0679931640625,0,0.1708984375
10.9746,0,-0.1346435546875,0,0.06610107421875,0,0.11566162109375,0,-0.094970703125
10.9852,0,-0.1346435546875,0,0.1976318359375,0,0.11566162109375,0,-0.094970703125
10.9943,0,0.11767578125,0,0.1976318359375,0,0.11566162109375,0,0.04376220703125
11.0044,0,0.11767578125,0,0.1976318359375,0,-0.0357666015625,0,0.04376220703125
11.0166,0,-0.08123779296875,0,-0.481689453125,0,-0.0357666015625,0,-0.062042236328125
11.0238,0,-0.08123779296875,0,-0.481689453125,0,0.053497314453125,0,-0.062042236328125
11.0363,0,0.0784912109375,0,-0.16162109375,0,0.1175537109375,0,0.027130126953125
11.0478,0,0.0784912109375,0,0.68798828125,0,0.1175537109375,0,-0.16748046875
11.0551,0,-0.053680419921875,0,0.68798828125,0,-0.018310546875,0,-0.16748046875
11.0648,0,-0.053680419921875,0,-0.54443359375,0,-0.018310546875,0,-0.16748046875
11.0791,0,-0.086181640625,0,-0.54443359375,0,-0.018310546875,0,-0.0212249755859375
11.0935,0,0.09906005859375,0,-0.385498046875,0,0.1064453125,0,-0.12042236328125
11.1019,0,0.09906005859375,0,-0.385498046875,0,0.041839599609375,0,-0.12042236328125
11.1131,0,0.06085205078125,0,-0.450927734375,0,-0.122314453125,0,0.19775390625
11.1251,0,0.06085205078125,0,-0.343505859375,0,-0.122314453125,0,0.19775390625
11.1331,0,-0.12005615234375,0,-0.343505859375,0,-0.122314453125,0,-0.2283935546875
11.1414,0,-0.12005615234375,0,-0.343505859375,0,0.06280517578125,0,-0.2283935546875
11.1525,0,0.0621337890625,0,-0.50244140625,0,0.06280517578125,0,0.051971435546875
11.1611,0,0.0621337890625,0,-0.50244140625,0,0.1119384765625,0,0.051971435546875
11.1719,0,-0.0701904296875,0,-0.293701171875,0,0.1119384765625,0,-0.03118896484375
11.1835,0,-0.0701904296875,0,-0.293701171875,0,0.05487060546875,0,-0.03118896484375
11.1920,0,0.0985107421875,0,-0.334228515625,0,0.05487060546875,0,0.1689453125
11.2003,0,0.0985107421875,0,-0.334228515625,0,0.051727294921875,0,0.1689453125
11.2119,0,0.1005859375,0,0.163818359375,0,0.051727294921875,0,0.165283203125
11.2202,0,0.1005859375,0,0.163818359375,0,-0.09014892578125,0,0.165283203125
11.2313,0,0.06427001953125,0,0.303466796875,0,-0.09014892578125,0,-0.04241943359375
11.2419,0,0.06427001953125,0,0.303466796875,0,0.0428466796875,0,-0.04241943359375
11.2534,0,-0.037994384765625,0,0.9892578125,0,0.0428466796875,0,-0.04241943359375
11.2619,0,-0.037994384765625,0,0.9892578125,0,0.044036865234375,0,0.18212890625
11.2732,0,0.1434326171875,0,-0.1689453125,0,0.044036865234375,0,0.2249755859375
11.2840,0,0.1434326171875,0,-0.1689453125,0,-0.09149169921875,0,0.2249755859375
11.2937,0,0.0034503936767578125,0,-0.2244873046875,0,-0.09149169921875,0,-0.1585693359375
11.3016,0,0.0034503936767578125,0,-0.2244873046875,0,-0.08856201171875,0,-0.1585693359375
11.3133,0,0.0034503936767578125,0,0.15771484375,0,-0.08856201171875,0,-0.1585693359375
11.3215,0,-0.0293731689453125,0,0.15771484375,0,0.054473876953125,0,-0.208984375
11.3325,0,-0.056304931640625,0,0.2403564453125,0,0.054473876953125,0,-0.208984375
11.3401,0,-0.056304931640625,0,0.2403564453125,0,0.0784912109375,0,-0.28515625
11.3510,0,-0.04803466796875,0,0.57177734375,0,0.0784912109375,0,-0.2890625
11.3622,0,-0.04803466796875,0,0.57177734375,0,0.0242767333984375,0,-0.2890625
11.3733,0,0.08685302734375,0,0.61474609375,0,0.0242767333984375,0,0.162353515625
11.3882,0,0.08685302734375,0,0.61474609375,0,-0.035247802734375,0,0.162353515625
11.3965,0,-0.1474609375,0,-0.65966796875,0,-0.035247802734375,0,0.08526611328125
11.4134,0,-0.1474609375,0,-0.07452392578125,0,0.0245819091796875,0,0.08526611328125
11.4236,0,0.12451171875,0,-0.07452392578125,0,0.0733642578125,0,0.2347412109375
11.4326,0,0.10638427734375,0,-0.13427734375,0,0.0733642578125,0,-0.2225341796875
11.4496,0,0.10638427734375,0,-0.13427734375,0,-0.1597900390625,0,-0.2225341796875
11.4541,0,-0.07452392578125,0,0.260009765625,0,-0.1597900390625,0,0.19775390625
11.4661,0,-0.07452392578125,0,0.260009765625,0,0.03741455078125,0,0.19775390625
11.4754,0,0.060943603515625,0,0.3486328125,0,0.03741455078125,0,-0.1983642578125
11.4850,0,0.060943603515625,0,0.3486328125,0,-0.07537841796875,0,-0.1983642578125
11.4926,0,0.01483154296875,0,0.3486328125,0,-0.07537841796875,0,-0.1983642578125
11.5022,0,0.01483154296875,0,-0.22607421875,0,0.042510986328125,0,0.156005859375
11.5171,0,-0.1739501953125,0,-0.35888671875,0,0.042510986328125,0,0.156005859375
11.5206,0,-0.1739501953125,0,-0.35888671875,0,0.132080078125,0,0.1468505859375
11.5333,0,-0.01361846923828125,0,-0.35888671875,0,0.132080078125,0,-0.1396484375
11.5404,0,-0.01361846923828125,0,-0.1204833984375,0,-0.0726318359375,0,-0.1396484375
11.5532,0,0.09326171875,0,-0.26904296875,0,-0.0726318359375,0,0.1859130859375
11.5618,0,0.09326171875,0,-0.26904296875,0,0.061309814453125,0,0.1859130859375
11.5757,0,0.072998046875,0,-0.26904296875,0,0.061309814453125,0,0.1859130859375
11.5828,0,0.072998046875,0,-0.106201171875,0,-0.04351806640625,0,-0.1588134765625
11.5954,0,0.0989990234375,0,-0.106201171875,0,-0.04351806640625,0,-0.04632568359375
11.6049,0,0.0989990234375,0,-0.442626953125,0,0.05609130859375,0,-0.04632568359375
11.6138,0,0.10919189453125,0,0.64990234375,0,0.05609130859375,0,0.1976318359375
11.6205,0,0.10919189453125,0,0.64990234375,0,-0.03759765625,0,0.1976318359375
11.6341,0,0.130859375,0,-0.92041015625,0,-0.03759765625,0,0.061614990234375
11.6430,0,0.130859375,0,-0.92041015625,0,0.0279541015625,0,0.061614990234375
11.6555,0,0.0250396728515625,0,-0.92041015625,0,0.0279541015625,0,0.061614990234375
11.6692,0,0.0250396728515625,0,-0.98828125,0,0.0380859375,0,-0.071044921875
11.6765,0,-0.0184478759765625,0,-0.98828125,0,0.0380859375,0,0.0227813720703125
11.6980,0,0.045684814453125,0,-0.393310546875,0,-0.0562744140625,0,0.058807373046875
11.7038,0,0.045684814453125,0,0.394775390625,0,0.050689697265625,0,0.058807373046875
11.7162,0,0.045684814453125,0,0.394775390625,0,0.050689697265625,0,0.1639404296875
11.7252,0,-0.12139892578125,0,0.44384765625,0,0.050689697265625,0,0.1639404296875
11.7352,0,-0.12139892578125,0,0.44384765625,0,-0.07501220703125,0,0.1639404296875
11.7453,0,-0.1607666015625,0,-0.61376953125,0,0.058441162109375,0,-0.1766357421875
11.7552,0,-0.1607666015625,0,-0.61376953125,0,0.058441162109375,0,0.169677734375
11.7686,0,0.0416259765625,0,0.2490234375,0,0.11151123046875,0,0.169677734375
11.7795,0,0.11773681640625,0,-0.348388671875,0,0.11151123046875,0,0.286376953125
11.7844,0,0.11773681640625,0,-0.348388671875,0,-0.08087158203125,0,0.286376953125
11.7979,0,-0.0968017578125,0,-0.276123046875,0,-0.08087158203125,0,0.228759765625
11.8157,0,-0.0968017578125,0,-0.276123046875,0,-0.064453125,0,-0.2193603515625
11.8237,0,-0.0633544921875,0,-0.06927490234375,0,0.09521484375,0,-0.2193603515625
11.8353,0,-0.0633544921875,0,-0.06927490234375,0,0.09521484375,0,0.031494140625
11.8431,0,-0.09423828125,0,-0.180908203125,0,0.09521484375,0,0.031494140625
11.8544,0,-0.09423828125,0,-0.180908203125,0,0.068115234375,0,0.031494140625
11.8635,0,-0.056182861328125,0,0.43505859375,0,0.068115234375,0,0.2156982421875
11.8764,0,-0.056182861328125,0,0.43505859375,0,0.10235595703125,0,0.2156982421875
11.8846,0,0.09033203125,0,-0.279296875,0,-0.0460205078125,0,-0.1959228515625
11.8993,0,0.026458740234375,0,-0.279296875,0,-0.0460205078125,0,0.0711669921875
11.9041,0,0.026458740234375,0,-0.478515625,0,0.090087890625,0,0.0711669921875
11.9201,0,0.08917236328125,0,-0.478515625,0,0.090087890625,0,0.23046875
11.9252,0,0.08917236328125,0,-0.402099609375,0,-0.0753173828125,0,0.23046875
11.9413,0,-0.06201171875,0,-0.1156005859375,0,-0.0753173828125,0,-0.08526611328125
11.9482,0,-0.06201171875,0,-0.1156005859375,0,0.03076171875,0,-0.08526611328125
11.9595,0,0.0592041015625,0,-0.1156005859375,0,0.03076171875,0,-0.2098388671875
11.9653,0,0.0592041015625,0,0.01436614990234375,0,0.03076171875,0,-0.2098388671875
11.9776,0,0.0592041015625,0,0.01436614990234375,0,0.10833740234375,0,-0.2098388671875
11.9861,0,0.06524658203125,0,-0.406982421875,0,0.10833740234375,0,-0.1407470703125
11.9996,0,0.06524658203125,0,-0.406982421875,0,0.1290283203125,0,-0.1407470703125
12.0058,0,-0.081787109375,0,0.6640625,0,0.1290283203125,0,-0.07647705078125
12.0181,0,-0.081787109375,0,0.6640625,0,0.0274810791015625,0,-0.07647705078125
12.0288,0,-0.0279693603515625,0,0.6640625,0,0.0274810791015625,0,-0.17919921875
12.0392,0,-0.0279693603515625,0,-0.054901123046875,0,0.08990478515625,0,-0.17919921875
12.0553,0,0.1317138671875,0,-0.5751953125,0,0.019622802734375,0,0.187744140625
12.0631,0,-0.1783447265625,0,-0.1861572265625,0,0.019622802734375,0,-0.09033203125
12.0764,0,-0.1783447265625,0,-0.1861572265625,0,-0.051055908203125,0,-0.09033203125
12.0906,0,0.071044921875,0,-0.2685546875,0,-0.051055908203125,0,-0.051483154296875
12.0990,0,0.071044921875,0,-0.2685546875,0,0.0616455078125,0,-0.051483154296875
12.1045,0,-0.1231689453125,0,-0.2685546875,0,0.0616455078125,0,0.183349609375
12.1164,0,-0.1231689453125,0,-0.481689453125,0,0.058441162109375,0,0.183349609375
12.1243,0,-0.0848388671875,0,-0.481689453125,0,0.058441162109375,0,0.2020263671875
12.1377,0,-0.0848388671875,0,0.39111328125,0,0.0219573974609375,0,0.2020263671875
12.1491,0,-0.2489013671875,0,0.39111328125,0,0.0219573974609375,0,0.2020263671875
12.1573,0,-0.2489013671875,0,-0.67724609375,0,-0.07684326171875,0,0.24658203125
12.1660,0,0.1409912109375,0,-0.67724609375,0,-0.07684326171875,0,0.24658203125
12.1770,0,0.1409912109375,0,0.1181640625,0,-0.12249755859375,0,-0.107666015625
12.1847,0,-0.198974609375,0,0.1181640625,0,-0.12249755859375,0,-0.264404296875
12.1995,0,-0.198974609375,0,0.03131103515625,0,-0.1566162109375,0,-0.264404296875
12.2086,0,0.01898193359375,0,0.03131103515625,0,-0.1566162109375,0,0.1705322265625
12.2196,0,0.01898193359375,0,-1.1572265625,0,-0.05389404296875,0,0.1705322265625
12.2266,0,-0.2384033203125,0,-1.1572265625,0,-0.05389404296875,0,-0.264892578125
12.2370,0,-0.2384033203125,0,-0.2000732421875,0,0.038421630859375,0,-0.264892578125
12.2461,0,0.040252685546875,0,-0.2000732421875,0,0.038421630859375,0,0.07476806640625
12.2560,0,0.040252685546875,0,-0.04693603515625,0,-0.07672119140625,0,0.07476806640625
12.2678,0,0.07781982421875,0,-0.04693603515625,0,-0.07672119140625,0,0.059661865234375
12.2771,0,0.07781982421875,0,0.07415771484375,0,0.0634765625,0,0.059661865234375
12.2887,0,0.02508544921875,0,0.07415771484375,0,0.0634765625,0,0.17138671875
12.2968,0,0.02508544921875,0,0.43896484375,0,0.032196044921875,0,0.17138671875
12.3041,0,-0.03424072265625,0,0.43896484375,0,0.032196044921875,0,0.124755859375
12.3153,0,-0.03424072265625,0,-0.037689208984375,0,0.0419921875,0,0.124755859375
12.3275,0,-0.07879638671875,0,-0.037689208984375,0,0.0419921875,0,-0.18603515625
12.3351,0,-0.07879638671875,0,0.60595703125,0,0.021209716796875,0,-0.18603515625
12.3470,0,-0.07470703125,0,0.60595703125,0,0.021209716796875,0,-0.244140625
12.3553,0,-0.07470703125,0,0.623046875,0,-0.03485107421875,0,-0.244140625
12.3683,0,-0.0531005859375,0,0.623046875,0,-0.03485107421875,0,-0.09124755859375
12.3745,0,-0.0531005859375,0,0.400390625,0,0.0855712890625,0,-0.09124755859375
12.3881,0,0.06500244140625,0,0.400390625,0,0.0855712890625,0,-0.09124755859375
12.3994,0,0.06500244140625,0,0.57275390625,0,0.08074951171875,0,-0.1375732421875
12.4096,0,0.0675048828125,0,0.57275390625,0,0.08074951171875,0,0.10357666015625
12.4175,0,0.0675048828125,0,0.50830078125,0,0.063720703125,0,0.10357666015625
12.4335,0,0.0645751953125,0,0.50830078125,0,0.063720703125,0,-0.1971435546875
12.4362,0,0.0645751953125,0,0.46044921875,0,-0.035888671875,0,-0.1971435546875
12.4506,0,-0.09747314453125,0,0.46044921875,0,-0.035888671875,0,0.102783203125
12.4599,0,-0.09747314453125,0,-0.2340087890625,0,0.0709228515625,0,0.102783203125
12.4693,0,-0.19287109375,0,-0.2340087890625,0,0.0709228515625,0,0.102783203125
12.4791,0,-0.19287109375,0,-0.22119140625,0,0.0709228515625,0,-0.052947998046875
12.4895,0,-0.19287109375,0,-0.22119140625,0,0.036651611328125,0,-0.052947998046875
12.4997,0,-0.069580078125,0,-0.377685546875,0,0.036651611328125,0,-0.2705078125
12.5097,0,-0.069580078125,0,-0.377685546875,0,0.0305938720703125,0,-0.2705078125
12.5173,0,0.0875244140625,0,-0.343017578125,0,0.0305938720703125,0,0.0188446044921875
12.5289,0,0.0875244140625,0,-0.343017578125,0,0.0567626953125,0,0.0188446044921875
12.5367,0,0.06024169921875,0,-0.81005859375,0,0.0567626953125,0,0.1080322265625
12.5481,0,0.06024169921875,0,-0.81005859375,0,0.04425048828125,0,0.1080322265625
12.5575,0,0.0487060546875,0,-0.81005859375,0,0.04425048828125,0,0.2059326171875
12.5691,0,0.0487060546875,0,-0.379150390625,0,0.120849609375,0,0.2059326171875
12.5758,0,0.10791015625,0,-0.379150390625,0,0.120849609375,0,0.1676025390625
12.5915,0,0.10791015625,0,-0.251220703125,0,0.08343505859375,0,0.1676025390625
12.5980,0,0.0147705078125,0,-0.251220703125,0,0.08343505859375,0,0.089111328125
12.6084,0,0.0147705078125,0,0.54443359375,0,0.142578125,0,0.089111328125
12.6167,0,-0.0240020751953125,0,0.54443359375,0,0.142578125,0,-0.037872314453125
12.6283,0,-0.0240020751953125,0,0.93359375,0,-0.0032196044921875,0,-0.037872314453125
12.6361,0,-0.08990478515625,0,0.93359375,0,-0.0032196044921875,0,0.2041015625
12.6474,0,-0.08990478515625,0,-0.27880859375,0,0.043487548828125,0,0.2041015625
12.6589,0,-0.01331329345703125,0,-0.27880859375,0,0.043487548828125,0,-0.12127685546875
12.6694,0,-0.01331329345703125,0,-0.385986328125,0,-0.043914794921875,0,-0.12127685546875
12.6776,0,-0.060821533203125,0,-0.385986328125,0,-0.043914794921875,0,0.272705078125
12.6890,0,-0.060821533203125,0,-0.381591796875,0,-0.09783935546875,0,0.272705078125
12.6974,0,-0.1632080078125,0,-0.381591796875,0,-0.09783935546875,0,0.272705078125
12.7102,0,-0.1632080078125,0,0.12310791015625,0,0.054107666015625,0,0.059722900390625
12.7207,0,0.1036376953125,0,0.12310791015625,0,0.054107666015625,0,0.19677734375
12.7383,0,0.08740234375,0,-0.32177734375,0,-0.04583740234375,0,0.11956787109375
12.7465,0,0.08740234375,0,-1.0361328125,0,-0.023956298828125,0,0.11956787109375
12.7584,0,0.044677734375,0,-1.0361328125,0,-0.023956298828125,0,0.036163330078125
12.7687,0,0.044677734375,0,0.587890625,0,-0.023956298828125,0,0.036163330078125
12.7769,0,0.044677734375,0,0.587890625,0,0.01222991943359375,0,0.036163330078125
12.7894,0,0.15771484375,0,-0.472900390625,0,0.08880615234375,0,-0.2237548828125
12.7981,0,0.11309814453125,0,-0.472900390625,0,0.08880615234375,0,-0.2237548828125
12.8063,0,0.11309814453125,0,0.06402587890625,0,0.04254150390625,0,-0.271728515625
12.8198,0,0.040679931640625,0,0.06402587890625,0,0.04254150390625,0,-0.039764404296875
12.8260,0,0.040679931640625,0,-0.2432861328125,0,0.0482177734375,0,-0.039764404296875
12.8376,0,0.08404541015625,0,-0.2432861328125,0,0.0482177734375,0,0.1837158203125
12.8500,0,0.08404541015625,0,0.12066650390625,0,0.0482177734375,0,0.1837158203125
12.8570,0,0.08404541015625,0,0.12066650390625,0,0.079833984375,0,0.1837158203125
12.8659,0,-0.053131103515625,0,-0.1719970703125,0,0.0577392578125,0,0.1787109375
12.8774,0,-0.0139923095703125,0,-0.1719970703125,0,0.0577392578125,0,0.1787109375
12.8852,0,-0.0139923095703125,0,-0.218017578125,0,0.047210693359375,0,0.0941162109375
12.8973,0,0.0684814453125,0,-0.218017578125,0,0.047210693359375,0,0.0941162109375
12.9052,0,0.0684814453125,0,-0.32763671875,0,0.04730224609375,0,0.1328125
12.9186,0,0.07525634765625,0,-0.32763671875,0,0.04730224609375,0,-0.11944580078125
12.9288,0,0.07525634765625,0,0.580078125,0,-0.09075927734375,0,-0.11944580078125
12.9386,0,-0.0916748046875,0,0.580078125,0,-0.09075927734375,0,0.08966064453125
12.9441,0,-0.0916748046875,0,-0.34228515625,0,0.07135009765625,0,0.08966064453125
12.9586,0,0.07733154296875,0,-0.34228515625,0,0.07135009765625,0,0.1998291015625
12.9658,0,0.07733154296875,0,-0.2376708984375,0,0.043365478515625,0,0.1998291015625
12.9793,0,-0.02423095703125,0,-0.2376708984375,0,0.043365478515625,0,0.1998291015625
12.9881,0,-0.02423095703125,0,0.2347412109375,0,-0.037322998046875,0,-0.06854248046875
12.9965,0,-0.14404296875,0,0.2347412109375,0,-0.037322998046875,0,-0.06854248046875
13.0086,0,-0.14404296875,0,0.2347412109375,0,-0.037322998046875,0,-0.044281005859375
13.0174,0,-0.14404296875,0,-0.497802734375,0,0.03961181640625,0,-0.044281005859375
13.0294,0,-0.0848388671875,0,-0.497802734375,0,0.03961181640625,0,0.08648681640625
13.0422,0,-0.0848388671875,0,-0.356201171875,0,-0.08612060546875,0,0.08648681640625
13.0509,0,0.0234375,0,-0.356201171875,0,0.034820556640625,0,0.203369140625
13.0587,0,0.0234375,0,-0.3994140625,0,0.034820556640625,0,0.203369140625
13.0667,0,-0.1123046875,0,-0.3994140625,0,0.034820556640625,0,-0.16845703125
13.0774,0,-0.1123046875,0,-0.56494140625,0,0.0251007080078125,0,-0.16845703125
13.0871,0,0.1041259765625,0,-0.56494140625,0,0.0251007080078125,0,0.14111328125
13.0972,0,0.1041259765625,0,-0.12237548828125,0,0.09344482421875,0,0.14111328125
13.1082,0,0.08709716796875,0,-0.12237548828125,0,0.09344482421875,0,-0.1982421875
13.1207,0,0.08709716796875,0,-0.2010498046875,0,0.09796142578125,0,-0.1982421875
13.1233,0,-0.1893310546875,0,-0.2010498046875,0,0.09796142578125,0,-0.0301361083984375
13.1363,0,-0.1893310546875,0,-0.426513671875,0,-0.051422119140625,0,-0.0301361083984375
13.1429,0,-0.041534423828125,0,-0.426513671875,0,-0.051422119140625,0,-0.0860595703125
13.1559,0,-0.041534423828125,0,-0.412353515625,0,-0.0545654296875,0,-0.0860595703125
13.1691,0,-0.053863525390625,0,-0.412353515625,0,-0.0545654296875,0,-0.0860595703125
13.1773,0,-0.053863525390625,0,-0.406005859375,0,0.047271728515625,0,-0.135009765625
13.1858,0,-0.0181884765625,0,-0.406005859375,0,0.047271728515625,0,-0.1318359375
13.1971,0,-0.0181884765625,0,-0.361328125,0,-0.05474853515625,0,-0.1318359375
13.2050,0,-0.11376953125,0,-0.361328125,0,-0.05474853515625,0,-0.264404296875
13.2149,0,-0.11376953125,0,0.44189453125,0,-0.01418304443359375,0,-0.264404296875
13.2288,0,0.041839599609375,0,0.44189453125,0,-0.01418304443359375,0,0.24365234375
13.2346,0,0.041839599609375,0,-0.181640625,0,0.061065673828125,0,0.24365234375
13.2481,0,0.06109619140625,0,-0.181640625,0,0.061065673828125,0,0.24365234375
13.2567,0,0.06109619140625,0,-0.181640625,0,0.052032470703125,0,0.158447265625
13.2634,0,-0.1402587890625,0,0.07281494140625,0,0.052032470703125,0,0.2423095703125
13.2760,0,-0.1402587890625,0,0.07281494140625,0,0.04193115234375,0,0.2423095703125
13.2880,0,0.048828125,0,-0.556640625,0,0.04193115234375,0,-0.044219970703125
13.2946,0,0.048828125,0,-0.21240234375,0,0.06658935546875,0,-0.044219970703125
13.3029,0,0.08184814453125,0,-0.21240234375,0,0.06658935546875,0,-0.044219970703125
13.3173,0,0.08184814453125,0,-0.21240234375,0,0.0262451171875,0,-0.04534912109375
13.3235,0,-0.12310791015625,0,-0.4287109375,0,0.0262451171875,0,-0.04534912109375
13.3370,0,-0.12310791015625,0,-0.4287109375,0,0.1009521484375,0,0.037841796875
13.3497,0,0.154052734375,0,-0.51806640625,0,0.1009521484375,0,0.037841796875
13.3554,0,0.154052734375,0,-0.07000732421875,0,-0.033294677734375,0,-0.17724609375
13.3639,0,-0.060455322265625,0,-0.07000732421875,0,-0.033294677734375,0,-0.17724609375
13.3783,0,-0.060455322265625,0,-0.07000732421875,0,-0.0257415771484375,0,0.0206298828125
13.3867,0,-0.2430419921875,0,0.1590576171875,0,-0.0257415771484375,0,0.0206298828125
13.3978,0,-0.2430419921875,0,0.1590576171875,0,0.0372314453125,0,0.02197265625
13.4122,0,-0.109375,0,0.1461181640625,0,0.0372314453125,0,0.02197265625
13.4170,0,-0.109375,0,0.1461181640625,0,-0.0220184326171875,0,-0.300048828125
13.4307,0,-0.109375,0,-0.4287109375,0,-0.0220184326171875,0,-0.300048828125
13.4388,0,-0.14013671875,0,-0.4287109375,0,-0.08587646484375,0,0.188720703125
13.4456,0,0.00568389892578125,0,-0.4775390625,0,-0.08587646484375,0,0.188720703125
13.4600,0,0.00568389892578125,0,-0.4775390625,0,-0.08587646484375,0,-0.14208984375
13.4708,0,0.061920166015625,0,-0.426513671875,0,-0.052947998046875,0,-0.14208984375
13.4797,0,0.061920166015625,0,-0.426513671875,0,-0.052947998046875,0,0.2137451171875
13.4914,0,0.061920166015625,0,-0.209716796875,0,-0.092041015625,0,0.2137451171875
13.5002,0,-0.1336669921875,0,-0.209716796875,0,-0.092041015625,0,-0.263916015625
13.5112,0,-0.1336669921875,0,-0.410888671875,0,-0.035736083984375,0,-0.263916015625
13.5178,0,0.1361083984375,0,-0.410888671875,0,-0.035736083984375,0,-0.0908203125
13.5321,0,-0.044769287109375,0,-0.73876953125,0,0.050384521484375,0,-0.0908203125
13.5484,0,-0.044769287109375,0,0.0963134765625,0,0.038116455078125,0,-0.1649169921875
13.5572,0,0.1527099609375,0,0.0963134765625,0,0.038116455078125,0,-0.11004638671875
13.5703,0,0.1527099609375,0,-0.09942626953125,0,0.034149169921875,0,-0.11004638671875
13.5761,0,0.064208984375,0,-0.09942626953125,0,0.034149169921875,0,0.1353759765625
13.5888,0,0.067626953125,0,-0.39111328125,0,0.08782958984375,0,0.1353759765625
13.5976,0,0.067626953125,0,-0.39111328125,0,0.08782958984375,0,-0.136962890625
13.6083,0,0.067626953125,0,-0.4482421875,0,0.04071044921875,0,-0.136962890625
13.6172,0,-0.2039794921875,0,-0.4482421875,0,0.04071044921875,0,0.1177978515625
13.6281,0,-0.2039794921875,0,-0.92333984375,0,0.08642578125,0,0.1177978515625
13.6373,0,-0.0233917236328125,0,-0.92333984375,0,0.08642578125,0,0.159423828125
13.6508,0,-0.0233917236328125,0,1.025390625,0,-0.0174560546875,0,0.159423828125
13.6543,0,0.019256591796875,0,1.025390625,0,-0.0174560546875,0,0.2105712890625
13.6685,0,0.019256591796875,0,1.025390625,0,0.04656982421875,0,0.2105712890625
13.6776,0,-0.087890625,0,0.58154296875,0,0.04656982421875,0,0.229248046875
13.6863,0,-0.087890625,0,0.97265625,0,-0.050506591796875,0,0.229248046875
13.6987,0,-0.1002197265625,0,0.97265625,0,-0.050506591796875,0,0.229248046875
13.7089,0,-0.1002197265625,0,0.11419677734375,0,0.0350341796875,0,-0.0758056640625
13.7180,0,0.074462890625,0,0.11419677734375,0,0.0350341796875,0,-0.0758056640625
13.7262,0,0.074462890625,0,-0.794921875,0,-0.0120391845703125,0,-0.17041015625
13.7404,0,0.09423828125,0,-0.794921875,0,-0.0120391845703125,0,-0.17041015625
13.7440,0,0.09423828125,0,-0.417236328125,0,-0.038726806640625,0,-0.0469970703125
13.7582,0,-0.0472412109375,0,-0.417236328125,0,-0.038726806640625,0,-0.0469970703125
13.7686,0,-0.0472412109375,0,0.04791259765625,0,-0.028289794921875,0,-0.1856689453125
13.7803,0,-0.1297607421875,0,0.04791259765625,0,-0.028289794921875,0,-0.1856689453125
13.7891,0,-0.1297607421875,0,0.04791259765625,0,0.01800537109375,0,-0.03851318359375
13.7963,0,0.1492919921875,0,0.486083984375,0,0.01800537109375,0,-0.03851318359375
13.8101,0,0.1492919921875,0,0.486083984375,0,-0.040863037109375,0,-0.262451171875
13.8211,0,-0.15673828125,0,-0.31640625,0,-0.040863037109375,0,-0.262451171875
13.8267,0,-0.15673828125,0,-0.31640625,0,-0.09136962890625,0,-0.0380859375
13.8383,0,-0.336669921875,0,0.301025390625,0,-0.09136962890625,0,-0.0380859375
13.8495,0,-0.336669921875,0,0.301025390625,0,-0.09136962890625,0,0.2041015625
13.8580,0,0.1668701171875,0,-0.487060546875,0,0.04473876953125,0,0.2041015625
13.8715,0,0.1668701171875,0,-0.487060546875,0,0.04473876953125,0,0.169677734375
13.8801,0,-0.0596923828125,0,0.4423828125,0,0.07940673828125,0,0.169677734375
13.8938,0,-0.283447265625,0,-0.38671875,0,0.08795166015625,0,-0.058441162109375
13.9050,0,-0.283447265625,0,-0.38671875,0,0.08795166015625,0,-0.12091064453125
13.9141,0,-0.10455322265625,0,-0.271728515625,0,0.0084686279296875,0,-0.12091064453125
13.9270,0,-0.10455322265625,0,-0.271728515625,0,0.0084686279296875,0,0.07989501953125
13.9356,0,-0.1806640625,0,-0.1978759765625,0,0.058258056640625,0,0.07989501953125
13.9453,0,-0.1806640625,0,-0.1978759765625,0,0.0894775390625,0,-0.1868896484375
13.9542,0,-0.06109619140625,0,-0.1884765625,0,0.0894775390625,0,-0.1868896484375
13.9634,0,-0.06109619140625,0,-0.1884765625,0,-0.0289154052734375,0,0.1639404296875
13.9754,0,-0.05718994140625,0,-0.2130126953125,0,-0.0289154052734375,0,0.1639404296875
13.9863,0,-0.05718994140625,0,-0.2130126953125,0,-0.0289154052734375,0,0.11737060546875
13.9955,0,-0.05718994140625,0,-0.44140625,0,-0.045318603515625,0,0.11737060546875
14.0059,0,0.1278076171875,0,-0.44140625,0,-0.045318603515625,0,0.1904296875
14.0158,0,-0.0938720703125,0,-0.03997802734375,0,0.0555419921875,0,0.1904296875
14.0264,0,-0.0938720703125,0,-0.03997802734375,0,0.0555419921875,0,-0.14697265625
14.0350,0,-0.0938720703125,0,-0.7861328125,0,0.017913818359375,0,-0.14697265625
14.0478,0,-0.00925445556640625,0,-0.7861328125,0,0.017913818359375,0,-0.051666259765625
14.0555,0,-0.1014404296875,0,-0.315673828125,0,0.08795166015625,0,-0.051666259765625
14.0674,0,-0.1014404296875,0,-0.315673828125,0,0.08795166015625,0,0.05230712890625
14.0767,0,2.78125,0,0.07354736328125,0,0.02203369140625,0,0.05230712890625
14.0874,0,2.78125,0,0.07354736328125,0,0.02203369140625,0,4.2421875
14.0971,0,2.78125,0,6.86328125,1,6.15234375,0,4.2421875
14.1082,0,7.453125,0,6.86328125,1,6.15234375,0,8.6953125
14.1168,0,7.453125,5,10.2109375,15,8.578125,0,8.6953125
14.1278,13,10.265625,5,10.2109375,15,8.578125,9,9.34375
14.1374,13,6.6328125,16,6.78515625,14,8.7109375,9,9.34375
14.1494,13,6.6328125,16,6.78515625,14,8.7109375,16,6.71875
14.1583,13,6.6328125,26,3.38671875,11,5.64453125,16,6.71875
14.1688,24,3.3046875,26,3.38671875,11,5.64453125,24,4.07421875
14.1782,24,3.3046875,35,1.455078125,21,3.44921875,24,4.07421875
14.1899,34,0.876953125,35,1.455078125,21,3.44921875,35,1.453125
14.1980,34,0.876953125,38,0.19189453125,33,0.74072265625,35,1.453125
14.2099,38,-0.65380859375,38,0.19189453125,33,0.74072265625,40,0.47509765625
14.2188,38,-0.65380859375,0,2.57421875,33,-0.603515625,40,0.47509765625
14.2306,3,1.0,0,2.57421875,33,-0.603515625,37,-0.9189453125
14.2374,3,1.0,8,-0.64404296875,34,-0.79052734375,37,-0.9189453125
14.2505,12,0.0963134765625,8,-0.64404296875,34,-0.79052734375,37,-1.2724609375
14.2573,12,0.0963134765625,13,-0.358154296875,34,-0.2978515625,37,-1.2724609375
14.2667,15,-0.6064453125,13,-0.358154296875,34,-0.2978515625,36,-1.2138671875
14.2775,15,-0.6064453125,13,-0.358154296875,34,0.640625,36,-1.2138671875
14.2885,28,0.253173828125,25,1.552734375,34,0.640625,38,-0.38037109375
14.2971,28,0.253173828125,25,1.552734375,45,0.494873046875,38,-0.38037109375
14.3081,40,0.564453125,37,0.177734375,45,0.494873046875,46,-2.30078125
14.3164,40,0.564453125,4,3.33203125,42,-0.83251953125,46,-2.30078125
14.3249,-1,6.24609375,4,3.33203125,42,-0.83251953125,3,6.33203125
14.3364,-1,6.24609375,14,2.57421875,39,0.89697265625,3,6.33203125
14.3452,13,2.306640625,14,2.57421875,39,0.89697265625,11,0.85107421875
14.3570,13,2.306640625,14,2.57421875,18,-0.23046875,11,0.85107421875
14.3681,21,-0.458984375,25,1.4208984375,18,-0.23046875,31,-0.5947265625
14.3768,21,-0.458984375,25,1.4208984375,22,0.8798828125,31,-0.5947265625
14.3898,35,2.16796875,31,0.283935546875,22,0.8798828125,31,-0.5947265625
14.4004,35,2.16796875,31,0.283935546875,25,1.3779296875,22,1.9990234375
14.4095,9,4.73046875,5,2.814453125,25,1.3779296875,22,1.9990234375
14.4187,9,4.73046875,5,2.814453125,36,0.91552734375,26,0.79736328125
14.4314,3,1.4111328125,-10,5.50390625,36,0.91552734375,32,3.373046875
14.4374,3,1.4111328125,-10,5.50390625,35,1.79296875,32,3.373046875
14.4505,12,2.892578125,22,1.1396484375,35,1.79296875,32,3.373046875
14.4587,12,2.892578125,22,1.1396484375,21,0.57861328125,34,1.0654296875
14.4696,22,0.802734375,28,0.05657958984375,21,0.57861328125,34,1.0654296875
14.4790,22,0.802734375,28,0.05657958984375,1,3.666015625,34,1.1416015625
14.4915,31,0.4501953125,27,0.93896484375,1,3.666015625,34,1.1416015625
14.4974,31,0.4501953125,27,0.93896484375,19,1.4228515625,43,-1.71484375
14.5082,14,1.0283203125,30,0.6572265625,19,1.4228515625,43,-1.71484375
14.5179,14,1.0283203125,30,0.6572265625,25,2.201171875,38,-0.2259521484375
14.5260,31,0.60888671875,21,1.3818359375,25,2.201171875,38,-0.2259521484375
14.5367,31,0.60888671875,21,1.3818359375,28,0.71923828125,42,0.1893310546875
14.5516,-8,7.1171875,32,-0.418212890625,28,0.71923828125,42,0.1893310546875
14.5588,-8,7.1171875,32,-0.418212890625,38,-0.26806640625,43,0.10223388671875
14.5673,10,3.115234375,13,2.052734375,38,-0.26806640625,43,0.10223388671875
14.5784,10,3.115234375,13,2.052734375,35,1.4423828125,38,1.1591796875
14.5856,15,0.1640625,32,-0.1624755859375,35,1.4423828125,38,1.1591796875
14.5967,15,0.1640625,32,-0.1624755859375,36,0.97314453125,37,-0.74267578125
14.6086,27,0.375,33,0.46630859375,36,0.97314453125,37,-0.74267578125
14.6173,27,0.375,33,0.46630859375,37,0.45458984375,40,-0.33935546875
14.6281,27,0.375,4,3.548828125,37,0.45458984375,40,-0.33935546875
14.6369,33,0.99853515625,4,3.548828125,37,0.45458984375,38,0.61376953125
14.6493,33,0.99853515625,8,1.798828125,38,1.4658203125,38,0.61376953125
14.6596,37,0.42822265625,8,1.798828125,38,1.4658203125,37,0.132080078125
14.6700,47,-0.6181640625,23,0.95166015625,46,0.5283203125,37,0.132080078125
14.6793,47,-0.6181640625,23,0.95166015625,46,0.5283203125,39,-0.041961669921875
14.6886,47,-0.6181640625,27,1.3818359375,39,0.65576171875,39,-0.041961669921875
14.7033,0,7.421875,27,1.3818359375,39,0.65576171875,38,1.34375
14.7074,0,7.421875,29,1.828125,39,1.033203125,38,1.34375
14.7191,10,2.884765625,29,1.828125,39,1.033203125,47,0.75439453125
14.7335,10,2.884765625,36,-1.1240234375,42,0.69775390625,47,0.75439453125
14.7392,32,0.90576171875,36,-1.1240234375,42,0.69775390625,43,0.274169921875
14.7507,32,0.90576171875,36,-1.1240234375,42,0.2440185546875,43,0.274169921875
14.7609,27,1.75390625,36,1.1064453125,42,0.2440185546875,42,0.4228515625
14.7712,27,1.75390625,36,1.1064453125,43,0.11431884765625,42,0.4228515625
14.7787,30,1.314453125,41,0.689453125,43,0.11431884765625,43,-0.255615234375
14.7911,30,1.314453125,40,0.93359375,41,0.69775390625,43,-0.255615234375
14.7982,33,1.2529296875,40,0.93359375,41,0.69775390625,41,0.5322265625
14.8094,33,1.2529296875,40,0.93359375,40,0.73388671875,41,0.5322265625
14.8251,34,1.234375,42,0.61279296875,42,0.662109375,40,0.87060546875
14.8307,34,1.234375,40,1.04296875,42,0.662109375,40,0.87060546875
14.8386,36,1.099609375,40,1.04296875,42,0.60498046875,41,0.4150390625
14.8514,37,1.09765625,40,0.93212890625,42,0.60498046875,41,0.4150390625
14.8624,37,1.09765625,40,0.93212890625,42,0.60498046875,41,0.87060546875
14.8712,43,0.7080078125,40,1.0966796875,45,0.61181640625,41,0.87060546875
14.8806,43,0.7080078125,40,1.0966796875,45,0.61181640625,40,0.98046875
14.8931,43,0.7080078125,41,1.1328125,42,1.0791015625,40,0.98046875
14.8999,40,1.50390625,41,1.1328125,42,1.0791015625,39,1.0693359375
14.9110,40,1.50390625,41,1.1220703125,41,1.0537109375,39,1.0693359375
14.9237,40,1.1826171875,41,1.1220703125,41,1.0537109375,46,1.2197265625
14.9296,40,1.1826171875,43,1.0302734375,40,0.95751953125,46,1.2197265625
14.9404,38,1.275390625,43,1.0302734375,40,0.95751953125,45,0.580078125
14.9510,38,1.275390625,43,1.0302734375,41,1.1103515625,45,0.580078125
14.9587,39,1.6015625,43,1.076171875,41,1.1103515625,42,1.3603515625
14.9698,39,1.6015625,43,1.076171875,44,0.477294921875,42,1.3603515625
14.9783,44,0.81103515625,42,1.05078125,44,0.477294921875,43,0.54931640625
14.9921,44,0.81103515625,42,1.05078125,43,0.76513671875,43,0.54931640625
14.9982,42,1.4658203125,43,1.0234375,43,0.76513671875,42,1.0927734375
15.0116,42,1.4658203125,43,1.0234375,43,0.96923828125,42,1.0927734375
15.0194,42,1.150390625,44,0.8603515625,43,0.96923828125,41,0.95361328125
15.0334,42,1.150390625,44,0.8603515625,43,0.783203125,41,0.95361328125
15.0378,41,0.9833984375,44,0.80126953125,43,0.783203125,44,0.449462890625
15.0530,41,0.9833984375,44,0.80126953125,46,0.5546875,44,0.449462890625
15.0612,43,0.98193359375,43,1.435546875,46,0.5546875,44,1.02734375
15.0816,47,0.491943359375,43,1.2275390625,47,0.70263671875,42,0.95849609375
15.1002,46,1.3544921875,43,1.3759765625,44,0.92724609375,42,0.95849609375
15.1119,46,1.3544921875,43,1.3759765625,42,1.0732421875,44,0.787109375
15.1194,43,1.3251953125,45,0.8134765625,42,1.0732421875,44,0.787109375
15.1293,43,1.3251953125,45,0.8134765625,42,1.0908203125,46,0.7236328125
15.1359,43,1.248046875,45,0.96533203125,42,1.0908203125,46,0.7236328125
15.1487,43,1.248046875,45,0.96533203125,46,0.70849609375,45,0.7333984375
15.1591,44,1.0703125,44,1.19921875,46,0.70849609375,45,0.7333984375
15.1685,44,1.0703125,44,1.19921875,43,1.458984375,45,0.9482421875
15.1746,43,1.4931640625,44,0.99169921875,43,1.458984375,45,0.9482421875
15.1914,43,1.4931640625,44,0.99169921875,44,1.0634765625,45,0.7509765625
15.1959,44,1.087890625,45,0.822265625,44,1.0634765625,45,0.7509765625
15.2125,44,1.087890625,45,0.822265625,45,0.92333984375,44,0.88232421875
15.2177,44,1.07421875,48,0.59130859375,45,0.92333984375,44,0.88232421875
15.2281,44,1.07421875,48,0.59130859375,47,0.70556640625,45,0.67333984375
15.2367,44,1.07421875,46,1.3310546875,47,0.70556640625,45,0.67333984375
15.2483,44,1.2373046875,46,1.3310546875,50,0.4775390625,45,0.6474609375
15.2562,44,1.2373046875,45,1.2490234375,50,0.4775390625,45,0.6474609375
15.2675,49,0.505859375,45,1.2490234375,45,0.94775390625,44,0.810546875
15.2804,49,0.505859375,44,1.12109375,45,0.94775390625,44,0.810546875
15.2880,47,1.109375,44,1.12109375,44,1.095703125,45,0.87939453125
15.3007,47,1.109375,45,1.0283203125,44,1.095703125,45,0.87939453125
15.3076,46,1.02734375,45,1.0283203125,44,0.927734375,46,0.728515625
15.3174,46,1.02734375,47,0.63916015625,44,0.927734375,46,0.728515625
15.3275,46,0.94677734375,47,0.63916015625,47,0.798828125,45,0.65576171875
15.3360,46,0.94677734375,45,1.0166015625,47,0.798828125,45,0.65576171875
15.3500,45,0.99169921875,45,1.0166015625,47,0.798828125,45,1.041015625
15.3568,45,0.99169921875,45,1.0166015625,44,1.142578125,45,1.041015625
15.3682,44,1.00390625,45,1.1025390625,45,0.9365234375,45,0.65380859375
15.3773,44,1.00390625,46,0.91943359375,45,0.9365234375,45,0.65380859375
15.3925,44,1.263671875,46,0.91943359375,45,0.9365234375,45,0.63427734375
15.3985,44,1.263671875,49,0.47412109375,47,0.533203125,45,0.63427734375
15.4094,46,0.72509765625,49,0.47412109375,47,0.533203125,47,0.471435546875
15.4182,46,0.72509765625,47,1.109375,48,0.478271484375,47,0.471435546875
15.4319,46,1.0615234375,47,1.109375,48,0.478271484375,48,0.92919921875
15.4376,46,1.0615234375,46,1.0341796875,50,0.54052734375,48,0.92919921875
15.4500,50,0.302734375,46,1.0341796875,50,0.54052734375,45,0.701171875
15.4576,50,0.302734375,45,1.0146484375,46,0.80908203125,45,0.701171875
15.4685,47,0.9296875,45,1.0146484375,46,0.80908203125,46,0.93017578125
15.4768,47,0.9296875,46,0.97021484375,45,0.96533203125,46,0.93017578125
15.4890,46,0.85009765625,46,0.97021484375,45,0.96533203125,46,0.587890625
15.4965,46,0.85009765625,48,0.55712890625,44,0.828125,46,0.587890625
15.5077,45,1.0322265625,48,0.55712890625,44,0.828125,46,0.587890625
15.5170,45,1.0322265625,47,1.07421875,47,0.6259765625,47,0.77734375
15.5277,47,0.82470703125,47,1.07421875,47,0.6259765625,47,0.30224609375
15.5399,47,0.82470703125,46,0.96875,46,1.0556640625,47,0.30224609375
15.5471,45,1.189453125,46,0.96875,46,1.0556640625,47,0.4609375
15.5592,45,1.189453125,46,0.96875,46,0.830078125,47,0.4609375
15.5697,45,0.98876953125,45,1.0166015625,46,0.830078125,47,0.4609375
15.5787,45,0.98876953125,45,1.0166015625,46,0.69873046875,44,1.04296875
15.5875,45,0.92138671875,47,0.59814453125,46,0.69873046875,44,1.04296875
15.6012,45,0.92138671875,47,0.59814453125,48,0.396484375,44,0.94775390625
15.6082,45,0.9208984375,46,1.1904296875,48,0.396484375,44,0.94775390625
15.6196,45,0.9208984375,46,1.1904296875,50,0.3857421875,48,0.572265625
15.6281,51,0.268310546875,46,0.841796875,50,0.3857421875,47,0.61669921875
15.6392,51,0.268310546875,46,0.841796875,47,0.65625,47,0.61669921875
15.6464,51,0.268310546875,45,1.1435546875,47,0.65625,47,0.61669921875
15.6585,47,0.94482421875,45,1.1435546875,45,0.88037109375,45,0.859375
15.6674,46,0.95068359375,46,0.74072265625,45,0.88037109375,45,0.859375
15.6784,46,0.95068359375,46,0.74072265625,43,1.099609375,43,1.0703125
15.6893,46,0.95068359375,47,0.845703125,43,1.099609375,43,1.0703125
15.7017,43,1.158203125,47,0.845703125,46,0.79931640625,45,0.7880859375
15.7108,43,1.158203125,46,0.669921875,46,0.79931640625,45,0.7880859375
15.7213,45,0.96337890625,46,0.669921875,44,0.95361328125,45,0.81201171875
15.7326,45,0.96337890625,45,1.0068359375,44,0.95361328125,45,0.81201171875
15.7403,44,1.1142578125,45,1.0068359375,45,0.87841796875,49,0.5029296875
15.7490,44,1.130859375,45,0.94677734375,45,0.87841796875,49,0.5029296875
15.7587,44,1.130859375,45,0.94677734375,45,0.77490234375,42,1.203125
15.7723,44,1.130859375,46,0.5654296875,45,0.77490234375,42,1.203125
15.7771,43,0.857421875,46,0.5654296875,45,0.71142578125,41,0.9306640625
15.7883,43,0.857421875,44,1.1767578125,45,0.71142578125,41,0.9306640625
15.7967,42,1.263671875,44,1.1767578125,48,0.478515625,46,0.46728515625
15.8078,42,1.263671875,44,0.77392578125,48,0.478515625,46,0.46728515625
15.8163,46,0.5703125,44,0.77392578125,45,0.6943359375,47,0.469970703125
15.8279,46,0.5703125,45,0.8955078125,45,0.6943359375,47,0.469970703125
15.8397,46,1.1328125,45,0.8955078125,44,1.0439453125,47,0.880859375
15.8507,46,1.1328125,45,0.82373046875,44,1.0439453125,47,0.880859375
15.8596,46,0.8701171875,45,0.82373046875,44,1.0439453125,43,0.7578125
15.8726,46,0.8701171875,49,0.339111328125,44,0.796875,43,0.7578125
15.8835,44,1.228515625,49,0.339111328125,44,0.796875,43,0.89306640625
15.8909,44,1.228515625,46,0.92919921875,45,0.6259765625,43,0.89306640625
15.9011,44,0.92919921875,46,0.92919921875,46,0.69384765625,42,0.85888671875
15.9101,44,0.92919921875,45,0.74755859375,46,0.69384765625,42,0.85888671875
15.9209,47,0.3994140625,45,0.74755859375,46,0.69384765625,52,-0.2481689453125
15.9320,47,0.3994140625,45,0.99755859375,45,0.53857421875,52,-0.2481689453125
15.9388,45,0.94677734375,45,0.99755859375,45,0.53857421875,32,3.548828125
15.9498,45,0.94677734375,46,0.8330078125,46,0.681640625,32,3.548828125
15.9606,44,0.52685546875,46,0.8330078125,46,0.681640625,34,1.06640625
15.9710,44,0.52685546875,46,0.30419921875,46,0.368408203125,34,1.06640625
15.9796,43,0.951171875,46,0.30419921875,46,0.368408203125,38,1.1103515625
15.9912,43,0.951171875,43,1.013671875,47,0.5029296875,38,1.1103515625
15.9996,46,0.64990234375,43,1.013671875,47,0.5029296875,43,-0.76318359375
16.0104,46,0.64990234375,44,0.65673828125,46,0.50439453125,43,-0.76318359375
16.0193,47,0.4443359375,44,0.65673828125,46,0.50439453125,43,-0.76318359375
16.0340,47,0.4443359375,44,0.65673828125,45,0.73486328125,47,0.45849609375
16.0391,45,1.146484375,44,0.89599609375,45,0.73486328125,38,1.390625
16.0525,45,1.146484375,44,0.89599609375,43,0.7060546875,38,1.390625
16.0594,43,0.6923828125,48,0.282958984375,43,0.7060546875,39,0.86279296875
16.0709,43,0.6923828125,45,1.05078125,43,0.9345703125,39,0.86279296875
16.0808,43,1.13671875,45,1.05078125,43,0.9345703125,39,0.86279296875
16.0934,43,1.13671875,45,1.05078125,44,0.83251953125,39,1.1435546875
16.1013,44,0.8017578125,44,0.8212890625,44,0.83251953125,39,1.1435546875
16.1109,44,0.8017578125,44,0.8212890625,44,0.65185546875,47,0.18115234375
16.1235,44,1.05859375,43,0.880859375,44,0.65185546875,44,0.87109375
16.1333,44,1.05859375,43,0.880859375,45,1.0087890625,44,0.87109375
16.1395,43,0.9951171875,45,0.79833984375,45,1.0087890625,44,0.87109375
16.1532,43,0.9951171875,45,0.79833984375,45,0.54052734375,36,1.2900390625
16.1588,43,0.6435546875,47,0.1280517578125,45,0.54052734375,36,1.2900390625
16.1700,43,0.6435546875,47,0.1280517578125,47,0.401611328125,38,0.82958984375
16.1807,43,0.9306640625,43,1.220703125,47,0.401611328125,38,0.82958984375
16.1897,43,0.9306640625,43,1.220703125,47,0.6328125,40,0.96826171875
16.2025,46,0.6435546875,42,0.92919921875,47,0.6328125,40,0.96826171875
16.2108,46,0.6435546875,42,0.92919921875,44,0.84130859375,44,0.65625
16.2220,46,1.0029296875,42,1.21875,44,0.84130859375,44,0.65625
16.2308,46,1.0029296875,42,1.21875,42,1.15234375,42,1.3388671875
16.2391,44,0.97314453125,45,0.58984375,42,1.15234375,42,1.3388671875
16.2505,44,0.97314453125,45,0.58984375,42,1.15234375,43,0.63818359375
16.2577,44,0.97314453125,47,0.6357421875,41,0.71923828125,43,0.63818359375
16.2756,43,0.94970703125,44,0.890625,43,0.61279296875,40,1.2060546875
16.2912,43,1.02734375,44,0.890625,43,0.61279296875,39,1.0966796875
16.2971,43,1.02734375,42,0.87353515625,43,0.7197265625,39,1.0966796875
16.3078,43,1.029296875,42,0.87353515625,43,0.7197265625,47,0.0714111328125
16.3168,43,1.029296875,42,1.021484375,43,0.60693359375,47,0.0714111328125
16.3312,43,0.93896484375,42,1.021484375,44,0.494873046875,42,0.84619140625
16.3368,43,0.93896484375,45,-0.66357421875,44,0.494873046875,42,0.84619140625
16.3474,43,0.93994140625,45,-0.66357421875,44,0.494873046875,42,0.740234375
16.3574,43,0.93994140625,45,0.51904296875,44,0.57763671875,42,0.740234375
16.3711,42,1.03125,45,0.51904296875,44,0.57763671875,41,0.87646484375
16.3757,42,1.03125,42,0.9208984375,46,0.497802734375,41,0.87646484375
16.3905,44,1.025390625,42,0.9208984375,46,0.497802734375,42,0.79736328125
16.3975,44,1.025390625,42,0.9208984375,44,0.8857421875,42,0.79736328125
16.4083,46,0.405029296875,43,0.82470703125,44,0.8857421875,45,0.274169921875
16.4169,46,0.405029296875,43,0.8779296875,42,0.724609375,45,0.274169921875
16.4300,44,0.6962890625,43,0.8779296875,42,0.724609375,43,0.80810546875
16.4395,44,0.6962890625,45,0.7451171875,42,0.8330078125,43,0.80810546875
16.4490,42,1.171875,45,0.7451171875,42,0.8330078125,43,0.76953125
16.4583,42,1.171875,45,0.7919921875,41,0.9130859375,43,0.76953125
16.4695,42,0.85400390625,45,0.7919921875,41,0.9130859375,41,0.87744140625
16.4778,42,0.85400390625,44,0.72900390625,42,0.74365234375,41,0.87744140625
16.4891,42,1.017578125,44,0.72900390625,42,0.74365234375,42,0.86279296875
16.4976,42,1.017578125,42,0.97119140625,42,0.82470703125,42,0.86279296875
16.5077,42,0.98583984375,42,0.97119140625,42,0.82470703125,45,0.54150390625
16.5180,42,0.98583984375,42,0.91943359375,43,0.6416015625,45,0.54150390625
16.5287,42,1.10546875,42,0.91943359375,43,0.6416015625,45,0.54150390625
16.5383,42,1.10546875,43,0.67041015625,43,0.57568359375,42,0.95458984375
16.5482,42,0.76611328125,43,0.67041015625,43,0.57568359375,41,0.71142578125
16.5571,42,0.76611328125,42,1.0029296875,43,0.62060546875,41,0.71142578125
16.5679,41,1.037109375,42,1.0029296875,43,0.62060546875,44,0.91357421875
16.5786,41,1.037109375,42,1.0029296875,44,0.90478515625,44,0.91357421875
16.5880,45,0.73876953125,42,0.97119140625,44,0.90478515625,44,0.91357421875
16.5990,45,0.73876953125,42,0.97119140625,44,0.47900390625,42,0.9384765625
16.6072,45,0.72119140625,42,0.8427734375,44,0.47900390625,42,0.9384765625
16.6194,45,0.72119140625,42,0.8427734375,43,0.8369140625,42,0.79736328125
16.6288,43,1.1083984375,42,0.98779296875,43,0.8369140625,42,0.79736328125
16.6366,43,1.1083984375,42,0.77294921875,41,0.90576171875,43,0.8447265625
16.6493,41,1.0712890625,42,0.77294921875,41,0.90576171875,43,0.787109375
16.6591,41,1.0712890625,42,0.77294921875,41,0.865234375,43,0.787109375
16.6680,41,1.0009765625,43,0.60107421875,41,0.865234375,43,0.787109375
16.6786,41,1.0009765625,43,0.60107421875,41,0.83837890625,42,0.83154296875
16.6912,41,1.0009765625,44,0.68896484375,41,0.83837890625,42,0.83154296875
16.6957,42,0.84521484375,44,0.68896484375,44,0.492919921875,43,0.67138671875
16.7097,41,0.77392578125,43,0.70947265625,44,0.492919921875,43,0.67138671875
16.7215,41,0.77392578125,43,0.70947265625,44,0.59033203125,43,0.7421875
16.7303,41,1.09765625,42,0.849609375,44,0.59033203125,43,0.7421875
16.7405,41,1.09765625,42,0.849609375,43,0.7021484375,41,0.8984375
16.7513,41,1.09765625,42,0.734375,43,0.7021484375,41,0.8984375
16.7570,41,0.95751953125,42,0.734375,43,0.5302734375,41,0.65283203125
16.7682,41,0.84716796875,43,0.626953125,43,0.5302734375,41,0.65283203125
16.7765,41,0.84716796875,43,0.626953125,43,0.5732421875,42,0.96044921875
16.7879,44,0.58203125,42,0.9716796875,43,0.5732421875,42,0.96044921875
16.7965,44,0.58203125,42,0.9716796875,43,0.5419921875,43,0.7509765625
16.8124,44,0.58203125,42,0.841796875,43,0.5419921875,43,0.7509765625
16.8197,44,1.095703125,42,0.841796875,41,0.90869140625,43,0.75390625
16.8329,44,1.095703125,41,0.970703125,41,0.90869140625,43,0.75390625
16.8368,42,0.8740234375,41,0.970703125,40,0.80810546875,40,0.93701171875
16.8508,42,0.8740234375,40,0.70849609375,40,0.80810546875,40,0.93701171875
16.8559,41,0.98046875,40,0.70849609375,40,0.80810546875,40,0.87890625
16.8680,41,0.98046875,42,0.630859375,39,0.88525390625,40,0.87890625
16.8784,40,1.00390625,42,0.630859375,39,0.88525390625,40,0.4931640625
16.8922,40,1.00390625,42,0.6884765625,39,0.94970703125,40,0.4931640625
16.9035,41,0.74560546875,42,0.6884765625,39,0.94970703125,42,0.51708984375
16.9102,41,0.74560546875,42,0.71728515625,42,0.5439453125,42,0.51708984375
16.9183,41,0.73681640625,42,0.71728515625,42,0.5439453125,42,0.458251953125
16.9330,41,0.73681640625,41,0.78564453125,42,0.7177734375,42,0.458251953125
16.9423,40,0.9150390625,41,0.78564453125,42,0.7177734375,40,0.84228515625
16.9532,40,0.9150390625,40,0.927734375,43,0.58984375,40,0.84228515625
16.9592,41,0.81005859375,40,0.927734375,43,0.58984375,40,0.73974609375
16.9699,41,0.81005859375,41,0.64111328125,42,0.6318359375,40,0.73974609375
16.9783,40,0.9638671875,41,0.64111328125,42,0.6318359375,42,0.6220703125
16.9922,40,0.9638671875,42,0.75927734375,42,0.6640625,42,0.6220703125
16.9982,43,0.59619140625,42,0.75927734375,42,0.6640625,41,0.66748046875
17.0122,43,0.59619140625,42,0.75927734375,41,0.466552734375,41,0.66748046875
17.0175,43,0.82763671875,42,0.57470703125,41,0.466552734375,40,0.6005859375
17.0332,43,0.82763671875,42,0.57470703125,40,0.93212890625,40,0.6005859375
17.0403,42,0.78369140625,41,0.80908203125,40,0.93212890625,42,0.5556640625
17.0528,42,0.78369140625,41,0.80908203125,41,0.5947265625,42,0.5556640625
17.0604,40,1.2880859375,40,0.98388671875,41,0.5947265625,42,0.765625
17.0715,40,1.2880859375,40,0.98388671875,40,1.2099609375,42,0.765625
17.0828,39,1.28125,42,0.6923828125,40,1.2099609375,42,0.765625
17.0945,39,1.28125,42,0.8173828125,40,0.90234375,40,1.1328125
17.1015,41,0.96337890625,42,0.8173828125,40,0.90234375,40,1.1328125
17.1115,41,0.96337890625,41,1.0146484375,40,0.953125,41,0.86474609375
17.1204,39,1.64453125,41,1.0146484375,40,0.953125,41,0.86474609375
17.1324,39,1.64453125,41,1.0146484375,40,0.9833984375,41,1.0615234375
17.1398,39,1.380859375,42,0.8310546875,40,0.9833984375,41,1.0615234375
17.1521,39,1.380859375,42,0.8310546875,42,0.52685546875,40,0.8583984375
17.1586,39,1.02734375,39,1.109375,42,0.52685546875,40,0.8583984375
17.1721,39,1.02734375,39,1.109375,42,0.73193359375,40,0.91162109375
17.1806,38,1.291015625,40,1.1298828125,42,0.73193359375,40,0.91162109375
17.1915,38,1.291015625,40,1.1298828125,42,0.74658203125,39,0.927734375
17.1974,42,0.63818359375,40,0.87841796875,42,0.74658203125,39,0.927734375
17.2136,42,0.63818359375,40,0.87841796875,40,0.806640625,39,0.84814453125
17.2195,44,0.7001953125,41,0.8095703125,40,0.806640625,39,0.84814453125
17.2337,44,0.7001953125,41,0.8095703125,39,0.9580078125,40,1.021484375
17.2438,44,0.7001953125,41,0.97265625,39,0.9580078125,40,1.021484375
17.2503,41,0.93701171875,41,0.97265625,39,0.75048828125,40,0.8740234375
17.2611,41,0.93701171875,40,1.103515625,39,0.75048828125,40,0.8740234375
17.2711,41,0.9384765625,40,1.103515625,39,0.80517578125,40,0.72900390625
17.2784,39,0.97607421875,40,0.8232421875,39,0.80517578125,40,0.72900390625
17.2922,39,0.97607421875,40,0.8232421875,41,0.619140625,40,0.82861328125
17.2993,42,0.416748046875,42,0.5771484375,41,0.619140625,40,0.82861328125
17.3100,42,0.416748046875,42,0.5771484375,40,0.96826171875,40,1.0361328125
17.3197,43,0.642578125,41,1.0068359375,40,0.96826171875,40,1.0361328125
17.3299,43,0.642578125,41,1.0068359375,40,0.72314453125,41,0.52685546875
17.3393,43,0.642578125,41,0.80322265625,40,0.72314453125,41,0.52685546875
17.3542,39,1.0517578125,41,0.80322265625,41,0.69091796875,40,0.9365234375
17.3613,39,1.0517578125,39,1.013671875,41,0.69091796875,40,0.9365234375
17.3705,38,1.1298828125,39,1.013671875,41,0.5595703125,39,0.7919921875
17.3824,38,1.1298828125,39,0.96337890625,41,0.5595703125,39,0.7919921875
17.3921,39,0.970703125,39,0.96337890625,44,0.27783203125,42,0.3359375
17.4008,39,0.970703125,41,0.7578125,44,0.27783203125,42,0.3359375
17.4120,41,0.7744140625,41,0.7578125,42,0.61572265625,42,0.8154296875
17.4196,41,0.7744140625,41,0.93408203125,42,0.61572265625,42,0.8154296875
17.4307,46,0.452392578125,41,0.93408203125,42,0.61572265625,40,0.9052734375
17.4416,46,0.452392578125,41,0.96728515625,40,0.78369140625,40,0.9052734375
17.4593,41,1.2109375,39,0.98193359375,39,1.009765625,39,0.8642578125
17.4693,40,0.86572265625,39,0.98193359375,38,0.8740234375,40,0.67724609375
17.4764,40,0.86572265625,39,0.86328125,38,0.8740234375,40,0.67724609375
17.4882,38,1.11328125,39,0.86328125,41,0.60791015625,41,0.9052734375
17.4973,38,1.11328125,42,0.53515625,41,0.60791015625,41,0.9052734375
17.5075,39,0.91943359375,42,0.53515625,42,0.465087890625,41,0.9052734375
17.5162,39,0.91943359375,42,0.53515625,42,0.465087890625,41,0.79931640625
17.5310,43,0.47216796875,41,0.94189453125,42,0.465087890625,41,0.79931640625
17.5414,43,0.47216796875,41,0.896484375,41,0.62158203125,40,0.875
17.5479,39,0.96875,41,0.896484375,40,0.7646484375,39,0.87744140625
17.5591,39,0.95458984375,40,0.79638671875,40,0.7646484375,39,0.87744140625
17.5717,39,0.95458984375,40,0.79638671875,40,0.712890625,39,0.6484375
17.5761,39,0.95458984375,40,0.86962890625,40,0.712890625,39,0.6484375
17.5903,38,1.0400390625,40,0.86962890625,40,0.712890625,39,0.6484375
17.5981,38,1.0400390625,41,0.5556640625,45,0.2059326171875,40,0.75927734375
17.6080,38,1.0947265625,41,0.5556640625,44,0.3369140625,41,0.50146484375
17.6188,38,1.0947265625,40,0.81884765625,44,0.3369140625,41,0.50146484375
17.6291,44,0.45751953125,40,0.81884765625,44,0.3369140625,41,0.50146484375
17.6372,44,0.45751953125,40,1.005859375,40,0.85205078125,39,0.78466796875
17.6530,42,1.232421875,40,1.005859375,40,0.85205078125,39,0.78466796875
17.6585,42,1.232421875,40,1.005859375,39,0.91015625,39,0.9765625
17.6725,41,1.01953125,40,0.78076171875,38,0.8701171875,40,0.66259765625
17.6827,38,1.443359375,40,0.81689453125,38,0.8701171875,40,0.66259765625
17.6906,38,1.443359375,40,0.81689453125,40,0.55908203125,40,0.84130859375
17.7032,37,1.2109375,41,0.65087890625,40,0.55908203125,40,0.84130859375
17.7086,37,1.2109375,41,0.65087890625,43,0.5322265625,40,0.96728515625
17.7204,37,1.2109375,41,0.69775390625,43,0.5322265625,40,0.96728515625
17.7305,43,0.404052734375,41,0.69775390625,43,0.5322265625,40,0.96728515625
17.7411,43,0.404052734375,41,0.69775390625,40,0.80029296875,40,0.8173828125
17.7485,39,1.3984375,41,0.72802734375,40,0.80029296875,40,0.8173828125
17.7607,39,1.3984375,41,0.72802734375,39,0.96533203125,41,0.63037109375
17.7669,39,1.0205078125,40,0.99951171875,39,0.96533203125,41,0.63037109375
17.7787,39,1.0205078125,40,0.99951171875,40,0.671875,39,0.837890625
17.7868,39,1.0205078125,40,1.068359375,40,0.671875,39,0.837890625
17.7987,38,0.982421875,40,1.068359375,41,0.6826171875,39,0.9404296875
17.8060,38,0.982421875,39,0.9736328125,41,0.6826171875,39,0.9404296875
17.8194,37,1.2314453125,39,0.9736328125,43,0.469482421875,41,0.5244140625
17.8260,37,1.2314453125,39,1.0693359375,43,0.469482421875,41,0.5244140625
17.8400,41,0.79150390625,39,1.0693359375,40,0.95458984375,41,0.826171875
17.8464,41,0.79150390625,40,0.765625,40,0.95458984375,41,0.826171875
17.8603,41,0.869140625,40,0.765625,39,0.810546875,39,0.8447265625
17.8662,41,0.869140625,41,0.8662109375,39,0.810546875,39,0.8447265625
17.8743,39,1.00390625,41,0.8662109375,38,0.97216796875,39,1.0087890625
17.8878,39,1.00390625,41,0.54443359375,38,0.97216796875,39,1.0087890625
17.8969,41,0.60498046875,41,0.54443359375,38,0.8564453125,39,0.71484375
17.9081,41,0.60498046875,41,1.248046875,38,0.8564453125,39,0.71484375
17.9196,38,1.248046875,41,1.248046875,41,0.7265625,40,0.921875
17.9290,38,1.248046875,40,0.81201171875,41,0.7265625,40,0.921875
17.9414,41,0.53515625,40,0.81201171875,39,0.9052734375,40,0.80126953125
17.9504,41,0.53515625,40,0.7021484375,39,0.9052734375,40,0.80126953125
17.9583,44,0.49365234375,40,0.7021484375,41,0.529296875,40,0.78662109375
17.9706,44,0.49365234375,40,0.87255859375,41,0.529296875,40,0.78662109375
17.9790,41,1.14453125,40,0.87255859375,39,1.0146484375,40,0.99658203125
17.9894,41,1.14453125,41,0.84326171875,39,1.0146484375,40,0.99658203125
17.9980,40,0.99267578125,41,0.84326171875,39,0.7314453125,38,0.86083984375
18.0087,40,0.99267578125,41,0.271240234375,39,0.7314453125,38,0.86083984375
18.0174,38,1.142578125,41,0.271240234375,43,0.4013671875,39,0.83837890625
18.0286,38,1.142578125,39,0.93017578125,43,0.4013671875,39,0.83837890625
18.0393,38,1.146484375,39,0.93017578125,41,0.67041015625,41,0.755859375
18.0489,38,1.146484375,39,0.91015625,41,0.67041015625,41,0.755859375
18.0578,43,0.43896484375,39,0.91015625,41,0.67041015625,41,0.755859375
18.0679,43,0.43896484375,39,0.8662109375,40,0.814453125,39,1.296875
18.0762,41,1.0732421875,39,0.8662109375,38,1.0400390625,38,0.9697265625
18.0891,41,1.0732421875,41,0.63134765625,38,1.0400390625,38,0.9697265625
18.0989,40,0.95068359375,41,0.63134765625,37,0.9560546875,40,0.5791015625
18.1115,40,0.95068359375,41,0.595703125,37,0.9560546875,40,0.5791015625
18.1179,38,1.1865234375,41,0.595703125,37,0.9560546875,40,0.5791015625
18.1286,38,1.1865234375,39,0.82275390625,41,0.50341796875,40,0.69287109375
18.1377,37,1.216796875,39,0.82275390625,41,0.50341796875,40,0.69287109375
18.1487,37,1.216796875,39,1.0224609375,41,0.6796875,39,1.0615234375
18.1572,39,0.99755859375,39,1.0224609375,41,0.6796875,39,1.0615234375
18.1688,39,0.99755859375,39,0.90576171875,39,0.78369140625,39,0.83056640625
18.1784,38,1.240234375,39,0.90576171875,39,0.78369140625,40,0.818359375
18.1892,38,1.240234375,39,0.90234375,39,0.84912109375,40,0.818359375
18.1966,38,1.05078125,39,0.90234375,39,0.84912109375,40,0.818359375
18.2100,38,1.05078125,41,0.75048828125,39,0.83154296875,39,0.87109375
18.2158,39,0.96826171875,41,0.75048828125,39,0.83154296875,39,0.87109375
18.2312,39,0.96826171875,41,0.75048828125,42,0.456298828125,39,0.93017578125
18.2388,38,1.0673828125,39,1.2001953125,42,0.456298828125,39,0.93017578125
18.2502,38,1.0673828125,38,1.0498046875,44,0.5146484375,39,0.93359375
18.2613,39,0.94873046875,38,1.0498046875,44,0.5146484375,39,0.93359375
18.2687,39,0.94873046875,38,1.0498046875,39,1.0390625,39,0.974609375
18.2798,39,0.94873046875,38,0.9921875,39,1.0390625,39,0.974609375
18.2912,42,0.50830078125,38,0.9921875,38,0.9599609375,38,0.92626953125
18.2997,40,1.0283203125,38,0.95166015625,38,0.9599609375,38,0.92626953125
18.3103,40,1.0283203125,38,0.95166015625,38,0.99072265625,38,1.005859375
18.3190,40,1.0283203125,41,0.6435546875,38,0.99072265625,38,1.005859375
18.3301,39,1.00390625,41,0.6435546875,39,0.8798828125,40,0.7783203125
18.3390,39,1.00390625,40,0.984375,39,0.8798828125,40,0.7783203125
18.3471,39,0.93798828125,40,0.984375,40,0.65966796875,39,0.8505859375
18.3585,39,0.93798828125,39,0.79931640625,40,0.65966796875,39,0.8505859375
18.3666,39,0.8994140625,39,0.79931640625,38,0.98828125,39,1.025390625
18.3776,39,0.8994140625,39,1.005859375,38,0.98828125,39,1.025390625
18.3888,39,0.892578125,39,1.005859375,38,0.98828125,39,0.70556640625
18.3995,39,0.892578125,39,0.96142578125,39,0.8125,39,0.70556640625
18.4096,38,0.9599609375,39,0.96142578125,40,0.63623046875,39,0.63427734375
18.4194,38,0.9599609375,41,0.703125,40,0.63623046875,39,0.63427734375
18.4302,38,0.81103515625,41,0.703125,40,0.52734375,39,0.68896484375
18.4389,38,0.81103515625,41,0.9306640625,40,0.52734375,39,0.68896484375
18.4485,39,1.0107421875,41,0.9306640625,40,0.52734375,39,0.68896484375
18.4598,39,1.0107421875,39,0.99560546875,43,0.50439453125,39,0.8046875
18.4727,40,0.78466796875,39,0.99560546875,43,0.50439453125,41,0.494384765625
18.4811,40,0.78466796875,39,1.2216796875,40,0.92578125,41,0.494384765625
18.4911,43,0.61767578125,39,1.2216796875,40,0.92578125,41,0.494384765625
18.5018,43,0.61767578125,39,0.83935546875,38,0.9208984375,39,1.052734375
18.5088,41,0.9443359375,39,0.83935546875,38,0.9208984375,39,1.052734375
18.5234,41,0.9443359375,41,0.62841796875,38,0.88916015625,38,0.9794921875
18.5283,40,1.0009765625,41,0.62841796875,38,0.88916015625,38,0.9794921875
18.5370,40,1.0009765625,41,0.47314453125,37,0.841796875,40,0.6884765625
18.5514,39,0.96875,41,0.47314453125,37,0.841796875,40,0.64599609375
18.5578,39,0.96875,41,0.76708984375,41,0.458251953125,40,0.64599609375
18.5705,38,1.1533203125,41,0.76708984375,41,0.458251953125,40,0.64599609375
18.5794,38,1.1533203125,40,0.7275390625,40,0.67041015625,40,0.8203125
18.5882,41,0.79443359375,40,0.7275390625,40,0.67041015625,40,0.8203125
18.5965,41,0.79443359375,39,0.72509765625,40,0.66162109375,40,0.634765625
18.6085,38,1.2705078125,39,0.72509765625,40,0.66162109375,40,0.634765625
18.6162,38,1.2705078125,39,0.72509765625,39,0.85791015625,41,0.86962890625
18.6272,38,1.26953125,41,0.6640625,39,0.85791015625,41,0.86962890625
18.6379,38,1.26953125,42,0.6806640625,39,0.7236328125,38,1.12890625
18.6468,38,1.0185546875,42,0.6806640625,42,0.24951171875,38,1.12890625
18.6565,38,1.0185546875,40,1.1201171875,42,0.24951171875,35,1.2568359375
18.6666,38,1.0322265625,40,1.1201171875,43,0.30029296875,35,1.2568359375
18.6790,38,1.0322265625,39,0.93359375,43,0.30029296875,20,1.5068359375
18.6889,41,0.364013671875,39,0.93359375,43,0.30029296875,20,1.5068359375
18.6972,41,0.364013671875,39,0.93359375,40,0.19873046875,28,0.93115234375
18.7083,41,0.364013671875,39,0.390380859375,40,0.19873046875,28,0.93115234375
18.7143,42,0.448486328125,39,0.390380859375,39,1.0576171875,31,1.29296875
18.7327,42,0.448486328125,40,0.814453125,39,1.0576171875,31,1.29296875
18.7366,41,0.619140625,40,0.814453125,38,0.529296875,32,1.1953125
18.7522,41,0.619140625,41,0.5380859375,38,0.529296875,32,1.1953125
18.7584,39,1.046875,41,0.5380859375,40,0.4111328125,33,1.044921875
18.7715,39,1.046875,40,0.73583984375,40,0.4111328125,33,1.044921875
18.7783,38,0.80322265625,40,0.73583984375,42,0.283203125,37,0.7119140625
18.7934,38,0.80322265625,40,0.66552734375,42,0.283203125,37,0.7119140625
18.7984,41,0.60498046875,40,0.66552734375,41,0.548828125,38,0.97802734375
18.8090,41,0.60498046875,40,0.90283203125,41,0.548828125,38,0.97802734375
18.8179,42,0.457763671875,40,0.90283203125,40,0.5595703125,42,0.49853515625
18.8288,42,0.457763671875,39,0.8642578125,40,0.5595703125,42,0.49853515625
18.8351,39,1.01171875,39,0.8642578125,39,0.7578125,42,0.49853515625
18.8466,39,1.01171875,41,0.6650390625,39,0.7578125,37,1.1826171875
18.8584,39,0.966796875,41,0.6650390625,40,0.72216796875,37,1.1826171875
18.8705,39,0.966796875,38,1.0458984375,40,0.72216796875,9,2.697265625
18.8793,38,0.052642822265625,38,1.0458984375,43,-0.41845703125,16,1.26953125
18.8931,39,0.4091796875,39,0.466552734375,39,0.5517578125,16,1.26953125
18.8980,39,0.4091796875,39,0.466552734375,39,0.5517578125,30,0.453857421875
18.9113,39,0.4091796875,40,0.603515625,39,0.5517578125,30,0.453857421875
18.9230,42,0.279296875,40,0.603515625,38,0.493896484375,31,1.21484375
18.9317,42,0.279296875,40,0.83837890625,38,0.493896484375,31,1.21484375
18.9402,42,0.5048828125,40,0.83837890625,39,0.4638671875,31,1.21484375
18.9527,42,0.5048828125,42,0.438720703125,39,0.4638671875,33,0.95458984375
18.9621,41,0.65625,42,0.438720703125,39,0.62890625,33,0.95458984375
18.9723,41,0.65625,42,0.5458984375,39,0.62890625,33,1.109375
18.9767,39,0.89501953125,42,0.5458984375,41,0.333740234375,33,1.109375
18.9932,39,0.89501953125,41,0.59716796875,41,0.333740234375,35,1.01171875
19.0002,38,0.8779296875,41,0.59716796875,40,0.501953125,35,1.01171875
19.0073,38,0.8779296875,40,0.724609375,40,0.501953125,34,1.1181640625
19.0234,41,0.72998046875,40,0.724609375,40,0.5732421875,34,1.1181640625
19.0307,41,0.72998046875,40,0.79150390625,40,0.5732421875,43,0.10614013671875
19.0369,40,0.73046875,40,0.79150390625,40,0.61181640625,43,0.10614013671875
19.0529,40,0.73046875,41,0.436279296875,40,0.61181640625,42,1.0068359375
19.0587,39,0.86181640625,41,0.436279296875,40,0.68505859375,42,1.0068359375
19.0692,39,0.86181640625,40,0.89794921875,40,0.68505859375,8,3.318359375
19.0802,39,0.59716796875,40,0.89794921875,41,0.035888671875,8,3.318359375
19.0890,39,0.59716796875,37,0.3544921875,41,0.035888671875,8,2.56640625
19.1004,38,0.802734375,37,0.3544921875,41,0.310791015625,8,2.56640625
19.1137,38,0.802734375,37,0.6923828125,41,0.310791015625,20,1.3564453125
19.1187,40,0.54931640625,37,0.6923828125,40,0.392578125,20,1.3564453125
19.1300,40,0.54931640625,40,0.384033203125,40,0.392578125,31,0.52099609375
19.1416,42,0.52099609375,40,0.384033203125,39,0.55224609375,31,0.52099609375
19.1493,42,0.52099609375,42,0.338134765625,39,0.55224609375,37,0.93798828125
19.1608,42,0.5732421875,42,0.338134765625,39,0.55224609375,37,0.93798828125
19.1730,42,0.5732421875,42,0.475341796875,39,0.58935546875,33,1.4775390625
19.1795,39,1.0322265625,42,0.475341796875,39,0.58935546875,33,1.4775390625
19.1899,39,1.0322265625,40,0.62841796875,40,0.5625,34,1.0947265625
19.2022,39,0.88232421875,40,0.62841796875,40,0.47802734375,34,1.0947265625
19.2114,39,0.88232421875,40,0.6923828125,40,0.47802734375,36,0.90625
19.2232,40,0.7705078125,40,0.6923828125,40,0.63330078125,36,0.90625
19.2315,40,0.7705078125,39,0.6162109375,40,0.63330078125,27,2.412109375
19.2415,40,0.85546875,39,0.6162109375,40,0.7421875,27,2.412109375
19.2542,40,0.85546875,41,0.408203125,40,0.7421875,40,0.266845703125
19.2583,40,0.7607421875,41,0.408203125,40,0.6201171875,40,0.266845703125
19.2739,40,0.7607421875,41,0.408203125,40,0.6201171875,21,3.751953125
19.2802,40,0.7607421875,42,0.51220703125,40,0.6201171875,21,3.751953125
19.2907,40,1.07421875,39,1.0732421875,41,0.56494140625,22,2.25390625
19.3000,39,0.78076171875,39,1.0732421875,42,0.1993408203125,22,2.25390625
19.3086,39,0.78076171875,39,1.0732421875,42,0.1993408203125,13,2.384765625
19.3216,39,0.78076171875,38,0.7109375,42,0.1993408203125,13,2.384765625
19.3283,40,0.591796875,38,0.7109375,40,0.51025390625,25,1.1806640625
19.3406,42,0.53515625,39,0.5556640625,39,0.6201171875,25,1.1806640625
19.3504,42,0.53515625,39,0.5556640625,39,0.6201171875,31,1.220703125
19.3624,42,0.53515625,39,0.662109375,39,0.6201171875,31,1.220703125
19.3688,42,0.583984375,39,0.662109375,39,0.70458984375,33,1.41796875
19.3796,42,0.583984375,42,0.5810546875,39,0.70458984375,33,1.41796875
19.3904,41,0.68115234375,42,0.5810546875,38,0.6826171875,35,1.0869140625
19.4013,41,0.68115234375,40,0.67236328125,38,0.6826171875,35,1.0869140625
19.4112,39,0.8935546875,40,0.67236328125,40,0.53173828125,34,1.638671875
19.4216,39,0.8935546875,40,0.6123046875,40,0.53173828125,34,1.638671875
19.4296,39,0.8466796875,40,0.6123046875,40,0.75244140625,32,1.923828125
19.4406,39,0.8466796875,39,0.87158203125,40,0.75244140625,32,1.923828125
19.4508,40,0.73876953125,39,0.87158203125,40,0.50146484375,18,1.8974609375
19.4612,40,0.73876953125,39,0.376953125,40,0.50146484375,18,1.8974609375
19.4743,40,0.1531982421875,39,0.376953125,41,-0.322998046875,25,1.47265625
19.4806,40,0.1531982421875,43,-0.1483154296875,41,-0.322998046875,25,1.47265625
19.4928,39,1.0458984375,43,-0.1483154296875,41,0.5888671875,25,1.47265625
19.5002,39,1.0458984375,39,1.146484375,41,0.5888671875,28,1.53125
19.5113,40,0.5654296875,39,1.146484375,43,0.154296875,28,1.53125
19.5183,40,0.5654296875,39,0.8486328125,43,0.154296875,30,1.541015625
19.5329,40,0.76123046875,39,0.8486328125,41,0.73486328125,30,1.541015625
19.5413,40,0.76123046875,40,0.6796875,41,0.73486328125,32,1.3095703125
19.5526,42,0.2191162109375,40,0.6796875,40,0.38720703125,32,1.3095703125
19.5620,42,0.2191162109375,40,0.52197265625,40,0.38720703125,38,0.7783203125
19.5742,42,0.666015625,40,0.52197265625,39,0.5859375,38,0.7783203125
19.5798,42,0.666015625,42,0.72802734375,39,0.5859375,39,1.3486328125
19.5938,41,0.88623046875,42,0.72802734375,39,0.83984375,39,1.3486328125
19.5994,41,0.88623046875,42,0.40283203125,39,0.83984375,37,1.1591796875
19.6129,39,0.890625,42,0.40283203125,40,0.482177734375,37,1.1591796875
19.6242,39,0.890625,41,0.63037109375,40,0.482177734375,37,0.91796875
19.6326,39,0.85400390625,41,0.63037109375,40,0.4365234375,37,0.91796875
19.6394,39,0.85400390625,39,0.919921875,40,0.4365234375,36,1.421875
19.6500,40,0.5498046875,39,0.919921875,41,0.367919921875,36,1.421875
19.6584,40,0.5498046875,39,0.88623046875,41,0.367919921875,39,0.916015625
19.6718,40,0.86328125,39,0.88623046875,41,0.392578125,39,0.916015625
19.6808,40,0.86328125,41,0.5732421875,41,0.392578125,42,0.90771484375
19.6934,40,0.681640625,41,0.5732421875,41,0.449462890625,42,0.90771484375
19.6985,40,0.681640625,41,0.5478515625,41,0.449462890625,39,1.146484375
19.7114,40,0.69189453125,41,0.5478515625,41,0.4619140625,39,1.146484375
19.7206,40,0.69189453125,41,0.5888671875,41,0.4619140625,38,0.92724609375
19.7303,39,0.7490234375,41,0.5888671875,41,0.55859375,38,0.92724609375
19.7436,39,0.7490234375,40,0.7900390625,41,0.55859375,41,0.78857421875
19.7522,40,0.921875,40,0.7900390625,42,0.50830078125,41,0.78857421875
19.7618,40,0.921875,40,0.7900390625,42,0.50830078125,40,1.37109375
19.7730,43,0.489990234375,39,0.84521484375,39,0.859375,40,1.37109375
19.7811,43,0.489990234375,39,0.84521484375,39,0.859375,39,1.19921875
19.7910,42,0.810546875,40,0.8486328125,39,0.859375,39,1.19921875
19.8008,42,0.810546875,40,0.8486328125,39,0.78125,40,1.0654296875
19.8109,39,1.02734375,39,0.6318359375,39,0.69580078125,40,1.0654296875
19.8179,39,1.02734375,42,0.51318359375,39,0.69580078125,40,1.0537109375
19.8289,39,0.93603515625,42,0.51318359375,39,0.708984375,40,1.0537109375
19.8413,39,0.93603515625,42,0.51318359375,39,0.708984375,40,1.15625
19.8525,40,0.8369140625,41,0.8701171875,42,0.3212890625,40,1.15625
19.8608,40,0.8369140625,41,0.8701171875,42,0.3212890625,40,1.076171875
19.8702,41,0.68310546875,41,0.7646484375,42,0.51123046875,40,1.076171875
19.8777,41,0.68310546875,41,0.7646484375,42,0.51123046875,42,0.671875
19.8946,40,1.0400390625,40,0.8134765625,42,0.51123046875,42,0.671875
19.8989,40,1.0400390625,40,0.8134765625,41,0.642578125,39,1.28515625
19.9087,40,0.90625,39,0.771484375,41,0.52734375,39,1.28515625
19.9250,40,0.90625,39,0.771484375,41,0.52734375,39,1.138671875
19.9302,39,0.92529296875,40,0.81884765625,41,0.505859375,39,1.138671875
19.9403,39,0.92529296875,40,0.81884765625,41,0.505859375,40,0.8154296875
19.9483,41,0.751953125,40,0.7197265625,41,0.505859375,40,0.8154296875
19.9577,41,0.751953125,40,0.7197265625,42,0.428955078125,40,1.041015625
19.9679,42,0.67041015625,41,0.78125,42,0.428955078125,40,1.041015625
19.9774,42,0.67041015625,41,0.78125,41,0.58251953125,41,1.0576171875
19.9922,42,0.7734375,40,1.046875,40,0.6552734375,41,1.0576171875
19.9990,42,0.7734375,40,1.046875,40,0.6552734375,39,1.19921875
20.0116,42,0.7734375,40,0.8212890625,40,0.6552734375,39,1.19921875
20.0201,41,0.87060546875,40,0.8212890625,39,0.74658203125,39,1.19921875
20.0297,40,0.81640625,42,0.3623046875,39,0.74658203125,39,1.1572265625
20.0370,40,0.81640625,42,0.3623046875,38,0.64404296875,40,0.9052734375
20.0534,40,0.87841796875,42,0.48779296875,38,0.64404296875,40,0.9052734375
20.0577,40,0.87841796875,42,0.48779296875,41,0.52294921875,40,1.271484375
20.0724,40,0.87841796875,41,0.7197265625,41,0.52294921875,40,1.271484375
20.0805,41,0.61083984375,41,0.7197265625,41,0.406005859375,41,0.97021484375
20.0886,41,0.61083984375,40,0.73876953125,41,0.406005859375,41,0.97021484375
20.0965,40,0.716796875,40,0.73876953125,42,0.427490234375,41,1.0146484375
20.1140,40,0.716796875,39,0.8330078125,42,0.427490234375,41,1.0146484375
20.1231,40,0.8896484375,39,0.8330078125,42,0.374755859375,41,1.0146484375
20.1336,40,0.8896484375,41,0.479736328125,42,0.374755859375,39,1.0771484375
20.1430,40,0.783203125,41,0.479736328125,42,0.463623046875,41,0.6552734375
20.1544,40,0.783203125,41,0.484375,42,0.463623046875,41,0.6552734375
20.1627,40,0.953125,41,0.484375,41,0.6064453125,41,0.6552734375
20.1704,40,0.953125,40,0.775390625,41,0.6064453125,42,0.94775390625
20.1826,43,0.59423828125,40,0.775390625,40,0.6611328125,42,0.94775390625
20.1916,43,0.59423828125,40,0.775390625,40,0.6611328125,40,1.09765625
20.1995,42,0.71240234375,41,0.583984375,41,0.62939453125,40,1.09765625
20.2095,42,0.71240234375,39,0.73876953125,41,0.62939453125,40,1.107421875
20.2192,41,0.80712890625,39,0.73876953125,40,0.69189453125,40,1.107421875
20.2300,41,0.80712890625,40,1.1103515625,40,0.69189453125,41,1.0029296875
20.2390,39,1.1328125,40,1.1103515625,39,0.94677734375,41,1.0029296875
20.2497,39,1.1328125,40,1.1103515625,39,0.94677734375,40,1.23828125
20.2599,39,1.083984375,41,0.84912109375,39,0.97216796875,40,1.23828125
20.2711,39,1.083984375,41,0.84912109375,39,0.97216796875,39,1.1259765625
20.2812,40,0.94921875,41,0.87548828125,40,0.728515625,39,1.1259765625
20.2930,40,0.94921875,41,0.87548828125,40,0.728515625,40,1.0517578125
20.2993,39,1.197265625,41,0.74462890625,42,0.4794921875,40,1.0517578125
20.3105,39,1.197265625,41,0.74462890625,42,0.4794921875,40,1.1044921875
20.3205,39,1.07421875,39,0.947265625,42,0.4794921875,40,1.1044921875
20.3307,39,1.07421875,39,0.947265625,42,0.525390625,39,1.1484375
20.3421,39,0.857421875,39,0.8896484375,42,0.525390625,39,1.1484375
20.3510,39,0.857421875,39,0.8896484375,42,0.55615234375,39,1.0458984375
20.3606,39,0.9462890625,40,0.71337890625,40,0.69189453125,39,1.0458984375
20.3738,39,0.9462890625,40,0.71337890625,40,0.69189453125,39,1.078125
20.3793,39,0.9462890625,40,1.00390625,40,0.69189453125,39,1.078125
20.3925,41,0.86376953125,40,1.00390625,39,1.021484375,39,1.1015625
20.4009,41,0.86376953125,40,0.83984375,39,1.021484375,39,1.1015625
20.4117,42,0.72509765625,40,0.83984375,39,0.85693359375,39,1.16796875
20.4228,41,0.93896484375,40,0.95166015625,39,0.85693359375,39,1.16796875
20.4311,41,0.93896484375,40,0.95166015625,38,0.8505859375,39,1.03515625
20.4408,41,0.93896484375,39,0.7890625,38,0.8505859375,39,1.03515625
20.4518,39,0.99609375,39,0.7890625,40,0.55615234375,40,1.0048828125
20.4605,39,0.99609375,41,0.80615234375,40,0.55615234375,40,1.0048828125
20.4715,39,1.1083984375,41,0.80615234375,41,0.72216796875,40,1.0048828125
20.4798,39,1.1083984375,40,0.888671875,41,0.72216796875,40,1.2783203125
20.4917,42,0.75390625,40,0.888671875,40,0.7333984375,39,1.333984375
20.4996,42,0.75390625,40,0.70361328125,40,0.7333984375,39,1.333984375
20.5108,41,0.953125,40,0.70361328125,39,0.810546875,40,1.271484375
20.5207,41,0.953125,39,0.9267578125,39,0.810546875,40,1.271484375
20.5316,38,0.9775390625,39,0.9267578125,40,0.62939453125,40,1.271484375
20.5405,38,0.9775390625,39,0.7421875,40,0.62939453125,40,1.1083984375
20.5514,37,0.99951171875,39,0.7421875,43,0.287841796875,39,1.1796875
20.5604,37,0.99951171875,40,0.460693359375,43,0.287841796875,39,1.1796875
20.5712,39,0.82861328125,40,0.460693359375,43,0.3037109375,40,0.8896484375
20.5795,39,0.82861328125,40,0.67578125,43,0.3037109375,40,0.8896484375
20.5912,42,0.6640625,40,0.67578125,40,0.76513671875,40,0.8896484375
20.5993,42,0.6640625,41,0.76025390625,40,0.76513671875,42,0.947265625
20.6107,46,0.35888671875,41,0.76025390625,39,0.72021484375,39,1.3173828125
20.6200,46,0.35888671875,39,1.1142578125,39,0.72021484375,39,1.3173828125
20.6302,41,1.046875,39,1.1142578125,38,0.8193359375,39,1.173828125
20.6398,41,1.046875,39,1.1796875,38,0.8193359375,39,1.173828125
20.6535,40,0.84033203125,39,1.1796875,39,0.486328125,39,1.173828125
20.6623,40,0.84033203125,41,0.467041015625,39,0.486328125,40,0.9326171875
20.6743,38,0.8193359375,41,0.467041015625,41,0.413818359375,40,0.9326171875
20.6806,38,0.8193359375,41,0.499267578125,41,0.413818359375,40,1.0107421875
20.6938,39,0.82861328125,41,0.499267578125,40,0.6865234375,40,0.76513671875
20.7014,39,0.82861328125,41,0.6650390625,40,0.6865234375,40,0.76513671875
20.7116,43,0.46875,41,0.6650390625,40,0.5400390625,40,0.76513671875
20.7206,43,0.46875,42,0.78857421875,40,0.5400390625,39,1.1787109375
20.7304,39,1.021484375,42,0.78857421875,39,0.7734375,39,1.1787109375
20.7399,39,1.021484375,42,0.78857421875,39,0.7734375,39,1.0380859375
20.7513,38,1.0654296875,40,0.826171875,40,0.63330078125,39,1.0380859375
20.7612,38,1.0654296875,40,0.826171875,40,0.63330078125,39,1.083984375
20.7715,38,0.8291015625,40,0.56298828125,44,0.156982421875,39,1.083984375
20.7817,38,0.8291015625,40,0.68505859375,44,0.156982421875,39,0.9697265625
20.7903,37,1.3583984375,40,0.68505859375,40,1.1279296875,40,1.07421875
20.8004,37,1.3583984375,40,0.8203125,40,1.1279296875,40,1.07421875
20.8097,42,0.6552734375,40,0.8203125,39,0.767578125,40,1.0791015625
20.8182,42,0.6552734375,40,0.6396484375,39,0.767578125,40,1.0791015625
20.8293,40,1.0498046875,40,0.6396484375,39,0.767578125,40,1.0791015625
20.8381,40,1.0498046875,40,0.6396484375,38,0.77685546875,38,1.0283203125
20.8487,41,0.93115234375,39,0.96240234375,37,0.91357421875,38,1.0283203125
20.8575,41,0.93115234375,39,0.892578125,37,0.91357421875,38,1.16015625
20.8683,39,0.8642578125,39,0.892578125,42,0.201416015625,38,1.16015625
20.8787,39,0.8642578125,39,0.892578125,42,0.201416015625,40,0.96826171875
20.8886,0,8.328125,40,0.5380859375,40,0.8369140625,40,0.96826171875
20.8975,0,8.328125,41,0.53662109375,40,0.8369140625,39,1.181640625
20.9111,22,1.5166015625,41,0.53662109375,39,0.6630859375,39,1.181640625
20.9234,22,1.5166015625,42,-0.0689697265625,39,0.6630859375,39,1.296875
20.9296,15,1.6953125,42,-0.0689697265625,40,0.0755615234375,39,1.296875
20.9381,15,1.6953125,42,-0.0689697265625,40,0.0755615234375,41,0.25830078125
20.9489,22,2.244140625,38,0.57373046875,40,0.84814453125,41,0.25830078125
20.9586,22,2.244140625,38,0.57373046875,40,0.84814453125,41,0.9033203125
20.9685,23,1.2998046875,38,0.3720703125,42,-0.10736083984375,41,0.9033203125
20.9797,23,1.2998046875,40,0.69140625,42,-0.10736083984375,40,0.486572265625
20.9883,34,0.61767578125,40,0.69140625,42,-0.10736083984375,40,0.486572265625
20.9992,34,0.61767578125,40,0.69140625,42,0.2327880859375,40,0.8154296875
21.0078,35,0.8525390625,41,0.362548828125,40,0.431640625,40,0.8154296875
21.0205,35,0.8525390625,41,0.362548828125,40,0.431640625,41,0.72265625
21.0288,35,0.97021484375,41,0.50732421875,39,0.556640625,41,0.72265625
21.0385,35,0.97021484375,41,0.50732421875,39,0.556640625,40,1.1748046875
21.0496,38,0.888671875,40,0.564453125,39,0.556640625,40,1.1748046875
21.0606,38,0.888671875,40,0.564453125,39,0.56787109375,39,1.2998046875
21.0705,36,1.0791015625,40,0.681640625,39,0.56787109375,39,1.2998046875
21.0802,36,1.0791015625,40,0.681640625,41,0.216552734375,39,1.220703125
21.0913,35,1.1708984375,41,0.57373046875,41,0.216552734375,39,1.220703125
21.1007,35,1.1708984375,41,0.57373046875,43,0.1893310546875,39,0.97802734375
21.1104,39,0.5615234375,40,0.494140625,43,0.1893310546875,39,0.97802734375
21.1191,39,0.5615234375,40,0.494140625,40,0.481689453125,39,1.015625
21.1303,42,0.5048828125,39,0.36376953125,39,0.492919921875,39,1.015625
21.1412,42,0.5048828125,39,0.36376953125,39,0.492919921875,39,1.2998046875
21.1481,39,0.90966796875,39,0.59521484375,39,0.492919921875,39,1.2998046875
21.1583,39,0.90966796875,39,0.59521484375,38,0.76513671875,39,1.037109375
21.1678,39,0.90966796875,40,0.7109375,38,0.76513671875,39,1.037109375
21.1779,38,0.97412109375,40,0.7109375,39,0.65966796875,38,1.2841796875
21.1890,38,0.97412109375,39,0.83935546875,39,0.65966796875,38,1.2841796875
21.1973,37,1.03515625,39,0.83935546875,42,0.3076171875,38,1.11328125
21.2098,37,1.03515625,38,0.66552734375,42,0.3076171875,38,1.11328125
21.2209,37,1.0322265625,38,0.66552734375,40,0.6416015625,38,1.11328125
21.2297,37,1.0322265625,38,0.765625,40,0.6416015625,40,0.7138671875
21.2392,39,0.7265625,38,0.765625,39,0.65185546875,40,-1.228515625
21.2512,39,0.7265625,38,0.80712890625,39,0.65185546875,40,-1.228515625
21.2566,41,0.8779296875,38,0.80712890625,37,0.89306640625,38,1.2978515625
21.2698,41,0.8779296875,40,0.7333984375,37,0.89306640625,38,1.2978515625
21.2783,40,0.9912109375,40,0.7333984375,36,0.865234375,37,1.3369140625
21.2880,40,0.9912109375,39,0.681640625,36,0.865234375,37,1.3369140625
21.2982,37,1.2646484375,39,0.681640625,40,0.491943359375,37,1.3369140625
21.3109,37,1.2646484375,39,0.6650390625,40,0.491943359375,39,1.021484375
21.3172,37,1.232421875,39,0.6650390625,39,0.806640625,40,1.16796875
21.3308,37,1.232421875,39,0.77685546875,39,0.806640625,40,1.16796875
21.3385,38,1.2216796875,39,0.77685546875,39,0.82421875,38,1.408203125
21.3502,38,1.2216796875,39,0.65576171875,39,0.82421875,38,1.408203125
21.3587,39,1.0009765625,39,0.65576171875,38,0.7685546875,38,1.408203125
21.3708,39,1.0009765625,40,0.5703125,38,0.7685546875,39,1.232421875
21.3772,38,1.18359375,40,0.5703125,39,0.70166015625,39,1.232421875
21.3916,38,1.18359375,40,0.5703125,39,0.70166015625,39,1.02734375
21.4000,38,1.01953125,40,0.72265625,42,0.2109375,38,1.216796875
21.4115,38,1.01953125,37,0.970703125,42,0.2109375,38,1.216796875
21.4205,38,1.2626953125,37,0.970703125,43,0.55615234375,38,1.216796875
21.4309,38,1.2626953125,37,1.095703125,43,0.55615234375,38,1.3720703125
21.4396,39,0.9189453125,37,1.095703125,38,0.7421875,38,1.0234375
21.4503,39,0.9189453125,37,0.95166015625,38,0.7421875,38,1.0234375
21.4601,40,0.62548828125,37,0.95166015625,37,0.79248046875,38,1.1650390625
21.4698,40,0.62548828125,39,0.7626953125,37,0.79248046875,38,1.1650390625
21.4813,40,0.80029296875,39,0.7626953125,38,0.7470703125,38,1.1650390625
21.4893,40,0.80029296875,39,0.7626953125,38,0.7470703125,37,1.1748046875
21.4979,40,0.9619140625,42,0.70947265625,38,0.70947265625,37,1.1748046875
21.5093,40,0.9619140625,42,0.70947265625,38,0.70947265625,37,1.2294921875
21.5188,39,1.041015625,39,0.9697265625,40,0.62451171875,37,1.2294921875
21.5317,39,1.041015625,39,0.9697265625,40,0.62451171875,39,1.0830078125
21.5401,38,1.1044921875,38,0.787109375,40,0.62451171875,39,1.0830078125
21.5510,38,1.1044921875,38,0.787109375,38,0.98974609375,39,1.109375
21.5624,39,0.8466796875,38,0.67041015625,38,0.98974609375,39,1.109375
21.5724,39,0.8466796875,38,0.67041015625,38,0.703125,39,1.1845703125
21.5795,39,0.8466796875,38,0.841796875,38,0.703125,39,1.1845703125
21.5906,37,1.109375,38,0.841796875,39,0.478759765625,39,1.0576171875
21.5993,38,0.9296875,40,0.55029296875,39,0.478759765625,39,1.0576171875
21.6100,38,0.9296875,40,0.55029296875,39,0.61474609375,38,1.2119140625
21.6201,38,0.88232421875,40,0.51220703125,39,0.61474609375,38,1.2119140625
21.6323,38,0.88232421875,40,0.51220703125,42,0.301513671875,38,1.0810546875
21.6408,38,0.9921875,38,0.82421875,42,0.301513671875,38,1.0810546875
21.6501,38,0.9921875,38,0.82421875,41,0.484130859375,38,0.94873046875
21.6605,38,0.9921875,38,0.91162109375,41,0.484130859375,38,0.94873046875
21.6711,41,0.5869140625,38,0.91162109375,38,0.67138671875,40,0.736328125
21.6800,41,0.5869140625,38,0.74853515625,38,0.67138671875,40,0.736328125
21.6895,43,0.533203125,38,0.74853515625,37,0.81298828125,39,1.2919921875
21.6980,43,0.533203125,40,0.7158203125,37,0.81298828125,39,1.2919921875
21.7109,39,0.9892578125,40,0.7158203125,37,0.87255859375,38,1.119140625
21.7174,39,0.9892578125,41,0.60986328125,37,0.87255859375,38,1.119140625
21.7300,39,0.88623046875,41,0.60986328125,40,0.346923828125,38,1.03515625
21.7387,39,0.88623046875,39,0.52978515625,40,0.346923828125,38,1.03515625
21.7492,37,0.931640625,39,0.52978515625,41,0.415283203125,39,1.0966796875
21.7578,37,0.931640625,39,0.97021484375,41,0.415283203125,39,1.0966796875
21.7705,39,0.97021484375,39,0.97021484375,39,0.61181640625,39,1.14453125
21.7777,39,0.97021484375,38,0.75244140625,39,0.61181640625,39,1.14453125
21.7900,40,0.76708984375,38,0.75244140625,39,0.53759765625,39,1.14453125
21.7978,40,0.76708984375,38,0.73828125,39,0.53759765625,39,0.99755859375
21.8110,38,0.99755859375,38,0.73828125,38,0.74609375,40,1.1689453125
21.8166,38,0.99755859375,39,0.40576171875,38,0.74609375,40,1.1689453125
21.8325,37,0.99462890625,39,0.40576171875,38,0.66748046875,40,1.087890625
21.8408,37,0.99462890625,38,0.4296875,38,0.66748046875,40,1.087890625
21.8491,38,1.021484375,38,0.4296875,42,0.45751953125,40,1.087890625
21.8586,38,1.021484375,38,0.74658203125,42,0.45751953125,25,2.11328125
21.8685,37,0.7333984375,38,0.74658203125,40,0.398193359375,9,4.703125
21.8779,37,0.7333984375,38,0.264404296875,40,0.398193359375,9,4.703125
21.8907,39,0.681640625,38,0.264404296875,38,0.57421875,24,1.2861328125
21.9024,39,0.681640625,38,0.312255859375,38,0.57421875,24,1.2861328125
21.9124,47,-0.16162109375,38,0.312255859375,37,0.480712890625,24,1.2861328125
21.9163,47,-0.16162109375,41,0.232666015625,37,0.480712890625,29,1.7646484375
21.9288,39,1.12109375,41,0.232666015625,37,0.7998046875,31,1.486328125
21.9389,39,1.12109375,42,0.44873046875,37,0.7998046875,31,1.486328125
21.9531,38,1.0458984375,42,0.44873046875,40,0.4560546875,31,1.486328125
21.9601,38,1.0458984375,40,0.4228515625,40,0.4560546875,31,1.66796875
21.9711,38,0.58251953125,40,0.4228515625,40,0.1478271484375,31,1.66796875
21.9789,38,0.58251953125,40,0.4228515625,40,0.1478271484375,33,1.1708984375
21.9910,39,0.91796875,39,0.75244140625,40,0.51611328125,35,1.2607421875
22.0004,39,0.91796875,39,0.7431640625,40,0.51611328125,35,1.2607421875
22.0105,39,0.5107421875,39,0.7431640625,39,0.438232421875,35,1.2607421875
22.0174,39,0.5107421875,40,0.426025390625,39,0.438232421875,37,1.0888671875
22.0324,37,1.1025390625,40,0.426025390625,39,0.494384765625,41,0.8515625
22.0424,37,1.1025390625,41,0.4560546875,39,0.494384765625,41,0.8515625
22.0509,37,1.052734375,41,0.4560546875,41,0.1456298828125,41,0.8515625
22.0586,37,1.052734375,37,1.0234375,41,0.1456298828125,0,7.0234375
22.0704,36,1.064453125,37,1.0234375,42,0.364501953125,0,7.0234375
22.0778,36,1.064453125,37,1.0234375,42,0.364501953125,9,3.138671875
22.0898,36,0.501953125,37,0.7919921875,38,-0.058013916015625,9,3.138671875
22.0979,36,0.501953125,41,-0.10870361328125,38,-0.058013916015625,17,1.572265625
22.1096,49,0.1446533203125,41,-0.10870361328125,37,0.134521484375,17,1.572265625
22.1194,49,0.1446533203125,40,0.4873046875,37,0.134521484375,30,0.86376953125
22.1306,6,7.9140625,40,0.4873046875,39,0.265625,30,0.86376953125
22.1399,6,7.9140625,40,0.57275390625,39,0.265625,31,1.4091796875
22.1501,20,1.224609375,40,0.57275390625,39,0.3759765625,31,1.4091796875
22.1608,20,1.224609375,40,0.57275390625,39,0.3759765625,32,0.73974609375
22.1698,-4,6.76171875,39,0.10052490234375,39,0.47021484375,32,0.73974609375
22.1793,-4,6.76171875,39,0.10052490234375,39,0.47021484375,33,0.308349609375
22.1925,25,0.99169921875,38,0.79052734375,39,0.47021484375,33,0.308349609375
22.1980,25,0.99169921875,38,0.284423828125,36,0.97021484375,35,1.3837890625
22.2094,16,2.3203125,38,0.284423828125,36,0.97021484375,35,1.3837890625
22.2204,16,2.3203125,38,0.284423828125,37,0.27392578125,36,0.8203125
22.2324,0,3.8984375,37,2.009765625,37,0.27392578125,36,0.8203125
22.2443,0,3.8984375,37,2.009765625,42,0.4482421875,36,0.861328125
22.2503,14,1.7451171875,38,-0.638671875,42,0.4482421875,36,0.861328125
22.2587,14,1.7451171875,38,-0.638671875,46,0.7138671875,36,0.9765625
22.2697,18,1.494140625,40,0.63623046875,46,0.7138671875,36,0.9765625
22.2799,18,1.494140625,45,0.955078125,9,1.4052734375,39,0.4326171875
22.2918,27,0.81103515625,45,0.955078125,9,1.4052734375,39,0.4326171875
22.3044,27,0.81103515625,45,0.955078125,1,3.625,40,-1.4580078125
22.3105,28,1.9052734375,-2,7.96875,15,1.36328125,40,-1.4580078125
22.3189,28,1.9052734375,-2,7.96875,15,1.36328125,7,1.0341796875
22.3301,32,0.69140625,15,1.3525390625,9,1.2900390625,7,1.0341796875
22.3421,32,0.69140625,15,1.3525390625,9,1.2900390625,23,0.23486328125
22.3494,42,0.66015625,17,0.69677734375,9,1.2900390625,23,0.23486328125
22.3580,42,0.66015625,17,0.69677734375,19,0.35546875,29,2.908203125
22.3691,3,6.515625,20,1.1044921875,19,0.35546875,29,2.908203125
22.3776,3,6.515625,20,1.1044921875,5,2.6484375,3,0.443115234375
22.3910,3,6.515625,5,1.5146484375,5,2.6484375,3,0.443115234375
22.3988,9,3.599609375,5,1.5146484375,8,4.0,11,3.251953125
22.4105,9,3.599609375,26,1.91796875,8,4.0,11,3.251953125
22.4188,29,0.8427734375,26,1.91796875,24,0.1832275390625,18,0.69775390625
22.4308,29,0.8427734375,5,0.408447265625,24,0.1832275390625,18,0.69775390625
22.4398,25,-0.75537109375,5,0.408447265625,26,-0.314208984375,18,0.69775390625
22.4506,25,-0.75537109375,29,-1.505859375,26,-0.314208984375,29,-0.8828125
22.4580,19,2.8046875,29,-1.505859375,10,1.2998046875,32,-1.75390625
22.4705,19,2.8046875,-3,-0.7822265625,10,1.2998046875,32,-1.75390625
22.4794,20,2.12109375,-3,-0.7822265625,17,1.2978515625,7,3.720703125
22.4890,20,2.12109375,4,2.408203125,17,1.2978515625,7,3.720703125
22.5001,16,3.314453125,4,2.408203125,30,1.1796875,7,3.720703125
22.5104,16,3.314453125,15,2.03125,30,1.1796875,18,1.8876953125
22.5183,28,1.3544921875,15,2.03125,31,0.326171875,18,1.8876953125
22.5307,28,1.3544921875,23,0.591796875,31,0.326171875,25,-0.1494140625
22.5420,18,1.0048828125,23,0.591796875,33,-0.56982421875,25,-0.1494140625
22.5500,18,1.0048828125,32,0.52001953125,33,-0.56982421875,27,0.38818359375
22.5651,25,1.1650390625,32,0.52001953125,6,3.28515625,27,0.38818359375
22.5711,25,1.1650390625,8,2.298828125,6,3.28515625,14,2.15625
22.5824,32,0.205810546875,8,2.298828125,20,0.71728515625,14,2.15625
22.5955,32,0.205810546875,15,0.3515625,20,0.71728515625,27,0.246337890625
22.5993,1,3.205078125,15,0.3515625,29,0.748046875,27,0.246337890625
22.6088,1,3.205078125,32,-0.06683349609375,29,0.748046875,30,0.494140625
22.6185,1,3.205078125,32,-0.06683349609375,0,3.58984375,30,0.494140625
22.6314,10,1.134765625,1,5.609375,0,3.58984375,32,0.394775390625
22.6376,10,1.134765625,1,5.609375,12,1.365234375,32,0.394775390625
22.6512,19,0.91943359375,1,5.609375,12,1.365234375,6,1.921875
22.6603,19,0.91943359375,10,1.0537109375,19,0.414306640625,6,1.921875
22.6707,24,0.31298828125,13,2.326171875,19,0.414306640625,12,-0.7802734375
22.6817,24,0.31298828125,13,2.326171875,29,-0.4169921875,12,-0.7802734375
22.6916,5,-0.50927734375,25,0.880859375,29,-0.4169921875,30,1.5830078125
22.7004,5,-0.50927734375,25,0.880859375,4,2.88671875,30,1.5830078125
22.7135,11,1.6181640625,25,0.880859375,4,2.88671875,28,1.599609375
22.7206,26,0.7978515625,28,1.0126953125,17,1.759765625,28,1.599609375
22.7326,26,0.7978515625,30,0.1602783203125,17,1.759765625,30,-0.190185546875
22.7439,26,0.7978515625,30,0.1602783203125,32,-0.55224609375,30,-0.190185546875
22.7527,14,0.74072265625,32,-0.10406494140625,32,-0.55224609375,1,5.5390625
22.7618,14,0.74072265625,32,-0.10406494140625,0,6.83203125,1,5.5390625
22.7719,25,0.50048828125,18,1.216796875,0,6.83203125,10,1.64453125
22.7830,25,0.50048828125,18,1.216796875,11,0.8037109375,10,1.64453125
22.7929,6,1.92578125,18,1.216796875,11,0.8037109375,22,-0.18359375
22.8010,6,1.92578125,32,-0.382568359375,14,1.8310546875,22,-0.18359375
22.8131,23,0.74755859375,34,0.059295654296875,14,1.8310546875,29,0.498046875
22.8229,23,0.74755859375,34,0.059295654296875,25,0.45458984375,29,0.498046875
22.8326,5,4.02734375,35,0.3388671875,25,0.45458984375,19,1.7529296875
22.8420,5,4.02734375,35,0.3388671875,31,0.381103515625,19,1.7529296875
22.8525,31,0.41943359375,35,0.3388671875,31,0.381103515625,9,2.744140625
22.8628,31,0.41943359375,36,0.439453125,33,-0.11956787109375,9,2.744140625
22.8720,9,1.587890625,36,0.439453125,33,-0.11956787109375,24,0.378662109375
22.8816,9,1.587890625,37,-0.2232666015625,33,0.417236328125,24,0.378662109375
22.8940,25,0.37158203125,37,-0.2232666015625,33,0.417236328125,29,0.36767578125
22.9013,25,0.37158203125,40,-0.42919921875,35,0.08233642578125,29,0.36767578125
22.9127,13,2.705078125,40,-0.42919921875,35,0.08233642578125,29,0.36767578125
22.9235,13,2.705078125,41,0.1126708984375,39,0.3486328125,32,0.76513671875
22.9325,11,2.08203125,41,0.1126708984375,39,0.3486328125,32,0.76513671875
22.9456,11,2.08203125,42,-0.6259765625,40,0.35546875,35,0.65771484375
22.9553,11,1.7744140625,38,1.16015625,40,0.35546875,36,-0.1544189453125
22.9637,11,1.7744140625,38,1.16015625,40,0.51953125,36,-0.1544189453125
22.9719,28,0.060791015625,38,1.16015625,40,0.51953125,36,-0.1544189453125
22.9812,28,0.060791015625,38,0.3779296875,39,0.224609375,36,0.55029296875
22.9921,31,1.1474609375,38,0.3779296875,39,0.224609375,36,0.55029296875
23.0027,31,1.1474609375,40,0.560546875,39,0.91455078125,38,0.184326171875
23.0118,31,1.482421875,40,0.560546875,39,0.91455078125,39,0.7216796875
23.0271,31,1.482421875,40,0.77294921875,37,0.681640625,39,0.7216796875
23.0320,35,0.79345703125,40,0.77294921875,37,0.681640625,39,0.7216796875
23.0421,35,0.79345703125,41,0.607421875,37,0.681640625,38,0.8642578125
23.0534,36,1.2666015625,41,0.607421875,40,0.77099609375,38,0.8642578125
23.0622,36,1.2666015625,40,0.76708984375,40,0.77099609375,38,0.92431640625
23.0830,35,1.2724609375,40,0.720703125,43,0.5732421875,39,0.689453125
23.0986,35,1.2783203125,39,0.9013671875,40,1.10546875,39,0.95361328125
23.1097,36,1.2392578125,39,0.9013671875,40,0.9033203125,39,0.95361328125
23.1182,36,1.2392578125,39,0.97119140625,40,0.9033203125,41,0.99072265625
23.1312,37,1.0712890625,39,0.97119140625,41,0.8173828125,41,0.99072265625
23.1398,37,1.0712890625,40,0.8544921875,41,0.8173828125,38,1.3740234375
23.1510,37,1.22265625,40,0.8544921875,40,0.72021484375,38,1.3740234375
23.1596,37,1.22265625,40,0.71044921875,40,0.72021484375,38,1.146484375
23.1705,50,-1.0546875,40,0.71044921875,41,0.91015625,38,1.146484375
23.1797,50,-1.0546875,41,0.84765625,41,0.91015625,40,1.044921875
23.1916,45,1.0390625,41,0.84765625,40,1.0419921875,40,1.044921875
23.1991,45,1.0390625,40,1.1865234375,40,1.0419921875,40,1.1123046875
23.2126,41,1.25,40,1.1865234375,40,1.5400390625,40,1.1123046875
23.2184,41,1.25,40,0.9580078125,40,1.5400390625,41,0.880859375
23.2315,41,1.0380859375,40,0.9580078125,39,1.056640625,41,0.880859375
23.2379,41,1.0380859375,42,0.73388671875,39,1.056640625,40,1.333984375
23.2490,42,1.13671875,42,0.73388671875,39,1.0283203125,40,1.333984375
23.2590,42,1.13671875,43,0.953125,39,1.0283203125,40,1.20703125
23.2687,41,1.09375,43,0.953125,42,0.9970703125,40,1.20703125
23.2775,41,1.09375,43,0.78076171875,42,0.9970703125,41,1.0
23.2883,40,1.3251953125,43,0.78076171875,44,0.7177734375,41,1.0
23.2968,40,1.3251953125,43,0.78076171875,44,0.7177734375,41,0.9169921875
23.3080,40,1.298828125,41,1.0244140625,45,0.74853515625,41,0.9169921875
23.3163,40,1.298828125,41,1.0244140625,45,0.74853515625,43,0.68994140625
23.3277,40,1.298828125,41,-1.27734375,44,0.75830078125,43,0.68994140625
23.3370,41,1.1689453125,41,-1.27734375,44,0.75830078125,42,1.2490234375
23.3510,40,1.267578125,42,0.892578125,44,0.98486328125,42,1.2490234375
23.3583,40,1.267578125,42,0.892578125,44,0.98486328125,42,0.95703125
23.3686,40,1.267578125,44,0.56884765625,43,0.8583984375,42,0.95703125
23.3796,53,-0.415771484375,44,0.56884765625,43,0.8583984375,44,0.70751953125
23.3927,53,-0.415771484375,45,0.55712890625,44,0.72314453125,44,0.70751953125
23.3996,6,9.3515625,43,1.2158203125,44,0.72314453125,43,0.98583984375
23.4109,6,9.3515625,43,1.2158203125,42,1.3095703125,43,0.98583984375
23.4197,21,0.97509765625,43,1.2158203125,42,1.3095703125,43,0.431640625
23.4307,21,0.97509765625,45,0.11798095703125,42,0.33251953125,43,0.431640625
23.4387,-4,6.16796875,45,0.11798095703125,42,0.33251953125,44,0.07977294921875
23.4509,-4,6.16796875,46,1.0830078125,45,1.0400390625,44,0.07977294921875
23.4588,24,1.5849609375,46,1.0830078125,45,1.0400390625,44,0.5068359375
23.4723,24,1.5849609375,43,0.6337890625,47,0.3642578125,44,0.5068359375
23.4789,7,3.37109375,43,0.6337890625,47,0.3642578125,44,0.5068359375
23.4920,7,3.37109375,44,1.2255859375,49,0.51123046875,44,-0.1751708984375
23.5023,14,2.4765625,44,1.2255859375,49,0.51123046875,44,-0.1751708984375
23.5104,14,2.4765625,46,0.1629638671875,47,0.3095703125,46,0.375
23.5189,23,1.2548828125,46,0.1629638671875,47,0.3095703125,46,0.375
23.5314,23,1.2548828125,43,1.1982421875,46,0.72216796875,45,0.45068359375
23.5379,33,1.328125,43,1.1982421875,46,0.72216796875,45,0.45068359375
23.5503,33,1.328125,47,-0.099609375,46,0.72216796875,44,0.2529296875
23.5600,47,0.43603515625,47,-0.099609375,45,0.3779296875,44,0.2529296875
23.5697,47,0.43603515625,49,0.0439453125,45,0.3779296875,45,0.4375
23.5787,3,4.859375,49,0.0439453125,44,0.83984375,45,0.4375
23.5895,3,4.859375,44,1.203125,44,0.83984375,45,1.7607421875
23.5982,3,4.859375,44,1.203125,46,0.430419921875,45,1.7607421875
23.6114,14,2.080078125,44,0.343505859375,46,0.430419921875,45,0.5029296875
23.6208,14,2.080078125,44,0.343505859375,48,0.48486328125,45,0.5029296875
23.6278,16,1.0751953125,46,0.2376708984375,48,0.48486328125,45,0.498779296875
23.6370,30,1.3681640625,46,0.2376708984375,42,0.935546875,45,0.498779296875
23.6481,30,1.3681640625,45,-0.435302734375,42,0.935546875,45,-0.486328125
23.6571,30,1.3681640625,45,-0.435302734375,41,0.9326171875,45,-0.486328125
23.6718,22,2.828125,45,-0.435302734375,41,0.9326171875,45,0.2108154296875
23.6774,22,2.828125,46,0.1761474609375,46,0.54443359375,45,0.2108154296875
23.6881,26,2.40234375,46,0.1761474609375,46,0.54443359375,47,0.50927734375
23.6977,26,2.40234375,48,0.29443359375,49,-0.41455078125,47,0.50927734375
23.7085,31,1.33203125,48,0.29443359375,49,-0.41455078125,47,0.27197265625
23.7169,31,1.33203125,46,0.21484375,47,-0.0311431884765625,47,0.27197265625
23.7283,34,1.955078125,46,0.21484375,47,-0.0311431884765625,43,0.9345703125
23.7365,34,1.955078125,45,0.72509765625,44,0.78662109375,43,0.9345703125
23.7476,50,0.8642578125,45,0.72509765625,44,0.78662109375,46,0.172119140625
23.7567,50,0.8642578125,45,0.388427734375,44,0.7021484375,46,0.172119140625
23.7682,10,6.40234375,45,0.388427734375,44,0.7021484375,47,0.58837890625
23.7811,10,6.40234375,44,0.732421875,44,0.80908203125,47,0.58837890625
23.7890,14,2.931640625,44,0.732421875,44,0.80908203125,43,0.935546875
23.8015,14,2.931640625,44,0.75732421875,47,0.5205078125,43,0.935546875
23.8070,29,1.6484375,44,0.75732421875,47,0.5205078125,44,0.1929931640625
23.8168,29,1.6484375,47,-0.052764892578125,46,-0.372802734375,44,0.1929931640625
23.8286,4,5.19140625,47,-0.052764892578125,46,-0.372802734375,45,0.51708984375
23.8350,4,5.19140625,45,0.433837890625,46,0.077392578125,45,0.51708984375
23.8475,13,2.62890625,45,0.433837890625,46,0.077392578125,45,0.51708984375
23.8564,13,2.62890625,45,0.1597900390625,45,-0.0731201171875,46,-0.1666259765625
23.8656,25,1.40234375,45,0.1597900390625,45,-0.0731201171875,44,0.203125
23.8798,25,1.40234375,45,0.12298583984375,45,-0.0731201171875,44,0.203125
23.8866,29,1.984375,45,0.12298583984375,49,0.07000732421875,44,0.5771484375
23.8982,29,1.984375,46,0.0634765625,48,-0.023895263671875,44,0.5771484375
23.9070,31,1.7080078125,46,0.0634765625,48,-0.023895263671875,44,0.5771484375
23.9158,31,1.7080078125,46,0.263671875,44,0.419189453125,45,0.2022705078125
23.9270,49,0.58935546875,46,0.263671875,44,0.419189453125,45,0.2022705078125
23.9374,49,0.58935546875,46,0.11968994140625,44,0.419189453125,45,0.60400390625
23.9478,9,6.12109375,46,0.11968994140625,44,0.41943359375,45,0.60400390625
23.9573,9,6.12109375,45,0.5068359375,43,0.55126953125,45,0.6298828125
23.9725,11,3.58984375,44,0.25244140625,43,0.55126953125,44,0.86083984375
23.9788,11,3.58984375,44,0.25244140625,47,0.1397705078125,44,0.86083984375
23.9896,30,1.0703125,44,0.25244140625,47,0.1397705078125,44,0.86083984375
23.9987,30,1.0703125,45,-0.70068359375,47,0.1397705078125,43,0.59033203125
24.0106,30,1.0703125,45,-0.70068359375,44,-0.03997802734375,43,0.59033203125
24.0184,2,5.90625,46,0.29736328125,44,-0.03997802734375,44,0.5458984375
24.0301,2,5.90625,46,0.29736328125,45,0.28515625,44,0.5458984375
24.0379,12,3.453125,46,0.1397705078125,45,0.28515625,45,0.7353515625
24.0497,28,1.0615234375,46,0.1397705078125,47,0.103271484375,45,0.7353515625
24.0593,28,1.0615234375,44,-0.11761474609375,47,0.103271484375,45,-0.02545166015625
24.0699,28,1.0615234375,44,-0.11761474609375,46,-0.1751708984375,45,-0.02545166015625
24.0785,26,2.521484375,44,-0.2139892578125,46,-0.1751708984375,45,-0.10406494140625
24.0904,26,2.521484375,44,-0.2139892578125,46,-0.08843994140625,45,-0.10406494140625
24.0995,29,2.478515625,45,0.06915283203125,46,-0.08843994140625,44,0.68896484375
24.1114,36,1.4404296875,45,0.06915283203125,44,0.383544921875,44,0.68896484375
24.1194,36,1.4404296875,45,0.06915283203125,44,0.383544921875,44,0.65283203125
24.1316,36,1.4404296875,46,0.169921875,43,0.47802734375,44,0.65283203125
24.1416,35,1.646484375,47,0.68408203125,43,0.47802734375,45,0.669921875
24.1524,35,1.646484375,47,0.68408203125,43,0.7138671875,45,0.669921875
24.1613,42,1.3876953125,47,0.68408203125,43,0.7138671875,45,0.55419921875
24.1720,42,1.3876953125,46,0.5224609375,46,0.09991455078125,45,0.55419921875
24.1807,38,1.9736328125,46,0.5224609375,46,0.09991455078125,43,0.68115234375
24.1930,38,1.9736328125,44,0.58154296875,47,0.481689453125,43,0.68115234375
24.2002,37,1.9609375,44,0.58154296875,47,0.481689453125,42,0.99267578125
24.2114,37,1.9609375,43,0.81494140625,44,0.537109375,42,0.99267578125
24.2197,45,0.9609375,43,0.81494140625,44,0.537109375,42,0.8720703125
24.2310,45,0.9609375,44,0.525390625,43,0.611328125,42,0.8720703125
24.2398,35,2.34375,44,0.525390625,43,0.611328125,43,0.810546875
24.2504,35,2.34375,44,0.5673828125,43,0.7060546875,43,0.810546875
24.2590,36,1.861328125,44,0.5673828125,43,0.7060546875,44,0.87548828125
24.2710,36,1.861328125,43,0.4150390625,46,0.2139892578125,44,0.87548828125
24.2801,41,1.21875,43,0.4150390625,46,0.2139892578125,44,0.477783203125
24.2917,41,1.21875,41,1.001953125,45,0.85888671875,44,0.477783203125
24.3000,41,1.74609375,41,1.001953125,45,0.85888671875,42,1.166015625
24.3128,41,1.74609375,43,0.5380859375,44,0.654296875,42,1.166015625
24.3198,38,1.8955078125,43,0.5380859375,44,0.654296875,42,0.9326171875
24.3334,38,1.8955078125,43,0.62060546875,41,0.79345703125,42,0.9326171875
24.3395,50,0.630859375,43,0.62060546875,41,0.79345703125,44,0.62451171875
24.3532,50,0.630859375,45,0.41259765625,41,0.83935546875,44,0.62451171875
24.3592,47,1.3232421875,45,0.41259765625,41,0.83935546875,42,1.1474609375
24.3703,47,1.3232421875,44,0.6435546875,41,0.83935546875,42,1.1474609375
24.3794,5,5.42578125,44,0.6435546875,45,0.66357421875,41,1.330078125
24.3925,5,5.42578125,43,0.89697265625,45,0.66357421875,41,1.330078125
24.4015,31,0.65283203125,43,0.89697265625,43,0.96630859375,41,1.330078125
24.4132,31,0.65283203125,43,0.89697265625,43,0.96630859375,44,0.200439453125
24.4213,25,1.5400390625,44,0.2049560546875,44,0.320068359375,44,0.200439453125
24.4316,25,1.5400390625,44,0.83349609375,44,0.320068359375,43,-0.2548828125
24.4397,22,2.6953125,44,0.83349609375,46,0.55322265625,43,-0.2548828125
24.4507,22,2.6953125,43,0.54248046875,46,0.55322265625,43,0.6884765625
24.4617,26,2.26171875,43,0.54248046875,47,0.253662109375,45,-0.298583984375
24.4716,26,2.26171875,44,-0.09283447265625,47,0.253662109375,45,-0.298583984375
24.4800,33,2.25390625,44,-0.09283447265625,46,0.19091796875,45,-0.298583984375
24.4907,33,2.25390625,44,-0.09283447265625,46,0.19091796875,44,0.377685546875
24.5006,35,2.001953125,44,0.171142578125,43,0.64794921875,44,0.377685546875
24.5133,35,2.001953125,44,0.171142578125,43,0.64794921875,43,0.7568359375
24.5211,37,1.8388671875,43,0.58544921875,43,0.68701171875,43,0.7568359375
24.5315,37,1.8388671875,43,0.58544921875,43,0.68701171875,43,0.56689453125
24.5398,39,1.5693359375,46,0.267333984375,42,0.53076171875,43,0.56689453125
24.5509,39,1.5693359375,47,0.2105712890625,42,0.53076171875,44,0.40771484375
24.5612,40,1.7587890625,47,0.2105712890625,45,0.310791015625,44,0.40771484375
24.5730,40,1.7587890625,45,0.44091796875,45,0.310791015625,42,0.71533203125
24.5817,41,1.6748046875,45,0.44091796875,43,0.81005859375,42,0.71533203125
24.5942,41,1.6748046875,43,0.5458984375,43,0.81005859375,42,0.7490234375
24.6020,43,1.4814453125,43,0.5458984375,42,0.7919921875,42,0.7490234375
24.6160,43,1.4814453125,43,0.5458984375,42,0.7919921875,44,0.57958984375
24.6333,41,1.65234375,43,0.44970703125,43,0.393310546875,43,0.8046875
24.6394,41,1.58203125,45,0.31591796875,43,0.60791015625,43,0.8046875
24.6542,41,1.58203125,45,0.31591796875,43,0.60791015625,43,0.55810546875
24.6593,41,1.58203125,42,0.568359375,46,0.341552734375,43,0.55810546875
24.6715,43,1.265625,42,0.568359375,46,0.341552734375,43,0.7861328125
24.6814,43,1.265625,40,1.177734375,43,1.060546875,43,0.7861328125
24.6899,43,1.599609375,42,0.658203125,43,1.060546875,42,1.0048828125
24.7002,45,1.3232421875,42,0.658203125,42,0.9482421875,42,1.0048828125
24.7139,45,1.3232421875,43,0.3916015625,42,0.9482421875,42,0.73583984375
24.7203,45,1.3232421875,43,0.3916015625,41,0.83544921875,42,0.73583984375
24.7368,43,1.7236328125,47,0.2822265625,41,0.83544921875,44,0.66748046875
24.7377,43,1.7236328125,47,0.2822265625,40,0.861328125,44,0.66748046875
24.7495,42,1.689453125,47,0.2822265625,40,0.861328125,44,0.5009765625
24.7575,42,1.689453125,44,0.56884765625,40,0.861328125,44,0.5009765625
24.7697,41,1.6513671875,44,0.56884765625,44,0.5234375,42,0.640625
24.7803,41,1.6513671875,43,0.68310546875,44,0.5234375,42,0.640625
24.7891,42,1.4404296875,43,0.68310546875,43,0.88427734375,43,0.44921875
24.7967,42,1.4404296875,42,0.7001953125,43,0.712890625,43,0.44921875
24.8070,43,1.267578125,42,0.7001953125,43,0.712890625,43,0.509765625
24.8165,43,1.267578125,42,0.76318359375,42,0.7685546875,43,0.509765625
24.8282,41,1.724609375,42,0.76318359375,42,0.7685546875,43,0.8134765625
24.8361,41,1.724609375,45,0.5361328125,42,0.7685546875,43,0.8134765625
24.8472,41,1.4814453125,45,0.5361328125,45,0.501953125,43,0.8134765625
24.8597,41,1.4814453125,43,0.64306640625,45,0.501953125,44,0.61474609375
24.8694,42,1.4208984375,43,0.64306640625,46,0.267333984375,44,0.52685546875
24.8766,42,1.4208984375,42,0.78369140625,43,0.7275390625,44,0.52685546875
24.8865,43,1.2490234375,42,0.78369140625,43,0.7275390625,40,0.927734375
24.8974,43,1.2490234375,41,0.83251953125,42,0.8134765625,40,0.927734375
24.9062,48,0.791015625,41,0.83251953125,42,0.8134765625,40,0.7548828125
24.9162,48,0.791015625,42,0.55517578125,42,0.8134765625,40,0.7548828125
24.9318,43,1.3212890625,42,0.55517578125,41,0.7109375,40,0.7548828125
24.9361,43,1.3212890625,44,0.67529296875,43,0.39404296875,44,0.355712890625
24.9470,42,1.5732421875,44,0.67529296875,43,0.39404296875,44,0.355712890625
24.9561,42,1.5732421875,42,0.8935546875,45,0.44677734375,44,0.64990234375
24.9684,41,1.5107421875,42,0.8935546875,45,0.44677734375,44,0.64990234375
24.9825,43,1.33203125,41,0.71533203125,43,0.67431640625,44,0.5302734375
24.9875,43,1.33203125,41,0.71533203125,43,0.67431640625,40,1.01953125
24.9968,43,1.33203125,43,0.5615234375,43,0.67431640625,40,1.01953125
25.0079,44,1.2080078125,43,0.5615234375,42,0.60986328125,40,1.01953125
25.0182,44,1.2080078125,45,0.285400390625,42,0.6357421875,40,0.798828125
25.0286,42,1.5234375,45,0.285400390625,42,0.6357421875,40,0.798828125
25.0375,42,1.5234375,46,0.2259521484375,42,0.6357421875,43,0.400146484375
25.0487,42,1.5703125,46,0.2259521484375,45,0.3291015625,43,0.400146484375
25.0571,42,1.5703125,42,0.7099609375,45,0.3291015625,46,0.1396484375
25.0703,41,1.8388671875,42,0.7099609375,46,0.6923828125,46,0.1396484375
25.0782,41,1.8388671875,42,0.7099609375,46,0.6923828125,46,0.64599609375
25.0898,41,1.8388671875,41,0.67529296875,42,0.84716796875,46,0.64599609375
25.0993,44,1.25,41,0.67529296875,42,0.84716796875,33,1.4326171875
25.1088,44,1.25,42,0.5146484375,42,0.6220703125,33,1.4326171875
25.1187,47,1.052734375,42,0.5146484375,42,0.6220703125,36,0.72509765625
25.1295,47,1.052734375,44,0.156982421875,41,0.70654296875,36,0.72509765625
25.1380,44,1.2861328125,44,0.156982421875,41,0.70654296875,41,0.6943359375
25.1506,44,1.2861328125,44,0.426513671875,43,0.6689453125,41,0.6943359375
25.1593,42,1.833984375,44,0.426513671875,43,0.6689453125,42,0.7724609375
25.1701,42,1.833984375,42,0.69091796875,43,0.6328125,42,0.7724609375
25.1785,42,1.4423828125,42,0.69091796875,43,0.6328125,41,0.70458984375
25.1906,42,1.4423828125,42,0.52734375,43,0.53515625,41,0.70458984375
25.2003,43,1.41015625,42,0.52734375,43,0.53515625,40,0.830078125
25.2094,43,1.41015625,43,0.4443359375,44,0.35400390625,40,0.830078125
25.2178,42,1.544921875,43,0.4443359375,44,0.35400390625,40,0.77978515625
25.2304,42,1.544921875,44,0.436767578125,44,0.58056640625,40,0.77978515625
25.2386,42,1.4609375,44,0.436767578125,44,0.58056640625,40,0.77978515625
25.2497,42,1.4609375,44,0.5322265625,46,0.54443359375,40,0.560546875
25.2587,42,1.5380859375,44,0.5322265625,46,0.54443359375,50,-0.059661865234375
25.2692,42,1.5380859375,41,-0.99267578125,43,0.68359375,50,-0.059661865234375
25.2778,42,1.638671875,41,-0.99267578125,43,0.68359375,19,4.96484375
25.2888,42,1.638671875,42,0.755859375,42,0.8544921875,19,4.96484375
25.2983,44,1.4033203125,42,0.755859375,42,0.8544921875,19,4.96484375
25.3083,44,1.4033203125,42,0.2392578125,42,0.400634765625,24,1.884765625
25.3170,45,0.57861328125,42,0.2392578125,42,0.400634765625,24,1.884765625
25.3303,45,0.57861328125,46,-0.16015625,42,0.400634765625,30,0.64697265625
25.3367,44,1.2548828125,46,-0.16015625,42,0.34521484375,35,0.87841796875
25.3480,44,1.2548828125,44,0.6806640625,42,0.34521484375,35,0.87841796875
25.3577,42,1.5830078125,44,0.6806640625,42,0.61962890625,35,0.87841796875
25.3678,42,1.5830078125,42,0.43603515625,43,0.56201171875,42,0.53564453125
25.3758,42,1.4111328125,42,0.43603515625,43,0.56201171875,42,0.53564453125
25.3887,42,1.4111328125,42,0.5068359375,43,0.56201171875,34,1.6533203125
25.3981,42,1.333984375,42,0.5068359375,43,0.55419921875,34,1.6533203125
25.4085,42,1.333984375,42,0.51171875,43,0.55419921875,35,1.0751953125
25.4172,42,0.98681640625,42,0.51171875,43,0.5029296875,35,1.0751953125
25.4297,42,0.98681640625,45,0.11151123046875,44,0.38916015625,36,1.01171875
25.4374,42,1.3330078125,45,0.11151123046875,44,0.38916015625,36,1.01171875
25.4485,42,1.3330078125,42,1.029296875,44,0.38916015625,39,0.56787109375
25.4576,42,1.4296875,42,1.029296875,45,0.490478515625,39,0.56787109375
25.4684,42,1.4296875,42,1.029296875,45,0.490478515625,47,0.1868896484375
25.4769,42,1.4296875,41,0.701171875,43,0.71630859375,47,0.1868896484375
25.4894,42,1.44921875,41,0.66845703125,43,0.71630859375,29,2.6171875
25.4989,43,1.34375,41,0.66845703125,41,0.8115234375,29,2.6171875
25.5110,43,1.34375,41,0.66845703125,41,0.8115234375,31,1.341796875
25.5163,43,1.0703125,41,0.51025390625,40,0.46533203125,31,1.341796875
25.5284,43,1.0703125,41,0.51025390625,40,0.46533203125,35,1.1083984375
25.5390,43,1.0703125,45,0.12054443359375,41,0.63623046875,35,1.1083984375
25.5478,42,1.3779296875,41,0.99658203125,41,0.63623046875,38,1.2822265625
25.5579,42,1.359375,41,0.99658203125,42,0.386474609375,38,1.2822265625
25.5680,42,1.359375,41,0.99658203125,42,0.386474609375,41,0.51708984375
25.5785,42,1.3232421875,41,0.5859375,41,0.405517578125,41,0.51708984375
25.5887,42,1.3232421875,41,0.5859375,41,0.405517578125,40,0.8740234375
25.5995,42,1.3232421875,41,0.52685546875,41,0.65673828125,40,0.8740234375
25.6114,41,1.5869140625,41,0.52685546875,41,0.65673828125,40,0.59814453125
25.6181,41,1.5869140625,41,0.396240234375,42,0.256591796875,40,0.59814453125
25.6303,41,1.1650390625,41,0.396240234375,42,0.256591796875,37,1.021484375
25.6381,41,1.1650390625,43,0.177001953125,43,0.31201171875,37,1.021484375
25.6490,41,1.2666015625,43,0.177001953125,43,0.31201171875,39,0.8955078125
25.6615,41,1.2666015625,41,0.302734375,44,0.338623046875,39,0.8955078125
25.6688,41,1.3740234375,41,0.302734375,44,0.338623046875,46,0.182861328125
25.6788,41,1.3740234375,41,0.412841796875,42,0.658203125,46,0.182861328125
25.6882,41,1.44140625,41,0.412841796875,42,0.658203125,46,0.182861328125
25.7005,41,1.44140625,40,0.787109375,41,0.87548828125,40,1.107421875
25.7133,43,1.4580078125,40,0.787109375,41,0.87548828125,39,0.7998046875
25.7202,43,1.4580078125,40,0.394287109375,40,0.525390625,39,0.7998046875
25.7284,43,1.298828125,40,0.394287109375,40,0.525390625,39,0.87109375
25.7376,43,1.298828125,43,0.273681640625,40,0.525390625,39,0.87109375
25.7492,42,1.4873046875,43,0.273681640625,41,0.499267578125,39,0.9697265625
25.7561,42,1.4873046875,42,0.218505859375,41,0.59716796875,39,0.9697265625
25.7675,41,1.4912109375,42,0.218505859375,41,0.59716796875,43,0.775390625
25.7758,41,1.4912109375,42,0.444580078125,42,0.42431640625,43,0.775390625
25.7867,40,1.474609375,42,0.444580078125,42,0.42431640625,41,0.93115234375
25.7989,40,1.474609375,40,0.50634765625,42,0.42431640625,41,0.93115234375
25.8063,40,1.4453125,40,0.50634765625,41,0.486083984375,41,0.93115234375
25.8150,40,1.4453125,40,0.52880859375,42,0.42724609375,41,0.70166015625
25.8270,41,1.2763671875,40,0.52880859375,42,0.42724609375,41,0.70166015625
25.8364,41,1.2763671875,42,0.150146484375,42,0.468505859375,39,0.861328125
25.8472,41,1.357421875,42,0.150146484375,42,0.468505859375,39,0.861328125
25.8576,41,1.357421875,42,0.350341796875,42,0.468505859375,39,0.9599609375
25.8671,41,1.544921875,42,0.350341796875,42,0.390869140625,44,0.4775390625
25.8751,41,1.544921875,42,0.403564453125,42,0.390869140625,44,0.4775390625
25.8861,40,1.3955078125,42,0.403564453125,43,0.34619140625,44,0.4775390625
25.8987,40,1.3955078125,40,0.57958984375,42,0.55859375,40,0.98095703125
25.9061,44,1.2294921875,40,0.57958984375,42,0.55859375,40,0.98095703125
25.9169,44,1.2294921875,40,0.4931640625,42,0.55859375,40,0.90185546875
25.9285,43,1.1845703125,40,0.4931640625,40,0.65380859375,40,0.90185546875
25.9356,43,1.1845703125,41,0.68994140625,40,0.65380859375,42,0.495849609375
25.9459,42,1.525390625,41,0.68994140625,39,0.919921875,42,0.495849609375
25.9540,42,1.525390625,42,0.5068359375,39,0.919921875,42,0.94287109375
25.9654,40,1.599609375,42,0.5068359375,39,0.673828125,42,0.94287109375
25.9757,40,1.599609375,42,0.1951904296875,39,0.673828125,40,0.45166015625
25.9846,40,1.521484375,42,0.1951904296875,42,0.325439453125,40,0.45166015625
25.9929,40,1.521484375,41,0.39599609375,42,0.325439453125,41,0.35546875
26.0053,40,1.521484375,41,0.39599609375,43,0.438720703125,41,0.35546875
26.0150,40,1.5126953125,41,0.49609375,43,0.438720703125,41,0.654296875
26.0266,40,1.5234375,41,0.49609375,42,0.52099609375,41,0.654296875
26.0361,40,1.5234375,40,0.5205078125,42,0.52099609375,41,0.56689453125
26.0463,40,1.4541015625,40,0.5205078125,42,0.5595703125,41,0.56689453125
26.0547,40,1.4541015625,40,0.5205078125,42,0.5595703125,41,0.72314453125
26.0664,40,1.4541015625,41,0.430908203125,42,0.4697265625,41,0.72314453125
26.0745,40,1.3662109375,41,0.31396484375,42,0.4697265625,42,0.619140625
26.0857,40,1.3662109375,41,0.31396484375,42,0.259765625,42,0.619140625
26.0969,40,1.400390625,41,0.31396484375,42,0.259765625,40,0.89453125
26.1066,40,1.400390625,40,0.59619140625,41,0.41943359375,40,0.89453125
26.1145,44,0.798828125,40,0.59619140625,41,0.41943359375,39,0.9072265625
26.1284,44,0.798828125,40,0.53369140625,40,0.54638671875,39,0.9072265625
26.1368,42,1.48046875,40,0.53369140625,40,0.54638671875,40,0.96728515625
26.1486,42,1.48046875,40,0.58154296875,39,0.7861328125,40,0.96728515625
26.1605,41,1.5009765625,40,0.58154296875,39,0.7861328125,40,0.7724609375
26.1701,41,1.5009765625,41,0.58056640625,38,0.65380859375,40,0.7724609375
26.1777,40,1.435546875,41,0.58056640625,38,0.65380859375,41,0.6220703125
26.1898,40,1.435546875,42,0.294921875,38,0.65380859375,41,0.6220703125
26.1987,39,1.646484375,42,0.294921875,41,0.279541015625,41,0.73876953125
26.2093,39,1.646484375,41,0.53076171875,41,0.279541015625,41,0.73876953125
26.2180,40,1.5068359375,41,0.53076171875,41,0.4716796875,39,0.93798828125
26.2301,40,1.5068359375,41,0.54150390625,41,0.4716796875,39,0.93798828125
26.2359,39,1.490234375,41,0.54150390625,42,0.3671875,39,0.60546875
26.2486,39,1.490234375,39,0.65625,42,0.3671875,39,0.60546875
26.2571,39,1.4873046875,39,0.65625,42,0.2978515625,39,0.9248046875
26.2682,39,1.4873046875,39,0.5654296875,42,0.2978515625,39,0.9248046875
26.2768,40,1.306640625,39,0.5654296875,41,0.4931640625,39,0.9248046875
26.2877,40,1.306640625,40,0.15283203125,41,0.4931640625,41,0.38916015625
26.2948,40,1.451171875,40,0.15283203125,41,0.34130859375,41,0.57275390625
26.3075,40,1.451171875,40,0.458740234375,41,0.34130859375,41,0.57275390625
26.3161,41,1.35546875,40,0.458740234375,40,0.64501953125,39,0.90283203125
26.3270,41,1.35546875,40,0.36328125,40,0.64501953125,39,0.90283203125
26.3365,44,1.125,40,0.36328125,40,0.469970703125,39,0.90283203125
26.3490,44,1.125,39,0.55810546875,40,0.469970703125,39,0.7060546875
26.3567,41,1.5673828125,39,0.55810546875,40,0.77734375,39,0.7060546875
26.3676,41,1.5673828125,39,0.9130859375,40,0.77734375,41,0.69580078125
26.3758,40,1.693359375,39,0.9130859375,39,0.94873046875,41,0.69580078125
26.3887,40,1.693359375,41,0.09674072265625,39,0.94873046875,39,1.2587890625
26.3980,39,1.3515625,41,0.09674072265625,39,0.373046875,39,1.2587890625
26.4082,39,1.3515625,42,0.350341796875,39,0.373046875,39,0.99072265625
26.4182,40,1.5390625,42,0.350341796875,40,0.76025390625,39,0.99072265625
26.4281,40,1.5390625,41,0.484375,40,0.76025390625,40,0.8369140625
26.4375,40,1.5390625,41,0.484375,42,0.102294921875,40,0.8369140625
26.4509,41,1.29296875,39,0.61181640625,42,0.102294921875,41,0.54541015625
26.4574,41,1.29296875,39,0.61181640625,42,0.469482421875,41,0.54541015625
26.4706,38,1.5009765625,38,0.82421875,42,0.469482421875,39,1.0498046875
26.4774,38,1.5693359375,38,0.82421875,42,0.42138671875,39,1.0498046875
26.4902,38,1.5693359375,39,-0.8369140625,42,0.42138671875,39,0.88671875
26.4978,38,1.5693359375,39,-0.8369140625,41,0.56884765625,39,0.88671875
26.5079,38,1.599609375,40,0.546875,41,0.56884765625,40,0.7392578125
26.5171,38,1.599609375,40,0.546875,38,0.85791015625,40,0.7392578125
26.5276,39,1.556640625,40,0.546875,38,0.85791015625,39,0.90087890625
26.5359,39,1.556640625,39,0.671875,38,0.7763671875,39,0.90087890625
26.5496,43,1.0146484375,40,0.62255859375,38,0.7763671875,39,0.84619140625
26.5557,43,1.0146484375,40,0.62255859375,38,0.66259765625,39,0.84619140625
26.5667,41,1.61328125,40,0.73583984375,38,0.66259765625,38,1.0322265625
26.5752,41,1.61328125,40,0.73583984375,39,0.55517578125,38,1.0322265625
26.5867,39,1.71484375,39,0.5068359375,39,0.55517578125,38,0.78515625
26.6024,39,1.71484375,39,0.5068359375,40,0.364990234375,38,0.78515625
26.6075,38,1.48828125,39,0.5068359375,40,0.364990234375,39,0.6796875
26.6165,38,1.48828125,40,0.337158203125,40,0.364990234375,39,0.6796875
26.6272,37,1.5498046875,40,0.337158203125,39,0.5888671875,39,0.9970703125
26.6367,37,1.5498046875,39,0.65869140625,39,0.642578125,39,0.9970703125
26.6480,42,1.1494140625,39,0.65869140625,39,0.642578125,39,0.73486328125
26.6576,42,1.1494140625,39,0.404541015625,39,0.426025390625,39,0.73486328125
26.6720,35,1.9677734375,39,0.404541015625,39,0.426025390625,39,0.80810546875
26.6773,35,1.9677734375,37,0.75732421875,39,0.426025390625,39,0.80810546875
26.6917,36,1.677734375,37,0.75732421875,40,0.54736328125,39,1.0029296875
26.6971,36,1.677734375,37,0.4501953125,42,0.1202392578125,39,1.0029296875
26.7104,37,1.396484375,37,0.4501953125,42,0.1202392578125,39,0.40380859375
26.7170,37,1.396484375,39,0.2474365234375,40,0.5625,39,0.40380859375
26.7275,38,1.5107421875,39,0.2474365234375,40,0.5625,40,0.5771484375
26.7379,38,1.5107421875,39,0.379150390625,40,0.5625,40,0.5771484375
26.7490,42,1.0556640625,39,0.379150390625,39,0.62890625,38,1.0419921875
26.7567,42,1.0556640625,39,0.505859375,39,0.62890625,38,1.0419921875
26.7677,43,1.033203125,39,0.505859375,38,0.70947265625,38,0.86865234375
26.7768,43,1.033203125,38,0.5771484375,37,0.7998046875,38,0.86865234375
26.7880,39,1.779296875,38,0.5771484375,37,0.7998046875,40,0.61328125
26.7967,39,1.779296875,38,0.71484375,37,0.7998046875,40,0.61328125
26.8074,38,1.349609375,38,0.71484375,39,0.580078125,40,-0.8583984375
26.8160,38,1.349609375,39,0.1343994140625,39,0.580078125,40,-0.8583984375
26.8270,37,1.6416015625,39,0.1343994140625,40,0.43505859375,40,-0.8583984375
26.8384,37,1.6416015625,40,0.6318359375,40,0.43505859375,38,0.91015625
26.8484,40,1.0302734375,40,0.6318359375,39,0.6005859375,38,0.91015625
26.8553,40,1.0302734375,40,0.318359375,39,0.6005859375,37,0.796875
26.8701,42,1.2255859375,40,0.318359375,39,0.5986328125,39,0.58447265625
26.8751,42,1.2255859375,40,0.3427734375,39,0.5986328125,39,0.58447265625
26.8862,42,1.2255859375,40,0.3427734375,38,0.62451171875,39,0.58447265625
26.8951,37,1.5126953125,37,0.73681640625,38,0.62451171875,39,0.83203125
26.9067,37,1.6162109375,37,0.73681640625,43,0.07159423828125,39,0.74267578125
26.9176,37,1.6162109375,37,-0.955078125,43,0.29296875,39,0.74267578125
26.9263,37,1.6162109375,37,-0.955078125,43,0.29296875,38,0.7958984375
26.9354,37,1.5673828125,38,0.59326171875,43,0.29296875,38,0.7958984375
26.9484,36,1.7490234375,38,0.59326171875,38,0.7890625,38,0.9990234375
26.9558,36,1.7490234375,38,0.83837890625,38,0.7890625,38,0.9990234375
26.9664,44,0.93017578125,38,0.83837890625,37,0.7392578125,38,0.73388671875
26.9743,44,0.93017578125,38,0.52197265625,37,0.7392578125,38,0.73388671875
26.9861,40,1.81640625,38,0.52197265625,36,0.74560546875,38,0.87255859375
26.9949,40,1.81640625,40,0.59033203125,36,0.74560546875,38,0.87255859375
27.0051,40,1.81640625,40,0.59033203125,37,0.92041015625,38,0.71728515625
27.0160,38,1.7685546875,39,0.62255859375,37,0.92041015625,38,0.71728515625
27.0266,36,1.6767578125,39,0.62255859375,41,0.1234130859375,38,-0.98388671875
27.0370,36,1.6767578125,40,0.386962890625,41,0.1234130859375,38,-0.98388671875
27.0475,34,2.125,40,0.386962890625,38,0.96630859375,37,0.85400390625
27.0561,34,2.125,39,0.381103515625,38,0.96630859375,37,0.85400390625
27.0684,17,2.201171875,39,0.381103515625,38,0.35595703125,37,0.89013671875
27.0760,17,2.201171875,40,0.60107421875,38,0.35595703125,37,0.89013671875
27.0873,17,2.201171875,40,0.60107421875,39,0.039581298828125,37,0.89013671875
27.0996,22,2.544921875,40,0.60107421875,39,0.039581298828125,39,0.256103515625
27.1081,24,2.314453125,39,0.27734375,39,0.1951904296875,39,0.256103515625
27.1197,24,2.314453125,37,0.578125,39,0.1951904296875,38,0.9951171875
27.1291,12,3.828125,37,0.578125,41,0.3955078125,38,0.9951171875
27.1373,12,3.828125,38,0.06707763671875,41,0.3955078125,38,0.4267578125
27.1499,12,3.828125,38,0.06707763671875,41,-0.0301971435546875,38,0.4267578125
27.1569,26,2.076171875,39,0.41845703125,41,-0.0301971435546875,40,0.7568359375
27.1717,26,2.076171875,39,0.41845703125,38,0.265380859375,40,0.7568359375
27.1805,29,2.11328125,39,0.4501953125,38,0.265380859375,40,0.69873046875
27.1911,29,2.11328125,39,0.4501953125,38,0.572265625,40,0.69873046875
27.1974,32,1.953125,40,0.32958984375,38,0.572265625,38,0.86669921875
27.2083,38,1.08984375,40,0.32958984375,37,0.4091796875,38,0.86669921875
27.2174,38,1.08984375,40,0.306396484375,37,0.4091796875,38,0.55712890625
27.2281,38,1.08984375,40,0.306396484375,40,0.12548828125,38,0.55712890625
27.2378,38,1.4697265625,40,0.482666015625,40,0.12548828125,40,0.69775390625
27.2514,38,1.4697265625,40,0.482666015625,41,0.271484375,40,0.69775390625
27.2576,8,3.865234375,39,0.349365234375,41,0.271484375,38,1.0537109375
27.2714,8,3.865234375,39,0.349365234375,40,0.424072265625,38,1.0537109375
27.2776,24,1.345703125,39,0.349365234375,40,0.424072265625,38,0.387451171875
27.2882,24,1.345703125,40,0.06658935546875,39,1.1162109375,38,0.387451171875
27.2971,26,2.23828125,40,0.06658935546875,39,1.1162109375,38,0.4169921875
27.3077,26,2.23828125,40,0.07623291015625,38,0.1973876953125,38,0.4169921875
27.3168,7,4.1015625,40,0.07623291015625,38,0.1973876953125,38,1.0224609375
27.3289,7,4.1015625,39,0.478271484375,40,0.38232421875,38,1.0224609375
27.3379,9,3.541015625,39,0.478271484375,40,0.38232421875,40,0.4296875
27.3504,9,3.541015625,39,-0.09613037109375,42,0.9267578125,40,0.4296875
27.3574,18,2.0625,39,-0.09613037109375,42,0.9267578125,40,0.0958251953125
27.3700,18,2.0625,38,0.07421875,39,0.2366943359375,40,0.0958251953125
27.3756,29,1.7822265625,38,0.07421875,39,0.2366943359375,39,0.7060546875
27.3907,29,1.7822265625,38,0.51171875,39,0.2366943359375,39,0.7060546875
27.4000,31,1.68359375,38,0.51171875,39,0.443359375,39,0.54833984375
27.4102,31,1.68359375,39,0.3564453125,39,0.443359375,39,0.54833984375
27.4190,34,1.7177734375,39,0.3564453125,37,0.58544921875,38,0.6220703125
27.4315,34,1.7177734375,40,0.58056640625,37,0.66796875,38,0.6220703125
27.4374,37,1.875,40,0.58056640625,37,0.66796875,38,0.734375
27.4502,37,1.875,41,0.5146484375,37,0.66796875,38,0.734375
27.4581,33,2.224609375,41,0.5146484375,41,0.33251953125,39,0.705078125
27.4697,33,2.224609375,39,0.5205078125,41,0.33251953125,39,0.705078125
27.4780,33,2.224609375,39,0.5205078125,40,0.413818359375,37,1.2978515625
27.4890,34,2.08984375,39,0.2459716796875,39,0.209228515625,37,1.2978515625
27.4964,34,2.08984375,39,0.2459716796875,39,0.209228515625,35,1.240234375
27.5086,36,1.7734375,37,1.0537109375,39,0.209228515625,35,1.240234375
27.5173,36,-1.4609375,37,1.0537109375,8,1.13671875,19,1.716796875
27.5283,36,-1.4609375,37,4.72265625,8,1.13671875,19,1.716796875
27.5370,36,-1.4609375,37,4.72265625,24,6.94140625,15,7.54296875
27.5489,-6,3.43359375,-4,2.982421875,24,6.94140625,15,7.54296875
27.5557,-6,3.43359375,-4,2.982421875,-7,2.84765625,5,3.986328125
27.5707,-6,2.841796875,5,2.607421875,-7,2.84765625,5,3.986328125
27.5769,-6,2.841796875,5,2.607421875,-5,1.3642578125,10,2.15625
27.5865,3,1.96875,3,-0.11090087890625,-5,1.3642578125,10,2.15625
27.5966,3,1.96875,3,-0.11090087890625,0,-0.4521484375,10,2.15625
27.6091,15,-0.171630859375,15,0.58935546875,0,-0.4521484375,-7,-0.4677734375
27.6180,13,0.1429443359375,15,0.58935546875,13,-0.07843017578125,11,0.1412353515625
27.6290,13,0.1429443359375,7,-0.8056640625,13,-0.07843017578125,11,0.1412353515625
27.6360,13,0.1429443359375,7,-0.8056640625,13,-0.07672119140625,13,0.1334228515625
27.6481,5,0.0938720703125,1,-0.02044677734375,13,-0.07672119140625,13,0.1334228515625
27.6566,5,0.0938720703125,1,-0.02044677734375,5,0.107177734375,5,-0.06695556640625
27.6691,2,0.07843017578125,0,0.25244140625,5,0.107177734375,5,-0.06695556640625
27.6792,2,0.07843017578125,0,0.25244140625,2,0.08380126953125,2,0.12200927734375
27.6885,0,0.04736328125,0,0.1947021484375,2,0.08380126953125,2,0.12200927734375
27.6987,0,0.04736328125,0,0.1947021484375,0,-0.0246429443359375,2,0.12200927734375
27.7073,0,0.07781982421875,0,0.492431640625,0,-0.0246429443359375,0,0.15771484375
27.7175,0,0.07781982421875,0,0.492431640625,0,0.0521240234375,0,0.15771484375
27.7301,0,-0.04925537109375,0,0.1544189453125,0,0.0521240234375,0,0.267822265625
27.7369,0,-0.04925537109375,0,0.1544189453125,0,0.049285888671875,0,0.267822265625
27.7497,0,-0.189208984375,0,-0.84228515625,0,0.049285888671875,0,-0.255615234375
27.7563,0,-0.189208984375,0,-0.84228515625,0,0.04931640625,0,-0.255615234375
27.7674,0,-0.035736083984375,0,-0.425048828125,0,0.04931640625,0,0.2626953125
27.7761,0,-0.035736083984375,0,-0.425048828125,0,0.10638427734375,0,0.2626953125
27.7869,0,-0.06207275390625,0,0.486083984375,0,0.10638427734375,0,0.1070556640625
27.7975,0,-0.06207275390625,0,0.486083984375,0,-0.005126953125,0,0.1070556640625
27.8068,0,0.1585693359375,0,0.400390625,0,-0.005126953125,0,0.225830078125
27.8167,0,0.1585693359375,0,0.400390625,0,0.03790283203125,0,0.225830078125
27.8292,0,0.1300048828125,0,0.10333251953125,0,0.03790283203125,-3,0.11871337890625
27.8366,0,0.1300048828125,0,0.10333251953125,0,-0.060760498046875,-3,0.11871337890625
27.8494,0,-0.063720703125,0,0.10333251953125,0,-0.060760498046875,-17,-0.1522216796875
27.8555,0,-0.063720703125,0,-0.347900390625,0,0.081298828125,-17,-0.1522216796875
27.8714,0,0.05877685546875,0,0.497802734375,0,0.081298828125,0,0.11895751953125
27.8751,0,0.05877685546875,0,0.497802734375,-12,-0.0307159423828125,0,0.11895751953125
27.8863,0,-0.13134765625,0,0.497802734375,-12,-0.0307159423828125,0,-0.083984375
27.8980,0,-0.13134765625,0,0.1676025390625,-14,0.108154296875,0,-0.083984375
27.9058,0,0.060577392578125,0,0.1676025390625,-14,0.108154296875,0,-0.11444091796875
27.9143,0,0.060577392578125,0,-0.238525390625,0,-0.0215911865234375,0,-0.11444091796875
27.9271,0,0.055328369140625,0,-0.238525390625,0,-0.0215911865234375,0,0.115966796875
27.9343,0,0.055328369140625,0,-0.4951171875,0,-0.037872314453125,0,0.115966796875
27.9493,0,0.055328369140625,0,-0.4951171875,0,-0.037872314453125,0,-0.032501220703125
27.9565,0,-0.1895751953125,0,-0.65625,0,-0.04168701171875,0,-0.032501220703125
27.9663,0,0.10614013671875,0,-0.65625,0,-0.04168701171875,0,0.2489013671875
27.9759,0,0.10614013671875,0,0.392333984375,0,-0.04168701171875,0,0.2489013671875
27.9869,0,-0.0816650390625,0,0.392333984375,0,-0.050628662109375,0,-0.24365234375
27.9958,0,-0.0816650390625,0,0.381103515625,0,-0.050628662109375,0,-0.24365234375
28.0055,0,-0.0816650390625,0,0.381103515625,0,-0.045257568359375,0,-0.258056640625
28.0224,0,0.131103515625,0,0.408447265625,0,-0.1265869140625,0,-0.258056640625
28.0299,0,-0.2144775390625,0,-0.54736328125,0,-0.1265869140625,0,-0.06561279296875
28.0374,0,-0.2144775390625,0,-0.54736328125,0,-0.031585693359375,0,-0.06561279296875
28.0482,0,-0.2144775390625,0,-0.54736328125,0,-0.031585693359375,0,-0.1949462890625
28.0589,0,0.06060791015625,0,0.386962890625,0,-0.031585693359375,0,-0.1949462890625
28.0679,0,0.06060791015625,0,0.386962890625,0,-0.07147216796875,0,-0.1800537109375
28.0768,0,-0.11126708984375,0,0.1044921875,0,-0.07147216796875,0,-0.1800537109375
28.0876,0,-0.11126708984375,0,0.1044921875,0,0.068359375,0,0.0236358642578125
28.0945,0,0.04522705078125,0,-0.54736328125,0,0.068359375,0,0.0236358642578125
28.1083,0,0.04522705078125,0,-0.54736328125,0,-0.00514984130859375,0,0.1370849609375
28.1165,0,0.10565185546875,0,0.2464599609375,0,-0.00514984130859375,0,0.1370849609375
28.1283,0,0.10565185546875,0,0.2464599609375,0,-0.07098388671875,0,0.1435546875
28.1382,0,0.08123779296875,0,0.40087890625,0,-0.07098388671875,0,0.1435546875
28.1503,0,0.08123779296875,0,0.40087890625,0,-0.0286407470703125,0,-0.2208251953125
28.1560,0,-0.0276336669921875,0,0.1842041015625,0,-0.0286407470703125,0,-0.2208251953125
28.1703,0,-0.0276336669921875,0,0.1842041015625,0,-0.084228515625,0,0.1484375
28.1772,0,0.07025146484375,0,0.35302734375,0,-0.084228515625,0,0.1484375
28.1896,0,0.07025146484375,0,0.35302734375,0,-0.02838134765625,0,0.1484375
28.1983,0,0.058563232421875,0,-0.07867431640625,0,-0.02838134765625,0,0.01166534423828125
28.2080,0,0.058563232421875,0,-0.07867431640625,0,-0.019439697265625,0,-0.0721435546875
28.2165,0,0.1710205078125,0,0.375732421875,0,-0.019439697265625,0,-0.0721435546875
28.2295,0,0.1710205078125,0,0.375732421875,0,-0.032806396484375,0,0.0294342041015625
28.2401,0,0.00991058349609375,0,0.1905517578125,0,-0.032806396484375,0,0.0294342041015625
28.2525,0,0.00991058349609375,0,0.1905517578125,0,-0.064697265625,0,0.0294342041015625
28.2584,0,-0.09130859375,0,-0.58349609375,0,-0.064697265625,0,-0.05059814453125
28.2692,0,-0.09130859375,0,-0.58349609375,0,-0.0394287109375,0,-0.05059814453125
28.2764,0,0.09173583984375,0,-0.58349609375,0,-0.0394287109375,0,-0.2291259765625
28.2887,0,0.09173583984375,0,0.4111328125,0,-0.055511474609375,0,-0.15087890625
28.2974,0,-0.05609130859375,0,-0.50830078125,0,-0.055511474609375,0,-0.15087890625
28.3073,0,-0.05609130859375,0,-0.50830078125,0,-0.02117919921875,0,-0.15087890625
28.3174,0,0.09027099609375,0,-0.6572265625,0,-0.02117919921875,0,0.1942138671875
28.3296,0,0.09027099609375,0,-0.6572265625,0,-0.08746337890625,0,0.1942138671875
28.3371,0,-0.0289306640625,0,-0.6572265625,0,-0.08746337890625,0,-0.17919921875
28.3495,0,-0.0289306640625,0,0.463623046875,0,-0.016204833984375,0,-0.17919921875
28.3582,0,-0.1365966796875,0,0.463623046875,0,-0.016204833984375,0,-0.2138671875
28.3698,0,-0.1365966796875,0,0.46337890625,0,-0.048004150390625,0,-0.2138671875
28.3775,0,-0.1365966796875,0,0.46337890625,0,-0.048004150390625,0,0.104736328125
28.3927,0,0.099365234375,0,0.56201171875,0,-0.035369873046875,0,0.104736328125
28.3992,0,0.099365234375,0,0.56201171875,0,-0.035369873046875,0,0.250732421875
28.4100,0,-0.169677734375,0,0.36279296875,0,-0.11456298828125,0,0.250732421875
28.4187,0,0.08013916015625,0,0.36279296875,0,-0.11456298828125,0,0.0867919921875
28.4304,0,0.08013916015625,0,-0.335693359375,0,-0.0333251953125,0,0.0867919921875
28.4386,0,-0.12548828125,0,-0.335693359375,0,-0.0333251953125,0,-0.08966064453125
28.4511,0,-0.12548828125,0,0.34912109375,0,-0.037109375,0,-0.08966064453125
28.4597,0,-0.12548828125,0,0.34912109375,0,-0.037109375,0,0.1829833984375
28.4704,0,0.048309326171875,0,0.442138671875,0,0.05841064453125,0,0.1829833984375
28.4785,0,0.048309326171875,0,0.442138671875,0,0.05841064453125,0,-0.1622314453125
28.4897,0,0.062408447265625,0,0.170166015625,0,0.05841064453125,0,-0.1622314453125
28.4980,0,0.130859375,0,0.170166015625,0,0.03350830078125,0,-0.12371826171875
28.5076,0,0.130859375,0,0.35107421875,0,0.06109619140625,0,-0.12371826171875
28.5166,0,-0.1331787109375,0,0.35107421875,0,0.06109619140625,0,0.004787445068359375
28.5292,0,-0.1331787109375,0,0.162841796875,0,-0.0601806640625,0,0.004787445068359375
28.5361,0,-0.1953125,0,0.162841796875,0,-0.0601806640625,0,-0.08856201171875
28.5482,0,-0.1953125,0,0.0870361328125,0,0.027374267578125,0,-0.08856201171875
28.5564,0,-0.09893798828125,0,0.0870361328125,0,0.027374267578125,0,0.2327880859375
28.5681,0,-0.09893798828125,0,-0.84033203125,0,-0.06494140625,0,0.2327880859375
28.5761,0,-0.09893798828125,0,-0.84033203125,0,-0.06494140625,0,0.2344970703125
28.5879,0,0.058135986328125,0,0.375732421875,0,-0.06256103515625,0,0.2344970703125
28.5991,0,0.058135986328125,0,0.375732421875,0,-0.06256103515625,0,-0.0301666259765625
28.6068,0,0.03289794921875,0,-0.70703125,0,-0.06256103515625,0,-0.0301666259765625
28.6185,0,-0.1944580078125,0,-0.70703125,0,-0.0498046875,0,0.125732421875
28.6287,0,-0.1944580078125,0,-0.1875,0,-0.039154052734375,0,0.125732421875
28.6370,0,-0.1944580078125,0,-0.1875,0,-0.039154052734375,0,-0.1778564453125
28.6508,0,-0.1903076171875,0,0.1800537109375,0,-0.039154052734375,0,-0.1778564453125
28.6568,0,-0.1903076171875,0,0.1800537109375,0,-0.0543212890625,0,0.1993408203125
28.6695,0,0.01030731201171875,0,-0.41845703125,0,-0.0543212890625,0,0.1993408203125
28.6764,0,0.01030731201171875,0,-0.41845703125,0,0.04156494140625,0,-0.2254638671875
28.6874,0,0.07769775390625,0,0.226318359375,0,0.04156494140625,0,-0.2254638671875
28.6958,0,0.07769775390625,0,0.226318359375,0,-0.04241943359375,0,0.04193115234375
28.7067,0,0.0313720703125,0,0.343017578125,0,-0.04241943359375,0,0.04193115234375
28.7155,0,0.0313720703125,0,0.343017578125,0,-0.05126953125,0,0.0638427734375
28.7266,0,0.050933837890625,0,0.343017578125,0,-0.05126953125,0,0.0638427734375
28.7356,0,0.050933837890625,0,0.373291015625,0,-0.06976318359375,0,-0.10284423828125
28.7474,0,-0.04815673828125,0,0.255126953125,0,-0.06976318359375,0,-0.10284423828125
28.7569,0,-0.04815673828125,0,0.255126953125,0,-0.04461669921875,0,0.055450439453125
28.7684,0,0.037139892578125,0,0.169189453125,0,-0.04461669921875,0,0.055450439453125
28.7763,0,0.037139892578125,0,0.169189453125,0,-0.04998779296875,0,-0.1590576171875
28.7885,0,0.017303466796875,0,0.169189453125,0,-0.04998779296875,0,-0.1590576171875
28.7968,0,0.017303466796875,0,0.163330078125,0,-0.08099365234375,0,-0.1590576171875
28.8060,0,-0.02838134765625,0,0.163330078125,0,-0.08099365234375,0,-0.1280517578125
28.8162,0,-0.02838134765625,0,0.461181640625,0,-0.08697509765625,0,0.237548828125
28.8286,0,0.1119384765625,0,0.461181640625,0,-0.08697509765625,0,0.237548828125
28.8355,0,0.1119384765625,0,-0.045013427734375,0,-0.047271728515625,0,0.1878662109375
28.8470,0,-0.055755615234375,0,-0.045013427734375,0,-0.047271728515625,0,0.1878662109375
28.8581,0,-0.055755615234375,0,0.26318359375,0,-0.06640625,0,0.194091796875
28.8665,0,0.10491943359375,0,0.26318359375,0,-0.06640625,0,0.194091796875
28.8752,0,0.10491943359375,0,-0.8447265625,0,-0.09222412109375,0,0.194091796875
28.8881,0,-0.1573486328125,0,-0.8447265625,0,-0.09222412109375,0,0.0257110595703125
28.8986,0,-0.1573486328125,0,0.0703125,0,-0.080322265625,0,-0.274658203125
28.9087,0,-0.1693115234375,0,0.0703125,0,-0.080322265625,0,-0.274658203125
28.9166,0,-0.1693115234375,0,0.326171875,0,-0.0230712890625,0,-0.274658203125
28.9278,0,-0.0615234375,0,0.326171875,0,-0.0230712890625,0,-0.1982421875
28.9384,0,-0.0615234375,0,0.451416015625,0,-0.05828857421875,0,-0.1982421875
28.9494,0,0.10137939453125,0,0.451416015625,0,-0.05828857421875,0,-0.043304443359375
28.9562,0,0.10137939453125,0,0.316162109375,0,-0.07855224609375,0,-0.043304443359375
28.9671,0,-0.040557861328125,0,0.316162109375,0,-0.07855224609375,0,-0.060089111328125
28.9779,0,-0.040557861328125,0,0.5380859375,0,-0.05743408203125,0,-0.060089111328125
28.9867,0,-0.11114501953125,0,0.5380859375,0,-0.05743408203125,0,0.1959228515625
28.9953,0,-0.11114501953125,0,0.27197265625,0,-0.05743408203125,0,0.1959228515625
29.0076,0,0.08197021484375,0,0.27197265625,0,-0.1016845703125,0,0.2493896484375
29.0151,0,0.08197021484375,0,-0.60546875,0,0.1253662109375,0,0.2493896484375
29.0270,0,-0.1640625,0,-0.60546875,0,0.1253662109375,0,-0.1533203125
29.0353,0,-0.1640625,0,0.1881103515625,0,-0.0406494140625,0,-0.1533203125
29.0485,0,-0.1640625,0,0.1881103515625,0,-0.0406494140625,0,0.1903076171875
29.0602,0,-0.12890625,0,-0.91796875,0,-0.04931640625,0,0.1903076171875
29.0740,0,0.1151123046875,0,-0.91796875,0,-0.04931640625,0,-0.07379150390625
29.0790,0,0.1151123046875,0,0.1448974609375,0,-0.04931640625,0,-0.07379150390625
29.0896,0,0.1151123046875,0,0.1448974609375,0,-0.042633056640625,0,0.06622314453125
29.0976,0,0.07861328125,0,0.2900390625,0,-0.042633056640625,0,0.06622314453125
29.1095,0,0.07861328125,0,0.2900390625,0,-0.024688720703125,0,0.0638427734375
29.1184,0,-0.213623046875,0,0.346435546875,0,-0.024688720703125,0,0.0638427734375
29.1326,0,-0.1634521484375,0,0.346435546875,0,0.054412841796875,0,-0.2431640625
29.1401,0,-0.1634521484375,0,-0.72265625,0,0.054412841796875,0,-0.2431640625
29.1516,0,-0.1634521484375,0,-0.72265625,0,-0.05657958984375,0,-0.216552734375
29.1637,0,0.0709228515625,0,0.47607421875,0,-0.08636474609375,0,-0.216552734375
29.1761,0,0.0709228515625,0,0.47607421875,0,-0.08636474609375,0,-0.0256195068359375
29.1897,0,-0.04534912109375,0,0.47607421875,0,-0.08636474609375,0,-0.0256195068359375
29.1960,0,-0.04534912109375,0,0.016387939453125,0,-0.0241241455078125,0,0.044525146484375
29.2061,0,-0.034088134765625,0,0.016387939453125,0,-0.0241241455078125,0,0.044525146484375
29.2125,0,-0.034088134765625,0,-0.183837890625,0,-0.090576171875,0,0.220458984375
29.2221,0,-0.055450439453125,0,-0.0408935546875,0,-0.090576171875,0,0.220458984375
29.2314,0,-0.055450439453125,0,-0.0408935546875,0,-0.0234375,0,0.2469482421875
29.2426,0,0.0565185546875,0,-0.0408935546875,0,-0.0234375,0,0.2469482421875
29.2517,0,0.0565185546875,0,0.4033203125,0,-0.01406097412109375,0,0.1507568359375
29.2614,0,-0.06939697265625,0,0.4033203125,0,-0.01406097412109375,0,0.1507568359375
29.2715,0,-0.06939697265625,0,-0.1885986328125,0,-0.0199432373046875,0,-0.1185302734375
29.2871,0,0.08099365234375,0,-0.1885986328125,0,-0.0199432373046875,0,-0.1185302734375
29.2909,0,0.08099365234375,0,0.3232421875,0,-0.052703857421875,0,-0.1185302734375
29.3016,0,0.05718994140625,0,0.3232421875,0,-0.052703857421875,0,0.203857421875
29.3118,0,0.05718994140625,0,-0.07147216796875,0,-0.11175537109375,0,0.203857421875
29.3230,0,-0.05987548828125,0,-0.07147216796875,0,-0.11175537109375,0,-0.11529541015625
29.3306,0,-0.05987548828125,0,0.287353515625,0,-0.08258056640625,0,-0.11529541015625
29.3415,0,0.0303955078125,0,0.287353515625,0,-0.08258056640625,0,-0.049591064453125
29.3556,0,0.0303955078125,0,0.59130859375,0,-0.021270751953125,0,-0.049591064453125
29.3597,0,0.0229034423828125,0,0.59130859375,0,-0.021270751953125,0,-0.162109375
29.3738,0,0.0229034423828125,0,-0.415283203125,0,-0.060302734375,0,-0.162109375
29.3831,0,0.1025390625,0,-0.415283203125,0,-0.060302734375,0,0.1815185546875
29.4062,0,0.0260162353515625,0,0.1483154296875,0,-0.032562255859375,0,0.0721435546875
29.4216,0,0.099609375,0,-0.72021484375,0,-0.044342041015625,0,-0.244384765625
29.4336,0,0.099609375,0,-0.044189453125,0,-0.0869140625,0,-0.244384765625
29.4407,0,0.07647705078125,0,-0.044189453125,0,-0.0869140625,0,-0.040924072265625
29.4531,0,0.07647705078125,0,0.381103515625,0,-0.036773681640625,0,-0.040924072265625
29.4641,0,0.054351806640625,0,0.381103515625,0,-0.036773681640625,0,0.07000732421875
29.4745,0,0.054351806640625,0,0.33740234375,0,-0.05841064453125,0,0.07000732421875
29.4814,0,0.09765625,0,0.33740234375,0,-0.05841064453125,0,0.07000732421875
29.4920,0,0.09765625,0,-0.252197265625,0,-0.05841064453125,0,0.07000732421875
29.5033,0,-0.08758544921875,0,-0.252197265625,0,-0.097412109375,0,0.0684814453125
29.5122,0,-0.08758544921875,0,-0.1318359375,0,-0.03759765625,0,0.0684814453125
29.5197,0,0.0931396484375,0,-0.1318359375,0,-0.03759765625,0,0.185791015625
29.5384,0,0.0931396484375,0,-0.418701171875,0,-0.0328369140625,0,0.185791015625
29.5399,0,0.0931396484375,0,-0.418701171875,0,-0.0328369140625,0,-0.25537109375
29.5543,0,0.0232391357421875,0,-0.418701171875,0,-0.0328369140625,0,-0.25537109375
29.5609,0,0.05230712890625,0,0.07861328125,0,-0.03045654296875,0,0.12548828125
29.5730,0,0.05230712890625,0,0.4697265625,0,-0.03045654296875,0,0.12548828125
29.5794,0,0.053253173828125,0,0.4697265625,0,0.09326171875,0,0.053466796875
29.5914,0,0.053253173828125,0,0.431884765625,0,-0.07666015625,0,0.053466796875
29.6004,0,0.053253173828125,0,0.431884765625,0,-0.07666015625,0,0.0989990234375
29.6125,0,0.11810302734375,0,0.431884765625,0,-0.07666015625,0,0.0989990234375
29.6214,0,-0.1641845703125,0,0.207275390625,0,-0.03277587890625,0,0.03424072265625
29.6384,0,-0.1641845703125,0,0.2158203125,0,0.0714111328125,0,0.03424072265625
29.6411,0,-0.033172607421875,0,0.2158203125,0,0.0714111328125,0,0.01320648193359375
29.6543,0,-0.033172607421875,0,0.166259765625,0,0.0714111328125,0,0.01320648193359375
29.6602,0,-0.033172607421875,0,0.166259765625,0,-0.0692138671875,0,0.046722412109375
29.6747,0,0.1329345703125,0,0.166259765625,0,-0.0692138671875,0,0.046722412109375
29.6833,0,0.1329345703125,0,0.06903076171875,0,-0.0439453125,0,-0.15087890625
29.6933,0,0.0423583984375,0,0.06903076171875,0,-0.0439453125,0,-0.15087890625
29.7013,0,0.0423583984375,0,0.126220703125,0,-0.031646728515625,0,-0.059112548828125
29.7130,0,0.03936767578125,0,0.126220703125,0,-0.031646728515625,0,-0.059112548828125
29.7205,0,0.03936767578125,0,0.4072265625,0,-0.08599853515625,0,-0.197265625
29.7327,0,0.10418701171875,0,0.4072265625,0,-0.08599853515625,0,-0.197265625
29.7396,0,0.10418701171875,0,0.379150390625,0,-0.033905029296875,0,0.204833984375
29.7534,0,-0.11724853515625,0,0.379150390625,0,-0.033905029296875,0,0.204833984375
29.7594,0,-0.11724853515625,0,-0.369384765625,0,-0.03955078125,0,-0.1513671875
29.7729,0,0.124755859375,0,-0.369384765625,0,-0.03955078125,0,-0.1513671875
29.7788,0,0.124755859375,0,0.37646484375,0,0.050689697265625,0,-0.1513671875
29.7924,0,-0.0498046875,0,0.37646484375,0,0.050689697265625,0,0.110595703125
29.8014,0,-0.0498046875,0,0.5068359375,0,-0.01678466796875,0,-0.1412353515625
29.8123,0,-0.11138916015625,0,0.5068359375,0,-0.01678466796875,0,-0.1412353515625
29.8213,0,-0.11138916015625,0,-0.40771484375,0,-0.09619140625,0,-0.1412353515625
29.8331,0,-0.209228515625,0,-0.40771484375,0,-0.09619140625,0,0.0377197265625
29.8380,0,-0.209228515625,0,-0.896484375,0,-0.027191162109375,0,0.0377197265625
29.8524,0,0.09088134765625,0,-0.896484375,0,-0.027191162109375,0,0.1357421875
29.8590,0,0.09088134765625,0,-0.99267578125,0,-0.042724609375,0,0.1357421875
29.8733,0,0.218505859375,0,-0.99267578125,0,-0.042724609375,0,0.09521484375
29.8783,0,0.218505859375,0,-0.08245849609375,0,-0.03900146484375,0,0.09521484375
29.8914,0,0.1182861328125,0,-0.08245849609375,0,-0.03900146484375,0,-0.057952880859375
29.8975,0,0.1182861328125,0,-0.08245849609375,0,-0.0189971923828125,0,-0.057952880859375
29.9111,0,0.14599609375,0,0.0855712890625,0,-0.0189971923828125,0,0.1748046875
29.9172,0,0.14599609375,0,0.0855712890625,0,0.031005859375,0,0.1748046875
29.9314,0,0.060516357421875,0,-0.3076171875,0,0.031005859375,0,-0.191162109375
29.9377,0,0.060516357421875,0,-0.66259765625,0,-0.07666015625,0,-0.191162109375
29.9518,0,0.0841064453125,0,-0.66259765625,0,-0.07666015625,0,-0.2099609375
29.9588,0,0.0841064453125,0,0.408447265625,0,-0.058349609375,0,-0.2099609375
29.9731,0,-0.06097412109375,0,0.408447265625,0,-0.058349609375,0,-0.1611328125
29.9796,0,-0.06097412109375,0,0.50439453125,0,-0.033050537109375,0,-0.1611328125
29.9901,0,0.131591796875,0,0.50439453125,0,-0.033050537109375,0,-0.1134033203125
29.9999,0,0.131591796875,0,0.50439453125,0,-0.1221923828125,0,-0.1134033203125
30.0093,0,0.04779052734375,0,0.08978271484375,0,-0.1221923828125,0,-0.1939697265625
30.0183,0,0.04779052734375,0,-0.97607421875,0,-0.03778076171875,0,-0.1939697265625
30.0295,0,0.10009765625,0,-0.97607421875,0,-0.03778076171875,0,0.156005859375
30.0385,0,0.10009765625,0,0.087158203125,0,0.04241943359375,0,0.156005859375
30.0488,0,-0.08709716796875,0,0.087158203125,0,0.04241943359375,0,-0.03118896484375
30.0594,0,-0.08709716796875,0,-0.206298828125,0,-0.05023193359375,0,-0.03118896484375
30.0745,0,0.051361083984375,0,-0.206298828125,0,-0.05023193359375,0,0.0867919921875
30.0827,0,0.051361083984375,0,-0.206298828125,0,-0.0540771484375,0,0.0867919921875
30.0903,0,0.10443115234375,0,-0.054595947265625,0,-0.0540771484375,0,-0.21484375
30.1009,0,0.10443115234375,0,-0.054595947265625,0,-0.052886962890625,0,-0.21484375
30.1104,0,-0.2042236328125,0,0.2041015625,0,-0.052886962890625,0,0.2369384765625
30.1205,0,-0.2042236328125,0,-0.254638671875,0,-0.0147705078125,0,0.2369384765625
30.1309,0,-0.2042236328125,0,-0.254638671875,0,-0.0147705078125,0,-0.255126953125
30.1451,0,-0.2030029296875,0,-0.254638671875,0,-0.0147705078125,0,-0.255126953125
30.1524,0,0.10772705078125,0,-0.64892578125,0,0.017333984375,0,0.1824951171875
30.1676,0,0.10772705078125,0,-0.64892578125,0,-0.07086181640625,0,0.1824951171875
30.1723,0,0.10772705078125,0,0.51513671875,0,-0.07086181640625,0,0.1898193359375
30.1833,0,0.03466796875,0,0.51513671875,0,-0.07086181640625,0,0.1898193359375
30.1931,0,0.03466796875,0,0.04547119140625,0,-0.047332763671875,0,0.1898193359375
30.2033,0,0.20751953125,0,0.04547119140625,0,-0.088623046875,0,-0.040771484375
30.2127,0,0.137939453125,0,0.489501953125,0,-0.088623046875,0,-0.2352294921875
30.2232,0,0.137939453125,0,0.489501953125,0,-0.0118255615234375,0,-0.2352294921875
30.2415,0,0.061279296875,0,-1.09375,0,-0.0118255615234375,0,0.1346435546875
30.2514,0,0.061279296875,0,-0.04119873046875,0,-0.069580078125,0,-0.1175537109375
30.2610,0,0.062103271484375,0,-0.04119873046875,0,-0.069580078125,0,-0.1175537109375
30.2708,0,0.062103271484375,0,-0.33984375,0,-0.05206298828125,0,-0.07220458984375
30.2823,0,-0.1348876953125,0,-0.33984375,0,-0.05206298828125,0,-0.07220458984375
30.2911,0,-0.1348876953125,0,0.10784912109375,0,0.028076171875,0,0.1785888671875
30.3035,0,0.0849609375,0,0.10784912109375,0,0.028076171875,0,0.1785888671875
30.3091,0,0.0849609375,0,0.361083984375,0,0.06427001953125,0,0.1785888671875
30.3216,0,0.021820068359375,0,0.361083984375,0,0.06427001953125,0,0.1737060546875
30.3307,0,0.021820068359375,0,0.361083984375,0,-0.0562744140625,0,0.1737060546875
30.3448,0,0.071533203125,0,0.125,0,-0.0562744140625,0,-0.1639404296875
30.3512,0,0.071533203125,0,0.125,0,-0.034423828125,0,-0.1639404296875
30.3657,0,-0.155517578125,0,0.1539306640625,0,-0.034423828125,0,0.053131103515625
30.3701,0,-0.155517578125,0,0.1539306640625,0,-0.06390380859375,0,0.053131103515625
30.3812,0,-0.1181640625,0,-0.277099609375,0,-0.06390380859375,0,0.1318359375
30.3926,0,-0.1181640625,0,-0.277099609375,0,-0.05316162109375,0,0.1318359375
30.4043,0,0.026214599609375,0,-0.404052734375,0,-0.05316162109375,0,-0.01100921630859375
30.4114,0,0.026214599609375,0,-0.404052734375,0,-0.03057861328125,0,-0.01100921630859375
30.4242,0,0.0015439987182617188,0,0.233642578125,0,-0.03057861328125,0,0.156494140625
30.4313,0,0.0015439987182617188,0,0.233642578125,0,-0.045318603515625,0,0.156494140625
30.4438,0,-0.0321044921875,0,-0.350341796875,0,-0.045318603515625,0,0.1400146484375
30.4513,0,-0.0321044921875,0,-0.350341796875,0,-0.05712890625,0,0.1400146484375
30.4684,0,0.11383056640625,0,0.205078125,0,-0.05712890625,0,0.04058837890625
30.4722,0,0.11383056640625,0,0.205078125,0,-0.080322265625,0,0.04058837890625
30.4835,0,-0.290771484375,0,0.33935546875,0,-0.080322265625,0,0.04241943359375
30.4906,0,-0.290771484375,0,0.33935546875,0,-0.01129913330078125,0,0.04241943359375
30.5024,0,0.1046142578125,0,0.2073974609375,0,-0.01129913330078125,0,-0.1103515625
30.5102,0,0.1046142578125,0,0.2073974609375,0,-0.0289459228515625,0,-0.1103515625
30.5225,0,0.07122802734375,0,0.043487548828125,0,-0.0289459228515625,0,0.1842041015625
30.5316,0,0.07122802734375,0,0.043487548828125,0,-0.09423828125,0,0.1842041015625
30.5401,0,-0.146484375,0,0.55126953125,0,-0.09423828125,0,-0.27099609375
30.5509,0,-0.146484375,0,0.55126953125,0,-0.029937744140625,0,-0.27099609375
30.5601,0,-0.2257080078125,0,0.2164306640625,0,-0.029937744140625,0,0.1993408203125
30.5724,0,-0.2257080078125,0,0.2164306640625,0,-0.0212860107421875,0,0.1993408203125
30.5797,0,-0.076904296875,0,-0.291748046875,0,-0.0212860107421875,0,-0.110107421875
30.5909,0,-0.076904296875,0,-0.291748046875,0,-0.053009033203125,0,-0.110107421875
30.5999,0,0.12347412109375,0,-0.180419921875,0,-0.053009033203125,0,0.0927734375
30.6106,0,0.12347412109375,0,-0.180419921875,0,-0.11920166015625,0,0.0927734375
30.6212,0,-0.08050537109375,0,0.44482421875,0,-0.11920166015625,0,-0.0301971435546875
30.6305,0,-0.08050537109375,0,0.44482421875,0,-0.07464599609375,0,-0.0301971435546875
30.6388,0,0.1455078125,0,0.371337890625,0,-0.07464599609375,0,-0.0938720703125
30.6516,0,0.1455078125,0,0.371337890625,0,-0.01335906982421875,0,-0.0938720703125
30.6610,0,-0.1988525390625,0,0.31640625,0,-0.01335906982421875,0,-0.178466796875
30.6734,0,-0.1988525390625,0,0.31640625,0,-0.05108642578125,0,-0.178466796875
30.6805,0,-0.1988525390625,0,-0.2020263671875,0,-0.05108642578125,0,0.17578125
30.6927,0,-0.0258026123046875,0,-0.2020263671875,0,-0.06378173828125,0,0.17578125
30.7004,0,-0.0258026123046875,0,0.3388671875,0,-0.06378173828125,0,0.03741455078125
30.7112,0,-0.09686279296875,0,0.3388671875,0,-0.03717041015625,0,0.03741455078125
30.7200,0,-0.09686279296875,0,-0.021820068359375,0,-0.03717041015625,0,-0.10650634765625
30.7311,0,-0.189697265625,0,-0.021820068359375,0,-0.01371002197265625,0,-0.10650634765625
30.7406,0,-0.189697265625,0,0.411865234375,0,-0.01371002197265625,0,0.1529541015625
30.7506,0,-0.08184814453125,0,0.411865234375,0,-0.04571533203125,0,0.1529541015625
30.7591,0,-0.08184814453125,0,0.43017578125,0,-0.04571533203125,0,-0.2412109375
30.7714,0,0.01030731201171875,0,0.43017578125,0,-0.06646728515625,0,-0.2412109375
30.7791,0,0.01030731201171875,0,0.0443115234375,0,-0.06646728515625,0,-0.204833984375
30.7906,0,0.015289306640625,0,0.0443115234375,0,0.07501220703125,0,-0.204833984375
30.8013,0,0.015289306640625,0,0.4111328125,0,0.07501220703125,0,-0.204833984375
30.8125,0,-0.151611328125,0,0.4111328125,0,0.07501220703125,0,0.1307373046875
30.8189,0,-0.151611328125,0,0.2332763671875,0,0.033843994140625,0,0.1307373046875
30.8321,0,0.095703125,0,0.2332763671875,0,0.033843994140625,0,0.268798828125
30.8389,0,0.095703125,0,0.08502197265625,0,-0.057373046875,0,-0.2066650390625
30.8502,0,0.130615234375,0,0.08502197265625,0,-0.0654296875,0,-0.2066650390625
30.8590,0,0.130615234375,0,0.423583984375,0,-0.0654296875,0,-0.0643310546875
30.8701,0,-0.1160888671875,0,0.423583984375,0,-0.0654296875,0,-0.0643310546875
30.8795,0,-0.1160888671875,0,0.34228515625,0,-0.0269927978515625,0,0.107421875
30.8905,0,0.10357666015625,0,0.34228515625,0,-0.0579833984375,0,0.107421875
30.9008,0,0.10357666015625,0,-0.390380859375,0,-0.0579833984375,0,0.175048828125
30.9102,0,-0.1297607421875,0,-0.390380859375,0,-0.0198516845703125,0,0.175048828125
30.9178,0,-0.1297607421875,0,0.0743408203125,0,-0.0198516845703125,0,0.175048828125
30.9287,0,-0.1812744140625,0,0.0743408203125,0,-0.0198516845703125,0,-0.2421875
30.9393,0,-0.1812744140625,0,0.431884765625,0,-0.0179443359375,0,-0.2421875
30.9517,0,-0.031219482421875,0,0.431884765625,0,-0.0179443359375,0,0.06427001953125
30.9585,0,-0.031219482421875,0,0.48583984375,0,0.04241943359375,0,0.1385498046875
30.9721,0,-0.0555419921875,0,0.48583984375,0,0.04241943359375,0,0.1385498046875
30.9780,0,-0.0555419921875,0,0.4248046875,0,-0.0328369140625,0,0.14990234375
30.9933,0,0.08111572265625,0,0.4248046875,0,-0.0328369140625,0,0.14990234375
30.9988,0,-0.218017578125,0,-0.347412109375,0,-0.04266357421875,0,-0.1778564453125
31.0137,0,-0.218017578125,0,-0.347412109375,0,-0.07171630859375,0,-0.1778564453125
31.0215,0,0.0404052734375,0,-0.14013671875,0,-0.07171630859375,0,-0.275634765625
31.0297,0,0.0404052734375,0,-0.14013671875,0,-0.0921630859375,0,-0.275634765625
31.0411,0,0.0404052734375,0,-0.798828125,0,-0.0921630859375,0,-0.2236328125
31.0484,0,-0.07147216796875,0,-0.798828125,0,-0.0921630859375,0,-0.2236328125
31.0609,0,-0.07147216796875,0,-0.798828125,0,-0.031829833984375,0,-0.2236328125
31.0698,0,-0.07147216796875,0,0.369873046875,0,-0.031829833984375,0,-0.1368408203125
31.0883,0,-0.1986083984375,0,-0.15234375,0,-0.07330322265625,0,0.1490478515625
31.0933,0,-0.1986083984375,0,-0.15234375,0,-0.08453369140625,0,0.1490478515625
31.1034,0,-0.1986083984375,0,-0.15234375,0,-0.08453369140625,0,-0.1929931640625
31.1152,0,-0.06329345703125,0,0.3564453125,0,-0.093505859375,0,-0.1929931640625
31.1250,0,-0.06329345703125,0,0.3564453125,0,-0.093505859375,0,0.11614990234375
31.1372,0,0.056640625,0,0.19921875,0,-0.093505859375,0,0.11614990234375
31.1482,0,0.056640625,0,0.19921875,0,-0.0667724609375,0,0.11614990234375
31.1580,0,0.15576171875,0,-0.82666015625,0,-0.0667724609375,0,0.1585693359375
31.1703,0,0.15576171875,0,-0.82666015625,0,-0.037567138671875,0,0.1585693359375
31.1780,0,-0.06878662109375,0,0.33154296875,0,-0.037567138671875,0,-0.204345703125
31.1894,0,-0.06878662109375,0,0.33154296875,0,-0.037872314453125,0,-0.204345703125
31.1978,0,0.0992431640625,0,0.2464599609375,0,-0.037872314453125,0,0.165283203125
31.2096,0,0.0992431640625,0,0.2464599609375,0,-0.05853271484375,0,0.165283203125
31.2195,0,0.0400390625,0,0.336181640625,0,-0.05853271484375,0,-0.0672607421875
31.2273,0,0.0400390625,0,0.336181640625,0,0.038421630859375,0,-0.0672607421875
31.2392,0,-0.038482666015625,0,-0.09588623046875,0,0.038421630859375,0,0.061737060546875
31.2469,0,-0.038482666015625,0,-0.09588623046875,0,-0.0794677734375,0,0.061737060546875
31.2554,0,0.1363525390625,0,-0.57275390625,0,-0.0794677734375,0,0.1458740234375
31.2692,0,0.1363525390625,0,-0.57275390625,0,-0.0712890625,0,0.1458740234375
31.2760,0,0.1363525390625,0,0.1376953125,0,-0.0712890625,0,0.091796875
31.2847,0,-0.019195556640625,0,0.1376953125,0,-0.06854248046875,0,0.091796875
31.2929,0,-0.055816650390625,0,-0.08563232421875,0,-0.06854248046875,0,-0.06842041015625
31.3043,0,-0.055816650390625,0,-0.08563232421875,0,-0.0506591796875,0,-0.06842041015625
31.3127,0,0.03887939453125,0,0.357666015625,0,-0.0506591796875,0,0.092529296875
31.3264,0,0.03887939453125,0,0.357666015625,0,-0.047515869140625,0,0.092529296875
31.3325,0,-0.0258026123046875,0,-0.088134765625,0,-0.047515869140625,0,0.189208984375
31.3461,0,-0.0258026123046875,0,-0.088134765625,0,-0.0792236328125,0,0.189208984375
31.3550,0,-0.0258026123046875,0,-0.088134765625,0,-0.0792236328125,0,-0.218017578125
31.3660,0,0.08099365234375,0,-0.71484375,0,-0.037200927734375,0,-0.218017578125
31.3743,0,0.08099365234375,0,-0.71484375,0,-0.037200927734375,0,-0.169921875
31.3876,0,0.09619140625,0,0.1953125,0,-0.0263824462890625,0,-0.169921875
31.3965,0,0.09619140625,0,0.1953125,0,-0.0263824462890625,0,0.123046875
31.4097,0,-0.2135009765625,0,-0.1265869140625,0,-0.0207366943359375,0,0.123046875
31.4162,0,-0.2135009765625,0,-0.1265869140625,0,-0.0207366943359375,0,0.1702880859375
31.4271,0,-0.1124267578125,0,-0.09112548828125,0,-0.044677734375,0,0.1702880859375
31.4364,0,-0.1124267578125,0,-0.09112548828125,0,-0.044677734375,0,0.04302978515625
31.4470,0,-0.2152099609375,0,-0.80419921875,0,-0.1175537109375,0,0.04302978515625
31.4558,0,-0.2152099609375,0,-0.80419921875,0,-0.1175537109375,0,-0.17822265625
31.4623,0,-0.139404296875,0,-0.463134765625,0,-0.0250396728515625,0,-0.17822265625
31.4768,0,-0.139404296875,0,-0.463134765625,0,-0.0250396728515625,0,0.16552734375
31.4863,0,-0.135498046875,0,-0.5166015625,0,-0.0250396728515625,0,0.16552734375
31.4966,0,-0.135498046875,0,-0.5166015625,0,-0.03887939453125,0,-0.032440185546875
31.5076,0,-0.0682373046875,0,-0.0173187255859375,0,-0.0572509765625,0,-0.032440185546875
31.5174,0,-0.0682373046875,0,-0.0173187255859375,0,-0.0572509765625,0,-0.0137786865234375
31.5232,0,0.1256103515625,0,0.4638671875,0,0.051177978515625,0,-0.0137786865234375
31.5380,0,0.1256103515625,0,0.4638671875,0,0.051177978515625,0,0.12359619140625
31.5444,0,-0.145751953125,0,-0.61279296875,0,-0.02020263671875,0,0.12359619140625
31.5578,0,-0.145751953125,0,-0.61279296875,0,-0.02020263671875,0,-0.14208984375
31.5682,0,-0.04339599609375,0,0.126953125,0,-0.02020263671875,0,-0.14208984375
31.5768,0,-0.04339599609375,0,0.126953125,0,-0.03118896484375,0,0.2315673828125
31.6023,0,-0.150146484375,0,0.07562255859375,0,-0.04534912109375,0,0.07275390625
31.6045,0,-0.07110595703125,0,-0.13818359375,0,-0.04534912109375,0,0.07275390625
31.6159,0,-0.07110595703125,0,-0.13818359375,0,-0.025665283203125,0,-0.1156005859375
31.6261,0,0.1317138671875,0,0.57275390625,0,-0.025665283203125,0,-0.1156005859375
31.6380,0,0.1317138671875,0,0.57275390625,0,-0.0259857177734375,0,0.197021484375
31.6488,0,-0.0482177734375,0,0.429443359375,0,-0.0259857177734375,0,0.197021484375
31.6577,0,-0.0482177734375,0,0.429443359375,0,0.06072998046875,0,-0.08587646484375
31.6716,0,-0.032745361328125,0,-0.437744140625,0,0.06072998046875,0,-0.08587646484375
31.6781,0,-0.032745361328125,0,-0.437744140625,0,-0.0162506103515625,0,-0.2254638671875
31.6893,0,0.1324462890625,0,0.379638671875,0,-0.0162506103515625,0,-0.2254638671875
31.6975,0,0.1324462890625,0,0.379638671875,0,-0.036346435546875,0,0.2071533203125
31.7107,0,-0.12322998046875,0,-0.1983642578125,0,-0.036346435546875,0,0.2071533203125
31.7194,0,-0.12322998046875,0,-0.1983642578125,0,-0.081787109375,0,-0.0362548828125
31.7250,0,0.088134765625,0,0.37744140625,0,-0.081787109375,0,-0.0362548828125
31.7338,0,0.088134765625,0,0.37744140625,0,-0.04901123046875,0,0.04681396484375
31.7478,0,0.05914306640625,0,-1.1171875,0,-0.04901123046875,0,0.04681396484375
31.7568,0,0.05914306640625,0,-1.1171875,0,0.0179901123046875,0,-0.1396484375
31.7625,0,-0.00958251953125,0,0.1392822265625,0,0.0179901123046875,0,-0.1396484375
31.7784,0,-0.00958251953125,0,0.1392822265625,0,-0.035675048828125,0,-0.034698486328125
31.7886,0,-0.130859375,0,-0.91357421875,0,-0.035675048828125,0,-0.034698486328125
31.7934,0,-0.130859375,0,-0.91357421875,0,-0.056671142578125,0,-0.260986328125
31.8077,0,0.0836181640625,0,-0.984375,0,-0.056671142578125,0,-0.260986328125
31.8146,0,0.0836181640625,0,-0.984375,0,-0.049041748046875,0,-0.165283203125
31.8245,0,-0.219482421875,0,-0.984375,0,-0.049041748046875,0,-0.165283203125
31.8354,0,-0.219482421875,0,-0.96728515625,0,-0.055511474609375,0,-0.165283203125
31.8440,0,0.1619873046875,0,-0.96728515625,0,-0.055511474609375,0,-0.28125
31.8562,0,0.1619873046875,0,0.48095703125,0,-0.04339599609375,0,-0.28125
31.8663,0,-0.05328369140625,0,0.48095703125,0,-0.04339599609375,0,0.1483154296875
31.8748,0,-0.05328369140625,0,0.412353515625,0,-0.0491943359375,0,0.1483154296875
31.8808,0,0.059112548828125,0,0.412353515625,0,-0.0491943359375,0,0.2071533203125
31.8943,0,0.059112548828125,0,0.1639404296875,0,0.061187744140625,0,0.2071533203125
31.9056,0,-0.1429443359375,0,0.1639404296875,0,0.061187744140625,0,-0.247314453125
31.9140,0,-0.1429443359375,0,-0.294189453125,0,-0.06951904296875,0,-0.247314453125
31.9252,0,0.09033203125,0,-0.294189453125,0,-0.06951904296875,0,-0.194580078125
31.9338,0,0.09033203125,0,0.36865234375,0,-0.0438232421875,0,-0.194580078125
31.9420,0,0.08990478515625,0,0.36865234375,0,-0.0438232421875,0,0.1558837890625
31.9541,0,0.08990478515625,0,-0.2047119140625,0,-0.0792236328125,0,0.1558837890625
31.9625,0,0.08990478515625,0,-0.2047119140625,0,-0.0792236328125,0,0.0258941650390625
31.9724,0,-0.1153564453125,0,0.45458984375,0,-0.050262451171875,0,0.0258941650390625
31.9857,0,-0.1153564453125,0,0.45458984375,0,-0.050262451171875,0,0.127685546875
31.9929,0,-0.01546478271484375,0,0.0557861328125,0,-0.050262451171875,0,0.127685546875
32.0049,0,-0.01546478271484375,0,0.0557861328125,0,0.03741455078125,0,-0.1715087890625
32.0131,0,0.1268310546875,0,0.379150390625,0,0.03741455078125,0,-0.1715087890625
32.0252,0,0.1268310546875,0,0.379150390625,0,-0.048065185546875,0,-0.138671875
32.0337,0,0.1798095703125,0,0.347900390625,0,-0.07244873046875,0,-0.138671875
32.0456,0,0.1798095703125,0,0.347900390625,0,-0.07244873046875,0,0.0595703125
32.0535,0,0.11279296875,0,-0.0209808349609375,0,-0.07244873046875,0,0.0595703125
32.0653,0,0.11279296875,0,-0.0209808349609375,0,-0.039031982421875,0,0.18505859375
32.0746,0,-0.1434326171875,0,-0.78564453125,0,-0.039031982421875,0,0.18505859375
32.0876,0,-0.1434326171875,0,-0.78564453125,0,-0.07281494140625,0,-0.01959228515625
32.1006,0,-0.0797119140625,0,0.158935546875,0,0.0426025390625,0,0.103271484375
32.1099,0,-0.1527099609375,0,0.158935546875,0,0.0426025390625,0,0.103271484375
32.1189,0,-0.1527099609375,0,0.35693359375,0,0.0426025390625,0,0.103271484375
32.1280,0,0.0435791015625,0,0.35693359375,0,0.05206298828125,0,-0.11236572265625
32.1373,0,0.0435791015625,0,0.0906982421875,0,0.05206298828125,0,-0.11236572265625
32.1510,0,0.0435791015625,0,0.0906982421875,0,-0.055816650390625,0,0.0266876220703125
32.1587,0,-0.1630859375,0,0.277099609375,0,-0.0137176513671875,0,0.0266876220703125
32.1715,0,-0.1630859375,0,0.277099609375,0,-0.0137176513671875,0,-0.216552734375
32.1809,0,0.046722412109375,0,-0.370361328125,0,-0.0137176513671875,0,-0.216552734375
32.1905,0,0.046722412109375,0,-0.370361328125,0,-0.042327880859375,0,-0.11285400390625
32.1968,0,0.1441650390625,0,0.387451171875,0,-0.049774169921875,0,-0.11285400390625
32.2098,0,0.1441650390625,0,0.387451171875,0,-0.049774169921875,0,-0.08685302734375
32.2202,0,0.0311126708984375,0,0.38330078125,0,-0.06768798828125,0,-0.08685302734375
32.2316,0,0.0311126708984375,0,0.38330078125,0,-0.06768798828125,0,0.068115234375
32.2390,0,-0.0760498046875,0,-0.783203125,0,-0.06768798828125,0,0.068115234375
32.2515,0,-0.0760498046875,0,-0.783203125,0,-0.07501220703125,0,0.2127685546875
32.2589,0,0.1370849609375,0,-0.783203125,0,-0.07501220703125,0,0.2127685546875
32.2706,0,0.1370849609375,0,-0.056243896484375,0,-0.057464599609375,0,0.06488037109375
32.2790,0,0.031280517578125,0,0.40283203125,0,-0.09722900390625,0,0.06488037109375
32.2895,0,0.031280517578125,0,0.40283203125,0,-0.09722900390625,0,0.11334228515625
32.2987,0,0.1104736328125,0,0.3525390625,0,-0.09722900390625,0,0.11334228515625
32.3100,0,0.1104736328125,0,0.3525390625,0,-0.033050537109375,0,0.242919921875
32.3187,0,-0.173095703125,0,0.53271484375,0,-0.033050537109375,0,0.242919921875
32.3306,0,-0.173095703125,0,0.53271484375,0,-0.034149169921875,0,-0.047393798828125
32.3386,0,-0.1485595703125,0,0.53271484375,0,-0.034149169921875,0,-0.047393798828125
32.3481,0,-0.1485595703125,0,0.32275390625,0,-0.049652099609375,0,0.14453125
32.3594,0,-0.098388671875,0,0.32275390625,0,-0.049652099609375,0,0.14453125
32.3713,0,-0.098388671875,0,0.54931640625,0,-0.019927978515625,0,-0.1502685546875
32.3773,0,0.1380615234375,0,-0.0997314453125,0,-0.019927978515625,0,-0.1502685546875
32.3920,0,0.1380615234375,0,-0.0997314453125,0,-0.038360595703125,0,-0.180908203125
32.4015,0,0.0968017578125,0,0.275146484375,0,-0.038360595703125,0,-0.180908203125
32.4145,0,0.12274169921875,0,0.275146484375,0,0.045135498046875,0,-0.166015625
32.4248,0,0.12274169921875,0,0.367431640625,0,-0.0303955078125,0,0.12841796875
32.4343,0,-0.057647705078125,0,0.367431640625,0,-0.0303955078125,0,0.12841796875
32.4451,0,-0.057647705078125,0,0.1102294921875,0,-0.04022216796875,0,0.12841796875
32.4536,0,-0.05657958984375,0,0.1102294921875,0,-0.04022216796875,0,0.146728515625
32.4661,0,-0.05657958984375,0,-0.88134765625,0,-0.041046142578125,0,0.146728515625
32.4758,0,-0.006389617919921875,0,-0.88134765625,0,-0.041046142578125,0,0.2347412109375
32.4862,0,-0.006389617919921875,0,-0.72900390625,0,-0.07147216796875,0,0.2347412109375
32.4941,0,0.09259033203125,0,-0.72900390625,0,-0.07147216796875,0,0.1868896484375
32.5054,0,0.09259033203125,0,0.26953125,0,-0.01453399658203125,0,0.1868896484375
32.5156,0,-0.04693603515625,0,0.26953125,0,-0.01453399658203125,0,0.034942626953125
32.5250,0,-0.04693603515625,0,0.423828125,0,0.014923095703125,0,0.034942626953125
32.5359,0,0.14453125,0,0.423828125,0,0.014923095703125,0,0.277099609375
32.5447,0,0.14453125,0,-0.31298828125,0,-0.0117034912109375,0,0.277099609375
32.5545,0,0.14453125,0,-0.31298828125,0,-0.0117034912109375,0,-0.1522216796875
32.5633,0,-0.155517578125,0,0.489013671875,0,-0.064453125,0,-0.1522216796875
32.5724,0,-0.155517578125,0,0.489013671875,0,-0.064453125,0,0.2083740234375
32.5857,0,-0.15625,0,0.2509765625,0,-0.012359619140625,0,0.2083740234375
32.5918,0,-0.15625,0,0.2509765625,0,-0.012359619140625,0,-0.196533203125
32.6028,0,0.14013671875,0,0.298828125,0,-0.012359619140625,0,-0.196533203125
32.6118,0,0.14013671875,0,0.298828125,0,-0.06292724609375,0,0.212646484375
32.6227,0,0.06549072265625,0,-0.60791015625,0,-0.06292724609375,0,0.212646484375
32.6312,0,0.06549072265625,0,-0.60791015625,0,0.0245361328125,0,0.1737060546875
32.6444,0,0.1663818359375,0,0.388427734375,0,0.0245361328125,0,0.1737060546875
32.6513,0,0.1663818359375,0,0.388427734375,0,-0.035064697265625,0,0.11767578125
32.6632,0,-0.056854248046875,0,0.25927734375,0,-0.035064697265625,0,0.11767578125
32.6735,0,-0.056854248046875,0,0.25927734375,0,0.0277862548828125,0,0.11700439453125
32.6853,0,0.0173492431640625,0,-0.2216796875,0,0.0277862548828125,0,0.11700439453125
32.6934,0,0.0173492431640625,0,-0.2216796875,0,-0.068359375,0,0.26416015625
32.7062,0,0.05694580078125,0,-0.382080078125,0,-0.068359375,0,0.26416015625
32.7130,0,0.05694580078125,0,-0.382080078125,0,-0.047821044921875,0,-0.1427001953125
32.7255,0,0.158935546875,0,-0.86669921875,0,-0.047821044921875,0,-0.1427001953125
32.7342,0,0.158935546875,0,-0.86669921875,0,0.07879638671875,0,-0.1427001953125
32.7453,0,-0.06353759765625,0,0.0714111328125,0,0.07879638671875,0,-0.2108154296875
32.7575,0,-0.06353759765625,0,0.0714111328125,0,-0.07965087890625,0,-0.2108154296875
32.7662,0,0.054168701171875,0,0.0714111328125,0,-0.07965087890625,0,-0.2318115234375
32.7757,0,0.054168701171875,0,0.392578125,0,-0.042572021484375,0,-0.2066650390625
32.7886,0,0.1275634765625,0,-0.281982421875,0,-0.042572021484375,0,-0.2066650390625
32.7959,0,0.1275634765625,0,-0.281982421875,0,-0.061737060546875,0,-0.2066650390625
32.8067,0,-0.157958984375,0,-0.08782958984375,0,-0.061737060546875,0,-0.1534423828125
32.8154,0,-0.157958984375,0,-0.08782958984375,0,-0.0275726318359375,0,-0.1534423828125
32.8267,0,-0.1787109375,0,-0.08782958984375,0,-0.0275726318359375,0,0.1876220703125
32.8351,0,-0.1787109375,0,0.5419921875,0,-0.0540771484375,0,0.1876220703125
32.8465,0,0.05731201171875,0,0.5419921875,0,-0.0540771484375,0,-0.1578369140625
32.8549,0,0.05731201171875,0,-0.06231689453125,0,-0.045440673828125,0,-0.1578369140625
32.8675,0,-0.040374755859375,0,-0.06231689453125,0,-0.045440673828125,0,-0.038421630859375
32.8760,0,-0.040374755859375,0,0.55419921875,0,-0.05718994140625,0,-0.038421630859375
32.8859,0,-0.05230712890625,0,0.330810546875,0,-0.05718994140625,0,0.2142333984375
32.8963,0,-0.05230712890625,0,0.330810546875,0,0.047576904296875,0,0.2142333984375
32.9086,0,0.0875244140625,0,0.330810546875,0,0.047576904296875,0,-0.2337646484375
32.9170,0,0.0875244140625,0,0.39794921875,0,-0.0689697265625,0,-0.2337646484375
32.9276,0,0.03350830078125,0,0.39794921875,0,-0.0689697265625,0,-0.1744384765625
32.9381,0,0.03350830078125,0,0.50048828125,0,-0.0474853515625,0,-0.1744384765625
32.9479,0,0.10736083984375,0,0.50048828125,0,-0.0474853515625,0,0.1553955078125
32.9572,0,0.10736083984375,0,0.1497802734375,0,0.08392333984375,0,0.1553955078125
32.9676,0,0.10736083984375,0,0.1497802734375,0,0.08392333984375,0,0.1868896484375
32.9771,0,-0.152587890625,0,-1.0205078125,0,-0.10546875,0,0.1868896484375
32.9882,0,0.134521484375,0,-1.0205078125,0,-0.10546875,0,0.14208984375
32.9955,0,0.134521484375,0,0.1280517578125,0,0.0007448196411132812,0,0.14208984375
33.0028,0,-0.06732177734375,0,0.1280517578125,0,0.0007448196411132812,0,0.19384765625
33.0153,0,-0.06732177734375,0,-0.1982421875,0,-0.01971435546875,0,0.19384765625
33.0271,0,0.157470703125,0,-0.1982421875,0,-0.01971435546875,0,-0.13525390625
33.0333,0,0.157470703125,0,0.486572265625,0,-0.07501220703125,0,-0.13525390625
33.0463,0,0.157470703125,0,0.486572265625,0,-0.07501220703125,0,0.117431640625
33.0555,0,0.0277252197265625,0,0.4267578125,0,-0.07501220703125,0,0.117431640625
33.0659,0,0.0277252197265625,0,0.4267578125,0,-0.037841796875,0,0.057525634765625
33.0752,0,0.0092010498046875,0,0.363037109375,0,-0.037841796875,0,0.057525634765625
33.0870,0,0.0092010498046875,0,0.363037109375,0,-0.039093017578125,0,0.15673828125
33.0950,0,-0.038848876953125,0,0.07757568359375,0,-0.039093017578125,0,0.15673828125
33.1074,0,-0.038848876953125,0,0.07757568359375,0,-0.0253143310546875,0,0.08636474609375
33.1162,0,-0.03515625,0,-0.51220703125,0,0.054779052734375,0,0.08636474609375
33.1273,0,-0.03515625,0,-0.51220703125,0,0.054779052734375,0,0.178955078125
33.1380,0,0.09185791015625,0,0.296875,0,0.054779052734375,0,0.178955078125
33.1491,0,0.09185791015625,0,0.296875,0,-0.043853759765625,0,0.1820068359375
33.1583,0,-0.09393310546875,0,-0.6845703125,0,-0.043853759765625,0,0.1820068359375
33.1705,0,-0.09393310546875,0,-0.6845703125,0,-0.0185089111328125,0,-0.26416015625
33.1787,0,0.056732177734375,0,-0.10760498046875,0,-0.0185089111328125,0,-0.26416015625
33.1907,0,0.056732177734375,0,-0.10760498046875,0,0.02197265625,0,0.123046875
33.1983,0,-0.01348114013671875,0,0.18310546875,0,0.02197265625,0,0.123046875
33.2102,0,-0.01348114013671875,0,0.18310546875,0,-0.03173828125,0,-0.1968994140625
33.2183,0,-0.0195770263671875,0,0.18310546875,0,-0.03173828125,0,-0.1968994140625
33.2390,0,0.09954833984375,0,0.2998046875,0,-0.03759765625,0,0.1842041015625
33.2557,0,-0.173095703125,0,0.0908203125,0,-0.07135009765625,0,-0.214599609375
33.2660,0,-0.173095703125,0,-0.06134033203125,0,-0.07806396484375,0,0.17626953125
33.2742,0,-0.038482666015625,0,0.331298828125,0,-0.07806396484375,0,0.17626953125
33.2866,0,-0.038482666015625,0,0.331298828125,0,0.01534271240234375,0,-0.27392578125
33.2955,0,-0.105712890625,0,-0.1556396484375,0,0.01534271240234375,0,-0.27392578125
33.3070,0,-0.105712890625,0,-0.1556396484375,0,0.0335693359375,0,-0.27392578125
33.3156,0,0.043304443359375,0,-0.1556396484375,0,0.0335693359375,0,-0.032135009765625
33.3258,0,0.043304443359375,0,-0.86962890625,0,-0.030517578125,0,-0.032135009765625
33.3341,0,-0.022735595703125,0,-0.86962890625,0,-0.030517578125,0,-0.08416748046875
33.3453,0,-0.022735595703125,0,0.1219482421875,0,0.02496337890625,0,-0.08416748046875
33.3560,0,0.1304931640625,0,0.1219482421875,0,0.02496337890625,0,0.209228515625
33.3662,0,0.1304931640625,0,-0.90380859375,0,0.10308837890625,0,0.209228515625
33.3736,0,0.0936279296875,0,-0.90380859375,0,0.10308837890625,0,0.0229949951171875
33.3917,0,0.0936279296875,0,-0.74267578125,0,-0.04571533203125,0,0.1497802734375
33.3960,0,0.1065673828125,0,-0.74267578125,0,-0.04571533203125,0,0.1497802734375
33.4084,0,0.1065673828125,0,-0.56640625,0,-0.08880615234375,0,0.1497802734375
33.4166,0,0.04058837890625,0,-0.56640625,0,-0.08880615234375,0,0.13916015625
33.4259,0,0.04058837890625,0,0.22802734375,0,-0.061859130859375,0,0.13916015625
33.4363,0,0.04058837890625,0,0.22802734375,0,-0.061859130859375,0,-0.2022705078125
33.4467,0,-0.06146240234375,0,-0.71142578125,0,-0.0780029296875,0,-0.2022705078125
33.4537,0,0.049224853515625,0,-0.71142578125,0,-0.0780029296875,0,-0.292724609375
33.4671,0,0.049224853515625,0,0.2398681640625,0,-0.0244598388671875,0,-0.292724609375
33.4756,0,0.049224853515625,0,0.2398681640625,0,-0.0244598388671875,0,0.1329345703125
33.4834,0,-0.05047607421875,0,0.27392578125,0,-0.029937744140625,0,0.1329345703125
33.4957,0,-0.05047607421875,0,0.27392578125,0,-0.029937744140625,0,0.230224609375
33.5083,0,-0.2166748046875,0,0.2498779296875,0,-0.029937744140625,0,0.230224609375
33.5158,0,-0.2166748046875,0,0.2498779296875,0,-0.03863525390625,0,0.143798828125
33.5262,0,-0.11138916015625,0,-0.0753173828125,0,-0.03863525390625,0,0.143798828125
33.5354,0,-0.11138916015625,0,-0.0753173828125,0,-0.03985595703125,0,0.146240234375
33.5418,0,0.12066650390625,0,0.312744140625,0,-0.0728759765625,0,0.146240234375
33.5554,0,0.12066650390625,0,0.312744140625,0,-0.0728759765625,0,0.122314453125
33.5661,0,0.1463623046875,0,0.16845703125,0,-0.0728759765625,0,0.122314453125
33.5752,0,0.1463623046875,0,0.16845703125,0,-0.033935546875,0,0.0367431640625
33.5856,0,-0.0254669189453125,0,0.06817626953125,0,-0.033935546875,0,0.0367431640625
33.5947,0,-0.0254669189453125,0,0.06817626953125,0,-0.04461669921875,0,-0.2493896484375
33.6058,0,0.07891845703125,0,-0.057159423828125,0,-0.04461669921875,0,-0.2493896484375
33.6136,0,0.07891845703125,0,-0.057159423828125,0,-0.059173583984375,0,-0.11663818359375
33.6267,0,-0.0487060546875,0,0.244384765625,0,-0.059173583984375,0,-0.11663818359375
33.6334,0,-0.0487060546875,0,0.244384765625,0,-0.03985595703125,0,0.1927490234375
33.6456,0,0.1356201171875,0,-0.74560546875,0,-0.03985595703125,0,0.1927490234375
33.6535,0,0.1356201171875,0,-0.74560546875,0,-0.07623291015625,0,-0.16552734375
33.6625,0,-0.27197265625,0,-0.57275390625,0,-0.07623291015625,0,-0.16552734375
33.6734,0,-0.27197265625,0,-0.57275390625,0,-0.06341552734375,0,0.13916015625
33.6865,0,0.04559326171875,0,-0.57275390625,0,-0.06341552734375,0,0.13916015625
33.6953,0,0.04559326171875,0,-1.0498046875,0,-0.06298828125,0,-0.230224609375
33.7062,0,-0.004863739013671875,0,0.093017578125,0,-0.06298828125,0,-0.230224609375
33.7150,0,-0.004863739013671875,0,0.093017578125,0,-0.1300048828125,0,0.040130615234375
33.7276,0,-0.01507568359375,0,0.232177734375,0,-0.1300048828125,0,0.040130615234375
33.7365,0,-0.01507568359375,0,0.232177734375,0,-0.0704345703125,0,-0.057464599609375
33.7470,0,-0.08447265625,0,0.232177734375,0,-0.0704345703125,0,-0.057464599609375
33.7565,0,-0.08447265625,0,-0.1265869140625,0,-0.037322998046875,0,0.1502685546875
33.7677,0,0.155517578125,0,-0.1265869140625,0,-0.037322998046875,0,0.1502685546875
33.7752,0,0.155517578125,0,0.3251953125,0,-0.0097503662109375,0,-0.2481689453125
33.7871,0,0.1519775390625,0,0.3251953125,0,-0.0097503662109375,0,-0.2481689453125
33.7947,0,0.1519775390625,0,0.1851806640625,0,0.07427978515625,0,-0.07379150390625
33.8100,0,-0.117431640625,0,0.1851806640625,0,0.07427978515625,0,-0.07379150390625
33.8117,0,-0.117431640625,0,-0.06976318359375,0,-0.048004150390625,0,0.0975341796875
33.8293,0,-0.08392333984375,0,-0.06976318359375,0,-0.048004150390625,0,0.0975341796875
33.8360,0,-0.08392333984375,0,0.11212158203125,0,-0.140380859375,0,0.0975341796875
33.8464,0,0.1119384765625,0,0.11212158203125,0,-0.140380859375,0,-0.205810546875
33.8536,0,0.1119384765625,0,-0.68115234375,0,-0.038299560546875,0,0.16552734375
33.8669,0,0.056915283203125,0,-0.68115234375,0,-0.038299560546875,0,0.16552734375
33.8770,0,0.056915283203125,0,-0.44873046875,0,-0.0955810546875,0,0.16552734375
33.8873,0,0.05889892578125,0,-0.44873046875,0,-0.0955810546875,0,0.1556396484375
33.8947,0,0.05889892578125,0,0.1939697265625,0,-0.06671142578125,0,0.1556396484375
33.9024,0,0.050262451171875,0,0.1939697265625,0,-0.06671142578125,0,0.18017578125
33.9141,0,0.050262451171875,0,0.06536865234375,0,-0.097900390625,0,0.18017578125
33.9265,0,0.050262451171875,0,0.06536865234375,0,-0.097900390625,0,-0.10015869140625
33.9348,0,0.03082275390625,0,0.05975341796875,0,0.04296875,0,-0.10015869140625
33.9471,0,-0.1884765625,0,0.05975341796875,0,0.04296875,0,0.14111328125
33.9557,0,-0.1884765625,0,-0.2498779296875,0,0.03875732421875,0,0.14111328125
33.9646,0,-0.1160888671875,0,-0.2498779296875,0,0.03875732421875,0,0.1871337890625
33.9758,0,-0.1160888671875,0,-0.07110595703125,0,-0.07794189453125,0,0.1871337890625
33.9856,0,-0.1160888671875,0,-0.07110595703125,0,-0.07794189453125,0,0.1378173828125
33.9933,0,0.071044921875,0,-0.15869140625,0,0.073486328125,0,0.1378173828125
34.0061,0,0.06439208984375,0,-0.15869140625,0,0.073486328125,0,0.19677734375
34.0146,0,0.06439208984375,0,-0.658203125,0,0.073486328125,0,0.19677734375
34.0221,0,0.076171875,0,-0.658203125,0,-0.04638671875,0,-0.2271728515625
34.0345,0,0.076171875,0,0.037689208984375,0,-0.04638671875,0,-0.2271728515625
34.0463,0,0.13427734375,0,0.037689208984375,0,-0.018035888671875,0,-0.1451416015625
34.0542,0,0.13427734375,0,0.34765625,0,-0.018035888671875,0,-0.1451416015625
34.0652,0,0.13427734375,0,0.34765625,0,-0.12030029296875,0,0.1944580078125
34.0752,0,-0.1864013671875,0,0.424560546875,0,-0.026458740234375,0,0.1944580078125
34.0878,0,0.1055908203125,0,0.424560546875,0,-0.026458740234375,0,-0.10614013671875
34.0941,0,0.1055908203125,0,0.0936279296875,0,-0.026458740234375,0,-0.10614013671875
34.1065,0,0.030181884765625,0,0.0936279296875,0,-0.09039306640625,0,-0.2281494140625
34.1116,0,0.030181884765625,0,0.347412109375,0,-0.09039306640625,0,-0.2281494140625
34.1289,0,0.10400390625,0,0.347412109375,0,-0.043548583984375,0,-0.2462158203125
34.1342,0,0.10400390625,0,-0.2066650390625,0,-0.043548583984375,0,-0.2462158203125
34.1464,0,0.10400390625,0,-0.2066650390625,0,-0.045501708984375,0,-0.091796875
34.1557,0,-0.1875,0,-0.2066650390625,0,-0.045501708984375,0,-0.091796875
34.1673,0,-0.0963134765625,0,-0.11297607421875,0,-0.1297607421875,0,-0.07672119140625
34.1741,0,-0.0963134765625,0,0.45751953125,0,-0.1297607421875,0,-0.07672119140625
34.1878,0,-0.0963134765625,0,0.45751953125,0,-0.05352783203125,0,-0.2705078125
34.1969,0,0.12200927734375,0,0.45751953125,0,-0.05352783203125,0,-0.2705078125
34.2083,0,0.12200927734375,0,-0.284423828125,0,-0.0836181640625,0,-0.053955078125
34.2172,0,0.054168701171875,0,-0.284423828125,0,-0.0836181640625,0,-0.053955078125
34.2285,0,0.054168701171875,0,0.0853271484375,0,0.0340576171875,0,-0.1875
34.2369,0,-0.06494140625,0,-0.10223388671875,0,0.0340576171875,0,-0.1875
34.2485,0,-0.06494140625,0,-0.10223388671875,0,-0.052459716796875,0,0.2454833984375
34.2577,0,0.0302581787109375,0,-0.201416015625,0,-0.052459716796875,0,0.2454833984375
34.2681,0,0.0302581787109375,0,-0.201416015625,0,0.047607421875,0,0.2454833984375
34.2776,0,0.07647705078125,0,-0.201416015625,0,0.047607421875,0,0.161376953125
34.2875,0,0.07647705078125,0,0.312255859375,0,-0.06842041015625,0,0.161376953125
34.2943,0,-0.151611328125,0,-0.73876953125,0,-0.06842041015625,0,0.180908203125
34.3080,0,-0.151611328125,0,-0.73876953125,0,-0.0362548828125,0,0.180908203125
34.3160,0,0.1505126953125,0,-0.5908203125,0,-0.0362548828125,0,0.06488037109375
34.3265,0,0.1505126953125,0,-0.5908203125,0,-0.0799560546875,0,0.2183837890625
34.3368,0,-0.0440673828125,0,-0.5908203125,0,-0.0799560546875,0,0.2183837890625
34.3478,0,-0.0440673828125,0,0.54052734375,0,-0.055267333984375,0,-0.006534576416015625
34.3577,0,-0.272216796875,0,0.54052734375,0,-0.055267333984375,0,-0.006534576416015625
34.3676,0,-0.272216796875,0,-0.00904083251953125,0,-0.11639404296875,0,-0.006534576416015625
34.3771,0,-0.08258056640625,0,-0.00904083251953125,0,-0.11639404296875,0,0.2174072265625
34.3882,0,-0.08258056640625,0,0.1396484375,0,-0.01171112060546875,0,0.2174072265625
34.3990,0,-0.0565185546875,0,0.1396484375,0,-0.01171112060546875,0,0.00785064697265625
34.4117,0,-0.0565185546875,0,0.53173828125,0,-0.04840087890625,0,0.00785064697265625
34.4185,0,0.1566162109375,0,0.53173828125,0,-0.04840087890625,0,0.27197265625
34.4315,0,0.1566162109375,0,-0.110107421875,0,-0.0474853515625,0,0.27197265625
34.4382,0,-0.1873779296875,0,-0.110107421875,0,-0.0474853515625,0,-0.2646484375
34.4446,0,-0.1873779296875,0,0.3623046875,0,-0.062225341796875,0,-0.2646484375
34.4605,0,-0.2447509765625,0,0.3623046875,0,-0.062225341796875,0,0.138671875
34.4694,0,-0.2447509765625,0,0.451416015625,0,-0.04034423828125,0,0.138671875
34.4781,0,-0.1065673828125,0,0.451416015625,0,-0.04034423828125,0,-0.18701171875
34.4890,0,-0.1065673828125,0,-0.0902099609375,0,-0.04034423828125,0,-0.18701171875
34.4966,0,0.1251220703125,0,-0.0902099609375,0,0.07666015625,0,-0.2008056640625
34.5091,0,0.1251220703125,0,0.1337890625,0,0.07666015625,0,-0.2008056640625
34.5162,0,-0.038848876953125,0,0.1337890625,0,-0.026885986328125,0,-0.1160888671875
34.5289,0,-0.038848876953125,0,0.359375,0,-0.051177978515625,0,-0.1160888671875
34.5347,0,0.0750732421875,0,0.359375,0,-0.051177978515625,0,0.214599609375
34.5478,0,0.0750732421875,0,0.409912109375,0,-0.051177978515625,0,0.214599609375
34.5572,0,-0.1259765625,0,0.409912109375,0,0.011322021484375,0,0.25732421875
34.5687,0,-0.1259765625,0,-0.2247314453125,0,0.011322021484375,0,0.25732421875
34.5778,0,0.032196044921875,0,-0.2247314453125,0,-0.01282501220703125,0,-0.289794921875
34.5905,0,0.032196044921875,0,0.2396240234375,0,-0.01282501220703125,0,-0.289794921875
34.5962,0,0.07861328125,0,0.2396240234375,0,-0.0679931640625,0,-0.1971435546875
34.6088,0,0.07861328125,0,0.032623291015625,0,-0.0679931640625,0,-0.1971435546875
34.6187,0,0.0653076171875,0,0.032623291015625,0,-0.05987548828125,0,0.20263671875
34.6244,0,0.0653076171875,0,0.023529052734375,0,-0.05987548828125,0,0.20263671875
34.6378,0,0.01580810546875,0,0.023529052734375,0,-0.044097900390625,0,-0.09130859375
34.6494,0,0.01580810546875,0,0.357177734375,0,-0.044097900390625,0,-0.09130859375
34.6558,0,-0.262451171875,0,0.357177734375,0,-0.044952392578125,0,-0.1597900390625
34.6716,0,-0.262451171875,0,-0.9248046875,0,-0.054534912109375,0,-0.1597900390625
34.6775,0,-0.22998046875,0,-0.9248046875,0,-0.054534912109375,0,-0.1837158203125
34.6897,0,-0.22998046875,0,0.1939697265625,0,-0.054534912109375,0,-0.1837158203125
34.6982,0,-0.22998046875,0,0.1939697265625,0,0.0501708984375,0,-0.2274169921875
34.7092,0,0.1395263671875,0,0.1939697265625,0,0.0501708984375,0,-0.2274169921875
34.7179,0,0.1395263671875,0,-0.72021484375,0,-0.104248046875,0,0.03839111328125
34.7292,0,-0.1558837890625,0,-0.72021484375,0,-0.104248046875,0,0.03839111328125
34.7393,0,-0.1558837890625,0,0.08245849609375,0,-0.05712890625,0,0.0836181640625
34.7462,0,0.1871337890625,0,-0.2978515625,0,-0.05712890625,0,0.0836181640625
34.7576,0,0.1871337890625,0,-0.2978515625,0,-0.07598876953125,0,-0.017913818359375
34.7695,0,0.08843994140625,0,-0.2978515625,0,-0.07598876953125,0,-0.017913818359375
34.7792,0,0.08843994140625,0,0.292724609375,0,0.041595458984375,0,0.1815185546875
34.7907,0,-0.12445068359375,0,0.292724609375,0,0.041595458984375,0,0.1815185546875
34.7992,0,-0.12445068359375,0,0.311279296875,0,0.03253173828125,0,0.1815185546875
34.8104,0,-0.04840087890625,0,0.311279296875,0,0.03253173828125,0,-0.248046875
34.8189,0,-0.04840087890625,0,-1.0625,0,-0.070556640625,0,-0.248046875
34.8363,0,-0.044708251953125,0,0.58544921875,0,-0.04296875,0,-0.1783447265625
34.8451,0,-0.051361083984375,0,0.58544921875,0,-0.04296875,0,-0.1783447265625
34.8533,0,-0.051361083984375,0,0.1593017578125,0,-0.061492919921875,0,-0.1783447265625
34.8645,0,-0.08013916015625,0,0.1593017578125,0,-0.061492919921875,0,-0.0875244140625
34.8735,0,-0.08013916015625,0,0.5791015625,0,-0.044525146484375,0,-0.0875244140625
34.8841,0,-0.077392578125,0,0.5791015625,0,-0.044525146484375,0,-0.2379150390625
34.8946,0,-0.077392578125,0,0.436767578125,0,-0.046783447265625,0,-0.2379150390625
34.9062,0,0.0833740234375,0,0.436767578125,0,-0.046783447265625,0,0.1456298828125
34.9141,0,0.0833740234375,0,-0.76123046875,0,-0.035491943359375,0,-0.1630859375
34.9258,0,0.135986328125,0,-0.76123046875,0,-0.035491943359375,0,-0.1630859375
34.9339,0,0.135986328125,0,0.437744140625,0,-0.060394287109375,0,-0.1630859375
34.9456,0,-0.05584716796875,0,0.437744140625,0,-0.060394287109375,0,-0.1005859375
34.9513,0,-0.05584716796875,0,-0.08282470703125,0,-0.03887939453125,0,-0.1005859375
34.9646,0,0.0712890625,0,-0.08282470703125,0,-0.03887939453125,0,-0.2919921875
34.9744,0,0.0712890625,0,0.3310546875,0,-0.03887939453125,0,-0.2919921875
34.9819,0,0.05950927734375,0,0.3310546875,0,-0.036712646484375,0,0.194091796875
34.9940,0,0.05950927734375,0,0.1551513671875,0,-0.06634521484375,0,0.194091796875
35.0051,0,0.048828125,0,0.1551513671875,0,-0.06634521484375,0,-0.03375244140625
35.0113,0,0.048828125,0,0.0994873046875,0,-0.045745849609375,0,-0.03375244140625
35.0246,0,0.048828125,0,0.0994873046875,0,-0.045745849609375,0,-0.1878662109375
35.0331,0,-0.1318359375,0,-0.044677734375,0,-0.07861328125,0,-0.1878662109375
35.0441,0,-0.1318359375,0,-0.044677734375,0,-0.07861328125,0,0.030242919921875
35.0526,0,-0.219482421875,0,0.346923828125,0,-0.07861328125,0,0.030242919921875
35.0670,0,-0.1915283203125,0,0.346923828125,0,0.07830810546875,0,-0.06365966796875
35.0738,0,-0.1915283203125,0,0.337890625,0,0.07830810546875,0,-0.06365966796875
35.0843,0,-0.1915283203125,0,0.337890625,0,-0.033447265625,0,0.1461181640625
35.0935,0,-0.1114501953125,0,-0.046417236328125,0,-0.0362548828125,0,0.1461181640625
35.1083,0,-0.1114501953125,0,-0.046417236328125,0,-0.0362548828125,0,0.1734619140625
35.1128,0,-0.0291748046875,0,0.5244140625,0,-0.0362548828125,0,0.1734619140625
35.1239,0,-0.0291748046875,0,0.5244140625,0,-0.0226287841796875,0,-0.16748046875
35.1336,0,0.01666259765625,0,-0.0384521484375,0,0.06402587890625,0,0.029754638671875
35.1463,0,0.1148681640625,0,-0.0384521484375,0,0.06402587890625,0,0.029754638671875
35.1558,0,0.1148681640625,0,0.3642578125,0,0.06402587890625,0,0.029754638671875
35.1659,0,0.1148681640625,0,0.3642578125,0,0.12359619140625,0,-0.14013671875
35.1746,0,0.008697509765625,0,0.051025390625,0,0.12359619140625,0,-0.14013671875
35.1856,0,0.008697509765625,0,0.051025390625,0,-0.034454345703125,0,-0.1285400390625
35.1929,0,0.041839599609375,0,0.07464599609375,0,-0.034454345703125,0,-0.1285400390625
35.2073,0,0.041839599609375,0,0.07464599609375,0,-0.056915283203125,0,-0.1529541015625
35.2168,0,-0.059539794921875,0,0.4970703125,0,-0.056915283203125,0,-0.1529541015625
35.2270,0,-0.059539794921875,0,0.4970703125,0,-0.05670166015625,0,-0.12213134765625
35.2366,0,0.1331787109375,0,0.4970703125,0,-0.05670166015625,0,-0.12213134765625
35.2473,0,0.1331787109375,0,0.44873046875,0,-0.025299072265625,0,0.04681396484375
35.2558,0,0.13818359375,0,0.44873046875,0,-0.025299072265625,0,0.04681396484375
35.2668,0,0.13818359375,0,-0.82666015625,0,-0.0504150390625,0,0.1690673828125
35.2756,0,-0.124755859375,0,-0.82666015625,0,-0.0504150390625,0,0.1690673828125
35.2864,0,-0.124755859375,0,0.11370849609375,0,-0.10211181640625,0,-0.041107177734375
35.2949,0,-0.04229736328125,0,0.11370849609375,0,-0.10211181640625,0,-0.041107177734375
35.3062,0,-0.04229736328125,0,0.51708984375,0,-0.045745849609375,0,-0.09625244140625
35.3146,0,0.140625,0,0.51708984375,0,-0.045745849609375,0,-0.09625244140625
35.3219,0,0.140625,0,-0.181884765625,0,0.037109375,0,0.2266845703125
35.3341,0,0.083251953125,0,-0.181884765625,0,0.037109375,0,0.2266845703125
35.3423,0,0.083251953125,0,0.327880859375,0,-0.04888916015625,0,0.1497802734375
35.3572,0,0.08349609375,0,0.327880859375,0,-0.04888916015625,0,0.1497802734375
35.3660,0,0.08349609375,0,-0.91796875,0,-0.0831298828125,0,0.2191162109375
35.3750,0,-0.0350341796875,0,-0.91796875,0,-0.0831298828125,0,0.2191162109375
35.3882,0,-0.0350341796875,0,0.282958984375,0,-0.04217529296875,0,0.2191162109375
35.3970,0,-0.15087890625,0,0.282958984375,0,-0.04217529296875,0,0.1019287109375
35.4038,0,-0.15087890625,0,0.0733642578125,0,-0.1240234375,0,-0.040802001953125
35.4161,0,0.019287109375,0,0.0733642578125,0,-0.1240234375,0,-0.040802001953125
35.4279,0,0.019287109375,0,-0.85546875,0,0.0723876953125,0,0.0165252685546875
35.4343,0,0.0733642578125,0,-0.85546875,0,0.0723876953125,0,0.0165252685546875
35.4504,0,0.0733642578125,0,-0.1318359375,0,0.0723876953125,0,0.0165252685546875
35.4562,0,0.09356689453125,0,-0.1318359375,0,-0.039306640625,0,0.1884765625
35.4638,0,0.09356689453125,0,0.2314453125,0,-0.055023193359375,0,0.1884765625
35.4783,0,0.10687255859375,0,0.2314453125,0,-0.055023193359375,0,-0.1646728515625
35.4874,0,0.10687255859375,0,0.400146484375,0,-0.055023193359375,0,-0.1646728515625
35.4946,0,-0.0235443115234375,0,0.400146484375,0,0.11065673828125,0,-0.01010894775390625
35.5095,0,-0.0235443115234375,0,0.32421875,0,0.11065673828125,0,-0.01010894775390625
35.5163,0,-0.0235443115234375,0,0.32421875,0,-0.043365478515625,0,-0.07965087890625
35.5220,0,-0.1627197265625,0,-0.91845703125,0,-0.043365478515625,0,-0.07965087890625
35.5355,0,-0.1942138671875,0,-0.91845703125,0,-0.0601806640625,0,-0.11669921875
35.5470,0,-0.1942138671875,0,0.513671875,0,-0.0601806640625,0,-0.11669921875
35.5575,0,-0.1942138671875,0,0.513671875,0,-0.054473876953125,0,-0.055328369140625
35.5667,0,0.09967041015625,0,0.513671875,0,-0.054473876953125,0,-0.055328369140625
35.5748,0,0.09967041015625,0,-0.99951171875,0,-0.06451416015625,0,0.07843017578125
35.5848,0,-0.039794921875,0,0.299560546875,0,-0.06451416015625,0,0.07843017578125
35.5958,0,-0.039794921875,0,0.299560546875,0,-0.021942138671875,0,-0.2266845703125
35.6060,0,-0.06884765625,0,0.299560546875,0,-0.021942138671875,0,-0.2266845703125
35.6131,0,0.048431396484375,0,0.37939453125,0,0.04400634765625,0,0.072509765625
35.6271,0,0.048431396484375,0,0.0740966796875,0,0.04400634765625,0,0.072509765625
35.6349,0,0.1400146484375,0,0.0740966796875,0,-0.07440185546875,0,-0.27001953125
35.6478,0,0.1400146484375,0,-0.3486328125,0,-0.07440185546875,0,-0.27001953125
35.6543,0,0.1400146484375,0,-0.3486328125,0,-0.05804443359375,0,-0.3076171875
35.6661,0,-0.11199951171875,0,-0.3486328125,0,-0.05804443359375,0,-0.3076171875
35.6733,0,-0.11199951171875,0,0.07000732421875,0,-0.1400146484375,0,0.255615234375
35.6852,0,-0.148193359375,0,0.07000732421875,0,-0.1400146484375,0,0.255615234375
35.6947,0,-0.148193359375,0,-0.70458984375,0,-0.0291595458984375,0,-0.1375732421875
35.7069,0,0.006641387939453125,0,-0.70458984375,0,-0.0291595458984375,0,-0.1375732421875
35.7161,0,0.006641387939453125,0,0.410400390625,0,-0.06195068359375,0,0.02593994140625
35.7272,0,-0.14892578125,0,0.410400390625,0,-0.06195068359375,0,0.02593994140625
35.7355,0,-0.14892578125,0,0.417724609375,0,0.05548095703125,0,0.02593994140625
35.7467,0,-0.01035308837890625,0,0.417724609375,0,0.05548095703125,0,0.149658203125
35.7547,0,-0.01035308837890625,0,0.0931396484375,0,-0.1064453125,0,0.149658203125
35.7664,0,-0.01369476318359375,0,0.0931396484375,0,-0.1064453125,0,-0.07464599609375
35.7718,0,-0.01369476318359375,0,0.1275634765625,0,-0.051849365234375,0,0.05694580078125
35.7855,0,-0.10040283203125,0,0.1275634765625,0,-0.051849365234375,0,0.05694580078125
35.7943,0,-0.10040283203125,0,0.3095703125,0,-0.09173583984375,0,-0.258056640625
35.8068,0,-0.1859130859375,0,0.3095703125,0,-0.09173583984375,0,-0.258056640625
35.8135,0,-0.1859130859375,0,0.29736328125,0,-0.09173583984375,0,-0.258056640625
35.8256,0,-0.152099609375,0,0.29736328125,0,-0.056304931640625,0,-0.145751953125
35.8365,0,-0.152099609375,0,0.2127685546875,0,-0.056304931640625,0,-0.145751953125
35.8450,0,-0.03338623046875,0,0.2127685546875,0,0.04461669921875,0,0.1640625
35.8513,0,-0.03338623046875,0,0.2705078125,0,-0.0550537109375,0,0.081787109375
35.8645,0,0.029022216796875,0,0.2705078125,0,-0.0550537109375,0,0.081787109375
35.8749,0,0.029022216796875,0,0.16162109375,0,-0.0550537109375,0,0.081787109375
35.8850,0,0.040679931640625,0,0.16162109375,0,-0.052703857421875,0,-0.2509765625
35.8954,0,0.040679931640625,0,0.451416015625,0,-0.052703857421875,0,-0.2509765625
35.9041,0,0.04681396484375,0,0.451416015625,0,-0.012420654296875,0,0.1212158203125
35.9120,0,0.04681396484375,0,-0.0280609130859375,0,-0.012420654296875,0,-0.016326904296875
35.9283,0,-0.0770263671875,0,-0.0280609130859375,0,0.0596923828125,0,-0.016326904296875
35.9352,0,-0.0770263671875,0,0.2401123046875,0,0.0596923828125,0,0.14111328125
35.9456,0,-0.08984375,0,0.2401123046875,0,-0.069580078125,0,0.14111328125
35.9553,0,-0.08984375,0,-0.90869140625,0,-0.069580078125,0,-0.209228515625
35.9660,0,-0.0908203125,0,-0.90869140625,0,-0.055572509765625,0,-0.209228515625
35.9735,0,-0.0908203125,0,0.462646484375,0,-0.055572509765625,0,-0.209228515625
35.9890,0,0.0640869140625,0,0.462646484375,0,-0.060638427734375,0,0.164306640625
35.9948,0,0.0640869140625,0,0.291015625,0,-0.060638427734375,0,0.164306640625
36.0062,0,0.138916015625,0,0.291015625,0,-0.09088134765625,0,-0.1629638671875
36.0172,0,0.138916015625,0,-0.07220458984375,0,-0.09088134765625,0,-0.1629638671875
36.0283,0,-0.1036376953125,0,-0.07220458984375,0,0.0816650390625,0,-0.0540771484375
36.0372,0,-0.1036376953125,0,-0.45703125,0,0.0816650390625,0,0.023040771484375
36.0477,0,-0.1036376953125,0,-0.45703125,0,-0.034759521484375,0,0.023040771484375
36.0566,0,-0.107421875,0,-0.45703125,0,-0.034759521484375,0,0.023040771484375
36.0628,0,-0.0716552734375,0,0.15673828125,0,-0.03240966796875,0,0.23046875
36.0770,0,-0.0716552734375,0,0.46142578125,0,-0.03240966796875,0,0.23046875
36.0868,0,-0.09600830078125,0,0.46142578125,0,-0.01316070556640625,0,0.097900390625
36.0955,0,-0.09600830078125,0,-0.44091796875,0,-0.01316070556640625,0,0.097900390625
36.1066,0,-0.09600830078125,0,-0.44091796875,0,-0.052520751953125,0,0.1776123046875
36.1150,0,0.049041748046875,0,-0.44091796875,0,-0.052520751953125,0,0.1776123046875
36.1264,0,0.049041748046875,0,0.2060546875,0,-0.06866455078125,0,0.26904296875
36.1345,0,-0.148193359375,0,0.2060546875,0,-0.06866455078125,0,0.26904296875
36.1475,0,-0.0340576171875,0,0.33203125,0,-0.050140380859375,0,0.14990234375
36.1569,0,-0.0340576171875,0,0.33251953125,0,-0.050140380859375,0,0.14990234375
36.1678,0,-0.0340576171875,0,0.33251953125,0,-0.038299560546875,0,-0.180419921875
36.1765,0,-0.1356201171875,0,0.33251953125,0,-0.038299560546875,0,-0.180419921875
36.1860,0,-0.1356201171875,0,0.058074951171875,0,-0.0819091796875,0,-0.021240234375
36.1970,0,-0.21435546875,0,0.058074951171875,0,-0.0819091796875,0,-0.021240234375
36.2091,0,-0.21435546875,0,0.045989990234375,0,0.05816650390625,0,-0.05340576171875
36.2192,0,0.057098388671875,0,0.045989990234375,0,0.05816650390625,0,-0.05340576171875
36.2298,0,0.057098388671875,0,-0.43896484375,0,0.05816650390625,0,0.1663818359375
36.2389,0,-0.03363037109375,0,-0.43896484375,0,-0.046600341796875,0,0.1663818359375
36.2482,0,-0.03363037109375,0,-0.320556640625,0,-0.119140625,0,-0.039703369140625
36.2595,0,0.06597900390625,0,-0.320556640625,0,-0.119140625,0,-0.039703369140625
36.2701,0,0.06597900390625,0,-0.890625,0,0.08245849609375,0,0.1348876953125
36.2787,0,-0.1026611328125,0,-0.890625,0,0.08245849609375,0,0.1348876953125
36.2899,0,-0.1026611328125,0,-0.98828125,0,0.08245849609375,0,0.1348876953125
36.2981,0,-0.1649169921875,0,-0.98828125,0,0.0599365234375,0,0.236328125
36.3054,0,-0.1649169921875,0,0.2095947265625,0,0.0599365234375,0,0.236328125
36.3177,0,0.1373291015625,0,0.2095947265625,0,-0.0269775390625,0,0.02056884765625
36.3304,0,0.1373291015625,0,-0.82470703125,0,-0.07080078125,0,0.02056884765625
36.3440,0,-0.1025390625,0,-0.82470703125,0,-0.07080078125,0,-0.19287109375
36.3506,0,-0.1025390625,0,0.3046875,0,-0.07080078125,0,-0.19287109375
36.3584,0,-0.0260162353515625,0,0.3046875,0,-0.03179931640625,0,0.19384765625
36.3638,0,-0.0260162353515625,0,0.51123046875,0,-0.03179931640625,0,0.19384765625
36.3773,0,0.07977294921875,0,0.51123046875,0,-0.05230712890625,0,0.04107666015625
36.3906,0,0.07977294921875,0,0.275146484375,0,-0.05230712890625,0,0.04107666015625
36.3997,0,-0.12493896484375,0,0.275146484375,0,-0.0540771484375,0,-0.1416015625
36.4109,0,-0.12493896484375,0,0.52099609375,0,-0.0540771484375,0,-0.1416015625
36.4194,0,-0.04681396484375,0,0.52099609375,0,-0.04632568359375,0,-0.163818359375
36.4258,0,-0.04681396484375,0,0.08111572265625,0,-0.04632568359375,0,-0.163818359375
36.4413,0,0.09320068359375,0,0.08111572265625,0,-0.052947998046875,0,0.0298004150390625
36.4498,0,0.09320068359375,0,-0.0926513671875,0,-0.052947998046875,0,0.0298004150390625
36.4584,0,-0.024169921875,0,-0.0926513671875,0,-0.032196044921875,0,0.174072265625
36.4698,0,-0.024169921875,0,0.19775390625,0,-0.032196044921875,0,0.174072265625
36.4781,0,-0.024169921875,0,0.19775390625,0,-0.0797119140625,0,-0.09100341796875
36.4898,0,0.08990478515625,0,0.19775390625,0,-0.0797119140625,0,-0.09100341796875
36.4970,0,0.099853515625,0,-0.048553466796875,0,-0.07275390625,0,0.1728515625
36.5097,0,0.099853515625,0,-0.0499267578125,0,-0.07275390625,0,0.1728515625
36.5159,0,-0.11639404296875,0,-0.0499267578125,0,-0.060791015625,0,0.037811279296875
36.5294,0,-0.11639404296875,0,-0.310546875,0,-0.124267578125,0,0.037811279296875
36.5377,0,0.05694580078125,0,-0.310546875,0,-0.124267578125,0,-0.0972900390625
36.5514,0,0.05694580078125,0,0.051544189453125,0,-0.1156005859375,0,-0.1456298828125
36.5595,0,-0.0260162353515625,0,0.051544189453125,0,-0.1156005859375,0,-0.1456298828125
36.5722,0,-0.0260162353515625,0,0.1414794921875,0,-0.044158935546875,0,0.12408447265625
36.5763,0,0.1639404296875,0,0.1414794921875,0,-0.044158935546875,0,0.12408447265625
36.5900,0,0.1639404296875,0,-0.96728515625,0,-0.044158935546875,0,0.12408447265625
36.5977,0,0.06646728515625,0,-0.96728515625,0,-0.0217742919921875,0,-0.1353759765625
36.6090,0,0.06646728515625,0,0.273681640625,0,-0.055511474609375,0,-0.1353759765625
36.6151,0,0.06646728515625,0,0.273681640625,0,-0.055511474609375,0,-0.0460205078125
36.6280,0,0.08563232421875,0,0.273681640625,0,-0.055511474609375,0,-0.0460205078125
36.6351,0,-0.1595458984375,0,0.09088134765625,0,-0.053314208984375,0,-0.0027561187744140625
36.6507,0,-0.1595458984375,0,0.271484375,0,-0.00740814208984375,0,-0.0027561187744140625
36.6590,0,-0.11529541015625,0,0.271484375,0,-0.00740814208984375,0,0.166748046875
36.6726,0,-0.11529541015625,0,0.30224609375,0,-0.0218963623046875,0,0.166748046875
36.6787,0,0.043212890625,0,0.30224609375,0,-0.0218963623046875,0,-0.1099853515625
36.6924,0,0.043212890625,0,0.30224609375,0,-0.06915283203125,0,-0.1099853515625
36.6957,0,0.043212890625,0,-0.268310546875,0,-0.06915283203125,0,-0.1099853515625
36.7103,0,0.0033416748046875,0,-0.268310546875,0,-0.06915283203125,0,0.033477783203125
36.7178,0,0.0033416748046875,0,-0.268310546875,0,-0.06976318359375,0,0.033477783203125
36.7304,0,0.12066650390625,0,0.26220703125,0,-0.06976318359375,0,0.1456298828125
36.7391,0,0.12066650390625,0,0.26220703125,0,-0.0731201171875,0,0.1456298828125
36.7511,0,-0.0330810546875,0,0.2135009765625,0,-0.0731201171875,0,-0.08563232421875
36.7578,0,-0.0330810546875,0,0.287353515625,0,-0.047027587890625,0,-0.08563232421875
36.7705,0,-0.10809326171875,0,0.287353515625,0,-0.047027587890625,0,-0.0499267578125
36.7792,0,-0.10809326171875,0,-0.484375,0,0.0462646484375,0,-0.0499267578125
36.7952,0,-0.1932373046875,0,-0.484375,0,-0.038726806640625,0,-0.0477294921875
36.8063,0,-0.1351318359375,0,0.413330078125,0,-0.038726806640625,0,-0.199951171875
36.8153,0,-0.1351318359375,0,0.413330078125,0,0.0328369140625,0,-0.199951171875
36.8285,0,0.1014404296875,0,-0.87841796875,0,0.0328369140625,0,0.053253173828125
36.8367,0,0.1014404296875,0,-0.87841796875,0,-0.04486083984375,0,0.053253173828125
36.8474,0,-0.2109375,0,-0.259521484375,0,-0.04486083984375,0,0.182373046875
36.8567,0,-0.2109375,0,-0.259521484375,0,0.07830810546875,0,0.182373046875
36.8669,0,0.22705078125,0,-0.274658203125,0,0.07830810546875,0,0.01227569580078125
36.8724,0,0.22705078125,0,-0.274658203125,0,-0.037506103515625,0,0.01227569580078125
36.8869,0,0.1810302734375,0,0.55322265625,0,-0.037506103515625,0,0.200439453125
36.8955,0,0.1810302734375,0,0.55322265625,0,-0.0140380859375,0,0.200439453125
36.9057,0,-0.08135986328125,0,-0.348876953125,0,-0.0140380859375,0,-0.2462158203125
36.9151,0,-0.08135986328125,0,-0.348876953125,0,0.049163818359375,0,-0.2462158203125
36.9257,0,-0.039520263671875,0,0.1304931640625,0,0.049163818359375,0,0.1474609375
36.9320,0,-0.039520263671875,0,0.1304931640625,0,-0.032928466796875,0,0.1474609375
36.9464,0,0.1334228515625,0,0.323974609375,0,-0.032928466796875,0,-0.0208892822265625
36.9548,0,0.1334228515625,0,0.323974609375,0,-0.0242767333984375,0,-0.0208892822265625
36.9659,0,-0.08074951171875,0,-0.560546875,0,-0.0242767333984375,0,0.2093505859375
36.9754,0,-0.08074951171875,0,-0.560546875,0,-0.0235595703125,0,0.2093505859375
36.9854,0,-0.032684326171875,0,0.39013671875,0,-0.0235595703125,0,-0.1573486328125
36.9923,0,-0.032684326171875,0,0.39013671875,0,-0.02154541015625,0,-0.1573486328125
37.0044,0,-0.05426025390625,0,0.41552734375,0,-0.02154541015625,0,0.1854248046875
37.0148,0,-0.05426025390625,0,0.41552734375,0,-0.050567626953125,0,0.1854248046875
37.0227,0,0.09375,0,-0.6962890625,0,-0.050567626953125,0,0.10797119140625
37.0374,0,0.09375,0,-0.6962890625,0,-0.036224365234375,0,0.10797119140625
37.0464,0,0.081787109375,0,0.348388671875,0,-0.036224365234375,0,-0.272705078125
37.0530,0,0.081787109375,0,0.348388671875,0,-0.08154296875,0,-0.272705078125
37.0660,0,-0.1923828125,0,-0.73095703125,0,-0.08154296875,0,0.1866455078125
37.0754,0,-0.1923828125,0,-0.73095703125,0,0.040496826171875,0,0.1866455078125
37.0849,0,-0.0452880859375,0,0.1710205078125,0,0.040496826171875,0,-0.1085205078125
37.0942,0,-0.0452880859375,0,0.1710205078125,0,0.0284576416015625,0,-0.1085205078125
37.1065,0,0.1480712890625,0,0.412841796875,0,0.0284576416015625,0,0.2039794921875
37.1137,0,0.1480712890625,0,0.412841796875,0,-0.00702667236328125,0,0.2039794921875
37.1271,0,0.1480712890625,0,0.120361328125,0,-0.00702667236328125,0,0.2039794921875
37.1365,0,-0.08062744140625,0,0.120361328125,0,-0.03497314453125,0,0.0614013671875
37.1457,0,-0.1207275390625,0,0.465576171875,0,-0.03497314453125,0,-0.193603515625
37.1607,0,-0.1207275390625,0,0.465576171875,0,0.022613525390625,0,-0.193603515625
37.1673,0,0.05865478515625,0,-0.46142578125,0,0.022613525390625,0,0.07220458984375
37.1748,0,0.05865478515625,0,-0.46142578125,0,0.041595458984375,0,0.07220458984375
37.1888,0,-0.0760498046875,0,0.406005859375,0,0.041595458984375,0,-0.1112060546875
37.1986,0,-0.0760498046875,0,0.406005859375,0,-0.07574462890625,0,-0.1112060546875
37.2071,0,-0.0760498046875,0,-0.8984375,0,-0.07574462890625,0,-0.1112060546875
37.2177,0,-0.06146240234375,0,-0.8984375,0,-0.07574462890625,0,-0.2139892578125
37.2298,0,-0.06146240234375,0,-0.8984375,0,-0.1435546875,0,-0.2139892578125
37.2450,0,-0.1109619140625,0,0.462158203125,0,-0.1435546875,0,0.1871337890625
37.2506,0,-0.1109619140625,0,0.462158203125,0,-0.09136962890625,0,0.1871337890625
37.2607,0,-0.1556396484375,0,0.157470703125,0,-0.05828857421875,0,0.1949462890625
37.2693,0,-0.1556396484375,0,-0.103759765625,0,-0.05828857421875,0,0.1949462890625
37.2811,0,0.045013427734375,0,-0.103759765625,0,-0.05828857421875,0,-0.307373046875
37.2922,0,0.045013427734375,0,0.31103515625,0,-0.07183837890625,0,-0.307373046875
37.3003,0,-0.09521484375,0,0.31103515625,0,-0.032989501953125,0,0.23974609375
37.3118,0,-0.09521484375,0,0.294189453125,0,-0.032989501953125,0,0.23974609375
37.3200,0,-0.1412353515625,0,0.294189453125,0,0.0692138671875,0,-0.1810302734375
37.3308,0,-0.1412353515625,0,0.440185546875,0,0.0692138671875,0,-0.0701904296875
37.3395,0,-0.044281005859375,0,0.440185546875,0,0.0692138671875,0,-0.0701904296875
37.3508,0,-0.044281005859375,0,0.440185546875,0,-0.0428466796875,0,-0.0701904296875
37.3593,0,-0.192138671875,0,0.1785888671875,0,-0.0428466796875,0,0.13671875
37.3705,0,-0.192138671875,0,0.1785888671875,0,-0.036041259765625,0,0.13671875
37.3787,0,-0.04730224609375,0,-0.2354736328125,0,-0.036041259765625,0,0.018646240234375
37.3919,0,-0.04730224609375,0,-0.2354736328125,0,-0.024017333984375,0,0.018646240234375
37.4004,0,-0.070556640625,0,0.26806640625,0,-0.024017333984375,0,0.1895751953125
37.4189,0,-0.172119140625,0,-0.68359375,0,-0.06787109375,0,-0.224609375
37.4302,0,-0.172119140625,0,-0.68359375,0,-0.09332275390625,0,-0.224609375
37.4395,0,0.08013916015625,0,0.3583984375,0,-0.09332275390625,0,-0.2138671875
37.4508,0,0.08013916015625,0,0.3583984375,0,-0.0850830078125,0,-0.2138671875
37.4608,0,-0.1568603515625,0,0.22802734375,0,-0.0850830078125,0,0.1949462890625
37.4728,0,-0.1568603515625,0,0.22802734375,0,0.0190887451171875,0,0.1949462890625
37.4809,0,0.148193359375,0,-0.08721923828125,0,0.0190887451171875,0,0.2244873046875
37.4942,0,-0.02642822265625,0,0.2454833984375,0,-0.059906005859375,0,0.128662109375
37.5054,0,-0.02642822265625,0,0.2454833984375,0,-0.05499267578125,0,0.128662109375
37.5155,0,-0.132568359375,0,0.1890869140625,0,-0.05499267578125,0,0.10736083984375
37.5248,0,-0.132568359375,0,0.1890869140625,0,-0.06732177734375,0,0.10736083984375
37.5338,0,-0.044464111328125,0,0.3203125,0,-0.06732177734375,0,-0.1046142578125
37.5451,0,-0.044464111328125,0,0.3203125,0,-0.1114501953125,0,-0.1046142578125
37.5533,0,0.021636962890625,0,-0.75634765625,0,-0.1114501953125,0,-0.1046142578125
37.5642,0,0.021636962890625,0,-0.75634765625,0,-0.058746337890625,0,0.21728515625
37.5730,0,0.1002197265625,0,0.339599609375,0,-0.058746337890625,0,0.21728515625
37.5838,0,0.1002197265625,0,0.339599609375,0,-0.055938720703125,0,0.22119140625
37.5926,0,0.04705810546875,0,0.416748046875,0,-0.055938720703125,0,0.181396484375
37.6034,0,0.04705810546875,0,0.416748046875,0,-0.085205078125,0,0.181396484375
37.6128,0,0.055694580078125,0,0.37841796875,0,-0.085205078125,0,0.181396484375
37.6232,0,0.055694580078125,0,0.37841796875,0,-0.056121826171875,0,0.1275634765625
37.6317,0,-0.1435546875,0,0.16015625,0,-0.056121826171875,0,0.1275634765625
37.6436,0,-0.1435546875,0,0.16015625,0,-0.05377197265625,0,0.1925048828125
37.6529,0,0.038970947265625,0,0.52685546875,0,-0.05377197265625,0,0.1925048828125
37.6637,0,0.038970947265625,0,0.52685546875,0,-0.09149169921875,0,-0.167236328125
37.6734,0,0.038970947265625,0,0.498291015625,0,-0.09149169921875,0,-0.167236328125
37.6845,0,0.09814453125,0,0.498291015625,0,-0.055938720703125,0,0.13818359375
37.6951,0,0.0894775390625,0,-0.91162109375,0,-0.055938720703125,0,0.13818359375
37.7038,0,0.0894775390625,0,-0.91162109375,0,0.06207275390625,0,0.1895751953125
37.7122,0,0.05535888671875,0,0.231201171875,0,0.06207275390625,0,0.1895751953125
37.7233,0,0.05535888671875,0,0.231201171875,0,0.05926513671875,0,-0.2178955078125
37.7340,0,-0.12042236328125,0,0.429443359375,0,0.05926513671875,0,-0.2178955078125
37.7448,0,-0.12042236328125,0,0.429443359375,0,0.05926513671875,0,-0.1318359375
37.7505,0,-0.21484375,0,0.199951171875,0,0.018402099609375,0,-0.1318359375
37.7646,0,-0.21484375,0,0.199951171875,0,0.018402099609375,0,-0.1739501953125
37.7737,0,-0.21484375,0,0.199951171875,0,-0.0621337890625,0,-0.1739501953125
37.7846,0,-0.294189453125,0,0.423095703125,0,-0.0621337890625,0,-0.180419921875
37.7947,0,-0.294189453125,0,0.423095703125,0,-0.05963134765625,0,-0.180419921875
37.8054,0,0.142578125,0,-0.29296875,0,-0.05963134765625,0,0.141845703125
37.8140,0,0.142578125,0,-0.29296875,0,-0.09600830078125,0,0.141845703125
37.8265,0,0.056610107421875,0,-0.4169921875,0,-0.09600830078125,0,-0.239013671875
37.8342,0,0.056610107421875,0,-0.4169921875,0,-0.057037353515625,0,-0.239013671875
37.8459,0,-0.19091796875,0,0.3388671875,0,-0.057037353515625,0,0.1854248046875
37.8548,0,-0.19091796875,0,0.3388671875,0,-0.029449462890625,0,0.1854248046875
37.8672,0,-0.2061767578125,0,0.2103271484375,0,-0.029449462890625,0,-0.1727294921875
37.8751,0,-0.2061767578125,0,0.2103271484375,0,-0.049041748046875,0,-0.1727294921875
37.8859,0,-0.039306640625,0,0.37060546875,0,-0.049041748046875,0,0.228515625
37.8959,0,-0.039306640625,0,0.37060546875,0,-0.06256103515625,0,0.228515625
37.9066,0,-0.03021240234375,0,0.30078125,0,-0.06256103515625,0,-0.174072265625
37.9149,0,-0.03021240234375,0,0.30078125,0,0.036285400390625,0,-0.174072265625
37.9275,0,-0.053009033203125,0,0.2347412109375,0,0.036285400390625,0,-0.269775390625
37.9345,0,-0.053009033203125,0,0.2347412109375,0,-0.0328369140625,0,-0.269775390625
37.9456,0,-0.1387939453125,0,-0.64892578125,0,-0.0328369140625,0,0.2275390625
37.9549,0,-0.1387939453125,0,-0.64892578125,0,-0.060546875,0,0.2275390625
37.9651,0,-0.08880615234375,0,0.08135986328125,0,-0.060546875,0,0.2042236328125
37.9741,0,-0.08880615234375,0,0.08135986328125,0,-0.0791015625,0,0.2042236328125
37.9844,0,0.0156402587890625,0,0.1873779296875,0,-0.0791015625,0,0.2042236328125
37.9938,0,0.0156402587890625,0,0.1873779296875,0,-0.040771484375,0,-0.031982421875
38.0050,0,0.07635498046875,0,0.1287841796875,0,-0.040771484375,0,0.21435546875
38.0133,0,0.07635498046875,0,0.1287841796875,0,-0.0849609375,0,0.21435546875
38.0251,0,0.177734375,0,0.1719970703125,0,-0.0849609375,0,0.13623046875
38.0338,0,0.177734375,0,0.1719970703125,0,-0.1260986328125,0,0.13623046875
38.0443,0,0.0369873046875,0,-0.60302734375,0,-0.1260986328125,0,0.151123046875
38.0535,0,0.0369873046875,0,-0.60302734375,0,-0.0243988037109375,0,0.151123046875
38.0648,0,-0.1221923828125,0,0.1300048828125,0,-0.0243988037109375,0,0.03759765625
38.0732,0,-0.1221923828125,0,0.1300048828125,0,-0.0283966064453125,0,0.03759765625
38.0871,0,-0.145263671875,0,0.05609130859375,0,-0.0283966064453125,0,0.03759765625
38.0928,0,-0.145263671875,0,0.05609130859375,0,-0.0303802490234375,0,0.15673828125
38.1037,0,0.06982421875,0,0.39990234375,0,-0.0303802490234375,0,0.15673828125
38.1125,0,0.06982421875,0,0.39990234375,0,-0.0865478515625,0,-0.03948974609375
38.1233,0,-0.08538818359375,0,0.149169921875,0,-0.0865478515625,0,0.2451171875
38.1324,0,-0.08538818359375,0,0.149169921875,0,-0.071044921875,0,0.2451171875
38.1450,0,-0.124755859375,0,0.2890625,0,-0.071044921875,0,0.2451171875
38.1537,0,-0.124755859375,0,0.2890625,0,-0.0750732421875,0,-0.12091064453125
38.1693,0,-0.21630859375,0,-0.8798828125,0,-0.049530029296875,0,-0.2568359375
38.1836,0,0.07177734375,0,-0.247802734375,0,-0.049530029296875,0,-0.2568359375
38.1930,0,0.07177734375,0,-0.247802734375,0,-0.052215576171875,0,0.1746826171875
38.1992,0,0.07177734375,0,0.5078125,0,-0.052215576171875,0,0.1746826171875
38.2100,0,-0.0162811279296875,0,0.5078125,0,-0.052215576171875,0,0.050811767578125
38.2184,0,-0.0162811279296875,0,0.43212890625,0,0.03631591796875,0,0.050811767578125
38.2334,0,0.06842041015625,0,0.43212890625,0,0.03631591796875,0,-0.039154052734375
38.2463,0,-0.1427001953125,0,0.31005859375,0,-0.0269317626953125,0,-0.039154052734375
38.2506,0,-0.1427001953125,0,0.31005859375,0,-0.0269317626953125,0,-0.2076416015625
38.2669,0,0.0625,0,-0.394775390625,0,-0.04364013671875,0,-0.2076416015625
38.2720,0,0.0625,0,-0.394775390625,0,-0.04364013671875,0,-0.10888671875
38.2866,0,0.0625,0,-0.394775390625,0,-0.07672119140625,0,-0.10888671875
38.2925,0,-0.06585693359375,0,0.087158203125,0,-0.07672119140625,0,-0.201171875
38.3100,0,0.088623046875,0,0.087158203125,0,-0.032012939453125,0,-0.201171875
38.3152,0,0.088623046875,0,0.417724609375,0,-0.032012939453125,0,-0.162109375
38.3224,0,0.088623046875,0,0.417724609375,0,0.07568359375,0,-0.162109375
38.3313,0,-0.0877685546875,0,0.038787841796875,0,0.07568359375,0,0.175537109375
38.3397,0,-0.0877685546875,0,0.038787841796875,0,-0.0243377685546875,0,0.175537109375
38.3507,0,0.09112548828125,0,0.285888671875,0,-0.0243377685546875,0,0.1611328125
38.3652,0,0.09112548828125,0,0.285888671875,0,-0.0726318359375,0,0.1611328125
38.3714,0,0.1865234375,0,0.1585693359375,0,-0.0726318359375,0,0.1859130859375
38.3847,0,0.1865234375,0,0.1585693359375,0,0.042938232421875,0,0.1859130859375
38.3956,0,0.09283447265625,0,-0.947265625,0,0.042938232421875,0,-0.309814453125
38.4015,0,0.09283447265625,0,-0.947265625,0,0.06756591796875,0,-0.309814453125
38.4131,0,0.1336669921875,0,0.38720703125,0,0.06756591796875,0,-0.042327880859375
38.4212,0,0.1336669921875,0,0.38720703125,0,-0.038299560546875,0,-0.042327880859375
38.4330,0,0.023651123046875,0,-0.17333984375,0,-0.038299560546875,0,-0.042327880859375
38.4443,0,0.023651123046875,0,-0.17333984375,0,-0.050323486328125,0,0.1671142578125
38.4558,0,-0.1671142578125,0,-0.84375,0,-0.050323486328125,0,0.1671142578125
38.4618,0,-0.1671142578125,0,-0.84375,0,0.06488037109375,0,-0.1168212890625
38.4747,0,0.15869140625,0,0.2294921875,0,0.06488037109375,0,-0.1168212890625
38.4841,0,0.15869140625,0,0.2294921875,0,0.06488037109375,0,-0.180908203125
38.4936,0,-0.1416015625,0,-0.7841796875,0,-0.0548095703125,0,-0.180908203125
38.5010,0,-0.1416015625,0,-0.7841796875,0,-0.0333251953125,0,0.0394287109375
38.5132,0,0.128173828125,0,-0.86328125,0,-0.0333251953125,0,0.0394287109375
38.5207,0,0.128173828125,0,-0.86328125,0,-0.057952880859375,0,0.1390380859375
38.5317,0,0.05364990234375,0,-0.1448974609375,0,-0.057952880859375,0,0.1390380859375
38.5416,0,0.05364990234375,0,-0.1448974609375,0,-0.05010986328125,0,-0.2177734375
38.5514,0,0.111328125,0,-0.1448974609375,0,-0.05010986328125,0,-0.2177734375
38.5601,0,0.111328125,0,0.309326171875,0,0.040618896484375,0,0.1817626953125
38.5714,0,0.051788330078125,0,-0.7587890625,0,0.040618896484375,0,0.1817626953125
38.5809,0,0.051788330078125,0,-0.7587890625,0,-0.03564453125,0,-0.0384521484375
38.5911,0,-0.06756591796875,0,0.34912109375,0,-0.03564453125,0,-0.0384521484375
38.6017,0,-0.06756591796875,0,0.34912109375,0,-0.03564453125,0,0.1795654296875
38.6139,0,0.06231689453125,0,-0.86279296875,0,-0.060943603515625,0,0.1795654296875
38.6211,0,0.06231689453125,0,-0.86279296875,0,-0.060943603515625,0,-0.2301025390625
38.6321,0,0.06231689453125,0,-0.86279296875,0,-0.007160186767578125,0,-0.2301025390625
38.6421,0,0.1549072265625,0,0.04315185546875,0,-0.007160186767578125,0,-0.143310546875
38.6521,0,-0.1566162109375,0,0.04315185546875,0,-0.04705810546875,0,-0.143310546875
38.6621,0,-0.1566162109375,0,0.0838623046875,0,-0.04705810546875,0,-0.1307373046875
38.6727,0,-0.039703369140625,0,-0.07708740234375,0,-0.0513916015625,0,-0.1307373046875
38.6809,0,-0.039703369140625,0,-0.07708740234375,0,-0.0513916015625,0,0.1751708984375
38.6927,0,-0.039703369140625,0,-0.07708740234375,0,-0.09844970703125,0,0.1751708984375
38.7006,0,-0.05120849609375,0,0.1864013671875,0,-0.09844970703125,0,0.1370849609375
38.7094,0,-0.0262298583984375,0,0.1864013671875,0,-0.058746337890625,0,0.1370849609375
38.7202,0,-0.0262298583984375,0,0.46630859375,0,-0.058746337890625,0,-0.060272216796875
38.7313,0,-0.0262298583984375,0,0.46630859375,0,-0.04913330078125,0,-0.060272216796875
38.7435,0,-0.1888427734375,0,0.419189453125,0,-0.04913330078125,0,-0.1728515625
38.7533,0,-0.1888427734375,0,0.419189453125,0,-0.034820556640625,0,-0.1728515625
38.7610,0,-0.12091064453125,0,-0.849609375,0,-0.034820556640625,0,-0.0810546875
38.7764,0,-0.12091064453125,0,-0.849609375,0,0.032012939453125,0,-0.0810546875
38.7818,0,0.11431884765625,0,-0.148193359375,0,0.032012939453125,0,-0.1546630859375
38.7931,0,0.11431884765625,0,-0.148193359375,0,0.050445556640625,0,-0.1546630859375
38.8003,0,-0.17041015625,0,0.396240234375,0,0.050445556640625,0,-0.11004638671875
38.8140,0,-0.17041015625,0,0.396240234375,0,-0.0012388229370117188,0,-0.11004638671875
38.8196,0,0.1904296875,0,-0.052337646484375,0,-0.0012388229370117188,0,0.1337890625
38.8332,0,0.1904296875,0,-0.052337646484375,0,-0.056671142578125,0,0.1337890625
38.8394,0,0.11376953125,0,0.52490234375,0,-0.056671142578125,0,-0.10296630859375
38.8504,0,0.11376953125,0,0.52490234375,0,-0.0731201171875,0,-0.10296630859375
38.8594,0,0.0531005859375,0,0.4541015625,0,-0.0731201171875,0,-0.220458984375
38.8699,0,0.0531005859375,0,0.4541015625,0,-0.090576171875,0,-0.220458984375
38.8789,0,0.1300048828125,0,-0.09014892578125,0,-0.090576171875,0,-0.0902099609375
38.8901,0,0.1300048828125,0,-0.09014892578125,0,-0.06939697265625,0,-0.0902099609375
38.8983,0,-0.04046630859375,0,0.1077880859375,0,-0.06939697265625,0,-0.08868408203125
38.9121,0,-0.04046630859375,0,0.1077880859375,0,0.0595703125,0,-0.08868408203125
38.9179,0,-0.04278564453125,0,0.1009521484375,0,0.0595703125,0,0.2130126953125
38.9300,0,-0.04278564453125,0,0.1009521484375,0,-0.04345703125,0,0.2130126953125
38.9383,0,0.08599853515625,0,0.34033203125,0,-0.04345703125,0,0.2130126953125
38.9496,0,0.08599853515625,0,0.34033203125,0,0.0692138671875,0,-0.0689697265625
38.9585,0,0.057159423828125,0,0.216796875,0,0.0692138671875,0,-0.0689697265625
38.9695,0,0.057159423828125,0,0.216796875,0,-0.08013916015625,0,0.131591796875
38.9781,0,-0.0155029296875,0,0.368408203125,0,-0.08013916015625,0,0.1700439453125
38.9892,0,-0.0155029296875,0,0.368408203125,0,-0.044403076171875,0,0.1700439453125
38.9979,0,-0.07513427734375,0,0.368408203125,0,-0.044403076171875,0,0.1700439453125
39.0087,0,-0.07513427734375,0,0.134521484375,0,-0.018096923828125,0,-0.19873046875
39.0187,0,-0.0711669921875,0,0.134521484375,0,-0.018096923828125,0,-0.19873046875
39.0307,0,-0.0711669921875,0,-0.476318359375,0,-0.018096923828125,0,-0.17431640625
39.0377,0,-0.08392333984375,0,-0.0487060546875,0,-0.0311279296875,0,-0.17431640625
39.0523,0,-0.08392333984375,0,-0.0487060546875,0,-0.0311279296875,0,0.1907958984375
39.0574,0,-0.205078125,0,-0.0487060546875,0,-0.1002197265625,0,0.1907958984375
39.0687,0,-0.205078125,0,-0.18603515625,0,0.039306640625,0,-0.2103271484375
39.0784,0,-0.1280517578125,0,-0.18603515625,0,0.039306640625,0,-0.2103271484375
39.0896,0,-0.1280517578125,0,-0.121337890625,0,0.039306640625,0,0.1689453125
39.0994,0,-0.055633544921875,0,-0.121337890625,0,-0.0034923553466796875,0,0.1689453125
39.1097,0,-0.055633544921875,0,0.302978515625,0,-0.0034923553466796875,0,0.048858642578125
39.1181,0,-0.055633544921875,0,0.302978515625,0,0.015411376953125,0,0.048858642578125
39.1319,0,-0.07232666015625,0,-0.66552734375,0,0.015411376953125,0,-0.1656494140625
39.1378,0,-0.07232666015625,0,-0.66552734375,0,-0.08831787109375,0,-0.1656494140625
39.1490,0,0.06317138671875,0,0.1207275390625,0,-0.08831787109375,0,-0.226806640625
39.1582,0,0.06317138671875,0,0.1207275390625,0,-0.0185546875,0,-0.226806640625
39.1693,0,-0.06597900390625,0,0.27880859375,0,-0.0185546875,0,-0.00992584228515625
39.1798,0,-0.06597900390625,0,0.27880859375,0,-0.056304931640625,0,-0.00992584228515625
39.1891,0,0.053802490234375,0,-0.6904296875,0,-0.056304931640625,0,0.1588134765625
39.2074,0,-0.04571533203125,0,-0.2744140625,0,-0.048095703125,0,-0.060943603515625
39.2168,0,-0.04571533203125,0,-0.2744140625,0,-0.08526611328125,0,-0.060943603515625
39.2265,0,0.0170745849609375,0,-0.2744140625,0,-0.08526611328125,0,-0.060943603515625
39.2343,0,0.0170745849609375,0,-0.1622314453125,0,-0.08526611328125,0,-0.053741455078125
39.2482,0,0.0170745849609375,0,-0.1622314453125,0,-0.03564453125,0,-0.053741455078125
39.2571,0,0.06390380859375,0,-0.34033203125,0,-0.030364990234375,0,0.229736328125
39.2700,0,-0.037261962890625,0,-0.34033203125,0,-0.030364990234375,0,0.229736328125
39.2781,0,-0.037261962890625,0,-0.455078125,0,-0.030364990234375,0,-0.154052734375
39.2871,0,-0.037261962890625,0,-0.455078125,0,-0.0750732421875,0,-0.154052734375
39.2976,0,-0.1612548828125,0,-0.9931640625,0,-0.0750732421875,0,-0.12261962890625
39.3100,0,-0.1612548828125,0,-0.9931640625,0,0.007343292236328125,0,-0.12261962890625
39.3185,0,0.1409912109375,0,0.4091796875,0,0.007343292236328125,0,-0.173583984375
39.3318,0,-0.1820068359375,0,0.31005859375,0,0.0282745361328125,0,-0.1719970703125
39.3474,0,-0.1820068359375,0,0.31005859375,0,-0.037200927734375,0,-0.1719970703125
39.3543,0,-0.03570556640625,0,0.1619873046875,0,-0.037200927734375,0,-0.2030029296875
39.3656,0,-0.03570556640625,0,0.1619873046875,0,-0.0511474609375,0,-0.2030029296875
39.3741,0,0.0697021484375,0,-0.6005859375,0,-0.0511474609375,0,-0.27099609375
39.3870,0,0.0697021484375,0,-0.6005859375,0,-0.03729248046875,0,-0.27099609375
39.3933,0,-0.07684326171875,0,-0.032135009765625,0,-0.03729248046875,0,0.2413330078125
39.4027,0,-0.07684326171875,0,-0.032135009765625,0,-0.053375244140625,0,0.2413330078125
39.4147,0,-0.1732177734375,0,-0.14404296875,0,-0.053375244140625,0,-0.07025146484375
39.4227,0,-0.1732177734375,0,-0.14404296875,0,-0.04205322265625,0,-0.07025146484375
39.4352,0,0.080810546875,0,0.468505859375,0,-0.04205322265625,0,-0.09521484375
39.4474,0,0.080810546875,0,0.468505859375,0,-0.07867431640625,0,-0.09521484375
39.4534,0,-0.05914306640625,0,0.468505859375,0,-0.07867431640625,0,-0.060302734375
39.4661,0,-0.05914306640625,0,0.441650390625,0,0.07330322265625,0,-0.060302734375
39.4751,0,0.053131103515625,0,-0.478271484375,0,0.07330322265625,0,0.10546875
39.4815,0,0.053131103515625,0,-0.478271484375,0,-0.034698486328125,0,0.10546875
39.4941,0,0.0156097412109375,0,-0.478271484375,0,-0.034698486328125,0,0.10546875
39.5011,0,0.0156097412109375,0,-0.184326171875,0,-0.05157470703125,0,-0.16162109375
39.5139,0,-0.1329345703125,0,-0.184326171875,0,-0.05157470703125,0,-0.16162109375
39.5249,0,-0.1329345703125,0,0.302978515625,0,0.04559326171875,0,-0.239013671875
39.5328,0,-0.1646728515625,0,0.302978515625,0,0.04559326171875,0,-0.239013671875
39.5439,0,-0.1646728515625,0,0.312255859375,0,-0.032257080078125,0,-0.266845703125
39.5523,0,-0.07403564453125,0,0.312255859375,0,-0.032257080078125,0,-0.266845703125
39.5624,0,-0.07403564453125,0,-0.397705078125,0,-0.076171875,0,0.1905517578125
39.5721,0,0.05523681640625,0,-0.397705078125,0,-0.076171875,0,0.1905517578125
39.5816,0,0.05523681640625,0,0.3291015625,0,-0.0242919921875,0,0.061492919921875
39.5916,0,0.123046875,0,0.3291015625,0,-0.0242919921875,0,0.061492919921875
39.5992,0,0.123046875,0,0.513671875,0,-0.0260009765625,0,0.1790771484375
39.6127,0,0.04803466796875,0,0.513671875,0,-0.0260009765625,0,0.1790771484375
39.6198,0,0.04803466796875,0,0.47119140625,0,-0.036376953125,0,0.052001953125
39.6334,0,-0.16259765625,0,0.47119140625,0,-0.036376953125,0,0.0224456787109375
39.6429,0,-0.16259765625,0,0.205810546875,0,-0.036376953125,0,0.0224456787109375
39.6529,0,0.104248046875,0,0.205810546875,0,0.0242156982421875,0,0.20068359375
39.6624,0,0.104248046875,0,-0.05511474609375,0,0.0242156982421875,0,0.20068359375
39.6710,0,0.0295562744140625,0,-0.05511474609375,0,-0.0205078125,0,0.20068359375
39.6822,0,0.0295562744140625,0,0.09613037109375,0,-0.0205078125,0,0.13330078125
39.6909,0,0.01546478271484375,0,0.09613037109375,0,-0.10430908203125,0,0.13330078125
39.6981,0,0.01546478271484375,0,0.2398681640625,0,0.052215576171875,0,-0.035003662109375
39.7095,0,0.08001708984375,0,0.2398681640625,0,0.052215576171875,0,-0.035003662109375
39.7215,0,0.08001708984375,0,-0.342041015625,0,0.052215576171875,0,0.155517578125
39.7305,0,0.050018310546875,0,-0.342041015625,0,-0.0751953125,0,0.155517578125
39.7433,0,0.050018310546875,0,0.40673828125,0,-0.0751953125,0,0.02972412109375
39.7500,0,0.0716552734375,0,0.40673828125,0,-0.03900146484375,0,0.02972412109375
39.7573,0,0.0716552734375,0,-0.05731201171875,0,-0.031646728515625,0,0.06536865234375
39.7683,0,-0.044891357421875,0,-0.05731201171875,0,-0.031646728515625,0,0.06536865234375
39.7780,0,-0.044891357421875,0,0.318359375,0,-0.031646728515625,0,-0.03582763671875
39.7881,0,0.142822265625,0,0.318359375,0,0.01226043701171875,0,-0.03582763671875
39.7982,0,0.142822265625,0,0.402099609375,0,0.01226043701171875,0,0.055816650390625
39.8102,0,0.142822265625,0,0.402099609375,0,0.0416259765625,0,0.055816650390625
39.8189,0,-0.209716796875,0,0.1065673828125,0,0.0416259765625,0,0.1610107421875
39.8307,0,-0.209716796875,0,0.1065673828125,0,-0.07171630859375,0,0.1610107421875
39.8393,0,-0.03680419921875,0,-0.060089111328125,0,-0.07171630859375,0,0.11529541015625
39.8524,0,-0.03680419921875,0,-0.060089111328125,0,-0.040496826171875,0,0.11529541015625
39.8624,0,0.09686279296875,0,-0.060089111328125,0,-0.040496826171875,0,0.1275634765625
39.8727,0,0.09686279296875,0,-0.59130859375,0,-0.07568359375,0,0.1275634765625
39.8814,0,0.070068359375,0,-0.59130859375,0,-0.07568359375,0,0.2337646484375
39.8923,0,0.070068359375,0,0.208251953125,0,0.037689208984375,0,0.2337646484375
39.9002,0,-0.07867431640625,0,-0.0755615234375,0,0.037689208984375,0,-0.040313720703125
39.9124,0,-0.07867431640625,0,-0.0755615234375,0,0.029937744140625,0,-0.040313720703125
39.9229,0,0.02880859375,0,-0.76513671875,0,0.029937744140625,0,-0.28564453125
39.9320,0,0.02880859375,0,-0.76513671875,0,-0.0347900390625,0,-0.28564453125
39.9409,0,0.11163330078125,0,-0.76513671875,0,-0.0347900390625,0,0.061981201171875
39.9521,0,0.11163330078125,0,0.434326171875,0,-0.10211181640625,0,0.061981201171875
39.9608,0,-0.18408203125,0,0.434326171875,0,-0.10211181640625,0,-0.19580078125
39.9720,0,-0.18408203125,0,0.57177734375,0,-0.04473876953125,0,-0.19580078125
39.9809,0,-0.04656982421875,0,0.57177734375,0,-0.04473876953125,0,-0.19580078125
39.9915,0,-0.04656982421875,0,0.393798828125,0,-0.042694091796875,0,-0.0273590087890625
40.0004,0,0.11065673828125,0,0.393798828125,0,-0.042694091796875,0,-0.0273590087890625
40.0127,0,0.11065673828125,0,0.5859375,0,-0.05340576171875,0,-0.10504150390625
40.0201,0,0.083251953125,0,0.5859375,0,-0.05340576171875,0,0.1630859375
40.0356,0,0.083251953125,0,-0.66064453125,0,-0.1024169921875,0,0.1630859375
40.0399,0,-0.01242828369140625,0,-0.66064453125,0,-0.1024169921875,0,0.1630859375
40.0509,0,-0.01242828369140625,0,0.1375732421875,0,-0.03448486328125,0,0.10308837890625
40.0596,0,0.0245208740234375,0,0.1375732421875,0,-0.03448486328125,0,0.10308837890625
40.0710,0,0.0245208740234375,0,0.106201171875,0,-0.06964111328125,0,-0.07305908203125
40.0795,0,-0.042816162109375,0,0.106201171875,0,-0.06964111328125,0,-0.07305908203125
40.0904,0,-0.042816162109375,0,0.53955078125,0,-0.08197021484375,0,0.10845947265625
40.0995,0,0.0760498046875,0,0.53955078125,0,-0.08197021484375,0,0.10845947265625
40.1090,0,0.0760498046875,0,-0.255126953125,0,-0.01800537109375,0,-0.173095703125
40.1183,0,0.1090087890625,0,-0.255126953125,0,-0.01800537109375,0,-0.173095703125
40.1324,0,0.1090087890625,0,0.115478515625,0,-0.01800537109375,0,0.135009765625
40.1390,0,-0.1025390625,0,0.115478515625,0,-0.01715087890625,0,0.135009765625
40.1502,0,-0.1025390625,0,-0.04351806640625,0,-0.01715087890625,0,0.2320556640625
40.1593,0,-0.056182861328125,0,-0.04351806640625,0,-0.07562255859375,0,0.2320556640625
40.1704,0,-0.056182861328125,0,-0.47216796875,0,-0.07562255859375,0,-0.016876220703125
40.1791,0,-0.1663818359375,0,-0.47216796875,0,-0.053924560546875,0,-0.016876220703125
40.1901,0,-0.1663818359375,0,-0.384765625,0,-0.053924560546875,0,-0.313232421875
40.1993,0,-0.1085205078125,0,-0.384765625,0,-0.017486572265625,0,-0.313232421875
40.2075,0,-0.1085205078125,0,-0.1280517578125,0,-0.09271240234375,0,0.2183837890625
40.2182,0,0.0897216796875,0,-0.1280517578125,0,-0.09271240234375,0,0.2183837890625
40.2319,0,0.0897216796875,0,0.447265625,0,-0.09271240234375,0,-0.040374755859375
40.2431,0,0.033203125,0,0.447265625,0,-0.053680419921875,0,-0.040374755859375
40.2516,0,0.033203125,0,0.447265625,0,-0.053680419921875,0,0.1649169921875
40.2605,0,0.10235595703125,0,-0.64111328125,0,0.06939697265625,0,0.1649169921875
40.2727,0,0.10235595703125,0,0.5380859375,0,0.06939697265625,0,-0.0504150390625
40.2811,0,0.10235595703125,0,0.5380859375,0,-0.09625244140625,0,-0.0504150390625
40.2920,0,-0.054931640625,0,0.4365234375,0,-0.09625244140625,0,-0.036529541015625
40.3006,0,-0.054931640625,0,0.4365234375,0,-0.11614990234375,0,-0.036529541015625
40.3091,0,0.0653076171875,0,0.1318359375,0,-0.11614990234375,0,-0.083740234375
40.3226,0,0.0653076171875,0,0.1318359375,0,-0.038787841796875,0,-0.083740234375
40.3325,0,-0.1781005859375,0,0.1318359375,0,-0.038787841796875,0,-0.28125
40.3427,0,-0.1781005859375,0,-0.56298828125,0,-0.02862548828125,0,-0.28125
40.3513,0,0.0653076171875,0,-0.56298828125,0,-0.02862548828125,0,0.11419677734375
40.3654,0,0.0653076171875,0,0.151611328125,0,-0.03643798828125,0,0.11419677734375
40.3723,0,0.09710693359375,0,0.151611328125,0,-0.03643798828125,0,0.11419677734375
40.3818,0,-0.12066650390625,0,0.27978515625,0,-0.075927734375,0,-0.143310546875
40.3945,0,-0.12066650390625,0,0.27978515625,0,-0.075927734375,0,0.0748291015625
40.4065,0,-0.12066650390625,0,-0.8671875,0,-0.07806396484375,0,0.0748291015625
40.4157,0,-0.034881591796875,0,-0.8671875,0,-0.07806396484375,0,-0.09625244140625
40.4258,0,-0.034881591796875,0,0.5,0,-0.0206451416015625,0,-0.09625244140625
40.4327,0,-0.0853271484375,0,0.5,0,-0.0206451416015625,0,-0.08837890625
40.4443,0,-0.0853271484375,0,0.1063232421875,0,-0.0543212890625,0,-0.08837890625
40.4552,0,-0.103515625,0,0.1063232421875,0,-0.0543212890625,0,0.202392578125
40.4664,0,-0.103515625,0,0.2352294921875,0,-0.0288848876953125,0,0.202392578125
40.4753,0,0.02764892578125,0,0.2352294921875,0,-0.0288848876953125,0,0.153564453125
40.4860,0,0.02764892578125,0,-0.86962890625,0,-0.0665283203125,0,0.153564453125
40.4947,0,-0.04595947265625,0,-0.86962890625,0,-0.0665283203125,0,-0.2413330078125
40.5061,0,-0.04595947265625,0,-0.81396484375,0,-0.017791748046875,0,-0.2413330078125
40.5141,0,0.07489013671875,0,-0.81396484375,0,-0.017791748046875,0,0.212646484375
40.5259,0,0.07489013671875,0,0.452880859375,0,0.05682373046875,0,0.212646484375
40.5345,0,-0.02935791015625,0,0.452880859375,0,0.05682373046875,0,0.212646484375
40.5463,0,-0.02935791015625,0,-0.448974609375,0,-0.0272216796875,0,-0.059600830078125
40.5524,0,0.07318115234375,0,-0.448974609375,0,-0.0272216796875,0,0.16845703125
40.5603,0,0.07318115234375,0,0.1639404296875,0,-0.04730224609375,0,0.16845703125
40.5728,0,-0.1998291015625,0,0.1639404296875,0,-0.04730224609375,0,0.1708984375
40.5819,0,-0.1998291015625,0,-0.81787109375,0,-0.0716552734375,0,0.1708984375
40.5946,0,-0.11181640625,0,-0.81787109375,0,-0.0716552734375,0,0.1708984375
40.6004,0,-0.11181640625,0,-0.465576171875,0,-0.0257720947265625,0,-0.272216796875
40.6140,0,0.059906005859375,0,-0.465576171875,0,-0.0257720947265625,0,-0.272216796875
40.6206,0,0.059906005859375,0,0.390380859375,0,0.0277557373046875,0,-0.037445068359375
40.6345,0,-0.1937255859375,0,0.390380859375,0,0.0277557373046875,0,-0.037445068359375
40.6452,0,-0.1937255859375,0,-0.58154296875,0,-0.0242156982421875,0,-0.05670166015625
40.6526,0,0.07916259765625,0,-0.58154296875,0,-0.0242156982421875,0,-0.05670166015625
40.6615,0,0.07916259765625,0,0.51318359375,0,-0.0242156982421875,0,0.1715087890625
40.6721,0,-0.1553955078125,0,0.51318359375,0,0.0204620361328125,0,0.1715087890625
40.6813,0,-0.1553955078125,0,-0.5283203125,0,0.0204620361328125,0,-0.136474609375
40.6925,0,0.0716552734375,0,-0.5283203125,0,-0.05035400390625,0,-0.136474609375
40.6982,0,0.0716552734375,0,0.5009765625,0,-0.05035400390625,0,-0.1785888671875
40.7116,0,0.1187744140625,0,0.5009765625,0,-0.047943115234375,0,-0.1785888671875
40.7231,0,0.1187744140625,0,0.07177734375,0,-0.047943115234375,0,-0.1453857421875
40.7287,0,-0.1220703125,0,0.07177734375,0,-0.0186920166015625,0,-0.1453857421875
40.7404,0,-0.1220703125,0,-0.703125,0,-0.0186920166015625,0,-0.21044921875
40.7491,0,-0.235595703125,0,-0.703125,0,-0.0594482421875,0,-0.21044921875
40.7571,0,-0.235595703125,0,0.529296875,0,-0.0594482421875,0,-0.31982421875
40.7671,0,-0.11749267578125,0,0.529296875,0,-0.08489990234375,0,-0.31982421875
40.7759,0,-0.11749267578125,0,-0.047637939453125,0,-0.08489990234375,0,-0.012939453125
40.7892,0,-0.11749267578125,0,-0.047637939453125,0,-0.0506591796875,0,-0.012939453125
40.8008,0,0.07659912109375,0,0.489990234375,0,-0.0506591796875,0,0.1627197265625
40.8089,0,0.07659912109375,0,0.489990234375,0,-0.0333251953125,0,0.1627197265625
40.8190,0,0.10107421875,0,0.5322265625,0,-0.0333251953125,0,0.142578125
40.8292,0,0.10107421875,0,0.5322265625,0,-0.044036865234375,0,0.142578125
40.8386,0,0.152587890625,0,0.5322265625,0,-0.044036865234375,0,-0.1834716796875
40.8505,0,0.152587890625,0,0.333740234375,0,-0.0399169921875,0,-0.1834716796875
40.8608,0,-0.10888671875,0,0.333740234375,0,-0.0399169921875,0,0.10833740234375
40.8728,0,-0.10888671875,0,0.049346923828125,0,-0.0413818359375,0,0.10833740234375
40.8848,0,-0.030426025390625,0,0.049346923828125,0,-0.0413818359375,0,-0.174072265625
40.8897,0,-0.030426025390625,0,-0.7548828125,0,-0.06280517578125,0,-0.174072265625
40.9011,0,-0.0640869140625,0,-0.7548828125,0,-0.06280517578125,0,-0.1148681640625
40.9082,0,-0.0640869140625,0,0.279541015625,0,0.03314208984375,0,-0.1148681640625
40.9227,0,-0.03887939453125,0,0.279541015625,0,0.03314208984375,0,-0.238525390625
40.9281,0,-0.03887939453125,0,0.08367919921875,0,-0.1165771484375,0,-0.238525390625
40.9376,0,-0.2088623046875,0,0.08367919921875,0,-0.1165771484375,0,-0.238525390625
40.9501,0,-0.2088623046875,0,0.369873046875,0,-0.048431396484375,0,-0.03216552734375
40.9625,0,0.0615234375,0,0.369873046875,0,-0.048431396484375,0,-0.219970703125
40.9721,0,0.0615234375,0,0.278076171875,0,-0.048431396484375,0,-0.219970703125
40.9847,0,0.054718017578125,0,0.278076171875,0,-0.068603515625,0,-0.046844482421875
40.9925,0,0.054718017578125,0,0.2822265625,0,-0.068603515625,0,-0.046844482421875
40.9982,0,-0.0186004638671875,0,0.2822265625,0,-0.0161895751953125,0,-0.187255859375
41.0125,0,-0.0186004638671875,0,0.284912109375,0,-0.0161895751953125,0,-0.187255859375
41.0208,0,0.0958251953125,0,0.284912109375,0,-0.050750732421875,0,-0.187255859375
41.0324,0,0.0958251953125,0,0.194091796875,0,-0.050750732421875,0,-0.060760498046875
41.0380,0,-0.2420654296875,0,0.194091796875,0,0.0726318359375,0,-0.1937255859375
41.0539,0,-0.2420654296875,0,0.11932373046875,0,0.0726318359375,0,-0.1937255859375
41.0594,0,0.031280517578125,0,0.11932373046875,0,-0.034912109375,0,-0.2005615234375
41.0736,0,0.031280517578125,0,-1.1630859375,0,-0.040771484375,0,-0.2005615234375
41.0795,0,-0.09210205078125,0,-1.1630859375,0,-0.040771484375,0,0.1776123046875
41.0926,0,-0.09210205078125,0,0.439453125,0,-0.040771484375,0,0.1776123046875
41.1053,0,0.06964111328125,0,0.439453125,0,-0.030120849609375,0,-0.1484375
41.1126,0,0.06964111328125,0,-0.00244140625,0,-0.030120849609375,0,-0.1484375
41.1196,0,-0.1370849609375,0,-0.00244140625,0,-0.03851318359375,0,-0.1484375
41.1334,0,-0.1370849609375,0,0.34130859375,0,-0.03851318359375,0,0.190185546875
41.1387,0,0.107666015625,0,0.34130859375,0,-0.0309600830078125,0,-0.044525146484375
41.1517,0,0.107666015625,0,-0.216552734375,0,-0.0309600830078125,0,-0.044525146484375
41.1652,0,0.0187835693359375,0,-0.216552734375,0,-0.0396728515625,0,-0.20654296875
41.1703,0,0.0187835693359375,0,0.422119140625,0,-0.0396728515625,0,-0.20654296875
41.1814,0,0.0187835693359375,0,0.422119140625,0,-0.03179931640625,0,-0.20654296875
41.1939,0,-0.2283935546875,0,0.395751953125,0,-0.03179931640625,0,-0.01087188720703125
41.2037,0,-0.2283935546875,0,0.395751953125,0,-0.0357666015625,0,-0.01087188720703125
41.2106,0,0.03912353515625,0,-0.43212890625,0,-0.0357666015625,0,0.09539794921875
41.2233,0,0.03912353515625,0,-0.43212890625,0,-0.011077880859375,0,0.09539794921875
41.2323,0,0.11376953125,0,-0.43212890625,0,-0.011077880859375,0,0.09210205078125
41.2467,0,-0.174072265625,0,-0.06756591796875,0,-0.06439208984375,0,-0.0250244140625
41.2526,0,-0.174072265625,0,-0.69091796875,0,-0.06439208984375,0,-0.0250244140625
41.2678,0,-0.174072265625,0,-0.69091796875,0,-0.02960205078125,0,-0.0250244140625
41.2710,0,-0.0223236083984375,0,0.388916015625,0,-0.02960205078125,0,0.07720947265625
41.2862,0,-0.0223236083984375,0,0.388916015625,0,-0.052459716796875,0,0.07720947265625
41.2918,0,-0.0178375244140625,0,0.1168212890625,0,-0.052459716796875,0,0.11163330078125
41.3018,0,-0.0178375244140625,0,0.1168212890625,0,-0.07379150390625,0,0.11163330078125
41.3148,0,0.06475830078125,0,-0.939453125,0,-0.07379150390625,0,-0.237548828125
41.3239,0,0.06475830078125,0,-0.939453125,0,0.036346435546875,0,-0.237548828125
41.3343,0,0.111328125,0,-0.939453125,0,0.036346435546875,0,0.2225341796875
41.3436,0,0.111328125,0,0.253662109375,0,-0.030853271484375,0,0.2225341796875
41.3520,0,-0.145263671875,0,0.253662109375,0,-0.030853271484375,0,0.0819091796875
41.3668,0,-0.145263671875,0,-0.7822265625,0,0.039764404296875,0,0.0819091796875
41.3743,0,-0.04962158203125,0,-0.7822265625,0,0.039764404296875,0,-0.11883544921875
41.3892,0,-0.04962158203125,0,0.4287109375,0,-0.10809326171875,0,-0.11883544921875
41.3962,0,-0.12213134765625,0,0.4287109375,0,-0.10809326171875,0,0.1807861328125
41.4096,0,-0.12213134765625,0,0.296875,0,-0.043243408203125,0,0.1807861328125
41.4179,0,-0.0474853515625,0,0.296875,0,-0.043243408203125,0,0.18017578125
41.4268,0,-0.0474853515625,0,-0.241455078125,0,0.031890869140625,0,0.18017578125
41.4376,0,0.0189971923828125,0,-0.241455078125,0,0.031890869140625,0,-0.0220489501953125
41.4450,0,0.0189971923828125,0,0.1583251953125,0,-0.058685302734375,0,-0.0220489501953125
41.4572,0,0.0565185546875,0,0.1583251953125,0,-0.058685302734375,0,0.123291015625
41.4674,0,0.0565185546875,0,0.252197265625,0,-0.039306640625,0,0.123291015625
41.4773,0,-0.041961669921875,0,0.252197265625,0,-0.039306640625,0,0.06610107421875
41.4820,0,-0.041961669921875,0,0.411865234375,0,-0.061065673828125,0,0.06610107421875
41.4974,0,0.137939453125,0,0.411865234375,0,-0.061065673828125,0,-0.2110595703125
41.5113,0,0.137939453125,0,0.235107421875,0,-0.07965087890625,0,-0.2110595703125
41.5172,0,-0.1766357421875,0,0.235107421875,0,-0.07965087890625,0,0.2171630859375
41.5287,0,-0.1766357421875,0,0.177001953125,0,-0.047607421875,0,0.2171630859375
41.5371,0,-0.1534423828125,0,0.177001953125,0,-0.047607421875,0,0.1630859375
41.5441,0,-0.1534423828125,0,0.55908203125,0,-0.0469970703125,0,0.1630859375
41.5565,0,0.12493896484375,0,0.55908203125,0,-0.0469970703125,0,-0.19677734375
41.5686,0,0.12493896484375,0,-0.7607421875,0,-0.0469970703125,0,-0.19677734375
41.5772,0,0.0171051025390625,0,-0.7607421875,0,-0.0595703125,0,-0.0139923095703125
41.5887,0,0.0171051025390625,0,-0.401611328125,0,-0.0595703125,0,-0.0139923095703125
41.5961,0,-0.178955078125,0,-0.401611328125,0,-0.055633544921875,0,-0.0533447265625
41.6105,0,-0.178955078125,0,0.4052734375,0,-0.055633544921875,0,-0.0533447265625
41.6167,0,0.1512451171875,0,0.4052734375,0,-0.0615234375,0,0.2279052734375
41.6287,0,0.1512451171875,0,-0.451904296875,0,0.0606689453125,0,0.2279052734375
41.6333,0,-0.08441162109375,0,-0.451904296875,0,0.0606689453125,0,0.179931640625
41.6486,0,-0.08441162109375,0,0.1627197265625,0,0.0606689453125,0,0.179931640625
41.6558,0,-0.1583251953125,0,0.1627197265625,0,0.07470703125,0,-0.1446533203125
41.6656,0,-0.1583251953125,0,0.403076171875,0,0.07470703125,0,-0.1446533203125
41.6713,0,0.11181640625,0,0.403076171875,0,-0.060394287109375,0,-0.27587890625
41.6850,0,0.11181640625,0,-0.390380859375,0,-0.06072998046875,0,-0.27587890625
41.6946,0,-0.1329345703125,0,-0.390380859375,0,-0.06072998046875,0,-0.1907958984375
41.7071,0,-0.1329345703125,0,0.314697265625,0,-0.06072998046875,0,-0.1907958984375
41.7148,0,-0.08831787109375,0,0.314697265625,0,-0.09222412109375,0,-0.1907958984375
41.7203,0,-0.08831787109375,0,-0.779296875,0,-0.09222412109375,0,0.1171875
41.7364,0,-0.0350341796875,0,-0.779296875,0,-0.0535888671875,0,0.1171875
41.7516,0,-0.0350341796875,0,0.31005859375,0,0.03778076171875,0,-0.10955810546875
41.7555,0,0.177001953125,0,0.31005859375,0,0.03778076171875,0,0.1783447265625
41.7734,0,0.177001953125,0,-0.0252685546875,0,0.03778076171875,0,0.1783447265625
41.7741,0,0.07659912109375,0,-0.0252685546875,0,-0.045318603515625,0,0.1517333984375
41.7872,0,0.07659912109375,0,-0.37109375,0,-0.045318603515625,0,0.1517333984375
41.7952,0,0.07659912109375,0,-0.37109375,0,-0.1119384765625,0,0.1517333984375
41.8053,0,-0.1229248046875,0,-0.208251953125,0,-0.1119384765625,0,0.1456298828125
41.8114,0,-0.1229248046875,0,-0.208251953125,0,-0.048004150390625,0,-0.12200927734375
41.8227,0,0.117919921875,0,-0.208251953125,0,-0.048004150390625,0,-0.12200927734375
41.8347,0,0.0174102783203125,0,-0.81787109375,0,-0.0101318359375,0,0.1285400390625
41.8479,0,0.0174102783203125,0,-0.66552734375,0,-0.02337646484375,0,0.1285400390625
41.8542,0,-0.2291259765625,0,-0.66552734375,0,-0.02337646484375,0,-0.14306640625
41.8643,0,-0.2291259765625,0,0.1483154296875,0,-0.02337646484375,0,-0.14306640625
41.8728,0,-0.2291259765625,0,0.1483154296875,0,-0.08380126953125,0,-0.14306640625
41.8861,0,-0.143310546875,0,0.1483154296875,0,-0.08380126953125,0,-0.07855224609375
41.8930,0,-0.143310546875,0,0.1527099609375,0,-0.06854248046875,0,-0.07855224609375
41.9059,0,-0.026611328125,0,0.1527099609375,0,-0.06854248046875,0,-0.00934600830078125
41.9150,0,-0.026611328125,0,0.26953125,0,-0.032196044921875,0,-0.00934600830078125
41.9258,0,-0.038970947265625,0,0.26953125,0,-0.032196044921875,0,0.1800537109375
41.9328,0,-0.038970947265625,0,0.198974609375,0,-0.0849609375,0,0.1800537109375
41.9454,0,-0.26123046875,0,0.198974609375,0,-0.0849609375,0,-0.11883544921875
41.9541,0,-0.26123046875,0,0.45166015625,0,0.06201171875,0,-0.11883544921875
41.9667,0,-0.0865478515625,0,0.45166015625,0,0.06201171875,0,-0.16064453125
41.9742,0,-0.0865478515625,0,-0.322265625,0,0.021148681640625,0,-0.16064453125
41.9822,0,0.09527587890625,0,-0.322265625,0,0.021148681640625,0,0.275634765625
41.9942,0,0.09527587890625,0,-0.2117919921875,0,-0.054290771484375,0,0.275634765625
42.0056,0,0.06976318359375,0,-0.2117919921875,0,-0.054290771484375,0,-0.163818359375
42.0127,0,0.06976318359375,0,0.281005859375,0,-0.0190277099609375,0,-0.163818359375
42.0251,0,-0.1673583984375,0,0.281005859375,0,-0.0190277099609375,0,0.053619384765625
42.0355,0,-0.1673583984375,0,-0.037445068359375,0,-0.0421142578125,0,0.053619384765625
42.0448,0,-0.041107177734375,0,-0.037445068359375,0,-0.0421142578125,0,-0.2017822265625
42.0550,0,-0.041107177734375,0,0.45458984375,0,-0.0209808349609375,0,-0.2017822265625
42.0616,0,0.1607666015625,0,0.45458984375,0,-0.0209808349609375,0,0.1597900390625
42.0741,0,0.1607666015625,0,-0.80419921875,0,-0.0209808349609375,0,0.1597900390625
42.0855,0,0.0999755859375,0,-0.80419921875,0,-0.080322265625,0,0.1083984375
42.0952,0,0.0999755859375,0,0.0296173095703125,0,-0.080322265625,0,0.1083984375
42.1050,0,0.0999755859375,0,0.0296173095703125,0,-0.04156494140625,0,0.0294189453125
42.1157,0,-0.030670166015625,0,0.27099609375,0,-0.04156494140625,0,0.0294189453125
42.1219,0,-0.1346435546875,0,0.27099609375,0,-0.066650390625,0,-0.1490478515625
42.1354,0,-0.1346435546875,0,0.4052734375,0,-0.066650390625,0,-0.1490478515625
42.1408,0,0.151611328125,0,0.4052734375,0,-0.05389404296875,0,-0.1490478515625
42.1591,0,0.151611328125,0,-0.173583984375,0,-0.05389404296875,0,-0.1490478515625
42.1614,0,0.151611328125,0,-0.173583984375,0,0.07843017578125,0,0.01248931884765625
42.1748,0,0.0234527587890625,0,-1.12890625,0,0.07843017578125,0,0.01248931884765625
42.1821,0,0.0234527587890625,0,-1.12890625,0,-0.053192138671875,0,-0.160888671875
42.1944,0,-0.213134765625,0,-0.31982421875,0,-0.053192138671875,0,-0.160888671875
42.2019,0,-0.213134765625,0,-0.31982421875,0,0.057220458984375,0,-0.0606689453125
42.2152,0,-0.226806640625,0,0.2998046875,0,0.057220458984375,0,-0.0606689453125
42.2247,0,-0.226806640625,0,0.2998046875,0,-0.03924560546875,0,-0.0606689453125
42.2353,0,-0.04327392578125,0,-0.029510498046875,0,-0.03924560546875,0,-0.1817626953125
42.2487,0,-0.04327392578125,0,-0.029510498046875,0,-0.04595947265625,0,0.059906005859375
42.2543,0,-0.21337890625,0,-0.1270751953125,0,-0.057769775390625,0,0.059906005859375
42.2654,0,-0.21337890625,0,-0.1270751953125,0,-0.057769775390625,0,-0.08966064453125
42.2741,0,-0.0970458984375,0,-1.0009765625,0,-0.057769775390625,0,-0.08966064453125
42.2828,0,-0.0970458984375,0,-1.0009765625,0,-0.014801025390625,0,-0.08966064453125
42.2949,0,-0.1402587890625,0,-0.68017578125,0,-0.014801025390625,0,-0.12078857421875
42.3053,0,-0.1402587890625,0,-0.68017578125,0,-0.036712646484375,0,-0.12078857421875
42.3125,0,0.05255126953125,0,-0.84765625,0,-0.036712646484375,0,-0.201416015625
42.3271,0,0.05255126953125,0,-0.84765625,0,-0.03375244140625,0,-0.201416015625
42.3352,0,-0.125,0,0.2105712890625,0,-0.03375244140625,0,0.11669921875
42.3465,0,-0.125,0,0.2105712890625,0,-0.08367919921875,0,0.11669921875
42.3550,0,-0.06072998046875,0,0.2105712890625,0,-0.08367919921875,0,-0.07720947265625
42.3657,0,-0.06072998046875,0,0.2413330078125,0,-0.09320068359375,0,-0.07720947265625
42.3741,0,0.147705078125,0,0.2413330078125,0,-0.09320068359375,0,0.046051025390625
42.3878,0,0.147705078125,0,0.386962890625,0,-0.05743408203125,0,0.046051025390625
42.3975,0,0.0775146484375,0,0.386962890625,0,-0.05743408203125,0,-0.2469482421875
42.4085,0,0.0775146484375,0,0.057373046875,0,-0.06719970703125,0,-0.2469482421875
42.4178,0,0.0775146484375,0,0.057373046875,0,-0.06719970703125,0,0.20556640625
42.4287,0,0.1158447265625,0,0.37744140625,0,-0.08551025390625,0,0.20556640625
42.4367,0,-0.25634765625,0,0.37744140625,0,-0.08551025390625,0,0.185302734375
42.4480,0,-0.25634765625,0,0.33056640625,0,0.031341552734375,0,0.185302734375
42.4563,0,-0.17333984375,0,0.33056640625,0,0.031341552734375,0,0.255126953125
42.4686,0,-0.17333984375,0,0.275634765625,0,0.083984375,0,0.255126953125
42.4728,0,0.020599365234375,0,0.275634765625,0,0.083984375,0,0.052825927734375
42.4873,0,0.020599365234375,0,-0.958984375,0,-0.0513916015625,0,0.052825927734375
42.4930,0,0.08880615234375,0,-0.958984375,0,-0.0513916015625,0,0.1414794921875
42.5055,0,0.08880615234375,0,0.1944580078125,0,-0.0513916015625,0,0.1414794921875
42.5165,0,0.08880615234375,0,0.1944580078125,0,-0.0283203125,0,-0.177490234375
42.5208,0,-0.0277252197265625,0,0.50146484375,0,-0.049102783203125,0,-0.177490234375
42.5360,0,-0.0277252197265625,0,0.50146484375,0,-0.049102783203125,0,-0.048858642578125
42.5495,0,0.063232421875,0,-1.00390625,0,-0.049102783203125,0,-0.048858642578125
42.5556,0,0.063232421875,0,-1.00390625,0,-0.0599365234375,0,0.240478515625
42.5601,0,0.06158447265625,0,-0.7353515625,0,-0.0599365234375,0,0.240478515625
42.5752,0,0.06158447265625,0,-0.7353515625,0,-0.0298614501953125,0,-0.1866455078125
42.5843,0,0.030364990234375,0,0.41748046875,0,-0.0298614501953125,0,-0.1866455078125
42.5913,0,0.030364990234375,0,0.41748046875,0,-0.06585693359375,0,-0.2685546875
42.6054,0,0.08721923828125,0,0.240234375,0,-0.06585693359375,0,-0.2685546875
42.6167,0,-0.1204833984375,0,0.240234375,0,-0.06689453125,0,0.1685791015625
42.6223,0,-0.1204833984375,0,0.260498046875,0,-0.06689453125,0,0.1685791015625
42.6365,0,-0.1204833984375,0,0.260498046875,0,-0.07232666015625,0,0.256591796875
42.6436,0,-0.122802734375,0,-0.32666015625,0,-0.07232666015625,0,0.256591796875
42.6561,0,-0.122802734375,0,-0.32666015625,0,-0.06439208984375,0,0.256591796875
42.6693,0,0.11566162109375,0,-0.93017578125,0,-0.06439208984375,0,0.0626220703125
42.6754,0,0.11566162109375,0,-0.93017578125,0,-0.03985595703125,0,0.0626220703125
42.6800,0,0.1290283203125,0,0.06500244140625,0,-0.03985595703125,0,0.059295654296875
42.6953,0,0.1290283203125,0,0.06500244140625,0,-0.0187530517578125,0,0.059295654296875
42.7056,0,0.0841064453125,0,0.06500244140625,0,-0.0187530517578125,0,0.167236328125
42.7166,0,0.0841064453125,0,0.05548095703125,0,-0.039581298828125,0,0.167236328125
42.7245,0,0.12396240234375,0,0.05548095703125,0,-0.039581298828125,0,-0.01401519775390625
42.7327,0,0.12396240234375,0,-0.5654296875,0,-0.0484619140625,0,0.1483154296875
42.7457,0,0.1484375,0,-0.5654296875,0,-0.0484619140625,0,0.1483154296875
42.7544,0,0.1484375,0,0.53564453125,0,-0.077880859375,0,0.1483154296875
42.7612,0,0.06524658203125,0,0.3046875,0,-0.077880859375,0,0.202392578125
42.7745,0,0.06524658203125,0,0.3046875,0,-0.0643310546875,0,0.202392578125
42.7850,0,0.0772705078125,0,0.3046875,0,-0.0643310546875,0,0.06939697265625
42.7937,0,0.0772705078125,0,0.4296875,0,0.10076904296875,0,0.06939697265625
42.8035,0,-0.00368499755859375,0,0.4296875,0,0.10076904296875,0,-0.1578369140625
42.8143,0,-0.00368499755859375,0,-0.9091796875,0,0.0240325927734375,0,-0.1578369140625
42.8226,0,-0.254638671875,0,-0.9091796875,0,0.0240325927734375,0,0.0867919921875
42.8339,0,-0.254638671875,0,0.0211334228515625,0,-0.055908203125,0,0.0867919921875
42.8454,0,-0.09478759765625,0,0.0211334228515625,0,-0.055908203125,0,-0.1749267578125
42.8534,0,-0.09478759765625,0,-0.0772705078125,0,-0.048431396484375,0,-0.1749267578125
42.8650,0,-0.09649658203125,0,-0.0772705078125,0,-0.048431396484375,0,-0.08349609375
42.8729,0,-0.09649658203125,0,0.048797607421875,0,0.016143798828125,0,-0.08349609375
42.8853,0,-0.275390625,0,0.048797607421875,0,0.016143798828125,0,0.1558837890625
42.8915,0,-0.275390625,0,0.392333984375,0,0.055877685546875,0,0.1558837890625
42.9031,0,-0.0239105224609375,0,0.392333984375,0,0.055877685546875,0,0.019134521484375
42.9147,0,-0.0239105224609375,0,0.5224609375,0,-0.04425048828125,0,0.019134521484375
42.9258,0,0.026763916015625,0,0.5224609375,0,-0.04425048828125,0,0.1851806640625
42.9365,0,0.026763916015625,0,-0.8583984375,0,-0.04730224609375,0,0.1851806640625
42.9456,0,-0.1898193359375,0,-0.8583984375,0,-0.04730224609375,0,0.179443359375
42.9539,0,-0.1898193359375,0,0.369873046875,0,-0.04730224609375,0,0.179443359375
42.9586,0,0.1654052734375,0,0.369873046875,0,0.06890869140625,0,-0.159423828125
42.9737,0,0.1654052734375,0,-0.9873046875,0,0.06890869140625,0,-0.159423828125
42.9800,0,-0.049163818359375,0,-0.9873046875,0,-0.132568359375,0,-0.11993408203125
42.9939,0,-0.049163818359375,0,-0.1041259765625,0,-0.132568359375,0,-0.11993408203125
43.0044,0,-0.0236053466796875,0,-0.1041259765625,0,-0.0693359375,0,-0.1793212890625
43.0108,0,-0.0236053466796875,0,-0.3056640625,0,-0.0693359375,0,-0.1793212890625
43.0181,0,-0.2012939453125,0,-0.3056640625,0,-0.0484619140625,0,-0.0270843505859375
43.0327,0,-0.2012939453125,0,0.188720703125,0,-0.0484619140625,0,-0.0270843505859375
43.0394,0,0.05596923828125,0,0.188720703125,0,-0.11309814453125,0,0.0217132568359375
43.0527,0,0.05596923828125,0,0.27490234375,0,-0.11309814453125,0,0.0217132568359375
43.0633,0,-0.042724609375,0,0.27490234375,0,-0.06402587890625,0,0.0217132568359375
43.0725,0,-0.042724609375,0,0.27490234375,0,-0.06402587890625,0,0.1920166015625
43.0763,0,0.10015869140625,0,0.49609375,0,0.0295257568359375,0,-0.167236328125
43.0914,0,0.10015869140625,0,0.399658203125,0,0.0295257568359375,0,-0.167236328125
43.0981,0,0.10894775390625,0,0.399658203125,0,-0.071044921875,0,0.236572265625
43.1125,0,0.10894775390625,0,-0.7978515625,0,-0.071044921875,0,0.236572265625
43.1237,0,0.10894775390625,0,-0.7978515625,0,-0.0301361083984375,0,0.236572265625
43.1318,0,-0.022735595703125,0,-0.7978515625,0,-0.0301361083984375,0,-0.2142333984375
43.1430,0,-0.022735595703125,0,-0.7421875,0,-0.04730224609375,0,-0.2142333984375
43.1533,0,-0.14013671875,0,-0.7421875,0,-0.04730224609375,0,-0.052703857421875
43.1596,0,-0.1375732421875,0,-0.966796875,0,-0.04559326171875,0,-0.052703857421875
43.1733,0,-0.1375732421875,0,-0.966796875,0,-0.04559326171875,0,-0.1724853515625
43.1851,0,-0.1375732421875,0,-0.40087890625,0,-0.053863525390625,0,-0.1724853515625
43.1929,0,-0.1885986328125,0,-0.40087890625,0,-0.053863525390625,0,-0.16796875
43.2040,0,-0.1885986328125,0,-0.62744140625,0,-0.038787841796875,0,-0.16796875
43.2134,0,-0.1680908203125,0,-0.62744140625,0,-0.038787841796875,0,-0.1883544921875
43.2222,0,-0.1680908203125,0,-0.0877685546875,0,-0.0732421875,0,-0.1883544921875
43.2332,0,-0.1302490234375,0,-0.0877685546875,0,-0.0732421875,0,-0.049224853515625
43.2447,0,-0.1302490234375,0,-0.58251953125,0,-0.043914794921875,0,-0.049224853515625
43.2534,0,0.158935546875,0,-0.61181640625,0,-0.043914794921875,0,0.284912109375
43.2668,0,-0.04058837890625,0,-0.61181640625,0,-0.05181884765625,0,-0.260986328125
43.2730,0,-0.04058837890625,0,-0.63720703125,0,-0.05181884765625,0,-0.260986328125
43.2849,0,-0.04058837890625,0,-0.63720703125,0,-0.039886474609375,0,-0.260986328125
43.2935,0,-0.030487060546875,0,-0.63720703125,0,-0.039886474609375,0,-0.09515380859375
43.3063,0,-0.030487060546875,0,-0.181640625,0,-0.09014892578125,0,-0.09515380859375
43.3145,0,0.1031494140625,0,-0.181640625,0,-0.09014892578125,0,0.1986083984375
43.3254,0,0.1031494140625,0,0.265625,0,-0.0206756591796875,0,0.1986083984375
43.3375,0,-0.11212158203125,0,0.265625,0,-0.0206756591796875,0,-0.1490478515625
43.3456,0,-0.11212158203125,0,-0.39453125,0,-0.0726318359375,0,-0.1490478515625
43.3534,0,0.126953125,0,-0.39453125,0,-0.0726318359375,0,0.01424407958984375
43.3651,0,0.126953125,0,-0.0139312744140625,0,-0.03753662109375,0,0.01424407958984375
43.3735,0,0.14697265625,0,-0.0139312744140625,0,-0.03753662109375,0,-0.328857421875
43.3861,0,0.14697265625,0,0.5244140625,0,-0.05859375,0,-0.328857421875
43.3959,0,-0.10626220703125,0,0.5244140625,0,-0.05859375,0,-0.328857421875
43.4042,0,-0.10626220703125,0,0.262451171875,0,-0.078125,0,0.04071044921875
43.4175,0,-0.02032470703125,0,0.262451171875,0,-0.078125,0,0.04071044921875
43.4260,0,-0.02032470703125,0,0.578125,0,-0.078125,0,0.194580078125
43.4360,0,-0.163818359375,0,0.578125,0,0.0168304443359375,0,0.199462890625
43.4481,0,-0.163818359375,0,0.46826171875,0,0.0168304443359375,0,0.199462890625
43.4541,0,0.1932373046875,0,0.46826171875,0,-0.056671142578125,0,0.1905517578125
43.4688,0,0.1932373046875,0,-0.046417236328125,0,-0.056671142578125,0,0.1905517578125
43.4761,0,0.06427001953125,0,-0.046417236328125,0,-0.11865234375,0,0.1905517578125
43.4875,0,0.06427001953125,0,-0.77294921875,0,-0.11865234375,0,-0.0997314453125
43.4958,0,0.0311431884765625,0,-0.77294921875,0,-0.0899658203125,0,-0.0997314453125
43.5068,0,0.0311431884765625,0,-0.2607421875,0,-0.0899658203125,0,-0.2421875
43.5195,0,0.07513427734375,0,-0.2607421875,0,0.08526611328125,0,-0.2421875
43.5222,0,0.07513427734375,0,0.5166015625,0,0.08526611328125,0,0.1961669921875
43.5359,0,0.057891845703125,0,0.5166015625,0,-0.078369140625,0,0.1961669921875
43.5446,0,0.057891845703125,0,0.44970703125,0,-0.078369140625,0,-0.255126953125
43.5555,0,0.10443115234375,0,0.44970703125,0,-0.09088134765625,0,-0.255126953125
43.5668,0,0.10443115234375,0,-0.89892578125,0,-0.09088134765625,0,-0.170654296875
43.5750,0,0.10443115234375,0,-0.89892578125,0,-0.037353515625,0,-0.170654296875
43.5827,0,-0.13916015625,0,0.2939453125,0,-0.037353515625,0,0.022796630859375
43.5948,0,-0.13916015625,0,0.2939453125,0,-0.07049560546875,0,0.022796630859375
43.6033,0,0.1004638671875,0,0.2939453125,0,-0.07049560546875,0,-0.15869140625
43.6144,0,0.1004638671875,0,-0.177734375,0,-0.057159423828125,0,-0.15869140625
43.6232,0,-0.169921875,0,-0.177734375,0,-0.057159423828125,0,-0.024505615234375
43.6327,0,0.09149169921875,0,0.10467529296875,0,-0.0374755859375,0,-0.024505615234375
43.6399,0,0.09149169921875,0,0.2939453125,0,-0.0374755859375,0,-0.181884765625
43.6534,0,0.09149169921875,0,0.2939453125,0,-0.06298828125,0,-0.181884765625
43.6600,0,0.094970703125,0,-0.10296630859375,0,-0.06298828125,0,0.2099609375
43.6731,0,0.094970703125,0,-0.10296630859375,0,-0.01146697998046875,0,0.2099609375
43.6832,0,0.10943603515625,0,0.1710205078125,0,-0.01146697998046875,0,-0.0465087890625
43.6928,0,0.10943603515625,0,0.1710205078125,0,-0.03826904296875,0,-0.0465087890625
43.7070,0,-0.15673828125,0,-0.04864501953125,0,-0.03826904296875,0,-0.2005615234375
43.7150,0,-0.15673828125,0,-0.04864501953125,0,-0.0655517578125,0,-0.2005615234375
43.7247,0,-0.0306243896484375,0,-0.04864501953125,0,-0.0655517578125,0,-0.045745849609375
43.7321,0,-0.0306243896484375,0,-0.03558349609375,0,-0.09674072265625,0,-0.045745849609375
43.7432,0,-0.09490966796875,0,-0.03558349609375,0,-0.09674072265625,0,0.179931640625
43.7518,0,-0.09490966796875,0,0.25732421875,0,0.02044677734375,0,0.179931640625
43.7611,0,-0.0863037109375,0,0.25732421875,0,0.02044677734375,0,-0.15234375
43.7713,0,-0.0863037109375,0,0.421142578125,0,-0.08087158203125,0,-0.15234375
43.7872,0,0.09576416015625,0,0.421142578125,0,-0.08087158203125,0,-0.262451171875
43.7935,0,0.09576416015625,0,-0.26025390625,0,-0.08087158203125,0,-0.262451171875
43.8046,0,0.0985107421875,0,-0.26025390625,0,-0.0653076171875,0,0.15380859375
43.8143,0,0.0985107421875,0,0.4248046875,0,-0.0653076171875,0,0.15380859375
43.8207,0,0.166015625,0,0.4248046875,0,0.0235137939453125,0,0.034637451171875
43.8339,0,0.166015625,0,0.11114501953125,0,0.0235137939453125,0,0.034637451171875
43.8420,0,0.0732421875,0,0.11114501953125,0,-0.040863037109375,0,-0.197509765625
43.8547,0,0.0732421875,0,-0.61865234375,0,-0.040863037109375,0,-0.197509765625
43.8620,0,-0.221435546875,0,-0.61865234375,0,-0.0193328857421875,0,-0.1632080078125
43.8764,0,-0.221435546875,0,-1.046875,0,-0.0193328857421875,0,-0.1632080078125
43.8798,0,0.0875244140625,0,-1.046875,0,-0.05078125,0,-0.17138671875
43.8954,0,0.0875244140625,0,-0.7890625,0,-0.05078125,0,-0.17138671875
43.9040,0,-0.069580078125,0,-0.7890625,0,0.0290069580078125,0,-0.200927734375
43.9165,0,-0.069580078125,0,0.54248046875,0,0.0290069580078125,0,-0.200927734375
43.9306,0,0.09344482421875,0,0.54248046875,0,-0.088134765625,0,-0.2001953125
43.9384,0,0.09344482421875,0,0.08123779296875,0,-0.088134765625,0,-0.2001953125
43.9418,0,-0.12347412109375,0,0.08123779296875,0,-0.037445068359375,0,0.2008056640625
43.9558,0,-0.12347412109375,0,0.499755859375,0,-0.037445068359375,0,0.2008056640625
43.9654,0,-0.1314697265625,0,0.499755859375,0,-0.047943115234375,0,0.2008056640625
43.9737,0,-0.1314697265625,0,-0.49560546875,0,-0.047943115234375,0,0.18603515625
43.9866,0,-0.034393310546875,0,-0.49560546875,0,-0.038299560546875,0,0.18603515625
43.9937,0,-0.034393310546875,0,0.1419677734375,0,-0.038299560546875,0,-0.1627197265625
44.0035,0,-0.13623046875,0,0.1419677734375,0,-0.0216217041015625,0,-0.1627197265625
44.0145,0,-0.13623046875,0,-0.380859375,0,-0.0216217041015625,0,-0.06024169921875
44.0241,0,-0.13818359375,0,-0.380859375,0,-0.06512451171875,0,-0.06024169921875
44.0369,0,-0.13818359375,0,-0.380859375,0,-0.06512451171875,0,-0.06719970703125
44.0493,0,-0.030670166015625,0,0.296142578125,0,-0.05792236328125,0,-0.06719970703125
44.0580,0,-0.030670166015625,0,0.296142578125,0,-0.05792236328125,0,-0.08514404296875
44.0693,0,0.1239013671875,0,0.33349609375,0,-0.01415252685546875,0,-0.32666015625
44.0771,0,0.1239013671875,0,-0.3564453125,0,-0.01415252685546875,0,-0.32666015625
44.0872,0,0.1239013671875,0,-0.3564453125,0,-0.01445770263671875,0,-0.32666015625
44.0976,0,-0.200439453125,0,-0.3564453125,0,-0.01445770263671875,0,-0.228271484375
44.1087,0,-0.200439453125,0,0.1822509765625,0,-0.07672119140625,0,-0.228271484375
44.1174,0,-0.0899658203125,0,0.1822509765625,0,-0.07672119140625,0,0.08636474609375
44.1289,0,-0.0899658203125,0,0.30859375,0,0.0394287109375,0,0.08636474609375
44.1376,0,0.1680908203125,0,0.30859375,0,0.0394287109375,0,-0.0305633544921875
44.1478,0,0.1680908203125,0,0.452392578125,0,-0.06646728515625,0,-0.0305633544921875
44.1563,0,-0.06451416015625,0,0.452392578125,0,-0.06646728515625,0,0.198486328125
44.1685,0,-0.06451416015625,0,0.4833984375,0,-0.07177734375,0,0.198486328125
44.1771,0,-0.02593994140625,0,0.4833984375,0,-0.07177734375,0,-0.084228515625
44.1831,0,-0.02593994140625,0,0.58642578125,0,0.033905029296875,0,-0.084228515625
44.1965,0,-0.08892822265625,0,0.58642578125,0,0.033905029296875,0,0.0711669921875
44.2143,0,0.12066650390625,0,0.06866455078125,0,-0.03277587890625,0,-0.1373291015625
44.2252,0,0.12066650390625,0,0.330322265625,0,0.06048583984375,0,-0.1373291015625
44.2360,0,0.08917236328125,0,0.330322265625,0,0.06048583984375,0,0.165283203125
44.2398,0,0.08917236328125,0,0.448974609375,0,-0.0421142578125,0,0.165283203125
44.2548,0,-0.1171875,0,0.448974609375,0,-0.0421142578125,0,-0.06854248046875
44.2643,0,-0.1171875,0,0.10882568359375,0,-0.01404571533203125,0,-0.06854248046875
44.2739,0,-0.160400390625,0,0.10882568359375,0,-0.01404571533203125,0,0.12249755859375
44.2821,0,-0.160400390625,0,0.45458984375,0,-0.01404571533203125,0,0.12249755859375
44.2979,0,0.0760498046875,0,0.45458984375,0,-0.11199951171875,0,-0.27587890625
44.3032,0,0.0760498046875,0,0.299560546875,0,-0.041107177734375,0,-0.27587890625
44.3206,0,-0.061004638671875,0,0.299560546875,0,-0.041107177734375,0,-0.1962890625
44.3250,0,-0.061004638671875,0,0.4453125,0,-0.04803466796875,0,-0.1962890625
44.3392,0,0.04583740234375,0,0.4453125,0,-0.04803466796875,0,0.06695556640625
44.3528,0,0.04583740234375,0,-0.26416015625,0,-0.0538330078125,0,0.06695556640625
44.3587,0,-0.0858154296875,0,-0.26416015625,0,-0.0538330078125,0,0.2034912109375
44.3667,0,-0.0858154296875,0,0.4619140625,0,-0.047393798828125,0,0.2034912109375
44.3927,0,0.05169677734375,0,0.1275634765625,0,-0.047393798828125,0,0.1373291015625
44.3967,0,0.04034423828125,0,0.1275634765625,0,-0.0938720703125,0,0.2227783203125
44.4170,0,0.1319580078125,0,0.32080078125,0,-0.0341796875,0,0.2227783203125
44.4281,0,0.1319580078125,0,-0.4638671875,0,0.026336669921875,0,-0.2247314453125
44.4370,0,-0.0699462890625,0,-0.4638671875,0,0.026336669921875,0,-0.2247314453125
44.4486,0,-0.0699462890625,0,0.199462890625,0,0.026336669921875,0,0.08251953125
44.4566,0,-0.047943115234375,0,0.199462890625,0,-0.0217742919921875,0,0.08251953125
44.4637,0,-0.047943115234375,0,0.298583984375,0,-0.0341796875,0,-0.260986328125
44.4778,0,-0.1419677734375,0,0.298583984375,0,-0.0341796875,0,-0.260986328125
44.4841,0,-0.1419677734375,0,0.07666015625,0,-0.0341796875,0,0.06689453125
44.4971,0,-0.060028076171875,0,0.07666015625,0,-0.036956787109375,0,0.06689453125
44.5087,0,-0.060028076171875,0,0.030303955078125,0,-0.036956787109375,0,0.079345703125
44.5168,0,0.1590576171875,0,0.030303955078125,0,-0.02728271484375,0,0.079345703125
44.5282,0,0.1590576171875,0,0.469482421875,0,-0.02728271484375,0,-0.1295166015625
44.5365,0,-0.03509521484375,0,0.469482421875,0,0.06280517578125,0,-0.1295166015625
44.5433,0,-0.03509521484375,0,-0.392822265625,0,0.06280517578125,0,-0.1898193359375
44.5558,0,-0.13623046875,0,-0.392822265625,0,-0.042938232421875,0,-0.1898193359375
44.5632,0,-0.13623046875,0,0.400634765625,0,-0.042938232421875,0,0.0312042236328125
44.5733,0,0.020111083984375,0,0.400634765625,0,-0.055755615234375,0,0.0312042236328125
44.5878,0,0.020111083984375,0,0.30517578125,0,-0.055755615234375,0,-0.1514892578125
44.5940,0,0.0557861328125,0,0.30517578125,0,-0.102294921875,0,-0.1514892578125
44.6074,0,0.0557861328125,0,0.30517578125,0,-0.102294921875,0,0.08160400390625
44.6162,0,0.0557861328125,0,0.1993408203125,0,-0.0382080078125,0,0.08160400390625
44.6233,0,0.10107421875,0,-0.90380859375,0,-0.0382080078125,0,0.1754150390625
44.6338,0,0.055328369140625,0,-0.90380859375,0,-0.04827880859375,0,0.1754150390625
44.6473,0,0.055328369140625,0,-0.90380859375,0,-0.04827880859375,0,0.130126953125
44.6532,0,0.08843994140625,0,0.384033203125,0,-0.07269287109375,0,0.130126953125
44.6673,0,0.08843994140625,0,0.384033203125,0,-0.07269287109375,0,-0.19580078125
44.6762,0,0.07574462890625,0,-0.77392578125,0,-0.01154327392578125,0,-0.19580078125
44.6875,0,0.07574462890625,0,-0.77392578125,0,-0.01154327392578125,0,-0.00739288330078125
44.6957,0,0.07574462890625,0,-0.921875,0,-0.1317138671875,0,-0.00739288330078125
44.7076,0,-0.10235595703125,0,-0.921875,0,-0.1317138671875,0,0.1815185546875
44.7139,0,-0.10235595703125,0,0.287109375,0,-0.056365966796875,0,0.1815185546875
44.7244,0,-0.1221923828125,0,0.287109375,0,-0.056365966796875,0,-0.272216796875
44.7349,0,-0.1221923828125,0,-1.12109375,0,0.05242919921875,0,-0.272216796875
44.7443,0,-0.035125732421875,0,-1.12109375,0,0.05242919921875,0,-0.272216796875
44.7556,0,-0.035125732421875,0,0.34326171875,0,-0.038055419921875,0,0.17919921875
44.7637,0,0.18994140625,0,0.34326171875,0,-0.038055419921875,0,-0.25390625
44.7748,0,0.18994140625,0,0.529296875,0,0.0384521484375,0,-0.25390625
44.7883,0,0.0946044921875,0,0.529296875,0,0.0384521484375,0,-0.097412109375
44.7955,0,0.0946044921875,0,0.129638671875,0,-0.052490234375,0,-0.097412109375
44.8046,0,-0.07769775390625,0,0.129638671875,0,-0.052490234375,0,-0.097412109375
44.8157,0,-0.07769775390625,0,-0.8896484375,0,-0.113037109375,0,0.06707763671875
44.8228,0,-0.21044921875,0,-0.8896484375,0,-0.113037109375,0,0.06707763671875
44.8340,0,-0.21044921875,0,-0.032440185546875,0,-0.113037109375,0,-0.2398681640625
44.8424,0,0.1373291015625,0,-0.032440185546875,0,-0.048095703125,0,-0.2398681640625
44.8546,0,0.1373291015625,0,0.0816650390625,0,-0.048095703125,0,0.1827392578125
44.8708,0,-0.0733642578125,0,0.0816650390625,0,-0.0947265625,0,0.1827392578125
44.8750,0,-0.0733642578125,0,0.0816650390625,0,-0.0947265625,0,0.12646484375
44.8847,0,0.07366943359375,0,0.06671142578125,0,0.04742431640625,0,0.12646484375
44.8957,0,0.07366943359375,0,0.06671142578125,0,0.04742431640625,0,-0.228515625
44.9035,0,0.08709716796875,0,-0.85693359375,0,-0.06866455078125,0,-0.228515625
44.9155,0,0.08709716796875,0,-0.004695892333984375,0,-0.06866455078125,0,-0.1488037109375
44.9295,0,0.1727294921875,0,-0.004695892333984375,0,0.032562255859375,0,-0.1488037109375
44.9367,0,0.1727294921875,0,-0.004695892333984375,0,0.032562255859375,0,-0.198974609375
44.9452,0,0.0628662109375,0,-0.50830078125,0,-0.063232421875,0,-0.198974609375
44.9583,0,0.0628662109375,0,-0.50830078125,0,-0.063232421875,0,-0.2254638671875
44.9671,0,0.0628662109375,0,0.4072265625,0,-0.05078125,0,-0.2254638671875
44.9780,0,-0.1917724609375,0,0.4072265625,0,-0.05078125,0,-0.27880859375
44.9862,0,-0.2352294921875,0,0.2440185546875,0,-0.08563232421875,0,-0.27880859375
44.9955,0,-0.2352294921875,0,0.2440185546875,0,-0.08563232421875,0,-0.187255859375
45.0117,0,-0.2166748046875,0,0.03521728515625,0,-0.06134033203125,0,-0.268798828125
45.0203,0,-0.2166748046875,0,0.181884765625,0,-0.04290771484375,0,-0.268798828125
45.0313,0,-0.0576171875,0,0.181884765625,0,-0.04290771484375,0,-0.2159423828125
45.0408,0,-0.0576171875,0,0.11285400390625,0,0.0916748046875,0,-0.2159423828125
45.0523,0,-0.1771240234375,0,0.11285400390625,0,0.0916748046875,0,0.1636962890625
45.0606,0,-0.1771240234375,0,-0.8837890625,0,-0.07086181640625,0,0.1636962890625
45.0720,0,0.09210205078125,0,-0.8837890625,0,-0.07086181640625,0,-0.2264404296875
45.0815,0,0.09210205078125,0,-0.07330322265625,0,-0.039703369140625,0,-0.2264404296875
45.0928,0,-0.12115478515625,0,-0.07330322265625,0,-0.039703369140625,0,-0.0281829833984375
45.1009,0,-0.12115478515625,0,0.37744140625,0,-0.060791015625,0,-0.0281829833984375
45.1161,0,-0.039459228515625,0,-0.68994140625,0,-0.060791015625,0,-0.08709716796875
45.1218,0,-0.039459228515625,0,-0.68994140625,0,-0.0928955078125,0,-0.08709716796875
45.1334,0,0.0123138427734375,0,-0.68994140625,0,-0.0928955078125,0,0.1571044921875
45.1426,0,0.0123138427734375,0,-0.0762939453125,0,0.034912109375,0,0.1571044921875
45.1524,0,0.09954833984375,0,-0.0762939453125,0,0.034912109375,0,-0.1300048828125
45.1676,0,0.09954833984375,0,-0.053070068359375,0,-0.04449462890625,0,-0.1300048828125
45.1737,0,0.06207275390625,0,-0.053070068359375,0,-0.04449462890625,0,-0.032623291015625
45.1823,0,0.06207275390625,0,-0.376708984375,0,-0.08319091796875,0,-0.032623291015625
45.1931,0,0.08477783203125,0,-0.376708984375,0,-0.08319091796875,0,-0.054656982421875
45.2033,0,0.08477783203125,0,0.258056640625,0,-0.0841064453125,0,-0.054656982421875
45.2151,0,-0.08306884765625,0,0.258056640625,0,-0.0841064453125,0,-0.04583740234375
45.2242,0,-0.08306884765625,0,-0.245849609375,0,-0.026611328125,0,-0.04583740234375
45.2361,0,-0.1856689453125,0,-0.245849609375,0,-0.026611328125,0,0.1422119140625
45.2443,0,-0.1856689453125,0,0.428466796875,0,-0.026611328125,0,0.1422119140625
45.2565,0,-0.0576171875,0,0.428466796875,0,-0.046478271484375,0,0.032989501953125
45.2675,0,-0.0576171875,0,-0.451904296875,0,-0.046478271484375,0,0.032989501953125
45.2810,0,-0.0390625,0,-1.0029296875,0,-0.031341552734375,0,-0.22412109375
45.2921,0,-0.1434326171875,0,-1.0029296875,0,-0.0733642578125,0,0.15771484375
45.3037,0,-0.1434326171875,0,0.0931396484375,0,-0.0733642578125,0,0.15771484375
45.3101,0,0.1873779296875,0,0.0931396484375,0,-0.036285400390625,0,-0.2095947265625
45.3201,0,0.1873779296875,0,0.2374267578125,0,-0.036285400390625,0,-0.2095947265625
45.3297,0,-0.1112060546875,0,0.2374267578125,0,-0.063720703125,0,-0.1669921875
45.3387,0,-0.1112060546875,0,0.37548828125,0,-0.063720703125,0,-0.1669921875
45.3500,0,0.0296173095703125,0,0.37548828125,0,-0.034942626953125,0,-0.1669921875
45.3630,0,0.0296173095703125,0,0.1337890625,0,-0.034942626953125,0,0.17822265625
45.3721,0,0.0296173095703125,0,0.1337890625,0,0.06982421875,0,0.17822265625
45.3774,0,0.07757568359375,0,0.1741943359375,0,0.06982421875,0,-0.019195556640625
45.3933,0,0.07757568359375,0,0.1741943359375,0,-0.027191162109375,0,-0.019195556640625
45.4039,0,0.06585693359375,0,0.442138671875,0,-0.027191162109375,0,0.081298828125
45.4103,0,-0.0638427734375,0,0.442138671875,0,0.0428466796875,0,0.081298828125
45.4256,0,-0.0638427734375,0,0.442138671875,0,0.0428466796875,0,-0.2086181640625
45.4315,0,0.027008056640625,0,-0.39892578125,0,-0.036529541015625,0,-0.2086181640625
45.4413,0,0.027008056640625,0,0.410888671875,0,-0.036529541015625,0,-0.04840087890625
45.4513,0,0.1239013671875,0,0.410888671875,0,-0.045623779296875,0,-0.04840087890625
45.4609,0,0.1239013671875,0,0.049346923828125,0,-0.045623779296875,0,0.10064697265625
45.4742,0,0.1239013671875,0,0.049346923828125,0,0.054473876953125,0,0.10064697265625
45.4857,0,-0.1815185546875,0,0.137451171875,0,0.054473876953125,0,0.18310546875
45.4945,0,-0.1815185546875,0,0.137451171875,0,-0.0242462158203125,0,0.18310546875
45.5041,0,0.10223388671875,0,0.085693359375,0,-0.0242462158203125,0,-0.1688232421875
45.5137,0,0.10223388671875,0,0.085693359375,0,-0.05859375,0,-0.1688232421875
45.5255,0,-0.1256103515625,0,0.085693359375,0,-0.05859375,0,0.2447509765625
45.5305,0,-0.1256103515625,0,-0.260498046875,0,0.046600341796875,0,0.2447509765625
45.5444,0,-0.09661865234375,0,-0.260498046875,0,0.046600341796875,0,-0.264892578125
45.5550,0,-0.09661865234375,0,0.452392578125,0,-0.04571533203125,0,-0.264892578125
45.5652,0,0.095703125,0,0.452392578125,0,-0.04571533203125,0,-0.144287109375
45.5752,0,0.095703125,0,0.1405029296875,0,-0.034332275390625,0,-0.144287109375
45.5864,0,0.093994140625,0,0.1405029296875,0,-0.034332275390625,0,0.10235595703125
45.5924,0,0.093994140625,0,-0.1524658203125,0,0.10736083984375,0,0.10235595703125
45.6061,0,0.052978515625,0,-0.1524658203125,0,0.10736083984375,0,-0.1795654296875
45.6117,0,0.052978515625,0,0.25390625,0,-0.035003662109375,0,-0.1795654296875
45.6258,0,0.0284423828125,0,0.25390625,0,-0.035003662109375,0,-0.20654296875
45.6344,0,0.0284423828125,0,0.35302734375,0,-0.035003662109375,0,-0.20654296875
45.6457,0,0.08563232421875,0,0.35302734375,0,-0.0264892578125,0,-0.16650390625
45.6539,0,0.08563232421875,0,0.381103515625,0,-0.0264892578125,0,-0.16650390625
45.6655,0,0.091064453125,0,0.381103515625,0,-0.06439208984375,0,0.2003173828125
45.6735,0,0.091064453125,0,0.06817626953125,0,-0.06439208984375,0,0.2003173828125
45.6844,0,0.06396484375,0,0.06817626953125,0,0.032196044921875,0,0.207275390625
45.6948,0,0.06396484375,0,-0.2315673828125,0,0.032196044921875,0,0.207275390625
45.7043,0,0.1485595703125,0,-0.2315673828125,0,-0.026458740234375,0,0.127197265625
45.7127,0,0.1485595703125,0,0.07427978515625,0,-0.026458740234375,0,0.127197265625
45.7197,0,-0.028472900390625,0,0.07427978515625,0,-0.064697265625,0,0.23388671875
45.7324,0,-0.028472900390625,0,0.233154296875,0,-0.064697265625,0,0.23388671875
45.7384,0,0.07855224609375,0,0.233154296875,0,-0.0712890625,0,-0.1336669921875
45.7527,0,0.07855224609375,0,0.06939697265625,0,-0.0712890625,0,-0.1336669921875
45.7633,0,0.131591796875,0,0.06939697265625,0,-0.0119781494140625,0,-0.1707763671875
45.7721,0,0.131591796875,0,0.454833984375,0,-0.0119781494140625,0,-0.1707763671875
45.7838,0,-0.1224365234375,0,0.454833984375,0,-0.041259765625,0,-0.11395263671875
45.7922,0,-0.1224365234375,0,-0.75439453125,0,-0.041259765625,0,-0.11395263671875
45.8021,0,0.146240234375,0,-0.75439453125,0,-0.05682373046875,0,0.1842041015625
45.8118,0,0.146240234375,0,-0.492919921875,0,-0.05682373046875,0,0.1842041015625
45.8231,0,-0.1651611328125,0,-0.492919921875,0,-0.03314208984375,0,0.1842041015625
45.8292,0,-0.1651611328125,0,0.240478515625,0,-0.03314208984375,0,-0.2008056640625
45.8363,0,-0.15869140625,0,0.240478515625,0,-0.032745361328125,0,0.0350341796875
45.8521,0,-0.15869140625,0,0.50927734375,0,-0.032745361328125,0,0.0350341796875
45.8619,0,0.10406494140625,0,0.50927734375,0,0.0361328125,0,-0.044586181640625
45.8721,0,0.10406494140625,0,0.1590576171875,0,0.0361328125,0,-0.044586181640625
45.8810,0,0.10406494140625,0,0.1590576171875,0,-0.053619384765625,0,-0.044586181640625
45.8918,0,-0.2244873046875,0,0.1590576171875,0,-0.053619384765625,0,0.19482421875
45.9037,0,-0.2244873046875,0,-1.0107421875,0,-0.0732421875,0,0.19482421875
45.9089,0,0.0386962890625,0,-1.0107421875,0,-0.0732421875,0,-0.2978515625
45.9183,0,-0.1376953125,0,0.1859130859375,0,-0.0833740234375,0,-0.2978515625
45.9302,0,-0.1376953125,0,0.1859130859375,0,-0.0833740234375,0,-0.11279296875
45.9389,0,-0.1376953125,0,0.290771484375,0,-0.06298828125,0,-0.11279296875
45.9530,0,0.0753173828125,0,0.290771484375,0,-0.06298828125,0,0.1983642578125
45.9601,0,0.0753173828125,0,-1.0068359375,0,-0.059844970703125,0,0.1983642578125
45.9723,0,-0.06427001953125,0,-1.0068359375,0,-0.059844970703125,0,0.172119140625
45.9884,0,-0.06427001953125,0,-0.132080078125,0,-0.052886962890625,0,0.172119140625
45.9900,0,0.1429443359375,0,-0.132080078125,0,-0.052886962890625,0,-0.1387939453125
45.9983,0,0.1429443359375,0,-0.7900390625,0,-0.0198974609375,0,-0.1387939453125
46.0094,0,-0.058837890625,0,-0.7900390625,0,-0.0198974609375,0,0.200439453125
46.0226,0,-0.058837890625,0,0.142578125,0,-0.11236572265625,0,0.200439453125
46.0291,0,0.10198974609375,0,0.142578125,0,-0.11236572265625,0,-0.084228515625
46.0377,0,0.10198974609375,0,0.2900390625,0,-0.061676025390625,0,-0.084228515625
46.0487,0,0.076416015625,0,0.2900390625,0,-0.061676025390625,0,0.155517578125
46.0572,0,0.076416015625,0,0.423583984375,0,-0.061676025390625,0,0.155517578125
46.0685,0,-0.10992431640625,0,0.423583984375,0,0.04254150390625,0,-0.1944580078125
46.0776,0,-0.10992431640625,0,0.10577392578125,0,0.04254150390625,0,-0.1944580078125
46.0892,0,-0.1630859375,0,0.10577392578125,0,-0.0958251953125,0,0.119140625
46.0975,0,-0.1630859375,0,-0.76318359375,0,-0.0958251953125,0,0.119140625
46.1123,0,-0.0249786376953125,0,-0.76318359375,0,0.0310516357421875,0,-0.252685546875
46.1188,0,-0.0249786376953125,0,0.47216796875,0,0.0310516357421875,0,-0.252685546875
46.1293,0,-0.124267578125,0,0.47216796875,0,-0.05145263671875,0,-0.026702880859375
46.1401,0,-0.124267578125,0,0.2069091796875,0,-0.05145263671875,0,-0.026702880859375
46.1492,0,-0.14697265625,0,0.2069091796875,0,-0.03863525390625,0,0.258056640625
46.1593,0,-0.14697265625,0,0.0672607421875,0,-0.03863525390625,0,0.258056640625
46.1730,0,0.03717041015625,0,0.0672607421875,0,-0.0386962890625,0,-0.1964111328125
46.1817,0,0.03717041015625,0,0.350830078125,0,-0.0386962890625,0,-0.1964111328125
46.1940,0,0.1541748046875,0,0.350830078125,0,-0.0240020751953125,0,-0.2626953125
46.1994,0,0.1541748046875,0,0.061370849609375,0,-0.0240020751953125,0,-0.2626953125
46.2117,0,0.11181640625,0,0.061370849609375,0,-0.033233642578125,0,-0.1478271484375
46.2189,0,0.11181640625,0,-0.79345703125,0,-0.033233642578125,0,-0.1478271484375
46.2325,0,0.09417724609375,0,-0.79345703125,0,0.04449462890625,0,0.2037353515625
46.2390,0,0.09417724609375,0,0.10223388671875,0,0.04449462890625,0,0.2037353515625
46.2500,0,0.1258544921875,0,0.10223388671875,0,-0.09600830078125,0,-0.301513671875
46.2585,0,0.1258544921875,0,0.400634765625,0,-0.09600830078125,0,-0.301513671875
46.2718,0,0.168701171875,0,0.400634765625,0,-0.060516357421875,0,0.1595458984375
46.2780,0,0.168701171875,0,-0.73974609375,0,-0.060516357421875,0,0.1595458984375
46.2894,0,0.06494140625,0,-0.73974609375,0,-0.07000732421875,0,-0.162353515625
46.3055,0,0.06494140625,0,0.2958984375,0,0.035003662109375,0,-0.162353515625
46.3107,0,-0.1748046875,0,0.2958984375,0,0.035003662109375,0,-0.142578125
46.3209,0,-0.1748046875,0,0.54541015625,0,0.035003662109375,0,-0.142578125
46.3317,0,-0.0919189453125,0,0.54541015625,0,0.022064208984375,0,-0.0248870849609375
46.3398,0,-0.0919189453125,0,-0.251953125,0,0.022064208984375,0,-0.0248870849609375
46.3508,0,-0.0760498046875,0,-0.251953125,0,-0.06658935546875,0,-0.1937255859375
46.3592,0,-0.0760498046875,0,0.32421875,0,-0.06658935546875,0,-0.1937255859375
46.3744,0,0.1947021484375,0,0.32421875,0,-0.06658935546875,0,-0.25048828125
46.3800,0,0.1947021484375,0,0.529296875,0,-0.06658935546875,0,-0.25048828125
46.3932,0,-0.093505859375,0,0.529296875,0,-0.08367919921875,0,0.2548828125
46.4018,0,-0.093505859375,0,0.428955078125,0,-0.08367919921875,0,0.2548828125
46.4139,0,0.1578369140625,0,0.428955078125,0,-0.040496826171875,0,0.222900390625
46.4271,0,0.1578369140625,0,0.07177734375,0,-0.040496826171875,0,0.222900390625
46.4324,0,0.1578369140625,0,0.07177734375,0,0.0167388916015625,0,0.222900390625
46.4477,0,0.1558837890625,0,0.07177734375,0,0.0167388916015625,0,-0.2044677734375
46.4535,0,-0.039642333984375,0,0.46044921875,0,0.08990478515625,0,-0.2044677734375
46.4639,0,-0.039642333984375,0,0.46044921875,0,0.08990478515625,0,0.0182647705078125
46.4735,0,0.02813720703125,0,-0.74462890625,0,0.03106689453125,0,0.1778564453125
46.4836,0,0.02813720703125,0,-0.6337890625,0,0.03106689453125,0,0.1778564453125
46.4991,0,-0.037811279296875,0,-0.6337890625,0,-0.09490966796875,0,0.1778564453125
46.5031,0,-0.037811279296875,0,0.226806640625,0,-0.09490966796875,0,-0.240478515625
46.5172,0,-0.208740234375,0,0.226806640625,0,0.037017822265625,0,-0.240478515625
46.5285,0,-0.208740234375,0,-0.96484375,0,0.037017822265625,0,0.2041015625
46.5337,0,-0.208740234375,0,-0.96484375,0,-0.026580810546875,0,0.2041015625
46.5478,0,0.09320068359375,0,-0.96484375,0,-0.026580810546875,0,-0.2373046875
46.5533,0,0.09320068359375,0,-0.7041015625,0,0.049041748046875,0,-0.2373046875
46.5672,0,-0.08807373046875,0,-0.7041015625,0,0.049041748046875,0,0.2005615234375
46.5736,0,0.064453125,0,0.3115234375,0,-0.08843994140625,0,0.2005615234375
46.5874,0,0.064453125,0,0.3115234375,0,-0.08843994140625,0,-0.201416015625
46.5955,0,-0.0164947509765625,0,0.22412109375,0,-0.029571533203125,0,-0.201416015625
46.6063,0,-0.0164947509765625,0,0.22412109375,0,-0.029571533203125,0,0.08416748046875
46.6122,0,-0.0164947509765625,0,0.335205078125,0,0.06036376953125,0,0.08416748046875
46.6261,0,-0.21875,0,0.335205078125,0,0.06036376953125,0,0.2264404296875
46.6319,0,-0.21875,0,0.48046875,0,-0.048492431640625,0,0.2264404296875
46.6455,0,-0.250244140625,0,0.48046875,0,-0.048492431640625,0,0.2060546875
46.6569,0,-0.250244140625,0,-0.452392578125,0,-0.048492431640625,0,0.2060546875
46.6692,0,-0.05072021484375,0,-0.452392578125,0,-0.06109619140625,0,-0.0660400390625
46.6753,0,-0.05072021484375,0,-0.33984375,0,-0.06109619140625,0,-0.0660400390625
46.6895,0,-0.11419677734375,0,-0.33984375,0,-0.0679931640625,0,0.2607421875
46.6930,0,-0.11419677734375,0,0.408447265625,0,-0.036956787109375,0,0.2607421875
46.7073,0,0.07958984375,0,0.468017578125,0,-0.036956787109375,0,0.142333984375
46.7160,0,0.07958984375,0,0.468017578125,0,-0.0372314453125,0,0.142333984375
46.7280,0,0.120361328125,0,0.468017578125,0,-0.0372314453125,0,0.2415771484375
46.7361,0,0.120361328125,0,0.355224609375,0,-0.06427001953125,0,0.2415771484375
46.7429,0,-0.072998046875,0,0.355224609375,0,-0.06427001953125,0,0.186767578125
46.7590,0,-0.072998046875,0,-0.476318359375,0,-0.06427001953125,0,0.186767578125
46.7675,0,-0.08770751953125,0,-0.476318359375,0,-0.0299835205078125,0,0.044525146484375
46.7770,0,-0.08770751953125,0,0.301025390625,0,-0.0299835205078125,0,0.044525146484375
46.7843,0,0.09844970703125,0,0.301025390625,0,0.0170745849609375,0,0.06658935546875
46.7952,0,0.09844970703125,0,-0.98583984375,0,0.0170745849609375,0,0.06658935546875
46.8031,0,-0.1319580078125,0,-0.98583984375,0,-0.10009765625,0,0.1781005859375
46.8149,0,-0.1319580078125,0,0.3662109375,0,-0.10009765625,0,0.1781005859375
46.8220,0,-0.1378173828125,0,0.3662109375,0,-0.083740234375,0,0.1781005859375
46.8352,0,-0.1378173828125,0,-0.1044921875,0,-0.083740234375,0,-0.148193359375
46.8472,0,-0.03704833984375,0,-0.1044921875,0,-0.030181884765625,0,-0.148193359375
46.8540,0,-0.03704833984375,0,-0.0450439453125,0,-0.030181884765625,0,-0.2257080078125
46.8656,0,0.057342529296875,0,-0.0450439453125,0,-0.0306243896484375,0,-0.2257080078125
46.8755,0,0.057342529296875,0,-0.03839111328125,0,-0.0306243896484375,0,0.202392578125
46.8812,0,0.03564453125,0,-0.03839111328125,0,-0.02459716796875,0,0.202392578125
46.8936,0,0.03564453125,0,0.2193603515625,0,-0.02459716796875,0,0.06549072265625
46.9051,0,0.03564453125,0,0.2193603515625,0,0.014129638671875,0,0.06549072265625
46.9117,0,0.0595703125,0,-0.85400390625,0,0.014129638671875,0,0.257080078125
46.9247,0,0.0595703125,0,-0.85400390625,0,-0.044830322265625,0,0.257080078125
46.9331,0,-0.09674072265625,0,0.0670166015625,0,-0.044830322265625,0,-0.078369140625
46.9388,0,-0.09674072265625,0,0.0670166015625,0,0.052276611328125,0,-0.078369140625
46.9540,0,0.1549072265625,0,-0.888671875,0,0.052276611328125,0,0.1630859375
46.9653,0,0.1549072265625,0,-0.888671875,0,-0.038970947265625,0,0.1630859375
46.9731,0,0.109130859375,0,-0.76708984375,0,-0.038970947265625,0,-0.287353515625
46.9864,0,0.109130859375,0,-0.76708984375,0,0.02734375,0,-0.287353515625
46.9952,0,0.171875,0,-0.76708984375,0,0.02734375,0,-0.0439453125
47.0077,0,0.171875,0,0.30810546875,0,-0.057861328125,0,-0.0439453125
47.0146,0,-0.1898193359375,0,0.30810546875,0,-0.057861328125,0,-0.03863525390625
47.0275,0,-0.1898193359375,0,0.2176513671875,0,-0.03472900390625,0,-0.03863525390625
47.0342,0,-0.05548095703125,0,0.2432861328125,0,-0.03472900390625,0,-0.2047119140625
47.0473,0,-0.05548095703125,0,0.2432861328125,0,-0.05230712890625,0,-0.2047119140625
47.0554,0,-0.1361083984375,0,0.2432861328125,0,-0.05230712890625,0,-0.12017822265625
47.0676,0,-0.1361083984375,0,-0.0189361572265625,0,-0.0170135498046875,0,-0.12017822265625
47.0784,0,0.1619873046875,0,-0.0189361572265625,0,-0.0170135498046875,0,-0.2291259765625
47.0880,0,0.1619873046875,0,-0.330078125,0,-0.0180206298828125,0,-0.2291259765625
47.0941,0,-0.13427734375,0,-0.330078125,0,-0.0180206298828125,0,0.0225372314453125
47.1051,0,-0.13427734375,0,0.2548828125,0,0.005962371826171875,0,0.0225372314453125
47.1142,0,0.10638427734375,0,0.2548828125,0,0.005962371826171875,0,0.06451416015625
47.1210,0,0.10638427734375,0,0.306640625,0,0.0733642578125,0,0.06451416015625
47.1350,0,0.053802490234375,0,0.306640625,0,0.0733642578125,0,-0.1614990234375
47.1447,0,0.053802490234375,0,-0.69287109375,0,0.0733642578125,0,-0.1614990234375
47.1561,0,-0.209228515625,0,-0.69287109375,0,-0.0307159423828125,0,0.1771240234375
47.1646,0,-0.209228515625,0,0.48681640625,0,-0.0307159423828125,0,0.1771240234375
47.1737,0,0.1759033203125,0,0.48681640625,0,-0.016845703125,0,0.0360107421875
47.1853,0,0.1759033203125,0,-0.23583984375,0,-0.0285797119140625,0,0.0360107421875
47.1906,0,-0.07684326171875,0,-0.23583984375,0,-0.0285797119140625,0,-0.271728515625
47.2045,0,-0.07684326171875,0,0.55078125,0,-0.0285797119140625,0,-0.271728515625
47.2115,0,-0.2374267578125,0,0.55078125,0,-0.0694580078125,0,-0.271728515625
47.2270,0,-0.2374267578125,0,0.5009765625,0,-0.0694580078125,0,-0.07342529296875
47.2317,0,0.0439453125,0,0.5009765625,0,0.059967041015625,0,-0.1668701171875
47.2451,0,0.0439453125,0,-0.478271484375,0,0.059967041015625,0,-0.1668701171875
47.2526,0,-0.0980224609375,0,-0.478271484375,0,-0.0853271484375,0,-0.191650390625
47.2597,0,-0.0980224609375,0,0.37158203125,0,-0.058197021484375,0,-0.191650390625
47.2711,0,0.06365966796875,0,0.37158203125,0,-0.058197021484375,0,-0.2218017578125
47.2846,0,0.06365966796875,0,0.1873779296875,0,-0.0694580078125,0,-0.2218017578125
47.2911,0,0.1170654296875,0,0.1873779296875,0,-0.0694580078125,0,-0.23486328125
47.3110,0,0.1170654296875,0,0.11968994140625,0,-0.0694580078125,0,-0.23486328125
47.3177,0,-0.073974609375,0,-0.79443359375,0,-0.04473876953125,0,0.09521484375
47.3278,0,-0.073974609375,0,-0.79443359375,0,-0.049285888671875,0,0.09521484375
47.3342,0,-0.077392578125,0,-0.79443359375,0,-0.049285888671875,0,0.09521484375
47.3493,0,-0.077392578125,0,0.444580078125,0,-0.049285888671875,0,-0.204345703125
47.3576,0,0.06549072265625,0,0.444580078125,0,-0.03228759765625,0,-0.204345703125
47.3695,0,0.06549072265625,0,0.4130859375,0,-0.03228759765625,0,0.08013916015625
47.3779,0,0.06549072265625,0,0.4130859375,0,0.07135009765625,0,0.08013916015625
47.3907,0,0.1591796875,0,0.5595703125,0,0.07135009765625,0,-0.279296875
47.3992,0,0.1591796875,0,0.5595703125,0,-0.0462646484375,0,-0.279296875
47.4102,0,0.11822509765625,0,-0.74462890625,0,-0.0462646484375,0,0.258056640625
47.4219,0,-0.05584716796875,0,-0.74462890625,0,-0.04827880859375,0,0.258056640625
47.4338,0,-0.05584716796875,0,-0.3671875,0,-0.052825927734375,0,0.252197265625
47.4463,0,0.11236572265625,0,0.0640869140625,0,-0.052825927734375,0,-0.2734375
47.4575,0,0.11236572265625,0,0.0640869140625,0,-0.091064453125,0,-0.2734375
47.4662,0,-0.040069580078125,0,-0.73193359375,0,-0.091064453125,0,0.15234375
47.4747,0,-0.040069580078125,0,-0.73193359375,0,-0.080322265625,0,0.15234375
47.4809,0,0.09588623046875,0,0.347412109375,0,-0.080322265625,0,0.269775390625
47.4947,0,0.09588623046875,0,0.347412109375,0,-0.0220489501953125,0,0.269775390625
47.5059,0,0.080322265625,0,0.10247802734375,0,-0.0220489501953125,0,-0.007266998291015625
47.5142,0,0.080322265625,0,0.10247802734375,0,-0.06829833984375,0,-0.007266998291015625
47.5204,0,0.11883544921875,0,0.423583984375,0,-0.06829833984375,0,0.1962890625
47.5344,0,0.11883544921875,0,0.423583984375,0,-0.030029296875,0,0.1962890625
47.5432,0,-0.180419921875,0,0.455322265625,0,-0.030029296875,0,-0.186767578125
47.5538,0,-0.180419921875,0,0.455322265625,0,-0.1029052734375,0,-0.186767578125
47.5622,0,0.054290771484375,0,0.07073974609375,0,-0.1029052734375,0,0.11285400390625
47.5739,0,0.054290771484375,0,0.07073974609375,0,-0.0136260986328125,0,0.11285400390625
47.5892,0,-0.11639404296875,0,0.07073974609375,0,-0.0136260986328125,0,0.04315185546875
47.5918,0,-0.11639404296875,0,0.129638671875,0,-0.03289794921875,0,0.04315185546875
47.5988,0,-0.128173828125,0,0.129638671875,0,-0.03289794921875,0,0.1192626953125
47.6127,0,-0.128173828125,0,0.07806396484375,0,-0.057403564453125,0,0.1192626953125
47.6216,0,0.1351318359375,0,0.476806640625,0,-0.057403564453125,0,-0.244384765625
47.6327,0,0.1351318359375,0,0.476806640625,0,-0.06890869140625,0,-0.244384765625
47.6394,0,-0.046173095703125,0,0.476806640625,0,-0.06890869140625,0,0.0161590576171875
47.6520,0,-0.046173095703125,0,0.341064453125,0,0.03619384765625,0,0.0161590576171875
47.6599,0,-0.149658203125,0,0.341064453125,0,0.03619384765625,0,0.1251220703125
47.6748,0,-0.149658203125,0,0.427001953125,0,0.03619384765625,0,0.1251220703125
47.6820,0,0.134521484375,0,0.427001953125,0,-0.035369873046875,0,-0.157470703125
47.6941,0,0.134521484375,0,0.157470703125,0,-0.035369873046875,0,-0.157470703125
47.7053,0,0.01922607421875,0,0.157470703125,0,-0.0208892822265625,0,-0.157470703125
47.7136,0,0.01922607421875,0,0.08599853515625,0,-0.064697265625,0,-0.047454833984375
47.7209,0,-0.11279296875,0,0.08599853515625,0,-0.064697265625,0,-0.047454833984375
47.7339,0,-0.11279296875,0,-0.022705078125,0,-0.064697265625,0,-0.271728515625
47.7449,0,-0.0863037109375,0,-0.022705078125,0,-0.08648681640625,0,-0.271728515625
47.7543,0,-0.0863037109375,0,-0.787109375,0,-0.08648681640625,0,0.211181640625
47.7660,0,0.076904296875,0,-0.787109375,0,-0.023651123046875,0,0.211181640625
47.7752,0,0.076904296875,0,0.290771484375,0,-0.023651123046875,0,0.0687255859375
47.7807,0,0.169189453125,0,0.290771484375,0,0.0556640625,0,0.0687255859375
47.7942,0,0.169189453125,0,-0.61181640625,0,0.0556640625,0,-0.2178955078125
47.8057,0,0.169189453125,0,-0.61181640625,0,-0.036407470703125,0,-0.2178955078125
47.8115,0,-0.038818359375,0,-0.1285400390625,0,-0.036407470703125,0,0.2421875
47.8261,0,-0.038818359375,0,-0.1285400390625,0,-0.057098388671875,0,0.2421875
47.8346,0,0.10247802734375,0,0.4794921875,0,-0.057098388671875,0,-0.276123046875
47.8457,0,0.10247802734375,0,0.4794921875,0,-0.044189453125,0,-0.276123046875
47.8543,0,-0.2044677734375,0,0.3359375,0,-0.044189453125,0,-0.07208251953125
47.8655,0,-0.2044677734375,0,0.3359375,0,-0.07952880859375,0,-0.07208251953125
47.8717,0,0.06683349609375,0,0.218505859375,0,-0.07952880859375,0,0.072265625
47.8875,0,0.06683349609375,0,0.218505859375,0,-0.0472412109375,0,0.072265625
47.8935,0,0.0091552734375,0,0.386474609375,0,-0.0472412109375,0,-0.06378173828125
47.9054,0,0.0091552734375,0,0.386474609375,0,-0.037139892578125,0,-0.06378173828125
47.9133,0,-0.0230712890625,0,-0.74169921875,0,-0.037139892578125,0,-0.14306640625
47.9248,0,-0.0230712890625,0,-0.74169921875,0,-0.04296875,0,-0.14306640625
47.9318,0,0.133544921875,0,-0.953125,0,-0.04296875,0,0.1412353515625
47.9441,0,0.133544921875,0,-0.953125,0,0.04833984375,0,0.1412353515625
47.9526,0,0.1463623046875,0,-0.953125,0,0.04833984375,0,0.17626953125
47.9652,0,0.1463623046875,0,0.427001953125,0,0.016510009765625,0,0.17626953125
47.9724,0,0.07305908203125,0,0.07220458984375,0,0.016510009765625,0,0.32568359375
47.9854,0,0.07305908203125,0,0.07220458984375,0,-0.037811279296875,0,0.32568359375
47.9928,0,-0.22265625,0,-0.37890625,0,-0.037811279296875,0,0.039947509765625
48.0054,0,-0.22265625,0,-0.37890625,0,-0.0404052734375,0,0.039947509765625
48.0136,0,-0.10009765625,0,-0.37890625,0,-0.0404052734375,0,0.039947509765625
48.0223,0,-0.10009765625,0,-0.173828125,0,-0.08929443359375,0,-0.19677734375
48.0319,0,0.126220703125,0,-0.173828125,0,-0.08929443359375,0,0.2166748046875
48.0462,0,0.126220703125,0,0.07763671875,0,-0.0306854248046875,0,0.2166748046875
48.0518,0,-0.09259033203125,0,0.07763671875,0,-0.0306854248046875,0,-0.214111328125
48.0655,0,-0.09259033203125,0,0.560546875,0,-0.040252685546875,0,-0.214111328125
48.0715,0,0.1136474609375,0,-0.46240234375,0,-0.040252685546875,0,0.058990478515625
48.0800,0,0.1136474609375,0,-0.46240234375,0,-0.0251007080078125,0,0.058990478515625
48.0921,0,-0.1533203125,0,0.481689453125,0,-0.0251007080078125,0,-0.1976318359375
48.1005,0,-0.1533203125,0,0.481689453125,0,-0.048828125,0,-0.1976318359375
48.1140,0,0.064453125,0,0.2066650390625,0,-0.048828125,0,0.1300048828125
48.1253,0,0.064453125,0,0.2066650390625,0,-0.041900634765625,0,0.1300048828125
48.1307,0,-0.1387939453125,0,0.2066650390625,0,-0.041900634765625,0,0.1300048828125
48.1440,0,-0.1387939453125,0,0.200439453125,0,-0.037353515625,0,0.0229644775390625
48.1548,0,0.0802001953125,0,0.200439453125,0,-0.037353515625,0,0.0229644775390625
48.1655,0,0.0802001953125,0,0.2415771484375,0,0.03643798828125,0,0.1715087890625
48.1757,0,-0.2015380859375,0,0.2415771484375,0,0.03643798828125,0,0.1715087890625
48.1863,0,-0.2015380859375,0,0.08062744140625,0,0.03643798828125,0,0.1387939453125
48.1946,0,0.11529541015625,0,0.08062744140625,0,-0.040008544921875,0,0.1387939453125
48.2037,0,0.11529541015625,0,-0.423583984375,0,-0.049957275390625,0,0.057342529296875
48.2144,0,0.10491943359375,0,-0.423583984375,0,-0.049957275390625,0,0.057342529296875
48.2256,0,0.10491943359375,0,0.2939453125,0,-0.049957275390625,0,-0.18310546875
48.2340,0,-0.0841064453125,0,0.2939453125,0,-0.044525146484375,0,-0.18310546875
48.2452,0,-0.0841064453125,0,-0.6396484375,0,-0.044525146484375,0,-0.10479736328125
48.2554,0,0.09918212890625,0,-0.6396484375,0,-0.06585693359375,0,-0.10479736328125
48.2598,0,0.09918212890625,0,0.43408203125,0,-0.0290985107421875,0,-0.027069091796875
48.2745,0,-0.032623291015625,0,0.43408203125,0,-0.0290985107421875,0,-0.027069091796875
48.2843,0,-0.032623291015625,0,-0.9150390625,0,-0.0290985107421875,0,-0.1708984375
48.2913,0,0.04815673828125,0,-0.9150390625,0,0.057098388671875,0,-0.1708984375
48.3055,0,0.04815673828125,0,-0.389404296875,0,0.057098388671875,0,0.2054443359375
48.3135,0,-0.043914794921875,0,-0.389404296875,0,-0.029937744140625,0,0.2054443359375
48.3203,0,-0.043914794921875,0,-0.81005859375,0,-0.029937744140625,0,-0.234375
48.3352,0,-0.1390380859375,0,0.54833984375,0,0.039886474609375,0,0.08038330078125
48.3483,0,-0.1390380859375,0,0.54833984375,0,-0.07012939453125,0,0.08038330078125
48.3543,0,-0.2119140625,0,0.54833984375,0,-0.07012939453125,0,0.08038330078125
48.3700,0,-0.2119140625,0,0.130859375,0,-0.07012939453125,0,0.1951904296875
48.3744,0,-0.2119140625,0,0.130859375,0,-0.05712890625,0,0.1951904296875
48.3827,0,0.05499267578125,0,-0.228515625,0,-0.05712890625,0,0.052520751953125
48.3965,0,0.05499267578125,0,-0.228515625,0,-0.052886962890625,0,0.052520751953125
48.4074,0,0.113525390625,0,-0.228515625,0,-0.052886962890625,0,0.07421875
48.4175,0,-0.13818359375,0,-0.8720703125,0,-0.078369140625,0,0.07421875
48.4311,0,-0.13818359375,0,0.46630859375,0,-0.050018310546875,0,-0.195556640625
48.4390,0,0.1827392578125,0,0.46630859375,0,-0.050018310546875,0,-0.09991455078125
48.4501,0,0.1827392578125,0,0.232666015625,0,-0.072021484375,0,-0.09991455078125
48.4610,0,0.107666015625,0,0.232666015625,0,-0.072021484375,0,-0.16796875
48.4722,0,0.107666015625,0,0.375,0,0.07623291015625,0,-0.16796875
48.4808,0,0.0208282470703125,0,0.375,0,0.07623291015625,0,0.07293701171875
48.4950,0,0.0208282470703125,0,-0.56494140625,0,-0.058013916015625,0,0.07293701171875
48.5013,0,-0.04443359375,0,-0.56494140625,0,-0.058013916015625,0,-0.296630859375
48.5123,0,-0.04443359375,0,0.279541015625,0,0.01470184326171875,0,-0.296630859375
48.5210,0,-0.1541748046875,0,0.279541015625,0,0.01470184326171875,0,-0.256103515625
48.5320,0,-0.1541748046875,0,0.5439453125,0,-0.1043701171875,0,-0.256103515625
48.5427,0,0.0765380859375,0,0.5439453125,0,-0.1043701171875,0,0.06591796875
48.5529,0,0.0765380859375,0,-0.03802490234375,0,-0.08355712890625,0,0.06591796875
48.5611,0,0.0743408203125,0,-0.03802490234375,0,-0.08355712890625,0,-0.01397705078125
48.5779,0,0.0743408203125,0,-0.5009765625,0,-0.060943603515625,0,-0.01397705078125
48.5815,0,-0.041900634765625,0,-0.5009765625,0,-0.060943603515625,0,0.14892578125
48.5929,0,-0.041900634765625,0,0.05242919921875,0,0.02984619140625,0,0.14892578125
48.6030,0,0.07611083984375,0,0.05242919921875,0,0.02984619140625,0,-0.159912109375
48.6123,0,0.07611083984375,0,0.029571533203125,0,0.005756378173828125,0,-0.159912109375
48.6212,0,-0.0190277099609375,0,0.029571533203125,0,0.005756378173828125,0,-0.159912109375
48.6340,0,-0.0190277099609375,0,0.45849609375,0,-0.052886962890625,0,0.1602783203125
48.6433,0,-0.15380859375,0,0.45849609375,0,-0.052886962890625,0,0.1602783203125
48.6527,0,-0.15380859375,0,-0.235107421875,0,-0.052886962890625,0,0.1663818359375
48.6629,0,-0.0794677734375,0,-0.235107421875,0,-0.07073974609375,0,0.253173828125
48.6733,0,-0.0794677734375,0,0.30224609375,0,-0.07073974609375,0,0.253173828125
48.6803,0,0.045074462890625,0,0.30224609375,0,0.022003173828125,0,-0.1668701171875
48.6928,0,0.045074462890625,0,0.317138671875,0,0.022003173828125,0,-0.1668701171875
48.7008,0,0.0222625732421875,0,0.317138671875,0,-0.0210723876953125,0,-0.1668701171875
48.7109,0,0.0222625732421875,0,0.5361328125,0,-0.0210723876953125,0,-0.0469970703125
48.7207,0,-0.13623046875,0,0.5361328125,0,-0.052459716796875,0,-0.11456298828125
48.7311,0,-0.13623046875,0,-0.42333984375,0,-0.052459716796875,0,-0.11456298828125
48.7391,0,0.10955810546875,0,-0.42333984375,0,-0.032867431640625,0,-0.07574462890625
48.7502,0,0.10955810546875,0,-0.7529296875,0,-0.032867431640625,0,-0.07574462890625
48.7596,0,0.10955810546875,0,-0.7529296875,0,-0.09625244140625,0,-0.07574462890625
48.7716,0,-0.1925048828125,0,-0.265625,0,-0.09625244140625,0,0.1942138671875
48.7852,0,-0.1925048828125,0,-0.265625,0,0.03753662109375,0,0.1942138671875
48.7947,0,-0.0699462890625,0,0.2154541015625,0,0.03753662109375,0,-0.216796875
48.7999,0,-0.002780914306640625,0,0.2154541015625,0,0.0560302734375,0,0.1314697265625
48.8108,0,-0.002780914306640625,0,0.05908203125,0,0.0560302734375,0,0.1314697265625
48.8212,0,-0.140625,0,0.05908203125,0,-0.1705322265625,0,-0.258056640625
48.8322,0,-0.140625,0,-0.6953125,0,-0.1705322265625,0,-0.258056640625
48.8404,0,-0.140625,0,-0.6953125,0,0.0618896484375,0,-0.258056640625
48.8530,0,-0.10186767578125,0,-0.6953125,0,0.0618896484375,0,0.1041259765625
48.8639,0,-0.10186767578125,0,-0.1265869140625,0,0.04278564453125,0,0.1041259765625
48.8740,0,0.170654296875,0,-0.1265869140625,0,0.04278564453125,0,-0.23291015625
48.8808,0,0.170654296875,0,0.025238037109375,0,0.101318359375,0,-0.1361083984375
48.8945,0,0.0079345703125,0,0.473388671875,0,0.101318359375,0,-0.1361083984375
48.9047,0,0.0079345703125,0,0.473388671875,0,0.060089111328125,0,-0.1361083984375
48.9118,0,0.08868408203125,0,0.473388671875,0,0.060089111328125,0,-0.251953125
48.9242,0,0.08868408203125,0,0.298583984375,0,-0.042236328125,0,-0.251953125
48.9322,0,-0.049713134765625,0,0.298583984375,0,-0.042236328125,0,-0.1519775390625
48.9435,0,-0.049713134765625,0,-0.125732421875,0,-0.051727294921875,0,-0.1519775390625
48.9518,0,-0.0950927734375,0,-0.125732421875,0,-0.051727294921875,0,0.1727294921875
48.9631,0,-0.0950927734375,0,-0.1793212890625,0,-0.05120849609375,0,0.1727294921875
48.9736,0,0.1585693359375,0,0.48095703125,0,-0.05120849609375,0,-0.150146484375
48.9854,0,0.1585693359375,0,0.48095703125,0,-0.038604736328125,0,-0.150146484375
48.9917,0,-0.112548828125,0,0.48095703125,0,-0.038604736328125,0,-0.052154541015625
49.0056,0,-0.112548828125,0,0.19384765625,0,-0.0623779296875,0,-0.052154541015625
49.0130,0,-0.05255126953125,0,0.19384765625,0,-0.0623779296875,0,0.238525390625
49.0248,0,-0.05255126953125,0,0.27734375,0,-0.031524658203125,0,0.238525390625
49.0325,0,0.03387451171875,0,0.27734375,0,-0.031524658203125,0,0.148193359375
49.0406,0,0.03387451171875,0,-0.474365234375,0,-0.023101806640625,0,0.148193359375
49.0522,0,0.06414794921875,0,-0.474365234375,0,-0.023101806640625,0,0.17236328125
49.0637,0,0.06414794921875,0,0.206298828125,0,-0.03277587890625,0,0.17236328125
49.0692,0,0.06683349609375,0,0.206298828125,0,-0.03277587890625,0,0.1070556640625
49.0837,0,0.06683349609375,0,0.06695556640625,0,-0.0606689453125,0,0.1070556640625
49.0927,0,0.06683349609375,0,0.06695556640625,0,-0.0606689453125,0,-0.2041015625
49.0983,0,0.07745361328125,0,0.157958984375,0,-0.0294189453125,0,-0.2041015625
49.1119,0,0.07745361328125,0,0.157958984375,0,-0.0294189453125,0,0.155029296875
49.1229,0,-0.1656494140625,0,0.062164306640625,0,-0.08746337890625,0,0.155029296875
49.1294,0,-0.033294677734375,0,0.062164306640625,0,-0.08746337890625,0,-0.23095703125
49.1431,0,-0.033294677734375,0,0.0209197998046875,0,-0.08746337890625,0,-0.23095703125
49.1516,0,-0.033294677734375,0,0.0209197998046875,0,-0.0129852294921875,0,0.2021484375
49.1624,0,-0.033203125,0,-0.60400390625,0,-0.0129852294921875,0,0.2021484375
49.1697,0,-0.033203125,0,-0.60400390625,0,-0.058074951171875,0,-0.25927734375
49.1835,0,0.0247344970703125,0,-0.80419921875,0,-0.058074951171875,0,-0.25927734375
49.1950,0,0.0247344970703125,0,-0.80419921875,0,-0.050811767578125,0,-0.107421875
49.2036,0,0.05792236328125,0,0.359619140625,0,-0.050811767578125,0,-0.107421875
49.2119,0,0.05792236328125,0,0.359619140625,0,-0.0382080078125,0,-0.2099609375
49.2202,0,0.14697265625,0,-1.0927734375,0,-0.0382080078125,0,-0.2099609375
49.2343,0,0.14697265625,0,-1.0927734375,0,-0.10748291015625,0,-0.0191497802734375
49.2436,0,-0.1561279296875,0,0.358642578125,0,-0.10748291015625,0,-0.0191497802734375
49.2511,0,-0.1561279296875,0,0.358642578125,0,-0.05145263671875,0,0.038543701171875
49.2639,0,-0.045806884765625,0,0.04827880859375,0,-0.05145263671875,0,0.038543701171875
49.2703,0,-0.045806884765625,0,0.04827880859375,0,-0.034271240234375,0,0.055084228515625
49.2795,0,-0.2232666015625,0,-0.7587890625,0,-0.034271240234375,0,0.055084228515625
49.2916,0,-0.2232666015625,0,-0.7587890625,0,-0.0391845703125,0,-0.1895751953125
49.3007,0,-0.044464111328125,0,0.225341796875,0,-0.0391845703125,0,-0.1895751953125
49.3134,0,-0.044464111328125,0,0.225341796875,0,-0.120849609375,0,-0.041351318359375
49.3204,0,0.060089111328125,0,0.179931640625,0,-0.120849609375,0,-0.041351318359375
49.3331,0,0.060089111328125,0,0.179931640625,0,-0.07220458984375,0,-0.041351318359375
49.3492,0,0.07269287109375,0,-1.158203125,0,-0.0863037109375,0,0.158447265625
49.3554,0,0.07269287109375,0,-1.158203125,0,-0.0863037109375,0,0.13720703125
49.3608,0,0.05535888671875,0,-0.99169921875,0,-0.0863037109375,0,0.13720703125
49.3747,0,0.05535888671875,0,-0.99169921875,0,-0.061492919921875,0,0.13720703125
49.3871,0,-0.0297393798828125,0,-0.99169921875,0,-0.061492919921875,0,0.0792236328125
49.3975,0,-0.0297393798828125,0,0.229248046875,0,-0.02972412109375,0,0.0792236328125
49.4080,0,-0.143798828125,0,0.229248046875,0,-0.02972412109375,0,0.2178955078125
49.4174,0,-0.143798828125,0,0.07470703125,0,-0.0290679931640625,0,0.2178955078125
49.4285,0,0.1417236328125,0,0.07470703125,0,-0.0290679931640625,0,-0.2001953125
49.4361,0,0.1417236328125,0,-0.34619140625,0,-0.04827880859375,0,-0.2001953125
49.4487,0,-0.0175628662109375,0,-0.34619140625,0,-0.04827880859375,0,0.1815185546875
49.4562,0,-0.0175628662109375,0,-0.087158203125,0,-0.1331787109375,0,0.1815185546875
49.4621,0,-0.1514892578125,0,-0.087158203125,0,-0.1331787109375,0,0.203369140625
49.4784,0,-0.1514892578125,0,0.591796875,0,-0.08660888671875,0,0.203369140625
49.4856,0,-0.055084228515625,0,0.591796875,0,-0.08660888671875,0,0.10369873046875
49.4955,0,-0.055084228515625,0,0.1314697265625,0,-0.07763671875,0,0.10369873046875
49.5098,0,-0.055084228515625,0,0.1314697265625,0,-0.07763671875,0,0.17138671875
49.5153,0,0.11590576171875,0,0.3134765625,0,0.040618896484375,0,0.17138671875
49.5242,0,-0.0985107421875,0,0.3134765625,0,0.040618896484375,0,-0.0701904296875
49.5379,0,-0.0985107421875,0,-0.31787109375,0,0.040618896484375,0,-0.0701904296875
49.5443,0,0.1529541015625,0,-0.31787109375,0,-0.050445556640625,0,-0.147216796875
49.5611,0,0.1529541015625,0,0.48876953125,0,-0.050445556640625,0,-0.147216796875
49.5654,0,-0.1053466796875,0,0.48876953125,0,-0.020172119140625,0,0.1470947265625
49.5770,0,-0.1053466796875,0,0.53369140625,0,-0.020172119140625,0,0.1470947265625
49.5900,0,-0.1053466796875,0,0.53369140625,0,-0.049285888671875,0,0.1075439453125
49.5981,0,0.0251312255859375,0,0.420654296875,0,0.07843017578125,0,0.1075439453125
49.6100,0,0.0251312255859375,0,0.420654296875,0,0.07843017578125,0,-0.0643310546875
49.6178,0,0.07855224609375,0,-0.2081298828125,0,0.07843017578125,0,-0.0643310546875
49.6284,0,0.07855224609375,0,-0.2081298828125,0,-0.1044921875,0,0.1287841796875
49.6346,0,0.0677490234375,0,0.317138671875,0,-0.1044921875,0,0.1287841796875
49.6433,0,0.0677490234375,0,0.317138671875,0,-0.038818359375,0,-0.1790771484375
49.6499,0,0.062744140625,0,0.546875,0,-0.038818359375,0,-0.1790771484375
49.6584,0,0.062744140625,0,0.546875,0,-0.027557373046875,0,0.1484375
49.6726,0,0.032257080078125,0,-0.50537109375,0,-0.027557373046875,0,0.1484375
49.6791,0,0.032257080078125,0,-0.50537109375,0,0.006870269775390625,0,-0.059478759765625
49.6943,0,0.01555633544921875,0,-0.50537109375,0,0.006870269775390625,0,-0.059478759765625
49.7005,0,0.01555633544921875,0,0.034088134765625,0,-0.029571533203125,0,-0.059478759765625
49.7101,0,-0.1805419921875,0,0.034088134765625,0,-0.029571533203125,0,0.07305908203125
49.7205,0,-0.1805419921875,0,0.191650390625,0,-0.04718017578125,0,0.1490478515625
49.7313,0,0.1395263671875,0,0.361083984375,0,-0.04718017578125,0,0.1490478515625
49.7368,0,0.1395263671875,0,0.361083984375,0,-0.0350341796875,0,0.2010498046875
49.7480,0,-0.04833984375,0,0.361083984375,0,-0.0350341796875,0,0.2010498046875
49.7617,0,-0.04833984375,0,-0.43505859375,0,-0.0501708984375,0,-0.205322265625
49.7696,0,0.06707763671875,0,0.45068359375,0,-0.0501708984375,0,-0.205322265625
49.7774,0,0.06707763671875,0,0.45068359375,0,-0.0225677490234375,0,-0.205322265625
49.7881,0,0.06707763671875,0,0.45068359375,0,-0.0225677490234375,0,0.01367950439453125
49.7966,0,-0.08148193359375,0,0.425537109375,0,-0.1046142578125,0,0.01367950439453125
49.8094,0,-0.08148193359375,0,0.425537109375,0,-0.1046142578125,0,0.1881103515625
49.8170,0,-0.2073974609375,0,0.28564453125,0,-0.1046142578125,0,0.1881103515625
49.8282,0,-0.046051025390625,0,0.28564453125,0,-0.01873779296875,0,0.1787109375
49.8358,0,-0.046051025390625,0,0.03582763671875,0,-0.01873779296875,0,0.1787109375
49.8467,0,-0.046051025390625,0,0.03582763671875,0,-0.03753662109375,0,-0.171875
49.8563,0,-0.1307373046875,0,-0.474853515625,0,-0.06842041015625,0,-0.171875
49.8673,0,-0.1307373046875,0,-0.474853515625,0,-0.06842041015625,0,0.1724853515625
49.8773,0,0.07421875,0,-0.2261962890625,0,-0.06842041015625,0,0.1724853515625
49.8887,0,0.07421875,0,-0.2261962890625,0,-0.037109375,0,-0.17236328125
49.8972,0,0.040771484375,0,0.32080078125,0,-0.037109375,0,-0.17236328125
49.9103,0,0.040771484375,0,0.32080078125,0,-0.11187744140625,0,0.2103271484375
49.9163,0,0.023956298828125,0,-0.088623046875,0,-0.07318115234375,0,0.2103271484375
49.9276,0,0.023956298828125,0,-0.088623046875,0,-0.07318115234375,0,-0.1431884765625
49.9445,0,0.047210693359375,0,-0.2471923828125,0,-0.07318115234375,0,-0.1431884765625
49.9513,0,0.047210693359375,0,-0.2471923828125,0,-0.038848876953125,0,0.1490478515625
49.9574,0,-0.0933837890625,0,-0.394775390625,0,-0.038848876953125,0,0.1490478515625
49.9711,0,-0.0933837890625,0,-0.394775390625,0,-0.08184814453125,0,0.2198486328125
49.9851,0,0.135986328125,0,-0.1815185546875,0,-0.08184814453125,0,0.2198486328125
49.9954,0,0.135986328125,0,-0.1815185546875,0,-0.041839599609375,0,0.1805419921875
50.0050,0,-0.04046630859375,0,-0.58154296875,0,-0.041839599609375,0,0.1805419921875
50.0138,0,-0.04046630859375,0,-0.58154296875,0,-0.08026123046875,0,-0.1719970703125
50.0274,0,-0.21728515625,0,0.08843994140625,0,-0.08026123046875,0,-0.1719970703125
50.0328,0,-0.21728515625,0,0.08843994140625,0,-0.0290374755859375,0,0.1754150390625
50.0403,0,-0.022674560546875,0,0.329833984375,0,-0.0290374755859375,0,0.1754150390625
50.0547,0,-0.022674560546875,0,0.329833984375,0,-0.089111328125,0,-0.275634765625
50.0661,0,0.1678466796875,0,0.1463623046875,0,-0.089111328125,0,-0.275634765625
50.0709,0,0.1678466796875,0,0.1463623046875,0,0.10443115234375,0,-0.20361328125
50.0792,0,-0.16064453125,0,-0.1240234375,0,0.10443115234375,0,-0.20361328125
50.0917,0,-0.16064453125,0,-0.1240234375,0,-0.05621337890625,0,0.1839599609375
50.0988,0,0.1785888671875,0,0.264892578125,0,-0.05621337890625,0,0.1839599609375
50.1104,0,0.1785888671875,0,0.264892578125,0,-0.0218658447265625,0,0.219970703125
50.1187,0,0.140869140625,0,-0.0343017578125,0,-0.0218658447265625,0,0.219970703125
50.1296,0,0.140869140625,0,-0.0343017578125,0,-0.057342529296875,0,-0.109130859375
50.1381,0,0.13330078125,0,0.315673828125,0,-0.057342529296875,0,-0.109130859375
50.1491,0,0.13330078125,0,0.315673828125,0,-0.031829833984375,0,-0.03009033203125
50.1592,0,-0.139892578125,0,0.0233917236328125,0,-0.031829833984375,0,-0.03009033203125
50.1730,0,-0.139892578125,0,0.0233917236328125,0,-0.07403564453125,0,-0.03009033203125
50.1792,0,-0.049774169921875,0,0.0233917236328125,0,-0.07403564453125,0,0.1943359375
50.1898,0,-0.049774169921875,0,0.42138671875,0,-0.05963134765625,0,-0.206787109375
50.1981,0,0.04541015625,0,0.444091796875,0,-0.05963134765625,0,-0.206787109375
50.2093,0,0.04541015625,0,0.444091796875,0,-0.05389404296875,0,0.126220703125
50.2241,0,0.07733154296875,0,-0.382080078125,0,-0.05389404296875,0,0.126220703125
50.2292,0,0.07733154296875,0,-0.382080078125,0,0.019012451171875,0,-0.19921875
50.2448,0,-0.131591796875,0,0.454833984375,0,0.019012451171875,0,-0.19921875
50.2512,0,-0.131591796875,0,0.454833984375,0,0.0216522216796875,0,-0.19921875
50.2572,0,0.0258636474609375,0,0.454833984375,0,0.0216522216796875,0,-0.0291290283203125
50.2681,0,0.0258636474609375,0,-0.52294921875,0,-0.035797119140625,0,-0.0291290283203125
50.2767,0,-0.09722900390625,0,-0.52294921875,0,-0.035797119140625,0,0.171142578125
50.2876,0,-0.09722900390625,0,0.128662109375,0,-0.0758056640625,0,0.171142578125
50.2984,0,-0.09722900390625,0,0.128662109375,0,-0.0758056640625,0,0.12261962890625
50.3125,0,0.150146484375,0,-0.8115234375,0,-0.10260009765625,0,0.12261962890625
50.3235,0,0.150146484375,0,-0.8115234375,0,-0.10260009765625,0,-0.0174407958984375
50.3280,0,-0.133544921875,0,-0.7451171875,0,-0.04656982421875,0,-0.0174407958984375
50.3413,0,-0.133544921875,0,-0.7451171875,0,-0.04656982421875,0,-0.1612548828125
50.3587,0,-0.1546630859375,0,-0.128662109375,0,-0.0782470703125,0,0.04339599609375
50.3682,0,-0.1983642578125,0,0.271484375,0,-0.0782470703125,0,0.04339599609375
50.3748,0,-0.1983642578125,0,0.271484375,0,-0.0379638671875,0,0.04339599609375
50.3925,0,-0.1983642578125,0,0.271484375,0,-0.0379638671875,0,-0.079345703125
50.3957,0,0.09136962890625,0,0.4169921875,0,-0.054229736328125,0,-0.079345703125
50.4102,0,0.09136962890625,0,0.4169921875,0,-0.054229736328125,0,0.1728515625
50.4161,0,0.08294677734375,0,0.21044921875,0,-0.070068359375,0,0.1728515625
50.4296,0,-0.1005859375,0,0.21044921875,0,-0.070068359375,0,0.15576171875
50.4345,0,-0.1005859375,0,0.263671875,0,-0.07366943359375,0,0.15576171875
50.4481,0,-0.1005859375,0,0.263671875,0,-0.07366943359375,0,-0.223876953125
50.4576,0,0.069091796875,0,0.49365234375,0,-0.0638427734375,0,-0.223876953125
50.4676,0,0.069091796875,0,0.49365234375,0,-0.0638427734375,0,0.08282470703125
50.4751,0,-0.0298919677734375,0,0.5146484375,0,-0.036041259765625,0,0.08282470703125
50.4823,0,-0.0298919677734375,0,0.5146484375,0,-0.036041259765625,0,-0.1624755859375
50.4990,0,0.034454345703125,0,0.53369140625,0,-0.036041259765625,0,-0.1624755859375
50.5112,0,0.034454345703125,0,0.53369140625,0,-0.031829833984375,0,0.2227783203125
50.5185,0,0.1484375,0,-0.2484130859375,0,-0.031829833984375,0,0.2227783203125
50.5306,0,0.1484375,0,-0.2484130859375,0,-0.03515625,0,-0.1005859375
50.5395,0,-0.1448974609375,0,-0.82373046875,0,-0.03515625,0,-0.1005859375
50.5445,0,-0.1448974609375,0,-0.82373046875,0,-0.07745361328125,0,-0.0212554931640625
50.5564,0,0.01861572265625,0,0.462158203125,0,-0.0413818359375,0,-0.0212554931640625
50.5644,0,0.01861572265625,0,0.462158203125,0,-0.0413818359375,0,0.0714111328125
50.5744,0,-0.2275390625,0,0.1182861328125,0,-0.0413818359375,0,0.0714111328125
50.5934,0,-0.2275390625,0,0.1182861328125,0,-0.0958251953125,0,-0.0219879150390625
50.5957,0,0.0574951171875,0,0.47705078125,0,-0.0958251953125,0,-0.0219879150390625
50.6027,0,0.0574951171875,0,0.47705078125,0,0.03955078125,0,0.1500244140625
50.6204,0,0.1839599609375,0,-0.21826171875,0,-0.0496826171875,0,0.1500244140625
50.6232,0,0.1839599609375,0,-0.21826171875,0,-0.0496826171875,0,-0.1513671875
50.6375,0,0.135009765625,0,-0.1318359375,0,-0.09649658203125,0,-0.1513671875
50.6470,0,0.135009765625,0,-0.1318359375,0,-0.09649658203125,0,0.12335205078125
50.6534,0,0.181640625,0,-0.11419677734375,0,-0.09649658203125,0,0.12335205078125
50.6618,0,0.181640625,0,-0.11419677734375,0,-0.07562255859375,0,-0.1549072265625
50.6773,0,-0.1636962890625,0,-0.74609375,0,-0.07562255859375,0,-0.1549072265625
50.6819,0,-0.1636962890625,0,-0.74609375,0,-0.1065673828125,0,0.11187744140625
50.6938,0,-0.09075927734375,0,-0.74609375,0,-0.1065673828125,0,0.11187744140625
50.7068,0,-0.09075927734375,0,0.15625,0,-0.05194091796875,0,0.11187744140625
50.7127,0,-0.11151123046875,0,0.15625,0,-0.05194091796875,0,-0.2293701171875
50.7276,0,-0.11151123046875,0,0.474853515625,0,-0.10394287109375,0,-0.2293701171875
50.7331,0,-0.11151123046875,0,0.474853515625,0,-0.10394287109375,0,0.149169921875
50.7493,0,0.07708740234375,0,-0.473876953125,0,-0.038238525390625,0,0.149169921875
50.7554,0,-0.1998291015625,0,-0.473876953125,0,-0.038238525390625,0,0.04583740234375
50.7687,0,-0.1998291015625,0,-0.2176513671875,0,-0.03936767578125,0,-0.244873046875
50.7750,0,0.09857177734375,0,-0.2176513671875,0,-0.03936767578125,0,-0.244873046875
50.7903,0,0.09857177734375,0,0.34912109375,0,0.07733154296875,0,-0.1533203125
50.7977,0,-0.1959228515625,0,0.34912109375,0,0.07733154296875,0,-0.1533203125
50.8101,0,-0.1959228515625,0,0.2418212890625,0,-0.0562744140625,0,-0.1533203125
50.8187,0,0.1673583984375,0,0.2418212890625,0,-0.0562744140625,0,-0.1058349609375
50.8302,0,0.1673583984375,0,-0.9873046875,0,-0.050262451171875,0,-0.1058349609375
50.8391,0,0.1673583984375,0,-0.9873046875,0,-0.050262451171875,0,-0.09979248046875
50.8480,0,-0.1292724609375,0,-0.301513671875,0,-0.052978515625,0,-0.09979248046875
50.8597,0,-0.1292724609375,0,-0.301513671875,0,-0.052978515625,0,-0.10821533203125
50.8701,0,0.1497802734375,0,0.313232421875,0,-0.07708740234375,0,-0.10821533203125
50.8783,0,0.1497802734375,0,0.313232421875,0,-0.07708740234375,0,0.264892578125
50.8901,0,0.1571044921875,0,0.11724853515625,0,-0.0211181640625,0,0.264892578125
50.8974,0,0.1571044921875,0,0.11724853515625,0,-0.0211181640625,0,-0.138916015625
50.9068,0,-0.0950927734375,0,0.170654296875,0,0.03875732421875,0,-0.138916015625
50.9169,0,-0.0950927734375,0,0.170654296875,0,0.03875732421875,0,0.09466552734375
50.9233,0,-0.2088623046875,0,0.1640625,0,-0.0838623046875,0,0.09466552734375
50.9382,0,-0.2088623046875,0,0.1640625,0,-0.0838623046875,0,0.062225341796875
50.9498,0,-0.177001953125,0,0.5283203125,0,-0.03753662109375,0,0.062225341796875
50.9582,0,-0.177001953125,0,0.5283203125,0,-0.03753662109375,0,-0.162109375
50.9640,0,-0.1903076171875,0,-0.455810546875,0,-0.06011962890625,0,-0.162109375
50.9774,0,-0.1903076171875,0,-0.455810546875,0,-0.06011962890625,0,0.09918212890625
50.9824,0,-0.1383056640625,0,0.095458984375,0,0.053619384765625,0,0.09918212890625
50.9974,0,-0.1383056640625,0,0.095458984375,0,0.053619384765625,0,0.055419921875
51.0110,0,0.03973388671875,0,0.59228515625,0,-0.0689697265625,0,0.055419921875
51.0172,0,0.03973388671875,0,0.59228515625,0,-0.0689697265625,0,0.00749969482421875
51.0232,0,0.1221923828125,0,0.276123046875,0,0.050506591796875,0,0.00749969482421875
51.0380,0,0.1221923828125,0,0.276123046875,0,0.050506591796875,0,-0.2054443359375
51.0495,0,0.090087890625,0,-0.53173828125,0,-0.041534423828125,0,-0.2054443359375
51.0582,0,0.090087890625,0,-0.53173828125,0,-0.041534423828125,0,0.2159423828125
51.0743,0,-0.15185546875,0,0.31396484375,0,0.01142120361328125,0,-0.058502197265625
51.0803,0,-0.1927490234375,0,0.31396484375,0,-0.069091796875,0,-0.058502197265625
51.0950,0,-0.1927490234375,0,0.0416259765625,0,-0.069091796875,0,-0.271484375
51.1069,0,0.03607177734375,0,-0.19873046875,0,0.0181121826171875,0,-0.271484375
51.1138,0,0.03607177734375,0,-0.19873046875,0,0.0181121826171875,0,0.1358642578125
51.1275,0,-0.1571044921875,0,0.390380859375,0,-0.047454833984375,0,0.1358642578125
51.1344,0,-0.1571044921875,0,0.390380859375,0,-0.047454833984375,0,-0.10272216796875
51.1389,0,-0.06658935546875,0,0.390380859375,0,-0.0360107421875,0,-0.10272216796875
51.1548,0,-0.06658935546875,0,0.2010498046875,0,-0.0360107421875,0,-0.0212249755859375
51.1608,0,0.084228515625,0,0.2010498046875,0,-0.0221099853515625,0,-0.0212249755859375
51.1696,0,0.084228515625,0,0.40771484375,0,-0.0221099853515625,0,0.01277923583984375
51.1868,0,0.13916015625,0,0.40771484375,0,-0.0221099853515625,0,0.01277923583984375
51.1956,0,0.13916015625,0,-0.796875,0,-0.040130615234375,0,0.17822265625
51.2046,0,0.0709228515625,0,-0.796875,0,-0.040130615234375,0,0.17822265625
51.2156,0,0.0709228515625,0,-1.07421875,0,0.1072998046875,0,0.2484130859375
51.2258,0,-0.1160888671875,0,-1.07421875,0,0.1072998046875,0,0.2484130859375
51.2356,0,-0.1160888671875,0,0.444580078125,0,-0.0229644775390625,0,0.15478515625
51.2490,0,-0.1226806640625,0,0.444580078125,0,-0.0229644775390625,0,0.15478515625
51.2558,0,-0.1226806640625,0,0.337646484375,0,-0.0643310546875,0,-0.11846923828125
51.2671,0,-0.054107666015625,0,0.337646484375,0,-0.0643310546875,0,-0.11846923828125
51.2763,0,-0.054107666015625,0,0.064697265625,0,-0.0219573974609375,0,-0.11846923828125
51.2834,0,-0.29052734375,0,0.064697265625,0,-0.0219573974609375,0,-0.1593017578125
51.2917,0,-0.29052734375,0,0.30029296875,0,-0.03997802734375,0,0.155517578125
51.3045,0,-0.236328125,0,0.30029296875,0,-0.03997802734375,0,0.155517578125
51.3145,0,-0.236328125,0,0.464599609375,0,-0.024505615234375,0,-0.206787109375
51.3262,0,-0.0677490234375,0,0.464599609375,0,-0.024505615234375,0,-0.206787109375
51.3324,0,-0.0677490234375,0,-0.16259765625,0,-0.026947021484375,0,-0.206787109375
51.3467,0,-0.1383056640625,0,-0.16259765625,0,-0.026947021484375,0,0.0213775634765625
51.3551,0,-0.1383056640625,0,0.2861328125,0,-0.0138397216796875,0,0.0213775634765625
51.3659,0,0.028045654296875,0,0.2861328125,0,-0.0138397216796875,0,-0.10968017578125
51.3820,0,-0.06842041015625,0,0.421875,0,-0.1370849609375,0,-0.172607421875
51.3897,0,-0.06842041015625,0,-0.3408203125,0,-0.04180908203125,0,-0.172607421875
51.3988,0,-0.06842041015625,0,-0.3408203125,0,-0.04180908203125,0,0.06658935546875
51.4091,0,0.1719970703125,0,-0.3408203125,0,-0.04180908203125,0,0.06658935546875
51.4172,0,0.1719970703125,0,-0.59765625,0,-0.04937744140625,0,0.06658935546875
51.4297,0,0.055023193359375,0,-0.59765625,0,-0.04937744140625,0,0.08331298828125
51.4381,0,0.055023193359375,0,0.43017578125,0,-0.0733642578125,0,0.08331298828125
51.4481,0,0.11749267578125,0,0.43017578125,0,-0.0733642578125,0,0.0170440673828125
51.4584,0,0.11749267578125,0,0.5078125,0,0.05499267578125,0,0.0170440673828125
51.4677,0,-0.1822509765625,0,0.5078125,0,0.05499267578125,0,-0.2083740234375
51.4775,0,-0.1822509765625,0,0.190185546875,0,-0.038299560546875,0,-0.2083740234375
51.4885,0,-0.1822509765625,0,0.190185546875,0,-0.038299560546875,0,-0.2548828125
51.4970,0,-0.1697998046875,0,-0.06927490234375,0,0.0271759033203125,0,-0.2548828125
51.5101,0,-0.1697998046875,0,-0.06927490234375,0,0.0271759033203125,0,-0.1485595703125
51.5189,0,0.09722900390625,0,-0.138427734375,0,-0.03759765625,0,-0.1485595703125
51.5298,0,0.09722900390625,0,-0.138427734375,0,-0.03759765625,0,-0.196044921875
51.5379,0,0.140380859375,0,0.3447265625,0,0.032867431640625,0,-0.196044921875
51.5491,0,0.140380859375,0,0.3447265625,0,0.032867431640625,0,-0.16015625
51.5605,0,0.1019287109375,0,0.35888671875,0,-0.08380126953125,0,-0.16015625
51.5692,0,0.0933837890625,0,0.35888671875,0,-0.08380126953125,0,0.1859130859375
51.5798,0,0.0933837890625,0,0.283447265625,0,-0.071044921875,0,0.1859130859375
51.5896,0,0.0933837890625,0,0.283447265625,0,-0.071044921875,0,-0.2349853515625
51.5981,0,0.0654296875,0,0.3466796875,0,-0.044647216796875,0,-0.2349853515625
51.6101,0,0.0654296875,0,0.3466796875,0,-0.044647216796875,0,-0.004547119140625
51.6167,0,0.1046142578125,0,-0.0870361328125,0,0.025543212890625,0,-0.004547119140625
51.6297,0,0.1046142578125,0,-0.0870361328125,0,0.025543212890625,0,-0.08575439453125
51.6372,0,0.1429443359375,0,0.34765625,0,0.07952880859375,0,-0.08575439453125
51.6484,0,0.1429443359375,0,0.34765625,0,0.07952880859375,0,-0.191162109375
51.6601,0,0.020111083984375,0,-0.0552978515625,0,-0.0294189453125,0,-0.191162109375
51.6686,0,0.020111083984375,0,-0.0552978515625,0,-0.0294189453125,0,-0.1343994140625
51.6775,0,0.09393310546875,0,0.47509765625,0,-0.035064697265625,0,-0.1343994140625
51.6892,0,0.09393310546875,0,0.47509765625,0,-0.035064697265625,0,-0.0693359375
51.6977,0,0.07781982421875,0,0.2315673828125,0,-0.044219970703125,0,-0.0693359375
51.7089,0,0.07781982421875,0,0.2315673828125,0,-0.044219970703125,0,0.26025390625
51.7168,0,-0.037750244140625,0,0.1119384765625,0,-0.0310516357421875,0,0.26025390625
51.7288,0,-0.037750244140625,0,0.1119384765625,0,-0.0310516357421875,0,0.04437255859375
51.7376,0,-0.1402587890625,0,-0.53125,0,-0.057525634765625,0,0.04437255859375
51.7487,0,-0.1402587890625,0,-0.53125,0,-0.057525634765625,0,0.035736083984375
51.7610,0,0.14501953125,0,0.599609375,0,-0.030609130859375,0,0.035736083984375
51.7699,0,0.14501953125,0,0.599609375,0,-0.030609130859375,0,-0.263427734375
51.7790,0,0.1407470703125,0,0.5302734375,0,-0.0697021484375,0,-0.263427734375
51.7932,0,0.1407470703125,0,0.5302734375,0,-0.0697021484375,0,0.1455078125
51.7990,0,-0.17919921875,0,0.28759765625,0,-0.0697021484375,0,0.1455078125
51.8095,0,-0.17919921875,0,0.28759765625,0,-0.047332763671875,0,-0.1773681640625
51.8178,0,0.156982421875,0,0.28369140625,0,-0.047332763671875,0,-0.1773681640625
51.8361,0,-0.197509765625,0,-0.08209228515625,0,-0.0142822265625,0,0.19140625
51.8494,0,-0.197509765625,0,-0.08209228515625,0,-0.05126953125,0,0.1746826171875
51.8554,0,0.1343994140625,0,-0.08209228515625,0,-0.05126953125,0,0.1746826171875
51.8668,0,0.1343994140625,0,-0.063232421875,0,-0.1334228515625,0,-0.06964111328125
51.8757,0,-0.0889892578125,0,-0.063232421875,0,-0.1334228515625,0,-0.06964111328125
51.8858,0,-0.0889892578125,0,0.2064208984375,0,0.025054931640625,0,-0.05218505859375
51.8967,0,-0.1279296875,0,0.2064208984375,0,0.025054931640625,0,-0.05218505859375
51.9053,0,-0.1279296875,0,0.039520263671875,0,-0.0816650390625,0,-0.05218505859375
51.9146,0,-0.11614990234375,0,0.039520263671875,0,-0.0816650390625,0,-0.12060546875
51.9276,0,-0.11614990234375,0,-0.115478515625,0,-0.0261383056640625,0,0.12091064453125
51.9351,0,-0.0183258056640625,0,-0.115478515625,0,-0.0261383056640625,0,0.12091064453125
51.9464,0,-0.0183258056640625,0,0.11578369140625,0,-0.10748291015625,0,0.12091064453125
51.9565,0,-0.0765380859375,0,0.11578369140625,0,-0.10748291015625,0,-0.2088623046875
51.9667,0,-0.0765380859375,0,0.1265869140625,0,-0.0760498046875,0,-0.2088623046875
51.9750,0,-0.171875,0,0.1265869140625,0,-0.0760498046875,0,0.08221435546875
51.9848,0,-0.171875,0,0.21142578125,0,-0.09100341796875,0,0.08221435546875
51.9926,0,0.058502197265625,0,0.21142578125,0,-0.09100341796875,0,-0.054962158203125
52.0055,0,0.058502197265625,0,0.039794921875,0,-0.088134765625,0,-0.054962158203125
52.0157,0,-0.153564453125,0,0.039794921875,0,-0.088134765625,0,0.1636962890625
52.0257,0,-0.153564453125,0,0.5390625,0,-0.09771728515625,0,0.1636962890625
52.0354,0,-0.020660400390625,0,0.5390625,0,-0.09771728515625,0,0.263916015625
52.0467,0,-0.020660400390625,0,-0.153076171875,0,-0.07757568359375,0,0.263916015625
52.0517,0,-0.11700439453125,0,-0.153076171875,0,-0.07757568359375,0,0.048309326171875
52.0655,0,-0.11700439453125,0,-0.1436767578125,0,0.07232666015625,0,0.048309326171875
52.0759,0,0.019989013671875,0,-0.1436767578125,0,0.07232666015625,0,-0.286376953125
52.0835,0,0.019989013671875,0,0.270751953125,0,-0.0859375,0,-0.286376953125
52.0968,0,0.019989013671875,0,0.270751953125,0,-0.0859375,0,0.1737060546875
52.1079,0,0.07305908203125,0,-0.219482421875,0,-0.0186309814453125,0,0.1737060546875
52.1167,0,0.07305908203125,0,-0.219482421875,0,-0.0186309814453125,0,0.1182861328125
52.1288,0,0.064208984375,0,0.2120361328125,0,-0.0186309814453125,0,0.1182861328125
52.1370,0,0.064208984375,0,0.2120361328125,0,-0.055419921875,0,-0.059112548828125
52.1481,0,0.046875,0,0.1734619140625,0,-0.055419921875,0,-0.059112548828125
52.1577,0,0.046875,0,0.1734619140625,0,-0.0645751953125,0,-0.1915283203125
52.1687,0,0.0748291015625,0,0.39697265625,0,-0.0645751953125,0,-0.1915283203125
52.1774,0,0.0748291015625,0,0.39697265625,0,-0.0264739990234375,0,-0.05780029296875
52.1891,0,-0.0163726806640625,0,-0.439697265625,0,-0.0264739990234375,0,-0.05780029296875
52.1979,0,-0.0163726806640625,0,-0.439697265625,0,0.057464599609375,0,0.05902099609375
52.2105,0,0.034698486328125,0,-0.439697265625,0,0.057464599609375,0,0.05902099609375
52.2173,0,0.034698486328125,0,0.263916015625,0,0.048919677734375,0,-0.149658203125
52.2288,0,0.173095703125,0,0.263916015625,0,0.048919677734375,0,-0.149658203125
52.2369,0,0.173095703125,0,0.443603515625,0,-0.0703125,0,-0.149658203125
52.2484,0,0.057098388671875,0,0.443603515625,0,-0.0703125,0,0.225830078125
52.2567,0,0.057098388671875,0,-0.24755859375,0,-0.07220458984375,0,0.225830078125
52.2677,0,-0.0166015625,0,-0.24755859375,0,-0.07220458984375,0,-0.0570068359375
52.2773,0,-0.0166015625,0,0.1839599609375,0,-0.108154296875,0,-0.08978271484375
52.2871,0,-0.08282470703125,0,0.1839599609375,0,-0.108154296875,0,-0.08978271484375
52.2958,0,-0.08282470703125,0,0.43603515625,0,0.08306884765625,0,-0.08978271484375
52.3068,0,-0.17041015625,0,0.43603515625,0,0.08306884765625,0,0.19384765625
52.3183,0,-0.17041015625,0,-0.89794921875,0,0.020294189453125,0,0.19384765625
52.3265,0,-0.010711669921875,0,-0.89794921875,0,0.020294189453125,0,0.1387939453125
52.3359,0,-0.010711669921875,0,0.070556640625,0,-0.0364990234375,0,0.1387939453125
52.3473,0,0.056732177734375,0,0.070556640625,0,-0.0364990234375,0,-0.019287109375
52.3580,0,0.056732177734375,0,-0.06329345703125,0,-0.05615234375,0,-0.019287109375
52.3695,0,0.1060791015625,0,-0.06329345703125,0,-0.05615234375,0,0.22119140625
52.3779,0,0.1060791015625,0,0.11407470703125,0,-0.04620361328125,0,0.22119140625
52.3935,0,-0.01294708251953125,0,-0.172119140625,0,0.0270538330078125,0,0.1951904296875
52.4003,0,-0.01294708251953125,0,-0.172119140625,0,0.0270538330078125,0,0.18408203125
52.4116,0,0.09014892578125,0,-0.172119140625,0,0.0270538330078125,0,0.18408203125
52.4204,0,0.09014892578125,0,-0.77783203125,0,-0.051544189453125,0,0.18408203125
52.4321,0,0.0950927734375,0,-0.77783203125,0,-0.051544189453125,0,-0.193359375
52.4401,0,0.0950927734375,0,-0.08721923828125,0,-0.051544189453125,0,-0.193359375
52.4557,0,0.11407470703125,0,0.240966796875,0,-0.025665283203125,0,0.1978759765625
52.4674,0,0.09429931640625,0,0.240966796875,0,-0.025665283203125,0,-0.16064453125
52.4773,0,0.09429931640625,0,0.07232666015625,0,-0.0270233154296875,0,-0.16064453125
52.4867,0,-0.10870361328125,0,0.07232666015625,0,-0.0270233154296875,0,-0.13037109375
52.4977,0,-0.10870361328125,0,-1.0576171875,0,-0.0284881591796875,0,-0.13037109375
52.5063,0,0.146484375,0,-1.0576171875,0,-0.0284881591796875,0,-0.0156402587890625
52.5163,0,0.146484375,0,0.29345703125,0,-0.0284881591796875,0,-0.0156402587890625
52.5281,0,0.1422119140625,0,0.29345703125,0,-0.053009033203125,0,-0.044586181640625
52.5370,0,0.1422119140625,0,0.334228515625,0,-0.053009033203125,0,-0.044586181640625
52.5481,0,0.1422119140625,0,0.334228515625,0,-0.007110595703125,0,0.047882080078125
52.5564,0,-0.1419677734375,0,-0.76123046875,0,-0.007110595703125,0,0.047882080078125
52.5678,0,-0.1419677734375,0,-0.76123046875,0,-0.04119873046875,0,0.19482421875
52.5762,0,-0.08795166015625,0,0.2353515625,0,-0.04119873046875,0,0.19482421875
52.5872,0,0.03887939453125,0,0.2353515625,0,-0.031707763671875,0,-0.1676025390625
52.5960,0,0.03887939453125,0,0.509765625,0,-0.031707763671875,0,-0.1676025390625
52.6067,0,0.03887939453125,0,0.509765625,0,-0.06890869140625,0,-0.045684814453125
52.6155,0,-0.10382080078125,0,0.0122222900390625,0,-0.06890869140625,0,-0.045684814453125
52.6276,0,-0.10382080078125,0,0.0122222900390625,0,-0.049652099609375,0,-0.165771484375
52.6358,0,-0.10980224609375,0,-0.806640625,0,-0.049652099609375,0,-0.165771484375
52.6471,0,-0.10980224609375,0,-0.806640625,0,-0.0298309326171875,0,0.1671142578125
52.6557,0,-0.2064208984375,0,0.2176513671875,0,-0.0298309326171875,0,0.1671142578125
52.6668,0,-0.2064208984375,0,0.2176513671875,0,-0.04364013671875,0,-0.3076171875
52.6818,0,0.11956787109375,0,-0.81982421875,0,-0.04364013671875,0,-0.3076171875
52.6897,0,0.11956787109375,0,-0.81982421875,0,-0.05780029296875,0,-0.1463623046875
52.6983,0,-0.1939697265625,0,0.390869140625,0,-0.05780029296875,0,-0.1463623046875
52.7094,0,-0.1939697265625,0,0.390869140625,0,-0.0361328125,0,-0.1463623046875
52.7188,0,0.03399658203125,0,0.458740234375,0,-0.0361328125,0,-0.1552734375
52.7301,0,0.03399658203125,0,0.458740234375,0,-0.0335693359375,0,-0.1552734375
52.7382,0,-0.078369140625,0,0.0251922607421875,0,-0.0335693359375,0,0.177734375
52.7494,0,-0.078369140625,0,0.0251922607421875,0,0.040374755859375,0,0.165771484375
52.7590,0,-0.1632080078125,0,0.4931640625,0,0.040374755859375,0,0.165771484375
52.7699,0,-0.1632080078125,0,0.4931640625,0,-0.05267333984375,0,-0.08624267578125
52.7785,0,-0.1710205078125,0,-0.68505859375,0,-0.05267333984375,0,-0.08624267578125
52.7922,0,-0.1710205078125,0,-0.68505859375,0,-0.037841796875,0,-0.08624267578125
52.7989,0,-0.323486328125,0,-0.38671875,0,-0.037841796875,0,-0.038818359375
52.8108,0,-0.323486328125,0,-0.38671875,0,-0.039703369140625,0,-0.038818359375
52.8184,0,0.1685791015625,0,-0.38671875,0,-0.039703369140625,0,0.13623046875
52.8304,0,0.1685791015625,0,0.028411865234375,0,-0.061981201171875,0,0.13623046875
52.8391,0,0.118408203125,0,0.028411865234375,0,-0.061981201171875,0,-0.222412109375
52.8503,0,0.118408203125,0,-0.095947265625,0,-0.096435546875,0,-0.222412109375
52.8587,0,0.0745849609375,0,-0.095947265625,0,-0.096435546875,0,0.161376953125
52.8698,0,0.0745849609375,0,0.01406097412109375,0,-0.05029296875,0,0.161376953125
52.8785,0,0.1571044921875,0,0.01406097412109375,0,-0.05029296875,0,-0.245361328125
52.8887,0,0.1571044921875,0,0.437744140625,0,-0.05029296875,0,-0.245361328125
52.8985,0,-0.133544921875,0,0.437744140625,0,-0.035400390625,0,0.125244140625
52.9094,0,-0.133544921875,0,-0.138427734375,0,-0.035400390625,0,0.125244140625
52.9183,0,-0.1046142578125,0,-0.138427734375,0,-0.05145263671875,0,0.10986328125
52.9296,0,-0.1046142578125,0,-0.133056640625,0,-0.0477294921875,0,0.10986328125
52.9388,0,0.1409912109375,0,-0.133056640625,0,-0.0477294921875,0,0.14013671875
52.9501,0,0.1409912109375,0,0.263427734375,0,-0.050567626953125,0,0.14013671875
52.9595,0,0.045745849609375,0,0.263427734375,0,-0.050567626953125,0,-0.144775390625
52.9703,0,0.045745849609375,0,0.03790283203125,0,-0.050567626953125,0,-0.144775390625
52.9825,0,0.01503753662109375,0,0.03790283203125,0,-0.09283447265625,0,-0.1578369140625
52.9914,0,0.01503753662109375,0,0.368408203125,0,-0.09283447265625,0,-0.1578369140625
53.0002,0,0.09259033203125,0,0.368408203125,0,-0.0202484130859375,0,-0.029052734375
53.0112,0,0.09259033203125,0,-0.62890625,0,-0.033172607421875,0,-0.029052734375
53.0200,0,0.178955078125,0,-0.62890625,0,-0.033172607421875,0,0.0869140625
53.0327,0,0.178955078125,0,-0.2257080078125,0,-0.033172607421875,0,0.0869140625
53.0412,0,0.059814453125,0,-0.2257080078125,0,-0.095703125,0,-0.1572265625
53.0523,0,0.059814453125,0,-0.0963134765625,0,-0.095703125,0,-0.1572265625
53.0609,0,0.059814453125,0,-0.0963134765625,0,0.1029052734375,0,-0.0634765625
53.0729,0,0.049713134765625,0,0.34619140625,0,0.1029052734375,0,-0.0634765625
53.0824,0,0.049713134765625,0,0.34619140625,0,-0.0160675048828125,0,0.1707763671875
53.0948,0,0.0733642578125,0,0.060211181640625,0,0.038238525390625,0,-0.1263427734375
53.1059,0,-0.048675537109375,0,0.5419921875,0,0.038238525390625,0,-0.1263427734375
53.1151,0,-0.048675537109375,0,0.5419921875,0,0.0308380126953125,0,-0.2091064453125
53.1256,0,0.02239990234375,0,-1.05078125,0,0.0308380126953125,0,-0.2091064453125
53.1356,0,0.02239990234375,0,-1.05078125,0,0.035491943359375,0,0.1514892578125
53.1490,0,-0.122802734375,0,-0.395263671875,0,-0.055816650390625,0,-0.137451171875
53.1610,0,0.08935546875,0,-0.127685546875,0,-0.055816650390625,0,-0.137451171875
53.1696,0,0.08935546875,0,-0.127685546875,0,0.046905517578125,0,-0.137451171875
53.1808,0,0.061431884765625,0,-0.2252197265625,0,0.046905517578125,0,-0.103515625
53.1899,0,0.061431884765625,0,-0.2252197265625,0,-0.0203857421875,0,-0.103515625
53.2011,0,-0.25341796875,0,0.422607421875,0,-0.0203857421875,0,-0.214599609375
53.2097,0,-0.25341796875,0,0.422607421875,0,-0.036102294921875,0,-0.1553955078125
53.2216,0,0.060638427734375,0,-0.80859375,0,-0.036102294921875,0,-0.1553955078125
53.2306,0,0.060638427734375,0,-0.80859375,0,-0.040802001953125,0,-0.1553955078125
53.2413,0,-0.09906005859375,0,-0.3564453125,0,-0.040802001953125,0,-0.111328125
53.2498,0,-0.09906005859375,0,-0.3564453125,0,-0.032562255859375,0,-0.111328125
53.2615,0,0.09075927734375,0,-0.3564453125,0,-0.032562255859375,0,0.226318359375
53.2698,0,0.09075927734375,0,0.4208984375,0,-0.038848876953125,0,0.226318359375
53.2811,0,-0.1649169921875,0,0.4208984375,0,-0.038848876953125,0,0.2288818359375
53.2902,0,-0.1649169921875,0,0.3349609375,0,-0.0240478515625,0,0.2288818359375
53.3023,0,-0.1788330078125,0,0.042510986328125,0,-0.0240478515625,0,0.1934814453125
53.3119,0,-0.1788330078125,0,0.042510986328125,0,-0.00738525390625,0,0.1934814453125
53.3232,0,0.09039306640625,0,0.042510986328125,0,-0.00738525390625,0,-0.23583984375
53.3317,0,0.09039306640625,0,-0.091796875,0,-0.061309814453125,0,-0.23583984375
53.3427,0,0.1668701171875,0,-0.091796875,0,-0.061309814453125,0,0.0173492431640625
53.3502,0,0.1668701171875,0,0.37109375,0,-0.061309814453125,0,0.0173492431640625
53.3636,0,-0.067626953125,0,0.37109375,0,-0.0229949951171875,0,0.2286376953125
53.3714,0,-0.067626953125,0,-0.77099609375,0,-0.1094970703125,0,0.2286376953125
53.3864,0,-0.1669921875,0,-0.77099609375,0,-0.1094970703125,0,-0.208984375
53.3954,0,-0.1669921875,0,0.91796875,0,-0.07427978515625,0,-0.208984375
53.4086,0,-0.0413818359375,0,0.91796875,0,-0.07427978515625,0,0.0855712890625
53.4161,0,-0.0413818359375,0,-0.07037353515625,0,-0.07427978515625,0,0.0855712890625
53.4287,0,0.150390625,0,-0.07037353515625,0,-0.04876708984375,0,-0.0992431640625
53.4374,0,0.150390625,0,-0.285888671875,0,-0.04876708984375,0,-0.0992431640625
53.4509,0,0.150390625,0,-0.285888671875,0,-0.0199432373046875,0,0.1043701171875
53.4575,0,0.09991455078125,0,0.2958984375,0,-0.0199432373046875,0,0.1043701171875
53.4691,0,0.09991455078125,0,0.2958984375,0,-0.04998779296875,0,-0.09033203125
53.4767,0,0.1234130859375,0,-0.453857421875,0,-0.04998779296875,0,-0.09033203125
53.4894,0,0.1234130859375,0,-0.453857421875,0,-0.0164947509765625,0,-0.021331787109375
53.4981,0,-0.055206298828125,0,0.2529296875,0,-0.0164947509765625,0,-0.021331787109375
53.5095,0,-0.055206298828125,0,0.2529296875,0,-0.046905517578125,0,-0.06341552734375
53.5162,0,0.13330078125,0,0.1978759765625,0,-0.046905517578125,0,-0.06341552734375
53.5282,0,0.13330078125,0,0.1978759765625,0,-0.07861328125,0,0.0064544677734375
53.5372,0,0.045257568359375,0,-0.72509765625,0,-0.07861328125,0,0.0064544677734375
53.5533,0,0.045257568359375,0,-0.72509765625,0,-0.051116943359375,0,-0.0135040283203125
53.5568,0,-0.294921875,0,0.40234375,0,-0.051116943359375,0,-0.0135040283203125
53.5701,0,-0.294921875,0,0.40234375,0,-0.0435791015625,0,-0.150390625
53.5806,0,0.187744140625,0,0.334716796875,0,-0.0435791015625,0,-0.150390625
53.5931,0,0.187744140625,0,0.334716796875,0,-0.07220458984375,0,0.184326171875
53.5992,0,-0.2103271484375,0,0.06268310546875,0,-0.07220458984375,0,0.184326171875
53.6125,0,-0.2103271484375,0,0.06268310546875,0,-0.056182861328125,0,0.060791015625
53.6188,0,-0.17578125,0,-0.286865234375,0,-0.056182861328125,0,0.060791015625
53.6311,0,-0.17578125,0,-0.286865234375,0,-0.07421875,0,-0.0207672119140625
53.6395,0,-0.2159423828125,0,0.455810546875,0,-0.07421875,0,-0.0207672119140625
53.6504,0,-0.2159423828125,0,0.455810546875,0,-0.032257080078125,0,0.1309814453125
53.6589,0,0.11883544921875,0,0.455810546875,0,-0.032257080078125,0,0.1309814453125
53.6700,0,0.11883544921875,0,-0.1595458984375,0,-0.060516357421875,0,0.04541015625
53.6803,0,0.1295166015625,0,-0.1595458984375,0,-0.060516357421875,0,0.04541015625
53.6930,0,0.1295166015625,0,0.1605224609375,0,-0.07464599609375,0,0.04541015625
53.7017,0,-0.080078125,0,0.41162109375,0,-0.07464599609375,0,-0.14453125
53.7138,0,-0.080078125,0,0.41162109375,0,-0.04034423828125,0,-0.14453125
53.7191,0,-0.13623046875,0,0.41162109375,0,-0.04034423828125,0,-0.0692138671875
53.7307,0,-0.13623046875,0,-0.00470733642578125,0,-0.0245361328125,0,-0.2232666015625
53.7398,0,0.1229248046875,0,-0.00470733642578125,0,-0.0245361328125,0,-0.2232666015625
53.7503,0,0.1229248046875,0,0.2119140625,0,-0.0924072265625,0,-0.2232666015625
53.7604,0,0.0616455078125,0,0.2119140625,0,-0.0924072265625,0,-0.0587158203125
53.7688,0,0.0616455078125,0,-0.1358642578125,0,-0.034576416015625,0,-0.0587158203125
53.7843,0,0.0616455078125,0,-0.1358642578125,0,-0.034576416015625,0,0.24169921875
53.7896,0,-0.2200927734375,0,-0.424072265625,0,-0.0211181640625,0,0.24169921875
53.7995,0,0.09527587890625,0,-0.424072265625,0,-0.0211181640625,0,-0.11260986328125
53.8155,0,0.09527587890625,0,0.352294921875,0,-0.0947265625,0,-0.11260986328125
53.8177,0,-0.0753173828125,0,0.352294921875,0,-0.0947265625,0,-0.230712890625
53.8297,0,-0.0753173828125,0,-0.08197021484375,0,-0.05426025390625,0,-0.230712890625
53.8371,0,-0.0753173828125,0,-0.08197021484375,0,-0.05426025390625,0,-0.040740966796875
53.8486,0,-0.038543701171875,0,-0.9697265625,0,-0.08380126953125,0,-0.040740966796875
53.8597,0,-0.038543701171875,0,-0.9697265625,0,-0.08380126953125,0,0.06561279296875
53.8698,0,0.11865234375,0,0.337158203125,0,0.09039306640625,0,0.06561279296875
53.8800,0,0.11865234375,0,0.337158203125,0,0.09039306640625,0,-0.1800537109375
53.8912,0,-0.15185546875,0,-0.74853515625,0,-0.052215576171875,0,-0.1800537109375
53.9000,0,-0.15185546875,0,-0.74853515625,0,-0.052215576171875,0,-0.25537109375
53.9111,0,0.0197906494140625,0,-0.6171875,0,-0.12176513671875,0,-0.25537109375
53.9203,0,0.0197906494140625,0,-0.6171875,0,-0.12176513671875,0,-0.10260009765625
53.9319,0,0.1729736328125,0,0.284912109375,0,-0.12176513671875,0,-0.10260009765625
53.9443,0,0.1729736328125,0,0.284912109375,0,-0.02777099609375,0,-0.193359375
53.9537,0,-0.08966064453125,0,0.3115234375,0,-0.02777099609375,0,-0.193359375
53.9598,0,-0.08966064453125,0,0.3115234375,0,-0.04119873046875,0,0.2406005859375
53.9704,0,0.1494140625,0,0.23828125,0,-0.04119873046875,0,0.2406005859375
53.9798,0,0.1494140625,0,0.23828125,0,-0.047088623046875,0,-0.118896484375
53.9954,0,-0.11309814453125,0,0.52880859375,0,-0.047088623046875,0,-0.118896484375
53.9996,0,-0.11309814453125,0,0.52880859375,0,-0.10980224609375,0,-0.11895751953125
54.0152,0,0.11090087890625,0,-0.623046875,0,-0.10980224609375,0,-0.11895751953125
54.0200,0,0.11090087890625,0,-0.623046875,0,-0.0478515625,0,-0.217041015625
54.0318,0,0.154296875,0,0.35107421875,0,-0.0478515625,0,-0.217041015625
54.0425,0,0.154296875,0,0.35107421875,0,0.059661865234375,0,0.010101318359375
54.0556,0,-0.1527099609375,0,0.4384765625,0,0.059661865234375,0,0.010101318359375
54.0644,0,-0.1527099609375,0,0.4384765625,0,-0.10247802734375,0,0.2110595703125
54.0754,0,-0.098876953125,0,-0.26806640625,0,0.014556884765625,0,-0.05865478515625
54.0867,0,0.1612548828125,0,0.352294921875,0,0.014556884765625,0,-0.05865478515625
54.0968,0,0.1612548828125,0,0.352294921875,0,-0.047088623046875,0,0.1864013671875
54.1070,0,-0.265625,0,-0.87255859375,0,-0.047088623046875,0,0.1864013671875
54.1158,0,-0.265625,0,-0.87255859375,0,0.0172271728515625,0,0.0303192138671875
54.1311,0,-0.253662109375,0,-0.12481689453125,0,0.0172271728515625,0,0.0303192138671875
54.1387,0,-0.253662109375,0,-0.12481689453125,0,0.04241943359375,0,0.0303192138671875
54.1432,0,-0.0185546875,0,0.336669921875,0,0.04241943359375,0,-0.093505859375
54.1561,0,-0.0185546875,0,0.336669921875,0,-0.1396484375,0,-0.093505859375
54.1694,0,-0.135009765625,0,0.336669921875,0,-0.1396484375,0,-0.0615234375
54.1753,0,-0.135009765625,0,-0.9697265625,0,-0.0230865478515625,0,-0.0615234375
54.1872,0,-0.155029296875,0,-0.9697265625,0,-0.0230865478515625,0,-0.23193359375
54.2027,0,-0.155029296875,0,-0.360595703125,0,-0.026031494140625,0,-0.23193359375
54.2109,0,0.08953857421875,0,-0.360595703125,0,-0.026031494140625,0,0.2403564453125
54.2183,0,0.08953857421875,0,-0.1829833984375,0,0.07672119140625,0,0.2403564453125
54.2279,0,-0.2320556640625,0,-0.1829833984375,0,0.07672119140625,0,-0.21142578125
54.2355,0,-0.2320556640625,0,0.1806640625,0,-0.00406646728515625,0,-0.21142578125
54.2476,0,0.162841796875,0,0.1806640625,0,-0.00406646728515625,0,0.213134765625
54.2559,0,0.162841796875,0,0.42919921875,0,-0.03619384765625,0,0.213134765625
54.2693,0,-0.22314453125,0,0.42919921875,0,-0.03619384765625,0,0.12115478515625
54.2764,0,-0.22314453125,0,-0.10699462890625,0,-0.007495880126953125,0,0.12115478515625
54.2875,0,-0.22314453125,0,-0.10699462890625,0,-0.007495880126953125,0,0.187255859375
54.2963,0,-0.1661376953125,0,-0.892578125,0,-0.048980712890625,0,0.187255859375
54.3071,0,-0.1287841796875,0,-0.892578125,0,-0.048980712890625,0,0.220703125
54.3162,0,-0.1287841796875,0,-0.3212890625,0,-0.095703125,0,0.220703125
54.3296,0,0.11614990234375,0,-0.3212890625,0,-0.095703125,0,-0.1568603515625
54.3370,0,0.11614990234375,0,-0.267578125,0,-0.0701904296875,0,-0.1568603515625
54.3472,0,0.11614990234375,0,-0.267578125,0,-0.0701904296875,0,0.2408447265625
54.3553,0,-0.102294921875,0,0.11279296875,0,-0.035797119140625,0,0.2408447265625
54.3665,0,-0.287353515625,0,0.11279296875,0,-0.035797119140625,0,-0.028045654296875
54.3758,0,-0.287353515625,0,0.273681640625,0,0.027923583984375,0,-0.028045654296875
54.3894,0,-0.287353515625,0,0.273681640625,0,0.027923583984375,0,-0.2166748046875
54.3993,0,0.2017822265625,0,0.049530029296875,0,-0.053558349609375,0,-0.2166748046875
54.4091,0,0.2017822265625,0,0.049530029296875,0,-0.053558349609375,0,-0.137939453125
54.4234,0,-0.10491943359375,0,-0.64599609375,0,-0.0274200439453125,0,-0.2081298828125
54.4297,0,0.130859375,0,-0.64599609375,0,-0.0274200439453125,0,-0.2081298828125
54.4384,0,0.130859375,0,0.525390625,0,-0.0274200439453125,0,-0.2081298828125
54.4497,0,0.130859375,0,0.525390625,0,-0.042236328125,0,-0.06787109375
54.4604,0,0.09869384765625,0,-0.476318359375,0,-0.03076171875,0,-0.06787109375
54.4706,0,0.09869384765625,0,-0.476318359375,0,-0.03076171875,0,0.14990234375
54.4800,0,-0.0889892578125,0,-0.476318359375,0,-0.03076171875,0,0.14990234375
54.4907,0,-0.0889892578125,0,-0.09881591796875,0,0.029052734375,0,0.268310546875
54.5003,0,0.0308380126953125,0,-0.09881591796875,0,0.029052734375,0,0.268310546875
54.5114,0,0.0308380126953125,0,0.03314208984375,0,-0.1337890625,0,-0.216796875
54.5180,0,-0.191162109375,0,0.03314208984375,0,-0.1337890625,0,-0.216796875
54.5299,0,-0.191162109375,0,-0.0789794921875,0,-0.09442138671875,0,-0.2105712890625
54.5382,0,-0.06036376953125,0,-0.96826171875,0,-0.09442138671875,0,-0.2105712890625
54.5509,0,-0.06036376953125,0,-0.96826171875,0,-0.091796875,0,-0.056304931640625
54.5604,0,0.0312042236328125,0,-0.96826171875,0,-0.091796875,0,-0.056304931640625
54.5716,0,0.0312042236328125,0,-0.83544921875,0,-0.04620361328125,0,0.201904296875
54.5812,0,-0.093505859375,0,-0.83544921875,0,-0.04620361328125,0,0.201904296875
54.5923,0,-0.093505859375,0,0.382568359375,0,-0.037841796875,0,-0.06005859375
54.6010,0,0.1181640625,0,0.3359375,0,-0.037841796875,0,-0.06005859375
54.6116,0,0.1181640625,0,0.3359375,0,-0.0283660888671875,0,-0.0823974609375
54.6207,0,-0.219482421875,0,0.3359375,0,-0.0283660888671875,0,-0.0823974609375
54.6325,0,-0.219482421875,0,0.464599609375,0,0.043853759765625,0,-0.19140625
54.6398,0,0.140625,0,0.464599609375,0,0.043853759765625,0,-0.19140625
54.6500,0,0.140625,0,-0.1585693359375,0,-0.03125,0,0.1278076171875
54.6593,0,0.051422119140625,0,-0.1585693359375,0,-0.03125,0,0.1278076171875
54.6707,0,0.051422119140625,0,-0.81005859375,0,-0.02069091796875,0,-0.091796875
54.6787,0,-0.12017822265625,0,-0.81005859375,0,-0.02069091796875,0,-0.091796875
54.6891,0,-0.12017822265625,0,0.262451171875,0,-0.0335693359375,0,-0.1439208984375
54.6988,0,-0.036163330078125,0,0.262451171875,0,-0.0335693359375,0,-0.1439208984375
54.7089,0,-0.036163330078125,0,0.0307464599609375,0,-0.0207672119140625,0,-0.1439208984375
54.7195,0,0.1597900390625,0,0.0307464599609375,0,-0.0207672119140625,0,0.12890625
54.7288,0,0.1597900390625,0,-0.4072265625,0,-0.07354736328125,0,0.12890625
54.7370,0,0.126708984375,0,-0.4072265625,0,-0.07354736328125,0,0.01702880859375
54.7479,0,0.126708984375,0,-0.07757568359375,0,-0.044830322265625,0,-0.2242431640625
54.7604,0,-0.033660888671875,0,-0.07757568359375,0,-0.044830322265625,0,-0.2242431640625
54.7691,0,-0.033660888671875,0,0.1639404296875,0,0.01276397705078125,0,-0.2242431640625
54.7780,0,-0.1273193359375,0,0.1639404296875,0,0.01276397705078125,0,-0.0616455078125
54.7883,0,-0.1273193359375,0,-0.638671875,0,-0.03204345703125,0,-0.0616455078125
54.8007,0,0.11865234375,0,-0.638671875,0,-0.03204345703125,0,-0.039031982421875
54.8091,0,0.11865234375,0,0.21630859375,0,-0.0714111328125,0,-0.039031982421875
54.8183,0,0.1298828125,0,0.21630859375,0,-0.0714111328125,0,-0.0288238525390625
54.8351,0,0.1298828125,0,0.355224609375,0,-0.0714111328125,0,-0.0288238525390625
54.8390,0,0.041412353515625,0,0.355224609375,0,-0.0672607421875,0,0.1085205078125
54.8500,0,0.041412353515625,0,0.3095703125,0,-0.0672607421875,0,0.1085205078125
54.8570,0,0.1187744140625,0,0.3095703125,0,-0.03839111328125,0,-0.08624267578125
54.8691,0,0.1187744140625,0,-0.53759765625,0,-0.03839111328125,0,-0.08624267578125
54.8790,0,-0.0450439453125,0,-0.53759765625,0,0.009796142578125,0,-0.117431640625
54.8879,0,-0.0450439453125,0,0.283447265625,0,0.009796142578125,0,-0.117431640625
54.8980,0,-0.044769287109375,0,0.283447265625,0,-0.053955078125,0,0.2086181640625
54.9108,0,-0.044769287109375,0,0.398193359375,0,-0.053955078125,0,0.2086181640625
54.9178,0,-0.044769287109375,0,0.398193359375,0,-0.0401611328125,0,0.2232666015625
54.9319,0,0.1690673828125,0,-0.615234375,0,-0.0401611328125,0,0.2232666015625
54.9369,0,0.1600341796875,0,-0.615234375,0,-0.10107421875,0,0.03594970703125
54.9488,0,0.1600341796875,0,0.3310546875,0,-0.10107421875,0,0.03594970703125
54.9564,0,0.1600341796875,0,0.3310546875,0,-0.053497314453125,0,0.2008056640625
54.9692,0,0.049835205078125,0,0.422607421875,0,-0.053497314453125,0,0.2008056640625
54.9780,0,0.049835205078125,0,0.422607421875,0,-0.051300048828125,0,-0.1488037109375
54.9887,0,-0.138916015625,0,0.43408203125,0,-0.051300048828125,0,-0.1488037109375
54.9989,0,0.0160675048828125,0,0.43408203125,0,-0.041473388671875,0,-0.1591796875
55.0078,0,0.0160675048828125,0,0.1883544921875,0,-0.041473388671875,0,-0.1591796875
55.0191,0,0.11016845703125,0,0.1883544921875,0,-0.0310516357421875,0,0.2437744140625
55.0300,0,0.11016845703125,0,0.2279052734375,0,-0.0310516357421875,0,0.2437744140625
55.0414,0,0.11016845703125,0,0.2279052734375,0,-0.053497314453125,0,0.0748291015625
55.0511,0,0.0227508544921875,0,0.432861328125,0,-0.053497314453125,0,0.0748291015625
55.0617,0,0.0227508544921875,0,0.432861328125,0,0.003948211669921875,0,0.1466064453125
55.0713,0,-0.07763671875,0,0.32080078125,0,0.003948211669921875,0,0.1466064453125
55.0808,0,0.023223876953125,0,0.32080078125,0,-0.0772705078125,0,0.0849609375
55.0901,0,0.023223876953125,0,0.055511474609375,0,-0.0772705078125,0,0.0849609375
55.1007,0,0.023223876953125,0,0.055511474609375,0,-0.0557861328125,0,0.0849609375
55.1100,0,0.035919189453125,0,-0.369873046875,0,-0.0557861328125,0,-0.2685546875
55.1192,0,0.035919189453125,0,-0.369873046875,0,-0.036529541015625,0,0.2060546875
55.1312,0,0.127197265625,0,0.11962890625,0,-0.036529541015625,0,0.2060546875
55.1408,0,0.127197265625,0,0.11962890625,0,0.018341064453125,0,-0.06341552734375
55.1508,0,-0.081787109375,0,-0.875,0,0.018341064453125,0,-0.06341552734375
55.1605,0,-0.081787109375,0,-0.875,0,0.041290283203125,0,-0.06341552734375
55.1709,0,-0.20068359375,0,0.468017578125,0,0.041290283203125,0,0.10400390625
55.1798,0,-0.20068359375,0,0.468017578125,0,-0.095458984375,0,0.10400390625
55.1898,0,0.050323486328125,0,0.468017578125,0,-0.095458984375,0,0.10302734375
55.2018,0,0.050323486328125,0,0.437255859375,0,-0.0162506103515625,0,0.10302734375
55.2104,0,-0.1744384765625,0,0.437255859375,0,-0.0162506103515625,0,-0.06475830078125
55.2201,0,-0.1744384765625,0,0.036163330078125,0,0.040008544921875,0,-0.06475830078125
55.2319,0,-0.10089111328125,0,0.0037517547607421875,0,0.040008544921875,0,-0.015960693359375
55.2386,0,-0.10089111328125,0,0.0037517547607421875,0,-0.021148681640625,0,-0.015960693359375
55.2511,0,0.14111328125,0,0.0037517547607421875,0,-0.021148681640625,0,-0.09942626953125
55.2579,0,0.14111328125,0,0.1875,0,0.06536865234375,0,-0.09942626953125
55.2706,0,-0.265869140625,0,0.1875,0,0.06536865234375,0,-0.2374267578125
55.2794,0,-0.265869140625,0,-0.357666015625,0,-0.0701904296875,0,-0.2374267578125
55.2900,0,-0.0411376953125,0,-0.357666015625,0,-0.0701904296875,0,-0.0299072265625
55.3011,0,-0.0411376953125,0,0.375244140625,0,-0.0156707763671875,0,-0.0299072265625
55.3103,0,-0.1119384765625,0,0.375244140625,0,-0.0156707763671875,0,0.1163330078125
55.3185,0,-0.1119384765625,0,0.375244140625,0,-0.01316070556640625,0,0.1163330078125
55.3291,0,0.0869140625,0,0.375244140625,0,-0.01316070556640625,0,0.1986083984375
55.3378,0,0.0869140625,0,0.54833984375,0,-0.01316070556640625,0,0.1986083984375
55.3492,0,0.017181396484375,0,0.54833984375,0,-0.0782470703125,0,-0.0633544921875
55.3575,0,0.017181396484375,0,0.52490234375,0,-0.0782470703125,0,-0.0633544921875
55.3689,0,0.0675048828125,0,0.52490234375,0,-0.06719970703125,0,0.1492919921875
55.3753,0,0.0675048828125,0,-0.377685546875,0,-0.05072021484375,0,0.1492919921875
55.3974,0,0.07647705078125,0,-0.377685546875,0,-0.05072021484375,0,-0.029571533203125
55.4020,0,0.07647705078125,0,0.318603515625,0,-0.05072021484375,0,-0.029571533203125
55.4176,0,0.10015869140625,0,0.318603515625,0,-0.08380126953125,0,-0.04132080078125
55.4244,0,0.10015869140625,0,-0.1419677734375,0,-0.08380126953125,0,-0.04132080078125
55.4335,0,0.10015869140625,0,-0.1419677734375,0,-0.1085205078125,0,0.0755615234375
55.4411,0,-0.1778564453125,0,0.09942626953125,0,-0.0216827392578125,0,0.0755615234375
55.4532,0,0.0416259765625,0,0.09942626953125,0,-0.0216827392578125,0,0.139404296875
55.4639,0,0.0416259765625,0,0.5146484375,0,-0.0216827392578125,0,0.139404296875
55.4719,0,-0.271240234375,0,0.5146484375,0,-0.050506591796875,0,0.1900634765625
55.4815,0,-0.271240234375,0,0.2113037109375,0,-0.050506591796875,0,0.1900634765625
55.5011,0,-0.04254150390625,0,0.2393798828125,0,-0.048187255859375,0,-0.0280914306640625
55.5119,0,0.01212310791015625,0,0.2393798828125,0,-0.07476806640625,0,-0.19970703125
55.5196,0,0.01212310791015625,0,0.49560546875,0,-0.07476806640625,0,-0.19970703125
55.5316,0,0.03851318359375,0,0.49560546875,0,-0.10284423828125,0,0.26171875
55.5436,0,0.03851318359375,0,-0.09967041015625,0,-0.10284423828125,0,0.26171875
55.5562,0,0.03851318359375,0,-0.09967041015625,0,-0.045166015625,0,-0.0271453857421875
55.5678,0,0.02459716796875,0,0.0712890625,0,-0.045166015625,0,-0.0271453857421875
55.5732,0,0.1390380859375,0,0.0712890625,0,-0.061676025390625,0,0.2376708984375
55.5949,0,0.07147216796875,0,-1.0595703125,0,-0.0340576171875,0,0.1458740234375
55.6029,0,0.07147216796875,0,-0.447998046875,0,-0.0340576171875,0,0.1458740234375
55.6207,0,0.07147216796875,0,-0.447998046875,0,-0.0279998779296875,0,-0.1856689453125
55.6268,0,0.0947265625,0,-0.07562255859375,0,-0.0279998779296875,0,-0.1856689453125
55.6390,0,0.0947265625,0,-0.07562255859375,0,-0.060394287109375,0,-0.2366943359375
55.6427,0,-0.12139892578125,0,0.41552734375,0,-0.060394287109375,0,-0.2366943359375
55.6522,0,-0.12139892578125,0,0.41552734375,0,-0.023681640625,0,-0.029296875
55.6630,0,0.1719970703125,0,-0.86962890625,0,-0.023681640625,0,-0.029296875
55.6711,0,0.1719970703125,0,-0.86962890625,0,-0.0657958984375,0,-0.029296875
55.6794,0,0.07232666015625,0,0.45263671875,0,-0.0657958984375,0,0.0390625
55.6930,0,0.07232666015625,0,0.45263671875,0,-0.06121826171875,0,0.0390625
55.7038,0,0.01361846923828125,0,0.45263671875,0,-0.06121826171875,0,-0.111572265625
55.7182,0,0.01361846923828125,0,0.32470703125,0,-0.05767822265625,0,-0.15869140625
55.7278,0,0.11541748046875,0,0.32470703125,0,-0.05767822265625,0,-0.15869140625
55.7329,0,0.11541748046875,0,0.38330078125,0,0.013336181640625,0,-0.15869140625
55.7374,0,-0.13720703125,0,0.57568359375,0,0.013336181640625,0,-0.237548828125
55.7481,0,-0.13720703125,0,0.57568359375,0,-0.0911865234375,0,-0.237548828125
55.7583,0,0.03607177734375,0,0.57568359375,0,-0.0911865234375,0,-0.06109619140625
55.7681,0,0.03607177734375,0,0.3271484375,0,-0.031219482421875,0,-0.06109619140625
55.7763,0,0.1285400390625,0,0.3271484375,0,-0.031219482421875,0,-0.06256103515625
55.7872,0,0.1285400390625,0,0.2149658203125,0,-0.040191650390625,0,-0.06256103515625
55.7958,0,-0.156005859375,0,0.2149658203125,0,-0.040191650390625,0,0.24072265625
55.8083,0,-0.156005859375,0,0.34912109375,0,-0.035064697265625,0,0.24072265625
55.8180,0,-0.1529541015625,0,0.34912109375,0,-0.035064697265625,0,-0.2384033203125
55.8292,0,-0.1529541015625,0,-0.244140625,0,0.0065765380859375,0,-0.2384033203125
55.8358,0,0.060943603515625,0,-0.244140625,0,0.0065765380859375,0,-0.09796142578125
55.8494,0,0.060943603515625,0,-0.140380859375,0,0.0065765380859375,0,-0.09796142578125
55.8554,0,-0.056488037109375,0,-0.140380859375,0,-0.034942626953125,0,-0.2330322265625
55.8669,0,-0.056488037109375,0,-0.1878662109375,0,-0.034942626953125,0,-0.2330322265625
55.8747,0,-0.0360107421875,0,-0.1878662109375,0,0.0295562744140625,0,0.17724609375
55.8865,0,-0.0360107421875,0,-0.08489990234375,0,0.0289154052734375,0,0.17724609375
55.8945,0,-0.160400390625,0,-0.08489990234375,0,0.0289154052734375,0,0.1556396484375
55.9066,0,-0.160400390625,0,0.1923828125,0,0.0289154052734375,0,0.1556396484375
55.9154,0,-0.172607421875,0,0.1923828125,0,-0.10552978515625,0,-0.0853271484375
55.9265,0,-0.172607421875,0,0.022674560546875,0,-0.10552978515625,0,-0.0853271484375
55.9357,0,-0.0335693359375,0,0.022674560546875,0,-0.0257568359375,0,0.223876953125
55.9461,0,-0.0335693359375,0,0.12261962890625,0,-0.06280517578125,0,0.223876953125
55.9555,0,0.10833740234375,0,0.12261962890625,0,-0.06280517578125,0,0.1383056640625
55.9675,0,0.10833740234375,0,0.12408447265625,0,-0.06280517578125,0,0.1383056640625
55.9752,0,0.144775390625,0,0.12408447265625,0,-0.0287933349609375,0,0.0249176025390625
55.9861,0,0.144775390625,0,-0.57470703125,0,-0.0287933349609375,0,0.0249176025390625
55.9954,0,-0.308837890625,0,-0.57470703125,0,-0.055389404296875,0,-0.1064453125
56.0057,0,-0.308837890625,0,-0.0743408203125,0,-0.03765869140625,0,-0.1064453125
56.0161,0,-0.30078125,0,-0.0743408203125,0,-0.03765869140625,0,-0.10418701171875
56.0260,0,-0.30078125,0,0.0911865234375,0,-0.03765869140625,0,-0.10418701171875
56.0339,0,-0.13427734375,0,0.0911865234375,0,-0.07672119140625,0,-0.09912109375
56.0457,0,-0.13427734375,0,0.1630859375,0,-0.07672119140625,0,-0.09912109375
56.0545,0,-0.1302490234375,0,0.1630859375,0,-0.04107666015625,0,-0.09417724609375
56.0670,0,-0.1302490234375,0,0.1346435546875,0,-0.04107666015625,0,-0.09417724609375
56.0756,0,0.08575439453125,0,0.1346435546875,0,-0.087646484375,0,-0.1658935546875
56.0867,0,0.08575439453125,0,-0.5732421875,0,-0.087646484375,0,-0.1658935546875
56.0955,0,0.1602783203125,0,-0.5732421875,0,-0.01418304443359375,0,-0.0755615234375
56.1072,0,0.1602783203125,0,-0.04205322265625,0,-0.01418304443359375,0,-0.0755615234375
56.1164,0,-0.13525390625,0,-0.04205322265625,0,-0.014190673828125,0,-0.18701171875
56.1274,0,-0.13525390625,0,-0.8291015625,0,-0.014190673828125,0,-0.18701171875
56.1369,0,-0.20751953125,0,-0.8291015625,0,-0.072998046875,0,-0.0313720703125
56.1472,0,-0.20751953125,0,0.2919921875,0,-0.072998046875,0,-0.0313720703125
56.1550,0,0.06414794921875,0,0.2919921875,0,-0.0185394287109375,0,-0.08795166015625
56.1684,0,0.06414794921875,0,-0.43896484375,0,-0.0185394287109375,0,-0.08795166015625
56.1744,0,-0.04486083984375,0,-0.43896484375,0,0.074951171875,0,-0.08795166015625
56.1855,0,-0.04486083984375,0,-0.1177978515625,0,0.074951171875,0,-0.2183837890625
56.1950,0,-0.2115478515625,0,-0.1177978515625,0,-0.10955810546875,0,-0.2183837890625
56.2068,0,-0.2115478515625,0,-0.1177978515625,0,-0.10955810546875,0,-0.11724853515625
56.2158,0,0.1317138671875,0,-0.89697265625,0,-0.01776123046875,0,0.1593017578125
56.2266,0,0.1317138671875,0,-0.499267578125,0,-0.01776123046875,0,0.1593017578125
56.2347,0,-0.1593017578125,0,-0.499267578125,0,-0.10498046875,0,0.1593017578125
56.2463,0,-0.1593017578125,0,-0.499267578125,0,-0.10498046875,0,0.2359619140625
56.2548,0,0.1861572265625,0,0.480224609375,0,-0.011871337890625,0,0.2359619140625
56.2661,0,0.1861572265625,0,0.480224609375,0,-0.011871337890625,0,-0.0159912109375
56.2744,0,0.11297607421875,0,0.5205078125,0,-0.0955810546875,0,-0.0159912109375
56.2854,0,0.11297607421875,0,0.5205078125,0,-0.0955810546875,0,0.1934814453125
56.2940,0,0.11297607421875,0,-0.091064453125,0,-0.023956298828125,0,0.1934814453125
56.3051,0,0.135986328125,0,-0.091064453125,0,-0.023956298828125,0,0.06341552734375
56.3137,0,0.135986328125,0,-0.1309814453125,0,-0.033233642578125,0,0.06341552734375
56.3247,0,-0.109375,0,-0.1309814453125,0,-0.033233642578125,0,0.0477294921875
56.3343,0,-0.109375,0,-0.1539306640625,0,-0.0447998046875,0,0.0477294921875
56.3442,0,-0.1529541015625,0,-0.1539306640625,0,-0.0447998046875,0,0.17529296875
56.3525,0,-0.1529541015625,0,-0.333740234375,0,-0.07135009765625,0,0.17529296875
56.3642,0,0.062469482421875,0,-0.333740234375,0,-0.07135009765625,0,0.1597900390625
56.3726,0,0.062469482421875,0,0.135009765625,0,-0.0252838134765625,0,0.1597900390625
56.3865,0,0.030914306640625,0,0.135009765625,0,-0.0252838134765625,0,0.127685546875
56.3954,0,0.030914306640625,0,-0.69873046875,0,-0.042327880859375,0,0.127685546875
56.4066,0,-0.180419921875,0,-0.69873046875,0,-0.042327880859375,0,0.1480712890625
56.4163,0,-0.180419921875,0,0.403564453125,0,-0.1060791015625,0,0.1480712890625
56.4288,0,0.03326416015625,0,0.403564453125,0,-0.1060791015625,0,-0.0223846435546875
56.4358,0,0.03326416015625,0,-0.77587890625,0,-0.038909912109375,0,-0.0223846435546875
56.4476,0,0.09259033203125,0,-0.77587890625,0,-0.038909912109375,0,-0.1907958984375
56.4616,0,-0.08807373046875,0,0.446533203125,0,0.050750732421875,0,-0.146240234375
56.4705,0,-0.08807373046875,0,-0.281494140625,0,0.050750732421875,0,-0.146240234375
56.4772,0,-0.08807373046875,0,-0.281494140625,0,0.0178070068359375,0,-0.146240234375
56.4882,0,-0.2169189453125,0,-0.281494140625,0,0.0178070068359375,0,-0.015380859375
56.4988,0,-0.2169189453125,0,0.3994140625,0,0.0178070068359375,0,-0.015380859375
56.5101,0,0.185791015625,0,0.3994140625,0,-0.1102294921875,0,-0.0299072265625
56.5189,0,0.185791015625,0,0.5537109375,0,-0.1102294921875,0,-0.0299072265625
56.5296,0,-0.0745849609375,0,0.5537109375,0,-0.05078125,0,-0.25732421875
56.5398,0,-0.0745849609375,0,0.38232421875,0,-0.05078125,0,-0.25732421875
56.5492,0,-0.1605224609375,0,0.38232421875,0,-0.057708740234375,0,-0.01373291015625
56.5577,0,-0.1605224609375,0,0.048431396484375,0,-0.057708740234375,0,-0.01373291015625
56.5697,0,0.05596923828125,0,0.048431396484375,0,-0.052093505859375,0,0.0992431640625
56.5788,0,0.05596923828125,0,0.2486572265625,0,-0.052093505859375,0,0.0992431640625
56.5900,0,-0.1578369140625,0,0.2486572265625,0,-0.05401611328125,0,0.0992431640625
56.5998,0,-0.1578369140625,0,0.1676025390625,0,-0.05401611328125,0,-0.08648681640625
56.6097,0,-0.082275390625,0,0.1676025390625,0,-0.0170440673828125,0,-0.2294921875
56.6184,0,-0.082275390625,0,0.3505859375,0,-0.0170440673828125,0,-0.2294921875
56.6300,0,-0.082275390625,0,0.3505859375,0,0.0158538818359375,0,-0.2294921875
56.6379,0,-0.209228515625,0,0.279541015625,0,0.0158538818359375,0,0.208984375
56.6496,0,-0.03369140625,0,0.279541015625,0,-0.0794677734375,0,0.208984375
56.6577,0,-0.03369140625,0,0.279541015625,0,-0.0794677734375,0,0.10821533203125
56.6708,0,0.04449462890625,0,0.207763671875,0,-0.07745361328125,0,0.10821533203125
56.6822,0,0.04449462890625,0,0.207763671875,0,-0.07745361328125,0,0.187744140625
56.6912,0,0.04449462890625,0,-0.82275390625,0,-0.0175018310546875,0,0.187744140625
56.6982,0,0.09698486328125,0,-0.82275390625,0,-0.0175018310546875,0,0.03106689453125
56.7120,0,0.09698486328125,0,0.180908203125,0,0.06134033203125,0,0.03106689453125
56.7204,0,0.03717041015625,0,0.180908203125,0,0.06134033203125,0,-0.1414794921875
56.7307,0,0.03717041015625,0,0.5703125,0,-0.07513427734375,0,-0.1414794921875
56.7385,0,-0.08843994140625,0,0.5703125,0,-0.07513427734375,0,-0.23779296875
56.7506,0,-0.08843994140625,0,0.50537109375,0,-0.02520751953125,0,-0.23779296875
56.7584,0,-0.1885986328125,0,0.50537109375,0,-0.02520751953125,0,0.044525146484375
56.7698,0,-0.1885986328125,0,0.301025390625,0,-0.062469482421875,0,0.044525146484375
56.7764,0,-0.139892578125,0,0.301025390625,0,-0.062469482421875,0,-0.11358642578125
56.7879,0,-0.139892578125,0,0.260498046875,0,-0.11090087890625,0,-0.11358642578125
56.7978,0,-0.1038818359375,0,0.260498046875,0,-0.11090087890625,0,0.183349609375
56.8077,0,-0.1038818359375,0,-0.2440185546875,0,-0.08642578125,0,0.183349609375
56.8197,0,0.1138916015625,0,-0.2440185546875,0,-0.08642578125,0,0.0506591796875
56.8269,0,0.1138916015625,0,0.279052734375,0,-0.0816650390625,0,0.0506591796875
56.8364,0,0.0645751953125,0,0.279052734375,0,-0.0816650390625,0,0.1903076171875
56.8505,0,0.0645751953125,0,0.36376953125,0,-0.07427978515625,0,0.1903076171875
56.8562,0,-0.27001953125,0,0.36376953125,0,-0.07427978515625,0,-0.216796875
56.8697,0,-0.27001953125,0,0.1275634765625,0,-0.037628173828125,0,-0.216796875
56.8754,0,-0.18017578125,0,0.1275634765625,0,-0.037628173828125,0,-0.217529296875
56.8881,0,-0.18017578125,0,-0.134521484375,0,0.039398193359375,0,-0.217529296875
56.8978,0,-0.150634765625,0,-0.134521484375,0,0.039398193359375,0,-0.229736328125
56.9068,0,-0.150634765625,0,0.315185546875,0,-0.054473876953125,0,-0.229736328125
56.9145,0,0.024505615234375,0,0.315185546875,0,-0.054473876953125,0,0.053436279296875
56.9256,0,0.024505615234375,0,0.2088623046875,0,-0.054473876953125,0,0.053436279296875
56.9347,0,-0.1378173828125,0,0.2088623046875,0,-0.06793212890625,0,0.226806640625
56.9452,0,-0.1378173828125,0,-0.12481689453125,0,-0.06793212890625,0,0.226806640625
56.9538,0,-0.062042236328125,0,-0.12481689453125,0,0.03631591796875,0,0.04815673828125
56.9692,0,-0.062042236328125,0,0.06329345703125,0,-0.09539794921875,0,0.04815673828125
56.9747,0,0.039306640625,0,0.06329345703125,0,-0.09539794921875,0,0.129638671875
56.9856,0,0.039306640625,0,-0.419921875,0,-0.09539794921875,0,0.129638671875
56.9963,0,0.0919189453125,0,-0.419921875,0,-0.10638427734375,0,0.125732421875
57.0054,0,0.0919189453125,0,-0.62939453125,0,-0.10638427734375,0,0.125732421875
57.0151,0,0.0246734619140625,0,-0.62939453125,0,0.020355224609375,0,0.07208251953125
57.0239,0,0.0246734619140625,0,-0.82421875,0,0.020355224609375,0,0.07208251953125
57.0373,0,0.050872802734375,0,-0.82421875,0,-0.0423583984375,0,0.1602783203125
57.0497,0,0.050872802734375,0,0.2169189453125,0,-0.0423583984375,0,0.1602783203125
57.0580,0,0.0291595458984375,0,0.2169189453125,0,-0.06866455078125,0,0.2183837890625
57.0702,0,0.0291595458984375,0,-0.437255859375,0,-0.06866455078125,0,0.2183837890625
57.0803,0,-0.0394287109375,0,-0.437255859375,0,-0.07342529296875,0,0.187255859375
57.0911,0,-0.0394287109375,0,-0.271240234375,0,-0.07342529296875,0,0.187255859375
57.1009,0,-0.04034423828125,0,-0.271240234375,0,-0.07098388671875,0,-0.077880859375
57.1117,0,-0.04034423828125,0,0.195556640625,0,-0.07098388671875,0,-0.077880859375
57.1202,0,0.06707763671875,0,0.195556640625,0,-0.099609375,0,0.1510009765625
57.1317,0,0.06707763671875,0,0.2354736328125,0,-0.099609375,0,0.1510009765625
57.1408,0,0.07049560546875,0,0.2354736328125,0,-0.09539794921875,0,0.1510009765625
57.1512,0,0.07049560546875,0,0.36279296875,0,-0.09539794921875,0,-0.080810546875
57.1605,0,-0.0535888671875,0,0.36279296875,0,-0.048828125,0,-0.080810546875
57.1713,0,-0.0535888671875,0,0.36279296875,0,-0.048828125,0,-0.02001953125
57.1765,0,0.10955810546875,0,-0.1083984375,0,-0.04730224609375,0,0.1627197265625
57.1918,0,0.10955810546875,0,0.06365966796875,0,-0.04730224609375,0,0.1627197265625
57.2006,0,0.10955810546875,0,0.06365966796875,0,0.052398681640625,0,0.1627197265625
57.2115,0,0.138916015625,0,0.06365966796875,0,0.052398681640625,0,-0.04547119140625
57.2210,0,0.138916015625,0,-0.5126953125,0,-0.04803466796875,0,-0.04547119140625
57.2322,0,-0.1710205078125,0,-0.5126953125,0,-0.04803466796875,0,-0.2626953125
57.2406,0,-0.1710205078125,0,0.3955078125,0,0.1260986328125,0,-0.2626953125
57.2512,0,-0.154296875,0,0.3955078125,0,0.1260986328125,0,0.1024169921875
57.2618,0,-0.154296875,0,-0.88525390625,0,-0.050323486328125,0,0.1024169921875
57.2737,0,0.10076904296875,0,-0.88525390625,0,-0.050323486328125,0,-0.0299835205078125
57.2845,0,0.10076904296875,0,0.1806640625,0,-0.041351318359375,0,-0.0299835205078125
57.2935,0,-0.045257568359375,0,-0.76025390625,0,-0.01297760009765625,0,0.198486328125
57.3050,0,-0.021148681640625,0,-0.76025390625,0,-0.01297760009765625,0,-0.1055908203125
57.3132,0,-0.021148681640625,0,0.1925048828125,0,-0.046600341796875,0,-0.1055908203125
57.3244,0,-0.03485107421875,0,0.1925048828125,0,-0.046600341796875,0,0.1573486328125
57.3330,0,-0.03485107421875,0,-0.05792236328125,0,0.077880859375,0,0.1573486328125
57.3440,0,0.1129150390625,0,-0.05792236328125,0,0.077880859375,0,0.2020263671875
57.3544,0,0.1129150390625,0,0.3095703125,0,-0.0982666015625,0,0.2020263671875
57.3664,0,-0.0972900390625,0,0.3095703125,0,-0.0982666015625,0,-0.2452392578125
57.3721,0,-0.0972900390625,0,0.368896484375,0,-0.0889892578125,0,-0.2452392578125
57.3863,0,-0.091064453125,0,0.368896484375,0,-0.0889892578125,0,0.260498046875
57.3938,0,-0.091064453125,0,0.30615234375,0,-0.0216827392578125,0,0.260498046875
57.4049,0,0.031646728515625,0,0.30615234375,0,-0.0216827392578125,0,-0.06719970703125
57.4150,0,0.031646728515625,0,-0.9140625,0,0.06829833984375,0,-0.06719970703125
57.4256,0,-0.031158447265625,0,-0.9140625,0,0.06829833984375,0,0.073974609375
57.4344,0,-0.031158447265625,0,0.0926513671875,0,0.06829833984375,0,0.073974609375
57.4457,0,0.08770751953125,0,0.0926513671875,0,-0.060150146484375,0,0.1392822265625
57.4547,0,0.08770751953125,0,-0.8515625,0,-0.060150146484375,0,0.1392822265625
57.4668,0,-0.201904296875,0,-0.8515625,0,-0.0369873046875,0,-0.176513671875
57.4764,0,-0.201904296875,0,-0.79541015625,0,-0.0369873046875,0,-0.176513671875
57.4873,0,0.0966796875,0,-0.79541015625,0,-0.053436279296875,0,0.033172607421875
57.4988,0,0.0966796875,0,0.474365234375,0,-0.053436279296875,0,0.033172607421875
57.5085,0,-0.1746826171875,0,0.474365234375,0,0.06268310546875,0,-0.1978759765625
57.5162,0,-0.1746826171875,0,-0.449951171875,0,0.06268310546875,0,-0.1978759765625
57.5254,0,0.0338134765625,0,-0.449951171875,0,0.016357421875,0,-0.019439697265625
57.5351,0,0.0338134765625,0,-0.5771484375,0,0.016357421875,0,-0.019439697265625
57.5457,0,0.153076171875,0,-0.5771484375,0,-0.0237579345703125,0,0.17138671875
57.5544,0,0.153076171875,0,0.266845703125,0,-0.0237579345703125,0,0.17138671875
57.5667,0,0.09564208984375,0,0.266845703125,0,-0.028961181640625,0,-0.1488037109375
57.5765,0,0.09564208984375,0,-0.4375,0,-0.028961181640625,0,-0.1488037109375
57.5888,0,0.1279296875,0,-0.4375,0,0.041473388671875,0,-0.1488037109375
57.5994,0,0.1279296875,0,-0.6806640625,0,0.041473388671875,0,0.045135498046875
57.6089,0,-0.1732177734375,0,-0.6806640625,0,0.061553955078125,0,0.045135498046875
57.6179,0,-0.1732177734375,0,-0.6806640625,0,0.061553955078125,0,0.0526123046875
57.6299,0,-0.223876953125,0,-0.9296875,0,-0.01308441162109375,0,0.0526123046875
57.6373,0,-0.223876953125,0,0.2108154296875,0,-0.01308441162109375,0,0.2705078125
57.6508,0,-0.223876953125,0,0.2108154296875,0,0.0265350341796875,0,0.2705078125
57.6566,0,0.09564208984375,0,0.08245849609375,0,0.0265350341796875,0,-0.045989990234375
57.6697,0,0.09564208984375,0,0.08245849609375,0,0.07769775390625,0,-0.045989990234375
57.6786,0,0.016571044921875,0,0.08245849609375,0,0.07769775390625,0,-0.2427978515625
57.6891,0,-0.174560546875,0,0.19921875,0,-0.06658935546875,0,-0.2427978515625
57.6988,0,-0.174560546875,0,0.253173828125,0,-0.06658935546875,0,-0.043060302734375
57.7100,0,-0.174560546875,0,0.253173828125,0,-0.0550537109375,0,-0.043060302734375
57.7203,0,-0.137451171875,0,-0.6083984375,0,-0.0550537109375,0,-0.1513671875
58.0594,0,-0.137451171875,0,-0.6083984375,0,0.043975830078125,0,-0.1513671875
58.0614,0,-0.151611328125,0,-0.6083984375,0,0.043975830078125,0,-0.16455078125
58.0622,0,-0.151611328125,0,0.1268310546875,0,0.00788116455078125,0,-0.16455078125
58.0627,0,0.12164306640625,0,0.1268310546875,0,0.00788116455078125,0,-0.16650390625
58.0670,0,0.12164306640625,0,-0.410888671875,0,0.00788116455078125,0,-0.16650390625
58.0681,0,-0.2269287109375,0,-0.410888671875,0,-0.07037353515625,0,0.21826171875
58.0718,0,-0.2269287109375,0,0.4658203125,0,-0.07037353515625,0,0.21826171875
58.0726,0,-0.1219482421875,0,0.4658203125,0,0.019561767578125,0,-0.16162109375
58.0737,0,-0.1219482421875,0,-0.1708984375,0,-0.05975341796875,0,-0.16162109375
58.0742,0,-0.10321044921875,0,-0.1708984375,0,-0.05975341796875,0,-0.1739501953125
58.0746,0,-0.10321044921875,0,-0.1448974609375,0,-0.05975341796875,0,-0.1739501953125
58.0749,0,0.11376953125,0,-0.1448974609375,0,-0.0274200439453125,0,-0.1904296875
58.0756,0,0.11376953125,0,0.10797119140625,0,-0.0274200439453125,0,-0.1904296875
58.0760,0,-0.20703125,0,0.10797119140625,0,-0.10150146484375,0,-0.2548828125
58.0764,0,-0.20703125,0,-0.306884765625,0,-0.10150146484375,0,-0.2548828125
58.0768,0,0.12445068359375,0,-0.306884765625,0,-0.03692626953125,0,0.037750244140625
58.0772,0,0.12445068359375,0,-0.4951171875,0,-0.03692626953125,0,0.037750244140625
58.0775,0,-0.1007080078125,0,-0.4951171875,0,0.0277252197265625,0,0.140869140625
58.0778,0,-0.1007080078125,0,0.1802978515625,0,0.0277252197265625,0,0.140869140625
58.0781,0,-0.2056884765625,0,0.1802978515625,0,-0.052703857421875,0,-0.045745849609375
58.0784,0,-0.2056884765625,0,0.54150390625,0,-0.052703857421875,0,-0.045745849609375
58.0788,0,-0.1578369140625,0,0.54150390625,0,0.09136962890625,0,0.08636474609375
58.0792,0,-0.1578369140625,0,0.264404296875,0,0.09136962890625,0,0.08636474609375
58.0795,0,-0.1539306640625,0,0.264404296875,0,0.03594970703125,0,0.03887939453125
58.0798,0,-0.1539306640625,0,0.320068359375,0,0.03594970703125,0,0.03887939453125
58.0804,0,-0.1251220703125,0,0.320068359375,0,0.04559326171875,0,-0.314697265625
58.0807,0,-0.1251220703125,0,-0.525390625,0,0.04559326171875,0,-0.314697265625
58.0816,0,-0.030059814453125,0,-0.525390625,0,-0.0372314453125,0,-0.267333984375
58.0820,0,-0.030059814453125,0,-1.025390625,0,-0.0372314453125,0,-0.267333984375
58.0826,0,-0.15576171875,0,-1.025390625,0,-0.0140838623046875,0,-0.0919189453125
58.0829,0,-0.15576171875,0,0.141357421875,0,-0.0140838623046875,0,-0.0919189453125
58.0833,0,0.0341796875,0,0.141357421875,0,0.0396728515625,0,-0.0172119140625
58.0836,0,0.0341796875,0,-0.91357421875,0,0.0396728515625,0,-0.0172119140625
58.0840,0,-0.192138671875,0,-0.91357421875,0,-0.05126953125,0,-0.17822265625
58.0844,0,-0.192138671875,0,0.3203125,0,-0.05126953125,0,-0.17822265625
58.0848,0,0.0140380859375,0,0.3203125,0,-0.0241546630859375,0,-0.185302734375
58.0898,0,0.0140380859375,0,-0.431396484375,0,-0.0241546630859375,0,-0.185302734375
58.0985,0,0.0140380859375,0,-0.431396484375,0,-0.06622314453125,0,-0.185302734375
58.1122,0,0.2015380859375,0,0.146240234375,0,-0.06622314453125,0,-0.2373046875
58.1145,0,-0.0526123046875,0,0.146240234375,0,-0.022552490234375,0,-0.2142333984375
58.1294,0,-0.0526123046875,0,0.400634765625,0,-0.022552490234375,0,-0.2142333984375
58.1343,0,-0.0771484375,0,0.400634765625,0,-0.029815673828125,0,-0.2142333984375
58.1501,0,-0.0771484375,0,-0.179931640625,0,-0.029815673828125,0,0.2252197265625
58.1585,0,-0.0771484375,0,-0.179931640625,0,-0.047637939453125,0,0.2252197265625
58.1700,0,0.1077880859375,0,-0.260498046875,0,-0.047637939453125,0,0.21435546875
58.1781,0,0.1077880859375,0,-0.260498046875,0,-0.035308837890625,0,0.21435546875
58.1892,0,-0.03173828125,0,0.1636962890625,0,-0.035308837890625,0,0.1348876953125
58.2005,0,-0.03173828125,0,0.1636962890625,0,-0.01161956787109375,0,0.1348876953125
58.2098,0,0.0858154296875,0,-0.99951171875,0,-0.01161956787109375,0,0.05499267578125
58.2205,0,0.0858154296875,0,-0.99951171875,0,0.018280029296875,0,0.05499267578125
58.2252,0,-0.2178955078125,0,0.54638671875,0,0.018280029296875,0,-0.2403564453125
58.2380,0,-0.2178955078125,0,0.54638671875,0,-0.01030731201171875,0,-0.2403564453125
58.2487,0,-0.2132568359375,0,0.2484130859375,0,-0.01030731201171875,0,0.1390380859375
58.2580,0,-0.2132568359375,0,0.2484130859375,0,-0.0362548828125,0,0.1390380859375
58.2700,0,0.0693359375,0,0.16943359375,0,-0.0362548828125,0,-0.054656982421875
58.2775,0,0.0693359375,0,0.16943359375,0,-0.06243896484375,0,-0.054656982421875
58.2898,0,-0.153564453125,0,-0.11993408203125,0,-0.06243896484375,0,0.0124664306640625
58.2994,0,-0.153564453125,0,-0.11993408203125,0,-0.047607421875,0,0.0124664306640625
58.3076,0,-0.1324462890625,0,-0.11993408203125,0,-0.047607421875,0,-0.1180419921875
58.3166,0,-0.1324462890625,0,0.43798828125,0,-0.10101318359375,0,-0.1180419921875
58.3277,0,-0.1431884765625,0,0.43798828125,0,-0.10101318359375,0,-0.2427978515625
58.3369,0,-0.1431884765625,0,0.48974609375,0,-0.10101318359375,0,-0.2427978515625
58.3476,0,-0.15283203125,0,0.48974609375,0,-0.043670654296875,0,0.0238494873046875
58.3558,0,-0.15283203125,0,0.3193359375,0,-0.043670654296875,0,0.0238494873046875
58.3682,0,0.10760498046875,0,0.3193359375,0,-0.07501220703125,0,0.051177978515625
58.3764,0,0.10760498046875,0,0.395751953125,0,-0.07501220703125,0,0.051177978515625
58.3904,0,-0.13671875,0,0.395751953125,0,-0.045257568359375,0,-0.01477813720703125
58.4007,0,-0.13671875,0,-0.8642578125,0,-0.045257568359375,0,-0.01477813720703125
58.4101,0,-0.250732421875,0,-0.8642578125,0,-0.043487548828125,0,-0.08160400390625
58.4203,0,-0.250732421875,0,0.442138671875,0,-0.043487548828125,0,-0.08160400390625
58.4320,0,0.0887451171875,0,0.442138671875,0,-0.0858154296875,0,-0.1553955078125
58.4405,0,0.0887451171875,0,-0.241455078125,0,-0.0858154296875,0,-0.1553955078125
58.4529,0,0.1866455078125,0,-0.241455078125,0,-0.025909423828125,0,0.0389404296875
58.4602,0,0.1866455078125,0,-0.90234375,0,-0.025909423828125,0,0.0389404296875
58.4722,0,-0.1710205078125,0,-0.90234375,0,-0.05621337890625,0,-0.2161865234375
58.4858,0,-0.1866455078125,0,0.09521484375,0,-0.032958984375,0,-0.0141448974609375
58.4923,0,-0.1866455078125,0,-0.8818359375,0,-0.032958984375,0,-0.0141448974609375
58.5018,0,-0.066162109375,0,-0.8818359375,0,-0.03424072265625,0,0.09344482421875
58.5128,0,-0.066162109375,0,0.4677734375,0,-0.03424072265625,0,0.09344482421875
58.5233,0,-0.066162109375,0,0.4677734375,0,-0.0275726318359375,0,0.09344482421875
58.5334,0,-0.039306640625,0,0.4677734375,0,-0.0275726318359375,0,-0.1473388671875
58.5413,0,-0.039306640625,0,0.3330078125,0,-0.0275726318359375,0,-0.1473388671875
58.5536,0,-0.0413818359375,0,0.3330078125,0,-0.04412841796875,0,-0.162841796875
58.5607,0,-0.0413818359375,0,0.15869140625,0,-0.04412841796875,0,-0.162841796875
58.5762,0,0.1011962890625,0,0.15869140625,0,0.10528564453125,0,-0.16162109375
58.5823,0,0.1011962890625,0,-0.6318359375,0,0.10528564453125,0,-0.16162109375
58.5915,0,-0.193603515625,0,-0.6318359375,0,-0.0565185546875,0,-0.047332763671875
58.6028,0,-0.193603515625,0,0.16748046875,0,-0.0565185546875,0,-0.047332763671875
58.6131,0,0.076171875,0,0.16748046875,0,-0.072998046875,0,0.012603759765625
58.6234,0,0.076171875,0,-0.463134765625,0,-0.072998046875,0,0.012603759765625
58.6371,0,0.07232666015625,0,-0.463134765625,0,-0.047149658203125,0,0.0305328369140625
58.6451,0,0.07232666015625,0,0.350341796875,0,-0.047149658203125,0,0.0305328369140625
58.6553,0,-0.280517578125,0,0.350341796875,0,0.06390380859375,0,0.1800537109375
58.6623,0,-0.280517578125,0,0.05126953125,0,0.06390380859375,0,0.1800537109375
58.6732,0,-0.10382080078125,0,0.05126953125,0,0.050445556640625,0,0.07220458984375
58.6836,0,-0.10382080078125,0,-0.10931396484375,0,0.050445556640625,0,0.07220458984375
58.6917,0,-0.05328369140625,0,-0.10931396484375,0,-0.03118896484375,0,-0.1431884765625
58.7029,0,-0.05328369140625,0,-0.186767578125,0,-0.03118896484375,0,-0.1431884765625
58.7120,0,0.12017822265625,0,-0.186767578125,0,-0.0460205078125,0,0.081787109375
58.7210,0,0.12017822265625,0,-0.90673828125,0,-0.0460205078125,0,0.081787109375
58.7337,0,0.1368408203125,0,-0.90673828125,0,-0.059112548828125,0,0.1722412109375
58.7392,0,0.1368408203125,0,0.362060546875,0,-0.059112548828125,0,0.1722412109375
58.7514,0,0.1622314453125,0,0.362060546875,0,0.07550048828125,0,-0.03314208984375
58.7588,0,0.1622314453125,0,0.05108642578125,0,0.07550048828125,0,-0.03314208984375
58.7715,0,0.046966552734375,0,0.05108642578125,0,-0.03253173828125,0,-0.222900390625
58.7812,0,0.046966552734375,0,-1.0146484375,0,-0.03253173828125,0,-0.222900390625
58.7924,0,0.0203857421875,0,-1.0146484375,0,-0.0721435546875,0,0.204833984375
58.8007,0,0.0203857421875,0,0.428955078125,0,-0.0721435546875,0,0.204833984375
58.8094,0,-0.171142578125,0,0.428955078125,0,-0.033935546875,0,0.10870361328125
58.8204,0,-0.171142578125,0,0.2279052734375,0,-0.033935546875,0,0.10870361328125
58.8302,0,-0.171142578125,0,0.2279052734375,0,0.04150390625,0,-0.034454345703125
58.8411,0,0.128173828125,0,0.2279052734375,0,0.04150390625,0,-0.034454345703125
58.8500,0,0.128173828125,0,-0.07208251953125,0,-0.0841064453125,0,-0.033721923828125
58.8606,0,0.06414794921875,0,-0.07208251953125,0,-0.0841064453125,0,-0.033721923828125
58.8707,0,0.06414794921875,0,-0.67138671875,0,-0.09344482421875,0,0.1622314453125
58.8803,0,-0.1434326171875,0,-0.67138671875,0,-0.09344482421875,0,0.1622314453125
58.8891,0,-0.1434326171875,0,-0.88623046875,0,-0.0386962890625,0,-0.201416015625
58.9006,0,-0.2666015625,0,-0.88623046875,0,-0.0386962890625,0,-0.201416015625
58.9108,0,-0.2666015625,0,-0.78662109375,0,-0.0555419921875,0,-0.201416015625
58.9201,0,-0.0197601318359375,0,-0.78662109375,0,-0.0555419921875,0,-0.046600341796875
58.9289,0,-0.0197601318359375,0,-0.106689453125,0,-0.0555419921875,0,0.029022216796875
58.9414,0,0.09881591796875,0,-0.106689453125,0,-0.0626220703125,0,0.029022216796875
58.9514,0,0.09881591796875,0,0.2076416015625,0,-0.06304931640625,0,0.0156707763671875
58.9596,0,0.10498046875,0,0.2076416015625,0,-0.06304931640625,0,0.0156707763671875
58.9710,0,0.10498046875,0,0.26220703125,0,-0.06304931640625,0,0.0156707763671875
58.9793,0,0.09637451171875,0,0.26220703125,0,-0.051361083984375,0,0.148681640625
58.9902,0,0.09637451171875,0,0.375244140625,0,-0.051361083984375,0,0.148681640625
59.0007,0,0.1226806640625,0,0.375244140625,0,0.060394287109375,0,-0.1217041015625
59.0074,0,0.1226806640625,0,0.057708740234375,0,-0.0316162109375,0,-0.1217041015625
59.0186,0,0.06219482421875,0,0.057708740234375,0,-0.0316162109375,0,0.1044921875
59.0293,0,0.06219482421875,0,-0.324951171875,0,-0.0316162109375,0,0.1044921875
59.0413,0,0.058013916015625,0,-0.324951171875,0,-0.08612060546875,0,-0.224609375
59.0498,0,0.058013916015625,0,0.350341796875,0,-0.08612060546875,0,-0.224609375
59.0584,0,0.1036376953125,0,0.350341796875,0,-0.042816162109375,0,0.2421875
59.0707,0,0.1036376953125,0,0.1925048828125,0,-0.042816162109375,0,0.2421875
59.0787,0,-0.05548095703125,0,0.1925048828125,0,0.0892333984375,0,0.11322021484375
59.0888,0,-0.05548095703125,0,-0.30224609375,0,0.0892333984375,0,0.11322021484375
59.0973,0,-0.01190185546875,0,-0.30224609375,0,-0.10772705078125,0,-0.2152099609375
59.1098,0,-0.01190185546875,0,-0.15283203125,0,-0.10772705078125,0,-0.2152099609375
59.1191,0,0.0848388671875,0,-0.15283203125,0,-0.033477783203125,0,0.0285797119140625
59.1307,0,0.0848388671875,0,-0.035552978515625,0,-0.033477783203125,0,0.0285797119140625
59.1374,0,-0.1827392578125,0,-0.035552978515625,0,-0.0394287109375,0,0.0770263671875
59.1518,0,-0.1827392578125,0,-0.311767578125,0,-0.0394287109375,0,0.0770263671875
59.1566,0,-0.094970703125,0,-0.311767578125,0,-0.052703857421875,0,-0.1688232421875
59.1714,0,-0.094970703125,0,0.4091796875,0,-0.052703857421875,0,-0.1688232421875
59.1760,0,-0.1343994140625,0,0.4091796875,0,0.060394287109375,0,-0.1754150390625
59.1895,0,-0.1343994140625,0,0.393310546875,0,0.060394287109375,0,-0.1754150390625
59.1992,0,-0.1343994140625,0,0.393310546875,0,-0.03924560546875,0,-0.1754150390625
59.2101,0,0.1036376953125,0,-0.9794921875,0,-0.03924560546875,0,0.25146484375
59.2189,0,0.1036376953125,0,-0.9794921875,0,-0.0240325927734375,0,0.25146484375
59.2296,0,-0.1446533203125,0,-0.5234375,0,-0.0240325927734375,0,-0.19384765625
59.2407,0,-0.1446533203125,0,-0.5234375,0,0.059478759765625,0,-0.19384765625
59.2524,0,-0.066162109375,0,0.05438232421875,0,0.059478759765625,0,0.228271484375
59.2575,0,-0.066162109375,0,0.05438232421875,0,-0.0274658203125,0,0.12103271484375
59.2711,0,-0.17578125,0,0.438720703125,0,-0.0274658203125,0,0.12103271484375
59.2770,0,-0.17578125,0,0.438720703125,0,0.0966796875,0,0.178955078125
59.2912,0,-0.0870361328125,0,-0.86669921875,0,0.0966796875,0,0.178955078125
59.2992,0,-0.0870361328125,0,-0.86669921875,0,-0.053192138671875,0,0.2091064453125
59.3097,0,-0.11859130859375,0,0.270751953125,0,-0.053192138671875,0,0.2091064453125
59.3214,0,-0.11859130859375,0,0.270751953125,0,-0.0216217041015625,0,0.2091064453125
59.3308,0,-0.2391357421875,0,-0.1019287109375,0,-0.0216217041015625,0,-0.1256103515625
59.3412,0,-0.2391357421875,0,-0.1019287109375,0,-0.0279693603515625,0,-0.1256103515625
59.3505,0,0.1151123046875,0,-0.09808349609375,0,-0.0279693603515625,0,0.050933837890625
59.3612,0,0.1151123046875,0,-0.09808349609375,0,-0.0282135009765625,0,0.050933837890625
59.3723,0,-0.027313232421875,0,0.363037109375,0,-0.0282135009765625,0,-0.049102783203125
59.3780,0,-0.027313232421875,0,0.363037109375,0,-0.0548095703125,0,-0.049102783203125
59.3947,0,0.06829833984375,0,0.363037109375,0,-0.0548095703125,0,0.02618408203125
59.4035,0,0.06829833984375,0,-0.9072265625,0,-0.0548095703125,0,0.02618408203125
59.4237,0,0.129150390625,0,0.31640625,0,-0.02752685546875,0,-0.062103271484375
59.4350,0,0.11907958984375,0,0.31640625,0,-0.02752685546875,0,0.1954345703125
59.4421,0,0.11907958984375,0,0.1541748046875,0,0.0222625732421875,0,0.1954345703125
59.4561,0,0.0880126953125,0,0.1541748046875,0,0.0222625732421875,0,-0.1162109375
59.4700,0,-0.12066650390625,0,-0.89599609375,0,0.0303802490234375,0,-0.206298828125
59.4804,0,-0.12066650390625,0,0.041748046875,0,0.0303802490234375,0,-0.206298828125
59.4917,0,-0.12066650390625,0,0.041748046875,0,-0.0516357421875,0,0.136962890625
59.5041,0,0.109375,0,-0.43798828125,0,0.032257080078125,0,0.10894775390625
59.5124,0,0.08758544921875,0,-0.43798828125,0,0.032257080078125,0,0.10894775390625
59.5189,0,0.08758544921875,0,0.41015625,0,0.10638427734375,0,0.10894775390625
59.5315,0,0.153076171875,0,0.41015625,0,0.10638427734375,0,-0.26513671875
59.5388,0,0.153076171875,0,0.205322265625,0,-0.027984619140625,0,-0.26513671875
59.5527,0,0.08636474609375,0,0.205322265625,0,-0.027984619140625,0,0.2239990234375
59.5582,0,0.08636474609375,0,0.356689453125,0,0.090576171875,0,0.2239990234375
59.5767,0,0.08746337890625,0,0.356689453125,0,0.090576171875,0,0.1312255859375
59.5818,0,0.08746337890625,0,0.40185546875,0,0.090576171875,0,0.1312255859375
59.5923,0,-0.1763916015625,0,0.40185546875,0,-0.0936279296875,0,-0.1014404296875
59.6027,0,-0.1763916015625,0,-0.06610107421875,0,-0.0809326171875,0,-0.1014404296875
59.6213,0,-0.1727294921875,0,-0.27880859375,0,-0.0552978515625,0,-0.194091796875
59.6334,0,-0.1727294921875,0,-0.27880859375,0,-0.0552978515625,0,0.155029296875
59.6430,0,0.1429443359375,0,0.3388671875,0,-0.0552978515625,0,0.155029296875
59.6536,0,0.1429443359375,0,0.3388671875,0,-0.047576904296875,0,0.224853515625
59.6626,0,0.12432861328125,0,0.31103515625,0,-0.047576904296875,0,0.224853515625
59.6714,0,0.12432861328125,0,0.31103515625,0,-0.0304412841796875,0,-0.0260162353515625
59.6798,0,0.09332275390625,0,-0.88037109375,0,-0.0304412841796875,0,-0.0260162353515625
59.6934,0,0.09332275390625,0,-0.88037109375,0,0.09381103515625,0,-0.07928466796875
59.6995,0,0.038116455078125,0,-0.0582275390625,0,0.09381103515625,0,-0.07928466796875
59.7114,0,0.038116455078125,0,-0.0582275390625,0,0.052520751953125,0,-0.197509765625
59.7215,0,0.0699462890625,0,0.225830078125,0,0.052520751953125,0,-0.197509765625
59.7325,0,0.0699462890625,0,0.225830078125,0,-0.0955810546875,0,0.0196380615234375
59.7395,0,-0.18505859375,0,-0.85546875,0,-0.0955810546875,0,0.0196380615234375
59.7525,0,-0.18505859375,0,-0.85546875,0,-0.0283203125,0,0.0196380615234375
59.7584,0,0.07904052734375,0,-0.5029296875,0,-0.0283203125,0,-0.1494140625
59.7698,0,0.07904052734375,0,-0.5029296875,0,-0.05169677734375,0,0.1689453125
59.7817,0,-0.0633544921875,0,-0.5029296875,0,-0.05169677734375,0,0.1689453125
59.7903,0,-0.0633544921875,0,-0.74169921875,0,0.035614013671875,0,0.10162353515625
59.8014,0,0.1005859375,0,-0.74169921875,0,0.035614013671875,0,0.10162353515625
59.8099,0,0.1005859375,0,0.2274169921875,0,-0.03265380859375,0,-0.194091796875
59.8211,0,0.12451171875,0,0.2274169921875,0,-0.03265380859375,0,-0.194091796875
59.8296,0,0.12451171875,0,0.41552734375,0,-0.0701904296875,0,-0.210693359375
59.8419,0,0.1263427734375,0,0.41552734375,0,-0.0701904296875,0,-0.210693359375
59.8526,0,0.1263427734375,0,-0.0745849609375,0,-0.0966796875,0,-0.210693359375
59.8585,0,0.19970703125,0,-0.0745849609375,0,-0.0966796875,0,-0.112060546875
59.8721,0,0.19970703125,0,0.286865234375,0,-0.03668212890625,0,-0.112060546875
59.8787,0,0.06549072265625,0,0.286865234375,0,-0.03668212890625,0,-0.1805419921875
59.8917,0,0.06549072265625,0,0.34130859375,0,-0.08740234375,0,-0.1805419921875
59.9043,0,0.149169921875,0,0.34130859375,0,-0.08740234375,0,0.045867919921875
59.9115,0,0.149169921875,0,-0.0731201171875,0,-0.07330322265625,0,0.045867919921875
59.9175,0,0.074462890625,0,-0.0731201171875,0,-0.07330322265625,0,0.253173828125
59.9324,0,0.074462890625,0,0.04931640625,0,-0.03741455078125,0,0.253173828125
59.9391,0,-0.1661376953125,0,0.04931640625,0,-0.03741455078125,0,-0.0275726318359375
59.9518,0,-0.1661376953125,0,0.186279296875,0,0.07452392578125,0,-0.0275726318359375
59.9580,0,0.0697021484375,0,0.186279296875,0,0.07452392578125,0,0.05877685546875
59.9743,0,0.0697021484375,0,0.06304931640625,0,-0.01629638671875,0,0.05877685546875
59.9795,0,0.0697021484375,0,0.06304931640625,0,-0.01629638671875,0,-0.09295654296875
59.9924,0,0.03271484375,0,0.05291748046875,0,0.03863525390625,0,-0.09295654296875
60.0004,0,0.07781982421875,0,0.05291748046875,0,0.03863525390625,0,-0.148193359375
60.0088,0,0.07781982421875,0,0.29541015625,0,0.09564208984375,0,-0.148193359375
60.0186,0,0.046722412109375,0,0.29541015625,0,0.09564208984375,0,-0.1727294921875
60.0327,0,0.046722412109375,0,-0.99853515625,0,-0.021697998046875,0,-0.1727294921875
60.0401,0,0.046722412109375,0,-0.99853515625,0,-0.021697998046875,0,-0.031097412109375
60.0516,0,-0.0299224853515625,0,-0.5556640625,0,-0.0151214599609375,0,-0.031097412109375
60.0604,0,-0.0265045166015625,0,-0.5556640625,0,-0.0151214599609375,0,-0.259765625
60.0684,0,-0.0265045166015625,0,0.444580078125,0,-0.0611572265625,0,-0.259765625
60.0771,0,0.07501220703125,0,0.444580078125,0,-0.0611572265625,0,-0.0640869140625
60.0894,0,0.07501220703125,0,0.416259765625,0,0.047149658203125,0,-0.0640869140625
60.0995,0,0.07501220703125,0,0.416259765625,0,0.047149658203125,0,0.201416015625
60.1079,0,0.1251220703125,0,-0.623046875,0,-0.04193115234375,0,0.201416015625
60.1180,0,-0.1043701171875,0,-0.623046875,0,-0.04193115234375,0,-0.0460205078125
60.1288,0,-0.1043701171875,0,-0.55126953125,0,0.0275726318359375,0,-0.0460205078125
60.1382,0,-0.043731689453125,0,-0.55126953125,0,0.0275726318359375,0,0.09576416015625
60.1483,0,-0.043731689453125,0,-0.7626953125,0,-0.051300048828125,0,0.09576416015625
60.1594,0,-0.043731689453125,0,-0.7626953125,0,-0.051300048828125,0,-0.195068359375
60.1683,0,0.19091796875,0,0.31298828125,0,0.035919189453125,0,-0.195068359375
60.1788,0,0.19091796875,0,0.31298828125,0,0.035919189453125,0,0.1748046875
60.1901,0,-0.05877685546875,0,0.31298828125,0,0.035919189453125,0,0.1748046875
60.1960,0,-0.009765625,0,-0.106689453125,0,-0.07171630859375,0,0.102783203125
60.2080,0,-0.009765625,0,0.10693359375,0,-0.0204315185546875,0,0.102783203125
60.2202,0,0.08697509765625,0,0.10693359375,0,-0.0204315185546875,0,0.2337646484375
60.2312,0,0.08697509765625,0,-0.1983642578125,0,-0.0294189453125,0,0.2337646484375
60.2412,0,0.08697509765625,0,-0.1983642578125,0,-0.0294189453125,0,0.2039794921875
60.2510,0,0.08331298828125,0,-0.1983642578125,0,-0.0294189453125,0,0.2039794921875
60.2593,0,0.08331298828125,0,0.25537109375,0,-0.040771484375,0,-0.172607421875
60.2721,0,-0.0767822265625,0,0.25537109375,0,-0.040771484375,0,-0.172607421875
60.2763,0,-0.0767822265625,0,0.0894775390625,0,-0.05859375,0,0.1884765625
60.2876,0,-0.11114501953125,0,0.31982421875,0,-0.05859375,0,0.1884765625
60.2995,0,-0.11114501953125,0,0.31982421875,0,0.040863037109375,0,0.179931640625
60.3098,0,0.107177734375,0,0.31982421875,0,0.040863037109375,0,0.179931640625
60.3185,0,0.107177734375,0,0.415771484375,0,-0.059844970703125,0,-0.2705078125
60.3313,0,-0.1387939453125,0,0.415771484375,0,-0.059844970703125,0,-0.2705078125
60.3363,0,-0.1387939453125,0,0.3828125,0,-0.030364990234375,0,0.194580078125
60.3501,0,-0.0282135009765625,0,0.3828125,0,-0.030364990234375,0,0.194580078125
60.3590,0,-0.0282135009765625,0,0.280029296875,0,-0.041961669921875,0,0.189697265625
60.3727,0,-0.11492919921875,0,0.280029296875,0,-0.041961669921875,0,0.189697265625
60.3784,0,-0.11492919921875,0,0.10980224609375,0,0.0604248046875,0,0.191162109375
60.3916,0,-0.3486328125,0,0.10980224609375,0,0.0604248046875,0,0.191162109375
60.3992,0,-0.3486328125,0,0.240966796875,0,0.06915283203125,0,-0.056396484375
60.4113,0,0.121826171875,0,0.240966796875,0,0.06915283203125,0,-0.056396484375
60.4212,0,0.121826171875,0,-0.62841796875,0,-0.04180908203125,0,-0.056396484375
60.4319,0,-0.246826171875,0,-0.62841796875,0,-0.04180908203125,0,-0.2464599609375
60.4429,0,-0.246826171875,0,0.453125,0,-0.076171875,0,0.22607421875
60.4538,0,-0.240234375,0,0.453125,0,-0.076171875,0,0.22607421875
60.4620,0,-0.240234375,0,0.3603515625,0,-0.00919342041015625,0,-0.1556396484375
60.4765,0,-0.35205078125,0,0.3603515625,0,-0.00919342041015625,0,-0.1556396484375
60.4834,0,-0.35205078125,0,-0.0689697265625,0,-0.064697265625,0,-0.1556396484375
60.4941,0,0.10394287109375,0,-0.0689697265625,0,-0.064697265625,0,0.1470947265625
60.5032,0,0.10394287109375,0,-1.111328125,0,-0.051849365234375,0,0.1470947265625
60.5157,0,0.0237274169921875,0,-1.111328125,0,-0.051849365234375,0,0.1490478515625
60.5271,0,0.0237274169921875,0,0.53564453125,0,-0.055267333984375,0,-0.2232666015625
60.5375,0,0.07666015625,0,0.53564453125,0,-0.055267333984375,0,-0.2232666015625
60.5437,0,0.07666015625,0,-1.0576171875,0,-0.0460205078125,0,-0.2232666015625
60.5561,0,0.07666015625,0,-1.0576171875,0,-0.0460205078125,0,-0.138916015625
60.5705,0,-0.1639404296875,0,0.32568359375,0,-0.10809326171875,0,-0.136474609375
60.5815,0,-0.1639404296875,0,-0.04827880859375,0,-0.06024169921875,0,-0.136474609375
60.5937,0,-0.11431884765625,0,-0.04827880859375,0,-0.06024169921875,0,-0.2100830078125
60.6001,0,-0.11431884765625,0,0.1163330078125,0,-0.0189971923828125,0,-0.2100830078125
60.6127,0,-0.11431884765625,0,0.1163330078125,0,-0.0189971923828125,0,0.256103515625
60.6233,0,-0.05694580078125,0,0.486572265625,0,-0.0189971923828125,0,0.256103515625
60.6349,0,-0.05694580078125,0,0.486572265625,0,0.024017333984375,0,0.175537109375
60.6409,0,0.06573486328125,0,0.1954345703125,0,0.024017333984375,0,0.175537109375
60.6577,0,0.06573486328125,0,0.1954345703125,0,-0.0295562744140625,0,-0.206787109375
60.6607,0,0.1324462890625,0,-0.775390625,0,-0.046356201171875,0,-0.206787109375
60.6731,0,-0.035675048828125,0,-0.775390625,0,-0.046356201171875,0,-0.1500244140625
60.6838,0,-0.035675048828125,0,-0.0255126953125,0,-0.046356201171875,0,-0.1500244140625
60.6961,0,-0.12274169921875,0,0.318115234375,0,-0.087158203125,0,0.1593017578125
60.7102,0,-0.12274169921875,0,0.318115234375,0,0.064453125,0,0.1412353515625
60.7156,0,0.1470947265625,0,0.2431640625,0,-0.0596923828125,0,0.1412353515625
60.7291,0,0.1470947265625,0,0.2431640625,0,-0.0596923828125,0,-0.254638671875
60.7389,0,-0.1171875,0,0.2431640625,0,-0.0596923828125,0,-0.254638671875
60.7487,0,-0.1171875,0,-0.0782470703125,0,0.0251007080078125,0,-0.1680908203125
60.7577,0,0.1719970703125,0,-0.0782470703125,0,0.0251007080078125,0,-0.1680908203125
60.7691,0,-0.031982421875,0,0.03302001953125,0,-0.0352783203125,0,0.04278564453125
60.7778,0,-0.031982421875,0,0.118896484375,0,-0.005535125732421875,0,0.04278564453125
60.7873,0,-0.031982421875,0,0.118896484375,0,-0.005535125732421875,0,-0.029449462890625
60.7977,0,-0.075439453125,0,-0.08831787109375,0,-0.005535125732421875,0,-0.029449462890625
60.8081,0,-0.075439453125,0,-0.08831787109375,0,-0.04168701171875,0,0.10552978515625
60.8162,0,-0.14404296875,0,-0.08831787109375,0,-0.04168701171875,0,0.10552978515625
60.8273,0,-0.14404296875,0,0.401123046875,0,-0.05145263671875,0,-0.1822509765625
60.8360,0,0.0706787109375,0,0.401123046875,0,-0.05145263671875,0,-0.1822509765625
60.8442,0,0.0706787109375,0,0.2100830078125,0,-0.017791748046875,0,-0.1806640625
60.8559,0,0.1627197265625,0,0.2100830078125,0,-0.017791748046875,0,-0.1806640625
60.8641,0,0.1627197265625,0,0.3369140625,0,-0.0164794921875,0,-0.07281494140625
60.8785,0,-0.134033203125,0,0.3369140625,0,-0.0164794921875,0,-0.07281494140625
60.8890,0,-0.134033203125,0,-0.471435546875,0,-0.036376953125,0,-0.059906005859375
60.8967,0,-0.046783447265625,0,-0.471435546875,0,-0.036376953125,0,-0.059906005859375
60.9064,0,-0.046783447265625,0,0.06353759765625,0,-0.0250396728515625,0,0.035400390625
60.9163,0,0.0799560546875,0,0.06353759765625,0,-0.0250396728515625,0,0.035400390625
60.9251,0,0.0799560546875,0,-0.78759765625,0,0.0687255859375,0,-0.1705322265625
60.9365,0,0.142578125,0,-0.78759765625,0,0.0687255859375,0,-0.1705322265625
60.9471,0,0.142578125,0,0.419189453125,0,-0.03240966796875,0,-0.1705322265625
60.9573,0,-0.155517578125,0,0.419189453125,0,-0.03240966796875,0,0.205078125
60.9669,0,-0.155517578125,0,-0.497802734375,0,-0.0413818359375,0,0.205078125
60.9768,0,-0.0216522216796875,0,-0.497802734375,0,-0.0413818359375,0,-0.193115234375
60.9859,0,-0.0216522216796875,0,-0.380615234375,0,-0.07489013671875,0,-0.212890625
60.9959,0,-0.09521484375,0,-0.380615234375,0,-0.07489013671875,0,-0.212890625
61.0063,0,-0.09521484375,0,0.172607421875,0,-0.059600830078125,0,-0.0020198822021484375
61.0158,0,-0.0094757080078125,0,0.172607421875,0,-0.059600830078125,0,-0.0020198822021484375
61.0254,0,-0.0094757080078125,0,0.45263671875,0,-0.0845947265625,0,-0.0020198822021484375
61.0364,0,0.1524658203125,0,0.45263671875,0,-0.0845947265625,0,0.1226806640625
61.0446,0,0.1524658203125,0,-0.09735107421875,0,-0.0318603515625,0,0.1226806640625
61.0557,0,-0.279296875,0,-0.09735107421875,0,-0.0318603515625,0,0.251220703125
61.0644,0,-0.279296875,0,-0.1923828125,0,-0.07672119140625,0,0.251220703125
61.0758,0,0.035797119140625,0,-0.1923828125,0,-0.07672119140625,0,0.1370849609375
61.0851,0,0.035797119140625,0,-0.358642578125,0,-0.07672119140625,0,0.1370849609375
61.0946,0,0.199951171875,0,-0.358642578125,0,-0.0860595703125,0,-0.1142578125
61.1044,0,0.199951171875,0,-0.2265625,0,-0.047027587890625,0,-0.1142578125
61.1143,0,-0.1048583984375,0,-0.2265625,0,-0.047027587890625,0,-0.2113037109375
61.1268,0,-0.1048583984375,0,0.384033203125,0,-0.048431396484375,0,-0.2113037109375
61.1354,0,-0.13720703125,0,0.384033203125,0,-0.048431396484375,0,-0.216064453125
61.1467,0,-0.13720703125,0,0.308349609375,0,-0.03118896484375,0,-0.216064453125
61.1551,0,0.2164306640625,0,0.308349609375,0,-0.03118896484375,0,0.217041015625
61.1634,0,0.2164306640625,0,0.5849609375,0,-0.03118896484375,0,0.217041015625
61.1764,0,-0.0709228515625,0,0.5849609375,0,-0.0733642578125,0,0.1507568359375
61.1867,0,-0.0709228515625,0,0.01447296142578125,0,-0.0733642578125,0,0.1507568359375
61.1951,0,0.186279296875,0,0.01447296142578125,0,-0.026336669921875,0,0.1129150390625
61.2100,0,0.186279296875,0,0.411376953125,0,-0.026336669921875,0,0.1129150390625
61.2156,0,0.0906982421875,0,0.411376953125,0,-0.06829833984375,0,0.2325439453125
61.2268,0,0.0906982421875,0,-0.350341796875,0,-0.06829833984375,0,0.2325439453125
61.2373,0,-0.037567138671875,0,-0.350341796875,0,-0.08929443359375,0,0.01204681396484375
61.2481,0,-0.037567138671875,0,-0.9482421875,0,-0.036224365234375,0,0.01204681396484375
61.2557,0,0.1754150390625,0,-0.9482421875,0,-0.036224365234375,0,-0.07684326171875
61.2706,0,0.1754150390625,0,0.37548828125,0,-0.0543212890625,0,-0.07684326171875
61.2755,0,-0.1507568359375,0,0.37548828125,0,-0.0543212890625,0,-0.25732421875
61.2873,0,-0.1507568359375,0,0.032379150390625,0,-0.0543212890625,0,-0.25732421875
61.2929,0,0.045989990234375,0,0.032379150390625,0,-0.058197021484375,0,-0.203369140625
61.3073,0,0.045989990234375,0,-0.392578125,0,-0.058197021484375,0,-0.203369140625
61.3126,0,0.0872802734375,0,-0.392578125,0,0.150634765625,0,0.2335205078125
61.3278,0,0.0872802734375,0,-0.71142578125,0,0.150634765625,0,0.2335205078125
61.3344,0,0.09002685546875,0,-0.71142578125,0,-0.05120849609375,0,-0.2088623046875
61.3472,0,0.09002685546875,0,-0.6103515625,0,-0.05120849609375,0,-0.2088623046875
61.3518,0,0.09002685546875,0,-0.6103515625,0,0.068115234375,0,0.1212158203125
61.3672,0,-0.1492919921875,0,-0.6103515625,0,0.068115234375,0,0.1212158203125
61.3760,0,-0.1492919921875,0,0.407470703125,0,0.068115234375,0,0.1212158203125
61.3893,0,0.18359375,0,0.407470703125,0,-0.046600341796875,0,0.1666259765625
61.3979,0,0.18359375,0,0.599609375,0,-0.062744140625,0,0.1666259765625
61.4088,0,-0.048553466796875,0,0.599609375,0,-0.062744140625,0,-0.11138916015625
61.4156,0,-0.048553466796875,0,0.4931640625,0,-0.043670654296875,0,-0.06060791015625
61.4298,0,0.1483154296875,0,0.4931640625,0,-0.043670654296875,0,-0.06060791015625
61.4358,0,0.1483154296875,0,0.5908203125,0,-0.0665283203125,0,-0.06060791015625
61.4488,0,0.05364990234375,0,0.5908203125,0,-0.0665283203125,0,0.1572265625
61.4582,0,0.05364990234375,0,0.184814453125,0,0.08087158203125,0,-0.19091796875
61.4700,0,-0.0982666015625,0,0.184814453125,0,0.08087158203125,0,-0.19091796875
61.4768,0,-0.0982666015625,0,-0.71728515625,0,0.08087158203125,0,-0.19091796875
61.4906,0,-0.205810546875,0,-0.71728515625,0,0.055206298828125,0,-0.143798828125
61.4977,0,-0.205810546875,0,0.189208984375,0,-0.11279296875,0,-0.143798828125
61.5090,0,0.0943603515625,0,0.189208984375,0,-0.11279296875,0,0.07012939453125
61.5159,0,0.0943603515625,0,-0.66455078125,0,-0.053131103515625,0,0.1925048828125
61.5285,0,-0.041717529296875,0,-0.66455078125,0,-0.053131103515625,0,0.1925048828125
61.5407,0,-0.041717529296875,0,0.45654296875,0,-0.017730712890625,0,-0.06475830078125
61.5494,0,-0.07989501953125,0,0.45654296875,0,-0.017730712890625,0,-0.06475830078125
61.5555,0,-0.07989501953125,0,0.384765625,0,-0.017730712890625,0,-0.06475830078125
61.5701,0,0.06549072265625,0,0.384765625,0,-0.12481689453125,0,-0.015045166015625
61.5787,0,0.06549072265625,0,-0.84228515625,0,-0.12481689453125,0,-0.015045166015625
61.5940,0,0.152587890625,0,-0.84228515625,0,0.044342041015625,0,-0.050140380859375
61.6010,0,0.152587890625,0,0.5712890625,0,0.044342041015625,0,-0.03863525390625
61.6146,0,0.057952880859375,0,0.5712890625,0,-0.0714111328125,0,-0.03863525390625
61.6226,0,0.057952880859375,0,0.27587890625,0,-0.0714111328125,0,-0.11175537109375
61.6363,0,0.2423095703125,0,0.27587890625,0,-0.056884765625,0,-0.11175537109375
61.6446,0,0.2423095703125,0,-0.75830078125,0,-0.009552001953125,0,0.11578369140625
61.6535,0,0.1591796875,0,-0.75830078125,0,-0.009552001953125,0,0.11578369140625
61.6654,0,0.1591796875,0,-0.75830078125,0,-0.009552001953125,0,-0.1878662109375
61.6787,0,0.0860595703125,0,0.4951171875,0,-0.099365234375,0,-0.1878662109375
61.6870,0,0.0860595703125,0,0.3330078125,0,-0.099365234375,0,0.11663818359375
61.6980,0,0.0987548828125,0,0.3330078125,0,-0.09869384765625,0,0.11663818359375
61.7126,0,0.0987548828125,0,0.32177734375,0,-0.09869384765625,0,0.2042236328125
61.7195,0,0.1566162109375,0,0.32177734375,0,-0.11492919921875,0,0.2042236328125
61.7364,0,0.1566162109375,0,-0.9677734375,0,-0.140380859375,0,0.12744140625
61.7423,0,0.050048828125,0,-0.9677734375,0,-0.140380859375,0,0.12744140625
61.7470,0,0.050048828125,0,-0.8935546875,0,-0.140380859375,0,0.1761474609375
61.7565,0,0.08782958984375,0,-0.8935546875,0,-0.06475830078125,0,0.1761474609375
61.7627,0,0.08782958984375,0,-0.55322265625,0,-0.06475830078125,0,-0.249755859375
61.7779,0,0.08782958984375,0,-0.55322265625,0,0.07366943359375,0,-0.249755859375
61.7876,0,0.1094970703125,0,-0.55322265625,0,0.07366943359375,0,-0.249755859375
61.7934,0,-0.1424560546875,0,-0.1859130859375,0,-0.038360595703125,0,-0.039581298828125
61.8013,0,-0.1424560546875,0,-0.2171630859375,0,-0.038360595703125,0,-0.1878662109375
61.8135,0,-0.1424560546875,0,-0.2171630859375,0,-0.09161376953125,0,-0.1878662109375
61.8220,0,-0.16845703125,0,-0.2171630859375,0,-0.09161376953125,0,-0.1878662109375
61.8338,0,-0.16845703125,0,0.19775390625,0,-0.082763671875,0,-0.08917236328125
61.8408,0,-0.0272369384765625,0,0.19775390625,0,-0.082763671875,0,-0.08917236328125
61.8514,0,-0.0272369384765625,0,-0.759765625,0,-0.03753662109375,0,0.10369873046875
61.8602,0,0.05712890625,0,-0.759765625,0,-0.03753662109375,0,0.10369873046875
61.8686,0,0.05712890625,0,-0.479736328125,0,0.049652099609375,0,0.264892578125
61.8806,0,0.048126220703125,0,-0.479736328125,0,0.049652099609375,0,0.264892578125
61.8914,0,0.048126220703125,0,0.25146484375,0,-0.10687255859375,0,-0.07489013671875
61.9004,0,-0.2335205078125,0,0.25146484375,0,-0.10687255859375,0,-0.07489013671875
61.9118,0,-0.2335205078125,0,-0.646484375,0,-0.1256103515625,0,0.1807861328125
61.9212,0,-0.051666259765625,0,-0.646484375,0,-0.1256103515625,0,0.1807861328125
61.9320,0,-0.051666259765625,0,0.443603515625,0,-0.1256103515625,0,-0.16455078125
61.9425,0,-0.09423828125,0,0.443603515625,0,-0.03570556640625,0,-0.16455078125
61.9543,0,-0.09423828125,0,0.474365234375,0,-0.03570556640625,0,-0.043304443359375
61.9605,0,-0.183837890625,0,0.474365234375,0,-0.04217529296875,0,-0.043304443359375
61.9759,0,-0.183837890625,0,0.07244873046875,0,-0.04217529296875,0,-0.1815185546875
61.9854,0,0.0582275390625,0,0.07244873046875,0,-0.09161376953125,0,-0.1815185546875
61.9965,0,0.0582275390625,0,-0.72021484375,0,-0.09161376953125,0,0.119140625
62.0043,0,0.06219482421875,0,-0.72021484375,0,0.057373046875,0,0.119140625
62.0129,0,0.06219482421875,0,0.271240234375,0,-0.08966064453125,0,0.2568359375
62.0256,0,0.141845703125,0,0.271240234375,0,-0.08966064453125,0,0.2568359375
62.0348,0,0.141845703125,0,0.48876953125,0,-0.08966064453125,0,-0.236328125
62.0467,0,0.1048583984375,0,0.48876953125,0,-0.08685302734375,0,-0.236328125
62.0544,0,0.1048583984375,0,-0.900390625,0,-0.08685302734375,0,0.1328125
62.0642,0,-0.06591796875,0,-0.900390625,0,-0.1348876953125,0,0.1328125
62.0777,0,-0.06591796875,0,-0.409423828125,0,-0.08673095703125,0,0.06640625
62.0835,0,0.0765380859375,0,-0.409423828125,0,-0.08673095703125,0,0.06640625
62.0956,0,0.0765380859375,0,0.11273193359375,0,-0.08673095703125,0,0.054229736328125
62.1060,0,0.08575439453125,0,0.11273193359375,0,-0.05975341796875,0,0.054229736328125
62.1140,0,0.08575439453125,0,-0.787109375,0,-0.05975341796875,0,-0.0677490234375
62.1258,0,-0.059234619140625,0,-0.787109375,0,-0.09814453125,0,-0.0677490234375
62.1347,0,-0.059234619140625,0,-0.787109375,0,-0.09814453125,0,-0.0631103515625
62.1448,0,0.137939453125,0,0.1527099609375,0,-0.037445068359375,0,-0.0631103515625
62.1562,0,0.137939453125,0,0.1527099609375,0,-0.037445068359375,0,-0.052703857421875
62.1651,0,0.1392822265625,0,0.466552734375,0,-0.0540771484375,0,-0.052703857421875
62.1755,0,0.1392822265625,0,0.466552734375,0,-0.0540771484375,0,0.208740234375
62.1840,0,-0.2249755859375,0,0.45556640625,0,-0.024627685546875,0,0.208740234375
62.1945,0,-0.2249755859375,0,-0.51611328125,0,-0.024627685546875,0,-0.1573486328125
62.2036,0,0.16064453125,0,-0.51611328125,0,-0.09423828125,0,-0.1573486328125
62.2201,0,0.064453125,0,-0.036834716796875,0,-0.0794677734375,0,0.038421630859375
62.2286,0,0.064453125,0,-0.036834716796875,0,-0.0794677734375,0,-0.0662841796875
62.2398,0,-0.188720703125,0,0.2783203125,0,-0.076416015625,0,-0.0662841796875
62.2517,0,-0.188720703125,0,0.2783203125,0,-0.076416015625,0,-0.0292816162109375
62.2601,0,-0.188720703125,0,-0.1822509765625,0,-0.057708740234375,0,-0.0292816162109375
62.2716,0,-0.056182861328125,0,-0.1822509765625,0,-0.057708740234375,0,0.2003173828125
62.2810,0,-0.056182861328125,0,-0.364501953125,0,-0.027923583984375,0,0.2003173828125
62.2884,0,-0.1796875,0,-0.364501953125,0,-0.027923583984375,0,-0.11151123046875
62.2993,0,-0.1796875,0,0.291748046875,0,-0.1099853515625,0,-0.11151123046875
62.3094,0,-0.05999755859375,0,0.291748046875,0,-0.1099853515625,0,-0.267822265625
62.3163,0,-0.05999755859375,0,-0.453369140625,0,-0.0849609375,0,-0.267822265625
62.3304,0,0.09326171875,0,-0.453369140625,0,-0.0849609375,0,-0.18115234375
62.3394,0,0.09326171875,0,-0.40625,0,-0.057708740234375,0,-0.18115234375
62.3480,0,-0.0594482421875,0,-0.40625,0,-0.057708740234375,0,-0.24609375
62.3595,0,-0.0594482421875,0,0.1868896484375,0,-0.057708740234375,0,-0.24609375
62.3691,0,-0.1402587890625,0,0.1868896484375,0,-0.052825927734375,0,0.1868896484375
62.3754,0,-0.1402587890625,0,-0.190673828125,0,-0.04925537109375,0,0.1868896484375
62.3914,0,-0.09881591796875,0,-0.190673828125,0,-0.04925537109375,0,0.1868896484375
62.3993,0,-0.09881591796875,0,-0.52978515625,0,-0.04925537109375,0,0.1466064453125
62.4094,0,0.086181640625,0,-0.52978515625,0,0.09814453125,0,0.073974609375
62.4188,0,0.086181640625,0,-0.027862548828125,0,0.09814453125,0,0.073974609375
62.4302,0,0.163818359375,0,-0.027862548828125,0,-0.059722900390625,0,-0.234619140625
62.4388,0,0.163818359375,0,-0.8349609375,0,-0.059722900390625,0,-0.234619140625
62.4496,0,0.1593017578125,0,-0.8349609375,0,-0.04364013671875,0,-0.234619140625
62.4583,0,0.1593017578125,0,0.21826171875,0,-0.04364013671875,0,0.23388671875
62.4730,0,-0.06298828125,0,0.21826171875,0,-0.07574462890625,0,0.23388671875
62.4798,0,-0.06298828125,0,0.1204833984375,0,-0.07574462890625,0,-0.02264404296875
62.4928,0,-0.066162109375,0,0.1204833984375,0,-0.0908203125,0,-0.02264404296875
62.5025,0,-0.066162109375,0,-0.8017578125,0,-0.0908203125,0,-0.07672119140625
62.5106,0,-0.05322265625,0,-0.8017578125,0,-0.042816162109375,0,-0.07672119140625
62.5238,0,-0.05322265625,0,0.2388916015625,0,-0.042816162109375,0,-0.201171875
62.5321,0,-0.07159423828125,0,0.2388916015625,0,-0.09356689453125,0,-0.201171875
62.5417,0,-0.07159423828125,0,0.207763671875,0,-0.09356689453125,0,0.1673583984375
62.5552,0,0.1239013671875,0,-0.9990234375,0,-0.07525634765625,0,-0.19970703125
62.5602,0,0.1239013671875,0,-0.9990234375,0,-0.061553955078125,0,-0.19970703125
62.5734,0,0.13427734375,0,-0.9990234375,0,-0.061553955078125,0,-0.19970703125
62.5814,0,0.13427734375,0,-0.0726318359375,0,-0.061553955078125,0,-0.047149658203125
62.5964,0,0.134765625,0,-0.0726318359375,0,-0.06170654296875,0,-0.047149658203125
62.6020,0,0.134765625,0,0.252685546875,0,-0.06170654296875,0,-0.05535888671875
62.6132,0,-0.1676025390625,0,0.252685546875,0,-0.050262451171875,0,-0.05535888671875
62.6217,0,-0.1676025390625,0,0.255615234375,0,-0.050262451171875,0,-0.2261962890625
62.6326,0,-0.1585693359375,0,0.255615234375,0,-0.06292724609375,0,-0.2261962890625
62.6408,0,-0.1585693359375,0,0.6181640625,0,-0.06292724609375,0,-0.1737060546875
62.6549,0,-0.016448974609375,0,0.6181640625,0,-0.04071044921875,0,-0.1737060546875
62.6613,0,-0.016448974609375,0,0.1319580078125,0,-0.04071044921875,0,0.152587890625
62.6734,0,-0.10321044921875,0,0.1319580078125,0,0.03741455078125,0,0.152587890625
62.6818,0,-0.10321044921875,0,0.307373046875,0,0.03741455078125,0,0.1929931640625
62.6924,0,0.0310211181640625,0,0.307373046875,0,-0.08636474609375,0,0.1929931640625
62.7035,0,0.0310211181640625,0,-0.76318359375,0,-0.08636474609375,0,0.04052734375
62.7115,0,-0.045074462890625,0,-0.76318359375,0,0.058563232421875,0,0.04052734375
62.7213,0,-0.045074462890625,0,0.209228515625,0,0.058563232421875,0,-0.1031494140625
62.7312,0,0.1395263671875,0,0.209228515625,0,-0.0687255859375,0,-0.1031494140625
62.7424,0,0.1395263671875,0,0.209228515625,0,-0.0687255859375,0,0.027587890625
62.7516,0,0.1395263671875,0,0.52197265625,0,-0.0477294921875,0,0.027587890625
62.7605,0,0.12237548828125,0,0.4580078125,0,-0.0477294921875,0,-0.08856201171875
62.7743,0,0.12237548828125,0,0.4580078125,0,-0.064453125,0,-0.08856201171875
62.7800,0,0.200927734375,0,0.12017822265625,0,-0.064453125,0,-0.1268310546875
62.7910,0,0.200927734375,0,0.12017822265625,0,-0.060943603515625,0,-0.1268310546875
62.8007,0,-0.236572265625,0,0.12017822265625,0,-0.060943603515625,0,0.07342529296875
62.8116,0,-0.236572265625,0,0.292236328125,0,-0.048919677734375,0,0.07342529296875
62.8190,0,0.1171875,0,0.292236328125,0,-0.048919677734375,0,0.1416015625
62.8315,0,0.1171875,0,0.216552734375,0,0.01406097412109375,0,0.1416015625
62.8405,0,-0.126220703125,0,0.216552734375,0,0.01406097412109375,0,0.1722412109375
62.8512,0,-0.126220703125,0,-0.18212890625,0,-0.059539794921875,0,0.1722412109375
62.8601,0,-0.141357421875,0,-0.18212890625,0,-0.059539794921875,0,0.1468505859375
62.8758,0,-0.141357421875,0,0.367431640625,0,-0.059539794921875,0,0.1468505859375
62.8794,0,0.050872802734375,0,0.367431640625,0,-0.0244903564453125,0,0.167236328125
62.8928,0,0.050872802734375,0,0.10711669921875,0,-0.0244903564453125,0,0.167236328125
62.9028,0,-0.1461181640625,0,0.10711669921875,0,-0.038787841796875,0,0.167236328125
62.9108,0,-0.1461181640625,0,-0.671875,0,0.04193115234375,0,-0.049163818359375
62.9204,0,0.1888427734375,0,-0.671875,0,0.04193115234375,0,-0.049163818359375
62.9307,0,0.1888427734375,0,0.572265625,0,0.0197906494140625,0,-0.2330322265625
62.9407,0,0.1475830078125,0,0.572265625,0,0.0197906494140625,0,-0.2330322265625
62.9500,0,0.1475830078125,0,0.267578125,0,-0.0694580078125,0,0.181396484375
62.9599,0,0.1328125,0,0.267578125,0,-0.0694580078125,0,0.181396484375
62.9698,0,0.1328125,0,0.1258544921875,0,0.044403076171875,0,-0.05010986328125
62.9791,0,-0.32666015625,0,0.1258544921875,0,0.044403076171875,0,-0.05010986328125
62.9920,0,-0.32666015625,0,-0.77978515625,0,0.08148193359375,0,-0.1669921875
62.9988,0,0.08251953125,0,-0.77978515625,0,0.08148193359375,0,-0.1669921875
63.0099,0,0.08251953125,0,0.31201171875,0,0.08148193359375,0,0.01140594482421875
63.0183,0,0.14794921875,0,0.31201171875,0,-0.034454345703125,0,0.01140594482421875
63.0305,0,0.14794921875,0,-0.359375,0,-0.034454345703125,0,-0.1453857421875
63.0371,0,0.1605224609375,0,-0.359375,0,-0.038970947265625,0,-0.31201171875
63.0506,0,0.1605224609375,0,-0.52099609375,0,0.06427001953125,0,-0.31201171875
63.0572,0,-0.251953125,0,-0.52099609375,0,0.06427001953125,0,-0.31201171875
63.0702,0,-0.251953125,0,-0.256591796875,0,-0.10797119140625,0,0.2373046875
63.0788,0,-0.1661376953125,0,-0.256591796875,0,-0.10797119140625,0,0.2373046875
63.0904,0,-0.1661376953125,0,0.193359375,0,-0.10797119140625,0,0.039215087890625
63.1012,0,0.134765625,0,0.193359375,0,-0.01473236083984375,0,0.039215087890625
63.1104,0,0.134765625,0,0.288818359375,0,-0.08251953125,0,0.16064453125
63.1178,0,-0.1788330078125,0,0.288818359375,0,-0.08251953125,0,0.16064453125
63.1299,0,-0.1788330078125,0,0.29931640625,0,-0.08251953125,0,0.11376953125
63.1380,0,0.06201171875,0,0.29931640625,0,-0.06390380859375,0,0.11376953125
63.1521,0,0.06201171875,0,0.0301513671875,0,-0.06390380859375,0,0.0645751953125
63.1598,0,0.1483154296875,0,0.0301513671875,0,-0.0316162109375,0,0.0645751953125
63.1715,0,0.1483154296875,0,-0.63134765625,0,-0.0316162109375,0,-0.047149658203125
63.1797,0,0.1483154296875,0,-0.63134765625,0,0.06549072265625,0,-0.047149658203125
63.1926,0,0.1337890625,0,0.33642578125,0,0.06549072265625,0,-0.06024169921875
63.2003,0,0.1337890625,0,0.33642578125,0,-0.06512451171875,0,-0.06024169921875
63.2113,0,-0.06134033203125,0,0.14111328125,0,-0.06512451171875,0,-0.09136962890625
63.2208,0,-0.06134033203125,0,0.14111328125,0,-0.0498046875,0,-0.09136962890625
63.2315,0,0.0804443359375,0,0.3828125,0,-0.0498046875,0,-0.11712646484375
63.2408,0,0.0804443359375,0,0.3828125,0,-0.10040283203125,0,-0.11712646484375
63.2503,0,-0.179443359375,0,0.5712890625,0,-0.10040283203125,0,0.100830078125
63.2591,0,-0.1429443359375,0,0.5712890625,0,-0.0687255859375,0,0.100830078125
63.2714,0,-0.1429443359375,0,0.5712890625,0,-0.0687255859375,0,0.2037353515625
63.2796,0,-0.1429443359375,0,0.1376953125,0,0.04156494140625,0,0.2037353515625
63.2929,0,-0.260986328125,0,0.1376953125,0,0.04156494140625,0,0.2060546875
63.2992,0,-0.260986328125,0,0.3994140625,0,0.032867431640625,0,0.2060546875
63.3118,0,0.059967041015625,0,0.3994140625,0,0.032867431640625,0,0.1654052734375
63.3188,0,0.059967041015625,0,-0.7431640625,0,-0.06817626953125,0,0.1654052734375
63.3282,0,-0.230224609375,0,-0.7431640625,0,-0.06817626953125,0,-0.029693603515625
63.3403,0,0.05059814453125,0,-0.28857421875,0,-0.051971435546875,0,-0.029693603515625
63.3485,0,0.05059814453125,0,-0.28857421875,0,-0.051971435546875,0,0.05291748046875
63.3595,0,0.05059814453125,0,-1.115234375,0,-0.08599853515625,0,0.05291748046875
63.3691,0,-0.054962158203125,0,-1.115234375,0,-0.08599853515625,0,0.1490478515625
63.3779,0,-0.054962158203125,0,0.23486328125,0,0.07183837890625,0,0.1490478515625
63.3899,0,0.1317138671875,0,0.23486328125,0,0.07183837890625,0,0.133544921875
63.3992,0,0.1317138671875,0,0.453369140625,0,-0.08514404296875,0,0.133544921875
63.4106,0,-0.0267181396484375,0,0.453369140625,0,-0.08514404296875,0,-0.1641845703125
63.4187,0,-0.0267181396484375,0,0.26025390625,0,-0.02020263671875,0,-0.1641845703125
63.4307,0,0.026031494140625,0,0.26025390625,0,-0.02020263671875,0,-0.1641845703125
63.4413,0,0.026031494140625,0,0.389404296875,0,-0.036163330078125,0,-0.213623046875
63.4483,0,-0.248046875,0,0.389404296875,0,-0.036163330078125,0,0.131591796875
63.4605,0,-0.248046875,0,-0.33154296875,0,-0.0845947265625,0,0.131591796875
63.4696,0,0.050506591796875,0,-0.33154296875,0,-0.0845947265625,0,-0.1175537109375
63.4802,0,0.050506591796875,0,0.493896484375,0,-0.1138916015625,0,-0.1175537109375
63.4916,0,-0.03424072265625,0,0.493896484375,0,-0.1138916015625,0,-0.1175537109375
63.5013,0,-0.03424072265625,0,-1.0068359375,0,-0.01568603515625,0,0.1824951171875
63.5124,0,-0.08843994140625,0,-1.0068359375,0,-0.01568603515625,0,0.1824951171875
63.5207,0,-0.08843994140625,0,0.28857421875,0,-0.033416748046875,0,0.2685546875
63.5315,0,0.10687255859375,0,0.28857421875,0,-0.033416748046875,0,0.2685546875
63.5392,0,0.10687255859375,0,-0.8193359375,0,-0.07806396484375,0,-0.1392822265625
63.5515,0,0.134765625,0,-0.8193359375,0,-0.07806396484375,0,-0.1392822265625
63.5618,0,0.134765625,0,0.2222900390625,0,-0.07806396484375,0,-0.240234375
63.5755,0,-0.093505859375,0,0.2222900390625,0,-0.0501708984375,0,-0.12939453125
63.5862,0,0.0762939453125,0,0.302978515625,0,0.10113525390625,0,-0.12939453125
63.5950,0,0.0762939453125,0,0.302978515625,0,0.10113525390625,0,0.1663818359375
63.6100,0,0.0762939453125,0,0.136962890625,0,-0.06414794921875,0,0.1663818359375
63.6153,0,-0.08404541015625,0,0.136962890625,0,-0.06414794921875,0,0.1663818359375
63.6256,0,-0.08404541015625,0,0.484130859375,0,-0.06414794921875,0,-0.127197265625
63.6405,0,-0.162353515625,0,0.2119140625,0,-0.02764892578125,0,-0.2066650390625
63.6494,0,-0.023590087890625,0,0.2119140625,0,-0.04327392578125,0,-0.2066650390625
63.6597,0,-0.023590087890625,0,-0.1588134765625,0,-0.04327392578125,0,0.043365478515625
63.6706,0,0.03485107421875,0,-0.1588134765625,0,-0.034088134765625,0,0.043365478515625
63.6790,0,0.03485107421875,0,0.4130859375,0,-0.034088134765625,0,0.1671142578125
63.6910,0,-0.08184814453125,0,0.4130859375,0,-0.084716796875,0,0.1671142578125
63.6992,0,-0.08184814453125,0,0.31640625,0,-0.084716796875,0,0.1905517578125
63.7112,0,-0.255126953125,0,0.31640625,0,-0.0667724609375,0,0.1905517578125
63.7206,0,-0.255126953125,0,0.54345703125,0,-0.0667724609375,0,0.2154541015625
63.7300,0,0.030242919921875,0,0.54345703125,0,-0.0235443115234375,0,0.2154541015625
63.7384,0,0.030242919921875,0,0.447509765625,0,-0.0235443115234375,0,0.2391357421875
63.7493,0,-0.058441162109375,0,0.447509765625,0,-0.0167999267578125,0,0.2391357421875
63.7585,0,-0.058441162109375,0,0.052459716796875,0,-0.0167999267578125,0,0.150634765625
63.7696,0,-0.058441162109375,0,0.052459716796875,0,-0.063720703125,0,0.150634765625
63.7781,0,-0.03680419921875,0,0.052459716796875,0,-0.063720703125,0,-0.01177215576171875
63.7894,0,-0.1993408203125,0,0.360595703125,0,-0.07171630859375,0,-0.01177215576171875
63.7973,0,-0.1993408203125,0,0.360595703125,0,-0.07171630859375,0,-0.16357421875
63.8096,0,-0.126953125,0,-0.8125,0,0.01837158203125,0,-0.16357421875
63.8161,0,-0.126953125,0,0.23095703125,0,0.01837158203125,0,-0.1112060546875
63.8283,0,0.1947021484375,0,0.23095703125,0,-0.039947509765625,0,-0.1112060546875
63.8366,0,0.1947021484375,0,0.23095703125,0,-0.039947509765625,0,0.1405029296875
63.8477,0,-0.029815673828125,0,-0.495849609375,0,0.052642822265625,0,0.1405029296875
63.8583,0,-0.029815673828125,0,-0.495849609375,0,0.052642822265625,0,0.24755859375
63.8688,0,-0.029815673828125,0,0.15478515625,0,-0.0245208740234375,0,0.24755859375
63.8774,0,0.03155517578125,0,0.15478515625,0,-0.0245208740234375,0,-0.1243896484375
63.8884,0,0.03155517578125,0,0.21826171875,0,-0.03350830078125,0,-0.1243896484375
63.8962,0,-0.1585693359375,0,0.21826171875,0,-0.03350830078125,0,-0.1553955078125
63.9078,0,-0.1585693359375,0,0.51904296875,0,-0.07257080078125,0,-0.1553955078125
63.9168,0,-0.04095458984375,0,0.51904296875,0,-0.07257080078125,0,-0.13818359375
63.9294,0,-0.04095458984375,0,0.401123046875,0,-0.0211334228515625,0,-0.13818359375
63.9375,0,-0.240478515625,0,0.401123046875,0,-0.0211334228515625,0,-0.13818359375
63.9481,0,-0.240478515625,0,0.293212890625,0,0.06707763671875,0,0.1873779296875
63.9562,0,0.1265869140625,0,0.293212890625,0,0.06707763671875,0,0.1785888671875
63.9651,0,-0.0237274169921875,0,-0.7734375,0,-0.141357421875,0,0.1785888671875
63.9767,0,-0.0237274169921875,0,-0.7734375,0,-0.141357421875,0,0.09588623046875
63.9869,0,-0.0237274169921875,0,-0.09967041015625,0,-0.031341552734375,0,0.09588623046875
63.9942,0,-0.1494140625,0,-0.09967041015625,0,-0.031341552734375,0,0.1627197265625
64.0095,0,-0.1494140625,0,-0.1265869140625,0,-0.07061767578125,0,0.1627197265625
64.0163,0,0.1123046875,0,-0.1265869140625,0,-0.07061767578125,0,0.1627197265625
64.0268,0,0.1123046875,0,-0.112548828125,0,0.0258636474609375,0,0.1651611328125
64.0355,0,-0.2320556640625,0,-0.112548828125,0,0.0258636474609375,0,0.1651611328125
64.0454,0,-0.2320556640625,0,-0.70703125,0,-0.0430908203125,0,0.17529296875
64.0553,0,0.0914306640625,0,-0.70703125,0,-0.0430908203125,0,0.17529296875
64.0661,0,0.0914306640625,0,-0.371826171875,0,-0.11346435546875,0,0.058074951171875
64.0757,0,-0.200439453125,0,-0.371826171875,0,-0.11346435546875,0,0.058074951171875
64.0857,0,-0.200439453125,0,0.08612060546875,0,-0.08642578125,0,-0.14599609375
64.0943,0,-0.2298583984375,0,0.08612060546875,0,-0.08642578125,0,-0.14599609375
64.1028,0,-0.2298583984375,0,-0.8994140625,0,-0.05035400390625,0,0.195556640625
64.1162,0,-0.090576171875,0,-0.8994140625,0,-0.05035400390625,0,0.195556640625
64.1248,0,-0.090576171875,0,0.490966796875,0,-0.09979248046875,0,0.1531982421875
64.1349,0,0.0966796875,0,0.490966796875,0,-0.09979248046875,0,0.1531982421875
64.1463,0,0.0966796875,0,0.495361328125,0,-0.09979248046875,0,0.0183868408203125
64.1541,0,-0.1458740234375,0,0.495361328125,0,-0.06268310546875,0,0.0183868408203125
64.1713,0,-0.1458740234375,0,0.27197265625,0,-0.06268310546875,0,0.1884765625
64.1783,0,0.0968017578125,0,0.27197265625,0,-0.108154296875,0,0.1884765625
64.1884,0,0.0968017578125,0,0.56787109375,0,-0.0233917236328125,0,-0.0318603515625
64.1996,0,0.13623046875,0,0.56787109375,0,-0.0233917236328125,0,-0.0318603515625
64.2094,0,0.13623046875,0,0.47607421875,0,0.0699462890625,0,0.056182861328125
64.2182,0,-0.10650634765625,0,0.47607421875,0,0.0699462890625,0,0.056182861328125
64.2298,0,-0.10650634765625,0,0.5126953125,0,0.0699462890625,0,-0.2392578125
64.2381,0,0.14111328125,0,0.5126953125,0,-0.0946044921875,0,-0.2392578125
64.2491,0,0.14111328125,0,-0.95947265625,0,-0.0946044921875,0,0.1778564453125
64.2592,0,0.1463623046875,0,-0.95947265625,0,-0.0460205078125,0,0.1778564453125
64.2765,0,0.1463623046875,0,-0.95947265625,0,-0.0460205078125,0,0.096435546875
64.2846,0,-0.066162109375,0,0.40625,0,0.023101806640625,0,0.096435546875
64.2975,0,-0.066162109375,0,0.40625,0,0.023101806640625,0,-0.199951171875
64.3065,0,-0.016998291015625,0,-0.373291015625,0,-0.0869140625,0,-0.199951171875
64.3113,0,-0.016998291015625,0,0.054168701171875,0,-0.0869140625,0,-0.1663818359375
64.3204,0,0.1881103515625,0,0.054168701171875,0,-0.0176544189453125,0,-0.1663818359375
64.3377,0,0.1881103515625,0,0.054168701171875,0,-0.0176544189453125,0,0.0675048828125
64.3471,0,0.10888671875,0,0.483154296875,0,-0.07354736328125,0,0.0675048828125
64.3552,0,0.10888671875,0,0.483154296875,0,-0.07354736328125,0,0.136962890625
64.3636,0,0.08453369140625,0,-0.365234375,0,-0.09149169921875,0,0.136962890625
64.3780,0,0.08453369140625,0,-0.365234375,0,-0.09149169921875,0,-0.08203125
64.3832,0,0.192626953125,0,0.25390625,0,-0.01354217529296875,0,-0.08203125
64.3961,0,0.192626953125,0,0.25390625,0,-0.01354217529296875,0,0.1556396484375
64.4051,0,0.0163421630859375,0,0.421630859375,0,-0.088134765625,0,0.1556396484375
64.4285,0,0.0163421630859375,0,0.1983642578125,0,0.06109619140625,0,0.137939453125
64.4345,0,-0.04443359375,0,0.1983642578125,0,0.06109619140625,0,-0.271484375
64.4445,0,-0.04443359375,0,0.471435546875,0,-0.04254150390625,0,-0.271484375
64.4535,0,-0.02374267578125,0,0.471435546875,0,-0.04254150390625,0,-0.271484375
64.4619,0,-0.06768798828125,0,-0.7705078125,0,-0.054168701171875,0,0.141357421875
64.4744,0,-0.06768798828125,0,-0.7705078125,0,-0.054168701171875,0,0.072021484375
64.4834,0,-0.06292724609375,0,-0.30224609375,0,-0.07586669921875,0,0.072021484375
64.4952,0,-0.06292724609375,0,-0.30224609375,0,-0.07586669921875,0,-0.07867431640625
64.5007,0,-0.06292724609375,0,0.1982421875,0,0.04766845703125,0,-0.07867431640625
64.5157,0,-0.1976318359375,0,0.1982421875,0,0.04766845703125,0,-0.04071044921875
64.5266,0,-0.1976318359375,0,0.343505859375,0,0.04766845703125,0,-0.04071044921875
64.5339,0,0.163818359375,0,0.343505859375,0,-0.07373046875,0,-0.2427978515625
64.5439,0,0.163818359375,0,-0.5458984375,0,-0.07373046875,0,-0.2427978515625
64.5536,0,-0.1922607421875,0,-0.5458984375,0,-0.051910400390625,0,-0.2427978515625
64.5622,0,-0.1922607421875,0,0.0621337890625,0,-0.051910400390625,0,-0.059326171875
64.5736,0,0.164794921875,0,0.0621337890625,0,-0.06060791015625,0,-0.059326171875
64.5818,0,0.164794921875,0,0.15478515625,0,-0.06060791015625,0,-0.083984375
64.5944,0,0.04901123046875,0,0.15478515625,0,0.016571044921875,0,-0.083984375
64.6048,0,-0.10076904296875,0,0.313232421875,0,0.02001953125,0,-0.148193359375
64.6138,0,-0.10076904296875,0,0.313232421875,0,0.02001953125,0,-0.1688232421875
64.6196,0,-0.10076904296875,0,0.1951904296875,0,0.02001953125,0,-0.1688232421875
64.6342,0,-0.052154541015625,0,0.1951904296875,0,-0.036102294921875,0,-0.1688232421875
64.6431,0,-0.052154541015625,0,-0.90771484375,0,-0.036102294921875,0,-0.1416015625
64.6536,0,0.090087890625,0,-0.90771484375,0,-0.07989501953125,0,-0.1416015625
64.6624,0,0.090087890625,0,-0.87353515625,0,-0.07989501953125,0,0.06683349609375
64.6767,0,-0.158447265625,0,-0.87353515625,0,-0.0210723876953125,0,0.06683349609375
64.6833,0,-0.158447265625,0,0.330810546875,0,-0.0210723876953125,0,0.2049560546875
64.7042,0,0.1427001953125,0,-0.09051513671875,0,-0.042877197265625,0,0.1390380859375
64.7142,0,-0.05877685546875,0,-0.09051513671875,0,-0.053070068359375,0,0.1390380859375
64.7243,0,-0.05877685546875,0,-0.94140625,0,-0.053070068359375,0,0.1944580078125
64.7350,0,0.1058349609375,0,-0.94140625,0,0.03375244140625,0,0.1944580078125
64.7423,0,0.1058349609375,0,0.466796875,0,0.03375244140625,0,-0.08013916015625
64.7545,0,-0.067138671875,0,0.466796875,0,-0.031768798828125,0,-0.08013916015625
64.7621,0,-0.067138671875,0,-0.841796875,0,-0.031768798828125,0,0.03570556640625
64.7761,0,0.066162109375,0,-0.841796875,0,-0.06884765625,0,0.03570556640625
64.7857,0,0.066162109375,0,-0.841796875,0,-0.06884765625,0,0.175537109375
64.7950,0,0.063720703125,0,0.19140625,0,-0.057342529296875,0,0.175537109375
64.8036,0,0.063720703125,0,0.19140625,0,-0.057342529296875,0,-0.0924072265625
64.8144,0,-0.326171875,0,0.0755615234375,0,-0.06268310546875,0,-0.0924072265625
64.8227,0,-0.326171875,0,0.0755615234375,0,-0.06268310546875,0,-0.173095703125
64.8340,0,0.04248046875,0,0.40087890625,0,0.10919189453125,0,-0.173095703125
64.8425,0,0.04248046875,0,0.40087890625,0,0.10919189453125,0,0.2364501953125
64.8535,0,-0.2139892578125,0,0.2061767578125,0,-0.0692138671875,0,0.2364501953125
64.8625,0,-0.2139892578125,0,0.2061767578125,0,-0.0692138671875,0,-0.0775146484375
64.8732,0,0.189453125,0,0.22119140625,0,-0.05810546875,0,-0.0775146484375
64.8816,0,0.189453125,0,0.22119140625,0,-0.05810546875,0,-0.16650390625
64.8931,0,-0.2086181640625,0,-0.681640625,0,-0.078857421875,0,-0.16650390625
64.9012,0,-0.2086181640625,0,-0.681640625,0,-0.078857421875,0,0.1922607421875
64.9123,0,0.12310791015625,0,0.196044921875,0,-0.06707763671875,0,0.1922607421875
64.9207,0,0.12310791015625,0,0.196044921875,0,-0.06707763671875,0,-0.2431640625
64.9318,0,0.1185302734375,0,0.298095703125,0,-0.088134765625,0,-0.2431640625
64.9416,0,0.1185302734375,0,0.298095703125,0,-0.088134765625,0,-0.032257080078125
64.9490,0,0.08880615234375,0,-0.11077880859375,0,-0.047149658203125,0,-0.032257080078125
64.9605,0,0.08880615234375,0,-0.11077880859375,0,-0.047149658203125,0,-0.04693603515625
64.9688,0,-0.16162109375,0,0.490234375,0,-0.06707763671875,0,-0.04693603515625
64.9806,0,-0.16162109375,0,0.490234375,0,-0.06707763671875,0,-0.1990966796875
64.9898,0,-0.0733642578125,0,-0.2529296875,0,-0.0457763671875,0,-0.1990966796875
65.0013,0,-0.0733642578125,0,-0.2529296875,0,-0.0457763671875,0,-0.072021484375
65.0115,0,-0.038177490234375,0,-0.197509765625,0,-0.0457763671875,0,-0.072021484375
65.0205,0,-0.038177490234375,0,-0.197509765625,0,-0.044342041015625,0,0.212646484375
65.0304,0,0.114501953125,0,0.4609375,0,-0.048553466796875,0,0.212646484375
65.0373,0,0.114501953125,0,0.4609375,0,-0.048553466796875,0,0.1561279296875
65.0497,0,-0.1785888671875,0,0.54150390625,0,-0.0360107421875,0,0.1561279296875
65.0574,0,-0.1785888671875,0,0.54150390625,0,-0.0360107421875,0,0.1600341796875
65.0692,0,-0.1785888671875,0,0.11083984375,0,-0.0360107421875,0,0.1600341796875
65.0783,0,-0.0120391845703125,0,0.11083984375,0,-0.10211181640625,0,-0.27587890625
65.0914,0,-0.0120391845703125,0,-0.37939453125,0,-0.06683349609375,0,-0.27587890625
65.0978,0,0.1209716796875,0,-0.37939453125,0,-0.06683349609375,0,0.1619873046875
65.1129,0,0.1209716796875,0,0.13427734375,0,-0.06683349609375,0,0.1619873046875
65.1170,0,-0.10345458984375,0,0.13427734375,0,-0.053009033203125,0,0.1514892578125
65.1283,0,-0.10345458984375,0,-0.1934814453125,0,-0.053009033203125,0,0.1514892578125
65.1400,0,0.05145263671875,0,-0.1934814453125,0,-0.05438232421875,0,0.1514892578125
65.1475,0,0.05145263671875,0,0.06744384765625,0,-0.05438232421875,0,-0.145751953125
65.1609,0,0.10528564453125,0,0.06744384765625,0,-0.04791259765625,0,-0.145751953125
65.1689,0,0.10528564453125,0,-0.0914306640625,0,-0.04791259765625,0,0.1480712890625
65.1807,0,-0.194580078125,0,-0.0914306640625,0,-0.018798828125,0,0.1480712890625
65.1926,0,-0.194580078125,0,-0.0914306640625,0,-0.018798828125,0,-0.0169219970703125
65.2002,0,-0.2047119140625,0,-0.26416015625,0,-0.0288238525390625,0,-0.1837158203125
65.2135,0,-0.2047119140625,0,0.313232421875,0,-0.0288238525390625,0,-0.1837158203125
65.2206,0,-0.13427734375,0,0.313232421875,0,-0.06622314453125,0,-0.1837158203125
65.2320,0,-0.13427734375,0,0.313232421875,0,-0.06622314453125,0,-0.0269012451171875
65.2405,0,0.0743408203125,0,0.5146484375,0,-0.046661376953125,0,-0.0269012451171875
65.2510,0,0.0743408203125,0,0.5146484375,0,-0.046661376953125,0,0.11053466796875
65.2609,0,0.0916748046875,0,0.28076171875,0,-0.049896240234375,0,0.11053466796875
65.2721,0,0.0916748046875,0,0.28076171875,0,-0.049896240234375,0,-0.1468505859375
65.2821,0,-0.05157470703125,0,0.44677734375,0,-0.05279541015625,0,-0.1468505859375
65.2945,0,-0.05157470703125,0,0.44677734375,0,-0.05279541015625,0,0.1668701171875
65.3021,0,-0.11480712890625,0,0.4501953125,0,-0.11474609375,0,0.1668701171875
65.3115,0,-0.11480712890625,0,0.4501953125,0,-0.11474609375,0,-0.2210693359375
65.3218,0,0.1307373046875,0,-0.317626953125,0,-0.09881591796875,0,-0.2210693359375
65.3326,0,0.1307373046875,0,-0.317626953125,0,-0.09881591796875,0,0.1322021484375
65.3378,0,-0.158203125,0,-0.187255859375,0,0.09576416015625,0,0.1322021484375
65.3505,0,-0.158203125,0,-0.187255859375,0,0.09576416015625,0,0.179931640625
65.3589,0,0.1258544921875,0,0.023529052734375,0,-0.048828125,0,0.179931640625
65.3696,0,0.1258544921875,0,0.023529052734375,0,-0.048828125,0,0.2298583984375
65.3795,0,-0.06781005859375,0,0.53125,0,-0.0244598388671875,0,0.2298583984375
65.3927,0,-0.06781005859375,0,0.53125,0,-0.0244598388671875,0,0.202392578125
65.3994,0,-0.1417236328125,0,0.03863525390625,0,-0.045074462890625,0,0.202392578125
65.4127,0,-0.1417236328125,0,0.03863525390625,0,-0.045074462890625,0,-0.04449462890625
65.4188,0,-0.1829833984375,0,-0.25146484375,0,-0.067626953125,0,-0.04449462890625
65.4316,0,-0.1829833984375,0,-0.25146484375,0,-0.067626953125,0,-0.260986328125
65.4421,0,0.1361083984375,0,0.0806884765625,0,-0.04656982421875,0,-0.260986328125
65.4515,0,0.1361083984375,0,0.0806884765625,0,-0.04656982421875,0,-0.2060546875
65.4609,0,-0.1409912109375,0,-0.403564453125,0,-0.04656982421875,0,-0.2060546875
65.4734,0,-0.1409912109375,0,-0.403564453125,0,-0.06085205078125,0,0.0240478515625
65.4807,0,0.2440185546875,0,0.55419921875,0,-0.058349609375,0,0.0240478515625
65.4928,0,0.2440185546875,0,0.55419921875,0,-0.058349609375,0,-0.28271484375
65.5002,0,0.2440185546875,0,0.177978515625,0,-0.058349609375,0,-0.28271484375
65.5114,0,-0.02093505859375,0,0.177978515625,0,-0.05072021484375,0,0.050201416015625
65.5172,0,-0.02093505859375,0,0.05902099609375,0,-0.05072021484375,0,0.050201416015625
65.5316,0,0.112060546875,0,0.05902099609375,0,-0.07342529296875,0,0.0163116455078125
65.5395,0,0.112060546875,0,0.003993988037109375,0,-0.07342529296875,0,0.0163116455078125
65.5496,0,0.03753662109375,0,0.003993988037109375,0,0.08453369140625,0,-0.0863037109375
65.5604,0,0.057525634765625,0,0.38330078125,0,0.08453369140625,0,-0.0863037109375
65.5722,0,0.057525634765625,0,0.38330078125,0,-0.08154296875,0,-0.153564453125
65.5795,0,-0.07916259765625,0,-0.791015625,0,-0.08154296875,0,-0.153564453125
65.5938,0,-0.07916259765625,0,-0.791015625,0,-0.09747314453125,0,0.2880859375
65.6003,0,-0.034912109375,0,0.27197265625,0,0.10186767578125,0,0.2880859375
65.6106,0,-0.034912109375,0,0.27197265625,0,0.10186767578125,0,-0.1932373046875
65.6289,0,0.11749267578125,0,0.26953125,0,-0.06561279296875,0,-0.1932373046875
65.6333,0,0.11749267578125,0,0.26953125,0,-0.06561279296875,0,-0.288330078125
65.6428,0,0.11749267578125,0,0.10015869140625,0,-0.06561279296875,0,-0.288330078125
65.6544,0,-0.1119384765625,0,0.10015869140625,0,0.049591064453125,0,-0.288330078125
65.6631,0,-0.1119384765625,0,0.10015869140625,0,0.049591064453125,0,-0.0858154296875
65.6742,0,-0.013214111328125,0,0.04925537109375,0,-0.0804443359375,0,-0.0858154296875
65.6847,0,-0.013214111328125,0,0.04925537109375,0,-0.0804443359375,0,-0.185546875
65.6957,0,0.04705810546875,0,0.437744140625,0,-0.0298309326171875,0,-0.185546875
65.7038,0,0.04705810546875,0,0.437744140625,0,-0.0298309326171875,0,-0.02728271484375
65.7151,0,0.07830810546875,0,0.353515625,0,0.04888916015625,0,-0.02728271484375
65.7265,0,0.07830810546875,0,0.353515625,0,0.04888916015625,0,0.129150390625
65.7335,0,-0.2435302734375,0,-0.44677734375,0,-0.0819091796875,0,-0.2010498046875
65.7478,0,-0.053009033203125,0,0.156005859375,0,-0.01331329345703125,0,-0.2010498046875
65.7541,0,-0.053009033203125,0,0.156005859375,0,-0.01331329345703125,0,0.2291259765625
65.7628,0,0.12939453125,0,0.156005859375,0,-0.01331329345703125,0,0.2291259765625
65.7737,0,0.12939453125,0,0.2763671875,0,0.029876708984375,0,0.2291259765625
65.7823,0,0.12939453125,0,0.2763671875,0,0.029876708984375,0,-0.15576171875
65.7924,0,-0.1104736328125,0,-0.31396484375,0,-0.039215087890625,0,-0.15576171875
65.8048,0,-0.1104736328125,0,-0.31396484375,0,-0.039215087890625,0,-0.1541748046875
65.8130,0,0.145751953125,0,0.1341552734375,0,-0.093994140625,0,-0.1541748046875
65.8245,0,0.145751953125,0,0.1341552734375,0,-0.093994140625,0,-0.274658203125
65.8347,0,0.048126220703125,0,0.40966796875,0,-0.07708740234375,0,-0.274658203125
65.8453,0,0.048126220703125,0,0.40966796875,0,-0.07708740234375,0,-0.2052001953125
65.8517,0,0.1123046875,0,0.1409912109375,0,-0.0623779296875,0,-0.2052001953125
65.8633,0,0.1123046875,0,0.1409912109375,0,-0.0623779296875,0,0.12152099609375
65.8741,0,0.07696533203125,0,0.0908203125,0,-0.07611083984375,0,0.12152099609375
65.8824,0,0.07696533203125,0,0.0908203125,0,-0.07611083984375,0,-0.043304443359375
65.8940,0,-0.2364501953125,0,0.1431884765625,0,-0.10772705078125,0,-0.043304443359375
65.9026,0,-0.2364501953125,0,0.1431884765625,0,-0.10772705078125,0,-0.02703857421875
65.9123,0,0.1441650390625,0,-0.17333984375,0,0.07958984375,0,-0.02703857421875
65.9248,0,0.1441650390625,0,-0.17333984375,0,0.07958984375,0,-0.06439208984375
65.9357,0,0.125244140625,0,0.262939453125,0,-0.08380126953125,0,-0.06439208984375
65.9432,0,0.125244140625,0,0.262939453125,0,-0.08380126953125,0,-0.04339599609375
65.9538,0,-0.12005615234375,0,0.335693359375,0,-0.08380126953125,0,-0.04339599609375
65.9622,0,-0.12005615234375,0,0.335693359375,0,-0.0294952392578125,0,-0.07281494140625
65.9707,0,-0.062744140625,0,-0.8818359375,0,-0.0294952392578125,0,-0.07281494140625
65.9817,0,-0.062744140625,0,-0.8818359375,0,-0.05084228515625,0,0.08306884765625
65.9920,0,0.01265716552734375,0,0.262451171875,0,-0.05084228515625,0,0.08306884765625
66.0013,0,0.01265716552734375,0,0.262451171875,0,-0.0888671875,0,-0.08941650390625
66.0115,0,0.12890625,0,0.28076171875,0,-0.0888671875,0,-0.08941650390625
66.0209,0,0.12890625,0,0.28076171875,0,-0.053436279296875,0,-0.06915283203125
66.0307,0,0.037689208984375,0,0.1063232421875,0,-0.053436279296875,0,-0.06915283203125
66.0407,0,0.037689208984375,0,0.1063232421875,0,0.08563232421875,0,-0.12152099609375
66.0516,0,0.059417724609375,0,0.1063232421875,0,0.08563232421875,0,-0.12152099609375
66.0587,0,0.059417724609375,0,-0.307373046875,0,-0.13232421875,0,-0.0562744140625
66.0720,0,0.0797119140625,0,-0.307373046875,0,-0.13232421875,0,-0.0562744140625
66.0802,0,0.0797119140625,0,-0.44970703125,0,-0.046539306640625,0,0.1434326171875
66.0892,0,-0.14501953125,0,-0.44970703125,0,-0.046539306640625,0,0.1434326171875
66.0999,0,-0.14501953125,0,0.3759765625,0,-0.01209259033203125,0,0.2291259765625
66.1121,0,-0.1783447265625,0,0.3759765625,0,-0.01209259033203125,0,0.2291259765625
66.1214,0,-0.1783447265625,0,0.256591796875,0,-0.08062744140625,0,0.08441162109375
66.1323,0,-0.049957275390625,0,0.256591796875,0,-0.08062744140625,0,0.08441162109375
66.1411,0,-0.049957275390625,0,0.030670166015625,0,-0.0204925537109375,0,0.08441162109375
66.1504,0,-0.07452392578125,0,0.030670166015625,0,-0.0204925537109375,0,0.185546875
66.1616,0,-0.07452392578125,0,0.28369140625,0,-0.05889892578125,0,0.185546875
66.1698,0,0.07208251953125,0,0.28369140625,0,-0.05889892578125,0,-0.02056884765625
66.1789,0,0.07208251953125,0,-0.55908203125,0,-0.0258636474609375,0,-0.02056884765625
66.1957,0,0.08917236328125,0,-0.55908203125,0,-0.0258636474609375,0,0.07666015625
66.2022,0,0.08917236328125,0,0.2088623046875,0,-0.0908203125,0,0.07666015625
66.2110,0,-0.1331787109375,0,0.2088623046875,0,-0.0908203125,0,-0.1864013671875
66.2235,0,-0.1331787109375,0,-0.1507568359375,0,-0.042449951171875,0,-0.1864013671875
66.2338,0,-0.1829833984375,0,-0.1507568359375,0,-0.042449951171875,0,0.1817626953125
66.2417,0,-0.1829833984375,0,0.4140625,0,-0.08447265625,0,0.1817626953125
66.2518,0,0.068115234375,0,0.4140625,0,-0.08447265625,0,0.1131591796875
66.2633,0,0.068115234375,0,0.343017578125,0,-0.095703125,0,0.1131591796875
66.2729,0,0.1302490234375,0,0.343017578125,0,-0.095703125,0,0.2247314453125
66.2835,0,0.1302490234375,0,0.43603515625,0,-0.095703125,0,0.2247314453125
66.2922,0,-0.1845703125,0,0.43603515625,0,-0.0201568603515625,0,0.161865234375
66.3003,0,-0.1845703125,0,0.08746337890625,0,0.051513671875,0,0.161865234375
66.3141,0,-0.1845703125,0,0.08746337890625,0,0.051513671875,0,-0.198486328125
66.3200,0,-0.2086181640625,0,0.0841064453125,0,0.0892333984375,0,-0.198486328125
66.3339,0,-0.2086181640625,0,0.0841064453125,0,0.0892333984375,0,0.07452392578125
66.3411,0,0.03662109375,0,-0.150390625,0,0.053558349609375,0,0.07452392578125
66.3534,0,0.05987548828125,0,-0.150390625,0,0.053558349609375,0,-0.056396484375
66.3608,0,0.05987548828125,0,0.20751953125,0,0.053558349609375,0,-0.056396484375
66.3727,0,-0.051483154296875,0,0.20751953125,0,-0.04656982421875,0,0.19091796875
66.3829,0,-0.051483154296875,0,0.21728515625,0,-0.04656982421875,0,0.19091796875
66.3968,0,-0.051483154296875,0,0.21728515625,0,-0.0909423828125,0,-0.1685791015625
66.4044,0,-0.142333984375,0,0.21728515625,0,-0.0909423828125,0,-0.1685791015625
66.4163,0,-0.142333984375,0,-0.96875,0,-0.028900146484375,0,0.2264404296875
66.4256,0,0.10491943359375,0,-0.96875,0,-0.028900146484375,0,0.2264404296875
66.4367,0,0.10491943359375,0,0.06866455078125,0,-0.052764892578125,0,0.0948486328125
66.4432,0,-0.07421875,0,0.449951171875,0,-0.052764892578125,0,0.0948486328125
66.4574,0,0.134521484375,0,0.39501953125,0,-0.053680419921875,0,0.03192138671875
66.4711,0,0.134521484375,0,0.39501953125,0,-0.051025390625,0,0.2076416015625
66.4811,0,-0.258056640625,0,0.39501953125,0,-0.051025390625,0,0.2076416015625
66.4908,0,-0.258056640625,0,0.395263671875,0,0.0650634765625,0,-0.1387939453125
66.5004,0,-0.18359375,0,0.395263671875,0,0.0650634765625,0,-0.1387939453125
66.5128,0,-0.18359375,0,0.25146484375,0,-0.05523681640625,0,-0.2783203125
66.5210,0,0.1153564453125,0,0.25146484375,0,-0.05523681640625,0,-0.2783203125
66.5331,0,0.1153564453125,0,-0.69580078125,0,-0.07489013671875,0,0.25732421875
66.5417,0,-0.17138671875,0,-0.69580078125,0,-0.07489013671875,0,0.25732421875
66.5535,0,-0.17138671875,0,-0.63037109375,0,-0.036163330078125,0,-0.2105712890625
66.5622,0,0.0496826171875,0,-0.63037109375,0,-0.036163330078125,0,-0.2105712890625
66.5732,0,0.0496826171875,0,0.5224609375,0,-0.07177734375,0,0.171142578125
66.5837,0,0.1583251953125,0,0.5224609375,0,-0.07177734375,0,0.171142578125
66.5929,0,0.1583251953125,0,0.356201171875,0,-0.11322021484375,0,0.2354736328125
66.6020,0,-0.1947021484375,0,0.356201171875,0,-0.11322021484375,0,0.2354736328125
66.6134,0,-0.1947021484375,0,0.432373046875,0,-0.09735107421875,0,-0.2027587890625
66.6216,0,0.0259857177734375,0,0.432373046875,0,-0.09735107421875,0,-0.2027587890625
66.6315,0,0.0259857177734375,0,-0.56689453125,0,-0.0526123046875,0,-0.1046142578125
66.6387,0,-0.1866455078125,0,-0.56689453125,0,-0.0526123046875,0,-0.1046142578125
66.6520,0,-0.1866455078125,0,0.10406494140625,0,0.0457763671875,0,0.2288818359375
66.6641,0,0.042144775390625,0,0.10406494140625,0,0.0457763671875,0,0.2288818359375
66.6725,0,0.042144775390625,0,0.414794921875,0,-0.08233642578125,0,-0.1749267578125
66.6843,0,0.0251007080078125,0,0.414794921875,0,-0.08233642578125,0,-0.1749267578125
66.6957,0,0.0251007080078125,0,-0.437744140625,0,0.058380126953125,0,-0.1749267578125
66.7078,0,0.0257568359375,0,-0.437744140625,0,0.058380126953125,0,-0.1328125
66.7166,0,0.0257568359375,0,0.34228515625,0,-0.033203125,0,-0.1328125
66.7224,0,-0.08251953125,0,0.34228515625,0,-0.033203125,0,0.0306549072265625
66.7346,0,-0.08251953125,0,0.324951171875,0,0.05670166015625,0,-0.1107177734375
66.7460,0,0.0274200439453125,0,0.324951171875,0,0.05670166015625,0,-0.1107177734375
66.7552,0,0.0274200439453125,0,-0.054534912109375,0,0.0628662109375,0,-0.1107177734375
66.7673,0,0.09344482421875,0,-0.054534912109375,0,0.0628662109375,0,-0.166748046875
66.7792,0,0.09344482421875,0,0.319580078125,0,-0.07818603515625,0,-0.166748046875
66.7832,0,0.0225982666015625,0,0.319580078125,0,-0.07818603515625,0,-0.10888671875
66.7975,0,-0.1519775390625,0,-0.07391357421875,0,-0.06976318359375,0,0.2308349609375
66.8106,0,-0.1519775390625,0,0.262939453125,0,-0.0732421875,0,0.2308349609375
66.8205,0,-0.1519775390625,0,0.262939453125,0,-0.0732421875,0,-0.1632080078125
66.8294,0,0.1051025390625,0,0.4453125,0,-0.038604736328125,0,-0.1632080078125
66.8398,0,0.1051025390625,0,0.4453125,0,-0.038604736328125,0,-0.047607421875
66.8500,0,-0.0767822265625,0,-0.26318359375,0,-0.038604736328125,0,-0.047607421875
66.8590,0,-0.1715087890625,0,-0.26318359375,0,-0.06781005859375,0,0.1473388671875
66.8706,0,-0.1715087890625,0,-1.08203125,0,-0.042999267578125,0,0.1473388671875
66.8790,0,-0.1751708984375,0,-1.08203125,0,-0.042999267578125,0,-0.1624755859375
66.8920,0,-0.1751708984375,0,0.296630859375,0,-0.04437255859375,0,-0.1624755859375
66.8998,0,-0.059478759765625,0,0.296630859375,0,-0.04437255859375,0,-0.052154541015625
66.9140,0,-0.059478759765625,0,-0.299072265625,0,-0.06524658203125,0,-0.052154541015625
66.9230,0,0.06744384765625,0,-0.299072265625,0,-0.06524658203125,0,0.128662109375
66.9339,0,0.06744384765625,0,0.3349609375,0,0.012237548828125,0,0.128662109375
66.9427,0,0.06744384765625,0,0.3349609375,0,0.012237548828125,0,0.0294952392578125
66.9534,0,0.1390380859375,0,0.3349609375,0,0.012237548828125,0,0.0294952392578125
66.9601,0,0.1390380859375,0,0.0811767578125,0,-0.032745361328125,0,0.0888671875
66.9717,0,-0.1490478515625,0,0.485595703125,0,-0.024383544921875,0,0.0888671875
66.9845,0,-0.1490478515625,0,0.485595703125,0,-0.024383544921875,0,0.137939453125
66.9913,0,0.157470703125,0,-0.61669921875,0,-0.04052734375,0,0.137939453125
67.0022,0,0.157470703125,0,-0.61669921875,0,-0.04052734375,0,0.2379150390625
67.0135,0,0.1395263671875,0,-0.61669921875,0,-0.04052734375,0,0.2379150390625
67.0202,0,0.1395263671875,0,0.11883544921875,0,-0.04754638671875,0,-0.10650634765625
67.0340,0,0.1640625,0,0.11883544921875,0,-0.04754638671875,0,-0.10650634765625
67.0424,0,0.1640625,0,0.51220703125,0,-0.0280609130859375,0,-0.1678466796875
67.0519,0,0.1312255859375,0,0.51220703125,0,-0.059783935546875,0,-0.1678466796875
67.0635,0,0.1312255859375,0,-0.1199951171875,0,-0.059783935546875,0,-0.1783447265625
67.0744,0,0.02069091796875,0,-0.1199951171875,0,-0.059783935546875,0,-0.1783447265625
67.0805,0,0.02069091796875,0,0.06756591796875,0,-0.06658935546875,0,-0.05633544921875
67.0953,0,-0.30078125,0,0.06756591796875,0,-0.06658935546875,0,-0.05633544921875
67.1011,0,-0.30078125,0,0.293701171875,0,-0.0290679931640625,0,0.264892578125
67.1144,0,0.0310821533203125,0,0.293701171875,0,-0.0290679931640625,0,0.264892578125
67.1234,0,0.0310821533203125,0,0.54150390625,0,-0.061981201171875,0,-0.1351318359375
67.1346,0,0.04998779296875,0,0.54150390625,0,-0.061981201171875,0,-0.1351318359375
67.1455,0,0.04998779296875,0,-0.6826171875,0,-0.03338623046875,0,-0.1351318359375
67.1546,0,0.1829833984375,0,-0.6826171875,0,-0.03338623046875,0,0.1982421875
67.1617,0,0.1829833984375,0,0.25146484375,0,-0.007152557373046875,0,0.10699462890625
67.1758,0,0.0728759765625,0,0.25146484375,0,-0.007152557373046875,0,0.10699462890625
67.1836,0,0.0728759765625,0,0.380859375,0,-0.04150390625,0,0.1514892578125
67.1948,0,0.02825927734375,0,0.380859375,0,-0.04150390625,0,0.1514892578125
67.2005,0,0.02825927734375,0,0.361083984375,0,-0.0210113525390625,0,0.1514892578125
67.2221,0,-0.0672607421875,0,0.57373046875,0,-0.070556640625,0,0.0206756591796875
67.2345,0,0.049713134765625,0,0.57373046875,0,-0.070556640625,0,0.047760009765625
67.2430,0,0.049713134765625,0,0.431396484375,0,-0.03717041015625,0,-0.12939453125
67.2559,0,-0.09747314453125,0,0.431396484375,0,-0.03717041015625,0,-0.12939453125
67.2636,0,-0.09747314453125,0,-0.07904052734375,0,-0.07928466796875,0,-0.12939453125
67.2753,0,-0.12744140625,0,-0.07904052734375,0,-0.07928466796875,0,-0.178466796875
67.2843,0,-0.12744140625,0,0.59814453125,0,-0.041595458984375,0,-0.178466796875
67.2945,0,-0.2568359375,0,0.59814453125,0,-0.041595458984375,0,-0.2291259765625
67.3041,0,-0.2568359375,0,0.59814453125,0,-0.037139892578125,0,-0.2291259765625
67.3150,0,0.09674072265625,0,-0.90673828125,0,-0.037139892578125,0,0.025726318359375
67.3209,0,0.09674072265625,0,-0.6142578125,0,-0.03521728515625,0,0.025726318359375
67.3354,0,0.1849365234375,0,-0.6142578125,0,-0.03521728515625,0,-0.235595703125
67.3449,0,0.1849365234375,0,-0.6142578125,0,-0.01041412353515625,0,-0.235595703125
67.3550,0,-0.032928466796875,0,-0.58935546875,0,-0.01041412353515625,0,0.09576416015625
67.3654,0,-0.032928466796875,0,-0.58935546875,0,-0.06060791015625,0,0.09576416015625
67.3750,0,-0.032928466796875,0,0.313720703125,0,-0.06060791015625,0,0.031982421875
67.3832,0,-0.1207275390625,0,0.313720703125,0,-0.03631591796875,0,0.031982421875
67.3969,0,-0.1207275390625,0,0.42236328125,0,-0.03631591796875,0,-0.2066650390625
67.4048,0,0.0474853515625,0,0.42236328125,0,-0.04803466796875,0,-0.2066650390625
67.4243,0,0.06549072265625,0,0.2392578125,0,-0.02362060546875,0,-0.048309326171875
67.4400,0,-0.08880615234375,0,-0.319580078125,0,-0.0740966796875,0,-0.279052734375
67.4505,0,-0.08880615234375,0,-0.03997802734375,0,-0.0740966796875,0,-0.287109375
67.4596,0,0.1434326171875,0,-0.03997802734375,0,-0.041900634765625,0,-0.287109375
67.4702,0,0.1434326171875,0,-0.431884765625,0,-0.041900634765625,0,-0.2376708984375
67.4795,0,0.10260009765625,0,-0.431884765625,0,0.039825439453125,0,-0.2376708984375
67.4900,0,0.10260009765625,0,-0.2156982421875,0,0.039825439453125,0,-0.1357421875
67.4997,0,0.1474609375,0,-0.2156982421875,0,0.0458984375,0,-0.1357421875
67.5110,0,0.1474609375,0,0.09405517578125,0,0.0458984375,0,-0.1627197265625
67.5204,0,0.07965087890625,0,0.09405517578125,0,-0.03717041015625,0,-0.1627197265625
67.5319,0,0.07965087890625,0,-0.8642578125,0,-0.03717041015625,0,0.1517333984375
67.5404,0,0.073486328125,0,-0.8642578125,0,0.03936767578125,0,0.1517333984375
67.5511,0,0.073486328125,0,0.329833984375,0,0.03936767578125,0,0.1663818359375
67.5581,0,-0.0465087890625,0,0.329833984375,0,-0.034698486328125,0,0.1663818359375
67.5730,0,-0.0465087890625,0,-1.09765625,0,-0.034698486328125,0,0.05615234375
67.5815,0,0.08538818359375,0,-1.09765625,0,-0.05084228515625,0,0.05615234375
67.5922,0,0.08538818359375,0,0.55322265625,0,-0.05084228515625,0,-0.0579833984375
67.6007,0,-0.121337890625,0,0.55322265625,0,-0.033355712890625,0,-0.0579833984375
67.6136,0,-0.121337890625,0,0.385986328125,0,-0.033355712890625,0,0.09503173828125
67.6177,0,0.11187744140625,0,0.385986328125,0,-0.08721923828125,0,0.09503173828125
67.6315,0,0.11187744140625,0,-0.414794921875,0,-0.08721923828125,0,-0.11163330078125
67.6410,0,0.09844970703125,0,-0.414794921875,0,-0.08721923828125,0,-0.11163330078125
67.6532,0,-0.10601806640625,0,0.2171630859375,0,-0.08258056640625,0,-0.1539306640625
67.6655,0,-0.10601806640625,0,0.2171630859375,0,0.06488037109375,0,-0.1539306640625
67.6755,0,-0.10601806640625,0,0.392822265625,0,0.06488037109375,0,-0.148681640625
67.6815,0,-0.1917724609375,0,0.392822265625,0,-0.05743408203125,0,-0.148681640625
67.6949,0,-0.1917724609375,0,-0.01715087890625,0,-0.05743408203125,0,0.10467529296875
67.7019,0,0.041015625,0,-0.01715087890625,0,-0.05743408203125,0,0.10467529296875
67.7161,0,0.041015625,0,0.1175537109375,0,-0.09283447265625,0,0.11773681640625
67.7256,0,0.0992431640625,0,0.1175537109375,0,-0.09283447265625,0,0.11773681640625
67.7390,0,-0.1793212890625,0,-0.85595703125,0,0.0684814453125,0,-0.1895751953125
67.7507,0,-0.1793212890625,0,0.44189453125,0,-0.03466796875,0,0.15625
67.7571,0,0.030120849609375,0,0.44189453125,0,-0.03466796875,0,0.15625
67.7709,0,0.030120849609375,0,-0.69921875,0,-0.0701904296875,0,-0.120361328125
67.7785,0,0.125,0,-0.69921875,0,-0.0701904296875,0,-0.120361328125
67.7881,0,0.125,0,-0.69921875,0,-0.0341796875,0,-0.23046875
67.7982,0,-0.267822265625,0,0.3857421875,0,-0.0341796875,0,-0.23046875
67.8089,0,-0.267822265625,0,-0.9033203125,0,-0.04864501953125,0,0.1143798828125
67.8199,0,0.12347412109375,0,-0.9033203125,0,-0.04864501953125,0,0.1143798828125
67.8300,0,0.12347412109375,0,-0.037078857421875,0,-0.0357666015625,0,0.145263671875
67.8387,0,-0.06988525390625,0,-0.037078857421875,0,-0.0357666015625,0,0.145263671875
67.8490,0,-0.06988525390625,0,-0.037078857421875,0,-0.062042236328125,0,0.2471923828125
67.8607,0,-0.141845703125,0,0.179931640625,0,-0.062042236328125,0,0.2471923828125
67.8696,0,-0.141845703125,0,0.38330078125,0,-0.103515625,0,0.2376708984375
67.8772,0,-0.060089111328125,0,0.38330078125,0,-0.103515625,0,0.2376708984375
67.8907,0,-0.060089111328125,0,0.498046875,0,-0.051727294921875,0,0.0875244140625
67.8995,0,0.0660400390625,0,0.498046875,0,-0.051727294921875,0,0.0875244140625
67.9078,0,0.0660400390625,0,0.498046875,0,-0.08233642578125,0,0.0875244140625
67.9173,0,0.11065673828125,0,-0.8486328125,0,-0.08233642578125,0,-0.11700439453125
67.9306,0,0.11065673828125,0,0.09503173828125,0,-0.04364013671875,0,-0.1781005859375
67.9376,0,-0.15380859375,0,0.09503173828125,0,-0.04364013671875,0,-0.1781005859375
67.9500,0,-0.15380859375,0,0.09503173828125,0,-0.0859375,0,-0.1781005859375
67.9574,0,-0.060821533203125,0,-0.79541015625,0,-0.0859375,0,0.127685546875
67.9703,0,-0.060821533203125,0,-0.79541015625,0,-0.0299530029296875,0,0.127685546875
67.9796,0,-0.20166015625,0,0.39794921875,0,-0.0299530029296875,0,0.197021484375
67.9912,0,-0.20166015625,0,0.39794921875,0,-0.053955078125,0,0.197021484375
67.9998,0,-0.177734375,0,0.06719970703125,0,-0.053955078125,0,-0.195068359375
68.0125,0,-0.177734375,0,0.06719970703125,0,-0.02740478515625,0,-0.195068359375
68.0245,0,-0.1619873046875,0,0.396728515625,0,-0.02740478515625,0,0.11029052734375
68.0324,0,-0.1619873046875,0,0.396728515625,0,-0.016693115234375,0,0.11029052734375
68.0386,0,-0.09442138671875,0,0.3359375,0,-0.016693115234375,0,-0.1832275390625
68.0511,0,-0.09442138671875,0,0.3359375,0,-0.06719970703125,0,-0.1832275390625
68.0606,0,-0.1610107421875,0,0.533203125,0,-0.06719970703125,0,0.08502197265625
68.0715,0,-0.1610107421875,0,0.533203125,0,-0.10089111328125,0,0.08502197265625
68.0814,0,0.1298828125,0,0.07098388671875,0,-0.10089111328125,0,-0.2418212890625
68.0948,0,0.1298828125,0,0.4111328125,0,0.1026611328125,0,-0.18408203125
68.0993,0,-0.040435791015625,0,0.4111328125,0,0.1026611328125,0,-0.18408203125
68.1142,0,-0.040435791015625,0,0.4111328125,0,-0.056884765625,0,-0.18408203125
68.1185,0,0.09576416015625,0,-0.8349609375,0,-0.056884765625,0,0.08197021484375
68.1324,0,0.09576416015625,0,-0.8349609375,0,-0.069580078125,0,0.08197021484375
68.1389,0,0.0584716796875,0,0.53466796875,0,-0.069580078125,0,-0.137939453125
68.1528,0,0.0584716796875,0,0.53466796875,0,-0.038330078125,0,-0.137939453125
68.1599,0,0.11614990234375,0,0.413330078125,0,-0.038330078125,0,-0.191162109375
68.1722,0,0.11614990234375,0,0.413330078125,0,-0.04443359375,0,-0.191162109375
68.1785,0,-0.06719970703125,0,0.31884765625,0,-0.04443359375,0,0.1319580078125
68.1917,0,-0.06719970703125,0,0.31884765625,0,-0.0701904296875,0,0.1319580078125
68.2003,0,-0.06719970703125,0,0.166259765625,0,-0.0701904296875,0,-0.161865234375
68.2147,0,0.124267578125,0,0.166259765625,0,-0.0665283203125,0,-0.161865234375
68.2224,0,0.124267578125,0,0.1741943359375,0,-0.0665283203125,0,0.139404296875
68.2342,0,-0.234375,0,0.1741943359375,0,0.01116180419921875,0,0.139404296875
68.2422,0,-0.234375,0,0.1556396484375,0,0.01116180419921875,0,0.1490478515625
68.2522,0,0.143798828125,0,0.1556396484375,0,-0.034149169921875,0,0.1490478515625
68.2634,0,0.143798828125,0,0.11004638671875,0,-0.034149169921875,0,0.15869140625
68.2704,0,-0.11468505859375,0,0.11004638671875,0,-0.044586181640625,0,0.15869140625
68.2819,0,-0.11468505859375,0,-0.0217742919921875,0,-0.044586181640625,0,-0.198486328125
68.2903,0,0.045989990234375,0,-0.0217742919921875,0,0.11187744140625,0,-0.198486328125
68.3013,0,0.045989990234375,0,0.6201171875,0,0.11187744140625,0,-0.08050537109375
68.3145,0,0.036834716796875,0,0.6201171875,0,-0.0274505615234375,0,-0.08050537109375
68.3210,0,0.036834716796875,0,-0.218017578125,0,-0.0274505615234375,0,0.10498046875
68.3298,0,-0.27099609375,0,-0.218017578125,0,-0.025634765625,0,0.10498046875
68.3387,0,-0.27099609375,0,-0.090576171875,0,-0.025634765625,0,-0.2474365234375
68.3527,0,-0.207763671875,0,-0.090576171875,0,-0.025634765625,0,-0.2474365234375
68.3634,0,-0.207763671875,0,-0.090576171875,0,-0.0183563232421875,0,-0.03607177734375
68.3755,0,0.051361083984375,0,0.258544921875,0,-0.06396484375,0,-0.03607177734375
68.3792,0,0.051361083984375,0,0.292724609375,0,-0.06396484375,0,0.059967041015625
68.3980,0,-0.1451416015625,0,0.292724609375,0,-0.06396484375,0,0.059967041015625
68.4055,0,-0.1451416015625,0,0.33837890625,0,-0.07440185546875,0,-0.257080078125
68.4133,0,-0.20068359375,0,0.33837890625,0,-0.06634521484375,0,-0.257080078125
68.4327,0,-0.1396484375,0,0.035247802734375,0,-0.06634521484375,0,-0.032928466796875
68.4416,0,-0.1396484375,0,0.035247802734375,0,0.0382080078125,0,0.1116943359375
68.4561,0,-0.127197265625,0,0.0948486328125,0,0.0382080078125,0,0.1116943359375
68.4594,0,-0.127197265625,0,0.0948486328125,0,-0.0401611328125,0,-0.154541015625
68.4767,0,0.0176239013671875,0,0.182373046875,0,-0.0401611328125,0,-0.154541015625
68.4821,0,0.0176239013671875,0,0.182373046875,0,-0.036346435546875,0,-0.21923828125
68.4933,0,-0.04046630859375,0,-0.2127685546875,0,-0.036346435546875,0,-0.21923828125
68.4997,0,-0.04046630859375,0,0.0872802734375,0,-0.08203125,0,-0.237060546875
68.5130,0,0.1728515625,0,0.0872802734375,0,-0.08203125,0,-0.237060546875
68.5202,0,0.1728515625,0,0.0872802734375,0,-0.01425933837890625,0,-0.142333984375
68.5339,0,0.038360595703125,0,0.32666015625,0,-0.01425933837890625,0,-0.142333984375
68.5448,0,0.038360595703125,0,0.32666015625,0,-0.01666259765625,0,-0.206298828125
68.5548,0,-0.039764404296875,0,0.11724853515625,0,-0.01666259765625,0,-0.206298828125
68.5638,0,-0.039764404296875,0,0.11724853515625,0,-0.01873779296875,0,0.1719970703125
68.5762,0,0.022735595703125,0,0.3876953125,0,-0.01873779296875,0,0.1719970703125
68.5814,0,0.022735595703125,0,0.3876953125,0,-0.04364013671875,0,0.1923828125
68.5957,0,0.1319580078125,0,0.17138671875,0,-0.04364013671875,0,0.1923828125
68.6032,0,0.1319580078125,0,0.17138671875,0,-0.060882568359375,0,-0.202880859375
68.6166,0,0.0218353271484375,0,0.36279296875,0,-0.060882568359375,0,-0.202880859375
68.6220,0,0.0218353271484375,0,0.36279296875,0,0.067626953125,0,0.1947021484375
68.6347,0,-0.1405029296875,0,0.47900390625,0,0.067626953125,0,0.1947021484375
68.6418,0,-0.1405029296875,0,0.47900390625,0,-0.05853271484375,0,0.10284423828125
68.6544,0,0.0260009765625,0,0.24462890625,0,-0.05853271484375,0,0.10284423828125
68.6600,0,0.0260009765625,0,0.24462890625,0,0.03076171875,0,0.05865478515625
68.6755,0,-0.11151123046875,0,0.50634765625,0,0.03076171875,0,0.05865478515625
68.6823,0,-0.11151123046875,0,0.50634765625,0,-0.0906982421875,0,0.05865478515625
68.6917,0,-0.1658935546875,0,0.107177734375,0,-0.0906982421875,0,0.1893310546875
68.7055,0,-0.1658935546875,0,0.107177734375,0,-0.038421630859375,0,0.1007080078125
68.7161,0,0.058013916015625,0,-0.3603515625,0,-0.038421630859375,0,0.1007080078125
68.7246,0,0.058013916015625,0,-0.3603515625,0,-0.0670166015625,0,0.1007080078125
68.7373,0,-0.08990478515625,0,-0.2476806640625,0,-0.0670166015625,0,0.1072998046875
68.7443,0,-0.08990478515625,0,-0.2476806640625,0,-0.02294921875,0,0.1072998046875
68.7528,0,0.091552734375,0,0.273193359375,0,-0.02294921875,0,0.045623779296875
68.7641,0,0.091552734375,0,0.273193359375,0,-0.050384521484375,0,0.045623779296875
68.7733,0,0.091552734375,0,-0.489013671875,0,-0.050384521484375,0,-0.10595703125
68.7861,0,-0.20703125,0,-0.489013671875,0,-0.032470703125,0,-0.10595703125
68.8008,0,-0.035308837890625,0,-0.77685546875,0,-0.032440185546875,0,-0.164794921875
68.8073,0,-0.05352783203125,0,0.4375,0,-0.032440185546875,0,0.132568359375
68.8195,0,-0.05352783203125,0,0.4375,0,-0.048370361328125,0,0.126708984375
68.8312,0,-0.17236328125,0,0.257568359375,0,-0.048370361328125,0,0.126708984375
68.8377,0,-0.17236328125,0,0.257568359375,0,0.06292724609375,0,0.126708984375
68.8503,0,-0.17236328125,0,0.031951904296875,0,0.06292724609375,0,0.146484375
68.8573,0,-0.1656494140625,0,0.031951904296875,0,-0.09637451171875,0,0.146484375
68.8699,0,-0.1656494140625,0,0.2315673828125,0,-0.09637451171875,0,-0.064697265625
68.8770,0,-0.035888671875,0,0.2315673828125,0,-0.025543212890625,0,-0.064697265625
68.8880,0,-0.035888671875,0,0.08856201171875,0,-0.025543212890625,0,0.08612060546875
68.8982,0,0.08551025390625,0,0.08856201171875,0,-0.0615234375,0,0.08612060546875
68.9077,0,0.08551025390625,0,-0.94287109375,0,-0.0615234375,0,0.07843017578125
68.9178,0,-0.06378173828125,0,-0.94287109375,0,-0.0145111083984375,0,0.07843017578125
68.9287,0,-0.06378173828125,0,0.390869140625,0,-0.0145111083984375,0,-0.0904541015625
68.9346,0,-0.18212890625,0,0.390869140625,0,-0.10162353515625,0,-0.0904541015625
68.9484,0,-0.18212890625,0,0.1707763671875,0,-0.10162353515625,0,0.1478271484375
68.9553,0,-0.04290771484375,0,0.1707763671875,0,0.06304931640625,0,0.1478271484375
68.9679,0,-0.04290771484375,0,0.158447265625,0,0.06304931640625,0,-0.1864013671875
68.9775,0,-0.1314697265625,0,0.158447265625,0,-0.058013916015625,0,-0.1864013671875
68.9884,0,-0.1314697265625,0,0.345703125,0,-0.058013916015625,0,0.20263671875
68.9933,0,0.07720947265625,0,0.345703125,0,0.132080078125,0,0.20263671875
69.0118,0,0.07720947265625,0,0.4892578125,0,0.132080078125,0,-0.259033203125
69.0170,0,0.0977783203125,0,0.4892578125,0,0.1192626953125,0,-0.259033203125
69.0240,0,0.0977783203125,0,0.18505859375,0,0.1192626953125,0,0.2281494140625
69.0366,0,-0.1153564453125,0,0.18505859375,0,-0.055450439453125,0,0.2281494140625
69.0435,0,-0.1153564453125,0,0.44140625,0,-0.055450439453125,0,0.08624267578125
69.0545,0,0.208984375,0,0.44140625,0,-0.1116943359375,0,0.08624267578125
69.0688,0,0.208984375,0,-0.701171875,0,-0.1116943359375,0,0.068115234375
69.0729,0,0.0906982421875,0,-0.701171875,0,-0.0465087890625,0,0.068115234375
69.0854,0,0.0906982421875,0,-0.701171875,0,-0.0465087890625,0,0.191162109375
69.0999,0,-0.040740966796875,0,-0.798828125,0,-0.06317138671875,0,0.191162109375
69.1057,0,-0.040740966796875,0,-0.798828125,0,-0.06317138671875,0,-0.239013671875
69.1148,0,-0.11639404296875,0,-0.082763671875,0,-0.0748291015625,0,-0.239013671875
69.1291,0,-0.11639404296875,0,-0.082763671875,0,-0.0748291015625,0,0.2027587890625
69.1334,0,-0.1627197265625,0,-0.83203125,0,-0.05560302734375,0,0.2027587890625
69.1442,0,-0.1627197265625,0,-0.83203125,0,-0.05560302734375,0,0.1302490234375
69.1566,0,-0.1561279296875,0,-0.13720703125,0,-0.060699462890625,0,0.1302490234375
69.1643,0,-0.1561279296875,0,-0.13720703125,0,-0.060699462890625,0,-0.0305938720703125
69.1721,0,0.09637451171875,0,-0.88330078125,0,-0.060699462890625,0,-0.0305938720703125
69.1859,0,0.09637451171875,0,-0.88330078125,0,-0.071044921875,0,-0.0305938720703125
69.1920,0,-0.0266571044921875,0,0.53271484375,0,-0.071044921875,0,-0.2457275390625
69.2054,0,-0.0266571044921875,0,0.53271484375,0,-0.103271484375,0,-0.2457275390625
69.2157,0,0.1575927734375,0,-0.1356201171875,0,-0.07257080078125,0,-0.139404296875
69.2298,0,0.1575927734375,0,-0.1356201171875,0,-0.07257080078125,0,-0.2379150390625
69.2355,0,0.0616455078125,0,0.335205078125,0,-0.07257080078125,0,-0.2379150390625
69.2482,0,0.0616455078125,0,0.335205078125,0,-0.0714111328125,0,-0.1409912109375
69.2550,0,-0.056060791015625,0,-0.35595703125,0,-0.0714111328125,0,-0.1409912109375
69.2667,0,-0.056060791015625,0,-0.35595703125,0,-0.0601806640625,0,-0.135498046875
69.2743,0,0.05303955078125,0,0.176025390625,0,-0.0601806640625,0,-0.135498046875
69.2878,0,0.05303955078125,0,0.176025390625,0,0.0202789306640625,0,-0.135498046875
69.2939,0,0.1070556640625,0,0.15673828125,0,0.0202789306640625,0,0.2147216796875
69.3078,0,0.1070556640625,0,0.15673828125,0,-0.00382232666015625,0,0.2147216796875
69.3140,0,-0.10601806640625,0,0.10491943359375,0,-0.00382232666015625,0,0.10272216796875
69.3274,0,-0.10601806640625,0,0.10491943359375,0,-0.054107666015625,0,0.10272216796875
69.3354,0,-0.10601806640625,0,0.1990966796875,0,-0.054107666015625,0,-0.1661376953125
69.3493,0,0.11041259765625,0,0.1990966796875,0,-0.029541015625,0,-0.1661376953125
69.3532,0,0.11041259765625,0,0.3388671875,0,-0.029541015625,0,0.144775390625
69.3651,0,0.08343505859375,0,0.3388671875,0,-0.056427001953125,0,0.144775390625
69.3735,0,0.08343505859375,0,0.219482421875,0,-0.056427001953125,0,0.1763916015625
69.3869,0,0.1087646484375,0,0.219482421875,0,0.01015472412109375,0,-0.046630859375
69.3988,0,0.1087646484375,0,-0.290771484375,0,0.01015472412109375,0,-0.046630859375
69.4111,0,-0.074951171875,0,-0.290771484375,0,-0.0928955078125,0,-0.046630859375
69.4162,0,-0.074951171875,0,-0.11102294921875,0,-0.0928955078125,0,0.01050567626953125
69.4270,0,-0.073974609375,0,-0.11102294921875,0,0.031402587890625,0,0.01050567626953125
69.4366,0,-0.073974609375,0,0.1085205078125,0,0.031402587890625,0,-0.11993408203125
69.4473,0,0.08392333984375,0,0.1085205078125,0,-0.040740966796875,0,-0.11993408203125
69.4584,0,0.08392333984375,0,0.269775390625,0,-0.040740966796875,0,-0.186767578125
69.4694,0,-0.263671875,0,0.269775390625,0,-0.08294677734375,0,-0.186767578125
69.4783,0,-0.263671875,0,0.269775390625,0,-0.08294677734375,0,0.2181396484375
69.4891,0,0.1370849609375,0,0.048858642578125,0,-0.08294677734375,0,0.2181396484375
69.4978,0,0.1370849609375,0,0.048858642578125,0,-0.083740234375,0,0.1536865234375
69.5061,0,0.12353515625,0,0.240966796875,0,-0.0657958984375,0,0.1536865234375
69.5193,0,0.12353515625,0,0.240966796875,0,-0.0657958984375,0,-0.160888671875
69.5284,0,0.12200927734375,0,0.4169921875,0,0.09735107421875,0,-0.160888671875
69.5399,0,0.12200927734375,0,0.4169921875,0,0.09735107421875,0,-0.1397705078125
69.5502,0,0.0634765625,0,0.0760498046875,0,-0.08172607421875,0,-0.1397705078125
69.5607,0,0.0634765625,0,0.0760498046875,0,-0.08172607421875,0,0.1822509765625
69.5692,0,-0.096435546875,0,0.283447265625,0,-0.08172607421875,0,0.1822509765625
69.5815,0,-0.096435546875,0,0.283447265625,0,-0.1005859375,0,-0.025543212890625
69.5913,0,-0.162841796875,0,0.389404296875,0,-0.1005859375,0,-0.025543212890625
69.5988,0,-0.162841796875,0,0.389404296875,0,-0.09747314453125,0,-0.2529296875
69.6120,0,0.162841796875,0,0.36474609375,0,-0.09747314453125,0,-0.2529296875
69.6210,0,0.162841796875,0,0.36474609375,0,-0.0278472900390625,0,-0.1318359375
69.6296,0,0.03558349609375,0,0.45703125,0,-0.0278472900390625,0,-0.1318359375
69.6428,0,0.03558349609375,0,0.45703125,0,0.06072998046875,0,-0.1971435546875
69.6535,0,0.099609375,0,0.142822265625,0,0.06072998046875,0,-0.1971435546875
69.6595,0,0.099609375,0,0.142822265625,0,-0.07464599609375,0,-0.01299285888671875
69.6706,0,-0.095703125,0,0.09112548828125,0,-0.07464599609375,0,-0.01299285888671875
69.6894,0,-0.0100860595703125,0,-0.3271484375,0,-0.08984375,0,-0.228515625
69.6949,0,-0.0100860595703125,0,-0.3271484375,0,-0.0311737060546875,0,-0.228515625
69.7065,0,-0.0100860595703125,0,-0.3271484375,0,-0.0311737060546875,0,-0.04119873046875
69.7171,0,-0.1026611328125,0,-0.407470703125,0,-0.034942626953125,0,-0.04119873046875
69.7289,0,-0.1026611328125,0,-0.407470703125,0,-0.034942626953125,0,-0.06463623046875
69.7372,0,0.049774169921875,0,-1.1533203125,0,-0.034942626953125,0,-0.06463623046875
69.7500,0,0.049774169921875,0,-1.1533203125,0,-0.064208984375,0,-0.2237548828125
69.7569,0,0.1514892578125,0,-0.3447265625,0,-0.0810546875,0,-0.2237548828125
69.7696,0,0.1514892578125,0,-0.3447265625,0,-0.0810546875,0,-0.21533203125
69.7785,0,0.131591796875,0,-0.111083984375,0,-0.0557861328125,0,-0.21533203125
69.7898,0,0.131591796875,0,-0.111083984375,0,-0.0557861328125,0,0.0518798828125
69.7969,0,-0.024749755859375,0,0.44970703125,0,-0.0557861328125,0,0.0518798828125
69.8103,0,-0.024749755859375,0,0.44970703125,0,-0.03759765625,0,0.02337646484375
69.8184,0,0.07574462890625,0,0.0777587890625,0,-0.03759765625,0,0.02337646484375
69.8266,0,0.07574462890625,0,0.0777587890625,0,0.00630950927734375,0,0.2169189453125
69.8387,0,0.0572509765625,0,0.053955078125,0,0.00630950927734375,0,0.2169189453125
69.8515,0,0.0572509765625,0,0.053955078125,0,-0.052490234375,0,0.29931640625
69.8603,0,0.06103515625,0,0.41259765625,0,-0.052490234375,0,0.29931640625
69.8696,0,0.06103515625,0,0.41259765625,0,0.034454345703125,0,0.199951171875
69.8799,0,-0.2327880859375,0,-1.0546875,0,0.034454345703125,0,0.199951171875
69.8857,0,-0.2327880859375,0,-1.0546875,0,0.058074951171875,0,0.2451171875
69.8985,0,-0.2327880859375,0,0.2315673828125,0,0.058074951171875,0,0.2451171875
69.9089,0,-0.06292724609375,0,0.2315673828125,0,-0.00926971435546875,0,-0.1427001953125
69.9170,0,-0.2208251953125,0,0.04083251953125,0,-0.00926971435546875,0,-0.1427001953125
69.9286,0,-0.2208251953125,0,0.04083251953125,0,-0.0408935546875,0,0.0986328125
69.9366,0,-0.0894775390625,0,-0.3359375,0,-0.0408935546875,0,0.0986328125
69.9457,0,-0.0894775390625,0,-0.3359375,0,-0.0447998046875,0,-0.15625
69.9574,0,-0.0894775390625,0,-0.162353515625,0,-0.0447998046875,0,-0.15625
69.9677,0,0.1995849609375,0,-0.162353515625,0,0.078125,0,0.1656494140625
69.9805,0,0.1995849609375,0,-0.48876953125,0,0.078125,0,0.1656494140625
69.9894,0,0.0836181640625,0,-0.48876953125,0,0.05145263671875,0,-0.248046875
69.9983,0,0.0836181640625,0,-0.205322265625,0,0.05145263671875,0,-0.248046875
70.0059,0,-0.21240234375,0,-0.205322265625,0,-0.07861328125,0,-0.248046875
70.0193,0,-0.21240234375,0,0.11859130859375,0,-0.07861328125,0,-0.243408203125
70.0254,0,0.153564453125,0,0.11859130859375,0,-0.07830810546875,0,-0.243408203125
70.0366,0,0.153564453125,0,-0.04046630859375,0,-0.07830810546875,0,-0.1630859375
70.0520,0,-0.1654052734375,0,-0.04046630859375,0,-0.032012939453125,0,-0.0186004638671875
70.0567,0,-0.1654052734375,0,0.325439453125,0,-0.032012939453125,0,-0.0186004638671875
70.0683,0,0.04046630859375,0,0.325439453125,0,-0.136962890625,0,-0.0186004638671875
70.0782,0,0.04046630859375,0,0.39599609375,0,-0.136962890625,0,-0.2091064453125
70.0866,0,0.09442138671875,0,0.39599609375,0,-0.0908203125,0,-0.2091064453125
70.0973,0,0.09442138671875,0,0.495849609375,0,-0.0908203125,0,-0.22509765625
70.1101,0,0.126708984375,0,0.495849609375,0,-0.0908203125,0,-0.22509765625
70.1178,0,0.126708984375,0,0.1810302734375,0,-0.10137939453125,0,-0.0065155029296875
70.1263,0,-0.146728515625,0,0.1810302734375,0,-0.037567138671875,0,-0.0065155029296875
70.1390,0,-0.146728515625,0,0.390625,0,-0.037567138671875,0,0.2139892578125
70.1469,0,0.052032470703125,0,0.390625,0,-0.049285888671875,0,0.2139892578125
70.1585,0,0.052032470703125,0,0.390625,0,-0.049285888671875,0,0.1915283203125
70.1697,0,0.055908203125,0,-0.37060546875,0,-0.1036376953125,0,0.1915283203125
70.1801,0,0.055908203125,0,-0.8427734375,0,-0.1036376953125,0,-0.09722900390625
70.1906,0,0.0743408203125,0,-0.8427734375,0,-0.1036376953125,0,-0.09722900390625
70.2012,0,0.0743408203125,0,0.371337890625,0,0.06475830078125,0,0.180419921875
70.2108,0,-0.05206298828125,0,0.371337890625,0,0.06475830078125,0,0.180419921875
70.2240,0,-0.05206298828125,0,0.371337890625,0,-0.029754638671875,0,-0.119140625
70.2325,0,-0.03369140625,0,0.026519775390625,0,-0.029754638671875,0,-0.119140625
70.2402,0,-0.03369140625,0,0.026519775390625,0,0.0052337646484375,0,0.155517578125
70.2527,0,0.09686279296875,0,-0.833984375,0,0.0052337646484375,0,0.155517578125
70.2620,0,0.09686279296875,0,-0.833984375,0,0.0450439453125,0,-0.14599609375
70.2790,0,0.07977294921875,0,0.26025390625,0,0.09326171875,0,0.0196990966796875
70.2993,0,-0.11273193359375,0,-0.8291015625,0,-0.036956787109375,0,0.1204833984375
70.3065,0,0.0278778076171875,0,-0.42626953125,0,-0.036956787109375,0,0.1204833984375
70.3185,0,0.0278778076171875,0,-0.42626953125,0,-0.035186767578125,0,0.1834716796875
70.3261,0,0.13232421875,0,0.052215576171875,0,-0.035186767578125,0,0.1834716796875
70.3371,0,0.13232421875,0,0.052215576171875,0,-0.04425048828125,0,-0.11224365234375
70.3513,0,0.134033203125,0,0.39697265625,0,-0.04425048828125,0,-0.11224365234375
70.3608,0,0.134033203125,0,0.39697265625,0,-0.0703125,0,-0.19189453125
70.3666,0,0.1119384765625,0,-1.04296875,0,-0.0703125,0,-0.19189453125
70.3800,0,0.1119384765625,0,-1.04296875,0,-0.050933837890625,0,0.1868896484375
70.3883,0,0.1383056640625,0,-0.193115234375,0,-0.050933837890625,0,0.1868896484375
70.3997,0,0.1383056640625,0,-0.193115234375,0,-0.042144775390625,0,0.13623046875
70.4108,0,-0.1905517578125,0,-0.8662109375,0,-0.042144775390625,0,0.13623046875
70.4196,0,-0.1905517578125,0,-0.8662109375,0,-0.09088134765625,0,-0.0538330078125
70.4304,0,-0.1905517578125,0,0.239990234375,0,-0.09088134765625,0,-0.0538330078125
70.4389,0,-0.151123046875,0,0.239990234375,0,-0.068359375,0,-0.0538330078125
70.4495,0,-0.297119140625,0,-0.95849609375,0,-0.068359375,0,-0.119873046875
70.4586,0,-0.297119140625,0,-0.95849609375,0,-0.026641845703125,0,-0.119873046875
70.4716,0,-0.04248046875,0,0.283447265625,0,-0.026641845703125,0,0.08343505859375
70.4789,0,-0.04248046875,0,0.283447265625,0,0.0433349609375,0,0.08343505859375
70.4993,0,-0.026397705078125,0,-0.66015625,0,0.050811767578125,0,-0.0088043212890625
70.5083,0,-0.026397705078125,0,-0.9765625,0,0.050811767578125,0,-0.1781005859375
70.5168,0,-0.257568359375,0,-0.9765625,0,-0.0248260498046875,0,-0.1781005859375
70.5291,0,-0.257568359375,0,0.05230712890625,0,-0.0248260498046875,0,-0.226318359375
70.5373,0,-0.076904296875,0,0.05230712890625,0,-0.029571533203125,0,-0.226318359375
70.5467,0,-0.076904296875,0,0.42138671875,0,-0.029571533203125,0,-0.16064453125
70.5585,0,0.1407470703125,0,0.42138671875,0,-0.037017822265625,0,-0.16064453125
70.5666,0,0.1407470703125,0,-0.45654296875,0,-0.037017822265625,0,0.13134765625
70.5816,0,-0.2333984375,0,-0.45654296875,0,-0.037017822265625,0,0.13134765625
70.5902,0,-0.2333984375,0,0.2568359375,0,-0.0443115234375,0,0.16015625
70.5988,0,-0.05413818359375,0,0.2568359375,0,-0.0443115234375,0,0.16015625
70.6065,0,-0.05413818359375,0,-0.68359375,0,0.06842041015625,0,-0.1121826171875
70.6194,0,0.067626953125,0,-0.68359375,0,-0.020111083984375,0,-0.1121826171875
70.6271,0,0.067626953125,0,-0.04644775390625,0,-0.020111083984375,0,-0.2177734375
70.6391,0,0.040435791015625,0,-0.04644775390625,0,-0.020111083984375,0,-0.2177734375
70.6501,0,0.040435791015625,0,0.41259765625,0,-0.08551025390625,0,-0.11456298828125
70.6597,0,0.101806640625,0,0.41259765625,0,-0.08551025390625,0,-0.11456298828125
70.6678,0,0.101806640625,0,0.41259765625,0,-0.039703369140625,0,-0.109375
70.6791,0,-0.11956787109375,0,-0.020538330078125,0,-0.039703369140625,0,-0.109375
70.6901,0,-0.11956787109375,0,-0.020538330078125,0,-0.06195068359375,0,-0.15380859375
70.6982,0,0.083251953125,0,0.397705078125,0,-0.06195068359375,0,-0.15380859375
70.7096,0,0.083251953125,0,0.397705078125,0,-0.1029052734375,0,-0.212890625
70.7191,0,0.083251953125,0,0.384033203125,0,-0.1029052734375,0,-0.212890625
70.7281,0,0.0662841796875,0,0.384033203125,0,-0.05517578125,0,0.0928955078125
70.7402,0,0.0662841796875,0,0.367431640625,0,-0.05517578125,0,0.0928955078125
70.7513,0,0.1307373046875,0,0.367431640625,0,0.086669921875,0,0.1153564453125
70.7691,0,0.0160064697265625,0,0.0762939453125,0,-0.069580078125,0,0.2064208984375
70.7756,0,-0.132568359375,0,0.5732421875,0,-0.069580078125,0,0.2064208984375
70.7885,0,-0.132568359375,0,0.5732421875,0,0.040863037109375,0,0.2064208984375
70.7960,0,0.0189666748046875,0,0.1165771484375,0,0.040863037109375,0,0.1275634765625
70.8080,0,0.0189666748046875,0,0.1165771484375,0,-0.0572509765625,0,0.1275634765625
70.8170,0,0.0189666748046875,0,0.421875,0,-0.0572509765625,0,0.0806884765625
70.8276,0,-0.1064453125,0,0.421875,0,-0.04071044921875,0,-0.169677734375
70.8363,0,-0.1064453125,0,0.2783203125,0,-0.04071044921875,0,-0.169677734375
70.8465,0,0.06982421875,0,0.2783203125,0,0.052886962890625,0,-0.169677734375
70.8564,0,0.0892333984375,0,0.2213134765625,0,0.052886962890625,0,-0.189697265625
70.8681,0,0.0892333984375,0,0.2213134765625,0,-0.0218963623046875,0,-0.189697265625
70.8756,0,0.0892333984375,0,-0.08935546875,0,-0.0218963623046875,0,-0.1357421875
70.8876,0,0.08331298828125,0,-0.08935546875,0,-0.041534423828125,0,-0.1778564453125
70.8954,0,0.08331298828125,0,-0.546875,0,-0.041534423828125,0,-0.1778564453125
70.9064,0,0.13623046875,0,-0.546875,0,0.1300048828125,0,-0.1778564453125
70.9151,0,0.13623046875,0,-0.282958984375,0,0.1300048828125,0,0.1910400390625
70.9261,0,0.044158935546875,0,-0.282958984375,0,-0.091552734375,0,0.1910400390625
70.9366,0,0.044158935546875,0,-0.76806640625,0,-0.091552734375,0,0.048797607421875
70.9456,0,-0.2298583984375,0,-0.76806640625,0,-0.078125,0,0.048797607421875
70.9554,0,-0.2298583984375,0,0.407470703125,0,-0.078125,0,-0.2254638671875
70.9628,0,-0.273681640625,0,0.407470703125,0,-0.04815673828125,0,-0.2254638671875
70.9749,0,-0.273681640625,0,-0.865234375,0,-0.04815673828125,0,-0.126953125
70.9835,0,0.026611328125,0,-0.865234375,0,-0.10015869140625,0,-0.126953125
70.9938,0,0.026611328125,0,0.27294921875,0,-0.10015869140625,0,0.0660400390625
71.0055,0,-0.2509765625,0,0.27294921875,0,-0.0985107421875,0,0.0660400390625
71.0132,0,-0.2509765625,0,-0.7744140625,0,-0.0985107421875,0,0.112548828125
71.0217,0,-0.2235107421875,0,-0.7744140625,0,-0.0413818359375,0,0.112548828125
71.0341,0,-0.2235107421875,0,0.299560546875,0,-0.0413818359375,0,0.120849609375
71.0425,0,0.052703857421875,0,0.299560546875,0,0.05767822265625,0,0.120849609375
71.0528,0,0.052703857421875,0,-0.06134033203125,0,0.05767822265625,0,-0.174072265625
71.0653,0,0.1593017578125,0,-0.06134033203125,0,-0.03338623046875,0,-0.174072265625
71.0739,0,0.1593017578125,0,-0.06134033203125,0,-0.03338623046875,0,0.157958984375
71.0832,0,0.10455322265625,0,0.24609375,0,-0.03338623046875,0,0.157958984375
71.0947,0,0.10455322265625,0,0.24609375,0,-0.07177734375,0,0.2034912109375
71.1058,0,-0.2491455078125,0,-0.02740478515625,0,-0.07177734375,0,0.2034912109375
71.1143,0,-0.2491455078125,0,-0.02740478515625,0,-0.0322265625,0,0.07257080078125
71.1254,0,0.04827880859375,0,-0.125244140625,0,-0.0830078125,0,0.07257080078125
71.1344,0,0.04827880859375,0,-0.125244140625,0,-0.0830078125,0,-0.1658935546875
71.1425,0,-0.08251953125,0,-0.68310546875,0,-0.0830078125,0,-0.1658935546875
71.1556,0,-0.08251953125,0,-0.68310546875,0,-0.047210693359375,0,0.0311431884765625
71.1648,0,0.07916259765625,0,0.314453125,0,-0.047210693359375,0,0.0311431884765625
71.1746,0,0.07916259765625,0,0.314453125,0,-0.05908203125,0,0.1455078125
71.1868,0,0.07916259765625,0,-0.78515625,0,-0.05908203125,0,0.1455078125
71.1953,0,-0.1566162109375,0,-0.78515625,0,-0.0190582275390625,0,0.189453125
71.2069,0,-0.1566162109375,0,0.3037109375,0,-0.0190582275390625,0,0.189453125
71.2156,0,-0.0986328125,0,0.3037109375,0,-0.06884765625,0,-0.046600341796875
71.2246,0,-0.04449462890625,0,0.302001953125,0,-0.06884765625,0,-0.046600341796875
71.2384,0,-0.04449462890625,0,0.302001953125,0,-0.05487060546875,0,0.0743408203125
71.2474,0,0.1534423828125,0,0.2022705078125,0,-0.05487060546875,0,0.0743408203125
71.2569,0,0.1534423828125,0,0.2022705078125,0,0.087890625,0,-0.168212890625
71.2699,0,0.1534423828125,0,-0.312744140625,0,0.087890625,0,-0.168212890625
71.2767,0,-0.037261962890625,0,-0.312744140625,0,-0.0830078125,0,-0.24462890625
71.2892,0,-0.037261962890625,0,-0.04986572265625,0,-0.0830078125,0,-0.24462890625
71.2981,0,-0.270263671875,0,-0.04986572265625,0,-0.031463623046875,0,-0.24462890625
71.3089,0,-0.270263671875,0,-0.3193359375,0,-0.031463623046875,0,0.1107177734375
71.3174,0,0.09210205078125,0,-0.3193359375,0,-0.0794677734375,0,0.1107177734375
71.3284,0,0.09210205078125,0,0.33984375,0,-0.0794677734375,0,0.205322265625
71.3374,0,0.159423828125,0,0.33984375,0,0.0799560546875,0,0.090087890625
71.3481,0,0.159423828125,0,0.263671875,0,0.0799560546875,0,0.090087890625
71.3579,0,-0.1551513671875,0,0.263671875,0,-0.09271240234375,0,0.090087890625
71.3682,0,-0.1551513671875,0,-0.05841064453125,0,-0.09271240234375,0,0.0806884765625
71.3767,0,-0.25146484375,0,-0.05841064453125,0,-0.06695556640625,0,0.0806884765625
71.3927,0,-0.25146484375,0,0.1300048828125,0,-0.06695556640625,0,-0.1959228515625
71.3982,0,0.1253662109375,0,0.1300048828125,0,-0.08258056640625,0,-0.1376953125
71.4088,0,0.1253662109375,0,-0.61669921875,0,-0.08258056640625,0,-0.1376953125
71.4171,0,0.07171630859375,0,-0.61669921875,0,-0.06317138671875,0,-0.1376953125
71.4315,0,0.07171630859375,0,0.407958984375,0,-0.06317138671875,0,0.142822265625
71.4374,0,-0.2008056640625,0,0.407958984375,0,0.06939697265625,0,0.142822265625
71.4475,0,-0.2008056640625,0,0.06109619140625,0,0.06939697265625,0,0.137451171875
71.4577,0,0.15234375,0,0.06109619140625,0,-0.04278564453125,0,0.137451171875
71.4694,0,0.15234375,0,0.06109619140625,0,-0.04278564453125,0,0.183349609375
71.4805,0,0.059417724609375,0,-0.356689453125,0,0.0235748291015625,0,0.183349609375
71.4904,0,0.059417724609375,0,-0.71533203125,0,0.0235748291015625,0,0.23388671875
71.5004,0,0.06292724609375,0,-0.71533203125,0,-0.0535888671875,0,0.23388671875
71.5084,0,0.06292724609375,0,-0.77197265625,0,-0.0535888671875,0,-0.017822265625
71.5197,0,0.195556640625,0,-0.77197265625,0,-0.08892822265625,0,-0.017822265625
71.5274,0,0.195556640625,0,-0.521484375,0,-0.08892822265625,0,0.1622314453125
71.5370,0,-0.2154541015625,0,-0.521484375,0,-0.08892822265625,0,0.1622314453125
71.5511,0,-0.2154541015625,0,0.5224609375,0,0.0692138671875,0,0.191162109375
71.5587,0,0.1412353515625,0,0.5224609375,0,0.04925537109375,0,0.191162109375
71.5707,0,0.1412353515625,0,0.5224609375,0,0.04925537109375,0,-0.240966796875
71.5794,0,-0.2366943359375,0,0.1466064453125,0,-0.068603515625,0,-0.240966796875
71.5871,0,-0.2366943359375,0,0.255126953125,0,-0.068603515625,0,-0.092529296875
71.6006,0,0.26025390625,0,0.255126953125,0,-0.032196044921875,0,-0.092529296875
71.6105,0,0.26025390625,0,0.55615234375,0,-0.032196044921875,0,0.1788330078125
71.6195,0,-0.1839599609375,0,0.55615234375,0,-0.032196044921875,0,0.1788330078125
71.6271,0,-0.1839599609375,0,0.55615234375,0,-0.0765380859375,0,-0.25341796875
71.6395,0,-0.26220703125,0,0.55029296875,0,-0.0765380859375,0,-0.25341796875
71.6522,0,-0.26220703125,0,0.55029296875,0,-0.047637939453125,0,-0.01103973388671875
71.6564,0,-0.26220703125,0,0.4990234375,0,-0.047637939453125,0,-0.01103973388671875
71.6652,0,0.04180908203125,0,0.56201171875,0,-0.049072265625,0,-0.158935546875
71.6769,0,0.0958251953125,0,0.56201171875,0,-0.049072265625,0,-0.158935546875
71.6848,0,0.0958251953125,0,0.56201171875,0,-0.01666259765625,0,-0.21435546875
71.6965,0,-0.1429443359375,0,-0.0428466796875,0,-0.01666259765625,0,-0.21435546875
71.7043,0,-0.1429443359375,0,-0.0428466796875,0,0.04583740234375,0,-0.1973876953125
71.7237,0,-0.1593017578125,0,-0.9912109375,0,-0.07391357421875,0,-0.11407470703125
71.7319,0,-0.1593017578125,0,0.401123046875,0,-0.07391357421875,0,-0.11407470703125
71.7391,0,0.10137939453125,0,0.401123046875,0,-0.07391357421875,0,-0.11407470703125
71.7512,0,0.10137939453125,0,0.401123046875,0,-0.0665283203125,0,0.1480712890625
71.7596,0,0.10137939453125,0,0.26171875,0,-0.0665283203125,0,0.1480712890625
71.7726,0,0.12451171875,0,0.342529296875,0,0.019927978515625,0,0.142578125
71.7810,0,-0.12744140625,0,0.342529296875,0,0.019927978515625,0,0.142578125
71.7925,0,-0.12744140625,0,0.342529296875,0,-0.05450439453125,0,0.26025390625
71.8025,0,-0.12744140625,0,-0.8935546875,0,-0.05450439453125,0,0.26025390625
71.8194,0,0.03643798828125,0,0.250244140625,0,-0.0816650390625,0,-0.05426025390625
71.8301,0,-0.155029296875,0,0.250244140625,0,-0.136474609375,0,0.0570068359375
71.8401,0,-0.155029296875,0,0.1680908203125,0,-0.136474609375,0,0.0570068359375
71.8533,0,0.10955810546875,0,0.1680908203125,0,-0.01143646240234375,0,0.0570068359375
71.8598,0,0.10955810546875,0,0.392822265625,0,-0.01143646240234375,0,-0.055877685546875
71.8707,0,-0.10162353515625,0,0.392822265625,0,0.05078125,0,0.0076751708984375
71.8792,0,-0.10162353515625,0,-1.0068359375,0,0.05078125,0,0.0076751708984375
71.8902,0,-0.268310546875,0,-1.0068359375,0,-0.08612060546875,0,-0.14892578125
71.8989,0,-0.268310546875,0,-0.189453125,0,-0.08612060546875,0,-0.14892578125
71.9120,0,-0.25390625,0,-0.189453125,0,-0.02069091796875,0,-0.14892578125
71.9205,0,-0.25390625,0,-0.7119140625,0,-0.02069091796875,0,0.1112060546875
71.9297,0,-0.050567626953125,0,-0.7119140625,0,-0.0672607421875,0,0.1292724609375
71.9399,0,-0.050567626953125,0,0.342041015625,0,-0.0672607421875,0,0.1292724609375
71.9525,0,-0.04803466796875,0,0.342041015625,0,0.06427001953125,0,0.0196075439453125
71.9604,0,-0.04803466796875,0,0.4501953125,0,0.06427001953125,0,0.0196075439453125
71.9702,0,0.0654296875,0,0.4501953125,0,0.017333984375,0,0.0196075439453125
71.9826,0,0.0654296875,0,-0.93310546875,0,0.017333984375,0,0.031402587890625
71.9923,0,0.126220703125,0,-0.93310546875,0,-0.0712890625,0,0.031402587890625
72.0007,0,0.126220703125,0,-0.10101318359375,0,-0.0712890625,0,-0.0228118896484375
72.0120,0,-0.00627899169921875,0,-0.10101318359375,0,-0.0288543701171875,0,-0.0228118896484375
72.0202,0,-0.00627899169921875,0,0.437255859375,0,-0.0288543701171875,0,-0.04644775390625
72.0325,0,-0.057861328125,0,0.437255859375,0,-0.0288543701171875,0,-0.04644775390625
72.0406,0,-0.057861328125,0,0.45166015625,0,-0.07159423828125,0,-0.2313232421875
72.0519,0,-0.01540374755859375,0,0.45166015625,0,-0.07159423828125,0,-0.2313232421875
72.0604,0,-0.01540374755859375,0,-0.71630859375,0,0.12396240234375,0,0.04400634765625
72.0716,0,0.086669921875,0,-0.71630859375,0,0.12396240234375,0,0.04400634765625
72.0802,0,0.086669921875,0,-0.8173828125,0,-0.1220703125,0,-0.146728515625
72.0920,0,-0.05438232421875,0,-0.8173828125,0,-0.11260986328125,0,-0.146728515625
72.1005,0,-0.05438232421875,0,-0.025970458984375,0,-0.11260986328125,0,0.191650390625
72.1112,0,-0.036407470703125,0,-0.025970458984375,0,-0.11260986328125,0,0.191650390625
72.1204,0,-0.036407470703125,0,0.1561279296875,0,-0.050506591796875,0,-0.1357421875
72.1308,0,-0.2252197265625,0,0.1561279296875,0,-0.050506591796875,0,-0.1357421875
72.1393,0,-0.2252197265625,0,0.33544921875,0,-0.11077880859375,0,-0.258544921875
72.1531,0,0.02166748046875,0,0.33544921875,0,-0.11077880859375,0,-0.258544921875
72.1590,0,0.02166748046875,0,-0.79248046875,0,-0.101318359375,0,0.08837890625
72.1704,0,0.0211944580078125,0,-0.79248046875,0,-0.101318359375,0,0.08837890625
72.1787,0,0.0211944580078125,0,-0.79248046875,0,-0.11083984375,0,0.2008056640625
72.1897,0,0.0211944580078125,0,-0.69189453125,0,-0.11083984375,0,0.2008056640625
72.1984,0,0.051727294921875,0,0.07171630859375,0,0.0579833984375,0,-0.174072265625
72.2092,0,0.01192474365234375,0,0.07171630859375,0,0.0579833984375,0,-0.174072265625
72.2173,0,0.01192474365234375,0,0.351806640625,0,-0.1163330078125,0,-0.2288818359375
72.2334,0,0.02923583984375,0,0.351806640625,0,-0.1163330078125,0,-0.2288818359375
72.2425,0,0.02923583984375,0,-0.0887451171875,0,-0.1025390625,0,0.1824951171875
72.2537,0,-0.19482421875,0,-0.0887451171875,0,-0.1025390625,0,0.1824951171875
72.2614,0,-0.19482421875,0,-0.7294921875,0,0.0526123046875,0,-0.24267578125
72.2739,0,0.1771240234375,0,-0.7294921875,0,0.0526123046875,0,-0.24267578125
72.2834,0,0.1771240234375,0,-0.7294921875,0,-0.04437255859375,0,0.296875
72.2936,0,0.1771240234375,0,0.38525390625,0,-0.04437255859375,0,0.296875
72.2983,0,0.1063232421875,0,0.38525390625,0,-0.0484619140625,0,-0.11065673828125
72.3131,0,0.1063232421875,0,0.395751953125,0,-0.0484619140625,0,-0.11065673828125
72.3227,0,-0.055999755859375,0,0.395751953125,0,-0.07049560546875,0,0.057708740234375
72.3341,0,-0.055999755859375,0,-0.59423828125,0,-0.07049560546875,0,0.057708740234375
72.3423,0,-0.1795654296875,0,-0.59423828125,0,0.07257080078125,0,0.01557159423828125
72.3549,0,-0.08319091796875,0,0.364013671875,0,0.07257080078125,0,0.01557159423828125
72.3618,0,-0.08319091796875,0,0.364013671875,0,-0.06072998046875,0,-0.064453125
72.3729,0,-0.08319091796875,0,-0.73193359375,0,-0.06072998046875,0,-0.064453125
72.3800,0,0.027923583984375,0,-0.73193359375,0,0.0419921875,0,0.129638671875
72.3966,0,0.027923583984375,0,0.440673828125,0,0.0419921875,0,0.129638671875
72.4028,0,-0.10015869140625,0,0.440673828125,0,-0.0897216796875,0,0.164794921875
72.4205,0,0.148681640625,0,0.248291015625,0,-0.086669921875,0,-0.1900634765625
72.4301,0,0.148681640625,0,0.329345703125,0,-0.086669921875,0,-0.1900634765625
72.4347,0,-0.1351318359375,0,0.329345703125,0,0.032470703125,0,0.0546875
72.4499,0,-0.1351318359375,0,0.494384765625,0,0.032470703125,0,0.0546875
72.4583,0,0.041290283203125,0,0.494384765625,0,-0.048919677734375,0,0.2081298828125
72.4694,0,0.041290283203125,0,-0.84814453125,0,-0.048919677734375,0,0.2081298828125
72.4747,0,-0.2030029296875,0,-0.84814453125,0,-0.07037353515625,0,0.185302734375
72.4894,0,-0.2030029296875,0,-0.46044921875,0,-0.07037353515625,0,0.185302734375
72.4930,0,-0.1676025390625,0,-0.46044921875,0,-0.1019287109375,0,0.185302734375
72.5079,0,-0.1676025390625,0,0.51171875,0,-0.1019287109375,0,0.046112060546875
72.5132,0,-0.1343994140625,0,0.51171875,0,-0.08734130859375,0,-0.10601806640625
72.5269,0,-0.1343994140625,0,0.51708984375,0,-0.08734130859375,0,-0.10601806640625
72.5371,0,-0.0963134765625,0,0.51708984375,0,-0.09759521484375,0,-0.040374755859375
72.5493,0,-0.0963134765625,0,0.408935546875,0,-0.09759521484375,0,-0.040374755859375
72.5538,0,0.16015625,0,0.408935546875,0,-0.09759521484375,0,-0.040374755859375
72.5690,0,0.16015625,0,0.56396484375,0,-0.09039306640625,0,-0.1748046875
72.5758,0,0.107666015625,0,0.56396484375,0,-0.09039306640625,0,-0.1748046875
72.5889,0,0.107666015625,0,-0.85693359375,0,-0.06939697265625,0,-0.05462646484375
72.5945,0,-0.21533203125,0,-0.85693359375,0,-0.0226593017578125,0,-0.05462646484375
72.6043,0,-0.21533203125,0,0.1202392578125,0,-0.0226593017578125,0,-0.235595703125
72.6136,0,-0.035675048828125,0,0.1202392578125,0,-0.0226593017578125,0,-0.235595703125
72.6271,0,-0.035675048828125,0,0.294677734375,0,0.03265380859375,0,-0.037139892578125
72.6333,0,-0.1920166015625,0,0.294677734375,0,0.03265380859375,0,-0.037139892578125
72.6442,0,-0.1920166015625,0,0.361572265625,0,-0.06494140625,0,-0.0252227783203125
72.6546,0,-0.0653076171875,0,0.361572265625,0,-0.06494140625,0,-0.0252227783203125
72.6638,0,-0.0653076171875,0,-0.814453125,0,-0.06280517578125,0,0.225341796875
72.6724,0,-0.06964111328125,0,-0.814453125,0,-0.06280517578125,0,0.225341796875
72.6881,0,-0.06964111328125,0,0.05181884765625,0,-0.09698486328125,0,0.2880859375
72.6938,0,-0.01441192626953125,0,0.05181884765625,0,-0.09698486328125,0,0.2880859375
72.7040,0,-0.01441192626953125,0,0.439697265625,0,-0.0240631103515625,0,-0.09661865234375
72.7158,0,0.2225341796875,0,0.439697265625,0,-0.0240631103515625,0,-0.09661865234375
72.7250,0,0.2225341796875,0,0.49658203125,0,-0.0731201171875,0,0.1953125
72.7341,0,0.11962890625,0,0.49658203125,0,-0.0731201171875,0,0.1953125
72.7461,0,0.11962890625,0,-0.46240234375,0,-0.005992889404296875,0,-0.1793212890625
72.7564,0,0.09710693359375,0,-0.46240234375,0,-0.005992889404296875,0,-0.1793212890625
72.7662,0,0.09710693359375,0,-0.46240234375,0,-0.04296875,0,-0.107421875
72.7761,0,0.0233306884765625,0,0.23046875,0,-0.04296875,0,-0.107421875
72.7875,0,0.0233306884765625,0,-0.76171875,0,-0.0377197265625,0,-0.1712646484375
72.7941,0,0.03448486328125,0,-0.76171875,0,-0.0377197265625,0,-0.1712646484375
72.8070,0,0.03448486328125,0,-0.76171875,0,-0.0570068359375,0,0.1951904296875
72.8185,0,-0.061614990234375,0,-0.96337890625,0,-0.0570068359375,0,0.1951904296875
72.8274,0,-0.061614990234375,0,-0.96337890625,0,-0.05731201171875,0,-0.047088623046875
72.8367,0,-0.061614990234375,0,-0.200439453125,0,-0.05731201171875,0,-0.047088623046875
72.8486,0,0.10986328125,0,-0.200439453125,0,-0.034210205078125,0,-0.0286407470703125
72.8559,0,0.10986328125,0,0.2666015625,0,-0.034210205078125,0,-0.0286407470703125
72.8651,0,0.076416015625,0,0.2666015625,0,-0.0509033203125,0,0.02801513671875
72.8757,0,0.076416015625,0,0.416015625,0,-0.0509033203125,0,0.02801513671875
72.8878,0,0.09552001953125,0,0.416015625,0,-0.054656982421875,0,0.1951904296875
72.8937,0,0.0745849609375,0,-0.31591796875,0,-0.054656982421875,0,0.1951904296875
72.9076,0,0.0745849609375,0,-0.31591796875,0,-0.05029296875,0,0.08648681640625
72.9147,0,-0.161865234375,0,-0.173095703125,0,-0.05029296875,0,0.08648681640625
72.9282,0,-0.161865234375,0,-0.173095703125,0,-0.052459716796875,0,0.03900146484375
72.9356,0,-0.051025390625,0,0.31494140625,0,-0.052459716796875,0,0.03900146484375
72.9468,0,-0.051025390625,0,0.31494140625,0,0.053680419921875,0,-0.1072998046875
72.9575,0,-0.1640625,0,-0.085205078125,0,0.053680419921875,0,-0.1072998046875
72.9671,0,-0.1640625,0,-0.085205078125,0,0.045501708984375,0,-0.08795166015625
72.9754,0,0.11541748046875,0,-0.47265625,0,0.045501708984375,0,-0.08795166015625
72.9867,0,0.11541748046875,0,-0.47265625,0,-0.037384033203125,0,0.04583740234375
72.9979,0,0.11541748046875,0,0.5009765625,0,-0.037384033203125,0,0.04583740234375
73.0067,0,-0.243896484375,0,0.5009765625,0,-0.037384033203125,0,-0.072998046875
73.0181,0,-0.243896484375,0,0.48876953125,0,-0.06488037109375,0,-0.072998046875
73.0263,0,0.07958984375,0,0.48876953125,0,-0.0665283203125,0,-0.1561279296875
73.0348,0,-0.173095703125,0,-0.71533203125,0,-0.0665283203125,0,-0.1561279296875
73.0457,0,-0.173095703125,0,-0.71533203125,0,-0.05755615234375,0,-0.1439208984375
73.0547,0,-0.284423828125,0,0.21337890625,0,-0.05755615234375,0,-0.1439208984375
73.0657,0,-0.284423828125,0,0.21337890625,0,-0.0278472900390625,0,0.190185546875
73.0766,0,-0.284423828125,0,-0.060333251953125,0,-0.0278472900390625,0,0.190185546875
73.0865,0,0.1322021484375,0,-0.060333251953125,0,-0.0237884521484375,0,0.1627197265625
73.0965,0,0.1322021484375,0,0.28271484375,0,-0.0237884521484375,0,0.1627197265625
73.1055,0,-0.03643798828125,0,0.28271484375,0,0.026824951171875,0,0.1627197265625
73.1163,0,-0.03643798828125,0,0.0236968994140625,0,0.026824951171875,0,0.09222412109375
73.1256,0,-0.09796142578125,0,0.0236968994140625,0,0.026824951171875,0,0.09222412109375
73.1371,0,-0.09796142578125,0,0.1783447265625,0,-0.056671142578125,0,-0.03955078125
73.1482,0,-0.051300048828125,0,0.1783447265625,0,-0.056671142578125,0,-0.03955078125
73.1578,0,-0.15234375,0,0.5029296875,0,-0.0714111328125,0,-0.053558349609375
73.1648,0,-0.15234375,0,0.5029296875,0,-0.07427978515625,0,-0.053558349609375
73.1773,0,-0.15234375,0,0.44677734375,0,-0.07427978515625,0,0.169677734375
73.1846,0,0.09930419921875,0,0.44677734375,0,-0.03594970703125,0,-0.2447509765625
73.1953,0,0.09930419921875,0,0.43212890625,0,-0.03594970703125,0,-0.2447509765625
73.2040,0,0.08697509765625,0,0.43212890625,0,-0.06390380859375,0,-0.0467529296875
73.2151,0,0.08697509765625,0,0.39404296875,0,-0.06390380859375,0,-0.0467529296875
73.2284,0,0.1373291015625,0,0.39404296875,0,-0.054962158203125,0,0.0396728515625
73.2358,0,0.1373291015625,0,-0.41943359375,0,-0.054962158203125,0,0.0396728515625
73.2441,0,-0.10614013671875,0,-0.41943359375,0,-0.054962158203125,0,0.0396728515625
73.2568,0,-0.10614013671875,0,0.439208984375,0,-0.10736083984375,0,0.15234375
73.2661,0,-0.0286102294921875,0,0.439208984375,0,-0.10736083984375,0,0.15234375
73.2742,0,-0.0286102294921875,0,0.1856689453125,0,-0.049285888671875,0,-0.2037353515625
73.2878,0,-0.0300140380859375,0,0.1856689453125,0,-0.049285888671875,0,-0.2037353515625
73.2936,0,-0.0300140380859375,0,0.25537109375,0,-0.06170654296875,0,-0.0110321044921875
73.3050,0,-0.1807861328125,0,0.25537109375,0,-0.06170654296875,0,-0.0110321044921875
73.3135,0,-0.1807861328125,0,0.5322265625,0,-0.03863525390625,0,-0.07830810546875
73.3284,0,0.12152099609375,0,0.5322265625,0,-0.03863525390625,0,-0.07830810546875
73.3328,0,0.12152099609375,0,-0.59033203125,0,-0.053070068359375,0,0.1707763671875
73.3496,0,0.061248779296875,0,-0.59033203125,0,0.022705078125,0,-0.09722900390625
73.3528,0,0.061248779296875,0,-0.287353515625,0,0.022705078125,0,-0.09722900390625
73.3637,0,0.04290771484375,0,-0.287353515625,0,0.022705078125,0,-0.09722900390625
73.3722,0,0.04290771484375,0,0.1513671875,0,-0.0171966552734375,0,-0.0869140625
73.3889,0,-0.1328125,0,0.1513671875,0,-0.0171966552734375,0,-0.0869140625
73.3937,0,-0.1328125,0,0.267578125,0,-0.065185546875,0,-0.08721923828125
73.4074,0,0.0772705078125,0,0.267578125,0,-0.065185546875,0,-0.08721923828125
73.4174,0,0.0772705078125,0,0.267578125,0,-0.0270538330078125,0,-0.06597900390625
73.4252,0,-0.1793212890625,0,-0.0360107421875,0,-0.0270538330078125,0,-0.06597900390625
73.4341,0,-0.1793212890625,0,-0.0360107421875,0,0.031829833984375,0,-0.223388671875
73.4455,0,-0.056182861328125,0,0.04681396484375,0,0.031829833984375,0,-0.223388671875
73.4548,0,-0.056182861328125,0,0.04681396484375,0,-0.07366943359375,0,-0.1483154296875
73.4670,0,0.098876953125,0,-0.466552734375,0,-0.07366943359375,0,-0.1483154296875
73.4763,0,0.098876953125,0,-0.466552734375,0,-0.0215911865234375,0,0.0194244384765625
73.4874,0,-0.1536865234375,0,0.1280517578125,0,-0.0215911865234375,0,0.0194244384765625
73.4984,0,-0.1536865234375,0,0.1280517578125,0,-0.05499267578125,0,0.059112548828125
73.5069,0,0.06915283203125,0,0.46533203125,0,-0.05499267578125,0,0.059112548828125
73.5187,0,0.06915283203125,0,0.46533203125,0,-0.027984619140625,0,-0.1622314453125
73.5275,0,-0.051239013671875,0,-0.140625,0,-0.027984619140625,0,-0.1622314453125
73.5377,0,-0.051239013671875,0,-0.140625,0,-0.0693359375,0,-0.06890869140625
73.5503,0,-0.1231689453125,0,0.239990234375,0,-0.0693359375,0,-0.06890869140625
73.5589,0,-0.1231689453125,0,0.239990234375,0,-0.07476806640625,0,0.056884765625
73.5691,0,0.07940673828125,0,-0.135009765625,0,-0.07476806640625,0,0.056884765625
73.5775,0,0.07940673828125,0,-0.135009765625,0,-0.0108489990234375,0,0.056884765625
73.5885,0,0.1539306640625,0,0.0908203125,0,-0.0108489990234375,0,-0.0273895263671875
73.5980,0,0.1539306640625,0,0.0908203125,0,-0.00978851318359375,0,-0.26220703125
73.6089,0,0.099609375,0,0.256103515625,0,-0.00978851318359375,0,-0.26220703125
73.6182,0,0.099609375,0,0.256103515625,0,-0.045013427734375,0,0.113037109375
73.6320,0,0.099609375,0,0.273681640625,0,-0.045013427734375,0,0.113037109375
73.6387,0,-0.32470703125,0,0.273681640625,0,0.050872802734375,0,-0.1434326171875
73.6497,0,-0.32470703125,0,0.381591796875,0,0.050872802734375,0,-0.1434326171875
73.6581,0,0.1751708984375,0,0.381591796875,0,-0.08319091796875,0,-0.1434326171875
73.6693,0,0.1751708984375,0,0.54248046875,0,-0.08319091796875,0,-0.1478271484375
73.6776,0,-0.182861328125,0,0.54248046875,0,-0.01026153564453125,0,0.2032470703125
73.6890,0,-0.182861328125,0,-0.89892578125,0,-0.01026153564453125,0,0.2032470703125
73.6977,0,-0.162353515625,0,-0.89892578125,0,-0.01934814453125,0,-0.2039794921875
73.7134,0,0.08917236328125,0,-0.10736083984375,0,-0.01934814453125,0,-0.2039794921875
73.7178,0,0.08917236328125,0,-0.10736083984375,0,-0.06329345703125,0,-0.2039794921875
73.7302,0,0.08917236328125,0,0.425048828125,0,-0.06329345703125,0,0.07122802734375
73.7387,0,-0.04217529296875,0,0.425048828125,0,0.0465087890625,0,0.07122802734375
73.7500,0,-0.04217529296875,0,-0.98876953125,0,0.0465087890625,0,0.17138671875
73.7571,0,-0.1951904296875,0,-0.98876953125,0,0.0465087890625,0,0.17138671875
73.7734,0,-0.1951904296875,0,-0.1168212890625,0,-0.069580078125,0,-0.169677734375
73.7836,0,-0.0362548828125,0,-0.1168212890625,0,-0.041290283203125,0,-0.2122802734375
73.7910,0,-0.0362548828125,0,0.1680908203125,0,-0.041290283203125,0,-0.2122802734375
73.8022,0,0.05706787109375,0,0.1680908203125,0,-0.04205322265625,0,-0.2122802734375
73.8113,0,0.05706787109375,0,-0.84423828125,0,-0.04205322265625,0,-0.2413330078125
73.8205,0,0.06646728515625,0,-0.84423828125,0,-0.05340576171875,0,0.1376953125
73.8316,0,0.06646728515625,0,0.1220703125,0,-0.05340576171875,0,0.1376953125
73.8442,0,0.06854248046875,0,0.1220703125,0,-0.0220947265625,0,0.119873046875
73.8528,0,0.06854248046875,0,0.24462890625,0,-0.0220947265625,0,0.119873046875
73.8655,0,-0.1409912109375,0,0.24462890625,0,-0.0220947265625,0,0.119873046875
73.8721,0,-0.1409912109375,0,-0.1627197265625,0,0.07708740234375,0,-0.0592041015625
73.8833,0,-0.09136962890625,0,-0.1627197265625,0,0.0360107421875,0,-0.0592041015625
73.8926,0,-0.09136962890625,0,0.0921630859375,0,0.0360107421875,0,0.1282958984375
73.9034,0,0.1387939453125,0,0.0921630859375,0,-0.039459228515625,0,0.1578369140625
73.9120,0,0.1387939453125,0,-0.52197265625,0,-0.039459228515625,0,0.1578369140625
73.9247,0,0.072998046875,0,-0.52197265625,0,-0.039459228515625,0,0.1578369140625
73.9367,0,0.072998046875,0,-0.0843505859375,0,0.0484619140625,0,0.00962066650390625
73.9558,0,0.10638427734375,0,-0.0843505859375,0,-0.109130859375,0,0.075927734375
73.9603,0,-0.182861328125,0,-0.54296875,0,-0.109130859375,0,0.075927734375
73.9725,0,-0.182861328125,0,-0.54296875,0,-0.07562255859375,0,-0.18115234375
73.9809,0,-0.07867431640625,0,0.50927734375,0,-0.07562255859375,0,-0.18115234375
73.9930,0,-0.07867431640625,0,0.50927734375,0,-0.0291290283203125,0,0.09490966796875
74.0010,0,-0.16796875,0,-0.20654296875,0,-0.0291290283203125,0,0.09490966796875
74.0169,0,-0.16796875,0,-0.20654296875,0,-0.044158935546875,0,0.20556640625
74.0374,0,0.0419921875,0,-0.89111328125,0,-0.04266357421875,0,0.0382080078125
74.0419,0,0.0643310546875,0,0.23486328125,0,-0.04266357421875,0,0.0382080078125
74.0607,0,-0.11822509765625,0,0.291015625,0,0.09002685546875,0,0.1610107421875
74.0794,0,0.085205078125,0,-0.293212890625,0,-0.0390625,0,-0.0240478515625
74.0934,0,0.085205078125,0,-0.293212890625,0,-0.0428466796875,0,-0.178955078125
74.0985,0,-0.08538818359375,0,-1.076171875,0,-0.0428466796875,0,-0.178955078125
74.1124,0,-0.08538818359375,0,-1.076171875,0,-0.058319091796875,0,0.1719970703125
74.1188,0,-0.136474609375,0,0.1898193359375,0,-0.058319091796875,0,0.1719970703125
74.1304,0,-0.136474609375,0,0.1898193359375,0,-0.050384521484375,0,-0.055694580078125
74.1406,0,0.10797119140625,0,-0.74267578125,0,-0.050384521484375,0,-0.055694580078125
74.1502,0,0.10797119140625,0,-0.74267578125,0,-0.0357666015625,0,0.15771484375
74.1585,0,-0.09747314453125,0,0.1136474609375,0,-0.0357666015625,0,0.15771484375
74.1708,0,-0.09747314453125,0,0.1136474609375,0,-0.0218353271484375,0,-0.1220703125
74.1790,0,0.1180419921875,0,0.477783203125,0,-0.0218353271484375,0,-0.1220703125
74.1903,0,0.1180419921875,0,0.477783203125,0,-0.042510986328125,0,-0.137939453125
74.1988,0,0.161865234375,0,0.4931640625,0,-0.042510986328125,0,-0.137939453125
74.2100,0,0.161865234375,0,0.4931640625,0,-0.0618896484375,0,-0.1544189453125
74.2208,0,0.161865234375,0,0.3759765625,0,-0.0618896484375,0,-0.1544189453125
74.2305,0,0.10430908203125,0,0.3759765625,0,-0.032745361328125,0,-0.10894775390625
74.2395,0,0.07830810546875,0,-0.047027587890625,0,-0.032745361328125,0,-0.10894775390625
74.2510,0,0.07830810546875,0,-0.047027587890625,0,-0.066650390625,0,0.0309600830078125
74.2611,0,0.07830810546875,0,0.42724609375,0,-0.066650390625,0,0.0309600830078125
74.2712,0,-0.255126953125,0,0.42724609375,0,-0.066650390625,0,0.232666015625
74.2828,0,-0.255126953125,0,0.440673828125,0,-0.0355224609375,0,0.232666015625
74.2923,0,-0.041259765625,0,0.440673828125,0,-0.0355224609375,0,0.0966796875
74.3013,0,-0.041259765625,0,0.424560546875,0,0.05377197265625,0,0.0966796875
74.3126,0,-0.1085205078125,0,0.424560546875,0,-0.07501220703125,0,-0.255126953125
74.3215,0,-0.1085205078125,0,-0.7529296875,0,-0.07501220703125,0,-0.255126953125
74.3432,0,0.1361083984375,0,0.441162109375,0,-0.07171630859375,0,-0.060943603515625
74.3555,0,0.1361083984375,0,0.441162109375,0,-0.034393310546875,0,0.1986083984375
74.3617,0,0.1361083984375,0,0.26904296875,0,-0.034393310546875,0,0.1986083984375
74.3719,0,-0.10333251953125,0,0.26904296875,0,-0.040496826171875,0,0.1986083984375
74.3803,0,-0.10333251953125,0,0.34130859375,0,-0.040496826171875,0,-0.1356201171875
74.3933,0,0.10906982421875,0,0.34130859375,0,-0.0152435302734375,0,-0.25146484375
74.4039,0,0.10906982421875,0,-0.53564453125,0,-0.0152435302734375,0,-0.25146484375
74.4137,0,-0.2039794921875,0,-0.53564453125,0,-0.0152435302734375,0,-0.25146484375
74.4354,0,0.047393798828125,0,-0.463134765625,0,-0.052032470703125,0,0.1279296875
74.4420,0,0.047393798828125,0,-0.146484375,0,-0.0867919921875,0,-0.123046875
74.4619,0,-0.15478515625,0,0.1485595703125,0,-0.07958984375,0,-0.177001953125
74.4740,0,0.0161895751953125,0,0.1485595703125,0,-0.07958984375,0,-0.177001953125
74.4819,0,0.0161895751953125,0,0.1893310546875,0,-0.050018310546875,0,0.09588623046875
74.4960,0,0.0447998046875,0,0.1893310546875,0,-0.050018310546875,0,0.09588623046875
74.5020,0,0.0447998046875,0,0.464599609375,0,-0.0718994140625,0,-0.150146484375
74.5175,0,0.0245513916015625,0,0.464599609375,0,-0.0718994140625,0,-0.150146484375
74.5217,0,0.0245513916015625,0,-0.58447265625,0,-0.09393310546875,0,-0.1395263671875
74.5327,0,-0.12030029296875,0,-0.58447265625,0,-0.09393310546875,0,0.09747314453125
74.5443,0,-0.12030029296875,0,-0.7265625,0,-0.04833984375,0,0.09747314453125
74.5547,0,-0.2403564453125,0,-0.7265625,0,-0.04833984375,0,0.09747314453125
74.5620,0,-0.2403564453125,0,-0.82421875,0,-0.06353759765625,0,0.095703125
74.5843,0,0.16015625,0,-0.07525634765625,0,-0.11834716796875,0,0.2069091796875
74.5940,0,-0.12353515625,0,-0.07525634765625,0,-0.11834716796875,0,0.2069091796875
74.6037,0,-0.12353515625,0,-0.41455078125,0,-0.03009033203125,0,0.11907958984375
74.6148,0,0.1055908203125,0,-0.41455078125,0,-0.03009033203125,0,0.11907958984375
74.6216,0,0.1055908203125,0,-0.41455078125,0,-0.01447296142578125,0,-0.121337890625
74.6314,0,-0.09112548828125,0,0.263671875,0,-0.01447296142578125,0,-0.121337890625
74.6430,0,-0.09112548828125,0,0.263671875,0,-0.028656005859375,0,-0.2098388671875
74.6522,0,0.1829833984375,0,0.15673828125,0,-0.028656005859375,0,-0.2098388671875
74.6651,0,0.1829833984375,0,0.15673828125,0,0.09307861328125,0,-0.17626953125
74.6729,0,0.051513671875,0,-0.06689453125,0,0.09307861328125,0,-0.17626953125
74.6842,0,0.051513671875,0,-0.06689453125,0,-0.0794677734375,0,0.2298583984375
74.6912,0,-0.07562255859375,0,-0.60986328125,0,-0.0794677734375,0,0.2298583984375
74.7039,0,-0.07562255859375,0,-0.336669921875,0,-0.0244293212890625,0,0.2122802734375
74.7108,0,-0.1915283203125,0,-0.336669921875,0,-0.0244293212890625,0,0.2122802734375
74.7203,0,-0.1915283203125,0,-0.336669921875,0,-0.05706787109375,0,-0.1070556640625
74.7312,0,0.0679931640625,0,0.2841796875,0,-0.05706787109375,0,-0.1070556640625
74.7408,0,0.0679931640625,0,0.2841796875,0,-0.0217437744140625,0,0.1971435546875
74.7547,0,0.1300048828125,0,0.05865478515625,0,-0.0217437744140625,0,0.1971435546875
74.7603,0,0.1300048828125,0,0.05865478515625,0,-0.0265960693359375,0,0.18505859375
74.7721,0,0.1300048828125,0,0.4306640625,0,-0.0265960693359375,0,0.18505859375
74.7814,0,-0.16015625,0,0.4306640625,0,-0.0265960693359375,0,0.18505859375
74.7933,0,0.06951904296875,0,0.453857421875,0,-0.07598876953125,0,0.2139892578125
74.8040,0,0.06951904296875,0,0.453857421875,0,-0.03216552734375,0,-0.148193359375
74.8123,0,0.09259033203125,0,0.033905029296875,0,-0.03216552734375,0,-0.148193359375
74.8221,0,0.09259033203125,0,0.033905029296875,0,0.028717041015625,0,0.144287109375
74.8329,0,0.08685302734375,0,-0.1883544921875,0,0.028717041015625,0,0.144287109375
74.8415,0,0.08685302734375,0,-0.1883544921875,0,0.028717041015625,0,0.1033935546875
74.8584,0,-0.19189453125,0,0.05206298828125,0,-0.0426025390625,0,0.213134765625
74.8710,0,-0.19189453125,0,-0.60595703125,0,-0.0704345703125,0,0.213134765625
74.8777,0,0.00640869140625,0,-0.60595703125,0,-0.033233642578125,0,0.046356201171875
74.8912,0,0.00640869140625,0,0.229736328125,0,-0.033233642578125,0,0.046356201171875
74.8987,0,-0.2176513671875,0,0.229736328125,0,-0.033233642578125,0,0.100830078125
74.9133,0,-0.12274169921875,0,-0.480224609375,0,0.0704345703125,0,0.100830078125
74.9181,0,-0.12274169921875,0,-0.480224609375,0,0.0704345703125,0,0.1800537109375
74.9290,0,-0.12274169921875,0,0.3427734375,0,-0.01055145263671875,0,0.1800537109375
74.9394,0,0.05743408203125,0,0.3427734375,0,-0.01055145263671875,0,0.204833984375
74.9490,0,0.05743408203125,0,-0.75439453125,0,-0.053192138671875,0,0.204833984375
74.9573,0,-0.054931640625,0,-0.75439453125,0,-0.053192138671875,0,0.139404296875
74.9684,0,-0.054931640625,0,0.440673828125,0,-0.0223541259765625,0,0.139404296875
74.9796,0,0.12646484375,0,0.440673828125,0,-0.0223541259765625,0,-0.07745361328125
74.9887,0,0.12646484375,0,-0.1707763671875,0,-0.06854248046875,0,-0.07745361328125
75.0003,0,-0.2384033203125,0,-0.1707763671875,0,-0.06854248046875,0,-0.07745361328125
75.0083,0,-0.2384033203125,0,0.03155517578125,0,-0.0733642578125,0,0.040374755859375
75.0179,0,0.05718994140625,0,0.03155517578125,0,-0.0733642578125,0,0.040374755859375
75.0275,0,0.05718994140625,0,0.4208984375,0,-0.0379638671875,0,-0.01120758056640625
75.0399,0,0.1417236328125,0,0.4208984375,0,-0.0379638671875,0,-0.06915283203125
75.0464,0,0.1417236328125,0,-0.66552734375,0,-0.06243896484375,0,-0.06915283203125
75.0596,0,-0.1224365234375,0,-0.66552734375,0,-0.06243896484375,0,-0.06915283203125
75.0671,0,-0.1224365234375,0,-0.66552734375,0,-0.1138916015625,0,0.21923828125
75.0757,0,0.0667724609375,0,0.364990234375,0,-0.1138916015625,0,0.21923828125
75.0898,0,0.0667724609375,0,0.364990234375,0,-0.06695556640625,0,0.1435546875
75.0996,0,-0.0360107421875,0,0.44677734375,0,-0.06695556640625,0,0.1435546875
75.1107,0,-0.0360107421875,0,0.44677734375,0,-0.03912353515625,0,-0.126220703125
75.1207,0,-0.10601806640625,0,-0.05572509765625,0,-0.03912353515625,0,-0.126220703125
75.1290,0,-0.10601806640625,0,-0.332275390625,0,-0.051239013671875,0,0.09368896484375
75.1381,0,0.08642578125,0,-0.332275390625,0,-0.051239013671875,0,0.09368896484375
75.1473,0,0.08642578125,0,-0.332275390625,0,-0.06988525390625,0,-0.07440185546875
75.1569,0,-0.2265625,0,-0.658203125,0,-0.06988525390625,0,-0.07440185546875
75.1712,0,-0.2265625,0,-0.658203125,0,-0.0253753662109375,0,0.13623046875
75.1766,0,0.09295654296875,0,0.47802734375,0,-0.0253753662109375,0,0.13623046875
75.1933,0,0.09295654296875,0,0.47802734375,0,-0.048004150390625,0,-0.047088623046875
75.1966,0,-0.2568359375,0,0.3505859375,0,-0.048004150390625,0,-0.047088623046875
75.2075,0,-0.2568359375,0,0.3505859375,0,-0.0880126953125,0,-0.07550048828125
75.2161,0,-0.18701171875,0,0.1646728515625,0,-0.0880126953125,0,-0.07550048828125
75.2308,0,-0.18701171875,0,0.1646728515625,0,-0.03570556640625,0,-0.12432861328125
75.2389,0,-0.1036376953125,0,0.09625244140625,0,-0.03570556640625,0,-0.12432861328125
75.2515,0,-0.1036376953125,0,0.09625244140625,0,-0.0240631103515625,0,-0.2174072265625
75.2563,0,-0.23486328125,0,0.484375,0,-0.0240631103515625,0,-0.2174072265625
75.2672,0,-0.23486328125,0,0.484375,0,-0.0716552734375,0,-0.14501953125
75.2765,0,-0.1500244140625,0,0.30908203125,0,-0.0716552734375,0,-0.14501953125
75.2868,0,-0.1500244140625,0,0.30908203125,0,-0.033599853515625,0,0.1474609375
75.2954,0,0.1109619140625,0,0.316650390625,0,-0.033599853515625,0,0.1474609375
75.3088,0,0.1109619140625,0,0.316650390625,0,-0.0321044921875,0,-0.09869384765625
75.3188,0,-0.1715087890625,0,0.251708984375,0,-0.0321044921875,0,-0.09869384765625
75.3274,0,-0.1715087890625,0,0.251708984375,0,-0.09783935546875,0,0.2012939453125
75.3407,0,0.096923828125,0,0.16650390625,0,-0.09783935546875,0,0.2012939453125
75.3473,0,0.096923828125,0,0.16650390625,0,-0.09783935546875,0,-0.08514404296875
75.3586,0,0.096923828125,0,0.34228515625,0,-0.037628173828125,0,-0.08514404296875
75.3671,0,-0.258544921875,0,0.34228515625,0,0.041107177734375,0,-0.036346435546875
75.3755,0,-0.258544921875,0,0.4287109375,0,0.041107177734375,0,-0.036346435546875
75.3911,0,-0.01413726806640625,0,0.4287109375,0,0.041107177734375,0,-0.1236572265625
75.3991,0,-0.162109375,0,0.028778076171875,0,0.07049560546875,0,-0.1236572265625
75.4085,0,-0.162109375,0,0.028778076171875,0,0.07049560546875,0,-0.175048828125
75.4170,0,-0.129150390625,0,-0.1170654296875,0,-0.06329345703125,0,-0.175048828125
75.4294,0,-0.129150390625,0,-0.1170654296875,0,-0.06329345703125,0,0.2459716796875
75.4365,0,-0.129150390625,0,0.37841796875,0,-0.03570556640625,0,0.2459716796875
75.4536,0,0.0550537109375,0,0.37841796875,0,-0.03570556640625,0,0.2459716796875
75.4623,0,0.0550537109375,0,-0.06768798828125,0,-0.08892822265625,0,0.159423828125
75.4758,0,0.1361083984375,0,-0.06768798828125,0,-0.08892822265625,0,-0.20849609375
75.4782,0,0.1361083984375,0,0.289306640625,0,0.0880126953125,0,-0.20849609375
75.4956,0,0.0699462890625,0,0.289306640625,0,0.0880126953125,0,-0.1419677734375
75.5005,0,0.0699462890625,0,0.42724609375,0,-0.06243896484375,0,-0.1419677734375
75.5099,0,0.01367950439453125,0,0.42724609375,0,-0.06243896484375,0,0.228515625
75.5195,0,0.01367950439453125,0,0.42724609375,0,-0.06683349609375,0,0.228515625
75.5307,0,0.1510009765625,0,0.30615234375,0,-0.06683349609375,0,-0.02923583984375
75.5427,0,0.1510009765625,0,0.2457275390625,0,0.0258941650390625,0,-0.02923583984375
75.5511,0,-0.03912353515625,0,0.2457275390625,0,0.0258941650390625,0,0.047088623046875
75.5587,0,-0.03912353515625,0,0.376953125,0,-0.09954833984375,0,0.047088623046875
75.5675,0,-0.08819580078125,0,0.376953125,0,-0.09954833984375,0,0.047088623046875
75.5787,0,-0.08819580078125,0,0.376953125,0,-0.0743408203125,0,0.12890625
75.5886,0,-0.1702880859375,0,-0.50830078125,0,-0.0743408203125,0,0.12890625
75.5995,0,-0.1702880859375,0,0.1151123046875,0,-0.08740234375,0,-0.08477783203125
75.6080,0,-0.2264404296875,0,0.1151123046875,0,-0.08740234375,0,-0.08477783203125
75.6194,0,-0.2264404296875,0,-0.10015869140625,0,0.025390625,0,-0.23779296875
75.6327,0,-0.0183258056640625,0,-0.10015869140625,0,0.025390625,0,0.2030029296875
75.6382,0,-0.0183258056640625,0,-0.10015869140625,0,-0.033660888671875,0,0.2030029296875
75.6475,0,-0.11187744140625,0,0.213623046875,0,-0.033660888671875,0,0.2030029296875
75.6600,0,-0.11187744140625,0,0.213623046875,0,-0.0775146484375,0,-0.0787353515625
75.6678,0,0.04217529296875,0,-0.033966064453125,0,-0.0775146484375,0,-0.0787353515625
75.6797,0,0.04217529296875,0,-0.033966064453125,0,-0.06048583984375,0,0.1829833984375
75.6893,0,-0.030792236328125,0,0.287109375,0,-0.06048583984375,0,0.1829833984375
75.6977,0,-0.030792236328125,0,0.287109375,0,0.0904541015625,0,0.10296630859375
75.7083,0,-0.1529541015625,0,0.471435546875,0,0.0904541015625,0,0.10296630859375
75.7176,0,-0.1529541015625,0,0.471435546875,0,-0.028228759765625,0,0.1875
75.7277,0,-0.10052490234375,0,0.1573486328125,0,-0.028228759765625,0,0.1875
75.7387,0,-0.10052490234375,0,0.1573486328125,0,-0.0225830078125,0,0.14599609375
75.7473,0,0.1343994140625,0,-0.8779296875,0,-0.0225830078125,0,0.14599609375
75.7571,0,0.1343994140625,0,-0.8779296875,0,0.1259765625,0,0.012664794921875
75.7668,0,0.0186614990234375,0,-0.7392578125,0,0.1259765625,0,0.012664794921875
75.7766,0,0.0186614990234375,0,-0.7392578125,0,-0.0604248046875,0,-0.138916015625
75.7884,0,0.0186614990234375,0,0.261962890625,0,-0.0604248046875,0,-0.138916015625
75.7975,0,-0.1612548828125,0,0.261962890625,0,-0.0604248046875,0,0.10333251953125
75.8091,0,-0.1612548828125,0,0.304931640625,0,-0.050201416015625,0,0.10333251953125
75.8191,0,0.1082763671875,0,0.304931640625,0,-0.050201416015625,0,-0.25634765625
75.8301,0,0.1082763671875,0,0.131103515625,0,-0.0721435546875,0,-0.25634765625
75.8388,0,0.0975341796875,0,0.131103515625,0,-0.11004638671875,0,-0.11114501953125
75.8525,0,0.0975341796875,0,0.00620269775390625,0,-0.11004638671875,0,-0.11114501953125
75.8583,0,0.03924560546875,0,0.00620269775390625,0,-0.11004638671875,0,-0.0124664306640625
75.8720,0,0.03924560546875,0,0.49755859375,0,0.037200927734375,0,-0.0124664306640625
75.8779,0,-0.07049560546875,0,0.49755859375,0,0.037200927734375,0,0.1138916015625
75.8895,0,-0.07049560546875,0,-0.03515625,0,-0.04217529296875,0,0.1138916015625
75.8976,0,-0.206787109375,0,-0.03515625,0,-0.04217529296875,0,0.1331787109375
75.9100,0,-0.206787109375,0,-1.1396484375,0,0.044189453125,0,0.1331787109375
75.9184,0,0.1024169921875,0,-1.1396484375,0,0.044189453125,0,-0.06121826171875
75.9284,0,0.1024169921875,0,-0.91943359375,0,-0.0533447265625,0,-0.06121826171875
75.9372,0,0.097900390625,0,-0.91943359375,0,-0.0533447265625,0,0.0263214111328125
75.9478,0,0.097900390625,0,-0.93310546875,0,-0.1024169921875,0,0.0263214111328125
75.9573,0,0.10650634765625,0,-0.93310546875,0,-0.1024169921875,0,0.035797119140625
75.9674,0,0.10650634765625,0,-0.9130859375,0,-0.0312347412109375,0,0.035797119140625
75.9769,0,0.0931396484375,0,-0.9130859375,0,-0.0312347412109375,0,-0.058837890625
75.9883,0,0.0931396484375,0,-0.236572265625,0,-0.033355712890625,0,-0.058837890625
75.9965,0,0.07513427734375,0,-0.236572265625,0,-0.033355712890625,0,-0.10113525390625
76.0078,0,0.07513427734375,0,0.05438232421875,0,-0.053924560546875,0,-0.10113525390625
76.0160,0,0.1937255859375,0,0.05438232421875,0,-0.053924560546875,0,-0.1998291015625
76.0272,0,0.1937255859375,0,-0.265625,0,-0.026580810546875,0,-0.1998291015625
76.0357,0,0.07513427734375,0,-0.265625,0,-0.026580810546875,0,-0.1998291015625
76.0467,0,0.07513427734375,0,0.1575927734375,0,0.043487548828125,0,-0.08160400390625
76.0563,0,0.1217041015625,0,0.1575927734375,0,0.043487548828125,0,-0.08160400390625
76.0663,0,0.1217041015625,0,0.28466796875,0,0.07269287109375,0,0.1365966796875
76.0757,0,-0.12127685546875,0,0.28466796875,0,0.07269287109375,0,0.1365966796875
76.0887,0,-0.12127685546875,0,-0.064208984375,0,-0.0643310546875,0,0.043914794921875
76.0960,0,0.1080322265625,0,-0.064208984375,0,-0.0643310546875,0,0.043914794921875
76.1086,0,0.1080322265625,0,-0.064208984375,0,0.06707763671875,0,0.126708984375
76.1157,0,0.0506591796875,0,-0.1683349609375,0,0.06707763671875,0,0.126708984375
76.1268,0,0.0506591796875,0,-0.1683349609375,0,-0.0323486328125,0,-0.23583984375
76.1353,0,-0.04962158203125,0,0.101318359375,0,-0.0323486328125,0,-0.23583984375
76.1463,0,-0.04962158203125,0,0.101318359375,0,-0.036651611328125,0,0.232177734375
76.1552,0,-0.158203125,0,0.1995849609375,0,-0.036651611328125,0,0.232177734375
76.1660,0,-0.158203125,0,0.1995849609375,0,-0.123046875,0,-0.1768798828125
76.1756,0,0.15625,0,-0.2259521484375,0,-0.123046875,0,-0.1768798828125
76.1888,0,0.15625,0,-0.2259521484375,0,-0.042724609375,0,-0.186767578125
76.1945,0,0.184814453125,0,0.36328125,0,-0.042724609375,0,-0.186767578125
76.2068,0,0.184814453125,0,0.36328125,0,0.05999755859375,0,-0.1134033203125
76.2149,0,0.07177734375,0,0.285400390625,0,0.05999755859375,0,-0.1134033203125
76.2260,0,0.07177734375,0,0.285400390625,0,-0.051361083984375,0,-0.144287109375
76.2349,0,0.135009765625,0,-0.3427734375,0,-0.051361083984375,0,-0.144287109375
76.2466,0,0.135009765625,0,-0.3427734375,0,-0.041748046875,0,-0.24267578125
76.2567,0,-0.11859130859375,0,-0.294921875,0,-0.041748046875,0,-0.24267578125
76.2662,0,-0.11859130859375,0,-0.294921875,0,0.066650390625,0,0.14013671875
76.2759,0,-0.11859130859375,0,-0.6884765625,0,0.066650390625,0,0.14013671875
76.2858,0,-0.048309326171875,0,-0.6884765625,0,0.09661865234375,0,-0.051239013671875
76.2952,0,-0.048309326171875,0,-0.9306640625,0,0.09661865234375,0,-0.051239013671875
76.3054,0,-0.250244140625,0,-0.9306640625,0,0.01441192626953125,0,-0.034515380859375
76.3194,0,-0.250244140625,0,0.485107421875,0,0.01441192626953125,0,-0.034515380859375
76.3278,0,0.1732177734375,0,0.485107421875,0,0.01441192626953125,0,-0.15087890625
76.3348,0,0.1732177734375,0,-0.3330078125,0,-0.04217529296875,0,-0.15087890625
76.3465,0,-0.1639404296875,0,-0.3330078125,0,-0.04217529296875,0,0.10589599609375
76.3589,0,-0.1639404296875,0,-0.125,0,-0.0467529296875,0,0.10589599609375
76.3660,0,0.1328125,0,-0.125,0,-0.0467529296875,0,-0.1715087890625
76.3753,0,0.1328125,0,0.333251953125,0,-0.08111572265625,0,-0.1715087890625
76.3907,0,-0.1365966796875,0,0.333251953125,0,-0.08111572265625,0,-0.2127685546875
76.3979,0,-0.1365966796875,0,-0.49951171875,0,-0.0753173828125,0,-0.2127685546875
76.4087,0,-0.0877685546875,0,-0.49951171875,0,-0.0753173828125,0,0.04486083984375
76.4180,0,-0.0877685546875,0,0.1387939453125,0,0.03912353515625,0,0.04486083984375
76.4303,0,0.0631103515625,0,0.1387939453125,0,0.03912353515625,0,0.04486083984375
76.4398,0,0.0631103515625,0,-0.0657958984375,0,-0.10845947265625,0,-0.09368896484375
76.4499,0,0.11138916015625,0,-0.0657958984375,0,-0.10845947265625,0,0.1326904296875
76.4571,0,0.11138916015625,0,0.0179595947265625,0,-0.038177490234375,0,0.1326904296875
76.4697,0,0.128173828125,0,0.0179595947265625,0,-0.038177490234375,0,0.1326904296875
76.4756,0,0.128173828125,0,-0.185546875,0,0.07525634765625,0,0.2098388671875
76.4870,0,0.127685546875,0,-0.185546875,0,0.07525634765625,0,0.2098388671875
76.4951,0,0.127685546875,0,-1.18359375,0,-0.05633544921875,0,0.12646484375
76.5067,0,-0.184814453125,0,-1.18359375,0,-0.05633544921875,0,0.12646484375
76.5147,0,-0.184814453125,0,-0.39013671875,0,-0.083251953125,0,0.1861572265625
76.5261,0,0.0211944580078125,0,-0.39013671875,0,-0.083251953125,0,0.1861572265625
76.5355,0,0.0211944580078125,0,-0.024627685546875,0,-0.056793212890625,0,-0.094970703125
76.5456,0,-0.25927734375,0,-0.024627685546875,0,-0.056793212890625,0,-0.094970703125
76.5543,0,-0.25927734375,0,-0.024627685546875,0,-0.0723876953125,0,-0.1578369140625
76.5653,0,-0.0794677734375,0,-0.48388671875,0,-0.0723876953125,0,-0.1578369140625
76.5751,0,-0.0794677734375,0,-0.48388671875,0,-0.06793212890625,0,0.2318115234375
76.5871,0,0.06341552734375,0,0.17041015625,0,-0.06793212890625,0,0.2318115234375
76.5957,0,0.06341552734375,0,0.17041015625,0,-0.0107269287109375,0,0.233154296875
76.6072,0,-0.0125732421875,0,-1.048828125,0,-0.0107269287109375,0,0.233154296875
76.6164,0,-0.0125732421875,0,-0.297607421875,0,-0.10205078125,0,0.2027587890625
76.6264,0,0.0845947265625,0,-0.297607421875,0,-0.10205078125,0,0.2027587890625
76.6348,0,0.0845947265625,0,-0.297607421875,0,0.10882568359375,0,0.09344482421875
76.6457,0,-0.1702880859375,0,0.140380859375,0,0.10882568359375,0,0.09344482421875
76.6547,0,-0.1702880859375,0,0.140380859375,0,-0.08453369140625,0,-0.1492919921875
76.6665,0,0.0753173828125,0,0.1600341796875,0,-0.08453369140625,0,-0.1492919921875
76.6783,0,0.0753173828125,0,0.1600341796875,0,-0.13427734375,0,-0.0272064208984375
76.6861,0,0.104248046875,0,-0.27880859375,0,-0.13427734375,0,-0.0272064208984375
76.6956,0,0.104248046875,0,-0.27880859375,0,-0.13427734375,0,0.083740234375
76.7076,0,0.1134033203125,0,-0.53173828125,0,-0.03997802734375,0,0.083740234375
76.7159,0,0.1134033203125,0,-0.53173828125,0,-0.03997802734375,0,-0.05450439453125
76.7289,0,-0.1492919921875,0,-0.257568359375,0,-0.033477783203125,0,-0.05450439453125
76.7362,0,-0.1492919921875,0,-0.257568359375,0,-0.051025390625,0,0.2425537109375
76.7470,0,0.04412841796875,0,-0.09326171875,0,-0.051025390625,0,0.2425537109375
76.7571,0,0.04412841796875,0,-0.09326171875,0,-0.051025390625,0,-0.051361083984375
76.7690,0,0.04412841796875,0,0.20654296875,0,-0.034088134765625,0,-0.051361083984375
76.7766,0,-0.2183837890625,0,0.20654296875,0,-0.034088134765625,0,-0.054046630859375
76.7875,0,-0.2183837890625,0,0.5732421875,0,-0.10162353515625,0,-0.054046630859375
76.7982,0,0.08587646484375,0,0.5732421875,0,-0.042449951171875,0,0.2064208984375
76.8086,0,0.1910400390625,0,-0.1842041015625,0,-0.042449951171875,0,0.2064208984375
76.8178,0,0.1910400390625,0,-0.1842041015625,0,-0.042449951171875,0,-0.1708984375
76.8300,0,-0.09722900390625,0,-0.0298309326171875,0,-0.072021484375,0,-0.1708984375
76.8387,0,-0.09722900390625,0,-0.0298309326171875,0,-0.072021484375,0,0.1414794921875
76.8496,0,-0.09722900390625,0,0.0421142578125,0,-0.0751953125,0,0.1414794921875
76.8598,0,-0.2042236328125,0,0.0421142578125,0,-0.0751953125,0,0.1827392578125
76.8701,0,-0.2042236328125,0,0.492919921875,0,-0.0360107421875,0,0.1827392578125
76.8807,0,-0.0775146484375,0,0.492919921875,0,-0.0360107421875,0,-0.09619140625
76.8947,0,-0.0775146484375,0,-0.99560546875,0,-0.033935546875,0,-0.09619140625
76.8991,0,0.0501708984375,0,-0.99560546875,0,-0.033935546875,0,0.11627197265625
76.9108,0,0.0501708984375,0,-0.311767578125,0,0.03509521484375,0,0.11627197265625
76.9188,0,-0.1641845703125,0,-0.311767578125,0,0.03509521484375,0,0.14697265625
76.9297,0,-0.1641845703125,0,-0.08416748046875,0,-0.038787841796875,0,0.14697265625
76.9385,0,-0.03857421875,0,-0.08416748046875,0,-0.038787841796875,0,0.114013671875
76.9495,0,-0.03857421875,0,0.43408203125,0,-0.036651611328125,0,0.114013671875
76.9581,0,-0.183349609375,0,0.43408203125,0,-0.036651611328125,0,0.08843994140625
76.9689,0,-0.183349609375,0,0.171630859375,0,-0.034423828125,0,0.08843994140625
76.9817,0,0.1676025390625,0,0.171630859375,0,-0.034423828125,0,0.1383056640625
76.9886,0,0.1676025390625,0,0.11102294921875,0,-0.0465087890625,0,0.1383056640625
76.9996,0,-0.03375244140625,0,0.11102294921875,0,-0.0465087890625,0,0.1383056640625
77.0089,0,-0.03375244140625,0,0.11102294921875,0,0.0845947265625,0,-0.277587890625
77.0171,0,0.025848388671875,0,-0.61083984375,0,0.0845947265625,0,-0.277587890625
77.0294,0,0.025848388671875,0,-0.0122222900390625,0,-0.055023193359375,0,-0.212890625
77.0367,0,0.0914306640625,0,-0.0122222900390625,0,-0.055023193359375,0,-0.212890625
77.0479,0,0.0914306640625,0,0.41796875,0,0.07147216796875,0,-0.09881591796875
77.0563,0,0.06060791015625,0,0.41796875,0,0.07147216796875,0,-0.09881591796875
77.0677,0,0.06060791015625,0,-0.501953125,0,-0.06646728515625,0,-0.061981201171875
77.0761,0,0.0229339599609375,0,-0.501953125,0,-0.06646728515625,0,-0.061981201171875
77.0880,0,0.0229339599609375,0,0.30615234375,0,-0.039886474609375,0,0.2081298828125
77.0970,0,-0.15185546875,0,0.30615234375,0,-0.039886474609375,0,0.2081298828125
77.1077,0,-0.15185546875,0,0.314453125,0,-0.04193115234375,0,0.192626953125
77.1187,0,0.1387939453125,0,0.314453125,0,-0.04193115234375,0,0.192626953125
77.1289,0,0.1387939453125,0,0.349853515625,0,0.035552978515625,0,-0.0777587890625
77.1361,0,-0.1419677734375,0,0.349853515625,0,0.035552978515625,0,-0.0777587890625
77.1474,0,-0.1419677734375,0,0.349853515625,0,-0.08013916015625,0,0.08245849609375
77.1557,0,-0.147705078125,0,-0.80517578125,0,-0.08013916015625,0,0.08245849609375
77.1669,0,-0.147705078125,0,-0.80517578125,0,-0.0416259765625,0,0.1453857421875
77.1756,0,0.118896484375,0,0.2110595703125,0,-0.0416259765625,0,0.1453857421875
77.1875,0,0.118896484375,0,-0.424072265625,0,-0.061767578125,0,0.15673828125
77.1968,0,0.06756591796875,0,-0.424072265625,0,-0.061767578125,0,0.15673828125
77.2071,0,0.06756591796875,0,-0.424072265625,0,-0.0311279296875,0,-0.0775146484375
77.2192,0,0.06756591796875,0,-0.07080078125,0,-0.0311279296875,0,-0.0775146484375
77.2267,0,-0.060699462890625,0,-0.07080078125,0,-0.0311279296875,0,0.1597900390625
77.2359,0,-0.033843994140625,0,-1.0673828125,0,-0.054901123046875,0,0.1597900390625
77.2472,0,-0.033843994140625,0,-1.0673828125,0,-0.0229644775390625,0,0.140625
77.2560,0,0.1427001953125,0,0.314697265625,0,-0.0229644775390625,0,0.140625
77.2668,0,0.1427001953125,0,0.314697265625,0,-0.0229644775390625,0,-0.134521484375
77.2762,0,-0.054046630859375,0,0.37353515625,0,-0.05633544921875,0,-0.134521484375
77.2864,0,-0.054046630859375,0,0.37353515625,0,-0.05633544921875,0,0.0293121337890625
77.2962,0,-0.0574951171875,0,0.077880859375,0,-0.031524658203125,0,0.0293121337890625
77.3073,0,-0.0574951171875,0,0.077880859375,0,-0.031524658203125,0,0.242919921875
77.3175,0,0.1844482421875,0,0.040679931640625,0,-0.09228515625,0,0.242919921875
77.3293,0,0.1844482421875,0,0.040679931640625,0,-0.09228515625,0,0.1861572265625
77.3387,0,0.1844482421875,0,0.3564453125,0,0.0245361328125,0,0.1861572265625
77.3496,0,-0.09820556640625,0,0.3564453125,0,0.0245361328125,0,-0.1265869140625
77.3586,0,-0.09820556640625,0,0.2607421875,0,-0.0606689453125,0,-0.1265869140625
77.3681,0,-0.23291015625,0,0.2607421875,0,-0.0606689453125,0,-0.1834716796875
77.3815,0,-0.23291015625,0,0.289306640625,0,-0.046295166015625,0,-0.1834716796875
77.3912,0,0.047821044921875,0,0.289306640625,0,-0.046295166015625,0,-0.1834716796875
77.4027,0,0.047821044921875,0,0.4931640625,0,-0.08331298828125,0,0.094970703125
77.4098,0,0.03594970703125,0,0.4931640625,0,-0.08331298828125,0,0.19580078125
77.4184,0,0.03594970703125,0,0.41259765625,0,-0.02880859375,0,0.19580078125
77.4291,0,-0.15234375,0,0.41259765625,0,-0.02880859375,0,-0.095458984375
77.4376,0,-0.15234375,0,-0.383056640625,0,-0.0703125,0,-0.095458984375
77.4495,0,-0.08148193359375,0,-0.383056640625,0,-0.0703125,0,0.1591796875
77.4583,0,-0.08148193359375,0,0.34716796875,0,-0.0298919677734375,0,0.1591796875
77.4700,0,-0.06536865234375,0,0.34716796875,0,-0.0298919677734375,0,0.1591796875
77.4775,0,-0.06536865234375,0,0.34716796875,0,-0.0528564453125,0,0.118896484375
77.4904,0,-0.1346435546875,0,-0.1400146484375,0,-0.0528564453125,0,0.118896484375
77.4983,0,-0.1346435546875,0,-0.1949462890625,0,-0.049346923828125,0,0.1534423828125
77.5100,0,-0.11309814453125,0,-0.1949462890625,0,-0.049346923828125,0,0.1534423828125
77.5190,0,-0.11309814453125,0,-0.1949462890625,0,-0.07049560546875,0,-0.196044921875
77.5312,0,-0.03668212890625,0,0.0577392578125,0,-0.07049560546875,0,-0.196044921875
77.5423,0,-0.03668212890625,0,0.0577392578125,0,0.090576171875,0,-0.180419921875
77.5546,0,0.07464599609375,0,0.2919921875,0,0.090576171875,0,-0.180419921875
77.5600,0,0.07464599609375,0,0.2919921875,0,0.06292724609375,0,-0.1583251953125
77.5699,0,-0.021148681640625,0,-0.48876953125,0,0.06292724609375,0,-0.1583251953125
77.5796,0,-0.021148681640625,0,-0.48876953125,0,-0.04937744140625,0,-0.1356201171875
77.5921,0,-0.058074951171875,0,0.008697509765625,0,-0.04937744140625,0,-0.1356201171875
77.6005,0,-0.058074951171875,0,0.008697509765625,0,-0.04937744140625,0,-0.283203125
77.6162,0,-0.03607177734375,0,-0.77978515625,0,-0.045074462890625,0,-0.283203125
77.6210,0,-0.03607177734375,0,-0.77978515625,0,-0.045074462890625,0,0.2027587890625
77.6323,0,-0.05084228515625,0,0.395263671875,0,0.055816650390625,0,0.2027587890625
77.6410,0,-0.05084228515625,0,0.395263671875,0,-0.054901123046875,0,-0.275390625
77.6525,0,0.11541748046875,0,0.308349609375,0,-0.054901123046875,0,-0.275390625
77.6607,0,0.11541748046875,0,0.308349609375,0,-0.054901123046875,0,-0.180419921875
77.6726,0,-0.2083740234375,0,0.54833984375,0,0.140380859375,0,-0.180419921875
77.6801,0,-0.2083740234375,0,0.54833984375,0,0.140380859375,0,-0.160888671875
77.6918,0,-0.042999267578125,0,-1.00390625,0,0.03729248046875,0,-0.160888671875
77.6999,0,-0.042999267578125,0,-1.00390625,0,0.05206298828125,0,-0.04449462890625
77.7118,0,0.1343994140625,0,-0.490966796875,0,0.05206298828125,0,-0.04449462890625
77.7203,0,0.1343994140625,0,-0.490966796875,0,0.05206298828125,0,-0.1573486328125
77.7323,0,0.10711669921875,0,0.014862060546875,0,0.03875732421875,0,-0.1573486328125
77.7411,0,0.10711669921875,0,0.014862060546875,0,0.03875732421875,0,0.1534423828125
77.7523,0,-0.29345703125,0,-0.07000732421875,0,-0.06854248046875,0,0.1534423828125
77.7606,0,-0.29345703125,0,-0.07000732421875,0,-0.06854248046875,0,0.138916015625
77.7728,0,-0.29345703125,0,0.470947265625,0,-0.032684326171875,0,0.138916015625
77.7808,0,0.0537109375,0,0.470947265625,0,-0.06842041015625,0,-0.11273193359375
77.7943,0,0.0537109375,0,0.46630859375,0,-0.06842041015625,0,-0.11273193359375
77.7995,0,0.16845703125,0,0.46630859375,0,-0.06842041015625,0,-0.1849365234375
77.8167,0,0.020965576171875,0,-0.0413818359375,0,-0.076416015625,0,-0.1849365234375
77.8267,0,0.020965576171875,0,-0.0413818359375,0,-0.049041748046875,0,0.063232421875
77.8334,0,0.1717529296875,0,-0.40380859375,0,-0.049041748046875,0,0.063232421875
77.8457,0,0.1717529296875,0,-0.40380859375,0,-0.049041748046875,0,0.1810302734375
77.8541,0,0.07489013671875,0,-0.049591064453125,0,-0.0986328125,0,0.1810302734375
77.8651,0,0.07489013671875,0,-0.049591064453125,0,-0.0986328125,0,0.18212890625
77.8739,0,0.11981201171875,0,0.307373046875,0,-0.0499267578125,0,0.18212890625
77.8822,0,0.11981201171875,0,0.307373046875,0,-0.0499267578125,0,-0.2152099609375
77.8946,0,0.043853759765625,0,0.283935546875,0,-0.023223876953125,0,-0.2152099609375
77.9016,0,0.043853759765625,0,0.283935546875,0,-0.023223876953125,0,0.1881103515625
77.9140,0,0.043853759765625,0,0.139892578125,0,-0.062347412109375,0,0.1881103515625
77.9213,0,-0.2880859375,0,0.139892578125,0,-0.062347412109375,0,0.036590576171875
77.9352,0,-0.2880859375,0,-0.0257568359375,0,-0.07513427734375,0,0.036590576171875
77.9438,0,-0.059326171875,0,-0.0257568359375,0,-0.07513427734375,0,0.057708740234375
77.9566,0,-0.059326171875,0,0.475830078125,0,0.10980224609375,0,0.057708740234375
77.9620,0,-0.14111328125,0,0.475830078125,0,0.10980224609375,0,0.043182373046875
77.9767,0,-0.14111328125,0,0.3896484375,0,0.03656005859375,0,0.043182373046875
77.9804,0,0.1483154296875,0,0.3896484375,0,0.03656005859375,0,-0.218994140625
77.9955,0,0.1483154296875,0,-0.2197265625,0,-0.036285400390625,0,-0.218994140625
78.0011,0,0.13818359375,0,-0.2197265625,0,-0.036285400390625,0,0.18603515625
78.0113,0,0.13818359375,0,0.369140625,0,-0.07550048828125,0,0.18603515625
78.0207,0,-0.043365478515625,0,0.369140625,0,-0.07550048828125,0,-0.05279541015625
78.0319,0,-0.043365478515625,0,-0.70166015625,0,-0.059600830078125,0,-0.05279541015625
78.0425,0,-0.248046875,0,-0.70166015625,0,-0.059600830078125,0,-0.2108154296875
78.0539,0,-0.248046875,0,0.42529296875,0,0.048187255859375,0,-0.2108154296875
78.0605,0,0.0982666015625,0,0.42529296875,0,0.048187255859375,0,0.1884765625
78.0728,0,0.0982666015625,0,0.419921875,0,-0.1405029296875,0,0.1884765625
78.0828,0,0.09783935546875,0,0.419921875,0,-0.1405029296875,0,0.1737060546875
78.0938,0,0.09783935546875,0,0.09869384765625,0,-0.0711669921875,0,0.1737060546875
78.1019,0,-0.072998046875,0,0.09869384765625,0,-0.0711669921875,0,0.1737060546875
78.1120,0,-0.072998046875,0,0.08941650390625,0,0.0833740234375,0,-0.166015625
78.1236,0,0.10845947265625,0,0.08941650390625,0,0.0833740234375,0,-0.166015625
78.1320,0,0.10845947265625,0,-0.429931640625,0,-0.0190582275390625,0,-0.1925048828125
78.1435,0,0.0928955078125,0,-0.429931640625,0,-0.0190582275390625,0,-0.1925048828125
78.1515,0,0.0928955078125,0,-0.35498046875,0,-0.0841064453125,0,0.12164306640625
78.1642,0,0.1209716796875,0,-0.35498046875,0,-0.0841064453125,0,0.12164306640625
78.1714,0,0.1209716796875,0,0.081787109375,0,-0.07269287109375,0,0.1678466796875
78.1800,0,0.0123291015625,0,0.081787109375,0,-0.07269287109375,0,0.1678466796875
78.1909,0,0.0123291015625,0,0.42578125,0,-0.06964111328125,0,-0.08819580078125
78.1995,0,-0.0244598388671875,0,0.42578125,0,-0.06964111328125,0,-0.08819580078125
78.2105,0,-0.0244598388671875,0,0.01006317138671875,0,0.047637939453125,0,0.1829833984375
78.2200,0,-0.11163330078125,0,0.01006317138671875,0,0.047637939453125,0,0.1829833984375
78.2335,0,-0.11163330078125,0,0.2198486328125,0,-0.05908203125,0,0.198974609375
78.2402,0,0.11602783203125,0,0.2198486328125,0,-0.05908203125,0,0.198974609375
78.2519,0,0.11602783203125,0,0.2198486328125,0,-0.05908203125,0,0.048004150390625
78.2611,0,-0.035308837890625,0,0.372802734375,0,-0.020416259765625,0,0.048004150390625
78.2736,0,-0.035308837890625,0,0.372802734375,0,-0.020416259765625,0,0.1434326171875
78.2790,0,0.061431884765625,0,0.0162506103515625,0,-0.029541015625,0,0.1434326171875
78.2929,0,0.061431884765625,0,0.0162506103515625,0,-0.029541015625,0,-0.015838623046875
78.2988,0,0.1854248046875,0,0.10784912109375,0,-0.08697509765625,0,-0.015838623046875
78.3104,0,0.1854248046875,0,0.10784912109375,0,-0.034942626953125,0,-0.24072265625
78.3197,0,0.1854248046875,0,0.485107421875,0,-0.034942626953125,0,-0.24072265625
78.3296,0,-0.05523681640625,0,0.485107421875,0,-0.0285186767578125,0,0.1793212890625
78.3415,0,-0.05523681640625,0,0.470703125,0,-0.0285186767578125,0,0.1793212890625
78.3518,0,0.11395263671875,0,0.470703125,0,-0.1221923828125,0,-0.1590576171875
78.3635,0,0.12744140625,0,0.1781005859375,0,-0.1221923828125,0,-0.1590576171875
78.3735,0,0.12744140625,0,0.1781005859375,0,-0.03924560546875,0,0.1531982421875
78.3845,0,0.12744140625,0,0.361083984375,0,-0.03924560546875,0,0.1531982421875
78.3952,0,0.05908203125,0,0.361083984375,0,-0.03924560546875,0,-0.10540771484375
78.4045,0,0.05908203125,0,-0.397216796875,0,-0.025604248046875,0,-0.10540771484375
78.4172,0,0.139404296875,0,-0.397216796875,0,-0.025604248046875,0,0.041748046875
78.4228,0,0.139404296875,0,-0.9716796875,0,-0.04022216796875,0,0.041748046875
78.4367,0,-0.07244873046875,0,-0.9716796875,0,-0.04022216796875,0,0.035125732421875
78.4440,0,-0.07244873046875,0,-0.59521484375,0,-0.0167083740234375,0,0.035125732421875
78.4561,0,-0.0958251953125,0,-0.59521484375,0,-0.0167083740234375,0,0.1533203125
78.4651,0,-0.0958251953125,0,0.2349853515625,0,-0.06982421875,0,0.1533203125
78.4731,0,0.07806396484375,0,0.2349853515625,0,-0.06982421875,0,0.00838470458984375
78.4806,0,0.07806396484375,0,0.313232421875,0,-0.0312042236328125,0,0.00838470458984375
78.4922,0,0.086181640625,0,0.313232421875,0,-0.0312042236328125,0,-0.0694580078125
78.5000,0,0.086181640625,0,-0.5283203125,0,0.006992340087890625,0,-0.0694580078125
78.5113,0,-0.021392822265625,0,-0.5283203125,0,0.006992340087890625,0,-0.2125244140625
78.5201,0,-0.021392822265625,0,0.35595703125,0,-0.05078125,0,-0.2125244140625
78.5307,0,-0.1541748046875,0,0.35595703125,0,-0.05078125,0,0.2080078125
78.5398,0,-0.1541748046875,0,0.3466796875,0,-0.042510986328125,0,0.2080078125
78.5506,0,0.065185546875,0,0.3466796875,0,-0.042510986328125,0,0.2080078125
78.5593,0,0.065185546875,0,-1.1689453125,0,-0.0291595458984375,0,0.03912353515625
78.5712,0,-0.0775146484375,0,-1.1689453125,0,-0.0291595458984375,0,-0.0994873046875
78.5807,0,-0.0775146484375,0,0.333984375,0,-0.05914306640625,0,-0.0994873046875
78.5908,0,0.143798828125,0,0.333984375,0,-0.05914306640625,0,-0.0994873046875
78.6006,0,0.143798828125,0,0.333984375,0,-0.05352783203125,0,-0.017486572265625
78.6118,0,0.0531005859375,0,0.135009765625,0,-0.05352783203125,0,-0.11236572265625
78.6202,0,0.0531005859375,0,0.135009765625,0,-0.050445556640625,0,-0.11236572265625
78.6313,0,-0.08721923828125,0,0.07562255859375,0,-0.050445556640625,0,-0.11236572265625
78.6401,0,-0.08721923828125,0,-0.966796875,0,-0.06719970703125,0,-0.02801513671875
78.6520,0,0.024566650390625,0,-0.966796875,0,-0.06719970703125,0,-0.02801513671875
78.6598,0,0.024566650390625,0,-0.966796875,0,-0.0653076171875,0,-0.13427734375
78.6742,0,0.041107177734375,0,-0.53173828125,0,-0.0653076171875,0,0.2119140625
78.6805,0,0.041107177734375,0,-0.53173828125,0,-0.02581787109375,0,0.2119140625
78.6917,0,-0.14794921875,0,0.35888671875,0,-0.02581787109375,0,0.2119140625
78.6997,0,-0.14794921875,0,0.35888671875,0,-0.09210205078125,0,-0.09912109375
78.7116,0,0.03790283203125,0,0.57666015625,0,-0.09210205078125,0,-0.09912109375
78.7191,0,0.03790283203125,0,0.57666015625,0,-0.04620361328125,0,0.2313232421875
78.7315,0,-0.02288818359375,0,-1.0166015625,0,-0.04620361328125,0,0.2313232421875
78.7391,0,-0.02288818359375,0,-1.0166015625,0,-0.058807373046875,0,0.217529296875
78.7498,0,-0.129150390625,0,0.32568359375,0,-0.058807373046875,0,0.217529296875
78.7585,0,-0.129150390625,0,0.32568359375,0,0.06610107421875,0,0.1590576171875
78.7705,0,-0.129150390625,0,-0.55908203125,0,0.06610107421875,0,0.1590576171875
78.7784,0,-0.07391357421875,0,-0.55908203125,0,-0.04547119140625,0,-0.2237548828125
78.7908,0,0.1656494140625,0,0.0987548828125,0,-0.04547119140625,0,-0.2237548828125
78.7981,0,0.1656494140625,0,0.0987548828125,0,-0.052947998046875,0,-0.2257080078125
78.8099,0,0.0178375244140625,0,0.3310546875,0,-0.052947998046875,0,-0.2257080078125
78.8224,0,0.0178375244140625,0,0.3310546875,0,-0.052947998046875,0,0.1971435546875
78.8318,0,-0.11688232421875,0,0.480224609375,0,-0.0263214111328125,0,0.1971435546875
78.8406,0,-0.11688232421875,0,0.480224609375,0,-0.0263214111328125,0,-0.1917724609375
78.8540,0,-0.11688232421875,0,0.1650390625,0,-0.0251007080078125,0,-0.1917724609375
78.8630,0,0.0989990234375,0,0.1650390625,0,-0.0251007080078125,0,-0.19970703125
78.8765,0,0.0989990234375,0,-0.047027587890625,0,0.069091796875,0,-0.19970703125
78.8832,0,-0.110595703125,0,-0.047027587890625,0,0.069091796875,0,-0.2178955078125
78.8943,0,-0.110595703125,0,-0.047027587890625,0,-0.0308685302734375,0,-0.2178955078125
78.9028,0,0.03631591796875,0,-0.3896484375,0,-0.0308685302734375,0,-0.05731201171875
78.9188,0,-0.08209228515625,0,0.26953125,0,-0.090576171875,0,-0.218017578125
78.9328,0,-0.08209228515625,0,0.26953125,0,-0.10797119140625,0,-0.218017578125
78.9398,0,0.07977294921875,0,0.45166015625,0,-0.10797119140625,0,0.1636962890625
78.9517,0,0.07977294921875,0,0.45166015625,0,0.08685302734375,0,0.1636962890625
78.9607,0,0.04888916015625,0,-1.0302734375,0,0.08685302734375,0,0.1636962890625
78.9712,0,0.04888916015625,0,-1.0302734375,0,0.0797119140625,0,-0.0173187255859375
78.9802,0,-0.016510009765625,0,0.454345703125,0,0.0797119140625,0,-0.0173187255859375
78.9911,0,-0.016510009765625,0,0.454345703125,0,-0.040374755859375,0,0.16943359375
78.9996,0,0.061065673828125,0,0.60498046875,0,-0.040374755859375,0,0.16943359375
79.0115,0,0.061065673828125,0,0.60498046875,0,-0.054962158203125,0,0.04443359375
79.0206,0,0.10968017578125,0,0.32275390625,0,-0.054962158203125,0,0.04443359375
79.0323,0,0.10968017578125,0,0.428955078125,0,-0.052001953125,0,0.194091796875
79.0416,0,-0.1307373046875,0,0.428955078125,0,-0.052001953125,0,0.194091796875
79.0500,0,-0.1307373046875,0,0.428955078125,0,-0.0240631103515625,0,-0.2412109375
79.0643,0,0.107666015625,0,-0.7060546875,0,-0.0240631103515625,0,-0.2412109375
79.0723,0,0.107666015625,0,-0.7060546875,0,-0.0240631103515625,0,0.24462890625
79.0808,0,0.136474609375,0,0.36767578125,0,-0.008087158203125,0,0.24462890625
79.0917,0,0.136474609375,0,0.36767578125,0,-0.008087158203125,0,-0.246337890625
79.1003,0,0.136474609375,0,-0.2037353515625,0,-0.036529541015625,0,-0.246337890625
79.1135,0,0.1065673828125,0,-0.2037353515625,0,-0.036529541015625,0,-0.260986328125
79.1208,0,0.1065673828125,0,0.216552734375,0,0.07452392578125,0,-0.260986328125
79.1324,0,-0.1116943359375,0,0.216552734375,0,0.07452392578125,0,-0.1790771484375
79.1410,0,-0.1116943359375,0,0.4609375,0,-0.034088134765625,0,-0.1790771484375
79.1518,0,-0.0194091796875,0,0.4609375,0,-0.034088134765625,0,-0.1165771484375
79.1616,0,-0.0194091796875,0,-0.1719970703125,0,-0.05938720703125,0,-0.1165771484375
79.1727,0,0.1402587890625,0,-0.1719970703125,0,-0.05938720703125,0,-0.2454833984375
79.1818,0,0.1402587890625,0,-0.3681640625,0,-0.027587890625,0,-0.2454833984375
79.1947,0,0.10791015625,0,-0.3681640625,0,-0.027587890625,0,0.1680908203125
79.2019,0,0.1217041015625,0,-0.2939453125,0,-0.051239013671875,0,0.1680908203125
79.2132,0,0.1217041015625,0,-0.2939453125,0,-0.051239013671875,0,0.0404052734375
79.2230,0,0.11334228515625,0,0.349609375,0,-0.04388427734375,0,0.0404052734375
79.2340,0,0.11334228515625,0,0.349609375,0,-0.04388427734375,0,0.206298828125
79.2431,0,0.11334228515625,0,-0.7041015625,0,-0.057373046875,0,0.206298828125
79.2549,0,-0.12115478515625,0,-0.7041015625,0,-0.057373046875,0,0.1929931640625
79.2641,0,-0.12115478515625,0,-0.084716796875,0,-0.04803466796875,0,0.1929931640625
79.2748,0,-0.171142578125,0,-0.084716796875,0,-0.04803466796875,0,0.19775390625
79.2822,0,-0.171142578125,0,-1.029296875,0,-0.029083251953125,0,0.19775390625
79.2936,0,-0.1861572265625,0,-1.029296875,0,-0.029083251953125,0,-0.054962158203125
79.3016,0,-0.1861572265625,0,0.307373046875,0,-0.07672119140625,0,-0.054962158203125
79.3177,0,0.085205078125,0,-1.0478515625,0,-0.05303955078125,0,0.23681640625
79.3293,0,0.1143798828125,0,-1.0478515625,0,-0.05303955078125,0,0.0250396728515625
79.3374,0,0.1143798828125,0,0.400634765625,0,-0.050933837890625,0,0.0250396728515625
79.3499,0,0.1802978515625,0,0.400634765625,0,-0.050933837890625,0,0.0250396728515625
79.3608,0,0.1802978515625,0,-0.2493896484375,0,-0.042816162109375,0,-0.2117919921875
79.3709,0,-0.202392578125,0,-0.2493896484375,0,-0.042816162109375,0,-0.11004638671875
79.3803,0,-0.202392578125,0,0.1588134765625,0,0.07952880859375,0,-0.11004638671875
79.3972,0,0.08251953125,0,0.1588134765625,0,0.07952880859375,0,-0.1251220703125
79.4020,0,0.08251953125,0,0.1588134765625,0,-0.06317138671875,0,-0.1251220703125
79.4138,0,-0.1575927734375,0,0.07916259765625,0,-0.06317138671875,0,-0.027801513671875
79.4215,0,-0.1575927734375,0,0.5400390625,0,-0.022003173828125,0,-0.027801513671875
79.4328,0,0.1314697265625,0,0.5400390625,0,-0.022003173828125,0,-0.26025390625
79.4412,0,0.1314697265625,0,0.2125244140625,0,-0.02386474609375,0,-0.26025390625
79.4523,0,-0.181640625,0,0.2125244140625,0,-0.02386474609375,0,0.0682373046875
79.4618,0,-0.181640625,0,0.2125244140625,0,-0.05938720703125,0,0.0682373046875
79.4743,0,0.11993408203125,0,-0.1614990234375,0,-0.05938720703125,0,0.0682373046875
79.4832,0,0.11993408203125,0,0.13232421875,0,-0.10247802734375,0,-0.1806640625
79.4945,0,-0.06744384765625,0,0.13232421875,0,-0.10247802734375,0,-0.1806640625
79.5029,0,-0.06744384765625,0,0.13232421875,0,-0.00714874267578125,0,-0.1776123046875
79.5149,0,0.145263671875,0,0.385009765625,0,-0.00714874267578125,0,-0.2039794921875
79.5248,0,0.145263671875,0,0.385009765625,0,-0.036956787109375,0,-0.2039794921875
79.5348,0,-0.09185791015625,0,0.0997314453125,0,-0.036956787109375,0,0.09539794921875
79.5460,0,-0.09185791015625,0,0.0997314453125,0,-0.06475830078125,0,0.09539794921875
79.5552,0,0.0755615234375,0,0.367919921875,0,-0.06475830078125,0,0.09539794921875
79.5666,0,0.0755615234375,0,0.367919921875,0,0.02740478515625,0,0.2069091796875
79.5774,0,0.0755615234375,0,0.449951171875,0,0.02740478515625,0,0.2069091796875
79.5834,0,-0.1610107421875,0,0.449951171875,0,0.03704833984375,0,-0.2342529296875
79.5967,0,-0.1610107421875,0,-0.478271484375,0,0.03704833984375,0,-0.2342529296875
79.6029,0,-0.14794921875,0,-0.478271484375,0,-0.041351318359375,0,0.1043701171875
79.6162,0,-0.14794921875,0,0.3056640625,0,-0.041351318359375,0,0.1043701171875
79.6264,0,-0.11920166015625,0,0.3056640625,0,-0.0640869140625,0,0.1983642578125
79.6349,0,0.096435546875,0,-0.1695556640625,0,-0.0640869140625,0,0.1983642578125
79.6436,0,0.096435546875,0,-0.1695556640625,0,-0.12176513671875,0,-0.261962890625
79.6548,0,-0.06170654296875,0,-0.53955078125,0,-0.12176513671875,0,-0.261962890625
79.6645,0,-0.06170654296875,0,-0.53955078125,0,-0.0390625,0,0.2017822265625
79.6772,0,0.034393310546875,0,0.375,0,-0.0390625,0,0.2017822265625
79.6838,0,0.034393310546875,0,0.375,0,-0.0899658203125,0,0.2509765625
79.6946,0,0.0872802734375,0,-0.369873046875,0,-0.0899658203125,0,0.2509765625
79.7022,0,0.0872802734375,0,-0.369873046875,0,-0.06488037109375,0,-0.1043701171875
79.7143,0,0.0872802734375,0,0.335205078125,0,-0.06488037109375,0,-0.1043701171875
79.7230,0,-0.08465576171875,0,0.335205078125,0,-0.05047607421875,0,0.1265869140625
79.7347,0,-0.08465576171875,0,0.0760498046875,0,-0.05047607421875,0,0.1265869140625
79.7424,0,0.07769775390625,0,0.0760498046875,0,-0.05047607421875,0,-0.01168060302734375
79.7548,0,0.07769775390625,0,0.1640625,0,-0.0382080078125,0,-0.01168060302734375
79.7633,0,0.11444091796875,0,0.1640625,0,-0.0382080078125,0,0.13623046875
79.7730,0,0.11444091796875,0,0.299072265625,0,-0.050323486328125,0,0.13623046875
79.7818,0,0.10357666015625,0,0.299072265625,0,-0.050323486328125,0,0.035125732421875
79.7941,0,0.10357666015625,0,-0.9462890625,0,-0.07122802734375,0,0.035125732421875
79.8015,0,-0.01532745361328125,0,-0.9462890625,0,-0.07122802734375,0,0.04803466796875
79.8136,0,-0.01532745361328125,0,-0.01885986328125,0,-0.0261383056640625,0,0.04803466796875
79.8229,0,-0.0595703125,0,-0.01885986328125,0,-0.0261383056640625,0,0.04803466796875
79.8332,0,-0.0595703125,0,-0.6025390625,0,-0.029998779296875,0,0.04315185546875
79.8482,0,0.0300445556640625,0,-0.6025390625,0,-0.06329345703125,0,0.05023193359375
79.8550,0,0.0300445556640625,0,0.399169921875,0,-0.06329345703125,0,0.05023193359375
79.8623,0,-0.1846923828125,0,0.399169921875,0,-0.06329345703125,0,0.05023193359375
79.8768,0,-0.1846923828125,0,0.180908203125,0,-0.047821044921875,0,-0.07354736328125
79.8842,0,0.09173583984375,0,0.180908203125,0,-0.047821044921875,0,0.22705078125
79.8955,0,0.09173583984375,0,-0.900390625,0,-0.0677490234375,0,0.22705078125
79.9057,0,0.06671142578125,0,-0.900390625,0,-0.0677490234375,0,0.22705078125
79.9201,0,0.09771728515625,0,0.302490234375,0,-0.03558349609375,0,-0.042572021484375
79.9317,0,0.09771728515625,0,0.476806640625,0,-0.05694580078125,0,0.1607666015625
79.9400,0,-0.0989990234375,0,0.476806640625,0,-0.05694580078125,0,0.1607666015625
79.9508,0,-0.0989990234375,0,-0.77001953125,0,-0.041412353515625,0,-0.34375
79.9610,0,0.15625,0,-0.77001953125,0,-0.041412353515625,0,-0.34375
79.9733,0,0.15625,0,-0.77001953125,0,-0.1004638671875,0,0.049957275390625
79.9812,0,-0.07763671875,0,0.02288818359375,0,-0.1004638671875,0,0.049957275390625
79.9937,0,-0.07763671875,0,0.02288818359375,0,-0.07806396484375,0,0.255126953125
80.0034,0,0.040435791015625,0,-0.324951171875,0,-0.07806396484375,0,0.255126953125
80.0126,0,0.040435791015625,0,-0.324951171875,0,0.06671142578125,0,0.03143310546875
80.0222,0,-0.117919921875,0,0.374755859375,0,0.06671142578125,0,0.03143310546875
80.0345,0,-0.117919921875,0,0.374755859375,0,-0.02545166015625,0,-0.0292816162109375
80.0439,0,-0.117919921875,0,0.498779296875,0,-0.02545166015625,0,-0.0292816162109375
80.0540,0,0.105224609375,0,0.498779296875,0,-0.0163116455078125,0,0.2415771484375
80.0642,0,0.105224609375,0,-0.626953125,0,-0.0163116455078125,0,0.2415771484375
80.0734,0,-0.051483154296875,0,-0.626953125,0,-0.10894775390625,0,0.1798095703125
80.0836,0,-0.051483154296875,0,-0.34375,0,-0.10894775390625,0,0.1798095703125
80.0965,0,-0.051422119140625,0,-0.34375,0,-0.056854248046875,0,-0.1834716796875
80.1055,0,-0.051422119140625,0,0.44873046875,0,-0.056854248046875,0,-0.1834716796875
80.1142,0,-0.1756591796875,0,0.44873046875,0,-0.044677734375,0,0.2410888671875
80.1232,0,-0.1756591796875,0,0.426025390625,0,-0.044677734375,0,0.2410888671875
80.1351,0,0.050689697265625,0,0.426025390625,0,-0.044677734375,0,0.11297607421875
80.1427,0,0.050689697265625,0,0.145751953125,0,-0.051788330078125,0,0.11297607421875
80.1526,0,0.0550537109375,0,0.145751953125,0,-0.05718994140625,0,0.16259765625
80.1657,0,0.0550537109375,0,-0.21826171875,0,-0.05718994140625,0,0.16259765625
80.1732,0,0.12200927734375,0,-0.21826171875,0,-0.05718994140625,0,0.16259765625
80.1819,0,0.12200927734375,0,0.45556640625,0,0.0755615234375,0,-0.2335205078125
80.1930,0,-0.20068359375,0,0.45556640625,0,0.0755615234375,0,-0.2335205078125
80.2013,0,-0.20068359375,0,-0.295166015625,0,-0.058929443359375,0,-0.1339111328125
80.2128,0,-0.18310546875,0,-0.295166015625,0,-0.058929443359375,0,0.043060302734375
80.2231,0,-0.18310546875,0,-0.60009765625,0,-0.0697021484375,0,0.043060302734375
80.2338,0,0.050384521484375,0,-0.60009765625,0,-0.0697021484375,0,0.129150390625
80.2428,0,0.050384521484375,0,0.0733642578125,0,-0.03961181640625,0,0.129150390625
80.2512,0,0.13330078125,0,0.0733642578125,0,-0.03961181640625,0,0.129150390625
80.2638,0,0.13330078125,0,0.1070556640625,0,0.0941162109375,0,0.2078857421875
80.2783,0,0.047332763671875,0,0.1070556640625,0,0.0941162109375,0,0.2078857421875
80.2805,0,0.047332763671875,0,-0.12396240234375,0,-0.05914306640625,0,0.178955078125
80.2960,0,0.036834716796875,0,-0.12396240234375,0,-0.05914306640625,0,0.1827392578125
80.3032,0,0.036834716796875,0,0.390869140625,0,-0.10858154296875,0,0.1827392578125
80.3144,0,0.01480865478515625,0,0.390869140625,0,-0.10858154296875,0,0.1827392578125
80.3202,0,0.01480865478515625,0,0.1748046875,0,-0.072021484375,0,0.198974609375
80.3349,0,0.09893798828125,0,0.1748046875,0,-0.072021484375,0,0.198974609375
80.3416,0,0.09893798828125,0,0.10504150390625,0,-0.06329345703125,0,-0.234130859375
80.3573,0,-0.136962890625,0,0.10504150390625,0,-0.06329345703125,0,-0.234130859375
80.3631,0,-0.136962890625,0,0.205322265625,0,-0.08447265625,0,-0.064697265625
80.3772,0,0.078125,0,0.205322265625,0,-0.08447265625,0,-0.064697265625
80.3863,0,0.078125,0,-0.146728515625,0,0.022247314453125,0,0.1494140625
80.3972,0,0.038970947265625,0,-0.146728515625,0,0.022247314453125,0,0.1494140625
80.4041,0,0.038970947265625,0,-0.146728515625,0,-0.084716796875,0,0.10638427734375
80.4258,0,-0.08331298828125,0,0.5166015625,0,-0.040191650390625,0,0.1436767578125
80.4436,0,0.130126953125,0,0.5166015625,0,-0.04412841796875,0,0.21484375
80.4520,0,-0.11041259765625,0,0.320556640625,0,-0.04412841796875,0,0.21484375
80.4587,0,-0.11041259765625,0,0.320556640625,0,-0.04412841796875,0,0.134521484375
80.4729,0,0.07855224609375,0,-1.0078125,0,-0.0206298828125,0,0.134521484375
80.4808,0,0.07855224609375,0,-1.0078125,0,-0.04962158203125,0,0.10174560546875
80.4888,0,0.09820556640625,0,0.050506591796875,0,-0.04962158203125,0,0.10174560546875
80.5004,0,0.09820556640625,0,0.050506591796875,0,-0.04962158203125,0,0.237060546875
80.5105,0,-0.034820556640625,0,0.3173828125,0,-0.08294677734375,0,0.237060546875
80.5175,0,-0.034820556640625,0,0.3173828125,0,0.1058349609375,0,0.12347412109375
80.5311,0,-0.080078125,0,0.351806640625,0,0.1058349609375,0,0.12347412109375
80.5384,0,-0.080078125,0,0.351806640625,0,0.0638427734375,0,0.127685546875
80.5506,0,-0.080078125,0,0.25439453125,0,0.0638427734375,0,0.127685546875
80.5595,0,0.10943603515625,0,0.25439453125,0,-0.070068359375,0,0.2025146484375
80.5706,0,-0.13134765625,0,0.356689453125,0,-0.070068359375,0,0.2025146484375
80.5777,0,-0.13134765625,0,0.356689453125,0,-0.070068359375,0,0.1488037109375
80.5910,0,-0.13134765625,0,0.363525390625,0,-0.0460205078125,0,0.1488037109375
80.6005,0,0.1207275390625,0,0.363525390625,0,-0.0460205078125,0,0.223876953125
80.6119,0,0.1207275390625,0,0.467529296875,0,-0.04669189453125,0,0.223876953125
80.6214,0,-0.032684326171875,0,0.467529296875,0,-0.04669189453125,0,0.1749267578125
80.6315,0,-0.1685791015625,0,0.059539794921875,0,-0.0587158203125,0,0.1749267578125
80.6387,0,-0.1685791015625,0,0.059539794921875,0,-0.0587158203125,0,0.1368408203125
80.6526,0,-0.1685791015625,0,0.390380859375,0,-0.0416259765625,0,0.1368408203125
80.6622,0,0.01385498046875,0,0.390380859375,0,-0.0416259765625,0,-0.1756591796875
80.6715,0,0.01385498046875,0,-0.21826171875,0,-0.05657958984375,0,-0.1756591796875
80.6809,0,0.058135986328125,0,-0.21826171875,0,-0.05657958984375,0,-0.1756591796875
80.6917,0,0.058135986328125,0,0.544921875,0,0.045257568359375,0,-0.2232666015625
80.6983,0,-0.107177734375,0,0.544921875,0,0.045257568359375,0,0.0223846435546875
80.7134,0,-0.107177734375,0,-0.8046875,0,-0.04388427734375,0,0.0223846435546875
80.7196,0,0.0828857421875,0,-0.8046875,0,-0.04388427734375,0,-0.05950927734375
80.7317,0,0.0828857421875,0,0.1346435546875,0,-0.03863525390625,0,-0.05950927734375
80.7391,0,0.008941650390625,0,0.1346435546875,0,-0.03863525390625,0,-0.05950927734375
80.7512,0,0.008941650390625,0,0.4443359375,0,-0.02423095703125,0,0.0794677734375
80.7601,0,-0.10833740234375,0,0.4443359375,0,-0.02423095703125,0,0.0794677734375
80.7708,0,-0.10833740234375,0,0.2666015625,0,-0.040252685546875,0,-0.1927490234375
80.7787,0,-0.017364501953125,0,0.2666015625,0,-0.040252685546875,0,0.0560302734375
80.7879,0,-0.017364501953125,0,0.308349609375,0,-0.10845947265625,0,0.0560302734375
80.7980,0,0.1011962890625,0,0.308349609375,0,-0.10845947265625,0,0.0560302734375
80.8103,0,0.1011962890625,0,-0.127197265625,0,0.01446533203125,0,-0.1810302734375
80.8175,0,0.07684326171875,0,-0.127197265625,0,0.01446533203125,0,-0.1810302734375
80.8289,0,0.07684326171875,0,-0.127197265625,0,-0.0516357421875,0,-0.221435546875
80.8387,0,0.07080078125,0,0.1990966796875,0,-0.0516357421875,0,0.1834716796875
80.8498,0,0.07080078125,0,0.408203125,0,-0.042816162109375,0,0.1834716796875
80.8653,0,-0.048370361328125,0,0.408203125,0,-0.042816162109375,0,0.154541015625
80.8694,0,-0.048370361328125,0,0.408203125,0,0.050384521484375,0,0.154541015625
80.8804,0,-0.207275390625,0,0.5849609375,0,0.050384521484375,0,0.154541015625
80.8906,0,-0.207275390625,0,0.5849609375,0,-0.0256805419921875,0,0.076904296875
80.9001,0,-0.08050537109375,0,0.338134765625,0,-0.0256805419921875,0,0.076904296875
80.9115,0,-0.08050537109375,0,0.338134765625,0,-0.10443115234375,0,-0.034088134765625
80.9195,0,-0.1656494140625,0,0.007678985595703125,0,-0.10443115234375,0,-0.034088134765625
80.9308,0,-0.1656494140625,0,0.007678985595703125,0,-0.10443115234375,0,0.05645751953125
80.9393,0,-0.0732421875,0,0.35888671875,0,-0.07293701171875,0,0.05645751953125
80.9502,0,-0.0732421875,0,0.35888671875,0,-0.07293701171875,0,-0.06842041015625
80.9618,0,0.0867919921875,0,-0.04364013671875,0,-0.046417236328125,0,-0.06842041015625
80.9700,0,0.0867919921875,0,-0.04364013671875,0,-0.01947021484375,0,-0.198486328125
80.9813,0,-0.234619140625,0,0.35107421875,0,-0.01947021484375,0,-0.198486328125
80.9897,0,-0.234619140625,0,0.35107421875,0,-0.01947021484375,0,-0.069580078125
80.9986,0,-0.098388671875,0,-0.77197265625,0,-0.039031982421875,0,-0.069580078125
81.0114,0,-0.098388671875,0,-0.77197265625,0,-0.039031982421875,0,0.16650390625
81.0191,0,-0.098388671875,0,-0.166748046875,0,-0.0135955810546875,0,0.16650390625
81.0321,0,0.1378173828125,0,-0.166748046875,0,-0.0224761962890625,0,-0.046356201171875
81.0386,0,0.1378173828125,0,-0.3984375,0,-0.0224761962890625,0,-0.046356201171875
81.0506,0,-0.1043701171875,0,-0.3984375,0,0.05548095703125,0,-0.2017822265625
81.0582,0,0.07464599609375,0,0.323974609375,0,0.05548095703125,0,-0.2017822265625
81.0693,0,0.07464599609375,0,0.323974609375,0,0.05548095703125,0,0.193359375
81.0777,0,0.07464599609375,0,0.408447265625,0,-0.0430908203125,0,0.193359375
81.0895,0,0.07354736328125,0,0.408447265625,0,-0.0430908203125,0,-0.24169921875
81.0968,0,0.07354736328125,0,0.1502685546875,0,-0.0523681640625,0,-0.24169921875
81.1103,0,-0.0294647216796875,0,0.1502685546875,0,-0.0523681640625,0,0.055999755859375
81.1199,0,-0.0294647216796875,0,0.21826171875,0,-0.0687255859375,0,0.055999755859375
81.1314,0,0.1136474609375,0,0.21826171875,0,-0.0687255859375,0,0.1966552734375
81.1410,0,0.1136474609375,0,-0.94384765625,0,-0.051910400390625,0,0.1966552734375
81.1522,0,-0.060791015625,0,-0.94384765625,0,-0.051910400390625,0,0.055694580078125
81.1613,0,-0.060791015625,0,0.2391357421875,0,-0.0645751953125,0,0.055694580078125
81.1717,0,0.08685302734375,0,0.2391357421875,0,-0.0645751953125,0,-0.0552978515625
81.1809,0,0.08685302734375,0,-0.395751953125,0,-0.052703857421875,0,-0.0552978515625
81.1937,0,-0.11785888671875,0,-0.395751953125,0,-0.052703857421875,0,-0.1116943359375
81.2007,0,-0.11785888671875,0,-0.78271484375,0,-0.05096435546875,0,-0.1116943359375
81.2121,0,0.0618896484375,0,-0.78271484375,0,-0.05096435546875,0,-0.275146484375
81.2201,0,0.0618896484375,0,0.427734375,0,-0.0262298583984375,0,-0.275146484375
81.2342,0,0.060577392578125,0,0.427734375,0,-0.0262298583984375,0,-0.0537109375
81.2399,0,0.060577392578125,0,0.36376953125,0,-0.0207672119140625,0,-0.0537109375
81.2508,0,0.07806396484375,0,0.36376953125,0,-0.0207672119140625,0,0.1468505859375
81.2617,0,0.07806396484375,0,0.36376953125,0,-0.037811279296875,0,0.1468505859375
81.2721,0,-0.0633544921875,0,-1.0,0,-0.037811279296875,0,0.0212860107421875
81.2802,0,-0.0633544921875,0,-1.0,0,-0.05108642578125,0,0.0212860107421875
81.2912,0,0.0546875,0,0.289794921875,0,-0.05108642578125,0,-0.1864013671875
81.2998,0,0.0546875,0,0.289794921875,0,-0.042449951171875,0,-0.1864013671875
81.3137,0,-0.153076171875,0,-0.1402587890625,0,-0.042449951171875,0,-0.151123046875
81.3193,0,-0.153076171875,0,-0.1402587890625,0,-0.029296875,0,-0.151123046875
81.3312,0,-0.01129150390625,0,0.427734375,0,-0.029296875,0,0.1875
81.3395,0,-0.01129150390625,0,0.427734375,0,-0.0099945068359375,0,0.1875
81.3520,0,-0.044189453125,0,-0.483642578125,0,-0.0099945068359375,0,0.1302490234375
81.3607,0,-0.044189453125,0,-0.483642578125,0,-0.05023193359375,0,0.1302490234375
81.3724,0,-0.1409912109375,0,0.49267578125,0,-0.05023193359375,0,0.0760498046875
81.3804,0,-0.1409912109375,0,0.49267578125,0,-0.0804443359375,0,0.0760498046875
81.3965,0,-0.1409912109375,0,0.1507568359375,0,-0.0804443359375,0,0.0760498046875
81.4063,0,0.03253173828125,0,0.1507568359375,0,-0.0635986328125,0,0.177978515625
81.4145,0,0.03253173828125,0,-0.90625,0,-0.0635986328125,0,0.0401611328125
81.4213,0,0.08990478515625,0,-0.90625,0,-0.08905029296875,0,0.0401611328125
81.4356,0,-0.036956787109375,0,0.498046875,0,-0.08905029296875,0,0.1746826171875
81.4415,0,-0.036956787109375,0,0.498046875,0,-0.031585693359375,0,0.1746826171875
81.4529,0,-0.036956787109375,0,0.5498046875,0,-0.031585693359375,0,0.1746826171875
81.4615,0,0.056060791015625,0,0.5498046875,0,-0.053070068359375,0,0.1190185546875
81.4723,0,0.056060791015625,0,0.06610107421875,0,-0.053070068359375,0,0.1688232421875
81.4810,0,-0.2044677734375,0,0.06610107421875,0,-0.04791259765625,0,0.1688232421875
81.4921,0,-0.0693359375,0,0.52734375,0,-0.04791259765625,0,-0.0645751953125
81.5005,0,-0.0693359375,0,0.52734375,0,-0.0271148681640625,0,-0.0645751953125
81.5118,0,-0.0693359375,0,0.465087890625,0,-0.0271148681640625,0,-0.25634765625
81.5201,0,-0.08404541015625,0,0.465087890625,0,-0.044586181640625,0,-0.25634765625
81.5317,0,-0.08404541015625,0,0.07305908203125,0,-0.044586181640625,0,-0.25634765625
81.5396,0,0.11810302734375,0,0.07305908203125,0,-0.044586181640625,0,-0.1622314453125
81.5507,0,-0.07940673828125,0,-0.76953125,0,-0.0391845703125,0,0.2210693359375
81.5616,0,-0.07940673828125,0,-0.76953125,0,-0.054534912109375,0,0.2210693359375
81.5704,0,-0.07940673828125,0,0.01617431640625,0,-0.054534912109375,0,0.2210693359375
81.5812,0,0.09393310546875,0,0.01617431640625,0,-0.03338623046875,0,-0.1898193359375
81.5903,0,0.09393310546875,0,0.1317138671875,0,-0.03338623046875,0,-0.1898193359375
81.5994,0,-0.11553955078125,0,0.1317138671875,0,-0.03338623046875,0,0.1817626953125
81.6135,0,-0.11553955078125,0,-0.31591796875,0,-0.01076507568359375,0,0.1817626953125
81.6182,0,-0.060516357421875,0,-0.31591796875,0,-0.043182373046875,0,-0.041595458984375
81.6313,0,-0.060516357421875,0,0.292236328125,0,-0.043182373046875,0,-0.041595458984375
81.6397,0,0.046539306640625,0,0.292236328125,0,-0.0712890625,0,0.17138671875
81.6514,0,0.06427001953125,0,-0.74560546875,0,-0.0712890625,0,0.1697998046875
81.6602,0,0.06427001953125,0,-0.74560546875,0,0.04852294921875,0,0.1697998046875
81.6723,0,0.06427001953125,0,-0.68798828125,0,0.04852294921875,0,0.1697998046875
81.6814,0,-0.09515380859375,0,-0.68798828125,0,0.04852294921875,0,0.226806640625
81.6919,0,-0.09515380859375,0,0.363037109375,0,-0.08331298828125,0,0.226806640625
81.7013,0,-0.1715087890625,0,0.363037109375,0,-0.0162200927734375,0,0.04547119140625
81.7116,0,-0.1715087890625,0,0.2235107421875,0,-0.0162200927734375,0,0.04547119140625
81.7210,0,-0.0243988037109375,0,0.2235107421875,0,-0.060546875,0,0.06951904296875
81.7321,0,-0.0243988037109375,0,-0.89111328125,0,-0.060546875,0,0.06951904296875
81.7396,0,0.1416015625,0,-0.89111328125,0,0.08013916015625,0,0.105224609375
81.7524,0,0.1416015625,0,0.27294921875,0,0.08013916015625,0,0.1912841796875
81.7607,0,0.068359375,0,0.27294921875,0,-0.06591796875,0,0.1912841796875
81.7722,0,0.08966064453125,0,-0.34716796875,0,-0.06591796875,0,0.185302734375
81.7810,0,0.08966064453125,0,-0.34716796875,0,-0.09197998046875,0,0.185302734375
81.7925,0,0.08966064453125,0,-0.1796875,0,-0.09197998046875,0,0.185302734375
81.8004,0,0.09783935546875,0,-0.1796875,0,-0.09197998046875,0,0.180908203125
81.8106,0,0.09783935546875,0,0.27197265625,0,-0.03558349609375,0,0.180908203125
81.8187,0,0.0780029296875,0,0.27197265625,0,-0.03558349609375,0,0.024200439453125
81.8310,0,0.0780029296875,0,0.27197265625,0,-0.0535888671875,0,0.024200439453125
81.8384,0,0.1297607421875,0,0.01739501953125,0,-0.023895263671875,0,-0.166015625
81.8507,0,0.1297607421875,0,0.078125,0,-0.023895263671875,0,-0.166015625
81.8583,0,0.09271240234375,0,0.078125,0,-0.023895263671875,0,-0.234619140625
81.8703,0,-0.08258056640625,0,-0.058837890625,0,-0.073974609375,0,-0.234619140625
81.8790,0,-0.08258056640625,0,-0.058837890625,0,-0.073974609375,0,0.07568359375
81.8932,0,-0.08258056640625,0,0.08929443359375,0,-0.06072998046875,0,0.07568359375
81.9006,0,0.0863037109375,0,0.08929443359375,0,-0.06072998046875,0,-0.051971435546875
81.9130,0,0.0863037109375,0,0.08929443359375,0,0.055328369140625,0,-0.051971435546875
81.9202,0,0.031005859375,0,0.29296875,0,0.055328369140625,0,-0.1634521484375
81.9328,0,0.031005859375,0,0.29296875,0,-0.042999267578125,0,-0.1634521484375
81.9397,0,-0.22607421875,0,0.1668701171875,0,-0.042999267578125,0,-0.170166015625
81.9533,0,-0.22607421875,0,0.1668701171875,0,0.029754638671875,0,-0.170166015625
81.9610,0,0.1475830078125,0,0.09259033203125,0,0.029754638671875,0,0.185791015625
81.9732,0,0.1475830078125,0,0.09259033203125,0,-0.04296875,0,0.185791015625
81.9807,0,-0.090087890625,0,-0.144287109375,0,-0.04296875,0,-0.1597900390625
81.9927,0,-0.090087890625,0,-0.144287109375,0,0.094970703125,0,-0.1597900390625
82.0004,0,-0.10211181640625,0,-0.238525390625,0,0.094970703125,0,-0.2200927734375
82.0122,0,-0.10211181640625,0,-0.238525390625,0,-0.050750732421875,0,-0.2200927734375
82.0195,0,0.039886474609375,0,-0.81298828125,0,-0.050750732421875,0,0.132080078125
82.0331,0,0.039886474609375,0,-0.81298828125,0,-0.049774169921875,0,0.132080078125
82.0401,0,-0.1378173828125,0,0.23046875,0,-0.049774169921875,0,-0.189697265625
82.0521,0,-0.1378173828125,0,0.23046875,0,-0.093994140625,0,-0.189697265625
82.0598,0,-0.1378173828125,0,-0.2144775390625,0,-0.093994140625,0,-0.189697265625
82.0706,0,-0.047760009765625,0,-0.2144775390625,0,-0.0186309814453125,0,-0.10174560546875
82.0794,0,0.06890869140625,0,0.403076171875,0,-0.0186309814453125,0,-0.10174560546875
82.0906,0,0.06890869140625,0,0.403076171875,0,0.04071044921875,0,-0.01470947265625
82.0995,0,0.118896484375,0,0.246337890625,0,0.04071044921875,0,-0.01470947265625
82.1101,0,0.118896484375,0,0.246337890625,0,-0.07769775390625,0,-0.1275634765625
82.1205,0,0.118896484375,0,0.248046875,0,-0.07769775390625,0,-0.1275634765625
82.1336,0,-0.1611328125,0,0.248046875,0,-0.03887939453125,0,0.07928466796875
82.1407,0,-0.1611328125,0,-0.44677734375,0,-0.03887939453125,0,0.07928466796875
82.1514,0,0.05059814453125,0,-0.44677734375,0,0.032073974609375,0,0.078857421875
82.1637,0,0.05059814453125,0,0.251708984375,0,0.032073974609375,0,0.078857421875
82.1711,0,0.10235595703125,0,0.251708984375,0,-0.07379150390625,0,-0.26123046875
82.1816,0,0.10235595703125,0,-0.73583984375,0,-0.07379150390625,0,-0.26123046875
82.1927,0,0.08709716796875,0,-0.73583984375,0,-0.06298828125,0,0.15185546875
82.2002,0,-0.032073974609375,0,-1.1259765625,0,-0.06298828125,0,0.15185546875
82.2102,0,-0.032073974609375,0,-1.1259765625,0,-0.06591796875,0,-0.162841796875
82.2205,0,-0.032073974609375,0,0.257080078125,0,-0.06591796875,0,-0.162841796875
82.2320,0,-0.1324462890625,0,0.257080078125,0,-0.04364013671875,0,0.199462890625
82.2398,0,-0.1324462890625,0,-0.88916015625,0,-0.04364013671875,0,0.199462890625
82.2506,0,0.0212860107421875,0,-0.88916015625,0,-0.04364013671875,0,0.206787109375
82.2618,0,0.0212860107421875,0,-0.88916015625,0,-0.1162109375,0,0.206787109375
82.2722,0,0.1136474609375,0,-0.7236328125,0,-0.1162109375,0,0.054718017578125
82.2803,0,0.1136474609375,0,-0.7236328125,0,0.04180908203125,0,0.054718017578125
82.2914,0,-0.06719970703125,0,0.46240234375,0,0.04180908203125,0,0.0941162109375
82.2997,0,-0.06719970703125,0,0.46240234375,0,-0.061004638671875,0,0.0941162109375
82.3111,0,0.10491943359375,0,-0.6279296875,0,-0.061004638671875,0,-0.050262451171875
82.3194,0,0.10491943359375,0,-0.6279296875,0,-0.04852294921875,0,-0.050262451171875
82.3308,0,-0.03875732421875,0,-0.126220703125,0,-0.04852294921875,0,0.209716796875
82.3391,0,-0.03875732421875,0,-0.126220703125,0,-0.06634521484375,0,0.209716796875
82.3502,0,-0.1263427734375,0,-0.67724609375,0,-0.06634521484375,0,-0.281005859375
82.3595,0,-0.1263427734375,0,-0.67724609375,0,0.0204010009765625,0,-0.281005859375
82.3698,0,-0.15234375,0,-0.1724853515625,0,0.0204010009765625,0,-0.108154296875
82.3792,0,-0.15234375,0,-0.1724853515625,0,-0.0670166015625,0,-0.108154296875
82.3959,0,-0.1982421875,0,-0.1651611328125,0,-0.0670166015625,0,-0.183837890625
82.4016,0,-0.1982421875,0,-0.1651611328125,0,-0.043853759765625,0,-0.183837890625
82.4151,0,0.0296478271484375,0,0.276123046875,0,-0.043853759765625,0,0.10211181640625
82.4208,0,0.0296478271484375,0,0.276123046875,0,0.0762939453125,0,0.10211181640625
82.4330,0,-0.1427001953125,0,-0.64892578125,0,0.0762939453125,0,0.10211181640625
82.4417,0,-0.1427001953125,0,-0.64892578125,0,-0.060028076171875,0,0.11761474609375
82.4524,0,0.0849609375,0,-1.197265625,0,-0.060028076171875,0,-0.18994140625
82.4612,0,0.0849609375,0,-1.197265625,0,-0.04644775390625,0,-0.18994140625
82.4721,0,-0.15087890625,0,0.3525390625,0,-0.04644775390625,0,0.1029052734375
82.4810,0,-0.15087890625,0,0.3525390625,0,0.05560302734375,0,0.1029052734375
82.4918,0,-0.15087890625,0,-0.08880615234375,0,0.05560302734375,0,0.1029052734375
82.5005,0,0.0762939453125,0,-0.08880615234375,0,-0.04864501953125,0,-0.232421875
82.5117,0,-0.06103515625,0,0.1572265625,0,-0.04864501953125,0,-0.232421875
82.5198,0,-0.06103515625,0,0.1572265625,0,-0.0521240234375,0,0.1612548828125
82.5323,0,-0.1644287109375,0,0.3544921875,0,-0.0521240234375,0,0.1612548828125
82.5396,0,-0.1644287109375,0,0.3544921875,0,-0.031280517578125,0,-0.1856689453125
82.5506,0,-0.1583251953125,0,0.4658203125,0,-0.031280517578125,0,-0.1856689453125
82.5608,0,-0.1583251953125,0,0.4658203125,0,-0.0673828125,0,-0.048065185546875
82.5710,0,-0.1583251953125,0,0.412841796875,0,-0.0673828125,0,-0.048065185546875
82.5795,0,0.09136962890625,0,0.412841796875,0,0.042083740234375,0,0.0784912109375
82.5901,0,0.09136962890625,0,0.33349609375,0,0.042083740234375,0,0.0784912109375
82.5994,0,0.07086181640625,0,0.33349609375,0,-0.051025390625,0,-0.09649658203125
82.6098,0,0.039154052734375,0,0.29736328125,0,-0.051025390625,0,-0.09649658203125
82.6193,0,0.039154052734375,0,0.29736328125,0,-0.051025390625,0,-0.2308349609375
82.6308,0,0.039154052734375,0,0.29736328125,0,-0.057281494140625,0,-0.2308349609375
82.6402,0,0.0345458984375,0,-0.83642578125,0,-0.040771484375,0,-0.3095703125
82.6516,0,-0.031585693359375,0,0.1298828125,0,-0.040771484375,0,-0.3095703125
82.6597,0,-0.031585693359375,0,0.1298828125,0,-0.0270843505859375,0,0.2301025390625
82.6709,0,-0.031585693359375,0,-0.7021484375,0,-0.0270843505859375,0,0.2301025390625
82.6795,0,-0.111083984375,0,-0.7021484375,0,-0.04986572265625,0,-0.07977294921875
82.6903,0,-0.111083984375,0,0.172607421875,0,-0.04986572265625,0,-0.07977294921875
82.6977,0,-0.01139068603515625,0,0.172607421875,0,-0.1356201171875,0,-0.08929443359375
82.7071,0,-0.01139068603515625,0,-0.206787109375,0,-0.1356201171875,0,-0.08929443359375
82.7191,0,-0.07513427734375,0,-0.206787109375,0,-0.08056640625,0,-0.2186279296875
82.7317,0,0.061553955078125,0,0.1427001953125,0,-0.08056640625,0,-0.2186279296875
82.7371,0,0.061553955078125,0,0.1427001953125,0,-0.06573486328125,0,0.1536865234375
82.7512,0,-0.0272674560546875,0,-0.0787353515625,0,-0.06573486328125,0,0.1536865234375
82.7590,0,-0.0272674560546875,0,-0.0787353515625,0,-0.0535888671875,0,0.12225341796875
82.7721,0,0.1243896484375,0,-0.363037109375,0,-0.0535888671875,0,-0.18798828125
82.7785,0,0.1243896484375,0,-0.363037109375,0,-0.075439453125,0,-0.18798828125
82.7922,0,0.1243896484375,0,-0.57080078125,0,-0.075439453125,0,-0.18798828125
82.7981,0,0.044219970703125,0,-0.57080078125,0,-0.075439453125,0,-0.242431640625
82.8097,0,0.044219970703125,0,-0.57080078125,0,-0.08026123046875,0,-0.242431640625
82.8189,0,0.11376953125,0,-0.529296875,0,-0.04241943359375,0,-0.0301666259765625
82.8313,0,-0.11077880859375,0,0.259033203125,0,-0.04241943359375,0,-0.0301666259765625
82.8370,0,-0.11077880859375,0,0.259033203125,0,-0.04241943359375,0,0.210693359375
82.8506,0,-0.11077880859375,0,0.259033203125,0,-0.0092010498046875,0,0.210693359375
82.8552,0,-0.0198211669921875,0,-0.03973388671875,0,-0.0092010498046875,0,-0.25390625
82.8712,0,-0.0198211669921875,0,-0.03973388671875,0,-0.054595947265625,0,-0.25390625
82.8837,0,-0.0831298828125,0,0.154296875,0,0.065673828125,0,0.052001953125
82.8934,0,0.1444091796875,0,-0.708984375,0,0.065673828125,0,0.052001953125
82.8967,0,0.1444091796875,0,-0.708984375,0,0.065673828125,0,-0.040679931640625
82.9122,0,0.1444091796875,0,-0.708984375,0,0.126953125,0,-0.040679931640625
82.9180,0,-0.036224365234375,0,0.55126953125,0,0.126953125,0,0.16357421875
82.9344,0,-0.036224365234375,0,0.55126953125,0,-0.0282745361328125,0,0.16357421875
82.9383,0,-0.12237548828125,0,-0.64990234375,0,-0.0282745361328125,0,-0.0285186767578125
82.9521,0,-0.12237548828125,0,-0.64990234375,0,-0.06512451171875,0,-0.0285186767578125
82.9584,0,0.0584716796875,0,-0.031036376953125,0,-0.06512451171875,0,-0.0285186767578125
82.9730,0,0.0584716796875,0,-0.031036376953125,0,-0.05047607421875,0,-0.1390380859375
82.9775,0,-0.11285400390625,0,-0.64306640625,0,-0.05047607421875,0,-0.1390380859375
82.9929,0,-0.11285400390625,0,-0.64306640625,0,-0.09332275390625,0,-0.2283935546875
82.9985,0,-0.09808349609375,0,0.309326171875,0,-0.09332275390625,0,0.03533935546875
83.0142,0,-0.09808349609375,0,0.309326171875,0,0.07281494140625,0,0.03533935546875
83.0173,0,-0.022552490234375,0,-0.51220703125,0,0.07281494140625,0,-0.0153656005859375
83.0320,0,-0.022552490234375,0,-0.51220703125,0,-0.062225341796875,0,-0.0153656005859375
83.0380,0,-0.022552490234375,0,0.5615234375,0,-0.062225341796875,0,-0.0153656005859375
83.0517,0,-0.0233917236328125,0,0.5615234375,0,-0.0552978515625,0,-0.12548828125
83.0576,0,-0.0233917236328125,0,0.1640625,0,-0.0552978515625,0,-0.12548828125
83.0732,0,-0.1337890625,0,0.1640625,0,-0.01027679443359375,0,-0.173828125
83.0818,0,-0.1337890625,0,0.250244140625,0,-0.01027679443359375,0,-0.173828125
83.0929,0,-0.1248779296875,0,0.250244140625,0,-0.08740234375,0,0.18701171875
83.1016,0,0.11114501953125,0,-0.041900634765625,0,-0.08740234375,0,0.122314453125
83.1134,0,0.11114501953125,0,-0.041900634765625,0,0.0938720703125,0,0.122314453125
83.1186,0,0.11114501953125,0,0.0087738037109375,0,0.0938720703125,0,0.122314453125
83.1330,0,0.12396240234375,0,0.0087738037109375,0,-0.049835205078125,0,-0.0433349609375
83.1370,0,0.12396240234375,0,-0.07611083984375,0,-0.049835205078125,0,-0.0433349609375
83.1509,0,0.1190185546875,0,-0.07611083984375,0,-0.055084228515625,0,-0.27001953125
83.1600,0,0.1190185546875,0,-0.256103515625,0,-0.055084228515625,0,-0.27001953125
83.1707,0,0.04608154296875,0,-0.256103515625,0,-0.0298919677734375,0,-0.153076171875
83.1811,0,0.04608154296875,0,0.423095703125,0,-0.0298919677734375,0,-0.153076171875
83.1878,0,0.081787109375,0,0.423095703125,0,-0.13134765625,0,0.1683349609375
83.2005,0,0.081787109375,0,0.38623046875,0,-0.13134765625,0,0.1683349609375
83.2075,0,0.02960205078125,0,0.38623046875,0,-0.0650634765625,0,-0.01812744140625
83.2211,0,0.02960205078125,0,-0.232177734375,0,-0.0650634765625,0,-0.01812744140625
83.2284,0,-0.051055908203125,0,-0.232177734375,0,-0.058441162109375,0,0.0207061767578125
83.2438,0,-0.051055908203125,0,-0.28564453125,0,-0.058441162109375,0,0.0207061767578125
83.2482,0,-0.022369384765625,0,-0.28564453125,0,-0.089599609375,0,-0.03167724609375
83.2663,0,0.066162109375,0,0.435546875,0,-0.089599609375,0,0.12249755859375
83.2708,0,0.066162109375,0,0.435546875,0,-0.09326171875,0,0.12249755859375
83.2810,0,0.066162109375,0,0.427001953125,0,-0.09326171875,0,0.12249755859375
83.2878,0,0.1446533203125,0,0.427001953125,0,-0.09326171875,0,-0.2005615234375
83.3017,0,0.1446533203125,0,0.427001953125,0,-0.0694580078125,0,-0.2005615234375
83.3087,0,-0.15869140625,0,0.1954345703125,0,-0.0694580078125,0,-0.2138671875
83.3197,0,-0.15869140625,0,0.1954345703125,0,-0.04730224609375,0,-0.2138671875
83.3302,0,0.08270263671875,0,0.380615234375,0,-0.03314208984375,0,0.2164306640625
83.3453,0,0.08270263671875,0,-0.92333984375,0,-0.03314208984375,0,0.2164306640625
83.3515,0,-0.02337646484375,0,-0.92333984375,0,-0.02691650390625,0,-0.214111328125
83.3672,0,-0.02337646484375,0,-0.896484375,0,-0.02691650390625,0,-0.214111328125
83.3737,0,-0.1036376953125,0,-0.896484375,0,-0.0986328125,0,0.19287109375
83.3870,0,-0.1036376953125,0,-0.28125,0,-0.065185546875,0,0.128173828125
83.3947,0,0.06121826171875,0,-0.28125,0,-0.065185546875,0,0.128173828125
83.4076,0,0.06121826171875,0,-0.7861328125,0,-0.065185546875,0,0.128173828125
83.4156,0,0.06121826171875,0,-0.7861328125,0,-0.06939697265625,0,0.1607666015625
83.4235,0,0.043792724609375,0,-0.7861328125,0,-0.06939697265625,0,0.1607666015625
83.4355,0,0.0994873046875,0,0.2474365234375,0,-0.06011962890625,0,-0.158203125
83.4482,0,0.0994873046875,0,0.368896484375,0,-0.06011962890625,0,-0.158203125
83.4542,0,-0.054046630859375,0,0.368896484375,0,0.04913330078125,0,0.186767578125
83.4696,0,-0.054046630859375,0,0.0252685546875,0,0.04913330078125,0,0.186767578125
83.4744,0,-0.10821533203125,0,0.0252685546875,0,-0.0280303955078125,0,-0.236572265625
83.4904,0,-0.0014438629150390625,0,0.07696533203125,0,-0.0280303955078125,0,-0.236572265625
83.4948,0,-0.0014438629150390625,0,0.07696533203125,0,-0.06524658203125,0,-0.0699462890625
83.5101,0,-0.1903076171875,0,0.1724853515625,0,-0.06524658203125,0,-0.0699462890625
83.5148,0,-0.1903076171875,0,0.1724853515625,0,-0.0653076171875,0,-0.21826171875
83.5326,0,-0.181884765625,0,0.47119140625,0,-0.0653076171875,0,-0.21826171875
83.5357,0,-0.181884765625,0,0.47119140625,0,-0.049560546875,0,0.1575927734375
83.5509,0,-0.181884765625,0,0.36181640625,0,-0.049560546875,0,0.1575927734375
83.5556,0,-0.0293731689453125,0,0.36181640625,0,-0.058929443359375,0,0.034637451171875
83.5699,0,-0.0293731689453125,0,-0.60498046875,0,-0.058929443359375,0,0.034637451171875
83.5741,0,-0.239990234375,0,-0.60498046875,0,-0.09552001953125,0,0.1534423828125
83.5892,0,-0.239990234375,0,0.580078125,0,-0.09552001953125,0,0.1534423828125
83.5975,0,0.11810302734375,0,0.580078125,0,-0.08843994140625,0,-0.23583984375
83.6089,0,0.11810302734375,0,-0.8779296875,0,-0.08843994140625,0,-0.23583984375
83.6135,0,-0.0185394287109375,0,-0.8779296875,0,-0.15380859375,0,-0.09527587890625
83.6295,0,-0.0185394287109375,0,-0.3466796875,0,-0.15380859375,0,-0.09527587890625
83.6340,0,-0.178466796875,0,-0.3466796875,0,-0.08868408203125,0,-0.279052734375
83.6505,0,-0.178466796875,0,0.492431640625,0,-0.08868408203125,0,-0.279052734375
83.6548,0,0.1060791015625,0,0.492431640625,0,-0.06231689453125,0,0.2008056640625
83.6708,0,0.1060791015625,0,-1.0615234375,0,-0.06231689453125,0,0.2008056640625
83.6751,0,0.1260986328125,0,-1.0615234375,0,-0.054351806640625,0,-0.1552734375
83.6921,0,0.1260986328125,0,-0.68505859375,0,0.0234832763671875,0,-0.1552734375
83.6960,0,-0.21728515625,0,-0.68505859375,0,0.0234832763671875,0,-0.230224609375
83.7132,0,-0.21728515625,0,-0.316650390625,0,0.0234832763671875,0,-0.230224609375
83.7164,0,-0.14208984375,0,-0.316650390625,0,-0.054840087890625,0,-0.108154296875
83.7328,0,-0.14208984375,0,-0.07281494140625,0,-0.054840087890625,0,-0.108154296875
83.7359,0,-0.14208984375,0,-0.07281494140625,0,-0.0848388671875,0,-0.186279296875
83.7524,0,0.1260986328125,0,-0.07281494140625,0,-0.0848388671875,0,-0.186279296875
83.7564,0,-0.032318115234375,0,-0.08563232421875,0,-0.0848388671875,0,-0.186279296875
83.7738,0,-0.032318115234375,0,-0.08563232421875,0,-0.063232421875,0,0.061065673828125
83.7765,0,-0.11077880859375,0,-0.90625,0,-0.041107177734375,0,0.03076171875
83.7953,0,-0.11077880859375,0,-0.85009765625,0,-0.041107177734375,0,0.03076171875
83.7992,0,-0.209716796875,0,-0.85009765625,0,-0.044647216796875,0,-0.21826171875
83.8135,0,-0.209716796875,0,0.09674072265625,0,-0.044647216796875,0,-0.21826171875
83.8207,0,-0.0947265625,0,0.09674072265625,0,0.0241241455078125,0,0.2000732421875
83.8346,0,-0.0947265625,0,0.3447265625,0,0.0241241455078125,0,0.2000732421875
83.8411,0,0.055755615234375,0,0.3447265625,0,-0.036529541015625,0,0.124755859375
83.8540,0,0.055755615234375,0,-0.1341552734375,0,-0.036529541015625,0,0.124755859375
83.8628,0,-0.152587890625,0,-0.1341552734375,0,-0.031646728515625,0,0.034881591796875
83.8748,0,-0.152587890625,0,0.327880859375,0,-0.031646728515625,0,0.034881591796875
83.8828,0,0.07635498046875,0,0.327880859375,0,-0.0601806640625,0,0.2027587890625
83.8970,0,0.07635498046875,0,0.16064453125,0,-0.0601806640625,0,0.2027587890625
83.9058,0,-0.093994140625,0,0.16064453125,0,-0.0251922607421875,0,0.028472900390625
83.9186,0,-0.093994140625,0,-0.203369140625,0,-0.0251922607421875,0,0.028472900390625
83.9270,0,-0.01442718505859375,0,-0.203369140625,0,-0.08160400390625,0,0.07720947265625
83.9382,0,-0.01442718505859375,0,-0.0787353515625,0,-0.08160400390625,0,0.07720947265625
83.9447,0,-0.0806884765625,0,-0.0787353515625,0,-0.08160400390625,0,0.07720947265625
83.9572,0,-0.0806884765625,0,-0.0787353515625,0,-0.033233642578125,0,-0.1580810546875
83.9670,0,-0.0645751953125,0,0.57080078125,0,-0.08026123046875,0,-0.1563720703125
83.9787,0,-0.0645751953125,0,-0.841796875,0,-0.08026123046875,0,-0.1563720703125
83.9879,0,-0.02545166015625,0,-0.841796875,0,-0.1072998046875,0,-0.03704833984375
83.9988,0,-0.02545166015625,0,-0.76318359375,0,-0.1072998046875,0,-0.03704833984375
84.0071,0,-0.0273284912109375,0,-0.76318359375,0,-0.1011962890625,0,0.2431640625
84.0180,0,-0.0273284912109375,0,0.0293426513671875,0,-0.1011962890625,0,0.2431640625
84.0241,0,-0.0273284912109375,0,0.0293426513671875,0,-0.10504150390625,0,0.2431640625
84.0354,0,-0.11248779296875,0,0.0293426513671875,0,-0.10504150390625,0,0.1622314453125
84.0423,0,-0.11248779296875,0,0.197265625,0,-0.10504150390625,0,0.1622314453125
84.0549,0,0.118408203125,0,0.197265625,0,-0.036346435546875,0,-0.1849365234375
84.0664,0,0.118408203125,0,-0.4248046875,0,-0.036346435546875,0,-0.1849365234375
84.0744,0,0.1837158203125,0,-0.4248046875,0,-0.05401611328125,0,-0.0860595703125
84.0845,0,0.1837158203125,0,0.394775390625,0,-0.05401611328125,0,-0.0860595703125
84.0950,0,-0.10906982421875,0,0.394775390625,0,-0.0615234375,0,-0.193115234375
84.1064,0,-0.10906982421875,0,-0.28369140625,0,-0.0615234375,0,-0.193115234375
84.1174,0,-0.10516357421875,0,-0.28369140625,0,-0.0240936279296875,0,-0.14013671875
84.1264,0,0.047027587890625,0,0.268798828125,0,-0.06427001953125,0,-0.14013671875
84.1351,0,0.047027587890625,0,0.268798828125,0,-0.06427001953125,0,-0.239501953125
84.1486,0,0.047027587890625,0,0.42138671875,0,-0.06427001953125,0,-0.239501953125
84.1548,0,0.11273193359375,0,0.42138671875,0,0.065673828125,0,-0.07110595703125
84.1662,0,0.11273193359375,0,0.36865234375,0,0.065673828125,0,-0.07110595703125
84.1742,0,-0.2073974609375,0,0.36865234375,0,-0.048797607421875,0,-0.1820068359375
84.1843,0,-0.2073974609375,0,0.303955078125,0,-0.048797607421875,0,-0.1820068359375
84.1948,0,0.050048828125,0,0.303955078125,0,-0.072021484375,0,0.100341796875
84.2068,0,0.050048828125,0,0.221923828125,0,-0.072021484375,0,0.100341796875
84.2146,0,-0.120849609375,0,0.221923828125,0,-0.0494384765625,0,0.1453857421875
84.2263,0,-0.120849609375,0,-0.85498046875,0,-0.0494384765625,0,0.1453857421875
84.2341,0,0.128662109375,0,-0.85498046875,0,-0.04949951171875,0,-0.034698486328125
84.2481,0,0.128662109375,0,-0.73046875,0,-0.04949951171875,0,-0.034698486328125
84.2540,0,-0.1832275390625,0,-0.73046875,0,-0.032745361328125,0,0.194091796875
84.2665,0,0.1131591796875,0,0.311279296875,0,-0.032745361328125,0,0.194091796875
84.2753,0,0.1131591796875,0,0.311279296875,0,-0.132080078125,0,-0.04095458984375
84.2860,0,-0.099365234375,0,0.2227783203125,0,-0.049652099609375,0,-0.04095458984375
84.2944,0,-0.099365234375,0,0.2227783203125,0,-0.049652099609375,0,0.1580810546875
84.3056,0,-0.099365234375,0,0.36328125,0,-0.049652099609375,0,0.1580810546875
84.3136,0,0.1878662109375,0,0.36328125,0,-0.0657958984375,0,0.04437255859375
84.3253,0,0.1878662109375,0,0.3349609375,0,-0.0657958984375,0,0.04437255859375
84.3323,0,-0.1590576171875,0,0.3349609375,0,-0.07452392578125,0,0.19189453125
84.3448,0,-0.1590576171875,0,0.28125,0,-0.07452392578125,0,0.19189453125
84.3527,0,-0.044677734375,0,0.28125,0,-0.058868408203125,0,-0.2166748046875
84.3646,0,-0.044677734375,0,0.38671875,0,-0.058868408203125,0,-0.2166748046875
84.3727,0,-0.1697998046875,0,0.38671875,0,-0.045623779296875,0,-0.2259521484375
84.3893,0,-0.1697998046875,0,-0.477294921875,0,-0.10870361328125,0,-0.2259521484375
84.3942,0,-0.09149169921875,0,-0.477294921875,0,-0.10870361328125,0,-0.038726806640625
84.4112,0,0.0576171875,0,0.1785888671875,0,-0.10870361328125,0,-0.039306640625
84.4173,0,0.0576171875,0,0.1785888671875,0,-0.0771484375,0,-0.039306640625
84.4294,0,0.0576171875,0,-0.77490234375,0,-0.0771484375,0,-0.039306640625
84.4385,0,0.06060791015625,0,-0.77490234375,0,-0.053009033203125,0,0.236572265625
84.4529,0,0.06060791015625,0,-0.5078125,0,-0.053009033203125,0,0.236572265625
84.4577,0,0.1480712890625,0,-0.5078125,0,-0.0482177734375,0,-0.10809326171875
84.4735,0,0.1480712890625,0,0.1998291015625,0,-0.0482177734375,0,-0.10809326171875
84.4773,0,-0.1097412109375,0,0.1998291015625,0,-0.06268310546875,0,-0.178955078125
84.4939,0,-0.1097412109375,0,0.13671875,0,-0.06268310546875,0,-0.178955078125
84.5007,0,-0.0266265869140625,0,0.13671875,0,-0.05853271484375,0,0.22998046875
84.5124,0,-0.0266265869140625,0,0.287109375,0,-0.08782958984375,0,0.22998046875
84.5176,0,0.0133209228515625,0,0.287109375,0,-0.08782958984375,0,0.16943359375
84.5332,0,0.147705078125,0,-0.0361328125,0,-0.053497314453125,0,0.16943359375
84.5367,0,0.147705078125,0,-0.0361328125,0,-0.053497314453125,0,0.0216064453125
84.5523,0,0.147705078125,0,0.420166015625,0,-0.053497314453125,0,0.0216064453125
84.5565,0,-0.15966796875,0,0.420166015625,0,0.039154052734375,0,0.08831787109375
84.5728,0,-0.15966796875,0,0.477294921875,0,0.039154052734375,0,0.08831787109375
84.5765,0,-0.112060546875,0,0.477294921875,0,-0.0845947265625,0,0.1954345703125
84.5928,0,-0.112060546875,0,-0.2286376953125,0,-0.0845947265625,0,0.1954345703125
84.5971,0,0.1202392578125,0,-0.2286376953125,0,-0.0291595458984375,0,0.123046875
84.6117,0,0.1202392578125,0,0.52978515625,0,-0.0291595458984375,0,0.123046875
84.6160,0,-0.1573486328125,0,0.52978515625,0,-0.108642578125,0,-0.043670654296875
84.6316,0,-0.1573486328125,0,-0.5703125,0,-0.108642578125,0,-0.0765380859375
84.6391,0,0.07843017578125,0,-0.5703125,0,-0.057769775390625,0,-0.0765380859375
84.6528,0,0.1942138671875,0,0.2347412109375,0,-0.08673095703125,0,-0.0765380859375
84.6596,0,0.1942138671875,0,0.2347412109375,0,-0.08673095703125,0,-0.21923828125
84.6724,0,0.1942138671875,0,0.38232421875,0,-0.08673095703125,0,-0.21923828125
84.6761,0,0.1986083984375,0,0.38232421875,0,-0.0672607421875,0,0.162109375
84.6921,0,0.1986083984375,0,-0.5224609375,0,-0.0672607421875,0,0.162109375
84.6988,0,0.1611328125,0,-0.5224609375,0,0.048004150390625,0,0.176025390625
84.7119,0,0.1611328125,0,0.1944580078125,0,0.048004150390625,0,0.176025390625
84.7223,0,-0.050933837890625,0,0.1944580078125,0,-0.07080078125,0,-0.07086181640625
84.7339,0,-0.050933837890625,0,0.3291015625,0,-0.07080078125,0,-0.27783203125
84.7394,0,0.19091796875,0,0.3291015625,0,0.0655517578125,0,-0.27783203125
84.7527,0,0.19091796875,0,0.1807861328125,0,0.0655517578125,0,-0.27783203125
84.7599,0,0.09967041015625,0,0.1807861328125,0,-0.0290985107421875,0,0.259765625
84.7718,0,0.09967041015625,0,0.1497802734375,0,-0.0290985107421875,0,0.259765625
84.7795,0,0.09967041015625,0,0.1497802734375,0,-0.0290985107421875,0,-0.306640625
84.7906,0,0.03570556640625,0,0.1497802734375,0,-0.047210693359375,0,-0.306640625
84.7997,0,0.03570556640625,0,-1.072265625,0,-0.047210693359375,0,-0.306640625
84.8102,0,0.1656494140625,0,-1.072265625,0,-0.071533203125,0,-0.2144775390625
84.8183,0,0.1656494140625,0,-0.38427734375,0,-0.071533203125,0,-0.2144775390625
84.8302,0,0.040496826171875,0,-0.38427734375,0,0.041717529296875,0,0.185302734375
84.8384,0,0.040496826171875,0,0.30322265625,0,0.041717529296875,0,0.185302734375
84.8519,0,-0.07977294921875,0,0.30322265625,0,-0.0293731689453125,0,0.1939697265625
84.8581,0,-0.07977294921875,0,-0.99951171875,0,-0.0293731689453125,0,-0.0850830078125
84.8692,0,0.05255126953125,0,-0.99951171875,0,-0.06561279296875,0,-0.0850830078125
84.8765,0,0.05255126953125,0,0.52001953125,0,-0.06561279296875,0,-0.0850830078125
84.8892,0,-0.07568359375,0,0.52001953125,0,-0.062744140625,0,-0.2071533203125
84.8973,0,-0.07568359375,0,-0.74853515625,0,-0.062744140625,0,-0.2071533203125
84.9116,0,-0.33935546875,0,-0.74853515625,0,-0.04864501953125,0,0.1641845703125
84.9201,0,-0.33935546875,0,0.46337890625,0,-0.04864501953125,0,0.1641845703125
84.9333,0,0.1968994140625,0,0.46337890625,0,-0.07470703125,0,-0.0909423828125
84.9426,0,0.1968994140625,0,-0.51953125,0,-0.07470703125,0,-0.0909423828125
84.9537,0,0.08929443359375,0,-0.51953125,0,-0.057861328125,0,0.1673583984375
84.9631,0,0.08929443359375,0,0.58203125,0,-0.057861328125,0,0.1673583984375
84.9740,0,0.09625244140625,0,0.58203125,0,-0.0626220703125,0,0.234619140625
84.9859,0,0.09625244140625,0,-0.190673828125,0,-0.0626220703125,0,0.234619140625
84.9935,0,-0.03155517578125,0,-0.190673828125,0,-0.044403076171875,0,-0.023529052734375
85.0021,0,-0.03155517578125,0,-1.1259765625,0,-0.044403076171875,0,-0.023529052734375
85.0136,0,0.01419830322265625,0,-1.1259765625,0,-0.039398193359375,0,0.09259033203125
85.0224,0,0.01419830322265625,0,0.03460693359375,0,-0.039398193359375,0,0.09259033203125
85.0340,0,0.1558837890625,0,0.03460693359375,0,-0.058502197265625,0,0.1888427734375
85.0453,0,0.1558837890625,0,0.1793212890625,0,-0.058502197265625,0,0.1888427734375
85.0527,0,0.087158203125,0,0.1793212890625,0,-0.06353759765625,0,-0.1212158203125
85.0666,0,0.087158203125,0,0.2034912109375,0,-0.06353759765625,0,-0.1212158203125
85.0738,0,-0.268310546875,0,0.2034912109375,0,-0.053497314453125,0,-0.263427734375
85.0866,0,-0.268310546875,0,0.1181640625,0,-0.053497314453125,0,-0.252685546875
85.0945,0,0.1558837890625,0,0.1181640625,0,-0.0489501953125,0,-0.252685546875
85.1064,0,0.1558837890625,0,0.46044921875,0,-0.0489501953125,0,-0.252685546875
85.1152,0,0.1558837890625,0,0.46044921875,0,-0.0489501953125,0,-0.154541015625
85.1232,0,-0.250244140625,0,0.46044921875,0,0.0738525390625,0,-0.154541015625
85.1354,0,-0.026123046875,0,0.434814453125,0,-0.036529541015625,0,-0.15087890625
85.1481,0,-0.026123046875,0,-0.0426025390625,0,-0.036529541015625,0,-0.15087890625
85.1550,0,0.07147216796875,0,-0.0426025390625,0,-0.0164794921875,0,0.1461181640625
85.1677,0,0.07147216796875,0,0.533203125,0,-0.0164794921875,0,0.1461181640625
85.1730,0,0.19140625,0,0.533203125,0,-0.04632568359375,0,0.1583251953125
85.1887,0,0.19140625,0,0.42138671875,0,-0.04632568359375,0,0.1583251953125
85.1926,0,0.0709228515625,0,0.42138671875,0,-0.08941650390625,0,0.179443359375
85.2082,0,0.0709228515625,0,0.2734375,0,-0.08941650390625,0,0.179443359375
85.2156,0,-0.283935546875,0,0.2734375,0,-0.08941650390625,0,0.179443359375
85.2261,0,-0.283935546875,0,0.2734375,0,0.048004150390625,0,0.03515625
85.2351,0,0.1365966796875,0,0.274169921875,0,-0.0631103515625,0,-0.179443359375
85.2497,0,0.1365966796875,0,-0.401123046875,0,-0.0631103515625,0,-0.179443359375
85.2556,0,-0.2548828125,0,-0.401123046875,0,-0.1302490234375,0,0.0203094482421875
85.2703,0,-0.2548828125,0,0.381591796875,0,-0.1302490234375,0,0.0203094482421875
85.2755,0,0.0230560302734375,0,0.381591796875,0,0.00794219970703125,0,0.078857421875
85.2897,0,0.0230560302734375,0,-0.408203125,0,0.00794219970703125,0,0.0521240234375
85.2966,0,0.1785888671875,0,-0.408203125,0,-0.0924072265625,0,0.0521240234375
85.3085,0,0.1785888671875,0,0.0274658203125,0,-0.0924072265625,0,0.0521240234375
85.3149,0,0.1611328125,0,0.0274658203125,0,-0.0924072265625,0,-0.186767578125
85.3234,0,0.1611328125,0,0.0274658203125,0,-0.076904296875,0,-0.186767578125
85.3353,0,0.1611328125,0,0.259765625,0,-0.076904296875,0,-0.186767578125
85.3445,0,0.1812744140625,0,0.259765625,0,-0.10205078125,0,0.07659912109375
85.3572,0,-0.1549072265625,0,0.0223541259765625,0,-0.04315185546875,0,-0.17138671875
85.3720,0,-0.1549072265625,0,0.544921875,0,-0.04315185546875,0,-0.17138671875
85.3784,0,0.1011962890625,0,0.544921875,0,-0.055145263671875,0,0.186279296875
85.3939,0,0.1011962890625,0,-0.57958984375,0,-0.055145263671875,0,0.186279296875
85.4014,0,0.1343994140625,0,-0.57958984375,0,-0.044097900390625,0,-0.186767578125
85.4166,0,0.1343994140625,0,0.2362060546875,0,-0.044097900390625,0,-0.245849609375
85.4209,0,0.11444091796875,0,0.2362060546875,0,-0.029266357421875,0,-0.245849609375
85.4379,0,0.11444091796875,0,0.2587890625,0,-0.029266357421875,0,-0.245849609375
85.4421,0,-0.184814453125,0,0.2587890625,0,-0.0675048828125,0,0.1907958984375
85.4554,0,-0.184814453125,0,-0.218017578125,0,-0.0675048828125,0,0.1907958984375
85.4622,0,0.07183837890625,0,-0.218017578125,0,-0.0406494140625,0,-0.08135986328125
85.4773,0,0.07183837890625,0,-0.146728515625,0,-0.0406494140625,0,-0.08135986328125
85.4958,0,-0.1453857421875,0,-0.146728515625,0,0.0772705078125,0,-0.04949951171875
85.5031,0,-0.006061553955078125,0,-0.89990234375,0,0.0772705078125,0,-0.04949951171875
85.5178,0,-0.006061553955078125,0,-0.89990234375,0,-0.080810546875,0,0.0860595703125
85.5207,0,-0.006061553955078125,0,0.0721435546875,0,-0.080810546875,0,0.0860595703125
85.5368,0,-0.119873046875,0,0.0721435546875,0,-0.0511474609375,0,0.1854248046875
85.5405,0,-0.119873046875,0,0.1988525390625,0,-0.0511474609375,0,0.1854248046875
85.5540,0,0.199951171875,0,0.1988525390625,0,-0.0460205078125,0,0.11431884765625
85.5600,0,-0.08709716796875,0,0.2138671875,0,-0.06292724609375,0,0.2005615234375
85.5777,0,-0.08709716796875,0,0.1378173828125,0,-0.06292724609375,0,0.2005615234375
85.5833,0,0.053863525390625,0,0.1378173828125,0,0.045135498046875,0,-0.12646484375
85.5966,0,0.053863525390625,0,0.1839599609375,0,0.045135498046875,0,-0.12646484375
85.6017,0,0.053863525390625,0,0.1839599609375,0,0.04119873046875,0,-0.22705078125
85.6164,0,-0.1566162109375,0,0.1839599609375,0,0.04119873046875,0,-0.22705078125
85.6208,0,-0.1566162109375,0,0.290771484375,0,0.04119873046875,0,-0.22705078125
85.6358,0,0.1339111328125,0,0.290771484375,0,-0.07421875,0,-0.304443359375
85.6435,0,0.1339111328125,0,0.23046875,0,-0.07421875,0,-0.304443359375
85.6554,0,-0.126708984375,0,0.23046875,0,-0.042877197265625,0,0.18212890625
85.6685,0,0.1363525390625,0,0.439453125,0,-0.0626220703125,0,-0.0228424072265625
85.6777,0,0.1363525390625,0,0.1961669921875,0,-0.0626220703125,0,-0.0228424072265625
85.6848,0,0.11016845703125,0,0.1961669921875,0,-0.0626220703125,0,-0.0228424072265625
85.6975,0,0.11016845703125,0,0.1961669921875,0,-0.06988525390625,0,0.03594970703125
85.7012,0,0.11016845703125,0,0.459716796875,0,-0.06988525390625,0,0.03594970703125
85.7151,0,0.0667724609375,0,0.459716796875,0,-0.028472900390625,0,-0.0728759765625
85.7207,0,0.0667724609375,0,0.04412841796875,0,-0.028472900390625,0,-0.0728759765625
85.7363,0,-0.2734375,0,0.04412841796875,0,0.0384521484375,0,-0.2171630859375
85.7426,0,-0.2734375,0,-0.2353515625,0,0.0384521484375,0,-0.2171630859375
85.7553,0,-0.24560546875,0,-0.2353515625,0,0.037261962890625,0,-0.2139892578125
85.7597,0,-0.24560546875,0,0.41748046875,0,0.037261962890625,0,-0.2139892578125
85.7733,0,-0.1588134765625,0,0.41748046875,0,-0.0168914794921875,0,0.1827392578125
85.7841,0,-0.1588134765625,0,0.4580078125,0,-0.0168914794921875,0,0.1827392578125
85.7956,0,-0.0958251953125,0,0.4580078125,0,-0.06585693359375,0,-0.238525390625
85.8014,0,-0.0958251953125,0,0.498291015625,0,-0.06585693359375,0,-0.238525390625
85.8161,0,0.2139892578125,0,0.498291015625,0,-0.03472900390625,0,-0.1981201171875
85.8230,0,0.2139892578125,0,-0.40576171875,0,-0.03472900390625,0,-0.1981201171875
85.8366,0,0.132568359375,0,-0.40576171875,0,-0.053436279296875,0,-0.230712890625
85.8466,0,0.132568359375,0,0.197021484375,0,-0.053436279296875,0,-0.230712890625
85.8539,0,-0.1524658203125,0,0.197021484375,0,-0.037445068359375,0,0.1256103515625
85.8663,0,-0.1524658203125,0,0.09417724609375,0,-0.037445068359375,0,0.1256103515625
85.8732,0,-0.20703125,0,0.09417724609375,0,-0.04595947265625,0,0.17333984375
85.8868,0,-0.20703125,0,0.12939453125,0,-0.04595947265625,0,0.17333984375
85.8928,0,-0.2310791015625,0,0.12939453125,0,-0.062469482421875,0,0.0123443603515625
85.9056,0,-0.2310791015625,0,-0.109375,0,-0.062469482421875,0,0.0123443603515625
85.9099,0,0.13916015625,0,-0.109375,0,-0.0606689453125,0,-0.1622314453125
85.9245,0,0.13916015625,0,-0.50439453125,0,-0.0606689453125,0,-0.1622314453125
85.9327,0,-0.045135498046875,0,-0.50439453125,0,-0.040374755859375,0,-0.20166015625
85.9500,0,-0.045135498046875,0,-0.87255859375,0,-0.040374755859375,0,-0.20166015625
85.9548,0,-0.13330078125,0,-0.87255859375,0,-0.06292724609375,0,-0.12371826171875
85.9683,0,-0.13330078125,0,0.265625,0,-0.06292724609375,0,-0.12371826171875
85.9736,0,0.07525634765625,0,0.265625,0,0.123046875,0,-0.18017578125
85.9887,0,0.07525634765625,0,0.287841796875,0,0.123046875,0,-0.18017578125
85.9939,0,-0.1829833984375,0,0.287841796875,0,-0.084716796875,0,-0.137451171875
86.0082,0,-0.1829833984375,0,0.37451171875,0,-0.084716796875,0,-0.137451171875
86.0135,0,0.0704345703125,0,0.37451171875,0,-0.08111572265625,0,0.1614990234375
86.0292,0,0.0704345703125,0,-0.239013671875,0,-0.08111572265625,0,0.1614990234375
86.0355,0,0.09710693359375,0,-0.239013671875,0,-0.016876220703125,0,-0.211669921875
86.0492,0,0.09710693359375,0,-0.76611328125,0,-0.016876220703125,0,-0.211669921875
86.0545,0,0.07745361328125,0,-0.76611328125,0,-0.027069091796875,0,0.19970703125
86.0697,0,0.07745361328125,0,0.3310546875,0,-0.027069091796875,0,0.19970703125
86.0746,0,0.1666259765625,0,0.3310546875,0,-0.07647705078125,0,0.2509765625
86.0899,0,0.1666259765625,0,-1.14453125,0,-0.07647705078125,0,0.2509765625
86.0974,0,-0.032012939453125,0,-1.14453125,0,0.06268310546875,0,0.061553955078125
86.1102,0,-0.032012939453125,0,-0.162841796875,0,0.06268310546875,0,0.061553955078125
86.1199,0,0.0745849609375,0,-0.162841796875,0,-0.06268310546875,0,0.2034912109375
86.1300,0,0.1270751953125,0,0.394287109375,0,-0.07904052734375,0,0.1434326171875
86.1465,0,0.1270751953125,0,0.158935546875,0,-0.07904052734375,0,0.1434326171875
86.1548,0,-0.1864013671875,0,0.158935546875,0,-0.08135986328125,0,0.169677734375
86.1671,0,-0.1864013671875,0,0.515625,0,-0.08135986328125,0,0.169677734375
86.1752,0,0.0245208740234375,0,0.515625,0,-0.023223876953125,0,-0.164794921875
86.1869,0,0.0245208740234375,0,0.07562255859375,0,-0.023223876953125,0,-0.164794921875
86.1941,0,-0.0220947265625,0,0.07562255859375,0,-0.034881591796875,0,0.1273193359375
86.2100,0,-0.0220947265625,0,0.232666015625,0,-0.034881591796875,0,0.1273193359375
86.2144,0,-0.0251312255859375,0,0.232666015625,0,-0.016937255859375,0,-0.2095947265625
86.2295,0,-0.0251312255859375,0,0.587890625,0,-0.016937255859375,0,-0.2095947265625
86.2345,0,0.173095703125,0,0.587890625,0,-0.0296783447265625,0,-0.07122802734375
86.2494,0,0.1900634765625,0,0.5107421875,0,-0.05352783203125,0,-0.10968017578125
86.2675,0,0.1900634765625,0,-0.16748046875,0,-0.05352783203125,0,-0.10968017578125
86.2719,0,0.054412841796875,0,-0.16748046875,0,-0.0438232421875,0,0.09149169921875
86.2896,0,0.054412841796875,0,0.377197265625,0,-0.0438232421875,0,0.09149169921875
86.2920,0,0.1458740234375,0,0.377197265625,0,-0.06048583984375,0,0.047210693359375
86.3070,0,0.1458740234375,0,-0.80810546875,0,-0.06048583984375,0,0.047210693359375
86.3114,0,-0.037322998046875,0,-0.80810546875,0,0.03125,0,0.2000732421875
86.3291,0,-0.037322998046875,0,-0.1663818359375,0,0.03125,0,0.2000732421875
86.3326,0,0.2010498046875,0,-0.1663818359375,0,-0.0271148681640625,0,0.06011962890625
86.3477,0,0.2010498046875,0,-0.022979736328125,0,-0.0271148681640625,0,0.06011962890625
86.3547,0,-0.28515625,0,-0.022979736328125,0,0.037017822265625,0,-0.055633544921875
86.3686,0,-0.28515625,0,-0.240966796875,0,0.037017822265625,0,-0.055633544921875
86.3731,0,-0.138671875,0,-0.240966796875,0,-0.0736083984375,0,0.1925048828125
86.3893,0,-0.138671875,0,0.0595703125,0,-0.0736083984375,0,0.1925048828125
86.4015,0,0.2125244140625,0,0.0595703125,0,-0.038604736328125,0,0.2119140625
86.4092,0,0.2125244140625,0,0.038604736328125,0,-0.038604736328125,0,0.2119140625
86.4168,0,0.1949462890625,0,0.038604736328125,0,-0.0294189453125,0,-0.051544189453125
86.4335,0,0.1949462890625,0,-0.77001953125,0,-0.0294189453125,0,-0.051544189453125
86.4352,0,0.12261962890625,0,-0.77001953125,0,-0.07568359375,0,-0.263427734375
86.4531,0,0.12261962890625,0,0.07940673828125,0,-0.07568359375,0,-0.263427734375
86.4563,0,0.1829833984375,0,0.07940673828125,0,0.04632568359375,0,-0.205810546875
86.4726,0,0.1829833984375,0,0.2034912109375,0,0.04632568359375,0,-0.205810546875
86.4808,0,-0.09814453125,0,0.2034912109375,0,-0.0565185546875,0,-0.12005615234375
86.4914,0,-0.09814453125,0,0.207763671875,0,-0.0565185546875,0,-0.12005615234375
86.5010,0,-0.3212890625,0,0.207763671875,0,-0.0220947265625,0,-0.26904296875
86.5110,0,-0.3212890625,0,0.393798828125,0,-0.0220947265625,0,-0.26904296875
86.5147,0,0.059783935546875,0,0.393798828125,0,-0.0220947265625,0,-0.26904296875
86.5278,0,0.059783935546875,0,0.393798828125,0,-0.08642578125,0,-0.10797119140625
86.5339,0,0.059783935546875,0,0.406982421875,0,-0.08642578125,0,-0.10797119140625
86.5504,0,0.182861328125,0,0.406982421875,0,0.0516357421875,0,-0.196533203125
86.5536,0,0.182861328125,0,0.0855712890625,0,0.0516357421875,0,-0.196533203125
86.5709,0,0.1802978515625,0,0.0855712890625,0,0.03369140625,0,0.1463623046875
86.5773,0,0.1802978515625,0,-0.40380859375,0,0.03369140625,0,0.1463623046875
86.5914,0,-0.08538818359375,0,-0.40380859375,0,-0.065185546875,0,-0.07086181640625
86.5942,0,-0.08538818359375,0,-0.6171875,0,-0.065185546875,0,-0.07086181640625
86.6106,0,0.03839111328125,0,-0.6171875,0,-0.044891357421875,0,0.2469482421875
86.6140,0,0.03839111328125,0,0.385009765625,0,-0.044891357421875,0,0.2469482421875
86.6275,0,0.0174713134765625,0,0.385009765625,0,-0.03875732421875,0,0.2034912109375
86.6336,0,0.0174713134765625,0,-0.67919921875,0,-0.03875732421875,0,0.2034912109375
86.6496,0,0.02471923828125,0,-0.67919921875,0,-0.0516357421875,0,0.10540771484375
86.6596,0,0.02471923828125,0,-0.0751953125,0,-0.0516357421875,0,0.10540771484375
86.6708,0,-0.2235107421875,0,-0.0751953125,0,-0.050933837890625,0,0.2039794921875
86.6782,0,-0.2235107421875,0,0.283447265625,0,-0.04840087890625,0,0.2039794921875
86.6891,0,-0.07666015625,0,0.283447265625,0,-0.04840087890625,0,0.233642578125
86.6935,0,-0.07666015625,0,0.39501953125,0,-0.04840087890625,0,0.233642578125
86.7086,0,0.212646484375,0,0.39501953125,0,0.08502197265625,0,0.2330322265625
86.7207,0,0.212646484375,0,-0.2142333984375,0,0.08502197265625,0,0.2330322265625
86.7284,0,-0.2108154296875,0,-0.2142333984375,0,0.07159423828125,0,-0.19970703125
86.7406,0,-0.2108154296875,0,0.180908203125,0,0.07159423828125,0,-0.19970703125
86.7457,0,0.10986328125,0,0.180908203125,0,-0.02581787109375,0,0.1376953125
86.7582,0,0.10986328125,0,0.287841796875,0,-0.02581787109375,0,0.1376953125
86.7685,0,-0.234619140625,0,0.287841796875,0,-0.03759765625,0,-0.1070556640625
86.7820,0,-0.234619140625,0,0.2354736328125,0,-0.03759765625,0,-0.1070556640625
86.7902,0,-0.0121307373046875,0,0.2354736328125,0,-0.1107177734375,0,-0.08953857421875
86.8030,0,-0.0121307373046875,0,-0.1478271484375,0,-0.1107177734375,0,-0.08953857421875
86.8064,0,-0.0121307373046875,0,-0.1478271484375,0,-0.045501708984375,0,0.12310791015625
86.8190,0,0.11456298828125,0,-0.1478271484375,0,-0.045501708984375,0,0.12310791015625
86.8259,0,-0.2337646484375,0,-0.041473388671875,0,-0.0733642578125,0,-0.08123779296875
86.8416,0,-0.2337646484375,0,-1.021484375,0,-0.0733642578125,0,-0.08123779296875
86.8515,0,0.0823974609375,0,-1.021484375,0,-0.1126708984375,0,0.048736572265625
86.8613,0,0.0823974609375,0,0.308837890625,0,-0.1126708984375,0,0.048736572265625
86.8652,0,0.0823974609375,0,0.308837890625,0,-0.05621337890625,0,0.048736572265625
86.8781,0,0.1343994140625,0,0.308837890625,0,-0.05621337890625,0,-0.104248046875
86.8879,0,0.1343994140625,0,-0.34033203125,0,0.040924072265625,0,-0.14990234375
86.8976,0,-0.154052734375,0,-0.34033203125,0,0.040924072265625,0,-0.14990234375
86.9078,0,-0.154052734375,0,0.290283203125,0,-0.046478271484375,0,0.2005615234375
86.9178,0,-0.10821533203125,0,0.290283203125,0,-0.046478271484375,0,0.2005615234375
86.9244,0,-0.10821533203125,0,-0.06494140625,0,-0.1148681640625,0,0.2005615234375
86.9346,0,0.12060546875,0,-0.06494140625,0,-0.1148681640625,0,0.133544921875
86.9467,0,0.12060546875,0,-0.8076171875,0,0.032958984375,0,0.133544921875
86.9640,0,-0.1036376953125,0,-0.8076171875,0,0.032958984375,0,0.177490234375
86.9681,0,-0.1036376953125,0,-0.5419921875,0,0.041473388671875,0,0.087158203125
86.9838,0,-0.0985107421875,0,-0.5419921875,0,0.041473388671875,0,0.087158203125
86.9876,0,-0.0985107421875,0,-0.69189453125,0,0.041473388671875,0,0.087158203125
86.9987,0,-0.1370849609375,0,-0.69189453125,0,-0.03399658203125,0,0.1798095703125
87.0070,0,-0.1370849609375,0,0.0615234375,0,-0.03399658203125,0,0.1798095703125
87.0211,0,0.0904541015625,0,0.0615234375,0,-0.08843994140625,0,-0.2138671875
87.0294,0,0.0904541015625,0,0.372314453125,0,-0.01099395751953125,0,-0.2138671875
87.0419,0,0.080810546875,0,0.372314453125,0,-0.01099395751953125,0,-0.0224761962890625
87.0487,0,0.080810546875,0,0.2744140625,0,0.034271240234375,0,0.1754150390625
87.0613,0,-0.1160888671875,0,0.2744140625,0,0.034271240234375,0,0.1754150390625
87.0725,0,-0.1160888671875,0,-0.447509765625,0,0.0645751953125,0,0.1729736328125
87.0811,0,-0.2322998046875,0,-0.447509765625,0,0.0645751953125,0,0.1729736328125
87.0857,0,-0.2322998046875,0,0.251953125,0,0.0645751953125,0,0.1729736328125
87.0968,0,0.076171875,0,0.251953125,0,-0.0599365234375,0,0.2041015625
87.1089,0,0.076171875,0,-0.040679931640625,0,-0.0599365234375,0,0.2041015625
87.1169,0,0.2103271484375,0,-0.040679931640625,0,-0.0193634033203125,0,-0.07818603515625
87.1344,0,0.2103271484375,0,-0.875,0,-0.041290283203125,0,-0.07818603515625
87.1365,0,-0.1611328125,0,-0.875,0,-0.041290283203125,0,-0.05230712890625
87.1529,0,-0.1611328125,0,-0.2109375,0,-0.050506591796875,0,-0.05230712890625
87.1573,0,-0.1285400390625,0,-0.2109375,0,-0.050506591796875,0,0.082275390625
87.1714,0,-0.1285400390625,0,-0.74560546875,0,-0.050506591796875,0,0.082275390625
87.1769,0,0.1771240234375,0,-0.74560546875,0,-0.0845947265625,0,-0.1947021484375
87.1923,0,0.1771240234375,0,-0.07098388671875,0,-0.0845947265625,0,-0.1947021484375
87.1997,0,0.1771240234375,0,-0.07098388671875,0,-0.016754150390625,0,-0.2232666015625
87.2130,0,-0.06890869140625,0,-0.07098388671875,0,-0.016754150390625,0,-0.2232666015625
87.2176,0,-0.1197509765625,0,-0.5146484375,0,-0.13525390625,0,-0.1876220703125
87.2345,0,-0.1197509765625,0,0.333984375,0,-0.13525390625,0,-0.1876220703125
87.2403,0,-0.08758544921875,0,0.333984375,0,-0.12261962890625,0,-0.20166015625
87.2547,0,-0.08758544921875,0,0.414794921875,0,-0.12261962890625,0,-0.20166015625
87.2579,0,-0.08758544921875,0,0.414794921875,0,-0.042877197265625,0,0.239990234375
87.2724,0,-0.0213775634765625,0,0.414794921875,0,-0.042877197265625,0,0.239990234375
87.2782,0,-0.0213775634765625,0,0.5634765625,0,-0.072509765625,0,-0.1680908203125
87.2920,0,-0.1397705078125,0,0.5634765625,0,-0.072509765625,0,-0.1680908203125
