t,FR_rpm,FR_amp,FL_rpm,FL_amp,RR_rpm,RR_amp,RL_rpm,RL_amp
0.0000,0,0.1822509765625,0,0.125,0,-0.052490234375,0,-0.283203125
0.0142,0,0.1822509765625,0,-0.15234375,0,-0.052490234375,0,0.2109375
0.0180,0,0.08056640625,0,-0.15234375,0,-0.052490234375,0,0.2109375
0.0305,0,0.08056640625,0,-0.15234375,0,-0.05743408203125,0,0.1737060546875
0.0438,0,-0.035125732421875,0,0.46044921875,0,0.025360107421875,0,-0.037139892578125
0.0502,0,-0.035125732421875,0,0.2496337890625,0,0.025360107421875,0,-0.037139892578125
0.0620,0,0.09454345703125,0,0.2496337890625,0,-0.0218505859375,0,-0.0548095703125
0.0699,0,0.09454345703125,0,0.5087890625,0,-0.0218505859375,0,-0.0548095703125
0.0811,0,-0.0311126708984375,0,0.5087890625,0,-0.0241851806640625,0,0.1092529296875
0.0893,0,0.09808349609375,0,0.5126953125,0,-0.0241851806640625,0,0.1092529296875
0.1012,0,0.09808349609375,0,0.5126953125,0,-0.0241851806640625,0,0.027313232421875
0.1097,0,0.053924560546875,0,0.09552001953125,0,0.098388671875,0,0.027313232421875
0.1218,0,0.053924560546875,0,0.09552001953125,0,0.134521484375,0,0.1812744140625
0.1304,0,0.053924560546875,0,-0.77392578125,0,0.134521484375,0,0.1812744140625
0.1413,0,-0.21435546875,0,-0.77392578125,0,0.134521484375,0,0.1812744140625
0.1500,0,-0.21435546875,0,0.276611328125,0,0.046630859375,0,0.11358642578125
0.1626,0,0.1207275390625,0,0.276611328125,0,0.046630859375,0,0.11358642578125
0.1719,0,0.1207275390625,0,0.26953125,0,0.06640625,0,-0.0794677734375
0.1821,0,0.038330078125,0,0.26953125,0,-0.037322998046875,0,-0.0794677734375
0.1917,0,0.038330078125,0,0.467041015625,0,-0.037322998046875,0,0.038818359375
0.2030,0,-0.1602783203125,0,0.467041015625,0,-0.037322998046875,0,0.038818359375
0.2126,0,-0.1602783203125,0,0.266357421875,0,-0.04180908203125,0,0.10284423828125
0.2343,0,0.13916015625,0,0.266357421875,0,0.036712646484375,0,0.11248779296875
0.2461,0,0.11767578125,0,-0.791015625,0,-0.045928955078125,0,0.1304931640625
0.2571,0,-0.203857421875,0,-0.791015625,0,-0.045928955078125,0,0.1304931640625
0.2683,0,-0.203857421875,0,0.2135009765625,0,-0.031890869140625,0,0.1634521484375
0.2784,0,0.07220458984375,0,0.2135009765625,0,-0.031890869140625,0,0.1634521484375
0.2895,0,0.07220458984375,0,0.2135009765625,0,-0.0181121826171875,0,0.1956787109375
0.2980,0,-0.032806396484375,0,0.1143798828125,0,-0.0181121826171875,0,0.1956787109375
0.3066,0,-0.032806396484375,0,0.1143798828125,0,-0.03515625,0,-0.09130859375
0.3180,0,0.00970458984375,0,-0.51611328125,0,-0.050506591796875,0,-0.2919921875
0.3301,0,0.00970458984375,0,-0.76708984375,0,-0.050506591796875,0,-0.2919921875
0.3429,0,0.12548828125,0,-0.76708984375,0,0.053253173828125,0,0.11041259765625
0.3497,0,0.12548828125,0,-0.56884765625,0,0.053253173828125,0,0.11041259765625
0.3617,0,0.11376953125,0,-0.56884765625,0,0.053253173828125,0,0.11041259765625
0.3696,0,0.11376953125,0,0.3564453125,0,-0.011505126953125,0,0.1861572265625
0.3821,0,-0.1326904296875,0,0.3564453125,0,-0.011505126953125,0,0.1861572265625
0.3894,0,-0.1326904296875,0,-0.0853271484375,0,0.08343505859375,0,0.14208984375
0.4006,0,0.1041259765625,0,-0.0853271484375,0,0.08343505859375,0,0.0806884765625
0.4097,0,0.1041259765625,0,0.1328125,0,-0.057586669921875,0,0.0806884765625
0.4203,0,-0.0570068359375,0,0.1328125,0,-0.057586669921875,0,0.1728515625
0.4286,0,-0.0570068359375,0,0.382080078125,0,-0.03436279296875,0,0.1728515625
0.4397,0,-0.07244873046875,0,0.382080078125,0,-0.03436279296875,0,0.1728515625
0.4497,0,-0.07244873046875,0,0.382080078125,0,-0.045806884765625,0,-0.043853759765625
0.4629,0,0.12158203125,0,0.07318115234375,0,-0.045806884765625,0,-0.043853759765625
0.4722,0,0.12158203125,0,0.07318115234375,0,0.09002685546875,0,0.17041015625
0.4817,0,0.155517578125,0,-0.9482421875,0,0.09002685546875,0,0.17041015625
0.4901,0,0.155517578125,0,-0.9482421875,0,0.0321044921875,0,-0.1298828125
0.5018,0,0.1602783203125,0,-0.12255859375,0,0.0321044921875,0,-0.1298828125
0.5098,0,0.1602783203125,0,-0.12255859375,0,-0.0285186767578125,0,-0.287109375
0.5251,0,0.040740966796875,0,0.266845703125,0,-0.0285186767578125,0,-0.287109375
0.5305,0,0.040740966796875,0,0.266845703125,0,0.1187744140625,0,0.1961669921875
0.5418,0,0.0665283203125,0,0.1732177734375,0,0.1187744140625,0,0.1961669921875
0.5501,0,0.0665283203125,0,0.1732177734375,0,-0.0044708251953125,0,-0.240234375
0.5621,0,0.1290283203125,0,0.1728515625,0,-0.0044708251953125,0,-0.240234375
0.5690,0,0.1290283203125,0,0.1728515625,0,0.039093017578125,0,0.1649169921875
0.5819,0,0.1290283203125,0,-0.1815185546875,0,0.039093017578125,0,0.1649169921875
0.5905,0,0.15625,0,-0.1815185546875,0,0.039093017578125,0,0.2171630859375
0.6012,0,0.050445556640625,0,0.28759765625,0,0.07293701171875,0,0.2171630859375
0.6107,0,0.050445556640625,0,0.28759765625,0,0.0751953125,0,-0.1507568359375
0.6219,0,0.050445556640625,0,-0.4052734375,0,0.0751953125,0,-0.1507568359375
0.6302,0,-0.106689453125,0,-0.4052734375,0,0.0231170654296875,0,-0.0509033203125
0.6421,0,-0.1929931640625,0,-0.54833984375,0,0.0231170654296875,0,-0.0509033203125
0.6499,0,-0.1929931640625,0,-0.54833984375,0,0.0231170654296875,0,0.2022705078125
0.6647,0,-0.0762939453125,0,-0.044036865234375,0,0.1109619140625,0,0.2022705078125
0.6722,0,-0.0762939453125,0,-0.044036865234375,0,0.1109619140625,0,0.043792724609375
0.6820,0,-0.0762939453125,0,0.227783203125,0,-0.055145263671875,0,0.043792724609375
0.6928,0,-0.07733154296875,0,0.227783203125,0,-0.055145263671875,0,0.06170654296875
0.7024,0,-0.07733154296875,0,-0.215576171875,0,-0.09515380859375,0,0.06170654296875
0.7134,0,0.1688232421875,0,-0.215576171875,0,-0.09515380859375,0,0.2320556640625
0.7240,0,0.1688232421875,0,0.28662109375,0,-0.018035888671875,0,0.2320556640625
0.7337,0,-0.064208984375,0,0.28662109375,0,-0.018035888671875,0,-0.2037353515625
0.7451,0,-0.064208984375,0,-0.62060546875,0,-0.071044921875,0,-0.2037353515625
0.7538,0,-0.25830078125,0,-0.62060546875,0,-0.071044921875,0,0.24169921875
0.7650,0,-0.25830078125,0,0.1787109375,0,0.06951904296875,0,0.24169921875
0.7731,0,-0.0955810546875,0,0.1787109375,0,0.06951904296875,0,0.1002197265625
0.7857,0,-0.0955810546875,0,0.2337646484375,0,0.1302490234375,0,0.1002197265625
0.7939,0,0.1488037109375,0,0.2337646484375,0,0.1302490234375,0,0.2086181640625
0.8038,0,0.1488037109375,0,0.253173828125,0,-0.036895751953125,0,0.2086181640625
0.8146,0,0.095947265625,0,0.253173828125,0,-0.036895751953125,0,-0.2841796875
0.8257,0,0.095947265625,0,-0.82275390625,0,-0.039703369140625,0,-0.2841796875
0.8334,0,0.07232666015625,0,-0.82275390625,0,-0.039703369140625,0,-0.0369873046875
0.8483,0,0.07232666015625,0,0.218505859375,0,0.0679931640625,0,-0.0369873046875
0.8550,0,0.1007080078125,0,0.218505859375,0,0.0679931640625,0,-0.0369873046875
0.8647,0,0.1007080078125,0,0.2252197265625,0,0.035400390625,0,0.1536865234375
0.8745,0,-0.198486328125,0,0.2252197265625,0,0.035400390625,0,0.1536865234375
0.8862,0,-0.198486328125,0,0.2252197265625,0,0.1107177734375,0,0.05010986328125
0.8956,0,0.1796875,0,0.397216796875,0,0.1107177734375,0,0.05010986328125
0.9061,0,0.1796875,0,0.397216796875,0,-0.038330078125,0,-0.2822265625
0.9148,0,0.031646728515625,0,0.128662109375,0,-0.038330078125,0,-0.2822265625
0.9339,0,-0.23681640625,0,0.388671875,0,-0.012786865234375,0,0.1934814453125
0.9439,0,-0.23681640625,0,0.388671875,0,-0.09893798828125,0,0.1715087890625
0.9522,0,-0.14501953125,0,0.30078125,0,-0.09893798828125,0,0.1715087890625
0.9613,0,-0.14501953125,0,0.30078125,0,-0.0274810791015625,0,-0.046173095703125
0.9723,0,-0.14501953125,0,-0.50390625,0,-0.0274810791015625,0,-0.046173095703125
0.9846,0,-0.10015869140625,0,-0.50390625,0,0.0255279541015625,0,0.2330322265625
0.9924,0,-0.10015869140625,0,-0.89501953125,0,0.0255279541015625,0,0.2330322265625
1.0032,0,-0.1982421875,0,-0.89501953125,0,0.0255279541015625,0,-0.04632568359375
1.0170,0,-0.1265869140625,0,0.2005615234375,0,-0.04351806640625,0,-0.04632568359375
1.0253,0,-0.1265869140625,0,0.2005615234375,0,0.055206298828125,0,-0.255859375
1.0354,0,-0.1265869140625,0,-0.219482421875,0,0.055206298828125,0,-0.255859375
1.0466,0,0.05902099609375,0,-0.219482421875,0,0.053497314453125,0,0.156982421875
1.0535,0,0.05902099609375,0,0.224609375,0,0.053497314453125,0,0.156982421875
1.0647,0,0.08721923828125,0,0.224609375,0,0.053497314453125,0,0.219970703125
1.0734,0,0.08721923828125,0,0.047027587890625,0,0.09814453125,0,0.219970703125
1.0887,0,-0.265625,0,0.1890869140625,0,-0.027557373046875,0,0.048675537109375
1.1019,0,-0.0211944580078125,0,0.1890869140625,0,-0.027557373046875,0,-0.288818359375
1.1097,0,-0.0211944580078125,0,0.10638427734375,0,0.01953125,0,-0.288818359375
1.1205,0,-0.1268310546875,0,0.10638427734375,0,0.01953125,0,-0.288818359375
1.1321,0,-0.1268310546875,0,0.057769775390625,0,0.0653076171875,0,0.0506591796875
1.1410,0,0.037811279296875,0,0.057769775390625,0,0.0653076171875,0,0.0506591796875
1.1496,0,0.037811279296875,0,0.057769775390625,0,-0.1009521484375,0,0.152587890625
1.1607,0,-0.048553466796875,0,0.3330078125,0,-0.1009521484375,0,0.152587890625
1.1716,0,-0.048553466796875,0,0.3779296875,0,0.1021728515625,0,0.134033203125
1.1831,0,0.11395263671875,0,0.3779296875,0,0.1021728515625,0,0.134033203125
1.1912,0,0.11395263671875,0,0.21142578125,0,-0.0538330078125,0,0.2271728515625
1.2032,0,0.1544189453125,0,0.21142578125,0,-0.0538330078125,0,0.2271728515625
1.2109,0,0.1544189453125,0,0.21142578125,0,0.10382080078125,0,0.272216796875
1.2225,0,0.155029296875,0,-0.818359375,0,0.10382080078125,0,0.272216796875
1.2322,0,0.155029296875,0,-0.6708984375,0,0.0733642578125,0,-0.2369384765625
1.2429,0,-0.0054779052734375,0,-0.6708984375,0,0.0733642578125,0,-0.2369384765625
1.2521,0,-0.0054779052734375,0,0.395751953125,0,-0.041717529296875,0,0.04864501953125
1.2633,0,-0.189453125,0,0.395751953125,0,-0.041717529296875,0,0.04864501953125
1.2711,0,-0.189453125,0,0.395751953125,0,0.1500244140625,0,0.238037109375
1.2853,0,0.110107421875,0,-0.5791015625,0,0.1500244140625,0,0.238037109375
1.2928,0,0.110107421875,0,-0.5791015625,0,0.11083984375,0,-0.26806640625
1.3047,0,0.067626953125,0,-0.0899658203125,0,0.11083984375,0,-0.26806640625
1.3140,0,0.067626953125,0,-0.0899658203125,0,0.06500244140625,0,0.2216796875
1.3300,0,-0.1358642578125,0,-0.759765625,0,-0.039337158203125,0,-0.005035400390625
1.3435,0,-0.166259765625,0,-0.8408203125,0,-0.039337158203125,0,-0.005035400390625
1.3553,0,-0.166259765625,0,-0.8408203125,0,-0.04730224609375,0,0.06396484375
1.3708,0,0.1700439453125,0,0.260009765625,0,-0.04730224609375,0,-0.2398681640625
1.3838,0,0.13134765625,0,-0.1038818359375,0,-0.048431396484375,0,-0.2398681640625
1.3906,0,0.13134765625,0,-0.1038818359375,0,-0.048431396484375,0,0.1324462890625
1.4019,0,0.13134765625,0,-0.8076171875,0,0.04718017578125,0,0.1324462890625
1.4104,0,0.154052734375,0,-0.8076171875,0,-0.023101806640625,0,-0.2000732421875
1.4211,0,0.154052734375,0,0.54833984375,0,-0.023101806640625,0,-0.2000732421875
1.4299,0,0.04498291015625,0,0.54833984375,0,-0.023101806640625,0,0.173583984375
1.4417,0,-0.193115234375,0,0.04388427734375,0,-0.0230560302734375,0,0.173583984375
1.4511,0,-0.193115234375,0,0.04388427734375,0,-0.0230560302734375,0,-0.26611328125
1.4670,0,-0.193115234375,0,0.56640625,0,0.059326171875,0,-0.26611328125
1.4707,0,0.07220458984375,0,0.56640625,0,0.059326171875,0,0.1295166015625
1.4841,0,-0.01171875,0,0.075439453125,0,-0.05908203125,0,0.1295166015625
1.4906,0,-0.01171875,0,0.075439453125,0,-0.05908203125,0,0.25830078125
1.5059,0,-0.01171875,0,-0.299560546875,0,0.066162109375,0,0.25830078125
1.5153,0,-0.060089111328125,0,-0.299560546875,0,0.066162109375,0,0.25830078125
1.5230,0,-0.060089111328125,0,-0.299560546875,0,-0.044403076171875,0,-0.07928466796875
1.5315,0,-0.08148193359375,0,0.482666015625,0,-0.044403076171875,0,0.156982421875
1.5429,0,-0.08148193359375,0,0.1727294921875,0,0.0528564453125,0,0.156982421875
1.5510,0,0.15673828125,0,0.1727294921875,0,0.0528564453125,0,-0.0080108642578125
1.5627,0,0.15673828125,0,0.392333984375,0,0.04241943359375,0,-0.0080108642578125
1.5723,0,0.10284423828125,0,0.392333984375,0,0.04241943359375,0,0.0435791015625
1.5860,0,0.10284423828125,0,0.392333984375,0,0.0826416015625,0,0.0435791015625
1.5909,0,0.132568359375,0,0.2880859375,0,0.0826416015625,0,0.1256103515625
1.6039,0,0.132568359375,0,0.1185302734375,0,-0.0250701904296875,0,0.1256103515625
1.6123,0,-0.10260009765625,0,0.1185302734375,0,-0.0250701904296875,0,0.1256103515625
1.6344,0,-0.151611328125,0,-0.64990234375,0,0.05035400390625,0,0.126220703125
1.6422,0,-0.151611328125,0,0.2841796875,0,0.0218658447265625,0,0.126220703125
1.6514,0,0.1339111328125,0,0.2841796875,0,0.0218658447265625,0,0.08184814453125
1.6614,0,0.1339111328125,0,0.293701171875,0,-0.051605224609375,0,0.08184814453125
1.6724,0,-0.15185546875,0,0.293701171875,0,-0.051605224609375,0,-0.2110595703125
1.6835,0,-0.15185546875,0,-0.474853515625,0,-0.046600341796875,0,-0.2110595703125
1.6950,0,-0.17041015625,0,-0.474853515625,0,-0.046600341796875,0,-0.0335693359375
1.7042,0,-0.17041015625,0,0.1561279296875,0,-0.01352691650390625,0,-0.0335693359375
1.7131,0,0.0911865234375,0,0.1561279296875,0,-0.01352691650390625,0,-0.0335693359375
1.7235,0,0.0911865234375,0,0.293212890625,0,-0.02679443359375,0,-0.274658203125
1.7355,0,0.0711669921875,0,0.293212890625,0,-0.02679443359375,0,-0.04833984375
1.7440,0,0.0711669921875,0,0.217041015625,0,0.0347900390625,0,-0.04833984375
1.7551,0,-0.2349853515625,0,0.217041015625,0,0.0347900390625,0,0.097900390625
1.7609,0,-0.2349853515625,0,0.251220703125,0,0.07684326171875,0,0.097900390625
1.7727,0,0.141845703125,0,0.251220703125,0,0.07684326171875,0,0.097900390625
1.7851,0,0.141845703125,0,-0.172119140625,0,-0.027557373046875,0,0.1298828125
1.7932,0,-0.10174560546875,0,-0.172119140625,0,-0.027557373046875,0,0.1298828125
1.8031,0,-0.10174560546875,0,-0.693359375,0,-0.03631591796875,0,-0.1640625
1.8123,0,-0.2119140625,0,-0.693359375,0,-0.03631591796875,0,-0.015838623046875
1.8267,0,-0.2119140625,0,0.448486328125,0,0.053985595703125,0,-0.015838623046875
1.8320,0,-0.1688232421875,0,0.448486328125,0,0.053985595703125,0,0.1259765625
1.8479,0,-0.1688232421875,0,0.448486328125,0,-0.0318603515625,0,0.1259765625
1.8533,0,0.0455322265625,0,0.3837890625,0,-0.0318603515625,0,0.1259765625
1.8676,0,0.0455322265625,0,0.3837890625,0,0.06884765625,0,0.1734619140625
1.8728,0,0.09765625,0,0.54541015625,0,0.06884765625,0,0.1734619140625
1.8840,0,0.09765625,0,0.2978515625,0,0.07049560546875,0,0.12890625
1.8923,0,0.02972412109375,0,0.2978515625,0,0.07049560546875,0,0.12890625
1.9035,0,0.02972412109375,0,0.469482421875,0,-0.051055908203125,0,0.19580078125
1.9122,0,0.11285400390625,0,0.469482421875,0,-0.051055908203125,0,-0.20263671875
1.9244,0,0.11285400390625,0,0.1846923828125,0,-0.0034084320068359375,0,-0.20263671875
1.9305,0,0.050628662109375,0,0.1846923828125,0,-0.0034084320068359375,0,-0.20263671875
1.9411,0,0.050628662109375,0,0.1846923828125,0,-0.084716796875,0,0.11932373046875
1.9500,0,-0.273193359375,0,-0.03240966796875,0,-0.084716796875,0,0.11932373046875
1.9607,0,-0.273193359375,0,-0.03240966796875,0,0.0177001953125,0,0.1912841796875
1.9693,0,-0.273193359375,0,-0.4228515625,0,0.0177001953125,0,0.1912841796875
1.9805,0,0.12054443359375,0,-0.4228515625,0,-0.0701904296875,0,0.1177978515625
1.9890,0,0.12054443359375,0,-0.67041015625,0,-0.0701904296875,0,0.1177978515625
2.0002,0,0.1063232421875,0,-0.67041015625,0,0.0670166015625,0,0.03936767578125
2.0087,0,0.1063232421875,0,0.2293701171875,0,0.0670166015625,0,0.03936767578125
2.0206,0,-0.1444091796875,0,0.2293701171875,0,0.03778076171875,0,0.1927490234375
2.0301,0,-0.1444091796875,0,-0.1292724609375,0,0.03778076171875,0,0.1927490234375
2.0424,0,-0.150634765625,0,-0.1292724609375,0,0.03778076171875,0,0.20458984375
2.0533,0,-0.150634765625,0,-0.2254638671875,0,-0.01462554931640625,0,0.20458984375
2.0640,0,0.06683349609375,0,-0.2254638671875,0,-0.01462554931640625,0,-0.2235107421875
2.0726,0,0.06683349609375,0,-0.2254638671875,0,-0.04388427734375,0,-0.2235107421875
2.0859,0,-0.08990478515625,0,-0.081298828125,0,-0.071044921875,0,-0.1947021484375
2.0921,0,-0.08990478515625,0,-0.144775390625,0,-0.071044921875,0,-0.1947021484375
2.1038,0,-0.177490234375,0,-0.144775390625,0,-0.071044921875,0,0.2237548828125
2.1122,0,-0.177490234375,0,-0.144775390625,0,-0.04351806640625,0,0.2237548828125
2.1233,0,-0.06964111328125,0,-0.66748046875,0,-0.04351806640625,0,0.1466064453125
2.1319,0,-0.06964111328125,0,-0.66748046875,0,0.11669921875,0,0.1466064453125
2.1428,0,0.139892578125,0,0.31591796875,0,0.11669921875,0,-0.12030029296875
2.1519,0,0.139892578125,0,0.31591796875,0,0.050262451171875,0,-0.12030029296875
2.1630,0,-0.1387939453125,0,-0.58349609375,0,0.050262451171875,0,0.2003173828125
2.1710,0,-0.1387939453125,0,-0.58349609375,0,0.04290771484375,0,0.2003173828125
2.1849,0,-0.017791748046875,0,0.05322265625,0,0.04290771484375,0,0.10791015625
2.1926,0,-0.017791748046875,0,0.05322265625,0,-0.033172607421875,0,0.10791015625
2.2041,0,0.1434326171875,0,0.271484375,0,-0.033172607421875,0,0.10791015625
2.2131,0,0.1434326171875,0,0.271484375,0,0.087890625,0,-0.054901123046875
2.2250,0,0.16552734375,0,-0.271728515625,0,0.087890625,0,-0.054901123046875
2.2339,0,0.16552734375,0,-0.271728515625,0,-0.01273345947265625,0,-0.0697021484375
2.2447,0,-0.219482421875,0,0.168701171875,0,-0.01273345947265625,0,-0.0697021484375
2.2555,0,-0.219482421875,0,0.168701171875,0,-0.06622314453125,0,0.09173583984375
2.2639,0,0.055206298828125,0,0.1671142578125,0,-0.06622314453125,0,0.09173583984375
2.2718,0,0.055206298828125,0,0.1671142578125,0,0.0325927734375,0,0.1270751953125
2.2840,0,0.0648193359375,0,-0.4296875,0,0.0325927734375,0,0.1270751953125
2.2925,0,0.0648193359375,0,-0.4296875,0,0.05877685546875,0,0.22265625
2.3038,0,-0.1114501953125,0,0.5078125,0,0.05877685546875,0,0.22265625
2.3122,0,-0.1114501953125,0,0.5078125,0,-0.0194091796875,0,0.08343505859375
2.3231,0,-0.1114501953125,0,0.03045654296875,0,-0.0194091796875,0,0.08343505859375
2.3341,0,0.11993408203125,0,0.03045654296875,0,0.036376953125,0,0.1649169921875
2.3457,0,0.0792236328125,0,0.58837890625,0,0.036376953125,0,0.1649169921875
2.3540,0,0.0792236328125,0,0.58837890625,0,0.08184814453125,0,-0.29736328125
2.3622,0,0.0953369140625,0,-0.78955078125,0,0.08184814453125,0,-0.29736328125
2.3827,0,0.0516357421875,0,0.309814453125,0,-0.036407470703125,0,0.1614990234375
2.3894,0,0.0516357421875,0,0.309814453125,0,0.07733154296875,0,0.20166015625
2.4033,0,-0.195556640625,0,-0.7919921875,0,0.07733154296875,0,0.20166015625
2.4103,0,-0.195556640625,0,-0.7919921875,0,-0.039581298828125,0,0.1517333984375
2.4209,0,-0.195556640625,0,0.47265625,0,-0.039581298828125,0,0.1517333984375
2.4297,0,-0.1116943359375,0,0.47265625,0,0.031890869140625,0,-0.316162109375
2.4413,0,-0.1513671875,0,-0.12469482421875,0,0.031890869140625,0,-0.316162109375
2.4508,0,-0.1513671875,0,-0.12469482421875,0,-0.034820556640625,0,0.2548828125
2.4643,0,-0.022369384765625,0,-0.77001953125,0,-0.034820556640625,0,0.2548828125
2.4712,0,-0.022369384765625,0,-0.77001953125,0,-0.06280517578125,0,0.230712890625
2.4807,0,-0.022369384765625,0,-0.1024169921875,0,-0.06280517578125,0,0.230712890625
2.4926,0,0.037078857421875,0,-0.1024169921875,0,-0.039825439453125,0,-0.2454833984375
2.5016,0,0.037078857421875,0,0.34423828125,0,-0.039825439453125,0,-0.2454833984375
2.5106,0,0.18310546875,0,0.34423828125,0,-0.039825439453125,0,0.1575927734375
2.5241,0,0.18310546875,0,0.4375,0,-0.055267333984375,0,0.1575927734375
2.5332,0,0.08380126953125,0,0.4375,0,-0.055267333984375,0,0.19140625
2.5447,0,0.08380126953125,0,0.4375,0,0.053680419921875,0,0.19140625
2.5534,0,0.1585693359375,0,0.97021484375,0,0.053680419921875,0,-0.2939453125
2.5613,0,0.1585693359375,0,0.437255859375,0,-0.05548095703125,0,-0.2939453125
2.5708,0,-0.1336669921875,0,0.437255859375,0,-0.05548095703125,0,0.07708740234375
2.5856,0,-0.1336669921875,0,0.43701171875,0,0.0330810546875,0,0.07708740234375
2.5908,0,0.1451416015625,0,0.43701171875,0,0.0330810546875,0,-0.207275390625
2.6045,0,0.1451416015625,0,0.43701171875,0,0.09674072265625,0,-0.207275390625
2.6141,0,0.054840087890625,0,-0.433349609375,0,0.09674072265625,0,-0.207275390625
2.6250,0,0.054840087890625,0,-0.433349609375,0,0.0265350341796875,0,-0.11968994140625
2.6357,0,-0.17578125,0,-0.466796875,0,0.0265350341796875,0,-0.11968994140625
2.6446,0,-0.17578125,0,-0.09686279296875,0,0.04376220703125,0,0.0207672119140625
2.6542,0,0.043060302734375,0,-0.09686279296875,0,0.04376220703125,0,0.0207672119140625
2.6653,0,0.043060302734375,0,-0.09686279296875,0,-0.04400634765625,0,0.19873046875
2.6736,0,0.0992431640625,0,0.3505859375,0,-0.04400634765625,0,0.19873046875
2.6855,0,0.0992431640625,0,0.3505859375,0,0.02752685546875,0,-0.1817626953125
2.6957,0,0.103271484375,0,0.2822265625,0,0.02752685546875,0,-0.1817626953125
2.7062,0,0.103271484375,0,0.2822265625,0,0.126953125,0,-0.06396484375
2.7149,0,0.1363525390625,0,0.1505126953125,0,0.126953125,0,-0.06396484375
2.7257,0,0.1363525390625,0,0.1505126953125,0,-0.060333251953125,0,0.041107177734375
2.7359,0,0.126708984375,0,-0.79443359375,0,-0.060333251953125,0,0.041107177734375
2.7464,0,0.126708984375,0,-0.79443359375,0,-0.060089111328125,0,0.07763671875
2.7525,0,0.080322265625,0,0.2109375,0,-0.060089111328125,0,0.07763671875
2.7703,0,0.1173095703125,0,0.08447265625,0,-0.094970703125,0,-0.08489990234375
2.7787,0,0.1173095703125,0,0.08447265625,0,0.038543701171875,0,-0.1036376953125
2.7899,0,-0.1907958984375,0,-0.052032470703125,0,0.038543701171875,0,-0.1036376953125
2.8021,0,-0.1907958984375,0,-0.052032470703125,0,0.1058349609375,0,-0.1522216796875
2.8068,0,0.055572509765625,0,-0.62060546875,0,0.1058349609375,0,-0.1522216796875
2.8220,0,0.055572509765625,0,-0.62060546875,0,0.1058349609375,0,-0.258544921875
2.8337,0,-0.14208984375,0,0.484619140625,0,0.1038818359375,0,-0.258544921875
2.8416,0,-0.14208984375,0,0.484619140625,0,0.1038818359375,0,-0.251708984375
2.8512,0,-0.14208984375,0,0.05596923828125,0,0.091064453125,0,-0.251708984375
2.8624,0,0.08331298828125,0,0.05596923828125,0,0.03790283203125,0,-0.0105438232421875
2.8718,0,0.08331298828125,0,0.4638671875,0,0.03790283203125,0,-0.0105438232421875
2.8829,0,-0.24560546875,0,0.4638671875,0,0.03790283203125,0,-0.2095947265625
2.8918,0,-0.24560546875,0,-0.67919921875,0,-0.073486328125,0,-0.2095947265625
2.9001,0,-0.2130126953125,0,-0.67919921875,0,-0.073486328125,0,-0.10394287109375
2.9140,0,-0.2130126953125,0,0.251708984375,0,0.096435546875,0,-0.10394287109375
2.9239,0,0.1204833984375,0,0.251708984375,0,0.10162353515625,0,0.0364990234375
2.9307,0,0.1204833984375,0,-0.1663818359375,0,0.10162353515625,0,0.0364990234375
2.9442,0,-0.061187744140625,0,-0.1663818359375,0,0.10162353515625,0,0.0364990234375
2.9528,0,-0.061187744140625,0,0.46240234375,0,-0.043060302734375,0,0.1605224609375
2.9640,0,0.014129638671875,0,0.46240234375,0,-0.043060302734375,0,0.1605224609375
2.9743,0,0.014129638671875,0,-0.1375732421875,0,-0.024993896484375,0,0.046051025390625
2.9863,0,-0.035003662109375,0,-0.1375732421875,0,-0.024993896484375,0,0.046051025390625
2.9899,0,-0.035003662109375,0,0.326171875,0,0.0217742919921875,0,0.1800537109375
3.0051,0,-0.205810546875,0,0.326171875,0,0.0217742919921875,0,0.1800537109375
3.0133,0,-0.205810546875,0,-0.040802001953125,0,-0.08245849609375,0,-0.2734375
3.0244,0,-0.2330322265625,0,-0.040802001953125,0,-0.08245849609375,0,-0.2734375
3.0342,0,-0.2330322265625,0,-0.040802001953125,0,0.0963134765625,0,0.1810302734375
3.0470,0,0.12396240234375,0,-0.77392578125,0,-0.04248046875,0,0.210205078125
3.0553,0,0.12396240234375,0,0.33154296875,0,-0.04248046875,0,0.210205078125
3.0745,0,0.09393310546875,0,0.1727294921875,0,0.084716796875,0,0.1710205078125
3.0885,0,0.1160888671875,0,0.1727294921875,0,-0.01207733154296875,0,0.0526123046875
3.0992,0,-0.01461029052734375,0,-0.057525634765625,0,-0.01207733154296875,0,0.0526123046875
3.1080,0,-0.01461029052734375,0,-0.057525634765625,0,0.0418701171875,0,0.239501953125
3.1198,0,-0.1090087890625,0,0.437255859375,0,0.0418701171875,0,0.239501953125
3.1286,0,-0.1090087890625,0,0.437255859375,0,-0.026885986328125,0,-0.2491455078125
3.1396,0,-0.30126953125,0,-0.615234375,0,-0.026885986328125,0,-0.2491455078125
3.1468,0,-0.30126953125,0,-0.615234375,0,-0.05291748046875,0,0.060516357421875
3.1593,0,-0.239501953125,0,0.1968994140625,0,-0.05291748046875,0,0.060516357421875
3.1692,0,-0.239501953125,0,0.1968994140625,0,-0.07745361328125,0,0.1927490234375
3.1785,0,0.09991455078125,0,0.046234130859375,0,-0.07745361328125,0,0.1927490234375
3.1900,0,0.09991455078125,0,0.046234130859375,0,-0.07745361328125,0,0.1517333984375
3.2013,0,0.11285400390625,0,0.415283203125,0,-0.0264739990234375,0,0.1517333984375
3.2080,0,0.11285400390625,0,0.415283203125,0,-0.048126220703125,0,-0.0673828125
3.2217,0,0.11285400390625,0,-0.55615234375,0,-0.048126220703125,0,-0.0673828125
3.2302,0,-0.1822509765625,0,-0.55615234375,0,0.0787353515625,0,0.06134033203125
3.2417,0,-0.1822509765625,0,0.377197265625,0,0.0787353515625,0,0.06134033203125
3.2539,0,0.1048583984375,0,0.377197265625,0,0.0919189453125,0,-0.304931640625
3.2631,0,0.1048583984375,0,-0.5498046875,0,0.0919189453125,0,-0.304931640625
3.2729,0,-0.140625,0,-0.5498046875,0,0.0919189453125,0,-0.25
3.2829,0,-0.140625,0,0.45458984375,0,0.102783203125,0,-0.25
3.2922,0,-0.09454345703125,0,0.45458984375,0,0.048309326171875,0,-0.1317138671875
3.3020,0,-0.09454345703125,0,-0.03729248046875,0,0.048309326171875,0,-0.1317138671875
3.3081,0,0.09320068359375,0,-0.03729248046875,0,0.048309326171875,0,0.2349853515625
3.3228,0,0.09320068359375,0,0.1929931640625,0,-0.052398681640625,0,0.2349853515625
3.3312,0,0.10577392578125,0,0.1929931640625,0,-0.052398681640625,0,0.2247314453125
3.3436,0,0.10577392578125,0,-0.2041015625,0,-0.05029296875,0,0.2247314453125
3.3531,0,0.07623291015625,0,-0.2041015625,0,-0.05029296875,0,0.10906982421875
3.3633,0,0.07623291015625,0,0.5263671875,0,0.04144287109375,0,0.10906982421875
3.3730,0,0.0692138671875,0,0.5263671875,0,0.04144287109375,0,0.10906982421875
3.3852,0,0.0692138671875,0,-0.37939453125,0,-0.0628662109375,0,-0.252685546875
3.3925,0,0.140380859375,0,-0.37939453125,0,-0.0628662109375,0,-0.252685546875
3.4037,0,0.12255859375,0,0.33349609375,0,-0.06317138671875,0,0.162109375
3.4135,0,0.12255859375,0,0.33349609375,0,-0.06317138671875,0,-0.181640625
3.4245,0,0.12255859375,0,-0.1591796875,0,0.06402587890625,0,-0.181640625
3.4418,0,0.1546630859375,0,0.2421875,0,-0.052001953125,0,0.10382080078125
3.4531,0,0.10211181640625,0,0.2421875,0,-0.052001953125,0,-0.256103515625
3.4734,0,-0.176513671875,0,0.259765625,0,-0.0249481201171875,0,-0.256103515625
3.4851,0,-0.176513671875,0,-0.150146484375,0,-0.0202178955078125,0,-0.054443359375
3.4937,0,0.157470703125,0,-0.150146484375,0,-0.0202178955078125,0,-0.054443359375
3.5049,0,0.157470703125,0,-0.409423828125,0,-0.034423828125,0,-0.135498046875
3.5200,0,0.1583251953125,0,-0.329833984375,0,0.07818603515625,0,0.165283203125
3.5312,0,-0.252685546875,0,-0.329833984375,0,0.07818603515625,0,0.165283203125
3.5421,0,-0.252685546875,0,0.415771484375,0,0.044677734375,0,0.1680908203125
3.5512,0,0.0821533203125,0,0.415771484375,0,0.044677734375,0,0.1680908203125
3.5617,0,0.0821533203125,0,0.415771484375,0,0.084716796875,0,0.1514892578125
3.5712,0,0.1790771484375,0,-0.68701171875,0,0.084716796875,0,0.1514892578125
3.5826,0,0.1790771484375,0,-0.68701171875,0,-0.034149169921875,0,0.12286376953125
3.5908,0,-0.0249481201171875,0,0.5146484375,0,-0.034149169921875,0,0.12286376953125
3.6028,0,-0.0249481201171875,0,0.5146484375,0,0.1070556640625,0,0.1287841796875
3.6130,0,-0.03375244140625,0,0.443115234375,0,0.1070556640625,0,0.1287841796875
3.6213,0,-0.03375244140625,0,0.443115234375,0,-0.0201873779296875,0,-0.31103515625
3.6324,0,-0.0426025390625,0,0.48046875,0,-0.0201873779296875,0,-0.2427978515625
3.6421,0,-0.0426025390625,0,0.48046875,0,0.055572509765625,0,-0.2427978515625
3.6520,0,-0.2841796875,0,0.474609375,0,0.055572509765625,0,-0.2427978515625
3.6599,0,-0.2841796875,0,0.474609375,0,0.10772705078125,0,-0.161865234375
3.6715,0,0.168212890625,0,-0.8115234375,0,0.10772705078125,0,-0.161865234375
3.6822,0,0.168212890625,0,-0.8115234375,0,0.10772705078125,0,0.2437744140625
3.6915,0,-0.1358642578125,0,0.47900390625,0,0.043365478515625,0,0.2437744140625
3.7033,0,-0.1358642578125,0,0.47900390625,0,0.043365478515625,0,-0.294677734375
3.7127,0,0.0997314453125,0,0.0401611328125,0,-0.0204010009765625,0,-0.294677734375
3.7228,0,0.0997314453125,0,0.0401611328125,0,-0.0204010009765625,0,0.2313232421875
3.7325,0,0.1864013671875,0,-0.78662109375,0,-0.051177978515625,0,0.2313232421875
3.7409,0,0.1864013671875,0,-0.78662109375,0,-0.051177978515625,0,0.20751953125
3.7521,0,-0.2301025390625,0,0.435546875,0,-0.06427001953125,0,0.20751953125
3.7650,0,-0.2301025390625,0,0.501953125,0,-0.049835205078125,0,-0.09320068359375
3.7693,0,0.083251953125,0,0.501953125,0,-0.049835205078125,0,-0.09320068359375
3.7829,0,0.083251953125,0,0.501953125,0,-0.049835205078125,0,0.2041015625
3.7916,0,0.083251953125,0,-0.089111328125,0,0.048828125,0,0.2041015625
3.8003,0,-0.323486328125,0,-0.089111328125,0,0.048828125,0,-0.1075439453125
3.8105,0,-0.06610107421875,0,0.3525390625,0,-0.052520751953125,0,-0.1075439453125
3.8251,0,-0.06610107421875,0,0.3525390625,0,0.049163818359375,0,0.18896484375
3.8307,0,0.1324462890625,0,0.484619140625,0,0.049163818359375,0,0.18896484375
3.8434,0,0.1324462890625,0,0.484619140625,0,0.049163818359375,0,0.10479736328125
3.8508,0,0.17578125,0,0.34228515625,0,-0.0201263427734375,0,0.10479736328125
3.8636,0,0.17578125,0,0.34228515625,0,-0.0201263427734375,0,0.13671875
3.8727,0,-0.040191650390625,0,0.47900390625,0,-0.0276947021484375,0,0.13671875
3.8850,0,-0.040191650390625,0,0.47900390625,0,-0.027801513671875,0,0.004116058349609375
3.8904,0,0.04315185546875,0,-0.1239013671875,0,-0.027801513671875,0,0.004116058349609375
3.9011,0,0.04315185546875,0,-0.1239013671875,0,-0.027801513671875,0,-0.080810546875
3.9099,0,0.04315185546875,0,-0.037109375,0,0.03570556640625,0,-0.080810546875
3.9186,0,-0.210205078125,0,-0.037109375,0,0.03570556640625,0,-0.22802734375
3.9292,0,-0.210205078125,0,-0.49462890625,0,-0.04022216796875,0,-0.22802734375
3.9413,0,0.159423828125,0,-0.49462890625,0,-0.04022216796875,0,-0.05938720703125
3.9500,0,0.159423828125,0,0.2060546875,0,0.03546142578125,0,-0.05938720703125
3.9618,0,-0.046173095703125,0,0.2060546875,0,0.03546142578125,0,-0.28662109375
3.9679,0,-0.046173095703125,0,0.1689453125,0,-0.04840087890625,0,-0.28662109375
3.9810,0,0.2032470703125,0,0.1689453125,0,-0.04840087890625,0,0.0760498046875
3.9910,0,0.2032470703125,0,0.286376953125,0,-0.048309326171875,0,0.0760498046875
4.0040,0,0.029541015625,0,0.286376953125,0,-0.048309326171875,0,0.1485595703125
4.0118,0,0.029541015625,0,0.286376953125,0,0.0224151611328125,0,0.1485595703125
4.0237,0,-0.2236328125,0,-0.89697265625,0,0.0224151611328125,0,-0.197265625
4.0327,0,-0.2236328125,0,-0.89697265625,0,-0.041748046875,0,-0.197265625
4.0436,0,0.0226898193359375,0,-0.77392578125,0,-0.041748046875,0,0.166015625
4.0532,0,0.0226898193359375,0,-0.77392578125,0,0.09375,0,0.166015625
4.0655,0,-0.0157012939453125,0,0.05267333984375,0,0.09375,0,0.0199737548828125
4.0732,0,-0.0157012939453125,0,0.05267333984375,0,-0.038970947265625,0,0.0199737548828125
4.0870,0,-0.156982421875,0,0.2286376953125,0,-0.038970947265625,0,0.0199737548828125
4.0956,0,-0.156982421875,0,-0.230224609375,0,-0.0760498046875,0,0.148681640625
4.1071,0,0.0810546875,0,0.34521484375,0,-0.025360107421875,0,0.1942138671875
4.1205,0,-0.05084228515625,0,0.34521484375,0,-0.025360107421875,0,0.1942138671875
4.1267,0,-0.05084228515625,0,0.34521484375,0,-0.025360107421875,0,-0.19384765625
4.1403,0,-0.04034423828125,0,-0.0848388671875,0,-0.0164031982421875,0,-0.19384765625
4.1475,0,-0.04034423828125,0,-0.0848388671875,0,-0.058746337890625,0,-0.01189422607421875
4.1609,0,-0.07403564453125,0,0.484130859375,0,-0.058746337890625,0,-0.1827392578125
4.1671,0,-0.07403564453125,0,0.484130859375,0,0.04278564453125,0,-0.1827392578125
4.1809,0,0.0021114349365234375,0,0.40234375,0,0.04278564453125,0,-0.1827392578125
4.1855,0,0.0021114349365234375,0,0.40234375,0,0.047119140625,0,0.1741943359375
4.1989,0,-0.1593017578125,0,-0.09039306640625,0,0.047119140625,0,0.1741943359375
4.2061,0,-0.1593017578125,0,-0.09039306640625,0,-0.0565185546875,0,0.22314453125
4.2203,0,0.2044677734375,0,-0.5244140625,0,-0.0565185546875,0,0.22314453125
4.2291,0,0.2044677734375,0,-0.5244140625,0,0.05584716796875,0,0.2099609375
4.2401,0,0.079345703125,0,-0.57470703125,0,0.05584716796875,0,0.2099609375
4.2503,0,0.079345703125,0,-0.57470703125,0,0.08001708984375,0,-0.045379638671875
4.2601,0,0.1317138671875,0,0.388671875,0,0.08001708984375,0,-0.045379638671875
4.2672,0,0.1317138671875,0,0.388671875,0,-0.0294342041015625,0,0.0458984375
4.2816,0,0.1317138671875,0,-0.2403564453125,0,-0.0294342041015625,0,0.0458984375
4.2913,0,0.196044921875,0,-0.2403564453125,0,-0.0294342041015625,0,-0.209228515625
4.3014,0,0.10687255859375,0,0.53369140625,0,-0.0247650146484375,0,-0.209228515625
4.3082,0,0.10687255859375,0,0.53369140625,0,0.052490234375,0,0.2529296875
4.3211,0,-0.039093017578125,0,0.055389404296875,0,0.052490234375,0,0.2529296875
4.3293,0,-0.039093017578125,0,0.055389404296875,0,-0.049591064453125,0,0.1531982421875
4.3430,0,-0.039093017578125,0,0.44091796875,0,-0.049591064453125,0,0.1531982421875
4.3508,0,0.14794921875,0,0.44091796875,0,-0.06591796875,0,-0.195556640625
4.3644,0,0.14794921875,0,-0.52294921875,0,-0.06591796875,0,-0.195556640625
4.3729,0,-0.0193328857421875,0,-0.52294921875,0,-0.06591796875,0,0.1607666015625
4.3839,0,-0.0193328857421875,0,0.2142333984375,0,-0.033447265625,0,0.1607666015625
4.3924,0,0.04095458984375,0,0.2142333984375,0,-0.033447265625,0,0.1607666015625
4.4021,0,0.04095458984375,0,-0.63330078125,0,-0.0168609619140625,0,-0.015350341796875
4.4132,0,0.1209716796875,0,-0.63330078125,0,-0.0168609619140625,0,-0.015350341796875
4.4241,0,0.1209716796875,0,0.212890625,0,-0.0261383056640625,0,-0.2398681640625
4.4299,0,-0.1622314453125,0,0.212890625,0,-0.0261383056640625,0,-0.11590576171875
4.4465,0,-0.1544189453125,0,-0.7919921875,0,-0.051300048828125,0,0.0171051025390625
4.4586,0,-0.1544189453125,0,-0.7919921875,0,0.0775146484375,0,0.0171051025390625
4.4674,0,-0.1470947265625,0,-0.67822265625,0,0.0775146484375,0,0.105224609375
4.4801,0,-0.1470947265625,0,-0.67822265625,0,-0.05352783203125,0,0.105224609375
4.4903,0,0.156982421875,0,-0.01389312744140625,0,-0.05352783203125,0,0.1920166015625
4.5001,0,0.156982421875,0,-0.01389312744140625,0,0.0572509765625,0,0.1920166015625
4.5085,0,-0.093994140625,0,0.35595703125,0,0.0572509765625,0,-0.051483154296875
4.5205,0,-0.093994140625,0,0.35595703125,0,0.029052734375,0,-0.051483154296875
4.5280,0,0.060699462890625,0,0.3818359375,0,0.029052734375,0,0.167236328125
4.5405,0,0.060699462890625,0,0.3818359375,0,-0.04052734375,0,0.167236328125
4.5521,0,-0.0240936279296875,0,0.462158203125,0,-0.04052734375,0,0.167236328125
4.5617,0,-0.0240936279296875,0,0.462158203125,0,-0.024871826171875,0,0.1402587890625
4.5677,0,0.08929443359375,0,0.30078125,0,-0.024871826171875,0,-0.13623046875
4.5812,0,0.08929443359375,0,0.30078125,0,-0.02520751953125,0,-0.13623046875
4.5899,0,-0.2366943359375,0,-0.8984375,0,-0.02520751953125,0,-0.13623046875
4.6025,0,-0.2366943359375,0,-0.8984375,0,-0.0404052734375,0,0.1890869140625
4.6087,0,0.08868408203125,0,0.2822265625,0,-0.0404052734375,0,0.1890869140625
4.6229,0,0.08868408203125,0,0.2822265625,0,0.07550048828125,0,-0.0848388671875
4.6300,0,-0.1470947265625,0,0.031768798828125,0,0.07550048828125,0,-0.0848388671875
4.6420,0,-0.1470947265625,0,0.031768798828125,0,0.11468505859375,0,-0.1414794921875
4.6508,0,-0.20458984375,0,-0.298583984375,0,0.11468505859375,0,-0.1414794921875
4.6634,0,-0.20458984375,0,-0.298583984375,0,0.0638427734375,0,-0.1724853515625
4.6710,0,-0.20849609375,0,-0.845703125,0,0.0638427734375,0,-0.1724853515625
4.6824,0,-0.20849609375,0,-0.845703125,0,0.04803466796875,0,0.1507568359375
4.6910,0,-0.20849609375,0,-0.285888671875,0,0.04803466796875,0,0.1507568359375
4.7039,0,-0.1729736328125,0,-0.285888671875,0,0.05145263671875,0,-0.23388671875
4.7122,0,0.08038330078125,0,-0.065673828125,0,0.05145263671875,0,-0.23388671875
4.7257,0,0.08038330078125,0,-0.065673828125,0,0.1004638671875,0,0.17041015625
4.7300,0,0.06805419921875,0,-0.047332763671875,0,0.1004638671875,0,0.17041015625
4.7423,0,0.06805419921875,0,-0.047332763671875,0,-0.037322998046875,0,-0.31005859375
4.7524,0,0.08465576171875,0,0.2073974609375,0,-0.037322998046875,0,-0.31005859375
4.7629,0,0.08465576171875,0,0.2073974609375,0,-0.052642822265625,0,0.2271728515625
4.7744,0,-0.176025390625,0,0.48681640625,0,-0.052642822265625,0,0.2271728515625
4.7838,0,-0.176025390625,0,0.48681640625,0,0.09283447265625,0,-0.055206298828125
4.7925,0,-0.176025390625,0,-0.1658935546875,0,0.09283447265625,0,-0.055206298828125
4.8053,0,-0.1600341796875,0,-0.1658935546875,0,-0.08685302734375,0,-0.0191650390625
4.8134,0,-0.137451171875,0,-0.4345703125,0,-0.08685302734375,0,-0.0191650390625
4.8296,0,-0.137451171875,0,0.3681640625,0,0.07861328125,0,0.2110595703125
4.8407,0,-0.1617431640625,0,0.3681640625,0,-0.0416259765625,0,-0.279296875
4.8498,0,-0.1617431640625,0,0.31689453125,0,-0.0416259765625,0,-0.279296875
4.8619,0,-0.064208984375,0,0.31689453125,0,-0.0416259765625,0,-0.279296875
4.8717,0,-0.064208984375,0,0.31689453125,0,-0.052337646484375,0,0.1640625
4.8841,0,-0.221435546875,0,0.254150390625,0,0.08795166015625,0,0.1640625
4.8921,0,-0.221435546875,0,0.254150390625,0,0.08795166015625,0,0.040863037109375
4.9036,0,-0.271484375,0,-0.261474609375,0,0.08795166015625,0,0.040863037109375
4.9116,0,-0.271484375,0,-0.261474609375,0,-0.055908203125,0,0.2103271484375
4.9239,0,0.00662994384765625,0,0.2275390625,0,-0.055908203125,0,0.2103271484375
4.9328,0,0.00662994384765625,0,0.2275390625,0,-0.0243072509765625,0,0.18017578125
4.9434,0,-0.2249755859375,0,0.2056884765625,0,-0.0243072509765625,0,0.18017578125
4.9537,0,-0.2249755859375,0,0.2056884765625,0,0.033905029296875,0,-0.171142578125
4.9633,0,-0.043609619140625,0,0.1771240234375,0,0.033905029296875,0,-0.171142578125
4.9719,0,-0.043609619140625,0,0.1771240234375,0,0.050811767578125,0,0.1517333984375
4.9830,0,0.016387939453125,0,0.267333984375,0,0.050811767578125,0,0.1517333984375
4.9932,0,0.016387939453125,0,0.267333984375,0,-0.061767578125,0,0.1719970703125
5.0034,0,-0.1279296875,0,-0.0246734619140625,0,-0.061767578125,0,0.1719970703125
5.0109,0,-0.1279296875,0,-0.0246734619140625,0,0.08624267578125,0,0.18408203125
5.0221,0,-0.1177978515625,0,0.3193359375,0,0.08624267578125,0,0.18408203125
5.0307,0,-0.1177978515625,0,0.3193359375,0,-0.0283355712890625,0,-0.0382080078125
5.0406,0,-0.188720703125,0,0.3134765625,0,-0.0283355712890625,0,-0.0382080078125
5.0512,0,-0.188720703125,0,0.3134765625,0,0.061370849609375,0,0.2147216796875
5.0632,0,-0.188720703125,0,-0.50537109375,0,0.061370849609375,0,0.2147216796875
5.0776,0,0.11187744140625,0,0.39599609375,0,-0.02886962890625,0,0.07958984375
5.0842,0,0.11187744140625,0,0.39599609375,0,0.0731201171875,0,-0.025299072265625
5.0937,0,0.11187744140625,0,0.076416015625,0,0.0731201171875,0,-0.025299072265625
5.1049,0,0.08758544921875,0,0.076416015625,0,0.0731201171875,0,-0.051666259765625
5.1140,0,0.08758544921875,0,0.076416015625,0,-0.037200927734375,0,-0.051666259765625
5.1241,0,-0.1898193359375,0,-0.412841796875,0,-0.02984619140625,0,0.200927734375
5.1346,0,-0.1898193359375,0,-0.82958984375,0,-0.02984619140625,0,0.200927734375
5.1435,0,-0.1270751953125,0,-0.82958984375,0,0.01033782958984375,0,-0.08642578125
5.1558,0,-0.1270751953125,0,-0.958984375,0,0.01033782958984375,0,-0.08642578125
5.1662,0,-0.028839111328125,0,-0.958984375,0,0.01033782958984375,0,-0.08642578125
5.1747,0,-0.028839111328125,0,-0.958984375,0,-0.0276947021484375,0,-0.10516357421875
5.1869,0,-0.066650390625,0,-0.818359375,0,-0.0276947021484375,0,-0.10516357421875
5.1965,0,-0.066650390625,0,-0.818359375,0,0.06951904296875,0,0.1851806640625
5.2055,0,-0.06475830078125,0,-0.81884765625,0,0.06951904296875,0,0.1851806640625
5.2151,0,-0.06475830078125,0,-0.81884765625,0,0.0816650390625,0,0.1458740234375
5.2264,0,-0.2420654296875,0,-0.685546875,0,0.0816650390625,0,0.1458740234375
5.2353,0,-0.2420654296875,0,-0.685546875,0,0.075439453125,0,-0.03497314453125
5.2459,0,-0.050323486328125,0,0.091064453125,0,0.075439453125,0,-0.03497314453125
5.2547,0,-0.050323486328125,0,0.091064453125,0,-0.03277587890625,0,-0.265625
5.2660,0,0.0885009765625,0,-0.1214599609375,0,-0.03277587890625,0,-0.265625
5.2758,0,0.0885009765625,0,-0.1214599609375,0,0.092041015625,0,0.204345703125
5.2983,0,-0.039276123046875,0,0.52685546875,0,-0.045379638671875,0,-0.0421142578125
5.3075,0,0.038421630859375,0,0.52685546875,0,-0.045379638671875,0,-0.0421142578125
5.3155,0,0.038421630859375,0,0.52685546875,0,0.09979248046875,0,-0.1470947265625
5.3276,0,-0.021209716796875,0,0.48583984375,0,0.09979248046875,0,-0.1470947265625
5.3383,0,-0.021209716796875,0,0.48583984375,0,-0.040130615234375,0,0.1636962890625
5.3565,0,-0.08660888671875,0,0.09014892578125,0,-0.033782958984375,0,0.18017578125
5.3761,0,-0.153564453125,0,-0.50732421875,0,-0.0322265625,0,-0.26904296875
5.3867,0,0.0782470703125,0,0.45849609375,0,-0.0322265625,0,-0.26904296875
5.3942,0,0.0782470703125,0,0.45849609375,0,-0.06805419921875,0,-0.24560546875
5.4069,0,0.0782470703125,0,-0.21240234375,0,-0.06805419921875,0,-0.24560546875
5.4170,0,-0.337158203125,0,-0.21240234375,0,0.07086181640625,0,0.06292724609375
5.4252,0,-0.337158203125,0,0.51513671875,0,0.07086181640625,0,0.06292724609375
5.4328,0,0.11767578125,0,0.51513671875,0,0.04547119140625,0,-0.2164306640625
5.4457,0,0.11767578125,0,-0.70556640625,0,0.04547119140625,0,-0.2164306640625
5.4567,0,-0.1558837890625,0,-0.70556640625,0,0.053680419921875,0,0.036895751953125
5.4643,0,-0.1558837890625,0,0.52099609375,0,0.053680419921875,0,0.036895751953125
5.4850,0,0.056182861328125,0,0.10028076171875,0,0.0880126953125,0,-0.20654296875
5.4921,0,0.06024169921875,0,0.10028076171875,0,0.0282745361328125,0,-0.0882568359375
5.5033,0,0.06024169921875,0,0.4443359375,0,0.0282745361328125,0,-0.0882568359375
5.5126,0,-0.1533203125,0,0.4443359375,0,0.0640869140625,0,-0.29443359375
5.5228,0,-0.1533203125,0,0.147705078125,0,0.0640869140625,0,-0.29443359375
5.5324,0,0.033660888671875,0,0.147705078125,0,-0.0292510986328125,0,0.2890625
5.5421,0,0.033660888671875,0,0.10186767578125,0,-0.0292510986328125,0,0.2890625
5.5480,0,-0.04901123046875,0,0.10186767578125,0,0.057464599609375,0,0.133544921875
5.5628,0,-0.04901123046875,0,0.036834716796875,0,0.057464599609375,0,0.133544921875
5.5724,0,-0.1370849609375,0,0.036834716796875,0,0.07220458984375,0,0.265869140625
5.5829,0,-0.1370849609375,0,0.171875,0,0.07220458984375,0,0.265869140625
5.5932,0,-0.2381591796875,0,0.171875,0,0.048736572265625,0,-0.0938720703125
5.6058,0,-0.2381591796875,0,0.329833984375,0,0.048736572265625,0,-0.0938720703125
5.6117,0,0.067138671875,0,0.329833984375,0,0.03857421875,0,0.206298828125
5.6238,0,0.067138671875,0,-0.73193359375,0,0.03857421875,0,0.206298828125
5.6323,0,0.08807373046875,0,-0.73193359375,0,0.0540771484375,0,-0.34130859375
5.6433,0,0.08807373046875,0,0.2200927734375,0,0.0540771484375,0,-0.34130859375
5.6543,0,0.0936279296875,0,0.2200927734375,0,0.0540771484375,0,-0.34130859375
5.6641,0,0.0936279296875,0,0.036956787109375,0,-0.0657958984375,0,-0.1328125
5.6739,0,-0.2156982421875,0,0.036956787109375,0,-0.0657958984375,0,-0.1328125
5.6848,0,-0.2156982421875,0,-0.63330078125,0,0.08746337890625,0,0.181396484375
5.6941,0,0.09075927734375,0,-0.63330078125,0,0.03717041015625,0,0.181396484375
5.7052,0,0.09075927734375,0,-0.63330078125,0,0.03717041015625,0,-0.09600830078125
5.7138,0,-0.160888671875,0,0.491943359375,0,0.053070068359375,0,0.1871337890625
5.7265,0,-0.160888671875,0,0.411376953125,0,0.053070068359375,0,0.1871337890625
5.7342,0,-0.09466552734375,0,0.411376953125,0,0.053070068359375,0,0.1871337890625
5.7458,0,-0.09466552734375,0,0.411376953125,0,-0.046417236328125,0,0.0758056640625
5.7563,0,-0.09466552734375,0,0.454833984375,0,-0.046417236328125,0,0.0758056640625
5.7665,0,-0.1170654296875,0,0.454833984375,0,0.06658935546875,0,-0.24365234375
5.7753,0,-0.1170654296875,0,-0.309326171875,0,0.06658935546875,0,-0.24365234375
5.7875,0,-0.2442626953125,0,-0.309326171875,0,-0.02752685546875,0,0.1971435546875
5.7947,0,0.0894775390625,0,-0.09033203125,0,-0.02752685546875,0,0.1971435546875
5.8162,0,-0.037200927734375,0,-0.85302734375,0,0.068115234375,0,0.23095703125
5.8309,0,0.1739501953125,0,-0.50537109375,0,0.03265380859375,0,0.220947265625
5.8439,0,0.1739501953125,0,-0.50537109375,0,-0.04486083984375,0,0.21630859375
5.8525,0,0.1739501953125,0,-0.040069580078125,0,-0.04486083984375,0,0.21630859375
5.8634,0,0.10394287109375,0,-0.040069580078125,0,-0.034515380859375,0,-0.283203125
5.8725,0,0.10394287109375,0,0.307373046875,0,-0.034515380859375,0,-0.283203125
5.8851,0,-0.0289306640625,0,0.307373046875,0,0.0302734375,0,-0.299072265625
5.8935,0,-0.0289306640625,0,-0.317626953125,0,0.0302734375,0,-0.299072265625
5.9048,0,0.147705078125,0,-0.317626953125,0,-0.04046630859375,0,-0.2919921875
5.9132,0,0.147705078125,0,-0.384765625,0,-0.04046630859375,0,-0.2919921875
5.9253,0,0.0892333984375,0,-0.384765625,0,0.065673828125,0,0.1405029296875
5.9350,0,0.0892333984375,0,0.15576171875,0,0.065673828125,0,0.1405029296875
5.9445,0,0.0355224609375,0,0.15576171875,0,-0.0310516357421875,0,0.1708984375
5.9538,0,0.0355224609375,0,-0.77197265625,0,-0.0310516357421875,0,0.1708984375
5.9643,0,0.0723876953125,0,-0.77197265625,0,0.01007080078125,0,-0.031829833984375
5.9738,0,0.0723876953125,0,-0.69873046875,0,0.01007080078125,0,-0.031829833984375
5.9849,0,-0.053741455078125,0,-0.69873046875,0,-0.056304931640625,0,0.11346435546875
5.9933,0,-0.053741455078125,0,0.1341552734375,0,-0.056304931640625,0,0.11346435546875
6.0058,0,-0.1856689453125,0,0.1341552734375,0,-0.0254974365234375,0,-0.2037353515625
6.0137,0,-0.1856689453125,0,0.397705078125,0,-0.0254974365234375,0,-0.2037353515625
6.0248,0,0.1661376953125,0,0.397705078125,0,-0.0283203125,0,-0.2037353515625
6.0323,0,0.1661376953125,0,-0.246826171875,0,-0.0283203125,0,-0.0184173583984375
6.0432,0,-0.07763671875,0,-0.246826171875,0,-0.01885986328125,0,-0.0184173583984375
6.0529,0,-0.07763671875,0,0.46337890625,0,-0.01885986328125,0,0.06597900390625
6.0647,0,-0.09393310546875,0,0.46337890625,0,0.10137939453125,0,0.163330078125
6.0724,0,-0.09393310546875,0,0.2073974609375,0,0.10137939453125,0,0.163330078125
6.0847,0,0.10791015625,0,0.2073974609375,0,0.057708740234375,0,0.05865478515625
6.0951,0,0.10791015625,0,-0.8388671875,0,0.0772705078125,0,0.05865478515625
6.1040,0,0.1224365234375,0,-0.8388671875,0,0.0772705078125,0,0.05865478515625
6.1136,0,0.1224365234375,0,0.2685546875,0,0.0772705078125,0,0.1229248046875
6.1242,0,0.08587646484375,0,0.2685546875,0,-0.0297698974609375,0,0.1229248046875
6.1356,0,0.08587646484375,0,0.261474609375,0,-0.0297698974609375,0,0.124267578125
6.1478,0,-0.11383056640625,0,0.261474609375,0,0.0408935546875,0,0.124267578125
6.1530,0,-0.11383056640625,0,0.261474609375,0,0.0408935546875,0,-0.2265625
6.1646,0,-0.1390380859375,0,-0.08428955078125,0,-0.0684814453125,0,-0.2265625
6.1718,0,-0.1390380859375,0,-0.08428955078125,0,-0.0684814453125,0,-0.07177734375
6.1821,0,0.0233154296875,0,-0.94970703125,0,0.00984954833984375,0,-0.07177734375
6.1934,0,0.0233154296875,0,-0.94970703125,0,0.00984954833984375,0,0.09149169921875
6.2042,0,-0.1744384765625,0,-0.55126953125,0,-0.07513427734375,0,0.09149169921875
6.2133,0,-0.1744384765625,0,-0.55126953125,0,-0.07513427734375,0,0.1519775390625
6.2239,0,0.11737060546875,0,0.252197265625,0,0.02044677734375,0,0.1519775390625
6.2368,0,0.11737060546875,0,0.252197265625,0,0.02044677734375,0,0.11798095703125
6.2456,0,0.145751953125,0,0.45947265625,0,-0.0576171875,0,0.11798095703125
6.2551,0,0.145751953125,0,0.45947265625,0,-0.0576171875,0,-0.081787109375
6.2688,0,0.145751953125,0,-0.76904296875,0,-0.0576171875,0,-0.081787109375
6.2760,0,0.0675048828125,0,-0.76904296875,0,-0.0287017822265625,0,-0.2474365234375
6.2869,0,0.09564208984375,0,0.5478515625,0,-0.08648681640625,0,-0.2474365234375
6.2968,0,0.09564208984375,0,0.5478515625,0,-0.08648681640625,0,0.08538818359375
6.3130,0,-0.16259765625,0,0.107666015625,0,-0.0307769775390625,0,-0.228759765625
6.3228,0,-0.16259765625,0,0.51220703125,0,0.06732177734375,0,-0.228759765625
6.3312,0,0.1375732421875,0,0.51220703125,0,0.06732177734375,0,0.1307373046875
6.3445,0,0.1375732421875,0,0.0975341796875,0,0.06732177734375,0,0.1307373046875
6.3555,0,0.029449462890625,0,0.0975341796875,0,-0.020965576171875,0,0.2352294921875
6.3644,0,0.029449462890625,0,0.349365234375,0,-0.020965576171875,0,0.2352294921875
6.3731,0,-0.10992431640625,0,0.349365234375,0,0.0743408203125,0,-0.2020263671875
6.3855,0,-0.10992431640625,0,0.300048828125,0,0.0743408203125,0,-0.2020263671875
6.3935,0,-0.0438232421875,0,0.300048828125,0,0.08697509765625,0,0.220458984375
6.4055,0,-0.0438232421875,0,0.438232421875,0,0.08697509765625,0,0.220458984375
6.4168,0,0.053253173828125,0,0.438232421875,0,-0.032867431640625,0,0.220458984375
6.4277,0,0.053253173828125,0,-0.87255859375,0,-0.032867431640625,0,0.15283203125
6.4336,0,0.053741455078125,0,-0.87255859375,0,0.0738525390625,0,0.15283203125
6.4446,0,0.053741455078125,0,0.50244140625,0,0.0738525390625,0,0.100341796875
6.4530,0,-0.165283203125,0,0.50244140625,0,-0.043670654296875,0,0.100341796875
6.4642,0,-0.165283203125,0,0.338623046875,0,-0.043670654296875,0,-0.170166015625
6.4723,0,-0.189453125,0,0.338623046875,0,0.0046844482421875,0,0.196044921875
6.4842,0,-0.189453125,0,-0.55810546875,0,0.0046844482421875,0,0.196044921875
6.4932,0,0.10308837890625,0,-0.55810546875,0,-0.036285400390625,0,0.196044921875
6.5063,0,0.10308837890625,0,0.3818359375,0,-0.036285400390625,0,-0.218994140625
6.5137,0,-0.09100341796875,0,0.3818359375,0,-0.1175537109375,0,-0.218994140625
6.5252,0,-0.09100341796875,0,0.412841796875,0,-0.1175537109375,0,0.1824951171875
6.5338,0,-0.06195068359375,0,0.412841796875,0,-0.06854248046875,0,0.1824951171875
6.5446,0,-0.06195068359375,0,-0.609375,0,-0.06854248046875,0,-0.1370849609375
6.5565,0,0.04168701171875,0,-0.609375,0,0.048126220703125,0,-0.310791015625
6.5651,0,0.04168701171875,0,0.349609375,0,0.048126220703125,0,-0.310791015625
6.5762,0,-0.10491943359375,0,0.349609375,0,0.08502197265625,0,-0.310791015625
6.5871,0,-0.10491943359375,0,-0.83544921875,0,0.08502197265625,0,0.2235107421875
6.5943,0,-0.037322998046875,0,-0.83544921875,0,0.01284027099609375,0,0.2235107421875
6.6073,0,-0.037322998046875,0,0.051971435546875,0,0.01284027099609375,0,0.1732177734375
6.6144,0,0.0960693359375,0,0.051971435546875,0,-0.051055908203125,0,0.1732177734375
6.6252,0,0.0960693359375,0,-0.306884765625,0,-0.051055908203125,0,-0.10302734375
6.6335,0,0.15478515625,0,-0.306884765625,0,0.0701904296875,0,-0.10302734375
6.6490,0,0.15478515625,0,-0.306884765625,0,0.0701904296875,0,0.1580810546875
6.6567,0,0.15478515625,0,-0.18505859375,0,0.058746337890625,0,0.1580810546875
6.6649,0,-0.20166015625,0,-0.18505859375,0,0.058746337890625,0,-0.02838134765625
6.6761,0,-0.20166015625,0,0.15673828125,0,-0.08123779296875,0,-0.02838134765625
6.6845,0,0.10723876953125,0,0.1951904296875,0,-0.08123779296875,0,-0.27685546875
6.6962,0,0.10723876953125,0,0.1951904296875,0,0.0205535888671875,0,-0.27685546875
6.7073,0,0.09130859375,0,0.1951904296875,0,0.0205535888671875,0,-0.28515625
6.7137,0,0.05096435546875,0,0.376708984375,0,0.060394287109375,0,-0.28515625
6.7257,0,0.05096435546875,0,0.376708984375,0,0.060394287109375,0,-0.269775390625
6.7358,0,0.138916015625,0,-0.04388427734375,0,-0.03289794921875,0,-0.269775390625
6.7473,0,0.138916015625,0,0.408447265625,0,-0.03289794921875,0,0.169677734375
6.7590,0,0.138916015625,0,0.408447265625,0,-0.048126220703125,0,0.169677734375
6.7687,0,-0.2281494140625,0,0.088623046875,0,-0.048126220703125,0,0.1932373046875
6.7763,0,-0.2281494140625,0,0.088623046875,0,0.04486083984375,0,0.1932373046875
6.7886,0,-0.10589599609375,0,-0.049072265625,0,0.04486083984375,0,0.07666015625
6.7967,0,-0.10589599609375,0,-0.049072265625,0,-0.0501708984375,0,0.07666015625
6.8111,0,0.1326904296875,0,-0.049072265625,0,-0.0501708984375,0,0.2225341796875
6.8127,0,0.1326904296875,0,0.3896484375,0,-0.016357421875,0,0.2225341796875
6.8280,0,-0.146728515625,0,0.3896484375,0,-0.016357421875,0,0.144775390625
6.8388,0,-0.146728515625,0,0.4140625,0,0.09967041015625,0,0.144775390625
6.8509,0,0.06561279296875,0,-0.421142578125,0,0.09967041015625,0,-0.30712890625
6.8591,0,0.06561279296875,0,-0.421142578125,0,0.044158935546875,0,-0.30712890625
6.8702,0,0.1044921875,0,-0.421142578125,0,0.044158935546875,0,-0.036651611328125
6.8752,0,0.1044921875,0,-0.599609375,0,0.09088134765625,0,-0.036651611328125
6.8876,0,-0.1522216796875,0,-0.599609375,0,0.09088134765625,0,0.055145263671875
6.8975,0,-0.1522216796875,0,0.27685546875,0,-0.017791748046875,0,0.055145263671875
6.9091,0,-0.049530029296875,0,0.27685546875,0,-0.017791748046875,0,0.2098388671875
6.9212,0,-0.049530029296875,0,-0.455322265625,0,-0.017791748046875,0,0.2098388671875
6.9280,0,0.04962158203125,0,-0.455322265625,0,-0.0249176025390625,0,-0.09832763671875
6.9441,0,0.04962158203125,0,-0.5576171875,0,-0.0249176025390625,0,-0.09832763671875
6.9555,0,-0.10162353515625,0,-0.5576171875,0,-0.0286407470703125,0,0.23095703125
6.9605,0,-0.10162353515625,0,-0.1829833984375,0,-0.026275634765625,0,0.23095703125
6.9725,0,-0.00394439697265625,0,-0.1829833984375,0,-0.026275634765625,0,0.2216796875
6.9796,0,-0.00394439697265625,0,-0.49658203125,0,0.06982421875,0,0.2216796875
6.9923,0,0.06085205078125,0,-0.49658203125,0,0.06982421875,0,0.2216796875
6.9985,0,0.06085205078125,0,-0.5244140625,0,-0.038818359375,0,0.0169219970703125
7.0139,0,0.0269317626953125,0,-0.5244140625,0,-0.038818359375,0,0.1519775390625
7.0289,0,0.05364990234375,0,0.043975830078125,0,-0.0660400390625,0,-0.189697265625
7.0419,0,0.05364990234375,0,0.12298583984375,0,-0.0660400390625,0,-0.189697265625
7.0490,0,0.0594482421875,0,0.12298583984375,0,-0.05908203125,0,-0.189697265625
7.0558,0,0.0594482421875,0,-0.9208984375,0,-0.05908203125,0,-0.1793212890625
7.0659,0,-0.1767578125,0,-0.9208984375,0,-0.067138671875,0,-0.1793212890625
7.0764,0,-0.1767578125,0,0.4208984375,0,-0.07171630859375,0,0.28564453125
7.0920,0,0.11834716796875,0,0.4208984375,0,-0.07171630859375,0,-0.0301055908203125
7.0939,0,0.11834716796875,0,-0.06494140625,0,-0.07171630859375,0,-0.0301055908203125
7.1128,0,0.063720703125,0,-0.354736328125,0,-0.1317138671875,0,-0.335205078125
7.1234,0,-0.2105712890625,0,-0.354736328125,0,-0.0178375244140625,0,-0.335205078125
7.1299,0,-0.2105712890625,0,-0.354736328125,0,-0.0178375244140625,0,0.10186767578125
7.1384,0,-0.2105712890625,0,0.13525390625,0,-0.0178375244140625,0,0.10186767578125
7.1511,0,0.1485595703125,0,0.13525390625,0,0.0865478515625,0,0.10186767578125
7.1591,0,0.1485595703125,0,0.32421875,0,0.0865478515625,0,-0.2880859375
7.1678,0,0.140625,0,0.32421875,0,-0.0677490234375,0,-0.2880859375
7.1862,0,0.11700439453125,0,0.06182861328125,0,0.0350341796875,0,0.24755859375
7.1968,0,0.11700439453125,0,0.251220703125,0,0.0350341796875,0,-0.1900634765625
7.2127,0,0.1656494140625,0,0.251220703125,0,-0.0733642578125,0,-0.1302490234375
7.2192,0,0.1656494140625,0,-0.66357421875,0,-0.0733642578125,0,-0.1302490234375
7.2310,0,0.1656494140625,0,-0.66357421875,0,0.05462646484375,0,-0.1302490234375
7.2393,0,-0.0723876953125,0,-0.66357421875,0,0.05462646484375,0,-0.07366943359375
7.2473,0,-0.0723876953125,0,0.0960693359375,0,-0.039825439453125,0,-0.07366943359375
7.2650,0,0.0841064453125,0,0.47607421875,0,-0.031890869140625,0,-0.05517578125
7.2790,0,0.0841064453125,0,0.47607421875,0,-0.031890869140625,0,0.1783447265625
7.2936,0,-0.2222900390625,0,-0.57421875,0,0.055450439453125,0,0.1783447265625
7.2982,0,-0.2222900390625,0,-0.57421875,0,0.055450439453125,0,-0.09234619140625
7.3099,0,-0.2222900390625,0,0.4423828125,0,0.060028076171875,0,-0.09234619140625
7.3340,0,-0.25,0,-0.84912109375,0,0.0692138671875,0,0.229736328125
7.3432,0,-0.25,0,0.382568359375,0,0.0692138671875,0,-0.2403564453125
7.3600,0,0.0927734375,0,0.314697265625,0,0.029541015625,0,0.13427734375
7.3725,0,0.07391357421875,0,-0.5244140625,0,-0.0088653564453125,0,-0.0296783447265625
7.3841,0,0.07391357421875,0,-0.5244140625,0,-0.04248046875,0,-0.0296783447265625
7.3937,0,0.059356689453125,0,-0.5244140625,0,-0.04248046875,0,-0.047393798828125
7.4058,0,-0.037384033203125,0,0.491455078125,0,-0.060760498046875,0,-0.047393798828125
7.4128,0,-0.037384033203125,0,0.42236328125,0,-0.060760498046875,0,-0.0797119140625
7.4248,0,-0.09246826171875,0,0.42236328125,0,0.0306549072265625,0,-0.0797119140625
7.4341,0,-0.09246826171875,0,0.42236328125,0,0.0306549072265625,0,0.20166015625
7.4468,0,-0.041961669921875,0,0.5908203125,0,-0.04998779296875,0,0.20166015625
7.4568,0,-0.041961669921875,0,0.1007080078125,0,-0.04998779296875,0,-0.0248870849609375
7.4648,0,-0.041961669921875,0,0.1007080078125,0,-0.05938720703125,0,-0.0248870849609375
7.4772,0,0.1536865234375,0,0.27978515625,0,-0.05938720703125,0,0.21826171875
7.4880,0,0.059478759765625,0,0.27978515625,0,0.08355712890625,0,0.21826171875
7.4945,0,0.059478759765625,0,-0.05657958984375,0,0.08355712890625,0,0.218017578125
7.5055,0,0.059478759765625,0,-0.05657958984375,0,-0.04583740234375,0,0.218017578125
7.5135,0,0.1268310546875,0,0.423583984375,0,-0.04583740234375,0,-0.1761474609375
7.5278,0,0.1268310546875,0,0.423583984375,0,0.01190948486328125,0,-0.1761474609375
7.5396,0,0.10284423828125,0,0.53125,0,0.01190948486328125,0,0.1717529296875
7.5472,0,0.10284423828125,0,0.53125,0,0.037017822265625,0,0.1717529296875
7.5577,0,0.1295166015625,0,0.53125,0,0.037017822265625,0,0.278076171875
7.5691,0,0.1295166015625,0,0.329833984375,0,0.0124969482421875,0,0.278076171875
7.5773,0,0.055206298828125,0,0.329833984375,0,0.0124969482421875,0,-0.260498046875
7.5864,0,0.055206298828125,0,0.146484375,0,-0.080810546875,0,-0.260498046875
7.5939,0,-0.1939697265625,0,0.146484375,0,-0.080810546875,0,0.1790771484375
7.6079,0,-0.1939697265625,0,0.376220703125,0,-0.0545654296875,0,0.1790771484375
7.6140,0,-0.089599609375,0,0.376220703125,0,-0.0545654296875,0,-0.011505126953125
7.6286,0,-0.089599609375,0,-0.87158203125,0,0.064697265625,0,-0.011505126953125
7.6348,0,-0.189697265625,0,-0.87158203125,0,0.064697265625,0,0.150146484375
7.6458,0,-0.189697265625,0,0.272216796875,0,0.06640625,0,0.150146484375
7.6587,0,-0.210693359375,0,0.272216796875,0,0.06640625,0,0.0584716796875
7.6653,0,-0.210693359375,0,-0.6318359375,0,-0.042999267578125,0,0.0584716796875
7.6740,0,-0.14892578125,0,-0.6318359375,0,-0.042999267578125,0,-0.0262298583984375
7.6866,0,-0.14892578125,0,0.465576171875,0,-0.0125579833984375,0,-0.0262298583984375
7.6978,0,-0.212890625,0,0.465576171875,0,-0.0125579833984375,0,0.1715087890625
7.7063,0,-0.212890625,0,0.23681640625,0,-0.0379638671875,0,0.1715087890625
7.7148,0,-0.17626953125,0,0.23681640625,0,-0.0379638671875,0,0.178955078125
7.7254,0,-0.17626953125,0,0.5927734375,0,-0.091064453125,0,0.178955078125
7.7389,0,-0.0548095703125,0,0.5927734375,0,-0.091064453125,0,0.04705810546875
7.7519,0,-0.0548095703125,0,0.44384765625,0,-0.091064453125,0,0.04705810546875
7.7582,0,0.039093017578125,0,0.44384765625,0,-0.0328369140625,0,0.045379638671875
7.7661,0,0.039093017578125,0,0.55517578125,0,-0.0328369140625,0,0.045379638671875
7.7751,0,0.10150146484375,0,0.55517578125,0,0.1273193359375,0,0.1729736328125
7.7899,0,0.10150146484375,0,0.0894775390625,0,0.1273193359375,0,0.1729736328125
7.7979,0,0.06878662109375,0,0.0894775390625,0,-0.03955078125,0,0.1729736328125
7.8089,0,0.06878662109375,0,0.5390625,0,-0.02911376953125,0,0.1055908203125
7.8156,0,0.087890625,0,0.5390625,0,-0.02911376953125,0,0.1055908203125
7.8283,0,0.087890625,0,-0.64794921875,0,-0.02911376953125,0,0.06951904296875
7.8379,0,0.0926513671875,0,-0.64794921875,0,0.033355712890625,0,0.06951904296875
7.8465,0,0.0926513671875,0,0.423095703125,0,0.033355712890625,0,-0.044647216796875
7.8555,0,0.0926513671875,0,0.423095703125,0,0.035003662109375,0,-0.044647216796875
7.8647,0,0.12310791015625,0,0.286865234375,0,0.035003662109375,0,-0.1705322265625
7.8750,0,-0.1702880859375,0,0.286865234375,0,-0.01229095458984375,0,0.115234375
7.8870,0,-0.1702880859375,0,0.204345703125,0,-0.01229095458984375,0,0.115234375
7.8946,0,-0.1702880859375,0,0.204345703125,0,0.08587646484375,0,0.115234375
7.9056,0,0.054962158203125,0,0.322998046875,0,0.08587646484375,0,0.06500244140625
7.9147,0,0.054962158203125,0,0.322998046875,0,-0.0546875,0,0.06500244140625
7.9270,0,-0.303466796875,0,-0.058074951171875,0,-0.0546875,0,-0.232666015625
7.9389,0,-0.303466796875,0,-0.058074951171875,0,0.05804443359375,0,-0.232666015625
7.9452,0,0.027313232421875,0,0.269775390625,0,0.05804443359375,0,-0.2264404296875
7.9588,0,0.19775390625,0,0.269775390625,0,-0.06231689453125,0,-0.2264404296875
7.9678,0,0.19775390625,0,0.269775390625,0,-0.06231689453125,0,0.1798095703125
7.9776,0,0.19775390625,0,0.046661376953125,0,-0.0673828125,0,0.1798095703125
7.9869,0,-0.0924072265625,0,0.046661376953125,0,-0.0673828125,0,0.2109375
7.9981,0,-0.0924072265625,0,0.4853515625,0,0.1641845703125,0,0.2109375
8.0051,0,0.1954345703125,0,0.4853515625,0,0.1641845703125,0,0.223876953125
8.0171,0,0.1954345703125,0,0.02606201171875,0,0.041229248046875,0,0.223876953125
8.0299,0,-0.146728515625,0,0.02606201171875,0,0.041229248046875,0,-0.0924072265625
8.0371,0,-0.146728515625,0,-0.267333984375,0,-0.0247802734375,0,-0.0924072265625
8.0463,0,0.0802001953125,0,-0.267333984375,0,-0.0247802734375,0,-0.2802734375
8.0599,0,0.0802001953125,0,-0.38623046875,0,0.044281005859375,0,-0.2802734375
8.0650,0,-0.1197509765625,0,-0.38623046875,0,0.044281005859375,0,0.1790771484375
8.0760,0,-0.1197509765625,0,0.371826171875,0,0.044281005859375,0,0.1790771484375
8.0849,0,0.1483154296875,0,0.371826171875,0,0.059173583984375,0,0.08099365234375
8.0957,0,0.1483154296875,0,0.11822509765625,0,0.059173583984375,0,0.08099365234375
8.1076,0,0.126220703125,0,0.11822509765625,0,0.1031494140625,0,0.08099365234375
8.1141,0,0.126220703125,0,-0.37109375,0,0.1031494140625,0,0.18701171875
8.1260,0,0.0716552734375,0,-0.37109375,0,-0.09002685546875,0,0.18701171875
8.1343,0,0.0716552734375,0,-1.109375,0,-0.09002685546875,0,0.251708984375
8.1450,0,0.0716552734375,0,-1.109375,0,-0.0338134765625,0,0.251708984375
8.1562,0,-0.0192718505859375,0,0.43701171875,0,-0.01556396484375,0,-0.08819580078125
8.1687,0,-0.08123779296875,0,0.43701171875,0,-0.01556396484375,0,-0.242431640625
8.1763,0,-0.08123779296875,0,0.341552734375,0,-0.01556396484375,0,-0.242431640625
8.1862,0,0.06304931640625,0,0.341552734375,0,0.0655517578125,0,-0.242431640625
8.2048,0,0.06304931640625,0,-0.2479248046875,0,0.01026153564453125,0,0.02728271484375
8.2086,0,0.0655517578125,0,-0.2479248046875,0,0.01026153564453125,0,0.02728271484375
8.2145,0,0.0655517578125,0,0.322265625,0,0.01026153564453125,0,0.1246337890625
8.2279,0,0.0655517578125,0,0.322265625,0,-0.0249481201171875,0,0.1246337890625
8.2395,0,-0.1861572265625,0,0.237548828125,0,-0.0249481201171875,0,-0.0287017822265625
8.2449,0,-0.135986328125,0,0.237548828125,0,-0.047882080078125,0,-0.0287017822265625
8.2616,0,-0.135986328125,0,0.0985107421875,0,-0.047882080078125,0,0.23486328125
8.2682,0,-0.19580078125,0,0.0985107421875,0,-0.06634521484375,0,0.23486328125
8.2756,0,-0.19580078125,0,-0.92333984375,0,-0.06634521484375,0,-0.08575439453125
8.2879,0,-0.22021484375,0,-0.92333984375,0,0.03594970703125,0,-0.08575439453125
8.2943,0,-0.22021484375,0,-0.484375,0,0.03594970703125,0,0.2471923828125
8.3047,0,-0.22021484375,0,-0.484375,0,0.051727294921875,0,0.2471923828125
8.3118,0,-0.08905029296875,0,0.400634765625,0,0.051727294921875,0,0.03759765625
8.3198,0,0.056060791015625,0,0.400634765625,0,-0.041412353515625,0,0.03759765625
8.3312,0,0.056060791015625,0,0.400634765625,0,-0.041412353515625,0,-0.177978515625
8.3455,0,0.056060791015625,0,-0.34765625,0,-0.044830322265625,0,-0.177978515625
8.3580,0,0.1241455078125,0,-0.34765625,0,-0.044830322265625,0,-0.291259765625
8.3659,0,0.1241455078125,0,0.12384033203125,0,-0.04412841796875,0,-0.291259765625
8.3760,0,-0.17919921875,0,0.5458984375,0,-0.04412841796875,0,0.1627197265625
8.3889,0,-0.17919921875,0,0.5458984375,0,-0.01287841796875,0,0.1627197265625
8.3918,0,0.05718994140625,0,0.5458984375,0,-0.01287841796875,0,0.2071533203125
8.4076,0,0.05718994140625,0,-0.12481689453125,0,0.06768798828125,0,0.2071533203125
8.4133,0,-0.04595947265625,0,-0.12481689453125,0,0.06768798828125,0,0.194091796875
8.4293,0,-0.04595947265625,0,-0.338134765625,0,0.1278076171875,0,0.194091796875
8.4349,0,-0.2496337890625,0,-0.338134765625,0,0.1278076171875,0,0.199462890625
8.4460,0,-0.2496337890625,0,0.454345703125,0,0.044586181640625,0,0.199462890625
8.4505,0,0.101806640625,0,0.454345703125,0,0.044586181640625,0,-0.08526611328125
8.4684,0,0.101806640625,0,0.361083984375,0,0.01299285888671875,0,-0.08526611328125
8.5040,0,0.0290679931640625,0,0.361083984375,0,0.01299285888671875,0,0.0233001708984375
8.5071,0,0.0290679931640625,0,0.066162109375,0,0.038604736328125,0,0.0233001708984375
8.5099,0,0.07379150390625,0,0.066162109375,0,0.038604736328125,0,0.03302001953125
8.5200,0,0.07379150390625,0,0.432373046875,0,0.038604736328125,0,0.03302001953125
8.5222,0,0.1829833984375,0,0.432373046875,0,0.05389404296875,0,0.03302001953125
8.5322,0,0.1829833984375,0,-0.441162109375,0,0.05389404296875,0,-0.104736328125
8.5405,0,-0.1346435546875,0,-0.441162109375,0,0.08502197265625,0,0.08935546875
8.5501,0,-0.1346435546875,0,0.125,0,0.08502197265625,0,0.08935546875
8.5572,0,0.10003662109375,0,0.125,0,-0.033538818359375,0,0.08935546875
8.5671,0,0.10003662109375,0,-0.533203125,0,-0.033538818359375,0,0.1990966796875
8.5768,0,-0.103759765625,0,-0.533203125,0,-0.0684814453125,0,0.1990966796875
8.5892,0,-0.103759765625,0,0.42529296875,0,-0.0684814453125,0,0.205322265625
8.5963,0,-0.1043701171875,0,0.42529296875,0,-0.014739990234375,0,0.205322265625
8.6026,0,-0.1043701171875,0,-0.161376953125,0,-0.014739990234375,0,-0.1927490234375
8.6189,0,-0.0732421875,0,-0.161376953125,0,-0.061614990234375,0,0.2496337890625
8.6262,0,-0.0732421875,0,-0.6923828125,0,-0.061614990234375,0,0.2496337890625
8.6304,0,0.04876708984375,0,-0.6923828125,0,0.0307464599609375,0,0.2496337890625
8.6462,0,0.04876708984375,0,-1.0029296875,0,0.0307464599609375,0,-0.08221435546875
8.6536,0,0.0119476318359375,0,-1.0029296875,0,0.0826416015625,0,-0.08221435546875
8.6616,0,0.0119476318359375,0,0.4931640625,0,0.0826416015625,0,0.153076171875
8.6755,0,-0.2353515625,0,0.4931640625,0,-0.00939178466796875,0,0.153076171875
8.6842,0,-0.2353515625,0,0.026824951171875,0,-0.00939178466796875,0,0.10565185546875
8.6901,0,-0.2332763671875,0,0.026824951171875,0,-0.048248291015625,0,0.10565185546875
8.7076,0,-0.2332763671875,0,0.026824951171875,0,-0.048248291015625,0,-0.026458740234375
8.7134,0,0.07867431640625,0,-0.11285400390625,0,-0.05816650390625,0,-0.026458740234375
8.7202,0,0.07867431640625,0,-0.0897216796875,0,-0.05816650390625,0,-0.2359619140625
8.7330,0,0.07867431640625,0,-0.0897216796875,0,-0.046539306640625,0,-0.2359619140625
8.7429,0,-0.282958984375,0,0.25244140625,0,-0.046539306640625,0,0.0191802978515625
8.7955,0,-0.282958984375,0,0.25244140625,0,-0.060882568359375,0,0.0191802978515625
8.7961,0,-0.1893310546875,0,0.25244140625,0,-0.060882568359375,0,0.2388916015625
8.7965,0,-0.10565185546875,0,-0.468017578125,0,-0.0247039794921875,0,0.2388916015625
8.7970,0,-0.10565185546875,0,-0.468017578125,0,-0.0247039794921875,0,-0.05352783203125
8.7973,0,-0.10565185546875,0,0.0750732421875,0,-0.01210784912109375,0,-0.05352783203125
8.8044,0,0.0311431884765625,0,0.341552734375,0,-0.01210784912109375,0,0.10992431640625
8.8140,0,0.0311431884765625,0,0.341552734375,0,0.11480712890625,0,0.10992431640625
8.8261,0,0.1595458984375,0,0.341552734375,0,0.11480712890625,0,0.07183837890625
8.8335,0,-0.1605224609375,0,0.351318359375,0,-0.037445068359375,0,0.07183837890625
8.8438,0,-0.1605224609375,0,0.351318359375,0,-0.037445068359375,0,-0.0634765625
8.8550,0,-0.1605224609375,0,-0.53369140625,0,0.0302581787109375,0,-0.0634765625
8.8675,0,0.08697509765625,0,-0.53369140625,0,0.0302581787109375,0,0.2362060546875
8.8719,0,0.08697509765625,0,0.132080078125,0,0.059173583984375,0,0.2362060546875
8.8900,0,-0.022216796875,0,0.132080078125,0,0.059173583984375,0,-0.1859130859375
8.8972,0,-0.022216796875,0,0.352783203125,0,0.04083251953125,0,-0.1859130859375
8.9043,0,0.06756591796875,0,0.352783203125,0,0.04083251953125,0,-0.287841796875
8.9175,0,0.06756591796875,0,-0.91943359375,0,0.0185089111328125,0,-0.287841796875
8.9287,0,-0.206787109375,0,-0.91943359375,0,0.0185089111328125,0,-0.1959228515625
8.9330,0,-0.206787109375,0,-0.082275390625,0,0.05780029296875,0,-0.1959228515625
8.9468,0,0.044281005859375,0,-0.082275390625,0,0.05780029296875,0,0.1971435546875
8.9565,0,0.044281005859375,0,-0.305908203125,0,0.0279083251953125,0,0.1971435546875
8.9681,0,-0.10498046875,0,-0.305908203125,0,0.0279083251953125,0,0.1793212890625
8.9814,0,-0.10498046875,0,-0.92529296875,0,0.0279083251953125,0,0.1793212890625
8.9896,0,-0.1893310546875,0,-0.92529296875,0,-0.0654296875,0,0.1866455078125
8.9993,0,-0.1893310546875,0,-0.1082763671875,0,0.0245361328125,0,0.1866455078125
9.0112,0,-0.11962890625,0,0.390380859375,0,0.0245361328125,0,-0.044769287109375
9.0257,0,-0.2261962890625,0,0.390380859375,0,-0.0677490234375,0,-0.2135009765625
9.0310,0,-0.2261962890625,0,0.50439453125,0,-0.0677490234375,0,-0.2135009765625
9.0416,0,0.1788330078125,0,0.50439453125,0,-0.08013916015625,0,-0.2135009765625
9.0495,0,0.1788330078125,0,0.1141357421875,0,-0.08013916015625,0,-0.210205078125
9.0634,0,-0.132568359375,0,0.1141357421875,0,-0.051910400390625,0,-0.210205078125
9.0725,0,-0.132568359375,0,0.1141357421875,0,-0.051910400390625,0,0.047515869140625
9.0819,0,0.05780029296875,0,0.29638671875,0,0.053253173828125,0,0.20458984375
9.0902,0,0.05780029296875,0,-0.17578125,0,0.053253173828125,0,0.20458984375
9.1012,0,-0.1595458984375,0,-0.17578125,0,-0.0192108154296875,0,0.20458984375
9.1091,0,-0.1595458984375,0,0.55908203125,0,-0.0192108154296875,0,0.138916015625
9.1197,0,0.0206451416015625,0,0.55908203125,0,0.048065185546875,0,0.138916015625
9.1280,0,0.0206451416015625,0,0.55908203125,0,0.048065185546875,0,-0.1060791015625
9.1395,0,-0.04071044921875,0,-0.60009765625,0,-0.0731201171875,0,-0.1060791015625
9.1533,0,-0.04071044921875,0,0.006397247314453125,0,-0.0731201171875,0,-0.01373291015625
9.1609,0,-0.0294952392578125,0,0.006397247314453125,0,-0.046051025390625,0,-0.01373291015625
9.1701,0,-0.0294952392578125,0,-0.50537109375,0,-0.046051025390625,0,0.2198486328125
9.1824,0,-0.0294952392578125,0,-0.50537109375,0,-0.07470703125,0,0.2198486328125
9.1917,0,0.10833740234375,0,-0.50537109375,0,-0.07470703125,0,0.2318115234375
9.2061,0,0.10211181640625,0,0.51220703125,0,0.0968017578125,0,0.2318115234375
9.2156,0,0.10211181640625,0,0.51220703125,0,0.0968017578125,0,0.06451416015625
9.2265,0,-0.17431640625,0,-0.0692138671875,0,-0.056640625,0,0.06451416015625
9.2386,0,-0.17431640625,0,-0.0692138671875,0,-0.056640625,0,0.045013427734375
9.2440,0,-0.17431640625,0,0.365966796875,0,0.0440673828125,0,0.045013427734375
9.2530,0,-0.1512451171875,0,0.365966796875,0,0.0440673828125,0,0.041229248046875
9.2642,0,-0.1512451171875,0,0.228759765625,0,-0.040740966796875,0,0.041229248046875
9.2757,0,0.1031494140625,0,0.228759765625,0,-0.040740966796875,0,-0.26220703125
9.2857,0,0.1031494140625,0,0.52294921875,0,-0.052978515625,0,-0.26220703125
9.2957,0,-0.10308837890625,0,0.52294921875,0,-0.052978515625,0,-0.2265625
9.3076,0,-0.10308837890625,0,0.391357421875,0,-0.050689697265625,0,-0.2265625
9.3192,0,0.08624267578125,0,0.391357421875,0,-0.050689697265625,0,0.180419921875
9.3275,0,0.08624267578125,0,-0.720703125,0,-0.051055908203125,0,0.180419921875
9.3358,0,0.126220703125,0,-0.720703125,0,-0.051055908203125,0,0.2197265625
9.3572,0,0.138916015625,0,0.33935546875,0,-0.057037353515625,0,-0.1402587890625
9.3716,0,0.08331298828125,0,-0.456787109375,0,0.0806884765625,0,0.1815185546875
9.3816,0,0.08331298828125,0,0.5087890625,0,-0.04827880859375,0,0.1815185546875
9.3930,0,0.045440673828125,0,0.5087890625,0,-0.04827880859375,0,0.157470703125
9.4030,0,0.045440673828125,0,-0.260986328125,0,-0.04827880859375,0,0.157470703125
9.4103,0,0.0989990234375,0,-0.260986328125,0,0.06512451171875,0,-0.0352783203125
9.4241,0,0.0989990234375,0,0.280517578125,0,0.06512451171875,0,-0.0352783203125
9.4303,0,0.15234375,0,0.280517578125,0,0.07269287109375,0,-0.0352783203125
9.4415,0,0.15234375,0,-0.09246826171875,0,0.08099365234375,0,0.1505126953125
9.4668,0,0.1507568359375,0,-0.09246826171875,0,0.08099365234375,0,0.251220703125
9.4688,0,0.1507568359375,0,-1.1123046875,0,0.08099365234375,0,0.251220703125
9.4826,0,-0.0272674560546875,0,-1.1123046875,0,-0.0780029296875,0,0.1343994140625
9.4832,0,-0.0272674560546875,0,0.223388671875,0,-0.0780029296875,0,0.1343994140625
9.4940,0,0.08917236328125,0,0.223388671875,0,-0.022308349609375,0,0.1343994140625
9.5028,0,0.08917236328125,0,-0.164794921875,0,-0.022308349609375,0,0.243896484375
9.5119,0,0.09869384765625,0,-0.164794921875,0,-0.06964111328125,0,0.243896484375
9.5245,0,0.09869384765625,0,-0.164794921875,0,-0.06964111328125,0,0.2127685546875
9.5315,0,0.09869384765625,0,0.09246826171875,0,-0.07952880859375,0,0.2127685546875
9.5440,0,-0.264892578125,0,0.09246826171875,0,-0.07952880859375,0,-0.0679931640625
9.5521,0,-0.264892578125,0,0.2978515625,0,-0.058990478515625,0,-0.0679931640625
9.5650,0,-0.2010498046875,0,0.2978515625,0,-0.058990478515625,0,0.01448822021484375
9.5717,0,-0.2010498046875,0,0.42041015625,0,0.032623291015625,0,0.01448822021484375
9.5860,0,-0.2388916015625,0,0.42041015625,0,0.032623291015625,0,0.24658203125
9.5942,0,-0.2388916015625,0,0.46533203125,0,-0.03704833984375,0,0.24658203125
9.6035,0,-0.22314453125,0,0.46533203125,0,-0.03704833984375,0,0.1314697265625
9.6127,0,-0.23828125,0,-0.56787109375,0,0.1177978515625,0,0.1314697265625
9.6241,0,-0.23828125,0,-0.56787109375,0,0.1177978515625,0,-0.2841796875
9.6356,0,-0.23828125,0,0.0701904296875,0,0.09783935546875,0,-0.2841796875
9.6432,0,-0.20703125,0,0.0701904296875,0,0.09783935546875,0,-0.239990234375
9.6534,0,-0.19091796875,0,0.428466796875,0,0.079345703125,0,-0.239990234375
9.6626,0,-0.19091796875,0,-0.732421875,0,0.079345703125,0,-0.232177734375
9.6709,0,-0.19091796875,0,-0.732421875,0,0.135986328125,0,-0.232177734375
9.6826,0,0.09051513671875,0,0.1846923828125,0,0.135986328125,0,0.05767822265625
9.6913,0,0.09051513671875,0,0.1846923828125,0,-0.0226593017578125,0,0.05767822265625
9.7016,0,0.159912109375,0,0.1846923828125,0,-0.0226593017578125,0,0.2491455078125
9.7109,0,0.159912109375,0,0.45654296875,0,0.0301971435546875,0,0.2491455078125
9.7213,0,-0.1492919921875,0,0.45654296875,0,0.0301971435546875,0,0.138671875
9.7302,0,-0.1492919921875,0,0.45947265625,0,-0.060394287109375,0,0.138671875
9.7443,0,-0.1876220703125,0,0.45947265625,0,-0.060394287109375,0,-0.131103515625
9.7554,0,-0.1876220703125,0,0.361572265625,0,-0.047943115234375,0,-0.131103515625
9.7643,0,-0.19482421875,0,0.361572265625,0,-0.047943115234375,0,0.1817626953125
9.7713,0,-0.19482421875,0,0.006160736083984375,0,0.05401611328125,0,0.1817626953125
9.7880,0,-0.04217529296875,0,0.006160736083984375,0,0.05401611328125,0,-0.09600830078125
9.7960,0,-0.04217529296875,0,0.1817626953125,0,0.0836181640625,0,-0.09600830078125
9.8051,0,-0.10687255859375,0,0.1817626953125,0,0.0836181640625,0,-0.2548828125
9.8169,0,0.1854248046875,0,-0.908203125,0,0.125244140625,0,-0.2548828125
9.8260,0,0.1854248046875,0,-0.908203125,0,0.125244140625,0,0.054595947265625
9.8336,0,0.1854248046875,0,0.313232421875,0,0.06646728515625,0,0.054595947265625
9.8451,0,0.0164947509765625,0,0.313232421875,0,0.06646728515625,0,0.1485595703125
9.8569,0,0.0164947509765625,0,-0.0965576171875,0,-0.0200958251953125,0,0.1485595703125
9.8686,0,0.11773681640625,0,-0.0965576171875,0,-0.0200958251953125,0,0.19189453125
9.8743,0,0.11773681640625,0,0.458740234375,0,0.047210693359375,0,0.19189453125
9.8849,0,-0.2147216796875,0,0.458740234375,0,0.047210693359375,0,0.0665283203125
9.8968,0,-0.2147216796875,0,0.349365234375,0,-0.039306640625,0,0.0665283203125
9.9046,0,0.0212249755859375,0,0.349365234375,0,-0.039306640625,0,0.168212890625
9.9131,0,0.0212249755859375,0,-0.58837890625,0,0.039215087890625,0,0.168212890625
9.9244,0,-0.03375244140625,0,-0.58837890625,0,0.039215087890625,0,0.045867919921875
9.9339,0,-0.03375244140625,0,0.194091796875,0,0.0311431884765625,0,0.045867919921875
9.9448,0,-0.09234619140625,0,0.194091796875,0,0.0311431884765625,0,0.045867919921875
9.9522,0,-0.09234619140625,0,0.08856201171875,0,-0.05419921875,0,0.190673828125
9.9649,0,0.0880126953125,0,0.08856201171875,0,-0.05419921875,0,0.190673828125
9.9718,0,0.0880126953125,0,-0.72509765625,0,-0.03741455078125,0,0.2001953125
9.9828,0,-0.1790771484375,0,-0.72509765625,0,-0.03741455078125,0,0.2001953125
9.9958,0,-0.1790771484375,0,-0.66845703125,0,0.0810546875,0,-0.045074462890625
10.0036,0,0.1231689453125,0,-0.66845703125,0,0.0810546875,0,-0.045074462890625
10.0109,0,0.1231689453125,0,-0.05596923828125,0,0.0810546875,0,0.201416015625
10.0252,0,-0.1927490234375,0,-0.05596923828125,0,-0.0706787109375,0,0.201416015625
10.0346,0,-0.1927490234375,0,0.246337890625,0,-0.0706787109375,0,0.09234619140625
10.0443,0,-0.164794921875,0,0.246337890625,0,0.062408447265625,0,0.09234619140625
10.0578,0,-0.164794921875,0,-0.205810546875,0,0.062255859375,0,0.2225341796875
10.0670,0,0.0684814453125,0,-0.205810546875,0,0.062255859375,0,0.2225341796875
10.0734,0,0.0684814453125,0,0.348388671875,0,0.062255859375,0,-0.0848388671875
10.0842,0,0.041351318359375,0,0.348388671875,0,-0.07086181640625,0,-0.0848388671875
10.0936,0,0.041351318359375,0,-0.5283203125,0,-0.07086181640625,0,-0.264404296875
10.1039,0,-0.318359375,0,-0.5283203125,0,0.06109619140625,0,-0.264404296875
10.1127,0,-0.318359375,0,-0.8271484375,0,0.06109619140625,0,-0.036041259765625
10.1238,0,0.1846923828125,0,-0.8271484375,0,0.07196044921875,0,-0.036041259765625
10.1321,0,0.1846923828125,0,0.5263671875,0,0.07196044921875,0,0.2139892578125
10.1445,0,-0.08197021484375,0,0.5263671875,0,-0.06622314453125,0,0.2139892578125
10.1543,0,-0.08197021484375,0,0.1531982421875,0,-0.06622314453125,0,0.1822509765625
10.1690,0,-0.08197021484375,0,0.1531982421875,0,0.08349609375,0,0.1822509765625
10.1750,0,0.042724609375,0,0.4609375,0,0.08349609375,0,0.143310546875
10.1836,0,-0.070556640625,0,0.4609375,0,-0.042449951171875,0,0.143310546875
10.1967,0,-0.070556640625,0,0.4609375,0,-0.042449951171875,0,-0.00027251243591308594
10.2055,0,0.1590576171875,0,-0.114501953125,0,-0.037322998046875,0,-0.00027251243591308594
10.2163,0,0.1590576171875,0,0.4912109375,0,-0.037322998046875,0,-0.2509765625
10.2300,0,0.1590576171875,0,0.4912109375,0,-0.06964111328125,0,-0.2509765625
10.2431,0,-0.130615234375,0,0.278564453125,0,-0.06964111328125,0,-0.2056884765625
10.2510,0,-0.09857177734375,0,0.278564453125,0,-0.0509033203125,0,-0.2056884765625
10.2590,0,-0.09857177734375,0,0.278564453125,0,-0.0509033203125,0,-0.0200653076171875
10.2763,0,0.088623046875,0,-0.521484375,0,0.11297607421875,0,-0.0200653076171875
10.2878,0,0.088623046875,0,-0.230712890625,0,-0.058868408203125,0,0.138427734375
10.3020,0,-0.314453125,0,-0.230712890625,0,-0.058868408203125,0,0.1407470703125
10.3177,0,0.129638671875,0,0.10235595703125,0,0.092041015625,0,0.195068359375
10.3298,0,0.129638671875,0,0.3134765625,0,0.04071044921875,0,0.195068359375
10.3361,0,0.1910400390625,0,0.3134765625,0,0.04071044921875,0,-0.1693115234375
10.3469,0,0.1910400390625,0,-0.8076171875,0,-0.037506103515625,0,-0.1693115234375
10.3582,0,0.147216796875,0,-0.8076171875,0,-0.037506103515625,0,-0.226806640625
10.3643,0,0.147216796875,0,0.37646484375,0,-0.0933837890625,0,-0.226806640625
10.3725,0,0.1861572265625,0,0.37646484375,0,-0.0933837890625,0,-0.205078125
10.3859,0,0.1861572265625,0,0.313232421875,0,-0.0933837890625,0,-0.205078125
10.3935,0,-0.04364013671875,0,0.313232421875,0,0.06268310546875,0,0.026123046875
10.4040,0,-0.04364013671875,0,-0.1666259765625,0,0.06268310546875,0,0.026123046875
10.4126,0,0.1697998046875,0,-0.1666259765625,0,0.04254150390625,0,0.026123046875
10.4247,0,0.1697998046875,0,-0.1666259765625,0,0.04254150390625,0,0.0662841796875
10.4334,0,-0.18701171875,0,-0.57373046875,0,0.059844970703125,0,0.0662841796875
10.4490,0,-0.18701171875,0,-0.4306640625,0,-0.0186614990234375,0,0.043792724609375
10.4569,0,0.1611328125,0,-0.4306640625,0,-0.0186614990234375,0,-0.26318359375
10.4630,0,0.1611328125,0,-0.420166015625,0,-0.0186614990234375,0,-0.26318359375
10.4712,0,-0.11456298828125,0,-0.420166015625,0,-0.04632568359375,0,0.09271240234375
10.4823,0,-0.11456298828125,0,0.442138671875,0,-0.04632568359375,0,0.09271240234375
10.4908,0,0.06573486328125,0,0.442138671875,0,-0.0251922607421875,0,0.09271240234375
10.5033,0,0.06573486328125,0,-0.391357421875,0,-0.0251922607421875,0,-0.20361328125
10.5113,0,-0.335205078125,0,-0.391357421875,0,-0.051055908203125,0,-0.20361328125
10.5219,0,-0.335205078125,0,-0.8203125,0,-0.051055908203125,0,-0.243408203125
10.5355,0,0.2376708984375,0,-0.8203125,0,-0.03533935546875,0,-0.210693359375
10.5426,0,0.2376708984375,0,0.294921875,0,-0.03533935546875,0,-0.210693359375
10.5501,0,0.0899658203125,0,0.294921875,0,-0.0859375,0,-0.210693359375
10.5620,0,0.0899658203125,0,0.462158203125,0,-0.0859375,0,-0.2470703125
10.5719,0,-0.054290771484375,0,0.462158203125,0,-0.03741455078125,0,-0.2470703125
10.5831,0,-0.054290771484375,0,-0.490966796875,0,-0.03741455078125,0,-0.1416015625
10.5931,0,-0.326171875,0,-0.490966796875,0,-0.0380859375,0,-0.1416015625
10.6037,0,-0.326171875,0,-0.490966796875,0,-0.0380859375,0,0.1866455078125
10.6114,0,0.1402587890625,0,-0.6962890625,0,-0.035614013671875,0,0.1866455078125
10.6232,0,0.1402587890625,0,-0.6962890625,0,-0.035614013671875,0,0.01385498046875
10.6308,0,-0.107421875,0,-0.1368408203125,0,0.094970703125,0,0.01385498046875
10.6437,0,-0.107421875,0,-0.1368408203125,0,0.094970703125,0,0.1630859375
10.6501,0,-0.107421875,0,-0.275390625,0,0.0777587890625,0,0.1630859375
10.6613,0,-0.3134765625,0,-0.275390625,0,0.0777587890625,0,0.1492919921875
10.6715,0,-0.291748046875,0,0.1390380859375,0,-0.027069091796875,0,0.1492919921875
10.6820,0,-0.291748046875,0,0.1390380859375,0,-0.027069091796875,0,-0.10174560546875
10.6906,0,-0.291748046875,0,-0.052734375,0,-0.04522705078125,0,-0.10174560546875
10.7026,0,-0.269287109375,0,-0.052734375,0,-0.04522705078125,0,0.125
10.7103,0,0.10870361328125,0,-1.01171875,0,0.11224365234375,0,0.125
10.7248,0,0.10870361328125,0,-1.01171875,0,0.11224365234375,0,0.03729248046875
10.7298,0,0.10870361328125,0,0.081298828125,0,0.06280517578125,0,0.03729248046875
10.7465,0,0.17578125,0,0.081298828125,0,0.06280517578125,0,0.132568359375
10.7515,0,0.17578125,0,-0.52099609375,0,0.06280517578125,0,0.132568359375
10.7640,0,-0.28515625,0,-0.52099609375,0,0.06939697265625,0,0.132568359375
10.7715,0,-0.28515625,0,0.31640625,0,-0.07525634765625,0,0.168212890625
10.7828,0,-0.09112548828125,0,0.31640625,0,-0.07525634765625,0,0.168212890625
10.7934,0,-0.09112548828125,0,-0.224365234375,0,-0.041839599609375,0,-0.0548095703125
10.8036,0,0.1397705078125,0,-0.224365234375,0,-0.041839599609375,0,-0.0548095703125
10.8138,0,0.1397705078125,0,0.22216796875,0,-0.041839599609375,0,-0.03466796875
10.8281,0,-0.1004638671875,0,0.22216796875,0,0.046539306640625,0,0.22216796875
10.8336,0,-0.1004638671875,0,-0.6220703125,0,0.046539306640625,0,0.22216796875
10.8431,0,-0.0531005859375,0,-0.6220703125,0,0.05938720703125,0,0.22216796875
10.8527,0,-0.0531005859375,0,-0.68359375,0,0.05938720703125,0,0.25146484375
10.8649,0,-0.07830810546875,0,-0.68359375,0,-0.0499267578125,0,0.08233642578125
10.8750,0,-0.07830810546875,0,0.35546875,0,-0.0499267578125,0,0.08233642578125
10.8859,0,0.173828125,0,0.35546875,0,0.12274169921875,0,0.10760498046875
10.8951,0,0.173828125,0,-0.2164306640625,0,-0.07525634765625,0,0.10760498046875
10.9099,0,-0.2266845703125,0,-0.2164306640625,0,-0.07525634765625,0,0.10760498046875
10.9143,0,-0.2266845703125,0,-0.2164306640625,0,-0.07525634765625,0,0.0882568359375
10.9254,0,0.2315673828125,0,-0.4541015625,0,-0.031585693359375,0,-0.01457977294921875
10.9345,0,0.2315673828125,0,0.26123046875,0,-0.031585693359375,0,-0.01457977294921875
10.9452,0,-0.15380859375,0,0.26123046875,0,0.0709228515625,0,0.1766357421875
10.9544,0,-0.15380859375,0,0.467041015625,0,0.0709228515625,0,0.1766357421875
10.9644,0,-0.1429443359375,0,0.467041015625,0,-0.05291748046875,0,0.1766357421875
10.9754,0,-0.1429443359375,0,0.467041015625,0,-0.05291748046875,0,-0.302978515625
10.9858,0,-0.254150390625,0,0.47265625,0,0.044921875,0,-0.302978515625
10.9957,0,-0.254150390625,0,-0.94775390625,0,0.044921875,0,-0.217041015625
11.0076,0,-0.1927490234375,0,-0.94775390625,0,0.0667724609375,0,-0.217041015625
11.0190,0,-0.1927490234375,0,0.246826171875,0,0.0667724609375,0,-0.248046875
11.0271,0,-0.029571533203125,0,0.246826171875,0,0.07012939453125,0,-0.248046875
11.0368,0,-0.029571533203125,0,0.246826171875,0,0.07012939453125,0,0.05303955078125
11.0459,0,0.06866455078125,0,0.2462158203125,0,0.022430419921875,0,0.05303955078125
11.0589,0,0.06866455078125,0,0.2462158203125,0,0.022430419921875,0,0.11102294921875
11.0660,0,0.08258056640625,0,-0.96435546875,0,0.037506103515625,0,0.11102294921875
11.0781,0,0.08258056640625,0,-0.96435546875,0,0.037506103515625,0,0.1683349609375
11.0856,0,0.06488037109375,0,0.46826171875,0,-0.045684814453125,0,0.1683349609375
11.0986,0,0.06488037109375,0,0.46826171875,0,-0.045684814453125,0,0.1224365234375
11.1077,0,-0.0238494873046875,0,0.42626953125,0,-0.066650390625,0,0.1224365234375
11.1201,0,-0.0238494873046875,0,0.42626953125,0,-0.066650390625,0,0.2025146484375
11.1292,0,0.08349609375,0,-0.2724609375,0,0.08642578125,0,0.2025146484375
11.1479,0,0.1053466796875,0,0.2666015625,0,-0.041748046875,0,0.2607421875
11.1596,0,0.1053466796875,0,0.2666015625,0,-0.041748046875,0,0.1595458984375
11.1703,0,0.32177734375,0,0.41943359375,0,0.076416015625,0,0.1595458984375
11.1799,0,0.32177734375,0,0.41943359375,0,0.076416015625,0,-0.0858154296875
11.1865,0,0.0450439453125,0,0.1416015625,0,0.09210205078125,0,-0.0858154296875
11.2020,0,0.0450439453125,0,-0.1029052734375,0,0.09210205078125,0,-0.083740234375
11.2137,0,-0.09613037109375,0,-0.1029052734375,0,-0.048614501953125,0,-0.083740234375
11.2206,0,-0.09613037109375,0,-0.1029052734375,0,-0.048614501953125,0,-0.130126953125
11.2316,0,0.150146484375,0,-0.37451171875,0,-0.031494140625,0,-0.130126953125
11.2452,0,0.150146484375,0,-0.37451171875,0,-0.031494140625,0,0.1907958984375
11.2482,0,0.2191162109375,0,-0.3154296875,0,0.0257110595703125,0,0.1907958984375
11.2633,0,0.2191162109375,0,-0.3154296875,0,0.0257110595703125,0,0.196533203125
11.2797,0,-0.1839599609375,0,0.034820556640625,0,0.108642578125,0,0.065185546875
11.2854,0,-0.332275390625,0,-0.2271728515625,0,-0.01220703125,0,0.065185546875
11.2942,0,-0.332275390625,0,-0.2271728515625,0,-0.01220703125,0,-0.1292724609375
11.3061,0,0.051727294921875,0,0.53369140625,0,-0.020660400390625,0,-0.1292724609375
11.3188,0,0.051727294921875,0,0.53369140625,0,-0.020660400390625,0,-0.06396484375
11.3277,0,0.113525390625,0,0.09710693359375,0,-0.020660400390625,0,-0.06396484375
11.3470,0,0.104248046875,0,0.359375,0,0.08154296875,0,-0.1688232421875
11.3668,0,-0.1126708984375,0,0.487060546875,0,0.04693603515625,0,0.08306884765625
11.3809,0,-0.1126708984375,0,0.487060546875,0,0.04693603515625,0,-0.2958984375
11.3885,0,0.1666259765625,0,0.07244873046875,0,0.050537109375,0,-0.2958984375
11.4034,0,0.1666259765625,0,0.07244873046875,0,0.050537109375,0,0.1419677734375
11.4100,0,-0.1383056640625,0,-0.8974609375,0,0.050537109375,0,0.1419677734375
11.4158,0,-0.1383056640625,0,-0.8974609375,0,-0.0374755859375,0,-0.306884765625
11.4274,0,0.0919189453125,0,-0.5263671875,0,0.0447998046875,0,-0.306884765625
11.4363,0,0.0919189453125,0,-0.5263671875,0,0.0447998046875,0,0.2265625
11.4475,0,-0.1610107421875,0,-0.666015625,0,-0.0816650390625,0,0.2265625
11.4612,0,-0.1610107421875,0,-0.666015625,0,-0.0816650390625,0,-0.2369384765625
11.4695,0,0.1343994140625,0,-0.97314453125,0,-0.0182037353515625,0,-0.2369384765625
11.4870,0,0.0631103515625,0,0.252685546875,0,-0.0182037353515625,0,0.075927734375
11.4962,0,0.0631103515625,0,0.252685546875,0,-0.0261077880859375,0,-0.268798828125
11.5098,0,0.2078857421875,0,0.488525390625,0,-0.0261077880859375,0,-0.268798828125
11.5160,0,0.2078857421875,0,0.488525390625,0,-0.0614013671875,0,-0.028106689453125
11.5315,0,-0.22998046875,0,0.525390625,0,-0.0614013671875,0,-0.028106689453125
11.5359,0,-0.22998046875,0,0.525390625,0,-0.064208984375,0,0.197021484375
11.5498,0,-0.11065673828125,0,0.0548095703125,0,-0.064208984375,0,0.197021484375
11.5563,0,-0.11065673828125,0,0.0548095703125,0,0.036102294921875,0,0.1485595703125
11.5673,0,-0.11065673828125,0,0.350830078125,0,0.036102294921875,0,0.1485595703125
11.5820,0,0.0782470703125,0,0.350830078125,0,0.09686279296875,0,0.1485595703125
11.5927,0,0.11358642578125,0,-0.58642578125,0,0.09686279296875,0,0.11181640625
11.5993,0,0.11358642578125,0,-0.58642578125,0,0.08209228515625,0,0.203857421875
11.6107,0,0.2080078125,0,0.477783203125,0,0.08209228515625,0,0.203857421875
11.6202,0,0.2080078125,0,0.477783203125,0,-0.02996826171875,0,0.1168212890625
11.6327,0,-0.20556640625,0,0.2783203125,0,-0.02996826171875,0,0.1168212890625
11.6428,0,-0.20556640625,0,0.2783203125,0,0.11614990234375,0,0.1168212890625
11.6522,0,-0.10113525390625,0,0.361328125,0,0.11614990234375,0,-0.107666015625
11.6575,0,-0.10113525390625,0,0.361328125,0,0.0413818359375,0,-0.107666015625
11.6669,0,-0.10113525390625,0,0.361328125,0,0.0413818359375,0,0.1651611328125
11.6739,0,-0.03656005859375,0,-0.283447265625,0,0.151611328125,0,0.1651611328125
11.6866,0,-0.03656005859375,0,-0.283447265625,0,0.151611328125,0,0.078857421875
11.6970,0,-0.034149169921875,0,-0.5439453125,0,-0.03326416015625,0,0.078857421875
11.7073,0,-0.034149169921875,0,-0.5439453125,0,-0.03326416015625,0,0.03143310546875
11.7170,0,0.048583984375,0,0.36669921875,0,-0.00467681884765625,0,0.03143310546875
11.7299,0,0.048583984375,0,0.36669921875,0,-0.00467681884765625,0,0.1900634765625
11.7387,0,0.153076171875,0,-0.281005859375,0,-0.00467681884765625,0,0.1900634765625
11.7478,0,0.153076171875,0,-0.281005859375,0,-0.03619384765625,0,-0.1448974609375
11.7592,0,-0.0924072265625,0,-0.42578125,0,-0.03619384765625,0,-0.1448974609375
11.7673,0,-0.0924072265625,0,-0.42578125,0,0.04302978515625,0,-0.1234130859375
11.7741,0,0.005748748779296875,0,-0.087158203125,0,-0.06610107421875,0,-0.1234130859375
11.7880,0,0.005748748779296875,0,-0.087158203125,0,-0.06610107421875,0,-0.09136962890625
11.7985,0,0.040191650390625,0,-0.306640625,0,-0.06610107421875,0,-0.09136962890625
11.8057,0,0.040191650390625,0,-0.306640625,0,0.044097900390625,0,0.0926513671875
11.8193,0,-0.2291259765625,0,0.37841796875,0,0.044097900390625,0,0.0926513671875
11.8282,0,-0.2291259765625,0,0.37841796875,0,-0.03411865234375,0,0.0889892578125
11.8467,0,0.030426025390625,0,-0.5615234375,0,0.070556640625,0,0.11968994140625
11.8592,0,0.2120361328125,0,0.30419921875,0,0.070556640625,0,0.11968994140625
11.8670,0,0.2120361328125,0,0.30419921875,0,0.046051025390625,0,0.03912353515625
11.8759,0,0.0285491943359375,0,-0.1861572265625,0,0.046051025390625,0,0.03912353515625
11.8861,0,0.0285491943359375,0,-0.1861572265625,0,0.070556640625,0,-0.293212890625
11.8986,0,0.1260986328125,0,0.43701171875,0,0.070556640625,0,-0.293212890625
11.9068,0,0.1260986328125,0,0.43701171875,0,0.057464599609375,0,0.2158203125
11.9192,0,0.126953125,0,-0.482177734375,0,0.057464599609375,0,0.2158203125
11.9279,0,0.126953125,0,-0.482177734375,0,-0.034637451171875,0,-0.038421630859375
11.9354,0,0.10845947265625,0,0.0938720703125,0,-0.034637451171875,0,-0.038421630859375
11.9491,0,0.10845947265625,0,0.0938720703125,0,-0.0458984375,0,-0.040924072265625
11.9570,0,0.1861572265625,0,0.36474609375,0,-0.0458984375,0,-0.040924072265625
11.9655,0,0.1861572265625,0,0.36474609375,0,0.0292816162109375,0,-0.032012939453125
11.9749,0,-0.20654296875,0,0.348388671875,0,0.0292816162109375,0,-0.032012939453125
11.9870,0,-0.20654296875,0,0.348388671875,0,0.12109375,0,-0.11737060546875
11.9960,0,-0.1793212890625,0,0.061920166015625,0,0.12109375,0,-0.11737060546875
12.0092,0,-0.1793212890625,0,0.061920166015625,0,-0.03350830078125,0,-0.11737060546875
12.0145,0,-0.12493896484375,0,-0.7822265625,0,-0.03350830078125,0,-0.2119140625
12.0262,0,-0.12493896484375,0,-0.7822265625,0,0.0595703125,0,0.15625
12.0352,0,-0.1514892578125,0,-0.57666015625,0,0.0595703125,0,0.15625
12.0479,0,-0.1514892578125,0,-0.57666015625,0,-0.034027099609375,0,0.15625
12.0552,0,-0.24365234375,0,0.1951904296875,0,-0.034027099609375,0,-0.1734619140625
12.0713,0,-0.24365234375,0,0.1951904296875,0,0.0863037109375,0,0.0306854248046875
12.0759,0,-0.09295654296875,0,0.1951904296875,0,0.0863037109375,0,0.0306854248046875
12.0882,0,-0.09295654296875,0,0.5419921875,0,-0.0266571044921875,0,0.0306854248046875
12.0970,0,-0.0850830078125,0,0.09912109375,0,-0.0266571044921875,0,-0.1534423828125
12.1068,0,-0.0850830078125,0,0.09912109375,0,0.06829833984375,0,-0.1534423828125
12.1189,0,-0.259033203125,0,0.09912109375,0,0.06829833984375,0,0.0736083984375
12.1291,0,-0.259033203125,0,0.2369384765625,0,-0.107177734375,0,0.0736083984375
12.1359,0,0.047821044921875,0,0.2369384765625,0,-0.107177734375,0,-0.06854248046875
12.1487,0,0.047821044921875,0,0.041778564453125,0,0.06439208984375,0,-0.06854248046875
12.1590,0,0.0176239013671875,0,0.041778564453125,0,0.06439208984375,0,0.041839599609375
12.1681,0,0.0176239013671875,0,0.2919921875,0,0.035858154296875,0,0.041839599609375
12.1751,0,0.178955078125,0,0.2919921875,0,0.035858154296875,0,0.2125244140625
12.1876,0,0.178955078125,0,-0.2396240234375,0,0.035858154296875,0,0.2125244140625
12.1986,0,-0.134521484375,0,-0.2396240234375,0,0.031341552734375,0,0.0689697265625
12.2101,0,-0.134521484375,0,0.0745849609375,0,0.0640869140625,0,0.0689697265625
12.2233,0,-0.0819091796875,0,0.440673828125,0,0.0640869140625,0,0.1790771484375
12.2341,0,-0.0819091796875,0,0.440673828125,0,0.005962371826171875,0,0.1553955078125
12.2376,0,-0.15478515625,0,0.440673828125,0,0.005962371826171875,0,0.1553955078125
12.2485,0,-0.15478515625,0,0.1956787109375,0,-0.080078125,0,0.1553955078125
12.2572,0,-0.046539306640625,0,0.1956787109375,0,-0.080078125,0,0.1317138671875
12.2716,0,-0.046539306640625,0,0.38916015625,0,0.061859130859375,0,0.1317138671875
12.2824,0,-0.07525634765625,0,0.38916015625,0,0.061859130859375,0,-0.1295166015625
12.2909,0,-0.07525634765625,0,0.1162109375,0,0.032073974609375,0,-0.1295166015625
12.2994,0,0.151123046875,0,0.1162109375,0,0.032073974609375,0,0.14453125
12.3132,0,0.151123046875,0,0.399169921875,0,0.09130859375,0,0.14453125
12.3266,0,-0.27001953125,0,0.2421875,0,0.09130859375,0,0.1575927734375
12.3369,0,-0.27001953125,0,0.2421875,0,-0.033966064453125,0,-0.291015625
12.3477,0,-0.1085205078125,0,0.315185546875,0,-0.033966064453125,0,-0.291015625
12.3565,0,-0.1085205078125,0,0.315185546875,0,-0.046539306640625,0,0.1077880859375
12.3695,0,0.127685546875,0,-0.2841796875,0,-0.046539306640625,0,0.1077880859375
12.3770,0,0.127685546875,0,-0.2841796875,0,-0.0231781005859375,0,0.140380859375
12.3877,0,0.0816650390625,0,0.1258544921875,0,-0.0231781005859375,0,0.140380859375
12.3973,0,0.0816650390625,0,0.1258544921875,0,-0.0166015625,0,0.21533203125
12.4049,0,-0.0758056640625,0,0.380615234375,0,-0.0166015625,0,0.21533203125
12.4124,0,-0.0758056640625,0,0.380615234375,0,-0.0751953125,0,-0.09930419921875
12.4247,0,0.12127685546875,0,0.2301025390625,0,-0.0751953125,0,-0.09930419921875
12.4344,0,0.12127685546875,0,0.2301025390625,0,-0.093017578125,0,0.17431640625
12.4481,0,0.10394287109375,0,-0.303955078125,0,-0.093017578125,0,0.17431640625
12.4551,0,0.10394287109375,0,-0.303955078125,0,-0.047943115234375,0,0.17431640625
12.4628,0,0.044708251953125,0,0.435546875,0,-0.047943115234375,0,0.146484375
12.4753,0,0.044708251953125,0,0.435546875,0,0.04351806640625,0,0.146484375
12.4825,0,0.0531005859375,0,-0.69482421875,0,0.04351806640625,0,0.032989501953125
12.4939,0,0.0531005859375,0,-0.69482421875,0,-0.038177490234375,0,0.23486328125
12.5039,0,-0.1978759765625,0,-0.174072265625,0,-0.038177490234375,0,0.23486328125
12.5160,0,-0.1978759765625,0,-0.174072265625,0,-0.0458984375,0,0.20751953125
12.5243,0,0.061981201171875,0,-0.174072265625,0,-0.0458984375,0,0.20751953125
12.5363,0,0.061981201171875,0,-0.04107666015625,0,-0.0828857421875,0,0.20751953125
12.5432,0,-0.25537109375,0,-0.04107666015625,0,-0.0828857421875,0,-0.119384765625
12.5571,0,-0.25537109375,0,0.10888671875,0,0.05841064453125,0,-0.119384765625
12.5654,0,0.152099609375,0,0.10888671875,0,0.05841064453125,0,-0.066650390625
12.5768,0,0.152099609375,0,-0.63232421875,0,-0.0604248046875,0,-0.066650390625
12.5841,0,-0.2467041015625,0,-0.63232421875,0,-0.0604248046875,0,0.050537109375
12.5970,0,-0.2467041015625,0,0.26318359375,0,0.0718994140625,0,0.050537109375
12.6038,0,0.05499267578125,0,0.26318359375,0,0.0718994140625,0,0.200927734375
12.6131,0,0.05499267578125,0,-0.330322265625,0,0.036712646484375,0,0.200927734375
12.6255,0,0.11224365234375,0,-0.330322265625,0,0.036712646484375,0,0.206787109375
12.6327,0,0.11224365234375,0,0.383544921875,0,0.05816650390625,0,0.206787109375
12.6431,0,-0.0933837890625,0,0.383544921875,0,0.05816650390625,0,-0.053924560546875
12.6532,0,-0.0933837890625,0,0.290283203125,0,0.0638427734375,0,-0.053924560546875
12.6652,0,-0.040740966796875,0,0.290283203125,0,0.0638427734375,0,0.152099609375
12.6736,0,-0.040740966796875,0,-0.421142578125,0,0.060394287109375,0,0.152099609375
12.6855,0,0.0306549072265625,0,-0.421142578125,0,0.060394287109375,0,-0.2362060546875
12.6947,0,0.0306549072265625,0,0.330810546875,0,0.08380126953125,0,-0.2362060546875
12.7059,0,0.0728759765625,0,0.330810546875,0,0.08380126953125,0,0.1834716796875
12.7137,0,0.0728759765625,0,-0.76416015625,0,0.070556640625,0,0.1834716796875
12.7263,0,-0.1063232421875,0,-0.76416015625,0,0.070556640625,0,-0.028472900390625
12.7339,0,-0.1063232421875,0,0.171630859375,0,0.057220458984375,0,-0.028472900390625
12.7483,0,-0.1063232421875,0,0.171630859375,0,0.057220458984375,0,0.2474365234375
12.7591,0,0.107421875,0,0.41845703125,0,0.057220458984375,0,0.2474365234375
12.7672,0,0.107421875,0,0.41845703125,0,0.007022857666015625,0,-0.27490234375
12.7808,0,0.221435546875,0,0.52734375,0,0.007022857666015625,0,-0.27490234375
12.7865,0,0.221435546875,0,0.52734375,0,-0.08135986328125,0,0.1878662109375
12.7943,0,-0.03570556640625,0,-0.53076171875,0,-0.08135986328125,0,0.1878662109375
12.8068,0,-0.03570556640625,0,-0.53076171875,0,0.06427001953125,0,-0.193359375
12.8179,0,0.1314697265625,0,0.1650390625,0,0.045196533203125,0,-0.193359375
12.8286,0,0.1314697265625,0,0.1650390625,0,0.045196533203125,0,-0.05853271484375
12.8369,0,-0.181884765625,0,0.366943359375,0,0.045196533203125,0,-0.05853271484375
12.8476,0,-0.181884765625,0,0.366943359375,0,-0.038330078125,0,0.146484375
12.8527,0,-0.11279296875,0,0.45751953125,0,-0.038330078125,0,0.146484375
12.8666,0,-0.11279296875,0,0.45751953125,0,-0.042816162109375,0,0.125732421875
12.8754,0,-0.07574462890625,0,-0.6650390625,0,-0.042816162109375,0,0.125732421875
12.8868,0,-0.07574462890625,0,-0.6650390625,0,0.063232421875,0,-0.26806640625
12.8974,0,-0.0924072265625,0,0.08050537109375,0,0.063232421875,0,-0.26806640625
12.9063,0,-0.0924072265625,0,0.08050537109375,0,0.0450439453125,0,0.2205810546875
12.9259,0,-0.1614990234375,0,0.0989990234375,0,0.04547119140625,0,-0.30517578125
12.9349,0,0.0117950439453125,0,-0.495361328125,0,0.04547119140625,0,-0.30517578125
12.9453,0,0.0117950439453125,0,-0.495361328125,0,-0.024383544921875,0,0.1800537109375
12.9555,0,0.0758056640625,0,-0.07373046875,0,-0.024383544921875,0,0.1800537109375
12.9683,0,0.0758056640625,0,-0.07373046875,0,0.05291748046875,0,-0.0833740234375
12.9851,0,-0.060272216796875,0,-0.89404296875,0,-0.022491455078125,0,-0.2125244140625
12.9965,0,-0.0240631103515625,0,-0.89404296875,0,-0.022491455078125,0,-0.2125244140625
13.0055,0,-0.0240631103515625,0,-0.666015625,0,0.06939697265625,0,-0.2125244140625
13.0141,0,0.14599609375,0,-0.666015625,0,0.06939697265625,0,-0.302490234375
13.0252,0,0.14599609375,0,-0.51708984375,0,0.058868408203125,0,-0.302490234375
13.0379,0,0.09014892578125,0,-0.51708984375,0,0.058868408203125,0,0.157470703125
13.0458,0,0.09014892578125,0,0.236572265625,0,0.07440185546875,0,0.157470703125
13.0542,0,-0.1885986328125,0,0.236572265625,0,0.07440185546875,0,-0.2469482421875
13.0655,0,-0.1885986328125,0,0.236328125,0,0.02630615234375,0,0.218994140625
13.0749,0,0.07305908203125,0,0.236328125,0,0.02630615234375,0,0.218994140625
13.0857,0,0.07305908203125,0,0.491455078125,0,0.06500244140625,0,0.218994140625
13.0980,0,-0.263916015625,0,0.491455078125,0,0.06500244140625,0,0.1221923828125
13.1063,0,-0.263916015625,0,0.18798828125,0,0.06500244140625,0,0.1221923828125
13.1173,0,-0.263916015625,0,0.18798828125,0,-0.052154541015625,0,0.05950927734375
13.1291,0,0.1185302734375,0,0.53466796875,0,-0.052154541015625,0,0.05950927734375
13.1368,0,0.1185302734375,0,0.53466796875,0,-0.01421356201171875,0,0.10302734375
13.1465,0,-0.0721435546875,0,0.189697265625,0,-0.01421356201171875,0,0.10302734375
13.1577,0,-0.0721435546875,0,0.189697265625,0,0.0782470703125,0,0.236572265625
13.1687,0,-0.042633056640625,0,0.471923828125,0,0.0782470703125,0,0.236572265625
13.1777,0,-0.042633056640625,0,0.471923828125,0,-0.07958984375,0,-0.12335205078125
13.1853,0,0.054534912109375,0,0.048065185546875,0,-0.07958984375,0,-0.12335205078125
13.2003,0,0.054534912109375,0,0.048065185546875,0,-0.03631591796875,0,0.14697265625
13.2063,0,0.0246734619140625,0,-0.619140625,0,-0.03631591796875,0,0.14697265625
13.2172,0,0.0246734619140625,0,-0.619140625,0,0.0960693359375,0,0.0484619140625
13.2288,0,0.0214080810546875,0,0.330078125,0,0.0960693359375,0,0.0484619140625
13.2449,0,0.09686279296875,0,0.485107421875,0,-0.042144775390625,0,0.27294921875
13.2529,0,0.09686279296875,0,0.485107421875,0,0.1051025390625,0,0.27294921875
13.2616,0,0.09686279296875,0,0.485107421875,0,0.1051025390625,0,-0.042022705078125
13.2698,0,-0.131591796875,0,0.225341796875,0,0.1051025390625,0,-0.042022705078125
13.2816,0,-0.131591796875,0,0.225341796875,0,-0.033111572265625,0,0.205078125
13.2889,0,-0.1845703125,0,0.50732421875,0,-0.033111572265625,0,0.205078125
13.3023,0,-0.1845703125,0,0.50732421875,0,0.0234832763671875,0,-0.0009751319885253906
13.3183,0,-0.1708984375,0,0.29736328125,0,-0.05328369140625,0,-0.12152099609375
13.3288,0,-0.044769287109375,0,0.385498046875,0,-0.05328369140625,0,-0.12152099609375
13.3401,0,-0.044769287109375,0,0.385498046875,0,0.06201171875,0,0.2398681640625
13.3513,0,0.163330078125,0,-0.10601806640625,0,0.06201171875,0,0.2398681640625
13.3623,0,0.163330078125,0,-0.10601806640625,0,-0.035003662109375,0,0.060943603515625
13.3695,0,-0.132568359375,0,0.383544921875,0,-0.035003662109375,0,0.060943603515625
13.3829,0,-0.132568359375,0,0.383544921875,0,-0.037261962890625,0,-0.0645751953125
13.3932,0,0.0765380859375,0,0.383544921875,0,-0.037261962890625,0,-0.0645751953125
13.4003,0,0.0765380859375,0,-0.169921875,0,-0.07366943359375,0,-0.2313232421875
13.4114,0,-0.05914306640625,0,-0.169921875,0,-0.07366943359375,0,-0.2313232421875
13.4254,0,0.0242462158203125,0,-0.343505859375,0,0.07470703125,0,-0.20849609375
13.4350,0,0.0242462158203125,0,0.273193359375,0,0.12139892578125,0,0.215087890625
13.4467,0,-0.048065185546875,0,0.273193359375,0,0.12139892578125,0,0.215087890625
13.4543,0,-0.048065185546875,0,0.425537109375,0,0.0190887451171875,0,0.2626953125
13.4673,0,-0.0704345703125,0,0.425537109375,0,0.0190887451171875,0,0.2626953125
13.4787,0,-0.0704345703125,0,-0.83203125,0,-0.02276611328125,0,-0.265869140625
13.4841,0,-0.1749267578125,0,-0.83203125,0,-0.02276611328125,0,-0.265869140625
13.4993,0,-0.1749267578125,0,0.48974609375,0,0.048004150390625,0,-0.265869140625
13.5063,0,-0.1749267578125,0,0.48974609375,0,0.048004150390625,0,-0.1563720703125
13.5150,0,0.191650390625,0,0.281494140625,0,0.01312255859375,0,-0.1563720703125
13.5288,0,0.191650390625,0,0.281494140625,0,0.01312255859375,0,-0.2119140625
13.5379,0,-0.087158203125,0,-0.791015625,0,0.01312255859375,0,-0.2119140625
13.5468,0,-0.087158203125,0,-0.791015625,0,-0.0458984375,0,-0.2100830078125
13.5613,0,0.0926513671875,0,0.439453125,0,-0.0458984375,0,-0.2100830078125
13.5683,0,0.0926513671875,0,0.439453125,0,0.0308380126953125,0,-0.169921875
13.5811,0,-0.1192626953125,0,0.331298828125,0,0.0308380126953125,0,-0.169921875
13.5879,0,-0.1192626953125,0,0.331298828125,0,-0.016387939453125,0,0.1944580078125
13.6015,0,-0.0301513671875,0,0.50927734375,0,-0.016387939453125,0,0.1944580078125
13.6074,0,-0.0301513671875,0,0.50927734375,0,-0.07586669921875,0,-0.1287841796875
13.6177,0,0.1212158203125,0,0.2467041015625,0,-0.07586669921875,0,-0.1287841796875
13.6281,0,0.1212158203125,0,0.2467041015625,0,0.0791015625,0,0.2484130859375
13.6393,0,0.05865478515625,0,-0.6376953125,0,0.0791015625,0,0.2484130859375
13.6481,0,0.05865478515625,0,-0.6376953125,0,0.05718994140625,0,0.2200927734375
13.6589,0,0.14892578125,0,0.1097412109375,0,0.05718994140625,0,0.2200927734375
13.6682,0,0.14892578125,0,0.1097412109375,0,0.06610107421875,0,0.12841796875
13.6797,0,-0.191650390625,0,0.24658203125,0,0.06610107421875,0,0.12841796875
13.6870,0,-0.191650390625,0,0.24658203125,0,0.03424072265625,0,0.1715087890625
13.6994,0,-0.246826171875,0,0.55078125,0,0.03424072265625,0,0.1715087890625
13.7085,0,-0.246826171875,0,0.55078125,0,-0.032440185546875,0,-0.051177978515625
13.7196,0,0.0234527587890625,0,-0.07232666015625,0,-0.032440185546875,0,-0.051177978515625
13.7264,0,0.0234527587890625,0,-0.07232666015625,0,-0.0166778564453125,0,0.1527099609375
13.7389,0,-0.11181640625,0,0.2607421875,0,-0.0166778564453125,0,0.1527099609375
13.7476,0,-0.11181640625,0,0.2607421875,0,-0.0145263671875,0,0.1727294921875
13.7579,0,-0.2083740234375,0,-0.2064208984375,0,-0.0145263671875,0,0.1727294921875
13.7670,0,-0.2083740234375,0,-0.2064208984375,0,0.047332763671875,0,-0.07745361328125
13.7778,0,0.1541748046875,0,-0.1129150390625,0,0.047332763671875,0,-0.07745361328125
13.7861,0,0.1541748046875,0,-0.1129150390625,0,0.09722900390625,0,0.2020263671875
13.7934,0,-0.0625,0,-0.24365234375,0,0.09722900390625,0,0.2020263671875
13.8062,0,-0.0625,0,-0.24365234375,0,-0.09185791015625,0,0.2020263671875
13.8137,0,0.1405029296875,0,0.08148193359375,0,-0.09185791015625,0,0.206298828125
13.8256,0,0.1405029296875,0,0.08148193359375,0,0.02099609375,0,0.206298828125
13.8370,0,-0.0478515625,0,0.295654296875,0,0.02099609375,0,0.26806640625
13.8462,0,-0.0478515625,0,0.295654296875,0,-0.033538818359375,0,0.26806640625
13.8574,0,-0.055908203125,0,0.44091796875,0,-0.033538818359375,0,0.233642578125
13.8676,0,-0.055908203125,0,0.44091796875,0,-0.01485443115234375,0,0.233642578125
13.8802,0,0.146728515625,0,0.44091796875,0,-0.01485443115234375,0,-0.1279296875
13.8912,0,0.146728515625,0,-0.6572265625,0,-0.01641845703125,0,-0.1279296875
13.9004,0,-0.18896484375,0,-0.6572265625,0,-0.01641845703125,0,0.212890625
13.9080,0,-0.18896484375,0,0.25048828125,0,0.035308837890625,0,0.212890625
13.9211,0,-0.1617431640625,0,0.25048828125,0,0.035308837890625,0,-0.2144775390625
13.9307,0,-0.1617431640625,0,-0.1351318359375,0,0.035308837890625,0,-0.2144775390625
13.9529,0,-0.1595458984375,0,-0.11663818359375,0,0.050628662109375,0,0.1075439453125
13.9642,0,-0.162353515625,0,-0.26708984375,0,0.053497314453125,0,-0.07586669921875
13.9696,0,-0.162353515625,0,-0.26708984375,0,-0.072265625,0,-0.07586669921875
13.9822,0,-0.162353515625,0,-0.26708984375,0,-0.072265625,0,-0.281494140625
13.9911,0,-0.119873046875,0,0.203125,0,0.060516357421875,0,-0.281494140625
14.0009,0,-0.119873046875,0,0.203125,0,0.060516357421875,0,-0.285400390625
14.0097,0,0.09295654296875,0,0.3740234375,0,0.060516357421875,0,-0.285400390625
14.0212,0,0.09295654296875,0,0.3740234375,0,0.03155517578125,0,-0.0111541748046875
14.0285,0,0.10760498046875,0,0.106689453125,0,-0.025604248046875,0,-0.0111541748046875
14.0415,0,0.10760498046875,0,0.106689453125,0,-0.025604248046875,0,-0.042144775390625
14.0500,0,0.0980224609375,0,0.308837890625,0,-0.025604248046875,0,-0.042144775390625
14.0616,0,0.0980224609375,0,0.308837890625,0,-0.030609130859375,0,-0.1263427734375
14.0723,0,0.1453857421875,0,0.463623046875,0,-0.030609130859375,0,-0.1263427734375
14.0830,0,0.1453857421875,0,0.463623046875,0,-0.0445556640625,0,-0.1181640625
14.0892,0,0.103759765625,0,-0.1173095703125,0,-0.0445556640625,0,-0.1181640625
14.1007,0,0.103759765625,0,-0.1173095703125,0,0.007904052734375,0,-0.329345703125
14.1099,0,-0.040130615234375,0,-0.94580078125,0,0.007904052734375,0,-0.329345703125
14.1226,0,-0.040130615234375,0,-0.94580078125,0,0.06512451171875,0,0.1983642578125
14.1304,0,0.11151123046875,0,0.0628662109375,0,0.06512451171875,0,0.1983642578125
14.1409,0,0.11151123046875,0,0.0628662109375,0,-0.05072021484375,0,-0.0118255615234375
14.1522,0,-0.234375,0,0.0872802734375,0,-0.05072021484375,0,-0.0118255615234375
14.1679,0,-0.234375,0,0.0872802734375,0,-0.0215606689453125,0,-0.021697998046875
14.1692,0,-0.1744384765625,0,0.3681640625,0,-0.0215606689453125,0,-0.021697998046875
14.1783,0,-0.1744384765625,0,0.3681640625,0,0.01611328125,0,-0.1787109375
14.1937,0,0.08685302734375,0,-0.55859375,0,0.01611328125,0,-0.1787109375
14.2026,0,0.08685302734375,0,-0.55859375,0,0.0450439453125,0,-0.1787109375
14.2124,0,-0.33837890625,0,-0.397216796875,0,0.0450439453125,0,-0.039031982421875
14.2238,0,-0.33837890625,0,-0.397216796875,0,0.0241851806640625,0,-0.039031982421875
14.2322,0,-0.19580078125,0,-0.7216796875,0,0.0241851806640625,0,-0.2490234375
14.2503,0,-0.1634521484375,0,0.29833984375,0,-0.039459228515625,0,0.2039794921875
14.2649,0,0.159912109375,0,0.26513671875,0,-0.0185089111328125,0,-0.07568359375
14.2752,0,0.159912109375,0,0.26513671875,0,-0.08477783203125,0,-0.07568359375
14.2886,0,-0.08673095703125,0,-0.25439453125,0,-0.08477783203125,0,0.1590576171875
14.3019,0,-0.08673095703125,0,-0.25439453125,0,0.05780029296875,0,0.1590576171875
14.3111,0,-0.216064453125,0,-0.1168212890625,0,0.05780029296875,0,0.2054443359375
14.3213,0,-0.216064453125,0,-0.1168212890625,0,0.0780029296875,0,0.197998046875
14.3302,0,-0.20166015625,0,-0.4130859375,0,0.0780029296875,0,0.197998046875
14.3516,0,0.0083465576171875,0,0.434814453125,0,0.08526611328125,0,-0.283203125
14.3650,0,0.06536865234375,0,0.2139892578125,0,0.107177734375,0,-0.25146484375
14.3778,0,0.06536865234375,0,0.2139892578125,0,-0.037750244140625,0,-0.25146484375
14.3854,0,-0.172119140625,0,0.1400146484375,0,-0.037750244140625,0,-0.0297088623046875
14.3991,0,-0.172119140625,0,0.1400146484375,0,-0.01305389404296875,0,-0.0297088623046875
14.4082,0,0.11517333984375,0,0.43701171875,0,-0.01305389404296875,0,0.0865478515625
14.4195,0,0.11517333984375,0,0.43701171875,0,-0.019744873046875,0,0.0865478515625
14.4283,0,-0.13671875,0,-0.841796875,0,-0.019744873046875,0,0.1768798828125
14.4394,0,-0.13671875,0,-0.841796875,0,-0.0242462158203125,0,0.1768798828125
14.4488,0,-0.09765625,0,0.420654296875,0,-0.0242462158203125,0,0.050750732421875
14.4606,0,-0.09765625,0,0.420654296875,0,-0.0389404296875,0,0.050750732421875
14.4708,0,-0.09765625,0,0.420654296875,0,-0.0389404296875,0,-0.2344970703125
14.4765,0,-0.1949462890625,0,0.0254669189453125,0,-0.074951171875,0,-0.2344970703125
14.4879,0,-0.1949462890625,0,-0.0767822265625,0,-0.074951171875,0,-0.008056640625
14.5030,0,-0.1395263671875,0,-0.0767822265625,0,-0.07659912109375,0,-0.008056640625
14.5085,0,-0.1395263671875,0,0.234619140625,0,-0.07659912109375,0,0.1474609375
14.5198,0,-0.2418212890625,0,0.234619140625,0,-0.051788330078125,0,0.1474609375
14.5306,0,0.16650390625,0,0.113037109375,0,-0.051788330078125,0,-0.272705078125
14.5359,0,0.16650390625,0,0.113037109375,0,-0.051177978515625,0,-0.272705078125
14.5495,0,0.16650390625,0,0.0736083984375,0,-0.051177978515625,0,0.19140625
14.5620,0,0.05621337890625,0,0.0736083984375,0,0.10235595703125,0,0.19140625
14.5684,0,0.05621337890625,0,-0.736328125,0,0.10235595703125,0,0.2332763671875
14.5811,0,-0.311279296875,0,-0.736328125,0,0.09649658203125,0,0.2332763671875
14.5888,0,-0.311279296875,0,-0.736328125,0,0.09649658203125,0,0.1314697265625
14.5962,0,-0.06488037109375,0,0.109130859375,0,-0.034393310546875,0,0.1314697265625
14.6092,0,-0.06488037109375,0,0.109130859375,0,-0.034393310546875,0,0.12322998046875
14.6205,0,-0.08697509765625,0,0.313720703125,0,-0.034393310546875,0,0.12322998046875
14.6281,0,-0.08697509765625,0,0.313720703125,0,-0.023651123046875,0,-0.2034912109375
14.6401,0,0.1282958984375,0,-0.183349609375,0,-0.023651123046875,0,-0.2034912109375
14.6496,0,0.1282958984375,0,-0.183349609375,0,0.0921630859375,0,-0.2034912109375
14.6562,0,0.07293701171875,0,-0.01453399658203125,0,0.04119873046875,0,0.1864013671875
14.6770,0,0.1907958984375,0,0.286865234375,0,0.04119873046875,0,0.10772705078125
14.6858,0,0.1907958984375,0,0.286865234375,0,-0.011566162109375,0,0.2113037109375
14.6977,0,-0.1175537109375,0,0.40283203125,0,-0.011566162109375,0,0.2113037109375
14.7068,0,-0.1175537109375,0,0.40283203125,0,-0.092041015625,0,-0.1282958984375
14.7129,0,0.1212158203125,0,0.322265625,0,0.1212158203125,0,-0.1282958984375
14.7271,0,0.1212158203125,0,0.322265625,0,0.1212158203125,0,-0.1663818359375
14.7370,0,-0.11004638671875,0,-0.39013671875,0,0.1212158203125,0,-0.1663818359375
14.7480,0,-0.11004638671875,0,-0.39013671875,0,-0.0584716796875,0,-0.1663818359375
14.7571,0,-0.1044921875,0,-0.09442138671875,0,-0.0584716796875,0,0.11328125
14.7666,0,-0.1044921875,0,-0.09442138671875,0,0.049896240234375,0,0.0399169921875
14.7803,0,-0.12451171875,0,0.2491455078125,0,0.049896240234375,0,0.0399169921875
14.7863,0,-0.12451171875,0,0.2491455078125,0,0.053070068359375,0,0.0399169921875
14.7997,0,-0.04241943359375,0,-0.2266845703125,0,0.053070068359375,0,-0.064453125
14.8058,0,-0.04241943359375,0,-0.2266845703125,0,-0.0743408203125,0,-0.064453125
14.8178,0,-0.24560546875,0,0.1514892578125,0,-0.0743408203125,0,0.12890625
14.8261,0,-0.24560546875,0,0.1514892578125,0,-0.0131378173828125,0,0.12890625
14.8378,0,0.1300048828125,0,-0.6943359375,0,-0.0131378173828125,0,0.1304931640625
14.8493,0,0.1300048828125,0,-0.6943359375,0,0.1070556640625,0,0.1304931640625
14.8587,0,-0.06842041015625,0,-0.53955078125,0,0.1070556640625,0,-0.261962890625
14.8673,0,-0.06842041015625,0,-0.53955078125,0,0.0498046875,0,-0.261962890625
14.8778,0,0.12481689453125,0,0.410400390625,0,0.0498046875,0,0.18408203125
14.8867,0,0.12481689453125,0,0.410400390625,0,0.02862548828125,0,0.18408203125
14.9005,0,-0.07342529296875,0,-0.0677490234375,0,0.02862548828125,0,0.22607421875
14.9090,0,-0.07342529296875,0,-0.0677490234375,0,-0.0243072509765625,0,0.22607421875
14.9203,0,-0.05816650390625,0,0.234375,0,-0.0243072509765625,0,-0.2498779296875
14.9288,0,-0.05816650390625,0,0.234375,0,-0.056060791015625,0,-0.2498779296875
14.9365,0,-0.2025146484375,0,0.448974609375,0,-0.056060791015625,0,0.149658203125
14.9503,0,-0.2025146484375,0,0.448974609375,0,-0.09649658203125,0,0.149658203125
14.9569,0,0.036651611328125,0,0.2080078125,0,-0.09649658203125,0,0.1773681640625
14.9696,0,0.036651611328125,0,0.2080078125,0,-0.04022216796875,0,0.1773681640625
14.9836,0,-0.2161865234375,0,-0.11016845703125,0,-0.04022216796875,0,-0.37353515625
14.9905,0,-0.2161865234375,0,-0.11016845703125,0,0.043731689453125,0,-0.37353515625
14.9990,0,-0.2108154296875,0,-0.18505859375,0,0.043731689453125,0,0.1353759765625
15.0101,0,-0.2108154296875,0,-0.18505859375,0,0.09136962890625,0,0.1353759765625
15.0262,0,-0.06317138671875,0,-0.55810546875,0,-0.0587158203125,0,-0.2568359375
15.0361,0,-0.06317138671875,0,-0.55810546875,0,-0.0587158203125,0,0.195556640625
15.0460,0,0.0186920166015625,0,0.372314453125,0,-0.0413818359375,0,0.195556640625
15.0584,0,0.0186920166015625,0,0.372314453125,0,-0.0413818359375,0,0.10223388671875
15.0668,0,-0.11431884765625,0,0.08734130859375,0,0.1434326171875,0,0.10223388671875
15.0768,0,-0.11431884765625,0,0.08734130859375,0,0.1434326171875,0,0.2193603515625
15.0852,0,0.12286376953125,0,0.483642578125,0,0.0153656005859375,0,0.2193603515625
15.0981,0,0.12286376953125,0,0.483642578125,0,0.0153656005859375,0,-0.10992431640625
15.1062,0,0.1319580078125,0,-0.55712890625,0,0.09881591796875,0,-0.10992431640625
15.1174,0,0.1319580078125,0,-0.55712890625,0,0.09881591796875,0,0.1673583984375
15.1259,0,0.1795654296875,0,0.26904296875,0,-0.0205230712890625,0,0.1673583984375
15.1346,0,0.1795654296875,0,0.26904296875,0,-0.0205230712890625,0,-0.03485107421875
15.1518,0,-0.136474609375,0,0.01788330078125,0,0.04449462890625,0,-0.03485107421875
15.1663,0,0.2021484375,0,0.01788330078125,0,0.04449462890625,0,-0.1090087890625
15.1695,0,0.2021484375,0,-0.1392822265625,0,-0.059844970703125,0,-0.1090087890625
15.1810,0,0.2021484375,0,-0.1392822265625,0,-0.059844970703125,0,0.1546630859375
15.1883,0,0.13330078125,0,-0.79150390625,0,0.09539794921875,0,0.1546630859375
15.1933,0,0.13330078125,0,-0.79150390625,0,0.09539794921875,0,-0.1712646484375
15.2099,0,0.0374755859375,0,0.32275390625,0,-0.046173095703125,0,-0.1712646484375
15.2178,0,0.0374755859375,0,0.32275390625,0,-0.046173095703125,0,0.25048828125
15.2250,0,0.04827880859375,0,-1.0869140625,0,-0.0113983154296875,0,0.25048828125
15.2364,0,0.04827880859375,0,-1.0869140625,0,-0.0113983154296875,0,-0.0723876953125
15.2487,0,0.1505126953125,0,-0.1282958984375,0,0.08099365234375,0,-0.0723876953125
15.2573,0,0.1505126953125,0,-0.1282958984375,0,0.08099365234375,0,-0.33447265625
15.2643,0,0.063232421875,0,0.368896484375,0,0.08099365234375,0,-0.33447265625
15.2796,0,0.1080322265625,0,-0.057830810546875,0,-0.02105712890625,0,-0.0860595703125
15.2859,0,0.1080322265625,0,-0.057830810546875,0,0.047637939453125,0,-0.0860595703125
15.2998,0,0.1080322265625,0,-0.057830810546875,0,0.047637939453125,0,0.1400146484375
15.3077,0,0.1319580078125,0,0.40673828125,0,0.047637939453125,0,0.1400146484375
15.3195,0,0.1319580078125,0,0.40673828125,0,0.0677490234375,0,0.1400146484375
15.3314,0,0.07830810546875,0,-0.92822265625,0,0.0677490234375,0,0.204833984375
15.3412,0,0.07830810546875,0,-0.92822265625,0,-0.09320068359375,0,0.204833984375
15.3509,0,0.1322021484375,0,0.489990234375,0,-0.09320068359375,0,-0.174560546875
15.3623,0,0.1322021484375,0,0.489990234375,0,0.1005859375,0,-0.174560546875
15.3716,0,0.1412353515625,0,0.462158203125,0,0.1005859375,0,-0.05694580078125
15.3878,0,-0.234619140625,0,0.45361328125,0,-0.01690673828125,0,0.170166015625
15.3991,0,-0.234619140625,0,0.45361328125,0,0.10687255859375,0,0.170166015625
15.4072,0,0.0948486328125,0,0.29638671875,0,0.10687255859375,0,0.1304931640625
15.4194,0,0.0948486328125,0,0.29638671875,0,0.0244598388671875,0,0.1304931640625
15.4318,0,0.151123046875,0,0.1737060546875,0,0.0244598388671875,0,0.0074310302734375
15.4402,0,0.151123046875,0,0.1737060546875,0,-0.0361328125,0,0.0074310302734375
15.4501,0,-0.1624755859375,0,0.1737060546875,0,-0.0361328125,0,-0.291015625
15.4604,0,-0.1624755859375,0,0.473388671875,0,0.0855712890625,0,-0.291015625
15.4719,0,-0.17431640625,0,-0.6201171875,0,0.0855712890625,0,-0.07611083984375
15.4821,0,-0.17431640625,0,-0.6201171875,0,-0.029296875,0,-0.07611083984375
15.4893,0,0.067138671875,0,-0.6201171875,0,-0.029296875,0,0.12408447265625
15.5060,0,0.0845947265625,0,0.1463623046875,0,0.01525115966796875,0,-0.24609375
15.5181,0,0.0845947265625,0,-0.6640625,0,-0.0902099609375,0,-0.24609375
15.5279,0,-0.169677734375,0,-0.6640625,0,-0.0902099609375,0,-0.0167999267578125
15.5365,0,-0.169677734375,0,0.17333984375,0,0.0203094482421875,0,-0.0167999267578125
15.5478,0,0.08233642578125,0,0.17333984375,0,0.0203094482421875,0,-0.08648681640625
15.5525,0,0.08233642578125,0,-0.7138671875,0,0.0343017578125,0,-0.08648681640625
15.5643,0,0.08233642578125,0,-0.7138671875,0,0.0343017578125,0,0.216064453125
15.5796,0,-0.1258544921875,0,-0.3564453125,0,-0.049346923828125,0,0.216064453125
15.5843,0,-0.1258544921875,0,-0.3564453125,0,-0.049346923828125,0,-0.145751953125
15.5989,0,-0.0587158203125,0,0.30224609375,0,0.0697021484375,0,-0.145751953125
15.6039,0,-0.0587158203125,0,0.30224609375,0,0.0697021484375,0,-0.0212860107421875
15.6157,0,-0.12261962890625,0,0.33837890625,0,-0.0440673828125,0,-0.0212860107421875
15.6273,0,-0.12261962890625,0,0.33837890625,0,-0.0440673828125,0,0.230712890625
15.6362,0,0.138671875,0,-0.2288818359375,0,-0.0440673828125,0,0.230712890625
15.6468,0,0.138671875,0,-0.2288818359375,0,-0.048187255859375,0,0.07354736328125
15.6549,0,0.137451171875,0,0.371337890625,0,-0.047637939453125,0,0.07354736328125
15.6664,0,-0.05291748046875,0,0.371337890625,0,-0.047637939453125,0,-0.01461029052734375
15.6752,0,-0.05291748046875,0,0.19482421875,0,0.02655029296875,0,-0.01461029052734375
15.6833,0,-0.05291748046875,0,0.19482421875,0,0.02655029296875,0,-0.0694580078125
15.6956,0,0.12152099609375,0,0.471435546875,0,-0.01444244384765625,0,-0.0694580078125
15.7041,0,0.12152099609375,0,0.471435546875,0,-0.01444244384765625,0,-0.01222991943359375
15.7195,0,0.040435791015625,0,-0.1444091796875,0,-0.01444244384765625,0,-0.01222991943359375
15.7247,0,0.040435791015625,0,-0.1444091796875,0,0.0771484375,0,0.06915283203125
15.7401,0,0.1431884765625,0,-0.7216796875,0,0.0771484375,0,0.06915283203125
15.7468,0,0.1431884765625,0,-0.7216796875,0,0.1280517578125,0,0.06915283203125
15.7553,0,0.1370849609375,0,0.183837890625,0,0.1280517578125,0,-0.259521484375
15.7717,0,0.1370849609375,0,0.183837890625,0,0.0814208984375,0,-0.259521484375
15.7783,0,0.144775390625,0,0.2020263671875,0,0.0814208984375,0,0.03955078125
15.7912,0,0.144775390625,0,0.2020263671875,0,-0.08978271484375,0,0.03955078125
15.7983,0,-0.1563720703125,0,-0.88720703125,0,-0.08978271484375,0,0.1771240234375
15.8061,0,-0.1563720703125,0,-0.88720703125,0,-0.07666015625,0,0.1771240234375
15.8194,0,-0.0294647216796875,0,0.494873046875,0,-0.07666015625,0,0.13134765625
15.8254,0,-0.0294647216796875,0,0.494873046875,0,0.039093017578125,0,0.13134765625
15.8397,0,-0.20947265625,0,0.1844482421875,0,0.039093017578125,0,0.1405029296875
15.8498,0,-0.20947265625,0,0.1844482421875,0,-0.03802490234375,0,0.1405029296875
15.8570,0,0.1103515625,0,0.219970703125,0,-0.03802490234375,0,-0.277587890625
15.8668,0,0.1103515625,0,0.219970703125,0,0.061676025390625,0,-0.277587890625
15.8822,0,0.056976318359375,0,-0.434326171875,0,0.061676025390625,0,0.062408447265625
15.8873,0,0.056976318359375,0,-0.434326171875,0,-0.06866455078125,0,0.062408447265625
15.8962,0,-0.0806884765625,0,-0.434326171875,0,-0.06866455078125,0,0.04791259765625
15.9063,0,-0.0806884765625,0,0.489990234375,0,-0.0570068359375,0,0.04791259765625
15.9183,0,0.10943603515625,0,0.486083984375,0,-0.0570068359375,0,0.2095947265625
15.9272,0,0.10943603515625,0,0.486083984375,0,-0.0341796875,0,0.2095947265625
15.9373,0,0.129638671875,0,0.486083984375,0,-0.0341796875,0,-0.0277099609375
15.9459,0,0.129638671875,0,0.5029296875,0,0.07464599609375,0,-0.0277099609375
15.9568,0,0.047882080078125,0,0.5029296875,0,0.07464599609375,0,0.21533203125
15.9639,0,0.047882080078125,0,-0.54345703125,0,0.0849609375,0,0.21533203125
15.9753,0,-0.0196380615234375,0,-0.59375,0,0.0849609375,0,0.1671142578125
15.9850,0,-0.0196380615234375,0,-0.59375,0,0.07135009765625,0,0.1671142578125
15.9962,0,0.166259765625,0,0.3173828125,0,0.07135009765625,0,0.12158203125
16.0056,0,0.166259765625,0,0.3173828125,0,-0.03912353515625,0,0.12158203125
16.0156,0,-0.102294921875,0,0.3173828125,0,-0.03912353515625,0,0.22705078125
16.0248,0,-0.102294921875,0,0.4248046875,0,-0.06622314453125,0,0.22705078125
16.0378,0,0.041015625,0,0.4248046875,0,-0.06622314453125,0,0.07769775390625
16.0471,0,0.041015625,0,-1.0341796875,0,0.07330322265625,0,0.07769775390625
16.0580,0,0.041015625,0,-1.0341796875,0,0.07330322265625,0,-0.31689453125
16.0685,0,-0.033935546875,0,0.371826171875,0,-0.063720703125,0,-0.31689453125
16.0787,0,-0.033935546875,0,0.371826171875,0,-0.063720703125,0,0.1859130859375
16.0871,0,-0.08697509765625,0,-0.483642578125,0,-0.04901123046875,0,0.1859130859375
16.0998,0,0.11712646484375,0,-0.483642578125,0,-0.04901123046875,0,0.211181640625
16.1085,0,0.11712646484375,0,-0.82763671875,0,-0.064453125,0,0.211181640625
16.1200,0,0.11712646484375,0,-0.82763671875,0,-0.064453125,0,-0.08551025390625
16.1291,0,-0.1766357421875,0,-0.471923828125,0,-0.09417724609375,0,-0.08551025390625
16.1394,0,-0.1766357421875,0,-0.471923828125,0,-0.09417724609375,0,0.165771484375
16.1501,0,0.17041015625,0,0.420166015625,0,-0.09417724609375,0,0.165771484375
16.1589,0,0.17041015625,0,0.420166015625,0,0.0889892578125,0,0.165771484375
16.1695,0,-0.047576904296875,0,-0.2332763671875,0,0.0889892578125,0,0.2073974609375
16.1794,0,-0.047576904296875,0,-0.2332763671875,0,-0.06475830078125,0,0.2073974609375
16.1900,0,-0.03936767578125,0,0.414306640625,0,-0.06475830078125,0,-0.029510498046875
16.2000,0,-0.03936767578125,0,0.414306640625,0,0.04779052734375,0,-0.029510498046875
16.2077,0,-0.04937744140625,0,-0.525390625,0,0.04779052734375,0,-0.019500732421875
16.2201,0,-0.04937744140625,0,-0.525390625,0,0.041229248046875,0,0.197265625
16.2277,0,0.135498046875,0,0.290771484375,0,0.0300140380859375,0,0.197265625
16.2413,0,0.135498046875,0,0.290771484375,0,0.0300140380859375,0,-0.1329345703125
16.2532,0,-0.1365966796875,0,0.290771484375,0,0.0300140380859375,0,-0.1329345703125
16.2639,0,-0.1365966796875,0,-0.541015625,0,-0.07025146484375,0,-0.1329345703125
16.2791,0,0.112548828125,0,-0.751953125,0,-0.029388427734375,0,0.2330322265625
16.2867,0,0.07025146484375,0,-0.48291015625,0,-0.029388427734375,0,0.08026123046875
16.3014,0,0.07025146484375,0,-0.48291015625,0,0.064208984375,0,0.18212890625
16.3067,0,0.0919189453125,0,0.333740234375,0,0.064208984375,0,0.18212890625
16.3189,0,0.0919189453125,0,0.333740234375,0,0.06793212890625,0,0.18212890625
16.3280,0,0.169189453125,0,0.333740234375,0,0.06793212890625,0,0.056427001953125
16.3429,0,0.169189453125,0,-0.6923828125,0,-0.033233642578125,0,0.056427001953125
16.3513,0,0.0849609375,0,-0.038421630859375,0,-0.033233642578125,0,0.0850830078125
16.3685,0,-0.19677734375,0,-0.038421630859375,0,0.06475830078125,0,0.116455078125
16.3773,0,-0.19677734375,0,0.369140625,0,0.145263671875,0,0.116455078125
16.3861,0,0.0966796875,0,0.369140625,0,0.145263671875,0,0.1666259765625
16.3968,0,0.0966796875,0,0.30810546875,0,0.055389404296875,0,0.1666259765625
16.4056,0,-0.22119140625,0,0.30810546875,0,0.055389404296875,0,-0.25341796875
16.4176,0,-0.22119140625,0,-0.1888427734375,0,0.0181121826171875,0,-0.25341796875
16.4257,0,-0.065185546875,0,-0.1888427734375,0,0.0181121826171875,0,0.143798828125
16.4382,0,-0.065185546875,0,0.346923828125,0,0.051513671875,0,0.143798828125
16.4454,0,-0.2105712890625,0,0.346923828125,0,0.051513671875,0,0.1392822265625
16.4575,0,-0.2105712890625,0,-0.65087890625,0,-0.023712158203125,0,0.1392822265625
16.4684,0,-0.1112060546875,0,-0.65087890625,0,-0.023712158203125,0,0.22021484375
16.4779,0,-0.1112060546875,0,-0.2044677734375,0,0.062255859375,0,0.22021484375
16.4867,0,0.0654296875,0,-0.2044677734375,0,0.062255859375,0,0.2283935546875
16.4979,0,0.0654296875,0,0.493408203125,0,-0.06793212890625,0,0.2283935546875
16.5071,0,-0.2318115234375,0,0.493408203125,0,-0.06793212890625,0,-0.044525146484375
16.5203,0,-0.2318115234375,0,0.10833740234375,0,-0.039642333984375,0,-0.044525146484375
16.5258,0,-0.0096435546875,0,0.10833740234375,0,-0.039642333984375,0,-0.27294921875
16.5388,0,-0.0096435546875,0,0.44287109375,0,-0.012725830078125,0,-0.27294921875
16.5520,0,0.056396484375,0,0.44287109375,0,-0.012725830078125,0,0.10791015625
16.5576,0,0.056396484375,0,0.12139892578125,0,0.04498291015625,0,0.10791015625
16.5669,0,-0.07659912109375,0,0.12139892578125,0,0.04498291015625,0,0.2138671875
16.5768,0,-0.07659912109375,0,-0.56396484375,0,-0.048919677734375,0,0.2138671875
16.5870,0,-0.1708984375,0,-0.56396484375,0,-0.048919677734375,0,0.230224609375
16.5980,0,-0.1708984375,0,0.493896484375,0,0.07305908203125,0,0.230224609375
16.6064,0,0.0850830078125,0,0.493896484375,0,0.07305908203125,0,-0.05230712890625
16.6186,0,0.0850830078125,0,0.159423828125,0,0.135009765625,0,-0.05230712890625
16.6258,0,0.0850830078125,0,0.159423828125,0,0.135009765625,0,0.07244873046875
16.6383,0,-0.11285400390625,0,0.30126953125,0,0.10565185546875,0,0.07244873046875
16.6486,0,-0.11285400390625,0,0.30126953125,0,0.10565185546875,0,0.143310546875
16.6639,0,0.1077880859375,0,0.092529296875,0,0.09857177734375,0,0.143310546875
16.6688,0,0.1077880859375,0,0.092529296875,0,0.09857177734375,0,-0.08135986328125
16.6813,0,0.069091796875,0,0.34716796875,0,0.09857177734375,0,-0.08135986328125
16.6919,0,0.069091796875,0,0.34716796875,0,-0.036285400390625,0,-0.2427978515625
16.7022,0,-0.051177978515625,0,-0.21484375,0,-0.036285400390625,0,-0.2427978515625
16.7085,0,-0.051177978515625,0,-0.21484375,0,0.0902099609375,0,-0.2427978515625
16.7220,0,0.1416015625,0,-0.236572265625,0,0.0902099609375,0,-0.0928955078125
16.7282,0,0.1416015625,0,-0.236572265625,0,0.08831787109375,0,-0.047088623046875
16.7391,0,0.0753173828125,0,0.22021484375,0,0.08831787109375,0,-0.047088623046875
16.7503,0,0.0753173828125,0,0.22021484375,0,-0.038726806640625,0,0.277587890625
16.7580,0,0.06842041015625,0,-0.7705078125,0,-0.038726806640625,0,0.277587890625
16.7710,0,0.06842041015625,0,-0.7705078125,0,-0.031463623046875,0,0.277587890625
16.7811,0,-0.11456298828125,0,-0.736328125,0,-0.031463623046875,0,-0.019378662109375
16.7888,0,-0.11456298828125,0,-0.736328125,0,0.0994873046875,0,-0.019378662109375
16.8029,0,-0.09393310546875,0,-0.736328125,0,0.0994873046875,0,0.169677734375
16.8092,0,-0.09393310546875,0,-0.186279296875,0,0.07672119140625,0,0.169677734375
16.8218,0,0.071533203125,0,-0.186279296875,0,0.07672119140625,0,0.175537109375
16.8291,0,0.071533203125,0,-0.1749267578125,0,-0.132080078125,0,0.175537109375
16.8437,0,-0.115234375,0,0.3603515625,0,-0.132080078125,0,-0.0181427001953125
16.8502,0,-0.115234375,0,0.3603515625,0,0.050048828125,0,-0.0181427001953125
16.8656,0,-0.21826171875,0,0.239990234375,0,0.032318115234375,0,-0.0302886962890625
16.8769,0,0.1654052734375,0,0.239990234375,0,0.032318115234375,0,0.107177734375
16.8888,0,0.1654052734375,0,0.1885986328125,0,-0.0215606689453125,0,0.107177734375
16.8971,0,0.12158203125,0,0.1885986328125,0,-0.0215606689453125,0,0.044830322265625
16.9073,0,0.12158203125,0,0.4521484375,0,0.06622314453125,0,0.044830322265625
16.9173,0,0.11962890625,0,0.4521484375,0,0.06622314453125,0,-0.0606689453125
16.9266,0,0.11962890625,0,-0.7392578125,0,0.0257110595703125,0,-0.0606689453125
16.9371,0,-0.0711669921875,0,-0.7392578125,0,0.0257110595703125,0,0.2244873046875
16.9465,0,-0.0711669921875,0,0.380126953125,0,0.056793212890625,0,0.2244873046875
16.9585,0,-0.1536865234375,0,0.380126953125,0,0.056793212890625,0,0.1661376953125
16.9674,0,-0.1536865234375,0,0.5029296875,0,0.0804443359375,0,0.1661376953125
16.9782,0,-0.1300048828125,0,0.5029296875,0,0.0804443359375,0,-0.1168212890625
16.9899,0,-0.1300048828125,0,-0.373291015625,0,0.040069580078125,0,-0.1168212890625
16.9969,0,0.1021728515625,0,-0.373291015625,0,0.040069580078125,0,0.06317138671875
17.0074,0,0.1021728515625,0,0.395263671875,0,-0.08038330078125,0,0.06317138671875
17.0189,0,-0.07080078125,0,0.395263671875,0,-0.08038330078125,0,0.181884765625
17.0268,0,-0.07080078125,0,-0.2159423828125,0,-0.04107666015625,0,0.181884765625
17.0383,0,-0.07080078125,0,-0.2159423828125,0,-0.04107666015625,0,0.2486572265625
17.0501,0,-0.11700439453125,0,0.3369140625,0,-0.06634521484375,0,0.2486572265625
17.0577,0,-0.0252685546875,0,0.3369140625,0,-0.06634521484375,0,0.0577392578125
17.0669,0,-0.0252685546875,0,0.5078125,0,0.054168701171875,0,0.0577392578125
17.0773,0,-0.05487060546875,0,0.5078125,0,0.054168701171875,0,0.079833984375
17.0863,0,-0.05487060546875,0,0.1563720703125,0,0.0570068359375,0,0.079833984375
17.0970,0,-0.05487060546875,0,0.1563720703125,0,0.0570068359375,0,-0.2095947265625
17.1081,0,-0.043853759765625,0,0.54248046875,0,0.0570068359375,0,-0.2095947265625
17.1173,0,-0.043853759765625,0,0.54248046875,0,-0.0394287109375,0,0.09478759765625
17.1259,0,-0.16259765625,0,0.54248046875,0,-0.0394287109375,0,0.09478759765625
17.1390,0,-0.16259765625,0,0.0162353515625,0,0.1207275390625,0,0.153076171875
17.1490,0,0.088623046875,0,0.0291748046875,0,0.1207275390625,0,0.153076171875
17.1587,0,0.088623046875,0,0.0291748046875,0,0.08306884765625,0,0.1513671875
17.1682,0,0.07550048828125,0,0.0291748046875,0,0.08306884765625,0,0.1513671875
17.1797,0,0.07550048828125,0,-0.5009765625,0,0.043182373046875,0,0.139404296875
17.1888,0,0.06256103515625,0,-0.5009765625,0,0.043182373046875,0,0.139404296875
17.1997,0,0.06256103515625,0,-0.034271240234375,0,0.06719970703125,0,0.0914306640625
17.2193,0,-0.07177734375,0,-0.34033203125,0,-0.0380859375,0,0.1614990234375
17.2275,0,-0.05908203125,0,-0.34033203125,0,-0.0380859375,0,0.1614990234375
17.2392,0,-0.05908203125,0,-0.058685302734375,0,0.07257080078125,0,-0.180419921875
17.2470,0,-0.1165771484375,0,-0.058685302734375,0,0.07257080078125,0,-0.180419921875
17.2615,0,-0.1165771484375,0,-0.73095703125,0,0.052490234375,0,0.127685546875
17.2667,0,-0.020782470703125,0,-0.73095703125,0,0.052490234375,0,0.127685546875
17.2776,0,-0.020782470703125,0,0.4521484375,0,-0.0682373046875,0,0.127685546875
17.2880,0,0.04730224609375,0,0.4521484375,0,-0.0682373046875,0,-0.11822509765625
17.2975,0,0.04730224609375,0,0.275146484375,0,-0.08306884765625,0,-0.058746337890625
17.3140,0,-0.1260986328125,0,0.164794921875,0,0.06591796875,0,0.268310546875
17.3222,0,-0.0248565673828125,0,0.164794921875,0,0.06591796875,0,0.268310546875
17.3340,0,-0.0248565673828125,0,0.3203125,0,0.06591796875,0,0.268310546875
17.3426,0,-0.0248565673828125,0,0.3203125,0,-0.050506591796875,0,-0.2081298828125
17.3543,0,0.11639404296875,0,0.3203125,0,-0.050506591796875,0,-0.2081298828125
17.3709,0,0.09051513671875,0,0.343994140625,0,-0.01557159423828125,0,0.1700439453125
17.3837,0,0.09051513671875,0,0.343994140625,0,0.071044921875,0,-0.0494384765625
17.3931,0,-0.10418701171875,0,0.343994140625,0,0.071044921875,0,-0.0494384765625
17.4038,0,-0.10418701171875,0,0.45458984375,0,-0.047454833984375,0,0.10699462890625
17.4137,0,-0.13916015625,0,0.45458984375,0,-0.047454833984375,0,0.10699462890625
17.4248,0,-0.13916015625,0,-0.84130859375,0,-0.04168701171875,0,0.10699462890625
17.4333,0,-0.07147216796875,0,-0.84130859375,0,-0.04168701171875,0,0.074951171875
17.4509,0,-0.18212890625,0,-0.5,0,0.059326171875,0,0.125
17.4581,0,-0.18212890625,0,0.25048828125,0,0.0645751953125,0,0.125
17.4681,0,0.11737060546875,0,0.25048828125,0,0.0645751953125,0,0.1683349609375
17.4809,0,0.11737060546875,0,0.35302734375,0,-0.044891357421875,0,0.1683349609375
17.4887,0,0.11883544921875,0,0.35302734375,0,-0.044891357421875,0,0.23681640625
17.5004,0,0.11883544921875,0,-0.1300048828125,0,-0.044891357421875,0,0.23681640625
17.5083,0,-0.0535888671875,0,-0.1300048828125,0,0.09014892578125,0,-0.236328125
17.5169,0,-0.0535888671875,0,0.51904296875,0,-0.03851318359375,0,-0.236328125
17.5288,0,0.058502197265625,0,0.51904296875,0,-0.03851318359375,0,0.2237548828125
17.5404,0,0.058502197265625,0,0.501953125,0,0.055572509765625,0,0.2237548828125
17.5486,0,0.07611083984375,0,0.501953125,0,0.055572509765625,0,0.06182861328125
17.5582,0,0.07611083984375,0,0.33203125,0,0.040191650390625,0,0.06182861328125
17.5667,0,0.07794189453125,0,0.33203125,0,0.040191650390625,0,0.1103515625
17.5790,0,0.07794189453125,0,-0.11737060546875,0,0.040191650390625,0,0.1103515625
17.5876,0,0.08355712890625,0,-0.11737060546875,0,-0.050384521484375,0,-0.264892578125
17.5971,0,0.08355712890625,0,-0.196044921875,0,-0.02227783203125,0,-0.264892578125
17.6070,0,0.01297760009765625,0,-0.196044921875,0,-0.02227783203125,0,-0.190185546875
17.6206,0,0.01297760009765625,0,0.146484375,0,0.032958984375,0,-0.190185546875
17.6274,0,-0.2293701171875,0,0.146484375,0,0.032958984375,0,0.06451416015625
17.6404,0,-0.2293701171875,0,-0.2998046875,0,0.032958984375,0,0.06451416015625
17.6508,0,0.040313720703125,0,-0.2998046875,0,0.1265869140625,0,0.0767822265625
17.6622,0,0.040313720703125,0,-0.4423828125,0,0.1265869140625,0,0.0767822265625
17.6720,0,0.040313720703125,0,-0.4423828125,0,0.0684814453125,0,-0.1041259765625
17.6825,0,-0.07470703125,0,-0.78662109375,0,0.0684814453125,0,-0.1041259765625
17.6924,0,-0.07470703125,0,-0.78662109375,0,-0.05047607421875,0,0.1490478515625
17.7014,0,-0.28271484375,0,0.177490234375,0,-0.05047607421875,0,0.1490478515625
17.7136,0,-0.28271484375,0,0.177490234375,0,0.038238525390625,0,0.2666015625
17.7233,0,0.07232666015625,0,-0.11370849609375,0,0.038238525390625,0,0.2666015625
17.7327,0,0.07232666015625,0,-0.11370849609375,0,-0.01166534423828125,0,-0.045623779296875
17.7435,0,0.1265869140625,0,-0.042205810546875,0,-0.01166534423828125,0,-0.045623779296875
17.7526,0,0.1265869140625,0,-0.042205810546875,0,0.07769775390625,0,-0.12152099609375
17.7605,0,-0.10504150390625,0,0.391357421875,0,0.07769775390625,0,-0.12152099609375
17.7728,0,-0.10504150390625,0,0.391357421875,0,-0.059600830078125,0,-0.339111328125
17.7840,0,0.1390380859375,0,-0.97998046875,0,-0.059600830078125,0,-0.339111328125
17.7924,0,0.1390380859375,0,-0.97998046875,0,0.04901123046875,0,-0.339111328125
17.8042,0,-0.12493896484375,0,-0.97998046875,0,0.04901123046875,0,0.2056884765625
17.8132,0,-0.12493896484375,0,0.06988525390625,0,-0.0672607421875,0,-0.042510986328125
17.8241,0,-0.1895751953125,0,0.06988525390625,0,-0.0672607421875,0,-0.042510986328125
17.8348,0,-0.1895751953125,0,0.398193359375,0,-0.043426513671875,0,-0.042510986328125
17.8446,0,-0.036041259765625,0,0.460693359375,0,-0.043426513671875,0,0.220947265625
17.8516,0,-0.036041259765625,0,0.460693359375,0,0.051483154296875,0,0.090576171875
17.8695,0,-0.1796875,0,0.460693359375,0,0.051483154296875,0,0.090576171875
17.8733,0,-0.1796875,0,0.33984375,0,0.07421875,0,-0.149169921875
17.8838,0,0.1239013671875,0,0.33984375,0,0.07421875,0,-0.149169921875
17.8932,0,0.1239013671875,0,0.148681640625,0,-0.06597900390625,0,-0.149169921875
17.9052,0,0.1492919921875,0,0.148681640625,0,-0.06597900390625,0,-0.09197998046875
17.9131,0,0.1492919921875,0,0.46826171875,0,-0.04840087890625,0,-0.09197998046875
17.9317,0,0.2037353515625,0,0.43603515625,0,0.0164337158203125,0,0.11328125
17.9402,0,0.119873046875,0,0.43603515625,0,0.0164337158203125,0,0.2105712890625
17.9495,0,0.119873046875,0,0.2255859375,0,-0.005870819091796875,0,0.2105712890625
17.9595,0,0.07421875,0,0.2255859375,0,-0.005870819091796875,0,-0.022430419921875
17.9694,0,0.07421875,0,0.39013671875,0,0.06353759765625,0,-0.022430419921875
17.9802,0,0.057525634765625,0,0.39013671875,0,0.06353759765625,0,-0.224853515625
17.9890,0,0.057525634765625,0,0.240966796875,0,-0.06951904296875,0,-0.224853515625
17.9968,0,-0.1434326171875,0,0.240966796875,0,-0.06951904296875,0,0.0301971435546875
18.0083,0,-0.1434326171875,0,0.239990234375,0,0.11492919921875,0,0.0301971435546875
18.0189,0,0.1337890625,0,0.239990234375,0,0.11492919921875,0,-0.227783203125
18.0242,0,0.1337890625,0,0.353515625,0,-0.03546142578125,0,-0.227783203125
18.0380,0,-0.194091796875,0,0.353515625,0,-0.03546142578125,0,-0.08245849609375
18.0468,0,-0.194091796875,0,0.361083984375,0,-0.03546142578125,0,-0.08245849609375
18.0565,0,0.062469482421875,0,0.361083984375,0,-0.006740570068359375,0,0.06304931640625
18.0679,0,0.062469482421875,0,-0.51171875,0,-0.006740570068359375,0,0.06304931640625
18.0788,0,0.03082275390625,0,-0.51171875,0,0.040771484375,0,-0.2001953125
18.0846,0,0.03082275390625,0,0.30859375,0,0.07794189453125,0,-0.2001953125
18.0981,0,-0.2215576171875,0,0.30859375,0,0.07794189453125,0,-0.10076904296875
18.1075,0,-0.2215576171875,0,0.08526611328125,0,0.07794189453125,0,-0.10076904296875
18.1182,0,-0.140625,0,0.08526611328125,0,-0.0687255859375,0,0.1754150390625
18.1279,0,-0.140625,0,-0.048736572265625,0,-0.0687255859375,0,0.1754150390625
18.1397,0,-0.3173828125,0,-0.048736572265625,0,0.1077880859375,0,0.2236328125
18.1465,0,-0.3173828125,0,-1.1494140625,0,0.1077880859375,0,0.2236328125
18.1602,0,0.1402587890625,0,-1.1494140625,0,-0.04425048828125,0,0.097900390625
18.1720,0,0.1402587890625,0,-0.6650390625,0,-0.0301513671875,0,0.097900390625
18.1825,0,-0.16845703125,0,-0.6650390625,0,-0.0301513671875,0,-0.2181396484375
18.1919,0,-0.16845703125,0,0.390869140625,0,-0.0301513671875,0,-0.2181396484375
18.2071,0,0.138916015625,0,0.390869140625,0,-0.030059814453125,0,-0.25048828125
18.2130,0,0.138916015625,0,0.03961181640625,0,-0.030059814453125,0,-0.25048828125
18.2239,0,0.138916015625,0,0.03961181640625,0,-0.053619384765625,0,0.2127685546875
18.2328,0,-0.2005615234375,0,-0.67333984375,0,-0.053619384765625,0,0.2127685546875
18.2426,0,-0.2005615234375,0,-0.67333984375,0,0.0556640625,0,-0.0201568603515625
18.2541,0,0.158935546875,0,-0.67333984375,0,0.0556640625,0,-0.0201568603515625
18.2644,0,0.158935546875,0,-0.296630859375,0,-0.036041259765625,0,0.2041015625
18.2689,0,0.05377197265625,0,0.304931640625,0,-0.036041259765625,0,0.2041015625
18.2838,0,0.05377197265625,0,0.304931640625,0,0.027923583984375,0,0.2041015625
18.2917,0,-0.2119140625,0,0.304931640625,0,0.027923583984375,0,0.1578369140625
18.3074,0,0.026153564453125,0,0.0792236328125,0,-0.03411865234375,0,0.137451171875
18.3189,0,0.026153564453125,0,-0.1256103515625,0,0.14697265625,0,0.137451171875
18.3358,0,-0.09197998046875,0,-0.043731689453125,0,-0.047271728515625,0,-0.097900390625
18.3455,0,-0.09197998046875,0,-0.043731689453125,0,-0.047271728515625,0,0.1767578125
18.3525,0,-0.0592041015625,0,-0.043731689453125,0,-0.047271728515625,0,0.1767578125
18.3628,0,-0.0592041015625,0,-0.334228515625,0,0.092529296875,0,0.1767578125
18.3758,0,0.042999267578125,0,-0.334228515625,0,0.092529296875,0,0.022216796875
18.3846,0,0.042999267578125,0,0.2171630859375,0,0.10986328125,0,0.022216796875
18.3952,0,-0.1827392578125,0,0.2171630859375,0,0.10986328125,0,0.1845703125
18.4050,0,-0.1827392578125,0,0.31201171875,0,0.0677490234375,0,0.1845703125
18.4140,0,-0.2017822265625,0,0.31201171875,0,0.0677490234375,0,-0.25048828125
18.4250,0,-0.2017822265625,0,-0.09814453125,0,0.0631103515625,0,-0.25048828125
18.4339,0,-0.0285491943359375,0,-0.09814453125,0,0.0631103515625,0,0.1646728515625
18.4461,0,-0.0285491943359375,0,-0.64697265625,0,-0.03778076171875,0,0.1646728515625
18.4524,0,0.11053466796875,0,-0.64697265625,0,-0.03778076171875,0,-0.153564453125
18.4656,0,0.09747314453125,0,0.169677734375,0,-0.04833984375,0,-0.1319580078125
18.4780,0,0.09747314453125,0,0.48095703125,0,0.13134765625,0,-0.1319580078125
18.4868,0,0.09918212890625,0,0.48095703125,0,0.13134765625,0,-0.035430908203125
18.4985,0,0.09918212890625,0,0.544921875,0,0.07550048828125,0,-0.035430908203125
18.5072,0,0.0129547119140625,0,0.544921875,0,0.07550048828125,0,0.0217132568359375
18.5208,0,0.0129547119140625,0,0.4580078125,0,0.05950927734375,0,0.0217132568359375
18.5284,0,0.0697021484375,0,0.4580078125,0,0.05950927734375,0,-0.1519775390625
18.5415,0,0.0697021484375,0,0.15576171875,0,0.0199127197265625,0,-0.1519775390625
18.5466,0,-0.2001953125,0,0.15576171875,0,0.0199127197265625,0,0.2333984375
18.5595,0,-0.2001953125,0,0.409423828125,0,0.033111572265625,0,0.2333984375
18.5697,0,-0.176513671875,0,0.409423828125,0,0.033111572265625,0,0.1517333984375
18.5787,0,-0.176513671875,0,-0.370849609375,0,0.09893798828125,0,0.1517333984375
18.5888,0,-0.176513671875,0,-0.370849609375,0,0.09893798828125,0,0.10223388671875
18.6008,0,-0.2095947265625,0,-0.48193359375,0,-0.047943115234375,0,0.10223388671875
18.6093,0,-0.2095947265625,0,-0.48193359375,0,-0.047943115234375,0,-0.042694091796875
18.6213,0,-0.1651611328125,0,-0.297607421875,0,-0.047943115234375,0,-0.042694091796875
18.6301,0,0.13671875,0,-0.297607421875,0,-0.0345458984375,0,0.228515625
18.6385,0,0.13671875,0,0.067138671875,0,-0.0345458984375,0,0.228515625
18.6497,0,0.13671875,0,0.067138671875,0,0.047271728515625,0,-0.05206298828125
18.6604,0,-0.1851806640625,0,-0.1544189453125,0,-0.0361328125,0,-0.05206298828125
18.6699,0,-0.1851806640625,0,-0.1544189453125,0,-0.0361328125,0,0.2161865234375
18.6819,0,0.177978515625,0,-0.1544189453125,0,-0.0361328125,0,0.2161865234375
18.6910,0,0.177978515625,0,0.469482421875,0,-0.051605224609375,0,-0.09161376953125
18.7028,0,-0.348876953125,0,0.469482421875,0,-0.051605224609375,0,-0.09161376953125
18.7107,0,-0.348876953125,0,0.34619140625,0,0.0062713623046875,0,-0.09161376953125
18.7223,0,-0.267822265625,0,0.1832275390625,0,0.0062713623046875,0,0.1798095703125
18.7314,0,-0.267822265625,0,0.1832275390625,0,-0.03692626953125,0,0.1798095703125
18.7423,0,0.1142578125,0,0.1832275390625,0,-0.03692626953125,0,0.09344482421875
18.7502,0,0.1142578125,0,0.2783203125,0,0.072509765625,0,-0.0794677734375
18.7618,0,-0.262451171875,0,0.2783203125,0,0.072509765625,0,-0.0794677734375
18.7715,0,-0.262451171875,0,0.374267578125,0,0.088134765625,0,-0.0794677734375
18.7825,0,0.12451171875,0,0.374267578125,0,0.088134765625,0,-0.08062744140625
18.7923,0,0.12451171875,0,0.5185546875,0,0.0579833984375,0,-0.08062744140625
18.8051,0,0.181640625,0,0.5185546875,0,0.0579833984375,0,0.15087890625
18.8120,0,0.181640625,0,-0.755859375,0,-0.03729248046875,0,0.15087890625
18.8202,0,-0.155517578125,0,-0.755859375,0,-0.03729248046875,0,0.164794921875
18.8290,0,-0.155517578125,0,0.5615234375,0,0.0298004150390625,0,0.164794921875
18.8402,0,0.0810546875,0,0.5615234375,0,0.0298004150390625,0,0.19287109375
18.8487,0,0.0810546875,0,0.1875,0,0.07562255859375,0,0.19287109375
18.8608,0,-0.1749267578125,0,0.1875,0,0.07562255859375,0,-0.05169677734375
18.8701,0,-0.1749267578125,0,-0.46044921875,0,0.053131103515625,0,-0.05169677734375
18.8804,0,0.054595947265625,0,-0.46044921875,0,0.053131103515625,0,-0.21044921875
18.8890,0,0.054595947265625,0,-0.55615234375,0,0.054931640625,0,-0.21044921875
18.8999,0,-0.2073974609375,0,-0.55615234375,0,0.054931640625,0,-0.1982421875
18.9096,0,-0.2073974609375,0,0.243408203125,0,-0.10040283203125,0,-0.1982421875
18.9210,0,0.11590576171875,0,0.243408203125,0,-0.10040283203125,0,-0.1871337890625
18.9298,0,0.11590576171875,0,0.04296875,0,-0.04083251953125,0,-0.1871337890625
18.9392,0,0.09100341796875,0,0.04296875,0,-0.04083251953125,0,0.159423828125
18.9509,0,0.09100341796875,0,-0.2763671875,0,-0.12347412109375,0,0.159423828125
18.9611,0,0.09100341796875,0,-0.2763671875,0,-0.12347412109375,0,0.197265625
18.9706,0,-0.04241943359375,0,0.44384765625,0,0.1036376953125,0,0.197265625
18.9816,0,0.130126953125,0,0.44384765625,0,0.1036376953125,0,0.09027099609375
18.9901,0,0.130126953125,0,-0.6875,0,0.0211639404296875,0,0.09027099609375
19.0017,0,0.1915283203125,0,-0.6875,0,0.0211639404296875,0,0.1807861328125
19.0098,0,0.1915283203125,0,0.50439453125,0,-0.06781005859375,0,0.1807861328125
19.0213,0,0.1915283203125,0,0.50439453125,0,-0.06781005859375,0,0.130126953125
19.0296,0,-0.331787109375,0,0.2305908203125,0,-0.07489013671875,0,0.130126953125
19.0452,0,-0.331787109375,0,0.2305908203125,0,-0.07489013671875,0,-0.2474365234375
19.0507,0,-0.1954345703125,0,0.2305908203125,0,-0.07489013671875,0,-0.2474365234375
19.0618,0,-0.06976318359375,0,0.4609375,0,-0.035552978515625,0,0.19970703125
19.0733,0,-0.06976318359375,0,0.296630859375,0,-0.035552978515625,0,0.19970703125
19.0822,0,-0.1654052734375,0,0.296630859375,0,-0.033203125,0,0.01497650146484375
19.0874,0,-0.1654052734375,0,0.339111328125,0,0.0325927734375,0,0.01497650146484375
19.1040,0,-0.1654052734375,0,0.339111328125,0,0.0325927734375,0,0.18212890625
19.1122,0,3.42578125,0,0.339111328125,0,0.0325927734375,0,0.18212890625
19.1221,0,3.42578125,0,6.046875,0,5.3203125,0,6.76171875
19.1291,11,6.515625,0,6.046875,0,5.3203125,0,6.76171875
19.1423,11,6.515625,0,9.484375,13,8.0234375,8,9.6875
19.1469,14,10.9609375,12,12.5234375,13,8.0234375,8,9.6875
19.1639,14,10.9609375,12,12.5234375,15,12.6328125,16,14.125
19.1724,28,13.9453125,27,13.5078125,15,12.6328125,16,14.125
19.1824,28,13.9453125,27,13.5078125,23,14.625,26,10.828125
19.1930,44,9.8671875,27,13.5078125,23,14.625,26,10.828125
19.2072,44,9.8671875,46,8.1171875,39,8.9296875,26,10.828125
19.2142,57,7.10546875,46,8.1171875,39,8.9296875,43,7.1875
19.2248,57,7.10546875,60,5.96875,57,5.76953125,43,7.1875
19.2329,63,5.1171875,60,5.96875,57,5.76953125,71,2.875
19.2450,65,3.560546875,70,3.5078125,71,3.20703125,74,2.345703125
19.2571,65,3.560546875,67,2.578125,77,1.6611328125,74,2.345703125
19.2666,86,0.19873046875,67,2.578125,77,1.6611328125,77,0.26318359375
19.2789,86,0.19873046875,83,-0.322998046875,77,0.038116455078125,77,0.26318359375
19.2863,39,0.54443359375,83,-0.322998046875,77,0.038116455078125,80,-1.6240234375
19.2968,39,0.54443359375,77,1.484375,71,-0.7509765625,80,-1.6240234375
19.3075,37,0.393798828125,77,1.484375,71,-0.7509765625,74,-2.75390625
19.3144,37,0.393798828125,73,2.953125,94,7.26171875,71,5.46484375
19.3264,38,-1.515625,73,2.953125,94,7.26171875,71,5.46484375
19.3430,53,-0.80517578125,78,-1.125,81,-1.2529296875,74,-2.26171875
19.3517,53,-0.80517578125,72,-1.0810546875,81,-1.2529296875,74,-2.26171875
19.3651,53,-0.80517578125,72,-1.0810546875,76,-0.712890625,74,-2.26171875
19.3758,51,-1.07421875,72,-1.0810546875,76,-0.712890625,81,-2.220703125
19.3832,51,-1.07421875,69,-0.67041015625,73,-0.51953125,81,-2.220703125
19.3950,58,0.234130859375,69,-0.67041015625,73,-0.51953125,70,-1.5703125
19.4047,58,0.234130859375,73,-1.220703125,67,-0.48193359375,70,-1.5703125
19.4139,60,1.5615234375,73,-1.220703125,67,-0.48193359375,76,-2.296875
19.4232,60,1.5615234375,71,-0.383544921875,85,1.63671875,72,-0.81298828125
19.4417,62,2.095703125,67,0.71875,58,1.3408203125,72,-0.81298828125
19.4515,66,0.71142578125,67,0.71875,58,1.3408203125,74,-0.27294921875
19.4623,66,0.71142578125,76,-0.25341796875,69,0.0989990234375,74,-0.27294921875
19.4699,66,0.853515625,76,-0.25341796875,69,0.0989990234375,68,0.84033203125
19.4821,66,0.853515625,67,1.1298828125,57,1.6494140625,68,0.84033203125
19.4915,66,0.96875,67,1.1298828125,57,1.6494140625,79,-0.61083984375
19.5050,66,0.96875,72,0.412109375,64,1.2421875,79,-0.61083984375
19.5109,66,1.2861328125,72,0.412109375,64,1.2421875,67,1.50390625
19.5219,66,1.2861328125,72,0.412109375,62,0.76806640625,67,1.50390625
19.5297,68,1.1806640625,60,1.939453125,62,0.76806640625,66,1.41796875
19.5425,68,1.1806640625,75,-0.8271484375,64,1.41796875,66,1.41796875
19.5518,68,1.1806640625,75,-0.8271484375,64,1.41796875,73,-0.64306640625
19.5610,66,0.7958984375,42,3.763671875,65,0.4140625,73,-0.64306640625
19.5719,66,0.7958984375,42,3.763671875,65,0.4140625,65,2.58203125
19.5827,67,1.94140625,42,3.763671875,65,0.4140625,65,2.58203125
19.5911,67,1.94140625,61,-0.52587890625,64,1.7734375,65,0.391845703125
19.6023,65,1.251953125,61,-0.52587890625,64,1.7734375,65,0.391845703125
19.6123,65,1.251953125,47,2.1875,72,0.30908203125,71,0.476806640625
19.6233,63,1.3740234375,47,2.1875,72,0.30908203125,71,0.476806640625
19.6315,63,1.3740234375,59,0.66259765625,60,2.03125,65,0.37939453125
19.6431,67,0.360107421875,59,0.66259765625,60,2.03125,65,0.37939453125
19.6520,67,0.360107421875,53,1.439453125,67,0.5791015625,64,2.388671875
19.6629,61,1.998046875,53,1.439453125,67,0.5791015625,64,2.388671875
19.6740,61,1.998046875,59,1.4775390625,61,2.17578125,69,0.98828125
19.6848,67,1.5576171875,59,1.4775390625,61,2.17578125,69,0.98828125
19.6937,67,1.5576171875,59,0.88427734375,63,0.049560546875,67,0.8232421875
19.7052,36,1.9794921875,59,0.88427734375,63,0.049560546875,67,0.8232421875
19.7120,36,1.9794921875,50,1.697265625,66,1.5478515625,66,0.225341796875
19.7243,32,2.818359375,50,1.697265625,66,1.5478515625,66,0.225341796875
19.7339,32,2.818359375,62,-0.442626953125,66,0.6083984375,64,-0.054107666015625
19.7479,41,2.44140625,61,0.393798828125,66,0.95947265625,69,-0.358154296875
19.7596,48,1.3935546875,61,0.393798828125,66,0.95947265625,69,-0.358154296875
19.7696,48,1.3935546875,66,-0.1544189453125,62,0.5546875,65,0.305419921875
19.7801,49,2.04296875,66,-0.1544189453125,62,0.5546875,65,0.305419921875
19.7891,49,2.04296875,63,0.6494140625,66,0.625,68,0.11279296875
19.8001,60,0.437744140625,63,0.6494140625,66,0.625,68,0.11279296875
19.8089,60,0.437744140625,67,0.0286712646484375,66,0.08868408203125,70,-0.29931640625
19.8228,56,1.4599609375,67,0.0286712646484375,66,0.08868408203125,70,-0.29931640625
19.8278,56,1.4599609375,65,1.734375,69,1.18359375,67,1.3232421875
19.8391,66,0.365966796875,65,1.734375,69,1.18359375,67,1.3232421875
19.8486,66,0.365966796875,69,-0.322021484375,70,-0.038238525390625,67,1.3232421875
19.8596,62,1.140625,69,-0.322021484375,70,-0.038238525390625,67,0.30029296875
19.8702,62,1.140625,61,2.048828125,69,1.1962890625,67,0.30029296875
19.8807,65,0.8681640625,61,2.048828125,69,1.1962890625,70,0.74072265625
19.8890,65,0.8681640625,70,0.193115234375,63,0.5283203125,65,0.5625
19.9038,68,1.2265625,70,0.193115234375,63,0.5283203125,65,0.5625
19.9092,68,1.2265625,63,1.9970703125,70,1.091796875,71,0.837890625
19.9233,66,1.33984375,63,1.9970703125,70,1.091796875,71,0.837890625
19.9287,66,1.33984375,71,0.04217529296875,68,-0.048614501953125,66,0.3701171875
19.9432,66,1.1982421875,71,0.04217529296875,68,-0.048614501953125,66,0.3701171875
19.9486,66,1.1982421875,53,2.736328125,67,1.4482421875,66,0.3701171875
19.9620,65,1.8818359375,53,2.736328125,67,1.4482421875,68,1.09375
19.9684,65,1.8818359375,63,0.49658203125,69,-0.56494140625,68,1.09375
19.9828,66,1.2607421875,63,0.49658203125,69,-0.56494140625,67,-0.140380859375
19.9915,66,1.2607421875,43,2.873046875,69,0.50537109375,67,-0.140380859375
20.0030,66,1.87109375,43,2.873046875,69,0.50537109375,68,0.96337890625
20.0099,66,1.87109375,55,1.6533203125,65,0.289306640625,68,0.96337890625
20.0236,69,0.447021484375,55,1.6533203125,65,0.289306640625,67,0.408447265625
20.0304,69,0.447021484375,40,2.921875,71,0.50390625,67,0.408447265625
20.0433,69,1.1533203125,40,2.921875,71,0.50390625,69,0.7880859375
20.0542,69,1.1533203125,56,1.0732421875,66,0.06317138671875,69,0.7880859375
20.0643,69,1.1533203125,56,1.0732421875,66,0.06317138671875,69,0.51416015625
20.0706,66,0.98095703125,49,2.6171875,74,0.2054443359375,69,0.51416015625
20.0842,70,0.9921875,49,2.6171875,74,0.2054443359375,67,1.3212890625
20.0912,70,0.9921875,63,0.6083984375,67,0.1195068359375,67,1.3212890625
20.1021,64,0.97998046875,63,0.6083984375,67,0.1195068359375,68,-0.10260009765625
20.1135,64,0.97998046875,63,0.6083984375,72,0.5283203125,68,-0.10260009765625
20.1227,71,0.51806640625,43,3.056640625,72,0.5283203125,68,0.87939453125
20.1319,71,0.51806640625,43,3.056640625,67,0.62744140625,68,0.87939453125
20.1453,71,0.51806640625,60,1.3125,67,0.62744140625,67,-0.275390625
20.1619,64,0.724609375,45,3.5234375,69,1.4970703125,69,0.7451171875
20.1741,74,-0.1429443359375,45,3.5234375,69,1.4970703125,69,0.7451171875
20.1801,63,0.74560546875,61,1.4853515625,68,1.1435546875,68,-0.73779296875
20.1931,63,0.74560546875,51,2.7421875,72,0.8671875,68,-0.73779296875
20.2045,63,0.74560546875,51,2.7421875,72,0.8671875,67,0.74072265625
20.2154,72,-0.10955810546875,51,2.7421875,69,0.9853515625,67,0.74072265625
20.2230,72,-0.10955810546875,66,-1.1396484375,69,0.9853515625,69,-0.72705078125
20.2296,62,0.5986328125,66,-1.1396484375,68,1.0693359375,69,-0.72705078125
20.2428,62,0.5986328125,38,4.37890625,68,1.0693359375,67,0.8330078125
20.2531,71,0.51806640625,38,4.37890625,68,1.0693359375,67,0.8330078125
20.2634,71,0.51806640625,58,1.4384765625,67,1.767578125,70,-0.6455078125
20.2743,67,0.6484375,58,1.4384765625,67,1.767578125,70,-0.6455078125
20.2821,67,0.6484375,53,2.34765625,75,-0.7255859375,66,1.0498046875
20.2934,70,0.42919921875,53,2.34765625,75,-0.7255859375,66,1.0498046875
20.3062,70,0.42919921875,68,0.654296875,64,1.3271484375,70,-0.394287109375
20.3136,64,1.1259765625,68,0.654296875,64,1.3271484375,70,-0.394287109375
20.3267,64,1.1259765625,57,2.818359375,71,-0.320556640625,70,-0.394287109375
20.3359,70,0.6630859375,57,2.818359375,71,-0.320556640625,68,1.3095703125
20.3623,61,1.5029296875,55,2.69140625,71,-0.0195465087890625,68,0.662109375
20.3720,66,1.2314453125,55,2.69140625,71,-0.0195465087890625,68,0.662109375
20.3842,66,1.2314453125,72,-0.9208984375,66,0.86572265625,68,0.662109375
20.3894,64,0.76953125,72,-0.9208984375,66,0.86572265625,67,0.5947265625
20.4101,64,0.76953125,51,2.861328125,71,0.2025146484375,67,0.5947265625
20.4153,70,0.8408203125,51,2.861328125,66,1.3935546875,68,0.57275390625
20.4266,66,-0.171142578125,71,0.1766357421875,66,1.3935546875,67,0.541015625
20.4399,66,-0.171142578125,71,0.1766357421875,67,0.68896484375,67,0.541015625
20.4481,66,-0.171142578125,28,6.6015625,67,0.68896484375,66,1.177734375
20.4621,34,1.724609375,53,-0.11016845703125,69,0.94580078125,68,-0.5478515625
20.4712,35,2.24609375,53,-0.11016845703125,68,1.1806640625,68,-0.5478515625
20.4822,35,2.24609375,46,0.30126953125,68,1.1806640625,64,0.57080078125
20.4987,39,3.958984375,59,1.6435546875,67,1.8720703125,64,0.57080078125
20.5062,39,3.958984375,59,1.6435546875,67,1.8720703125,72,1.5341796875
20.5129,58,0.9716796875,59,1.6435546875,78,-0.15283203125,72,1.5341796875
20.5260,58,0.9716796875,58,1.9853515625,78,-0.15283203125,65,1.01953125
20.5385,52,1.6669921875,58,1.9853515625,69,0.72216796875,65,1.01953125
20.5489,52,1.6669921875,68,0.96044921875,69,0.72216796875,68,1.6357421875
20.5592,53,2.69921875,68,0.96044921875,67,-0.3408203125,68,1.6357421875
20.5665,53,2.69921875,61,0.59326171875,67,-0.3408203125,67,-0.1246337890625
20.5725,60,-0.140380859375,61,0.59326171875,67,1.638671875,67,-0.1246337890625
20.5870,60,-0.140380859375,72,0.99462890625,67,1.638671875,69,-0.141357421875
20.5975,60,0.7431640625,72,0.99462890625,75,0.8837890625,69,-0.141357421875
20.6111,60,0.7431640625,63,0.82568359375,75,0.8837890625,69,-0.141357421875
20.6189,61,2.578125,63,0.82568359375,75,0.8837890625,66,1.9208984375
20.6288,61,2.578125,68,0.52587890625,68,0.7099609375,66,1.9208984375
20.6353,64,1.099609375,68,0.52587890625,71,1.1240234375,67,0.5341796875
20.6492,64,1.099609375,67,0.118408203125,71,1.1240234375,67,0.5341796875
20.6597,62,1.728515625,67,0.118408203125,65,1.4072265625,68,1.0986328125
20.6689,62,1.728515625,69,0.60400390625,65,1.4072265625,68,1.0986328125
20.6771,63,1.314453125,69,0.60400390625,65,1.4072265625,67,0.5673828125
20.6894,63,1.314453125,66,1.1689453125,66,0.7431640625,67,0.5673828125
20.7002,64,1.34375,66,1.1689453125,66,0.7431640625,68,0.671875
20.7143,64,1.34375,69,0.71484375,69,0.63818359375,68,0.671875
20.7171,65,1.2099609375,69,0.71484375,69,0.63818359375,69,0.61572265625
20.7290,65,1.2099609375,66,1.2607421875,70,0.5888671875,69,0.61572265625
20.7399,66,1.0947265625,66,1.2607421875,70,0.5888671875,67,0.8798828125
20.7460,66,1.0947265625,66,1.103515625,67,0.9267578125,67,0.8798828125
20.7559,64,1.318359375,66,1.103515625,67,0.9267578125,68,0.49658203125
20.7658,64,1.318359375,68,0.72119140625,67,0.654296875,68,0.49658203125
20.7754,71,0.328857421875,68,0.72119140625,67,0.654296875,66,0.73876953125
20.7878,71,0.328857421875,70,1.2763671875,68,0.7294921875,66,0.73876953125
20.7946,65,1.724609375,70,1.2763671875,68,0.7294921875,68,1.1044921875
20.8074,65,1.724609375,67,1.353515625,67,1.1064453125,68,1.1044921875
20.8148,69,0.8662109375,67,1.353515625,67,1.1064453125,66,1.0361328125
20.8266,69,0.8662109375,68,0.73876953125,68,0.67626953125,66,1.0361328125
20.8361,69,0.8662109375,68,0.73876953125,68,0.67626953125,68,0.69921875
20.8470,64,1.4990234375,67,1.6533203125,68,0.923828125,68,0.69921875
20.8537,69,0.84228515625,67,1.6533203125,68,0.923828125,67,0.9091796875
20.8655,69,0.84228515625,67,1.6533203125,66,0.9912109375,67,0.9091796875
20.8739,65,1.7841796875,66,1.1083984375,66,0.9912109375,68,0.93310546875
20.8879,65,1.7841796875,67,1.15234375,67,0.96728515625,68,0.93310546875
20.8942,65,1.7841796875,67,1.15234375,67,0.96728515625,67,0.77783203125
20.9079,73,0.279541015625,67,1.15234375,68,0.72314453125,67,0.77783203125
20.9165,73,0.279541015625,68,1.0625,68,0.72314453125,67,1.2216796875
20.9246,66,1.55859375,68,1.0625,67,0.96142578125,67,1.2216796875
20.9410,71,0.63671875,68,1.21875,67,0.96142578125,66,0.74462890625
20.9471,71,0.63671875,68,1.21875,69,0.255859375,66,0.74462890625
20.9597,65,1.2333984375,70,0.6494140625,69,0.255859375,68,0.38623046875
20.9650,65,1.2333984375,70,0.6494140625,69,0.61181640625,68,0.38623046875
20.9737,65,1.2333984375,67,1.2529296875,69,0.61181640625,68,0.81640625
20.9914,68,1.294921875,67,1.2529296875,67,0.7919921875,68,0.81640625
20.9963,68,0.970703125,68,1.0400390625,67,0.7919921875,68,0.454345703125
21.0079,68,0.970703125,68,1.0400390625,66,1.115234375,68,0.454345703125
21.0220,71,0.69775390625,70,1.1875,66,1.115234375,67,0.99951171875
21.0304,71,0.69775390625,70,1.1875,69,0.55810546875,67,0.99951171875
21.0441,71,0.69775390625,69,1.2080078125,69,0.55810546875,67,0.99951171875
21.0507,69,1.1904296875,69,1.2080078125,68,0.8837890625,69,0.517578125
21.0645,67,1.4541015625,69,1.26953125,68,0.8837890625,67,1.509765625
21.0788,67,1.4541015625,70,0.9970703125,68,0.7109375,67,1.509765625
21.0846,69,0.91552734375,70,0.9970703125,68,0.7109375,68,0.50439453125
21.0962,69,0.91552734375,67,1.65234375,71,0.38427734375,68,0.50439453125
21.1051,67,1.427734375,67,1.65234375,71,0.38427734375,68,1.046875
21.1160,67,1.427734375,67,1.275390625,68,1.0068359375,68,1.046875
21.1246,67,1.0380859375,67,1.275390625,68,1.0068359375,69,0.55810546875
21.1309,67,1.0380859375,69,0.8076171875,66,0.7958984375,69,0.55810546875
21.1450,72,0.50048828125,69,0.8076171875,66,0.7958984375,66,1.1259765625
21.1594,72,0.50048828125,70,1.0380859375,70,0.51806640625,66,1.1259765625
21.1645,70,1.3125,70,1.0380859375,70,0.51806640625,69,0.55517578125
21.1790,70,1.3125,69,1.099609375,69,0.75537109375,69,0.55517578125
21.1867,67,1.27734375,69,1.099609375,69,0.75537109375,69,0.6103515625
21.1907,67,1.27734375,68,1.1083984375,68,0.83447265625,69,0.6103515625
21.2048,69,0.826171875,68,1.1083984375,68,0.83447265625,67,1.04296875
21.2201,69,0.826171875,69,0.99951171875,72,0.4375,67,1.04296875
21.2254,68,0.798828125,69,0.99951171875,72,0.4375,67,0.912109375
21.2387,68,0.798828125,66,1.443359375,68,1.044921875,67,0.912109375
21.2449,67,1.208984375,66,1.443359375,68,1.044921875,71,0.48388671875
21.2514,67,1.208984375,68,0.9853515625,67,0.892578125,71,0.48388671875
21.2652,69,0.70751953125,68,0.9853515625,67,0.892578125,67,0.96337890625
21.2781,69,0.70751953125,73,0.5986328125,69,0.57421875,67,0.96337890625
21.2852,71,0.8388671875,73,0.5986328125,69,0.57421875,66,1.0634765625
21.2963,71,0.8388671875,70,1.18359375,69,0.6943359375,66,1.0634765625
21.3060,68,1.3896484375,70,1.18359375,69,0.6943359375,70,0.50537109375
21.3138,68,1.3896484375,68,1.02734375,69,0.658203125,70,0.50537109375
21.3272,68,0.72314453125,68,1.02734375,69,0.658203125,68,0.4833984375
21.3417,68,0.72314453125,70,0.810546875,71,0.2314453125,68,0.4833984375
21.3500,69,1.1787109375,70,0.810546875,71,0.2314453125,67,0.86572265625
21.3611,69,1.1787109375,68,1.478515625,69,0.76025390625,67,0.86572265625
21.3700,68,1.2578125,68,1.478515625,69,0.76025390625,68,0.88427734375
21.3834,68,1.0068359375,67,1.0888671875,67,0.68310546875,70,0.68017578125
21.3925,68,1.0068359375,67,1.0888671875,68,0.67626953125,70,0.68017578125
21.4058,68,1.0068359375,71,0.62744140625,68,0.67626953125,70,0.68017578125
21.4121,72,0.7568359375,71,0.62744140625,68,0.67626953125,65,1.3720703125
21.4251,68,1.447265625,70,0.9853515625,69,0.57763671875,67,1.083984375
21.4291,68,1.447265625,67,1.3759765625,69,0.8955078125,67,1.083984375
21.4439,70,0.76123046875,67,1.3759765625,69,0.8955078125,72,0.455078125
21.4556,70,0.76123046875,69,0.69970703125,72,0.289794921875,72,0.455078125
21.4611,68,1.2392578125,69,0.69970703125,72,0.289794921875,66,0.916015625
21.4753,68,1.2392578125,68,1.3154296875,69,0.7783203125,66,0.916015625
21.4837,68,1.1572265625,68,1.3154296875,69,0.7783203125,65,1.3046875
21.4907,68,1.1572265625,68,0.85302734375,67,0.9501953125,65,1.3046875
21.5061,67,1.197265625,68,0.85302734375,67,0.9501953125,73,-0.293701171875
21.5164,67,1.197265625,68,1.34375,68,0.458740234375,73,-0.293701171875
21.5222,71,1.0546875,68,1.34375,68,0.458740234375,65,1.2353515625
21.5376,71,1.0546875,69,0.59375,68,0.96337890625,65,1.2353515625
21.5461,68,0.7841796875,69,0.59375,68,0.96337890625,68,0.484619140625
21.5517,68,0.7841796875,69,1.3525390625,69,0.4658203125,68,0.484619140625
21.5660,68,0.7841796875,69,1.3525390625,69,0.4658203125,71,0.50537109375
21.5782,67,1.337890625,69,0.720703125,71,0.44189453125,71,0.50537109375
21.5857,67,1.337890625,69,0.720703125,71,0.44189453125,69,0.5673828125
21.5976,67,0.99365234375,69,0.87744140625,69,0.591796875,69,0.5673828125
21.6060,67,1.1943359375,69,0.87744140625,69,0.591796875,66,0.69921875
21.6139,67,1.1943359375,69,0.87744140625,67,0.81396484375,66,0.69921875
21.6298,67,1.1943359375,69,0.912109375,67,0.81396484375,73,-0.08306884765625
21.6413,68,0.72509765625,69,0.912109375,68,0.489013671875,73,-0.08306884765625
21.6471,68,0.72509765625,67,1.1259765625,68,0.489013671875,68,0.8642578125
21.6593,72,0.873046875,67,1.1259765625,69,0.5849609375,68,0.8642578125
21.6669,72,0.873046875,70,0.7861328125,69,0.5849609375,67,0.55615234375
21.6730,69,0.767578125,70,0.7861328125,69,0.59326171875,67,0.55615234375
21.6889,69,0.767578125,70,0.94775390625,69,0.59326171875,71,0.227783203125
21.6976,68,1.013671875,70,0.94775390625,70,0.2105712890625,71,0.227783203125
21.7076,68,1.013671875,68,0.9130859375,70,0.2105712890625,68,0.552734375
21.7193,68,1.009765625,68,0.9130859375,71,0.48046875,68,0.552734375
21.7284,68,1.009765625,69,1.1787109375,71,0.48046875,67,0.76318359375
21.7466,68,1.0546875,69,0.7919921875,68,0.67626953125,71,-0.260498046875
21.7555,67,0.9482421875,69,0.7919921875,67,0.79443359375,71,-0.260498046875
21.7690,67,0.9482421875,68,0.97802734375,67,0.79443359375,67,0.8935546875
21.7775,72,0.533203125,68,0.97802734375,67,0.79443359375,67,0.8935546875
21.7893,72,0.533203125,70,0.67138671875,71,0.25,69,0.2313232421875
21.7981,71,0.78369140625,70,0.67138671875,71,0.25,69,0.2313232421875
21.8071,71,0.78369140625,70,1.115234375,69,1.017578125,68,0.9892578125
21.8179,67,1.1767578125,70,1.115234375,69,1.017578125,68,0.9892578125
21.8247,67,1.1767578125,68,1.013671875,70,0.32177734375,68,0.5009765625
21.8415,69,0.7431640625,68,1.013671875,70,0.32177734375,68,0.5009765625
21.8489,69,0.7431640625,69,0.75,70,0.53662109375,68,0.8720703125
21.8601,67,1.173828125,69,0.75,70,0.53662109375,68,0.8720703125
21.8761,67,1.01171875,69,0.96240234375,66,0.77294921875,69,0.5908203125
21.8858,67,1.01171875,67,1.18359375,66,0.77294921875,67,0.93310546875
21.8948,72,0.64697265625,67,1.18359375,66,0.77294921875,67,0.93310546875
21.9052,72,0.64697265625,69,0.430419921875,68,0.615234375,69,0.4521484375
21.9159,69,1.0439453125,69,0.430419921875,68,0.615234375,69,0.4521484375
21.9260,69,1.0439453125,70,1.0087890625,70,0.50146484375,69,0.9951171875
21.9350,67,1.1787109375,70,1.0087890625,70,0.50146484375,69,0.9951171875
21.9456,67,1.1787109375,68,0.95849609375,70,0.6455078125,67,0.8779296875
21.9586,68,1.046875,68,0.95849609375,70,0.6455078125,67,0.8779296875
21.9661,68,1.046875,69,0.76513671875,69,0.501953125,67,0.7119140625
21.9750,67,1.1650390625,69,0.76513671875,69,0.501953125,67,0.7119140625
21.9873,67,1.1650390625,69,0.90234375,69,0.6416015625,67,0.7119140625
21.9977,67,1.025390625,69,0.90234375,69,0.6416015625,68,0.58447265625
22.0050,67,1.025390625,68,1.265625,67,0.8544921875,68,0.58447265625
22.0173,70,0.783203125,68,1.265625,67,0.8544921875,67,0.89697265625
22.0256,70,0.783203125,69,0.87548828125,67,0.85009765625,67,0.89697265625
22.0383,70,0.86865234375,69,0.87548828125,67,0.85009765625,67,0.85791015625
22.0469,70,0.86865234375,69,1.072265625,70,0.478759765625,68,0.5556640625
22.0577,68,1.146484375,69,1.072265625,70,0.478759765625,68,0.5556640625
22.0676,68,1.146484375,69,1.072265625,70,0.5810546875,68,0.5556640625
22.0786,68,0.78564453125,67,1.078125,70,0.5810546875,67,0.64208984375
22.0882,68,0.78564453125,67,1.078125,69,0.73486328125,67,0.64208984375
22.0987,67,1.1904296875,68,0.9033203125,69,0.73486328125,68,0.64990234375
22.1083,67,1.1904296875,68,0.9033203125,67,0.90478515625,67,0.75146484375
22.1194,66,1.087890625,68,0.94482421875,67,0.90478515625,67,0.75146484375
22.1279,66,1.087890625,68,0.94482421875,67,0.70263671875,67,0.75146484375
22.1393,70,0.54248046875,68,0.9833984375,67,0.70263671875,68,0.458984375
22.1488,70,0.54248046875,68,0.9833984375,68,0.48876953125,68,0.458984375
22.1602,69,0.93701171875,68,1.080078125,68,0.48876953125,67,0.72607421875
22.1684,69,0.93701171875,68,1.080078125,67,0.7021484375,67,0.72607421875
22.1795,67,1.166015625,68,0.92138671875,67,0.7021484375,67,0.94140625
22.1897,67,1.166015625,68,0.92138671875,68,0.62353515625,67,0.94140625
22.2000,69,0.5439453125,68,0.92919921875,68,0.62353515625,67,0.76806640625
22.2084,69,0.5439453125,68,0.92919921875,71,0.39599609375,67,0.76806640625
22.2162,66,1.1953125,67,1.04296875,71,0.39599609375,66,0.73876953125
22.2260,66,1.1953125,67,1.04296875,67,0.80712890625,66,0.73876953125
22.2332,66,0.95751953125,67,0.890625,67,0.80712890625,67,0.6962890625
22.2453,66,0.95751953125,67,0.890625,65,0.8271484375,67,0.6962890625
22.2563,69,0.52978515625,68,0.83642578125,65,0.8271484375,67,0.5263671875
22.2657,69,0.52978515625,68,0.83642578125,69,0.3876953125,67,0.5263671875
22.2728,68,1.1162109375,68,1.265625,69,0.3876953125,66,0.9140625
22.2861,68,1.1162109375,68,1.265625,68,0.623046875,66,0.9140625
22.2943,67,1.0771484375,67,1.0126953125,68,0.623046875,68,0.27685546875
22.3057,67,1.0771484375,67,1.0126953125,66,0.7744140625,68,0.27685546875
22.3143,68,0.6240234375,68,0.89306640625,66,0.7744140625,66,0.82568359375
22.3260,68,0.6240234375,68,0.89306640625,71,0.214111328125,66,0.82568359375
22.3402,68,0.6240234375,69,0.77587890625,71,0.214111328125,67,0.5244140625
22.3494,66,1.6279296875,69,0.77587890625,67,0.71142578125,67,0.5244140625
22.3590,64,1.2919921875,67,1.4306640625,67,0.71142578125,68,0.75927734375
22.3675,64,1.2919921875,67,1.4306640625,65,0.765625,68,0.75927734375
22.3847,65,1.154296875,67,0.9697265625,70,0.233154296875,66,0.79541015625
22.4001,69,0.595703125,69,0.97265625,70,0.233154296875,66,0.63623046875
22.4093,69,0.595703125,69,0.97265625,67,0.72900390625,66,0.63623046875
22.4182,69,0.595703125,67,1.0654296875,67,0.72900390625,67,0.57177734375
22.4283,66,1.1904296875,67,1.0654296875,66,0.77734375,67,0.57177734375
22.4409,66,1.1904296875,67,1.072265625,66,0.77734375,66,0.75244140625
22.4515,64,1.072265625,67,1.072265625,69,0.10284423828125,66,0.75244140625
22.4551,64,1.072265625,68,0.98486328125,69,0.10284423828125,66,0.59716796875
22.4688,69,0.66796875,68,0.98486328125,67,0.8857421875,66,0.59716796875
22.4839,69,0.66796875,66,1.1181640625,67,0.8857421875,67,0.61572265625
22.4893,64,1.4833984375,66,1.1181640625,65,0.83251953125,67,0.61572265625
22.5043,66,0.78662109375,66,1.001953125,67,0.156005859375,66,0.74462890625
22.5125,66,0.78662109375,69,0.68408203125,67,0.156005859375,67,0.6279296875
22.5261,67,0.83056640625,69,0.68408203125,67,0.156005859375,67,0.6279296875
22.5308,67,0.83056640625,66,0.90966796875,68,0.92138671875,66,0.9765625
22.5457,69,0.71875,66,0.90966796875,68,0.92138671875,66,0.9765625
22.5569,69,0.71875,66,1.0966796875,66,0.673828125,67,0.572265625
22.5644,64,1.3662109375,66,1.0966796875,66,0.673828125,67,0.572265625
22.5715,64,1.3662109375,66,1.0966796875,68,0.484130859375,65,0.673828125
22.5840,69,0.39990234375,68,0.603515625,68,0.484130859375,65,0.673828125
22.5960,69,0.39990234375,68,0.603515625,68,0.43212890625,65,0.77392578125
22.6079,64,1.3310546875,66,1.2607421875,68,0.43212890625,65,0.77392578125
22.6166,64,1.3310546875,66,1.2607421875,65,1.044921875,66,0.8095703125
22.6289,67,0.716796875,65,1.14453125,65,1.044921875,66,0.8095703125
22.6388,67,0.716796875,65,1.14453125,64,0.78076171875,66,0.3125
22.6471,63,1.3115234375,67,0.55908203125,64,0.78076171875,66,0.3125
22.6589,63,1.3115234375,67,0.55908203125,66,0.468994140625,64,1.044921875
22.6666,70,0.49951171875,67,1.267578125,66,0.468994140625,64,1.044921875
22.6792,70,0.49951171875,67,1.267578125,66,0.75244140625,66,0.406982421875
22.6876,64,1.4375,66,0.8642578125,66,0.75244140625,66,0.406982421875
22.6946,64,1.4375,66,0.8642578125,66,0.52783203125,64,1.255859375
22.7083,66,0.83740234375,67,1.28125,66,0.52783203125,64,1.255859375
22.7152,66,0.83740234375,67,1.28125,70,0.1802978515625,65,0.505859375
22.7275,65,1.4375,66,1.07421875,70,0.1802978515625,65,0.505859375
22.7385,65,1.4375,66,1.07421875,65,0.65771484375,65,0.8486328125
22.7475,64,1.36328125,65,0.9658203125,65,0.65771484375,65,0.8486328125
22.7544,64,1.36328125,65,0.9658203125,64,0.85400390625,65,0.7724609375
22.7701,65,0.97216796875,64,1.12890625,64,0.85400390625,65,0.7724609375
22.7770,65,0.97216796875,64,1.12890625,67,0.36279296875,65,0.80126953125
22.7852,65,0.8994140625,67,1.0068359375,67,0.36279296875,65,0.80126953125
22.7994,65,0.8994140625,67,1.0068359375,65,0.80322265625,65,0.80126953125
22.8133,68,0.7890625,66,1.1357421875,65,0.80322265625,64,0.78076171875
22.8145,68,0.7890625,66,1.1357421875,65,0.53515625,65,1.044921875
22.8276,65,1.001953125,65,1.07421875,65,0.53515625,65,1.044921875
22.8419,65,1.001953125,65,1.07421875,68,0.23876953125,63,0.6650390625
22.8484,66,0.560546875,67,0.6484375,68,0.23876953125,63,0.6650390625
22.8622,66,0.560546875,67,0.6484375,66,0.57470703125,63,0.6650390625
22.8697,64,1.2490234375,65,1.5048828125,66,0.57470703125,66,0.67626953125
22.8772,64,1.2490234375,65,1.5048828125,63,0.8955078125,65,0.7470703125
22.8943,65,0.55517578125,65,1.0205078125,65,0.26904296875,64,0.361083984375
22.9053,65,1.1767578125,66,0.8955078125,65,0.26904296875,64,0.361083984375
22.9154,65,1.1767578125,66,0.8955078125,65,0.8974609375,64,0.361083984375
22.9248,67,0.66796875,65,1.1640625,65,0.8974609375,64,0.86474609375
22.9333,67,0.66796875,65,1.1640625,65,0.70849609375,66,0.48583984375
22.9481,64,1.337890625,65,1.046875,65,0.70849609375,66,0.48583984375
22.9592,64,1.337890625,65,1.046875,64,0.82080078125,64,0.92333984375
22.9656,64,1.337890625,66,0.71728515625,64,0.82080078125,64,0.92333984375
22.9807,66,0.53662109375,66,0.71728515625,68,0.383056640625,64,0.92333984375
22.9894,66,0.53662109375,62,1.783203125,68,0.383056640625,64,0.67724609375
22.9955,64,1.1962890625,62,1.783203125,65,0.8125,65,1.07421875
23.0091,64,1.1962890625,63,1.1728515625,65,0.8125,65,1.07421875
23.0198,64,1.18359375,63,1.1728515625,62,0.92724609375,65,0.63037109375
23.0288,64,1.18359375,67,0.468017578125,62,0.92724609375,65,0.63037109375
23.0427,64,0.73583984375,67,0.468017578125,66,0.4599609375,65,0.63037109375
23.0490,64,0.73583984375,66,1.107421875,66,0.4599609375,65,0.58203125
23.0564,66,0.96630859375,66,1.107421875,65,0.9423828125,65,0.58203125
23.0658,66,0.96630859375,64,1.01953125,65,0.9423828125,61,1.244140625
23.0780,65,0.953125,64,1.01953125,63,0.86865234375,61,1.244140625
23.0853,65,0.953125,64,1.091796875,63,0.86865234375,66,0.66943359375
23.0941,62,1.3359375,64,1.091796875,67,0.37548828125,66,0.66943359375
23.1049,62,1.3359375,67,0.849609375,67,0.37548828125,65,0.98193359375
23.1160,64,0.8544921875,67,0.849609375,64,1.0517578125,65,0.98193359375
23.1247,64,0.8544921875,63,1.23046875,64,1.0517578125,62,1.1953125
23.1331,62,1.30078125,63,1.23046875,62,1.00390625,62,1.1953125
23.1450,62,1.30078125,63,0.9814453125,62,1.00390625,63,0.82861328125
23.1533,62,1.1337890625,63,0.9814453125,64,0.4853515625,63,0.82861328125
23.1670,62,1.1337890625,63,0.9814453125,64,0.4853515625,67,0.272216796875
23.1772,65,0.89990234375,66,0.9130859375,63,0.8310546875,67,0.272216796875
23.1849,65,0.89990234375,65,1.2412109375,63,0.8310546875,62,1.2939453125
23.1975,67,0.74365234375,65,1.2412109375,64,0.77197265625,62,1.2939453125
23.2072,67,0.74365234375,63,0.9228515625,64,0.77197265625,62,0.83203125
23.2142,63,1.16796875,63,0.9228515625,65,0.5966796875,62,0.83203125
23.2279,63,1.16796875,63,0.9228515625,65,0.5966796875,66,0.41259765625
23.2344,65,0.5693359375,66,0.4482421875,65,0.5966796875,66,0.41259765625
23.2478,65,0.5693359375,66,0.4482421875,67,0.2296142578125,64,0.64453125
23.2545,64,1.1513671875,63,0.9501953125,65,0.9521484375,64,0.64453125
23.2661,64,1.1513671875,63,1.326171875,65,0.9521484375,63,0.83154296875
23.2786,64,0.82275390625,63,1.326171875,63,0.380615234375,63,0.83154296875
23.2882,64,0.82275390625,64,0.89990234375,63,0.380615234375,62,0.677734375
23.2945,63,1.009765625,64,0.89990234375,63,0.380615234375,62,0.677734375
23.3077,63,1.009765625,64,0.89990234375,64,0.493896484375,68,0.455322265625
23.3137,67,0.60791015625,66,0.92529296875,65,0.63623046875,68,0.455322265625
23.3257,67,0.60791015625,66,0.92529296875,65,0.63623046875,61,1.201171875
23.3332,66,0.81396484375,65,1.1201171875,64,0.420166015625,61,1.201171875
23.3496,66,0.81396484375,63,1.0244140625,64,0.420166015625,62,0.69970703125
23.3577,62,1.125,63,1.0244140625,64,0.420166015625,62,0.69970703125
23.3710,62,1.125,63,1.0244140625,67,0.271240234375,70,0.1766357421875
23.3774,64,0.93896484375,65,0.595703125,67,0.271240234375,70,0.1766357421875
23.3899,64,0.93896484375,65,0.595703125,65,0.4775390625,62,1.0439453125
23.4137,63,1.0634765625,63,0.94140625,63,1.08203125,61,0.71142578125
23.4206,63,1.0634765625,63,0.94140625,63,0.56787109375,61,0.71142578125
23.4292,63,1.0634765625,64,0.86328125,63,0.56787109375,67,0.0897216796875
23.4424,64,0.9091796875,64,0.86328125,63,0.56787109375,67,0.0897216796875
23.4525,64,0.9091796875,64,0.86328125,63,0.783203125,63,1.3662109375
23.4624,66,0.95703125,65,0.9208984375,64,0.9921875,63,1.3662109375
23.4711,66,0.95703125,65,0.9208984375,64,0.9921875,61,0.7060546875
23.4852,66,0.95703125,64,1.005859375,64,0.9921875,61,0.7060546875
23.4916,64,1.09375,64,1.005859375,65,0.6044921875,63,0.9384765625
23.5021,64,1.09375,64,0.99951171875,65,0.6044921875,63,0.9384765625
23.5143,63,1.083984375,64,0.99951171875,66,0.43701171875,65,0.68212890625
23.5237,63,1.083984375,64,0.8896484375,66,0.43701171875,65,0.68212890625
23.5307,64,1.283203125,64,0.8896484375,64,0.791015625,65,0.71533203125
23.5435,64,1.283203125,64,1.03515625,64,0.791015625,65,0.71533203125
23.5532,63,1.0009765625,64,1.03515625,62,0.6640625,61,0.70361328125
23.5621,63,1.0009765625,64,1.0517578125,62,0.6640625,61,0.70361328125
23.5718,63,0.9892578125,64,1.0517578125,64,0.6630859375,68,-0.117919921875
23.5830,63,0.9892578125,63,0.78369140625,64,0.6630859375,68,-0.117919921875
23.5942,65,0.68798828125,63,0.78369140625,65,0.49609375,63,0.78076171875
23.6026,65,0.68798828125,66,0.80810546875,65,0.49609375,63,0.78076171875
23.6187,65,0.88916015625,66,0.82568359375,64,0.70751953125,62,1.1044921875
23.6284,63,1.0517578125,66,0.82568359375,65,0.26416015625,66,0.368408203125
23.6394,63,1.0517578125,63,0.89501953125,65,0.26416015625,66,0.368408203125
23.6480,64,0.6171875,63,0.89501953125,66,0.393798828125,64,0.74658203125
23.6591,64,0.6171875,65,0.91796875,66,0.393798828125,64,0.74658203125
23.6684,64,1.046875,65,0.91796875,63,0.79150390625,64,0.74658203125
23.6798,64,1.046875,65,0.79541015625,63,0.79150390625,62,0.98291015625
23.6885,63,1.03515625,65,0.79541015625,62,0.63623046875,62,0.98291015625
23.6993,63,1.03515625,63,0.95166015625,62,0.63623046875,65,0.468994140625
23.7114,64,0.931640625,63,0.95166015625,64,0.64453125,63,1.072265625
23.7209,64,0.931640625,65,0.72265625,64,0.64453125,63,1.072265625
23.7297,67,0.64501953125,65,0.72265625,65,0.382568359375,63,1.072265625
23.7428,67,0.64501953125,65,0.98193359375,65,0.382568359375,63,0.64697265625
23.7506,63,1.3388671875,65,0.98193359375,65,0.8046875,63,0.64697265625
23.7619,63,1.3388671875,65,0.98193359375,65,0.8046875,65,0.5537109375
23.7720,63,1.0029296875,64,1.125,66,0.52099609375,65,0.5537109375
23.7826,63,1.0029296875,65,0.64404296875,66,0.52099609375,63,0.95556640625
23.7929,63,0.92578125,65,0.64404296875,65,0.54931640625,63,0.95556640625
23.8023,63,0.92578125,64,1.1064453125,65,0.54931640625,64,0.57080078125
23.8119,63,1.220703125,64,1.1064453125,63,0.90234375,64,0.57080078125
23.8208,63,1.220703125,64,1.1064453125,63,0.90234375,64,0.6826171875
23.8305,63,1.048828125,64,0.8017578125,61,0.82666015625,64,0.6826171875
23.8438,63,1.048828125,64,0.8017578125,61,0.82666015625,65,0.6416015625
23.8626,65,0.921875,64,1.0810546875,64,0.60107421875,63,0.818359375
23.8708,65,0.921875,64,0.99609375,65,0.70556640625,63,0.818359375
23.8906,63,1.01953125,64,0.9912109375,65,0.477294921875,64,0.60888671875
23.9019,63,1.01953125,64,0.9912109375,65,0.477294921875,64,0.591796875
23.9138,63,1.01953125,62,1.14453125,65,0.477294921875,64,0.591796875
23.9232,64,1.0654296875,62,1.14453125,64,0.70263671875,63,0.89697265625
23.9311,64,1.0654296875,64,1.3212890625,64,0.70263671875,63,0.89697265625
23.9421,62,1.095703125,64,1.3212890625,64,0.56787109375,63,0.78466796875
23.9513,62,1.068359375,64,0.9462890625,64,0.56787109375,63,0.78466796875
23.9630,62,1.068359375,64,0.9462890625,62,0.79736328125,64,0.703125
23.9750,65,0.83349609375,63,1.3349609375,62,0.79736328125,64,0.703125
23.9823,65,0.83349609375,63,1.3349609375,62,0.88623046875,64,0.70166015625
23.9930,65,0.83349609375,65,0.5751953125,62,0.88623046875,64,0.70166015625
24.0071,65,0.82861328125,65,0.5751953125,64,0.595703125,62,0.8173828125
24.0167,65,0.82861328125,65,0.978515625,64,0.595703125,62,0.8173828125
24.0235,63,1.2939453125,65,0.978515625,65,0.5341796875,64,0.9716796875
24.0309,64,0.81787109375,63,1.1044921875,65,0.5341796875,64,0.9716796875
24.0458,64,0.81787109375,63,1.1044921875,66,0.55126953125,62,0.80615234375
24.0508,64,0.81787109375,63,0.90478515625,66,0.55126953125,62,0.80615234375
24.0622,62,1.486328125,63,0.90478515625,62,0.9140625,64,0.75244140625
24.0732,62,1.486328125,64,1.1240234375,62,0.9140625,64,0.75244140625
24.0852,62,1.2431640625,64,1.1240234375,62,0.849609375,63,0.87744140625
24.0923,62,1.2431640625,64,0.8564453125,62,0.849609375,63,0.87744140625
24.1012,62,1.0986328125,64,0.8564453125,64,0.470947265625,64,0.426025390625
24.1126,62,1.0986328125,64,1.0986328125,64,0.470947265625,64,0.426025390625
24.1210,68,0.50048828125,64,1.0986328125,63,0.82861328125,64,0.426025390625
24.1292,68,0.50048828125,65,0.88525390625,63,0.82861328125,63,0.892578125
24.1405,64,1.1513671875,65,0.88525390625,64,0.5654296875,63,0.8935546875
24.1501,64,1.1513671875,64,1.009765625,64,0.5654296875,63,0.8935546875
24.1615,62,1.1708984375,64,1.009765625,67,0.1549072265625,63,0.64013671875
24.1730,62,1.1708984375,64,0.935546875,67,0.1549072265625,63,0.64013671875
24.1813,66,0.6962890625,64,0.935546875,64,0.8125,63,0.64013671875
24.1942,66,0.6962890625,63,1.1123046875,64,0.8125,63,0.74609375
24.2004,61,1.2783203125,63,1.1123046875,62,0.908203125,63,0.74609375
24.2096,62,1.02734375,64,0.8740234375,62,0.908203125,63,0.81298828125
24.2238,62,1.02734375,64,0.8740234375,64,0.314697265625,63,0.48681640625
24.2344,62,1.02734375,64,0.6337890625,64,0.314697265625,63,0.48681640625
24.2402,66,0.673828125,64,0.6337890625,64,0.7373046875,64,0.50390625
24.2510,66,0.673828125,64,1.1572265625,64,0.7373046875,64,0.50390625
24.2618,65,1.2265625,64,1.1572265625,64,0.7890625,64,0.50390625
24.2726,65,1.2265625,65,1.0869140625,64,0.7890625,62,0.890625
24.2812,63,0.974609375,65,1.0869140625,64,0.564453125,62,0.890625
24.2925,63,0.974609375,65,0.7958984375,64,0.564453125,65,0.60107421875
24.3092,65,0.755859375,64,1.1103515625,66,0.382568359375,63,0.66650390625
24.3220,62,1.501953125,64,1.1103515625,63,0.85400390625,63,0.66650390625
24.3255,62,1.501953125,64,0.98828125,63,0.85400390625,64,0.68408203125
24.3442,62,1.0361328125,64,0.98828125,63,0.85400390625,64,0.68408203125
24.3521,62,1.0361328125,64,0.87109375,62,0.77099609375,64,0.446533203125
24.3594,61,1.353515625,64,0.87109375,67,0.33837890625,64,0.446533203125
24.3734,61,1.353515625,65,0.26318359375,67,0.33837890625,63,0.9775390625
24.3818,68,0.5068359375,65,0.26318359375,64,0.8232421875,63,0.8173828125
24.3946,68,0.5068359375,64,0.9501953125,64,0.8232421875,63,0.8173828125
24.4029,64,1.0068359375,64,0.9501953125,64,0.8232421875,63,0.8173828125
24.4110,64,1.0068359375,64,1.05859375,63,0.625,63,0.6279296875
24.4270,61,1.1552734375,64,1.05859375,66,0.25048828125,63,0.5869140625
24.4355,61,1.1552734375,65,0.77685546875,66,0.25048828125,63,0.5869140625
24.4453,66,0.439697265625,65,0.77685546875,66,0.25048828125,63,0.5869140625
24.4555,66,0.439697265625,65,0.77685546875,64,0.73193359375,62,0.95166015625
24.4672,62,1.2060546875,63,1.171875,62,0.8125,64,0.66064453125
24.4767,63,0.82421875,63,1.171875,62,0.8125,64,0.66064453125
24.4866,63,0.82421875,63,1.171875,64,0.369384765625,63,0.888671875
24.4995,63,0.82421875,66,0.9267578125,64,0.369384765625,63,0.888671875
24.5093,63,0.8056640625,66,0.9267578125,64,0.67333984375,64,0.77880859375
24.5185,63,0.8056640625,64,1.208984375,64,0.67333984375,64,0.77880859375
24.5282,66,0.97021484375,64,1.208984375,63,0.71630859375,63,0.94921875
24.5399,66,0.97021484375,63,1.125,63,0.71630859375,63,0.94921875
24.5472,62,1.1201171875,63,1.125,63,0.7275390625,64,0.62353515625
24.5594,62,1.1201171875,65,0.7900390625,63,0.7275390625,64,0.62353515625
24.5679,61,1.2548828125,65,0.7900390625,67,0.35400390625,63,0.85498046875
24.5801,61,1.2548828125,63,1.0546875,67,0.35400390625,63,0.85498046875
24.5885,63,1.0029296875,63,1.0546875,63,0.693359375,62,0.74560546875
24.6002,63,1.0029296875,62,0.9755859375,63,0.693359375,62,0.74560546875
24.6071,62,1.091796875,62,0.9755859375,61,0.9638671875,63,0.90966796875
24.6190,62,1.091796875,62,0.93017578125,61,0.9638671875,63,0.90966796875
24.6287,61,1.130859375,62,0.93017578125,65,0.2978515625,63,0.53759765625
24.6390,61,1.130859375,64,0.91748046875,65,0.2978515625,63,0.53759765625
24.6482,64,1.0859375,64,0.91748046875,63,0.80224609375,63,0.79296875
24.6630,64,1.0859375,64,1.068359375,63,0.80224609375,63,0.79296875
24.6661,66,0.93359375,64,1.068359375,63,0.7099609375,62,0.87744140625
24.6823,66,0.93359375,64,1.0634765625,63,0.7099609375,62,0.87744140625
24.6887,63,1.0947265625,64,1.0634765625,66,0.166748046875,64,0.388916015625
24.7029,63,1.0947265625,65,0.744140625,66,0.166748046875,64,0.388916015625
24.7099,62,1.0380859375,65,0.744140625,64,0.79150390625,62,0.95751953125
24.7194,62,1.0380859375,63,1.3369140625,64,0.79150390625,62,0.95751953125
24.7292,62,1.087890625,63,1.3369140625,62,0.765625,64,0.54736328125
24.7419,62,1.087890625,62,1.15234375,62,0.765625,64,0.54736328125
24.7486,62,0.931640625,62,1.15234375,63,0.490966796875,63,0.787109375
24.7606,62,0.931640625,65,0.7890625,63,0.490966796875,63,0.787109375
24.7690,62,1.146484375,65,0.7890625,63,0.568359375,63,0.79248046875
24.7802,62,1.146484375,64,1.2314453125,63,0.568359375,63,0.79248046875
24.7876,66,0.72900390625,64,1.2314453125,62,0.8076171875,63,0.79248046875
24.7997,66,0.72900390625,63,1.1533203125,62,0.8076171875,62,0.8486328125
24.8075,64,0.9384765625,63,1.1533203125,63,0.64404296875,63,0.6591796875
24.8205,64,0.9384765625,64,1.203125,63,0.64404296875,63,0.6591796875
24.8301,63,1.009765625,64,1.203125,63,0.64404296875,63,0.6591796875
24.8429,63,1.009765625,63,0.97705078125,67,0.290771484375,63,0.60693359375
24.8525,63,1.0751953125,63,0.97705078125,67,0.290771484375,63,0.60693359375
24.8638,63,1.0751953125,62,1.1025390625,63,0.7646484375,61,0.9560546875
24.8753,61,1.2294921875,62,1.1025390625,63,0.7646484375,61,0.9560546875
24.8830,61,1.2294921875,63,0.70849609375,61,0.9228515625,64,0.73681640625
24.8980,63,0.82470703125,63,0.70849609375,61,0.9228515625,64,0.73681640625
24.9042,63,0.82470703125,63,0.70849609375,64,0.294921875,63,0.7451171875
24.9120,65,0.73779296875,65,0.943359375,64,0.294921875,63,0.7451171875
24.9282,65,1.1669921875,64,1.0439453125,64,0.564453125,63,0.681640625
24.9379,65,1.1669921875,63,1.1123046875,63,0.716796875,62,0.802734375
24.9477,62,1.3154296875,63,1.1123046875,63,0.716796875,62,0.802734375
24.9589,62,1.3154296875,65,1.109375,66,0.320068359375,64,0.6875
24.9677,63,0.7470703125,65,1.109375,66,0.320068359375,64,0.6875
24.9799,63,0.7470703125,62,1.328125,65,0.72509765625,62,0.85546875
24.9880,62,1.330078125,62,1.328125,65,0.72509765625,62,0.85546875
25.0006,62,1.330078125,62,1.0439453125,62,0.8369140625,63,0.73388671875
25.0079,61,1.3076171875,62,1.0439453125,62,0.8369140625,63,0.73388671875
25.0188,61,1.3076171875,65,0.5205078125,60,0.849609375,63,0.79931640625
25.0300,61,1.0908203125,65,0.5205078125,60,0.849609375,63,0.79931640625
25.0400,61,1.0908203125,65,0.5205078125,65,0.3896484375,63,0.88916015625
25.0471,61,1.0908203125,64,1.0,65,0.3896484375,63,0.88916015625
25.0594,68,0.4697265625,62,1.27734375,63,0.857421875,64,0.7509765625
25.0686,64,1.1650390625,62,1.27734375,63,0.857421875,64,0.7509765625
25.0798,64,1.1650390625,62,1.27734375,62,0.9208984375,60,1.1494140625
25.0891,64,1.1650390625,62,1.1455078125,62,0.9208984375,60,1.1494140625
25.0991,62,1.08984375,62,1.1455078125,65,0.05615234375,65,0.151611328125
25.1078,62,1.08984375,66,0.5712890625,65,0.05615234375,65,0.151611328125
25.1197,63,0.880859375,66,0.5712890625,64,0.92236328125,64,0.84912109375
25.1287,63,0.880859375,62,1.0888671875,64,0.92236328125,64,0.84912109375
25.1387,62,1.3017578125,62,1.0888671875,62,1.0498046875,61,1.251953125
25.1468,62,1.3017578125,62,1.2490234375,62,1.0498046875,61,1.251953125
25.1608,61,1.1884765625,62,1.2490234375,63,0.467041015625,62,0.412353515625
25.1670,61,1.1884765625,66,0.30810546875,63,0.467041015625,62,0.412353515625
25.1798,64,0.74462890625,66,0.30810546875,63,0.79638671875,66,0.421142578125
25.1919,64,0.74462890625,64,1.0537109375,63,0.79638671875,66,0.421142578125
25.1984,66,0.71533203125,64,1.0537109375,63,0.53564453125,61,1.201171875
25.2056,66,0.71533203125,62,1.0732421875,63,0.53564453125,61,1.201171875
25.2189,62,1.4013671875,62,1.0732421875,64,0.6953125,60,1.1767578125
25.2275,62,1.4013671875,65,0.6904296875,64,0.6953125,60,1.1767578125
25.2384,62,1.048828125,65,0.6904296875,66,0.366943359375,64,0.82275390625
25.2459,62,1.048828125,63,0.97021484375,66,0.366943359375,64,0.82275390625
25.2600,64,0.88623046875,63,0.97021484375,63,0.83935546875,65,0.6064453125
25.2693,64,0.88623046875,62,1.0595703125,63,0.83935546875,65,0.6064453125
25.2809,62,1.369140625,62,1.0595703125,61,0.9970703125,62,0.9423828125
25.2887,62,1.369140625,62,1.333984375,61,0.9970703125,62,0.9423828125
25.2960,62,0.923828125,62,1.333984375,63,0.421630859375,61,0.90087890625
25.3095,62,0.923828125,65,0.67578125,63,0.421630859375,61,0.90087890625
25.3186,64,0.9013671875,65,0.67578125,63,0.421630859375,71,-0.2147216796875
25.3285,64,0.9013671875,64,1.005859375,63,0.6904296875,71,-0.2147216796875
25.3451,66,0.96044921875,64,1.005859375,63,0.6904296875,61,1.2529296875
25.3500,66,0.96044921875,62,1.3359375,63,0.7587890625,61,1.2529296875
25.3613,62,1.091796875,62,1.3359375,63,0.7587890625,61,0.93212890625
25.3706,62,1.091796875,64,1.0283203125,66,0.340576171875,61,0.93212890625
25.3822,63,0.94677734375,64,1.0283203125,66,0.340576171875,66,0.157470703125
25.3926,63,0.94677734375,62,1.6455078125,64,0.54833984375,66,0.157470703125
25.4040,63,1.23828125,62,1.6455078125,62,0.9140625,61,1.5078125
25.4142,63,1.23828125,62,1.2490234375,62,0.9140625,61,1.5078125
25.4239,62,1.189453125,62,1.2490234375,62,0.9140625,60,1.0712890625
25.4370,62,1.189453125,63,0.50537109375,63,0.64794921875,60,1.0712890625
25.4471,63,1.0380859375,65,0.8720703125,63,0.7353515625,61,0.94091796875
25.4643,66,0.6171875,65,0.8720703125,63,0.66455078125,66,0.66015625
25.4707,66,0.6171875,63,1.2138671875,63,0.66455078125,66,0.66015625
25.4882,64,1.2412109375,63,1.2138671875,64,0.7431640625,61,1.216796875
25.4996,64,1.2412109375,63,1.21875,64,0.7431640625,61,1.216796875
25.5074,63,0.8779296875,63,1.21875,65,0.26171875,61,0.87744140625
25.5189,63,0.8779296875,63,0.8115234375,65,0.26171875,61,0.87744140625
25.5387,63,0.88818359375,64,1.0341796875,63,0.8623046875,66,0.5625
25.5436,63,1.107421875,64,1.0341796875,62,0.630859375,64,0.67041015625
25.5553,63,1.107421875,63,0.935546875,62,0.630859375,64,0.67041015625
25.5633,62,1.0703125,63,0.935546875,62,0.630859375,61,0.7646484375
25.5769,62,1.0703125,62,0.56005859375,63,0.69775390625,61,0.7646484375
25.5831,65,0.9091796875,62,0.56005859375,63,0.69775390625,66,0.27880859375
25.5959,65,0.9091796875,64,0.638671875,64,0.483154296875,66,0.27880859375
25.6038,65,0.6669921875,64,0.638671875,64,0.41943359375,63,0.76806640625
25.6170,65,0.6669921875,64,0.779296875,64,0.41943359375,63,0.76806640625
25.6250,63,1.248046875,64,0.779296875,64,0.41943359375,62,0.8662109375
25.6358,63,1.248046875,62,1.0478515625,65,0.4873046875,62,0.8662109375
25.6446,63,1.0439453125,62,1.0478515625,65,0.4873046875,63,0.330322265625
25.6533,63,1.0439453125,63,0.48779296875,66,0.0897216796875,63,0.330322265625
25.6645,63,0.90869140625,63,0.48779296875,66,0.0897216796875,64,0.45263671875
25.6729,63,0.90869140625,64,0.8154296875,63,0.76025390625,64,0.45263671875
25.6839,63,1.041015625,64,0.8154296875,63,0.76025390625,64,0.45263671875
25.6964,63,1.041015625,63,0.9970703125,62,0.61669921875,63,0.56884765625
25.7067,62,1.009765625,63,0.9970703125,62,0.61669921875,62,0.77587890625
25.7124,62,1.009765625,65,0.3544921875,63,0.44287109375,62,0.77587890625
25.7247,67,0.433837890625,65,0.3544921875,63,0.44287109375,66,0.31494140625
25.7328,67,0.433837890625,64,0.9521484375,65,0.426025390625,66,0.31494140625
25.7461,65,1.2783203125,64,0.9521484375,65,0.426025390625,62,1.1494140625
25.7535,65,1.2783203125,63,1.0478515625,64,0.716796875,62,1.1494140625
25.7647,62,1.07421875,63,1.0478515625,64,0.716796875,62,1.1494140625
25.7739,62,1.07421875,62,0.8994140625,65,0.463134765625,64,0.407470703125
25.7848,62,1.1171875,62,0.8994140625,65,0.463134765625,62,0.72998046875
25.7959,62,1.1171875,63,0.8671875,64,0.59814453125,62,0.72998046875
25.8050,62,1.0791015625,63,0.8671875,64,0.59814453125,63,0.705078125
25.8141,62,1.0791015625,64,0.82373046875,62,0.7978515625,63,0.705078125
25.8253,62,0.99462890625,64,0.82373046875,62,0.7978515625,63,0.76953125
25.8336,62,0.99462890625,64,0.82373046875,61,0.77490234375,63,0.76953125
25.8475,64,0.755859375,63,1.205078125,61,0.77490234375,64,0.27783203125
25.8543,64,0.755859375,63,1.205078125,63,0.4482421875,64,0.27783203125
25.8660,65,0.97412109375,65,0.78857421875,63,0.4482421875,62,0.8193359375
25.8749,65,0.97412109375,65,0.78857421875,65,0.4404296875,62,0.8193359375
25.8864,63,1.22265625,64,1.052734375,65,0.4404296875,62,0.8193359375
25.8963,63,1.22265625,64,1.052734375,65,0.630859375,62,0.90771484375
25.9077,63,1.22265625,63,1.1103515625,65,0.630859375,62,0.90771484375
25.9182,62,0.96533203125,63,1.1103515625,65,0.630859375,63,0.59228515625
25.9299,62,0.96533203125,63,0.5693359375,64,0.595703125,63,0.59228515625
25.9347,62,0.91455078125,63,0.5693359375,63,0.6103515625,64,0.77099609375
25.9474,62,0.91455078125,63,0.96875,63,0.6103515625,64,0.77099609375
25.9552,62,1.02734375,63,0.96875,62,0.7236328125,62,0.83203125
25.9674,62,1.02734375,63,1.068359375,62,0.7236328125,62,0.83203125
25.9780,61,1.1884765625,63,1.068359375,62,0.7412109375,62,0.646484375
25.9924,67,0.433349609375,63,1.11328125,62,0.7412109375,64,0.75390625
26.0034,67,0.433349609375,64,0.70361328125,63,0.43505859375,64,0.75390625
26.0133,64,1.1005859375,64,0.70361328125,63,0.43505859375,62,0.89208984375
26.0249,64,1.1005859375,64,0.90380859375,65,0.60595703125,62,0.89208984375
26.0324,62,1.15234375,64,0.90380859375,65,0.60595703125,63,0.79931640625
26.0443,62,1.15234375,63,1.314453125,65,0.4833984375,63,0.79931640625
26.0521,63,1.0869140625,63,1.314453125,65,0.4833984375,63,0.79931640625
26.0646,63,1.0869140625,63,0.91845703125,62,0.8515625,62,0.75244140625
26.0728,61,1.0947265625,63,0.91845703125,62,0.8515625,63,0.6796875
26.0842,61,1.0947265625,63,1.0830078125,61,0.83544921875,63,0.6796875
26.0932,62,0.9833984375,63,1.0830078125,61,0.83544921875,62,0.51513671875
26.1050,62,0.9833984375,63,1.1943359375,63,0.476806640625,62,0.51513671875
26.1142,63,0.8017578125,63,1.1943359375,63,0.476806640625,62,0.86767578125
26.1257,63,0.8017578125,63,0.900390625,62,0.82470703125,62,0.86767578125
26.1333,66,0.76318359375,63,0.900390625,62,0.82470703125,63,0.646484375
26.1462,66,0.76318359375,63,1.02734375,63,0.6376953125,63,0.646484375
26.1534,63,1.0771484375,63,1.02734375,63,0.6376953125,62,0.728515625
26.1642,63,1.0771484375,63,1.02734375,65,0.303955078125,62,0.728515625
26.1738,62,1.1552734375,63,1.02734375,65,0.303955078125,62,1.0302734375
26.1895,62,1.1552734375,63,0.75,64,0.5947265625,62,1.0302734375
26.1965,65,0.82568359375,63,0.75,64,0.5947265625,62,0.82861328125
26.2041,65,0.82568359375,62,1.3984375,62,0.875,62,0.82861328125
26.2151,60,1.03125,62,1.3984375,62,0.875,62,0.76953125
26.2219,60,1.03125,63,0.86962890625,61,0.7568359375,62,0.76953125
26.2337,62,1.0556640625,63,0.86962890625,61,0.7568359375,62,0.9130859375
26.2454,62,1.0556640625,63,1.1923828125,64,0.50634765625,62,0.9130859375
26.2542,67,0.486083984375,63,1.1923828125,64,0.50634765625,63,0.74609375
26.2653,67,0.486083984375,63,1.046875,63,0.712890625,63,0.74609375
26.2736,64,0.8837890625,63,1.046875,63,0.712890625,62,0.8037109375
26.2854,64,0.8837890625,64,0.9658203125,62,0.72607421875,62,0.8037109375
26.2966,62,1.2080078125,64,0.9658203125,62,0.72607421875,62,0.8037109375
26.3060,62,1.2080078125,64,0.9658203125,67,0.141357421875,61,0.8525390625
26.3140,64,0.4208984375,64,0.72119140625,67,0.141357421875,64,0.2171630859375
26.3253,64,0.4208984375,64,0.72119140625,63,0.57861328125,64,0.2171630859375
26.3375,64,0.4208984375,63,1.1494140625,63,0.57861328125,64,0.2171630859375
26.3442,62,1.623046875,63,1.1494140625,61,0.814453125,62,1.1298828125
26.3593,60,1.236328125,63,1.1845703125,61,0.814453125,63,0.72021484375
26.3645,60,1.236328125,64,0.79736328125,64,0.2822265625,63,0.72021484375
26.3791,60,1.236328125,64,0.79736328125,64,0.2822265625,63,0.26513671875
26.3879,60,0.91455078125,63,1.423828125,62,0.8037109375,63,0.26513671875
26.3989,68,0.36181640625,63,1.423828125,62,0.8037109375,61,1.1044921875
26.4157,68,0.36181640625,63,0.97705078125,62,0.76123046875,61,1.1044921875
26.4261,63,0.91552734375,63,0.97705078125,62,0.76123046875,62,0.64501953125
26.4369,60,1.2822265625,63,1.0087890625,63,0.59326171875,62,0.75244140625
26.4465,60,1.2822265625,63,1.0087890625,66,0.2222900390625,62,0.75244140625
26.4550,60,1.2822265625,64,0.783203125,66,0.2222900390625,62,0.75244140625
26.4688,64,0.5927734375,61,1.4248046875,62,0.8125,62,0.88232421875
26.4819,61,1.3955078125,61,1.4248046875,62,0.8125,61,0.90283203125
26.4880,61,1.3955078125,62,0.9033203125,61,0.677734375,61,0.90283203125
26.5014,61,1.1708984375,62,0.9033203125,61,0.677734375,63,0.619140625
26.5079,61,1.1708984375,64,0.64208984375,64,0.294677734375,63,0.619140625
26.5196,62,0.8515625,64,0.64208984375,64,0.294677734375,62,0.77001953125
26.5279,62,0.8515625,64,0.64208984375,64,0.5712890625,62,0.77001953125
26.5397,62,0.8515625,63,0.95458984375,64,0.5712890625,62,0.77001953125
26.5467,65,0.83642578125,63,0.95458984375,64,0.5712890625,63,0.69091796875
26.5545,65,0.83642578125,62,0.978515625,62,0.61083984375,63,0.69091796875
26.5656,64,1.056640625,62,0.978515625,62,0.61083984375,61,1.01171875
26.5789,64,1.056640625,64,0.615234375,65,0.11383056640625,61,1.01171875
26.5853,60,1.2548828125,64,0.615234375,65,0.11383056640625,63,0.52392578125
26.5971,60,1.2548828125,61,1.005859375,64,0.5078125,63,0.52392578125
26.6046,63,0.97265625,61,1.005859375,61,0.87353515625,61,0.896484375
26.6170,63,0.97265625,61,1.0244140625,61,0.87353515625,61,0.896484375
26.6244,61,1.25,61,1.0244140625,60,0.78369140625,61,0.826171875
26.6346,61,1.25,62,1.1494140625,60,0.78369140625,61,0.826171875
26.6464,61,1.2119140625,62,1.1494140625,60,0.78369140625,62,0.88671875
26.6541,61,1.2119140625,64,0.325439453125,63,0.32470703125,62,0.88671875
26.6661,63,0.7294921875,64,0.325439453125,63,0.32470703125,62,0.52734375
26.6749,63,0.7294921875,63,0.80615234375,62,0.74951171875,62,0.52734375
26.6865,65,0.91748046875,63,0.80615234375,62,0.74951171875,62,0.81982421875
26.6950,65,0.91748046875,62,1.1396484375,61,0.7197265625,62,0.81982421875
26.7054,61,1.515625,62,1.1396484375,61,0.7197265625,61,1.0
26.7153,61,1.515625,64,0.62255859375,66,0.1959228515625,61,1.0
26.7275,61,1.087890625,64,0.62255859375,66,0.1959228515625,63,0.73046875
26.7347,61,1.087890625,64,0.62255859375,62,0.62451171875,63,0.73046875
26.7486,61,0.9599609375,62,1.5146484375,62,0.62451171875,61,1.0126953125
26.7578,61,0.9599609375,61,1.21484375,61,0.77734375,61,1.0126953125
26.7662,61,1.0576171875,61,1.21484375,61,0.77734375,62,0.61474609375
26.7753,61,1.0576171875,64,0.269287109375,63,0.4765625,62,0.61474609375
26.7859,60,1.068359375,64,0.269287109375,63,0.4765625,62,0.61474609375
26.7965,60,1.068359375,64,0.269287109375,61,0.77099609375,62,0.65625
26.8072,65,0.84423828125,63,1.298828125,61,0.77099609375,62,0.8779296875
26.8157,65,0.84423828125,62,0.8857421875,62,0.90185546875,62,0.8779296875
26.8264,63,0.890625,62,0.8857421875,62,0.90185546875,62,0.77978515625
26.8353,63,0.890625,63,1.2734375,63,0.55859375,62,0.77978515625
26.8473,63,1.1201171875,63,1.2734375,63,0.55859375,61,1.1005859375
26.8556,63,1.1201171875,63,1.2734375,66,0.46142578125,61,1.1005859375
26.8666,62,1.0888671875,63,0.6396484375,66,0.46142578125,61,1.1005859375
26.8809,62,1.0888671875,63,0.6396484375,62,0.8271484375,62,0.72021484375
26.8869,61,1.501953125,61,1.140625,62,0.8271484375,62,0.72021484375
26.8989,61,1.501953125,61,1.140625,60,0.970703125,60,1.064453125
26.9053,61,1.501953125,62,0.84765625,60,0.970703125,60,1.064453125
26.9161,61,0.95458984375,62,0.84765625,63,0.375,63,0.55859375
26.9290,61,0.95458984375,64,0.74951171875,63,0.375,63,0.55859375
26.9342,62,1.046875,64,0.74951171875,63,0.375,62,0.91650390625
26.9462,67,0.49169921875,63,1.166015625,63,0.61474609375,62,0.91650390625
26.9539,67,0.49169921875,63,1.166015625,62,0.76416015625,62,1.0
26.9660,62,1.2822265625,63,1.044921875,62,0.76416015625,62,1.0
26.9756,62,1.2822265625,63,1.044921875,65,0.383544921875,62,0.91943359375
26.9864,62,1.2822265625,65,0.90283203125,65,0.383544921875,62,0.91943359375
26.9959,62,0.8916015625,65,0.90283203125,64,0.63525390625,63,0.537109375
27.0079,62,0.8916015625,61,1.1630859375,64,0.63525390625,63,0.537109375
27.0189,62,1.376953125,61,1.1630859375,62,0.79345703125,61,1.14453125
27.0276,62,1.376953125,62,0.9931640625,62,0.79345703125,61,1.14453125
27.0452,61,1.0380859375,64,0.67626953125,59,0.6455078125,61,0.74462890625
27.0524,61,1.3173828125,64,0.67626953125,59,0.6455078125,61,0.74462890625
27.0646,61,1.3173828125,64,0.67626953125,64,0.53369140625,62,0.85498046875
27.0742,65,0.4306640625,63,1.140625,64,0.53369140625,62,0.77392578125
27.0833,65,0.4306640625,63,1.140625,63,0.4775390625,62,0.77392578125
27.0914,63,1.298828125,62,1.095703125,63,0.4775390625,63,0.66357421875
27.1043,63,1.298828125,62,1.095703125,62,0.8935546875,63,0.66357421875
27.1132,62,1.138671875,62,1.2001953125,62,0.8935546875,63,0.66357421875
27.1242,62,1.138671875,65,-1.177734375,65,0.237060546875,60,0.96142578125
27.1335,62,0.87451171875,65,-1.177734375,65,0.237060546875,60,0.96142578125
27.1444,62,0.87451171875,60,0.59130859375,62,1.39453125,64,-0.5595703125
27.1536,59,1.376953125,60,0.59130859375,62,1.39453125,64,-0.5595703125
27.1651,59,1.376953125,41,-1.7802734375,45,2.6640625,57,1.8203125
27.1743,36,6.09375,41,-1.7802734375,45,2.6640625,55,7.6875
27.1846,36,6.09375,41,-1.7802734375,34,7.10546875,55,7.6875
27.1958,36,10.7421875,38,8.8125,34,7.10546875,-4,4.55078125
27.2046,36,10.7421875,38,8.8125,33,11.234375,-4,4.55078125
27.2164,-3,2.486328125,37,11.4765625,33,11.234375,-6,4.265625
27.2243,-3,2.486328125,-6,3.796875,2,5.2421875,-6,4.265625
27.2359,-5,3.92578125,-6,3.796875,2,5.2421875,-6,4.265625
27.2449,-5,3.92578125,0,2.951171875,-6,2.083984375,0,3.080078125
27.2547,0,1.8583984375,0,2.951171875,-6,2.083984375,0,3.080078125
27.2645,0,1.8583984375,0,2.951171875,-1,1.166015625,8,2.17578125
27.2734,0,-0.051544189453125,0,1.14453125,-1,1.166015625,8,2.17578125
27.2854,0,-0.051544189453125,0,1.14453125,7,-0.1402587890625,4,-0.6484375
27.2968,0,0.054351806640625,0,0.89404296875,7,-0.1402587890625,12,0.220703125
27.3077,0,0.054351806640625,0,0.89404296875,10,0.180419921875,12,0.220703125
27.3171,0,0.041595458984375,0,-0.043853759765625,10,0.180419921875,12,0.220703125
27.3255,0,0.041595458984375,0,-0.261474609375,5,-0.0272369384765625,7,-0.185791015625
27.3346,0,-0.11737060546875,0,-0.261474609375,5,-0.0272369384765625,7,-0.185791015625
27.3469,0,-0.11737060546875,0,-0.261474609375,2,-0.04705810546875,2,-0.12744140625
27.3599,0,-0.1766357421875,0,0.246337890625,2,-0.04705810546875,2,-0.12744140625
27.3773,0,-0.1766357421875,0,-0.207763671875,0,-0.0555419921875,1,0.1881103515625
27.3834,0,0.08831787109375,0,-0.257080078125,0,-0.1038818359375,0,-0.1417236328125
27.3959,0,-0.20068359375,0,-0.257080078125,0,-0.1038818359375,0,-0.1417236328125
27.4032,0,-0.20068359375,0,-0.257080078125,0,0.04833984375,0,-0.1602783203125
27.4165,0,-0.20068359375,0,-0.331298828125,0,0.04833984375,0,-0.1602783203125
27.4227,0,0.0753173828125,0,-0.331298828125,0,0.04833984375,-15,0.11181640625
27.4354,0,0.0753173828125,0,0.64306640625,0,-0.04779052734375,-15,0.11181640625
27.4452,0,0.08062744140625,0,0.64306640625,0,-0.04779052734375,0,-0.1114501953125
27.4522,0,0.08062744140625,0,0.1505126953125,-14,-0.07611083984375,0,-0.1114501953125
27.4637,0,0.155517578125,0,0.1505126953125,-14,-0.07611083984375,0,-0.3046875
27.4825,0,-0.03857421875,0,-0.35498046875,-2,0.040771484375,0,-0.228515625
27.4921,0,-0.03857421875,0,0.5908203125,-2,0.040771484375,0,-0.228515625
27.4999,0,0.08953857421875,0,0.5908203125,-2,0.040771484375,0,-0.228515625
27.5081,0,0.08953857421875,0,0.5908203125,-1,-0.05731201171875,0,-0.026214599609375
27.5197,0,0.08953857421875,0,0.880859375,-1,-0.05731201171875,0,-0.026214599609375
27.5400,0,0.0848388671875,0,0.389892578125,0,-0.0693359375,0,-0.1168212890625
27.5481,0,0.07391357421875,0,0.389892578125,0,-0.0693359375,0,0.243408203125
27.5626,0,0.07391357421875,0,0.3193359375,0,-0.0236663818359375,0,0.243408203125
27.5703,0,0.203369140625,0,0.3193359375,0,-0.051788330078125,0,-0.258544921875
27.5824,0,0.203369140625,0,-0.736328125,0,-0.051788330078125,0,-0.258544921875
27.5892,0,-0.1483154296875,0,-0.736328125,0,-0.051788330078125,0,0.16015625
27.6023,0,-0.1483154296875,0,0.267333984375,0,-0.07366943359375,0,0.16015625
27.6102,0,-0.07989501953125,0,0.267333984375,0,0.03521728515625,0,0.0726318359375
27.6230,0,-0.07989501953125,0,0.12249755859375,0,0.03521728515625,0,0.0726318359375
27.6296,0,-0.03875732421875,0,0.12249755859375,0,0.03521728515625,0,-0.2318115234375
27.6458,0,-0.057037353515625,0,0.9248046875,0,-0.02191162109375,0,0.2054443359375
27.6569,0,-0.057037353515625,0,0.2344970703125,0,-0.100341796875,0,0.2054443359375
27.6665,0,0.13671875,0,0.2344970703125,0,-0.100341796875,0,-0.05157470703125
27.6774,0,0.13671875,0,0.67333984375,0,-0.026336669921875,0,-0.05157470703125
27.6859,0,-0.07147216796875,0,0.67333984375,0,-0.026336669921875,0,-0.033172607421875
27.6979,0,-0.07147216796875,0,0.91552734375,0,-0.04364013671875,0,-0.033172607421875
27.7055,0,-0.12115478515625,0,0.91552734375,0,-0.04364013671875,0,-0.033172607421875
27.7184,0,-0.12115478515625,0,0.8046875,0,0.07269287109375,0,0.1895751953125
27.7272,0,-0.092529296875,0,0.8046875,0,0.07269287109375,0,-0.2430419921875
27.7371,0,-0.092529296875,0,-0.9599609375,0,-0.038665771484375,0,-0.2430419921875
27.7467,0,-0.1903076171875,0,-0.9599609375,0,-0.038665771484375,0,-0.275634765625
27.7567,0,-0.1903076171875,0,-0.302490234375,0,-0.06268310546875,0,-0.275634765625
27.7698,0,-0.0181427001953125,0,-0.302490234375,0,-0.06268310546875,0,-0.07659912109375
27.7800,0,-0.0181427001953125,0,0.23583984375,0,-0.043701171875,0,-0.07659912109375
27.7865,0,0.0311737060546875,0,0.23583984375,0,-0.043701171875,0,-0.07659912109375
27.7978,0,0.0311737060546875,0,0.45263671875,0,-0.037567138671875,0,0.1636962890625
27.8067,0,-0.032135009765625,0,0.45263671875,0,-0.037567138671875,0,0.1636962890625
27.8199,0,-0.032135009765625,0,0.2303466796875,0,-0.044586181640625,0,0.1781005859375
27.8253,0,0.10791015625,0,0.2303466796875,0,-0.044586181640625,0,0.2271728515625
27.8382,0,0.10791015625,0,0.2303466796875,0,-0.057098388671875,0,0.2271728515625
27.8472,0,0.07452392578125,0,0.320068359375,0,-0.057098388671875,0,0.2271728515625
27.8568,0,0.07452392578125,0,0.320068359375,0,-0.0175323486328125,0,0.102294921875
27.8672,0,-0.1671142578125,0,-0.042327880859375,0,-0.0175323486328125,0,0.102294921875
27.8773,0,-0.1671142578125,0,-0.042327880859375,0,-0.11578369140625,0,-0.122802734375
27.8877,0,-0.01514434814453125,0,-0.455078125,0,-0.11578369140625,0,-0.122802734375
27.9000,0,-0.01514434814453125,0,-0.455078125,0,-0.04736328125,0,-0.2154541015625
27.9091,0,0.0699462890625,0,0.144287109375,0,-0.04736328125,0,-0.2154541015625
27.9157,0,0.0699462890625,0,0.144287109375,0,0.03448486328125,0,-0.1219482421875
27.9288,0,0.09588623046875,0,0.76611328125,0,0.03448486328125,0,-0.1219482421875
27.9397,0,0.09588623046875,0,0.76611328125,0,-0.050567626953125,0,0.142578125
27.9478,0,0.0726318359375,0,-0.75830078125,0,-0.050567626953125,0,0.142578125
27.9591,0,0.0726318359375,0,-0.75830078125,0,-0.01488494873046875,0,0.2308349609375
27.9686,0,0.0936279296875,0,0.09503173828125,0,-0.01488494873046875,0,0.2308349609375
27.9772,0,0.0936279296875,0,0.09503173828125,0,0.027099609375,0,-0.2587890625
27.9891,0,-0.07952880859375,0,0.673828125,0,0.027099609375,0,-0.2587890625
27.9998,0,-0.07952880859375,0,0.673828125,0,-0.014556884765625,0,-0.255615234375
28.0096,0,0.09039306640625,0,-0.21875,0,-0.014556884765625,0,-0.255615234375
28.0203,0,0.09039306640625,0,-0.21875,0,-0.014556884765625,0,0.1524658203125
28.0291,0,-0.1724853515625,0,0.0099029541015625,0,-0.0526123046875,0,0.1524658203125
28.0387,0,-0.1724853515625,0,0.0099029541015625,0,0.0108489990234375,0,-0.048431396484375
28.0528,0,-0.1724853515625,0,-0.2364501953125,0,0.0108489990234375,0,-0.048431396484375
28.0630,0,-0.269287109375,0,-0.2364501953125,0,0.0304412841796875,0,0.08966064453125
28.0691,0,-0.269287109375,0,-0.56640625,0,0.0304412841796875,0,0.08966064453125
28.0827,0,0.11529541015625,0,-0.56640625,0,0.0304412841796875,0,-0.182861328125
28.0898,0,0.11529541015625,0,0.320556640625,0,-0.0112152099609375,0,-0.182861328125
28.1033,0,-0.1961669921875,0,0.320556640625,0,-0.0112152099609375,0,0.2135009765625
28.1058,0,-0.1961669921875,0,0.75,0,-0.037200927734375,0,0.2135009765625
28.1183,0,-0.2353515625,0,0.75,0,-0.037200927734375,0,0.034332275390625
28.1276,0,-0.2353515625,0,-0.343017578125,0,-0.0679931640625,0,0.034332275390625
28.1387,0,0.1129150390625,0,-0.343017578125,0,-0.0679931640625,0,-0.283203125
28.1492,0,0.1129150390625,0,0.061767578125,0,-0.05865478515625,0,-0.283203125
28.1613,0,-0.1883544921875,0,0.061767578125,0,-0.05865478515625,0,0.0419921875
28.1695,0,-0.1883544921875,0,-0.5546875,0,-0.033966064453125,0,0.0419921875
28.1792,0,-0.3486328125,0,-0.5546875,0,-0.033966064453125,0,-0.2166748046875
28.1872,0,-0.3486328125,0,-0.51416015625,0,0.042144775390625,0,-0.2166748046875
28.1994,0,-0.172607421875,0,-0.51416015625,0,0.042144775390625,0,0.09326171875
28.2107,0,-0.172607421875,0,-0.0946044921875,0,-0.0657958984375,0,0.09326171875
28.2163,0,0.089599609375,0,-0.0946044921875,0,-0.0657958984375,0,-0.1363525390625
28.2329,0,0.089599609375,0,-0.0946044921875,0,-0.08544921875,0,-0.1363525390625
28.2398,0,0.005313873291015625,0,-0.1473388671875,0,-0.08544921875,0,0.1898193359375
28.2506,0,0.005313873291015625,0,-0.1473388671875,0,-0.055816650390625,0,0.1898193359375
28.2619,0,-0.060882568359375,0,-0.0308685302734375,0,-0.055816650390625,0,0.06494140625
28.2688,0,-0.060882568359375,0,-0.0308685302734375,0,0.0936279296875,0,0.06494140625
28.2789,0,-0.1514892578125,0,-0.2020263671875,0,0.0936279296875,0,-0.0928955078125
28.2888,0,-0.1514892578125,0,-0.2020263671875,0,-0.0287017822265625,0,-0.0928955078125
28.2999,0,-0.18701171875,0,-0.1756591796875,0,-0.0287017822265625,0,0.10308837890625
28.3085,0,-0.18701171875,0,-0.1756591796875,0,-0.0167388916015625,0,0.10308837890625
28.3254,0,-0.11651611328125,0,-0.00885009765625,0,-0.10272216796875,0,-0.1005859375
28.3333,0,0.12261962890625,0,0.8369140625,0,-0.10272216796875,0,0.12841796875
28.3470,0,0.12261962890625,0,0.8369140625,0,-0.058197021484375,0,0.12841796875
28.3590,0,-0.059173583984375,0,0.2174072265625,0,-0.058197021484375,0,0.1983642578125
28.3673,0,-0.059173583984375,0,0.2174072265625,0,-0.038482666015625,0,0.1983642578125
28.3787,0,-0.04888916015625,0,-0.80029296875,0,-0.038482666015625,0,0.1983642578125
28.3874,0,-0.04888916015625,0,-0.80029296875,0,-0.03155517578125,0,0.0282135009765625
28.3955,0,-0.2890625,0,0.39013671875,0,-0.03155517578125,0,0.0282135009765625
28.4128,0,-0.2890625,0,0.39013671875,0,-0.023223876953125,0,0.1732177734375
28.4210,0,-0.089111328125,0,-0.362060546875,0,-0.023223876953125,0,-0.072021484375
28.4302,0,-0.089111328125,0,-0.362060546875,0,-0.029632568359375,0,-0.072021484375
28.4403,0,-0.089111328125,0,0.09979248046875,0,-0.029632568359375,0,-0.072021484375
28.4500,0,-0.2509765625,0,0.09979248046875,0,-0.029632568359375,0,-0.126220703125
28.4618,0,-0.2509765625,0,0.60888671875,0,-0.07122802734375,0,-0.126220703125
28.4696,0,-0.0709228515625,0,0.60888671875,0,-0.08502197265625,0,0.142578125
28.4808,0,0.1634521484375,0,0.050537109375,0,-0.08502197265625,0,0.142578125
28.4860,0,0.1634521484375,0,0.050537109375,0,-0.1029052734375,0,0.02880859375
28.5000,0,-0.1279296875,0,-0.319091796875,0,-0.1029052734375,0,0.1890869140625
28.5083,0,-0.1279296875,0,-0.319091796875,0,-0.0100555419921875,0,0.1890869140625
28.5201,0,-0.1279296875,0,-0.1405029296875,0,-0.0100555419921875,0,0.1890869140625
28.5284,0,-0.1727294921875,0,-0.1405029296875,0,-0.0100555419921875,0,0.1702880859375
28.5389,0,-0.1727294921875,0,0.40771484375,0,-0.10504150390625,0,0.1702880859375
28.5469,0,-0.06060791015625,0,0.40771484375,0,-0.0251312255859375,0,-0.17529296875
28.5588,0,-0.06060791015625,0,0.372802734375,0,-0.0251312255859375,0,-0.17529296875
28.5677,0,-0.0133514404296875,0,0.372802734375,0,-0.0251312255859375,0,-0.1982421875
28.5769,0,-0.0133514404296875,0,0.67724609375,0,-0.03948974609375,0,-0.1982421875
28.5869,0,-0.1829833984375,0,0.67724609375,0,-0.03948974609375,0,0.17724609375
28.5984,0,-0.1829833984375,0,0.86572265625,0,-0.01284027099609375,0,0.17724609375
28.6065,0,0.1353759765625,0,0.86572265625,0,-0.01284027099609375,0,0.1866455078125
28.6203,0,0.1353759765625,0,0.84814453125,0,-0.01303863525390625,0,0.1866455078125
28.6308,0,-0.285400390625,0,0.84814453125,0,-0.01303863525390625,0,-0.0887451171875
28.6360,0,-0.285400390625,0,-0.25,0,0.048004150390625,0,-0.0887451171875
28.6484,0,-0.1121826171875,0,-0.25,0,0.048004150390625,0,0.0157470703125
28.6603,0,-0.1121826171875,0,0.30029296875,0,-0.050994873046875,0,0.0157470703125
28.6697,0,0.1995849609375,0,0.30029296875,0,-0.050994873046875,0,-0.2115478515625
28.6820,0,0.1995849609375,0,0.30029296875,0,-0.1112060546875,0,-0.2115478515625
28.6919,0,-0.08551025390625,0,0.0931396484375,0,-0.1112060546875,0,0.1373291015625
28.7008,0,-0.08551025390625,0,0.0931396484375,0,-0.055145263671875,0,0.1373291015625
28.7126,0,-0.050018310546875,0,0.392333984375,0,-0.055145263671875,0,0.06536865234375
28.7245,0,-0.050018310546875,0,0.8984375,0,-0.1075439453125,0,0.06536865234375
28.7310,0,-0.1737060546875,0,0.8984375,0,-0.1075439453125,0,-0.2374267578125
28.7444,0,-0.1737060546875,0,0.8984375,0,-0.0284881591796875,0,-0.2374267578125
28.7520,0,0.072021484375,0,-0.275634765625,0,-0.0284881591796875,0,-0.10015869140625
28.7626,0,0.072021484375,0,-0.275634765625,0,-0.0511474609375,0,-0.10015869140625
28.7702,0,-0.3818359375,0,0.02667236328125,0,-0.0511474609375,0,-0.0306243896484375
28.7813,0,-0.3818359375,0,0.02667236328125,0,-0.056732177734375,0,-0.0306243896484375
28.7905,0,-0.14404296875,0,0.215576171875,0,-0.056732177734375,0,0.208740234375
28.8032,0,-0.14404296875,0,0.215576171875,0,-0.049896240234375,0,0.208740234375
28.8119,0,-0.03973388671875,0,-0.57958984375,0,-0.049896240234375,0,0.2322998046875
28.8213,0,-0.03973388671875,0,-0.57958984375,0,-0.032135009765625,0,0.2322998046875
28.8327,0,0.12255859375,0,-0.2337646484375,0,-0.032135009765625,0,-0.05487060546875
28.8435,0,0.12255859375,0,-0.2337646484375,0,0.030364990234375,0,-0.05487060546875
28.8541,0,0.1739501953125,0,-0.1990966796875,0,0.030364990234375,0,0.197265625
28.8616,0,0.1739501953125,0,-0.1990966796875,0,0.05987548828125,0,0.197265625
28.8733,0,-0.2054443359375,0,0.406005859375,0,0.05987548828125,0,0.1514892578125
28.8856,0,-0.2054443359375,0,0.406005859375,0,-0.0206298828125,0,0.1514892578125
28.8913,0,0.2083740234375,0,0.4912109375,0,-0.0206298828125,0,-0.15380859375
28.9016,0,0.2083740234375,0,0.4912109375,0,-0.0677490234375,0,-0.15380859375
28.9099,0,0.170166015625,0,-0.190673828125,0,-0.0677490234375,0,-0.03607177734375
28.9217,0,0.170166015625,0,-0.190673828125,0,-0.07806396484375,0,-0.03607177734375
28.9311,0,-0.06982421875,0,-0.36767578125,0,-0.07806396484375,0,0.154541015625
28.9443,0,0.1448974609375,0,0.1268310546875,0,-0.08135986328125,0,0.154541015625
28.9576,0,0.1448974609375,0,0.1268310546875,0,-0.0399169921875,0,-0.2318115234375
28.9656,0,0.0738525390625,0,0.10736083984375,0,-0.0399169921875,0,0.2421875
28.9779,0,0.0738525390625,0,0.10736083984375,0,-0.046783447265625,0,0.2421875
28.9868,0,-0.26904296875,0,-0.0748291015625,0,-0.046783447265625,0,0.18212890625
28.9964,0,-0.26904296875,0,-0.0748291015625,0,-0.06695556640625,0,0.18212890625
29.0069,0,-0.26904296875,0,-0.034515380859375,0,-0.06695556640625,0,0.18212890625
29.0194,0,-0.1998291015625,0,-0.034515380859375,0,0.01555633544921875,0,-0.11065673828125
29.0270,0,-0.2734375,0,-0.54345703125,0,0.01555633544921875,0,0.2021484375
29.0409,0,-0.2734375,0,-0.54345703125,0,-0.0307159423828125,0,0.2021484375
29.0475,0,-0.2734375,0,0.2342529296875,0,-0.0307159423828125,0,0.2021484375
29.0556,0,-0.028289794921875,0,0.2342529296875,0,-0.058929443359375,0,-0.0306243896484375
29.0683,0,-0.028289794921875,0,-0.87890625,0,-0.058929443359375,0,-0.0306243896484375
29.0795,0,-0.1905517578125,0,-0.87890625,0,0.0635986328125,0,-0.1387939453125
29.0871,0,-0.1905517578125,0,-0.155029296875,0,0.0635986328125,0,-0.1387939453125
29.1031,0,0.0682373046875,0,-0.155029296875,0,0.0635986328125,0,0.0609130859375
29.1084,0,0.0682373046875,0,-0.28173828125,0,-0.104736328125,0,0.0609130859375
29.1139,0,0.1390380859375,0,-0.28173828125,0,-0.09228515625,0,0.2008056640625
29.1301,0,0.1390380859375,0,-0.46142578125,0,-0.09228515625,0,0.2008056640625
29.1412,0,-0.2152099609375,0,-0.46142578125,0,0.0197601318359375,0,0.2132568359375
29.1504,0,-0.05072021484375,0,-0.1873779296875,0,0.0197601318359375,0,0.09832763671875
29.1610,0,-0.05072021484375,0,-0.1873779296875,0,-0.052886962890625,0,0.09832763671875
29.1718,0,-0.05072021484375,0,-0.0501708984375,0,-0.052886962890625,0,0.09832763671875
29.1811,0,0.05218505859375,0,-0.0501708984375,0,-0.052886962890625,0,-0.11468505859375
29.1912,0,0.05218505859375,0,-0.0501708984375,0,-0.122802734375,0,-0.11468505859375
29.1994,0,-0.054290771484375,0,0.75341796875,0,0.07904052734375,0,0.05999755859375
29.2110,0,-0.054290771484375,0,0.056243896484375,0,0.07904052734375,0,0.05999755859375
29.2210,0,0.1165771484375,0,0.056243896484375,0,0.07904052734375,0,0.0447998046875
29.2290,0,0.1165771484375,0,0.056243896484375,0,-0.005901336669921875,0,0.0447998046875
29.2408,0,0.1204833984375,0,-0.1038818359375,0,-0.005901336669921875,0,0.1514892578125
29.2512,0,0.1204833984375,0,-0.1038818359375,0,-0.10870361328125,0,0.1514892578125
29.2602,0,-0.1683349609375,0,0.401611328125,0,-0.10870361328125,0,0.1492919921875
29.2697,0,-0.1683349609375,0,0.401611328125,0,-0.04571533203125,0,0.1492919921875
29.2824,0,0.06817626953125,0,0.83544921875,0,-0.04571533203125,0,0.1285400390625
29.2894,0,0.06817626953125,0,0.83544921875,0,-0.06402587890625,0,0.1285400390625
29.3012,0,0.047821044921875,0,-0.509765625,0,-0.06402587890625,0,0.1409912109375
29.3096,0,0.047821044921875,0,-0.509765625,0,-0.072509765625,0,0.1409912109375
29.3199,0,0.04644775390625,0,-0.3291015625,0,-0.072509765625,0,0.0113372802734375
29.3300,0,0.04644775390625,0,-0.3291015625,0,-0.0552978515625,0,0.0113372802734375
29.3413,0,0.023223876953125,0,-0.50048828125,0,-0.0552978515625,0,-0.04412841796875
29.3524,0,0.023223876953125,0,-0.50048828125,0,0.039703369140625,0,-0.04412841796875
29.3614,0,0.0758056640625,0,-0.38525390625,0,0.039703369140625,0,-0.109375
29.3716,0,0.0758056640625,0,-0.38525390625,0,-0.0643310546875,0,-0.109375
29.3839,0,0.054412841796875,0,0.230712890625,0,-0.0643310546875,0,0.220703125
29.3905,0,0.054412841796875,0,0.230712890625,0,-0.0450439453125,0,0.220703125
29.4005,0,-0.1514892578125,0,0.1396484375,0,-0.0450439453125,0,0.1337890625
29.4110,0,-0.1514892578125,0,0.1396484375,0,-0.035186767578125,0,0.1337890625
29.4218,0,0.0916748046875,0,-0.391357421875,0,-0.035186767578125,0,0.152099609375
29.4317,0,0.0916748046875,0,-0.391357421875,0,-0.05908203125,0,0.152099609375
29.4428,0,-0.07855224609375,0,0.50146484375,0,-0.05908203125,0,0.2376708984375
29.4579,0,-0.07855224609375,0,0.453125,0,-0.082763671875,0,0.1162109375
29.4697,0,-0.043731689453125,0,0.453125,0,-0.025726318359375,0,0.1162109375
29.4812,0,-0.043731689453125,0,-0.4609375,0,-0.025726318359375,0,0.1162109375
29.4906,0,0.1558837890625,0,-0.4609375,0,-0.04248046875,0,0.21240234375
29.5028,0,0.1558837890625,0,-0.48486328125,0,-0.04248046875,0,0.189453125
29.5103,0,-0.138916015625,0,-0.48486328125,0,-0.01262664794921875,0,0.189453125
29.5219,0,-0.138916015625,0,-0.27685546875,0,-0.01262664794921875,0,0.189453125
29.5314,0,0.022705078125,0,-0.27685546875,0,0.057708740234375,0,0.1910400390625
29.5398,0,0.022705078125,0,-0.354248046875,0,0.057708740234375,0,0.1910400390625
29.5522,0,-0.09698486328125,0,-0.354248046875,0,-0.065673828125,0,0.01593017578125
29.5643,0,0.052398681640625,0,0.89697265625,0,-0.03204345703125,0,-0.0909423828125
29.5748,0,0.05609130859375,0,0.39599609375,0,-0.03204345703125,0,0.18310546875
29.5849,0,0.05609130859375,0,0.39599609375,0,-0.05975341796875,0,0.18310546875
29.5925,0,0.05609130859375,0,-0.2117919921875,0,-0.05975341796875,0,0.18310546875
29.6050,0,0.0565185546875,0,-0.2117919921875,0,-0.05975341796875,0,0.127197265625
29.6165,0,0.0565185546875,0,-0.191650390625,0,-0.0399169921875,0,0.127197265625
29.6241,0,-0.266845703125,0,-0.191650390625,0,0.048248291015625,0,0.07916259765625
29.6363,0,-0.266845703125,0,0.724609375,0,0.048248291015625,0,0.07916259765625
29.6457,0,0.1219482421875,0,0.724609375,0,-0.035125732421875,0,-0.254638671875
29.6571,0,0.1219482421875,0,0.10809326171875,0,-0.035125732421875,0,-0.254638671875
29.6652,0,0.09979248046875,0,0.10809326171875,0,-0.035125732421875,0,-0.0203857421875
29.6781,0,0.09979248046875,0,0.10809326171875,0,-0.032928466796875,0,-0.0203857421875
29.6845,0,-0.1807861328125,0,0.1849365234375,0,-0.0182952880859375,0,0.1292724609375
29.6970,0,-0.1807861328125,0,0.486083984375,0,-0.0182952880859375,0,0.1292724609375
29.7055,0,0.11199951171875,0,0.486083984375,0,-0.0792236328125,0,0.1273193359375
29.7167,0,0.11199951171875,0,0.49560546875,0,-0.0792236328125,0,0.1273193359375
29.7257,0,0.05426025390625,0,0.49560546875,0,-0.0792236328125,0,-0.07177734375
29.7368,0,0.05426025390625,0,0.49560546875,0,-0.032958984375,0,-0.07177734375
29.7484,0,-0.32666015625,0,0.23486328125,0,-0.032958984375,0,-0.222900390625
29.7575,0,-0.32666015625,0,0.23486328125,0,0.005924224853515625,0,-0.222900390625
29.7675,0,-0.1715087890625,0,0.439453125,0,0.005924224853515625,0,-0.1956787109375
29.7782,0,-0.1715087890625,0,0.439453125,0,-0.048797607421875,0,-0.1956787109375
29.7868,0,-0.09991455078125,0,-0.260009765625,0,-0.048797607421875,0,-0.250732421875
29.7983,0,-0.09991455078125,0,-0.260009765625,0,-0.046142578125,0,-0.250732421875
29.8071,0,0.0208587646484375,0,-0.017425537109375,0,-0.046142578125,0,-0.1749267578125
29.8202,0,0.0208587646484375,0,-0.017425537109375,0,-0.0219268798828125,0,-0.1749267578125
29.8276,0,0.0208587646484375,0,-0.11907958984375,0,-0.0219268798828125,0,0.1248779296875
29.8379,0,0.13525390625,0,-0.11907958984375,0,-0.04010009765625,0,0.1248779296875
29.8477,0,0.13525390625,0,-0.7470703125,0,-0.04010009765625,0,0.07952880859375
29.8593,0,0.1373291015625,0,-0.7470703125,0,-0.04229736328125,0,0.07952880859375
29.8672,0,0.1373291015625,0,0.284912109375,0,-0.04229736328125,0,0.25
29.8784,0,0.12091064453125,0,0.284912109375,0,-0.07427978515625,0,0.25
29.8877,0,0.12091064453125,0,-0.28173828125,0,-0.07427978515625,0,0.163818359375
29.8988,0,-0.11260986328125,0,-0.28173828125,0,0.056549072265625,0,0.163818359375
29.9072,0,-0.11260986328125,0,-0.50244140625,0,0.056549072265625,0,-0.25830078125
29.9185,0,0.0328369140625,0,-0.50244140625,0,-0.06573486328125,0,-0.25830078125
29.9264,0,0.0328369140625,0,-0.1114501953125,0,-0.06573486328125,0,0.21240234375
29.9407,0,-0.1988525390625,0,-0.1114501953125,0,-0.07550048828125,0,0.21240234375
29.9502,0,-0.1988525390625,0,-0.1961669921875,0,-0.07550048828125,0,0.21240234375
29.9604,0,0.07928466796875,0,-0.1961669921875,0,0.016357421875,0,0.2315673828125
29.9699,0,0.07928466796875,0,0.368408203125,0,0.016357421875,0,0.2315673828125
29.9815,0,0.034027099609375,0,0.368408203125,0,0.0180206298828125,0,-0.229248046875
29.9891,0,0.034027099609375,0,-0.09149169921875,0,0.0180206298828125,0,0.189697265625
30.0011,0,-0.10797119140625,0,-0.09149169921875,0,-0.11138916015625,0,0.189697265625
30.0100,0,-0.10797119140625,0,-0.419189453125,0,-0.11138916015625,0,0.189697265625
30.0207,0,0.0919189453125,0,-0.419189453125,0,-0.0426025390625,0,-0.26123046875
30.0299,0,0.0919189453125,0,-0.2047119140625,0,-0.0426025390625,0,-0.26123046875
30.0402,0,-0.067626953125,0,-0.2047119140625,0,-0.05126953125,0,0.1944580078125
30.0483,0,-0.067626953125,0,0.73828125,0,-0.05126953125,0,0.1944580078125
30.0597,0,-0.197998046875,0,0.73828125,0,-0.0243682861328125,0,-0.018829345703125
30.0683,0,-0.197998046875,0,-0.0855712890625,0,-0.0243682861328125,0,-0.018829345703125
30.0762,0,0.18310546875,0,-0.0855712890625,0,-0.041168212890625,0,0.2257080078125
30.0891,0,0.18310546875,0,0.186279296875,0,-0.041168212890625,0,0.2257080078125
30.1000,0,-0.06817626953125,0,0.186279296875,0,-0.08984375,0,0.173095703125
30.1114,0,-0.06817626953125,0,-0.264892578125,0,-0.08984375,0,0.173095703125
30.1173,0,0.2216796875,0,-0.264892578125,0,-0.01934814453125,0,-0.2388916015625
30.1290,0,0.2216796875,0,0.56640625,0,-0.01934814453125,0,0.2493896484375
30.1371,0,0.1129150390625,0,0.56640625,0,-0.0565185546875,0,0.2493896484375
30.1503,0,0.1129150390625,0,0.295654296875,0,-0.0565185546875,0,0.2493896484375
30.1606,0,0.147705078125,0,0.295654296875,0,-0.058502197265625,0,0.2313232421875
30.1691,0,0.147705078125,0,0.490478515625,0,-0.058502197265625,0,0.2313232421875
30.1810,0,0.08935546875,0,0.490478515625,0,-0.058502197265625,0,0.144287109375
30.1895,0,0.08935546875,0,0.490478515625,0,-0.042083740234375,0,0.144287109375
30.1973,0,-0.0775146484375,0,-0.0157928466796875,0,-0.10284423828125,0,0.262939453125
30.2110,0,-0.0775146484375,0,0.409912109375,0,-0.10284423828125,0,0.262939453125
30.2208,0,-0.0775146484375,0,0.409912109375,0,-0.10284423828125,0,0.1533203125
30.2297,0,-0.050048828125,0,0.409912109375,0,-0.08245849609375,0,0.1533203125
30.2412,0,-0.050048828125,0,0.050506591796875,0,-0.08245849609375,0,-0.0782470703125
30.2518,0,0.055145263671875,0,0.050506591796875,0,0.07061767578125,0,-0.0782470703125
30.2616,0,0.055145263671875,0,0.11834716796875,0,0.07061767578125,0,0.061065673828125
30.2702,0,-0.2281494140625,0,0.11834716796875,0,-0.07452392578125,0,0.061065673828125
30.2806,0,-0.2281494140625,0,-0.5263671875,0,-0.07452392578125,0,0.1939697265625
30.2910,0,-0.03277587890625,0,-0.5263671875,0,-0.0838623046875,0,0.1939697265625
30.3058,0,0.1611328125,0,0.77734375,0,-0.0662841796875,0,-0.1502685546875
30.3174,0,0.1611328125,0,0.1785888671875,0,-0.0662841796875,0,0.2191162109375
30.3256,0,-0.0694580078125,0,0.1785888671875,0,-0.0139923095703125,0,0.2191162109375
30.3398,0,-0.0694580078125,0,0.73388671875,0,-0.0139923095703125,0,0.112548828125
30.3482,0,-0.2235107421875,0,0.73388671875,0,-0.062408447265625,0,0.112548828125
30.3592,0,-0.2235107421875,0,0.2822265625,0,-0.062408447265625,0,0.112548828125
30.3681,0,-0.0200653076171875,0,0.2822265625,0,-0.06353759765625,0,0.182373046875
30.3791,0,-0.0200653076171875,0,0.352294921875,0,-0.06353759765625,0,-0.1715087890625
30.3883,0,0.1500244140625,0,0.352294921875,0,-0.0479736328125,0,-0.1715087890625
30.4020,0,0.1500244140625,0,0.058990478515625,0,-0.0479736328125,0,0.251953125
30.4073,0,-0.2215576171875,0,0.058990478515625,0,-0.018035888671875,0,0.251953125
30.4199,0,-0.2215576171875,0,-0.269287109375,0,-0.018035888671875,0,0.251953125
30.4285,0,0.11700439453125,0,-0.269287109375,0,-0.05804443359375,0,-0.123291015625
30.4400,0,0.11700439453125,0,0.334228515625,0,-0.05804443359375,0,-0.123291015625
30.4496,0,-0.144287109375,0,0.334228515625,0,-0.07623291015625,0,0.0570068359375
30.4618,0,-0.144287109375,0,0.28564453125,0,-0.07623291015625,0,0.0570068359375
30.4702,0,-0.1756591796875,0,0.28564453125,0,0.0004436969757080078,0,0.07635498046875
30.4816,0,-0.1756591796875,0,-0.472412109375,0,0.0004436969757080078,0,-0.145751953125
30.4898,0,0.1256103515625,0,-0.472412109375,0,0.050079345703125,0,-0.145751953125
30.5087,0,-0.2379150390625,0,-0.09722900390625,0,-0.07830810546875,0,0.183837890625
30.5207,0,-0.2379150390625,0,0.52001953125,0,-0.07830810546875,0,0.183837890625
30.5285,0,-0.181640625,0,0.52001953125,0,0.06329345703125,0,0.2430419921875
30.5465,0,0.0194854736328125,0,1.1494140625,0,0.06329345703125,0,-0.170654296875
30.5518,0,0.0194854736328125,0,1.1494140625,0,0.07763671875,0,-0.170654296875
30.5644,0,0.0194854736328125,0,-0.12054443359375,0,0.07763671875,0,-0.170654296875
30.5829,0,-0.2091064453125,0,-0.12054443359375,0,-0.043914794921875,0,0.056610107421875
30.5899,0,0.07232666015625,0,-0.240478515625,0,-0.043914794921875,0,0.1824951171875
30.6020,0,0.07232666015625,0,-0.240478515625,0,-0.06036376953125,0,0.1824951171875
30.6103,0,0.07232666015625,0,-0.72216796875,0,-0.06036376953125,0,0.1929931640625
30.6271,0,-0.2607421875,0,-0.5712890625,0,-0.06671142578125,0,0.1348876953125
30.6384,0,0.1085205078125,0,-0.5712890625,0,-0.052978515625,0,0.1348876953125
30.6467,0,0.1085205078125,0,-0.33251953125,0,-0.052978515625,0,0.035247802734375
30.6589,0,0.2010498046875,0,-0.33251953125,0,-0.070068359375,0,0.035247802734375
30.6676,0,0.2010498046875,0,-0.39697265625,0,-0.070068359375,0,0.13623046875
30.6786,0,-0.194091796875,0,-0.39697265625,0,-0.04541015625,0,0.13623046875
30.6868,0,-0.194091796875,0,-0.42822265625,0,-0.04541015625,0,0.02734375
30.6990,0,0.1861572265625,0,-0.42822265625,0,-0.01340484619140625,0,0.02734375
30.7067,0,0.1861572265625,0,0.27099609375,0,-0.01340484619140625,0,-0.0494384765625
30.7186,0,0.1846923828125,0,0.27099609375,0,0.036590576171875,0,-0.0494384765625
30.7269,0,0.1846923828125,0,0.23974609375,0,0.036590576171875,0,-0.0494384765625
30.7398,0,-0.2164306640625,0,0.23974609375,0,-0.055755615234375,0,-0.2646484375
30.7477,0,-0.2164306640625,0,-0.1351318359375,0,-0.055755615234375,0,-0.2646484375
30.7587,0,-0.31689453125,0,-0.1351318359375,0,-0.0263519287109375,0,-0.25
30.7667,0,-0.31689453125,0,-0.5751953125,0,-0.0263519287109375,0,-0.06353759765625
30.7781,0,0.2086181640625,0,-0.5751953125,0,-0.00035858154296875,0,-0.06353759765625
30.7867,0,0.2086181640625,0,0.06597900390625,0,-0.00035858154296875,0,-0.2340087890625
30.7978,0,-0.265625,0,0.06597900390625,0,-0.06884765625,0,-0.2340087890625
30.8063,0,-0.265625,0,0.283447265625,0,-0.06884765625,0,-0.2340087890625
30.8194,0,0.038330078125,0,0.283447265625,0,-0.08868408203125,0,0.07916259765625
30.8252,0,0.038330078125,0,-0.30859375,0,-0.08868408203125,0,0.1365966796875
30.8386,0,0.03912353515625,0,-0.30859375,0,-0.04931640625,0,0.1365966796875
30.8466,0,0.03912353515625,0,-0.422607421875,0,-0.04931640625,0,0.1365966796875
30.8550,0,-0.092041015625,0,-0.422607421875,0,-0.054290771484375,0,-0.262451171875
30.8669,0,-0.092041015625,0,0.64013671875,0,-0.054290771484375,0,-0.262451171875
30.8785,0,-0.07061767578125,0,0.64013671875,0,-0.10577392578125,0,0.064208984375
30.8858,0,-0.07061767578125,0,-0.281005859375,0,-0.10577392578125,0,-0.1693115234375
30.9002,0,0.063720703125,0,-0.281005859375,0,0.04034423828125,0,-0.1693115234375
30.9060,0,0.063720703125,0,0.84375,0,0.04034423828125,0,0.176025390625
30.9149,0,0.1883544921875,0,0.84375,0,-0.05633544921875,0,0.176025390625
30.9275,0,0.1883544921875,0,0.034271240234375,0,-0.05633544921875,0,0.2003173828125
30.9376,0,0.0246734619140625,0,0.034271240234375,0,-0.05633544921875,0,0.2003173828125
30.9469,0,0.0246734619140625,0,-0.25927734375,0,-0.054656982421875,0,0.2003173828125
30.9593,0,-0.129150390625,0,-0.25927734375,0,-0.054656982421875,0,-0.01143646240234375
30.9675,0,-0.129150390625,0,-0.25927734375,0,-0.035888671875,0,-0.01143646240234375
30.9749,0,0.1668701171875,0,-0.09027099609375,0,0.08428955078125,0,0.1856689453125
30.9874,0,0.1668701171875,0,0.36181640625,0,0.08428955078125,0,-0.07513427734375
30.9988,0,-0.0482177734375,0,0.36181640625,0,0.08428955078125,0,-0.07513427734375
31.0081,0,-0.0482177734375,0,-0.43896484375,0,-0.059326171875,0,-0.07513427734375
31.0200,0,0.0767822265625,0,-0.43896484375,0,-0.059326171875,0,0.06951904296875
31.0289,0,0.0767822265625,0,0.123046875,0,-0.047637939453125,0,0.06951904296875
31.0386,0,-0.20849609375,0,0.123046875,0,-0.047637939453125,0,0.1383056640625
31.0482,0,-0.20849609375,0,0.123046875,0,-0.0380859375,0,0.1383056640625
31.0622,0,0.10009765625,0,-0.413330078125,0,-0.0380859375,0,0.1322021484375
31.0677,0,0.10009765625,0,-0.413330078125,0,-0.08953857421875,0,0.1322021484375
31.0789,0,0.10009765625,0,0.15380859375,0,-0.08953857421875,0,0.155029296875
31.0872,0,-0.271240234375,0,0.15380859375,0,0.05963134765625,0,0.155029296875
31.0995,0,-0.271240234375,0,0.650390625,0,0.05963134765625,0,0.2281494140625
31.1068,0,0.147705078125,0,0.650390625,0,-0.0401611328125,0,0.2281494140625
31.1190,0,0.2071533203125,0,-0.408447265625,0,-0.0401611328125,0,-0.24072265625
31.1263,0,0.2071533203125,0,-0.408447265625,0,0.08660888671875,0,-0.24072265625
31.1379,0,0.2071533203125,0,0.337158203125,0,0.08660888671875,0,0.10015869140625
31.1479,0,0.10467529296875,0,0.337158203125,0,0.08099365234375,0,0.10015869140625
31.1575,0,0.10467529296875,0,0.4443359375,0,0.08099365234375,0,0.10693359375
31.1664,0,-0.138916015625,0,0.4443359375,0,-0.0592041015625,0,0.10693359375
31.1770,0,-0.138916015625,0,0.280029296875,0,-0.0592041015625,0,0.19091796875
31.1861,0,0.114990234375,0,0.280029296875,0,-0.02679443359375,0,0.19091796875
31.1967,0,0.114990234375,0,-0.27978515625,0,-0.02679443359375,0,0.1309814453125
31.2069,0,0.1502685546875,0,-0.27978515625,0,-0.02032470703125,0,0.1309814453125
31.2153,0,0.1502685546875,0,0.1773681640625,0,-0.02032470703125,0,-0.036376953125
31.2268,0,-0.16357421875,0,0.1773681640625,0,-0.04144287109375,0,-0.036376953125
31.2381,0,-0.16357421875,0,0.54931640625,0,-0.04144287109375,0,0.1527099609375
31.2468,0,0.129638671875,0,0.54931640625,0,0.1011962890625,0,0.1527099609375
31.2584,0,0.129638671875,0,-0.237060546875,0,0.1011962890625,0,0.1527099609375
31.2680,0,0.156982421875,0,-0.237060546875,0,-0.0770263671875,0,0.1063232421875
31.2745,0,0.156982421875,0,-0.57275390625,0,-0.0770263671875,0,0.2587890625
31.2865,0,0.2113037109375,0,-0.57275390625,0,-0.0279083251953125,0,0.2587890625
31.2982,0,0.2113037109375,0,-0.51416015625,0,-0.0279083251953125,0,0.1944580078125
31.3061,0,0.0736083984375,0,-0.51416015625,0,-0.04791259765625,0,0.1944580078125
31.3202,0,0.0736083984375,0,0.01788330078125,0,-0.04791259765625,0,0.1944580078125
31.3261,0,-0.1495361328125,0,0.01788330078125,0,-0.0635986328125,0,-0.1322021484375
31.3340,0,-0.1495361328125,0,-0.385498046875,0,-0.0635986328125,0,-0.1322021484375
31.3492,0,-0.1485595703125,0,-0.385498046875,0,-0.050506591796875,0,-0.050689697265625
31.3600,0,-0.1485595703125,0,0.6484375,0,-0.050506591796875,0,-0.050689697265625
31.3708,0,0.2156982421875,0,0.6484375,0,-0.080322265625,0,-0.2330322265625
31.3821,0,0.2156982421875,0,-0.15380859375,0,-0.080322265625,0,-0.2330322265625
31.3903,0,0.0906982421875,0,-0.15380859375,0,-0.10113525390625,0,-0.03668212890625
31.3993,0,0.0906982421875,0,0.274658203125,0,-0.10113525390625,0,-0.03668212890625
31.4088,0,0.09051513671875,0,0.274658203125,0,-0.10113525390625,0,0.098876953125
31.4204,0,0.09051513671875,0,-0.26171875,0,0.0609130859375,0,0.098876953125
31.4281,0,0.0264129638671875,0,-0.26171875,0,-0.03692626953125,0,-0.246337890625
31.4406,0,0.0264129638671875,0,0.302734375,0,-0.03692626953125,0,-0.246337890625
31.4479,0,0.1077880859375,0,0.302734375,0,-0.06353759765625,0,-0.2509765625
31.4573,0,0.1077880859375,0,0.1717529296875,0,-0.06353759765625,0,-0.2509765625
31.4698,0,0.07354736328125,0,0.1717529296875,0,-0.06353759765625,0,0.049285888671875
31.4820,0,0.07354736328125,0,-0.482421875,0,-0.09783935546875,0,0.049285888671875
31.4902,0,0.07354736328125,0,-0.482421875,0,-0.09783935546875,0,0.2125244140625
31.5024,0,0.1253662109375,0,-0.482421875,0,0.07098388671875,0,0.2125244140625
31.5118,0,-0.2210693359375,0,-0.50439453125,0,0.07098388671875,0,-0.1171875
31.5250,0,-0.2210693359375,0,-0.50439453125,0,-0.0543212890625,0,-0.1171875
31.5308,0,-0.2210693359375,0,0.60009765625,0,-0.0543212890625,0,0.122314453125
31.5549,0,0.05615234375,0,-0.449951171875,0,-0.0196685791015625,0,0.2320556640625
31.5614,0,0.05615234375,0,-0.346435546875,0,-0.0196685791015625,0,0.2320556640625
31.5700,0,0.05615234375,0,-0.346435546875,0,-0.0196685791015625,0,0.1383056640625
31.5814,0,-0.01461029052734375,0,-0.346435546875,0,-0.050537109375,0,0.1383056640625
31.5900,0,-0.01461029052734375,0,-0.2178955078125,0,-0.050537109375,0,-0.264404296875
31.6031,0,-0.29248046875,0,-0.2178955078125,0,0.09564208984375,0,-0.264404296875
31.6096,0,-0.29248046875,0,-0.78125,0,0.09564208984375,0,-0.0849609375
31.6264,0,-0.0477294921875,0,0.74609375,0,-0.055145263671875,0,0.2044677734375
31.6387,0,0.06329345703125,0,0.74609375,0,-0.0159149169921875,0,0.2044677734375
31.6470,0,0.06329345703125,0,0.8603515625,0,-0.0159149169921875,0,0.13525390625
31.6580,0,0.043487548828125,0,0.8603515625,0,-0.0657958984375,0,0.13525390625
31.6659,0,0.043487548828125,0,-0.4404296875,0,-0.0657958984375,0,-0.032562255859375
31.6788,0,-0.2457275390625,0,-0.4404296875,0,-0.0880126953125,0,-0.032562255859375
31.6871,0,-0.2457275390625,0,-0.347900390625,0,-0.0880126953125,0,-0.032562255859375
31.6949,0,-0.1312255859375,0,-0.347900390625,0,-0.03375244140625,0,0.05816650390625
31.7066,0,-0.1312255859375,0,-0.36572265625,0,-0.03375244140625,0,-0.276123046875
31.7188,0,-0.328125,0,-0.36572265625,0,-0.0323486328125,0,-0.276123046875
31.7265,0,-0.328125,0,-0.189208984375,0,-0.0323486328125,0,0.1148681640625
31.7382,0,-0.34814453125,0,-0.189208984375,0,-0.038604736328125,0,0.1148681640625
31.7467,0,-0.34814453125,0,-0.468017578125,0,-0.038604736328125,0,-0.10772705078125
31.7580,0,0.130126953125,0,-0.468017578125,0,-0.07525634765625,0,-0.10772705078125
31.7679,0,0.130126953125,0,0.42333984375,0,-0.07525634765625,0,-0.10772705078125
31.7792,0,-0.328857421875,0,0.42333984375,0,-0.057098388671875,0,-0.297119140625
31.7873,0,-0.328857421875,0,-0.08160400390625,0,-0.057098388671875,0,-0.28515625
31.7999,0,0.09552001953125,0,-0.08160400390625,0,0.08203125,0,-0.28515625
31.8083,0,0.09552001953125,0,-0.51953125,0,0.08203125,0,-0.28515625
31.8162,0,-0.2073974609375,0,-0.51953125,0,-0.03863525390625,0,0.1337890625
31.8278,0,-0.2073974609375,0,-0.66455078125,0,-0.03863525390625,0,0.1337890625
31.8400,0,0.099853515625,0,-0.66455078125,0,-0.05902099609375,0,-0.081298828125
31.8477,0,0.099853515625,0,0.0716552734375,0,-0.05902099609375,0,-0.081298828125
31.8594,0,0.1607666015625,0,0.0716552734375,0,-0.05902099609375,0,-0.11993408203125
31.8682,0,0.1607666015625,0,0.85595703125,0,-0.06597900390625,0,-0.11993408203125
31.8801,0,-0.0186767578125,0,0.85595703125,0,-0.06597900390625,0,-0.2958984375
31.8909,0,-0.0186767578125,0,0.85595703125,0,-0.08123779296875,0,-0.2958984375
31.8999,0,0.06829833984375,0,0.50439453125,0,-0.08123779296875,0,0.1585693359375
31.9075,0,0.06829833984375,0,0.06439208984375,0,-0.040740966796875,0,0.1585693359375
31.9212,0,-0.3349609375,0,0.06439208984375,0,-0.040740966796875,0,-0.115234375
31.9300,0,-0.3349609375,0,0.06439208984375,0,-0.040252685546875,0,-0.115234375
31.9379,0,0.171630859375,0,-0.337646484375,0,-0.040252685546875,0,-0.1630859375
31.9495,0,0.171630859375,0,-0.337646484375,0,-0.040740966796875,0,-0.1630859375
31.9613,0,-0.22265625,0,-0.341796875,0,-0.040740966796875,0,-0.290283203125
31.9714,0,-0.22265625,0,-0.341796875,0,-0.036346435546875,0,-0.290283203125
31.9826,0,-0.22265625,0,-0.64697265625,0,-0.036346435546875,0,0.1754150390625
31.9905,0,0.1470947265625,0,-0.64697265625,0,-0.01468658447265625,0,0.1754150390625
32.0033,0,0.1470947265625,0,0.333740234375,0,-0.01468658447265625,0,-0.1024169921875
32.0110,0,-0.1668701171875,0,0.333740234375,0,0.03387451171875,0,-0.1024169921875
32.0222,0,-0.126708984375,0,0.24560546875,0,0.03387451171875,0,0.0938720703125
32.0308,0,-0.126708984375,0,0.24560546875,0,0.04644775390625,0,0.0938720703125
32.0429,0,-0.126708984375,0,-0.460205078125,0,0.04644775390625,0,-0.09808349609375
32.0607,0,0.1722412109375,0,-0.097900390625,0,-0.041259765625,0,-0.05706787109375
32.0696,0,0.0487060546875,0,-0.097900390625,0,-0.066650390625,0,-0.05706787109375
32.0815,0,0.0487060546875,0,0.303466796875,0,-0.066650390625,0,0.11004638671875
32.0898,0,-0.1419677734375,0,0.303466796875,0,-0.064208984375,0,0.11004638671875
32.1012,0,-0.1419677734375,0,0.740234375,0,-0.064208984375,0,0.141357421875
32.1094,0,0.1458740234375,0,0.740234375,0,-0.08099365234375,0,0.141357421875
32.1216,0,0.1458740234375,0,-0.29443359375,0,-0.08099365234375,0,0.186767578125
32.1299,0,-0.1324462890625,0,-0.29443359375,0,-0.0869140625,0,0.186767578125
32.1411,0,-0.1324462890625,0,0.330810546875,0,-0.0869140625,0,0.2252197265625
32.1496,0,0.12432861328125,0,0.330810546875,0,-0.050811767578125,0,0.2252197265625
32.1616,0,0.12432861328125,0,-0.04962158203125,0,-0.050811767578125,0,-0.11090087890625
32.1708,0,-0.1304931640625,0,-0.04962158203125,0,-0.060272216796875,0,-0.11090087890625
32.1781,0,-0.1304931640625,0,-0.451171875,0,-0.060272216796875,0,-0.04217529296875
32.1897,0,-0.276611328125,0,-0.451171875,0,0.018463134765625,0,-0.04217529296875
32.2010,0,-0.276611328125,0,-0.1566162109375,0,0.018463134765625,0,-0.11297607421875
32.2085,0,0.1512451171875,0,-0.1566162109375,0,-0.06085205078125,0,-0.11297607421875
32.2207,0,0.1512451171875,0,-0.129638671875,0,-0.06085205078125,0,-0.1708984375
32.2290,0,-0.058135986328125,0,-0.129638671875,0,0.03564453125,0,-0.1708984375
32.2381,0,-0.058135986328125,0,-0.301025390625,0,0.03564453125,0,0.11517333984375
32.2485,0,-0.07843017578125,0,-0.301025390625,0,0.036041259765625,0,0.11517333984375
32.2596,0,-0.07843017578125,0,-0.2176513671875,0,0.036041259765625,0,0.169921875
32.2677,0,-0.268310546875,0,-0.2176513671875,0,-0.048065185546875,0,0.169921875
32.2797,0,-0.268310546875,0,0.318359375,0,-0.048065185546875,0,0.169921875
32.2883,0,-0.007476806640625,0,0.318359375,0,-0.048065185546875,0,-0.0791015625
32.2941,0,-0.007476806640625,0,0.78515625,0,-0.044647216796875,0,0.01374053955078125
32.3073,0,-0.1400146484375,0,0.78515625,0,-0.044647216796875,0,0.01374053955078125
32.3203,0,-0.1400146484375,0,0.05084228515625,0,-0.0736083984375,0,0.2005615234375
32.3278,0,-0.1995849609375,0,0.05084228515625,0,-0.050872802734375,0,0.2005615234375
32.3417,0,-0.1995849609375,0,-0.2435302734375,0,-0.050872802734375,0,0.2005615234375
32.3502,0,-0.01092529296875,0,-0.2435302734375,0,-0.050872802734375,0,-0.16845703125
32.3574,0,-0.01092529296875,0,-0.2052001953125,0,-0.064208984375,0,-0.16845703125
32.3709,0,0.07733154296875,0,-0.2052001953125,0,-0.064208984375,0,0.1802978515625
32.3836,0,0.07733154296875,0,0.50537109375,0,-0.095703125,0,0.1802978515625
32.3899,0,-0.1854248046875,0,0.50537109375,0,-0.095703125,0,-0.226318359375
32.4020,0,-0.1854248046875,0,0.50537109375,0,-0.0278778076171875,0,-0.226318359375
32.4101,0,0.1072998046875,0,0.365966796875,0,-0.0278778076171875,0,-0.2081298828125
32.4200,0,0.1072998046875,0,0.438720703125,0,-0.070556640625,0,-0.2081298828125
32.4271,0,0.1072998046875,0,0.438720703125,0,-0.070556640625,0,-0.1700439453125
32.4397,0,-0.05389404296875,0,-0.4033203125,0,-0.025238037109375,0,-0.1700439453125
32.4495,0,-0.05389404296875,0,-0.4033203125,0,-0.025238037109375,0,0.2052001953125
32.4582,0,-0.03009033203125,0,-0.4033203125,0,-0.06109619140625,0,0.2052001953125
32.4672,0,-0.03009033203125,0,-0.08917236328125,0,-0.06109619140625,0,-0.29931640625
32.4815,0,-0.046630859375,0,-0.08917236328125,0,-0.06219482421875,0,-0.29931640625
32.4915,0,-0.046630859375,0,-0.485107421875,0,-0.06219482421875,0,-0.032379150390625
32.5010,0,-0.31103515625,0,0.90771484375,0,-0.068603515625,0,-0.032379150390625
32.5096,0,-0.31103515625,0,0.90771484375,0,-0.068603515625,0,-0.263916015625
32.5237,0,-0.1396484375,0,0.90771484375,0,-0.0699462890625,0,-0.263916015625
32.5292,0,-0.16064453125,0,0.14453125,0,-0.0699462890625,0,-0.1624755859375
32.5405,0,-0.16064453125,0,0.14453125,0,-0.0423583984375,0,-0.1624755859375
32.5493,0,-0.16064453125,0,0.4208984375,0,-0.0423583984375,0,0.2049560546875
32.5599,0,0.0259552001953125,0,0.4208984375,0,0.052764892578125,0,0.2049560546875
32.5703,0,-0.2359619140625,0,0.4775390625,0,0.052764892578125,0,-0.276611328125
32.5805,0,-0.2359619140625,0,0.4775390625,0,-0.05059814453125,0,-0.276611328125
32.5895,0,-0.2359619140625,0,0.61572265625,0,-0.05059814453125,0,0.14111328125
32.6022,0,-0.1845703125,0,0.61572265625,0,-0.04412841796875,0,0.14111328125
32.6103,0,-0.1845703125,0,-0.0701904296875,0,-0.04412841796875,0,0.2081298828125
32.6212,0,0.11907958984375,0,-0.0701904296875,0,-0.046875,0,0.2081298828125
32.6295,0,0.11907958984375,0,-0.180908203125,0,-0.046875,0,0.181884765625
32.6412,0,-0.1881103515625,0,-0.180908203125,0,-0.040313720703125,0,0.181884765625
32.6500,0,-0.1881103515625,0,0.12939453125,0,-0.040313720703125,0,0.161865234375
32.6606,0,0.07110595703125,0,0.12939453125,0,-0.058013916015625,0,0.161865234375
32.6690,0,0.07110595703125,0,0.09466552734375,0,-0.058013916015625,0,0.161865234375
32.6813,0,-0.187255859375,0,0.09466552734375,0,-0.07464599609375,0,0.1319580078125
32.6893,0,-0.187255859375,0,0.313720703125,0,-0.07464599609375,0,0.0662841796875
32.7005,0,0.033050537109375,0,0.313720703125,0,-0.038421630859375,0,0.0662841796875
32.7087,0,0.033050537109375,0,0.21923828125,0,-0.038421630859375,0,-0.2138671875
32.7213,0,0.08001708984375,0,0.21923828125,0,-0.06402587890625,0,-0.2138671875
32.7274,0,0.08001708984375,0,-0.376220703125,0,-0.06402587890625,0,-0.2138671875
32.7388,0,0.1563720703125,0,-0.376220703125,0,-0.07049560546875,0,0.1656494140625
32.7477,0,0.1563720703125,0,-0.1190185546875,0,-0.07049560546875,0,0.1656494140625
32.7592,0,0.1627197265625,0,-0.1190185546875,0,-0.07244873046875,0,0.0760498046875
32.7706,0,0.1627197265625,0,-0.4833984375,0,-0.07244873046875,0,0.0760498046875
32.7811,0,0.1689453125,0,-0.4833984375,0,-0.030029296875,0,-0.039093017578125
32.7876,0,0.1689453125,0,0.80224609375,0,-0.030029296875,0,-0.039093017578125
32.7977,0,-0.08099365234375,0,0.80224609375,0,-0.054962158203125,0,-0.0148773193359375
32.8068,0,-0.08099365234375,0,0.6279296875,0,-0.054962158203125,0,-0.0148773193359375
32.8208,0,0.1292724609375,0,0.6279296875,0,-0.054962158203125,0,0.1546630859375
32.8295,0,0.1292724609375,0,0.6279296875,0,0.01166534423828125,0,0.1546630859375
32.8414,0,-0.1661376953125,0,-0.16845703125,0,-0.03155517578125,0,-0.05419921875
32.8525,0,-0.1661376953125,0,-0.51318359375,0,-0.03155517578125,0,-0.05419921875
32.8613,0,-0.267578125,0,-0.51318359375,0,-0.03155517578125,0,0.0966796875
32.8692,0,-0.267578125,0,-0.462646484375,0,-0.045501708984375,0,0.0966796875
32.8829,0,-0.0828857421875,0,-0.462646484375,0,-0.045501708984375,0,-0.1358642578125
32.8895,0,-0.0828857421875,0,-0.462646484375,0,-0.03875732421875,0,-0.1358642578125
32.8980,0,0.10565185546875,0,-0.426513671875,0,-0.03875732421875,0,0.050384521484375
32.9108,0,0.10565185546875,0,-0.426513671875,0,-0.032196044921875,0,0.050384521484375
32.9223,0,0.10565185546875,0,-0.0924072265625,0,-0.032196044921875,0,0.1939697265625
32.9303,0,0.1390380859375,0,-0.0924072265625,0,-0.02703857421875,0,0.1939697265625
32.9416,0,0.1390380859375,0,0.74853515625,0,-0.02703857421875,0,0.1396484375
32.9503,0,-0.173828125,0,0.74853515625,0,-0.0966796875,0,0.1396484375
32.9613,0,-0.173828125,0,-0.420166015625,0,-0.0966796875,0,0.1864013671875
32.9706,0,0.1533203125,0,-0.420166015625,0,-0.09405517578125,0,0.1864013671875
32.9831,0,0.1533203125,0,0.90185546875,0,-0.09405517578125,0,-0.062744140625
32.9903,0,-0.05224609375,0,0.90185546875,0,-0.04998779296875,0,-0.062744140625
33.0018,0,-0.05224609375,0,0.83642578125,0,-0.04998779296875,0,-0.1878662109375
33.0118,0,-0.364501953125,0,0.83642578125,0,-0.040924072265625,0,-0.1878662109375
33.0228,0,-0.364501953125,0,0.120849609375,0,-0.040924072265625,0,0.257080078125
33.0391,0,-0.28662109375,0,0.76123046875,0,-0.07293701171875,0,0.037322998046875
33.0495,0,0.033233642578125,0,0.76123046875,0,-0.06134033203125,0,0.037322998046875
33.0593,0,0.033233642578125,0,0.4765625,0,-0.06134033203125,0,-0.1661376953125
33.0683,0,-0.284912109375,0,0.4765625,0,0.0210113525390625,0,-0.1661376953125
33.0791,0,-0.284912109375,0,-0.25439453125,0,0.0210113525390625,0,0.1826171875
33.0890,0,0.09912109375,0,-0.25439453125,0,-0.09075927734375,0,0.1826171875
33.0997,0,0.09912109375,0,0.66748046875,0,-0.09075927734375,0,0.08935546875
33.1073,0,-0.10888671875,0,0.66748046875,0,-0.0765380859375,0,0.08935546875
33.1229,0,-0.10888671875,0,-0.25341796875,0,-0.0765380859375,0,0.08935546875
33.1287,0,-0.1678466796875,0,-0.25341796875,0,-0.074951171875,0,-0.1529541015625
33.1365,0,-0.1678466796875,0,0.32861328125,0,-0.074951171875,0,-0.007762908935546875
33.1486,0,0.09674072265625,0,0.32861328125,0,-0.0204925537109375,0,-0.007762908935546875
33.1595,0,0.09674072265625,0,0.763671875,0,-0.0204925537109375,0,0.126708984375
33.1683,0,0.1298828125,0,0.763671875,0,0.02056884765625,0,0.126708984375
33.1832,0,0.1298828125,0,0.26611328125,0,0.02056884765625,0,0.126708984375
33.1895,0,-0.1343994140625,0,0.26611328125,0,0.02056884765625,0,0.195068359375
33.1967,0,-0.1343994140625,0,-0.353515625,0,-0.0172882080078125,0,0.195068359375
33.2092,0,-0.06915283203125,0,-0.353515625,0,-0.04229736328125,0,-0.2066650390625
33.2201,0,-0.06915283203125,0,-0.1893310546875,0,-0.04229736328125,0,-0.254150390625
33.2278,0,-0.0635986328125,0,-0.1893310546875,0,-0.0731201171875,0,-0.254150390625
33.2415,0,-0.0635986328125,0,-0.40283203125,0,-0.0731201171875,0,0.249755859375
33.2491,0,0.1273193359375,0,-0.40283203125,0,-0.0731201171875,0,0.249755859375
33.2569,0,0.1273193359375,0,-0.2095947265625,0,-0.0986328125,0,0.249755859375
33.2690,0,0.05743408203125,0,-0.2095947265625,0,-0.0986328125,0,0.2052001953125
33.2798,0,0.05743408203125,0,-0.2095947265625,0,0.0299530029296875,0,0.2052001953125
33.2891,0,0.1214599609375,0,-0.469970703125,0,-0.05389404296875,0,-0.255126953125
33.3022,0,0.1214599609375,0,-0.1397705078125,0,-0.05389404296875,0,-0.255126953125
33.3089,0,-0.06298828125,0,-0.1397705078125,0,0.0245513916015625,0,-0.1185302734375
33.3174,0,-0.06298828125,0,0.58056640625,0,0.0245513916015625,0,-0.1185302734375
33.3315,0,-0.15185546875,0,0.58056640625,0,0.0245513916015625,0,-0.076416015625
33.3500,0,-0.1392822265625,0,0.0950927734375,0,-0.03790283203125,0,0.08282470703125
33.3598,0,-0.1392822265625,0,0.0950927734375,0,-0.0213165283203125,0,0.08282470703125
33.3738,0,0.075439453125,0,-0.8544921875,0,-0.0213165283203125,0,0.1317138671875
33.3835,0,0.075439453125,0,-0.8544921875,0,-0.04156494140625,0,0.1317138671875
33.3913,0,0.075439453125,0,-0.1025390625,0,-0.04156494140625,0,0.1923828125
33.4010,0,0.162841796875,0,-0.1025390625,0,-0.06915283203125,0,0.1923828125
33.4096,0,0.162841796875,0,-0.32421875,0,-0.06915283203125,0,0.1690673828125
33.4208,0,-0.15966796875,0,-0.32421875,0,-0.06756591796875,0,0.1690673828125
33.4290,0,-0.358154296875,0,-0.81201171875,0,-0.06756591796875,0,0.019256591796875
33.4410,0,-0.358154296875,0,-0.81201171875,0,-0.0238037109375,0,0.019256591796875
33.4499,0,-0.358154296875,0,0.2919921875,0,-0.0238037109375,0,-0.256103515625
33.4607,0,-0.1746826171875,0,0.2919921875,0,0.09869384765625,0,-0.256103515625
33.4700,0,-0.1746826171875,0,-0.71435546875,0,0.09869384765625,0,0.212646484375
33.4807,0,0.1815185546875,0,-0.71435546875,0,-0.09197998046875,0,0.212646484375
33.4909,0,0.1815185546875,0,0.25,0,-0.09197998046875,0,-0.2108154296875
33.5027,0,0.048309326171875,0,0.25,0,-0.05877685546875,0,-0.2108154296875
33.5104,0,0.048309326171875,0,-0.29931640625,0,-0.05877685546875,0,-0.2108154296875
33.5230,0,-0.07952880859375,0,-0.29931640625,0,0.048919677734375,0,0.06695556640625
33.5311,0,-0.07952880859375,0,0.75048828125,0,0.048919677734375,0,0.192626953125
33.5423,0,-0.09710693359375,0,0.75048828125,0,-0.04437255859375,0,0.192626953125
33.5553,0,-0.09710693359375,0,0.135009765625,0,-0.04437255859375,0,0.192626953125
33.5636,0,-0.029327392578125,0,0.135009765625,0,0.031463623046875,0,-0.152099609375
33.5701,0,-0.029327392578125,0,0.11212158203125,0,0.031463623046875,0,-0.152099609375
33.5882,0,0.1578369140625,0,-0.72705078125,0,-0.10931396484375,0,0.07696533203125
33.5990,0,0.1578369140625,0,-0.72705078125,0,-0.0200958251953125,0,0.07696533203125
33.6095,0,0.1578369140625,0,0.4443359375,0,-0.0200958251953125,0,0.2271728515625
33.6198,0,-0.11688232421875,0,0.4443359375,0,-0.039581298828125,0,0.2271728515625
33.6285,0,-0.11688232421875,0,0.904296875,0,-0.039581298828125,0,0.2271728515625
33.6395,0,0.19921875,0,0.904296875,0,-0.10003662109375,0,0.226318359375
33.6489,0,0.19921875,0,-0.310302734375,0,-0.10003662109375,0,0.226318359375
33.6595,0,-0.07720947265625,0,-0.310302734375,0,-0.04669189453125,0,-0.1693115234375
33.6681,0,-0.07720947265625,0,0.188232421875,0,-0.04669189453125,0,-0.1693115234375
33.6752,0,0.05572509765625,0,0.188232421875,0,-0.055511474609375,0,-0.29345703125
33.6918,0,0.05572509765625,0,-0.56103515625,0,-0.055511474609375,0,-0.29345703125
33.6999,0,-0.064208984375,0,-0.56103515625,0,-0.042724609375,0,0.1785888671875
33.7080,0,-0.064208984375,0,-0.07379150390625,0,-0.042724609375,0,0.1785888671875
33.7211,0,0.1356201171875,0,-0.07379150390625,0,0.0653076171875,0,0.2001953125
33.7294,0,0.1356201171875,0,0.5029296875,0,0.0653076171875,0,0.2001953125
33.7397,0,-0.053466796875,0,0.5029296875,0,-0.02508544921875,0,0.253662109375
33.7503,0,-0.053466796875,0,-0.1280517578125,0,-0.02508544921875,0,0.253662109375
33.7627,0,-0.0116119384765625,0,-0.1280517578125,0,-0.11578369140625,0,0.1903076171875
33.7704,0,-0.0116119384765625,0,-0.4482421875,0,-0.11578369140625,0,0.1903076171875
33.7818,0,0.067138671875,0,-0.4482421875,0,-0.11578369140625,0,0.113037109375
33.7900,0,0.067138671875,0,-0.4482421875,0,0.03564453125,0,0.113037109375
33.7968,0,0.053375244140625,0,-0.51904296875,0,0.03564453125,0,0.2357177734375
33.8091,0,0.053375244140625,0,-0.51904296875,0,-0.0260467529296875,0,0.2357177734375
33.8209,0,-0.0511474609375,0,0.1553955078125,0,-0.024688720703125,0,-0.03485107421875
33.8282,0,-0.0511474609375,0,0.210693359375,0,-0.024688720703125,0,-0.03485107421875
33.8415,0,-0.0511474609375,0,0.210693359375,0,-0.024688720703125,0,-0.052032470703125
33.8516,0,0.1390380859375,0,0.6708984375,0,-0.027740478515625,0,-0.052032470703125
33.8720,0,0.09832763671875,0,0.6708984375,0,-0.042999267578125,0,0.1923828125
33.8820,0,0.037994384765625,0,0.53857421875,0,-0.042999267578125,0,-0.0169219970703125
33.8901,0,0.037994384765625,0,0.53857421875,0,0.043853759765625,0,-0.0169219970703125
33.9030,0,0.037994384765625,0,0.143310546875,0,0.043853759765625,0,-0.0823974609375
33.9101,0,0.1456298828125,0,0.143310546875,0,-0.060302734375,0,-0.0823974609375
33.9180,0,0.1456298828125,0,-0.5556640625,0,-0.060302734375,0,0.2125244140625
33.9312,0,0.033477783203125,0,-0.5556640625,0,-0.05364990234375,0,0.2125244140625
33.9422,0,0.033477783203125,0,0.65673828125,0,-0.05364990234375,0,0.1903076171875
33.9526,0,-0.174072265625,0,0.65673828125,0,-0.021575927734375,0,0.1903076171875
33.9617,0,-0.174072265625,0,-0.142578125,0,-0.021575927734375,0,0.1903076171875
33.9704,0,-0.2188720703125,0,-0.142578125,0,-0.034515380859375,0,0.145751953125
33.9787,0,-0.2188720703125,0,-0.2646484375,0,-0.034515380859375,0,-0.1629638671875
33.9920,0,0.05828857421875,0,-0.2646484375,0,0.0306854248046875,0,-0.1629638671875
34.0020,0,0.05828857421875,0,-0.268798828125,0,0.0306854248046875,0,-0.10186767578125
34.0127,0,-0.2105712890625,0,-0.268798828125,0,-0.031280517578125,0,-0.10186767578125
34.0253,0,-0.2105712890625,0,0.283935546875,0,-0.031280517578125,0,-0.10186767578125
34.0313,0,-0.175048828125,0,0.283935546875,0,-0.0350341796875,0,0.2060546875
34.0398,0,-0.175048828125,0,-0.412353515625,0,-0.0350341796875,0,0.1302490234375
34.0527,0,0.06378173828125,0,-0.412353515625,0,-0.08673095703125,0,0.1302490234375
34.0685,0,-0.1600341796875,0,0.396240234375,0,-0.07073974609375,0,0.2008056640625
34.0796,0,-0.1600341796875,0,0.07537841796875,0,-0.07073974609375,0,0.2008056640625
34.0876,0,0.01812744140625,0,0.07537841796875,0,-0.0306549072265625,0,-0.26171875
34.0985,0,0.01812744140625,0,-0.283935546875,0,-0.0306549072265625,0,-0.26171875
34.1072,0,0.1800537109375,0,-0.283935546875,0,-0.0310821533203125,0,-0.1209716796875
34.1194,0,0.1800537109375,0,0.489990234375,0,-0.0310821533203125,0,-0.1209716796875
34.1291,0,0.0069580078125,0,0.489990234375,0,-0.02923583984375,0,0.1639404296875
34.1408,0,0.0069580078125,0,-0.10479736328125,0,-0.02923583984375,0,0.1639404296875
34.1517,0,-0.295654296875,0,-0.10479736328125,0,0.050323486328125,0,0.2039794921875
34.1604,0,-0.295654296875,0,-0.044677734375,0,0.050323486328125,0,0.2039794921875
34.1701,0,-0.0276641845703125,0,-0.044677734375,0,-0.03607177734375,0,0.079345703125
34.1839,0,-0.0276641845703125,0,0.2103271484375,0,-0.03607177734375,0,0.079345703125
34.1905,0,0.1634521484375,0,0.2103271484375,0,-0.0430908203125,0,0.234130859375
34.2005,0,0.1634521484375,0,-0.399658203125,0,-0.0430908203125,0,0.234130859375
34.2104,0,-0.05303955078125,0,-0.399658203125,0,-0.0430908203125,0,-0.0305023193359375
34.2237,0,-0.05303955078125,0,0.1900634765625,0,-0.05230712890625,0,-0.0305023193359375
34.2297,0,-0.1212158203125,0,0.1900634765625,0,-0.05230712890625,0,0.1983642578125
34.2406,0,-0.1212158203125,0,0.79296875,0,-0.036102294921875,0,0.1983642578125
34.2497,0,0.1470947265625,0,0.79296875,0,-0.0219573974609375,0,0.2005615234375
34.2616,0,0.1470947265625,0,0.80908203125,0,-0.0219573974609375,0,0.2005615234375
34.2705,0,0.1700439453125,0,0.80908203125,0,-0.01702880859375,0,0.0258941650390625
34.2819,0,0.1700439453125,0,0.83740234375,0,-0.01702880859375,0,0.0258941650390625
34.2901,0,0.127685546875,0,0.83740234375,0,-0.01702880859375,0,0.0701904296875
34.3012,0,0.127685546875,0,-0.2454833984375,0,-0.04974365234375,0,0.0701904296875
34.3097,0,0.11480712890625,0,-0.2454833984375,0,-0.04974365234375,0,0.2030029296875
34.3244,0,0.11480712890625,0,0.2130126953125,0,-0.044189453125,0,0.2030029296875
34.3290,0,0.11480712890625,0,0.2130126953125,0,-0.044189453125,0,0.08636474609375
34.3438,0,-0.28759765625,0,0.2130126953125,0,-0.05609130859375,0,0.08636474609375
34.3663,0,0.208740234375,0,0.020904541015625,0,-0.07440185546875,0,0.1572265625
34.3787,0,0.2022705078125,0,0.179931640625,0,-0.0447998046875,0,0.1500244140625
34.3871,0,0.2022705078125,0,0.179931640625,0,-0.0447998046875,0,-0.0634765625
34.3947,0,-0.15673828125,0,-0.3359375,0,-0.07659912109375,0,-0.0634765625
34.4071,0,-0.15673828125,0,-0.3359375,0,-0.07659912109375,0,-0.024017333984375
34.4190,0,0.169677734375,0,-0.053741455078125,0,0.060546875,0,-0.024017333984375
34.4263,0,0.169677734375,0,-0.053741455078125,0,0.060546875,0,0.03387451171875
34.4425,0,0.11083984375,0,-0.053741455078125,0,0.055999755859375,0,0.03387451171875
34.4465,0,0.11083984375,0,-0.1400146484375,0,0.055999755859375,0,-0.1473388671875
34.4611,0,-0.284423828125,0,-0.1400146484375,0,0.060516357421875,0,-0.1473388671875
34.4670,0,-0.284423828125,0,0.0550537109375,0,0.060516357421875,0,-0.0733642578125
34.4783,0,0.1580810546875,0,0.0550537109375,0,-0.0120391845703125,0,-0.0733642578125
34.4861,0,0.1580810546875,0,0.061737060546875,0,-0.0120391845703125,0,0.1834716796875
34.4992,0,0.18310546875,0,0.061737060546875,0,-0.12286376953125,0,0.1834716796875
34.5073,0,0.18310546875,0,0.191162109375,0,-0.12286376953125,0,0.1834716796875
34.5203,0,0.07281494140625,0,0.191162109375,0,0.04296875,0,0.1357421875
34.5268,0,0.07281494140625,0,0.183349609375,0,0.04296875,0,0.18603515625
34.5408,0,-0.225341796875,0,0.183349609375,0,0.06988525390625,0,0.18603515625
34.5484,0,-0.225341796875,0,-0.1297607421875,0,0.06988525390625,0,-0.12176513671875
34.5601,0,-0.1019287109375,0,-0.1297607421875,0,-0.09429931640625,0,-0.12176513671875
34.5697,0,-0.1019287109375,0,0.359130859375,0,-0.09429931640625,0,-0.12176513671875
34.5808,0,0.0933837890625,0,0.359130859375,0,-0.05633544921875,0,-0.182861328125
34.5909,0,0.0933837890625,0,0.83251953125,0,-0.05633544921875,0,-0.182861328125
34.6046,0,-0.177978515625,0,0.066650390625,0,-0.07147216796875,0,-0.2724609375
34.6111,0,-0.177978515625,0,0.066650390625,0,-0.07147216796875,0,-0.254638671875
34.6235,0,-0.252197265625,0,0.066650390625,0,-0.095703125,0,-0.254638671875
34.6338,0,-0.252197265625,0,-0.1055908203125,0,-0.095703125,0,-0.06695556640625
34.6433,0,-0.14404296875,0,-0.1055908203125,0,0.047027587890625,0,-0.06695556640625
34.6520,0,-0.14404296875,0,-0.37451171875,0,0.047027587890625,0,-0.27099609375
34.6640,0,0.1719970703125,0,-0.37451171875,0,-0.11224365234375,0,-0.27099609375
34.6733,0,0.1719970703125,0,-0.07550048828125,0,-0.11224365234375,0,-0.1907958984375
34.6919,0,-0.09722900390625,0,-0.6923828125,0,-0.0347900390625,0,0.1983642578125
34.7079,0,0.09552001953125,0,-0.6923828125,0,-0.04351806640625,0,0.1983642578125
34.7125,0,0.09552001953125,0,-0.8955078125,0,-0.04351806640625,0,0.052886962890625
34.7240,0,-0.0294189453125,0,-0.8955078125,0,-0.06561279296875,0,0.052886962890625
34.7311,0,-0.0294189453125,0,-0.12335205078125,0,-0.06561279296875,0,0.01494598388671875
34.7443,0,0.018524169921875,0,-0.12335205078125,0,-0.045257568359375,0,0.01494598388671875
34.7524,0,0.018524169921875,0,0.75634765625,0,-0.045257568359375,0,0.01494598388671875
34.7619,0,0.045501708984375,0,0.75634765625,0,-0.0391845703125,0,0.1256103515625
34.7721,0,0.045501708984375,0,0.095458984375,0,-0.0391845703125,0,0.1256103515625
34.7840,0,-0.32666015625,0,0.095458984375,0,-0.0731201171875,0,0.09979248046875
34.7919,0,-0.32666015625,0,0.52490234375,0,-0.0731201171875,0,0.09979248046875
34.8024,0,0.135009765625,0,0.52490234375,0,-0.038818359375,0,0.1572265625
34.8119,0,0.135009765625,0,0.06658935546875,0,-0.038818359375,0,0.1572265625
34.8227,0,0.0772705078125,0,0.06658935546875,0,-0.034027099609375,0,0.1412353515625
34.8292,0,0.0772705078125,0,0.46142578125,0,-0.034027099609375,0,0.0230865478515625
34.8454,0,0.0948486328125,0,0.46142578125,0,-0.110595703125,0,0.0230865478515625
34.8522,0,0.0948486328125,0,0.1746826171875,0,-0.110595703125,0,0.0230865478515625
34.8649,0,-0.333740234375,0,0.1746826171875,0,-0.0792236328125,0,0.1639404296875
34.8722,0,-0.333740234375,0,0.69091796875,0,-0.0792236328125,0,0.1639404296875
34.8826,0,0.06280517578125,0,0.69091796875,0,-0.0217742919921875,0,0.0144195556640625
34.8927,0,0.06280517578125,0,-0.361572265625,0,-0.0217742919921875,0,0.0144195556640625
34.9022,0,-0.296630859375,0,-0.361572265625,0,0.09619140625,0,0.12139892578125
34.9105,0,-0.296630859375,0,-0.1474609375,0,0.09619140625,0,0.12139892578125
34.9226,0,-0.296630859375,0,-0.1474609375,0,0.09619140625,0,0.040313720703125
34.9300,0,0.0841064453125,0,0.3046875,0,-0.03662109375,0,0.040313720703125
34.9430,0,0.0841064453125,0,0.3046875,0,-0.03662109375,0,0.1859130859375
34.9543,0,-0.154052734375,0,0.2022705078125,0,-0.036102294921875,0,0.1859130859375
34.9626,0,-0.154052734375,0,0.2022705078125,0,-0.036102294921875,0,-0.294189453125
34.9703,0,-0.060516357421875,0,-0.2607421875,0,-0.0572509765625,0,-0.294189453125
34.9827,0,-0.060516357421875,0,-0.2607421875,0,-0.0572509765625,0,-0.273681640625
34.9904,0,0.0830078125,0,0.7392578125,0,0.06878662109375,0,-0.273681640625
35.0018,0,0.0830078125,0,0.7392578125,0,0.06878662109375,0,0.1754150390625
35.0109,0,0.09375,0,0.7392578125,0,0.07611083984375,0,0.1754150390625
35.0248,0,0.09375,0,-0.370361328125,0,0.07611083984375,0,0.2061767578125
35.0303,0,0.0748291015625,0,-0.370361328125,0,-0.06451416015625,0,0.2061767578125
35.0434,0,0.0748291015625,0,-0.0301055908203125,0,-0.06451416015625,0,0.162109375
35.0500,0,-0.0263824462890625,0,-0.0301055908203125,0,-0.0997314453125,0,0.162109375
35.0627,0,0.0595703125,0,-0.25927734375,0,-0.0997314453125,0,0.10943603515625
35.0686,0,0.0595703125,0,0.270751953125,0,-0.0265350341796875,0,0.10943603515625
35.0808,0,0.0595703125,0,0.270751953125,0,-0.0265350341796875,0,0.20166015625
35.0925,0,-0.1641845703125,0,0.447509765625,0,-0.08172607421875,0,0.20166015625
35.1008,0,-0.1641845703125,0,0.447509765625,0,-0.08172607421875,0,0.25537109375
35.1087,0,-0.1640625,0,0.447509765625,0,-0.11126708984375,0,0.25537109375
35.1244,0,-0.1640625,0,-0.2235107421875,0,-0.11126708984375,0,0.0218048095703125
35.1300,0,0.142333984375,0,-0.2235107421875,0,-0.0943603515625,0,0.0218048095703125
35.1419,0,0.142333984375,0,0.66357421875,0,-0.0943603515625,0,-0.2064208984375
35.1478,0,-0.208984375,0,0.66357421875,0,-0.04901123046875,0,-0.2064208984375
35.1591,0,-0.208984375,0,-0.765625,0,-0.04901123046875,0,0.25927734375
35.1702,0,-0.1024169921875,0,-0.765625,0,-0.0623779296875,0,0.25927734375
35.1801,0,-0.1024169921875,0,0.5947265625,0,-0.0623779296875,0,-0.285888671875
35.1902,0,-0.01230621337890625,0,0.5947265625,0,-0.09228515625,0,-0.285888671875
35.1996,0,-0.01230621337890625,0,0.070556640625,0,-0.09228515625,0,0.2481689453125
35.2085,0,0.1292724609375,0,0.070556640625,0,-0.07757568359375,0,0.2481689453125
35.2190,0,0.1292724609375,0,0.094970703125,0,-0.07757568359375,0,0.153076171875
35.2309,0,0.1700439453125,0,0.094970703125,0,-0.07757568359375,0,0.153076171875
35.2421,0,0.1700439453125,0,-0.07049560546875,0,0.05352783203125,0,-0.0533447265625
35.2521,0,-0.1947021484375,0,-0.07049560546875,0,0.05352783203125,0,-0.0533447265625
35.2615,0,-0.1947021484375,0,-0.306884765625,0,-0.07208251953125,0,-0.0533447265625
35.2681,0,-0.1947021484375,0,-0.306884765625,0,-0.07208251953125,0,-0.1014404296875
35.2806,0,-0.025604248046875,0,-0.25,0,-0.06060791015625,0,-0.1014404296875
35.2894,0,-0.25537109375,0,-0.25,0,-0.06060791015625,0,-0.278076171875
35.2996,0,-0.25537109375,0,0.2156982421875,0,-0.04620361328125,0,0.02056884765625
35.3090,0,-0.1732177734375,0,0.2156982421875,0,-0.04620361328125,0,0.02056884765625
35.3232,0,-0.1732177734375,0,-0.068603515625,0,-0.05035400390625,0,0.02056884765625
35.3299,0,0.139892578125,0,-0.068603515625,0,-0.05035400390625,0,0.04974365234375
35.3441,0,0.139892578125,0,-0.7607421875,0,-0.0246124267578125,0,0.04974365234375
35.3559,0,0.139892578125,0,-0.7607421875,0,-0.0246124267578125,0,0.228271484375
35.3666,0,0.0587158203125,0,0.103271484375,0,-0.05963134765625,0,0.228271484375
35.3752,0,0.0587158203125,0,0.103271484375,0,-0.05963134765625,0,0.2120361328125
35.3892,0,0.1644287109375,0,-0.302490234375,0,-0.0479736328125,0,0.2120361328125
35.3936,0,0.052459716796875,0,-0.302490234375,0,-0.0479736328125,0,-0.0966796875
35.4097,0,0.052459716796875,0,0.6982421875,0,0.0645751953125,0,0.037353515625
35.4209,0,0.073486328125,0,0.1533203125,0,-0.08514404296875,0,0.037353515625
35.4296,0,0.073486328125,0,0.1533203125,0,-0.08514404296875,0,-0.01210784912109375
35.4408,0,0.12188720703125,0,0.1533203125,0,-0.0139923095703125,0,-0.01210784912109375
35.4489,0,0.12188720703125,0,-0.1700439453125,0,-0.0139923095703125,0,0.173095703125
35.4601,0,0.09539794921875,0,0.26611328125,0,-0.07330322265625,0,0.173095703125
35.4690,0,0.09539794921875,0,0.26611328125,0,-0.07330322265625,0,0.15380859375
35.4799,0,-0.166748046875,0,-0.7744140625,0,-0.05218505859375,0,0.15380859375
35.4892,0,-0.166748046875,0,-0.7744140625,0,-0.05218505859375,0,-0.271728515625
35.4998,0,0.050689697265625,0,-0.7744140625,0,-0.04144287109375,0,-0.271728515625
35.5092,0,0.050689697265625,0,0.343017578125,0,-0.04144287109375,0,-0.2288818359375
35.5221,0,0.14892578125,0,0.343017578125,0,-0.0248565673828125,0,-0.2288818359375
35.5321,0,0.14892578125,0,0.5048828125,0,-0.0248565673828125,0,-0.1729736328125
35.5415,0,0.0892333984375,0,0.5048828125,0,-0.0703125,0,-0.1729736328125
35.5486,0,0.0892333984375,0,-0.330810546875,0,-0.0703125,0,0.1796875
35.5622,0,-0.07025146484375,0,-0.330810546875,0,-0.05926513671875,0,0.1796875
35.5705,0,-0.07025146484375,0,0.073974609375,0,-0.05926513671875,0,-0.202392578125
35.5812,0,0.03375244140625,0,0.073974609375,0,-0.054718017578125,0,-0.202392578125
35.5900,0,0.03375244140625,0,0.370361328125,0,-0.054718017578125,0,-0.303466796875
35.6011,0,0.050384521484375,0,0.370361328125,0,-0.077392578125,0,-0.303466796875
35.6096,0,0.050384521484375,0,0.316650390625,0,-0.077392578125,0,-0.29541015625
35.6245,0,0.10833740234375,0,-0.389892578125,0,-0.07958984375,0,0.1478271484375
35.6351,0,-0.16259765625,0,-0.389892578125,0,-0.067626953125,0,0.1478271484375
35.6417,0,-0.16259765625,0,-0.388671875,0,-0.067626953125,0,0.1478271484375
35.6583,0,-0.16259765625,0,-0.388671875,0,-0.067626953125,0,-0.1925048828125
35.6615,0,-0.170166015625,0,0.164306640625,0,-0.0538330078125,0,-0.1925048828125
35.6744,0,-0.170166015625,0,0.164306640625,0,-0.0538330078125,0,0.0248260498046875
35.6802,0,-0.1395263671875,0,0.164306640625,0,-0.10235595703125,0,0.0248260498046875
35.6935,0,-0.1395263671875,0,0.36669921875,0,-0.10235595703125,0,0.1529541015625
35.6999,0,-0.206298828125,0,0.36669921875,0,0.094482421875,0,0.1529541015625
35.7125,0,-0.206298828125,0,-0.364990234375,0,0.094482421875,0,0.18115234375
35.7261,0,0.10308837890625,0,-0.364990234375,0,-0.12371826171875,0,0.18115234375
35.7319,0,0.10308837890625,0,-0.310302734375,0,-0.12371826171875,0,0.212890625
35.7423,0,0.0170135498046875,0,-0.310302734375,0,-0.11224365234375,0,0.212890625
35.7502,0,0.0170135498046875,0,-0.72900390625,0,-0.11224365234375,0,0.2325439453125
35.7617,0,0.039337158203125,0,-0.72900390625,0,-0.08013916015625,0,0.2325439453125
35.7753,0,0.039337158203125,0,0.17529296875,0,-0.08013916015625,0,-0.188720703125
35.7840,0,-0.11578369140625,0,0.17529296875,0,-0.08013916015625,0,-0.188720703125
35.7967,0,-0.11578369140625,0,0.5908203125,0,-0.10430908203125,0,0.0677490234375
35.8030,0,0.056854248046875,0,0.5908203125,0,-0.10430908203125,0,0.0677490234375
35.8157,0,0.056854248046875,0,-0.34521484375,0,-0.03533935546875,0,0.022430419921875
35.8227,0,0.1387939453125,0,-0.34521484375,0,-0.112548828125,0,0.022430419921875
35.8309,0,0.1387939453125,0,-0.142333984375,0,-0.112548828125,0,0.08441162109375
35.8440,0,-0.098388671875,0,-0.142333984375,0,0.036376953125,0,0.08441162109375
35.8561,0,-0.098388671875,0,-0.74072265625,0,0.036376953125,0,0.221435546875
35.8640,0,0.052703857421875,0,-0.74072265625,0,0.036376953125,0,0.221435546875
35.8746,0,0.052703857421875,0,-0.24169921875,0,-0.032073974609375,0,0.221435546875
35.8860,0,0.050750732421875,0,-0.24169921875,0,-0.0863037109375,0,0.1873779296875
35.8933,0,0.050750732421875,0,-0.28515625,0,-0.0863037109375,0,0.10784912109375
35.9046,0,0.09332275390625,0,-0.28515625,0,-0.0863037109375,0,0.10784912109375
35.9121,0,0.09332275390625,0,-1.00390625,0,-0.036590576171875,0,-0.275634765625
35.9276,0,0.182861328125,0,-1.00390625,0,-0.036590576171875,0,-0.275634765625
35.9325,0,0.182861328125,0,0.8623046875,0,-0.07489013671875,0,-0.275634765625
35.9455,0,0.182861328125,0,0.8623046875,0,-0.07489013671875,0,-0.037017822265625
35.9552,0,0.046630859375,0,-0.37255859375,0,-0.05364990234375,0,-0.037017822265625
35.9639,0,-0.06634521484375,0,-0.37255859375,0,-0.05364990234375,0,-0.1063232421875
35.9743,0,-0.06634521484375,0,-0.428466796875,0,-0.0726318359375,0,-0.1063232421875
35.9837,0,0.1466064453125,0,-0.428466796875,0,-0.0726318359375,0,0.15234375
35.9952,0,0.1466064453125,0,0.06268310546875,0,-0.06524658203125,0,-0.1920166015625
36.0042,0,0.1953125,0,0.06268310546875,0,-0.06524658203125,0,-0.1920166015625
36.0121,0,0.1953125,0,-0.095703125,0,-0.0579833984375,0,0.177490234375
36.0248,0,0.1246337890625,0,-0.095703125,0,-0.0579833984375,0,0.177490234375
36.0331,0,0.1246337890625,0,0.53759765625,0,-0.043670654296875,0,0.177490234375
36.0469,0,0.1246337890625,0,0.53759765625,0,-0.043670654296875,0,0.10821533203125
36.0558,0,-0.1602783203125,0,0.53759765625,0,-0.033966064453125,0,0.10821533203125
36.0658,0,-0.1602783203125,0,0.358154296875,0,-0.033966064453125,0,0.0521240234375
36.0738,0,0.03240966796875,0,0.358154296875,0,-0.029541015625,0,0.0521240234375
36.0855,0,0.03240966796875,0,-0.12139892578125,0,-0.029541015625,0,-0.230712890625
36.0938,0,0.1552734375,0,0.65380859375,0,0.0860595703125,0,-0.230712890625
36.1063,0,0.1552734375,0,0.65380859375,0,0.0860595703125,0,0.0765380859375
36.1143,0,-0.052276611328125,0,0.65380859375,0,-0.0804443359375,0,0.0765380859375
36.1285,0,-0.052276611328125,0,-0.2386474609375,0,-0.0804443359375,0,-0.131103515625
36.1337,0,0.10150146484375,0,-0.2386474609375,0,-0.059600830078125,0,-0.131103515625
36.1466,0,0.10150146484375,0,0.64990234375,0,-0.059600830078125,0,-0.2445068359375
36.1654,0,0.09197998046875,0,0.345703125,0,0.01561737060546875,0,-0.1905517578125
36.1734,0,0.0848388671875,0,0.345703125,0,-0.08673095703125,0,-0.1905517578125
36.1836,0,0.0848388671875,0,-0.50146484375,0,-0.08673095703125,0,0.22314453125
36.1921,0,-0.142578125,0,-0.50146484375,0,-0.0731201171875,0,0.22314453125
36.2052,0,-0.142578125,0,-0.5361328125,0,-0.0731201171875,0,-0.23779296875
36.2127,0,-0.134033203125,0,-0.5361328125,0,-0.11328125,0,-0.23779296875
36.2243,0,-0.134033203125,0,-0.326171875,0,-0.11328125,0,0.253662109375
36.2349,0,-0.159423828125,0,-0.326171875,0,-0.11328125,0,0.253662109375
36.2426,0,-0.159423828125,0,0.42041015625,0,-0.07147216796875,0,0.22021484375
36.2513,0,-0.0230255126953125,0,0.42041015625,0,-0.07147216796875,0,0.22021484375
36.2623,0,-0.0230255126953125,0,-0.34521484375,0,-0.02532958984375,0,0.1956787109375
36.2698,0,-0.169921875,0,-0.34521484375,0,0.06658935546875,0,0.1956787109375
36.2818,0,-0.169921875,0,-0.224365234375,0,0.06658935546875,0,0.191650390625
36.2906,0,0.0295257568359375,0,-0.224365234375,0,-0.09149169921875,0,0.191650390625
36.3004,0,0.0295257568359375,0,-0.327880859375,0,-0.09149169921875,0,-0.265869140625
36.3109,0,-0.2281494140625,0,-0.327880859375,0,-0.09149169921875,0,-0.265869140625
36.3258,0,-0.2281494140625,0,0.10540771484375,0,-0.07147216796875,0,-0.3017578125
36.3327,0,-0.08660888671875,0,0.10540771484375,0,-0.07147216796875,0,-0.3017578125
36.3458,0,-0.08660888671875,0,0.76806640625,0,0.038055419921875,0,-0.3017578125
36.3573,0,-0.08660888671875,0,0.76806640625,0,0.038055419921875,0,-0.0367431640625
36.3766,0,0.1383056640625,0,-0.362548828125,0,-0.09637451171875,0,-0.023101806640625
36.3908,0,0.094970703125,0,-0.1920166015625,0,-0.0390625,0,-0.1322021484375
36.4061,0,0.113037109375,0,-0.1920166015625,0,-0.1292724609375,0,-0.1322021484375
36.4116,0,0.113037109375,0,0.186767578125,0,-0.1292724609375,0,0.21142578125
36.4232,0,-0.1807861328125,0,0.186767578125,0,-0.08392333984375,0,0.21142578125
36.4330,0,-0.1807861328125,0,-0.361328125,0,-0.08392333984375,0,0.1934814453125
36.4433,0,-0.164306640625,0,-0.361328125,0,-0.07513427734375,0,0.1934814453125
36.4517,0,-0.164306640625,0,-0.73828125,0,-0.07513427734375,0,0.0002856254577636719
36.4642,0,0.1944580078125,0,-0.73828125,0,-0.04705810546875,0,0.0002856254577636719
36.4736,0,0.1944580078125,0,0.5244140625,0,-0.04705810546875,0,-0.299072265625
36.4834,0,-0.049957275390625,0,0.5244140625,0,-0.032867431640625,0,-0.299072265625
36.4944,0,-0.049957275390625,0,-0.3251953125,0,-0.032867431640625,0,-0.1064453125
36.5032,0,-0.11859130859375,0,-0.3251953125,0,-0.06365966796875,0,-0.1064453125
36.5125,0,-0.11859130859375,0,-0.45068359375,0,-0.06365966796875,0,0.053558349609375
36.5255,0,0.122802734375,0,-0.45068359375,0,-0.0350341796875,0,0.053558349609375
36.5328,0,0.122802734375,0,0.1324462890625,0,-0.0350341796875,0,0.199462890625
36.5439,0,0.03997802734375,0,0.1324462890625,0,-0.038360595703125,0,0.199462890625
36.5619,0,0.03997802734375,0,-0.4306640625,0,-0.038360595703125,0,0.144775390625
36.5628,0,0.05291748046875,0,-0.4306640625,0,-0.04852294921875,0,0.144775390625
36.5778,0,0.05291748046875,0,-0.26708984375,0,-0.04852294921875,0,0.206787109375
36.5855,0,-0.335693359375,0,-0.26708984375,0,-0.04852294921875,0,0.206787109375
36.5947,0,-0.335693359375,0,0.2459716796875,0,-0.0958251953125,0,0.2235107421875
36.6130,0,-0.07867431640625,0,-0.28759765625,0,-0.045501708984375,0,0.085205078125
36.6216,0,-0.296875,0,-0.28759765625,0,-0.0301513671875,0,0.085205078125
36.6333,0,-0.296875,0,-0.40869140625,0,-0.0301513671875,0,-0.1851806640625
36.6450,0,-0.131591796875,0,-0.40869140625,0,-0.05743408203125,0,-0.1851806640625
36.6528,0,-0.131591796875,0,-0.4775390625,0,-0.05743408203125,0,0.2587890625
36.6637,0,0.01169586181640625,0,-0.4775390625,0,-0.05743408203125,0,0.2587890625
36.6722,0,0.01169586181640625,0,-0.401611328125,0,0.0135040283203125,0,0.132080078125
36.6848,0,-0.0445556640625,0,-0.401611328125,0,0.0135040283203125,0,0.132080078125
36.6955,0,-0.0445556640625,0,-0.32568359375,0,0.1253662109375,0,0.132080078125
36.7043,0,-0.28076171875,0,-0.32568359375,0,0.1253662109375,0,-0.06329345703125
36.7128,0,-0.28076171875,0,0.045196533203125,0,-0.06512451171875,0,-0.024810791015625
36.7255,0,0.2476806640625,0,0.045196533203125,0,-0.06512451171875,0,-0.024810791015625
36.7321,0,0.2476806640625,0,0.045196533203125,0,0.0738525390625,0,-0.024810791015625
36.7447,0,0.0523681640625,0,0.319091796875,0,0.0738525390625,0,0.21923828125
36.7518,0,0.0523681640625,0,-0.4150390625,0,-0.04412841796875,0,0.21923828125
36.7639,0,0.1422119140625,0,-0.4150390625,0,-0.04412841796875,0,-0.24951171875
36.7720,0,0.1422119140625,0,-0.04315185546875,0,-0.08526611328125,0,0.1947021484375
36.7813,0,-0.372802734375,0,-0.04315185546875,0,-0.08526611328125,0,0.1947021484375
36.7907,0,-0.372802734375,0,0.6796875,0,-0.0750732421875,0,0.1947021484375
36.8021,0,-0.372802734375,0,0.6796875,0,-0.0750732421875,0,-0.0296173095703125
36.8110,0,0.195068359375,0,0.0758056640625,0,-0.094970703125,0,-0.0296173095703125
36.8232,0,0.195068359375,0,0.0758056640625,0,-0.094970703125,0,0.19775390625
36.8303,0,-0.225830078125,0,-0.83544921875,0,-0.0504150390625,0,0.19775390625
36.8448,0,-0.225830078125,0,-0.83544921875,0,-0.0504150390625,0,-0.0843505859375
36.8520,0,-0.05242919921875,0,-0.83544921875,0,-0.0810546875,0,-0.0843505859375
36.8624,0,-0.05242919921875,0,0.6962890625,0,-0.0810546875,0,0.190185546875
36.8742,0,-0.10595703125,0,0.6962890625,0,-0.07843017578125,0,0.190185546875
36.8884,0,-0.1683349609375,0,0.2359619140625,0,-0.07843017578125,0,-0.10382080078125
36.9050,0,-0.1683349609375,0,0.1387939453125,0,-0.07342529296875,0,-0.0224609375
36.9127,0,-0.127197265625,0,0.1387939453125,0,-0.02374267578125,0,-0.0224609375
36.9250,0,-0.127197265625,0,0.447998046875,0,-0.02374267578125,0,-0.09295654296875
36.9336,0,-0.302734375,0,0.447998046875,0,-0.029632568359375,0,-0.09295654296875
36.9458,0,-0.302734375,0,0.07879638671875,0,-0.029632568359375,0,-0.00963592529296875
36.9540,0,-0.0830078125,0,0.07879638671875,0,0.0034770965576171875,0,-0.00963592529296875
36.9664,0,-0.0830078125,0,-0.1893310546875,0,0.0034770965576171875,0,0.1885986328125
36.9728,0,0.1416015625,0,-0.1893310546875,0,-0.043182373046875,0,0.1885986328125
36.9860,0,0.1416015625,0,0.80517578125,0,-0.043182373046875,0,-0.126953125
36.9941,0,-0.1741943359375,0,0.80517578125,0,-0.020721435546875,0,-0.126953125
37.0072,0,-0.1741943359375,0,-0.289306640625,0,-0.020721435546875,0,0.1873779296875
37.0140,0,-0.300537109375,0,-0.289306640625,0,-0.020721435546875,0,0.1873779296875
37.0270,0,-0.300537109375,0,-0.0960693359375,0,-0.1051025390625,0,-0.260986328125
37.0341,0,-0.2230224609375,0,-0.0960693359375,0,-0.0792236328125,0,-0.260986328125
37.0483,0,-0.2230224609375,0,-0.34521484375,0,-0.0792236328125,0,-0.134521484375
37.0536,0,0.08984375,0,-0.34521484375,0,0.058502197265625,0,-0.134521484375
37.0648,0,0.08984375,0,0.21728515625,0,0.058502197265625,0,-0.134521484375
37.0839,0,-0.0958251953125,0,0.046783447265625,0,-0.0550537109375,0,0.1470947265625
37.0921,0,-0.09912109375,0,0.046783447265625,0,-0.0550537109375,0,-0.1309814453125
37.1054,0,-0.09912109375,0,0.28369140625,0,-0.08941650390625,0,0.10009765625
37.1117,0,-0.2568359375,0,0.28369140625,0,-0.08941650390625,0,0.10009765625
37.1219,0,-0.2568359375,0,-0.11419677734375,0,0.060089111328125,0,0.1212158203125
37.1313,0,-0.2381591796875,0,-0.11419677734375,0,0.060089111328125,0,0.1212158203125
37.1420,0,-0.2381591796875,0,-0.17578125,0,-0.079833984375,0,0.1497802734375
37.1505,0,0.19091796875,0,-0.17578125,0,-0.079833984375,0,0.1497802734375
37.1620,0,0.19091796875,0,-0.426025390625,0,0.07598876953125,0,-0.09649658203125
37.1722,0,0.1517333984375,0,-0.426025390625,0,0.07598876953125,0,-0.09649658203125
37.1813,0,0.1517333984375,0,-0.426025390625,0,0.1103515625,0,-0.09649658203125
37.1931,0,0.1517333984375,0,-0.459228515625,0,0.1103515625,0,0.2298583984375
37.2018,0,0.08868408203125,0,-0.164306640625,0,-0.053558349609375,0,0.2298583984375
37.2105,0,0.1976318359375,0,-0.164306640625,0,-0.053558349609375,0,-0.07855224609375
37.2228,0,0.1976318359375,0,-0.392578125,0,-0.048431396484375,0,-0.07855224609375
37.2320,0,-0.03460693359375,0,-0.392578125,0,-0.048431396484375,0,-0.1903076171875
37.2421,0,-0.03460693359375,0,-0.56982421875,0,-0.031005859375,0,-0.1903076171875
37.2517,0,-0.03460693359375,0,-0.56982421875,0,-0.031005859375,0,-0.2548828125
37.2616,0,0.07379150390625,0,-0.299072265625,0,-0.0892333984375,0,-0.2548828125
37.2726,0,0.07379150390625,0,-0.299072265625,0,-0.0892333984375,0,0.0074462890625
37.2846,0,0.017822265625,0,-0.19140625,0,0.0634765625,0,0.0074462890625
37.2939,0,0.017822265625,0,-0.19140625,0,0.0634765625,0,0.1976318359375
37.3027,0,0.2237548828125,0,-0.19140625,0,-0.0699462890625,0,0.1976318359375
37.3125,0,0.25927734375,0,-0.1688232421875,0,-0.0699462890625,0,-0.2442626953125
37.3255,0,0.25927734375,0,0.24755859375,0,-0.0265350341796875,0,-0.2442626953125
37.3326,0,-0.232421875,0,0.24755859375,0,-0.0265350341796875,0,0.169189453125
37.3480,0,-0.232421875,0,0.24755859375,0,-0.0226593017578125,0,0.169189453125
37.3561,0,-0.232421875,0,0.19873046875,0,-0.0226593017578125,0,-0.05413818359375
37.3700,0,-0.1622314453125,0,-0.1656494140625,0,-0.0888671875,0,0.1561279296875
37.3821,0,-0.2305908203125,0,0.1363525390625,0,-0.024810791015625,0,0.1561279296875
37.3936,0,-0.2305908203125,0,0.1363525390625,0,-0.024810791015625,0,-0.169189453125
37.4029,0,0.09820556640625,0,0.1363525390625,0,0.04498291015625,0,-0.169189453125
37.4132,0,0.09820556640625,0,-0.273681640625,0,0.04498291015625,0,0.23486328125
37.4239,0,0.203369140625,0,-0.273681640625,0,-0.0765380859375,0,0.23486328125
37.4330,0,0.203369140625,0,-0.386962890625,0,-0.0765380859375,0,0.166015625
37.4435,0,-0.1715087890625,0,-0.386962890625,0,-0.07769775390625,0,0.166015625
37.4528,0,-0.1715087890625,0,-0.108154296875,0,-0.07769775390625,0,-0.053955078125
37.4637,0,-0.207275390625,0,-0.108154296875,0,0.041961669921875,0,-0.053955078125
37.4780,0,-0.207275390625,0,-0.431884765625,0,0.041961669921875,0,-0.1983642578125
37.4841,0,0.0499267578125,0,-0.431884765625,0,0.041961669921875,0,-0.1983642578125
37.4945,0,0.0499267578125,0,0.356201171875,0,-0.02069091796875,0,0.09857177734375
37.5039,0,-0.11187744140625,0,0.356201171875,0,-0.02069091796875,0,0.09857177734375
37.5125,0,-0.11187744140625,0,-0.21533203125,0,0.043121337890625,0,0.17626953125
37.5245,0,-0.036163330078125,0,-0.21533203125,0,0.043121337890625,0,0.17626953125
37.5388,0,-0.036163330078125,0,0.2359619140625,0,-0.06951904296875,0,0.1627197265625
37.5469,0,0.143798828125,0,0.2359619140625,0,-0.06951904296875,0,0.1627197265625
37.5527,0,0.143798828125,0,0.63818359375,0,-0.03338623046875,0,0.2169189453125
37.5700,0,-0.1375732421875,0,-0.32666015625,0,-0.08343505859375,0,0.2169189453125
37.5826,0,-0.0257720947265625,0,-0.32666015625,0,-0.08343505859375,0,0.2352294921875
37.5908,0,-0.0257720947265625,0,-0.79443359375,0,-0.06182861328125,0,0.2352294921875
37.6008,0,-0.0279541015625,0,-0.79443359375,0,-0.06182861328125,0,-0.12457275390625
37.6105,0,-0.0279541015625,0,-0.193115234375,0,0.032989501953125,0,-0.12457275390625
37.6203,0,-0.10919189453125,0,-0.193115234375,0,0.032989501953125,0,-0.0022449493408203125
37.6304,0,-0.10919189453125,0,-0.1571044921875,0,0.078125,0,-0.0022449493408203125
37.6438,0,0.0804443359375,0,-0.1571044921875,0,0.078125,0,0.1766357421875
37.6516,0,0.0804443359375,0,0.59814453125,0,-0.061553955078125,0,0.1766357421875
37.6665,0,-0.18896484375,0,0.26220703125,0,-0.0869140625,0,0.1776123046875
37.6706,0,-0.18896484375,0,0.26220703125,0,-0.0869140625,0,0.2230224609375
37.6817,0,0.07073974609375,0,0.26220703125,0,-0.0869140625,0,0.2230224609375
37.6934,0,0.07073974609375,0,-0.1717529296875,0,-0.059600830078125,0,0.2230224609375
37.7021,0,-0.1705322265625,0,-0.1717529296875,0,-0.059600830078125,0,0.18603515625
37.7122,0,-0.1705322265625,0,-0.190185546875,0,-0.054229736328125,0,-0.047515869140625
37.7211,0,0.07269287109375,0,-0.190185546875,0,-0.054229736328125,0,-0.047515869140625
37.7311,0,0.07269287109375,0,0.54638671875,0,-0.040496826171875,0,-0.047515869140625
37.7422,0,-0.1478271484375,0,0.54638671875,0,-0.040496826171875,0,0.06671142578125
37.7506,0,-0.1478271484375,0,-0.31005859375,0,-0.040283203125,0,0.06671142578125
37.7633,0,-0.185791015625,0,-0.31005859375,0,-0.040283203125,0,0.1534423828125
37.7727,0,-0.185791015625,0,0.36669921875,0,0.07562255859375,0,0.1534423828125
37.7823,0,-0.185791015625,0,0.36669921875,0,0.07562255859375,0,-0.061370849609375
37.7931,0,0.1065673828125,0,0.36669921875,0,-0.0310211181640625,0,-0.061370849609375
37.8020,0,0.1065673828125,0,0.285400390625,0,-0.0310211181640625,0,0.05487060546875
37.8102,0,0.1683349609375,0,0.285400390625,0,-0.02972412109375,0,0.05487060546875
37.8253,0,0.1683349609375,0,-0.419921875,0,-0.02972412109375,0,0.257080078125
37.8328,0,-0.1876220703125,0,-0.419921875,0,-0.05694580078125,0,0.257080078125
37.8447,0,-0.1876220703125,0,0.10296630859375,0,-0.05694580078125,0,0.1849365234375
37.8517,0,-0.034759521484375,0,0.10296630859375,0,-0.06744384765625,0,0.1849365234375
37.8645,0,-0.034759521484375,0,-0.1883544921875,0,-0.06744384765625,0,0.1839599609375
37.8714,0,0.0231170654296875,0,-0.1883544921875,0,-0.0272216796875,0,0.1839599609375
37.8841,0,0.0994873046875,0,-0.49755859375,0,-0.0272216796875,0,-0.1087646484375
37.8960,0,0.0994873046875,0,-0.49755859375,0,-0.07855224609375,0,-0.1087646484375
37.9049,0,-0.2197265625,0,-0.60205078125,0,-0.07855224609375,0,-0.2125244140625
37.9148,0,-0.2197265625,0,-0.60205078125,0,-0.09576416015625,0,-0.2125244140625
37.9246,0,-0.2197265625,0,-0.72802734375,0,-0.09576416015625,0,0.189697265625
37.9337,0,-0.040283203125,0,-0.72802734375,0,-0.06768798828125,0,0.189697265625
37.9462,0,-0.040283203125,0,0.06597900390625,0,-0.06768798828125,0,-0.1602783203125
37.9531,0,0.140869140625,0,0.06597900390625,0,-0.0152435302734375,0,-0.1602783203125
37.9665,0,0.140869140625,0,-0.250244140625,0,-0.0152435302734375,0,0.053955078125
37.9754,0,0.11053466796875,0,-0.250244140625,0,-0.0152435302734375,0,0.053955078125
37.9864,0,0.11053466796875,0,0.74365234375,0,-0.06878662109375,0,0.05242919921875
37.9955,0,0.1881103515625,0,0.74365234375,0,-0.058197021484375,0,0.05242919921875
38.0112,0,-0.309814453125,0,0.1207275390625,0,-0.058197021484375,0,0.1741943359375
38.0199,0,-0.309814453125,0,0.383544921875,0,0.055877685546875,0,-0.01551055908203125
38.0299,0,0.09478759765625,0,0.383544921875,0,0.055877685546875,0,-0.01551055908203125
38.0408,0,0.09478759765625,0,-0.1552734375,0,0.023468017578125,0,-0.045074462890625
38.0505,0,-0.0848388671875,0,-0.1552734375,0,0.023468017578125,0,-0.045074462890625
38.0592,0,-0.0848388671875,0,0.350341796875,0,0.1060791015625,0,0.194580078125
38.0702,0,0.09942626953125,0,0.350341796875,0,0.1060791015625,0,0.194580078125
38.0799,0,0.09942626953125,0,-0.0986328125,0,-0.045166015625,0,0.198486328125
38.0899,0,-0.2607421875,0,-0.0986328125,0,-0.045166015625,0,0.198486328125
38.0993,0,-0.2607421875,0,-0.4130859375,0,-0.0400390625,0,0.1512451171875
38.1107,0,0.1920166015625,0,-0.4130859375,0,-0.0400390625,0,0.1512451171875
38.1213,0,0.1920166015625,0,0.8515625,0,-0.077880859375,0,0.1512451171875
38.1291,0,-0.304931640625,0,0.8515625,0,-0.077880859375,0,0.2344970703125
38.1383,0,-0.304931640625,0,0.266845703125,0,-0.0667724609375,0,0.2344970703125
38.1490,0,0.019989013671875,0,0.266845703125,0,-0.0667724609375,0,0.2003173828125
38.1600,0,0.019989013671875,0,-0.494384765625,0,-0.027923583984375,0,0.2269287109375
38.1694,0,-0.26806640625,0,-0.494384765625,0,-0.027923583984375,0,0.2269287109375
38.1808,0,-0.26806640625,0,0.40283203125,0,-0.028106689453125,0,0.146240234375
38.1907,0,0.0296783447265625,0,0.40283203125,0,-0.028106689453125,0,0.146240234375
38.2011,0,0.0296783447265625,0,-0.43408203125,0,-0.028839111328125,0,0.146240234375
38.2116,0,0.058319091796875,0,-0.43408203125,0,-0.028839111328125,0,-0.02655029296875
38.2210,0,0.058319091796875,0,-0.43408203125,0,-0.0301513671875,0,-0.02655029296875
38.2283,0,0.10247802734375,0,0.57421875,0,-0.0301513671875,0,0.2288818359375
38.2416,0,0.10247802734375,0,0.57421875,0,-0.07073974609375,0,0.2288818359375
38.2515,0,-0.034454345703125,0,0.56591796875,0,-0.07073974609375,0,0.0955810546875
38.2630,0,-0.034454345703125,0,0.56591796875,0,-0.0263671875,0,0.0955810546875
38.2697,0,0.10498046875,0,0.3349609375,0,-0.0263671875,0,0.0911865234375
38.2798,0,0.10498046875,0,-0.09710693359375,0,0.078857421875,0,0.0911865234375
38.2902,0,-0.18017578125,0,-0.09710693359375,0,0.078857421875,0,-0.05743408203125
38.3005,0,-0.18017578125,0,0.1881103515625,0,-0.0701904296875,0,-0.05743408203125
38.3098,0,-0.18017578125,0,0.1881103515625,0,-0.0701904296875,0,0.1641845703125
38.3203,0,0.1849365234375,0,0.1881103515625,0,-0.0229949951171875,0,0.1641845703125
38.3285,0,0.09197998046875,0,-0.58984375,0,-0.0229949951171875,0,0.1419677734375
38.3445,0,0.09197998046875,0,-0.36083984375,0,-0.043609619140625,0,0.1419677734375
38.3502,0,0.09197998046875,0,-0.36083984375,0,-0.043609619140625,0,0.19970703125
38.3638,0,-0.16748046875,0,0.5771484375,0,-0.094482421875,0,0.19970703125
38.3708,0,-0.16748046875,0,0.5771484375,0,-0.094482421875,0,0.2008056640625
38.3819,0,-0.1656494140625,0,0.5771484375,0,-0.062469482421875,0,0.2008056640625
38.3942,0,-0.1656494140625,0,-0.043060302734375,0,-0.062469482421875,0,-0.1258544921875
38.4030,0,-0.1678466796875,0,-0.043060302734375,0,-0.062469482421875,0,-0.1258544921875
38.4106,0,-0.1678466796875,0,-0.2196044921875,0,-0.033447265625,0,0.1436767578125
38.4250,0,0.1336669921875,0,-0.2196044921875,0,-0.033447265625,0,0.1436767578125
38.4326,0,0.1336669921875,0,-0.30126953125,0,-0.06878662109375,0,-0.17529296875
38.4415,0,-0.2861328125,0,-0.30126953125,0,-0.05511474609375,0,-0.17529296875
38.4508,0,-0.2861328125,0,-0.34912109375,0,-0.05511474609375,0,0.01361846923828125
38.4610,0,-0.0227203369140625,0,-0.34912109375,0,-0.07232666015625,0,0.01361846923828125
38.4714,0,-0.0227203369140625,0,-0.6748046875,0,-0.07232666015625,0,0.202880859375
38.4848,0,-0.1341552734375,0,-0.6748046875,0,-0.06341552734375,0,0.202880859375
38.4921,0,-0.1341552734375,0,-0.4912109375,0,-0.06341552734375,0,0.104248046875
38.5055,0,0.077392578125,0,-0.4912109375,0,-0.06341552734375,0,0.104248046875
38.5140,0,0.077392578125,0,0.2327880859375,0,0.080810546875,0,0.104248046875
38.5249,0,0.1435546875,0,0.2327880859375,0,0.080810546875,0,0.179443359375
38.5324,0,0.1435546875,0,0.33203125,0,-0.05487060546875,0,0.119873046875
38.5449,0,-0.1048583984375,0,0.33203125,0,-0.05487060546875,0,0.119873046875
38.5541,0,-0.1048583984375,0,-0.2822265625,0,-0.047149658203125,0,0.119873046875
38.5666,0,0.09210205078125,0,-0.2822265625,0,-0.047149658203125,0,-0.0379638671875
38.5830,0,-0.0997314453125,0,-0.419921875,0,0.03155517578125,0,0.2452392578125
38.5926,0,-0.0997314453125,0,0.10467529296875,0,0.0257110595703125,0,0.2452392578125
38.6116,0,-0.2161865234375,0,-0.254638671875,0,-0.053375244140625,0,-0.298583984375
38.6243,0,0.0435791015625,0,-0.254638671875,0,-0.053375244140625,0,-0.298583984375
38.6326,0,0.0435791015625,0,-0.254638671875,0,-0.048370361328125,0,-0.298583984375
38.6450,0,0.035186767578125,0,-0.387939453125,0,-0.048370361328125,0,0.165771484375
38.6516,0,0.035186767578125,0,-0.06640625,0,-0.052337646484375,0,0.165771484375
38.6631,0,0.2437744140625,0,-0.06640625,0,-0.052337646484375,0,-0.056671142578125
38.6711,0,0.2437744140625,0,-0.468017578125,0,0.03717041015625,0,-0.056671142578125
38.6856,0,-0.1590576171875,0,-0.468017578125,0,-0.00994873046875,0,-0.259765625
38.6953,0,-0.1590576171875,0,-0.499267578125,0,-0.00994873046875,0,-0.259765625
38.7050,0,0.1856689453125,0,-0.499267578125,0,-0.00994873046875,0,0.2152099609375
38.7150,0,0.1856689453125,0,-0.499267578125,0,0.0304718017578125,0,0.2152099609375
38.7289,0,0.1722412109375,0,-0.56689453125,0,0.0304718017578125,0,-0.2022705078125
38.7325,0,0.1722412109375,0,-0.56689453125,0,-0.0966796875,0,-0.2022705078125
38.7465,0,0.0288543701171875,0,0.421875,0,-0.0966796875,0,-0.033966064453125
38.7531,0,0.0288543701171875,0,0.421875,0,0.1103515625,0,-0.033966064453125
38.7659,0,0.0780029296875,0,0.73291015625,0,0.1103515625,0,-0.219482421875
38.7752,0,0.0780029296875,0,0.73291015625,0,-0.08935546875,0,-0.219482421875
38.7927,0,0.176025390625,0,0.11383056640625,0,-0.08477783203125,0,-0.142822265625
38.8016,0,0.13134765625,0,-0.279296875,0,-0.08477783203125,0,0.2030029296875
38.8119,0,0.13134765625,0,-0.279296875,0,-0.0787353515625,0,0.2030029296875
38.8209,0,0.13134765625,0,-0.181396484375,0,-0.0787353515625,0,-0.19091796875
38.8319,0,0.12493896484375,0,-0.181396484375,0,-0.0225677490234375,0,-0.19091796875
38.8432,0,0.12493896484375,0,0.404052734375,0,-0.0225677490234375,0,0.22119140625
38.8500,0,0.168701171875,0,0.404052734375,0,0.058258056640625,0,0.22119140625
38.8632,0,0.168701171875,0,0.2027587890625,0,0.058258056640625,0,-0.286376953125
38.8709,0,0.15283203125,0,0.2027587890625,0,-0.0340576171875,0,-0.286376953125
38.8821,0,-0.17822265625,0,-0.48193359375,0,-0.0340576171875,0,-0.193115234375
38.8930,0,-0.17822265625,0,-0.48193359375,0,0.042755126953125,0,-0.193115234375
38.9037,0,-0.17822265625,0,-0.2958984375,0,0.042755126953125,0,0.147216796875
38.9144,0,0.1268310546875,0,-0.2958984375,0,-0.044464111328125,0,0.147216796875
38.9229,0,0.1268310546875,0,-0.3212890625,0,-0.044464111328125,0,0.048858642578125
38.9349,0,-0.154296875,0,-0.3212890625,0,-0.01873779296875,0,0.048858642578125
38.9453,0,-0.154296875,0,0.5400390625,0,-0.01873779296875,0,-0.1546630859375
38.9519,0,-0.14697265625,0,0.5400390625,0,-0.0268707275390625,0,-0.1546630859375
38.9642,0,-0.14697265625,0,0.45751953125,0,-0.0268707275390625,0,0.1729736328125
38.9731,0,0.26708984375,0,0.45751953125,0,0.032989501953125,0,0.1729736328125
38.9839,0,0.26708984375,0,-0.50732421875,0,0.032989501953125,0,0.17333984375
38.9959,0,-0.0210723876953125,0,-0.50732421875,0,-0.091064453125,0,0.17333984375
39.0057,0,-0.0210723876953125,0,-0.53857421875,0,-0.091064453125,0,0.1856689453125
39.0130,0,0.09918212890625,0,-0.53857421875,0,-0.06451416015625,0,0.1856689453125
39.0262,0,0.09918212890625,0,-0.323974609375,0,-0.06451416015625,0,0.1856689453125
39.0357,0,0.21044921875,0,-0.323974609375,0,-0.0242462158203125,0,0.18505859375
39.0464,0,0.21044921875,0,-0.494140625,0,-0.0242462158203125,0,0.18505859375
39.0572,0,0.033599853515625,0,-0.494140625,0,-0.0242462158203125,0,-0.018829345703125
39.0678,0,0.033599853515625,0,-0.79833984375,0,-0.03173828125,0,-0.018829345703125
39.0759,0,-0.19873046875,0,-0.79833984375,0,-0.03173828125,0,0.1927490234375
39.0879,0,-0.19873046875,0,-0.79833984375,0,-0.08111572265625,0,0.1927490234375
39.0965,0,0.10687255859375,0,0.10150146484375,0,-0.08111572265625,0,0.1263427734375
39.1126,0,-0.1829833984375,0,-0.12457275390625,0,-0.03717041015625,0,-0.0352783203125
39.1231,0,-0.1829833984375,0,-0.0196533203125,0,-0.0191650390625,0,-0.0352783203125
39.1306,0,0.1234130859375,0,-0.0196533203125,0,-0.026336669921875,0,0.15478515625
39.1422,0,0.1234130859375,0,-0.419921875,0,-0.026336669921875,0,0.15478515625
39.1528,0,0.03961181640625,0,-0.419921875,0,-0.026336669921875,0,-0.09722900390625
39.1641,0,0.03961181640625,0,-0.057342529296875,0,-0.039764404296875,0,-0.09722900390625
39.1712,0,0.133056640625,0,-0.057342529296875,0,-0.039764404296875,0,-0.13720703125
39.1823,0,0.133056640625,0,-0.3916015625,0,-0.0654296875,0,-0.13720703125
39.1937,0,-0.224853515625,0,-0.3916015625,0,-0.0654296875,0,-0.1182861328125
39.2028,0,-0.224853515625,0,-0.82958984375,0,-0.06036376953125,0,-0.1182861328125
39.2141,0,-0.1873779296875,0,-0.82958984375,0,-0.06036376953125,0,0.04058837890625
39.2241,0,-0.1873779296875,0,-0.4814453125,0,-0.09063720703125,0,0.04058837890625
39.2320,0,-0.2213134765625,0,-0.4814453125,0,-0.09063720703125,0,0.07098388671875
39.2471,0,-0.2213134765625,0,-0.4814453125,0,-0.048858642578125,0,0.07098388671875
39.2517,0,-0.262939453125,0,-0.90087890625,0,-0.048858642578125,0,0.179443359375
39.2651,0,-0.262939453125,0,-0.90087890625,0,-0.005268096923828125,0,0.179443359375
39.2721,0,0.2044677734375,0,-0.1680908203125,0,-0.005268096923828125,0,-0.05548095703125
39.2848,0,0.2044677734375,0,-0.1680908203125,0,-0.037628173828125,0,-0.05548095703125
39.2942,0,-0.3134765625,0,-0.0936279296875,0,-0.037628173828125,0,0.06048583984375
39.3045,0,-0.3134765625,0,-0.0936279296875,0,-0.048553466796875,0,0.06048583984375
39.3132,0,-0.1636962890625,0,0.186279296875,0,-0.048553466796875,0,0.090576171875
39.3260,0,-0.1636962890625,0,0.186279296875,0,-0.0430908203125,0,0.090576171875
39.3311,0,-0.2578125,0,-0.380126953125,0,-0.0430908203125,0,0.1513671875
39.3458,0,-0.2578125,0,-0.380126953125,0,-0.11114501953125,0,0.1513671875
39.3527,0,-0.06658935546875,0,-0.1400146484375,0,-0.11114501953125,0,0.2135009765625
39.3662,0,-0.06658935546875,0,-0.1400146484375,0,-0.0295257568359375,0,0.2135009765625
39.3733,0,0.039459228515625,0,0.399658203125,0,-0.0295257568359375,0,0.2135009765625
39.3859,0,0.039459228515625,0,0.399658203125,0,-0.0345458984375,0,-0.1728515625
39.3942,0,-0.1483154296875,0,-0.342041015625,0,-0.0345458984375,0,-0.1728515625
39.4056,0,-0.1483154296875,0,-0.342041015625,0,-0.0250701904296875,0,-0.2177734375
39.4152,0,-0.1483154296875,0,-0.0306549072265625,0,-0.0250701904296875,0,-0.2177734375
39.4339,0,0.1812744140625,0,-0.153564453125,0,-0.027740478515625,0,0.0126953125
39.4467,0,0.1812744140625,0,-0.153564453125,0,0.026397705078125,0,-0.127197265625
39.4535,0,-0.19775390625,0,-0.060638427734375,0,0.026397705078125,0,-0.127197265625
39.4647,0,-0.19775390625,0,-0.060638427734375,0,-0.047698974609375,0,0.227783203125
39.4751,0,-0.06109619140625,0,-0.484619140625,0,-0.047698974609375,0,0.227783203125
39.4856,0,-0.06109619140625,0,-0.484619140625,0,-0.0282745361328125,0,0.283447265625
39.4942,0,-0.06109619140625,0,-0.349609375,0,-0.0282745361328125,0,0.283447265625
39.5060,0,-0.0212860107421875,0,-0.349609375,0,-0.10528564453125,0,-0.1031494140625
39.5147,0,-0.0212860107421875,0,0.163330078125,0,-0.10528564453125,0,-0.1031494140625
39.5274,0,0.10540771484375,0,0.163330078125,0,-0.10528564453125,0,-0.1832275390625
39.5342,0,0.10540771484375,0,-0.515625,0,-0.07708740234375,0,-0.1832275390625
39.5463,0,-0.142333984375,0,-0.515625,0,0.060302734375,0,0.087646484375
39.5564,0,-0.142333984375,0,-0.27392578125,0,0.060302734375,0,0.087646484375
39.5712,0,-0.288330078125,0,0.2479248046875,0,0.0265960693359375,0,0.0758056640625
39.5851,0,0.1873779296875,0,0.2479248046875,0,0.0265960693359375,0,-0.1700439453125
39.5934,0,0.1873779296875,0,0.2479248046875,0,-0.034423828125,0,-0.1700439453125
39.6064,0,-0.044189453125,0,0.342041015625,0,-0.034423828125,0,0.1263427734375
39.6166,0,-0.044189453125,0,0.342041015625,0,0.043701171875,0,0.1263427734375
39.6272,0,-0.258056640625,0,-0.23876953125,0,0.043701171875,0,0.2425537109375
39.6352,0,-0.258056640625,0,-0.23876953125,0,-0.0926513671875,0,0.2425537109375
39.6465,0,0.11358642578125,0,-0.488037109375,0,-0.0926513671875,0,-0.08062744140625
39.6558,0,0.11358642578125,0,-0.488037109375,0,-0.0174713134765625,0,-0.08062744140625
39.6671,0,0.08062744140625,0,-0.07623291015625,0,-0.0174713134765625,0,-0.234375
39.6769,0,0.08062744140625,0,-0.07623291015625,0,0.13916015625,0,-0.234375
39.6848,0,0.1441650390625,0,0.38037109375,0,0.13916015625,0,-0.234375
39.6964,0,0.1441650390625,0,0.38037109375,0,0.0889892578125,0,0.153076171875
39.7076,0,0.1287841796875,0,-0.465087890625,0,-0.08221435546875,0,-0.142578125
39.7154,0,0.1287841796875,0,-0.12939453125,0,-0.08221435546875,0,-0.142578125
39.7251,0,-0.1719970703125,0,-0.12939453125,0,-0.08221435546875,0,-0.10736083984375
39.7389,0,-0.1719970703125,0,-0.12939453125,0,-0.08587646484375,0,-0.10736083984375
39.7475,0,0.0406494140625,0,-0.57421875,0,-0.08587646484375,0,-0.10736083984375
39.7582,0,0.0406494140625,0,-0.57421875,0,-0.057342529296875,0,-0.12445068359375
39.7656,0,0.1290283203125,0,-0.3955078125,0,-0.057342529296875,0,-0.12445068359375
39.7756,0,0.1290283203125,0,-0.3955078125,0,-0.03961181640625,0,0.162353515625
39.7878,0,-0.119873046875,0,0.1680908203125,0,-0.03961181640625,0,0.162353515625
39.7969,0,-0.119873046875,0,0.1680908203125,0,0.052947998046875,0,-0.033843994140625
39.8122,0,0.17919921875,0,0.53125,0,-0.1031494140625,0,0.1834716796875
39.8227,0,0.17919921875,0,0.20068359375,0,-0.1031494140625,0,0.1834716796875
39.8314,0,-0.056365966796875,0,0.20068359375,0,-0.08477783203125,0,0.18115234375
39.8424,0,-0.056365966796875,0,0.51513671875,0,-0.08477783203125,0,0.18115234375
39.8530,0,0.189697265625,0,0.51513671875,0,-0.11749267578125,0,0.109375
39.8640,0,0.189697265625,0,0.86376953125,0,-0.11749267578125,0,0.109375
39.8714,0,-0.225341796875,0,0.86376953125,0,-0.1044921875,0,-0.26904296875
39.8801,0,-0.225341796875,0,-0.80419921875,0,-0.1044921875,0,-0.26904296875
39.8897,0,0.1722412109375,0,-0.80419921875,0,-0.099853515625,0,0.0367431640625
39.9005,0,0.1722412109375,0,0.125732421875,0,-0.099853515625,0,0.0367431640625
39.9120,0,-0.1221923828125,0,0.125732421875,0,-0.09979248046875,0,0.2666015625
39.9250,0,-0.1221923828125,0,-0.2470703125,0,-0.09979248046875,0,0.2666015625
39.9314,0,-0.042510986328125,0,-0.2470703125,0,-0.11041259765625,0,0.197265625
39.9480,0,-0.042510986328125,0,0.3505859375,0,-0.11041259765625,0,0.197265625
39.9537,0,0.1834716796875,0,0.3505859375,0,-0.11041259765625,0,0.0953369140625
39.9655,0,0.1834716796875,0,0.3505859375,0,-0.1162109375,0,0.0953369140625
39.9723,0,-0.05804443359375,0,-0.422119140625,0,-0.1162109375,0,0.1939697265625
39.9848,0,-0.05804443359375,0,0.84521484375,0,0.019775390625,0,0.1939697265625
39.9972,0,-0.21337890625,0,0.84521484375,0,0.019775390625,0,-0.0382080078125
40.0049,0,-0.21337890625,0,0.84521484375,0,-0.05010986328125,0,-0.0382080078125
40.0144,0,0.138671875,0,-0.1888427734375,0,-0.05010986328125,0,0.27099609375
40.0260,0,0.138671875,0,-0.1888427734375,0,-0.100341796875,0,0.27099609375
40.0326,0,-0.179443359375,0,-0.3486328125,0,-0.100341796875,0,-0.2413330078125
40.0444,0,-0.179443359375,0,-0.3486328125,0,0.027923583984375,0,-0.2413330078125
40.0545,0,0.0927734375,0,0.435791015625,0,0.027923583984375,0,0.2037353515625
40.0679,0,0.0927734375,0,0.435791015625,0,-0.056793212890625,0,0.2037353515625
40.0726,0,0.165771484375,0,0.1959228515625,0,-0.056793212890625,0,0.13427734375
40.0836,0,0.165771484375,0,0.1959228515625,0,-0.0209503173828125,0,0.13427734375
40.0923,0,0.11798095703125,0,-0.404541015625,0,-0.0209503173828125,0,0.13427734375
40.1045,0,0.11798095703125,0,-0.404541015625,0,0.00780487060546875,0,-0.1982421875
40.1131,0,-0.1578369140625,0,0.2105712890625,0,0.00780487060546875,0,-0.1982421875
40.1242,0,-0.1578369140625,0,0.2105712890625,0,-0.048492431640625,0,-0.05230712890625
40.1330,0,0.223876953125,0,-0.28125,0,-0.048492431640625,0,-0.05230712890625
40.1438,0,0.223876953125,0,-0.28125,0,-0.06939697265625,0,0.2015380859375
40.1536,0,0.186767578125,0,-0.6796875,0,-0.06939697265625,0,0.2015380859375
40.1737,0,0.186767578125,0,-0.9501953125,0,-0.0804443359375,0,0.14892578125
40.1833,0,0.18505859375,0,-0.9501953125,0,-0.113037109375,0,0.15576171875
40.1909,0,0.18505859375,0,0.363525390625,0,-0.113037109375,0,0.15576171875
40.2011,0,0.1395263671875,0,0.363525390625,0,-0.052093505859375,0,0.163330078125
40.2100,0,0.1395263671875,0,-0.032684326171875,0,-0.052093505859375,0,0.163330078125
40.2222,0,-0.1815185546875,0,-0.032684326171875,0,-0.12396240234375,0,0.1754150390625
40.2302,0,-0.1815185546875,0,0.378173828125,0,-0.12396240234375,0,0.1754150390625
40.2413,0,0.147216796875,0,0.378173828125,0,-0.047119140625,0,0.04718017578125
40.2499,0,0.1474609375,0,0.454833984375,0,-0.047119140625,0,-0.130615234375
40.2632,0,0.1474609375,0,0.454833984375,0,0.049407958984375,0,-0.130615234375
40.2703,0,0.1474609375,0,-0.60302734375,0,0.049407958984375,0,-0.130615234375
40.2815,0,-0.218017578125,0,-0.60302734375,0,-0.05255126953125,0,0.09246826171875
40.2909,0,-0.218017578125,0,0.380859375,0,-0.05255126953125,0,0.09246826171875
40.3019,0,-0.031402587890625,0,0.380859375,0,-0.048980712890625,0,0.2489013671875
40.3106,0,-0.031402587890625,0,-0.06494140625,0,-0.048980712890625,0,0.2489013671875
40.3218,0,0.1290283203125,0,-0.06494140625,0,-0.01087188720703125,0,0.1778564453125
40.3335,0,0.1290283203125,0,-0.1920166015625,0,-0.01087188720703125,0,0.1778564453125
40.3471,0,0.0482177734375,0,-0.1920166015625,0,-0.06634521484375,0,-0.19091796875
40.3528,0,0.0482177734375,0,0.0919189453125,0,-0.06634521484375,0,-0.19091796875
40.3642,0,-0.05517578125,0,0.0919189453125,0,-0.06634521484375,0,-0.0307769775390625
40.3724,0,-0.05517578125,0,0.5361328125,0,0.016082763671875,0,-0.0307769775390625
40.3843,0,-0.17041015625,0,0.5361328125,0,-0.03173828125,0,-0.1287841796875
40.3930,0,-0.17041015625,0,-0.52197265625,0,-0.03173828125,0,-0.1287841796875
40.4040,0,0.1800537109375,0,-0.52197265625,0,-0.03173828125,0,-0.2012939453125
40.4137,0,0.1800537109375,0,-0.270751953125,0,0.0928955078125,0,-0.2012939453125
40.4264,0,0.023162841796875,0,-0.270751953125,0,-0.078857421875,0,-0.1805419921875
40.4350,0,0.023162841796875,0,0.5224609375,0,-0.078857421875,0,-0.1805419921875
40.4505,0,-0.298828125,0,0.6806640625,0,-0.06158447265625,0,0.189697265625
40.4624,0,0.1444091796875,0,0.6806640625,0,-0.05078125,0,-0.1607666015625
40.4708,0,0.1444091796875,0,0.2208251953125,0,-0.05078125,0,-0.1607666015625
40.4819,0,0.2218017578125,0,0.2208251953125,0,-0.05078125,0,0.20068359375
40.4903,0,0.2218017578125,0,0.468994140625,0,-0.0885009765625,0,0.20068359375
40.5023,0,0.138916015625,0,0.468994140625,0,-0.0885009765625,0,-0.157958984375
40.5150,0,0.138916015625,0,0.468994140625,0,0.02056884765625,0,-0.157958984375
40.5221,0,0.1536865234375,0,-0.483154296875,0,-0.099853515625,0,-0.1141357421875
40.5306,0,0.1536865234375,0,0.65478515625,0,-0.099853515625,0,-0.1141357421875
40.5448,0,0.180908203125,0,0.65478515625,0,-0.099853515625,0,-0.230712890625
40.5564,0,0.180908203125,0,-0.78564453125,0,0.005908966064453125,0,-0.230712890625
40.5627,0,-0.1820068359375,0,-0.78564453125,0,0.005908966064453125,0,0.18603515625
40.5712,0,-0.1820068359375,0,-0.78564453125,0,-0.029693603515625,0,0.18603515625
40.5840,0,-0.0859375,0,0.04412841796875,0,-0.029693603515625,0,0.189208984375
40.5966,0,-0.0859375,0,0.04412841796875,0,-0.06842041015625,0,0.189208984375
40.6053,0,0.0672607421875,0,-0.46630859375,0,-0.06842041015625,0,0.1455078125
40.6148,0,0.0672607421875,0,-0.46630859375,0,-0.0550537109375,0,0.1455078125
40.6274,0,0.0672607421875,0,0.82568359375,0,-0.0550537109375,0,0.1455078125
40.6368,0,-0.11907958984375,0,0.82568359375,0,-0.041900634765625,0,0.080078125
40.6440,0,0.1036376953125,0,0.414306640625,0,-0.041900634765625,0,0.01091766357421875
40.6572,0,0.1036376953125,0,0.414306640625,0,-0.07806396484375,0,0.01091766357421875
40.6656,0,0.0362548828125,0,0.56298828125,0,-0.07806396484375,0,0.01091766357421875
40.6772,0,0.0362548828125,0,0.56298828125,0,0.0217132568359375,0,-0.04290771484375
40.6841,0,0.1796875,0,0.059783935546875,0,0.0217132568359375,0,-0.1697998046875
40.6974,0,0.1796875,0,0.059783935546875,0,-0.042083740234375,0,-0.1697998046875
40.7051,0,-0.330322265625,0,-0.378173828125,0,-0.042083740234375,0,0.1700439453125
40.7220,0,-0.26953125,0,0.07568359375,0,-0.08685302734375,0,0.1595458984375
40.7303,0,-0.26953125,0,0.07568359375,0,0.0924072265625,0,0.1595458984375
40.7408,0,-0.26953125,0,-0.4521484375,0,0.0924072265625,0,0.1595458984375
40.7479,0,0.09063720703125,0,-0.4521484375,0,0.0924072265625,0,0.1783447265625
40.7588,0,0.09063720703125,0,-0.4521484375,0,-0.08441162109375,0,0.1783447265625
40.7680,0,-0.13427734375,0,0.91162109375,0,-0.08441162109375,0,-0.0162353515625
40.7806,0,-0.13427734375,0,0.91162109375,0,0.1031494140625,0,-0.0162353515625
40.7868,0,-0.062408447265625,0,-0.16796875,0,0.1031494140625,0,-0.2440185546875
40.7989,0,-0.062408447265625,0,-0.16796875,0,0.0220794677734375,0,-0.2440185546875
40.8071,0,-0.07110595703125,0,-0.004779815673828125,0,0.0220794677734375,0,-0.129638671875
40.8191,0,-0.07110595703125,0,-0.004779815673828125,0,0.006961822509765625,0,-0.129638671875
40.8271,0,0.09088134765625,0,-0.34716796875,0,0.006961822509765625,0,0.17919921875
40.8397,0,0.09088134765625,0,-0.34716796875,0,-0.08941650390625,0,0.17919921875
40.8487,0,-0.2266845703125,0,0.365234375,0,-0.08941650390625,0,0.10272216796875
40.8597,0,-0.2266845703125,0,0.365234375,0,-0.06439208984375,0,0.10272216796875
40.8680,0,-0.06414794921875,0,0.296142578125,0,-0.06439208984375,0,-0.0631103515625
40.8791,0,-0.06414794921875,0,0.296142578125,0,-0.0206451416015625,0,-0.0631103515625
40.8867,0,0.14208984375,0,0.2415771484375,0,-0.0206451416015625,0,0.08740234375
40.8988,0,0.14208984375,0,0.2415771484375,0,-0.08416748046875,0,0.08740234375
40.9062,0,0.1817626953125,0,0.44482421875,0,-0.08416748046875,0,-0.1483154296875
40.9192,0,0.1817626953125,0,0.44482421875,0,-0.0955810546875,0,-0.1483154296875
40.9302,0,0.1817626953125,0,0.475830078125,0,-0.0955810546875,0,-0.1483154296875
40.9412,0,0.13037109375,0,0.475830078125,0,-0.06341552734375,0,0.06884765625
40.9513,0,0.13037109375,0,-0.329833984375,0,-0.06341552734375,0,0.06884765625
40.9618,0,0.07037353515625,0,-0.329833984375,0,-0.10028076171875,0,-0.051971435546875
40.9695,0,0.07037353515625,0,-0.1446533203125,0,-0.10028076171875,0,-0.051971435546875
40.9811,0,-0.2215576171875,0,-0.1446533203125,0,-0.06134033203125,0,-0.11981201171875
40.9919,0,0.1400146484375,0,0.1378173828125,0,-0.06134033203125,0,0.1756591796875
41.0001,0,0.1400146484375,0,0.1378173828125,0,-0.07012939453125,0,0.1756591796875
41.0100,0,0.1400146484375,0,0.369384765625,0,-0.07012939453125,0,0.1756591796875
41.0207,0,0.0284423828125,0,0.369384765625,0,0.09466552734375,0,0.249755859375
41.0295,0,0.0284423828125,0,0.264892578125,0,0.09466552734375,0,0.18115234375
41.0419,0,0.10357666015625,0,0.264892578125,0,-0.052978515625,0,0.18115234375
41.0518,0,0.10357666015625,0,-0.46142578125,0,-0.052978515625,0,0.171630859375
41.0674,0,-0.1041259765625,0,-0.2900390625,0,-0.0712890625,0,0.0233154296875
41.0778,0,0.1339111328125,0,-0.2900390625,0,-0.032806396484375,0,0.0233154296875
41.0837,0,0.1339111328125,0,0.37060546875,0,-0.032806396484375,0,0.0233154296875
41.0976,0,0.0484619140625,0,0.37060546875,0,-0.06939697265625,0,0.1153564453125
41.1048,0,0.0484619140625,0,0.345703125,0,-0.06939697265625,0,0.1153564453125
41.1145,0,0.189208984375,0,0.345703125,0,-0.07501220703125,0,0.07904052734375
41.1251,0,0.189208984375,0,-0.17333984375,0,-0.07501220703125,0,-0.2359619140625
41.1362,0,-0.04248046875,0,-0.17333984375,0,-0.07391357421875,0,-0.2359619140625
41.1448,0,-0.04248046875,0,0.43798828125,0,-0.07391357421875,0,-0.1298828125
41.1564,0,-0.259765625,0,0.43798828125,0,-0.0792236328125,0,-0.1298828125
41.1674,0,-0.259765625,0,-0.73828125,0,-0.0792236328125,0,-0.0870361328125
41.1754,0,-0.10498046875,0,-0.73828125,0,-0.061370849609375,0,-0.0870361328125
41.1869,0,-0.10498046875,0,-0.24853515625,0,-0.061370849609375,0,-0.303466796875
41.1973,0,0.162841796875,0,-0.24853515625,0,-0.0989990234375,0,-0.303466796875
41.2076,0,-0.394287109375,0,0.2626953125,0,-0.0989990234375,0,-0.288330078125
41.2187,0,-0.394287109375,0,0.2626953125,0,-0.131591796875,0,-0.288330078125
41.2301,0,0.09893798828125,0,-0.221923828125,0,-0.131591796875,0,0.076171875
41.2339,0,0.09893798828125,0,-0.221923828125,0,-0.09356689453125,0,0.076171875
41.2491,0,0.09893798828125,0,-0.300048828125,0,-0.09356689453125,0,-0.08917236328125
41.2587,0,-0.345703125,0,-0.300048828125,0,-0.034881591796875,0,-0.08917236328125
41.2685,0,-0.345703125,0,0.27490234375,0,-0.034881591796875,0,-0.201904296875
41.2791,0,0.0289306640625,0,0.27490234375,0,-0.034881591796875,0,-0.201904296875
41.2859,0,0.0289306640625,0,0.27490234375,0,-0.037017822265625,0,-0.201904296875
41.2992,0,-0.255859375,0,0.98974609375,0,-0.037017822265625,0,0.2125244140625
41.3062,0,-0.255859375,0,0.98974609375,0,-0.05938720703125,0,0.2125244140625
41.3173,0,-0.1180419921875,0,0.798828125,0,-0.05938720703125,0,-0.3017578125
41.3291,0,-0.1180419921875,0,0.798828125,0,-0.044158935546875,0,-0.3017578125
41.3403,0,-0.025054931640625,0,0.332275390625,0,-0.044158935546875,0,0.1427001953125
41.3489,0,-0.025054931640625,0,0.332275390625,0,-0.06085205078125,0,0.1427001953125
41.3569,0,0.1605224609375,0,-0.443115234375,0,-0.06085205078125,0,0.201416015625
41.3691,0,0.1605224609375,0,-0.443115234375,0,0.08013916015625,0,0.201416015625
41.3808,0,0.1605224609375,0,0.440185546875,0,0.08013916015625,0,0.1531982421875
41.3888,0,0.16650390625,0,0.440185546875,0,-0.06451416015625,0,0.1531982421875
41.3986,0,0.0279541015625,0,0.734375,0,-0.06451416015625,0,0.1929931640625
41.4092,0,0.0279541015625,0,0.734375,0,-0.048431396484375,0,0.1929931640625
41.4173,0,0.13818359375,0,-0.3505859375,0,-0.048431396484375,0,0.088134765625
41.4305,0,0.13818359375,0,-0.3505859375,0,-0.08831787109375,0,0.088134765625
41.4415,0,-0.286865234375,0,-0.470458984375,0,-0.08831787109375,0,-0.0760498046875
41.4529,0,-0.286865234375,0,-0.470458984375,0,-0.03033447265625,0,-0.0760498046875
41.4631,0,-0.286865234375,0,0.376708984375,0,-0.03033447265625,0,0.1280517578125
41.4688,0,0.1171875,0,0.376708984375,0,-0.0225372314453125,0,0.1280517578125
41.4772,0,0.1171875,0,0.09039306640625,0,-0.0225372314453125,0,0.1787109375
41.4866,0,-0.302490234375,0,0.09039306640625,0,0.14990234375,0,0.1787109375
41.4977,0,0.110107421875,0,0.303466796875,0,0.14990234375,0,0.09539794921875
41.5066,0,0.110107421875,0,0.303466796875,0,-0.058929443359375,0,0.09539794921875
41.5172,0,0.110107421875,0,0.81005859375,0,-0.058929443359375,0,0.09539794921875
41.5260,0,-0.0231170654296875,0,0.81005859375,0,-0.0238800048828125,0,0.1661376953125
41.5335,0,-0.0231170654296875,0,0.5625,0,-0.0238800048828125,0,0.17236328125
41.5457,0,-0.205322265625,0,0.5625,0,-0.034912109375,0,0.17236328125
41.5567,0,-0.1175537109375,0,-0.43701171875,0,-0.034912109375,0,0.1981201171875
41.5664,0,-0.1175537109375,0,-0.43701171875,0,-0.1285400390625,0,0.1981201171875
41.5761,0,-0.1175537109375,0,0.254150390625,0,-0.1285400390625,0,0.1981201171875
41.5852,0,0.11474609375,0,0.254150390625,0,-0.0914306640625,0,-0.04620361328125
41.5936,0,0.11474609375,0,-0.339599609375,0,-0.0914306640625,0,-0.04620361328125
41.6061,0,0.166748046875,0,-0.339599609375,0,-0.032470703125,0,0.1346435546875
41.6181,0,0.166748046875,0,0.69140625,0,-0.032470703125,0,0.1346435546875
41.6271,0,-0.2183837890625,0,0.69140625,0,-0.0369873046875,0,0.2210693359375
41.6391,0,-0.2183837890625,0,0.6044921875,0,-0.0369873046875,0,0.2210693359375
41.6475,0,0.1424560546875,0,0.6044921875,0,-0.049896240234375,0,0.2032470703125
41.6598,0,0.1658935546875,0,-0.6748046875,0,-0.049896240234375,0,0.253173828125
41.6684,0,0.1658935546875,0,-0.6748046875,0,-0.0836181640625,0,0.253173828125
41.6812,0,0.158447265625,0,-0.12213134765625,0,-0.0836181640625,0,-0.1402587890625
41.6899,0,0.158447265625,0,-0.12213134765625,0,-0.046234130859375,0,-0.1402587890625
41.7038,0,0.158447265625,0,0.161376953125,0,-0.046234130859375,0,-0.1402587890625
41.7170,0,-0.1494140625,0,0.161376953125,0,-0.046234130859375,0,0.153564453125
41.7195,0,-0.1494140625,0,0.161376953125,0,-0.07232666015625,0,0.153564453125
41.7281,0,-0.0277862548828125,0,-0.10687255859375,0,-0.07232666015625,0,-0.1199951171875
41.7412,0,-0.0277862548828125,0,0.242919921875,0,-0.05853271484375,0,-0.1199951171875
41.7497,0,-0.050201416015625,0,0.242919921875,0,-0.05853271484375,0,-0.0533447265625
41.7613,0,-0.050201416015625,0,0.242919921875,0,-0.03985595703125,0,-0.0533447265625
41.7699,0,-0.206787109375,0,-0.26318359375,0,-0.03985595703125,0,-0.166015625
41.7821,0,-0.206787109375,0,-0.26318359375,0,0.03582763671875,0,-0.166015625
41.7903,0,-0.22998046875,0,-0.1009521484375,0,0.03582763671875,0,-0.183349609375
41.8030,0,-0.22998046875,0,-0.1009521484375,0,-0.0310516357421875,0,-0.183349609375
41.8133,0,-0.0472412109375,0,0.1768798828125,0,-0.0310516357421875,0,0.1787109375
41.8219,0,-0.0472412109375,0,0.1768798828125,0,-0.028167724609375,0,0.1787109375
41.8305,0,0.2237548828125,0,0.1884765625,0,-0.028167724609375,0,-0.1353759765625
41.8446,0,0.158203125,0,-0.1922607421875,0,-0.08721923828125,0,0.2183837890625
41.8554,0,0.158203125,0,-0.1922607421875,0,-0.09613037109375,0,0.2183837890625
41.8653,0,-0.1932373046875,0,0.1156005859375,0,-0.09613037109375,0,0.0701904296875
41.8768,0,-0.1932373046875,0,0.1156005859375,0,-0.07635498046875,0,0.0701904296875
41.8846,0,0.09967041015625,0,0.366943359375,0,-0.07635498046875,0,0.1689453125
41.8957,0,0.09967041015625,0,0.366943359375,0,-0.05145263671875,0,0.1689453125
41.9052,0,-0.2293701171875,0,0.68896484375,0,-0.05145263671875,0,-0.1064453125
41.9161,0,-0.2293701171875,0,0.68896484375,0,-0.044586181640625,0,-0.1064453125
41.9247,0,-0.2109375,0,-0.1763916015625,0,-0.044586181640625,0,0.14453125
41.9375,0,-0.2109375,0,-0.1763916015625,0,-0.022186279296875,0,0.14453125
41.9484,0,0.0133514404296875,0,-0.343994140625,0,-0.022186279296875,0,-0.040191650390625
41.9583,0,0.0133514404296875,0,-0.343994140625,0,-0.02117919921875,0,-0.040191650390625
41.9671,0,-0.08740234375,0,-0.09442138671875,0,-0.02117919921875,0,-0.040191650390625
41.9779,0,-0.08740234375,0,-0.09442138671875,0,-0.068603515625,0,0.1434326171875
41.9870,0,-0.210205078125,0,-0.357177734375,0,-0.068603515625,0,0.251708984375
41.9986,0,-0.210205078125,0,-0.357177734375,0,-0.06463623046875,0,0.251708984375
42.0075,0,-0.215087890625,0,0.298095703125,0,-0.06463623046875,0,-0.0213623046875
42.0183,0,-0.215087890625,0,0.298095703125,0,-0.03875732421875,0,-0.0213623046875
42.0302,0,0.10321044921875,0,-0.23876953125,0,-0.03875732421875,0,-0.06597900390625
42.0387,0,0.10321044921875,0,-0.23876953125,0,-0.0280609130859375,0,-0.06597900390625
42.0481,0,0.10321044921875,0,0.10906982421875,0,-0.0280609130859375,0,-0.06597900390625
42.0561,0,-0.330322265625,0,0.10906982421875,0,-0.08367919921875,0,0.169921875
42.0695,0,0.1849365234375,0,0.10906982421875,0,-0.08367919921875,0,0.169921875
42.0838,0,0.1849365234375,0,-0.292236328125,0,-0.08367919921875,0,0.14501953125
42.0891,0,0.1849365234375,0,-0.292236328125,0,0.06689453125,0,0.14501953125
42.1003,0,0.1976318359375,0,-0.352294921875,0,0.06689453125,0,-0.06878662109375
42.1088,0,0.1976318359375,0,-0.352294921875,0,-0.04345703125,0,-0.06878662109375
42.1178,0,-0.271728515625,0,-0.493896484375,0,-0.0132598876953125,0,0.16162109375
42.1299,0,-0.1278076171875,0,-0.493896484375,0,-0.0132598876953125,0,0.16162109375
42.1396,0,-0.1278076171875,0,0.27001953125,0,-0.0132598876953125,0,0.1986083984375
42.1498,0,-0.1278076171875,0,0.27001953125,0,-0.05712890625,0,0.1986083984375
42.1606,0,-0.164306640625,0,-0.329833984375,0,-0.05712890625,0,-0.2314453125
42.1692,0,-0.164306640625,0,-0.329833984375,0,-0.1007080078125,0,-0.2314453125
42.1811,0,-0.05767822265625,0,-0.356689453125,0,-0.06439208984375,0,-0.0204925537109375
42.1899,0,0.00981903076171875,0,0.291748046875,0,-0.06439208984375,0,-0.08648681640625
42.1979,0,0.00981903076171875,0,0.291748046875,0,-0.016510009765625,0,-0.08648681640625
42.2085,0,-0.046417236328125,0,0.291748046875,0,-0.016510009765625,0,-0.08648681640625
42.2201,0,-0.046417236328125,0,0.74951171875,0,-0.0650634765625,0,-0.261474609375
42.2293,0,-0.163818359375,0,0.74951171875,0,-0.0650634765625,0,-0.261474609375
42.2405,0,-0.163818359375,0,-0.285400390625,0,-0.0650634765625,0,0.060028076171875
42.2500,0,-0.163818359375,0,-0.285400390625,0,-0.053558349609375,0,0.060028076171875
42.2627,0,0.1038818359375,0,0.82177734375,0,-0.053558349609375,0,-0.057708740234375
42.2694,0,0.1038818359375,0,0.82177734375,0,-0.0230865478515625,0,-0.057708740234375
42.2807,0,-0.1077880859375,0,0.242431640625,0,-0.0230865478515625,0,0.1875
42.2892,0,-0.1077880859375,0,0.242431640625,0,-0.033355712890625,0,0.1875
42.2996,0,-0.0211334228515625,0,0.62255859375,0,-0.033355712890625,0,0.0836181640625
42.3098,0,-0.0211334228515625,0,0.62255859375,0,-0.038543701171875,0,0.0836181640625
42.3190,0,-0.233642578125,0,-0.1510009765625,0,-0.038543701171875,0,-0.2491455078125
42.3296,0,-0.233642578125,0,-0.1510009765625,0,-0.0462646484375,0,-0.2491455078125
42.3418,0,0.136962890625,0,-0.35791015625,0,-0.0462646484375,0,0.0634765625
42.3519,0,0.136962890625,0,-0.35791015625,0,-0.046539306640625,0,0.0634765625
42.3658,0,0.14697265625,0,-0.206298828125,0,-0.0299530029296875,0,0.245849609375
42.3732,0,0.0772705078125,0,-0.66552734375,0,-0.0299530029296875,0,-0.25390625
42.3847,0,0.0772705078125,0,-0.66552734375,0,0.0924072265625,0,-0.25390625
42.3965,0,-0.09033203125,0,-0.56640625,0,0.0924072265625,0,0.0273284912109375
42.4056,0,-0.09033203125,0,-0.56640625,0,-0.0361328125,0,0.0273284912109375
42.4157,0,-0.030059814453125,0,-0.38232421875,0,-0.0361328125,0,0.0273284912109375
42.4251,0,-0.030059814453125,0,-0.38232421875,0,-0.044189453125,0,-0.069580078125
42.4343,0,-0.26708984375,0,-0.9130859375,0,-0.044189453125,0,-0.069580078125
42.4462,0,-0.26708984375,0,-0.9130859375,0,-0.08782958984375,0,0.1937255859375
42.4570,0,0.114013671875,0,0.10906982421875,0,-0.08782958984375,0,0.1937255859375
42.4666,0,0.114013671875,0,0.10906982421875,0,-0.036102294921875,0,0.172119140625
42.4780,0,0.100830078125,0,0.10906982421875,0,-0.036102294921875,0,0.172119140625
42.4867,0,0.100830078125,0,0.2174072265625,0,-0.066162109375,0,0.1455078125
42.4950,0,0.04248046875,0,-0.4931640625,0,-0.066162109375,0,0.1455078125
42.5067,0,0.04248046875,0,-0.4931640625,0,-0.051422119140625,0,0.052490234375
42.5165,0,0.035247802734375,0,-0.53564453125,0,-0.051422119140625,0,0.052490234375
42.5241,0,0.035247802734375,0,-0.53564453125,0,-0.05950927734375,0,0.2037353515625
42.5369,0,0.05645751953125,0,-0.53564453125,0,-0.05950927734375,0,0.2037353515625
42.5455,0,0.05645751953125,0,0.33740234375,0,-0.0958251953125,0,0.2193603515625
42.5543,0,0.045440673828125,0,0.33740234375,0,-0.0958251953125,0,0.2193603515625
42.5663,0,0.045440673828125,0,0.13720703125,0,-0.052032470703125,0,0.05517578125
42.5764,0,0.045928955078125,0,0.1925048828125,0,-0.052032470703125,0,0.05517578125
42.5855,0,0.045928955078125,0,0.1925048828125,0,-0.058746337890625,0,-0.203857421875
42.5972,0,0.06329345703125,0,0.1925048828125,0,-0.058746337890625,0,-0.203857421875
42.6067,0,0.06329345703125,0,0.31005859375,0,-0.058746337890625,0,0.1861572265625
42.6160,0,0.086669921875,0,0.31005859375,0,-0.02777099609375,0,0.1861572265625
42.6268,0,0.086669921875,0,-0.4365234375,0,-0.06158447265625,0,0.10333251953125
42.6375,0,-0.17578125,0,-0.4365234375,0,-0.06158447265625,0,0.10333251953125
42.6479,0,-0.17578125,0,-0.341552734375,0,0.06756591796875,0,-0.0285491943359375
42.6570,0,-0.1893310546875,0,-0.341552734375,0,0.06756591796875,0,-0.0285491943359375
42.6663,0,-0.1893310546875,0,-0.433837890625,0,-0.09716796875,0,0.090087890625
42.6736,0,0.15234375,0,-0.433837890625,0,-0.09716796875,0,0.090087890625
42.6851,0,0.15234375,0,-0.1439208984375,0,-0.09716796875,0,0.160888671875
42.6968,0,0.06048583984375,0,-0.1439208984375,0,-0.0396728515625,0,0.160888671875
42.7041,0,0.06048583984375,0,-0.34423828125,0,-0.089111328125,0,-0.045654296875
42.7164,0,0.07525634765625,0,-0.34423828125,0,-0.089111328125,0,-0.045654296875
42.7244,0,0.07525634765625,0,-0.46484375,0,-0.089111328125,0,0.2020263671875
42.7319,0,-0.1912841796875,0,-0.46484375,0,0.01461029052734375,0,0.2020263671875
42.7512,0,-0.2286376953125,0,0.165283203125,0,-0.0909423828125,0,-0.302978515625
42.7612,0,-0.2286376953125,0,0.466552734375,0,-0.0909423828125,0,0.2454833984375
42.7671,0,-0.2286376953125,0,0.466552734375,0,-0.06597900390625,0,0.2454833984375
42.7779,0,-0.180908203125,0,0.466552734375,0,-0.06597900390625,0,0.2454833984375
42.7872,0,-0.180908203125,0,-0.53076171875,0,-0.06597900390625,0,-0.2447509765625
42.7973,0,0.1236572265625,0,-0.53076171875,0,-0.06585693359375,0,-0.2447509765625
42.8067,0,0.1236572265625,0,-0.564453125,0,-0.06585693359375,0,-0.124267578125
42.8187,0,0.054534912109375,0,-0.564453125,0,0.080810546875,0,-0.124267578125
42.8261,0,0.054534912109375,0,-0.263427734375,0,0.080810546875,0,0.1572265625
42.8388,0,0.0692138671875,0,-0.263427734375,0,-0.0872802734375,0,0.1572265625
42.8471,0,0.0692138671875,0,-0.34423828125,0,-0.0872802734375,0,-0.0136871337890625
42.8531,0,0.11260986328125,0,-0.34423828125,0,-0.08526611328125,0,-0.0136871337890625
42.8672,0,0.11260986328125,0,-0.26904296875,0,-0.08526611328125,0,-0.1417236328125
42.8808,0,-0.0997314453125,0,-0.26904296875,0,-0.049835205078125,0,-0.1417236328125
42.8852,0,-0.0997314453125,0,-0.1817626953125,0,-0.049835205078125,0,-0.060638427734375
42.8999,0,-0.0997314453125,0,-0.1817626953125,0,-0.0689697265625,0,-0.060638427734375
42.9083,0,-0.07232666015625,0,-0.07086181640625,0,-0.0689697265625,0,0.119140625
42.9147,0,-0.08099365234375,0,-0.07086181640625,0,-0.08819580078125,0,0.119140625
42.9280,0,-0.08099365234375,0,0.10699462890625,0,-0.08819580078125,0,0.119140625
42.9390,0,-0.2117919921875,0,0.10699462890625,0,0.046630859375,0,0.060791015625
42.9473,0,-0.2117919921875,0,0.375732421875,0,0.046630859375,0,0.060791015625
42.9602,0,-0.2117919921875,0,0.375732421875,0,-0.09405517578125,0,0.1165771484375
42.9704,0,0.04510498046875,0,-0.202880859375,0,-0.09405517578125,0,0.1165771484375
42.9809,0,0.04510498046875,0,-0.202880859375,0,-0.06268310546875,0,-0.11279296875
42.9883,0,0.1719970703125,0,-0.321533203125,0,-0.06268310546875,0,-0.11279296875
42.9995,0,0.1719970703125,0,-0.321533203125,0,-0.02752685546875,0,0.11376953125
43.0058,0,0.039581298828125,0,0.1490478515625,0,-0.02752685546875,0,0.11376953125
43.0190,0,0.039581298828125,0,0.1490478515625,0,-0.10498046875,0,-0.057586669921875
43.0277,0,-0.14697265625,0,0.1490478515625,0,-0.10498046875,0,-0.057586669921875
43.0408,0,-0.14697265625,0,0.51708984375,0,-0.0831298828125,0,0.16845703125
43.0493,0,0.1571044921875,0,0.51708984375,0,-0.0831298828125,0,0.16845703125
43.0604,0,0.1571044921875,0,-0.3037109375,0,-0.049468994140625,0,0.170654296875
43.0692,0,-0.051361083984375,0,-0.3037109375,0,-0.049468994140625,0,0.170654296875
43.0834,0,-0.051361083984375,0,0.744140625,0,-0.1019287109375,0,0.205810546875
43.0893,0,0.04486083984375,0,0.744140625,0,-0.1019287109375,0,0.205810546875
43.0958,0,0.04486083984375,0,0.1512451171875,0,-0.0849609375,0,-0.10888671875
43.1099,0,0.09869384765625,0,0.1512451171875,0,-0.0849609375,0,-0.10888671875
43.1210,0,0.09869384765625,0,-0.468505859375,0,-0.0073394775390625,0,0.1705322265625
43.1301,0,0.10150146484375,0,-0.468505859375,0,-0.0073394775390625,0,0.1705322265625
43.1413,0,0.10150146484375,0,0.4697265625,0,-0.0073394775390625,0,0.223388671875
43.1505,0,-0.14111328125,0,0.4697265625,0,0.066162109375,0,0.223388671875
43.1563,0,-0.14111328125,0,-0.1107177734375,0,-0.037933349609375,0,0.188232421875
43.1691,0,0.07171630859375,0,-0.1107177734375,0,-0.037933349609375,0,0.188232421875
43.1804,0,0.07171630859375,0,1.0029296875,0,-0.04083251953125,0,0.0232696533203125
43.1896,0,-0.1279296875,0,1.0029296875,0,-0.04083251953125,0,0.0232696533203125
43.2009,0,-0.1279296875,0,-0.02880859375,0,-0.04083251953125,0,0.216796875
43.2091,0,-0.269775390625,0,-0.02880859375,0,-0.07073974609375,0,0.216796875
43.2203,0,-0.269775390625,0,0.265380859375,0,-0.07073974609375,0,0.1258544921875
43.2300,0,0.058807373046875,0,0.265380859375,0,-0.1197509765625,0,0.1258544921875
43.2409,0,0.058807373046875,0,0.2491455078125,0,-0.1197509765625,0,-0.10882568359375
43.2505,0,0.1641845703125,0,0.2491455078125,0,0.048828125,0,-0.10882568359375
43.2604,0,0.1641845703125,0,-0.36279296875,0,0.048828125,0,0.1993408203125
43.2699,0,-0.1380615234375,0,-0.36279296875,0,-0.104248046875,0,0.1993408203125
43.2761,0,-0.1380615234375,0,-0.0657958984375,0,-0.104248046875,0,-0.218017578125
43.2893,0,-0.225830078125,0,-0.0657958984375,0,-0.016876220703125,0,-0.218017578125
43.3021,0,-0.225830078125,0,-0.269775390625,0,-0.016876220703125,0,0.1583251953125
43.3069,0,-0.236328125,0,-0.269775390625,0,0.042236328125,0,0.1583251953125
43.3211,0,-0.236328125,0,0.720703125,0,0.042236328125,0,0.1583251953125
43.3312,0,-0.236328125,0,0.720703125,0,-0.056732177734375,0,-0.0672607421875
43.3360,0,0.049041748046875,0,0.433349609375,0,-0.056732177734375,0,0.10345458984375
43.3506,0,0.049041748046875,0,0.433349609375,0,-0.051666259765625,0,0.10345458984375
43.3656,0,-0.0924072265625,0,-0.748046875,0,-0.051666259765625,0,-0.1397705078125
43.3701,0,-0.0924072265625,0,-0.748046875,0,-0.049468994140625,0,-0.1397705078125
43.3819,0,0.08319091796875,0,-0.428466796875,0,-0.049468994140625,0,-0.1397705078125
43.3905,0,-0.0401611328125,0,-0.428466796875,0,-0.031951904296875,0,-0.0648193359375
43.3970,0,-0.0401611328125,0,-0.3642578125,0,-0.031951904296875,0,-0.0648193359375
43.4102,0,-0.0401611328125,0,-0.3642578125,0,-0.040069580078125,0,0.09991455078125
43.4215,0,-0.267822265625,0,0.2081298828125,0,-0.040069580078125,0,-0.213134765625
43.4323,0,-0.267822265625,0,0.2081298828125,0,-0.0723876953125,0,-0.213134765625
43.4425,0,-0.0869140625,0,0.252685546875,0,-0.0723876953125,0,-0.213134765625
43.4506,0,-0.0869140625,0,0.252685546875,0,-0.05108642578125,0,-0.22802734375
43.4597,0,0.12548828125,0,0.568359375,0,-0.05108642578125,0,-0.22802734375
43.4726,0,0.12548828125,0,0.568359375,0,-0.0313720703125,0,0.268310546875
43.4821,0,-0.11767578125,0,-0.1455078125,0,-0.036956787109375,0,-0.226318359375
43.4969,0,-0.194091796875,0,-0.1455078125,0,-0.036956787109375,0,-0.226318359375
43.5055,0,-0.194091796875,0,-0.341796875,0,-0.03729248046875,0,-0.290283203125
43.5110,0,0.113037109375,0,-0.0677490234375,0,-0.03729248046875,0,-0.290283203125
43.5261,0,0.113037109375,0,-0.0677490234375,0,0.04705810546875,0,0.16650390625
43.5370,0,-0.049713134765625,0,0.26904296875,0,0.04705810546875,0,0.16650390625
43.5416,0,-0.049713134765625,0,0.26904296875,0,-0.059295654296875,0,0.2149658203125
43.5575,0,0.1156005859375,0,0.26904296875,0,-0.059295654296875,0,0.2149658203125
43.5688,0,0.1156005859375,0,0.658203125,0,-0.05889892578125,0,0.258544921875
43.5771,0,-0.05584716796875,0,0.658203125,0,-0.05889892578125,0,0.258544921875
43.5902,0,-0.05584716796875,0,-0.48486328125,0,-0.049468994140625,0,0.095703125
43.5997,0,-0.085205078125,0,-0.302978515625,0,-0.049468994140625,0,0.095703125
43.6026,0,-0.085205078125,0,-0.302978515625,0,-0.057403564453125,0,0.06524658203125
43.6188,0,-0.124755859375,0,-0.302978515625,0,-0.057403564453125,0,0.06524658203125
43.6265,0,-0.124755859375,0,-0.19677734375,0,-0.0279083251953125,0,-0.2083740234375
43.6392,0,-0.091064453125,0,-0.19677734375,0,-0.0279083251953125,0,-0.2083740234375
43.6480,0,-0.091064453125,0,-0.37060546875,0,-0.0279083251953125,0,-0.01238250732421875
43.6586,0,-0.048583984375,0,-0.37060546875,0,-0.05706787109375,0,-0.01238250732421875
43.6636,0,-0.048583984375,0,0.29833984375,0,-0.0131683349609375,0,0.02825927734375
43.6808,0,0.056640625,0,0.29833984375,0,-0.0131683349609375,0,0.02825927734375
43.6871,0,0.056640625,0,-0.81396484375,0,-0.045318603515625,0,-0.06671142578125
43.6928,0,0.037811279296875,0,-0.81396484375,0,-0.045318603515625,0,-0.06671142578125
43.7081,0,0.037811279296875,0,-0.300048828125,0,-0.045318603515625,0,0.19970703125
43.7192,0,0.089599609375,0,-0.300048828125,0,-0.0703125,0,0.19970703125
43.7240,0,0.089599609375,0,0.8896484375,0,-0.139892578125,0,0.15283203125
43.7391,0,0.045562744140625,0,0.8896484375,0,-0.139892578125,0,0.15283203125
43.7468,0,0.045562744140625,0,-0.70703125,0,0.0513916015625,0,0.257568359375
43.7537,0,-0.118896484375,0,-0.70703125,0,0.0513916015625,0,0.257568359375
43.7646,0,-0.118896484375,0,-0.265380859375,0,-0.0806884765625,0,-0.239501953125
43.7789,0,0.2041015625,0,-0.265380859375,0,-0.0806884765625,0,-0.239501953125
43.7868,0,0.2041015625,0,-0.34912109375,0,-0.0806884765625,0,0.2210693359375
43.7996,0,-0.2396240234375,0,-0.34912109375,0,-0.10784912109375,0,0.2210693359375
43.8083,0,-0.2396240234375,0,-0.437744140625,0,-0.10784912109375,0,-0.199462890625
43.8188,0,-0.1759033203125,0,-0.437744140625,0,-0.09649658203125,0,-0.199462890625
43.8289,0,-0.1759033203125,0,-0.48046875,0,-0.09649658203125,0,-0.277587890625
43.8380,0,-0.2283935546875,0,-0.48046875,0,-0.034271240234375,0,-0.277587890625
43.8468,0,-0.2283935546875,0,-0.55517578125,0,-0.034271240234375,0,0.0465087890625
43.8581,0,-0.2283935546875,0,-0.55517578125,0,-0.10528564453125,0,0.0465087890625
43.8666,0,0.10833740234375,0,0.285400390625,0,-0.10528564453125,0,-0.2391357421875
43.8776,0,0.10833740234375,0,0.285400390625,0,-0.09991455078125,0,-0.2391357421875
43.8869,0,-0.2310791015625,0,-0.1009521484375,0,-0.09991455078125,0,-0.2391357421875
43.8991,0,0.1446533203125,0,-0.1009521484375,0,-0.0699462890625,0,-0.05291748046875
43.9078,0,0.1446533203125,0,-0.153076171875,0,-0.0699462890625,0,-0.05291748046875
43.9200,0,0.1446533203125,0,-0.153076171875,0,-0.07257080078125,0,0.2408447265625
43.9279,0,0.11090087890625,0,0.044769287109375,0,-0.07257080078125,0,0.2408447265625
43.9396,0,0.11090087890625,0,0.044769287109375,0,-0.059051513671875,0,-0.271240234375
43.9478,0,-0.217041015625,0,0.044769287109375,0,-0.059051513671875,0,-0.271240234375
43.9579,0,-0.217041015625,0,-0.02166748046875,0,-0.0716552734375,0,-0.1729736328125
43.9692,0,0.10968017578125,0,-0.263671875,0,-0.0716552734375,0,-0.1729736328125
43.9857,0,0.10968017578125,0,-0.263671875,0,-0.045867919921875,0,0.016571044921875
43.9894,0,-0.1322021484375,0,-0.263671875,0,-0.045867919921875,0,0.016571044921875
44.0026,0,-0.1322021484375,0,0.1617431640625,0,0.034454345703125,0,0.0455322265625
44.0112,0,-0.1383056640625,0,0.1617431640625,0,0.034454345703125,0,0.0455322265625
44.0225,0,-0.1383056640625,0,-0.0831298828125,0,-0.0286865234375,0,0.238525390625
44.0337,0,-0.255615234375,0,-0.453857421875,0,-0.0286865234375,0,0.238525390625
44.0425,0,-0.255615234375,0,-0.453857421875,0,-0.043121337890625,0,-0.1256103515625
44.0592,0,0.058563232421875,0,0.5986328125,0,-0.07763671875,0,0.010162353515625
44.0708,0,0.259521484375,0,0.5986328125,0,-0.07763671875,0,0.010162353515625
44.0830,0,0.259521484375,0,0.244873046875,0,-0.06201171875,0,-0.219482421875
44.0907,0,0.10455322265625,0,0.244873046875,0,-0.06201171875,0,-0.219482421875
44.1044,0,0.10455322265625,0,-0.53662109375,0,-0.06201171875,0,-0.1116943359375
44.1113,0,0.059356689453125,0,-0.53662109375,0,-0.0955810546875,0,-0.1116943359375
44.1193,0,0.059356689453125,0,-0.23291015625,0,-0.051605224609375,0,0.11346435546875
44.1310,0,-0.07562255859375,0,-0.23291015625,0,-0.051605224609375,0,0.11346435546875
44.1433,0,-0.07562255859375,0,-0.273193359375,0,-0.04986572265625,0,-0.089111328125
44.1518,0,-0.2437744140625,0,-0.273193359375,0,-0.04986572265625,0,-0.089111328125
44.1693,0,-0.252197265625,0,-0.68994140625,0,-0.01403045654296875,0,0.0238189697265625
44.1810,0,-0.252197265625,0,-0.1802978515625,0,-0.01403045654296875,0,0.10791015625
44.1885,0,-0.242919921875,0,-0.1802978515625,0,-0.049407958984375,0,0.10791015625
44.2016,0,-0.242919921875,0,0.2003173828125,0,-0.049407958984375,0,-0.2301025390625
44.2084,0,0.282958984375,0,0.2003173828125,0,-0.0310821533203125,0,-0.2301025390625
44.2210,0,0.282958984375,0,0.8310546875,0,-0.0310821533203125,0,-0.130615234375
44.2288,0,0.1434326171875,0,0.8310546875,0,-0.081298828125,0,-0.130615234375
44.2409,0,0.1434326171875,0,-0.339599609375,0,-0.081298828125,0,0.1456298828125
44.2484,0,0.156005859375,0,-0.339599609375,0,-0.0233154296875,0,0.1456298828125
44.2603,0,0.156005859375,0,0.87939453125,0,-0.0233154296875,0,0.1456298828125
44.2708,0,-0.066650390625,0,0.87939453125,0,-0.045196533203125,0,0.1473388671875
44.2808,0,-0.066650390625,0,-0.39599609375,0,-0.045196533203125,0,0.1473388671875
44.2884,0,-0.3154296875,0,-0.39599609375,0,-0.10125732421875,0,0.1778564453125
44.2987,0,-0.3154296875,0,-0.226318359375,0,-0.10125732421875,0,0.1505126953125
44.3087,0,0.1632080078125,0,-0.226318359375,0,-0.05755615234375,0,0.1505126953125
44.3202,0,0.1632080078125,0,-0.54296875,0,-0.05755615234375,0,0.2144775390625
44.3276,0,-0.106689453125,0,-0.54296875,0,-0.06927490234375,0,0.2144775390625
44.3425,0,-0.106689453125,0,-0.1240234375,0,-0.06927490234375,0,0.2144775390625
44.3517,0,-0.2032470703125,0,-0.1240234375,0,-0.047027587890625,0,-0.2132568359375
44.3587,0,-0.2032470703125,0,0.35693359375,0,-0.047027587890625,0,-0.2132568359375
44.3695,0,-0.2032470703125,0,0.35693359375,0,-0.031646728515625,0,-0.0640869140625
44.3825,0,0.2020263671875,0,-0.22998046875,0,-0.031646728515625,0,-0.0640869140625
44.3893,0,0.2020263671875,0,-0.22998046875,0,-0.0787353515625,0,0.033416748046875
44.4012,0,-0.022552490234375,0,-0.22998046875,0,-0.0787353515625,0,0.033416748046875
44.4101,0,0.1207275390625,0,-0.876953125,0,-0.042755126953125,0,-0.219482421875
44.4210,0,0.1207275390625,0,-0.127685546875,0,-0.042755126953125,0,-0.1968994140625
44.4303,0,0.1207275390625,0,-0.127685546875,0,-0.0345458984375,0,-0.1968994140625
44.4417,0,0.023681640625,0,0.587890625,0,-0.0345458984375,0,-0.1968994140625
44.4509,0,0.023681640625,0,0.587890625,0,-0.024200439453125,0,0.2354736328125
44.4622,0,0.2252197265625,0,0.587890625,0,-0.024200439453125,0,0.2354736328125
44.4732,0,0.2252197265625,0,0.11920166015625,0,0.07611083984375,0,-0.0213165283203125
44.4850,0,-0.234130859375,0,0.11920166015625,0,0.07611083984375,0,-0.0213165283203125
44.4919,0,-0.234130859375,0,-0.07110595703125,0,0.0474853515625,0,0.2017822265625
44.5032,0,-0.2418212890625,0,-0.07110595703125,0,0.0474853515625,0,0.2017822265625
44.5115,0,-0.2418212890625,0,-0.1251220703125,0,-0.0955810546875,0,0.1685791015625
44.5233,0,0.239013671875,0,-0.1251220703125,0,-0.0955810546875,0,0.1685791015625
44.5322,0,0.239013671875,0,-0.2054443359375,0,-0.0955810546875,0,-0.312744140625
44.5504,0,0.1280517578125,0,-1.0400390625,0,-0.12548828125,0,0.215576171875
44.5616,0,-0.1727294921875,0,-1.0400390625,0,-0.058258056640625,0,0.215576171875
44.5704,0,-0.1727294921875,0,0.1883544921875,0,0.036651611328125,0,0.2222900390625
44.5819,0,-0.0130767822265625,0,0.1883544921875,0,0.036651611328125,0,0.2222900390625
44.5907,0,-0.0130767822265625,0,0.0977783203125,0,0.036651611328125,0,0.043548583984375
44.6039,0,-0.07196044921875,0,0.0977783203125,0,-0.06500244140625,0,0.043548583984375
44.6111,0,-0.07196044921875,0,-0.6513671875,0,-0.06500244140625,0,-0.204345703125
44.6230,0,0.1353759765625,0,-0.6513671875,0,-0.07928466796875,0,-0.204345703125
44.6313,0,0.1353759765625,0,-0.258056640625,0,0.06402587890625,0,0.2308349609375
44.6427,0,0.188232421875,0,-0.258056640625,0,0.06402587890625,0,0.2308349609375
44.6529,0,0.188232421875,0,-0.156494140625,0,-0.07489013671875,0,-0.2332763671875
44.6636,0,0.1563720703125,0,-0.156494140625,0,-0.07489013671875,0,-0.2332763671875
44.6718,0,0.1563720703125,0,-0.2027587890625,0,-0.07489013671875,0,-0.1534423828125
44.6892,0,-0.2294921875,0,0.324951171875,0,-0.08001708984375,0,-0.327880859375
44.6992,0,-0.00443267822265625,0,0.324951171875,0,0.06451416015625,0,-0.327880859375
44.7082,0,-0.00443267822265625,0,-0.1417236328125,0,0.06451416015625,0,-0.26904296875
44.7197,0,0.215087890625,0,-0.1417236328125,0,-0.110107421875,0,-0.26904296875
44.7287,0,0.215087890625,0,-0.1990966796875,0,-0.110107421875,0,-0.26904296875
44.7393,0,-0.23486328125,0,-0.1990966796875,0,-0.05316162109375,0,-0.178466796875
44.7480,0,-0.23486328125,0,0.02947998046875,0,-0.05316162109375,0,0.2266845703125
44.7598,0,0.0855712890625,0,0.02947998046875,0,-0.049560546875,0,0.2266845703125
44.7689,0,0.0855712890625,0,-0.222900390625,0,-0.049560546875,0,0.1546630859375
44.7771,0,0.072021484375,0,-0.222900390625,0,-0.08087158203125,0,0.1546630859375
44.7971,0,0.0943603515625,0,-0.368896484375,0,-0.0372314453125,0,0.08148193359375
44.8053,0,0.0943603515625,0,-0.509765625,0,-0.0372314453125,0,0.08148193359375
44.8119,0,0.0943603515625,0,-0.509765625,0,-0.0372314453125,0,-0.2427978515625
44.8223,0,-0.177001953125,0,-0.509765625,0,0.1253662109375,0,-0.2427978515625
44.8310,0,-0.177001953125,0,-0.368896484375,0,0.1253662109375,0,0.1688232421875
44.8460,0,-0.1737060546875,0,-0.368896484375,0,-0.043701171875,0,0.1688232421875
44.8506,0,-0.1737060546875,0,-0.276123046875,0,-0.043701171875,0,0.1412353515625
44.8664,0,-0.2376708984375,0,-0.276123046875,0,0.0467529296875,0,0.1412353515625
44.8700,0,-0.2376708984375,0,0.1458740234375,0,0.0467529296875,0,0.161865234375
44.8815,0,0.2279052734375,0,0.1458740234375,0,-0.06744384765625,0,0.161865234375
44.8912,0,0.2279052734375,0,0.81103515625,0,-0.06744384765625,0,-0.287353515625
44.9028,0,0.2476806640625,0,0.81103515625,0,-0.06402587890625,0,-0.287353515625
44.9112,0,0.2476806640625,0,-0.40185546875,0,-0.06402587890625,0,-0.287353515625
44.9222,0,-0.33154296875,0,-0.40185546875,0,-0.1575927734375,0,0.1571044921875
44.9310,0,-0.33154296875,0,-0.373779296875,0,-0.1575927734375,0,0.1571044921875
44.9431,0,0.02960205078125,0,-0.373779296875,0,-0.0821533203125,0,0.177001953125
44.9527,0,0.02960205078125,0,0.89990234375,0,-0.0821533203125,0,0.177001953125
44.9628,0,-0.23583984375,0,0.89990234375,0,-0.05078125,0,0.07080078125
44.9740,0,-0.23583984375,0,-0.5390625,0,-0.05078125,0,0.143310546875
44.9859,0,0.1475830078125,0,-0.5390625,0,-0.0955810546875,0,0.143310546875
44.9949,0,0.1475830078125,0,0.05731201171875,0,-0.0955810546875,0,0.21044921875
45.0059,0,-0.19091796875,0,0.05731201171875,0,-0.040924072265625,0,0.21044921875
45.0128,0,-0.19091796875,0,0.26708984375,0,-0.040924072265625,0,0.21044921875
45.0281,0,-0.19091796875,0,0.26708984375,0,0.09112548828125,0,0.189208984375
45.0360,0,0.12939453125,0,-0.407958984375,0,0.09112548828125,0,0.189208984375
45.0454,0,0.12939453125,0,-0.407958984375,0,0.06298828125,0,0.1768798828125
45.0620,0,0.107666015625,0,0.671875,0,-0.046722412109375,0,0.25341796875
45.0733,0,-0.05157470703125,0,0.671875,0,-0.046722412109375,0,0.25341796875
45.0828,0,-0.05157470703125,0,0.54443359375,0,-0.0328369140625,0,-0.07366943359375
45.0922,0,-0.314697265625,0,0.54443359375,0,-0.0328369140625,0,-0.07366943359375
45.1028,0,-0.314697265625,0,-0.128173828125,0,0.006259918212890625,0,0.1925048828125
45.1143,0,-0.2398681640625,0,-0.128173828125,0,0.006259918212890625,0,0.1925048828125
45.1231,0,-0.2398681640625,0,-0.346435546875,0,-0.050628662109375,0,0.2047119140625
45.1340,0,0.060943603515625,0,-0.346435546875,0,-0.050628662109375,0,0.2047119140625
45.1424,0,0.060943603515625,0,0.43115234375,0,-0.051605224609375,0,0.259033203125
45.1535,0,0.2435302734375,0,0.43115234375,0,-0.051605224609375,0,0.259033203125
45.1628,0,0.2435302734375,0,0.335205078125,0,-0.0980224609375,0,-0.061767578125
45.1729,0,-0.033355712890625,0,0.335205078125,0,-0.0980224609375,0,-0.061767578125
45.1830,0,-0.033355712890625,0,0.42529296875,0,-0.0980224609375,0,0.1591796875
45.1925,0,0.14501953125,0,0.42529296875,0,-0.08642578125,0,0.1591796875
45.2022,0,0.14501953125,0,0.37939453125,0,-0.08642578125,0,0.2264404296875
45.2121,0,-0.134033203125,0,0.37939453125,0,-0.0338134765625,0,0.2264404296875
45.2208,0,-0.134033203125,0,-0.436279296875,0,-0.0338134765625,0,-0.164306640625
45.2341,0,-0.2276611328125,0,-0.436279296875,0,-0.038482666015625,0,-0.164306640625
45.2422,0,-0.2276611328125,0,-0.365478515625,0,-0.038482666015625,0,-0.164306640625
45.2540,0,0.112060546875,0,-0.365478515625,0,-0.07171630859375,0,0.2423095703125
45.2618,0,0.112060546875,0,-0.277099609375,0,-0.07171630859375,0,0.209716796875
45.2736,0,-0.1917724609375,0,-0.277099609375,0,0.1376953125,0,0.209716796875
45.2865,0,-0.1917724609375,0,-0.426513671875,0,0.1376953125,0,0.209716796875
45.2911,0,0.1878662109375,0,-0.426513671875,0,-0.04656982421875,0,-0.1162109375
45.3019,0,0.1878662109375,0,-0.27880859375,0,-0.04656982421875,0,-0.1162109375
45.3114,0,0.1878662109375,0,-0.27880859375,0,0.08154296875,0,0.2156982421875
45.3224,0,0.07904052734375,0,-0.235107421875,0,0.08154296875,0,0.2156982421875
45.3311,0,0.055450439453125,0,-0.235107421875,0,-0.0274505615234375,0,-0.1241455078125
45.3456,0,0.055450439453125,0,-0.2410888671875,0,-0.0274505615234375,0,-0.1241455078125
45.3542,0,0.098876953125,0,-0.2410888671875,0,-0.05474853515625,0,0.20166015625
45.3709,0,0.1368408203125,0,0.54248046875,0,-0.0811767578125,0,-0.1611328125
45.3822,0,0.1368408203125,0,-0.2322998046875,0,-0.0811767578125,0,-0.1611328125
45.3896,0,0.1368408203125,0,-0.2322998046875,0,-0.11370849609375,0,0.02545166015625
45.4012,0,0.1575927734375,0,-0.31884765625,0,-0.11370849609375,0,0.02545166015625
45.4117,0,0.1575927734375,0,-0.31884765625,0,-0.07080078125,0,0.2509765625
45.4229,0,-0.190185546875,0,-0.31884765625,0,-0.07080078125,0,0.2509765625
45.4318,0,-0.2335205078125,0,0.253662109375,0,-0.040985107421875,0,0.2288818359375
45.4433,0,-0.2335205078125,0,-0.32568359375,0,-0.040985107421875,0,0.2288818359375
45.4495,0,-0.2335205078125,0,-0.32568359375,0,-0.026214599609375,0,-0.06573486328125
45.4631,0,0.15869140625,0,-0.32568359375,0,-0.026214599609375,0,-0.06573486328125
45.4712,0,0.15869140625,0,0.3720703125,0,-0.081298828125,0,0.1673583984375
45.4852,0,0.264404296875,0,0.3720703125,0,-0.081298828125,0,0.1673583984375
45.4928,0,0.264404296875,0,-0.10302734375,0,-0.062286376953125,0,-0.055633544921875
45.5049,0,-0.1986083984375,0,-0.10302734375,0,-0.062286376953125,0,-0.055633544921875
45.5116,0,-0.1986083984375,0,-0.0654296875,0,-0.062286376953125,0,-0.047088623046875
45.5250,0,0.1787109375,0,-0.0654296875,0,-0.08447265625,0,-0.047088623046875
45.5342,0,0.1787109375,0,0.501953125,0,-0.08447265625,0,0.049102783203125
45.5447,0,-0.276123046875,0,0.501953125,0,0.0193328857421875,0,0.049102783203125
45.5537,0,-0.276123046875,0,0.1802978515625,0,-0.052764892578125,0,0.2327880859375
45.5668,0,-0.041778564453125,0,0.1802978515625,0,-0.052764892578125,0,0.2327880859375
45.5846,0,0.11700439453125,0,0.505859375,0,-0.0711669921875,0,0.0396728515625
45.5938,0,0.11700439453125,0,0.182861328125,0,-0.0711669921875,0,-0.21630859375
45.6126,0,0.0897216796875,0,-0.223876953125,0,-0.0523681640625,0,0.2353515625
45.6230,0,-0.031402587890625,0,-0.223876953125,0,0.061767578125,0,0.2353515625
45.6313,0,-0.031402587890625,0,0.79736328125,0,0.061767578125,0,-0.1375732421875
45.6464,0,0.0709228515625,0,0.79736328125,0,-0.0888671875,0,-0.1375732421875
45.6531,0,0.0709228515625,0,-0.48388671875,0,-0.0888671875,0,-0.2802734375
45.6636,0,-0.12091064453125,0,-0.48388671875,0,-0.0303497314453125,0,-0.2802734375
45.6720,0,-0.12091064453125,0,0.311279296875,0,-0.0303497314453125,0,-0.09210205078125
45.6900,0,0.248291015625,0,0.19775390625,0,-0.02978515625,0,-0.09210205078125
45.7060,0,0.235107421875,0,0.19775390625,0,-0.06396484375,0,-0.2384033203125
45.7126,0,0.235107421875,0,0.047943115234375,0,-0.06396484375,0,-0.2384033203125
45.7213,0,-0.1009521484375,0,0.047943115234375,0,0.058837890625,0,-0.1297607421875
45.7299,0,-0.1009521484375,0,-0.145263671875,0,0.058837890625,0,0.1796875
45.7408,0,-0.43798828125,0,-0.145263671875,0,-0.0435791015625,0,0.1796875
45.7509,0,-0.43798828125,0,0.473876953125,0,-0.0435791015625,0,0.1796875
45.7612,0,-0.43798828125,0,0.473876953125,0,-0.058074951171875,0,0.2037353515625
45.7700,0,0.05657958984375,0,-0.160888671875,0,-0.058074951171875,0,0.2037353515625
45.7811,0,0.05657958984375,0,-0.160888671875,0,-0.075927734375,0,0.2073974609375
45.7929,0,0.0455322265625,0,0.30419921875,0,-0.075927734375,0,0.2073974609375
45.8023,0,-0.1474609375,0,0.30419921875,0,-0.0174102783203125,0,0.1905517578125
45.8175,0,-0.1474609375,0,-0.2340087890625,0,-0.0174102783203125,0,0.092041015625
45.8241,0,-0.2275390625,0,-0.2340087890625,0,-0.042266845703125,0,0.092041015625
45.8319,0,-0.2275390625,0,0.173828125,0,-0.042266845703125,0,0.092041015625
45.8435,0,-0.2275390625,0,0.173828125,0,-0.07928466796875,0,-0.23193359375
45.8521,0,-0.05126953125,0,-0.08416748046875,0,-0.07928466796875,0,-0.23193359375
45.8632,0,-0.05126953125,0,-0.08416748046875,0,-0.0199432373046875,0,0.1741943359375
45.8731,0,0.031005859375,0,-0.0997314453125,0,-0.0199432373046875,0,0.1741943359375
45.8842,0,0.031005859375,0,-0.0997314453125,0,-0.08447265625,0,0.1361083984375
45.8966,0,-0.1416015625,0,-0.0997314453125,0,-0.08447265625,0,0.1361083984375
45.9042,0,0.138671875,0,-0.533203125,0,-0.0227813720703125,0,-0.060150146484375
45.9239,0,0.1187744140625,0,-0.05596923828125,0,0.0256195068359375,0,0.07110595703125
45.9300,0,0.1187744140625,0,0.2314453125,0,0.0256195068359375,0,0.07110595703125
45.9409,0,0.1187744140625,0,0.2314453125,0,0.0256195068359375,0,0.06317138671875
45.9508,0,-0.0489501953125,0,0.2314453125,0,-0.12237548828125,0,0.06317138671875
45.9615,0,-0.0489501953125,0,-0.377197265625,0,-0.12237548828125,0,-0.188720703125
45.9740,0,-0.053497314453125,0,-0.377197265625,0,-0.0887451171875,0,-0.188720703125
45.9873,0,-0.053497314453125,0,-0.029541015625,0,-0.0887451171875,0,-0.230712890625
45.9961,0,-0.05291748046875,0,-0.029541015625,0,-0.051849365234375,0,-0.230712890625
46.0044,0,-0.05291748046875,0,0.153564453125,0,-0.06256103515625,0,-0.2398681640625
46.0161,0,0.1759033203125,0,0.153564453125,0,-0.06256103515625,0,-0.2398681640625
46.0317,0,0.04150390625,0,-0.3525390625,0,-0.1329345703125,0,-0.0117340087890625
46.0388,0,0.04150390625,0,-0.2685546875,0,-0.1329345703125,0,-0.2337646484375
46.0518,0,-0.062408447265625,0,-0.2685546875,0,-0.0723876953125,0,-0.2337646484375
46.0588,0,-0.062408447265625,0,-0.053009033203125,0,-0.01702880859375,0,0.12939453125
46.0724,0,0.1851806640625,0,-0.053009033203125,0,-0.01702880859375,0,0.12939453125
46.0796,0,0.1851806640625,0,0.8486328125,0,-0.063720703125,0,0.2249755859375
46.0905,0,-0.1534423828125,0,0.8486328125,0,-0.063720703125,0,0.2249755859375
46.0991,0,-0.1534423828125,0,-0.1033935546875,0,-0.063720703125,0,0.1806640625
46.1083,0,-0.035125732421875,0,-0.1033935546875,0,-0.071044921875,0,0.1806640625
46.1201,0,-0.035125732421875,0,0.3515625,0,-0.071044921875,0,0.10693359375
46.1322,0,-0.1614990234375,0,0.3515625,0,-0.0853271484375,0,0.10693359375
46.1415,0,-0.1614990234375,0,-0.17138671875,0,-0.0853271484375,0,0.10693359375
46.1531,0,0.1776123046875,0,-0.17138671875,0,-0.05255126953125,0,-0.18505859375
46.1629,0,0.1776123046875,0,0.11932373046875,0,-0.05255126953125,0,-0.18505859375
46.1699,0,-0.055633544921875,0,0.11932373046875,0,0.04058837890625,0,0.11163330078125
46.1805,0,-0.055633544921875,0,-0.298828125,0,0.04058837890625,0,0.11163330078125
46.1900,0,-0.443115234375,0,-0.298828125,0,-0.1270751953125,0,-0.07159423828125
46.2095,0,-0.09613037109375,0,-0.06463623046875,0,-0.047515869140625,0,-0.1915283203125
46.2238,0,-0.09613037109375,0,-0.98193359375,0,-0.047515869140625,0,-0.1915283203125
46.2299,0,-0.307373046875,0,-0.98193359375,0,-0.026580810546875,0,-0.2381591796875
46.2449,0,-0.307373046875,0,-0.55078125,0,-0.026580810546875,0,-0.2381591796875
46.2502,0,0.0115203857421875,0,-0.55078125,0,-0.101806640625,0,0.1719970703125
46.2609,0,0.0115203857421875,0,-0.257080078125,0,-0.101806640625,0,0.1719970703125
46.2705,0,-0.1676025390625,0,-0.257080078125,0,-0.054290771484375,0,0.19091796875
46.2815,0,-0.1676025390625,0,-0.30810546875,0,-0.054290771484375,0,0.19091796875
46.2904,0,-0.1676025390625,0,-0.30810546875,0,-0.07830810546875,0,0.0997314453125
46.3024,0,-0.07794189453125,0,0.86669921875,0,-0.07830810546875,0,0.0997314453125
46.3107,0,0.0194549560546875,0,0.86669921875,0,-0.08441162109375,0,-0.2342529296875
46.3241,0,0.0194549560546875,0,-0.402587890625,0,-0.08441162109375,0,-0.2342529296875
46.3319,0,-0.2332763671875,0,-0.402587890625,0,-0.056396484375,0,0.1624755859375
46.3462,0,-0.2332763671875,0,-0.48095703125,0,-0.056396484375,0,0.1624755859375
46.3550,0,-0.2332763671875,0,-0.48095703125,0,-0.056396484375,0,0.0848388671875
46.3644,0,0.1612548828125,0,0.466796875,0,-0.042388916015625,0,0.0848388671875
46.3718,0,-0.283447265625,0,0.466796875,0,-0.042388916015625,0,0.177490234375
46.3827,0,-0.283447265625,0,0.314453125,0,-0.063232421875,0,0.177490234375
46.3925,0,0.055023193359375,0,0.314453125,0,-0.063232421875,0,0.1854248046875
46.4046,0,0.055023193359375,0,0.67578125,0,-0.049774169921875,0,0.1854248046875
46.4222,0,0.0950927734375,0,-0.287109375,0,0.11834716796875,0,-0.289794921875
46.4314,0,0.0950927734375,0,-0.287109375,0,0.11834716796875,0,-0.255615234375
46.4435,0,-0.183837890625,0,-0.50048828125,0,-0.08636474609375,0,-0.255615234375
46.4510,0,-0.183837890625,0,-0.50048828125,0,-0.08636474609375,0,0.0850830078125
46.4621,0,0.06640625,0,-0.3369140625,0,-0.08587646484375,0,0.0850830078125
46.4743,0,0.06640625,0,-0.3369140625,0,-0.08587646484375,0,0.1397705078125
46.4868,0,-0.161376953125,0,-0.20068359375,0,-0.0452880859375,0,0.1397705078125
46.4951,0,-0.161376953125,0,-0.20068359375,0,-0.0452880859375,0,-0.2362060546875
46.5085,0,-0.2005615234375,0,-0.09710693359375,0,-0.05877685546875,0,-0.2362060546875
46.5132,0,-0.2005615234375,0,-0.09710693359375,0,-0.05877685546875,0,0.1783447265625
46.5360,0,0.059234619140625,0,-0.467529296875,0,-0.08135986328125,0,0.177490234375
46.5538,0,0.1619873046875,0,0.77490234375,0,-0.10418701171875,0,0.177490234375
46.5642,0,-0.193603515625,0,0.77490234375,0,0.037567138671875,0,0.2159423828125
46.5736,0,-0.193603515625,0,0.78662109375,0,0.037567138671875,0,0.2159423828125
46.5827,0,0.1436767578125,0,0.78662109375,0,-0.03387451171875,0,0.2158203125
46.5917,0,0.1436767578125,0,-0.470947265625,0,-0.03387451171875,0,-0.094482421875
46.5995,0,0.16259765625,0,-0.470947265625,0,-0.053192138671875,0,-0.094482421875
46.6148,0,0.16259765625,0,0.50439453125,0,-0.053192138671875,0,-0.094482421875
46.6192,0,0.048583984375,0,0.50439453125,0,-0.094482421875,0,0.1728515625
46.6336,0,0.048583984375,0,-0.0687255859375,0,-0.094482421875,0,0.1728515625
46.6403,0,0.10546875,0,-0.0687255859375,0,0.042083740234375,0,-0.09820556640625
46.6536,0,0.10546875,0,-0.283447265625,0,0.042083740234375,0,-0.09820556640625
46.6600,0,-0.2017822265625,0,-0.283447265625,0,-0.032257080078125,0,0.0712890625
46.6735,0,-0.2017822265625,0,-0.256591796875,0,-0.032257080078125,0,0.0712890625
46.6810,0,0.156494140625,0,-0.256591796875,0,0.1104736328125,0,0.2210693359375
46.6934,0,0.156494140625,0,0.45068359375,0,0.1104736328125,0,0.2210693359375
46.7003,0,0.138427734375,0,0.45068359375,0,-0.12646484375,0,0.11553955078125
46.7095,0,0.138427734375,0,0.177001953125,0,-0.12646484375,0,0.11553955078125
46.7247,0,-0.06719970703125,0,0.177001953125,0,-0.049957275390625,0,0.1923828125
46.7310,0,-0.06719970703125,0,0.6689453125,0,-0.049957275390625,0,0.1923828125
46.7423,0,-0.06719970703125,0,0.6689453125,0,-0.0926513671875,0,0.2144775390625
46.7557,0,0.090576171875,0,-0.036712646484375,0,-0.0926513671875,0,0.2144775390625
46.7639,0,0.090576171875,0,-0.036712646484375,0,-0.1102294921875,0,-0.169921875
46.7722,0,0.1258544921875,0,-0.36083984375,0,-0.1102294921875,0,-0.169921875
46.7857,0,-0.08514404296875,0,-0.36083984375,0,-0.052734375,0,0.03424072265625
46.7902,0,-0.08514404296875,0,0.06890869140625,0,-0.052734375,0,0.03424072265625
46.8018,0,-0.08514404296875,0,0.06890869140625,0,-0.08453369140625,0,0.05841064453125
46.8135,0,0.1685791015625,0,-0.324462890625,0,-0.08453369140625,0,0.05841064453125
46.8219,0,0.1685791015625,0,-0.324462890625,0,-0.028411865234375,0,0.2205810546875
46.8385,0,0.08380126953125,0,-0.33203125,0,-0.028411865234375,0,-0.09771728515625
46.8475,0,0.08380126953125,0,-0.33203125,0,-0.042266845703125,0,-0.09771728515625
46.8560,0,-0.01372528076171875,0,-0.33203125,0,-0.042266845703125,0,-0.09771728515625
46.8678,0,-0.01372528076171875,0,0.1729736328125,0,-0.09161376953125,0,0.2034912109375
46.8746,0,0.1951904296875,0,0.708984375,0,-0.09161376953125,0,0.2034912109375
46.8971,0,0.0938720703125,0,0.708984375,0,-0.021636962890625,0,0.09735107421875
46.9117,0,0.21533203125,0,-0.393310546875,0,0.0693359375,0,0.1951904296875
46.9223,0,0.21533203125,0,-0.355224609375,0,0.0693359375,0,-0.292236328125
46.9328,0,-0.176025390625,0,-0.355224609375,0,-0.0300140380859375,0,-0.292236328125
46.9385,0,-0.176025390625,0,-0.404296875,0,-0.0300140380859375,0,-0.259033203125
46.9516,0,-0.15478515625,0,-0.404296875,0,0.0223236083984375,0,-0.259033203125
46.9599,0,-0.15478515625,0,0.40966796875,0,0.0223236083984375,0,0.174072265625
46.9714,0,-0.09564208984375,0,0.40966796875,0,-0.06134033203125,0,0.174072265625
46.9820,0,-0.09564208984375,0,-0.4765625,0,-0.06134033203125,0,-0.08380126953125
46.9916,0,-0.10723876953125,0,-0.4765625,0,-0.070068359375,0,-0.08380126953125
47.0004,0,-0.10723876953125,0,-0.474609375,0,-0.070068359375,0,0.17822265625
47.0127,0,0.04034423828125,0,-0.474609375,0,-0.039794921875,0,0.17822265625
47.0205,0,0.04034423828125,0,0.481689453125,0,-0.039794921875,0,0.01219940185546875
47.0293,0,-0.1441650390625,0,0.481689453125,0,-0.11944580078125,0,0.01219940185546875
47.0445,0,-0.1441650390625,0,0.5283203125,0,-0.11944580078125,0,0.01219940185546875
47.0561,0,0.1412353515625,0,0.5283203125,0,-0.0526123046875,0,-0.0166473388671875
47.0644,0,0.1412353515625,0,-0.4658203125,0,-0.0526123046875,0,-0.0166473388671875
47.0741,0,-0.291259765625,0,-0.4658203125,0,-0.0843505859375,0,-0.2291259765625
47.0853,0,-0.291259765625,0,-0.423583984375,0,-0.0843505859375,0,-0.2291259765625
47.0895,0,-0.11785888671875,0,-0.423583984375,0,-0.05645751953125,0,0.143310546875
47.1006,0,-0.11785888671875,0,-0.36767578125,0,-0.05645751953125,0,0.17431640625
47.1092,0,-0.1063232421875,0,-0.36767578125,0,-0.093017578125,0,0.17431640625
47.1202,0,-0.1063232421875,0,-0.422607421875,0,-0.093017578125,0,0.0413818359375
47.1328,0,0.203369140625,0,-0.422607421875,0,-0.047515869140625,0,0.0413818359375
47.1410,0,0.203369140625,0,0.2203369140625,0,-0.047515869140625,0,0.062286376953125
47.1482,0,0.203369140625,0,0.2203369140625,0,-0.085205078125,0,0.062286376953125
47.1619,0,0.16650390625,0,-0.4814453125,0,-0.085205078125,0,0.19775390625
47.1681,0,-0.028533935546875,0,-0.4814453125,0,-0.0289306640625,0,0.19775390625
47.1840,0,-0.028533935546875,0,-0.247802734375,0,-0.0289306640625,0,0.19775390625
47.1882,0,0.138916015625,0,-0.247802734375,0,-0.0172882080078125,0,-0.1319580078125
47.2030,0,0.138916015625,0,-0.6435546875,0,-0.0172882080078125,0,-0.1319580078125
47.2079,0,0.138916015625,0,-0.6435546875,0,-0.047882080078125,0,0.16845703125
47.2213,0,0.07891845703125,0,0.257568359375,0,-0.047882080078125,0,0.16845703125
47.2289,0,0.07891845703125,0,0.257568359375,0,-0.058349609375,0,-0.09906005859375
47.2402,0,0.062469482421875,0,0.0119781494140625,0,-0.058349609375,0,-0.09906005859375
47.2486,0,0.062469482421875,0,0.0119781494140625,0,0.033935546875,0,0.1533203125
47.2617,0,0.07025146484375,0,-0.81298828125,0,0.033935546875,0,0.1533203125
47.2704,0,-0.256591796875,0,-0.81298828125,0,0.0775146484375,0,0.22265625
47.2866,0,-0.256591796875,0,-0.390869140625,0,0.0775146484375,0,0.22265625
47.2903,0,-0.256591796875,0,-0.390869140625,0,0.0404052734375,0,-0.033050537109375
47.3062,0,-0.292724609375,0,-0.390869140625,0,0.0404052734375,0,-0.033050537109375
47.3102,0,-0.292724609375,0,0.33154296875,0,0.06787109375,0,-0.1771240234375
47.3217,0,0.070068359375,0,-0.444580078125,0,0.06787109375,0,-0.1771240234375
47.3295,0,0.070068359375,0,-0.444580078125,0,-0.020751953125,0,0.0601806640625
47.3425,0,-0.158935546875,0,-0.345947265625,0,-0.020751953125,0,0.0601806640625
47.3554,0,-0.158935546875,0,-0.345947265625,0,-0.020751953125,0,0.18505859375
47.3622,0,-0.040679931640625,0,0.1630859375,0,-0.049713134765625,0,0.18505859375
47.3718,0,-0.040679931640625,0,0.1630859375,0,-0.059478759765625,0,0.08685302734375
47.3932,0,0.058685302734375,0,0.353271484375,0,0.033416748046875,0,-0.3056640625
47.4059,0,0.096923828125,0,-0.06512451171875,0,-0.09814453125,0,0.1298828125
47.4175,0,-0.26171875,0,-0.06512451171875,0,-0.09814453125,0,0.1298828125
47.4292,0,-0.26171875,0,-0.1927490234375,0,-0.09814453125,0,0.114501953125
47.4382,0,-0.10260009765625,0,-0.1927490234375,0,-0.08856201171875,0,0.114501953125
47.4459,0,-0.10260009765625,0,-0.3310546875,0,-0.08856201171875,0,0.019134521484375
47.4594,0,-0.1630859375,0,-0.3310546875,0,-0.0101776123046875,0,0.019134521484375
47.4658,0,-0.1630859375,0,-0.1763916015625,0,-0.0101776123046875,0,0.0836181640625
47.4767,0,0.06842041015625,0,-0.1763916015625,0,0.05865478515625,0,0.0836181640625
47.4870,0,0.06842041015625,0,0.24072265625,0,0.05865478515625,0,0.0836181640625
47.4980,0,0.141357421875,0,0.24072265625,0,-0.0161590576171875,0,0.2049560546875
47.5099,0,0.141357421875,0,0.267578125,0,-0.0161590576171875,0,0.2049560546875
47.5223,0,-0.1806640625,0,0.267578125,0,-0.06488037109375,0,-0.263916015625
47.5302,0,-0.1806640625,0,-0.268798828125,0,-0.06488037109375,0,-0.263916015625
47.5376,0,0.052337646484375,0,-0.268798828125,0,-0.06634521484375,0,-0.03253173828125
47.5514,0,0.052337646484375,0,-0.1595458984375,0,-0.06634521484375,0,-0.03253173828125
47.5588,0,0.1287841796875,0,-0.1595458984375,0,-0.07513427734375,0,-0.1044921875
47.5712,0,0.1287841796875,0,0.09027099609375,0,-0.07513427734375,0,-0.1044921875
47.5845,0,0.154052734375,0,0.09027099609375,0,-0.08013916015625,0,0.2197265625
47.5920,0,0.154052734375,0,-0.21240234375,0,-0.08013916015625,0,0.2197265625
47.6027,0,0.154052734375,0,-0.21240234375,0,-0.0501708984375,0,-0.2447509765625
47.6130,0,0.0587158203125,0,0.269287109375,0,-0.0501708984375,0,-0.2447509765625
47.6235,0,0.0587158203125,0,0.269287109375,0,-0.0562744140625,0,0.0117645263671875
47.6319,0,0.10858154296875,0,-0.1295166015625,0,-0.0562744140625,0,0.0117645263671875
47.6429,0,0.067626953125,0,-0.1295166015625,0,-0.078125,0,0.1988525390625
47.6489,0,0.067626953125,0,-0.470703125,0,-0.078125,0,0.1988525390625
47.6642,0,0.1387939453125,0,-0.470703125,0,-0.12054443359375,0,0.050079345703125
47.6737,0,0.1387939453125,0,-0.171142578125,0,-0.12054443359375,0,0.050079345703125
47.6836,0,0.1387939453125,0,-0.171142578125,0,-0.01678466796875,0,0.2626953125
47.6895,0,-0.0614013671875,0,-0.499267578125,0,-0.01678466796875,0,0.2626953125
47.7052,0,-0.0614013671875,0,-0.499267578125,0,-0.0550537109375,0,-0.10906982421875
47.7085,0,0.2183837890625,0,-0.29931640625,0,-0.0550537109375,0,-0.10906982421875
47.7213,0,0.2183837890625,0,-0.29931640625,0,-0.0701904296875,0,0.2137451171875
47.7359,0,0.1373291015625,0,0.12841796875,0,-0.0701904296875,0,0.2137451171875
47.7413,0,0.1373291015625,0,0.12841796875,0,-0.039886474609375,0,-0.20947265625
47.7487,0,-0.231201171875,0,0.2115478515625,0,-0.039886474609375,0,-0.20947265625
47.7649,0,-0.231201171875,0,0.2115478515625,0,-0.08795166015625,0,0.1434326171875
47.7722,0,-0.145263671875,0,-0.187255859375,0,-0.08795166015625,0,0.1434326171875
47.7813,0,-0.145263671875,0,-0.187255859375,0,-0.08795166015625,0,-0.0207366943359375
47.7923,0,0.08270263671875,0,-0.37890625,0,0.06341552734375,0,-0.0207366943359375
47.8041,0,0.08270263671875,0,-0.37890625,0,0.06341552734375,0,0.13916015625
47.8140,0,0.1741943359375,0,-0.37890625,0,0.06451416015625,0,0.13916015625
47.8224,0,0.1741943359375,0,1.0888671875,0,0.06451416015625,0,0.19921875
47.8348,0,0.11187744140625,0,1.0888671875,0,0.04449462890625,0,0.19921875
47.8415,0,0.11187744140625,0,-0.1494140625,0,0.04449462890625,0,0.1668701171875
47.8570,0,0.1656494140625,0,0.381103515625,0,-0.0445556640625,0,0.1668701171875
47.8652,0,0.1656494140625,0,0.381103515625,0,-0.0445556640625,0,0.06500244140625
47.8725,0,0.1796875,0,0.381103515625,0,-0.07373046875,0,0.06500244140625
47.8883,0,0.1796875,0,0.234130859375,0,-0.07373046875,0,0.1529541015625
47.8961,0,0.0182952880859375,0,0.234130859375,0,0.048614501953125,0,0.1529541015625
47.9048,0,0.0182952880859375,0,-0.35791015625,0,0.048614501953125,0,0.2076416015625
47.9186,0,-0.1978759765625,0,-0.35791015625,0,0.01788330078125,0,0.2076416015625
47.9272,0,-0.07281494140625,0,-0.6083984375,0,0.052825927734375,0,0.11578369140625
47.9417,0,-0.07281494140625,0,0.08184814453125,0,0.052825927734375,0,-0.223388671875
47.9468,0,-0.10296630859375,0,0.08184814453125,0,-0.061248779296875,0,-0.223388671875
47.9581,0,-0.10296630859375,0,-0.33642578125,0,-0.061248779296875,0,-0.1859130859375
47.9703,0,-0.143798828125,0,-0.33642578125,0,-0.09197998046875,0,-0.1859130859375
47.9803,0,-0.143798828125,0,-0.06463623046875,0,-0.09197998046875,0,0.1246337890625
47.9898,0,-0.143798828125,0,-0.06463623046875,0,-0.024078369140625,0,0.1246337890625
48.0010,0,-0.16259765625,0,0.8291015625,0,-0.024078369140625,0,0.1246337890625
48.0097,0,-0.16259765625,0,0.8291015625,0,-0.11541748046875,0,-0.0419921875
48.0179,0,-0.09490966796875,0,-0.218994140625,0,-0.11541748046875,0,-0.274658203125
48.0311,0,-0.09490966796875,0,-0.218994140625,0,-0.02410888671875,0,-0.274658203125
48.0414,0,0.07098388671875,0,-0.09759521484375,0,-0.02410888671875,0,0.1690673828125
48.0517,0,0.07098388671875,0,-0.09759521484375,0,-0.046234130859375,0,0.1690673828125
48.0621,0,0.0799560546875,0,0.6181640625,0,-0.046234130859375,0,-0.11700439453125
48.0719,0,0.0799560546875,0,0.6181640625,0,-0.04052734375,0,-0.11700439453125
48.0786,0,-0.05389404296875,0,0.5048828125,0,-0.04052734375,0,-0.11700439453125
48.0910,0,-0.05389404296875,0,0.5048828125,0,-0.0560302734375,0,0.0323486328125
48.1007,0,-0.048370361328125,0,-0.45849609375,0,-0.0560302734375,0,0.0323486328125
48.1107,0,-0.048370361328125,0,-0.45849609375,0,-0.040069580078125,0,0.1434326171875
48.1213,0,-0.170654296875,0,-0.29931640625,0,-0.040069580078125,0,0.1434326171875
48.1350,0,-0.170654296875,0,-0.29931640625,0,0.0161590576171875,0,0.052459716796875
48.1393,0,0.150146484375,0,0.10101318359375,0,0.0161590576171875,0,0.052459716796875
48.1529,0,0.150146484375,0,0.10101318359375,0,-0.1097412109375,0,0.1287841796875
48.1613,0,-0.08343505859375,0,-0.400390625,0,-0.1097412109375,0,0.1287841796875
48.1684,0,-0.08343505859375,0,-0.400390625,0,0.039154052734375,0,0.08746337890625
48.1848,0,-0.01203155517578125,0,-0.400390625,0,0.039154052734375,0,0.08746337890625
48.1903,0,-0.01203155517578125,0,-0.342529296875,0,-0.11517333984375,0,0.1361083984375
48.2041,0,0.0953369140625,0,-0.342529296875,0,-0.11517333984375,0,0.1361083984375
48.2124,0,0.0953369140625,0,-0.040069580078125,0,-0.05572509765625,0,-0.047607421875
48.2218,0,-0.16552734375,0,-0.09271240234375,0,-0.05572509765625,0,-0.047607421875
48.2289,0,-0.16552734375,0,-0.09271240234375,0,0.037384033203125,0,0.2078857421875
48.2414,0,-0.099365234375,0,0.130859375,0,0.037384033203125,0,0.2078857421875
48.2500,0,-0.099365234375,0,0.130859375,0,-0.07464599609375,0,0.02947998046875
48.2598,0,0.068115234375,0,0.130859375,0,-0.07464599609375,0,0.02947998046875
48.2722,0,0.068115234375,0,-0.1910400390625,0,-0.07464599609375,0,-0.255615234375
48.2801,0,0.068115234375,0,-0.1910400390625,0,0.07281494140625,0,-0.255615234375
48.2940,0,0.1298828125,0,0.89208984375,0,0.07281494140625,0,0.24267578125
48.3010,0,0.1192626953125,0,-0.419189453125,0,-0.1060791015625,0,0.24267578125
48.3094,0,0.1192626953125,0,-0.419189453125,0,0.0712890625,0,0.1070556640625
48.3207,0,0.0841064453125,0,-0.419189453125,0,0.0712890625,0,0.1070556640625
48.3288,0,0.0841064453125,0,-0.80810546875,0,0.0170135498046875,0,0.0670166015625
48.3424,0,0.1317138671875,0,-0.80810546875,0,0.0170135498046875,0,0.0670166015625
48.3520,0,0.1317138671875,0,0.3154296875,0,0.0170135498046875,0,0.140869140625
48.3627,0,-0.051239013671875,0,0.3154296875,0,-0.0810546875,0,0.140869140625
48.3715,0,-0.051239013671875,0,0.44677734375,0,-0.0810546875,0,0.140869140625
48.3939,0,-0.07940673828125,0,-0.045135498046875,0,0.0484619140625,0,-0.181640625
48.4014,0,0.0880126953125,0,-0.045135498046875,0,-0.0662841796875,0,-0.181640625
48.4122,0,0.0880126953125,0,-0.5087890625,0,-0.0662841796875,0,-0.181640625
48.4217,0,0.07952880859375,0,-0.5087890625,0,-0.043304443359375,0,-0.2474365234375
48.4374,0,0.07952880859375,0,-0.47509765625,0,-0.043304443359375,0,-0.2474365234375
48.4463,0,0.07952880859375,0,-0.47509765625,0,-0.0821533203125,0,0.2015380859375
48.4512,0,0.2100830078125,0,0.501953125,0,-0.0821533203125,0,0.2158203125
48.4689,0,0.2100830078125,0,0.501953125,0,-0.0703125,0,0.2158203125
48.4728,0,0.040985107421875,0,-0.37353515625,0,-0.0703125,0,0.2158203125
48.4872,0,0.040985107421875,0,-0.37353515625,0,-0.033935546875,0,0.1253662109375
48.4950,0,0.1798095703125,0,0.681640625,0,-0.033935546875,0,0.1253662109375
48.5083,0,0.1798095703125,0,0.681640625,0,-0.0284271240234375,0,-0.0999755859375
48.5128,0,-0.025665283203125,0,0.71728515625,0,-0.0284271240234375,0,-0.060760498046875
48.5263,0,-0.025665283203125,0,0.71728515625,0,-0.007381439208984375,0,-0.060760498046875
48.5310,0,-0.0205535888671875,0,-0.3564453125,0,-0.007381439208984375,0,-0.060760498046875
48.5466,0,-0.0205535888671875,0,-0.3564453125,0,-0.059326171875,0,0.1473388671875
48.5523,0,0.13134765625,0,-0.37353515625,0,-0.059326171875,0,0.1473388671875
48.5673,0,0.13134765625,0,-0.37353515625,0,-0.05889892578125,0,0.09918212890625
48.5751,0,0.11236572265625,0,0.556640625,0,-0.05889892578125,0,0.09918212890625
48.5881,0,0.11236572265625,0,0.556640625,0,-0.05157470703125,0,0.1334228515625
48.5916,0,0.1885986328125,0,-0.2349853515625,0,-0.05157470703125,0,0.1334228515625
48.6114,0,0.1885986328125,0,-0.2349853515625,0,-0.0177764892578125,0,0.09136962890625
48.6122,0,-0.045135498046875,0,-0.30810546875,0,-0.0177764892578125,0,0.09136962890625
48.6244,0,-0.045135498046875,0,-0.30810546875,0,-0.04571533203125,0,0.2032470703125
48.6316,0,0.1328125,0,0.52001953125,0,-0.04571533203125,0,0.2032470703125
48.6465,0,0.1328125,0,0.52001953125,0,-0.04473876953125,0,0.10693359375
48.6509,0,0.03179931640625,0,0.52001953125,0,-0.04473876953125,0,0.10693359375
48.6686,0,0.03179931640625,0,0.8759765625,0,-0.08642578125,0,0.1981201171875
48.6785,0,-0.28466796875,0,0.8759765625,0,-0.08642578125,0,0.1981201171875
48.6838,0,-0.28466796875,0,-0.5546875,0,-0.043212890625,0,-0.06610107421875
48.7016,0,0.14599609375,0,0.416259765625,0,-0.043212890625,0,0.249267578125
48.7100,0,0.1190185546875,0,0.416259765625,0,-0.038604736328125,0,0.249267578125
48.7214,0,0.1190185546875,0,-0.40087890625,0,-0.041473388671875,0,0.2066650390625
48.7300,0,-0.269287109375,0,-0.40087890625,0,-0.041473388671875,0,0.2066650390625
48.7446,0,-0.269287109375,0,0.349853515625,0,-0.041473388671875,0,-0.060272216796875
48.7557,0,-0.04083251953125,0,0.349853515625,0,-0.0697021484375,0,-0.060272216796875
48.7616,0,-0.04083251953125,0,-0.302978515625,0,-0.052734375,0,0.155517578125
48.7702,0,-0.266357421875,0,-0.302978515625,0,-0.052734375,0,0.155517578125
48.7844,0,-0.266357421875,0,-0.45361328125,0,-0.0316162109375,0,-0.1776123046875
48.7911,0,-0.2498779296875,0,-0.45361328125,0,-0.0316162109375,0,-0.1776123046875
48.8019,0,-0.2498779296875,0,-0.2030029296875,0,-0.0316162109375,0,0.236572265625
48.8143,0,-0.2059326171875,0,-0.2030029296875,0,0.034149169921875,0,0.236572265625
48.8234,0,-0.2059326171875,0,-0.260009765625,0,0.034149169921875,0,0.103515625
48.8310,0,0.0406494140625,0,-0.260009765625,0,-0.03436279296875,0,0.103515625
48.8463,0,0.0406494140625,0,0.485595703125,0,-0.11773681640625,0,0.0843505859375
48.8505,0,-0.2412109375,0,0.485595703125,0,-0.11773681640625,0,0.0843505859375
48.8617,0,-0.2412109375,0,0.41796875,0,-0.11773681640625,0,0.132568359375
48.8748,0,0.06182861328125,0,0.41796875,0,-0.053253173828125,0,0.132568359375
48.8885,0,0.06182861328125,0,0.89208984375,0,-0.053253173828125,0,0.029205322265625
48.8945,0,0.06182861328125,0,0.89208984375,0,-0.039825439453125,0,0.029205322265625
48.9069,0,0.036651611328125,0,-0.501953125,0,-0.039825439453125,0,-0.05731201171875
48.9158,0,0.036651611328125,0,-0.501953125,0,-0.029937744140625,0,-0.05731201171875
48.9290,0,0.06085205078125,0,0.10528564453125,0,-0.0292816162109375,0,0.16552734375
48.9433,0,-0.037017822265625,0,0.1947021484375,0,-0.0292816162109375,0,0.16552734375
48.9479,0,0.07916259765625,0,0.1947021484375,0,-0.038299560546875,0,-0.034423828125
48.9609,0,0.07916259765625,0,-0.8466796875,0,-0.038299560546875,0,-0.0657958984375
48.9668,0,-0.1591796875,0,-0.8466796875,0,-0.06683349609375,0,-0.0657958984375
48.9777,0,-0.1591796875,0,-0.358642578125,0,-0.06683349609375,0,-0.0657958984375
48.9900,0,-0.1591796875,0,-0.358642578125,0,-0.10736083984375,0,-0.2191162109375
48.9982,0,-0.2108154296875,0,0.58837890625,0,-0.10736083984375,0,-0.2191162109375
49.0093,0,-0.2108154296875,0,0.58837890625,0,-0.0689697265625,0,-0.07159423828125
49.0214,0,0.11065673828125,0,-0.48828125,0,-0.0689697265625,0,-0.07159423828125
49.0301,0,0.11065673828125,0,-0.48828125,0,-0.033905029296875,0,-0.19970703125
49.0413,0,-0.180419921875,0,0.1873779296875,0,-0.033905029296875,0,-0.19970703125
49.0548,0,0.10784912109375,0,0.1873779296875,0,-0.0266571044921875,0,0.1583251953125
49.0588,0,0.10784912109375,0,-0.48583984375,0,-0.0266571044921875,0,0.1583251953125
49.0719,0,0.10784912109375,0,-0.48583984375,0,-0.040496826171875,0,0.1468505859375
49.0819,0,0.09698486328125,0,-0.48583984375,0,-0.040496826171875,0,0.1468505859375
49.0907,0,0.09698486328125,0,0.4208984375,0,0.014190673828125,0,-0.200439453125
49.1028,0,-0.00870513916015625,0,0.4208984375,0,0.014190673828125,0,-0.200439453125
49.1123,0,-0.00870513916015625,0,0.56640625,0,-0.0601806640625,0,0.02117919921875
49.1234,0,-0.2880859375,0,0.56640625,0,-0.0601806640625,0,0.02117919921875
49.1279,0,-0.2880859375,0,0.212158203125,0,-0.0105743408203125,0,0.061676025390625
49.1416,0,-0.0074462890625,0,0.212158203125,0,-0.0105743408203125,0,0.061676025390625
49.1501,0,-0.0074462890625,0,0.75634765625,0,-0.05621337890625,0,0.11444091796875
49.1589,0,0.2379150390625,0,0.75634765625,0,-0.05621337890625,0,0.11444091796875
49.1709,0,0.2379150390625,0,-0.5244140625,0,-0.0292205810546875,0,-0.0447998046875
49.1813,0,-0.098876953125,0,-0.19287109375,0,-0.0292205810546875,0,-0.0447998046875
49.1868,0,-0.098876953125,0,-0.19287109375,0,-0.055145263671875,0,0.2001953125
49.2004,0,-0.053070068359375,0,-0.19287109375,0,-0.055145263671875,0,0.2001953125
49.2069,0,-0.053070068359375,0,-0.375,0,-0.07806396484375,0,0.2431640625
49.2173,0,-0.0178985595703125,0,-0.375,0,-0.07806396484375,0,0.2431640625
49.2261,0,-0.0178985595703125,0,0.2384033203125,0,0.057952880859375,0,0.1728515625
49.2374,0,0.07720947265625,0,0.2384033203125,0,0.057952880859375,0,0.1728515625
49.2456,0,0.07720947265625,0,0.2030029296875,0,0.057952880859375,0,0.07122802734375
49.2581,0,-0.2236328125,0,0.2030029296875,0,-0.045501708984375,0,0.07122802734375
49.2666,0,-0.2236328125,0,-1.0498046875,0,-0.020263671875,0,0.1580810546875
49.2783,0,0.046630859375,0,-1.0498046875,0,-0.020263671875,0,0.1580810546875
49.2884,0,0.046630859375,0,0.1529541015625,0,-0.020263671875,0,0.1580810546875
49.2968,0,-0.034912109375,0,0.1529541015625,0,-0.049102783203125,0,0.2237548828125
49.3075,0,-0.034912109375,0,0.13623046875,0,-0.049102783203125,0,0.1787109375
49.3183,0,0.1429443359375,0,0.13623046875,0,-0.07177734375,0,0.1787109375
49.3269,0,0.1429443359375,0,-0.343505859375,0,-0.056671142578125,0,0.2115478515625
49.3429,0,0.1016845703125,0,-0.343505859375,0,-0.056671142578125,0,0.2115478515625
49.3499,0,0.1016845703125,0,-0.2080078125,0,-0.04718017578125,0,0.1588134765625
49.3650,0,-0.08978271484375,0,-0.2080078125,0,-0.04718017578125,0,0.1588134765625
49.3733,0,-0.08978271484375,0,0.233154296875,0,-0.04718017578125,0,0.1588134765625
49.3857,0,-0.08978271484375,0,0.233154296875,0,-0.08349609375,0,0.1468505859375
49.3916,0,0.10791015625,0,-0.5703125,0,-0.1431884765625,0,0.1468505859375
49.4019,0,0.1402587890625,0,-0.5703125,0,-0.1431884765625,0,0.222900390625
49.4099,0,0.1402587890625,0,0.88720703125,0,-0.08941650390625,0,0.1832275390625
49.4249,0,-0.164794921875,0,0.88720703125,0,-0.08941650390625,0,0.1832275390625
49.4348,0,-0.164794921875,0,-0.498291015625,0,-0.032135009765625,0,-0.2198486328125
49.4469,0,-0.1634521484375,0,-0.498291015625,0,-0.032135009765625,0,-0.2198486328125
49.4513,0,-0.1634521484375,0,-0.095947265625,0,-0.04486083984375,0,-0.2198486328125
49.4669,0,0.11328125,0,-0.095947265625,0,-0.04486083984375,0,0.0673828125
49.4757,0,0.11328125,0,0.388916015625,0,-0.04486083984375,0,0.0673828125
49.4883,0,0.11328125,0,0.388916015625,0,-0.033172607421875,0,0.08282470703125
49.4928,0,0.00965118408203125,0,-0.37451171875,0,-0.033172607421875,0,0.08282470703125
49.5079,0,0.00965118408203125,0,-0.37451171875,0,-0.039520263671875,0,0.214111328125
49.5248,0,-0.0240020751953125,0,0.252685546875,0,0.0872802734375,0,0.1005859375
49.5310,0,-0.0240020751953125,0,0.658203125,0,-0.022125244140625,0,0.05035400390625
49.5454,0,0.0618896484375,0,0.658203125,0,-0.022125244140625,0,0.05035400390625
49.5497,0,0.0618896484375,0,-0.45947265625,0,-0.022125244140625,0,0.05035400390625
49.5654,0,0.0618896484375,0,-0.45947265625,0,-0.030426025390625,0,-0.162353515625
49.5723,0,-0.034881591796875,0,-0.06829833984375,0,-0.030426025390625,0,-0.162353515625
49.5852,0,-0.034881591796875,0,-0.06829833984375,0,-0.054901123046875,0,0.1365966796875
49.5933,0,-0.08447265625,0,-0.364990234375,0,-0.054901123046875,0,0.1365966796875
49.6076,0,-0.08447265625,0,-0.364990234375,0,0.027374267578125,0,-0.037933349609375
49.6148,0,0.10003662109375,0,-0.32861328125,0,0.06982421875,0,0.2188720703125
49.6258,0,0.1265869140625,0,-0.32861328125,0,0.06982421875,0,0.2188720703125
49.6359,0,0.1265869140625,0,-0.34619140625,0,0.06982421875,0,0.1240234375
49.6466,0,0.1265869140625,0,-0.34619140625,0,-0.049285888671875,0,0.1240234375
49.6559,0,0.11187744140625,0,-0.34619140625,0,-0.049285888671875,0,0.1240234375
49.6699,0,0.11187744140625,0,0.16064453125,0,0.03839111328125,0,0.1806640625
49.6756,0,0.091552734375,0,0.16064453125,0,0.03839111328125,0,0.1806640625
49.6944,0,0.040008544921875,0,-0.21923828125,0,-0.031951904296875,0,0.025054931640625
49.7060,0,0.040008544921875,0,-0.4052734375,0,-0.061614990234375,0,0.066650390625
49.7169,0,-0.183837890625,0,-0.4052734375,0,-0.061614990234375,0,0.066650390625
49.7240,0,-0.183837890625,0,-0.4833984375,0,0.046112060546875,0,0.2347412109375
49.7339,0,0.041259765625,0,-0.311767578125,0,0.046112060546875,0,0.2347412109375
49.7443,0,0.041259765625,0,-0.311767578125,0,-0.074462890625,0,0.2147216796875
49.7554,0,0.1094970703125,0,-0.311767578125,0,-0.074462890625,0,0.2147216796875
49.7664,0,0.1094970703125,0,0.06475830078125,0,-0.0271453857421875,0,-0.062042236328125
49.7748,0,0.07489013671875,0,0.06475830078125,0,-0.0271453857421875,0,-0.062042236328125
49.7858,0,0.07489013671875,0,0.094970703125,0,-0.02935791015625,0,-0.2401123046875
49.7929,0,0.018463134765625,0,0.094970703125,0,-0.02935791015625,0,-0.2401123046875
49.8058,0,0.018463134765625,0,0.595703125,0,-0.09539794921875,0,0.24609375
49.8134,0,-0.1875,0,0.595703125,0,-0.09539794921875,0,0.24609375
49.8222,0,-0.1875,0,-0.060455322265625,0,0.0400390625,0,-0.283935546875
49.8357,0,-0.04974365234375,0,-0.060455322265625,0,0.0400390625,0,-0.283935546875
49.8428,0,-0.04974365234375,0,0.4873046875,0,-0.025604248046875,0,0.127685546875
49.8510,0,-0.203369140625,0,0.4873046875,0,-0.025604248046875,0,0.127685546875
49.8646,0,-0.203369140625,0,-0.1978759765625,0,0.0721435546875,0,-0.2607421875
49.8728,0,-0.0701904296875,0,-0.1978759765625,0,0.0721435546875,0,-0.2607421875
49.8827,0,-0.0701904296875,0,-0.345458984375,0,-0.0188446044921875,0,-0.05157470703125
49.8955,0,0.07342529296875,0,-0.345458984375,0,-0.0188446044921875,0,-0.05157470703125
49.9035,0,0.07342529296875,0,0.72119140625,0,-0.057281494140625,0,-0.06451416015625
49.9111,0,-0.06292724609375,0,0.72119140625,0,-0.057281494140625,0,-0.06451416015625
49.9249,0,-0.06292724609375,0,0.53759765625,0,-0.046844482421875,0,0.1854248046875
49.9314,0,0.11175537109375,0,0.53759765625,0,-0.046844482421875,0,0.1854248046875
49.9522,0,-0.12249755859375,0,-0.1396484375,0,-0.05401611328125,0,0.052490234375
49.9631,0,-0.12249755859375,0,0.166015625,0,-0.09271240234375,0,0.2587890625
49.9734,0,-0.10101318359375,0,0.166015625,0,-0.09271240234375,0,0.2587890625
49.9865,0,-0.10101318359375,0,0.7080078125,0,-0.066650390625,0,-0.2069091796875
49.9938,0,0.1627197265625,0,0.7080078125,0,-0.066650390625,0,-0.2069091796875
50.0028,0,0.1627197265625,0,0.278076171875,0,-0.066650390625,0,-0.2069091796875
50.0144,0,0.1627197265625,0,0.278076171875,0,-0.03106689453125,0,-0.30908203125
50.0236,0,-0.317138671875,0,0.09893798828125,0,-0.03106689453125,0,-0.30908203125
50.0370,0,-0.317138671875,0,0.09893798828125,0,-0.031646728515625,0,-0.20751953125
50.0461,0,0.09759521484375,0,-0.70458984375,0,-0.031646728515625,0,0.1885986328125
50.0559,0,0.09759521484375,0,-0.70458984375,0,-0.1478271484375,0,0.1885986328125
50.0659,0,0.06146240234375,0,-0.70458984375,0,-0.1478271484375,0,0.1885986328125
50.0771,0,0.06146240234375,0,0.29541015625,0,-0.0672607421875,0,0.09893798828125
50.0896,0,0.03155517578125,0,-0.55126953125,0,-0.0357666015625,0,0.09228515625
50.1007,0,-0.043212890625,0,-0.55126953125,0,-0.0357666015625,0,0.09228515625
50.1099,0,-0.043212890625,0,0.57861328125,0,0.07257080078125,0,-0.04913330078125
50.1217,0,-0.1363525390625,0,0.57861328125,0,0.07257080078125,0,-0.04913330078125
50.1295,0,-0.1363525390625,0,0.42822265625,0,-0.1329345703125,0,-0.233642578125
50.1430,0,0.06756591796875,0,0.42822265625,0,-0.1329345703125,0,-0.233642578125
50.1500,0,0.06756591796875,0,0.25830078125,0,0.0865478515625,0,0.1719970703125
50.1611,0,0.0579833984375,0,0.25830078125,0,0.0865478515625,0,0.1719970703125
50.1701,0,0.0579833984375,0,0.2890625,0,-0.026123046875,0,-0.2410888671875
50.1812,0,-0.1651611328125,0,0.2890625,0,-0.026123046875,0,-0.2410888671875
50.1914,0,-0.1651611328125,0,-0.337158203125,0,-0.041412353515625,0,-0.12481689453125
50.2039,0,0.132568359375,0,-0.337158203125,0,-0.041412353515625,0,-0.12481689453125
50.2080,0,0.132568359375,0,0.5947265625,0,-0.05743408203125,0,0.084716796875
50.2215,0,-0.2115478515625,0,0.5947265625,0,-0.05743408203125,0,0.084716796875
50.2306,0,-0.2115478515625,0,-0.040863037109375,0,-0.037017822265625,0,0.1820068359375
50.2419,0,-0.222412109375,0,-0.040863037109375,0,-0.037017822265625,0,0.1820068359375
50.2503,0,-0.222412109375,0,-0.259765625,0,-0.07489013671875,0,-0.211669921875
50.2613,0,0.1304931640625,0,-0.259765625,0,-0.07489013671875,0,-0.211669921875
50.2726,0,0.1304931640625,0,-0.24072265625,0,-0.0733642578125,0,0.1932373046875
50.2821,0,-0.193115234375,0,-0.24072265625,0,-0.0733642578125,0,0.1932373046875
50.2894,0,-0.193115234375,0,-0.1278076171875,0,0.0533447265625,0,-0.131591796875
50.2994,0,0.1722412109375,0,-0.1278076171875,0,0.0533447265625,0,-0.131591796875
50.3091,0,0.1722412109375,0,-0.3564453125,0,-0.044921875,0,-0.07733154296875
50.3229,0,0.08380126953125,0,-0.3564453125,0,-0.044921875,0,-0.07733154296875
50.3286,0,0.08380126953125,0,-0.243408203125,0,0.0540771484375,0,0.07940673828125
50.3445,0,0.200927734375,0,-0.243408203125,0,0.0540771484375,0,0.07940673828125
50.3526,0,0.200927734375,0,0.070556640625,0,-0.03173828125,0,0.0662841796875
50.3621,0,-0.1142578125,0,0.070556640625,0,-0.03173828125,0,0.0662841796875
50.3741,0,-0.1142578125,0,0.66796875,0,-0.03173828125,0,0.0662841796875
50.3843,0,-0.176513671875,0,0.66796875,0,-0.0428466796875,0,0.179931640625
50.3914,0,-0.176513671875,0,0.06951904296875,0,-0.0428466796875,0,0.179931640625
50.4063,0,0.11053466796875,0,0.06951904296875,0,-0.06866455078125,0,0.250244140625
50.4125,0,0.11053466796875,0,-0.1932373046875,0,-0.06866455078125,0,0.0440673828125
50.4219,0,-0.26904296875,0,-0.1932373046875,0,-0.0736083984375,0,0.0440673828125
50.4333,0,-0.26904296875,0,-0.47509765625,0,-0.0736083984375,0,0.11572265625
50.4432,0,0.169921875,0,-0.47509765625,0,-0.043548583984375,0,0.11572265625
50.4545,0,0.169921875,0,0.320068359375,0,-0.028167724609375,0,-0.0609130859375
50.4662,0,-0.08447265625,0,0.320068359375,0,-0.028167724609375,0,-0.0609130859375
50.4750,0,-0.08447265625,0,0.95703125,0,-0.028167724609375,0,-0.0609130859375
50.4929,0,-0.186279296875,0,0.0850830078125,0,-0.060333251953125,0,-0.251708984375
50.5032,0,0.08428955078125,0,0.0850830078125,0,-0.06829833984375,0,0.11773681640625
50.5119,0,0.08428955078125,0,-0.63671875,0,-0.06829833984375,0,0.11773681640625
50.5232,0,0.08428955078125,0,-0.63671875,0,-0.050689697265625,0,0.1827392578125
50.5312,0,-0.126953125,0,-0.63671875,0,-0.050689697265625,0,0.1827392578125
50.5425,0,0.186767578125,0,-0.295166015625,0,-0.0231170654296875,0,0.18212890625
50.5538,0,0.186767578125,0,0.402587890625,0,-0.040618896484375,0,0.1368408203125
50.5664,0,0.1334228515625,0,0.402587890625,0,-0.040618896484375,0,0.1368408203125
50.5734,0,0.1334228515625,0,-0.30322265625,0,-0.040618896484375,0,0.1368408203125
50.5863,0,0.1334228515625,0,-0.30322265625,0,-0.031768798828125,0,-0.04400634765625
50.5945,0,-0.174072265625,0,-0.30322265625,0,-0.031768798828125,0,-0.04400634765625
50.6050,0,-0.174072265625,0,-0.254638671875,0,-0.09423828125,0,0.1876220703125
50.6149,0,-0.092529296875,0,-0.254638671875,0,-0.09423828125,0,0.1876220703125
50.6244,0,-0.092529296875,0,-0.1072998046875,0,-0.13623046875,0,-0.1494140625
50.6373,0,0.0784912109375,0,-0.1072998046875,0,-0.13623046875,0,-0.1494140625
50.6481,0,0.0784912109375,0,0.40673828125,0,-0.076171875,0,0.1177978515625
50.6554,0,0.1341552734375,0,0.40673828125,0,-0.076171875,0,0.1177978515625
50.6619,0,0.1341552734375,0,-0.251708984375,0,-0.07830810546875,0,0.128173828125
50.6768,0,-0.16552734375,0,-0.251708984375,0,-0.07830810546875,0,0.128173828125
50.6837,0,-0.16552734375,0,-0.1798095703125,0,-0.049346923828125,0,0.1319580078125
50.6979,0,-0.181396484375,0,-0.1798095703125,0,-0.049346923828125,0,0.1319580078125
50.7065,0,-0.181396484375,0,-0.427490234375,0,-0.052764892578125,0,0.1680908203125
50.7167,0,0.0440673828125,0,-0.427490234375,0,-0.052764892578125,0,0.1680908203125
50.7320,0,0.1593017578125,0,0.8720703125,0,-0.08917236328125,0,-0.130859375
50.7419,0,0.1593017578125,0,0.159912109375,0,0.060577392578125,0,-0.08685302734375
50.7525,0,0.056793212890625,0,0.159912109375,0,0.060577392578125,0,-0.08685302734375
50.7612,0,0.056793212890625,0,0.2646484375,0,-0.058868408203125,0,0.1614990234375
50.7740,0,0.037109375,0,0.2646484375,0,-0.058868408203125,0,0.1614990234375
50.7806,0,0.037109375,0,-0.7568359375,0,-0.0716552734375,0,0.1614990234375
50.7932,0,-0.1014404296875,0,-0.7568359375,0,-0.0716552734375,0,0.1898193359375
50.8002,0,-0.1014404296875,0,-0.369140625,0,-0.01520538330078125,0,0.1898193359375
50.8138,0,-0.25537109375,0,-0.369140625,0,-0.01520538330078125,0,-0.132568359375
50.8221,0,-0.25537109375,0,0.13623046875,0,-0.08758544921875,0,-0.19677734375
50.8363,0,0.09637451171875,0,0.13623046875,0,-0.08758544921875,0,-0.19677734375
50.8434,0,0.09637451171875,0,0.52001953125,0,-0.08758544921875,0,-0.19677734375
50.8527,0,0.1102294921875,0,0.52001953125,0,-0.1007080078125,0,0.08355712890625
50.8610,0,0.1102294921875,0,-0.231689453125,0,-0.1007080078125,0,0.08355712890625
50.8762,0,0.0772705078125,0,-0.231689453125,0,-0.068603515625,0,0.0235137939453125
50.8820,0,0.0772705078125,0,-0.42724609375,0,-0.068603515625,0,0.0235137939453125
50.8944,0,-0.1279296875,0,-0.42724609375,0,0.02630615234375,0,-0.01058197021484375
50.9046,0,-0.1279296875,0,-0.1260986328125,0,0.02630615234375,0,-0.01058197021484375
50.9117,0,0.1373291015625,0,-0.1260986328125,0,0.05810546875,0,-0.08056640625
50.9223,0,0.1373291015625,0,-0.08013916015625,0,0.05810546875,0,-0.08056640625
50.9302,0,0.018890380859375,0,-0.08013916015625,0,0.0595703125,0,0.08905029296875
50.9451,0,0.018890380859375,0,-0.1771240234375,0,0.0595703125,0,0.08905029296875
50.9546,0,0.1697998046875,0,-0.1771240234375,0,-0.03607177734375,0,0.203369140625
50.9658,0,0.1697998046875,0,-0.202392578125,0,-0.03607177734375,0,0.203369140625
50.9741,0,-0.1453857421875,0,-0.202392578125,0,-0.103759765625,0,0.1849365234375
50.9885,0,-0.1453857421875,0,-0.2159423828125,0,-0.103759765625,0,-0.2203369140625
50.9939,0,-0.1944580078125,0,-0.2159423828125,0,-0.05029296875,0,-0.2203369140625
51.0082,0,-0.1944580078125,0,-0.28271484375,0,0.0806884765625,0,0.061676025390625
51.0135,0,-0.055938720703125,0,-0.28271484375,0,0.0806884765625,0,0.061676025390625
51.0269,0,-0.055938720703125,0,-0.1307373046875,0,0.0806884765625,0,0.061676025390625
51.0465,0,0.2041015625,0,0.2900390625,0,-0.053436279296875,0,-0.267578125
51.0517,0,0.129638671875,0,0.2900390625,0,-0.082275390625,0,-0.2237548828125
51.0655,0,0.129638671875,0,-0.054168701171875,0,-0.02813720703125,0,-0.2237548828125
51.0737,0,-0.208984375,0,-0.054168701171875,0,-0.02813720703125,0,0.19921875
51.0859,0,-0.208984375,0,0.0809326171875,0,-0.0631103515625,0,0.19921875
51.0922,0,0.08447265625,0,0.0809326171875,0,-0.0631103515625,0,0.2314453125
51.1083,0,0.08447265625,0,-0.275146484375,0,-0.051116943359375,0,0.2030029296875
51.1127,0,0.1849365234375,0,-0.275146484375,0,-0.051116943359375,0,0.2030029296875
51.1291,0,0.1849365234375,0,-0.451904296875,0,-0.051116943359375,0,0.2030029296875
51.1441,0,-0.25634765625,0,0.5478515625,0,-0.038421630859375,0,-0.162109375
51.1469,0,-0.2392578125,0,0.5478515625,0,-0.0291748046875,0,-0.2283935546875
51.1619,0,-0.2392578125,0,0.93603515625,0,-0.0291748046875,0,-0.05059814453125
51.1665,0,-0.10009765625,0,0.93603515625,0,-0.050384521484375,0,-0.05059814453125
51.1816,0,-0.10009765625,0,-0.269287109375,0,-0.050384521484375,0,-0.05059814453125
51.1876,0,0.07171630859375,0,-0.269287109375,0,-0.09063720703125,0,0.076904296875
51.2033,0,0.07171630859375,0,0.1690673828125,0,-0.09063720703125,0,0.076904296875
51.2128,0,-0.1646728515625,0,0.1690673828125,0,-0.11199951171875,0,-0.2308349609375
51.2224,0,-0.1646728515625,0,-0.3818359375,0,-0.11199951171875,0,-0.2308349609375
51.2298,0,-0.1646728515625,0,-0.3818359375,0,-0.11199951171875,0,-0.085693359375
51.2395,0,0.118408203125,0,-0.3818359375,0,-0.080322265625,0,-0.085693359375
51.2477,0,0.118408203125,0,0.048248291015625,0,-0.046600341796875,0,0.05316162109375
51.2602,0,-0.1552734375,0,0.048248291015625,0,-0.046600341796875,0,0.05316162109375
51.2673,0,-0.1552734375,0,-0.279541015625,0,-0.084716796875,0,-0.1566162109375
51.2819,0,-0.184814453125,0,-0.279541015625,0,-0.084716796875,0,-0.1566162109375
51.2890,0,-0.184814453125,0,0.464599609375,0,-0.084716796875,0,-0.1566162109375
51.3057,0,0.0987548828125,0,0.464599609375,0,-0.05535888671875,0,-0.2421875
51.3090,0,0.0987548828125,0,-0.393798828125,0,-0.05535888671875,0,-0.2421875
51.3206,0,-0.1348876953125,0,-0.393798828125,0,0.0400390625,0,0.2071533203125
51.3280,0,-0.1348876953125,0,-0.028167724609375,0,-0.030181884765625,0,0.2071533203125
51.3439,0,-0.206298828125,0,-0.028167724609375,0,-0.030181884765625,0,-0.243896484375
51.3496,0,-0.206298828125,0,-0.163330078125,0,-0.030181884765625,0,-0.243896484375
51.3621,0,-0.24853515625,0,-0.163330078125,0,0.09234619140625,0,0.2391357421875
51.3710,0,-0.24853515625,0,0.85498046875,0,0.09234619140625,0,0.2391357421875
51.3823,0,-0.1383056640625,0,0.85498046875,0,0.05712890625,0,-0.23388671875
51.3911,0,-0.1383056640625,0,-0.3876953125,0,0.05712890625,0,-0.23388671875
51.4030,0,0.042083740234375,0,-0.3876953125,0,-0.069580078125,0,-0.227783203125
51.4110,0,0.042083740234375,0,-0.3740234375,0,-0.069580078125,0,-0.227783203125
51.4226,0,0.0966796875,0,-0.3740234375,0,0.028411865234375,0,-0.1715087890625
51.4311,0,0.0966796875,0,-0.1690673828125,0,0.028411865234375,0,-0.1715087890625
51.4434,0,-0.02203369140625,0,-0.1690673828125,0,-0.064453125,0,0.033538818359375
51.4525,0,-0.02203369140625,0,-0.481689453125,0,-0.064453125,0,0.033538818359375
51.4652,0,-0.159423828125,0,-0.481689453125,0,-0.04339599609375,0,-0.06683349609375
51.4723,0,-0.159423828125,0,1.01953125,0,-0.04339599609375,0,-0.06683349609375
51.4847,0,0.11431884765625,0,1.01953125,0,-0.07354736328125,0,0.12060546875
51.4934,0,0.11431884765625,0,0.3203125,0,-0.07354736328125,0,0.12060546875
51.5060,0,0.1903076171875,0,0.3203125,0,-0.08953857421875,0,-0.1485595703125
51.5142,0,0.1903076171875,0,0.03021240234375,0,-0.08953857421875,0,-0.1485595703125
51.5250,0,-0.287353515625,0,0.03021240234375,0,-0.04742431640625,0,0.1866455078125
51.5395,0,-0.287353515625,0,0.391845703125,0,-0.086181640625,0,0.1866455078125
51.5441,0,0.1602783203125,0,0.391845703125,0,-0.086181640625,0,-0.299072265625
51.5537,0,0.1602783203125,0,0.623046875,0,-0.086181640625,0,-0.299072265625
51.5630,0,-0.1290283203125,0,0.623046875,0,-0.0587158203125,0,0.150390625
51.5744,0,-0.1290283203125,0,0.362548828125,0,-0.0587158203125,0,0.150390625
51.5834,0,-0.036529541015625,0,0.362548828125,0,0.017730712890625,0,-0.025482177734375
51.5931,0,-0.036529541015625,0,-0.31494140625,0,0.017730712890625,0,-0.025482177734375
51.6033,0,-0.041961669921875,0,-0.31494140625,0,-0.046661376953125,0,-0.1083984375
51.6195,0,-0.041961669921875,0,-0.310546875,0,-0.046661376953125,0,-0.1083984375
51.6237,0,0.127685546875,0,-0.310546875,0,-0.05780029296875,0,-0.075439453125
51.6392,0,0.127685546875,0,-0.5654296875,0,-0.05780029296875,0,-0.075439453125
51.6442,0,0.135009765625,0,-0.5654296875,0,-0.047271728515625,0,-0.0694580078125
51.6600,0,0.135009765625,0,0.1468505859375,0,-0.09442138671875,0,0.220458984375
51.6658,0,-0.3408203125,0,0.1468505859375,0,-0.09442138671875,0,0.220458984375
51.6811,0,-0.3408203125,0,0.029052734375,0,-0.09442138671875,0,0.220458984375
51.6946,0,-0.1630859375,0,0.029052734375,0,-0.054931640625,0,-0.15185546875
51.7029,0,-0.1630859375,0,0.37890625,0,-0.06768798828125,0,-0.204833984375
51.7138,0,0.1768798828125,0,0.37890625,0,-0.06768798828125,0,-0.204833984375
51.7245,0,0.1768798828125,0,-0.214599609375,0,-0.056549072265625,0,0.083740234375
51.7327,0,-0.10894775390625,0,-0.214599609375,0,-0.056549072265625,0,0.083740234375
51.7431,0,-0.10894775390625,0,0.1231689453125,0,-0.056549072265625,0,0.083740234375
51.7539,0,-0.1824951171875,0,0.1231689453125,0,-0.04437255859375,0,0.194580078125
51.7640,0,-0.1824951171875,0,-0.227783203125,0,-0.04437255859375,0,0.194580078125
51.7751,0,-0.267578125,0,-0.227783203125,0,0.0078125,0,0.20703125
51.7858,0,-0.267578125,0,-0.0248260498046875,0,0.0078125,0,0.20703125
51.7959,0,0.1331787109375,0,-0.0248260498046875,0,-0.08917236328125,0,-0.247802734375
51.8122,0,0.1585693359375,0,0.1005859375,0,-0.087158203125,0,0.0266876220703125
51.8226,0,0.1585693359375,0,-0.5224609375,0,-0.087158203125,0,0.0266876220703125
51.8308,0,-0.10894775390625,0,-0.5224609375,0,-0.04669189453125,0,0.08001708984375
51.8430,0,-0.10894775390625,0,0.310791015625,0,-0.04669189453125,0,0.08001708984375
51.8539,0,0.28515625,0,0.310791015625,0,-0.0474853515625,0,-0.06024169921875
51.8635,0,0.28515625,0,-0.434814453125,0,-0.0474853515625,0,-0.06024169921875
51.8726,0,-0.247802734375,0,-0.434814453125,0,-0.03118896484375,0,0.208740234375
51.8828,0,-0.247802734375,0,-0.435546875,0,-0.03118896484375,0,0.208740234375
51.8916,0,0.131591796875,0,-0.435546875,0,-0.03753662109375,0,-0.17919921875
51.9019,0,0.131591796875,0,-0.5595703125,0,-0.03753662109375,0,-0.17919921875
51.9115,0,0.1949462890625,0,-0.5595703125,0,0.0236663818359375,0,0.0994873046875
51.9253,0,0.1949462890625,0,-0.455322265625,0,0.0236663818359375,0,0.0994873046875
51.9308,0,0.094970703125,0,-0.455322265625,0,-0.0628662109375,0,0.150634765625
51.9441,0,0.094970703125,0,0.06787109375,0,-0.0628662109375,0,0.150634765625
51.9521,0,0.0572509765625,0,0.06787109375,0,-0.043548583984375,0,0.23193359375
51.9640,0,0.0572509765625,0,-0.1951904296875,0,-0.043548583984375,0,0.23193359375
51.9733,0,-0.14697265625,0,-0.1951904296875,0,-0.057281494140625,0,-0.1251220703125
51.9860,0,-0.14697265625,0,-0.257080078125,0,-0.057281494140625,0,-0.1251220703125
51.9936,0,0.1427001953125,0,-0.257080078125,0,-0.04742431640625,0,-0.0257415771484375
52.0053,0,0.1427001953125,0,0.638671875,0,-0.04742431640625,0,-0.0257415771484375
52.0130,0,0.1427001953125,0,0.638671875,0,-0.023193359375,0,-0.18505859375
52.0277,0,0.0626220703125,0,0.1619873046875,0,-0.023193359375,0,-0.18505859375
52.0337,0,0.0626220703125,0,0.1619873046875,0,-0.049560546875,0,0.154541015625
52.0440,0,0.15771484375,0,-0.40283203125,0,-0.049560546875,0,0.154541015625
52.0524,0,0.15771484375,0,-0.40283203125,0,0.056060791015625,0,0.2066650390625
52.0654,0,-0.17578125,0,-0.250244140625,0,0.056060791015625,0,0.2066650390625
52.0746,0,-0.17578125,0,-0.250244140625,0,0.056060791015625,0,0.1727294921875
52.0873,0,0.11962890625,0,-0.556640625,0,0.0212554931640625,0,0.1727294921875
52.0938,0,0.11962890625,0,-0.556640625,0,0.0212554931640625,0,-0.01181793212890625
52.1058,0,-0.2174072265625,0,0.215576171875,0,-0.0156097412109375,0,-0.01181793212890625
52.1201,0,0.1424560546875,0,-0.7978515625,0,0.05615234375,0,-0.2900390625
52.1288,0,0.1424560546875,0,-0.7978515625,0,0.05615234375,0,0.072265625
52.1441,0,0.1468505859375,0,0.39404296875,0,0.021240234375,0,0.072265625
52.1499,0,0.1468505859375,0,0.39404296875,0,0.021240234375,0,-0.185546875
52.1635,0,-0.1949462890625,0,0.39453125,0,-0.0469970703125,0,-0.185546875
52.1682,0,-0.1949462890625,0,0.39453125,0,-0.0469970703125,0,0.1920166015625
52.1792,0,-0.195068359375,0,-0.44091796875,0,-0.10614013671875,0,0.1920166015625
52.1886,0,-0.195068359375,0,-0.44091796875,0,-0.10614013671875,0,-0.11767578125
52.2009,0,0.1873779296875,0,-0.44091796875,0,-0.12322998046875,0,-0.11767578125
52.2111,0,0.1873779296875,0,0.09527587890625,0,-0.12322998046875,0,-0.22265625
52.2214,0,-0.1397705078125,0,0.09527587890625,0,-0.053741455078125,0,-0.22265625
52.2301,0,-0.1397705078125,0,0.214599609375,0,-0.053741455078125,0,0.031494140625
52.2426,0,0.16357421875,0,0.214599609375,0,-0.031280517578125,0,0.031494140625
52.2505,0,0.16357421875,0,-0.34814453125,0,-0.031280517578125,0,0.198486328125
52.2669,0,-0.239990234375,0,0.378662109375,0,-0.039703369140625,0,0.198486328125
52.2717,0,-0.239990234375,0,0.378662109375,0,-0.039703369140625,0,-0.00909423828125
52.2837,0,-0.31103515625,0,0.378662109375,0,-0.038421630859375,0,-0.00909423828125
52.2976,0,-0.31103515625,0,0.05340576171875,0,-0.038421630859375,0,0.039886474609375
52.3034,0,-0.1787109375,0,0.05340576171875,0,0.0140380859375,0,0.039886474609375
52.3122,0,-0.1787109375,0,0.145263671875,0,0.0140380859375,0,-0.1204833984375
52.3238,0,0.1263427734375,0,0.145263671875,0,-0.06988525390625,0,-0.1204833984375
52.3322,0,0.1263427734375,0,-0.25341796875,0,-0.06988525390625,0,-0.042694091796875
52.3456,0,0.1263427734375,0,-0.25341796875,0,-0.039459228515625,0,-0.042694091796875
52.3566,0,0.0972900390625,0,0.391845703125,0,-0.039459228515625,0,-0.263671875
52.3729,0,0.1436767578125,0,-0.260009765625,0,-0.047576904296875,0,-0.263671875
52.3837,0,0.07122802734375,0,-0.260009765625,0,-0.02130126953125,0,0.1226806640625
52.3942,0,0.07122802734375,0,-0.38623046875,0,-0.02130126953125,0,0.1226806640625
52.4044,0,0.07122802734375,0,-0.38623046875,0,-0.05731201171875,0,-0.07952880859375
52.4181,0,0.09918212890625,0,0.301513671875,0,-0.05731201171875,0,-0.2310791015625
52.4242,0,0.09918212890625,0,0.301513671875,0,-0.08331298828125,0,-0.2310791015625
52.4328,0,-0.11541748046875,0,-0.2225341796875,0,-0.08331298828125,0,-0.2310791015625
52.4441,0,-0.11541748046875,0,-0.2225341796875,0,-0.064697265625,0,-0.286865234375
52.4524,0,0.103271484375,0,-0.391357421875,0,-0.064697265625,0,-0.286865234375
52.4636,0,0.1373291015625,0,-0.391357421875,0,-0.04449462890625,0,0.054168701171875
52.4750,0,0.1373291015625,0,0.955078125,0,-0.04449462890625,0,0.054168701171875
52.4832,0,0.1373291015625,0,0.955078125,0,-0.060791015625,0,-0.2303466796875
52.4918,0,0.172119140625,0,-0.022430419921875,0,-0.060791015625,0,-0.2303466796875
52.5060,0,0.172119140625,0,-0.022430419921875,0,-0.060791015625,0,-0.17822265625
52.5138,0,-0.1773681640625,0,0.59765625,0,-0.05389404296875,0,-0.17822265625
52.5244,0,-0.1773681640625,0,0.59765625,0,-0.0113372802734375,0,0.173583984375
52.5327,0,-0.027435302734375,0,0.06329345703125,0,-0.0113372802734375,0,0.173583984375
52.5456,0,-0.027435302734375,0,0.06329345703125,0,-0.07110595703125,0,0.17822265625
52.5533,0,-0.1845703125,0,0.11895751953125,0,-0.07110595703125,0,0.17822265625
52.5643,0,-0.1845703125,0,0.11895751953125,0,0.1273193359375,0,-0.254150390625
52.5746,0,-0.032318115234375,0,0.2237548828125,0,0.1273193359375,0,-0.254150390625
52.5839,0,-0.032318115234375,0,0.2237548828125,0,-0.03265380859375,0,0.2149658203125
52.5955,0,0.1943359375,0,0.2237548828125,0,-0.03265380859375,0,0.2149658203125
52.6062,0,0.1943359375,0,-0.005664825439453125,0,-0.12469482421875,0,0.15283203125
52.6142,0,0.1368408203125,0,-0.11077880859375,0,-0.12469482421875,0,0.15283203125
52.6269,0,0.1368408203125,0,-0.11077880859375,0,-0.12469482421875,0,0.205322265625
52.6351,0,0.1761474609375,0,-0.2037353515625,0,-0.09381103515625,0,0.205322265625
52.6452,0,0.1761474609375,0,-0.2037353515625,0,-0.09381103515625,0,-0.0660400390625
52.6555,0,0.1124267578125,0,-0.2037353515625,0,-0.021636962890625,0,-0.0660400390625
52.6730,0,0.0740966796875,0,0.53173828125,0,-0.07366943359375,0,-0.07855224609375
52.6858,0,0.0740966796875,0,-0.37060546875,0,-0.07366943359375,0,0.2056884765625
52.6954,0,-0.055755615234375,0,-0.37060546875,0,-0.034088134765625,0,0.2056884765625
52.7029,0,-0.055755615234375,0,-0.94140625,0,-0.034088134765625,0,0.1275634765625
52.7151,0,0.1121826171875,0,-0.94140625,0,-0.09765625,0,0.1275634765625
52.7263,0,0.1121826171875,0,-0.326904296875,0,-0.09765625,0,-0.08721923828125
52.7324,0,-0.2454833984375,0,-0.326904296875,0,-0.033050537109375,0,-0.08721923828125
52.7447,0,-0.2454833984375,0,1.0654296875,0,-0.033050537109375,0,0.19384765625
52.7518,0,-0.03363037109375,0,1.0654296875,0,0.051116943359375,0,0.19384765625
52.7657,0,-0.03363037109375,0,-0.5751953125,0,0.051116943359375,0,0.1986083984375
52.7744,0,0.0360107421875,0,-0.5751953125,0,-0.062042236328125,0,0.1986083984375
52.7858,0,0.0360107421875,0,0.03466796875,0,-0.062042236328125,0,0.1600341796875
52.7952,0,0.0748291015625,0,0.03466796875,0,-0.022979736328125,0,0.1600341796875
52.8058,0,0.0748291015625,0,-0.118896484375,0,-0.022979736328125,0,-0.0374755859375
52.8144,0,-0.2440185546875,0,-0.118896484375,0,-0.06805419921875,0,-0.0374755859375
52.8310,0,-0.12066650390625,0,0.465576171875,0,-0.03240966796875,0,-0.0762939453125
52.8437,0,-0.12066650390625,0,0.73291015625,0,-0.03240966796875,0,-0.0762939453125
52.8505,0,0.14599609375,0,0.73291015625,0,-0.0909423828125,0,-0.277587890625
52.8649,0,0.14599609375,0,0.0657958984375,0,-0.0909423828125,0,-0.059295654296875
52.8720,0,0.14599609375,0,0.0657958984375,0,-0.056488037109375,0,-0.059295654296875
52.8830,0,0.052459716796875,0,0.435791015625,0,-0.056488037109375,0,-0.059295654296875
52.8943,0,-0.10467529296875,0,0.435791015625,0,-0.03021240234375,0,-0.03704833984375
52.9015,0,-0.10467529296875,0,0.53564453125,0,-0.03021240234375,0,-0.03704833984375
52.9105,0,-0.0662841796875,0,0.53564453125,0,0.052215576171875,0,0.03216552734375
52.9239,0,-0.0662841796875,0,-0.1396484375,0,0.052215576171875,0,0.03216552734375
52.9297,0,0.267578125,0,-0.1396484375,0,-0.061370849609375,0,-0.2196044921875
52.9431,0,0.267578125,0,-0.235107421875,0,-0.061370849609375,0,-0.2196044921875
52.9496,0,0.267578125,0,-0.235107421875,0,0.0635986328125,0,-0.076904296875
52.9626,0,0.1800537109375,0,0.312255859375,0,0.0635986328125,0,-0.076904296875
52.9726,0,0.1800537109375,0,0.312255859375,0,-0.03692626953125,0,0.1812744140625
52.9846,0,0.2249755859375,0,0.25,0,-0.03692626953125,0,0.1812744140625
52.9923,0,0.1318359375,0,0.25,0,-0.042572021484375,0,-0.1640625
53.0030,0,0.1318359375,0,-0.279541015625,0,-0.042572021484375,0,-0.1640625
53.0142,0,0.1478271484375,0,-0.279541015625,0,-0.018157958984375,0,0.2022705078125
53.0241,0,0.1478271484375,0,0.08294677734375,0,-0.018157958984375,0,0.2022705078125
53.0324,0,0.1478271484375,0,0.08294677734375,0,-0.10888671875,0,-0.045928955078125
53.0437,0,-0.0648193359375,0,0.292724609375,0,-0.10888671875,0,-0.045928955078125
53.0523,0,-0.0648193359375,0,0.292724609375,0,-0.0423583984375,0,0.004016876220703125
53.0644,0,0.09735107421875,0,-0.25732421875,0,-0.0423583984375,0,0.004016876220703125
53.0759,0,0.09735107421875,0,-0.25732421875,0,-0.020660400390625,0,0.1871337890625
53.0842,0,0.1612548828125,0,-0.52783203125,0,-0.020660400390625,0,0.1871337890625
53.0931,0,0.1612548828125,0,-0.52783203125,0,-0.03997802734375,0,0.044891357421875
53.1043,0,-0.09613037109375,0,-0.177490234375,0,-0.03997802734375,0,0.044891357421875
53.1137,0,-0.09613037109375,0,-0.177490234375,0,-0.034912109375,0,0.2264404296875
53.1283,0,0.02996826171875,0,0.7314453125,0,-0.034912109375,0,0.2264404296875
53.1327,0,0.02996826171875,0,0.7314453125,0,-0.0767822265625,0,-0.1900634765625
53.1450,0,0.040740966796875,0,-0.275634765625,0,-0.0767822265625,0,-0.1900634765625
53.1534,0,0.040740966796875,0,-0.275634765625,0,-0.045166015625,0,-0.12005615234375
53.1670,0,0.09588623046875,0,-0.275634765625,0,-0.045166015625,0,-0.12005615234375
53.1735,0,0.09588623046875,0,0.5390625,0,-0.0394287109375,0,0.204833984375
53.1910,0,0.0997314453125,0,-0.55517578125,0,-0.0753173828125,0,0.204833984375
53.2060,0,-0.31201171875,0,-0.55517578125,0,-0.0753173828125,0,0.1756591796875
53.2113,0,-0.31201171875,0,-0.37451171875,0,-0.0753173828125,0,0.1756591796875
53.2265,0,0.0703125,0,-0.37451171875,0,-0.093505859375,0,-0.0948486328125
53.2317,0,0.0703125,0,0.292236328125,0,-0.093505859375,0,-0.0948486328125
53.2436,0,-0.167724609375,0,0.292236328125,0,-0.09112548828125,0,0.09661865234375
53.2586,0,-0.167724609375,0,-0.354248046875,0,0.11669921875,0,-0.11737060546875
53.2626,0,-0.1097412109375,0,-0.354248046875,0,0.11669921875,0,-0.11737060546875
53.2727,0,-0.1097412109375,0,-0.443603515625,0,-0.04107666015625,0,0.21435546875
53.2839,0,-0.1654052734375,0,-0.443603515625,0,-0.04107666015625,0,0.21435546875
53.2924,0,-0.1654052734375,0,-0.3994140625,0,-0.0279388427734375,0,-0.0292816162109375
53.3190,0,0.1348876953125,0,1.1611328125,0,-0.034912109375,0,-0.00942230224609375
53.3249,0,-0.2313232421875,0,1.1611328125,0,-0.034912109375,0,-0.00942230224609375
53.3334,0,-0.2313232421875,0,0.0780029296875,0,-0.034912109375,0,-0.00942230224609375
53.3500,0,0.1727294921875,0,0.0780029296875,0,-0.05670166015625,0,-0.1492919921875
53.3684,0,-0.11669921875,0,-0.1412353515625,0,-0.050048828125,0,0.192626953125
53.3734,0,-0.11669921875,0,0.088623046875,0,-0.050048828125,0,0.192626953125
53.3843,0,0.05120849609375,0,0.088623046875,0,-0.01348114013671875,0,0.11822509765625
53.3929,0,0.05120849609375,0,-0.31884765625,0,-0.01348114013671875,0,0.11822509765625
53.4071,0,0.12646484375,0,-0.31884765625,0,-0.08319091796875,0,0.039093017578125
53.4149,0,0.12646484375,0,0.7333984375,0,-0.08319091796875,0,0.039093017578125
53.4247,0,0.12646484375,0,0.7333984375,0,-0.09027099609375,0,-0.02508544921875
53.4311,0,0.12384033203125,0,0.10009765625,0,-0.09027099609375,0,-0.02508544921875
53.4423,0,-0.0308380126953125,0,0.10009765625,0,-0.0443115234375,0,-0.242919921875
53.4506,0,-0.0308380126953125,0,-0.322998046875,0,-0.0443115234375,0,-0.242919921875
53.4657,0,0.138427734375,0,-0.322998046875,0,0.06842041015625,0,0.13720703125
53.4717,0,0.138427734375,0,0.04071044921875,0,0.06842041015625,0,0.13720703125
53.4825,0,0.138427734375,0,0.04071044921875,0,-0.09722900390625,0,0.034149169921875
53.4913,0,-0.1014404296875,0,0.73486328125,0,-0.09722900390625,0,0.034149169921875
53.5030,0,-0.1014404296875,0,0.73486328125,0,-0.10198974609375,0,-0.06134033203125
53.5123,0,0.033355712890625,0,-0.10418701171875,0,-0.10198974609375,0,-0.06134033203125
53.5224,0,0.033355712890625,0,-0.10418701171875,0,-0.102294921875,0,-0.237060546875
53.5320,0,-0.0251312255859375,0,0.051605224609375,0,-0.102294921875,0,-0.237060546875
53.5423,0,-0.0251312255859375,0,0.051605224609375,0,-0.00960540771484375,0,-0.237060546875
53.5574,0,0.045196533203125,0,-0.40869140625,0,-0.00960540771484375,0,0.05908203125
53.5639,0,0.045196533203125,0,-0.40869140625,0,-0.046539306640625,0,0.037139892578125
53.5764,0,0.029998779296875,0,-0.40869140625,0,-0.046539306640625,0,0.037139892578125
53.5832,0,0.029998779296875,0,-0.08984375,0,-0.052337646484375,0,0.12457275390625
53.5967,0,-0.07354736328125,0,0.32666015625,0,-0.052337646484375,0,0.12457275390625
53.6030,0,-0.07354736328125,0,0.32666015625,0,0.036529541015625,0,0.12457275390625
53.6123,0,-0.0270843505859375,0,-0.32470703125,0,0.036529541015625,0,0.04034423828125
53.6232,0,-0.0270843505859375,0,-0.32470703125,0,-0.06219482421875,0,0.04034423828125
53.6342,0,-0.0946044921875,0,-0.32470703125,0,-0.06219482421875,0,-0.229248046875
53.6430,0,-0.0946044921875,0,-0.8798828125,0,-0.08258056640625,0,-0.0367431640625
53.6535,0,0.136962890625,0,-0.8798828125,0,-0.08258056640625,0,-0.0367431640625
53.6644,0,0.136962890625,0,-0.119873046875,0,-0.043975830078125,0,0.242919921875
53.6776,0,-0.162841796875,0,-0.119873046875,0,-0.043975830078125,0,0.242919921875
53.6837,0,-0.162841796875,0,-0.2161865234375,0,0.035919189453125,0,0.242919921875
53.6941,0,-0.146728515625,0,-0.2161865234375,0,0.035919189453125,0,-0.12841796875
53.7060,0,-0.146728515625,0,-0.1737060546875,0,-0.047607421875,0,-0.12841796875
53.7136,0,-0.26416015625,0,-0.1737060546875,0,-0.047607421875,0,-0.2196044921875
53.7254,0,-0.26416015625,0,-0.11688232421875,0,-0.05865478515625,0,0.1387939453125
53.7354,0,-0.243896484375,0,-0.11688232421875,0,-0.05865478515625,0,0.1387939453125
53.7455,0,-0.243896484375,0,0.828125,0,-0.061279296875,0,0.178955078125
53.7534,0,-0.142333984375,0,0.828125,0,-0.061279296875,0,0.178955078125
53.7649,0,-0.142333984375,0,-0.34423828125,0,-0.07843017578125,0,0.178955078125
53.7731,0,-0.146484375,0,-0.34423828125,0,-0.07843017578125,0,-0.148681640625
53.7835,0,-0.146484375,0,0.398193359375,0,-0.07843017578125,0,-0.148681640625
53.7921,0,-0.25830078125,0,0.398193359375,0,-0.046295166015625,0,0.11993408203125
53.8028,0,-0.25830078125,0,0.1876220703125,0,0.017852783203125,0,0.11993408203125
53.8129,0,-0.2120361328125,0,0.1876220703125,0,0.017852783203125,0,0.123291015625
53.8265,0,-0.2120361328125,0,0.2152099609375,0,-0.11407470703125,0,0.123291015625
53.8323,0,-0.2120361328125,0,0.2152099609375,0,-0.11407470703125,0,0.1429443359375
53.8432,0,-0.216064453125,0,-0.47021484375,0,-0.11407470703125,0,0.1429443359375
53.8515,0,-0.10321044921875,0,-0.47021484375,0,-0.0513916015625,0,0.155029296875
53.8629,0,-0.10321044921875,0,-0.264404296875,0,-0.0513916015625,0,0.155029296875
53.8713,0,0.1168212890625,0,-0.264404296875,0,0.0860595703125,0,0.2164306640625
53.8825,0,0.1168212890625,0,-0.8447265625,0,0.0860595703125,0,0.2164306640625
53.8950,0,-0.032684326171875,0,-0.8447265625,0,-0.038330078125,0,0.082275390625
53.9040,0,-0.032684326171875,0,-0.36181640625,0,-0.038330078125,0,0.082275390625
53.9165,0,-0.032684326171875,0,-0.36181640625,0,-0.031036376953125,0,-0.2529296875
53.9286,0,0.1790771484375,0,0.415771484375,0,-0.031036376953125,0,-0.2529296875
53.9322,0,0.1790771484375,0,0.415771484375,0,-0.0897216796875,0,-0.049835205078125
53.9444,0,-0.1890869140625,0,0.62109375,0,-0.0897216796875,0,-0.049835205078125
53.9529,0,-0.1890869140625,0,0.62109375,0,-0.0804443359375,0,-0.1796875
53.9641,0,0.16748046875,0,0.198486328125,0,-0.0804443359375,0,-0.1796875
53.9722,0,0.1156005859375,0,0.198486328125,0,-0.0210723876953125,0,0.1573486328125
53.9858,0,0.1156005859375,0,-0.192626953125,0,-0.0210723876953125,0,0.1573486328125
53.9929,0,0.1156005859375,0,-0.192626953125,0,-0.0193023681640625,0,0.142578125
54.0072,0,0.08050537109375,0,-0.494384765625,0,-0.0193023681640625,0,0.142578125
54.0132,0,0.08050537109375,0,-0.494384765625,0,-0.06390380859375,0,-0.23388671875
54.0277,0,0.10302734375,0,-0.494384765625,0,-0.06390380859375,0,-0.23388671875
54.0449,0,-0.06005859375,0,-0.28515625,0,0.01450347900390625,0,0.127197265625
54.0514,0,-0.06005859375,0,-0.28515625,0,-0.09466552734375,0,-0.257568359375
54.0649,0,0.045501708984375,0,-0.28515625,0,-0.09466552734375,0,-0.257568359375
54.0726,0,0.045501708984375,0,-0.2037353515625,0,-0.042938232421875,0,-0.02947998046875
54.0851,0,-0.08868408203125,0,-0.2037353515625,0,-0.042938232421875,0,-0.02947998046875
54.0929,0,-0.08868408203125,0,-0.24658203125,0,-0.08892822265625,0,0.1751708984375
54.1059,0,0.07574462890625,0,-0.24658203125,0,-0.08892822265625,0,0.1751708984375
54.1139,0,0.07574462890625,0,0.76904296875,0,-0.1651611328125,0,0.0284423828125
54.1257,0,-0.11553955078125,0,0.76904296875,0,-0.1651611328125,0,0.0284423828125
54.1328,0,-0.11553955078125,0,-0.1751708984375,0,-0.053009033203125,0,0.12353515625
54.1450,0,-0.07830810546875,0,-0.1751708984375,0,-0.053009033203125,0,0.12353515625
54.1533,0,-0.07830810546875,0,0.201171875,0,-0.0274200439453125,0,0.178955078125
54.1644,0,-0.047821044921875,0,0.201171875,0,-0.0274200439453125,0,0.178955078125
54.1734,0,-0.047821044921875,0,0.413330078125,0,-0.0274200439453125,0,0.178955078125
54.1866,0,-0.149169921875,0,0.413330078125,0,-0.050567626953125,0,0.0557861328125
54.1960,0,-0.149169921875,0,-0.34521484375,0,-0.0238037109375,0,0.0557861328125
54.2047,0,-0.169677734375,0,-0.34521484375,0,-0.0238037109375,0,-0.0172119140625
54.2146,0,-0.169677734375,0,-0.182861328125,0,-0.0362548828125,0,-0.0172119140625
54.2312,0,0.09124755859375,0,0.044158935546875,0,-0.0362548828125,0,0.0325927734375
54.2435,0,0.087890625,0,0.044158935546875,0,-0.05706787109375,0,-0.111328125
54.2504,0,0.087890625,0,-0.38671875,0,-0.05706787109375,0,-0.111328125
54.2626,0,-0.183837890625,0,-0.38671875,0,0.06890869140625,0,0.08966064453125
54.2711,0,-0.183837890625,0,-0.2265625,0,0.06890869140625,0,0.08966064453125
54.2839,0,-0.183837890625,0,-0.2265625,0,-0.045928955078125,0,0.09930419921875
54.2941,0,-0.1597900390625,0,0.7177734375,0,-0.045928955078125,0,0.09930419921875
54.3061,0,-0.1597900390625,0,0.7177734375,0,0.03570556640625,0,0.0228271484375
54.3146,0,0.1636962890625,0,-0.068115234375,0,-0.105712890625,0,0.0228271484375
54.3240,0,0.09039306640625,0,-0.068115234375,0,-0.105712890625,0,-0.2337646484375
54.3326,0,0.09039306640625,0,-0.26025390625,0,-0.105712890625,0,-0.2337646484375
54.3484,0,0.09039306640625,0,-0.26025390625,0,0.037384033203125,0,-0.0430908203125
54.3568,0,-0.11102294921875,0,-0.3212890625,0,0.037384033203125,0,-0.0430908203125
54.3666,0,-0.11102294921875,0,-0.3212890625,0,-0.06854248046875,0,-0.04510498046875
54.3752,0,-0.043365478515625,0,-0.7255859375,0,-0.06854248046875,0,-0.04510498046875
54.3838,0,0.2142333984375,0,-0.7255859375,0,-0.076416015625,0,-0.1741943359375
54.3934,0,0.2142333984375,0,-0.42236328125,0,-0.076416015625,0,-0.1741943359375
54.4047,0,0.021484375,0,-0.42236328125,0,-0.1202392578125,0,0.1409912109375
54.4137,0,0.021484375,0,-0.49755859375,0,-0.1202392578125,0,0.1409912109375
54.4257,0,0.021484375,0,-0.49755859375,0,-0.042572021484375,0,0.01451873779296875
54.4339,0,0.1771240234375,0,-0.469970703125,0,-0.042572021484375,0,0.01451873779296875
54.4436,0,0.1771240234375,0,-0.469970703125,0,-0.04986572265625,0,-0.057891845703125
54.4537,0,0.1798095703125,0,-0.469970703125,0,-0.04986572265625,0,-0.057891845703125
54.4644,0,0.1798095703125,0,0.9189453125,0,-0.1119384765625,0,0.1319580078125
54.4734,0,-0.1417236328125,0,0.9189453125,0,-0.1119384765625,0,0.1319580078125
54.4840,0,-0.1417236328125,0,-0.392578125,0,0.0355224609375,0,0.133544921875
54.4929,0,-0.0926513671875,0,-0.392578125,0,0.0355224609375,0,0.133544921875
54.5026,0,-0.0926513671875,0,-1.0009765625,0,-0.08251953125,0,-0.20263671875
54.5143,0,0.107177734375,0,-1.0009765625,0,-0.08251953125,0,-0.20263671875
54.5220,0,0.107177734375,0,0.84326171875,0,-0.11474609375,0,0.1590576171875
54.5318,0,-0.223876953125,0,0.84326171875,0,-0.11474609375,0,0.1590576171875
54.5416,0,-0.223876953125,0,0.0751953125,0,-0.0241546630859375,0,-0.226806640625
54.5525,0,0.2198486328125,0,0.0751953125,0,-0.0241546630859375,0,-0.226806640625
54.5625,0,0.2198486328125,0,-0.52734375,0,-0.1292724609375,0,-0.226806640625
54.5709,0,-0.27197265625,0,-0.52734375,0,-0.1292724609375,0,0.0655517578125
54.5814,0,-0.27197265625,0,0.7724609375,0,-0.05194091796875,0,-0.1895751953125
54.5909,0,0.140625,0,0.7724609375,0,-0.05194091796875,0,-0.1895751953125
54.6012,0,0.140625,0,-0.64794921875,0,-0.05194091796875,0,-0.1895751953125
54.6115,0,0.1605224609375,0,-0.64794921875,0,-0.0499267578125,0,0.18896484375
54.6211,0,0.1605224609375,0,-0.3232421875,0,-0.0499267578125,0,0.18896484375
54.6332,0,0.06097412109375,0,-0.3232421875,0,0.0416259765625,0,0.19287109375
54.6407,0,0.06097412109375,0,-0.1773681640625,0,0.0416259765625,0,0.19287109375
54.6511,0,0.1690673828125,0,-0.1773681640625,0,-0.1402587890625,0,0.27099609375
54.6640,0,0.1690673828125,0,-0.150146484375,0,-0.05963134765625,0,0.27099609375
54.6711,0,0.1302490234375,0,-0.150146484375,0,-0.05963134765625,0,0.1103515625
54.6809,0,0.1302490234375,0,0.12139892578125,0,-0.05963134765625,0,0.1103515625
54.6923,0,-0.03192138671875,0,0.12139892578125,0,-0.0736083984375,0,-0.06829833984375
54.7052,0,-0.03192138671875,0,-0.1793212890625,0,-0.0736083984375,0,-0.06829833984375
54.7146,0,0.0247344970703125,0,-0.1793212890625,0,0.0411376953125,0,0.005096435546875
54.7216,0,0.0247344970703125,0,-0.33642578125,0,0.0411376953125,0,0.005096435546875
54.7317,0,-0.239013671875,0,-0.33642578125,0,-0.0051116943359375,0,0.2022705078125
54.7427,0,-0.239013671875,0,-0.4169921875,0,-0.0051116943359375,0,0.2022705078125
54.7536,0,-0.083251953125,0,-0.4169921875,0,-0.00997161865234375,0,0.251220703125
54.7666,0,-0.083251953125,0,0.4072265625,0,-0.07696533203125,0,0.251220703125
54.7799,0,-0.1866455078125,0,0.4072265625,0,-0.07696533203125,0,-0.033050537109375
54.7842,0,-0.1866455078125,0,-0.06622314453125,0,-0.0628662109375,0,0.120361328125
54.7993,0,-0.06689453125,0,-0.06622314453125,0,-0.0628662109375,0,0.120361328125
54.8056,0,-0.06689453125,0,0.1654052734375,0,-0.0628662109375,0,0.120361328125
54.8202,0,-0.10626220703125,0,0.1654052734375,0,-0.04315185546875,0,-0.031402587890625
54.8273,0,-0.10626220703125,0,-0.461669921875,0,-0.04315185546875,0,-0.031402587890625
54.8425,0,-0.1417236328125,0,-0.461669921875,0,-0.055267333984375,0,0.05194091796875
54.8479,0,-0.1417236328125,0,0.8837890625,0,-0.055267333984375,0,0.05194091796875
54.8592,0,-0.152099609375,0,0.8837890625,0,-0.06793212890625,0,0.196533203125
54.8649,0,-0.152099609375,0,-0.2890625,0,-0.0036716461181640625,0,0.196533203125
54.8815,0,0.03363037109375,0,-0.2890625,0,-0.0036716461181640625,0,0.1761474609375
54.8871,0,0.03363037109375,0,-0.2822265625,0,-0.044219970703125,0,0.0634765625
54.8962,0,0.1358642578125,0,-0.2822265625,0,-0.044219970703125,0,0.0634765625
54.9045,0,0.1358642578125,0,-0.47021484375,0,-0.044219970703125,0,0.0634765625
54.9143,0,0.09234619140625,0,-0.47021484375,0,-0.051422119140625,0,-0.1044921875
54.9300,0,0.09234619140625,0,0.318359375,0,-0.051422119140625,0,-0.1044921875
54.9335,0,-0.164306640625,0,0.318359375,0,-0.04937744140625,0,0.223388671875
54.9493,0,-0.164306640625,0,0.4794921875,0,-0.0509033203125,0,0.223388671875
54.9528,0,-0.164306640625,0,0.4794921875,0,-0.0509033203125,0,0.193115234375
54.9679,0,0.1273193359375,0,0.4794921875,0,-0.0509033203125,0,0.193115234375
54.9750,0,0.1273193359375,0,0.0206298828125,0,-0.0517578125,0,-0.183837890625
54.9960,0,-0.249755859375,0,-0.380859375,0,-0.10321044921875,0,0.135009765625
55.0042,0,-0.249755859375,0,-0.2327880859375,0,-0.10321044921875,0,0.135009765625
55.0126,0,-0.249755859375,0,-0.2327880859375,0,0.03973388671875,0,-0.016845703125
55.0231,0,0.1461181640625,0,-0.2327880859375,0,0.03973388671875,0,-0.016845703125
55.0333,0,0.1461181640625,0,-0.4296875,0,-0.050048828125,0,0.138671875
55.0481,0,-0.1065673828125,0,-0.4296875,0,-0.050048828125,0,0.138671875
55.0512,0,-0.1065673828125,0,-0.4970703125,0,-0.050048828125,0,0.138671875
55.0640,0,-0.05035400390625,0,0.78125,0,-0.0156097412109375,0,0.1597900390625
55.0705,0,-0.05035400390625,0,0.78125,0,-0.06402587890625,0,0.1597900390625
55.0846,0,0.1302490234375,0,0.78125,0,-0.06402587890625,0,-0.1378173828125
55.0913,0,0.1302490234375,0,0.4443359375,0,-0.0875244140625,0,-0.1378173828125
55.1051,0,0.0201263427734375,0,0.4443359375,0,-0.0875244140625,0,-0.172119140625
55.1113,0,0.0201263427734375,0,-0.1806640625,0,-0.0875244140625,0,-0.172119140625
55.1282,0,0.09912109375,0,-0.1806640625,0,-0.0863037109375,0,0.144775390625
55.1318,0,0.09912109375,0,0.1400146484375,0,-0.0863037109375,0,0.144775390625
55.1469,0,-0.0093231201171875,0,0.1400146484375,0,-0.0401611328125,0,0.2122802734375
55.1512,0,-0.0093231201171875,0,0.05462646484375,0,-0.0401611328125,0,0.2122802734375
55.1657,0,0.150634765625,0,0.05462646484375,0,-0.045562744140625,0,0.146728515625
55.1717,0,0.150634765625,0,0.061370849609375,0,-0.0380859375,0,0.146728515625
55.1838,0,0.14892578125,0,0.061370849609375,0,-0.0380859375,0,0.250732421875
55.1914,0,0.14892578125,0,-0.15087890625,0,-0.0231170654296875,0,-0.1341552734375
55.2027,0,-0.181396484375,0,-0.15087890625,0,-0.0231170654296875,0,-0.1341552734375
55.2130,0,-0.181396484375,0,-0.322509765625,0,-0.0231170654296875,0,-0.1341552734375
55.2233,0,-0.358642578125,0,-0.322509765625,0,-0.10302734375,0,0.05841064453125
55.2318,0,-0.358642578125,0,-0.430419921875,0,-0.10302734375,0,0.05841064453125
55.2429,0,-0.19921875,0,-0.430419921875,0,-0.053802490234375,0,-0.155029296875
55.2528,0,-0.19921875,0,-0.0977783203125,0,-0.053802490234375,0,-0.155029296875
55.2636,0,-0.45166015625,0,-0.0977783203125,0,-0.05340576171875,0,-0.2042236328125
55.2741,0,-0.45166015625,0,-0.1661376953125,0,-0.05340576171875,0,-0.2042236328125
55.2847,0,-0.12451171875,0,-0.1661376953125,0,-0.033447265625,0,0.075927734375
55.2942,0,-0.12451171875,0,-0.5283203125,0,-0.033447265625,0,0.075927734375
55.3021,0,0.218017578125,0,-0.5283203125,0,-0.037811279296875,0,0.09503173828125
55.3109,0,0.218017578125,0,0.144775390625,0,-0.037811279296875,0,0.09503173828125
55.3220,0,0.218017578125,0,0.144775390625,0,-0.059478759765625,0,0.0970458984375
55.3315,0,0.055450439453125,0,0.1806640625,0,-0.059478759765625,0,0.0970458984375
55.3517,0,0.11859130859375,0,0.209228515625,0,-0.060577392578125,0,-0.08831787109375
55.3620,0,0.150146484375,0,0.209228515625,0,-0.0572509765625,0,0.14892578125
55.3750,0,0.150146484375,0,0.379150390625,0,-0.08734130859375,0,0.14892578125
55.3818,0,0.150146484375,0,0.379150390625,0,-0.08734130859375,0,-0.1727294921875
55.3893,0,-0.20458984375,0,0.256591796875,0,-0.08734130859375,0,-0.1727294921875
55.4004,0,-0.20458984375,0,0.256591796875,0,-0.0284423828125,0,0.05084228515625
55.4100,0,0.2841796875,0,-0.261474609375,0,-0.0284423828125,0,0.05084228515625
55.4229,0,0.2841796875,0,-0.261474609375,0,-0.02850341796875,0,0.05084228515625
55.4302,0,0.210205078125,0,-0.261474609375,0,-0.02850341796875,0,-0.0775146484375
55.4411,0,0.210205078125,0,0.323486328125,0,-0.057708740234375,0,0.052215576171875
55.4548,0,0.08612060546875,0,0.323486328125,0,-0.057708740234375,0,0.052215576171875
55.4611,0,0.08612060546875,0,0.06915283203125,0,-0.0272216796875,0,0.18701171875
55.4745,0,0.068359375,0,0.06915283203125,0,-0.0272216796875,0,0.18701171875
55.4807,0,0.068359375,0,0.2587890625,0,-0.0272216796875,0,0.18701171875
55.4958,0,0.25927734375,0,0.2587890625,0,-0.0173187255859375,0,0.230224609375
55.5011,0,0.25927734375,0,1.0283203125,0,-0.056915283203125,0,0.230224609375
55.5164,0,0.162841796875,0,1.0283203125,0,-0.056915283203125,0,-0.072998046875
55.5224,0,0.162841796875,0,0.95703125,0,-0.047515869140625,0,-0.072998046875
55.5358,0,0.1754150390625,0,0.95703125,0,-0.047515869140625,0,0.12127685546875
55.5429,0,0.1754150390625,0,-0.2216796875,0,-0.03509521484375,0,-0.2861328125
55.5568,0,0.0787353515625,0,-0.2216796875,0,-0.03509521484375,0,-0.2861328125
55.5628,0,0.0787353515625,0,0.64111328125,0,0.00267791748046875,0,-0.2861328125
55.5779,0,-0.1173095703125,0,0.64111328125,0,0.00267791748046875,0,0.179931640625
55.5850,0,-0.1173095703125,0,0.80029296875,0,-0.0313720703125,0,0.179931640625
55.5918,0,-0.0733642578125,0,0.80029296875,0,-0.0313720703125,0,0.0567626953125
55.6032,0,-0.0733642578125,0,-0.388427734375,0,0.09088134765625,0,0.0567626953125
55.6146,0,-0.11322021484375,0,-0.388427734375,0,0.09088134765625,0,0.1680908203125
55.6235,0,-0.11322021484375,0,-0.365478515625,0,-0.03369140625,0,-0.1571044921875
55.6359,0,0.251953125,0,-0.365478515625,0,-0.03369140625,0,-0.1571044921875
55.6457,0,0.251953125,0,0.2548828125,0,-0.03369140625,0,-0.1571044921875
55.6522,0,-0.31103515625,0,0.2548828125,0,-0.066162109375,0,-0.0665283203125
55.6651,0,-0.31103515625,0,-0.49609375,0,-0.066162109375,0,-0.0665283203125
55.6720,0,-0.30126953125,0,-0.49609375,0,-0.080322265625,0,0.1317138671875
55.6831,0,-0.30126953125,0,-1.1416015625,0,-0.01271820068359375,0,0.1317138671875
55.6967,0,0.314697265625,0,-1.1416015625,0,-0.01271820068359375,0,0.0307159423828125
55.7025,0,0.314697265625,0,0.202880859375,0,-0.07470703125,0,0.0307159423828125
55.7125,0,-0.055938720703125,0,0.202880859375,0,-0.07470703125,0,0.113525390625
55.7250,0,-0.055938720703125,0,0.162353515625,0,-0.03363037109375,0,0.113525390625
55.7320,0,-0.075927734375,0,0.162353515625,0,-0.03363037109375,0,-0.2083740234375
55.7459,0,-0.075927734375,0,-0.337890625,0,0.00921630859375,0,-0.2083740234375
55.7518,0,-0.2430419921875,0,-0.337890625,0,0.00921630859375,0,0.1861572265625
55.7628,0,-0.2430419921875,0,0.474365234375,0,0.00921630859375,0,0.1861572265625
55.7719,0,-0.2430419921875,0,0.474365234375,0,-0.07421875,0,-0.044647216796875
55.7924,0,-0.258056640625,0,-0.0491943359375,0,-0.102294921875,0,0.09698486328125
55.8027,0,-0.258056640625,0,-0.2174072265625,0,-0.037139892578125,0,0.09698486328125
55.8110,0,0.11566162109375,0,-0.2174072265625,0,-0.037139892578125,0,0.193115234375
55.8248,0,0.11566162109375,0,-0.33984375,0,-0.017425537109375,0,0.193115234375
55.8321,0,0.11566162109375,0,-0.33984375,0,-0.017425537109375,0,0.0631103515625
55.8420,0,-0.334716796875,0,-0.93603515625,0,-0.017425537109375,0,0.0631103515625
55.8516,0,-0.334716796875,0,-0.93603515625,0,-0.0262298583984375,0,0.1475830078125
55.8650,0,-0.1280517578125,0,-0.494384765625,0,-0.049468994140625,0,0.1475830078125
55.8708,0,-0.1280517578125,0,-0.494384765625,0,-0.049468994140625,0,0.036285400390625
55.8852,0,0.19287109375,0,-0.494384765625,0,-0.049468994140625,0,0.036285400390625
55.8915,0,0.170166015625,0,0.391845703125,0,-0.0653076171875,0,-0.250244140625
55.9053,0,0.170166015625,0,0.412109375,0,0.038055419921875,0,-0.250244140625
55.9112,0,-0.28662109375,0,0.412109375,0,0.038055419921875,0,-0.047943115234375
55.9280,0,-0.28662109375,0,0.1798095703125,0,-0.044158935546875,0,-0.047943115234375
55.9323,0,-0.2890625,0,0.1798095703125,0,-0.044158935546875,0,-0.1383056640625
55.9452,0,-0.2890625,0,0.430908203125,0,-0.044158935546875,0,-0.1383056640625
55.9514,0,-0.2890625,0,0.430908203125,0,-0.03948974609375,0,-0.1383056640625
55.9652,0,-0.22314453125,0,0.430908203125,0,-0.03948974609375,0,0.1376953125
55.9730,0,0.10015869140625,0,0.306396484375,0,0.0592041015625,0,0.1773681640625
55.9873,0,0.10015869140625,0,-0.280029296875,0,0.0692138671875,0,0.1773681640625
55.9914,0,-0.0673828125,0,-0.280029296875,0,0.0692138671875,0,0.1392822265625
56.0124,0,0.2169189453125,0,0.5146484375,0,-0.047393798828125,0,0.116455078125
56.0214,0,0.2169189453125,0,0.041351318359375,0,-0.01334381103515625,0,0.116455078125
56.0294,0,0.109130859375,0,0.041351318359375,0,-0.01334381103515625,0,0.1866455078125
56.0467,0,0.109130859375,0,-0.351806640625,0,-0.05535888671875,0,0.1866455078125
56.0500,0,0.1474609375,0,-0.351806640625,0,-0.05535888671875,0,-0.01593017578125
56.0670,0,0.1474609375,0,-0.39111328125,0,-0.0267181396484375,0,-0.01593017578125
56.0722,0,-0.10174560546875,0,-0.39111328125,0,-0.0267181396484375,0,0.1337890625
56.0879,0,-0.10174560546875,0,-0.1572265625,0,-0.0833740234375,0,0.1337890625
56.0962,0,-0.0312042236328125,0,-0.1572265625,0,-0.0833740234375,0,0.1640625
56.1101,0,-0.0312042236328125,0,0.2056884765625,0,-0.0833740234375,0,0.1640625
56.1126,0,-0.0312042236328125,0,0.2056884765625,0,0.11932373046875,0,0.1640625
56.1229,0,-0.185791015625,0,0.2056884765625,0,0.11932373046875,0,0.0292205810546875
56.1328,0,-0.185791015625,0,0.10479736328125,0,0.04693603515625,0,0.0292205810546875
56.1446,0,0.1353759765625,0,0.10479736328125,0,0.04693603515625,0,0.167236328125
56.1540,0,0.1353759765625,0,-0.293701171875,0,-0.0509033203125,0,0.167236328125
56.1645,0,-0.37255859375,0,-0.293701171875,0,-0.0509033203125,0,0.207763671875
56.1713,0,-0.37255859375,0,0.316162109375,0,-0.07647705078125,0,0.207763671875
56.1837,0,0.1549072265625,0,0.316162109375,0,-0.07647705078125,0,-0.10626220703125
56.1926,0,0.1549072265625,0,-0.366943359375,0,-0.0826416015625,0,-0.10626220703125
56.2050,0,-0.1365966796875,0,-0.366943359375,0,-0.0826416015625,0,0.03204345703125
56.2124,0,-0.1365966796875,0,0.11114501953125,0,-0.031494140625,0,0.03204345703125
56.2247,0,-0.31396484375,0,0.11114501953125,0,-0.031494140625,0,0.135009765625
56.2332,0,-0.31396484375,0,0.8115234375,0,-0.031494140625,0,0.135009765625
56.2454,0,0.047119140625,0,0.8115234375,0,-0.07818603515625,0,-0.04986572265625
56.2523,0,0.047119140625,0,0.1492919921875,0,-0.07818603515625,0,-0.04986572265625
56.2655,0,0.2841796875,0,0.1492919921875,0,0.029876708984375,0,0.05035400390625
56.2728,0,0.2841796875,0,-0.2763671875,0,0.034912109375,0,0.05035400390625
56.2858,0,0.1712646484375,0,-0.2763671875,0,0.034912109375,0,-0.1370849609375
56.2938,0,0.1712646484375,0,0.0634765625,0,0.034912109375,0,-0.1370849609375
56.3134,0,0.1278076171875,0,-0.300048828125,0,-0.0234527587890625,0,0.2269287109375
56.3244,0,-0.07562255859375,0,-0.300048828125,0,0.031951904296875,0,0.14453125
56.3346,0,-0.07562255859375,0,-0.2064208984375,0,0.031951904296875,0,0.14453125
56.3478,0,0.1768798828125,0,-0.2064208984375,0,-0.07696533203125,0,0.189208984375
56.3571,0,0.1768798828125,0,-0.187744140625,0,-0.07696533203125,0,0.189208984375
56.3770,0,0.1912841796875,0,0.399169921875,0,-0.05224609375,0,-0.1004638671875
56.3930,0,0.20166015625,0,0.2861328125,0,-0.05682373046875,0,0.10369873046875
56.4031,0,-0.1549072265625,0,0.2861328125,0,-0.014007568359375,0,0.175537109375
56.4115,0,-0.1549072265625,0,-0.480224609375,0,-0.014007568359375,0,0.175537109375
56.4224,0,0.1329345703125,0,-0.480224609375,0,-0.08038330078125,0,0.1514892578125
56.4326,0,0.1329345703125,0,0.52587890625,0,-0.08038330078125,0,0.1514892578125
56.4435,0,-0.0594482421875,0,0.52587890625,0,-0.05157470703125,0,-0.3125
56.4520,0,-0.0594482421875,0,0.338134765625,0,-0.05157470703125,0,-0.3125
56.4633,0,-0.2156982421875,0,0.338134765625,0,-0.09063720703125,0,0.1990966796875
56.4723,0,-0.2156982421875,0,-0.55615234375,0,0.0802001953125,0,0.1990966796875
56.4841,0,-0.10772705078125,0,-0.55615234375,0,0.0802001953125,0,0.1990966796875
56.4919,0,-0.10772705078125,0,-0.55615234375,0,0.0802001953125,0,-0.08905029296875
56.5030,0,-0.1717529296875,0,0.8525390625,0,-0.0740966796875,0,-0.044952392578125
56.5127,0,-0.1717529296875,0,-0.392822265625,0,-0.0740966796875,0,-0.044952392578125
56.5239,0,0.189453125,0,-0.392822265625,0,-0.054443359375,0,0.11053466796875
56.5326,0,0.189453125,0,-0.323974609375,0,-0.054443359375,0,0.11053466796875
56.5433,0,0.189453125,0,-0.323974609375,0,0.03729248046875,0,0.11053466796875
56.5519,0,0.1627197265625,0,-0.323974609375,0,0.03729248046875,0,0.1854248046875
56.5641,0,0.1627197265625,0,0.44775390625,0,-0.07318115234375,0,0.1854248046875
56.5715,0,-0.371826171875,0,0.44775390625,0,-0.07318115234375,0,0.11334228515625
56.5835,0,-0.371826171875,0,-0.07769775390625,0,-0.07318115234375,0,0.11334228515625
56.5918,0,0.1295166015625,0,-0.07769775390625,0,0.06451416015625,0,0.055267333984375
56.6029,0,0.1295166015625,0,0.88623046875,0,0.06451416015625,0,0.055267333984375
56.6147,0,-0.3056640625,0,0.88623046875,0,0.051605224609375,0,0.147216796875
56.6258,0,-0.3056640625,0,-0.1810302734375,0,-0.05645751953125,0,0.147216796875
56.6337,0,0.10906982421875,0,-0.1810302734375,0,-0.05645751953125,0,0.138671875
56.6471,0,0.10906982421875,0,0.043060302734375,0,-0.05645751953125,0,0.138671875
56.6525,0,-0.1712646484375,0,0.043060302734375,0,-0.0753173828125,0,0.056671142578125
56.6653,0,-0.1712646484375,0,-0.319091796875,0,-0.0753173828125,0,0.056671142578125
56.6761,0,0.1365966796875,0,-0.319091796875,0,-0.07110595703125,0,-0.239501953125
56.6863,0,0.1365966796875,0,0.267333984375,0,-0.07110595703125,0,-0.239501953125
56.6956,0,-0.157958984375,0,0.267333984375,0,0.0215301513671875,0,0.0799560546875
56.7051,0,-0.157958984375,0,-0.28466796875,0,0.0215301513671875,0,0.0799560546875
56.7161,0,-0.192138671875,0,-0.28466796875,0,-0.08990478515625,0,0.06768798828125
56.7264,0,-0.192138671875,0,-0.340087890625,0,-0.08990478515625,0,0.06768798828125
56.7351,0,-0.076416015625,0,-0.340087890625,0,-0.052825927734375,0,-0.159912109375
56.7497,0,-0.076416015625,0,0.149169921875,0,0.107177734375,0,-0.159912109375
56.7562,0,0.032257080078125,0,0.149169921875,0,0.107177734375,0,-0.17578125
56.7681,0,0.032257080078125,0,-0.376220703125,0,-0.045654296875,0,-0.17578125
56.7756,0,-0.2242431640625,0,-0.376220703125,0,-0.045654296875,0,-0.27001953125
56.7869,0,-0.2242431640625,0,0.24169921875,0,-0.045654296875,0,-0.27001953125
56.7964,0,-0.1942138671875,0,0.24169921875,0,0.0291900634765625,0,0.2049560546875
56.8049,0,-0.1942138671875,0,0.0577392578125,0,0.0291900634765625,0,0.2049560546875
56.8171,0,-0.2034912109375,0,0.0577392578125,0,-0.049591064453125,0,0.1802978515625
56.8269,0,-0.2034912109375,0,0.69091796875,0,-0.049591064453125,0,0.1802978515625
56.8344,0,-0.307861328125,0,0.69091796875,0,0.06683349609375,0,-0.2222900390625
56.8485,0,-0.307861328125,0,-0.250244140625,0,-0.0576171875,0,-0.2222900390625
56.8534,0,-0.307861328125,0,-0.250244140625,0,-0.0576171875,0,0.226806640625
56.8647,0,0.18212890625,0,-0.250244140625,0,-0.0576171875,0,0.226806640625
56.8741,0,0.18212890625,0,0.0623779296875,0,-0.04827880859375,0,0.1083984375
56.8853,0,0.10302734375,0,0.0623779296875,0,-0.04827880859375,0,0.1083984375
56.8937,0,-0.2056884765625,0,0.33251953125,0,0.0980224609375,0,0.25927734375
56.9048,0,-0.2056884765625,0,0.2406005859375,0,0.0980224609375,0,0.25927734375
56.9154,0,-0.2056884765625,0,0.2406005859375,0,-0.0733642578125,0,0.25927734375
56.9253,0,0.0784912109375,0,0.2406005859375,0,-0.0733642578125,0,-0.26611328125
56.9339,0,0.0784912109375,0,-0.353759765625,0,-0.0247650146484375,0,0.07635498046875
56.9450,0,0.1649169921875,0,-0.353759765625,0,-0.0247650146484375,0,0.07635498046875
56.9544,0,0.1649169921875,0,0.68310546875,0,-0.09112548828125,0,-0.0682373046875
56.9657,0,0.124755859375,0,0.68310546875,0,-0.09112548828125,0,-0.0682373046875
56.9741,0,0.124755859375,0,0.36572265625,0,-0.047271728515625,0,-0.0682373046875
56.9852,0,0.23974609375,0,0.36572265625,0,-0.047271728515625,0,0.1483154296875
56.9947,0,0.23974609375,0,-0.10791015625,0,-0.052001953125,0,0.1483154296875
57.0056,0,-0.277587890625,0,-0.10791015625,0,-0.052001953125,0,0.08697509765625
57.0166,0,-0.277587890625,0,-0.43701171875,0,-0.1175537109375,0,0.08697509765625
57.0251,0,0.1649169921875,0,-0.43701171875,0,-0.1175537109375,0,0.045806884765625
57.0347,0,0.1649169921875,0,0.60693359375,0,-0.028564453125,0,0.045806884765625
57.0471,0,-0.24951171875,0,0.60693359375,0,-0.028564453125,0,0.0259246826171875
57.0560,0,-0.24951171875,0,-0.460205078125,0,-0.03277587890625,0,-0.2113037109375
57.0679,0,0.055877685546875,0,-0.460205078125,0,-0.03277587890625,0,-0.2113037109375
57.0780,0,0.055877685546875,0,-0.4677734375,0,-0.07244873046875,0,-0.2113037109375
57.0890,0,0.1556396484375,0,0.059234619140625,0,-0.04296875,0,-0.2354736328125
57.1028,0,0.11663818359375,0,0.059234619140625,0,-0.04296875,0,-0.12261962890625
57.1111,0,0.11663818359375,0,0.4228515625,0,-0.10772705078125,0,-0.12261962890625
57.1214,0,0.12384033203125,0,0.4228515625,0,-0.10772705078125,0,0.0711669921875
57.1301,0,0.12384033203125,0,-0.2445068359375,0,-0.1387939453125,0,0.0711669921875
57.1398,0,-0.007015228271484375,0,-0.2445068359375,0,-0.1387939453125,0,0.1298828125
57.1507,0,-0.007015228271484375,0,-0.72216796875,0,0.118896484375,0,0.1298828125
57.1622,0,0.09912109375,0,-0.72216796875,0,0.118896484375,0,-0.2159423828125
57.1703,0,0.09912109375,0,0.435791015625,0,0.118896484375,0,-0.2159423828125
57.1822,0,-0.3447265625,0,0.435791015625,0,-0.0926513671875,0,-0.1700439453125
57.1908,0,-0.3447265625,0,0.5087890625,0,-0.0926513671875,0,-0.1700439453125
57.2020,0,0.01447296142578125,0,0.5087890625,0,0.0943603515625,0,0.052215576171875
57.2106,0,0.01447296142578125,0,0.387939453125,0,0.0943603515625,0,0.052215576171875
57.2215,0,0.1505126953125,0,0.387939453125,0,-0.022705078125,0,-0.28564453125
57.2317,0,0.1505126953125,0,-0.5751953125,0,-0.047637939453125,0,-0.28564453125
57.2425,0,-0.266357421875,0,-0.5751953125,0,-0.047637939453125,0,-0.197021484375
57.2509,0,-0.266357421875,0,0.3115234375,0,-0.07147216796875,0,-0.197021484375
57.2602,0,-0.1414794921875,0,0.3115234375,0,-0.07147216796875,0,0.180908203125
57.2697,0,-0.1414794921875,0,-0.2998046875,0,-0.07147216796875,0,0.180908203125
57.2829,0,0.1346435546875,0,-0.2998046875,0,-0.054962158203125,0,-0.1854248046875
57.2911,0,0.1346435546875,0,0.1251220703125,0,-0.054962158203125,0,-0.1854248046875
57.3039,0,-0.148193359375,0,0.1251220703125,0,0.0312347412109375,0,0.1837158203125
57.3130,0,-0.148193359375,0,-0.359619140625,0,0.042144775390625,0,0.1837158203125
57.3239,0,0.1417236328125,0,-0.359619140625,0,0.042144775390625,0,-0.1798095703125
57.3343,0,0.1417236328125,0,-0.251220703125,0,-0.046478271484375,0,-0.1798095703125
57.3448,0,-0.24072265625,0,-0.251220703125,0,-0.046478271484375,0,0.0699462890625
57.3551,0,-0.24072265625,0,0.247314453125,0,-0.0238037109375,0,0.0699462890625
57.3671,0,-0.10589599609375,0,0.247314453125,0,-0.0238037109375,0,0.1082763671875
57.3736,0,-0.10589599609375,0,0.353759765625,0,-0.015777587890625,0,0.1082763671875
57.3854,0,-0.10272216796875,0,0.353759765625,0,-0.015777587890625,0,0.1309814453125
57.3940,0,-0.10272216796875,0,0.1845703125,0,-0.055572509765625,0,0.1309814453125
57.4029,0,-0.0595703125,0,0.1845703125,0,-0.055572509765625,0,0.11566162109375
57.4145,0,-0.0595703125,0,-0.485107421875,0,-0.04156494140625,0,0.11566162109375
57.4248,0,0.2022705078125,0,-0.485107421875,0,-0.04156494140625,0,0.1317138671875
57.4345,0,0.2022705078125,0,0.20751953125,0,-0.059417724609375,0,0.1317138671875
57.4446,0,0.13330078125,0,0.20751953125,0,-0.059417724609375,0,0.1317138671875
57.4560,0,0.13330078125,0,0.20751953125,0,-0.059417724609375,0,0.18603515625
57.4636,0,0.13330078125,0,-0.447509765625,0,-0.018157958984375,0,0.055328369140625
57.4727,0,-0.307373046875,0,-0.447509765625,0,-0.018157958984375,0,0.055328369140625
57.4840,0,0.08184814453125,0,-0.24560546875,0,-0.032073974609375,0,-0.026763916015625
57.4920,0,0.08184814453125,0,-0.180908203125,0,-0.032073974609375,0,-0.026763916015625
57.5033,0,-0.154296875,0,-0.180908203125,0,-0.049407958984375,0,0.054229736328125
57.5153,0,-0.154296875,0,-0.307373046875,0,-0.049407958984375,0,0.054229736328125
57.5215,0,-0.154296875,0,-0.307373046875,0,-0.060577392578125,0,0.054229736328125
57.5316,0,0.172119140625,0,-0.307373046875,0,-0.060577392578125,0,-0.2120361328125
57.5426,0,0.172119140625,0,0.7001953125,0,-0.06317138671875,0,-0.2120361328125
57.5579,0,0.115966796875,0,0.7001953125,0,-0.06317138671875,0,-0.177490234375
57.5629,0,0.115966796875,0,-0.028656005859375,0,-0.03271484375,0,-0.177490234375
57.5713,0,-0.2392578125,0,-0.028656005859375,0,-0.03271484375,0,0.11138916015625
57.5805,0,-0.2392578125,0,0.4140625,0,0.05059814453125,0,0.11138916015625
57.5915,0,-0.109375,0,0.4140625,0,0.05059814453125,0,-0.2109375
57.6025,0,-0.109375,0,-0.313232421875,0,0.075927734375,0,-0.2109375
57.6120,0,-0.27978515625,0,-0.313232421875,0,0.075927734375,0,-0.12030029296875
57.6230,0,-0.27978515625,0,-0.2529296875,0,0.075927734375,0,-0.12030029296875
57.6316,0,-0.1917724609375,0,-0.2529296875,0,0.04962158203125,0,0.01265716552734375
57.6449,0,-0.1917724609375,0,-0.23046875,0,0.04962158203125,0,0.01265716552734375
57.6522,0,0.1368408203125,0,-0.23046875,0,-0.05047607421875,0,0.0438232421875
57.6616,0,0.1368408203125,0,-0.306640625,0,-0.05047607421875,0,0.0438232421875
57.6719,0,0.07159423828125,0,-0.306640625,0,-0.06976318359375,0,0.1937255859375
57.6848,0,0.07159423828125,0,0.19970703125,0,-0.06976318359375,0,0.1937255859375
57.6916,0,0.08355712890625,0,0.19970703125,0,-0.05731201171875,0,-0.2001953125
57.7017,0,0.08355712890625,0,-0.27880859375,0,-0.05731201171875,0,-0.2001953125
57.7125,0,0.063720703125,0,-0.27880859375,0,-0.07305908203125,0,0.19775390625
57.7247,0,0.063720703125,0,-0.0168304443359375,0,0.06414794921875,0,0.19775390625
57.7334,0,0.1146240234375,0,-0.0168304443359375,0,0.06414794921875,0,0.1590576171875
57.7443,0,0.1146240234375,0,-0.418212890625,0,0.06414794921875,0,0.1590576171875
57.7530,0,0.156494140625,0,-0.418212890625,0,-0.06573486328125,0,-0.133544921875
57.7671,0,0.156494140625,0,-0.10748291015625,0,-0.06573486328125,0,-0.133544921875
57.7724,0,-0.124267578125,0,-0.10748291015625,0,-0.11236572265625,0,0.15576171875
57.7837,0,-0.124267578125,0,-0.296142578125,0,-0.11236572265625,0,0.15576171875
57.7920,0,-0.263671875,0,-0.296142578125,0,-0.048858642578125,0,0.18505859375
57.8033,0,-0.263671875,0,-0.365966796875,0,-0.048858642578125,0,0.18505859375
57.8160,0,0.2413330078125,0,-0.365966796875,0,-0.06964111328125,0,0.16943359375
57.8262,0,0.2413330078125,0,0.054168701171875,0,-0.06964111328125,0,0.16943359375
57.8350,0,-0.160888671875,0,0.054168701171875,0,-0.0390625,0,0.18994140625
57.8461,0,-0.160888671875,0,-0.361083984375,0,-0.0390625,0,0.18994140625
57.8544,0,0.08642578125,0,-0.361083984375,0,-0.0552978515625,0,-0.047027587890625
57.8678,0,0.08642578125,0,-0.1397705078125,0,-0.0552978515625,0,-0.047027587890625
57.8739,0,0.0975341796875,0,-0.1397705078125,0,-0.082763671875,0,-0.032562255859375
57.8849,0,0.0975341796875,0,0.6865234375,0,-0.082763671875,0,-0.032562255859375
57.8935,0,0.0340576171875,0,0.6865234375,0,0.0257110595703125,0,-0.1640625
57.9047,0,0.0340576171875,0,-0.27197265625,0,0.0257110595703125,0,-0.1640625
57.9134,0,0.033935546875,0,-0.27197265625,0,-0.02886962890625,0,-0.020111083984375
57.9241,0,0.033935546875,0,-0.56982421875,0,-0.02886962890625,0,-0.020111083984375
57.9329,0,0.033935546875,0,-0.56982421875,0,-0.034088134765625,0,-0.020111083984375
57.9437,0,0.16650390625,0,-0.56982421875,0,-0.034088134765625,0,0.206298828125
57.9516,0,0.16650390625,0,-0.69384765625,0,-0.0173187255859375,0,0.206298828125
57.9668,0,-0.205322265625,0,-0.69384765625,0,-0.0173187255859375,0,0.150390625
57.9722,0,-0.2469482421875,0,-0.1529541015625,0,-0.0173492431640625,0,-0.0191650390625
57.9836,0,-0.2469482421875,0,0.2724609375,0,-0.0173492431640625,0,-0.0191650390625
57.9919,0,0.1536865234375,0,0.2724609375,0,-0.0526123046875,0,0.160400390625
58.0040,0,0.1536865234375,0,0.4287109375,0,-0.0526123046875,0,0.160400390625
58.0121,0,0.1536865234375,0,0.4287109375,0,-0.05926513671875,0,0.160400390625
58.0245,0,0.05169677734375,0,0.4287109375,0,-0.05926513671875,0,0.01690673828125
58.0328,0,0.1094970703125,0,-0.595703125,0,0.004367828369140625,0,0.01690673828125
58.0446,0,0.1094970703125,0,-0.595703125,0,0.004367828369140625,0,-0.25537109375
58.0537,0,0.1094970703125,0,-0.479248046875,0,0.004367828369140625,0,-0.25537109375
58.0650,0,0.1141357421875,0,-0.376220703125,0,-0.054443359375,0,0.042816162109375
58.0742,0,0.155029296875,0,-0.376220703125,0,0.06549072265625,0,0.042816162109375
58.0855,0,0.155029296875,0,-0.376220703125,0,0.06549072265625,0,0.0673828125
58.0949,0,0.155029296875,0,-0.300048828125,0,-0.04150390625,0,0.0673828125
58.1062,0,0.1756591796875,0,-0.300048828125,0,-0.04150390625,0,0.1536865234375
58.1154,0,0.1756591796875,0,0.9453125,0,-0.04150390625,0,0.1536865234375
58.1256,0,-0.256591796875,0,0.9453125,0,-0.07928466796875,0,0.1531982421875
58.1349,0,-0.256591796875,0,-0.73193359375,0,-0.07928466796875,0,0.1531982421875
58.1453,0,0.127685546875,0,-0.73193359375,0,-0.0609130859375,0,0.149169921875
58.1529,0,0.127685546875,0,-0.2197265625,0,-0.0489501953125,0,0.149169921875
58.1654,0,0.08782958984375,0,-0.2197265625,0,-0.0489501953125,0,0.0233154296875
58.1753,0,0.08782958984375,0,0.0870361328125,0,-0.0489501953125,0,0.0233154296875
58.1950,0,-0.1357421875,0,-0.417724609375,0,0.066162109375,0,-0.02117919921875
58.2087,0,-0.028106689453125,0,-0.8623046875,0,-0.02996826171875,0,0.2218017578125
58.2203,0,0.0283203125,0,-0.8623046875,0,0.060272216796875,0,-0.259765625
58.2283,0,0.0283203125,0,-0.58056640625,0,0.060272216796875,0,-0.259765625
58.2397,0,-0.03302001953125,0,-0.58056640625,0,0.044281005859375,0,0.0228271484375
58.2503,0,-0.03302001953125,0,-0.1611328125,0,0.044281005859375,0,0.0228271484375
58.2612,0,-0.047576904296875,0,-0.1611328125,0,0.040191650390625,0,-0.284423828125
58.2700,0,-0.047576904296875,0,-0.055877685546875,0,0.08282470703125,0,-0.284423828125
58.2810,0,0.076904296875,0,-0.055877685546875,0,0.08282470703125,0,0.2225341796875
58.2905,0,0.076904296875,0,0.1591796875,0,-0.061767578125,0,0.2225341796875
58.3017,0,0.05584716796875,0,0.1591796875,0,-0.061767578125,0,0.237060546875
58.3135,0,0.05584716796875,0,0.93701171875,0,-0.061767578125,0,0.237060546875
58.3230,0,-0.1937255859375,0,0.93701171875,0,-0.04840087890625,0,0.237060546875
58.3324,0,-0.1937255859375,0,0.93701171875,0,-0.04840087890625,0,-0.22021484375
58.3447,0,-0.2919921875,0,0.358642578125,0,0.063720703125,0,0.1533203125
58.3557,0,-0.2919921875,0,0.0283203125,0,0.063720703125,0,0.1533203125
58.3655,0,-0.19580078125,0,0.0283203125,0,-0.0684814453125,0,-0.224853515625
58.3746,0,-0.19580078125,0,-0.277587890625,0,-0.0684814453125,0,-0.224853515625
58.3861,0,-0.19580078125,0,-0.277587890625,0,-0.043609619140625,0,-0.224853515625
58.3941,0,-0.10931396484375,0,-0.277587890625,0,-0.043609619140625,0,0.2027587890625
58.4053,0,-0.09991455078125,0,-0.53955078125,0,0.01910400390625,0,0.2027587890625
58.4150,0,-0.09991455078125,0,-0.53955078125,0,0.01910400390625,0,0.058319091796875
58.4258,0,-0.1104736328125,0,-0.23583984375,0,-0.037689208984375,0,0.058319091796875
58.4345,0,-0.1104736328125,0,0.77294921875,0,-0.037689208984375,0,0.1810302734375
58.4476,0,-0.1904296875,0,0.77294921875,0,-0.04791259765625,0,0.182861328125
58.4598,0,0.0206451416015625,0,0.9521484375,0,-0.0819091796875,0,0.1099853515625
58.4719,0,0.0206451416015625,0,0.5302734375,0,-0.0819091796875,0,0.1099853515625
58.4797,0,0.0206451416015625,0,0.5302734375,0,0.0780029296875,0,0.1099853515625
58.4882,0,0.1746826171875,0,0.5302734375,0,0.0780029296875,0,-0.03985595703125
58.4979,0,0.1746826171875,0,-0.363037109375,0,-0.05059814453125,0,-0.03985595703125
58.5080,0,-0.0948486328125,0,-0.363037109375,0,-0.05059814453125,0,0.274169921875
58.5197,0,0.166748046875,0,0.896484375,0,-0.06463623046875,0,0.274169921875
58.5277,0,0.166748046875,0,0.896484375,0,-0.06463623046875,0,-0.245361328125
58.5363,0,0.166748046875,0,-0.366455078125,0,0.0272979736328125,0,-0.245361328125
58.5494,0,0.1627197265625,0,-0.366455078125,0,0.0272979736328125,0,-0.160888671875
58.5585,0,0.1627197265625,0,-0.342041015625,0,0.0272979736328125,0,-0.160888671875
58.5719,0,-0.12030029296875,0,-0.342041015625,0,0.060821533203125,0,0.1976318359375
58.5792,0,-0.12030029296875,0,0.4638671875,0,0.060821533203125,0,0.1976318359375
58.5880,0,0.0972900390625,0,0.4638671875,0,-0.047149658203125,0,-0.173095703125
58.5965,0,0.0972900390625,0,0.498046875,0,-0.047149658203125,0,-0.173095703125
58.6092,0,0.05291748046875,0,0.498046875,0,-0.0299072265625,0,0.2186279296875
58.6188,0,0.05291748046875,0,-0.84912109375,0,-0.0299072265625,0,0.2186279296875
58.6286,0,0.10711669921875,0,-0.84912109375,0,-0.0499267578125,0,-0.0726318359375
58.6381,0,0.10711669921875,0,0.0953369140625,0,-0.0499267578125,0,-0.0726318359375
58.6492,0,0.15478515625,0,0.0953369140625,0,-0.09405517578125,0,0.2061767578125
58.6560,0,0.15478515625,0,-0.29931640625,0,-0.09405517578125,0,0.2061767578125
58.6665,0,-0.1192626953125,0,-0.29931640625,0,-0.0268707275390625,0,-0.058502197265625
58.6794,0,-0.1192626953125,0,0.48876953125,0,-0.0268707275390625,0,-0.058502197265625
58.6863,0,0.1201171875,0,0.48876953125,0,-0.058349609375,0,0.1640625
58.7010,0,0.1201171875,0,-0.26220703125,0,-0.058349609375,0,0.1640625
58.7069,0,-0.09503173828125,0,-0.26220703125,0,-0.056549072265625,0,0.18408203125
58.7182,0,-0.09503173828125,0,-0.285400390625,0,-0.056549072265625,0,0.18408203125
58.7278,0,0.0236358642578125,0,-0.285400390625,0,-0.031341552734375,0,-0.025115966796875
58.7402,0,0.0236358642578125,0,-0.2235107421875,0,-0.031341552734375,0,-0.025115966796875
58.7490,0,-0.263671875,0,-0.2235107421875,0,-0.040618896484375,0,0.151611328125
58.7610,0,-0.263671875,0,-0.6259765625,0,-0.040618896484375,0,0.151611328125
58.7684,0,0.03155517578125,0,-0.6259765625,0,-0.038818359375,0,0.1978759765625
58.7792,0,0.03155517578125,0,-0.312255859375,0,-0.038818359375,0,0.1978759765625
58.7939,0,0.057647705078125,0,-0.312255859375,0,0.04718017578125,0,0.042572021484375
58.8000,0,0.057647705078125,0,0.1837158203125,0,0.04718017578125,0,0.042572021484375
58.8083,0,0.1903076171875,0,0.1837158203125,0,-0.063232421875,0,0.1768798828125
58.8210,0,0.1903076171875,0,-0.215576171875,0,-0.063232421875,0,0.1768798828125
58.8309,0,0.18359375,0,-0.215576171875,0,-0.03472900390625,0,0.13330078125
58.8416,0,0.18359375,0,0.07525634765625,0,-0.03472900390625,0,0.13330078125
58.8508,0,-0.1923828125,0,0.07525634765625,0,-0.0306396484375,0,-0.05780029296875
58.8610,0,-0.1923828125,0,-0.56982421875,0,-0.0306396484375,0,-0.05780029296875
58.8697,0,-0.123779296875,0,-0.56982421875,0,-0.031158447265625,0,0.213623046875
58.8808,0,-0.123779296875,0,0.040771484375,0,-0.031158447265625,0,0.213623046875
58.8893,0,0.1842041015625,0,0.040771484375,0,-0.03582763671875,0,-0.10699462890625
58.9029,0,0.1842041015625,0,-0.5595703125,0,-0.03582763671875,0,-0.10699462890625
58.9092,0,0.1064453125,0,-0.5595703125,0,0.0294342041015625,0,-0.1981201171875
58.9225,0,0.1064453125,0,-0.482421875,0,0.0294342041015625,0,-0.1981201171875
58.9341,0,0.1064453125,0,-0.482421875,0,-0.02783203125,0,-0.1981201171875
58.9418,0,-0.040679931640625,0,0.179443359375,0,-0.02783203125,0,0.1461181640625
58.9506,0,0.04815673828125,0,0.179443359375,0,0.1090087890625,0,0.03460693359375
58.9615,0,0.04815673828125,0,-0.42724609375,0,0.1090087890625,0,0.03460693359375
58.9700,0,0.04815673828125,0,-0.42724609375,0,-0.045562744140625,0,0.03460693359375
58.9812,0,0.19091796875,0,-0.42724609375,0,-0.045562744140625,0,-0.0775146484375
58.9895,0,0.19091796875,0,-0.12030029296875,0,0.0167236328125,0,-0.0775146484375
59.0024,0,0.0916748046875,0,-0.12030029296875,0,0.0167236328125,0,-0.1715087890625
59.0100,0,0.0916748046875,0,0.389404296875,0,-0.034393310546875,0,-0.1715087890625
59.0203,0,-0.0184478759765625,0,0.477294921875,0,-0.034393310546875,0,0.174560546875
59.0288,0,-0.301025390625,0,0.477294921875,0,-0.034149169921875,0,0.174560546875
59.0408,0,-0.301025390625,0,0.477294921875,0,-0.034149169921875,0,-0.09576416015625
59.0487,0,-0.301025390625,0,-0.4169921875,0,-0.034149169921875,0,-0.09576416015625
59.0595,0,0.0299072265625,0,-0.4169921875,0,-0.051666259765625,0,0.229736328125
59.0683,0,0.0299072265625,0,0.775390625,0,-0.0185546875,0,0.229736328125
59.0789,0,-0.1138916015625,0,0.775390625,0,-0.0185546875,0,0.12493896484375
59.0897,0,-0.1138916015625,0,0.28466796875,0,-0.0185546875,0,0.12493896484375
59.1036,0,-0.253173828125,0,-0.38330078125,0,-0.01407623291015625,0,-0.1717529296875
59.1140,0,-0.253173828125,0,-0.38330078125,0,-0.02545166015625,0,-0.1717529296875
59.1230,0,-0.064453125,0,-0.38330078125,0,-0.02545166015625,0,0.1796875
59.1319,0,-0.064453125,0,-0.1253662109375,0,-0.02545166015625,0,0.1796875
59.1437,0,-0.0574951171875,0,-0.1253662109375,0,-0.030731201171875,0,-0.1845703125
59.1541,0,-0.0574951171875,0,-0.28759765625,0,-0.03790283203125,0,-0.1845703125
59.1626,0,-0.194580078125,0,-0.28759765625,0,-0.03790283203125,0,-0.07318115234375
59.1712,0,-0.194580078125,0,0.55078125,0,-0.03790283203125,0,-0.07318115234375
59.1845,0,0.1356201171875,0,0.55078125,0,-0.024078369140625,0,0.195556640625
59.1918,0,0.1356201171875,0,-0.515625,0,0.06689453125,0,0.195556640625
59.2036,0,0.136474609375,0,-0.515625,0,0.06689453125,0,-0.03399658203125
59.2143,0,0.136474609375,0,0.284912109375,0,0.06689453125,0,-0.03399658203125
59.2260,0,-0.1900634765625,0,0.284912109375,0,-0.025970458984375,0,-0.04388427734375
59.2280,0,-0.1900634765625,0,0.160888671875,0,-0.025970458984375,0,-0.04388427734375
59.2434,0,-0.221923828125,0,0.160888671875,0,-0.09759521484375,0,-0.100341796875
59.2495,0,-0.221923828125,0,0.48193359375,0,-0.09759521484375,0,-0.100341796875
59.2612,0,0.032928466796875,0,0.48193359375,0,-0.04266357421875,0,-0.1728515625
59.2727,0,0.032928466796875,0,-0.85693359375,0,-0.04266357421875,0,-0.1728515625
59.2831,0,0.1376953125,0,-0.85693359375,0,-0.0257110595703125,0,0.01508331298828125
59.2920,0,0.1376953125,0,-0.144775390625,0,-0.0257110595703125,0,0.01508331298828125
59.3030,0,-0.1337890625,0,-0.144775390625,0,-0.08465576171875,0,0.1754150390625
59.3119,0,-0.1337890625,0,-0.49462890625,0,-0.08465576171875,0,0.1754150390625
59.3233,0,-0.07598876953125,0,-0.49462890625,0,-0.039703369140625,0,0.19287109375
59.3336,0,-0.07598876953125,0,0.1800537109375,0,-0.039703369140625,0,0.19287109375
59.3469,0,0.1368408203125,0,0.1800537109375,0,-0.058746337890625,0,0.2132568359375
59.3534,0,0.1368408203125,0,-0.38232421875,0,-0.058746337890625,0,0.2132568359375
59.3696,0,0.14599609375,0,-0.38232421875,0,-0.036895751953125,0,0.2142333984375
59.3763,0,0.14599609375,0,0.2626953125,0,-0.036895751953125,0,0.2142333984375
59.3875,0,-0.10931396484375,0,0.2626953125,0,-0.0445556640625,0,0.2213134765625
59.3945,0,-0.10931396484375,0,-0.2149658203125,0,-0.0445556640625,0,0.2213134765625
59.4084,0,-0.1324462890625,0,0.1270751953125,0,-0.040008544921875,0,0.0787353515625
59.4212,0,-0.188232421875,0,0.1270751953125,0,-0.038482666015625,0,-0.057373046875
59.4291,0,-0.188232421875,0,-0.09893798828125,0,-0.038482666015625,0,-0.057373046875
59.4402,0,0.09271240234375,0,-0.09893798828125,0,-0.04058837890625,0,-0.233154296875
59.4487,0,0.09271240234375,0,0.11248779296875,0,-0.04058837890625,0,-0.233154296875
59.4597,0,0.160888671875,0,0.11248779296875,0,-0.0278472900390625,0,0.179443359375
59.4709,0,0.160888671875,0,-0.30859375,0,-0.0278472900390625,0,0.179443359375
