t,FR_rpm,FR_amp,FL_rpm,FL_amp,RR_rpm,RR_amp,RL_rpm,RL_amp
0.0000,0,-0.083984375,0,0.34619140625,0,-0.0215606689453125,0,0.17333984375
0.0066,0,-0.083984375,0,0.051544189453125,0,-0.0215606689453125,0,0.0286102294921875
0.0174,0,-0.1871337890625,0,0.051544189453125,0,0.05316162109375,0,0.0286102294921875
0.0261,0,-0.1871337890625,0,0.051544189453125,0,0.05316162109375,0,0.1368408203125
0.0388,0,0.083251953125,0,-0.15771484375,0,-0.025848388671875,0,0.1368408203125
0.0483,0,0.083251953125,0,-0.15771484375,0,-0.025848388671875,0,0.1767578125
0.0598,0,0.114013671875,0,0.08056640625,0,-0.048248291015625,0,0.1767578125
0.0662,0,0.114013671875,0,0.08056640625,0,-0.048248291015625,0,0.076171875
0.0785,0,-0.2420654296875,0,-0.12310791015625,0,0.135498046875,0,0.076171875
0.0880,0,-0.2420654296875,0,-0.12310791015625,0,0.135498046875,0,0.133056640625
0.0995,0,-0.2286376953125,0,0.267578125,0,0.0213623046875,0,0.133056640625
0.1070,0,-0.2286376953125,0,0.267578125,0,0.0213623046875,0,-0.2183837890625
0.1187,0,0.030548095703125,0,0.67333984375,0,0.0213623046875,0,-0.2183837890625
0.1263,0,0.030548095703125,0,0.67333984375,0,-0.040618896484375,0,-0.207275390625
0.1368,0,0.10546875,0,0.356201171875,0,-0.040618896484375,0,-0.207275390625
0.1461,0,0.10546875,0,0.356201171875,0,-0.06622314453125,0,-0.207275390625
0.1570,0,0.0972900390625,0,0.19384765625,0,-0.06622314453125,0,0.1307373046875
0.1660,0,0.0972900390625,0,0.19384765625,0,0.042816162109375,0,-0.180908203125
0.1798,0,0.232421875,0,0.17529296875,0,0.042816162109375,0,-0.180908203125
0.1878,0,0.232421875,0,0.17529296875,0,0.03497314453125,0,-0.237548828125
0.1988,0,0.10882568359375,0,-0.3681640625,0,0.03497314453125,0,-0.237548828125
0.2066,0,0.10882568359375,0,-0.3681640625,0,0.0657958984375,0,-0.237548828125
0.2188,0,-0.2919921875,0,-0.411376953125,0,0.0657958984375,0,-0.12030029296875
0.2279,0,-0.2919921875,0,-0.411376953125,0,0.078125,0,-0.12030029296875
0.2383,0,-0.322509765625,0,0.0704345703125,0,0.078125,0,0.03936767578125
0.2460,0,-0.322509765625,0,0.0704345703125,0,-0.052032470703125,0,0.03936767578125
0.2571,0,-0.28515625,0,0.262939453125,0,-0.052032470703125,0,0.195068359375
0.2663,0,-0.28515625,0,0.262939453125,0,-0.1373291015625,0,0.195068359375
0.2767,0,-0.1282958984375,0,0.295166015625,0,-0.1373291015625,0,-0.0423583984375
0.2858,0,-0.1282958984375,0,0.295166015625,0,0.042938232421875,0,-0.0423583984375
0.2967,0,-0.1282958984375,0,0.95703125,0,0.042938232421875,0,-0.24169921875
0.3059,0,0.1275634765625,0,0.95703125,0,-0.0252227783203125,0,-0.24169921875
0.3188,0,0.1275634765625,0,0.5048828125,0,-0.0252227783203125,0,-0.187744140625
0.3266,0,0.05084228515625,0,0.5048828125,0,-0.0266876220703125,0,-0.187744140625
0.3387,0,0.05084228515625,0,-0.398681640625,0,-0.0266876220703125,0,0.11834716796875
0.3483,0,0.02508544921875,0,-0.398681640625,0,-0.0219879150390625,0,0.11834716796875
0.3571,0,0.02508544921875,0,0.073486328125,0,-0.0219879150390625,0,0.1416015625
0.3661,0,-0.266357421875,0,0.073486328125,0,0.16162109375,0,0.1416015625
0.3764,0,-0.266357421875,0,0.0418701171875,0,0.16162109375,0,0.15087890625
0.3857,0,0.212646484375,0,0.0418701171875,0,0.01300048828125,0,0.15087890625
0.3972,0,0.212646484375,0,0.12249755859375,0,0.01300048828125,0,-0.0003371238708496094
0.4063,0,0.1929931640625,0,0.12249755859375,0,-0.02984619140625,0,-0.0003371238708496094
0.4184,0,0.1929931640625,0,0.60107421875,0,-0.02984619140625,0,0.19287109375
0.4263,0,-0.2880859375,0,0.60107421875,0,-0.050750732421875,0,0.19287109375
0.4386,0,-0.2880859375,0,0.21142578125,0,-0.050750732421875,0,-0.07281494140625
0.4466,0,-0.2095947265625,0,0.21142578125,0,0.040771484375,0,-0.07281494140625
0.4588,0,-0.2095947265625,0,0.5498046875,0,0.040771484375,0,0.154541015625
0.4667,0,-0.04876708984375,0,0.5498046875,0,-0.05731201171875,0,0.154541015625
0.4802,0,-0.04876708984375,0,-0.415283203125,0,-0.05731201171875,0,0.1336669921875
0.4867,0,0.0556640625,0,-0.415283203125,0,0.031494140625,0,0.1336669921875
0.4974,0,0.0556640625,0,0.2078857421875,0,0.031494140625,0,0.164306640625
0.5059,0,0.10296630859375,0,0.2078857421875,0,0.031494140625,0,0.164306640625
0.5162,0,0.10296630859375,0,0.57373046875,0,0.01050567626953125,0,0.1514892578125
0.5266,0,-0.07611083984375,0,0.57373046875,0,0.01050567626953125,0,0.1514892578125
0.5373,0,-0.07611083984375,0,0.308349609375,0,0.035736083984375,0,0.01248931884765625
0.5463,0,0.10614013671875,0,0.308349609375,0,-0.041839599609375,0,0.01248931884765625
0.5614,0,0.10614013671875,0,0.308349609375,0,-0.041839599609375,0,0.162353515625
0.5661,0,-0.2802734375,0,0.87060546875,0,-0.041839599609375,0,0.162353515625
0.5797,0,-0.2802734375,0,0.87060546875,0,-0.031036376953125,0,-0.251953125
0.5879,0,-0.2235107421875,0,0.34033203125,0,-0.031036376953125,0,-0.251953125
0.5991,0,-0.2235107421875,0,0.34033203125,0,0.023590087890625,0,0.084228515625
0.6082,0,0.11407470703125,0,0.45068359375,0,0.023590087890625,0,0.084228515625
0.6190,0,0.11407470703125,0,0.45068359375,0,-0.021728515625,0,0.126953125
0.6269,0,0.12286376953125,0,-0.202880859375,0,-0.021728515625,0,0.126953125
0.6371,0,0.12286376953125,0,-0.202880859375,0,-0.04351806640625,0,-0.10174560546875
0.6466,0,0.12066650390625,0,0.2451171875,0,-0.04351806640625,0,-0.10174560546875
0.6583,0,0.12066650390625,0,0.2451171875,0,0.1500244140625,0,-0.050628662109375
0.6660,0,0.068603515625,0,0.0987548828125,0,0.1500244140625,0,-0.050628662109375
0.6794,0,0.068603515625,0,0.0987548828125,0,-0.05523681640625,0,-0.0406494140625
0.6844,0,0.11907958984375,0,0.1817626953125,0,-0.05523681640625,0,-0.0406494140625
0.6987,0,0.11907958984375,0,0.1817626953125,0,0.016815185546875,0,-0.2548828125
0.7073,0,-0.2440185546875,0,0.27783203125,0,0.016815185546875,0,-0.2548828125
0.7183,0,-0.2440185546875,0,0.27783203125,0,-0.0158843994140625,0,-0.2548828125
0.7263,0,0.05474853515625,0,-0.58251953125,0,-0.0158843994140625,0,0.035308837890625
0.7387,0,0.05474853515625,0,-0.58251953125,0,-0.06793212890625,0,-0.051971435546875
0.7476,0,0.08734130859375,0,0.260498046875,0,-0.06793212890625,0,-0.051971435546875
0.7572,0,0.08734130859375,0,0.260498046875,0,-0.045684814453125,0,-0.2890625
0.7659,0,0.178466796875,0,-0.13623046875,0,-0.045684814453125,0,-0.2890625
0.7765,0,0.178466796875,0,-0.13623046875,0,0.0390625,0,-0.2890625
0.7862,0,0.132080078125,0,0.1580810546875,0,0.0390625,0,0.1954345703125
0.7965,0,0.132080078125,0,0.1580810546875,0,0.0582275390625,0,0.1954345703125
0.8072,0,0.132080078125,0,0.4296875,0,0.0582275390625,0,0.1644287109375
0.8186,0,0.08087158203125,0,0.4296875,0,0.0274658203125,0,-0.0286407470703125
0.8294,0,0.08087158203125,0,-0.3408203125,0,0.0274658203125,0,-0.0286407470703125
0.8390,0,-0.197021484375,0,-0.3408203125,0,0.08172607421875,0,-0.0286407470703125
0.8498,0,-0.0577392578125,0,0.04425048828125,0,0.08172607421875,0,-0.045379638671875
0.8607,0,-0.0577392578125,0,0.04425048828125,0,-0.0014247894287109375,0,-0.045379638671875
0.8661,0,-0.0577392578125,0,0.349609375,0,-0.0014247894287109375,0,-0.0430908203125
0.8767,0,-0.25,0,0.349609375,0,0.08770751953125,0,-0.0430908203125
0.8859,0,-0.25,0,0.41015625,0,0.08770751953125,0,0.1304931640625
0.8964,0,0.09881591796875,0,0.41015625,0,0.05584716796875,0,0.1304931640625
0.9059,0,0.09881591796875,0,0.478759765625,0,0.05584716796875,0,-0.087646484375
0.9189,0,-0.129150390625,0,0.478759765625,0,-0.07769775390625,0,-0.087646484375
0.9270,0,-0.129150390625,0,0.12042236328125,0,-0.07769775390625,0,-0.04937744140625
0.9387,0,-0.24072265625,0,0.12042236328125,0,0.05352783203125,0,-0.04937744140625
0.9469,0,-0.24072265625,0,-0.08251953125,0,0.05352783203125,0,0.040863037109375
0.9626,0,-0.26611328125,0,-0.08251953125,0,0.05279541015625,0,-0.08294677734375
0.9686,0,-0.26611328125,0,0.30419921875,0,0.05279541015625,0,-0.08294677734375
0.9793,0,-0.08746337890625,0,0.30419921875,0,0.05279541015625,0,-0.08294677734375
0.9868,0,-0.08746337890625,0,0.30419921875,0,0.0234527587890625,0,-0.07037353515625
1.0063,0,-0.306396484375,0,-0.09185791015625,0,-0.04205322265625,0,0.0291748046875
1.0163,0,0.0540771484375,0,-0.09185791015625,0,-0.04205322265625,0,0.0291748046875
1.0284,0,0.0540771484375,0,0.404052734375,0,0.024566650390625,0,0.132080078125
1.0362,0,0.0697021484375,0,0.404052734375,0,0.024566650390625,0,0.132080078125
1.0460,0,0.0697021484375,0,0.404052734375,0,-0.043609619140625,0,-0.1326904296875
1.0565,0,-0.01425933837890625,0,0.65380859375,0,-0.043609619140625,0,-0.1326904296875
1.0664,0,-0.01425933837890625,0,0.65380859375,0,0.052978515625,0,-0.2227783203125
1.0791,0,-0.130126953125,0,0.3056640625,0,0.052978515625,0,-0.2227783203125
1.0861,0,-0.130126953125,0,0.3056640625,0,0.056243896484375,0,0.1885986328125
1.0980,0,0.1435546875,0,0.1942138671875,0,0.056243896484375,0,0.1885986328125
1.1060,0,0.1435546875,0,0.1942138671875,0,0.0238037109375,0,-0.085205078125
1.1164,0,0.06207275390625,0,0.27099609375,0,0.0238037109375,0,-0.085205078125
1.1260,0,0.06207275390625,0,0.27099609375,0,0.048980712890625,0,0.1573486328125
1.1364,0,0.12939453125,0,0.375244140625,0,0.048980712890625,0,0.1573486328125
1.1464,0,0.12939453125,0,0.375244140625,0,0.07342529296875,0,-0.1734619140625
1.1570,0,0.1240234375,0,0.140380859375,0,0.07342529296875,0,-0.1734619140625
1.1662,0,0.1240234375,0,0.140380859375,0,-0.02288818359375,0,-0.1734619140625
1.1792,0,-0.077880859375,0,0.273681640625,0,-0.02288818359375,0,-0.06573486328125
1.1876,0,-0.077880859375,0,0.273681640625,0,0.0208892822265625,0,-0.06573486328125
1.1993,0,-0.0689697265625,0,0.322021484375,0,0.0208892822265625,0,0.11932373046875
1.2077,0,-0.0689697265625,0,0.322021484375,0,-0.042694091796875,0,0.00893402099609375
1.2188,0,0.1419677734375,0,-0.1331787109375,0,-0.042694091796875,0,0.00893402099609375
1.2276,0,0.1419677734375,0,-0.1331787109375,0,0.0291290283203125,0,0.0999755859375
1.2379,0,0.1419677734375,0,0.6337890625,0,0.0291290283203125,0,0.0999755859375
1.2469,0,0.1708984375,0,0.6337890625,0,0.061737060546875,0,0.0999755859375
1.2577,0,0.08319091796875,0,-0.256103515625,0,0.061737060546875,0,0.0215911865234375
1.2659,0,0.08319091796875,0,-0.256103515625,0,-0.0440673828125,0,0.0215911865234375
1.2764,0,0.10992431640625,0,-0.161376953125,0,-0.0440673828125,0,0.1302490234375
1.2863,0,0.10992431640625,0,-0.161376953125,0,-0.014984130859375,0,0.1302490234375
1.2970,0,-0.135498046875,0,-0.3056640625,0,-0.014984130859375,0,0.1292724609375
1.3066,0,-0.135498046875,0,-0.3056640625,0,0.102783203125,0,0.1292724609375
1.3200,0,0.152099609375,0,0.359130859375,0,0.102783203125,0,-0.26025390625
1.3264,0,0.152099609375,0,0.359130859375,0,0.04510498046875,0,-0.26025390625
1.3391,0,0.152099609375,0,0.038848876953125,0,0.04510498046875,0,0.171875
1.3494,0,0.0576171875,0,0.038848876953125,0,0.04510498046875,0,0.171875
1.3608,0,0.0576171875,0,-0.49560546875,0,0.024688720703125,0,-0.10443115234375
1.3675,0,-0.15625,0,-0.49560546875,0,-0.019927978515625,0,-0.10443115234375
1.3793,0,-0.15625,0,-0.271484375,0,-0.019927978515625,0,0.1202392578125
1.3862,0,0.03057861328125,0,-0.271484375,0,-0.12432861328125,0,0.1202392578125
1.3969,0,0.03057861328125,0,0.19873046875,0,-0.12432861328125,0,-0.11578369140625
1.4060,0,0.1373291015625,0,0.19873046875,0,-0.12432861328125,0,-0.11578369140625
1.4164,0,0.1373291015625,0,-0.390380859375,0,0.150634765625,0,-0.198486328125
1.4270,0,0.048004150390625,0,-0.390380859375,0,0.150634765625,0,-0.198486328125
1.4386,0,0.048004150390625,0,-0.390380859375,0,-0.02374267578125,0,0.134033203125
1.4471,0,-0.257080078125,0,0.261474609375,0,-0.02374267578125,0,0.134033203125
1.4561,0,-0.257080078125,0,0.261474609375,0,0.006557464599609375,0,-0.20751953125
1.4661,0,-0.337158203125,0,0.529296875,0,0.006557464599609375,0,-0.20751953125
1.4788,0,-0.337158203125,0,0.529296875,0,-0.03717041015625,0,-0.1671142578125
1.4863,0,0.14111328125,0,-0.1890869140625,0,-0.03717041015625,0,-0.1671142578125
1.4985,0,0.14111328125,0,-0.1890869140625,0,0.0416259765625,0,-0.201416015625
1.5073,0,-0.06317138671875,0,0.46533203125,0,0.0416259765625,0,-0.201416015625
1.5174,0,-0.06317138671875,0,0.46533203125,0,-0.12347412109375,0,-0.0494384765625
1.5261,0,0.1668701171875,0,0.349853515625,0,-0.12347412109375,0,-0.0494384765625
1.5363,0,0.1668701171875,0,0.349853515625,0,-0.013824462890625,0,-0.195068359375
1.5460,0,0.145751953125,0,-0.26025390625,0,-0.013824462890625,0,-0.195068359375
1.5563,0,0.145751953125,0,-0.26025390625,0,-0.0159759521484375,0,-0.195068359375
1.5660,0,-0.11480712890625,0,0.1923828125,0,-0.0159759521484375,0,-0.196533203125
1.5790,0,-0.11480712890625,0,0.1923828125,0,-0.12109375,0,-0.196533203125
1.5867,0,0.04644775390625,0,0.418212890625,0,-0.12109375,0,0.1134033203125
1.5987,0,0.04644775390625,0,0.418212890625,0,0.015716552734375,0,0.1134033203125
1.6111,0,-0.27734375,0,-0.3642578125,0,0.015716552734375,0,-0.04315185546875
1.6194,0,-0.27734375,0,-0.3642578125,0,0.0193023681640625,0,-0.04315185546875
1.6272,0,0.22509765625,0,-0.25732421875,0,0.0193023681640625,0,-0.129150390625
1.6373,0,0.22509765625,0,-0.25732421875,0,-0.0217437744140625,0,-0.129150390625
1.6464,0,0.077392578125,0,-0.358642578125,0,-0.0217437744140625,0,0.135498046875
1.6588,0,0.077392578125,0,-0.358642578125,0,0.01268768310546875,0,0.135498046875
1.6662,0,0.1497802734375,0,0.049774169921875,0,0.01268768310546875,0,0.10028076171875
1.6768,0,0.1497802734375,0,0.049774169921875,0,0.09039306640625,0,0.10028076171875
1.6861,0,-0.18115234375,0,0.07061767578125,0,0.09039306640625,0,0.058807373046875
1.6965,0,-0.18115234375,0,0.07061767578125,0,-0.07769775390625,0,0.058807373046875
1.7060,0,-0.18115234375,0,0.47265625,0,-0.07769775390625,0,0.047760009765625
1.7163,0,0.0673828125,0,0.47265625,0,0.046112060546875,0,0.047760009765625
1.7262,0,0.0673828125,0,-0.3916015625,0,0.046112060546875,0,-0.03363037109375
1.7389,0,0.154296875,0,-0.3916015625,0,0.073974609375,0,-0.03363037109375
1.7466,0,0.154296875,0,0.20361328125,0,0.073974609375,0,0.09130859375
1.7604,0,-0.16748046875,0,0.20361328125,0,0.06890869140625,0,0.09130859375
1.7667,0,-0.16748046875,0,0.36279296875,0,0.06890869140625,0,0.12164306640625
1.7787,0,0.10589599609375,0,0.36279296875,0,-0.06707763671875,0,0.12164306640625
1.7848,0,0.10589599609375,0,0.415283203125,0,-0.06707763671875,0,-0.05926513671875
1.7970,0,-0.23828125,0,0.415283203125,0,-0.016387939453125,0,-0.05926513671875
1.8064,0,-0.23828125,0,0.250732421875,0,-0.016387939453125,0,0.095703125
1.8167,0,-0.04766845703125,0,0.250732421875,0,0.0183258056640625,0,0.095703125
1.8267,0,-0.04766845703125,0,0.250732421875,0,0.0183258056640625,0,0.142333984375
1.8390,0,0.11614990234375,0,-0.273193359375,0,0.022796630859375,0,0.142333984375
1.8469,0,0.11614990234375,0,-0.273193359375,0,0.022796630859375,0,0.090576171875
1.8594,0,-0.2626953125,0,0.2291259765625,0,0.022796630859375,0,0.090576171875
1.8665,0,-0.2626953125,0,0.051361083984375,0,0.056427001953125,0,0.08282470703125
1.8813,0,-0.2261962890625,0,0.051361083984375,0,0.056427001953125,0,0.08282470703125
1.8865,0,-0.2261962890625,0,0.051361083984375,0,-0.034881591796875,0,0.2054443359375
1.8989,0,-0.2489013671875,0,0.1749267578125,0,-0.076171875,0,0.2054443359375
1.9074,0,-0.2489013671875,0,0.1749267578125,0,-0.076171875,0,0.0445556640625
1.9186,0,-0.1396484375,0,0.326416015625,0,0.07098388671875,0,0.0445556640625
1.9265,0,-0.1396484375,0,0.326416015625,0,0.07098388671875,0,-0.2220458984375
1.9389,0,0.073486328125,0,0.0440673828125,0,0.07098388671875,0,-0.2220458984375
1.9468,0,0.073486328125,0,0.296142578125,0,0.01406097412109375,0,0.140869140625
1.9571,0,-0.1766357421875,0,0.296142578125,0,0.01406097412109375,0,0.140869140625
1.9687,0,-0.1766357421875,0,0.296142578125,0,-0.00823974609375,0,-0.216064453125
1.9787,0,-0.054656982421875,0,0.06298828125,0,-0.00823974609375,0,-0.216064453125
1.9863,0,-0.054656982421875,0,0.06298828125,0,0.051239013671875,0,0.2010498046875
1.9988,0,0.20068359375,0,0.0556640625,0,0.051239013671875,0,0.2010498046875
2.0064,0,0.20068359375,0,0.0556640625,0,0.0265655517578125,0,-0.214111328125
2.0189,0,0.1519775390625,0,-0.54541015625,0,0.0265655517578125,0,-0.214111328125
2.0265,0,0.1519775390625,0,-0.54541015625,0,0.02362060546875,0,-0.214111328125
2.0369,0,-0.2266845703125,0,-0.07373046875,0,0.02362060546875,0,-0.2005615234375
2.0458,0,-0.2266845703125,0,-0.07373046875,0,-0.03582763671875,0,-0.2005615234375
2.0561,0,-0.016510009765625,0,0.04400634765625,0,-0.03582763671875,0,0.0111236572265625
2.0666,0,-0.016510009765625,0,0.04400634765625,0,0.08935546875,0,0.0111236572265625
2.0790,0,0.10968017578125,0,-0.478515625,0,0.08935546875,0,0.08642578125
2.0872,0,0.10968017578125,0,-0.478515625,0,0.12445068359375,0,0.08642578125
2.1004,0,0.10968017578125,0,1.1171875,0,0.12445068359375,0,-0.09588623046875
2.1107,0,-0.1444091796875,0,1.1171875,0,-0.023956298828125,0,-0.09588623046875
2.1190,0,-0.1444091796875,0,0.279296875,0,-0.023956298828125,0,0.0178070068359375
2.1268,0,-0.2293701171875,0,0.279296875,0,-0.0257415771484375,0,0.0178070068359375
2.1408,0,-0.06964111328125,0,-0.134521484375,0,-0.0257415771484375,0,-0.2130126953125
2.1474,0,-0.06964111328125,0,-0.134521484375,0,0.03985595703125,0,-0.2130126953125
2.1603,0,-0.1375732421875,0,0.361572265625,0,0.03985595703125,0,-0.07489013671875
2.1671,0,-0.1375732421875,0,0.361572265625,0,-0.0343017578125,0,-0.07489013671875
2.1813,0,-0.1375732421875,0,-0.107421875,0,-0.0343017578125,0,-0.036712646484375
2.1864,0,0.050048828125,0,-0.107421875,0,0.031280517578125,0,-0.036712646484375
2.1987,0,0.050048828125,0,0.1890869140625,0,0.031280517578125,0,0.1734619140625
2.2072,0,-0.10369873046875,0,0.1890869140625,0,0.0183258056640625,0,0.1734619140625
2.2178,0,-0.10369873046875,0,0.1890869140625,0,0.0183258056640625,0,0.2025146484375
2.2264,0,0.09100341796875,0,-0.2130126953125,0,0.0335693359375,0,0.2025146484375
2.2376,0,0.09100341796875,0,-0.2130126953125,0,0.0335693359375,0,0.09332275390625
2.2464,0,-0.049346923828125,0,-0.26708984375,0,0.0335693359375,0,0.09332275390625
2.2563,0,-0.049346923828125,0,0.10064697265625,0,0.05487060546875,0,0.134033203125
2.2662,0,0.0791015625,0,0.10064697265625,0,0.05487060546875,0,0.134033203125
2.2784,0,0.0791015625,0,0.10064697265625,0,0.07135009765625,0,-0.1375732421875
2.2864,0,0.09906005859375,0,0.2374267578125,0,0.07135009765625,0,-0.1375732421875
2.2987,0,0.09906005859375,0,0.2374267578125,0,0.0833740234375,0,0.1571044921875
2.3083,0,-0.098388671875,0,0.30908203125,0,0.0833740234375,0,0.1571044921875
2.3186,0,-0.098388671875,0,0.30908203125,0,-0.041015625,0,0.10784912109375
2.3269,0,0.1270751953125,0,-0.5068359375,0,-0.041015625,0,0.10784912109375
2.3371,0,0.1270751953125,0,-0.5068359375,0,0.0213165283203125,0,0.10784912109375
2.3473,0,0.035888671875,0,-0.26416015625,0,0.0213165283203125,0,0.12841796875
2.3566,0,0.035888671875,0,-0.26416015625,0,-0.07489013671875,0,0.12841796875
2.3661,0,-0.208251953125,0,0.16259765625,0,-0.07489013671875,0,0.11968994140625
2.3770,0,-0.208251953125,0,0.16259765625,0,0.0233612060546875,0,-0.052642822265625
2.3861,0,0.0701904296875,0,0.139892578125,0,0.0233612060546875,0,-0.052642822265625
2.3986,0,0.0701904296875,0,0.139892578125,0,0.05908203125,0,-0.0252838134765625
2.4068,0,-0.08013916015625,0,0.247802734375,0,0.05908203125,0,-0.0252838134765625
2.4186,0,-0.08013916015625,0,0.247802734375,0,-0.0655517578125,0,-0.0252838134765625
2.4265,0,0.0469970703125,0,-0.52490234375,0,-0.0655517578125,0,0.1513671875
2.4384,0,0.0469970703125,0,-0.52490234375,0,-0.0209503173828125,0,0.1513671875
2.4467,0,0.061248779296875,0,0.21435546875,0,-0.0209503173828125,0,-0.1298828125
2.4584,0,0.061248779296875,0,0.21435546875,0,-0.050018310546875,0,-0.1298828125
2.4663,0,0.1529541015625,0,0.1787109375,0,-0.050018310546875,0,0.143310546875
2.4771,0,0.1529541015625,0,0.1787109375,0,-0.00858306884765625,0,0.143310546875
2.4859,0,0.1529541015625,0,0.10833740234375,0,-0.00858306884765625,0,0.0662841796875
2.4974,0,-0.27734375,0,0.10833740234375,0,-0.07757568359375,0,0.0662841796875
2.5082,0,-0.27734375,0,-0.47802734375,0,-0.07757568359375,0,0.1434326171875
2.5184,0,-0.266845703125,0,-0.47802734375,0,0.023956298828125,0,0.1434326171875
2.5265,0,-0.266845703125,0,-0.091796875,0,0.023956298828125,0,-0.16357421875
2.5366,0,0.0501708984375,0,-0.091796875,0,-0.007747650146484375,0,-0.16357421875
2.5462,0,0.0501708984375,0,0.13037109375,0,-0.007747650146484375,0,0.1649169921875
2.5561,0,0.04852294921875,0,0.13037109375,0,0.028839111328125,0,0.1649169921875
2.5660,0,0.04852294921875,0,0.0256805419921875,0,0.028839111328125,0,-0.193603515625
2.5765,0,-0.17578125,0,0.0256805419921875,0,-0.07489013671875,0,-0.193603515625
2.5860,0,-0.17578125,0,0.1119384765625,0,-0.07489013671875,0,0.10101318359375
2.5986,0,0.146484375,0,0.1119384765625,0,-0.0181884765625,0,0.10101318359375
2.6082,0,0.146484375,0,0.11309814453125,0,-0.0181884765625,0,0.1668701171875
2.6186,0,0.074462890625,0,0.11309814453125,0,0.00933837890625,0,0.1668701171875
2.6273,0,0.074462890625,0,0.6337890625,0,0.00933837890625,0,-0.275146484375
2.6384,0,0.015045166015625,0,0.6337890625,0,0.00933837890625,0,-0.275146484375
2.6473,0,0.015045166015625,0,0.261474609375,0,-0.0170440673828125,0,-0.171875
2.6568,0,0.0897216796875,0,0.261474609375,0,-0.0170440673828125,0,-0.171875
2.6663,0,0.0897216796875,0,0.261474609375,0,0.047271728515625,0,0.213134765625
2.6764,0,-0.2181396484375,0,0.138916015625,0,0.032867431640625,0,0.213134765625
2.6875,0,-0.2181396484375,0,0.138916015625,0,0.032867431640625,0,0.222900390625
2.6986,0,0.04315185546875,0,-0.400390625,0,0.032867431640625,0,0.222900390625
2.7070,0,0.04315185546875,0,-0.400390625,0,0.02764892578125,0,0.10589599609375
2.7189,0,-0.11968994140625,0,0.53076171875,0,0.02764892578125,0,0.10589599609375
2.7292,0,-0.11968994140625,0,0.53076171875,0,0.01430511474609375,0,-0.2069091796875
2.7342,0,-0.2529296875,0,-0.0458984375,0,-0.05596923828125,0,-0.2069091796875
2.7462,0,-0.2529296875,0,-0.0458984375,0,-0.05596923828125,0,0.1390380859375
2.7562,0,0.056488037109375,0,0.102783203125,0,-0.05596923828125,0,0.1390380859375
2.7662,0,0.056488037109375,0,0.102783203125,0,0.08831787109375,0,-0.142578125
2.7791,0,-0.307373046875,0,-0.2880859375,0,0.08831787109375,0,-0.142578125
2.7867,0,-0.307373046875,0,-0.2880859375,0,0.01384735107421875,0,0.162109375
2.7976,0,-0.09039306640625,0,0.406494140625,0,0.01384735107421875,0,0.162109375
2.8059,0,-0.09039306640625,0,0.406494140625,0,-0.0584716796875,0,0.162109375
2.8174,0,0.1148681640625,0,0.09490966796875,0,-0.0584716796875,0,-0.136474609375
2.8274,0,0.1148681640625,0,0.09490966796875,0,-0.0224456787109375,0,-0.136474609375
2.8385,0,0.0953369140625,0,0.297607421875,0,-0.0224456787109375,0,0.10345458984375
2.8467,0,0.0953369140625,0,0.297607421875,0,0.050048828125,0,0.10345458984375
2.8586,0,0.1407470703125,0,0.288330078125,0,0.050048828125,0,-0.06402587890625
2.8665,0,0.1407470703125,0,0.288330078125,0,0.058624267578125,0,-0.06402587890625
2.8790,0,0.1690673828125,0,0.658203125,0,0.058624267578125,0,-0.0213165283203125
2.8860,0,0.1690673828125,0,0.658203125,0,-0.05780029296875,0,-0.0213165283203125
2.8988,0,0.125732421875,0,0.9375,0,-0.05780029296875,0,-0.27490234375
2.9064,0,0.125732421875,0,0.9375,0,0.0060577392578125,0,-0.27490234375
2.9187,0,-0.2017822265625,0,-0.525390625,0,0.0060577392578125,0,0.08935546875
2.9270,0,-0.2017822265625,0,-0.525390625,0,-0.055877685546875,0,0.08935546875
2.9368,0,-0.093505859375,0,-0.18408203125,0,-0.055877685546875,0,0.1112060546875
2.9459,0,-0.093505859375,0,-0.18408203125,0,0.05194091796875,0,0.1112060546875
2.9562,0,0.0867919921875,0,0.09295654296875,0,0.05194091796875,0,-0.0928955078125
2.9659,0,0.0867919921875,0,0.09295654296875,0,0.01824951171875,0,-0.0928955078125
2.9788,0,-0.024749755859375,0,0.0838623046875,0,0.01824951171875,0,-0.185302734375
2.9872,0,-0.024749755859375,0,0.0838623046875,0,0.055633544921875,0,-0.185302734375
2.9977,0,-0.024749755859375,0,0.291015625,0,0.055633544921875,0,-0.25830078125
3.0075,0,-0.1788330078125,0,0.291015625,0,-0.05218505859375,0,-0.25830078125
3.0188,0,-0.1788330078125,0,0.28466796875,0,-0.05218505859375,0,-0.259521484375
3.0270,0,0.16259765625,0,0.28466796875,0,-0.082763671875,0,-0.259521484375
3.0413,0,0.16259765625,0,0.2939453125,0,-0.082763671875,0,0.095458984375
3.0468,0,0.146728515625,0,0.2939453125,0,-0.06549072265625,0,0.095458984375
3.0569,0,0.146728515625,0,0.07965087890625,0,-0.06549072265625,0,-0.124267578125
3.0665,0,-0.2467041015625,0,0.07965087890625,0,0.0345458984375,0,-0.124267578125
3.0775,0,-0.2467041015625,0,-0.7412109375,0,0.0345458984375,0,0.08502197265625
3.0860,0,-0.27392578125,0,-0.7412109375,0,-0.038360595703125,0,0.08502197265625
3.0989,0,-0.27392578125,0,0.8115234375,0,-0.038360595703125,0,-0.197509765625
3.1068,0,-0.15625,0,0.8115234375,0,0.0118865966796875,0,-0.197509765625
3.1202,0,-0.15625,0,0.29052734375,0,0.0118865966796875,0,-0.061248779296875
3.1296,0,0.10302734375,0,0.29052734375,0,-0.0247039794921875,0,-0.061248779296875
3.1389,0,0.10302734375,0,0.29052734375,0,-0.0247039794921875,0,-0.2340087890625
3.1483,0,0.06719970703125,0,-0.1768798828125,0,-0.0247039794921875,0,-0.2340087890625
3.1570,0,0.06719970703125,0,-0.1768798828125,0,-0.028656005859375,0,-0.04400634765625
3.1660,0,0.1063232421875,0,0.3427734375,0,-0.028656005859375,0,-0.04400634765625
3.1794,0,0.1063232421875,0,0.3427734375,0,0.05572509765625,0,-0.020416259765625
3.1866,0,0.03619384765625,0,-0.474365234375,0,0.05572509765625,0,-0.020416259765625
3.1994,0,0.03619384765625,0,-0.474365234375,0,0.0276641845703125,0,0.11614990234375
3.2113,0,0.156005859375,0,-0.1810302734375,0,0.0899658203125,0,0.11614990234375
3.2185,0,0.156005859375,0,-0.1810302734375,0,0.0899658203125,0,0.1534423828125
3.2283,0,-0.236572265625,0,-0.04083251953125,0,0.0899658203125,0,0.1534423828125
3.2384,0,-0.236572265625,0,-0.04083251953125,0,-0.06951904296875,0,0.1666259765625
3.2469,0,-0.2208251953125,0,0.467529296875,0,-0.06951904296875,0,0.1666259765625
3.2585,0,-0.2208251953125,0,0.467529296875,0,0.132568359375,0,0.1666259765625
3.2668,0,0.13525390625,0,0.342041015625,0,0.132568359375,0,0.1484375
3.2769,0,0.13525390625,0,0.342041015625,0,0.0465087890625,0,0.1484375
3.2860,0,0.17431640625,0,0.1790771484375,0,0.0465087890625,0,0.0733642578125
3.2988,0,0.17431640625,0,0.1790771484375,0,-0.09814453125,0,-0.12109375
3.3079,0,0.132080078125,0,-0.4599609375,0,-0.09814453125,0,-0.12109375
3.3170,0,0.132080078125,0,-0.4599609375,0,0.0254058837890625,0,-0.12109375
3.3258,0,0.132080078125,0,-0.18994140625,0,0.0254058837890625,0,-0.053863525390625
3.3366,0,-0.200927734375,0,-0.18994140625,0,-0.08544921875,0,-0.053863525390625
3.3469,0,0.1722412109375,0,-0.358154296875,0,-0.08544921875,0,0.11541748046875
3.3564,0,0.1722412109375,0,-0.358154296875,0,-0.02398681640625,0,0.11541748046875
3.3666,0,0.11456298828125,0,0.50048828125,0,-0.02398681640625,0,0.061859130859375
3.3776,0,0.11456298828125,0,0.50048828125,0,-0.011688232421875,0,0.061859130859375
3.3865,0,0.11456298828125,0,0.0181121826171875,0,-0.011688232421875,0,-0.1864013671875
3.3990,0,0.042755126953125,0,0.0181121826171875,0,-0.07220458984375,0,-0.1864013671875
3.4070,0,0.042755126953125,0,-0.24072265625,0,-0.07220458984375,0,-0.1663818359375
3.4218,0,0.1588134765625,0,-0.24072265625,0,-0.0193023681640625,0,-0.1663818359375
3.4287,0,0.110595703125,0,0.259765625,0,-0.0193023681640625,0,0.1153564453125
3.4365,0,0.110595703125,0,0.259765625,0,0.043426513671875,0,0.1153564453125
3.4466,0,-0.183837890625,0,0.458251953125,0,0.043426513671875,0,0.059967041015625
3.4569,0,-0.183837890625,0,0.458251953125,0,-0.061279296875,0,0.059967041015625
3.4676,0,-0.183837890625,0,0.55859375,0,-0.061279296875,0,-0.127685546875
3.4788,0,0.09912109375,0,0.55859375,0,-0.06768798828125,0,-0.127685546875
3.4873,0,0.09912109375,0,0.3740234375,0,-0.06768798828125,0,0.170654296875
3.4988,0,0.178955078125,0,0.3740234375,0,0.0173187255859375,0,0.170654296875
3.5062,0,0.178955078125,0,0.3740234375,0,0.0173187255859375,0,-0.061309814453125
3.5183,0,0.048736572265625,0,0.5078125,0,0.018646240234375,0,-0.061309814453125
3.5264,0,0.048736572265625,0,0.5078125,0,0.018646240234375,0,-0.2568359375
3.5384,0,-0.1307373046875,0,0.08636474609375,0,-0.0104522705078125,0,-0.2568359375
3.5467,0,-0.1307373046875,0,0.08636474609375,0,-0.0104522705078125,0,0.1300048828125
3.5588,0,-0.09326171875,0,0.2183837890625,0,0.0233612060546875,0,0.1300048828125
3.5667,0,-0.09326171875,0,0.2183837890625,0,0.0233612060546875,0,0.1871337890625
3.5769,0,-0.344482421875,0,0.443115234375,0,0.0303802490234375,0,0.1871337890625
3.5862,0,-0.344482421875,0,0.443115234375,0,0.0303802490234375,0,0.1363525390625
3.5963,0,-0.360107421875,0,0.456298828125,0,0.0303802490234375,0,0.1363525390625
3.6058,0,-0.360107421875,0,0.456298828125,0,0.03961181640625,0,0.1453857421875
3.6177,0,0.15869140625,0,-0.33154296875,0,0.039337158203125,0,0.1453857421875
3.6274,0,0.15869140625,0,-0.33154296875,0,0.039337158203125,0,-0.2115478515625
3.6387,0,-0.341064453125,0,0.490478515625,0,0.0966796875,0,-0.2115478515625
3.6474,0,-0.341064453125,0,0.490478515625,0,0.0966796875,0,-0.006427764892578125
3.6585,0,0.153564453125,0,-0.280029296875,0,-0.034027099609375,0,-0.006427764892578125
3.6665,0,0.153564453125,0,-0.280029296875,0,-0.034027099609375,0,-0.252197265625
3.6787,0,0.06512451171875,0,-0.1702880859375,0,-0.034027099609375,0,-0.252197265625
3.6868,0,0.06512451171875,0,-0.1702880859375,0,-0.0222015380859375,0,-0.252197265625
3.6970,0,-0.327392578125,0,0.64794921875,0,0.0257110595703125,0,0.074951171875
3.7058,0,-0.327392578125,0,0.64794921875,0,0.0257110595703125,0,0.06719970703125
3.7176,0,0.08624267578125,0,0.5517578125,0,0.0257110595703125,0,0.06719970703125
3.7260,0,0.08624267578125,0,0.5517578125,0,-0.07196044921875,0,-0.045928955078125
3.7386,0,0.0809326171875,0,-0.13916015625,0,-0.07196044921875,0,-0.045928955078125
3.7464,0,0.0809326171875,0,-0.13916015625,0,0.0110321044921875,0,-0.045928955078125
3.7587,0,-0.207763671875,0,-0.228271484375,0,0.0110321044921875,0,-0.145263671875
3.7665,0,-0.207763671875,0,-0.228271484375,0,0.02099609375,0,-0.145263671875
3.7786,0,0.1053466796875,0,0.041259765625,0,0.02099609375,0,0.07818603515625
3.7864,0,0.1053466796875,0,0.041259765625,0,0.0673828125,0,0.07818603515625
3.7991,0,0.1053466796875,0,-0.281005859375,0,0.0673828125,0,0.06689453125
3.8062,0,-0.069091796875,0,-0.281005859375,0,0.06378173828125,0,0.06689453125
3.8185,0,-0.069091796875,0,0.323974609375,0,0.06378173828125,0,0.1409912109375
3.8330,0,0.09051513671875,0,0.323974609375,0,0.0198822021484375,0,0.1409912109375
3.8386,0,0.09051513671875,0,0.255859375,0,0.0198822021484375,0,0.1226806640625
3.8469,0,-0.05694580078125,0,0.255859375,0,-0.01096343994140625,0,0.1226806640625
3.8570,0,-0.05694580078125,0,0.61181640625,0,-0.01096343994140625,0,0.10186767578125
3.8682,0,-0.053680419921875,0,0.61181640625,0,0.022674560546875,0,0.10186767578125
3.8762,0,-0.053680419921875,0,-0.082763671875,0,0.022674560546875,0,-0.1739501953125
3.8862,0,-0.073486328125,0,-0.082763671875,0,-0.06756591796875,0,-0.1739501953125
3.8988,0,-0.073486328125,0,-0.082763671875,0,-0.06756591796875,0,0.1461181640625
3.9065,0,0.2451171875,0,-0.43994140625,0,-0.0291748046875,0,0.1461181640625
3.9177,0,0.2451171875,0,-0.43994140625,0,-0.0291748046875,0,0.07196044921875
3.9259,0,0.041778564453125,0,-0.6728515625,0,0.0653076171875,0,0.07196044921875
3.9333,0,0.041778564453125,0,0.283447265625,0,0.0653076171875,0,0.07940673828125
3.9468,0,-0.29833984375,0,0.283447265625,0,0.02789306640625,0,0.07940673828125
3.9564,0,-0.29833984375,0,0.283447265625,0,0.02789306640625,0,-0.16162109375
3.9672,0,-0.2366943359375,0,-0.4072265625,0,0.07373046875,0,-0.16162109375
3.9766,0,-0.2366943359375,0,-0.4072265625,0,0.07373046875,0,-0.1978759765625
3.9845,0,0.053436279296875,0,-0.12451171875,0,-0.0242767333984375,0,-0.1978759765625
3.9970,0,0.053436279296875,0,-0.12451171875,0,-0.0242767333984375,0,-0.208251953125
4.0064,0,-0.11322021484375,0,-0.08807373046875,0,0.01837158203125,0,-0.208251953125
4.0187,0,-0.11322021484375,0,-0.08807373046875,0,0.01837158203125,0,0.0609130859375
4.0261,0,0.127197265625,0,-0.33056640625,0,-0.0887451171875,0,0.0609130859375
4.0384,0,0.127197265625,0,-0.33056640625,0,-0.0887451171875,0,0.03472900390625
4.0473,0,0.06719970703125,0,-0.056488037109375,0,0.0887451171875,0,0.03472900390625
4.0584,0,0.06719970703125,0,-0.056488037109375,0,0.0887451171875,0,-0.068115234375
4.0663,0,-0.04437255859375,0,-0.443115234375,0,0.0887451171875,0,-0.068115234375
4.0765,0,-0.04437255859375,0,-0.443115234375,0,0.044525146484375,0,-0.183837890625
4.0860,0,-0.0251922607421875,0,0.41357421875,0,-0.033538818359375,0,-0.183837890625
4.0966,0,-0.0251922607421875,0,0.41357421875,0,-0.033538818359375,0,0.177734375
4.1058,0,0.07452392578125,0,0.25244140625,0,-0.033538818359375,0,0.177734375
4.1188,0,0.07452392578125,0,0.25244140625,0,-0.05670166015625,0,0.1932373046875
4.1265,0,-0.2384033203125,0,-0.460205078125,0,-0.05670166015625,0,0.1932373046875
4.1384,0,-0.2384033203125,0,-0.460205078125,0,0.052276611328125,0,0.0288848876953125
4.1472,0,0.10626220703125,0,-0.1007080078125,0,0.052276611328125,0,0.0288848876953125
4.1585,0,0.10626220703125,0,-0.1007080078125,0,0.0265960693359375,0,-0.06024169921875
4.1664,0,-0.151123046875,0,0.67333984375,0,0.0265960693359375,0,-0.06024169921875
4.1767,0,-0.151123046875,0,0.67333984375,0,-0.0128631591796875,0,-0.1893310546875
4.1862,0,-0.07965087890625,0,0.362060546875,0,-0.0128631591796875,0,-0.1893310546875
4.1969,0,-0.07965087890625,0,0.362060546875,0,-0.061004638671875,0,-0.1893310546875
4.2082,0,-0.2291259765625,0,0.50390625,0,-0.061004638671875,0,-0.0560302734375
4.2196,0,-0.2291259765625,0,0.50390625,0,-0.043121337890625,0,-0.0560302734375
4.2270,0,-0.2291259765625,0,0.2978515625,0,-0.043121337890625,0,-0.145263671875
4.2391,0,-0.110595703125,0,0.2978515625,0,0.02606201171875,0,0.1494140625
4.2488,0,-0.110595703125,0,0.59716796875,0,0.02606201171875,0,0.1494140625
4.2592,0,-0.23681640625,0,0.59716796875,0,-0.076171875,0,-0.27685546875
4.2674,0,-0.23681640625,0,0.38916015625,0,-0.076171875,0,-0.27685546875
4.2796,0,0.042205810546875,0,0.38916015625,0,0.0496826171875,0,-0.27685546875
4.2867,0,0.042205810546875,0,0.29150390625,0,0.0496826171875,0,-0.06549072265625
4.2993,0,0.1190185546875,0,0.29150390625,0,-0.0606689453125,0,-0.06549072265625
4.3063,0,0.1190185546875,0,0.1265869140625,0,-0.0606689453125,0,-0.135009765625
4.3176,0,0.1590576171875,0,0.1265869140625,0,0.040374755859375,0,-0.135009765625
4.3264,0,0.1590576171875,0,-0.240478515625,0,0.040374755859375,0,0.052825927734375
4.3368,0,0.1036376953125,0,-0.240478515625,0,-0.064208984375,0,0.052825927734375
4.3459,0,0.1036376953125,0,-0.240478515625,0,-0.064208984375,0,-0.256591796875
4.3563,0,-0.11810302734375,0,0.203369140625,0,-0.08624267578125,0,-0.256591796875
4.3670,0,-0.11810302734375,0,0.203369140625,0,-0.08624267578125,0,-0.278076171875
4.3764,0,0.09033203125,0,0.057342529296875,0,0.0748291015625,0,-0.278076171875
4.3830,0,0.09033203125,0,0.355712890625,0,0.0748291015625,0,0.151611328125
4.3996,0,-0.18701171875,0,0.355712890625,0,-0.0244140625,0,0.151611328125
4.4068,0,-0.18701171875,0,0.355712890625,0,-0.0244140625,0,-0.175048828125
4.4193,0,-0.07916259765625,0,0.43017578125,0,0.0440673828125,0,-0.175048828125
4.4265,0,-0.07916259765625,0,0.43017578125,0,0.0440673828125,0,-0.04266357421875
4.4386,0,0.0291748046875,0,-0.44677734375,0,0.0635986328125,0,-0.04266357421875
4.4466,0,0.0291748046875,0,-0.44677734375,0,0.0635986328125,0,0.1529541015625
4.4586,0,-0.267822265625,0,-0.05950927734375,0,0.02423095703125,0,0.1529541015625
4.4666,0,-0.267822265625,0,-0.05950927734375,0,0.02423095703125,0,0.1973876953125
4.4772,0,-0.229736328125,0,0.333251953125,0,-0.0570068359375,0,0.1973876953125
4.4860,0,-0.229736328125,0,0.333251953125,0,-0.0570068359375,0,-0.1370849609375
4.4968,0,-0.1304931640625,0,-0.431640625,0,-0.0570068359375,0,-0.1370849609375
4.5059,0,-0.1304931640625,0,-0.431640625,0,0.0288543701171875,0,-0.1788330078125
4.5179,0,-0.0587158203125,0,0.03167724609375,0,0.0288543701171875,0,-0.1788330078125
4.5251,0,-0.0587158203125,0,0.03167724609375,0,0.05316162109375,0,-0.1788330078125
4.5372,0,-0.1923828125,0,0.3935546875,0,-0.041412353515625,0,0.132568359375
4.5479,0,-0.1923828125,0,0.3935546875,0,-0.041412353515625,0,0.0826416015625
4.5586,0,0.1148681640625,0,-0.102294921875,0,-0.041412353515625,0,0.0826416015625
4.5667,0,0.1148681640625,0,-0.102294921875,0,0.0207366943359375,0,0.0826416015625
4.5791,0,-0.253173828125,0,-0.0272674560546875,0,0.0207366943359375,0,-0.2054443359375
4.5862,0,-0.253173828125,0,-0.0272674560546875,0,-0.0255126953125,0,-0.2054443359375
4.5998,0,0.0240325927734375,0,-0.00804901123046875,0,0.02252197265625,0,0.12152099609375
4.6069,0,0.0240325927734375,0,-0.00804901123046875,0,0.02252197265625,0,0.1741943359375
4.6174,0,0.12213134765625,0,0.0482177734375,0,0.02252197265625,0,0.1741943359375
4.6260,0,0.12213134765625,0,0.0482177734375,0,0.07000732421875,0,0.1741943359375
4.6380,0,-0.13134765625,0,-0.341552734375,0,0.07000732421875,0,-0.1815185546875
4.6462,0,-0.13134765625,0,-0.341552734375,0,0.0029315948486328125,0,-0.1815185546875
4.6564,0,-0.1707763671875,0,0.677734375,0,0.0029315948486328125,0,0.145263671875
4.6666,0,-0.1707763671875,0,0.677734375,0,-0.03643798828125,0,0.145263671875
4.6799,0,0.0867919921875,0,-0.134765625,0,-0.03643798828125,0,0.154052734375
4.6864,0,0.0867919921875,0,-0.134765625,0,0.068115234375,0,0.154052734375
4.6987,0,0.0867919921875,0,0.0811767578125,0,0.068115234375,0,0.14892578125
4.7063,0,-0.2200927734375,0,0.0811767578125,0,-0.045196533203125,0,0.14892578125
4.7191,0,0.08984375,0,0.2191162109375,0,-0.045196533203125,0,0.1871337890625
4.7268,0,0.08984375,0,0.2191162109375,0,-0.043212890625,0,0.1871337890625
4.7375,0,0.08984375,0,0.2191162109375,0,-0.043212890625,0,0.1416015625
4.7493,0,0.1019287109375,0,-0.0889892578125,0,0.07220458984375,0,0.1416015625
4.7568,0,0.1019287109375,0,0.1090087890625,0,0.07220458984375,0,-0.1927490234375
4.7664,0,-0.210205078125,0,0.1090087890625,0,0.039581298828125,0,-0.1927490234375
4.7782,0,-0.210205078125,0,-0.331298828125,0,0.039581298828125,0,0.059173583984375
4.7863,0,-0.0184326171875,0,-0.331298828125,0,0.028564453125,0,0.059173583984375
4.7985,0,-0.0184326171875,0,-0.331298828125,0,0.028564453125,0,-0.1044921875
4.8065,0,0.0201568603515625,0,0.5771484375,0,0.0360107421875,0,-0.1044921875
4.8185,0,0.0201568603515625,0,0.5771484375,0,0.0360107421875,0,-0.233642578125
4.8285,0,0.1656494140625,0,0.039459228515625,0,-0.0279541015625,0,-0.233642578125
4.8385,0,0.1656494140625,0,0.039459228515625,0,-0.0279541015625,0,0.2203369140625
4.8453,0,-0.2371826171875,0,0.31982421875,0,0.09869384765625,0,0.2203369140625
4.8584,0,-0.2371826171875,0,-0.325439453125,0,0.09869384765625,0,0.05181884765625
4.8685,0,0.06927490234375,0,-0.325439453125,0,0.029510498046875,0,0.05181884765625
4.8798,0,0.06927490234375,0,-0.325439453125,0,0.029510498046875,0,0.059844970703125
4.8888,0,-0.07879638671875,0,0.1533203125,0,0.08624267578125,0,0.059844970703125
4.8975,0,-0.07879638671875,0,0.1533203125,0,0.08624267578125,0,0.10888671875
4.9063,0,-0.117919921875,0,0.06915283203125,0,0.00885009765625,0,0.10888671875
4.9203,0,-0.117919921875,0,0.06915283203125,0,0.00885009765625,0,-0.044708251953125
4.9278,0,-0.202880859375,0,0.366455078125,0,0.06854248046875,0,-0.044708251953125
4.9414,0,-0.202880859375,0,0.366455078125,0,0.06854248046875,0,0.179443359375
4.9477,0,0.07989501953125,0,-0.206787109375,0,0.06854248046875,0,0.179443359375
4.9605,0,0.07989501953125,0,-0.206787109375,0,-0.028045654296875,0,-0.1092529296875
4.9707,0,-0.11798095703125,0,-0.1671142578125,0,0.05010986328125,0,-0.1092529296875
4.9781,0,-0.11798095703125,0,-0.1671142578125,0,0.05010986328125,0,-0.1473388671875
4.9900,0,-0.278076171875,0,-0.1846923828125,0,0.0304107666015625,0,-0.1473388671875
5.0026,0,-0.278076171875,0,-0.1431884765625,0,0.0304107666015625,0,0.217041015625
5.0065,0,0.041229248046875,0,-0.1431884765625,0,0.0304107666015625,0,0.217041015625
5.0182,0,0.041229248046875,0,-0.1431884765625,0,0.01464080810546875,0,0.217041015625
5.0272,0,-0.1954345703125,0,-0.0195159912109375,0,0.01464080810546875,0,0.098876953125
5.0393,0,-0.1954345703125,0,-0.0195159912109375,0,-0.07275390625,0,0.06219482421875
5.0469,0,0.2020263671875,0,0.02825927734375,0,0.05694580078125,0,0.06219482421875
5.0598,0,0.2020263671875,0,0.02825927734375,0,0.05694580078125,0,0.2044677734375
5.0674,0,0.2020263671875,0,-0.10479736328125,0,0.05694580078125,0,0.2044677734375
5.0800,0,0.07562255859375,0,-0.10479736328125,0,0.050048828125,0,0.2044677734375
5.0884,0,0.07562255859375,0,-0.51513671875,0,0.050048828125,0,0.01325225830078125
5.1012,0,-0.1942138671875,0,-0.51513671875,0,-0.045440673828125,0,0.01325225830078125
5.1073,0,0.1158447265625,0,-0.345703125,0,-0.045440673828125,0,-0.0506591796875
5.1173,0,0.1158447265625,0,-0.345703125,0,0.03704833984375,0,-0.0506591796875
5.1263,0,0.1158447265625,0,-0.2364501953125,0,0.03704833984375,0,0.11248779296875
5.1371,0,-0.0767822265625,0,-0.2364501953125,0,0.045257568359375,0,0.11248779296875
5.1462,0,-0.0767822265625,0,-0.34912109375,0,0.045257568359375,0,-0.1671142578125
5.1571,0,0.043060302734375,0,-0.34912109375,0,0.08636474609375,0,-0.1671142578125
5.1685,0,0.043060302734375,0,0.47412109375,0,0.08636474609375,0,0.11187744140625
5.1824,0,0.1954345703125,0,0.47412109375,0,0.0283966064453125,0,0.11187744140625
5.1864,0,0.1954345703125,0,-0.470947265625,0,0.0283966064453125,0,-0.08355712890625
5.1987,0,0.060089111328125,0,-0.470947265625,0,0.049072265625,0,-0.08355712890625
5.2065,0,0.060089111328125,0,-0.07025146484375,0,0.049072265625,0,-0.2286376953125
5.2213,0,-0.2237548828125,0,-0.07025146484375,0,-0.0304718017578125,0,-0.2286376953125
5.2302,0,-0.2237548828125,0,-0.417724609375,0,-0.0304718017578125,0,-0.265625
5.2409,0,0.1627197265625,0,-0.417724609375,0,0.051666259765625,0,-0.265625
5.2486,0,0.1627197265625,0,-0.225341796875,0,0.051666259765625,0,0.048187255859375
5.2584,0,-0.11578369140625,0,-0.225341796875,0,-0.048583984375,0,0.048187255859375
5.2664,0,-0.11578369140625,0,0.7978515625,0,-0.048583984375,0,-0.22216796875
5.2783,0,0.0472412109375,0,0.7978515625,0,-0.0999755859375,0,-0.22216796875
5.2863,0,0.0472412109375,0,0.10595703125,0,-0.0999755859375,0,0.1973876953125
5.2982,0,-0.26220703125,0,0.10595703125,0,0.03387451171875,0,0.1973876953125
5.3070,0,-0.26220703125,0,0.90283203125,0,0.03387451171875,0,0.042083740234375
5.3209,0,0.027984619140625,0,0.90283203125,0,0.047515869140625,0,0.042083740234375
5.3268,0,0.027984619140625,0,0.90283203125,0,0.047515869140625,0,0.07916259765625
5.3385,0,-0.314697265625,0,-0.40966796875,0,0.047515869140625,0,0.07916259765625
5.3433,0,-0.314697265625,0,-0.356201171875,0,0.044342041015625,0,-0.03741455078125
5.3565,0,-0.1295166015625,0,-0.356201171875,0,-0.025115966796875,0,-0.03741455078125
5.3664,0,-0.1295166015625,0,-0.356201171875,0,-0.025115966796875,0,0.15478515625
5.3768,0,0.0980224609375,0,-0.12103271484375,0,0.02862548828125,0,0.15478515625
5.3861,0,0.0980224609375,0,-0.12103271484375,0,0.02862548828125,0,-0.054351806640625
5.3989,0,0.132080078125,0,0.08270263671875,0,0.02862548828125,0,-0.054351806640625
5.4063,0,0.132080078125,0,0.08270263671875,0,-0.019134521484375,0,0.1302490234375
5.4193,0,0.058197021484375,0,-0.282470703125,0,-0.019134521484375,0,0.1302490234375
5.4265,0,0.058197021484375,0,-0.282470703125,0,-0.0307159423828125,0,0.0289154052734375
5.4367,0,0.058197021484375,0,0.40576171875,0,-0.0307159423828125,0,0.0289154052734375
5.4465,0,0.1207275390625,0,0.40576171875,0,0.0160369873046875,0,0.13330078125
5.4566,0,0.2076416015625,0,0.2822265625,0,0.0160369873046875,0,0.13330078125
5.4663,0,0.2076416015625,0,0.2822265625,0,-0.0648193359375,0,-0.03533935546875
5.4768,0,0.1378173828125,0,-0.4375,0,-0.0648193359375,0,-0.03533935546875
5.4861,0,0.1378173828125,0,-0.4375,0,0.046142578125,0,-0.03533935546875
5.4970,0,-0.05340576171875,0,0.10858154296875,0,0.046142578125,0,0.1424560546875
5.5073,0,-0.05340576171875,0,0.10858154296875,0,-0.031585693359375,0,0.1424560546875
5.5218,0,0.1099853515625,0,0.163330078125,0,-0.031585693359375,0,0.1473388671875
5.5312,0,0.1099853515625,0,0.163330078125,0,0.04107666015625,0,0.06951904296875
5.5387,0,0.1099853515625,0,-0.467041015625,0,0.04107666015625,0,0.06951904296875
5.5466,0,0.09307861328125,0,-0.467041015625,0,-0.046783447265625,0,0.06951904296875
5.5595,0,-0.2135009765625,0,-0.155029296875,0,-0.046783447265625,0,-0.0224151611328125
5.5673,0,-0.2135009765625,0,-0.155029296875,0,0.0914306640625,0,-0.0224151611328125
5.5785,0,-0.2135009765625,0,-0.33740234375,0,0.0914306640625,0,-0.0966796875
5.5881,0,0.1240234375,0,-0.33740234375,0,-0.026458740234375,0,-0.0966796875
5.6015,0,0.1240234375,0,0.291259765625,0,-0.026458740234375,0,-0.1859130859375
5.6066,0,0.05303955078125,0,0.291259765625,0,0.06048583984375,0,-0.1859130859375
5.6185,0,0.05303955078125,0,-0.83056640625,0,0.06048583984375,0,0.1605224609375
5.6264,0,0.07403564453125,0,-0.83056640625,0,0.03533935546875,0,0.1605224609375
5.6379,0,0.07403564453125,0,-0.267333984375,0,0.03533935546875,0,-0.252197265625
5.6461,0,-0.298583984375,0,-0.267333984375,0,-0.027252197265625,0,-0.252197265625
5.6588,0,-0.298583984375,0,-0.18798828125,0,-0.027252197265625,0,0.067626953125
5.6684,0,-0.173583984375,0,-0.18798828125,0,0.004459381103515625,0,0.067626953125
5.6786,0,-0.173583984375,0,-0.320556640625,0,0.004459381103515625,0,0.1396484375
5.6880,0,0.1285400390625,0,-0.320556640625,0,-0.036590576171875,0,0.1396484375
5.6986,0,0.1285400390625,0,-0.4033203125,0,-0.036590576171875,0,0.13525390625
5.7062,0,-0.06622314453125,0,-0.4033203125,0,-0.048614501953125,0,0.13525390625
5.7187,0,-0.06622314453125,0,0.2220458984375,0,-0.048614501953125,0,0.1356201171875
5.7275,0,0.07330322265625,0,0.2220458984375,0,0.052337646484375,0,0.1356201171875
5.7386,0,0.07330322265625,0,-0.86669921875,0,0.052337646484375,0,0.057708740234375
5.7486,0,0.0712890625,0,-0.86669921875,0,-0.0296173095703125,0,0.057708740234375
5.7584,0,0.0712890625,0,-0.86669921875,0,-0.0296173095703125,0,-0.23193359375
5.7672,0,-0.1844482421875,0,0.306640625,0,-0.044708251953125,0,-0.23193359375
5.7785,0,-0.1844482421875,0,0.306640625,0,-0.044708251953125,0,-0.068359375
5.7863,0,-0.1168212890625,0,-0.102294921875,0,-0.066162109375,0,-0.068359375
5.7970,0,-0.1168212890625,0,-0.46533203125,0,-0.066162109375,0,-0.01861572265625
5.8061,0,-0.00860595703125,0,-0.46533203125,0,-0.0250244140625,0,-0.01861572265625
5.8167,0,-0.00860595703125,0,-0.299560546875,0,-0.0250244140625,0,0.0251617431640625
5.8276,0,0.09063720703125,0,-0.299560546875,0,0.05218505859375,0,0.0251617431640625
5.8385,0,0.09063720703125,0,-0.299560546875,0,0.05218505859375,0,0.17138671875
5.8464,0,0.147216796875,0,-0.1395263671875,0,0.05218505859375,0,0.17138671875
5.8584,0,0.147216796875,0,-0.1395263671875,0,-0.049285888671875,0,-0.09210205078125
5.8665,0,-0.10516357421875,0,-0.296875,0,0.06329345703125,0,-0.09210205078125
5.8785,0,-0.10516357421875,0,-0.296875,0,0.06329345703125,0,0.1114501953125
5.8864,0,0.1474609375,0,-0.26171875,0,-0.04315185546875,0,0.1114501953125
5.8969,0,0.1474609375,0,-0.26171875,0,-0.04315185546875,0,-0.10589599609375
5.9059,0,0.077880859375,0,0.4296875,0,-0.04315185546875,0,-0.10589599609375
5.9165,0,0.077880859375,0,0.4296875,0,0.006084442138671875,0,0.1412353515625
5.9261,0,0.045196533203125,0,-0.52001953125,0,0.006084442138671875,0,0.1412353515625
5.9386,0,0.045196533203125,0,-0.52001953125,0,-0.03759765625,0,-0.14453125
5.9466,0,0.159912109375,0,-0.429443359375,0,-0.03759765625,0,-0.14453125
5.9586,0,0.159912109375,0,-0.429443359375,0,0.0728759765625,0,0.0933837890625
5.9665,0,-0.34130859375,0,-0.697265625,0,0.0728759765625,0,0.0933837890625
5.9786,0,-0.34130859375,0,-0.697265625,0,-0.0165863037109375,0,0.06573486328125
5.9868,0,0.0286102294921875,0,-0.258544921875,0,-0.0165863037109375,0,0.06573486328125
5.9985,0,0.0286102294921875,0,-0.258544921875,0,-0.0274200439453125,0,0.06573486328125
6.0105,0,-0.11077880859375,0,0.13671875,0,-0.0865478515625,0,0.10943603515625
6.0216,0,-0.11077880859375,0,0.13671875,0,-0.0865478515625,0,-0.0941162109375
6.0284,0,-0.11077880859375,0,0.548828125,0,-0.0865478515625,0,-0.0941162109375
6.0384,0,-0.09088134765625,0,0.548828125,0,0.0230560302734375,0,0.049591064453125
6.0466,0,-0.09088134765625,0,0.0278472900390625,0,0.0230560302734375,0,0.049591064453125
6.0585,0,0.1529541015625,0,0.0278472900390625,0,0.0391845703125,0,-0.1953125
6.0652,0,0.1561279296875,0,-0.27294921875,0,0.0391845703125,0,-0.1953125
6.0790,0,0.1561279296875,0,-0.27294921875,0,0.03472900390625,0,-0.1953125
6.0886,0,0.1561279296875,0,-0.38818359375,0,0.03472900390625,0,0.04229736328125
6.0986,0,-0.25244140625,0,-0.38818359375,0,-0.03021240234375,0,0.04229736328125
6.1065,0,-0.25244140625,0,0.1024169921875,0,-0.03021240234375,0,0.1121826171875
6.1204,0,0.05560302734375,0,0.1024169921875,0,0.0848388671875,0,0.1121826171875
6.1256,0,0.05560302734375,0,-0.55419921875,0,0.0848388671875,0,0.09466552734375
6.1385,0,-0.056182861328125,0,-0.55419921875,0,-0.07586669921875,0,0.09466552734375
6.1465,0,-0.056182861328125,0,0.097900390625,0,-0.07586669921875,0,-0.156494140625
6.1570,0,-0.2076416015625,0,0.097900390625,0,-0.034393310546875,0,-0.156494140625
6.1668,0,-0.2076416015625,0,0.79296875,0,-0.034393310546875,0,0.153076171875
6.1770,0,-0.08477783203125,0,0.79296875,0,0.03955078125,0,0.153076171875
6.1861,0,-0.08477783203125,0,-0.043060302734375,0,0.03955078125,0,0.0372314453125
6.1967,0,-0.25390625,0,-0.043060302734375,0,0.0537109375,0,0.0372314453125
6.2062,0,-0.25390625,0,-0.2030029296875,0,0.0537109375,0,-0.2049560546875
6.2170,0,0.1451416015625,0,-0.2030029296875,0,-0.053741455078125,0,-0.2049560546875
6.2259,0,0.1451416015625,0,-0.198974609375,0,-0.053741455078125,0,-0.1683349609375
6.2401,0,-0.127685546875,0,-0.198974609375,0,0.0305328369140625,0,-0.1683349609375
6.2513,0,-0.127685546875,0,0.4248046875,0,0.0305328369140625,0,0.166259765625
6.2596,0,0.07684326171875,0,0.4248046875,0,0.09405517578125,0,0.166259765625
6.2674,0,0.07684326171875,0,0.4248046875,0,0.09405517578125,0,0.0948486328125
6.2813,0,0.04608154296875,0,0.259521484375,0,-0.00701904296875,0,0.0948486328125
6.2872,0,0.04608154296875,0,0.259521484375,0,-0.00701904296875,0,-0.048492431640625
6.3007,0,-0.1588134765625,0,-0.78369140625,0,-0.00701904296875,0,-0.048492431640625
6.3061,0,-0.1588134765625,0,-0.78369140625,0,0.03277587890625,0,0.04852294921875
6.3168,0,-0.25146484375,0,-0.180419921875,0,0.048858642578125,0,0.04852294921875
6.3265,0,-0.25146484375,0,-0.180419921875,0,0.048858642578125,0,-0.24560546875
6.3364,0,0.0926513671875,0,-0.2412109375,0,-0.0943603515625,0,-0.24560546875
6.3463,0,0.0926513671875,0,-0.2412109375,0,-0.0943603515625,0,0.18505859375
6.3586,0,0.07818603515625,0,-0.478515625,0,0.04217529296875,0,0.18505859375
6.3665,0,0.07818603515625,0,-0.478515625,0,0.04217529296875,0,0.028839111328125
6.3786,0,0.09844970703125,0,0.271484375,0,0.04217529296875,0,0.028839111328125
6.3869,0,0.09844970703125,0,0.271484375,0,-0.05865478515625,0,0.081787109375
6.3978,0,0.068359375,0,0.57958984375,0,0.0193634033203125,0,0.081787109375
6.4060,0,0.068359375,0,0.57958984375,0,0.0193634033203125,0,-0.252197265625
6.4166,0,-0.1641845703125,0,-0.3671875,0,0.0193634033203125,0,-0.252197265625
6.4264,0,-0.1641845703125,0,-0.3671875,0,0.045318603515625,0,0.1822509765625
6.4375,0,0.09576416015625,0,-0.285400390625,0,0.045318603515625,0,0.1822509765625
6.4461,0,0.09576416015625,0,-0.285400390625,0,0.0750732421875,0,0.1822509765625
6.4586,0,0.0462646484375,0,-0.271728515625,0,0.0750732421875,0,-0.0186920166015625
6.4665,0,0.0462646484375,0,-0.271728515625,0,0.0238494873046875,0,-0.0186920166015625
6.4794,0,0.0462646484375,0,-0.123291015625,0,0.0238494873046875,0,-0.216064453125
6.4864,0,-0.242431640625,0,-0.123291015625,0,0.0300445556640625,0,-0.10943603515625
6.4988,0,-0.242431640625,0,0.476318359375,0,0.0300445556640625,0,-0.10943603515625
6.5065,0,-0.1446533203125,0,0.476318359375,0,-0.037353515625,0,-0.10943603515625
6.5177,0,0.12078857421875,0,-0.32763671875,0,-0.037353515625,0,-0.151611328125
6.5264,0,0.12078857421875,0,-0.32763671875,0,0.04229736328125,0,-0.151611328125
6.5391,0,0.09600830078125,0,-0.274658203125,0,0.04229736328125,0,0.046722412109375
6.5468,0,0.09600830078125,0,-0.274658203125,0,0.057586669921875,0,0.046722412109375
6.5569,0,0.09600830078125,0,-0.284423828125,0,0.057586669921875,0,-0.1461181640625
6.5663,0,0.07318115234375,0,-0.284423828125,0,0.022705078125,0,-0.1461181640625
6.5764,0,0.07318115234375,0,-0.37939453125,0,0.022705078125,0,0.0870361328125
6.5868,0,0.0733642578125,0,-0.37939453125,0,0.0924072265625,0,0.0870361328125
6.5968,0,0.0733642578125,0,-0.2890625,0,0.0924072265625,0,-0.08868408203125
6.6072,0,0.053863525390625,0,-0.2890625,0,0.0816650390625,0,-0.08868408203125
6.6186,0,0.053863525390625,0,-0.23974609375,0,0.0816650390625,0,-0.10003662109375
6.6264,0,0.08563232421875,0,-0.23974609375,0,-0.0176239013671875,0,-0.10003662109375
6.6376,0,0.08563232421875,0,0.1617431640625,0,-0.0176239013671875,0,0.058258056640625
6.6461,0,-0.342041015625,0,0.1617431640625,0,-0.084716796875,0,0.058258056640625
6.6564,0,-0.342041015625,0,-0.168701171875,0,-0.084716796875,0,0.11944580078125
6.6663,0,0.13232421875,0,-0.168701171875,0,0.041717529296875,0,0.11944580078125
6.6765,0,0.13232421875,0,0.317138671875,0,0.041717529296875,0,0.043365478515625
6.6859,0,0.046905517578125,0,0.317138671875,0,-0.071533203125,0,0.043365478515625
6.6965,0,0.046905517578125,0,-0.47412109375,0,-0.071533203125,0,0.09185791015625
6.7063,0,0.1416015625,0,-0.47412109375,0,-0.0302886962890625,0,0.09185791015625
6.7187,0,0.1416015625,0,-0.1341552734375,0,-0.0302886962890625,0,0.1688232421875
6.7264,0,-0.10791015625,0,-0.1341552734375,0,0.04754638671875,0,0.1688232421875
6.7389,0,-0.10791015625,0,-0.299560546875,0,0.04754638671875,0,0.1912841796875
6.7467,0,-0.1641845703125,0,-0.299560546875,0,0.04754638671875,0,0.1912841796875
6.7570,0,-0.1641845703125,0,0.59521484375,0,0.08660888671875,0,-0.01262664794921875
6.7664,0,0.10699462890625,0,0.59521484375,0,0.08660888671875,0,-0.01262664794921875
6.7764,0,0.10699462890625,0,0.344970703125,0,0.029327392578125,0,0.1778564453125
6.7869,0,0.1202392578125,0,0.344970703125,0,0.0350341796875,0,0.1778564453125
6.7976,0,0.1202392578125,0,0.344970703125,0,0.0350341796875,0,0.1468505859375
6.8062,0,0.0283355712890625,0,0.30859375,0,0.0350341796875,0,0.1468505859375
6.8190,0,0.0283355712890625,0,0.30859375,0,-0.0140838623046875,0,0.1656494140625
6.8285,0,-0.200927734375,0,0.2236328125,0,-0.0140838623046875,0,0.1656494140625
6.8399,0,-0.200927734375,0,0.2236328125,0,-0.049102783203125,0,-0.09808349609375
6.8475,0,0.0670166015625,0,-0.327392578125,0,0.034027099609375,0,-0.09808349609375
6.8578,0,0.0670166015625,0,-0.327392578125,0,0.034027099609375,0,0.1541748046875
6.8662,0,0.060516357421875,0,-0.4931640625,0,0.034027099609375,0,0.1541748046875
6.8787,0,0.060516357421875,0,-0.4931640625,0,-0.0230560302734375,0,-0.28076171875
6.8866,0,-0.1368408203125,0,-0.47802734375,0,-0.0230560302734375,0,-0.28076171875
6.8964,0,-0.1368408203125,0,-0.47802734375,0,-0.005779266357421875,0,0.1080322265625
6.9061,0,-0.1541748046875,0,0.0309906005859375,0,-0.005779266357421875,0,0.1080322265625
6.9177,0,-0.1541748046875,0,0.0309906005859375,0,-0.050079345703125,0,-0.2015380859375
6.9262,0,-0.1541748046875,0,0.53515625,0,-0.050079345703125,0,-0.2015380859375
6.9389,0,0.07080078125,0,0.53515625,0,0.0208740234375,0,0.038238525390625
6.9465,0,0.07080078125,0,0.300048828125,0,0.0208740234375,0,0.038238525390625
6.9578,0,0.0601806640625,0,0.300048828125,0,-0.09832763671875,0,0.038238525390625
6.9665,0,0.0601806640625,0,0.1767578125,0,-0.09832763671875,0,-0.1669921875
6.9764,0,0.1357421875,0,0.1767578125,0,0.0284881591796875,0,-0.1669921875
6.9865,0,0.10906982421875,0,-0.388916015625,0,0.0284881591796875,0,-0.1822509765625
7.0003,0,0.10906982421875,0,-0.388916015625,0,-0.07427978515625,0,-0.1822509765625
7.0066,0,0.10906982421875,0,0.268798828125,0,-0.07427978515625,0,0.05487060546875
7.0196,0,0.1297607421875,0,0.268798828125,0,0.03790283203125,0,-0.044525146484375
7.0271,0,0.1297607421875,0,0.281494140625,0,0.03790283203125,0,-0.044525146484375
7.0390,0,-0.2138671875,0,0.281494140625,0,-0.018829345703125,0,-0.044525146484375
7.0472,0,-0.2138671875,0,0.0231475830078125,0,-0.018829345703125,0,-0.0159912109375
7.0594,0,-0.1378173828125,0,0.0231475830078125,0,-0.08526611328125,0,-0.0159912109375
7.0664,0,-0.1378173828125,0,-0.346435546875,0,-0.08526611328125,0,-0.1541748046875
7.0783,0,0.1375732421875,0,-0.346435546875,0,0.07452392578125,0,-0.1541748046875
7.0863,0,0.1375732421875,0,0.5869140625,0,0.07452392578125,0,0.039794921875
7.0964,0,-0.283935546875,0,0.5869140625,0,0.027496337890625,0,0.039794921875
7.1071,0,-0.283935546875,0,-0.7001953125,0,0.027496337890625,0,0.1893310546875
7.1201,0,-0.0997314453125,0,-0.7001953125,0,0.00605010986328125,0,0.1893310546875
7.1265,0,-0.0997314453125,0,-0.478759765625,0,0.00605010986328125,0,0.1654052734375
7.1374,0,0.07501220703125,0,-0.478759765625,0,-0.01715087890625,0,0.1654052734375
7.1462,0,0.07501220703125,0,-0.174072265625,0,-0.01715087890625,0,0.05291748046875
7.1576,0,0.131103515625,0,-0.174072265625,0,0.073486328125,0,0.05291748046875
7.1663,0,0.131103515625,0,-0.174072265625,0,0.073486328125,0,0.0120086669921875
7.1778,0,0.0645751953125,0,0.2247314453125,0,0.040191650390625,0,0.0120086669921875
7.1860,0,0.0645751953125,0,-0.33203125,0,0.040191650390625,0,-0.0293731689453125
7.2013,0,0.1605224609375,0,-0.33203125,0,0.01763916015625,0,-0.0293731689453125
7.2092,0,0.1605224609375,0,-0.1378173828125,0,0.01763916015625,0,0.107666015625
7.2269,0,0.041015625,0,-0.1378173828125,0,0.01763916015625,0,0.107666015625
7.2302,0,0.041015625,0,-0.1378173828125,0,-0.0416259765625,0,0.1514892578125
7.2434,0,-0.0235748291015625,0,-0.267333984375,0,0.0172576904296875,0,0.1514892578125
7.2512,0,-0.0235748291015625,0,-0.267333984375,0,0.0172576904296875,0,-0.2215576171875
7.2619,0,0.031341552734375,0,-0.411865234375,0,0.0172576904296875,0,-0.2215576171875
7.2730,0,0.031341552734375,0,-0.411865234375,0,0.044219970703125,0,-0.26123046875
7.2785,0,0.1541748046875,0,0.9287109375,0,0.044219970703125,0,-0.26123046875
7.2874,0,0.1541748046875,0,0.9287109375,0,0.072998046875,0,-0.042236328125
7.3013,0,-0.171630859375,0,0.202880859375,0,0.11566162109375,0,-0.042236328125
7.3079,0,-0.171630859375,0,0.202880859375,0,0.11566162109375,0,-0.1563720703125
7.3189,0,0.09271240234375,0,0.370849609375,0,0.11566162109375,0,-0.1563720703125
7.3326,0,0.09271240234375,0,0.370849609375,0,0.006999969482421875,0,0.17626953125
7.3368,0,0.048614501953125,0,0.2000732421875,0,0.006999969482421875,0,0.17626953125
7.3495,0,0.048614501953125,0,0.2000732421875,0,-0.028076171875,0,0.17626953125
7.3621,0,-0.364501953125,0,0.08953857421875,0,-0.028076171875,0,0.10650634765625
7.3673,0,-0.364501953125,0,0.08953857421875,0,0.060028076171875,0,0.142822265625
7.3883,0,0.0706787109375,0,0.7900390625,0,0.060028076171875,0,0.142822265625
7.3915,0,0.0706787109375,0,0.7900390625,0,-0.023712158203125,0,-0.1273193359375
7.3991,0,0.0706787109375,0,0.57568359375,0,-0.023712158203125,0,-0.1273193359375
7.4073,0,-0.0413818359375,0,0.57568359375,0,0.03863525390625,0,0.182373046875
7.4183,0,-0.0413818359375,0,0.494873046875,0,0.03863525390625,0,0.182373046875
7.4260,0,0.10498046875,0,0.494873046875,0,-0.030059814453125,0,0.166015625
7.4373,0,0.10498046875,0,0.6171875,0,-0.030059814453125,0,0.166015625
7.4476,0,0.041595458984375,0,0.6171875,0,0.03155517578125,0,0.1263427734375
7.4588,0,0.041595458984375,0,0.326171875,0,0.03155517578125,0,0.1263427734375
7.4666,0,0.070068359375,0,0.326171875,0,0.08612060546875,0,0.1336669921875
7.4803,0,0.070068359375,0,0.1708984375,0,0.08612060546875,0,0.1336669921875
7.4865,0,-0.16650390625,0,0.1708984375,0,0.023193359375,0,0.1336669921875
7.4996,0,-0.16650390625,0,0.37890625,0,0.023193359375,0,0.10540771484375
7.5061,0,-0.249755859375,0,0.37890625,0,-0.040985107421875,0,0.10540771484375
7.5188,0,-0.249755859375,0,-0.2314453125,0,-0.040985107421875,0,-0.052520751953125
7.5264,0,0.158447265625,0,-0.2314453125,0,0.0123748779296875,0,-0.052520751953125
7.5384,0,0.158447265625,0,0.25244140625,0,0.0123748779296875,0,0.2060546875
7.5481,0,0.057830810546875,0,0.25244140625,0,0.029693603515625,0,0.2060546875
7.5576,0,0.057830810546875,0,-0.046600341796875,0,0.029693603515625,0,-0.220703125
7.5661,0,-0.095458984375,0,-0.046600341796875,0,0.011810302734375,0,-0.220703125
7.5762,0,-0.095458984375,0,0.221923828125,0,0.011810302734375,0,0.10125732421875
7.5863,0,0.07122802734375,0,0.221923828125,0,-0.02001953125,0,0.10125732421875
7.5972,0,0.07122802734375,0,0.1573486328125,0,-0.02001953125,0,-0.051666259765625
7.6059,0,-0.108642578125,0,0.1573486328125,0,-0.050872802734375,0,-0.051666259765625
7.6187,0,-0.108642578125,0,0.191650390625,0,-0.050872802734375,0,0.1533203125
7.6269,0,0.1304931640625,0,0.191650390625,0,0.032745361328125,0,0.1533203125
7.6386,0,0.1304931640625,0,0.216064453125,0,0.032745361328125,0,-0.1734619140625
7.6465,0,0.08013916015625,0,0.216064453125,0,0.08038330078125,0,-0.1734619140625
7.6569,0,0.08013916015625,0,0.146484375,0,0.08038330078125,0,0.09375
7.6666,0,0.1534423828125,0,0.146484375,0,0.04022216796875,0,0.09375
7.6825,0,0.1534423828125,0,0.146484375,0,0.04022216796875,0,-0.08514404296875
7.6892,0,-0.2237548828125,0,0.175048828125,0,0.047210693359375,0,-0.08514404296875
7.6971,0,-0.2237548828125,0,-0.034881591796875,0,0.047210693359375,0,-0.07464599609375
7.7066,0,0.07891845703125,0,-0.034881591796875,0,0.047210693359375,0,-0.07464599609375
7.7204,0,0.07891845703125,0,-0.3466796875,0,0.0261688232421875,0,-0.210205078125
7.7270,0,-0.1942138671875,0,-0.3466796875,0,0.0261688232421875,0,-0.210205078125
7.7386,0,-0.1942138671875,0,-0.3466796875,0,-0.035125732421875,0,0.0189971923828125
7.7485,0,-0.1229248046875,0,0.6767578125,0,-0.035125732421875,0,0.0189971923828125
7.7589,0,-0.1229248046875,0,0.6767578125,0,0.0693359375,0,-0.050140380859375
7.7666,0,-0.1229248046875,0,0.1837158203125,0,0.0693359375,0,-0.050140380859375
7.7769,0,0.103759765625,0,0.2393798828125,0,0.05560302734375,0,-0.1031494140625
7.7865,0,-0.219482421875,0,0.2393798828125,0,0.05560302734375,0,-0.1031494140625
7.7983,0,-0.219482421875,0,0.2393798828125,0,0.022064208984375,0,-0.1031494140625
7.8066,0,-0.271240234375,0,-0.368408203125,0,0.022064208984375,0,-0.1776123046875
7.8166,0,-0.271240234375,0,-0.368408203125,0,-0.035430908203125,0,0.016571044921875
7.8303,0,0.1365966796875,0,0.1927490234375,0,-0.035430908203125,0,0.016571044921875
7.8396,0,0.1365966796875,0,0.1927490234375,0,-0.04193115234375,0,-0.2410888671875
7.8468,0,0.1365966796875,0,0.266357421875,0,-0.04193115234375,0,-0.2410888671875
7.8585,0,-0.07159423828125,0,0.266357421875,0,-0.01259613037109375,0,-0.2410888671875
7.8671,0,-0.07159423828125,0,0.34521484375,0,-0.01259613037109375,0,0.07781982421875
7.8789,0,-0.333984375,0,0.34521484375,0,0.04241943359375,0,0.07781982421875
7.8864,0,-0.333984375,0,0.214111328125,0,0.04241943359375,0,0.1654052734375
7.8972,0,-0.362060546875,0,0.214111328125,0,0.0784912109375,0,0.1654052734375
7.9070,0,-0.362060546875,0,-0.22509765625,0,0.0784912109375,0,0.1962890625
7.9188,0,0.039215087890625,0,-0.22509765625,0,0.0258636474609375,0,0.1962890625
7.9267,0,0.039215087890625,0,0.231689453125,0,0.0258636474609375,0,-0.0222930908203125
7.9373,0,0.1732177734375,0,0.231689453125,0,-0.092529296875,0,-0.0222930908203125
7.9462,0,0.1732177734375,0,-0.373046875,0,-0.092529296875,0,0.0859375
7.9577,0,0.152587890625,0,-0.373046875,0,0.1175537109375,0,0.0859375
7.9664,0,0.152587890625,0,-0.233642578125,0,0.1175537109375,0,0.008056640625
7.9793,0,0.1519775390625,0,-0.233642578125,0,0.04644775390625,0,0.008056640625
7.9870,0,0.1519775390625,0,-0.44384765625,0,0.04644775390625,0,0.178955078125
7.9993,0,0.0899658203125,0,-0.44384765625,0,0.054412841796875,0,0.178955078125
8.0065,0,0.0899658203125,0,0.4345703125,0,0.054412841796875,0,-0.07379150390625
8.0205,0,0.0579833984375,0,0.4345703125,0,0.027099609375,0,-0.0205078125
8.0264,0,0.0579833984375,0,-0.2362060546875,0,0.027099609375,0,-0.0205078125
8.0370,0,0.03179931640625,0,-0.2362060546875,0,0.004047393798828125,0,-0.0205078125
8.0465,0,0.03179931640625,0,-0.178955078125,0,0.004047393798828125,0,0.034576416015625
8.0572,0,-0.1575927734375,0,-0.178955078125,0,0.026824951171875,0,0.034576416015625
8.0667,0,-0.1575927734375,0,0.48681640625,0,0.026824951171875,0,0.036834716796875
8.0788,0,-0.07598876953125,0,0.48681640625,0,-0.03643798828125,0,0.036834716796875
8.0875,0,-0.07598876953125,0,-0.373291015625,0,-0.03643798828125,0,0.150146484375
8.0993,0,0.0310211181640625,0,-0.373291015625,0,-0.03643798828125,0,0.150146484375
8.1064,0,0.0310211181640625,0,0.560546875,0,-0.034332275390625,0,-0.1307373046875
8.1193,0,0.07940673828125,0,0.560546875,0,-0.034332275390625,0,-0.1307373046875
8.1267,0,0.07940673828125,0,-0.06976318359375,0,0.035186767578125,0,0.1624755859375
8.1385,0,-0.0479736328125,0,-0.06976318359375,0,0.035186767578125,0,0.1624755859375
8.1482,0,-0.0479736328125,0,0.351318359375,0,0.0269012451171875,0,0.06427001953125
8.1586,0,0.00977325439453125,0,0.351318359375,0,0.0269012451171875,0,0.06427001953125
8.1703,0,0.00977325439453125,0,0.1683349609375,0,-0.0163421630859375,0,0.0889892578125
8.1767,0,0.0499267578125,0,0.1683349609375,0,-0.0163421630859375,0,0.0889892578125
8.1862,0,0.0499267578125,0,0.1683349609375,0,-0.0243682861328125,0,0.037841796875
8.1964,0,-0.25244140625,0,-0.390869140625,0,-0.0243682861328125,0,0.037841796875
8.2061,0,-0.25244140625,0,-0.390869140625,0,0.1231689453125,0,0.064697265625
8.2187,0,0.1575927734375,0,0.630859375,0,0.1231689453125,0,0.064697265625
8.2264,0,0.1575927734375,0,0.630859375,0,-0.01300048828125,0,-0.029083251953125
8.2371,0,0.047393798828125,0,-0.44384765625,0,-0.01300048828125,0,-0.029083251953125
8.2444,0,0.047393798828125,0,-0.44384765625,0,-0.08514404296875,0,-0.200439453125
8.2599,0,0.08099365234375,0,-0.3818359375,0,-0.08514404296875,0,-0.200439453125
8.2680,0,0.08099365234375,0,-0.3818359375,0,0.023162841796875,0,0.16064453125
8.2790,0,0.1463623046875,0,-0.257080078125,0,0.023162841796875,0,0.16064453125
8.2865,0,0.1463623046875,0,-0.257080078125,0,0.08184814453125,0,-0.08758544921875
8.2967,0,0.1463623046875,0,0.75927734375,0,0.08184814453125,0,-0.08758544921875
8.3059,0,0.0736083984375,0,0.75927734375,0,-0.01375579833984375,0,-0.020111083984375
8.3165,0,0.0736083984375,0,-0.07086181640625,0,-0.01375579833984375,0,-0.020111083984375
8.3260,0,-0.007755279541015625,0,-0.07086181640625,0,0.026214599609375,0,0.0848388671875
8.3378,0,-0.007755279541015625,0,0.60302734375,0,0.026214599609375,0,0.0848388671875
8.3464,0,0.095458984375,0,0.60302734375,0,0.042633056640625,0,-0.1820068359375
8.3584,0,0.095458984375,0,0.5751953125,0,0.042633056640625,0,-0.1820068359375
8.3666,0,0.10589599609375,0,0.5751953125,0,0.06500244140625,0,-0.1820068359375
8.3783,0,0.10589599609375,0,0.60546875,0,0.06500244140625,0,-0.257568359375
8.3878,0,0.1251220703125,0,0.60546875,0,-0.049102783203125,0,-0.257568359375
8.3984,0,0.1251220703125,0,-0.2138671875,0,-0.049102783203125,0,0.1290283203125
8.4072,0,-0.2493896484375,0,-0.2138671875,0,0.071533203125,0,0.2244873046875
8.4168,0,-0.2493896484375,0,-0.27978515625,0,0.071533203125,0,0.2244873046875
8.4259,0,-0.268310546875,0,-0.27978515625,0,-0.07366943359375,0,0.2244873046875
8.4364,0,-0.268310546875,0,0.5380859375,0,-0.07366943359375,0,-0.03729248046875
8.4464,0,-0.1820068359375,0,0.5380859375,0,-0.08355712890625,0,-0.03729248046875
8.4973,0,-0.1820068359375,0,-0.432373046875,0,-0.08355712890625,0,-0.048919677734375
8.4978,0,0.061737060546875,0,-0.432373046875,0,-0.03192138671875,0,-0.1431884765625
8.4982,0,0.061737060546875,0,1.04296875,0,-0.03192138671875,0,-0.1431884765625
8.4985,0,0.0284271240234375,0,1.04296875,0,-0.03192138671875,0,-0.1431884765625
8.4989,0,0.0284271240234375,0,0.048095703125,0,-0.100830078125,0,0.185546875
8.5063,0,0.07940673828125,0,0.048095703125,0,-0.0261077880859375,0,0.185546875
8.5188,0,0.07940673828125,0,0.0924072265625,0,-0.0261077880859375,0,0.1646728515625
8.5261,0,-0.135498046875,0,0.0924072265625,0,-0.058441162109375,0,0.1646728515625
8.5387,0,-0.135498046875,0,0.21337890625,0,-0.058441162109375,0,0.0241546630859375
8.5470,0,-0.14794921875,0,0.21337890625,0,-0.058441162109375,0,0.0241546630859375
8.5586,0,-0.14794921875,0,-0.08575439453125,0,0.037567138671875,0,-0.0166473388671875
8.5667,0,-0.02752685546875,0,-0.08575439453125,0,0.037567138671875,0,-0.0166473388671875
8.5783,0,-0.02752685546875,0,-0.08380126953125,0,-0.0697021484375,0,0.1815185546875
8.5864,0,0.136962890625,0,-0.08380126953125,0,-0.0697021484375,0,0.1815185546875
8.5966,0,0.136962890625,0,-0.2113037109375,0,0.0280609130859375,0,-0.10101318359375
8.6060,0,0.10357666015625,0,-0.2113037109375,0,0.0280609130859375,0,-0.10101318359375
8.6163,0,0.10357666015625,0,-0.4501953125,0,-0.0439453125,0,0.182373046875
8.6262,0,-0.0694580078125,0,-0.4501953125,0,-0.0439453125,0,0.182373046875
8.6385,0,-0.0694580078125,0,-0.4501953125,0,-0.02117919921875,0,0.1593017578125
8.6467,0,0.08544921875,0,0.1639404296875,0,-0.02117919921875,0,0.1593017578125
8.6592,0,0.08544921875,0,0.1639404296875,0,0.07672119140625,0,0.11895751953125
8.6676,0,-0.11444091796875,0,-0.1563720703125,0,0.07672119140625,0,0.11895751953125
8.6782,0,-0.11444091796875,0,-0.1563720703125,0,0.021759033203125,0,-0.1292724609375
8.6884,0,0.037261962890625,0,-0.377197265625,0,0.021759033203125,0,-0.1292724609375
8.6975,0,0.037261962890625,0,-0.377197265625,0,-0.07586669921875,0,0.08026123046875
8.7064,0,0.0889892578125,0,0.19287109375,0,-0.07586669921875,0,0.08026123046875
8.7179,0,0.0889892578125,0,0.19287109375,0,-0.08148193359375,0,0.1346435546875
8.7264,0,0.0889892578125,0,0.251953125,0,-0.08148193359375,0,0.1346435546875
8.7388,0,-0.03765869140625,0,0.251953125,0,0.03662109375,0,0.093505859375
8.7467,0,-0.03765869140625,0,-0.32080078125,0,0.03662109375,0,0.093505859375
8.7599,0,-0.276611328125,0,-0.32080078125,0,0.00879669189453125,0,-0.0628662109375
8.7667,0,0.123779296875,0,-0.1939697265625,0,0.00879669189453125,0,-0.0628662109375
8.7814,0,0.123779296875,0,-0.1939697265625,0,-0.08868408203125,0,-0.181396484375
8.7867,0,0.123779296875,0,-0.2276611328125,0,-0.08868408203125,0,-0.181396484375
8.7977,0,-0.0853271484375,0,-0.2276611328125,0,-0.022003173828125,0,0.14453125
8.8065,0,-0.0853271484375,0,0.377197265625,0,-0.022003173828125,0,0.14453125
8.8204,0,0.10638427734375,0,0.377197265625,0,-0.01531219482421875,0,0.14453125
8.8276,0,0.10638427734375,0,0.285888671875,0,-0.01531219482421875,0,-0.10272216796875
8.8379,0,0.08331298828125,0,0.285888671875,0,0.029266357421875,0,-0.1322021484375
8.8461,0,0.08331298828125,0,0.681640625,0,0.029266357421875,0,-0.1322021484375
8.8589,0,0.10015869140625,0,0.681640625,0,-0.04986572265625,0,0.108154296875
8.8673,0,0.10015869140625,0,-0.20703125,0,-0.04986572265625,0,0.108154296875
8.8776,0,0.07391357421875,0,-0.20703125,0,0.12054443359375,0,-0.1353759765625
8.8891,0,0.07391357421875,0,-0.476806640625,0,0.12054443359375,0,-0.1353759765625
8.8988,0,0.12286376953125,0,-0.476806640625,0,0.0207672119140625,0,-0.1353759765625
8.9084,0,0.12286376953125,0,0.278564453125,0,0.0207672119140625,0,0.1842041015625
8.9190,0,0.074951171875,0,0.278564453125,0,-0.03778076171875,0,0.1842041015625
8.9267,0,0.074951171875,0,-0.65185546875,0,-0.03778076171875,0,-0.047821044921875
8.9382,0,-0.1785888671875,0,-0.65185546875,0,-0.0184173583984375,0,-0.047821044921875
8.9460,0,-0.1785888671875,0,-0.0888671875,0,-0.0184173583984375,0,0.180419921875
8.9594,0,0.1312255859375,0,-0.0888671875,0,0.05474853515625,0,0.180419921875
8.9667,0,0.1312255859375,0,-0.34765625,0,0.05474853515625,0,-0.01593017578125
8.9775,0,-0.0170135498046875,0,-0.34765625,0,-0.037078857421875,0,-0.01593017578125
8.9869,0,-0.0170135498046875,0,0.480224609375,0,-0.037078857421875,0,0.077392578125
8.9963,0,0.0082855224609375,0,0.480224609375,0,-0.037078857421875,0,0.077392578125
9.0062,0,0.0082855224609375,0,0.4833984375,0,-0.05426025390625,0,0.06463623046875
9.0164,0,0.01561737060546875,0,0.4833984375,0,-0.049652099609375,0,0.06463623046875
9.0338,0,0.01561737060546875,0,0.268310546875,0,-0.049652099609375,0,0.168701171875
9.0401,0,0.11309814453125,0,0.268310546875,0,0.01971435546875,0,0.168701171875
9.0477,0,0.11309814453125,0,0.046722412109375,0,0.01971435546875,0,0.051910400390625
9.0584,0,-0.328857421875,0,0.046722412109375,0,0.01971435546875,0,0.051910400390625
9.0663,0,-0.328857421875,0,-0.163818359375,0,0.02252197265625,0,0.1895751953125
9.0785,0,0.1678466796875,0,-0.163818359375,0,0.02252197265625,0,0.1895751953125
9.0871,0,0.1678466796875,0,0.309326171875,0,0.0318603515625,0,-0.2249755859375
9.0989,0,-0.0897216796875,0,0.309326171875,0,0.046112060546875,0,-0.2249755859375
9.1065,0,-0.0897216796875,0,-0.37744140625,0,0.046112060546875,0,0.095458984375
9.1203,0,0.129638671875,0,-0.37744140625,0,0.026824951171875,0,0.095458984375
9.1263,0,0.129638671875,0,-0.296142578125,0,0.026824951171875,0,0.2274169921875
9.1382,0,-0.26025390625,0,-0.296142578125,0,0.026824951171875,0,0.2274169921875
9.1458,0,-0.26025390625,0,-0.296142578125,0,0.056304931640625,0,-0.130615234375
9.1572,0,0.1651611328125,0,-0.112060546875,0,0.056304931640625,0,-0.130615234375
9.1663,0,0.1651611328125,0,-0.112060546875,0,0.0182952880859375,0,-0.21484375
9.1777,0,0.04266357421875,0,-0.285400390625,0,0.0182952880859375,0,-0.21484375
9.1867,0,0.04266357421875,0,0.25244140625,0,0.067138671875,0,0.0199127197265625
9.1984,0,0.07208251953125,0,0.25244140625,0,0.067138671875,0,0.0199127197265625
9.2070,0,0.07208251953125,0,0.25244140625,0,0.11566162109375,0,0.1461181640625
9.2163,0,-0.1907958984375,0,-0.1343994140625,0,0.11566162109375,0,0.1461181640625
9.2283,0,-0.1907958984375,0,-0.1343994140625,0,0.0263519287109375,0,-0.1954345703125
9.2391,0,-0.0033283233642578125,0,-0.341552734375,0,0.0263519287109375,0,-0.1954345703125
9.2464,0,-0.0033283233642578125,0,-0.341552734375,0,0.0399169921875,0,0.17431640625
9.2606,0,-0.0033283233642578125,0,-0.42138671875,0,0.0399169921875,0,0.17431640625
9.2693,0,0.0648193359375,0,-0.42138671875,0,-0.00673675537109375,0,0.17431640625
9.2787,0,-0.08135986328125,0,0.290283203125,0,-0.00673675537109375,0,0.082275390625
9.2884,0,-0.08135986328125,0,0.290283203125,0,0.08349609375,0,0.082275390625
9.2992,0,0.130126953125,0,0.416259765625,0,0.08349609375,0,0.1644287109375
9.3092,0,0.130126953125,0,0.416259765625,0,0.019012451171875,0,-0.09130859375
9.3174,0,0.130126953125,0,0.56689453125,0,0.019012451171875,0,-0.09130859375
9.3261,0,-0.01995849609375,0,0.56689453125,0,0.0240478515625,0,-0.09130859375
9.3370,0,-0.01995849609375,0,-0.302001953125,0,0.0240478515625,0,-0.1435546875
9.3461,0,0.0643310546875,0,-0.302001953125,0,-0.027740478515625,0,-0.1435546875
9.3585,0,0.0643310546875,0,-0.2108154296875,0,-0.027740478515625,0,-0.03717041015625
9.3668,0,0.1275634765625,0,-0.2108154296875,0,-0.0235443115234375,0,-0.03717041015625
9.3785,0,0.1275634765625,0,0.517578125,0,-0.0235443115234375,0,-0.0428466796875
9.3870,0,0.12646484375,0,0.517578125,0,-0.060577392578125,0,-0.0428466796875
9.3989,0,0.12646484375,0,-0.375244140625,0,-0.060577392578125,0,0.15576171875
9.4065,0,-0.10858154296875,0,-0.375244140625,0,0.03155517578125,0,0.15576171875
9.4188,0,-0.10858154296875,0,0.081787109375,0,0.03155517578125,0,-0.203857421875
9.4267,0,-0.04248046875,0,0.081787109375,0,0.10791015625,0,-0.203857421875
9.4416,0,-0.04248046875,0,-0.253173828125,0,0.10791015625,0,-0.12200927734375
9.4465,0,-0.1661376953125,0,-0.253173828125,0,0.028167724609375,0,-0.12200927734375
9.4570,0,-0.1661376953125,0,-0.250732421875,0,0.028167724609375,0,-0.22607421875
9.4669,0,-0.1251220703125,0,-0.250732421875,0,0.017791748046875,0,-0.22607421875
9.4768,0,-0.1251220703125,0,0.216064453125,0,0.017791748046875,0,-0.232421875
9.4871,0,0.040283203125,0,0.216064453125,0,-0.01515960693359375,0,-0.232421875
9.4971,0,0.040283203125,0,-0.1519775390625,0,-0.01515960693359375,0,0.1905517578125
9.5062,0,0.07550048828125,0,-0.1519775390625,0,-0.1099853515625,0,0.1905517578125
9.5216,0,0.07550048828125,0,-0.28759765625,0,-0.1099853515625,0,0.07135009765625
9.5269,0,0.026123046875,0,-0.28759765625,0,-0.04290771484375,0,0.07135009765625
9.5395,0,0.026123046875,0,-0.45654296875,0,-0.04290771484375,0,-0.016998291015625
9.5462,0,0.062408447265625,0,-0.45654296875,0,-0.05133056640625,0,-0.016998291015625
9.5589,0,0.062408447265625,0,-0.37548828125,0,-0.05133056640625,0,0.080810546875
9.5666,0,-0.258544921875,0,-0.37548828125,0,0.0170135498046875,0,0.080810546875
9.5770,0,-0.258544921875,0,-0.236328125,0,0.0170135498046875,0,0.0960693359375
9.5860,0,-0.1998291015625,0,-0.236328125,0,-0.031585693359375,0,0.0960693359375
9.5963,0,-0.1998291015625,0,-0.1922607421875,0,-0.031585693359375,0,-0.2578125
9.6064,0,0.1024169921875,0,-0.1922607421875,0,0.037017822265625,0,-0.2578125
9.6194,0,0.1024169921875,0,-0.1922607421875,0,0.037017822265625,0,0.155517578125
9.6275,0,-0.34814453125,0,0.292724609375,0,0.037017822265625,0,0.155517578125
9.6399,0,-0.34814453125,0,-0.1260986328125,0,0.0272064208984375,0,0.043304443359375
9.6467,0,0.08587646484375,0,-0.1260986328125,0,0.0272064208984375,0,0.043304443359375
9.6612,0,0.08587646484375,0,-0.1260986328125,0,0.08367919921875,0,0.043304443359375
9.6663,0,0.08868408203125,0,-0.4033203125,0,0.059844970703125,0,0.16796875
9.6769,0,0.08868408203125,0,-0.4033203125,0,0.059844970703125,0,0.0166015625
9.6861,0,-0.281005859375,0,0.06707763671875,0,0.059844970703125,0,0.0166015625
9.6982,0,-0.281005859375,0,0.06707763671875,0,0.07464599609375,0,0.068115234375
9.7065,0,0.103515625,0,-0.297607421875,0,0.07464599609375,0,0.068115234375
9.7171,0,0.103515625,0,-0.297607421875,0,0.05126953125,0,0.1629638671875
9.7268,0,0.049407958984375,0,-0.18115234375,0,0.05126953125,0,0.1629638671875
9.7390,0,0.049407958984375,0,-0.18115234375,0,0.04815673828125,0,0.1629638671875
9.7465,0,0.049407958984375,0,-0.32275390625,0,0.04815673828125,0,-0.10614013671875
9.7573,0,0.054107666015625,0,-0.32275390625,0,0.043792724609375,0,-0.10614013671875
9.7676,0,0.04998779296875,0,0.56396484375,0,0.043792724609375,0,0.06048583984375
9.7833,0,0.04998779296875,0,0.56396484375,0,-0.01239013671875,0,0.06048583984375
9.7885,0,0.047821044921875,0,-0.07232666015625,0,-0.01239013671875,0,0.2314453125
9.7990,0,0.047821044921875,0,-0.07232666015625,0,0.07757568359375,0,0.2314453125
9.8107,0,0.047821044921875,0,0.396728515625,0,0.07757568359375,0,0.11737060546875
9.8193,0,0.06878662109375,0,0.396728515625,0,-0.08831787109375,0,0.11737060546875
9.8294,0,0.06878662109375,0,-0.2587890625,0,-0.08831787109375,0,-0.1463623046875
9.8399,0,0.071044921875,0,-0.2587890625,0,0.04925537109375,0,-0.1463623046875
9.8480,0,0.071044921875,0,-0.041595458984375,0,0.04925537109375,0,0.12078857421875
9.8624,0,-0.06756591796875,0,-0.041595458984375,0,-0.01366424560546875,0,0.12078857421875
9.8666,0,0.029205322265625,0,0.308837890625,0,-0.01366424560546875,0,0.104736328125
9.8792,0,0.029205322265625,0,0.308837890625,0,0.031036376953125,0,0.104736328125
9.8900,0,0.029205322265625,0,0.12420654296875,0,0.031036376953125,0,-0.156005859375
9.8998,0,0.060028076171875,0,0.12420654296875,0,-0.04638671875,0,-0.156005859375
9.9072,0,0.060028076171875,0,-0.423583984375,0,-0.04638671875,0,0.12939453125
9.9220,0,-0.2369384765625,0,-0.423583984375,0,-0.07598876953125,0,0.12939453125
9.9265,0,-0.2369384765625,0,-0.433837890625,0,-0.07598876953125,0,-0.032684326171875
9.9398,0,-0.09033203125,0,-0.433837890625,0,-0.06951904296875,0,-0.032684326171875
9.9472,0,-0.09033203125,0,-0.2159423828125,0,-0.06951904296875,0,-0.04156494140625
9.9676,0,-0.29736328125,0,-0.2159423828125,0,0.09027099609375,0,-0.04156494140625
9.9749,0,-0.29736328125,0,0.3515625,0,0.09027099609375,0,-0.04595947265625
9.9784,0,0.05767822265625,0,0.3515625,0,0.063232421875,0,-0.04595947265625
9.9921,0,0.05767822265625,0,0.1759033203125,0,0.063232421875,0,0.204833984375
10.0013,0,0.08221435546875,0,0.1759033203125,0,0.035308837890625,0,0.204833984375
10.0152,0,0.08221435546875,0,0.11077880859375,0,0.035308837890625,0,-0.06884765625
10.0193,0,-0.11981201171875,0,0.11077880859375,0,0.035308837890625,0,-0.06884765625
10.0294,0,-0.11981201171875,0,0.11260986328125,0,-0.025482177734375,0,0.1488037109375
10.0460,0,0.170166015625,0,0.11260986328125,0,0.0411376953125,0,0.1473388671875
10.0514,0,0.170166015625,0,-0.326416015625,0,0.0411376953125,0,0.1473388671875
10.0621,0,0.0297698974609375,0,-0.326416015625,0,-0.047149658203125,0,0.1473388671875
10.0706,0,0.0297698974609375,0,-0.326416015625,0,-0.047149658203125,0,0.121826171875
10.0795,0,-0.270751953125,0,-0.47216796875,0,-0.047149658203125,0,0.121826171875
10.0891,0,-0.270751953125,0,-0.394775390625,0,-0.01288604736328125,0,0.06976318359375
10.0986,0,0.1026611328125,0,-0.394775390625,0,-0.01288604736328125,0,0.06976318359375
10.1084,0,0.1026611328125,0,-0.394775390625,0,0.018402099609375,0,0.177001953125
10.1221,0,0.0579833984375,0,-0.42529296875,0,-0.01555633544921875,0,0.177001953125
10.1292,0,0.0579833984375,0,-0.42529296875,0,-0.01555633544921875,0,-0.115478515625
10.1403,0,-0.2216796875,0,-0.4609375,0,0.0550537109375,0,-0.115478515625
10.1466,0,-0.2216796875,0,-0.4609375,0,0.0550537109375,0,0.1895751953125
10.1589,0,0.02813720703125,0,-0.038299560546875,0,0.0550537109375,0,0.1895751953125
10.1663,0,0.02813720703125,0,-0.038299560546875,0,0.037994384765625,0,0.1895751953125
10.1784,0,-0.170166015625,0,0.1923828125,0,0.037994384765625,0,-0.162841796875
10.1905,0,-0.170166015625,0,0.1923828125,0,0.041839599609375,0,-0.162841796875
10.1991,0,0.064208984375,0,-0.281494140625,0,0.041839599609375,0,0.0941162109375
10.2100,0,0.064208984375,0,-0.281494140625,0,0.0074310302734375,0,-0.2147216796875
10.2185,0,-0.1907958984375,0,0.00945281982421875,0,0.0074310302734375,0,-0.2147216796875
10.2264,0,-0.1907958984375,0,0.00945281982421875,0,0.0062408447265625,0,-0.2147216796875
10.2369,0,-0.30908203125,0,-0.350341796875,0,0.0062408447265625,0,0.05804443359375
10.2461,0,-0.30908203125,0,-0.350341796875,0,0.01163482666015625,0,0.05804443359375
10.2578,0,-0.212890625,0,-0.400390625,0,0.01163482666015625,0,0.05975341796875
10.2663,0,-0.212890625,0,-0.400390625,0,-0.0826416015625,0,0.05975341796875
10.2800,0,-0.159912109375,0,-0.176513671875,0,-0.0826416015625,0,0.166015625
10.2885,0,-0.159912109375,0,-0.176513671875,0,-0.0772705078125,0,0.166015625
10.2986,0,0.12298583984375,0,-0.3642578125,0,-0.0772705078125,0,0.128173828125
10.3065,0,0.12298583984375,0,-0.3642578125,0,0.0653076171875,0,0.128173828125
10.3192,0,0.12298583984375,0,-0.384765625,0,0.0653076171875,0,-0.061920166015625
10.3268,0,0.09295654296875,0,-0.384765625,0,-0.044708251953125,0,-0.061920166015625
10.3395,0,0.09295654296875,0,-0.30859375,0,-0.044708251953125,0,-0.2252197265625
10.3464,0,0.14794921875,0,-0.30859375,0,0.09234619140625,0,-0.2252197265625
10.3569,0,-0.08087158203125,0,-0.34912109375,0,0.09234619140625,0,-0.287353515625
10.3673,0,-0.08087158203125,0,-0.34912109375,0,0.0977783203125,0,-0.287353515625
10.3764,0,-0.08087158203125,0,-0.3701171875,0,0.0977783203125,0,0.06640625
10.3875,0,0.101318359375,0,-0.3701171875,0,-0.0264892578125,0,0.06640625
10.3987,0,0.101318359375,0,-0.505859375,0,-0.0264892578125,0,-0.09698486328125
10.4066,0,0.036102294921875,0,-0.505859375,0,0.0260009765625,0,-0.09698486328125
10.4192,0,0.036102294921875,0,-0.442138671875,0,0.0260009765625,0,0.2025146484375
10.4268,0,-0.23583984375,0,-0.442138671875,0,-0.052001953125,0,0.2025146484375
10.4386,0,-0.23583984375,0,-0.442138671875,0,-0.052001953125,0,-0.11285400390625
10.4460,0,-0.285888671875,0,-0.1944580078125,0,0.01328277587890625,0,-0.11285400390625
10.4577,0,-0.285888671875,0,-0.19775390625,0,0.01328277587890625,0,0.1962890625
10.4661,0,-0.1217041015625,0,-0.19775390625,0,0.01328277587890625,0,0.1962890625
10.4764,0,-0.1217041015625,0,-0.39111328125,0,0.032257080078125,0,0.042510986328125
10.4866,0,0.145263671875,0,-0.39111328125,0,0.032257080078125,0,0.042510986328125
10.4977,0,0.145263671875,0,-0.39111328125,0,-0.0219573974609375,0,-0.2486572265625
10.5081,0,0.10052490234375,0,-0.346435546875,0,-0.06744384765625,0,-0.2486572265625
10.5188,0,0.10052490234375,0,-0.346435546875,0,-0.06744384765625,0,0.0897216796875
10.5267,0,-0.055084228515625,0,0.1165771484375,0,-0.06744384765625,0,0.0897216796875
10.5387,0,-0.055084228515625,0,0.1165771484375,0,-0.054412841796875,0,-0.1868896484375
10.5462,0,-0.203857421875,0,0.88671875,0,-0.054412841796875,0,-0.1868896484375
10.5589,0,-0.203857421875,0,0.88671875,0,-0.01617431640625,0,-0.2177734375
10.5667,0,0.132080078125,0,-0.049407958984375,0,-0.01617431640625,0,-0.2177734375
10.5784,0,0.132080078125,0,-0.049407958984375,0,0.029632568359375,0,-0.2249755859375
10.5889,0,0.044158935546875,0,-0.5390625,0,0.029632568359375,0,-0.2249755859375
10.5984,0,0.044158935546875,0,-0.5390625,0,-0.0200653076171875,0,-0.2279052734375
10.6070,0,0.09991455078125,0,-0.3447265625,0,-0.0200653076171875,0,-0.2279052734375
10.6168,0,0.09991455078125,0,-0.3447265625,0,-0.031890869140625,0,-0.2279052734375
10.6260,0,0.0748291015625,0,-0.51806640625,0,-0.031890869140625,0,-0.10986328125
10.6383,0,0.0748291015625,0,-0.51806640625,0,0.0928955078125,0,-0.10986328125
10.6458,0,-0.054351806640625,0,-0.26318359375,0,0.0928955078125,0,-0.08880615234375
10.6565,0,-0.054351806640625,0,-0.26318359375,0,-0.033477783203125,0,0.10723876953125
10.6661,0,-0.138671875,0,0.2247314453125,0,-0.033477783203125,0,0.10723876953125
10.6763,0,-0.138671875,0,0.2247314453125,0,-0.05517578125,0,0.10723876953125
10.6884,0,-0.303466796875,0,-0.2025146484375,0,-0.05517578125,0,0.1695556640625
10.6973,0,-0.303466796875,0,-0.2025146484375,0,-0.0187225341796875,0,0.1695556640625
10.7066,0,-0.1031494140625,0,-0.2359619140625,0,-0.0187225341796875,0,-0.0217742919921875
10.7185,0,-0.1031494140625,0,-0.2359619140625,0,0.03594970703125,0,-0.0217742919921875
10.7264,0,-0.07684326171875,0,-0.43994140625,0,0.03594970703125,0,-0.06231689453125
10.7368,0,-0.07684326171875,0,-0.43994140625,0,0.0291900634765625,0,-0.06231689453125
10.7460,0,-0.1932373046875,0,-0.267822265625,0,0.0291900634765625,0,-0.03857421875
10.7573,0,-0.1932373046875,0,-0.267822265625,0,0.04876708984375,0,-0.03857421875
10.7664,0,0.1328125,0,-0.2939453125,0,0.04876708984375,0,0.006587982177734375
10.7783,0,0.1328125,0,-0.2939453125,0,0.061553955078125,0,0.006587982177734375
10.7863,0,0.1328125,0,-0.447021484375,0,0.061553955078125,0,0.0281829833984375
10.7975,0,0.05841064453125,0,-0.447021484375,0,-0.03009033203125,0,0.0281829833984375
10.8067,0,-0.1702880859375,0,-0.463623046875,0,-0.03009033203125,0,-0.13720703125
10.8185,0,-0.1702880859375,0,-0.463623046875,0,0.0848388671875,0,-0.13720703125
10.8284,0,-0.1702880859375,0,-0.34228515625,0,0.0848388671875,0,0.05572509765625
10.8390,0,-0.128662109375,0,-0.34228515625,0,0.06353759765625,0,0.05572509765625
10.8466,0,-0.128662109375,0,0.0435791015625,0,0.06353759765625,0,-0.236328125
10.8585,0,-0.1676025390625,0,0.0435791015625,0,0.06353759765625,0,-0.236328125
10.8786,0,-0.288330078125,0,0.038330078125,0,-0.035308837890625,0,0.12445068359375
10.8865,0,-0.288330078125,0,0.65283203125,0,-0.035308837890625,0,0.0394287109375
10.8972,0,0.05548095703125,0,0.65283203125,0,-0.1043701171875,0,0.0394287109375
10.9070,0,0.05548095703125,0,0.705078125,0,-0.1043701171875,0,0.1324462890625
10.9169,0,0.08392333984375,0,0.705078125,0,0.038543701171875,0,0.1324462890625
10.9268,0,0.08392333984375,0,-0.1622314453125,0,0.038543701171875,0,-0.2470703125
10.9377,0,0.05755615234375,0,-0.1622314453125,0,0.038543701171875,0,-0.2470703125
10.9459,0,0.05755615234375,0,-0.1622314453125,0,-0.017822265625,0,-0.1673583984375
10.9589,0,0.17138671875,0,-0.158447265625,0,-0.017822265625,0,-0.1673583984375
10.9665,0,0.17138671875,0,-0.158447265625,0,-0.018096923828125,0,-0.10247802734375
10.9765,0,0.1361083984375,0,-0.05462646484375,0,-0.018096923828125,0,-0.10247802734375
10.9860,0,0.1361083984375,0,-0.05462646484375,0,0.035797119140625,0,-0.196044921875
10.9973,0,-0.229736328125,0,-0.052825927734375,0,0.035797119140625,0,-0.196044921875
11.0079,0,-0.229736328125,0,-0.052825927734375,0,0.030975341796875,0,0.08709716796875
11.0181,0,0.1185302734375,0,-0.5283203125,0,0.030975341796875,0,0.08709716796875
11.0261,0,0.1185302734375,0,-0.5283203125,0,0.037139892578125,0,0.1436767578125
11.0385,0,-0.1368408203125,0,-0.85693359375,0,0.037139892578125,0,0.1436767578125
11.0463,0,-0.1368408203125,0,-0.85693359375,0,0.0965576171875,0,0.169189453125
11.0576,0,-0.2880859375,0,0.25341796875,0,0.0965576171875,0,0.169189453125
11.0667,0,-0.2880859375,0,0.25341796875,0,0.01947021484375,0,0.169189453125
11.0771,0,0.07647705078125,0,-0.264404296875,0,0.01947021484375,0,0.1337890625
11.0861,0,0.07647705078125,0,-0.264404296875,0,0.01474761962890625,0,0.1214599609375
11.0971,0,-0.03192138671875,0,-0.1602783203125,0,0.01474761962890625,0,0.1214599609375
11.1064,0,-0.03192138671875,0,-0.1602783203125,0,-0.0286712646484375,0,0.138671875
11.1192,0,0.1953125,0,-0.156494140625,0,-0.0286712646484375,0,0.138671875
11.1270,0,0.1953125,0,-0.156494140625,0,-0.013092041015625,0,0.138671875
11.1388,0,0.17822265625,0,-0.322998046875,0,-0.013092041015625,0,0.10174560546875
11.1463,0,0.17822265625,0,-0.322998046875,0,0.07904052734375,0,0.10174560546875
11.1587,0,-0.1275634765625,0,0.1859130859375,0,0.07904052734375,0,0.08013916015625
11.1661,0,-0.1275634765625,0,0.1859130859375,0,0.03131103515625,0,0.08013916015625
11.1765,0,0.12408447265625,0,0.71875,0,0.03131103515625,0,-0.2783203125
11.1862,0,0.12408447265625,0,0.71875,0,-0.13232421875,0,-0.2783203125
11.1963,0,-0.2457275390625,0,-0.50634765625,0,-0.13232421875,0,-0.0863037109375
11.2072,0,-0.2457275390625,0,-0.50634765625,0,0.0099945068359375,0,-0.0863037109375
11.2173,0,-0.2457275390625,0,-0.171875,0,0.0099945068359375,0,0.1253662109375
11.2267,0,0.11370849609375,0,-0.171875,0,0.08172607421875,0,0.1253662109375
11.2389,0,-0.1024169921875,0,-0.391845703125,0,0.08172607421875,0,-0.07855224609375
11.2462,0,-0.1024169921875,0,-0.391845703125,0,-0.0323486328125,0,-0.07855224609375
11.2563,0,-0.1024169921875,0,0.470458984375,0,-0.0323486328125,0,-0.249755859375
11.2664,0,0.09600830078125,0,0.470458984375,0,0.097900390625,0,-0.249755859375
11.2769,0,0.09600830078125,0,-0.230224609375,0,0.097900390625,0,0.037689208984375
11.2874,0,0.017547607421875,0,-0.230224609375,0,0.05181884765625,0,0.037689208984375
11.2976,0,0.017547607421875,0,0.43701171875,0,0.05181884765625,0,0.1600341796875
11.3062,0,-0.256591796875,0,0.43701171875,0,0.049041748046875,0,0.1600341796875
11.3171,0,-0.256591796875,0,-0.1851806640625,0,0.049041748046875,0,0.137939453125
11.3264,0,-0.2318115234375,0,-0.1851806640625,0,0.06317138671875,0,0.137939453125
11.3394,0,-0.2318115234375,0,-0.1851806640625,0,0.06317138671875,0,-0.2110595703125
11.3462,0,0.10992431640625,0,-0.255615234375,0,-0.12274169921875,0,-0.2110595703125
11.3586,0,0.10992431640625,0,-0.05999755859375,0,-0.12274169921875,0,0.1885986328125
11.3663,0,-0.0924072265625,0,-0.05999755859375,0,-0.05389404296875,0,0.1885986328125
11.3787,0,-0.0924072265625,0,-0.38671875,0,-0.05389404296875,0,0.04656982421875
11.3873,0,0.115478515625,0,-0.38671875,0,0.03839111328125,0,0.04656982421875
11.3986,0,0.115478515625,0,-0.0736083984375,0,0.03839111328125,0,0.12109375
11.4082,0,0.054962158203125,0,-0.0736083984375,0,0.046630859375,0,0.12109375
11.4182,0,0.054962158203125,0,-0.0736083984375,0,0.046630859375,0,-0.1270751953125
11.4261,0,-0.1806640625,0,-0.10784912109375,0,0.046630859375,0,-0.1270751953125
11.4388,0,-0.1806640625,0,-0.10784912109375,0,0.052947998046875,0,-0.055084228515625
11.4464,0,-0.1431884765625,0,-0.408447265625,0,0.052947998046875,0,-0.055084228515625
11.4583,0,-0.1431884765625,0,-0.408447265625,0,0.029693603515625,0,-0.055084228515625
11.4662,0,0.140380859375,0,0.2115478515625,0,0.027069091796875,0,0.08392333984375
11.4785,0,0.140380859375,0,0.2115478515625,0,0.027069091796875,0,0.0968017578125
11.4864,0,0.11639404296875,0,-0.1444091796875,0,0.027069091796875,0,0.0968017578125
11.4968,0,0.11639404296875,0,-0.1444091796875,0,-0.06103515625,0,0.11065673828125
11.5065,0,-0.07769775390625,0,-0.2120361328125,0,-0.06103515625,0,0.11065673828125
11.5171,0,-0.07769775390625,0,-0.2120361328125,0,0.0129241943359375,0,0.11065673828125
11.5264,0,-0.08319091796875,0,-0.01337432861328125,0,0.0129241943359375,0,0.155029296875
11.5389,0,-0.08319091796875,0,-0.01337432861328125,0,-0.0242462158203125,0,0.155029296875
11.5466,0,-0.1778564453125,0,0.2440185546875,0,-0.0242462158203125,0,0.030548095703125
11.5586,0,-0.1778564453125,0,0.2440185546875,0,-0.0489501953125,0,0.030548095703125
11.5662,0,-0.1336669921875,0,-0.42822265625,0,-0.0489501953125,0,-0.22607421875
11.5785,0,-0.1336669921875,0,-0.42822265625,0,0.0723876953125,0,-0.22607421875
11.5862,0,0.1427001953125,0,-0.298828125,0,0.0723876953125,0,0.07769775390625
11.5985,0,0.1427001953125,0,-0.298828125,0,0.04547119140625,0,0.07769775390625
11.6090,0,-0.1314697265625,0,0.61181640625,0,0.04547119140625,0,0.06719970703125
11.6176,0,-0.1314697265625,0,0.61181640625,0,-0.06317138671875,0,0.06719970703125
11.6260,0,0.00894927978515625,0,-0.109130859375,0,-0.06317138671875,0,0.169189453125
11.6370,0,0.00894927978515625,0,-0.109130859375,0,-0.0171356201171875,0,0.169189453125
11.6462,0,0.11407470703125,0,-0.415283203125,0,-0.0171356201171875,0,0.103515625
11.6572,0,0.11407470703125,0,-0.415283203125,0,-0.0633544921875,0,0.103515625
11.6672,0,-0.23681640625,0,0.103271484375,0,-0.0633544921875,0,0.145263671875
11.6785,0,-0.23681640625,0,0.103271484375,0,-0.065673828125,0,0.145263671875
11.6904,0,-0.23681640625,0,-0.1632080078125,0,-0.065673828125,0,-0.0252227783203125
11.6983,0,-0.1728515625,0,-0.1632080078125,0,-0.02752685546875,0,-0.0252227783203125
11.7087,0,0.11236572265625,0,0.433349609375,0,-0.02752685546875,0,0.204833984375
11.7187,0,0.11236572265625,0,0.433349609375,0,-0.027984619140625,0,0.204833984375
11.7282,0,0.1483154296875,0,-0.53515625,0,-0.027984619140625,0,0.2119140625
11.7385,0,0.1483154296875,0,-0.53515625,0,0.0031108856201171875,0,0.2119140625
11.7463,0,0.1483154296875,0,0.180419921875,0,0.0031108856201171875,0,0.117919921875
11.7567,0,-0.07940673828125,0,0.180419921875,0,-0.0288543701171875,0,0.117919921875
11.7662,0,-0.07940673828125,0,-0.181396484375,0,-0.0288543701171875,0,0.0265045166015625
11.7764,0,0.053192138671875,0,-0.181396484375,0,0.10247802734375,0,0.0265045166015625
11.7863,0,0.053192138671875,0,-0.181396484375,0,0.10247802734375,0,0.1982421875
11.7963,0,0.041046142578125,0,-0.5966796875,0,-0.07415771484375,0,0.1982421875
11.8062,0,0.041046142578125,0,-0.3525390625,0,-0.07415771484375,0,0.1290283203125
11.8187,0,-0.263671875,0,-0.3525390625,0,0.0191802978515625,0,0.1290283203125
11.8286,0,-0.263671875,0,-0.145751953125,0,0.0191802978515625,0,-0.01317596435546875
11.8390,0,0.080078125,0,-0.145751953125,0,0.0128173828125,0,-0.01317596435546875
11.8466,0,0.080078125,0,-0.145751953125,0,0.0128173828125,0,-0.211669921875
11.8585,0,-0.2021484375,0,-0.5908203125,0,0.0621337890625,0,-0.211669921875
11.8663,0,-0.2021484375,0,-0.5908203125,0,0.0621337890625,0,-0.0638427734375
11.8786,0,-0.071044921875,0,0.54345703125,0,0.0621337890625,0,-0.0638427734375
11.8865,0,-0.071044921875,0,0.54345703125,0,0.09283447265625,0,0.11041259765625
11.8967,0,0.0261077880859375,0,-0.05511474609375,0,-0.1046142578125,0,0.11041259765625
11.9059,0,0.0261077880859375,0,-0.05511474609375,0,-0.1046142578125,0,0.1259765625
11.9160,0,0.11328125,0,-0.135009765625,0,-0.11761474609375,0,0.1259765625
11.9263,0,0.11328125,0,-0.135009765625,0,-0.11761474609375,0,0.1572265625
11.9387,0,0.10858154296875,0,0.344482421875,0,0.06298828125,0,0.1572265625
11.9462,0,0.10858154296875,0,0.344482421875,0,0.06298828125,0,-0.041351318359375
11.9591,0,-0.28662109375,0,-0.253662109375,0,0.06298828125,0,-0.041351318359375
11.9666,0,-0.28662109375,0,-0.253662109375,0,-0.017608642578125,0,-0.041351318359375
11.9772,0,-0.146728515625,0,0.376953125,0,-0.0250244140625,0,-0.06317138671875
11.9861,0,-0.146728515625,0,0.376953125,0,-0.0250244140625,0,0.250244140625
11.9987,0,-0.122802734375,0,0.120361328125,0,0.110107421875,0,0.250244140625
12.0078,0,-0.122802734375,0,0.120361328125,0,0.110107421875,0,0.1090087890625
12.0177,0,0.042816162109375,0,0.94775390625,0,0.110107421875,0,0.1090087890625
12.0263,0,0.042816162109375,0,0.94775390625,0,0.0134429931640625,0,0.115234375
12.0396,0,-0.357421875,0,0.315673828125,0,0.0134429931640625,0,0.115234375
12.0471,0,-0.357421875,0,0.315673828125,0,-0.00965118408203125,0,0.115234375
12.0613,0,0.06842041015625,0,-0.2587890625,0,0.049224853515625,0,0.07763671875
12.0684,0,0.06842041015625,0,-0.2587890625,0,0.049224853515625,0,0.0853271484375
12.0785,0,0.10931396484375,0,-0.19384765625,0,0.049224853515625,0,0.0853271484375
12.0863,0,0.10931396484375,0,-0.19384765625,0,0.024658203125,0,0.0853271484375
12.0966,0,0.0914306640625,0,-0.249267578125,0,0.024658203125,0,0.157470703125
12.1062,0,0.0914306640625,0,-0.249267578125,0,-0.0159149169921875,0,0.157470703125
12.1165,0,0.0914306640625,0,-0.28173828125,0,-0.0159149169921875,0,0.062744140625
12.1263,0,0.0223541259765625,0,-0.28173828125,0,-0.0760498046875,0,0.062744140625
12.1389,0,0.0223541259765625,0,-0.27001953125,0,-0.0760498046875,0,0.08990478515625
12.1473,0,0.054534912109375,0,-0.27001953125,0,0.019561767578125,0,0.08990478515625
12.1595,0,0.06390380859375,0,-0.178955078125,0,0.019561767578125,0,0.152587890625
12.1670,0,0.06390380859375,0,-0.178955078125,0,0.04931640625,0,0.152587890625
12.1785,0,0.055877685546875,0,-0.456298828125,0,0.04931640625,0,-0.249267578125
12.1874,0,0.055877685546875,0,-0.456298828125,0,-0.06036376953125,0,-0.249267578125
12.1988,0,0.055877685546875,0,-0.2154541015625,0,-0.06036376953125,0,0.16943359375
12.2075,0,0.049560546875,0,-0.2154541015625,0,-0.03662109375,0,0.16943359375
12.2208,0,0.049560546875,0,-0.237060546875,0,-0.03662109375,0,-0.06317138671875
12.2273,0,-0.036865234375,0,-0.237060546875,0,-0.018310546875,0,-0.06317138671875
12.2409,0,-0.036865234375,0,-0.298828125,0,-0.018310546875,0,-0.173828125
12.2480,0,0.10614013671875,0,-0.298828125,0,-0.0240631103515625,0,-0.173828125
12.2590,0,0.10614013671875,0,-0.298828125,0,-0.0240631103515625,0,-0.1051025390625
12.2678,0,0.03662109375,0,-0.08843994140625,0,0.07073974609375,0,-0.1051025390625
12.2754,0,0.03662109375,0,-0.2442626953125,0,0.07073974609375,0,-0.093017578125
12.2862,0,-0.25048828125,0,-0.2442626953125,0,-0.04376220703125,0,-0.093017578125
12.2975,0,-0.25048828125,0,-0.2442626953125,0,-0.04376220703125,0,-0.1070556640625
12.3087,0,-0.10198974609375,0,0.48095703125,0,0.08477783203125,0,-0.1070556640625
12.3168,0,-0.10198974609375,0,0.48095703125,0,0.08477783203125,0,-0.2330322265625
12.3274,0,-0.224365234375,0,0.83642578125,0,0.08477783203125,0,-0.2330322265625
12.3386,0,-0.224365234375,0,0.83642578125,0,-0.07598876953125,0,-0.048065185546875
12.3463,0,-0.118896484375,0,0.38720703125,0,-0.09197998046875,0,-0.048065185546875
12.3586,0,-0.118896484375,0,0.38720703125,0,-0.09197998046875,0,0.0858154296875
12.3661,0,-0.17138671875,0,-0.44091796875,0,-0.052581787109375,0,0.0858154296875
12.3785,0,-0.17138671875,0,-0.44091796875,0,-0.052581787109375,0,-0.061676025390625
12.3872,0,-0.140625,0,-0.359375,0,-0.052581787109375,0,-0.061676025390625
12.3984,0,-0.140625,0,-0.359375,0,-0.084228515625,0,0.0948486328125
12.4065,0,0.07257080078125,0,-0.07012939453125,0,-0.084228515625,0,0.0948486328125
12.4185,0,0.07257080078125,0,-0.07012939453125,0,-0.022064208984375,0,0.046234130859375
12.4264,0,0.06256103515625,0,-0.1314697265625,0,0.054779052734375,0,0.046234130859375
12.4365,0,0.06256103515625,0,-0.1314697265625,0,0.054779052734375,0,0.181884765625
12.4466,0,-0.06500244140625,0,-0.38037109375,0,0.08795166015625,0,0.181884765625
12.4603,0,-0.06500244140625,0,-0.38037109375,0,0.08795166015625,0,-0.08575439453125
12.4659,0,0.053497314453125,0,-0.135498046875,0,0.08795166015625,0,-0.08575439453125
12.4786,0,0.053497314453125,0,-0.135498046875,0,0.0582275390625,0,-0.08575439453125
12.4863,0,0.147705078125,0,0.390625,0,0.0582275390625,0,-0.07843017578125
12.4986,0,0.147705078125,0,0.390625,0,0.01824951171875,0,-0.139892578125
12.5075,0,-0.1993408203125,0,-0.338623046875,0,0.01824951171875,0,-0.139892578125
12.5189,0,-0.1993408203125,0,-0.338623046875,0,0.059661865234375,0,-0.1583251953125
12.5267,0,-0.10809326171875,0,-0.2119140625,0,0.059661865234375,0,-0.1583251953125
12.5371,0,-0.10809326171875,0,-0.2119140625,0,-0.0159912109375,0,-0.1583251953125
12.5465,0,-0.1737060546875,0,-0.31201171875,0,-0.0159912109375,0,0.11431884765625
12.5570,0,-0.1737060546875,0,-0.31201171875,0,0.08270263671875,0,0.11431884765625
12.5660,0,-0.1737060546875,0,0.62109375,0,0.08270263671875,0,0.1973876953125
12.5766,0,-0.153076171875,0,0.62109375,0,-0.0762939453125,0,0.01436614990234375
12.5863,0,-0.153076171875,0,-0.783203125,0,-0.0762939453125,0,0.01436614990234375
12.5985,0,-0.02374267578125,0,-0.783203125,0,-0.0076141357421875,0,0.01436614990234375
12.6056,0,-0.02374267578125,0,-0.322509765625,0,-0.0076141357421875,0,0.12384033203125
12.6188,0,0.1505126953125,0,-0.322509765625,0,-0.076171875,0,0.12384033203125
12.6271,0,0.1505126953125,0,0.5615234375,0,-0.076171875,0,0.0232696533203125
12.6388,0,-0.295166015625,0,0.5615234375,0,-0.0225830078125,0,0.0232696533203125
12.6465,0,-0.295166015625,0,0.305419921875,0,-0.0225830078125,0,0.1885986328125
12.6591,0,0.0731201171875,0,0.305419921875,0,0.055572509765625,0,0.1885986328125
12.6665,0,0.0731201171875,0,0.10491943359375,0,0.055572509765625,0,-0.305908203125
12.6787,0,0.156005859375,0,0.10491943359375,0,0.054595947265625,0,-0.305908203125
12.6874,0,0.156005859375,0,0.10491943359375,0,0.054595947265625,0,0.051727294921875
12.6969,0,0.1363525390625,0,-0.0648193359375,0,-0.0222015380859375,0,0.051727294921875
12.7060,0,0.1363525390625,0,-0.1397705078125,0,-0.0222015380859375,0,0.1024169921875
12.7161,0,0.144775390625,0,-0.1397705078125,0,-0.0325927734375,0,0.1024169921875
12.7263,0,0.144775390625,0,-0.1397705078125,0,-0.0325927734375,0,0.0240325927734375
12.7383,0,0.1314697265625,0,-0.303955078125,0,0.037841796875,0,0.0240325927734375
12.7468,0,0.1314697265625,0,-0.303955078125,0,0.037841796875,0,-0.0188446044921875
12.7592,0,-0.229248046875,0,-0.06085205078125,0,0.044281005859375,0,-0.0188446044921875
12.7664,0,-0.229248046875,0,-0.06085205078125,0,0.044281005859375,0,0.1561279296875
12.7768,0,0.09307861328125,0,-0.08392333984375,0,0.044281005859375,0,0.1561279296875
12.7859,0,0.09307861328125,0,-0.08392333984375,0,0.0264892578125,0,0.1893310546875
12.7963,0,0.0721435546875,0,-0.1944580078125,0,-0.0302734375,0,0.1893310546875
12.8046,0,0.0721435546875,0,-0.1944580078125,0,-0.0302734375,0,-0.090087890625
12.8198,0,-0.1949462890625,0,-0.3369140625,0,0.061676025390625,0,-0.090087890625
12.8305,0,-0.1949462890625,0,-0.3369140625,0,0.061676025390625,0,0.1749267578125
12.8391,0,-0.265625,0,-0.2181396484375,0,0.061676025390625,0,0.1749267578125
12.8468,0,-0.265625,0,-0.2181396484375,0,0.031341552734375,0,-0.1275634765625
12.8573,0,-0.159423828125,0,-0.379150390625,0,0.031341552734375,0,-0.1275634765625
12.8663,0,-0.159423828125,0,-0.379150390625,0,0.038360595703125,0,-0.0755615234375
12.8787,0,-0.156982421875,0,-0.130126953125,0,0.038360595703125,0,-0.0755615234375
12.8863,0,-0.156982421875,0,-0.130126953125,0,0.07281494140625,0,0.2076416015625
12.8984,0,0.035125732421875,0,-0.2529296875,0,0.07281494140625,0,0.2076416015625
12.9065,0,0.035125732421875,0,-0.2529296875,0,-0.068115234375,0,-0.14599609375
12.9203,0,-0.1185302734375,0,-0.3193359375,0,-0.068115234375,0,-0.14599609375
12.9284,0,-0.1185302734375,0,-0.3193359375,0,0.0216064453125,0,0.025970458984375
12.9372,0,0.1363525390625,0,-0.408203125,0,0.0216064453125,0,0.025970458984375
12.9461,0,0.1363525390625,0,-0.408203125,0,-0.07763671875,0,-0.07452392578125
12.9567,0,-0.0560302734375,0,-0.38134765625,0,-0.07763671875,0,-0.07452392578125
12.9662,0,-0.0560302734375,0,-0.38134765625,0,-0.10260009765625,0,0.1634521484375
12.9787,0,0.11016845703125,0,0.142578125,0,-0.10260009765625,0,0.1634521484375
12.9864,0,0.11016845703125,0,0.142578125,0,0.07568359375,0,0.09002685546875
12.9989,0,0.0970458984375,0,-0.4931640625,0,0.07568359375,0,0.09002685546875
13.0072,0,0.0970458984375,0,-0.4931640625,0,0.01678466796875,0,0.09002685546875
13.0171,0,0.0970458984375,0,-0.1729736328125,0,0.01678466796875,0,-0.046417236328125
13.0264,0,0.1591796875,0,-0.1729736328125,0,0.0853271484375,0,0.0689697265625
13.0390,0,0.1591796875,0,-0.476318359375,0,0.0853271484375,0,0.0689697265625
13.0471,0,-0.06024169921875,0,-0.476318359375,0,0.0223236083984375,0,0.0689697265625
13.0570,0,-0.06024169921875,0,0.382568359375,0,0.0223236083984375,0,0.222900390625
13.0689,0,-0.08831787109375,0,0.382568359375,0,-0.01739501953125,0,0.144287109375
13.0791,0,-0.08831787109375,0,-0.407958984375,0,-0.01739501953125,0,0.144287109375
13.0935,0,0.10430908203125,0,-0.407958984375,0,0.078369140625,0,0.144287109375
13.0977,0,0.10430908203125,0,-0.06805419921875,0,0.078369140625,0,0.1104736328125
13.1062,0,0.1334228515625,0,-0.06805419921875,0,-0.035247802734375,0,0.1104736328125
13.1208,0,0.1334228515625,0,0.74560546875,0,-0.035247802734375,0,0.140625
13.1284,0,0.09539794921875,0,0.74560546875,0,0.050140380859375,0,0.140625
13.1411,0,0.09539794921875,0,0.74560546875,0,0.050140380859375,0,-0.19970703125
13.1463,0,0.11883544921875,0,0.51220703125,0,0.048004150390625,0,-0.19970703125
13.1586,0,0.11883544921875,0,0.51220703125,0,0.048004150390625,0,0.195556640625
13.1667,0,0.08734130859375,0,-0.04571533203125,0,0.0960693359375,0,0.195556640625
13.1784,0,0.08734130859375,0,-0.04571533203125,0,0.0960693359375,0,0.1533203125
13.1863,0,-0.07861328125,0,-0.234130859375,0,-0.05755615234375,0,0.1533203125
13.1985,0,-0.07861328125,0,-0.234130859375,0,-0.05755615234375,0,-0.1243896484375
13.2063,0,-0.2332763671875,0,0.456298828125,0,0.031219482421875,0,-0.1243896484375
13.2175,0,-0.2332763671875,0,0.456298828125,0,0.031219482421875,0,-0.221923828125
13.2278,0,-0.1798095703125,0,-0.57861328125,0,0.031219482421875,0,-0.221923828125
13.2371,0,-0.1798095703125,0,-0.57861328125,0,-0.042724609375,0,-0.1317138671875
13.2464,0,-0.23681640625,0,-0.40869140625,0,-0.042724609375,0,-0.1317138671875
13.2588,0,-0.23681640625,0,-0.40869140625,0,0.063720703125,0,-0.09075927734375
13.2674,0,0.10064697265625,0,-0.19970703125,0,-0.04315185546875,0,-0.09075927734375
13.2793,0,0.10064697265625,0,-0.19970703125,0,-0.04315185546875,0,0.093994140625
13.2869,0,-0.07342529296875,0,-0.62109375,0,0.049224853515625,0,0.093994140625
13.2984,0,-0.07342529296875,0,-0.62109375,0,0.049224853515625,0,-0.248291015625
13.3078,0,0.06353759765625,0,-0.368408203125,0,0.049224853515625,0,-0.248291015625
13.3191,0,0.06353759765625,0,-0.368408203125,0,0.01154327392578125,0,0.1407470703125
13.3271,0,0.0272064208984375,0,-0.09674072265625,0,0.01154327392578125,0,0.1407470703125
13.3387,0,0.0272064208984375,0,-0.09674072265625,0,-0.059051513671875,0,0.1082763671875
13.3483,0,0.0272064208984375,0,-0.469482421875,0,-0.059051513671875,0,0.1082763671875
13.3569,0,-0.2137451171875,0,-0.469482421875,0,0.031005859375,0,-0.2303466796875
13.3668,0,-0.2137451171875,0,-0.572265625,0,0.031005859375,0,-0.2303466796875
13.3786,0,-0.09161376953125,0,-0.572265625,0,-0.02166748046875,0,0.09808349609375
13.3862,0,-0.05609130859375,0,-0.1453857421875,0,-0.02166748046875,0,0.09808349609375
13.3966,0,-0.05609130859375,0,-0.1453857421875,0,0.12091064453125,0,-0.12274169921875
13.4078,0,-0.05609130859375,0,-0.2064208984375,0,0.12091064453125,0,-0.12274169921875
13.4187,0,0.15869140625,0,-0.2064208984375,0,-0.031280517578125,0,0.1842041015625
13.4275,0,0.15869140625,0,-0.1270751953125,0,-0.031280517578125,0,0.1842041015625
13.4404,0,-0.1549072265625,0,-0.1270751953125,0,0.01812744140625,0,0.1842041015625
13.4477,0,-0.1549072265625,0,-0.154541015625,0,0.01812744140625,0,0.07525634765625
13.4600,0,-0.2432861328125,0,-0.154541015625,0,-0.0645751953125,0,0.07525634765625
13.4675,0,-0.2432861328125,0,-0.446044921875,0,-0.0645751953125,0,0.08148193359375
13.4787,0,-0.335693359375,0,-0.446044921875,0,0.0309906005859375,0,0.17431640625
13.4899,0,-0.335693359375,0,-0.09320068359375,0,0.0309906005859375,0,0.17431640625
13.4969,0,-0.283935546875,0,-0.09320068359375,0,-0.0338134765625,0,-0.07220458984375
13.5075,0,-0.283935546875,0,-0.26904296875,0,-0.0338134765625,0,-0.07220458984375
13.5173,0,0.0849609375,0,-0.26904296875,0,0.01171875,0,-0.07220458984375
13.5278,0,0.0849609375,0,-0.375732421875,0,0.01171875,0,-0.253662109375
13.5398,0,-0.0225830078125,0,-0.375732421875,0,0.05084228515625,0,0.051605224609375
13.5477,0,-0.0225830078125,0,-0.09332275390625,0,0.05084228515625,0,0.051605224609375
13.5574,0,0.124755859375,0,-0.09332275390625,0,-0.0628662109375,0,0.051605224609375
13.5669,0,0.124755859375,0,-0.054412841796875,0,-0.0628662109375,0,-0.0034923553466796875
13.5772,0,-0.0928955078125,0,-0.054412841796875,0,-0.05145263671875,0,-0.0034923553466796875
13.5875,0,-0.0928955078125,0,-0.0531005859375,0,-0.05145263671875,0,-0.2344970703125
13.5978,0,-0.064453125,0,-0.0531005859375,0,-0.042816162109375,0,-0.2344970703125
13.6068,0,-0.064453125,0,-0.438232421875,0,-0.042816162109375,0,-0.05120849609375
13.6183,0,-0.1173095703125,0,-0.438232421875,0,-0.042816162109375,0,-0.05120849609375
13.6264,0,-0.1173095703125,0,-0.07293701171875,0,0.07501220703125,0,0.14208984375
13.6402,0,-0.070556640625,0,-0.07293701171875,0,0.07501220703125,0,0.14208984375
13.6484,0,-0.070556640625,0,-0.134521484375,0,0.058380126953125,0,0.0753173828125
13.6595,0,-0.042877197265625,0,-0.134521484375,0,0.061676025390625,0,0.0753173828125
13.6665,0,-0.042877197265625,0,-0.310791015625,0,0.061676025390625,0,-0.150390625
13.6791,0,0.00843048095703125,0,-0.310791015625,0,0.061676025390625,0,-0.150390625
13.6894,0,0.00843048095703125,0,-0.053070068359375,0,0.0770263671875,0,-0.063232421875
13.6975,0,-0.21337890625,0,-0.053070068359375,0,0.0770263671875,0,-0.063232421875
13.7098,0,-0.21337890625,0,-0.27099609375,0,0.022735595703125,0,-0.250732421875
13.7205,0,0.07196044921875,0,-0.27099609375,0,0.022735595703125,0,-0.250732421875
13.7263,0,0.07196044921875,0,-0.27099609375,0,0.025054931640625,0,0.049713134765625
13.7368,0,0.048370361328125,0,-0.12213134765625,0,0.025054931640625,0,0.049713134765625
13.7448,0,0.048370361328125,0,-0.12213134765625,0,-0.0304718017578125,0,-0.1077880859375
13.7565,0,-0.0838623046875,0,-0.2398681640625,0,-0.0304718017578125,0,-0.1077880859375
13.7661,0,-0.0838623046875,0,-0.2398681640625,0,0.08721923828125,0,0.2264404296875
13.7793,0,0.04302978515625,0,-0.46923828125,0,0.08721923828125,0,0.2264404296875
13.7889,0,0.04302978515625,0,-0.46923828125,0,-0.032012939453125,0,0.10003662109375
13.8001,0,0.098876953125,0,-0.043365478515625,0,-0.032012939453125,0,0.10003662109375
13.8076,0,0.098876953125,0,-0.043365478515625,0,0.07574462890625,0,-0.1890869140625
13.8210,0,0.0595703125,0,-0.35693359375,0,0.07574462890625,0,-0.1890869140625
13.8277,0,0.0595703125,0,-0.35693359375,0,-0.026031494140625,0,-0.29150390625
13.8388,0,-0.15576171875,0,-0.69189453125,0,-0.026031494140625,0,-0.29150390625
13.8470,0,-0.15576171875,0,-0.69189453125,0,-0.0275421142578125,0,0.085205078125
13.8575,0,-0.15576171875,0,-0.331298828125,0,-0.0275421142578125,0,0.085205078125
13.8667,0,0.051055908203125,0,-0.331298828125,0,-0.01116943359375,0,-0.061676025390625
13.8773,0,0.051055908203125,0,-0.465087890625,0,-0.01116943359375,0,-0.061676025390625
13.8889,0,-0.1265869140625,0,-0.465087890625,0,0.035308837890625,0,-0.061676025390625
13.8966,0,-0.1265869140625,0,-0.414306640625,0,0.035308837890625,0,-0.2122802734375
13.9084,0,-0.14990234375,0,-0.414306640625,0,-0.062744140625,0,-0.2122802734375
13.9213,0,-0.14990234375,0,0.1868896484375,0,-0.062744140625,0,-0.2166748046875
13.9289,0,-0.26708984375,0,0.1868896484375,0,-0.0241851806640625,0,0.1636962890625
13.9388,0,-0.26708984375,0,-0.2066650390625,0,-0.0241851806640625,0,0.1636962890625
13.9471,0,-0.16015625,0,-0.2066650390625,0,-0.040618896484375,0,0.1636962890625
13.9589,0,-0.16015625,0,0.315185546875,0,-0.040618896484375,0,0.1580810546875
13.9667,0,0.12139892578125,0,0.315185546875,0,-0.1097412109375,0,0.1580810546875
13.9786,0,0.12139892578125,0,-0.07257080078125,0,-0.1097412109375,0,-0.163818359375
13.9873,0,0.080078125,0,-0.07257080078125,0,-0.03173828125,0,-0.163818359375
13.9973,0,0.080078125,0,-0.359619140625,0,-0.03173828125,0,-0.0772705078125
14.0059,0,-0.348388671875,0,-0.359619140625,0,0.02239990234375,0,-0.0772705078125
14.0173,0,-0.348388671875,0,-0.375,0,0.02239990234375,0,-0.2386474609375
14.0280,0,-0.36181640625,0,-0.375,0,-0.059051513671875,0,-0.2386474609375
14.0385,0,-0.36181640625,0,0.276611328125,0,-0.059051513671875,0,-0.239501953125
14.0465,0,-0.213623046875,0,0.276611328125,0,0.006320953369140625,0,-0.239501953125
14.0568,0,-0.213623046875,0,-0.2373046875,0,0.006320953369140625,0,0.05133056640625
14.0661,0,0.0548095703125,0,-0.2373046875,0,-0.08209228515625,0,0.05133056640625
14.0794,0,0.0548095703125,0,0.04638671875,0,-0.08209228515625,0,0.205078125
14.0876,0,-0.097412109375,0,0.04638671875,0,-0.011199951171875,0,0.205078125
14.0982,0,-0.097412109375,0,-0.1494140625,0,-0.011199951171875,0,0.199462890625
14.1068,0,-0.0921630859375,0,-0.1494140625,0,-0.03509521484375,0,0.199462890625
14.1173,0,-0.0921630859375,0,-0.329833984375,0,-0.03509521484375,0,-0.19140625
14.1278,0,0.11920166015625,0,-0.329833984375,0,-0.008758544921875,0,-0.19140625
14.1390,0,0.11920166015625,0,-0.65771484375,0,-0.008758544921875,0,-0.0222015380859375
14.1465,0,0.09820556640625,0,-0.65771484375,0,0.0557861328125,0,-0.0222015380859375
14.1593,0,0.09820556640625,0,-0.65771484375,0,0.0557861328125,0,-0.041259765625
14.1663,0,-0.291748046875,0,0.314697265625,0,-0.02239990234375,0,-0.041259765625
14.1795,0,-0.291748046875,0,0.2005615234375,0,-0.02239990234375,0,0.1632080078125
14.1869,0,-0.0165557861328125,0,0.2005615234375,0,-0.02239990234375,0,0.1632080078125
14.1995,0,-0.0165557861328125,0,0.0587158203125,0,0.06365966796875,0,-0.0982666015625
14.2075,0,0.119140625,0,0.0587158203125,0,-0.043609619140625,0,-0.0982666015625
14.2185,0,0.119140625,0,-0.04443359375,0,-0.043609619140625,0,-0.305419921875
14.2273,0,0.18017578125,0,-0.04443359375,0,-0.052459716796875,0,-0.305419921875
14.2368,0,0.18017578125,0,-0.04443359375,0,-0.052459716796875,0,-0.0631103515625
14.2465,0,-0.1636962890625,0,-0.43505859375,0,-0.052459716796875,0,-0.0631103515625
14.2583,0,-0.1636962890625,0,-0.43505859375,0,0.0584716796875,0,0.048309326171875
14.2684,0,0.08038330078125,0,-0.154296875,0,0.0584716796875,0,0.048309326171875
14.2801,0,0.08038330078125,0,-0.154296875,0,-0.00820159912109375,0,0.048309326171875
14.2874,0,0.055755615234375,0,-0.406982421875,0,-0.00820159912109375,0,0.1644287109375
14.3006,0,0.055755615234375,0,-0.406982421875,0,0.0233154296875,0,0.1644287109375
14.3074,0,0.055755615234375,0,0.1566162109375,0,0.0233154296875,0,-0.075439453125
14.3183,0,0.0572509765625,0,0.1566162109375,0,0.07147216796875,0,-0.10626220703125
14.3266,0,0.0572509765625,0,-0.43896484375,0,0.07147216796875,0,-0.10626220703125
14.3366,0,0.0438232421875,0,-0.43896484375,0,0.0196990966796875,0,0.1075439453125
14.3436,0,0.0799560546875,0,-0.338134765625,0,0.0196990966796875,0,0.1075439453125
14.3602,0,0.0799560546875,0,-0.338134765625,0,0.0277862548828125,0,0.1075439453125
14.3666,0,0.0799560546875,0,-0.1329345703125,0,0.0277862548828125,0,0.04156494140625
14.3795,0,0.040435791015625,0,-0.1329345703125,0,0.0100250244140625,0,0.04156494140625
14.3880,0,0.040435791015625,0,-0.55859375,0,0.0100250244140625,0,0.11767578125
14.3965,0,-0.038848876953125,0,-0.55859375,0,-0.0011529922485351562,0,0.11767578125
14.4095,0,-0.038848876953125,0,0.281494140625,0,-0.0011529922485351562,0,0.1480712890625
14.4182,0,0.023712158203125,0,0.281494140625,0,0.02239990234375,0,0.1480712890625
14.4274,0,0.023712158203125,0,-0.442138671875,0,0.02239990234375,0,-0.051666259765625
14.4385,0,-0.245361328125,0,-0.442138671875,0,-0.06256103515625,0,-0.051666259765625
14.4462,0,-0.245361328125,0,-0.40625,0,-0.06256103515625,0,-0.1400146484375
14.4565,0,-0.1229248046875,0,-0.40625,0,0.0184783935546875,0,-0.1400146484375
14.4666,0,-0.1229248046875,0,-0.03692626953125,0,0.0184783935546875,0,-0.25537109375
14.4765,0,-0.0254669189453125,0,-0.03692626953125,0,-0.0154571533203125,0,-0.25537109375
14.4859,0,-0.0254669189453125,0,0.498779296875,0,-0.0154571533203125,0,0.0848388671875
14.4986,0,-0.221435546875,0,0.498779296875,0,0.0196075439453125,0,0.0848388671875
14.5071,0,-0.221435546875,0,-0.2340087890625,0,0.0196075439453125,0,-0.118896484375
14.5167,0,-0.1519775390625,0,-0.2340087890625,0,0.047332763671875,0,-0.118896484375
14.5269,0,-0.1519775390625,0,-0.09954833984375,0,0.047332763671875,0,-0.1162109375
14.5362,0,0.0914306640625,0,-0.09954833984375,0,-0.03680419921875,0,-0.1162109375
14.5463,0,0.0914306640625,0,-0.24267578125,0,-0.03680419921875,0,-0.269775390625
14.5597,0,-0.0504150390625,0,-0.24267578125,0,-0.07733154296875,0,-0.269775390625
14.5666,0,-0.0504150390625,0,-0.313232421875,0,-0.07733154296875,0,-0.11346435546875
14.5772,0,-0.171142578125,0,-0.313232421875,0,-0.07733154296875,0,-0.11346435546875
14.5861,0,-0.171142578125,0,-0.2310791015625,0,-0.041412353515625,0,-0.2044677734375
14.5965,0,-0.05218505859375,0,-0.2310791015625,0,-0.1097412109375,0,-0.2044677734375
14.6058,0,-0.05218505859375,0,-0.395263671875,0,-0.1097412109375,0,0.2020263671875
14.6171,0,0.0288238525390625,0,-0.395263671875,0,-0.0787353515625,0,0.2020263671875
14.6268,0,0.0288238525390625,0,-0.140380859375,0,-0.0787353515625,0,-0.10247802734375
14.6383,0,-0.144775390625,0,-0.140380859375,0,-0.0787353515625,0,-0.10247802734375
14.6466,0,-0.144775390625,0,0.43212890625,0,-0.064697265625,0,0.1419677734375
14.6571,0,-0.085205078125,0,0.43212890625,0,-0.064697265625,0,0.1419677734375
14.6658,0,-0.085205078125,0,0.048980712890625,0,0.09246826171875,0,0.1419677734375
14.6767,0,0.11688232421875,0,0.048980712890625,0,0.04302978515625,0,0.11224365234375
14.6863,0,0.11688232421875,0,-0.044403076171875,0,0.04302978515625,0,0.15234375
14.6985,0,0.1217041015625,0,-0.044403076171875,0,0.04302978515625,0,0.15234375
14.7076,0,0.1217041015625,0,0.77587890625,0,0.050994873046875,0,0.0587158203125
14.7194,0,-0.259765625,0,0.77587890625,0,0.050994873046875,0,0.0587158203125
14.7280,0,-0.259765625,0,0.77587890625,0,-0.0296478271484375,0,0.0587158203125
14.7388,0,-0.039581298828125,0,0.7451171875,0,-0.0296478271484375,0,0.076171875
14.7472,0,-0.039581298828125,0,0.7451171875,0,-0.04412841796875,0,0.076171875
14.7598,0,0.06732177734375,0,-0.46142578125,0,-0.04412841796875,0,-0.2275390625
14.7701,0,0.06732177734375,0,-0.46142578125,0,-0.057769775390625,0,-0.2275390625
14.7788,0,-0.2509765625,0,-0.275634765625,0,-0.057769775390625,0,-0.07379150390625
14.7862,0,-0.2509765625,0,-0.275634765625,0,0.0860595703125,0,-0.07379150390625
14.7982,0,0.0662841796875,0,-0.260986328125,0,0.0860595703125,0,0.162841796875
14.8062,0,0.0662841796875,0,-0.260986328125,0,-0.05950927734375,0,0.162841796875
14.8184,0,0.0662841796875,0,0.1435546875,0,-0.05950927734375,0,0.1134033203125
14.8285,0,0.0557861328125,0,0.1435546875,0,0.058197021484375,0,0.1134033203125
14.8386,0,0.0557861328125,0,-0.5546875,0,0.058197021484375,0,0.1990966796875
14.8466,0,0.049774169921875,0,-0.5546875,0,-0.081787109375,0,0.1990966796875
14.8570,0,0.09967041015625,0,0.139892578125,0,-0.081787109375,0,-0.0611572265625
14.8664,0,0.09967041015625,0,0.139892578125,0,-0.0165252685546875,0,-0.0611572265625
14.8771,0,0.09967041015625,0,-0.56982421875,0,-0.0165252685546875,0,0.173095703125
14.8858,0,-0.0262451171875,0,-0.56982421875,0,-0.016448974609375,0,0.173095703125
14.8988,0,-0.0262451171875,0,-0.347900390625,0,-0.016448974609375,0,0.1243896484375
14.9067,0,0.066162109375,0,-0.347900390625,0,-0.035614013671875,0,0.1243896484375
14.9184,0,0.066162109375,0,-0.1275634765625,0,-0.035614013671875,0,-0.264892578125
14.9274,0,0.0560302734375,0,-0.1275634765625,0,0.08123779296875,0,-0.264892578125
14.9375,0,0.0560302734375,0,-0.42919921875,0,0.08123779296875,0,0.0159759521484375
14.9461,0,0.1500244140625,0,-0.42919921875,0,-0.039154052734375,0,0.0159759521484375
14.9562,0,0.1500244140625,0,-0.455810546875,0,-0.039154052734375,0,-0.051116943359375
14.9660,0,0.03778076171875,0,-0.455810546875,0,0.0791015625,0,-0.051116943359375
14.9765,0,0.03778076171875,0,-0.436767578125,0,0.0791015625,0,-0.2425537109375
14.9861,0,-0.1761474609375,0,-0.436767578125,0,0.049072265625,0,-0.2425537109375
14.9984,0,-0.1761474609375,0,0.1517333984375,0,0.049072265625,0,0.1396484375
15.0062,0,0.1097412109375,0,0.1517333984375,0,0.03192138671875,0,0.1396484375
15.0170,0,0.1097412109375,0,-0.27734375,0,0.03192138671875,0,0.0259857177734375
15.0265,0,0.1507568359375,0,-0.27734375,0,-0.034088134765625,0,0.0259857177734375
15.0388,0,0.1507568359375,0,0.042266845703125,0,-0.034088134765625,0,0.14794921875
15.0471,0,0.04193115234375,0,0.042266845703125,0,0.0280609130859375,0,0.14794921875
15.0585,0,0.04193115234375,0,0.042266845703125,0,0.0280609130859375,0,-0.037109375
15.0662,0,0.01465606689453125,0,-0.301025390625,0,0.0197906494140625,0,-0.037109375
15.0815,0,0.0723876953125,0,-0.260986328125,0,0.0197906494140625,0,0.09197998046875
15.0881,0,0.0723876953125,0,-0.260986328125,0,0.0177001953125,0,0.09197998046875
15.0987,0,0.0723876953125,0,-0.367431640625,0,0.0177001953125,0,0.03265380859375
15.1063,0,0.10943603515625,0,-0.367431640625,0,0.0177001953125,0,0.03265380859375
15.1161,0,0.10943603515625,0,-0.367431640625,0,0.027313232421875,0,0.12890625
15.1260,0,-0.203125,0,-0.175537109375,0,-0.0159759521484375,0,0.12890625
15.1363,0,-0.203125,0,-0.175537109375,0,-0.0159759521484375,0,-0.1170654296875
15.1465,0,0.08758544921875,0,-0.53515625,0,-0.0159759521484375,0,-0.1170654296875
15.1587,0,0.08758544921875,0,-0.53515625,0,-0.0281219482421875,0,0.1707763671875
15.1665,0,0.11822509765625,0,0.29296875,0,-0.0281219482421875,0,0.1707763671875
15.1790,0,0.11822509765625,0,0.29296875,0,-0.0066986083984375,0,-0.222900390625
15.1864,0,0.08441162109375,0,-0.198974609375,0,-0.0066986083984375,0,-0.222900390625
15.1987,0,0.08441162109375,0,-0.198974609375,0,-0.050048828125,0,0.0404052734375
15.2065,0,0.1378173828125,0,-0.34375,0,-0.050048828125,0,0.0404052734375
15.2187,0,0.1378173828125,0,-0.34375,0,-0.0175933837890625,0,-0.1220703125
15.2276,0,-0.153076171875,0,0.51171875,0,-0.0175933837890625,0,-0.1220703125
15.2389,0,-0.153076171875,0,0.51171875,0,0.02490234375,0,-0.1220703125
15.2470,0,-0.031219482421875,0,0.056884765625,0,0.02490234375,0,-0.194091796875
15.2583,0,-0.031219482421875,0,0.056884765625,0,0.01334381103515625,0,-0.194091796875
15.2667,0,-0.0310211181640625,0,0.58837890625,0,0.01334381103515625,0,0.1490478515625
15.2782,0,-0.0310211181640625,0,0.58837890625,0,0.023040771484375,0,-0.1591796875
15.2860,0,-0.1536865234375,0,0.3671875,0,0.023040771484375,0,-0.1591796875
15.2991,0,-0.1536865234375,0,0.3671875,0,-0.028533935546875,0,0.115966796875
15.3066,0,0.12420654296875,0,-0.1876220703125,0,-0.028533935546875,0,0.115966796875
15.3190,0,0.12420654296875,0,-0.1876220703125,0,0.05670166015625,0,0.115966796875
15.3285,0,0.12420654296875,0,-0.5009765625,0,0.05670166015625,0,-0.1351318359375
15.3389,0,0.034881591796875,0,-0.5009765625,0,0.041748046875,0,-0.1351318359375
15.3475,0,0.034881591796875,0,-0.030303955078125,0,0.041748046875,0,-0.257568359375
15.3578,0,0.197998046875,0,-0.030303955078125,0,0.1395263671875,0,-0.257568359375
15.3662,0,-0.09771728515625,0,-0.14892578125,0,0.1395263671875,0,0.1964111328125
15.3790,0,-0.09771728515625,0,-0.14892578125,0,-0.04156494140625,0,0.1964111328125
15.3874,0,-0.1287841796875,0,-0.29296875,0,-0.04156494140625,0,-0.0382080078125
15.3986,0,-0.1287841796875,0,-0.29296875,0,-0.01206207275390625,0,-0.0382080078125
15.4063,0,-0.1287841796875,0,-0.1944580078125,0,-0.01206207275390625,0,0.090576171875
15.4184,0,-0.1025390625,0,-0.1944580078125,0,0.107421875,0,0.090576171875
15.4265,0,-0.1025390625,0,-0.360595703125,0,0.107421875,0,-0.03857421875
15.4385,0,0.09039306640625,0,-0.360595703125,0,0.02734375,0,-0.03857421875
15.4465,0,0.09039306640625,0,-0.2213134765625,0,0.02734375,0,0.149169921875
15.4591,0,-0.1356201171875,0,-0.2213134765625,0,-0.059967041015625,0,0.149169921875
15.4672,0,-0.1356201171875,0,0.1746826171875,0,-0.059967041015625,0,0.15673828125
15.4772,0,0.06475830078125,0,0.1746826171875,0,-0.07281494140625,0,0.15673828125
15.4861,0,0.06475830078125,0,-0.07586669921875,0,-0.07281494140625,0,-0.2415771484375
15.4966,0,-0.08197021484375,0,-0.07586669921875,0,-0.06378173828125,0,-0.2415771484375
15.5059,0,-0.08197021484375,0,-0.07586669921875,0,-0.06378173828125,0,-0.09820556640625
15.5163,0,-0.040863037109375,0,-0.1314697265625,0,0.0328369140625,0,-0.09820556640625
15.5270,0,-0.040863037109375,0,-0.1314697265625,0,0.0328369140625,0,-0.256103515625
15.5385,0,-0.034759521484375,0,-0.2491455078125,0,0.0328369140625,0,-0.256103515625
15.5476,0,-0.034759521484375,0,0.311279296875,0,-0.0171051025390625,0,-0.1810302734375
15.5587,0,0.0567626953125,0,0.311279296875,0,-0.0171051025390625,0,-0.1810302734375
15.5663,0,0.0567626953125,0,-0.323974609375,0,-0.0180206298828125,0,-0.282958984375
15.5785,0,0.131103515625,0,-0.323974609375,0,-0.0180206298828125,0,-0.282958984375
15.5871,0,0.131103515625,0,-0.323974609375,0,-0.095458984375,0,0.010467529296875
15.5980,0,-0.1844482421875,0,0.1600341796875,0,-0.00791168212890625,0,0.010467529296875
15.6060,0,-0.1844482421875,0,0.1600341796875,0,-0.00791168212890625,0,0.03680419921875
15.6187,0,0.054046630859375,0,-0.42431640625,0,-0.00791168212890625,0,0.03680419921875
15.6275,0,0.054046630859375,0,-0.42431640625,0,0.035064697265625,0,0.1573486328125
15.6372,0,-0.156005859375,0,-0.399169921875,0,0.035064697265625,0,0.1573486328125
15.6477,0,-0.156005859375,0,-0.399169921875,0,-0.0992431640625,0,0.066650390625
15.6574,0,-0.10540771484375,0,0.9111328125,0,-0.0992431640625,0,0.066650390625
15.6664,0,-0.10540771484375,0,0.9111328125,0,0.0117034912109375,0,0.09515380859375
15.6776,0,0.0306243896484375,0,0.2548828125,0,0.0117034912109375,0,0.09515380859375
15.6859,0,0.0306243896484375,0,0.2548828125,0,0.046142578125,0,0.09515380859375
15.6963,0,0.131591796875,0,-0.42578125,0,0.046142578125,0,0.12188720703125
15.7060,0,0.131591796875,0,-0.42578125,0,-0.035430908203125,0,0.12188720703125
15.7183,0,0.0689697265625,0,0.39013671875,0,-0.035430908203125,0,0.09686279296875
15.7273,0,0.0689697265625,0,0.39013671875,0,-0.037689208984375,0,0.1787109375
15.7387,0,0.02874755859375,0,0.361083984375,0,-0.037689208984375,0,0.1787109375
15.7465,0,0.02874755859375,0,0.361083984375,0,-0.02386474609375,0,0.1787109375
15.7588,0,0.0760498046875,0,-0.09765625,0,-0.02386474609375,0,0.1268310546875
15.7664,0,0.0760498046875,0,-0.09765625,0,-0.054840087890625,0,0.1268310546875
15.7793,0,0.0760498046875,0,-0.45361328125,0,-0.054840087890625,0,0.03643798828125
15.7870,0,0.07373046875,0,-0.45361328125,0,-0.058197021484375,0,0.03643798828125
15.7986,0,0.07373046875,0,-0.324951171875,0,-0.058197021484375,0,0.1741943359375
15.8063,0,-0.1380615234375,0,-0.324951171875,0,-0.040496826171875,0,0.1741943359375
15.8186,0,0.08062744140625,0,-0.31884765625,0,-0.040496826171875,0,0.11431884765625
15.8297,0,0.08062744140625,0,-0.31884765625,0,-0.050537109375,0,0.11431884765625
15.8400,0,0.08062744140625,0,-0.06842041015625,0,-0.050537109375,0,-0.1439208984375
15.8477,0,-0.047607421875,0,-0.06842041015625,0,0.023529052734375,0,-0.1439208984375
15.8581,0,-0.047607421875,0,-0.161865234375,0,0.023529052734375,0,-0.1986083984375
15.8663,0,0.07745361328125,0,-0.161865234375,0,-0.034759521484375,0,-0.1986083984375
15.8781,0,0.07745361328125,0,0.46337890625,0,-0.034759521484375,0,-0.064208984375
15.8859,0,0.1265869140625,0,0.46337890625,0,0.036224365234375,0,-0.064208984375
15.8965,0,0.1265869140625,0,0.086181640625,0,0.036224365234375,0,0.02703857421875
15.9061,0,0.081787109375,0,0.086181640625,0,-0.004962921142578125,0,0.02703857421875
15.9187,0,0.081787109375,0,-0.35595703125,0,-0.004962921142578125,0,0.1512451171875
15.9268,0,-0.0811767578125,0,-0.35595703125,0,-0.004962921142578125,0,0.1512451171875
15.9359,0,-0.0811767578125,0,-0.35595703125,0,-0.036834716796875,0,0.09527587890625
15.9468,0,-0.2305908203125,0,-0.406982421875,0,-0.036834716796875,0,0.09527587890625
15.9585,0,-0.2305908203125,0,-0.406982421875,0,0.08935546875,0,0.04754638671875
15.9662,0,-0.072265625,0,0.18505859375,0,0.08935546875,0,0.04754638671875
15.9793,0,-0.072265625,0,-0.04742431640625,0,-0.0484619140625,0,-0.062347412109375
15.9863,0,-0.07342529296875,0,-0.04742431640625,0,-0.0484619140625,0,-0.062347412109375
15.9988,0,-0.07342529296875,0,0.378173828125,0,-0.08551025390625,0,-0.27978515625
16.0064,0,-0.14404296875,0,0.378173828125,0,-0.08551025390625,0,-0.27978515625
16.0191,0,-0.14404296875,0,0.1802978515625,0,0.10272216796875,0,-0.1258544921875
16.0284,0,-0.0352783203125,0,0.1802978515625,0,0.10272216796875,0,-0.1258544921875
16.0370,0,-0.0352783203125,0,0.1802978515625,0,0.0826416015625,0,0.1531982421875
16.0465,0,0.052001953125,0,-0.298095703125,0,0.0826416015625,0,0.1531982421875
16.0565,0,0.052001953125,0,-0.298095703125,0,-0.04718017578125,0,-0.04144287109375
16.0659,0,0.041290283203125,0,-0.10247802734375,0,-0.04718017578125,0,-0.04144287109375
16.0774,0,0.041290283203125,0,-0.10247802734375,0,-0.111083984375,0,-0.04144287109375
16.0891,0,0.06396484375,0,0.68212890625,0,-0.042510986328125,0,-0.1351318359375
16.0986,0,0.06396484375,0,0.68212890625,0,-0.042510986328125,0,0.0728759765625
16.1071,0,-0.162841796875,0,-0.381591796875,0,-0.042510986328125,0,0.0728759765625
16.1176,0,-0.162841796875,0,-0.381591796875,0,0.042266845703125,0,0.1495361328125
16.1264,0,0.05859375,0,-0.2890625,0,0.042266845703125,0,0.1495361328125
16.1363,0,0.05859375,0,-0.2890625,0,0.04669189453125,0,0.1495361328125
16.1461,0,0.1575927734375,0,-0.4208984375,0,0.04669189453125,0,0.134521484375
16.1590,0,0.1575927734375,0,-0.4208984375,0,0.045623779296875,0,0.134521484375
16.1670,0,0.12432861328125,0,-0.382568359375,0,0.045623779296875,0,0.1312255859375
16.1787,0,0.12432861328125,0,-0.382568359375,0,-0.023468017578125,0,0.1141357421875
16.1863,0,0.1669921875,0,-0.141845703125,0,-0.023468017578125,0,0.1141357421875
16.1989,0,0.1669921875,0,-0.141845703125,0,-0.048004150390625,0,0.1141357421875
16.2061,0,-0.1754150390625,0,-0.11175537109375,0,-0.048004150390625,0,0.1634521484375
16.2185,0,-0.1754150390625,0,-0.11175537109375,0,-0.054351806640625,0,0.1634521484375
16.2265,0,-0.176513671875,0,-0.419677734375,0,-0.054351806640625,0,0.160888671875
16.2367,0,-0.176513671875,0,-0.419677734375,0,-0.07373046875,0,0.160888671875
16.2461,0,-0.1429443359375,0,0.45263671875,0,-0.07373046875,0,-0.053253173828125
16.2562,0,-0.1429443359375,0,0.45263671875,0,0.0263671875,0,-0.053253173828125
16.2661,0,0.11663818359375,0,-0.2066650390625,0,0.0263671875,0,-0.24072265625
16.2802,0,0.11663818359375,0,-0.2066650390625,0,-0.0338134765625,0,-0.24072265625
16.2880,0,0.11663818359375,0,0.377685546875,0,-0.0338134765625,0,0.1513671875
16.3010,0,0.1485595703125,0,0.377685546875,0,0.050445556640625,0,0.1513671875
16.3065,0,0.1485595703125,0,0.09051513671875,0,0.050445556640625,0,0.0306243896484375
16.3169,0,-0.09869384765625,0,0.09051513671875,0,-0.1282958984375,0,0.0306243896484375
16.3267,0,-0.20654296875,0,-0.119140625,0,-0.1282958984375,0,0.11053466796875
16.3397,0,-0.20654296875,0,-0.119140625,0,-0.040496826171875,0,0.11053466796875
16.3478,0,-0.20654296875,0,-0.119140625,0,-0.040496826171875,0,0.160888671875
16.3591,0,-0.1630859375,0,0.40576171875,0,0.0316162109375,0,0.160888671875
16.3667,0,-0.1630859375,0,-0.409423828125,0,0.0316162109375,0,-0.2215576171875
16.3774,0,0.10986328125,0,-0.409423828125,0,0.0316162109375,0,-0.2215576171875
16.3862,0,0.10986328125,0,-0.373779296875,0,0.06622314453125,0,-0.1654052734375
16.3971,0,0.11907958984375,0,-0.373779296875,0,0.05126953125,0,-0.1654052734375
16.4061,0,0.11907958984375,0,-0.373779296875,0,0.05126953125,0,-0.2122802734375
16.4162,0,-0.10986328125,0,0.50634765625,0,-0.03656005859375,0,-0.2122802734375
16.4274,0,-0.10986328125,0,0.50634765625,0,-0.03656005859375,0,-0.10162353515625
16.4404,0,0.07012939453125,0,-0.08514404296875,0,0.035980224609375,0,-0.10162353515625
16.4486,0,0.07012939453125,0,-0.08514404296875,0,0.035980224609375,0,0.0127716064453125
16.4616,0,0.12469482421875,0,-0.118408203125,0,0.035980224609375,0,0.0127716064453125
16.4678,0,0.12469482421875,0,-0.118408203125,0,0.0221405029296875,0,-0.16796875
16.4791,0,-0.297607421875,0,-0.368408203125,0,-0.035888671875,0,-0.16796875
16.4875,0,-0.297607421875,0,-0.368408203125,0,-0.035888671875,0,0.1290283203125
16.4986,0,0.0266571044921875,0,0.62060546875,0,-0.035888671875,0,0.1290283203125
16.5064,0,0.0266571044921875,0,0.62060546875,0,-0.01922607421875,0,0.1597900390625
16.5173,0,-0.12347412109375,0,-0.1982421875,0,-0.01922607421875,0,0.1597900390625
16.5269,0,-0.12347412109375,0,-0.1982421875,0,0.08184814453125,0,0.10992431640625
16.5385,0,-0.1456298828125,0,-0.01215362548828125,0,0.08184814453125,0,0.10992431640625
16.5470,0,-0.1456298828125,0,-0.01215362548828125,0,0.0667724609375,0,0.14697265625
16.5581,0,0.035125732421875,0,-0.0155181884765625,0,0.0667724609375,0,0.14697265625
16.5663,0,0.035125732421875,0,-0.0155181884765625,0,-0.01078033447265625,0,-0.239013671875
16.5790,0,0.05908203125,0,0.020355224609375,0,-0.01078033447265625,0,-0.239013671875
16.5865,0,0.05908203125,0,0.020355224609375,0,-0.07501220703125,0,-0.239013671875
16.5996,0,0.11309814453125,0,-0.78515625,0,-0.07501220703125,0,0.09820556640625
16.6071,0,0.11309814453125,0,-0.78515625,0,-0.031982421875,0,0.09820556640625
16.6175,0,0.1492919921875,0,0.2398681640625,0,-0.031982421875,0,-0.0634765625
16.6260,0,0.1492919921875,0,0.2398681640625,0,-0.0114593505859375,0,0.1888427734375
16.6395,0,0.077880859375,0,-0.1016845703125,0,-0.0114593505859375,0,0.1888427734375
16.6477,0,0.077880859375,0,-0.1016845703125,0,0.06561279296875,0,0.2005615234375
16.6575,0,-0.101318359375,0,-0.0169219970703125,0,0.06561279296875,0,0.2005615234375
16.6661,0,-0.101318359375,0,-0.0169219970703125,0,-0.0225830078125,0,0.2005615234375
16.6800,0,-0.151611328125,0,-0.311767578125,0,-0.0225830078125,0,-0.1611328125
16.6873,0,-0.151611328125,0,-0.311767578125,0,-0.0518798828125,0,-0.1611328125
16.6988,0,-0.2037353515625,0,-0.00927734375,0,-0.0518798828125,0,0.10955810546875
16.7061,0,-0.2037353515625,0,-0.00927734375,0,0.07843017578125,0,0.10955810546875
16.7189,0,-0.23876953125,0,-0.03759765625,0,0.07843017578125,0,0.0195770263671875
16.7276,0,-0.23876953125,0,-0.03759765625,0,0.006259918212890625,0,0.0195770263671875
16.7386,0,-0.2447509765625,0,0.70458984375,0,0.006259918212890625,0,0.12042236328125
16.7479,0,-0.2447509765625,0,0.70458984375,0,0.10577392578125,0,0.12042236328125
16.7565,0,-0.2447509765625,0,0.156494140625,0,0.10577392578125,0,-0.2325439453125
16.7661,0,0.06414794921875,0,0.156494140625,0,-0.049072265625,0,-0.2325439453125
16.7769,0,0.06414794921875,0,0.316162109375,0,-0.049072265625,0,-0.09747314453125
16.7862,0,-0.29150390625,0,0.316162109375,0,-0.02117919921875,0,-0.09747314453125
16.7978,0,-0.29150390625,0,0.316162109375,0,-0.02117919921875,0,0.14697265625
16.8061,0,0.0484619140625,0,0.1641845703125,0,0.0310516357421875,0,0.14697265625
16.8185,0,0.0484619140625,0,-0.2578125,0,0.0310516357421875,0,0.09429931640625
16.8286,0,0.0284576416015625,0,-0.2578125,0,-0.0190887451171875,0,0.09429931640625
16.8389,0,0.0284576416015625,0,-0.264892578125,0,-0.0190887451171875,0,0.209228515625
16.8478,0,-0.255859375,0,-0.264892578125,0,-0.004100799560546875,0,0.209228515625
16.8580,0,-0.255859375,0,-0.435302734375,0,-0.004100799560546875,0,-0.015594482421875
16.8663,0,-0.21435546875,0,-0.435302734375,0,-0.029327392578125,0,-0.015594482421875
16.8768,0,-0.21435546875,0,-0.435302734375,0,-0.029327392578125,0,0.166015625
16.8859,0,-0.282958984375,0,-0.31494140625,0,-0.029327392578125,0,0.166015625
16.8963,0,-0.282958984375,0,-0.31494140625,0,-0.0570068359375,0,-0.06842041015625
16.9061,0,0.1162109375,0,0.46435546875,0,-0.0570068359375,0,-0.06842041015625
16.9165,0,0.1162109375,0,0.46435546875,0,0.041961669921875,0,-0.09613037109375
16.9264,0,0.07525634765625,0,-0.205078125,0,-0.0279541015625,0,-0.09613037109375
16.9398,0,0.07525634765625,0,-0.205078125,0,-0.0279541015625,0,0.049560546875
16.9478,0,0.0859375,0,-0.47216796875,0,-0.06378173828125,0,0.049560546875
16.9613,0,0.0859375,0,-0.47216796875,0,-0.06378173828125,0,0.1580810546875
16.9681,0,0.024658203125,0,-0.271484375,0,-0.06378173828125,0,0.1580810546875
16.9786,0,0.024658203125,0,-0.271484375,0,0.007160186767578125,0,0.0271148681640625
16.9862,0,0.08843994140625,0,0.29638671875,0,0.007160186767578125,0,0.0271148681640625
16.9989,0,0.08843994140625,0,0.29638671875,0,-0.08306884765625,0,0.1265869140625
17.0065,0,0.034576416015625,0,-0.4072265625,0,-0.08306884765625,0,0.1265869140625
17.0169,0,0.034576416015625,0,-0.4072265625,0,0.0721435546875,0,0.1656494140625
17.0260,0,0.08721923828125,0,-0.3408203125,0,0.0721435546875,0,0.1656494140625
17.0363,0,0.08721923828125,0,-0.3408203125,0,0.01120758056640625,0,0.1656494140625
17.0462,0,0.096435546875,0,-0.75341796875,0,0.01120758056640625,0,-0.2462158203125
17.0587,0,0.096435546875,0,-0.75341796875,0,0.039520263671875,0,-0.2462158203125
17.0666,0,-0.1439208984375,0,-0.90625,0,0.039520263671875,0,0.06231689453125
17.0812,0,-0.1439208984375,0,-0.90625,0,0.0716552734375,0,0.1717529296875
17.0865,0,0.11663818359375,0,0.42236328125,0,0.0716552734375,0,0.1717529296875
17.1015,0,0.11663818359375,0,-0.2001953125,0,0.09417724609375,0,-0.111083984375
17.1082,0,0.0986328125,0,-0.2001953125,0,0.09417724609375,0,-0.111083984375
17.1186,0,0.0986328125,0,-0.2001953125,0,-0.0287017822265625,0,-0.111083984375
17.1265,0,0.0986328125,0,-0.2568359375,0,-0.0287017822265625,0,0.11474609375
17.1387,0,0.08837890625,0,-0.2568359375,0,0.0426025390625,0,0.11474609375
17.1481,0,0.08837890625,0,0.06781005859375,0,0.0426025390625,0,-0.232666015625
17.1587,0,0.1124267578125,0,0.06781005859375,0,-0.016937255859375,0,0.17626953125
17.1665,0,-0.09051513671875,0,-0.328125,0,-0.016937255859375,0,0.17626953125
17.1775,0,-0.09051513671875,0,-0.328125,0,0.07537841796875,0,0.17626953125
17.1861,0,-0.09051513671875,0,-0.2509765625,0,0.07537841796875,0,0.1650390625
17.1970,0,0.11627197265625,0,-0.2509765625,0,-0.057525634765625,0,0.1650390625
17.2061,0,0.11627197265625,0,-0.4267578125,0,-0.057525634765625,0,0.07244873046875
17.2185,0,0.141845703125,0,-0.4267578125,0,0.0206756591796875,0,0.07244873046875
17.2266,0,0.141845703125,0,-0.35888671875,0,0.0206756591796875,0,-0.12066650390625
17.2388,0,0.049713134765625,0,-0.35888671875,0,-0.07904052734375,0,-0.12066650390625
17.2476,0,0.049713134765625,0,0.54443359375,0,-0.07904052734375,0,-0.1429443359375
17.2585,0,-0.07916259765625,0,0.54443359375,0,0.01033782958984375,0,-0.1429443359375
17.2663,0,-0.07916259765625,0,-0.1162109375,0,0.01033782958984375,0,-0.0677490234375
17.2777,0,-0.35107421875,0,-0.1162109375,0,-0.01531219482421875,0,-0.0677490234375
17.2862,0,-0.35107421875,0,-0.285400390625,0,-0.01531219482421875,0,0.15966796875
17.2991,0,-0.0340576171875,0,-0.285400390625,0,-0.0784912109375,0,0.15966796875
17.3071,0,-0.0340576171875,0,-0.285400390625,0,-0.0784912109375,0,-0.244140625
17.3174,0,-0.189697265625,0,-0.185302734375,0,0.04241943359375,0,-0.244140625
17.3263,0,-0.189697265625,0,-0.185302734375,0,0.04241943359375,0,0.194580078125
17.3363,0,-0.02978515625,0,-0.30859375,0,-0.0297088623046875,0,0.194580078125
17.3481,0,-0.02978515625,0,-0.30859375,0,-0.0297088623046875,0,0.1883544921875
17.3578,0,0.07757568359375,0,0.47314453125,0,0.017120361328125,0,0.1883544921875
17.3669,0,0.07757568359375,0,-0.57177734375,0,0.017120361328125,0,0.02783203125
17.3813,0,0.062225341796875,0,-0.57177734375,0,0.0261993408203125,0,0.02783203125
17.3864,0,0.062225341796875,0,-0.57177734375,0,0.0261993408203125,0,-0.2159423828125
17.3967,0,-0.1925048828125,0,0.2247314453125,0,0.10748291015625,0,-0.2159423828125
17.4059,0,-0.1925048828125,0,0.2247314453125,0,0.10748291015625,0,-0.10369873046875
17.4161,0,-0.0615234375,0,-0.77587890625,0,-0.03631591796875,0,-0.10369873046875
17.4260,0,-0.0615234375,0,-0.77587890625,0,-0.03631591796875,0,-0.126953125
17.4386,0,-0.08099365234375,0,-0.1302490234375,0,0.045806884765625,0,-0.126953125
17.4467,0,-0.08099365234375,0,-0.1302490234375,0,0.045806884765625,0,-0.031005859375
17.4584,0,0.02728271484375,0,-0.357177734375,0,0.05731201171875,0,-0.031005859375
17.4663,0,0.02728271484375,0,-0.357177734375,0,0.05731201171875,0,-0.2076416015625
17.4759,0,0.145751953125,0,-0.05877685546875,0,0.05731201171875,0,-0.2076416015625
17.4861,0,0.145751953125,0,-0.05877685546875,0,0.005672454833984375,0,-0.2427978515625
17.4989,0,-0.11956787109375,0,-0.02423095703125,0,0.005672454833984375,0,-0.2427978515625
17.5063,0,-0.11956787109375,0,-0.02423095703125,0,0.0828857421875,0,-0.23681640625
17.5184,0,0.150634765625,0,-0.10223388671875,0,0.0828857421875,0,-0.23681640625
17.5263,0,0.150634765625,0,-0.10223388671875,0,-0.022003173828125,0,-0.047332763671875
17.5365,0,0.071533203125,0,0.0088043212890625,0,-0.022003173828125,0,-0.047332763671875
17.5461,0,0.071533203125,0,0.0088043212890625,0,0.011962890625,0,0.1986083984375
17.5562,0,0.052825927734375,0,-0.294677734375,0,0.011962890625,0,0.1986083984375
17.5661,0,0.052825927734375,0,-0.294677734375,0,-0.0633544921875,0,0.06219482421875
17.5766,0,0.061065673828125,0,0.85009765625,0,-0.0633544921875,0,0.06219482421875
17.5861,0,0.061065673828125,0,0.85009765625,0,-0.044403076171875,0,0.1409912109375
17.5987,0,-0.10540771484375,0,-0.68701171875,0,-0.044403076171875,0,0.1409912109375
17.6063,0,-0.10540771484375,0,-0.68701171875,0,-0.052490234375,0,0.1409912109375
17.6186,0,-0.270263671875,0,0.74658203125,0,-0.052490234375,0,-0.2130126953125
17.6265,0,-0.270263671875,0,0.74658203125,0,-0.04144287109375,0,-0.2130126953125
17.6367,0,-0.270263671875,0,0.2998046875,0,-0.04144287109375,0,0.0196075439453125
17.6461,0,-0.03662109375,0,0.2998046875,0,-0.034088134765625,0,0.0196075439453125
17.6563,0,-0.03662109375,0,-0.30419921875,0,-0.034088134765625,0,-0.031280517578125
17.6659,0,-0.179931640625,0,-0.30419921875,0,0.045806884765625,0,-0.031280517578125
17.6763,0,-0.179931640625,0,-0.29052734375,0,0.045806884765625,0,-0.2108154296875
17.6861,0,-0.1566162109375,0,-0.29052734375,0,0.07354736328125,0,-0.2108154296875
17.7002,0,-0.1566162109375,0,-0.12115478515625,0,0.07354736328125,0,0.13134765625
17.7066,0,-0.06085205078125,0,-0.12115478515625,0,-0.04376220703125,0,0.13134765625
17.7187,0,-0.06085205078125,0,0.375732421875,0,-0.04376220703125,0,0.0955810546875
17.7273,0,-0.1185302734375,0,0.375732421875,0,-0.050018310546875,0,0.0955810546875
17.7385,0,-0.1185302734375,0,-0.054473876953125,0,-0.050018310546875,0,0.1558837890625
17.7475,0,0.1666259765625,0,-0.054473876953125,0,0.07135009765625,0,0.1558837890625
17.7584,0,0.1666259765625,0,0.015838623046875,0,0.07135009765625,0,0.05523681640625
17.7662,0,0.1785888671875,0,0.015838623046875,0,0.038848876953125,0,0.05523681640625
17.7768,0,0.1785888671875,0,-0.270751953125,0,0.038848876953125,0,0.0892333984375
17.7859,0,-0.157470703125,0,-0.270751953125,0,-0.02288818359375,0,0.0892333984375
17.7979,0,-0.157470703125,0,-0.7685546875,0,-0.02288818359375,0,0.212158203125
17.8061,0,-0.1680908203125,0,-0.7685546875,0,-0.086669921875,0,0.212158203125
17.8163,0,-0.1680908203125,0,-0.7685546875,0,-0.086669921875,0,-0.08746337890625
17.8263,0,-0.073974609375,0,-0.26513671875,0,0.0557861328125,0,-0.08746337890625
17.8386,0,-0.073974609375,0,0.381591796875,0,0.0557861328125,0,0.03155517578125
17.8465,0,-0.03277587890625,0,0.381591796875,0,0.0557861328125,0,0.03155517578125
17.8593,0,-0.03277587890625,0,-0.04095458984375,0,-0.09228515625,0,-0.07257080078125
17.8665,0,0.039947509765625,0,-0.04095458984375,0,0.09539794921875,0,-0.07257080078125
17.8786,0,0.039947509765625,0,-0.04095458984375,0,0.09539794921875,0,-0.1256103515625
17.8861,0,0.08544921875,0,-0.031402587890625,0,-0.052398681640625,0,-0.1256103515625
17.8995,0,0.08544921875,0,-0.031402587890625,0,-0.052398681640625,0,0.1539306640625
17.9062,0,0.1458740234375,0,-0.1300048828125,0,0.04022216796875,0,0.1539306640625
17.9174,0,0.1458740234375,0,-0.1300048828125,0,0.04022216796875,0,0.032684326171875
17.9262,0,0.0372314453125,0,0.35986328125,0,0.04022216796875,0,0.032684326171875
17.9385,0,0.0372314453125,0,0.35986328125,0,0.0107574462890625,0,-0.27734375
17.9476,0,0.1014404296875,0,-0.1385498046875,0,0.0107574462890625,0,-0.27734375
17.9580,0,0.1014404296875,0,-0.1385498046875,0,0.019500732421875,0,-0.042449951171875
17.9664,0,0.08599853515625,0,-0.25,0,0.019500732421875,0,-0.042449951171875
17.9764,0,0.08599853515625,0,-0.25,0,0.11114501953125,0,0.130859375
17.9862,0,0.066650390625,0,-0.178955078125,0,0.11114501953125,0,0.130859375
17.9970,0,0.066650390625,0,-0.178955078125,0,0.06756591796875,0,-0.2098388671875
18.0060,0,0.05865478515625,0,0.056060791015625,0,0.06756591796875,0,-0.2098388671875
18.0186,0,0.05865478515625,0,0.056060791015625,0,0.0927734375,0,0.146728515625
18.0267,0,0.05865478515625,0,-0.392578125,0,0.0927734375,0,0.146728515625
18.0388,0,-0.047943115234375,0,-0.392578125,0,0.01285552978515625,0,-0.050689697265625
18.0491,0,0.047332763671875,0,0.94921875,0,0.01285552978515625,0,-0.050689697265625
18.0582,0,0.047332763671875,0,0.94921875,0,0.0196990966796875,0,-0.050689697265625
18.0662,0,-0.1890869140625,0,0.409912109375,0,0.0196990966796875,0,0.14697265625
18.0765,0,-0.1890869140625,0,0.409912109375,0,0.0081024169921875,0,0.145263671875
18.0864,0,-0.1890869140625,0,0.94873046875,0,0.0081024169921875,0,0.145263671875
18.0977,0,0.08001708984375,0,0.94873046875,0,0.05096435546875,0,0.155517578125
18.1086,0,0.0306549072265625,0,-0.15185546875,0,0.05096435546875,0,0.155517578125
18.1186,0,0.0306549072265625,0,-0.15185546875,0,0.0516357421875,0,0.07537841796875
18.1278,0,-0.10772705078125,0,-0.341796875,0,0.0516357421875,0,0.07537841796875
18.1386,0,-0.10772705078125,0,-0.341796875,0,0.12359619140625,0,0.07537841796875
18.1473,0,-0.10772705078125,0,-0.0919189453125,0,0.12359619140625,0,0.0867919921875
18.1566,0,0.049560546875,0,-0.0919189453125,0,-0.1259765625,0,0.1158447265625
18.1663,0,0.049560546875,0,-0.2122802734375,0,-0.1259765625,0,0.1158447265625
18.1762,0,0.0220794677734375,0,-0.2122802734375,0,-0.05853271484375,0,0.1158447265625
18.1861,0,0.0220794677734375,0,-0.2327880859375,0,-0.05853271484375,0,0.2044677734375
18.1973,0,0.06500244140625,0,-0.2327880859375,0,-0.004871368408203125,0,0.2044677734375
18.2059,0,0.06500244140625,0,-0.033782958984375,0,-0.004871368408203125,0,0.1800537109375
18.2185,0,0.11328125,0,-0.033782958984375,0,-0.037750244140625,0,0.1800537109375
18.2266,0,0.11328125,0,-0.0299224853515625,0,-0.037750244140625,0,-0.0171966552734375
18.2383,0,0.07550048828125,0,-0.0299224853515625,0,0.017486572265625,0,-0.0171966552734375
18.2476,0,0.07550048828125,0,-0.094970703125,0,0.017486572265625,0,-0.1285400390625
18.2588,0,0.054718017578125,0,-0.094970703125,0,0.05853271484375,0,-0.1285400390625
18.2670,0,0.054718017578125,0,0.61767578125,0,0.05853271484375,0,-0.1864013671875
18.2786,0,-0.220947265625,0,0.61767578125,0,0.041046142578125,0,-0.1864013671875
18.2884,0,-0.220947265625,0,0.7451171875,0,0.041046142578125,0,-0.1488037109375
18.2990,0,-0.14453125,0,0.7451171875,0,0.036102294921875,0,-0.1488037109375
18.3080,0,-0.14453125,0,-0.0894775390625,0,0.036102294921875,0,0.12335205078125
18.3188,0,0.0509033203125,0,-0.0894775390625,0,0.0875244140625,0,0.12335205078125
18.3267,0,0.0509033203125,0,0.278076171875,0,0.0875244140625,0,-0.26416015625
18.3389,0,-0.1795654296875,0,0.278076171875,0,-0.04852294921875,0,-0.26416015625
18.3463,0,-0.1795654296875,0,0.278076171875,0,-0.04852294921875,0,0.055267333984375
18.3597,0,-0.236328125,0,0.152099609375,0,-0.04852294921875,0,0.055267333984375
18.3676,0,-0.236328125,0,0.310302734375,0,-0.01215362548828125,0,0.1197509765625
18.3787,0,-0.1943359375,0,0.310302734375,0,-0.0875244140625,0,0.1197509765625
18.3862,0,-0.1943359375,0,0.310302734375,0,-0.0875244140625,0,0.1488037109375
18.3992,0,-0.159912109375,0,-0.1103515625,0,0.03106689453125,0,0.1488037109375
18.4070,0,-0.159912109375,0,-0.1103515625,0,0.03106689453125,0,0.09625244140625
18.4174,0,-0.017364501953125,0,0.59912109375,0,0.03106689453125,0,0.09625244140625
18.4260,0,-0.017364501953125,0,0.59912109375,0,0.07080078125,0,-0.0251312255859375
18.4362,0,-0.047882080078125,0,0.5595703125,0,0.07080078125,0,-0.0251312255859375
18.4473,0,-0.047882080078125,0,0.5595703125,0,0.0269775390625,0,0.140380859375
18.4588,0,0.06597900390625,0,-0.2529296875,0,0.0269775390625,0,0.140380859375
18.4664,0,0.06597900390625,0,-0.2529296875,0,0.10211181640625,0,-0.058502197265625
18.4788,0,0.09075927734375,0,-0.240966796875,0,0.0458984375,0,-0.058502197265625
18.4863,0,0.09075927734375,0,-0.240966796875,0,0.0458984375,0,-0.280029296875
18.4986,0,-0.08392333984375,0,0.388671875,0,0.0458984375,0,-0.280029296875
18.5063,0,-0.08392333984375,0,0.388671875,0,0.045867919921875,0,-0.0965576171875
18.5191,0,0.11444091796875,0,-0.2415771484375,0,0.045867919921875,0,-0.0965576171875
18.5265,0,0.11444091796875,0,-0.2415771484375,0,-0.0662841796875,0,0.146240234375
18.5386,0,0.1622314453125,0,0.67626953125,0,-0.0662841796875,0,0.146240234375
18.5480,0,0.1622314453125,0,0.67626953125,0,0.04132080078125,0,-0.189453125
18.5603,0,0.0087738037109375,0,-0.406982421875,0,0.04132080078125,0,-0.189453125
18.5692,0,0.0087738037109375,0,-0.406982421875,0,0.06268310546875,0,-0.189453125
18.5767,0,-0.11993408203125,0,0.5859375,0,0.06268310546875,0,-0.1553955078125
18.5861,0,-0.11993408203125,0,0.5859375,0,0.0849609375,0,-0.1553955078125
18.5983,0,0.03900146484375,0,-0.383056640625,0,0.0849609375,0,0.0654296875
18.6067,0,0.03900146484375,0,-0.383056640625,0,0.004520416259765625,0,0.061370849609375
18.6173,0,0.12060546875,0,0.63671875,0,0.004520416259765625,0,0.061370849609375
18.6263,0,0.12060546875,0,0.63671875,0,0.039703369140625,0,0.061370849609375
18.6388,0,-0.1744384765625,0,0.03802490234375,0,0.039703369140625,0,0.1673583984375
18.6476,0,-0.1744384765625,0,0.03802490234375,0,-0.030487060546875,0,0.1673583984375
18.6590,0,-0.1744384765625,0,0.2275390625,0,-0.030487060546875,0,-0.015289306640625
18.6663,0,0.034912109375,0,0.2275390625,0,0.0107421875,0,-0.015289306640625
18.6766,0,0.034912109375,0,-0.41748046875,0,0.0107421875,0,0.0853271484375
18.6865,0,0.05078125,0,-0.41748046875,0,0.06787109375,0,0.0853271484375
18.6965,0,0.075439453125,0,-0.1917724609375,0,0.06787109375,0,0.1005859375
18.7061,0,0.075439453125,0,-0.1917724609375,0,0.01267242431640625,0,0.1005859375
18.7186,0,-0.11907958984375,0,-0.384033203125,0,0.01267242431640625,0,0.1845703125
18.7274,0,-0.11907958984375,0,-0.384033203125,0,0.0965576171875,0,0.1845703125
18.7384,0,-0.11907958984375,0,-0.05511474609375,0,0.0965576171875,0,0.1405029296875
18.7465,0,-0.09063720703125,0,-0.05511474609375,0,-0.05487060546875,0,0.1405029296875
18.7584,0,-0.09063720703125,0,-0.2176513671875,0,-0.05487060546875,0,-0.2176513671875
18.7666,0,-0.043365478515625,0,-0.2176513671875,0,-0.05487060546875,0,-0.2176513671875
18.7765,0,-0.043365478515625,0,-0.21630859375,0,0.028228759765625,0,-0.06201171875
18.7860,0,0.136962890625,0,-0.21630859375,0,0.028228759765625,0,-0.06201171875
18.7989,0,0.136962890625,0,-0.05499267578125,0,0.037017822265625,0,0.1636962890625
18.8075,0,-0.069580078125,0,-0.05499267578125,0,-0.013763427734375,0,0.1636962890625
18.8189,0,-0.069580078125,0,0.09979248046875,0,-0.013763427734375,0,-0.07989501953125
18.8295,0,0.0751953125,0,0.09979248046875,0,-0.013763427734375,0,-0.07989501953125
18.8409,0,0.0751953125,0,0.09979248046875,0,-0.08837890625,0,0.152587890625
18.8501,0,0.06475830078125,0,-0.03265380859375,0,-0.08837890625,0,0.152587890625
18.8612,0,0.06475830078125,0,0.51806640625,0,-0.060577392578125,0,-0.036041259765625
18.8669,0,-0.236083984375,0,0.51806640625,0,-0.060577392578125,0,-0.036041259765625
18.8769,0,-0.236083984375,0,0.54638671875,0,-0.030029296875,0,-0.23095703125
18.8866,0,-0.2032470703125,0,0.54638671875,0,-0.030029296875,0,-0.23095703125
18.8985,0,-0.2032470703125,0,0.54638671875,0,-0.05560302734375,0,0.1400146484375
18.9063,0,0.0845947265625,0,-0.06683349609375,0,-0.05560302734375,0,0.1400146484375
18.9208,0,0.0845947265625,0,-0.06683349609375,0,-0.08087158203125,0,-0.12396240234375
18.9274,0,-0.1654052734375,0,0.043212890625,0,-0.08087158203125,0,-0.12396240234375
18.9383,0,-0.1654052734375,0,0.043212890625,0,0.0201873779296875,0,0.02978515625
18.9464,0,0.09814453125,0,0.787109375,0,0.0201873779296875,0,0.02978515625
18.9566,0,0.09814453125,0,0.787109375,0,0.02703857421875,0,-0.254638671875
18.9663,0,0.052703857421875,0,-0.33203125,0,0.02703857421875,0,-0.254638671875
18.9763,0,0.052703857421875,0,-0.33203125,0,-0.06866455078125,0,-0.08428955078125
18.9858,0,-0.09039306640625,0,0.46533203125,0,-0.06866455078125,0,-0.08428955078125
18.9992,0,-0.09039306640625,0,0.46533203125,0,0.05517578125,0,-0.2001953125
19.0065,0,0.140380859375,0,0.546875,0,0.05517578125,0,-0.2001953125
19.0181,0,0.140380859375,0,0.546875,0,0.079345703125,0,-0.2001953125
19.0262,0,-0.1070556640625,0,0.0277557373046875,0,0.079345703125,0,-0.07086181640625
19.0385,0,-0.1070556640625,0,0.0277557373046875,0,0.0257415771484375,0,-0.07086181640625
19.0470,0,0.13525390625,0,0.01158905029296875,0,0.0257415771484375,0,0.08203125
19.0576,0,0.13525390625,0,0.01158905029296875,0,-0.0677490234375,0,0.1500244140625
19.0665,0,0.08770751953125,0,-0.188232421875,0,-0.0677490234375,0,0.1500244140625
19.0764,0,0.08770751953125,0,-0.188232421875,0,0.02532958984375,0,0.1500244140625
19.0860,0,-0.1658935546875,0,-0.384521484375,0,0.02532958984375,0,-0.0360107421875
19.0964,0,-0.1658935546875,0,-0.384521484375,0,0.01338958740234375,0,-0.0360107421875
19.1058,0,-0.1658935546875,0,0.007450103759765625,0,0.01338958740234375,0,0.1727294921875
19.1193,0,-0.1688232421875,0,0.007450103759765625,0,0.04486083984375,0,0.1727294921875
19.1272,0,-0.053863525390625,0,0.307373046875,0,0.04486083984375,0,-0.0579833984375
19.1383,0,-0.053863525390625,0,0.307373046875,0,-0.01739501953125,0,-0.0579833984375
19.1463,0,0.0814208984375,0,-0.219482421875,0,-0.01739501953125,0,0.12078857421875
19.1585,0,0.0814208984375,0,-0.219482421875,0,0.03350830078125,0,0.12078857421875
19.1670,0,0.095458984375,0,-0.436767578125,0,0.03350830078125,0,0.1929931640625
19.1769,0,0.095458984375,0,-0.436767578125,0,0.01239013671875,0,0.1929931640625
19.1862,0,0.095458984375,0,-0.323974609375,0,0.01239013671875,0,0.12481689453125
19.1965,0,0.0728759765625,0,-0.323974609375,0,0.01239013671875,0,0.12481689453125
19.2062,0,0.0728759765625,0,0.52587890625,0,-0.041900634765625,0,-0.051910400390625
19.2188,0,0.059661865234375,0,0.52587890625,0,0.0181121826171875,0,-0.051910400390625
19.2265,0,0.059661865234375,0,0.2939453125,0,0.0181121826171875,0,0.1060791015625
19.2390,0,0.140625,0,0.2939453125,0,0.0565185546875,0,0.1060791015625
19.2468,0,0.140625,0,-0.5751953125,0,0.0565185546875,0,-0.06903076171875
19.2581,0,0.01300811767578125,0,-0.5751953125,0,0.0565185546875,0,-0.06903076171875
19.2681,0,0.01300811767578125,0,-0.42333984375,0,0.06744384765625,0,-0.23681640625
19.2786,0,0.10845947265625,0,-0.42333984375,0,0.06744384765625,0,-0.23681640625
19.2874,0,0.10845947265625,0,0.395263671875,0,-0.054290771484375,0,-0.0723876953125
19.2978,0,0.06451416015625,0,0.395263671875,0,-0.054290771484375,0,-0.0723876953125
19.3063,0,0.06451416015625,0,0.02960205078125,0,0.03125,0,0.152099609375
19.3198,0,-0.25244140625,0,0.02960205078125,0,0.03125,0,0.152099609375
19.3267,0,-0.25244140625,0,-0.3623046875,0,-0.05987548828125,0,-0.138916015625
19.3370,0,0.100830078125,0,-0.3623046875,0,-0.05987548828125,0,-0.138916015625
19.3464,0,0.100830078125,0,-0.3623046875,0,0.054534912109375,0,0.030609130859375
19.3598,0,0.06976318359375,0,0.5517578125,0,0.054534912109375,0,0.030609130859375
19.3686,0,0.06976318359375,0,0.5517578125,0,-0.035919189453125,0,0.11175537109375
19.3796,0,-0.118408203125,0,-0.2344970703125,0,-0.035919189453125,0,0.11175537109375
19.3879,0,-0.118408203125,0,-0.2344970703125,0,0.01161956787109375,0,-0.18212890625
19.3988,0,0.042144775390625,0,-0.252685546875,0,0.01161956787109375,0,-0.18212890625
19.4064,0,0.042144775390625,0,-0.252685546875,0,0.021087646484375,0,0.1734619140625
19.4188,0,0.11309814453125,0,-0.1246337890625,0,0.021087646484375,0,0.1734619140625
19.4267,0,0.11309814453125,0,-0.1246337890625,0,0.08734130859375,0,0.1734619140625
19.4383,0,0.049285888671875,0,-0.35498046875,0,0.08734130859375,0,-0.221923828125
19.4466,0,0.049285888671875,0,-0.35498046875,0,-0.001983642578125,0,-0.271484375
19.4568,0,-0.227294921875,0,-0.021575927734375,0,-0.001983642578125,0,-0.271484375
19.4671,0,-0.227294921875,0,-0.021575927734375,0,0.046844482421875,0,0.12469482421875
19.4762,0,0.08721923828125,0,0.33740234375,0,0.046844482421875,0,0.12469482421875
19.4860,0,0.08721923828125,0,0.33740234375,0,0.04656982421875,0,0.12469482421875
19.4985,0,-0.203369140625,0,0.298095703125,0,0.04656982421875,0,-0.09027099609375
19.5064,0,-0.203369140625,0,0.298095703125,0,0.035675048828125,0,-0.09027099609375
19.5192,0,0.06158447265625,0,-0.47900390625,0,0.035675048828125,0,0.09979248046875
19.5267,0,0.06158447265625,0,-0.47900390625,0,-0.12158203125,0,0.09979248046875
19.5387,0,-0.21728515625,0,-0.0853271484375,0,-0.12158203125,0,-0.1322021484375
19.5468,0,-0.21728515625,0,-0.0853271484375,0,0.00933074951171875,0,-0.1322021484375
19.5599,0,-0.21728515625,0,-0.2919921875,0,0.00933074951171875,0,-0.200927734375
19.5675,0,-0.2191162109375,0,-0.2919921875,0,0.040679931640625,0,-0.200927734375
19.5798,0,-0.155517578125,0,0.291015625,0,0.040679931640625,0,0.1588134765625
19.5864,0,-0.155517578125,0,0.291015625,0,0.057403564453125,0,0.1588134765625
19.5989,0,0.07623291015625,0,0.417236328125,0,0.057403564453125,0,-0.160400390625
19.6089,0,0.07623291015625,0,0.417236328125,0,0.049530029296875,0,-0.160400390625
19.6177,0,0.07623291015625,0,-0.2286376953125,0,0.049530029296875,0,0.0966796875
19.6262,0,-0.1446533203125,0,-0.2286376953125,0,0.0283355712890625,0,0.0966796875
19.6371,0,-0.1446533203125,0,-0.448486328125,0,0.0283355712890625,0,-0.12353515625
19.6462,0,-0.10284423828125,0,-0.448486328125,0,0.060302734375,0,-0.12353515625
19.6588,0,-0.10284423828125,0,-0.79931640625,0,0.060302734375,0,-0.07818603515625
19.6678,0,0.050689697265625,0,-0.79931640625,0,0.0262908935546875,0,-0.07818603515625
19.6780,0,0.050689697265625,0,-0.79931640625,0,0.0262908935546875,0,0.2197265625
19.6862,0,0.0994873046875,0,0.322265625,0,0.036376953125,0,0.2197265625
19.6966,0,0.0994873046875,0,-0.1126708984375,0,0.036376953125,0,-0.074951171875
19.7058,0,0.11029052734375,0,-0.1126708984375,0,0.036376953125,0,-0.074951171875
19.7164,0,0.11029052734375,0,0.475341796875,0,0.067626953125,0,-0.264892578125
19.7262,0,-0.15576171875,0,0.475341796875,0,0.0650634765625,0,-0.264892578125
19.7365,0,-0.15576171875,0,0.475341796875,0,0.0650634765625,0,-0.1630859375
19.7463,0,0.117919921875,0,-0.32763671875,0,0.07281494140625,0,-0.1630859375
19.7585,0,0.117919921875,0,-0.32763671875,0,0.07281494140625,0,-0.283935546875
19.7674,0,0.012542724609375,0,-0.4169921875,0,0.07281494140625,0,-0.283935546875
19.7784,0,0.012542724609375,0,-0.4169921875,0,-0.030792236328125,0,-0.254638671875
19.7864,0,0.09844970703125,0,0.01213836669921875,0,-0.030792236328125,0,-0.254638671875
19.8009,0,0.09844970703125,0,0.01213836669921875,0,-0.06829833984375,0,0.0810546875
19.8034,0,0.1422119140625,0,0.408203125,0,0.0526123046875,0,0.0810546875
19.8189,0,0.1422119140625,0,0.408203125,0,0.0526123046875,0,0.0841064453125
19.8302,0,-0.2252197265625,0,0.91015625,0,0.0526123046875,0,0.0841064453125
19.8404,0,-0.2252197265625,0,0.91015625,0,0.0272064208984375,0,0.174072265625
19.8483,0,-0.00977325439453125,0,-0.19873046875,0,0.0272064208984375,0,0.174072265625
19.8584,0,-0.00977325439453125,0,-0.19873046875,0,0.050933837890625,0,-0.20703125
19.8674,0,0.01678466796875,0,-0.302490234375,0,0.050933837890625,0,-0.20703125
19.8791,0,0.01678466796875,0,-0.302490234375,0,0.046875,0,-0.03240966796875
19.8864,0,-0.220458984375,0,0.29150390625,0,0.046875,0,-0.03240966796875
19.8996,0,-0.220458984375,0,0.29150390625,0,0.018280029296875,0,0.1893310546875
19.9073,0,-0.224853515625,0,0.459716796875,0,0.018280029296875,0,0.1893310546875
19.9186,0,-0.224853515625,0,0.459716796875,0,0.04888916015625,0,0.1893310546875
19.9269,0,-0.0718994140625,0,-0.45654296875,0,0.04888916015625,0,0.09844970703125
19.9387,0,-0.0718994140625,0,-0.45654296875,0,-0.0556640625,0,0.09844970703125
19.9472,0,-0.1641845703125,0,-0.287841796875,0,-0.0556640625,0,0.2264404296875
19.9572,0,-0.1641845703125,0,-0.287841796875,0,0.089111328125,0,0.2264404296875
19.9662,0,0.08245849609375,0,-0.343505859375,0,0.089111328125,0,-0.2015380859375
19.9763,0,0.08245849609375,0,-0.343505859375,0,0.083251953125,0,-0.2015380859375
19.9861,0,0.06121826171875,0,-0.07733154296875,0,0.083251953125,0,0.11004638671875
19.9964,0,0.06121826171875,0,-0.07733154296875,0,0.0323486328125,0,0.11004638671875
20.0059,0,0.0941162109375,0,-0.0474853515625,0,0.0323486328125,0,0.1285400390625
20.0187,0,0.0941162109375,0,-0.0474853515625,0,0.0841064453125,0,0.1285400390625
20.0261,0,0.1439208984375,0,0.5302734375,0,0.0841064453125,0,0.1697998046875
20.0387,0,0.1439208984375,0,0.5302734375,0,-0.052459716796875,0,0.1697998046875
20.0465,0,-0.11614990234375,0,-0.185546875,0,-0.052459716796875,0,-0.057861328125
20.0564,0,-0.11614990234375,0,-0.185546875,0,-0.04449462890625,0,-0.057861328125
20.0667,0,0.09979248046875,0,-0.060791015625,0,-0.04449462890625,0,-0.1268310546875
20.0771,0,0.09979248046875,0,-0.060791015625,0,-0.045440673828125,0,-0.1268310546875
20.0861,0,0.09979248046875,0,-0.01131439208984375,0,-0.045440673828125,0,0.0445556640625
20.1002,0,-0.2467041015625,0,-0.01131439208984375,0,0.147705078125,0,0.0445556640625
20.1061,0,-0.2467041015625,0,-0.2156982421875,0,0.147705078125,0,0.1199951171875
20.1198,0,-0.057830810546875,0,-0.2156982421875,0,0.005126953125,0,0.053314208984375
20.1265,0,-0.057830810546875,0,-0.48046875,0,0.005126953125,0,0.053314208984375
20.1368,0,-0.04791259765625,0,-0.48046875,0,0.1085205078125,0,0.053314208984375
20.1471,0,-0.04791259765625,0,-0.19091796875,0,0.1085205078125,0,0.016571044921875
20.1565,0,0.06878662109375,0,-0.19091796875,0,0.005336761474609375,0,0.016571044921875
20.1665,0,0.06878662109375,0,0.07891845703125,0,0.005336761474609375,0,0.1480712890625
20.1785,0,-0.10467529296875,0,0.07891845703125,0,-0.056304931640625,0,0.1480712890625
20.1873,0,-0.10467529296875,0,0.07891845703125,0,-0.056304931640625,0,0.0721435546875
20.1994,0,0.0400390625,0,-0.361572265625,0,0.058441162109375,0,0.0721435546875
20.2065,0,0.0400390625,0,-0.361572265625,0,0.058441162109375,0,-0.0777587890625
20.2168,0,-0.058746337890625,0,-0.401611328125,0,-0.02154541015625,0,-0.0777587890625
20.2263,0,-0.058746337890625,0,-0.2388916015625,0,-0.02154541015625,0,0.1405029296875
20.2366,0,-0.22607421875,0,-0.2388916015625,0,-0.02154541015625,0,0.1405029296875
20.2459,0,-0.22607421875,0,-0.2388916015625,0,0.00482177734375,0,0.054534912109375
20.2567,0,0.06732177734375,0,-0.33056640625,0,-0.09710693359375,0,0.054534912109375
20.2643,0,0.06732177734375,0,-0.33056640625,0,-0.09710693359375,0,0.081787109375
20.2786,0,-0.04718017578125,0,-0.3359375,0,0.026702880859375,0,0.081787109375
20.2875,0,-0.04718017578125,0,-0.3359375,0,0.026702880859375,0,0.0831298828125
20.2995,0,0.1593017578125,0,-0.14404296875,0,0.026702880859375,0,0.0831298828125
20.3064,0,0.1593017578125,0,-0.14404296875,0,0.0110321044921875,0,0.0831298828125
20.3190,0,-0.2578125,0,-0.314453125,0,0.0110321044921875,0,0.05877685546875
20.3283,0,-0.2578125,0,-0.314453125,0,0.01131439208984375,0,-0.07379150390625
20.3387,0,-0.1243896484375,0,-0.025543212890625,0,0.01131439208984375,0,-0.07379150390625
20.3464,0,-0.1243896484375,0,-0.025543212890625,0,0.054229736328125,0,0.06817626953125
20.3568,0,0.1319580078125,0,0.6845703125,0,0.054229736328125,0,0.06817626953125
20.3662,0,0.1319580078125,0,0.6845703125,0,0.060455322265625,0,0.06817626953125
20.3778,0,0.1597900390625,0,-0.330810546875,0,0.060455322265625,0,0.050445556640625
20.3862,0,0.1597900390625,0,-0.330810546875,0,0.032958984375,0,0.050445556640625
20.3963,0,-0.10986328125,0,-0.21240234375,0,0.032958984375,0,-0.1373291015625
20.4058,0,-0.10986328125,0,-0.21240234375,0,0.07489013671875,0,-0.1373291015625
20.4186,0,0.044586181640625,0,-0.07904052734375,0,0.07489013671875,0,-0.0958251953125
20.4262,0,0.044586181640625,0,-0.07904052734375,0,-0.03021240234375,0,-0.0958251953125
20.4386,0,0.050567626953125,0,0.228759765625,0,-0.03021240234375,0,-0.0511474609375
20.4468,0,0.050567626953125,0,0.228759765625,0,-0.07916259765625,0,-0.0511474609375
20.4584,0,-0.2308349609375,0,-0.140380859375,0,-0.07916259765625,0,0.0633544921875
20.4666,0,-0.2308349609375,0,-0.140380859375,0,-0.0341796875,0,0.0633544921875
20.4765,0,0.09564208984375,0,0.4599609375,0,-0.0341796875,0,0.1826171875
20.4866,0,0.09564208984375,0,0.4599609375,0,0.11590576171875,0,0.1826171875
20.4970,0,0.11260986328125,0,0.52978515625,0,0.11590576171875,0,-0.02447509765625
20.5062,0,0.11260986328125,0,0.52978515625,0,-0.035980224609375,0,-0.02447509765625
20.5195,0,0.11260986328125,0,0.29150390625,0,-0.035980224609375,0,0.155029296875
20.5259,0,0.083740234375,0,0.29150390625,0,-0.0281524658203125,0,0.155029296875
20.5387,0,0.083740234375,0,0.497314453125,0,-0.0281524658203125,0,0.1600341796875
20.5466,0,0.07464599609375,0,0.497314453125,0,0.054962158203125,0,0.1600341796875
20.5561,0,0.07464599609375,0,0.497314453125,0,0.054962158203125,0,-0.06744384765625
20.5647,0,0.14697265625,0,-0.265380859375,0,-0.0341796875,0,-0.06744384765625
20.5784,0,0.14697265625,0,-0.1129150390625,0,-0.0341796875,0,-0.23095703125
20.5864,0,-0.2398681640625,0,-0.1129150390625,0,0.0135345458984375,0,-0.23095703125
20.5988,0,-0.2398681640625,0,0.2349853515625,0,0.0135345458984375,0,-0.09429931640625
20.6065,0,-0.2021484375,0,0.2349853515625,0,0.0135345458984375,0,-0.09429931640625
20.6188,0,-0.2021484375,0,-0.43798828125,0,0.0233154296875,0,0.15380859375
20.6260,0,0.054351806640625,0,-0.43798828125,0,-0.021514892578125,0,0.15380859375
20.6371,0,0.054351806640625,0,-0.2447509765625,0,-0.021514892578125,0,-0.1800537109375
20.6463,0,0.1397705078125,0,-0.2447509765625,0,0.038909912109375,0,-0.1800537109375
20.6585,0,0.1397705078125,0,-0.2447509765625,0,0.038909912109375,0,0.045379638671875
20.6685,0,0.117431640625,0,-0.1461181640625,0,0.038909912109375,0,0.045379638671875
20.6786,0,0.117431640625,0,-0.1461181640625,0,-0.0200347900390625,0,-0.2225341796875
20.6878,0,0.0789794921875,0,-0.378662109375,0,-0.0200347900390625,0,-0.2225341796875
20.6998,0,0.0789794921875,0,-0.378662109375,0,-0.0806884765625,0,-0.08721923828125
20.7069,0,-0.3447265625,0,0.1451416015625,0,-0.0626220703125,0,-0.08721923828125
20.7171,0,-0.3447265625,0,0.1451416015625,0,-0.0626220703125,0,-0.08172607421875
20.7263,0,0.1446533203125,0,0.6181640625,0,0.0672607421875,0,-0.08172607421875
20.7373,0,0.1446533203125,0,0.6181640625,0,0.0672607421875,0,-0.0758056640625
20.7470,0,0.1314697265625,0,0.447021484375,0,0.0672607421875,0,-0.0758056640625
20.7584,0,0.1314697265625,0,0.447021484375,0,0.061981201171875,0,-0.0758056640625
20.7664,0,0.080810546875,0,-0.278564453125,0,0.061981201171875,0,-0.27978515625
20.7788,0,0.080810546875,0,-0.278564453125,0,-0.09918212890625,0,-0.27978515625
20.7868,0,-0.2626953125,0,0.68603515625,0,-0.09918212890625,0,-0.059295654296875
20.7987,0,-0.2626953125,0,0.68603515625,0,0.09033203125,0,-0.059295654296875
20.8064,0,-0.0078277587890625,0,0.2467041015625,0,0.09033203125,0,0.16748046875
20.8185,0,-0.0078277587890625,0,0.2467041015625,0,0.0021038055419921875,0,0.16748046875
20.8283,0,-0.239990234375,0,0.496337890625,0,0.037994384765625,0,0.14453125
20.8402,0,-0.239990234375,0,0.496337890625,0,0.037994384765625,0,0.1700439453125
20.8483,0,-0.1844482421875,0,-0.019744873046875,0,0.037994384765625,0,0.1700439453125
20.8583,0,-0.1844482421875,0,-0.019744873046875,0,-0.0511474609375,0,0.1700439453125
20.8671,0,0.04327392578125,0,-0.162353515625,0,-0.0511474609375,0,-0.2734375
20.8794,0,0.04327392578125,0,-0.162353515625,0,0.0247955322265625,0,-0.2734375
20.8875,0,0.04327392578125,0,-0.44482421875,0,0.0247955322265625,0,-0.09564208984375
20.9030,0,-0.09124755859375,0,-0.44482421875,0,0.02825927734375,0,3.1640625
20.9112,0,4.703125,0,3.869140625,0,0.02825927734375,0,3.1640625
20.9231,0,4.703125,0,3.869140625,12,3.703125,0,3.603515625
20.9319,0,4.703125,22,0.39990234375,12,3.703125,0,3.603515625
20.9442,3,2.880859375,22,0.39990234375,27,1.3798828125,40,-1.66015625
20.9542,3,2.880859375,44,-0.51123046875,27,1.3798828125,40,-1.66015625
20.9639,22,1.3955078125,44,-0.51123046875,37,0.435546875,40,-1.66015625
20.9716,22,1.3955078125,59,0.744140625,37,0.435546875,71,2.115234375
20.9826,43,-0.412109375,59,0.744140625,43,0.07177734375,71,2.115234375
20.9912,43,-0.412109375,0,-0.0743408203125,43,0.07177734375,29,3.830078125
21.0022,49,-0.122802734375,0,-0.0743408203125,48,-0.1529541015625,29,3.830078125
21.0106,49,-0.122802734375,2,3.109375,48,-0.1529541015625,18,2.146484375
21.0216,1,4.9140625,2,3.109375,48,-0.1004638671875,18,2.146484375
21.0361,1,4.9140625,2,3.109375,48,-0.1004638671875,67,2.73046875
21.0430,19,1.208984375,43,1.2919921875,42,0.71484375,67,2.73046875
21.0513,19,1.208984375,43,1.2919921875,42,0.71484375,65,-0.89306640625
21.0628,49,-0.81982421875,60,-1.16796875,8,5.9609375,65,-0.89306640625
21.0709,49,-0.81982421875,60,-1.16796875,8,5.9609375,7,3.08203125
21.0820,48,0.278564453125,57,0.60693359375,6,2.9375,7,3.08203125
21.0910,48,0.278564453125,57,0.60693359375,6,2.9375,52,-1.9892578125
21.1022,27,2.1171875,35,2.2421875,52,2.18359375,52,-1.9892578125
21.1107,27,2.1171875,35,2.2421875,52,2.18359375,62,-0.9677734375
21.1218,21,2.24609375,10,3.279296875,56,0.459716796875,62,-0.9677734375
21.1303,21,2.24609375,10,3.279296875,56,0.459716796875,68,-1.8798828125
21.1424,21,2.021484375,17,2.19921875,55,0.454833984375,68,-1.8798828125
21.1530,21,2.021484375,17,2.19921875,55,0.454833984375,59,0.314208984375
21.1638,33,0.5751953125,57,1.8125,30,2.283203125,59,0.314208984375
21.1732,33,0.5751953125,57,1.8125,30,2.283203125,-3,3.662109375
21.1844,36,1.0546875,60,0.7158203125,30,2.283203125,-3,3.662109375
21.1937,36,1.0546875,60,0.7158203125,25,1.6337890625,20,0.65576171875
21.2048,5,3.0703125,23,2.890625,37,0.220703125,20,0.65576171875
21.2132,5,3.0703125,23,2.890625,37,0.220703125,64,-2.3515625
21.2243,37,-0.5625,38,-0.1114501953125,54,1.140625,64,-2.3515625
21.2330,37,-0.5625,38,-0.1114501953125,54,1.140625,64,-1.2724609375
21.2439,55,0.80322265625,51,-0.7578125,52,0.34423828125,64,-1.2724609375
21.2531,55,0.80322265625,51,-0.7578125,52,0.34423828125,40,1.8740234375
21.2635,38,1.6142578125,43,0.8291015625,52,0.34423828125,40,1.8740234375
21.2723,38,1.6142578125,43,0.8291015625,37,1.6767578125,27,1.5712890625
21.2849,21,2.427734375,21,1.8974609375,6,3.1875,27,1.5712890625
21.2916,21,2.427734375,21,1.8974609375,6,3.1875,50,-0.67919921875
21.3028,23,1.9599609375,52,-1.427734375,6,3.1875,50,-0.67919921875
21.3124,23,1.9599609375,52,-1.427734375,23,1.08984375,50,-0.67919921875
21.3234,31,0.47021484375,55,-0.7080078125,23,1.08984375,58,0.783203125
21.3322,31,0.47021484375,55,-0.7080078125,57,1.3291015625,6,5.125
21.3432,26,1.88671875,44,0.71826171875,57,1.3291015625,6,5.125
21.3521,26,1.88671875,44,0.71826171875,54,-0.0963134765625,6,5.125
21.3627,25,1.80859375,13,3.1640625,54,-0.0963134765625,27,0.152587890625
21.3713,25,1.80859375,13,3.1640625,54,0.4287109375,27,0.152587890625
21.3824,25,1.80859375,34,-0.1885986328125,54,0.4287109375,62,-1.7158203125
21.3918,32,1.1357421875,34,-0.1885986328125,31,2.25,62,-1.7158203125
21.4031,32,1.1357421875,34,-0.1885986328125,31,2.25,68,1.4228515625
21.4163,48,0.427978515625,61,1.2744140625,15,2.5859375,68,1.4228515625
21.4242,48,0.427978515625,61,1.2744140625,15,2.5859375,23,4.8125
21.4327,9,6.1953125,56,-0.036651611328125,30,0.479248046875,23,4.8125
21.4439,9,6.1953125,11,3.591796875,30,0.479248046875,30,1.22265625
21.4529,3,3.42578125,11,3.591796875,59,1.8447265625,30,1.22265625
21.4635,3,3.42578125,38,-0.544921875,59,1.8447265625,55,-1.4794921875
21.4719,44,-1.125,38,-0.544921875,50,0.338623046875,55,-1.4794921875
21.4835,44,-1.125,59,-1.0810546875,50,0.338623046875,63,-1.173828125
21.4927,62,0.63232421875,59,-1.0810546875,29,4.6015625,63,-1.173828125
21.5044,62,0.63232421875,59,-1.0810546875,29,4.6015625,33,2.6796875
21.5128,8,6.15625,54,-0.297119140625,31,1.4970703125,33,2.6796875
21.5238,8,6.15625,54,-0.297119140625,31,1.4970703125,12,3.033203125
21.5320,22,1.619140625,18,2.345703125,45,-0.403076171875,12,3.033203125
21.5434,22,1.619140625,18,2.345703125,45,-0.403076171875,51,-2.09375
21.5541,51,-0.92626953125,44,-0.73388671875,51,0.287109375,51,-2.09375
21.5632,51,-0.92626953125,44,-0.73388671875,51,0.287109375,63,-1.2392578125
21.5714,54,-0.28466796875,54,-0.3486328125,51,0.287109375,63,-1.2392578125
21.5836,54,-0.28466796875,54,-0.3486328125,42,0.55517578125,24,4.44921875
21.5921,27,3.064453125,53,-0.06732177734375,32,0.974609375,24,4.44921875
21.6036,27,3.064453125,53,-0.06732177734375,32,0.974609375,39,-0.10064697265625
21.6114,18,2.537109375,15,3.71484375,43,-0.0653076171875,39,-0.10064697265625
21.6228,18,2.537109375,15,3.71484375,43,-0.0653076171875,57,-1.013671875
21.6314,45,1.2646484375,32,0.458251953125,43,-0.0653076171875,57,-1.013671875
21.6421,45,1.2646484375,32,0.458251953125,52,0.256591796875,54,0.25830078125
21.6510,57,0.5322265625,60,1.3330078125,40,0.7744140625,54,0.25830078125
21.6622,57,0.5322265625,60,1.3330078125,40,0.7744140625,46,0.5322265625
21.6703,1,4.859375,59,-0.40625,25,1.8291015625,46,0.5322265625
21.6816,1,4.859375,59,-0.40625,25,1.8291015625,32,1.2724609375
21.6907,28,0.35498046875,13,4.10546875,45,-0.41357421875,32,1.2724609375
21.7042,28,0.35498046875,13,4.10546875,45,-0.41357421875,41,0.1827392578125
21.7103,55,-0.67919921875,35,-0.0814208984375,45,-0.41357421875,41,0.1827392578125
21.7216,55,-0.67919921875,35,-0.0814208984375,54,0.392822265625,54,-0.86767578125
21.7301,63,0.6806640625,57,-0.4501953125,54,0.392822265625,54,-0.86767578125
21.7413,63,0.6806640625,57,-0.4501953125,36,2.0625,56,-0.59912109375
21.7513,34,3.171875,57,0.1724853515625,36,2.0625,56,-0.59912109375
21.7608,34,3.171875,57,0.1724853515625,42,0.7255859375,35,1.8935546875
21.7692,34,3.171875,13,4.2578125,42,0.7255859375,35,1.8935546875
21.7802,8,4.09375,13,4.2578125,41,0.77783203125,10,3.53515625
21.7902,8,4.09375,37,-0.258544921875,41,0.77783203125,10,3.53515625
21.8015,2,3.626953125,37,-0.258544921875,45,0.0848388671875,31,0.1201171875
21.8095,2,3.626953125,60,-0.89990234375,45,0.0848388671875,31,0.1201171875
21.8211,45,-1.3955078125,60,-0.89990234375,48,0.175048828125,65,-1.642578125
21.8323,45,-1.3955078125,55,0.193115234375,48,0.175048828125,65,-1.642578125
21.8424,60,-0.564453125,55,0.193115234375,0,6.7578125,46,0.8212890625
21.8513,60,-0.564453125,19,2.328125,0,6.7578125,46,0.8212890625
21.8621,61,0.51904296875,19,2.328125,30,0.067138671875,41,0.59716796875
21.8708,61,0.51904296875,44,-0.354248046875,30,0.067138671875,41,0.59716796875
21.8819,27,3.26171875,44,-0.354248046875,55,0.9404296875,52,-0.53125
21.8910,27,3.26171875,56,-0.671875,55,0.9404296875,52,-0.53125
21.9034,8,3.765625,56,-0.671875,74,2.14453125,50,-0.0198211669921875
21.9122,8,3.765625,55,-0.08782958984375,74,2.14453125,50,-0.0198211669921875
21.9233,21,1.36328125,55,-0.08782958984375,19,1.9169921875,50,-0.0198211669921875
21.9318,21,1.36328125,12,4.34375,19,1.9169921875,46,0.4052734375
21.9430,48,0.1837158203125,12,4.34375,55,0.76904296875,16,2.86328125
21.9514,48,0.1837158203125,29,1.056640625,55,0.76904296875,16,2.86328125
21.9627,51,0.169921875,29,1.056640625,63,1.2060546875,48,-1.1328125
21.9709,51,0.169921875,60,-1.68359375,63,1.2060546875,48,-1.1328125
21.9822,30,1.1533203125,60,-1.68359375,78,3.5390625,48,-1.1328125
21.9904,30,1.1533203125,58,-0.031036376953125,78,3.5390625,64,-1.4052734375
22.0020,9,2.89453125,58,-0.031036376953125,5,5.74609375,64,-1.4052734375
22.0100,9,2.89453125,15,3.228515625,5,5.74609375,38,2.962890625
22.0214,55,1.9287109375,15,3.228515625,18,1.6201171875,38,2.962890625
22.0299,55,1.9287109375,44,-0.6572265625,18,1.6201171875,41,0.501953125
22.0408,59,0.041473388671875,44,-0.6572265625,57,1.0126953125,41,0.501953125
22.0495,59,0.041473388671875,44,-0.6572265625,57,1.0126953125,49,-0.1380615234375
22.0604,57,0.052734375,54,-0.43017578125,62,0.98486328125,49,-0.1380615234375
22.0689,57,0.052734375,53,-0.1492919921875,62,0.98486328125,50,-0.263916015625
22.0797,14,4.1796875,53,-0.1492919921875,76,3.166015625,50,-0.263916015625
22.0903,14,4.1796875,19,2.732421875,76,3.166015625,45,0.451171875
22.1052,15,2.7109375,19,2.732421875,2,7.59765625,45,0.451171875
22.1113,15,2.7109375,49,-1.39453125,2,7.59765625,43,0.388427734375
22.1225,60,2.15234375,49,-1.39453125,14,2.232421875,43,0.388427734375
22.1326,60,2.15234375,49,-1.39453125,14,2.232421875,43,0.486572265625
22.1434,59,-0.498291015625,56,-0.057373046875,55,1.1259765625,43,0.486572265625
22.1595,17,5.3515625,55,-0.11138916015625,62,0.93212890625,42,0.501953125
22.1701,17,5.3515625,9,4.12109375,62,0.93212890625,47,0.156494140625
22.1818,30,1.1328125,9,4.12109375,56,-0.07196044921875,47,0.156494140625
22.1877,30,1.1328125,9,4.12109375,56,-0.07196044921875,48,0.26904296875
22.1938,30,1.1328125,30,0.171142578125,56,-0.07196044921875,48,0.26904296875
22.2092,57,-1.1328125,30,0.171142578125,-3,0.51513671875,48,0.26904296875
22.2137,57,-1.1328125,66,1.990234375,-3,0.51513671875,48,0.1165771484375
22.2259,58,0.1932373046875,66,1.990234375,0,3.255859375,48,0.1165771484375
22.2356,58,0.1932373046875,66,1.990234375,0,3.255859375,39,0.8896484375
22.2460,28,3.27734375,59,-0.1842041015625,35,-0.12371826171875,39,0.8896484375
22.2531,28,3.27734375,56,0.18701171875,35,-0.12371826171875,43,0.268798828125
22.2662,18,2.7578125,56,0.18701171875,60,1.3349609375,43,0.268798828125
22.2726,18,2.7578125,16,3.890625,60,1.3349609375,51,-0.216796875
22.2853,53,-1.2783203125,16,3.890625,60,0.7119140625,51,-0.216796875
22.2945,53,-1.2783203125,16,3.890625,60,0.7119140625,52,-0.128662109375
22.3048,55,0.412353515625,8,3.22265625,72,2.033203125,52,-0.128662109375
22.3150,55,0.412353515625,8,3.22265625,72,2.033203125,21,2.9453125
22.3243,54,0.29443359375,45,-1.212890625,3,5.828125,21,2.9453125
22.3328,54,0.29443359375,64,-1.48046875,3,5.828125,39,0.1708984375
22.3439,2,6.96484375,64,-1.48046875,14,2.15234375,39,0.1708984375
22.3545,2,6.96484375,64,-1.48046875,14,2.15234375,59,-0.9580078125
22.3644,27,1.0556640625,57,-0.1636962890625,57,1.22265625,59,-0.9580078125
22.3738,27,1.0556640625,57,-0.1636962890625,57,1.22265625,59,-0.366455078125
22.3851,65,-1.9462890625,54,-0.10882568359375,64,1.1748046875,59,-0.366455078125
22.3928,65,-1.9462890625,14,4.10546875,64,1.1748046875,16,4.1015625
22.4062,65,0.66748046875,14,4.10546875,77,3.45703125,16,4.1015625
22.4152,65,0.66748046875,14,4.10546875,77,3.45703125,35,0.06304931640625
22.4253,32,3.29296875,5,3.37890625,24,6.65234375,35,0.06304931640625
22.4356,32,3.29296875,5,3.37890625,24,6.65234375,61,-1.302734375
22.4467,32,3.29296875,54,1.9072265625,24,6.65234375,61,-1.302734375
22.4546,0,5.05078125,63,-0.806640625,0,4.1015625,59,-0.03521728515625
22.4665,25,0.8896484375,63,-0.806640625,31,0.1282958984375,59,-0.03521728515625
22.4748,25,0.8896484375,63,-0.806640625,31,0.1282958984375,36,1.0361328125
22.4843,59,-1.013671875,61,-0.54150390625,31,0.1282958984375,36,1.0361328125
22.4944,59,-1.013671875,61,-0.54150390625,61,1.4677734375,44,0.233154296875
22.5055,59,-1.013671875,14,3.25,61,1.4677734375,44,0.233154296875
22.5141,64,0.405517578125,14,3.25,60,0.3291015625,53,-0.615234375
22.5252,64,0.405517578125,35,0.064697265625,60,0.3291015625,53,-0.615234375
22.5345,39,3.017578125,35,0.064697265625,71,1.3583984375,50,0.61279296875
22.5447,39,3.017578125,62,1.2998046875,71,1.3583984375,50,0.61279296875
22.5533,42,0.93798828125,62,1.2998046875,4,3.3515625,49,0.1644287109375
22.5644,42,0.93798828125,54,0.095947265625,4,3.3515625,49,0.1644287109375
22.5729,6,4.33984375,54,0.095947265625,53,1.955078125,22,3.548828125
22.5840,6,4.33984375,29,1.3720703125,53,1.955078125,22,3.548828125
22.5926,28,0.884765625,29,1.3720703125,65,1.3642578125,21,1.73828125
22.6052,28,0.884765625,53,0.78955078125,65,1.3642578125,21,1.73828125
22.6112,60,-1.0126953125,53,0.78955078125,83,3.943359375,58,-1.7861328125
22.6240,60,-1.0126953125,54,0.34765625,83,3.943359375,58,-1.7861328125
22.6308,60,0.131103515625,54,0.34765625,-1,6.55078125,60,-0.64892578125
22.6435,60,0.131103515625,23,2.33203125,-1,6.55078125,60,-0.64892578125
22.6535,56,0.263427734375,23,2.33203125,20,1.36328125,60,-0.64892578125
22.6625,56,0.263427734375,53,1.341796875,20,1.36328125,57,-0.34765625
22.6732,12,4.35546875,53,1.341796875,56,0.7255859375,32,2.73046875
22.6841,12,4.35546875,53,0.144775390625,56,0.7255859375,32,2.73046875
22.6917,4,3.884765625,53,0.144775390625,64,1.3291015625,32,2.73046875
22.7064,4,3.884765625,52,0.10809326171875,64,1.3291015625,12,2.8359375
22.7127,53,1.6044921875,52,0.10809326171875,61,1.7080078125,12,2.8359375
22.7246,53,1.6044921875,21,2.767578125,61,1.7080078125,45,-1.1064453125
22.7332,64,-0.6357421875,21,2.767578125,7,2.9609375,45,-1.1064453125
22.7433,64,-0.6357421875,46,-0.53125,7,2.9609375,68,-1.8193359375
22.7529,63,-0.1341552734375,46,-0.53125,53,2.123046875,68,-1.8193359375
22.7619,63,-0.1341552734375,55,-0.40673828125,53,2.123046875,64,-0.9658203125
22.7737,52,0.30859375,55,-0.40673828125,61,0.70654296875,64,-0.9658203125
22.7853,52,0.30859375,54,-0.2156982421875,61,0.70654296875,34,3.021484375
22.7911,11,2.431640625,54,-0.2156982421875,84,3.69921875,34,3.021484375
22.8043,11,2.431640625,21,4.13671875,84,3.69921875,5,4.1953125
22.8115,47,-0.395263671875,21,4.13671875,8,4.0546875,5,4.1953125
22.8211,47,-0.395263671875,25,1.3955078125,8,4.0546875,42,-1.0634765625
22.8336,66,-1.0986328125,25,1.3955078125,47,1.2099609375,42,-1.0634765625
22.8430,66,-1.0986328125,57,1.349609375,47,1.2099609375,65,1.201171875
22.8552,65,-0.22314453125,57,1.349609375,61,0.79248046875,65,1.201171875
22.8663,65,-0.22314453125,57,1.349609375,61,0.79248046875,65,-1.0126953125
22.8719,21,3.5546875,63,-1.3046875,61,0.80908203125,65,-1.0126953125
22.8816,21,3.5546875,16,6.01953125,61,0.80908203125,19,4.18359375
22.8928,12,3.1796875,16,6.01953125,77,1.8427734375,19,4.18359375
22.9025,12,3.1796875,38,-0.450927734375,77,1.8427734375,28,0.986328125
22.9105,52,-1.0302734375,38,-0.450927734375,16,3.98046875,28,0.986328125
22.9249,52,-1.0302734375,38,-0.450927734375,16,3.98046875,62,-1.34765625
22.9329,52,-1.0302734375,60,0.509765625,16,3.98046875,62,-1.34765625
22.9444,60,0.39501953125,60,0.509765625,5,3.525390625,60,-0.24609375
22.9534,23,5.0,56,0.434814453125,5,3.525390625,60,-0.24609375
22.9625,23,5.0,20,2.62109375,55,1.5283203125,59,-0.6455078125
22.9712,17,2.92578125,20,2.62109375,55,1.5283203125,59,-0.6455078125
22.9866,17,2.92578125,20,2.62109375,64,1.068359375,24,3.625
22.9905,58,1.646484375,42,-0.2308349609375,64,1.068359375,24,3.625
23.0037,58,1.646484375,42,-0.2308349609375,84,2.740234375,9,3.578125
23.0127,58,1.646484375,61,-0.66748046875,84,2.740234375,9,3.578125
23.0242,67,-0.82861328125,61,-0.66748046875,1,5.734375,41,-0.841796875
23.0333,67,-0.82861328125,57,0.12066650390625,1,5.734375,41,-0.841796875
23.0438,8,5.1171875,57,0.12066650390625,38,-0.157958984375,69,-1.9287109375
23.0525,8,5.1171875,17,2.857421875,38,-0.157958984375,69,-1.9287109375
23.0640,40,-0.141357421875,17,2.857421875,61,1.171875,64,-0.923828125
23.0721,40,-0.141357421875,45,-0.6376953125,61,1.171875,64,-0.923828125
23.0832,66,-1.419921875,45,-0.6376953125,89,4.9296875,32,3.236328125
23.0916,66,-1.419921875,62,0.66162109375,89,4.9296875,32,3.236328125
23.1032,65,0.43310546875,62,0.66162109375,9,4.58203125,10,3.33984375
23.1124,65,0.43310546875,51,0.609375,9,4.58203125,10,3.33984375
23.1220,20,4.8046875,51,0.609375,47,0.9541015625,54,-2.03125
23.1322,20,4.8046875,24,1.615234375,47,0.9541015625,54,-2.03125
23.1425,11,3.2890625,24,1.615234375,63,1.076171875,64,-0.72119140625
23.1519,11,3.2890625,56,-1.443359375,63,1.076171875,64,-0.72119140625
23.1627,57,-1.94140625,56,-1.443359375,63,0.495849609375,63,0.4765625
23.1768,60,0.2010498046875,63,0.89990234375,22,0.92138671875,63,0.4765625
23.1820,60,0.2010498046875,63,0.89990234375,22,0.92138671875,15,4.18359375
23.1923,60,0.2010498046875,23,5.10546875,22,0.92138671875,15,4.18359375
23.2028,60,0.1898193359375,23,5.10546875,9,3.625,26,0.56884765625
23.2128,60,0.1898193359375,37,0.5458984375,9,3.625,26,0.56884765625
23.2252,2,4.3046875,37,0.5458984375,23,0.89501953125,26,0.56884765625
23.2339,2,4.3046875,62,-1.5224609375,23,0.89501953125,64,-1.884765625
23.2447,39,0.20654296875,62,-1.5224609375,59,0.93310546875,64,-1.884765625
23.2537,39,0.20654296875,60,0.52392578125,59,0.93310546875,66,-1.24609375
23.2645,60,-1.0205078125,60,0.52392578125,62,0.97900390625,66,-1.24609375
23.2730,60,-1.0205078125,25,4.171875,62,0.97900390625,35,2.828125
23.2844,52,1.0126953125,25,4.171875,76,1.9794921875,35,2.828125
23.2925,52,1.0126953125,12,3.005859375,76,1.9794921875,19,2.20703125
23.3055,38,1.38671875,12,3.005859375,7,3.32421875,19,2.20703125
23.3131,38,1.38671875,59,2.1796875,7,3.32421875,55,-2.005859375
23.3243,35,2.009765625,59,2.1796875,52,1.9306640625,55,-2.005859375
23.3315,35,2.009765625,65,0.85400390625,52,1.9306640625,67,-1.0400390625
23.3441,28,2.1796875,65,0.85400390625,60,0.68408203125,67,-1.0400390625
23.3510,28,2.1796875,47,0.84033203125,60,0.68408203125,31,2.392578125
23.3652,51,-0.052276611328125,47,0.84033203125,60,0.386962890625,31,2.392578125
23.3724,51,-0.052276611328125,47,0.84033203125,60,0.386962890625,45,-0.306884765625
23.3836,56,-0.2138671875,46,0.564453125,9,9.3125,45,-0.306884765625
23.3902,56,-0.2138671875,44,0.71533203125,9,9.3125,61,-0.892578125
23.4044,0,5.8359375,44,0.71533203125,13,2.6015625,61,-0.892578125
23.4095,0,5.8359375,48,0.12017822265625,13,2.6015625,53,0.0953369140625
23.4231,27,0.7978515625,48,0.12017822265625,58,1.0576171875,53,0.0953369140625
23.4331,27,0.7978515625,48,0.12017822265625,58,1.0576171875,50,0.433837890625
23.4422,55,-0.31884765625,49,-0.64697265625,65,1.2578125,50,0.433837890625
23.4543,55,-0.31884765625,49,-0.64697265625,65,1.2578125,28,1.65625
23.4618,70,1.322265625,50,0.2340087890625,78,2.03515625,28,1.65625
23.4715,70,1.322265625,20,3.830078125,78,2.03515625,48,-0.517578125
23.4813,13,6.7265625,20,3.830078125,8,3.076171875,48,-0.517578125
23.4918,13,6.7265625,20,3.830078125,8,3.076171875,56,-0.49755859375
23.5051,33,0.8876953125,37,0.393798828125,55,1.74609375,56,-0.49755859375
23.5123,33,0.8876953125,37,0.393798828125,55,1.74609375,58,-0.45068359375
23.5235,57,-0.0850830078125,61,-0.7890625,66,1.2744140625,58,-0.45068359375
23.5332,57,-0.0850830078125,61,-0.7890625,66,1.2744140625,52,0.053558349609375
23.5411,57,0.5947265625,59,0.2366943359375,85,2.759765625,52,0.053558349609375
23.5516,57,0.5947265625,59,0.2366943359375,85,2.759765625,47,0.62353515625
23.5606,58,0.22509765625,14,3.974609375,5,3.681640625,47,0.62353515625
23.5714,58,0.22509765625,14,3.974609375,5,3.681640625,14,3.693359375
23.5803,58,0.22509765625,44,-0.54150390625,53,2.16015625,14,3.693359375
23.5906,24,3.49609375,44,-0.54150390625,53,2.16015625,3,3.5859375
23.6019,24,3.49609375,65,0.9677734375,68,1.591796875,3,3.5859375
23.6110,13,3.548828125,65,0.9677734375,68,1.591796875,57,-2.609375
23.6223,44,-0.247802734375,57,0.2890625,83,2.478515625,57,-2.609375
23.6288,44,-0.247802734375,57,0.2890625,83,2.478515625,66,-0.88525390625
23.6423,44,-0.247802734375,55,0.06549072265625,83,2.478515625,66,-0.88525390625
23.6489,58,0.1876220703125,55,0.06549072265625,4,4.49609375,64,0.50732421875
23.6617,58,0.1876220703125,17,3.9765625,4,4.49609375,64,0.50732421875
23.6707,53,0.80322265625,17,3.9765625,52,1.8349609375,58,-0.3720703125
23.6798,53,0.80322265625,12,2.826171875,67,1.4716796875,58,-0.3720703125
23.6892,18,2.751953125,12,2.826171875,67,1.4716796875,16,3.822265625
23.7009,18,2.751953125,57,-1.74609375,67,1.4716796875,16,3.822265625
23.7077,60,1.533203125,57,-1.74609375,86,3.263671875,1,3.88671875
23.7191,60,1.533203125,63,-0.87109375,86,3.263671875,1,3.88671875
23.7291,62,-0.1248779296875,63,-0.87109375,0,6.1640625,1,3.88671875
23.7395,62,-0.1248779296875,63,-0.87109375,0,6.1640625,27,0.475341796875
23.7488,60,-0.1884765625,55,-0.096435546875,40,-0.55810546875,27,0.475341796875
23.7602,60,-0.1884765625,55,-0.096435546875,40,-0.55810546875,66,-1.7314453125
23.7686,14,6.04296875,50,0.59228515625,63,0.95556640625,67,-0.82421875
23.7792,14,6.04296875,8,4.00390625,63,0.95556640625,67,-0.82421875
23.7894,4,4.4921875,8,4.00390625,87,4.41796875,67,-0.82421875
23.8008,4,4.4921875,41,-0.5849609375,87,4.41796875,65,-0.974609375
23.8101,39,0.1510009765625,41,-0.5849609375,2,6.90234375,65,-0.974609375
23.8235,39,0.1510009765625,41,-0.5849609375,2,6.90234375,22,3.693359375
23.8317,66,-0.77001953125,66,1.3076171875,39,-0.2225341796875,22,3.693359375
23.8428,66,-0.77001953125,66,1.3076171875,39,-0.2225341796875,4,3.806640625
23.8517,63,0.076904296875,65,0.80615234375,63,1.1572265625,4,3.806640625
23.8606,63,0.076904296875,23,4.98828125,63,1.1572265625,24,0.59814453125
23.8712,20,5.6796875,23,4.98828125,85,2.802734375,24,0.59814453125
23.8819,20,5.6796875,23,4.98828125,85,2.802734375,67,-2.060546875
23.8914,1,5.0078125,18,2.681640625,25,7.07421875,67,-2.060546875
23.9026,1,5.0078125,18,2.681640625,25,7.07421875,67,-0.962890625
23.9119,46,-0.90234375,58,1.74609375,11,2.96484375,67,-0.962890625
23.9232,46,-0.90234375,58,1.74609375,11,2.96484375,65,0.830078125
23.9330,65,-0.255859375,65,0.3076171875,53,0.951171875,65,0.830078125
23.9444,65,-0.255859375,65,0.3076171875,53,0.951171875,24,3.6953125
23.9532,61,0.53076171875,22,3.369140625,66,1.4638671875,24,3.6953125
23.9642,61,0.53076171875,22,3.369140625,66,1.4638671875,3,4.48046875
23.9729,23,3.224609375,46,-0.39501953125,81,2.279296875,3,4.48046875
23.9837,23,3.224609375,46,-0.39501953125,81,2.279296875,40,-0.76220703125
23.9909,37,0.9345703125,61,-0.437744140625,17,3.876953125,40,-0.76220703125
24.0042,37,0.9345703125,61,-0.437744140625,17,3.876953125,68,-1.2734375
24.0117,56,0.242431640625,56,0.423095703125,24,1.09765625,68,-1.2734375
24.0231,56,0.242431640625,56,0.423095703125,24,1.09765625,64,-0.3759765625
24.0318,56,0.242431640625,21,2.474609375,58,0.79541015625,64,-0.3759765625
24.0425,54,0.313232421875,21,2.474609375,58,0.79541015625,55,-0.26171875
24.0491,49,1.3095703125,51,0.47509765625,64,0.68359375,55,-0.26171875
24.0619,49,1.3095703125,51,0.47509765625,64,0.68359375,35,2.24609375
24.0688,47,1.1015625,62,-0.9619140625,26,0.79931640625,35,2.24609375
24.0799,47,1.1015625,62,-0.9619140625,26,0.79931640625,10,3.2734375
24.0903,47,1.1015625,52,1.0517578125,26,0.79931640625,10,3.2734375
24.1013,21,4.58203125,52,1.0517578125,0,5.52734375,54,-2.0859375
24.1088,21,4.58203125,51,0.53759765625,39,-0.258056640625,54,-2.0859375
24.1235,10,3.685546875,51,0.53759765625,39,-0.258056640625,67,-0.97802734375
24.1296,10,3.685546875,16,5.39453125,59,0.904296875,67,-0.97802734375
24.1409,44,-0.11083984375,16,5.39453125,59,0.904296875,64,0.309814453125
24.1515,44,-0.11083984375,22,1.94140625,59,0.904296875,64,0.309814453125
24.1622,66,-0.5927734375,22,1.94140625,86,3.4375,20,3.01171875
24.1689,66,-0.5927734375,62,-1.6552734375,16,9.7578125,20,3.01171875
24.1844,62,0.54443359375,62,-1.6552734375,16,9.7578125,41,-0.161865234375
24.1903,62,0.54443359375,65,-0.64892578125,4,3.76953125,41,-0.161865234375
24.2013,35,2.775390625,65,-0.64892578125,4,3.76953125,67,-1.546875
24.2126,35,2.775390625,57,0.28515625,4,3.76953125,67,-1.546875
24.2225,36,1.80859375,57,0.28515625,54,1.353515625,61,-0.2783203125
24.2302,36,1.80859375,22,2.388671875,54,1.353515625,61,-0.2783203125
24.2443,39,1.3876953125,22,2.388671875,66,1.3662109375,61,-0.2783203125
24.2501,39,1.3876953125,47,-0.3173828125,66,1.3662109375,56,-0.212646484375
24.2630,56,-0.278076171875,47,-0.3173828125,81,1.9013671875,56,-0.212646484375
24.2716,56,-0.278076171875,47,-0.3173828125,81,1.9013671875,16,3.767578125
24.2808,51,0.822265625,65,-1.2236328125,0,5.2734375,24,1.359375
24.2896,51,0.822265625,26,3.55859375,0,5.2734375,24,1.359375
24.3034,49,1.009765625,26,3.55859375,43,1.0703125,24,1.359375
24.3089,49,1.009765625,31,1.400390625,43,1.0703125,64,-2.029296875
24.3242,6,4.578125,31,1.400390625,62,0.86328125,64,-2.029296875
24.3319,6,4.578125,31,1.400390625,62,0.86328125,67,-0.9296875
24.3428,50,-1.1943359375,63,1.689453125,88,4.41015625,67,-0.9296875
24.3514,50,-1.1943359375,63,1.689453125,88,4.41015625,48,1.1943359375
24.3622,71,-0.8759765625,64,0.85986328125,0,6.1171875,48,1.1943359375
24.3710,71,-0.8759765625,64,0.85986328125,0,6.1171875,17,2.8125
24.3818,64,0.54150390625,19,5.28125,39,-0.41455078125,17,2.8125
24.3903,64,0.54150390625,19,5.28125,39,-0.41455078125,50,-1.0712890625
24.4042,17,2.859375,38,0.22265625,63,1.1953125,50,-1.0712890625
24.4109,17,2.859375,38,0.22265625,63,1.1953125,68,-1.41015625
24.4217,57,-0.638671875,59,-0.53076171875,91,4.2109375,68,-1.41015625
24.4307,57,-0.638671875,59,-0.53076171875,91,4.2109375,60,-0.40478515625
24.4437,67,-0.47216796875,60,-0.2413330078125,18,4.515625,60,-0.40478515625
24.4524,67,-0.47216796875,60,-0.2413330078125,18,4.515625,48,0.662109375
24.4630,44,1.45703125,17,3.64453125,25,0.8544921875,48,0.662109375
24.4718,44,1.45703125,17,3.64453125,25,0.8544921875,13,3.607421875
24.4827,24,2.623046875,51,-1.02734375,62,1.3525390625,13,3.607421875
24.4913,24,2.623046875,51,-1.02734375,62,1.3525390625,35,0.209716796875
24.5005,47,0.1888427734375,66,-1.4326171875,90,4.9921875,35,0.209716796875
24.5110,47,0.1888427734375,66,-1.4326171875,90,4.9921875,65,-1.60546875
24.5213,61,-0.422119140625,34,3.23828125,8,8.40625,65,-1.60546875
24.5312,61,-0.422119140625,34,3.23828125,8,8.40625,60,-0.059478759765625
24.5425,61,-0.422119140625,45,0.145751953125,8,8.40625,60,-0.059478759765625
24.5508,60,-0.27294921875,45,0.145751953125,26,0.93994140625,58,0.291748046875
24.5606,49,1.619140625,61,0.8408203125,26,0.93994140625,58,0.291748046875
24.5720,49,1.619140625,61,0.8408203125,61,1.2314453125,15,4.31640625
24.5820,20,3.91015625,22,5.203125,61,1.2314453125,15,4.31640625
24.5925,20,3.91015625,22,5.203125,91,5.2578125,23,1.2041015625
24.6015,26,1.9287109375,33,1.2587890625,7,6.4296875,23,1.2041015625
24.6102,26,1.9287109375,33,1.2587890625,7,6.4296875,64,-1.97265625
24.6198,26,1.9287109375,63,1.5869140625,7,6.4296875,64,-1.97265625
24.6297,60,-1.060546875,63,1.5869140625,27,0.8935546875,70,-1.5048828125
24.6393,60,-1.060546875,63,0.6201171875,27,0.8935546875,70,-1.5048828125
24.6493,62,0.290771484375,63,0.6201171875,60,1.1328125,38,2.787109375
24.6601,62,0.290771484375,21,4.66796875,60,1.1328125,38,2.787109375
24.6686,63,-0.04669189453125,21,4.66796875,88,4.5859375,16,2.8046875
24.6785,63,-0.04669189453125,30,1.208984375,88,4.5859375,16,2.8046875
24.6882,25,5.0234375,30,1.208984375,0,11.8203125,58,-1.8662109375
24.7016,25,5.0234375,62,-1.6767578125,0,11.8203125,58,-1.8662109375
24.7096,44,0.321044921875,62,-1.6767578125,31,0.51171875,65,2.71484375
24.7201,44,0.321044921875,62,-0.54296875,31,0.51171875,65,2.71484375
24.7288,39,0.017913818359375,62,-0.54296875,50,-0.54443359375,-5,-0.5625
24.7392,39,0.017913818359375,19,-0.303955078125,50,-0.54443359375,-5,-0.5625
24.7475,0,-0.308349609375,19,-0.303955078125,47,-0.128173828125,-22,-0.1883544921875
24.7595,0,-0.308349609375,-33,-0.2171630859375,47,-0.128173828125,-22,-0.1883544921875
24.7665,0,0.07391357421875,-33,-0.2171630859375,35,-0.043243408203125,-8,0.1844482421875
24.7799,0,0.07391357421875,5,-0.427734375,35,-0.043243408203125,-8,0.1844482421875
24.7868,0,-0.1474609375,5,-0.427734375,36,-0.047637939453125,0,-0.1351318359375
24.8008,-8,-0.09661865234375,32,-0.429931640625,36,-0.047637939453125,0,-0.1351318359375
24.8075,-8,-0.09661865234375,32,-0.429931640625,0,0.059661865234375,0,0.08563232421875
24.8201,-8,-0.09661865234375,16,-0.529296875,0,0.059661865234375,0,0.08563232421875
24.8294,-5,0.249755859375,16,-0.529296875,-18,-0.038238525390625,10,0.128662109375
24.8402,-5,0.249755859375,2,0.437255859375,-18,-0.038238525390625,10,0.128662109375
24.8473,-1,-0.215576171875,2,0.437255859375,-28,0.10418701171875,4,0.1051025390625
24.8613,-1,-0.215576171875,0,0.138671875,-28,0.10418701171875,4,0.1051025390625
24.8683,0,-0.247802734375,0,0.138671875,0,0.0281829833984375,4,0.1051025390625
24.8795,0,-0.247802734375,0,0.138671875,0,0.0281829833984375,0,-0.019500732421875
24.8872,0,0.1741943359375,-10,0.487548828125,0,0.0284271240234375,0,-0.019500732421875
24.9005,0,0.1741943359375,-10,0.487548828125,0,0.0284271240234375,0,0.05755615234375
24.9086,0,0.1741943359375,-7,0.41015625,5,-0.0100555419921875,0,0.05755615234375
24.9213,0,0.07177734375,-7,0.41015625,5,-0.0100555419921875,0,-0.01522064208984375
24.9275,0,0.05511474609375,0,-0.27099609375,7,-0.0679931640625,0,-0.01522064208984375
24.9398,0,0.05511474609375,0,-0.27099609375,7,-0.0679931640625,0,-0.19775390625
24.9460,0,0.1280517578125,0,0.2076416015625,3,0.01468658447265625,0,-0.19775390625
24.9601,0,0.1280517578125,0,0.2076416015625,3,0.01468658447265625,0,0.22705078125
24.9687,0,-0.111572265625,0,0.10638427734375,0,0.0310211181640625,0,0.22705078125
24.9802,0,-0.111572265625,0,0.10638427734375,0,0.0310211181640625,0,0.2110595703125
24.9871,0,-0.1878662109375,0,-0.129150390625,0,0.0472412109375,0,0.2110595703125
25.0224,0,0.057769775390625,0,0.43505859375,0,-0.016082763671875,0,0.1348876953125
25.0300,0,0.057769775390625,0,0.89013671875,0,-0.016082763671875,0,0.1348876953125
25.0364,0,-0.2022705078125,0,0.89013671875,0,0.0163116455078125,0,0.1348876953125
25.0466,0,-0.2022705078125,0,0.89013671875,0,0.0163116455078125,0,-0.14990234375
25.0572,0,-0.151611328125,0,0.466064453125,0,0.0377197265625,0,-0.14990234375
25.0648,0,-0.151611328125,0,0.466064453125,0,0.0377197265625,0,0.09478759765625
25.0755,0,0.1385498046875,0,0.2266845703125,0,-0.0421142578125,0,0.09478759765625
25.0828,0,0.1385498046875,0,0.2266845703125,0,-0.0421142578125,0,0.0908203125
25.0933,0,0.1385498046875,0,-0.1927490234375,0,-0.0421142578125,0,0.0908203125
25.1011,0,-0.302978515625,0,-0.1927490234375,0,0.060546875,0,-0.03070068359375
25.1072,0,-0.302978515625,0,0.362548828125,0,0.060546875,0,-0.03070068359375
25.1203,0,-0.1077880859375,0,0.362548828125,0,-0.11328125,0,0.011383056640625
25.1304,0,-0.1077880859375,0,-0.363037109375,0,-0.0316162109375,0,0.011383056640625
25.1412,0,0.2099609375,0,-0.363037109375,0,-0.0316162109375,0,0.08001708984375
25.1531,0,0.2099609375,0,0.39990234375,0,-0.0316162109375,0,0.08001708984375
25.1606,0,0.1485595703125,0,0.39990234375,0,0.01641845703125,0,0.2000732421875
25.1669,0,0.1485595703125,0,-0.08526611328125,0,0.01641845703125,0,0.2000732421875
25.1802,0,0.1312255859375,0,-0.08526611328125,0,0.052825927734375,0,-0.1419677734375
25.1920,0,0.1312255859375,0,-0.45703125,0,0.052825927734375,0,-0.1419677734375
25.1984,0,0.092529296875,0,-0.45703125,0,0.1490478515625,0,-0.194091796875
25.2103,0,0.092529296875,0,0.50634765625,0,0.1490478515625,0,-0.194091796875
25.2222,0,-0.18505859375,0,0.50634765625,0,0.07623291015625,0,-0.1373291015625
25.2297,0,-0.18505859375,0,-0.145263671875,0,0.07623291015625,0,-0.1373291015625
25.2428,0,0.1571044921875,0,-0.145263671875,0,-0.0323486328125,0,0.1942138671875
25.2533,0,0.1571044921875,0,0.5595703125,0,-0.0323486328125,0,0.1942138671875
25.2590,0,0.06610107421875,0,0.5595703125,0,-0.028350830078125,0,0.039093017578125
25.2729,0,0.06610107421875,0,0.63623046875,0,-0.028350830078125,0,0.039093017578125
25.2806,0,-0.2978515625,0,0.63623046875,0,0.01180267333984375,0,-0.1400146484375
25.2907,0,-0.2978515625,0,-0.425048828125,0,0.01180267333984375,0,-0.1400146484375
25.3014,0,-0.128173828125,0,-0.425048828125,0,-0.05096435546875,0,-0.1400146484375
25.3099,0,-0.128173828125,0,-0.425048828125,0,-0.05096435546875,0,-0.0650634765625
25.3173,0,0.147216796875,0,0.396484375,0,0.03851318359375,0,-0.0650634765625
25.3329,0,0.147216796875,0,0.396484375,0,0.03851318359375,0,-0.09033203125
25.3410,0,0.147216796875,0,-0.268310546875,0,0.042816162109375,0,-0.09033203125
25.3534,0,-0.07073974609375,0,-0.268310546875,0,0.042816162109375,0,0.03887939453125
25.3605,0,-0.07073974609375,0,-0.419921875,0,-0.0225372314453125,0,0.03887939453125
25.3728,0,0.0679931640625,0,-0.419921875,0,-0.0225372314453125,0,0.1763916015625
25.3779,0,0.0679931640625,0,-0.0391845703125,0,0.043212890625,0,0.1763916015625
25.3886,0,-0.14453125,0,-0.0391845703125,0,0.043212890625,0,0.2103271484375
25.3992,0,-0.14453125,0,0.05963134765625,0,0.0217742919921875,0,0.2103271484375
25.4098,0,-0.2166748046875,0,0.05963134765625,0,0.0217742919921875,0,0.09051513671875
25.4204,0,-0.2166748046875,0,0.336181640625,0,0.0217742919921875,0,0.09051513671875
25.4295,0,-0.2298583984375,0,0.336181640625,0,-0.08209228515625,0,0.0699462890625
25.4380,0,-0.2298583984375,0,-0.42724609375,0,0.0179443359375,0,0.0699462890625
25.4533,0,-0.31982421875,0,-0.42724609375,0,0.0179443359375,0,-0.0230255126953125
25.4605,0,-0.31982421875,0,-0.1610107421875,0,0.0179443359375,0,-0.0230255126953125
25.4728,0,-0.231689453125,0,-0.1610107421875,0,-0.0535888671875,0,0.187744140625
25.4805,0,-0.231689453125,0,-0.2003173828125,0,-0.0535888671875,0,0.187744140625
25.4929,0,0.10321044921875,0,-0.2003173828125,0,-0.006252288818359375,0,0.17333984375
25.5014,0,0.10321044921875,0,0.54443359375,0,-0.006252288818359375,0,0.17333984375
25.5126,0,-0.355712890625,0,0.54443359375,0,0.0231781005859375,0,0.039276123046875
25.5216,0,-0.355712890625,0,-0.1470947265625,0,0.004459381103515625,0,0.039276123046875
25.5284,0,0.0904541015625,0,-0.1470947265625,0,0.004459381103515625,0,0.08416748046875
25.5416,0,0.0904541015625,0,-0.39013671875,0,0.004459381103515625,0,0.08416748046875
25.5496,0,-0.1956787109375,0,-0.39013671875,0,0.04876708984375,0,-0.158447265625
25.5581,0,-0.1956787109375,0,0.399658203125,0,0.04876708984375,0,-0.158447265625
25.5731,0,0.173828125,0,0.399658203125,0,-0.042572021484375,0,0.10552978515625
25.5805,0,0.173828125,0,0.392822265625,0,-0.042572021484375,0,0.10552978515625
25.5931,0,-0.306884765625,0,0.392822265625,0,-0.01824951171875,0,0.10479736328125
25.6016,0,-0.306884765625,0,-0.05316162109375,0,-0.01824951171875,0,0.10479736328125
25.6125,0,0.142333984375,0,-0.05316162109375,0,-0.030914306640625,0,-0.01195526123046875
25.6179,0,0.142333984375,0,0.1016845703125,0,-0.030914306640625,0,-0.01195526123046875
25.6283,0,-0.0595703125,0,0.1016845703125,0,0.0823974609375,0,-0.140625
25.6395,0,-0.0595703125,0,-0.46484375,0,0.0823974609375,0,-0.140625
25.6481,0,0.01788330078125,0,-0.46484375,0,0.0377197265625,0,0.06280517578125
25.6601,0,0.01788330078125,0,1.0546875,0,0.0377197265625,0,0.06280517578125
25.6732,0,0.08953857421875,0,1.0546875,0,-0.020904541015625,0,0.1678466796875
25.6808,0,0.08953857421875,0,-0.0745849609375,0,-0.020904541015625,0,0.1678466796875
25.6929,0,0.177001953125,0,-0.0745849609375,0,-0.033050537109375,0,0.1678466796875
25.7022,0,0.177001953125,0,0.56396484375,0,-0.033050537109375,0,-0.1817626953125
25.7073,0,0.0535888671875,0,0.56396484375,0,-0.054901123046875,0,-0.1817626953125
25.7229,0,0.0535888671875,0,0.56396484375,0,-0.054901123046875,0,-0.1337890625
25.7306,0,-0.275634765625,0,-0.283203125,0,0.05255126953125,0,0.00634765625
25.7410,0,-0.275634765625,0,0.4736328125,0,0.05255126953125,0,0.00634765625
25.7528,0,0.191162109375,0,0.4736328125,0,0.0236663818359375,0,0.00634765625
25.7607,0,0.191162109375,0,0.4736328125,0,0.0236663818359375,0,-0.1334228515625
25.7668,0,-0.06500244140625,0,0.2037353515625,0,-0.067138671875,0,-0.1334228515625
25.7799,0,-0.06500244140625,0,0.2037353515625,0,-0.067138671875,0,0.02392578125
25.7885,0,-0.06500244140625,0,-0.2022705078125,0,-0.0299072265625,0,0.02392578125
25.8003,0,0.069091796875,0,-0.2022705078125,0,-0.0299072265625,0,0.177490234375
25.8098,0,0.069091796875,0,0.260009765625,0,0.0491943359375,0,0.177490234375
25.8223,0,-0.036956787109375,0,0.260009765625,0,0.0491943359375,0,-0.2191162109375
25.8326,0,-0.036956787109375,0,0.268310546875,0,0.03955078125,0,-0.2191162109375
25.8405,0,0.177978515625,0,0.268310546875,0,0.03955078125,0,0.10211181640625
25.8527,0,0.177978515625,0,-0.0313720703125,0,0.0338134765625,0,0.10211181640625
25.8604,0,0.0670166015625,0,-0.0313720703125,0,0.0338134765625,0,0.12042236328125
25.8746,0,0.0670166015625,0,-0.04119873046875,0,-0.0159912109375,0,0.12042236328125
25.8805,0,0.1187744140625,0,-0.04119873046875,0,-0.0159912109375,0,-0.271484375
25.8874,0,0.1187744140625,0,-0.2332763671875,0,-0.07098388671875,0,-0.271484375
25.9008,0,-0.0167694091796875,0,-0.2332763671875,0,-0.07098388671875,0,0.228515625
25.9106,0,-0.0167694091796875,0,-0.260986328125,0,0.04388427734375,0,0.228515625
25.9223,0,-0.04278564453125,0,-0.260986328125,0,0.04388427734375,0,0.01885986328125
25.9327,0,-0.04278564453125,0,-0.1658935546875,0,0.04388427734375,0,0.01885986328125
25.9408,0,-0.09765625,0,-0.1658935546875,0,-0.04766845703125,0,0.1021728515625
25.9471,0,-0.09765625,0,-0.23583984375,0,0.027374267578125,0,0.1021728515625
25.9611,0,0.1387939453125,0,-0.23583984375,0,0.027374267578125,0,0.04156494140625
25.9686,0,0.1387939453125,0,-0.320068359375,0,0.027374267578125,0,0.04156494140625
25.9801,0,0.07666015625,0,-0.320068359375,0,-0.10076904296875,0,0.1763916015625
25.9920,0,0.07666015625,0,0.326904296875,0,-0.10076904296875,0,0.1763916015625
26.0006,0,0.0474853515625,0,0.326904296875,0,-0.05859375,0,0.049163818359375
26.0126,0,0.0474853515625,0,0.461669921875,0,-0.05859375,0,0.049163818359375
26.0209,0,-0.1640625,0,0.461669921875,0,0.05975341796875,0,0.1932373046875
26.0326,0,-0.1640625,0,-0.2216796875,0,0.05975341796875,0,0.1932373046875
26.0394,0,0.1356201171875,0,-0.2216796875,0,-0.0230255126953125,0,0.174072265625
26.0526,0,0.1356201171875,0,-0.260498046875,0,-0.0230255126953125,0,0.174072265625
26.0605,0,-0.0469970703125,0,-0.260498046875,0,-0.020263671875,0,-0.11285400390625
26.0713,0,-0.0469970703125,0,-0.266845703125,0,-0.020263671875,0,-0.11285400390625
26.0800,0,-0.179931640625,0,-0.266845703125,0,0.033233642578125,0,0.09259033203125
26.0926,0,-0.179931640625,0,-0.09716796875,0,0.033233642578125,0,0.09259033203125
26.1023,0,0.147216796875,0,-0.09716796875,0,-0.0298309326171875,0,-0.2115478515625
26.1126,0,0.147216796875,0,-0.330078125,0,-0.0298309326171875,0,-0.2115478515625
26.1211,0,-0.184326171875,0,-0.330078125,0,-0.0792236328125,0,-0.2115478515625
26.1265,0,-0.184326171875,0,0.034759521484375,0,-0.0792236328125,0,0.14013671875
26.1401,0,-0.308349609375,0,0.034759521484375,0,0.0125579833984375,0,0.14013671875
26.1492,0,-0.308349609375,0,-0.30712890625,0,0.0125579833984375,0,0.1544189453125
26.1586,0,0.07086181640625,0,-0.30712890625,0,0.0286407470703125,0,0.1544189453125
26.1702,0,0.07086181640625,0,-0.26318359375,0,0.0286407470703125,0,0.1495361328125
26.1791,0,-0.086181640625,0,-0.26318359375,0,0.042510986328125,0,0.06390380859375
26.1883,0,-0.086181640625,0,-0.27880859375,0,0.042510986328125,0,0.06390380859375
26.2018,0,0.0748291015625,0,-0.27880859375,0,-0.0301666259765625,0,0.06390380859375
26.2125,0,0.0748291015625,0,-0.186279296875,0,-0.0301666259765625,0,-0.2012939453125
26.2183,0,0.087646484375,0,-0.186279296875,0,0.028350830078125,0,-0.2012939453125
26.2327,0,0.087646484375,0,-0.186279296875,0,0.028350830078125,0,0.2232666015625
26.2406,0,0.087646484375,0,0.495361328125,0,0.028350830078125,0,0.2232666015625
26.2527,0,0.052490234375,0,0.495361328125,0,0.021392822265625,0,-0.09088134765625
26.2604,0,0.052490234375,0,-0.29052734375,0,0.0269012451171875,0,-0.09088134765625
26.2726,0,-0.2056884765625,0,-0.29052734375,0,0.0269012451171875,0,0.07635498046875
26.2784,0,-0.2056884765625,0,-0.54296875,0,0.01038360595703125,0,0.07635498046875
26.2928,0,-0.185546875,0,-0.54296875,0,0.01038360595703125,0,0.18505859375
26.3005,0,-0.185546875,0,0.240234375,0,-0.0850830078125,0,0.18505859375
26.3093,0,-0.08978271484375,0,0.240234375,0,-0.0850830078125,0,-0.2362060546875
26.3212,0,-0.08978271484375,0,-0.446044921875,0,-0.0850830078125,0,-0.2362060546875
26.3298,0,0.127685546875,0,-0.446044921875,0,0.09991455078125,0,0.11065673828125
26.3402,0,0.127685546875,0,0.35400390625,0,0.09991455078125,0,0.11065673828125
26.3527,0,0.04144287109375,0,0.35400390625,0,-0.06646728515625,0,0.267333984375
26.3607,0,0.04144287109375,0,-0.04278564453125,0,-0.06646728515625,0,0.267333984375
26.3730,0,0.146240234375,0,-0.04278564453125,0,-0.055938720703125,0,0.060150146484375
26.3804,0,0.146240234375,0,-0.044342041015625,0,-0.055938720703125,0,0.060150146484375
26.3884,0,-0.0335693359375,0,-0.044342041015625,0,0.0802001953125,0,0.08343505859375
26.4001,0,-0.0335693359375,0,0.377685546875,0,0.0802001953125,0,0.08343505859375
26.4093,0,0.06427001953125,0,0.377685546875,0,0.048828125,0,-0.2352294921875
26.4201,0,0.06427001953125,0,0.50537109375,0,0.048828125,0,-0.2352294921875
26.4281,0,0.1778564453125,0,0.50537109375,0,-0.072998046875,0,-0.2303466796875
26.4405,0,0.1778564453125,0,0.5,0,-0.072998046875,0,-0.2303466796875
26.4503,0,-0.11181640625,0,0.5,0,-0.08197021484375,0,0.125244140625
26.4608,0,-0.11181640625,0,-0.05352783203125,0,-0.08197021484375,0,0.125244140625
26.4726,0,-0.054840087890625,0,-0.05352783203125,0,0.070556640625,0,0.125244140625
26.4805,0,-0.054840087890625,0,-0.2509765625,0,0.070556640625,0,0.10516357421875
26.4928,0,-0.364013671875,0,-0.2509765625,0,0.057159423828125,0,0.10516357421875
26.5006,0,-0.364013671875,0,0.0906982421875,0,0.057159423828125,0,-0.12127685546875
26.5093,0,-0.10174560546875,0,0.0906982421875,0,-0.060455322265625,0,-0.12127685546875
26.5201,0,-0.10174560546875,0,-0.331787109375,0,-0.060455322265625,0,-0.1668701171875
26.5285,0,0.158203125,0,-0.331787109375,0,0.0185546875,0,-0.1668701171875
26.5402,0,0.158203125,0,-0.244873046875,0,0.0185546875,0,-0.208984375
26.5466,0,0.1419677734375,0,-0.244873046875,0,-0.038909912109375,0,-0.208984375
26.5607,0,0.1419677734375,0,-0.298583984375,0,-0.038909912109375,0,-0.118408203125
26.5692,0,0.1419677734375,0,-0.298583984375,0,-0.03466796875,0,-0.118408203125
26.5801,0,0.2322998046875,0,0.6318359375,0,-0.03466796875,0,0.132568359375
26.5934,0,-0.260498046875,0,0.6318359375,0,-0.0340576171875,0,0.132568359375
26.6004,0,-0.260498046875,0,0.55322265625,0,-0.0340576171875,0,0.267333984375
26.6070,0,-0.235107421875,0,0.55322265625,0,0.035675048828125,0,0.267333984375
26.6194,0,-0.235107421875,0,0.382568359375,0,0.035675048828125,0,-0.1513671875
26.6292,0,0.0728759765625,0,0.382568359375,0,-0.08843994140625,0,-0.1513671875
26.6384,0,0.0728759765625,0,0.284423828125,0,-0.08843994140625,0,-0.041015625
26.6527,0,0.0728759765625,0,0.284423828125,0,0.0192108154296875,0,-0.041015625
26.6604,0,-0.1729736328125,0,-0.35693359375,0,0.0192108154296875,0,-0.06536865234375
26.6685,0,-0.1729736328125,0,-0.35693359375,0,0.036163330078125,0,-0.06536865234375
26.6800,0,-0.02410888671875,0,0.243896484375,0,0.036163330078125,0,0.0298004150390625
26.6889,0,-0.02410888671875,0,0.243896484375,0,-0.0760498046875,0,0.0298004150390625
26.6975,0,-0.247314453125,0,-0.13916015625,0,-0.0760498046875,0,-0.1602783203125
26.7097,0,-0.247314453125,0,-0.13916015625,0,0.040008544921875,0,-0.1602783203125
26.7193,0,-0.1109619140625,0,-0.08282470703125,0,0.040008544921875,0,0.2056884765625
26.7328,0,-0.2222900390625,0,-0.08282470703125,0,-0.02264404296875,0,0.2056884765625
26.7408,0,-0.2222900390625,0,-0.08282470703125,0,-0.02264404296875,0,0.1663818359375
26.7491,0,-0.2222900390625,0,0.253173828125,0,-0.0071563720703125,0,0.1663818359375
26.7608,0,-0.04547119140625,0,0.253173828125,0,-0.0071563720703125,0,0.11651611328125
26.7730,0,-0.04547119140625,0,-0.1953125,0,-0.0071563720703125,0,0.11651611328125
26.7806,0,-0.3232421875,0,-0.1953125,0,0.02252197265625,0,-0.058624267578125
26.7928,0,-0.3232421875,0,0.6689453125,0,0.02252197265625,0,-0.058624267578125
26.8005,0,-0.09002685546875,0,0.6689453125,0,-0.028961181640625,0,-0.0517578125
26.8090,0,-0.09002685546875,0,0.1273193359375,0,-0.028961181640625,0,-0.0517578125
26.8171,0,0.135986328125,0,0.1273193359375,0,-0.03387451171875,0,0.09228515625
26.8296,0,0.135986328125,0,-0.4833984375,0,-0.03387451171875,0,0.09228515625
26.8394,0,-0.0875244140625,0,-0.4833984375,0,0.07525634765625,0,0.01264190673828125
26.8527,0,-0.0875244140625,0,0.2247314453125,0,0.07525634765625,0,0.01264190673828125
26.8605,0,0.06719970703125,0,0.2247314453125,0,-0.00507354736328125,0,-0.1947021484375
26.8726,0,0.06719970703125,0,-0.01537322998046875,0,-0.00507354736328125,0,-0.1947021484375
26.8805,0,-0.2315673828125,0,-0.01537322998046875,0,-0.051116943359375,0,0.317626953125
26.8930,0,-0.2315673828125,0,0.35546875,0,-0.051116943359375,0,0.317626953125
26.9004,0,-0.046142578125,0,0.35546875,0,-0.041229248046875,0,0.317626953125
26.9126,0,-0.046142578125,0,-0.37890625,0,-0.041229248046875,0,-0.0985107421875
26.9207,0,0.23486328125,0,-0.37890625,0,-0.0640869140625,0,-0.0985107421875
26.9326,0,0.23486328125,0,-0.1103515625,0,-0.0640869140625,0,0.103515625
26.9414,0,0.071044921875,0,-0.1103515625,0,-0.052978515625,0,0.103515625
26.9487,0,0.071044921875,0,-0.28564453125,0,-0.052978515625,0,-0.1348876953125
26.9596,0,0.09783935546875,0,-0.28564453125,0,-0.014373779296875,0,-0.1348876953125
26.9697,0,0.09783935546875,0,-0.468505859375,0,-0.014373779296875,0,0.11114501953125
26.9801,0,0.1529541015625,0,-0.468505859375,0,0.0151824951171875,0,0.11114501953125
26.9897,0,0.1529541015625,0,-0.28857421875,0,0.0151824951171875,0,0.2193603515625
26.9974,0,0.0634765625,0,-0.28857421875,0,-0.059234619140625,0,0.2193603515625
27.0128,0,0.0634765625,0,-0.2154541015625,0,-0.059234619140625,0,0.11328125
27.0219,0,0.0634765625,0,-0.2154541015625,0,-0.1015625,0,0.11328125
27.0328,0,0.07513427734375,0,0.2406005859375,0,-0.1015625,0,-0.146240234375
27.0423,0,0.07513427734375,0,0.2406005859375,0,0.03955078125,0,-0.146240234375
27.0499,0,-0.09625244140625,0,0.1427001953125,0,0.03955078125,0,0.2364501953125
27.0577,0,-0.09625244140625,0,0.1427001953125,0,-0.037384033203125,0,0.2364501953125
27.0752,0,0.12432861328125,0,0.348876953125,0,-0.037384033203125,0,0.17626953125
27.0796,0,0.12432861328125,0,0.348876953125,0,-0.003021240234375,0,0.17626953125
27.0869,0,-0.216064453125,0,0.1324462890625,0,-0.003021240234375,0,-0.11328125
27.1002,0,-0.216064453125,0,0.1324462890625,0,0.026123046875,0,-0.11328125
27.1128,0,0.18017578125,0,-0.137939453125,0,0.026123046875,0,0.1318359375
27.1218,0,0.18017578125,0,-0.137939453125,0,-0.1090087890625,0,0.1318359375
27.1324,0,-0.09942626953125,0,-0.277099609375,0,-0.1090087890625,0,0.2176513671875
27.1432,0,-0.09942626953125,0,-0.277099609375,0,-0.0251617431640625,0,0.2176513671875
27.1466,0,0.217041015625,0,0.1448974609375,0,-0.0251617431640625,0,-0.005809783935546875
27.1605,0,0.217041015625,0,0.1448974609375,0,-0.013153076171875,0,-0.005809783935546875
27.1691,0,0.09521484375,0,-0.240478515625,0,-0.013153076171875,0,0.1412353515625
27.1808,0,0.09521484375,0,-0.240478515625,0,0.034027099609375,0,0.1412353515625
27.1933,0,-0.115234375,0,-0.240478515625,0,0.034027099609375,0,0.2003173828125
27.2032,0,-0.115234375,0,0.1646728515625,0,0.034027099609375,0,0.2003173828125
27.2110,0,-0.383544921875,0,0.1646728515625,0,0.0079193115234375,0,0.2003173828125
27.2218,0,-0.383544921875,0,-0.3896484375,0,0.0079193115234375,0,0.13623046875
27.2293,0,0.2474365234375,0,-0.3896484375,0,0.021240234375,0,-0.1783447265625
27.2416,0,0.2474365234375,0,-0.11663818359375,0,0.021240234375,0,-0.1783447265625
27.2498,0,0.082275390625,0,-0.11663818359375,0,0.043670654296875,0,-0.040130615234375
27.2602,0,0.082275390625,0,-0.07855224609375,0,0.043670654296875,0,-0.040130615234375
27.2665,0,0.3232421875,0,-0.07855224609375,0,-0.0523681640625,0,-0.057098388671875
27.2793,0,0.3232421875,0,-0.400634765625,0,-0.0523681640625,0,-0.057098388671875
27.2892,0,-0.329833984375,0,-0.400634765625,0,0.02410888671875,0,0.2548828125
27.3004,0,-0.329833984375,0,-0.330810546875,0,0.02410888671875,0,0.2548828125
27.3126,0,-0.3369140625,0,-0.330810546875,0,0.06927490234375,0,0.2548828125
27.3240,0,-0.3369140625,0,-0.398681640625,0,0.06927490234375,0,0.0811767578125
27.3283,0,0.19384765625,0,-0.398681640625,0,-0.09332275390625,0,0.0811767578125
27.3416,0,0.19384765625,0,-0.248046875,0,-0.09332275390625,0,0.15185546875
27.3495,0,-0.3583984375,0,-0.248046875,0,-0.084716796875,0,0.12548828125
27.3606,0,-0.3583984375,0,0.12384033203125,0,-0.084716796875,0,0.12548828125
27.3738,0,-0.1871337890625,0,0.12384033203125,0,-0.08160400390625,0,0.12548828125
27.3804,0,-0.1871337890625,0,-0.34033203125,0,-0.08160400390625,0,0.058074951171875
27.3869,0,0.132080078125,0,-0.34033203125,0,0.045989990234375,0,0.058074951171875
27.3997,0,0.132080078125,0,0.08013916015625,0,0.045989990234375,0,-0.1292724609375
27.4092,0,-0.193603515625,0,0.08013916015625,0,0.0281982421875,0,-0.1292724609375
27.4216,0,-0.193603515625,0,0.0185546875,0,0.0281982421875,0,-0.190185546875
27.4327,0,-0.193603515625,0,0.0185546875,0,-0.04876708984375,0,-0.190185546875
27.4405,0,-0.25634765625,0,-0.25634765625,0,-0.04876708984375,0,-0.2080078125
27.4484,0,-0.25634765625,0,-0.25634765625,0,0.0134429931640625,0,-0.2080078125
27.4613,0,-0.263916015625,0,0.58447265625,0,0.0134429931640625,0,-0.2235107421875
27.4692,0,-0.263916015625,0,0.58447265625,0,-0.0322265625,0,-0.2235107421875
27.4777,0,0.13037109375,0,0.1785888671875,0,-0.0322265625,0,-0.172119140625
27.4897,0,0.13037109375,0,0.1785888671875,0,-0.028472900390625,0,-0.172119140625
27.4999,0,0.1656494140625,0,0.033050537109375,0,-0.028472900390625,0,-0.12457275390625
27.5068,0,0.1656494140625,0,0.033050537109375,0,0.045623779296875,0,-0.12457275390625
27.5200,0,-0.2880859375,0,0.12237548828125,0,0.045623779296875,0,-0.0153656005859375
27.5292,0,-0.2880859375,0,0.12237548828125,0,-0.016815185546875,0,-0.0153656005859375
27.5408,0,-0.280029296875,0,0.12237548828125,0,-0.016815185546875,0,-0.176025390625
27.5526,0,-0.280029296875,0,0.1514892578125,0,-0.016815185546875,0,-0.176025390625
27.5607,0,-0.1370849609375,0,0.1514892578125,0,0.06982421875,0,-0.25927734375
27.5742,0,-0.1370849609375,0,0.5791015625,0,0.06982421875,0,-0.25927734375
27.5805,0,-0.2265625,0,0.5791015625,0,-0.0699462890625,0,-0.212646484375
27.5901,0,-0.2265625,0,-0.43603515625,0,-0.0699462890625,0,-0.212646484375
27.5978,0,0.2529296875,0,-0.43603515625,0,0.04119873046875,0,0.0253753662109375
27.6095,0,0.2529296875,0,0.1993408203125,0,0.04119873046875,0,0.0253753662109375
27.6211,0,0.03497314453125,0,0.1993408203125,0,-0.0267181396484375,0,0.0117950439453125
27.6301,0,0.03497314453125,0,0.5048828125,0,-0.0267181396484375,0,0.0117950439453125
27.6405,0,-0.083251953125,0,0.5048828125,0,0.023681640625,0,0.0104217529296875
27.6495,0,-0.083251953125,0,-0.1634521484375,0,0.023681640625,0,0.0104217529296875
27.6575,0,-0.3076171875,0,-0.1634521484375,0,-0.10687255859375,0,0.043914794921875
27.6699,0,-0.3076171875,0,-0.0777587890625,0,-0.10687255859375,0,0.043914794921875
27.6804,0,-0.2034912109375,0,-0.0777587890625,0,-0.08203125,0,0.043914794921875
27.6952,0,-0.2034912109375,0,-0.2064208984375,0,-0.08203125,0,-0.131103515625
27.7025,0,0.1256103515625,0,-0.2064208984375,0,-0.0653076171875,0,-0.131103515625
27.7127,0,0.1256103515625,0,0.118896484375,0,-0.0653076171875,0,-0.01873779296875
27.7213,0,0.09429931640625,0,0.118896484375,0,-0.0350341796875,0,-0.01873779296875
27.7327,0,0.09429931640625,0,-0.21923828125,0,-0.0350341796875,0,0.1209716796875
27.7423,0,0.200927734375,0,-0.21923828125,0,0.01499176025390625,0,0.1209716796875
27.7498,0,0.200927734375,0,-0.04681396484375,0,0.01499176025390625,0,-0.2119140625
27.7608,0,0.05169677734375,0,-0.04681396484375,0,0.08795166015625,0,-0.2119140625
27.7708,0,0.05169677734375,0,0.1365966796875,0,0.08795166015625,0,-0.15283203125
27.7784,0,0.06414794921875,0,0.1365966796875,0,-0.06280517578125,0,-0.15283203125
27.7941,0,0.06414794921875,0,-0.28662109375,0,-0.06280517578125,0,0.095947265625
27.8002,0,0.06414794921875,0,-0.28662109375,0,-0.0821533203125,0,0.095947265625
27.8126,0,-0.2264404296875,0,-0.4931640625,0,-0.0821533203125,0,0.0682373046875
27.8231,0,-0.2264404296875,0,-0.4931640625,0,-0.01654052734375,0,0.0682373046875
27.8329,0,-0.050079345703125,0,-0.2393798828125,0,-0.01654052734375,0,0.08038330078125
27.8386,0,-0.07830810546875,0,-0.2393798828125,0,0.0288238525390625,0,0.08038330078125
27.8491,0,-0.07830810546875,0,-0.54345703125,0,0.0288238525390625,0,0.07855224609375
27.8608,0,0.14404296875,0,-0.54345703125,0,0.0633544921875,0,0.07855224609375
27.8664,0,0.14404296875,0,-0.346923828125,0,0.0633544921875,0,0.09027099609375
27.8801,0,0.14404296875,0,-0.346923828125,0,-0.0487060546875,0,0.09027099609375
27.8903,0,0.1392822265625,0,0.258056640625,0,-0.0487060546875,0,-0.12200927734375
27.9006,0,0.1392822265625,0,0.258056640625,0,0.011474609375,0,-0.12200927734375
27.9126,0,-0.3212890625,0,-0.35205078125,0,0.011474609375,0,0.192138671875
27.9214,0,-0.3212890625,0,-0.35205078125,0,0.058258056640625,0,0.192138671875
27.9267,0,0.165771484375,0,-0.347412109375,0,0.058258056640625,0,-0.168701171875
27.9400,0,-0.09130859375,0,-0.347412109375,0,0.0772705078125,0,-0.168701171875
27.9492,0,-0.09130859375,0,-0.268798828125,0,0.0772705078125,0,0.1239013671875
27.9583,0,-0.09130859375,0,-0.268798828125,0,0.024688720703125,0,0.1239013671875
27.9682,0,0.09417724609375,0,-0.268798828125,0,0.024688720703125,0,0.1468505859375
27.9792,0,0.09417724609375,0,-0.376708984375,0,0.01442718505859375,0,0.1468505859375
27.9888,0,-0.1466064453125,0,-0.376708984375,0,0.01442718505859375,0,-0.17919921875
27.9999,0,-0.1466064453125,0,-0.20849609375,0,0.01442718505859375,0,-0.17919921875
28.0098,0,0.037353515625,0,0.485107421875,0,0.0126190185546875,0,-0.1953125
28.0211,0,0.037353515625,0,0.485107421875,0,0.03497314453125,0,-0.1953125
28.0329,0,0.0858154296875,0,0.485107421875,0,0.03497314453125,0,0.0262908935546875
28.0407,0,0.0858154296875,0,0.1650390625,0,0.03497314453125,0,0.0262908935546875
28.0469,0,0.052337646484375,0,0.1650390625,0,-0.0443115234375,0,-0.128662109375
28.0603,0,0.052337646484375,0,-0.38720703125,0,-0.0443115234375,0,-0.128662109375
28.0699,0,-0.05316162109375,0,-0.38720703125,0,-0.01116180419921875,0,0.12225341796875
28.0806,0,-0.05316162109375,0,0.365234375,0,-0.01116180419921875,0,0.12225341796875
28.0930,0,0.1346435546875,0,0.365234375,0,0.02276611328125,0,0.12225341796875
28.1004,0,0.1346435546875,0,-0.06500244140625,0,0.02276611328125,0,-0.124267578125
28.1067,0,-0.16357421875,0,-0.06500244140625,0,-0.047149658203125,0,0.076171875
28.1201,0,-0.16357421875,0,-0.06689453125,0,-0.047149658203125,0,0.076171875
28.1284,0,0.1356201171875,0,-0.06689453125,0,0.037689208984375,0,0.076171875
28.1402,0,0.1356201171875,0,-0.281494140625,0,0.037689208984375,0,0.225830078125
28.1487,0,0.0782470703125,0,-0.281494140625,0,0.09039306640625,0,0.225830078125
28.1602,0,0.0782470703125,0,0.1287841796875,0,0.09039306640625,0,-0.17236328125
28.1666,0,0.1851806640625,0,0.1287841796875,0,0.08343505859375,0,-0.17236328125
28.1801,0,0.1851806640625,0,-0.41162109375,0,0.08343505859375,0,-0.07940673828125
28.1923,0,0.1463623046875,0,-0.41162109375,0,-0.0309600830078125,0,-0.07940673828125
28.2005,0,0.1463623046875,0,-0.10296630859375,0,-0.0309600830078125,0,0.04522705078125
28.2103,0,0.1463623046875,0,-0.10296630859375,0,-0.0221099853515625,0,0.04522705078125
28.2203,0,-0.259033203125,0,-0.19140625,0,-0.0221099853515625,0,-0.27392578125
28.2280,0,0.143798828125,0,-0.19140625,0,-0.0211639404296875,0,-0.27392578125
28.2405,0,0.143798828125,0,-0.3896484375,0,-0.0211639404296875,0,-0.154052734375
28.2498,0,0.143798828125,0,-0.3896484375,0,0.085693359375,0,-0.154052734375
28.2608,0,0.1436767578125,0,-0.482421875,0,0.085693359375,0,0.30615234375
28.2685,0,0.1436767578125,0,-0.482421875,0,0.0343017578125,0,0.30615234375
28.2800,0,-0.345947265625,0,-0.18359375,0,0.0343017578125,0,0.29052734375
28.2864,0,-0.345947265625,0,-0.18359375,0,-0.0823974609375,0,0.29052734375
28.3001,0,-0.231689453125,0,0.1239013671875,0,-0.0823974609375,0,0.2164306640625
28.3104,0,-0.231689453125,0,0.1239013671875,0,-0.0850830078125,0,0.2164306640625
28.3206,0,0.12841796875,0,0.1239013671875,0,-0.0850830078125,0,-0.060455322265625
28.3327,0,0.12841796875,0,-0.1805419921875,0,-0.0850830078125,0,-0.060455322265625
28.3418,0,-0.0231475830078125,0,-0.345947265625,0,-0.0212249755859375,0,0.033111572265625
28.3494,0,-0.0231475830078125,0,-0.345947265625,0,-0.039154052734375,0,0.033111572265625
28.3602,0,0.11181640625,0,-0.345947265625,0,-0.039154052734375,0,-0.035980224609375
28.3699,0,0.11181640625,0,-0.173583984375,0,-0.0736083984375,0,-0.035980224609375
28.3803,0,-0.08551025390625,0,-0.173583984375,0,-0.0736083984375,0,-0.262939453125
28.3943,0,-0.08551025390625,0,-0.5625,0,-0.0736083984375,0,-0.262939453125
28.4003,0,-0.28369140625,0,-0.5625,0,0.044921875,0,0.051300048828125
28.4100,0,-0.28369140625,0,-0.2191162109375,0,0.044921875,0,0.051300048828125
28.4200,0,-0.05816650390625,0,-0.2191162109375,0,0.08184814453125,0,-0.177001953125
28.4325,0,-0.05816650390625,0,-0.1951904296875,0,0.08184814453125,0,-0.177001953125
28.4406,0,0.180419921875,0,-0.1951904296875,0,-0.068359375,0,-0.177001953125
28.4526,0,0.180419921875,0,-0.235595703125,0,-0.068359375,0,-0.0294342041015625
28.4609,0,0.0849609375,0,-0.235595703125,0,-0.07037353515625,0,-0.0294342041015625
28.4729,0,0.0849609375,0,-0.2108154296875,0,-0.07037353515625,0,-0.287109375
28.4807,0,-0.0440673828125,0,-0.2108154296875,0,0.0570068359375,0,0.0909423828125
28.4882,0,-0.0440673828125,0,-0.30419921875,0,0.0570068359375,0,0.0909423828125
28.4971,0,-0.1793212890625,0,-0.30419921875,0,0.051483154296875,0,-0.050994873046875
28.5087,0,-0.1793212890625,0,-0.02471923828125,0,0.051483154296875,0,-0.050994873046875
28.5193,0,0.09039306640625,0,-0.02471923828125,0,0.063720703125,0,-0.1429443359375
28.5301,0,0.09039306640625,0,-0.64208984375,0,0.063720703125,0,-0.1429443359375
28.5401,0,0.09814453125,0,-0.64208984375,0,0.05291748046875,0,-0.1429443359375
28.5527,0,0.09814453125,0,0.69873046875,0,0.05291748046875,0,0.09844970703125
28.5584,0,-0.1712646484375,0,0.69873046875,0,-0.05670166015625,0,0.09844970703125
28.5726,0,-0.1712646484375,0,0.346923828125,0,-0.05670166015625,0,-0.1268310546875
28.5806,0,0.10821533203125,0,0.346923828125,0,-0.042755126953125,0,-0.1268310546875
28.5929,0,0.10821533203125,0,0.021026611328125,0,-0.042755126953125,0,-0.161865234375
28.6005,0,-0.10809326171875,0,0.021026611328125,0,0.036285400390625,0,-0.161865234375
28.6128,0,-0.10809326171875,0,-0.263671875,0,0.036285400390625,0,-0.1671142578125
28.6179,0,0.11956787109375,0,-0.263671875,0,-0.05828857421875,0,-0.1671142578125
28.6298,0,0.11956787109375,0,0.288818359375,0,-0.05828857421875,0,-0.1466064453125
28.6393,0,0.1190185546875,0,0.288818359375,0,-0.0309295654296875,0,-0.1466064453125
28.6528,0,0.1190185546875,0,-0.61865234375,0,-0.0309295654296875,0,-0.138427734375
28.6606,0,0.1190185546875,0,-0.61865234375,0,-0.0537109375,0,-0.138427734375
28.6727,0,-0.268798828125,0,-0.328369140625,0,-0.0537109375,0,0.09747314453125
28.6805,0,-0.268798828125,0,-0.328369140625,0,-0.08880615234375,0,0.09747314453125
28.6927,0,0.03289794921875,0,-0.047576904296875,0,-0.08880615234375,0,0.212890625
28.7014,0,0.03289794921875,0,-0.047576904296875,0,-0.06146240234375,0,0.212890625
28.7068,0,0.2054443359375,0,-0.1956787109375,0,-0.06146240234375,0,-0.136474609375
28.7195,0,0.2054443359375,0,-0.1956787109375,0,-0.0341796875,0,-0.136474609375
28.7294,0,-0.320068359375,0,-0.4130859375,0,-0.0341796875,0,-0.13623046875
28.7392,0,-0.320068359375,0,-0.4130859375,0,-0.0295257568359375,0,-0.13623046875
28.7525,0,0.1845703125,0,-0.34716796875,0,-0.0295257568359375,0,-0.14990234375
28.7611,0,0.1845703125,0,-0.34716796875,0,-0.0836181640625,0,-0.14990234375
28.7697,0,-0.10040283203125,0,-0.34716796875,0,-0.0836181640625,0,-0.01319122314453125
28.7803,0,-0.10040283203125,0,0.2568359375,0,-0.0836181640625,0,-0.01319122314453125
28.7888,0,0.1339111328125,0,0.2568359375,0,0.028167724609375,0,-0.2083740234375
28.8001,0,0.1339111328125,0,0.1297607421875,0,0.028167724609375,0,-0.2083740234375
28.8134,0,0.1480712890625,0,0.1297607421875,0,-0.10687255859375,0,-0.181396484375
28.8221,0,0.1480712890625,0,-0.428955078125,0,-0.10687255859375,0,-0.181396484375
28.8279,0,-0.10308837890625,0,-0.428955078125,0,0.036102294921875,0,-0.1392822265625
28.8404,0,-0.10308837890625,0,0.1507568359375,0,0.036102294921875,0,-0.1392822265625
28.8495,0,0.1446533203125,0,0.1507568359375,0,-0.0217132568359375,0,-0.0860595703125
28.8607,0,0.1446533203125,0,0.60302734375,0,-0.0217132568359375,0,-0.0860595703125
28.8727,0,-0.07952880859375,0,0.60302734375,0,-0.0535888671875,0,-0.0860595703125
28.8806,0,-0.07952880859375,0,0.115966796875,0,-0.0535888671875,0,0.048736572265625
28.8866,0,0.10601806640625,0,0.115966796875,0,-0.0126953125,0,-0.282958984375
28.9006,0,0.10601806640625,0,0.326416015625,0,-0.0126953125,0,-0.282958984375
28.9104,0,0.083740234375,0,0.326416015625,0,-0.0239715576171875,0,-0.1607666015625
28.9206,0,0.083740234375,0,-0.0667724609375,0,-0.0239715576171875,0,-0.1607666015625
28.9329,0,0.1871337890625,0,-0.0667724609375,0,0.06414794921875,0,-0.1607666015625
28.9407,0,0.1871337890625,0,-0.393798828125,0,0.06414794921875,0,-0.171630859375
28.9529,0,-0.1976318359375,0,-0.393798828125,0,-0.056793212890625,0,-0.171630859375
28.9609,0,-0.1976318359375,0,-0.2313232421875,0,-0.056793212890625,0,-0.14306640625
28.9694,0,-0.1954345703125,0,-0.2313232421875,0,-0.0220794677734375,0,0.2039794921875
28.9811,0,-0.1954345703125,0,-0.352783203125,0,-0.0220794677734375,0,0.2039794921875
28.9892,0,0.08270263671875,0,-0.352783203125,0,0.0204620361328125,0,0.2039794921875
29.0001,0,0.08270263671875,0,-0.3681640625,0,0.0204620361328125,0,0.234130859375
29.0092,0,0.05133056640625,0,-0.3681640625,0,0.08319091796875,0,0.234130859375
29.0201,0,0.05133056640625,0,-0.30859375,0,0.08319091796875,0,-0.1539306640625
29.0305,0,0.10504150390625,0,-0.30859375,0,-0.043853759765625,0,-0.1539306640625
29.0411,0,0.10504150390625,0,-0.18212890625,0,-0.043853759765625,0,-0.2724609375
29.0526,0,0.1619873046875,0,-0.18212890625,0,0.0888671875,0,-0.2724609375
29.0607,0,0.1619873046875,0,-0.056365966796875,0,0.0888671875,0,0.2469482421875
29.0666,0,0.096435546875,0,-0.056365966796875,0,-0.036376953125,0,0.2469482421875
29.0796,0,0.096435546875,0,0.445556640625,0,-0.036376953125,0,0.14404296875
29.0900,0,-0.0989990234375,0,0.445556640625,0,0.08673095703125,0,0.14404296875
29.0982,0,-0.0989990234375,0,-0.76611328125,0,0.08673095703125,0,-0.153564453125
29.1106,0,-0.185546875,0,-0.76611328125,0,0.053558349609375,0,-0.153564453125
29.1192,0,-0.185546875,0,-0.41162109375,0,0.053558349609375,0,0.048553466796875
29.1282,0,0.07611083984375,0,-0.41162109375,0,0.0728759765625,0,0.048553466796875
29.1404,0,0.07611083984375,0,-0.406005859375,0,0.0728759765625,0,-0.11395263671875
29.1528,0,-0.256103515625,0,-0.406005859375,0,0.0143890380859375,0,-0.11395263671875
29.1614,0,-0.256103515625,0,0.33203125,0,0.0143890380859375,0,0.174560546875
29.1697,0,-0.256103515625,0,0.33203125,0,-0.04278564453125,0,0.174560546875
29.1804,0,-0.17919921875,0,0.33203125,0,-0.04278564453125,0,0.04095458984375
29.1903,0,-0.17919921875,0,-0.1571044921875,0,0.0400390625,0,0.04095458984375
29.2015,0,0.0214080810546875,0,-0.1571044921875,0,0.0400390625,0,-0.21484375
29.2122,0,0.0214080810546875,0,-0.12030029296875,0,-0.10784912109375,0,-0.21484375
29.2223,0,-0.1607666015625,0,-0.027496337890625,0,-0.10784912109375,0,-0.264404296875
29.2311,0,-0.1607666015625,0,-0.027496337890625,0,0.033966064453125,0,-0.264404296875
29.2419,0,-0.270263671875,0,0.6337890625,0,0.033966064453125,0,0.0931396484375
29.2493,0,-0.270263671875,0,0.6337890625,0,-0.04461669921875,0,0.0931396484375
29.2633,0,-0.2410888671875,0,0.6337890625,0,-0.04461669921875,0,-0.1605224609375
29.2692,0,-0.2410888671875,0,-0.231201171875,0,-0.04461669921875,0,-0.1605224609375
29.2773,0,0.117919921875,0,-0.231201171875,0,-0.031768798828125,0,0.25048828125
29.2895,0,0.117919921875,0,-0.033935546875,0,-0.031768798828125,0,0.25048828125
29.3000,0,0.154541015625,0,-0.033935546875,0,-0.09521484375,0,0.08984375
29.3129,0,0.154541015625,0,0.34326171875,0,-0.09521484375,0,0.08984375
29.3211,0,0.0557861328125,0,0.34326171875,0,0.048309326171875,0,-0.09881591796875
29.3325,0,0.0557861328125,0,0.53369140625,0,0.048309326171875,0,-0.09881591796875
29.3416,0,-0.296875,0,0.53369140625,0,0.08148193359375,0,-0.09881591796875
29.3531,0,-0.296875,0,-0.2039794921875,0,0.08148193359375,0,-0.2071533203125
29.3631,0,-0.094482421875,0,-0.2039794921875,0,0.0213775634765625,0,-0.2071533203125
29.3753,0,-0.094482421875,0,0.4638671875,0,0.0213775634765625,0,-0.055084228515625
29.3823,0,-0.1195068359375,0,0.4638671875,0,-0.0208587646484375,0,-0.055084228515625
29.3899,0,-0.1195068359375,0,0.70068359375,0,-0.0208587646484375,0,-0.13134765625
29.4002,0,0.1793212890625,0,0.70068359375,0,0.055419921875,0,-0.13134765625
29.4125,0,0.1793212890625,0,0.11663818359375,0,0.055419921875,0,-0.025543212890625
29.4203,0,-0.1724853515625,0,0.11663818359375,0,0.038299560546875,0,-0.025543212890625
29.4292,0,-0.1724853515625,0,-0.344970703125,0,0.038299560546875,0,0.105224609375
29.4407,0,-0.180908203125,0,-0.344970703125,0,-0.10546875,0,0.105224609375
29.4497,0,-0.180908203125,0,0.492431640625,0,-0.10546875,0,-0.144775390625
29.4581,0,-0.2149658203125,0,0.492431640625,0,-0.027801513671875,0,-0.144775390625
29.4727,0,-0.2149658203125,0,-0.2464599609375,0,-0.027801513671875,0,-0.2032470703125
29.4810,0,-0.2149658203125,0,-0.2464599609375,0,0.033416748046875,0,-0.2032470703125
29.4931,0,0.1485595703125,0,0.06683349609375,0,0.033416748046875,0,-0.1650390625
29.5007,0,0.0433349609375,0,0.06683349609375,0,0.053070068359375,0,-0.1650390625
29.5128,0,0.0433349609375,0,-0.426025390625,0,0.053070068359375,0,-0.0252685546875
29.5181,0,-0.226806640625,0,-0.426025390625,0,0.0330810546875,0,-0.0252685546875
29.5301,0,-0.226806640625,0,-0.280517578125,0,0.0330810546875,0,0.24609375
29.5393,0,0.0552978515625,0,-0.280517578125,0,0.0338134765625,0,0.24609375
29.5480,0,0.0552978515625,0,0.287353515625,0,0.0338134765625,0,-0.1533203125
29.5602,0,0.0552978515625,0,0.287353515625,0,0.028045654296875,0,-0.1533203125
29.5696,0,0.1865234375,0,0.287353515625,0,0.028045654296875,0,-0.147705078125
29.5796,0,-0.077880859375,0,0.2529296875,0,0.041717529296875,0,-0.147705078125
29.5960,0,-0.077880859375,0,0.2529296875,0,0.041717529296875,0,0.035614013671875
29.6007,0,-0.077880859375,0,0.2459716796875,0,-0.033477783203125,0,0.035614013671875
29.6128,0,0.1512451171875,0,0.2459716796875,0,-0.033477783203125,0,-0.145263671875
29.6205,0,0.1512451171875,0,0.41064453125,0,-0.11602783203125,0,-0.145263671875
29.6296,0,0.12139892578125,0,0.359619140625,0,-0.11602783203125,0,0.056640625
29.6390,0,0.12139892578125,0,0.359619140625,0,-0.0887451171875,0,0.056640625
29.6516,0,-0.287841796875,0,0.359619140625,0,-0.0887451171875,0,-0.026702880859375
29.6595,0,-0.156494140625,0,-0.2349853515625,0,-0.040771484375,0,-0.026702880859375
29.6729,0,-0.156494140625,0,-0.2349853515625,0,-0.040771484375,0,-0.1854248046875
29.6807,0,-0.156494140625,0,-0.181640625,0,0.0623779296875,0,-0.1854248046875
29.6928,0,0.1207275390625,0,-0.181640625,0,0.0623779296875,0,-0.08087158203125
29.6995,0,0.1207275390625,0,0.05242919921875,0,-0.03399658203125,0,-0.08087158203125
29.7128,0,0.0287322998046875,0,0.05242919921875,0,-0.03399658203125,0,-0.127685546875
29.7204,0,0.0287322998046875,0,0.342041015625,0,-0.048583984375,0,-0.127685546875
29.7272,0,0.09625244140625,0,0.342041015625,0,-0.048583984375,0,-0.19287109375
29.7412,0,0.09625244140625,0,-0.413330078125,0,-0.048583984375,0,-0.19287109375
29.7489,0,-0.2491455078125,0,-0.413330078125,0,-0.0726318359375,0,-0.06787109375
29.7602,0,-0.2491455078125,0,0.37744140625,0,-0.0726318359375,0,-0.06787109375
29.7694,0,0.0938720703125,0,0.37744140625,0,-0.045440673828125,0,0.1832275390625
29.7792,0,0.0938720703125,0,0.340087890625,0,0.023406982421875,0,0.1832275390625
29.7866,0,0.142822265625,0,0.340087890625,0,0.023406982421875,0,-0.202392578125
29.8003,0,0.142822265625,0,0.2392578125,0,0.023406982421875,0,-0.202392578125
29.8116,0,0.0838623046875,0,0.2392578125,0,0.05194091796875,0,-0.07598876953125
29.8227,0,0.0838623046875,0,0.13671875,0,0.05194091796875,0,-0.07598876953125
29.8331,0,0.0284271240234375,0,0.13671875,0,-0.07196044921875,0,-0.07598876953125
29.8412,0,0.0284271240234375,0,0.3544921875,0,-0.07196044921875,0,0.184814453125
29.8471,0,-0.062164306640625,0,0.3544921875,0,0.0550537109375,0,0.2357177734375
29.8601,0,-0.062164306640625,0,0.038787841796875,0,0.0550537109375,0,0.2357177734375
29.8683,0,-0.080078125,0,0.038787841796875,0,-0.0679931640625,0,0.2357177734375
29.8802,0,-0.080078125,0,0.4755859375,0,-0.0679931640625,0,0.0771484375
29.8894,0,0.108642578125,0,0.4755859375,0,0.016387939453125,0,0.0771484375
29.9005,0,0.108642578125,0,0.19140625,0,0.016387939453125,0,-0.168701171875
29.9133,0,0.1243896484375,0,0.19140625,0,0.11865234375,0,-0.168701171875
29.9210,0,0.1243896484375,0,0.10040283203125,0,0.11865234375,0,0.11334228515625
29.9328,0,0.10693359375,0,0.10040283203125,0,-0.038543701171875,0,0.11334228515625
29.9403,0,0.10693359375,0,0.10809326171875,0,-0.038543701171875,0,0.12646484375
29.9532,0,0.08648681640625,0,0.10809326171875,0,-0.0679931640625,0,0.12646484375
29.9608,0,0.08648681640625,0,-0.1097412109375,0,-0.0679931640625,0,-0.16796875
29.9669,0,0.189208984375,0,-0.1097412109375,0,0.0582275390625,0,-0.16796875
29.9803,0,0.189208984375,0,-0.331787109375,0,0.0582275390625,0,-0.1490478515625
29.9881,0,0.189208984375,0,-0.331787109375,0,0.0282440185546875,0,-0.1490478515625
29.9970,0,-0.10943603515625,0,0.321044921875,0,0.0282440185546875,0,-0.20556640625
30.0107,0,-0.10943603515625,0,0.321044921875,0,0.0906982421875,0,-0.20556640625
30.0201,0,0.115234375,0,-0.468994140625,0,0.0906982421875,0,-0.162353515625
30.0265,0,0.09381103515625,0,-0.468994140625,0,0.02923583984375,0,-0.162353515625
30.0401,0,0.09381103515625,0,0.1387939453125,0,0.02923583984375,0,0.1278076171875
30.0504,0,0.0614013671875,0,0.1387939453125,0,-0.09405517578125,0,0.1278076171875
30.0626,0,0.0614013671875,0,0.1387939453125,0,-0.09405517578125,0,0.0914306640625
30.0752,0,0.0614013671875,0,0.56640625,0,0.005706787109375,0,0.0914306640625
30.0808,0,-0.029541015625,0,0.56640625,0,0.005706787109375,0,-0.1861572265625
30.0865,0,-0.029541015625,0,0.4736328125,0,-0.049468994140625,0,-0.1861572265625
30.0999,0,0.1722412109375,0,0.033172607421875,0,-0.049468994140625,0,0.040008544921875
30.1092,0,-0.1275634765625,0,0.033172607421875,0,0.00904083251953125,0,0.040008544921875
30.1180,0,-0.1275634765625,0,0.7158203125,0,0.00904083251953125,0,-0.03497314453125
30.1284,0,-0.1275634765625,0,0.7158203125,0,-0.0218505859375,0,-0.03497314453125
30.1393,0,0.1278076171875,0,0.67529296875,0,-0.0218505859375,0,0.147705078125
30.1483,0,0.1278076171875,0,0.67529296875,0,0.0709228515625,0,0.147705078125
30.1603,0,0.11541748046875,0,0.67529296875,0,0.0709228515625,0,0.060302734375
30.1724,0,0.11541748046875,0,-0.1737060546875,0,0.0562744140625,0,0.060302734375
30.1808,0,0.2164306640625,0,-0.1737060546875,0,0.0562744140625,0,-0.147705078125
30.1930,0,0.2164306640625,0,-0.43701171875,0,0.0562744140625,0,-0.147705078125
30.2006,0,0.1597900390625,0,-0.43701171875,0,0.030242919921875,0,0.09027099609375
30.2133,0,0.1597900390625,0,-0.347900390625,0,0.030242919921875,0,0.09027099609375
30.2241,0,0.2254638671875,0,0.2095947265625,0,-0.0179595947265625,0,0.07421875
30.2312,0,0.2254638671875,0,0.2095947265625,0,-0.0238800048828125,0,0.07421875
30.2401,0,0.248779296875,0,0.2095947265625,0,-0.0238800048828125,0,-0.048553466796875
30.2538,0,0.248779296875,0,0.1788330078125,0,-0.0238800048828125,0,-0.048553466796875
30.2619,0,0.10662841796875,0,0.1788330078125,0,-0.01119232177734375,0,-0.191162109375
30.2692,0,0.10662841796875,0,-0.446044921875,0,-0.01119232177734375,0,-0.191162109375
30.2814,0,0.1915283203125,0,-0.446044921875,0,0.0197906494140625,0,-0.191162109375
30.2889,0,0.1915283203125,0,-0.2457275390625,0,0.0197906494140625,0,-0.013427734375
30.2973,0,-0.0556640625,0,-0.2457275390625,0,-0.0662841796875,0,-0.0657958984375
30.3096,0,-0.0556640625,0,-0.445556640625,0,-0.0662841796875,0,-0.0657958984375
30.3193,0,0.1181640625,0,-0.445556640625,0,-0.040252685546875,0,0.140380859375
30.3327,0,0.1181640625,0,0.59765625,0,-0.040252685546875,0,0.140380859375
30.3405,0,0.02349853515625,0,0.59765625,0,0.0235748291015625,0,0.140380859375
30.3525,0,0.02349853515625,0,0.144287109375,0,0.0235748291015625,0,0.26318359375
30.3620,0,0.1641845703125,0,0.144287109375,0,-0.039306640625,0,0.26318359375
30.3727,0,0.1641845703125,0,0.1455078125,0,-0.039306640625,0,0.0261688232421875
30.3813,0,0.10272216796875,0,0.1455078125,0,-0.03515625,0,0.0261688232421875
30.3932,0,0.10272216796875,0,-0.3095703125,0,-0.03515625,0,0.2213134765625
30.4005,0,-0.363037109375,0,-0.3095703125,0,-0.044586181640625,0,0.2213134765625
30.4094,0,-0.363037109375,0,0.1964111328125,0,-0.044586181640625,0,0.2255859375
30.4172,0,-0.1505126953125,0,0.1964111328125,0,0.024627685546875,0,0.2255859375
30.4299,0,-0.1505126953125,0,0.60693359375,0,0.024627685546875,0,0.1505126953125
30.4394,0,0.0723876953125,0,0.60693359375,0,-0.0963134765625,0,0.1505126953125
30.4530,0,0.0723876953125,0,0.51416015625,0,-0.0963134765625,0,0.0849609375
30.4608,0,0.0723876953125,0,0.51416015625,0,0.0292510986328125,0,0.0849609375
30.4728,0,-0.365966796875,0,0.118408203125,0,0.0292510986328125,0,-0.2037353515625
30.4790,0,-0.1021728515625,0,0.118408203125,0,0.02850341796875,0,-0.2037353515625
30.4930,0,-0.1021728515625,0,-0.3125,0,0.02850341796875,0,-0.01435089111328125
30.5005,0,0.08984375,0,-0.3125,0,-0.105712890625,0,-0.01435089111328125
30.5128,0,0.08984375,0,-0.1588134765625,0,-0.105712890625,0,0.1673583984375
30.5205,0,0.08984375,0,-0.1588134765625,0,-0.076904296875,0,0.1673583984375
30.5286,0,0.06829833984375,0,0.306396484375,0,-0.076904296875,0,-0.08349609375
30.5369,0,0.06829833984375,0,0.306396484375,0,0.038787841796875,0,-0.08349609375
30.5486,0,-0.152099609375,0,-0.323974609375,0,0.038787841796875,0,0.2010498046875
30.5595,0,-0.152099609375,0,-0.323974609375,0,-0.0628662109375,0,0.2010498046875
30.5667,0,-0.360107421875,0,-0.451904296875,0,-0.0628662109375,0,-0.228759765625
30.5803,0,-0.139404296875,0,-0.451904296875,0,0.04400634765625,0,-0.228759765625
30.5901,0,-0.139404296875,0,0.11700439453125,0,0.04400634765625,0,-0.1070556640625
30.6007,0,-0.24951171875,0,0.11700439453125,0,0.082275390625,0,-0.1070556640625
30.6128,0,-0.24951171875,0,0.1787109375,0,0.082275390625,0,-0.1632080078125
30.6204,0,-0.24951171875,0,0.1787109375,0,0.0250091552734375,0,-0.1632080078125
30.6268,0,0.06982421875,0,-0.41796875,0,0.0250091552734375,0,-0.07879638671875
30.6412,0,-0.2103271484375,0,-0.41796875,0,0.043121337890625,0,-0.07879638671875
30.6494,0,-0.2103271484375,0,0.60986328125,0,0.043121337890625,0,-0.1402587890625
30.6704,0,-0.209228515625,0,0.60986328125,0,-0.024322509765625,0,1.0908203125
30.6803,0,-0.209228515625,0,2.763671875,0,-0.024322509765625,0,1.0908203125
30.6885,0,4.6328125,0,2.763671875,5,4.08984375,0,1.0908203125
30.7022,0,4.6328125,1,3.375,5,4.08984375,16,1.4716796875
30.7099,6,2.59375,1,3.375,27,0.73974609375,16,1.4716796875
30.7205,6,2.59375,1,3.375,27,0.73974609375,40,-0.37890625
30.7293,6,2.59375,35,-0.943359375,27,0.73974609375,40,-0.37890625
30.7402,31,0.3818359375,35,-0.943359375,51,0.8857421875,40,-0.37890625
30.7493,31,0.3818359375,77,3.4375,51,0.8857421875,48,-0.31201171875
30.7603,48,-0.8330078125,77,3.4375,47,0.0797119140625,51,-0.489013671875
30.7686,48,-0.8330078125,0,8.4921875,47,0.0797119140625,51,-0.489013671875
30.7777,48,-0.142822265625,0,8.4921875,43,0.49755859375,31,2.11328125
30.7893,48,-0.142822265625,26,0.318603515625,43,0.49755859375,31,2.11328125
30.8006,40,1.021484375,26,0.318603515625,25,1.98828125,31,2.11328125
30.8091,40,1.021484375,60,1.572265625,25,1.98828125,41,0.76220703125
30.8200,21,2.685546875,60,1.572265625,26,1.52734375,54,-1.083984375
30.8310,21,2.685546875,64,1.287109375,26,1.52734375,54,-1.083984375
30.8380,10,3.083984375,64,1.287109375,40,-0.1873779296875,51,0.08660888671875
30.8504,10,3.083984375,34,2.736328125,40,-0.1873779296875,51,0.08660888671875
30.8617,4,3.373046875,34,2.736328125,50,0.484375,51,0.08660888671875
30.8707,4,3.373046875,15,2.857421875,50,0.484375,0,8.453125
30.8799,26,0.30908203125,15,2.857421875,59,2.10546875,0,8.453125
30.8908,26,0.30908203125,40,-0.423095703125,59,2.10546875,9,2.693359375
30.9019,52,-0.869140625,40,-0.423095703125,32,2.169921875,9,2.693359375
30.9101,52,-0.869140625,55,0.466064453125,32,2.169921875,52,-1.546875
30.9211,54,-0.279052734375,55,0.466064453125,22,2.11328125,52,-1.546875
30.9298,54,-0.279052734375,52,-0.452392578125,22,2.11328125,75,2.265625
30.9380,11,4.38671875,52,-0.452392578125,7,2.755859375,75,2.265625
30.9506,11,4.38671875,25,3.361328125,7,2.755859375,16,5.45703125
30.9580,23,1.650390625,25,3.361328125,52,1.927734375,16,5.45703125
30.9710,23,1.650390625,6,3.337890625,52,1.927734375,23,0.5615234375
30.9820,23,1.650390625,6,3.337890625,60,0.8251953125,23,0.5615234375
30.9895,53,1.4306640625,38,-0.7822265625,60,0.8251953125,64,-2.474609375
30.9991,53,1.4306640625,38,-0.7822265625,53,-0.09912109375,64,-2.474609375
31.0106,46,0.60498046875,38,-0.7822265625,53,-0.09912109375,65,1.3017578125
31.0214,46,0.60498046875,63,1.435546875,37,0.87451171875,65,1.3017578125
31.0304,9,2.7109375,39,2.81640625,37,0.87451171875,44,0.80517578125
31.0423,9,2.7109375,39,2.81640625,33,1.2353515625,44,0.80517578125
31.0487,38,-0.3662109375,42,0.4404296875,33,1.2353515625,55,-0.94775390625
31.0610,38,-0.3662109375,42,0.4404296875,37,0.53369140625,55,-0.94775390625
31.0692,54,-0.73681640625,42,0.4404296875,37,0.53369140625,1,5.32421875
31.0811,54,-0.73681640625,39,0.81396484375,46,-0.180419921875,1,5.32421875
31.0891,26,2.9765625,39,0.81396484375,46,-0.180419921875,36,-0.55029296875
31.1001,26,2.9765625,39,0.71875,47,0.0628662109375,36,-0.55029296875
31.1086,17,2.375,39,0.71875,47,0.0628662109375,66,-1.7080078125
31.1186,17,2.375,42,0.36572265625,11,5.109375,66,-1.7080078125
31.1323,33,0.443115234375,42,0.36572265625,11,5.109375,61,-0.403564453125
31.1376,33,0.443115234375,43,0.357666015625,11,5.109375,61,-0.403564453125
31.1490,54,0.9970703125,43,0.357666015625,24,1.1357421875,15,2.990234375
31.1623,54,0.9970703125,44,0.408447265625,51,1.150390625,15,2.990234375
31.1710,17,5.171875,44,0.408447265625,51,1.150390625,48,-1.712890625
31.1826,17,5.171875,26,2.138671875,50,0.7734375,48,-1.712890625
31.1911,10,2.93359375,26,2.138671875,50,0.7734375,61,-1.107421875
31.2020,10,2.93359375,34,0.3125,29,1.2158203125,61,-1.107421875
31.2110,37,0.14013671875,34,0.3125,29,1.2158203125,34,2.583984375
31.2218,37,0.14013671875,55,1.2255859375,29,1.2158203125,34,2.583984375
31.2294,46,0.7763671875,55,1.2255859375,43,-0.0809326171875,38,0.59228515625
31.2425,47,0.099853515625,42,1.197265625,51,0.259521484375,38,0.59228515625
31.2526,47,0.099853515625,42,1.197265625,51,0.259521484375,47,-0.1763916015625
31.2586,47,0.099853515625,24,2.1796875,51,0.0902099609375,47,-0.1763916015625
31.2725,26,2.1953125,24,2.1796875,51,0.0902099609375,47,-0.1763916015625
31.2844,26,2.1953125,50,0.880859375,51,0.0902099609375,49,-0.1363525390625
31.2916,2,4.0,50,0.880859375,30,2.6796875,49,-0.1363525390625
31.3031,2,4.0,52,-0.4462890625,30,2.6796875,42,0.84423828125
31.3131,1,3.431640625,52,-0.4462890625,23,1.8369140625,42,0.84423828125
31.3229,1,3.431640625,49,0.20849609375,23,1.8369140625,34,0.69287109375
31.3326,38,-0.8505859375,49,0.20849609375,43,-0.22607421875,34,0.69287109375
31.3412,38,-0.8505859375,28,2.06640625,43,-0.22607421875,49,-0.1134033203125
31.3521,57,-0.81494140625,28,2.06640625,53,0.2071533203125,49,-0.1134033203125
31.3632,57,-0.81494140625,5,3.669921875,53,0.2071533203125,50,-0.044769287109375
31.3716,60,0.61962890625,5,3.669921875,51,0.10601806640625,50,-0.044769287109375
31.3841,60,0.61962890625,40,-0.98046875,51,0.10601806640625,46,0.49609375
31.3924,29,3.86328125,40,-0.98046875,36,2.08203125,46,0.49609375
31.4064,29,3.86328125,64,1.5556640625,30,1.6435546875,48,-0.2041015625
31.4176,6,4.125,58,0.5419921875,30,1.6435546875,47,-0.334228515625
31.4259,2,3.384765625,58,0.5419921875,37,0.32470703125,47,-0.334228515625
31.4336,2,3.384765625,39,1.7099609375,37,0.32470703125,15,3.701171875
31.4463,34,-0.107666015625,39,1.7099609375,54,0.81396484375,15,3.701171875
31.4540,34,-0.107666015625,39,1.7099609375,54,0.81396484375,20,1.6455078125
31.4653,63,-1.5146484375,9,3.5234375,48,0.443359375,20,1.6455078125
31.4773,63,-1.5146484375,22,1.2626953125,48,0.443359375,61,-1.5234375
31.4856,63,-1.5146484375,22,1.2626953125,50,0.0250396728515625,61,-1.5234375
31.4930,0,5.09375,56,-1.7529296875,50,0.0250396728515625,57,-0.10186767578125
31.5051,24,0.884765625,56,-1.7529296875,25,3.32421875,57,-0.10186767578125
31.5162,24,0.884765625,56,-1.7529296875,25,3.32421875,55,0.3134765625
31.5248,49,-0.33154296875,58,0.169189453125,25,1.736328125,55,0.3134765625
31.5360,49,-0.33154296875,58,0.169189453125,25,1.736328125,29,2.94140625
31.5449,49,-0.33154296875,53,-0.2076416015625,43,-0.061737060546875,29,2.94140625
31.5520,54,-0.255615234375,53,-0.2076416015625,43,-0.061737060546875,15,2.390625
31.5657,54,-0.255615234375,38,1.365234375,54,-0.18994140625,15,2.390625
31.5762,9,5.234375,38,1.365234375,54,-0.18994140625,15,2.390625
31.5848,9,5.234375,10,3.748046875,52,0.04583740234375,45,-0.94873046875
31.5932,25,1.26953125,10,3.748046875,52,0.04583740234375,69,-2.173828125
31.6042,25,1.26953125,23,1.12109375,35,1.7939453125,69,-2.173828125
31.6120,53,-0.861328125,23,1.12109375,35,1.7939453125,31,4.046875
31.6239,53,-0.861328125,59,-1.5498046875,19,2.337890625,31,4.046875
31.6351,56,0.1590576171875,59,-1.5498046875,19,2.337890625,31,4.046875
31.6528,54,-0.2734375,59,-0.1602783203125,40,-0.08502197265625,49,0.09259033203125
31.6629,54,-0.2734375,22,2.29296875,56,0.81005859375,49,0.09259033203125
31.6712,47,0.86474609375,22,2.29296875,56,0.81005859375,53,-0.129638671875
31.6834,47,0.86474609375,46,-0.591796875,53,0.2481689453125,53,-0.129638671875
31.6921,5,4.22265625,46,-0.591796875,53,0.2481689453125,53,-0.129638671875
31.7021,5,4.22265625,58,0.438232421875,66,1.0224609375,51,-0.1416015625
31.7123,2,3.654296875,58,0.438232421875,66,1.0224609375,51,-0.1416015625
31.7234,2,3.654296875,54,-0.24658203125,66,1.0224609375,31,2.498046875
31.7337,37,-0.359619140625,54,-0.24658203125,19,5.55078125,31,2.498046875
31.7433,37,-0.359619140625,10,4.13671875,19,5.55078125,10,2.96484375
31.7508,60,-0.81201171875,10,4.13671875,10,3.306640625,10,2.96484375
31.7611,60,-0.81201171875,35,-0.462646484375,2,3.724609375,51,-1.607421875
31.7703,63,-0.89306640625,35,-0.462646484375,2,3.724609375,51,-1.607421875
31.7818,63,-0.89306640625,58,-0.896484375,2,3.724609375,64,-1.451171875
31.7927,22,4.94921875,58,-0.896484375,50,1.8681640625,64,-1.451171875
31.8014,22,4.94921875,53,0.271240234375,50,1.8681640625,57,0.27978515625
31.8132,27,1.8583984375,53,0.271240234375,59,0.55810546875,57,0.27978515625
31.8235,27,1.8583984375,25,1.8486328125,59,0.55810546875,46,0.587890625
31.8344,42,0.389404296875,25,1.8486328125,58,0.1734619140625,46,0.587890625
31.8429,42,0.389404296875,52,1.03515625,58,0.1734619140625,10,3.466796875
31.8538,43,0.728515625,52,1.03515625,70,1.1669921875,10,3.466796875
31.8645,43,0.728515625,51,0.529296875,70,1.1669921875,30,0.404541015625
31.8743,41,1.1494140625,51,0.529296875,11,6.87890625,30,0.404541015625
31.8853,41,1.1494140625,52,-0.13037109375,11,6.87890625,63,-1.6591796875
31.8945,16,3.6953125,52,-0.13037109375,12,2.09375,63,-1.6591796875
31.9049,16,3.6953125,16,5.1015625,12,2.09375,60,-0.422607421875
31.9161,6,3.701171875,16,5.1015625,53,1.94140625,60,-0.422607421875
31.9245,6,3.701171875,17,2.078125,53,1.94140625,57,-0.59912109375
31.9356,46,-1.236328125,17,2.078125,61,1.0947265625,57,-0.59912109375
31.9446,46,-1.236328125,17,2.078125,61,1.0947265625,18,3.521484375
31.9555,65,-1.1708984375,59,2.16015625,60,0.6240234375,18,3.521484375
31.9641,65,-1.1708984375,59,2.16015625,60,0.6240234375,9,2.708984375
31.9714,63,0.595703125,60,-0.08221435546875,40,1.6005859375,9,2.708984375
31.9839,63,0.595703125,33,1.2666015625,40,1.6005859375,44,-1.1484375
31.9951,63,0.595703125,33,1.2666015625,45,0.52783203125,44,-1.1484375
32.0024,27,3.4453125,46,-0.34375,45,0.52783203125,67,-1.4892578125
32.0124,9,3.826171875,46,-0.34375,42,0.75634765625,67,-1.4892578125
32.0234,9,3.826171875,46,-0.34375,42,0.75634765625,66,-1.169921875
32.0323,9,3.826171875,56,-0.59765625,6,3.216796875,66,-1.169921875
32.0433,4,3.80078125,56,-0.59765625,6,3.216796875,22,4.32421875
32.0544,4,3.80078125,24,4.31640625,51,1.7490234375,22,4.32421875
32.0656,30,0.5810546875,24,4.31640625,51,1.7490234375,18,2.125
32.0753,30,0.5810546875,36,0.4912109375,59,0.60205078125,18,2.125
32.0836,64,-1.6533203125,36,0.4912109375,59,0.60205078125,59,-2.3046875
32.0951,64,-1.6533203125,59,1.1708984375,55,-0.11572265625,59,-2.3046875
32.1032,61,0.35302734375,59,1.1708984375,55,-0.11572265625,61,-0.6767578125
32.1144,61,0.35302734375,48,0.71337890625,69,1.1005859375,61,-0.6767578125
32.1230,39,2.28125,48,0.71337890625,69,1.1005859375,58,-0.50244140625
32.1340,39,2.28125,49,0.394775390625,15,6.3359375,58,-0.50244140625
32.1425,13,3.818359375,49,0.394775390625,15,6.3359375,31,3.033203125
32.1535,13,3.818359375,18,4.015625,5,3.34375,31,3.033203125
32.1632,22,2.09765625,18,4.015625,5,3.34375,6,3.791015625
32.1729,22,2.09765625,39,-0.453125,29,0.5234375,6,3.791015625
32.1842,57,1.0859375,39,-0.453125,29,0.5234375,36,-0.497802734375
32.1959,57,1.0859375,56,-0.6201171875,61,1.4765625,36,-0.497802734375
32.2041,59,-0.25341796875,56,-0.6201171875,61,1.4765625,36,-0.497802734375
32.2144,59,-0.25341796875,57,0.39404296875,61,0.79248046875,66,-1.6806640625
32.2237,30,4.5546875,57,0.39404296875,61,0.79248046875,66,-1.6806640625
32.2351,30,4.5546875,20,5.0390625,75,2.1328125,64,0.8740234375
32.2431,39,1.0869140625,20,5.0390625,75,2.1328125,30,3.443359375
32.2521,39,1.0869140625,19,2.451171875,58,0.254638671875,30,3.443359375
32.2658,52,-0.1971435546875,19,2.451171875,58,0.254638671875,30,3.443359375
32.2760,52,-0.1971435546875,56,1.6416015625,11,3.484375,22,1.7099609375
32.2849,52,0.53759765625,56,1.6416015625,11,3.484375,22,1.7099609375
32.2959,52,0.53759765625,65,1.4580078125,4,3.4921875,56,-1.76171875
32.3040,2,5.05078125,65,1.4580078125,4,3.4921875,56,-1.76171875
32.3173,2,5.05078125,20,4.3984375,56,1.6123046875,65,-1.259765625
32.3237,26,0.9794921875,20,4.3984375,56,1.6123046875,65,-1.259765625
32.3313,26,0.9794921875,25,1.4599609375,66,1.2900390625,28,3.55859375
32.3433,66,-1.8251953125,25,1.4599609375,66,1.2900390625,28,3.55859375
32.3544,66,-1.8251953125,59,1.5703125,66,1.2900390625,29,1.28125
32.3641,68,-0.73193359375,59,1.5703125,83,2.818359375,29,1.28125
32.3754,68,-0.73193359375,60,-0.2457275390625,83,2.818359375,57,-1.47265625
32.3845,44,1.9697265625,60,-0.2457275390625,61,0.418212890625,57,-1.47265625
32.3933,44,1.9697265625,20,3.03515625,12,3.130859375,60,-0.82177734375
32.4042,43,1.001953125,20,3.03515625,12,3.130859375,60,-0.82177734375
32.4155,43,1.001953125,20,3.03515625,12,3.130859375,33,2.634765625
32.4249,19,3.6015625,48,-0.86474609375,2,3.751953125,33,2.634765625
32.4362,19,3.6015625,54,0.061004638671875,2,3.751953125,25,1.89453125
32.4446,21,2.439453125,54,0.061004638671875,53,2.01953125,25,1.89453125
32.4521,21,2.439453125,57,-0.76904296875,53,2.01953125,54,-1.3427734375
32.4653,56,-1.234375,57,-0.76904296875,62,0.83203125,54,-1.3427734375
32.4762,56,-1.234375,57,-0.76904296875,62,0.83203125,63,-1.345703125
32.4845,60,-0.2353515625,13,4.703125,80,4.0390625,63,-1.345703125
32.4958,60,-0.2353515625,13,4.703125,80,4.0390625,28,3.685546875
32.5042,60,-0.26318359375,31,0.57421875,22,7.28125,28,3.685546875
32.5163,60,-0.26318359375,31,0.57421875,22,7.28125,28,1.4609375
32.5256,32,3.470703125,63,1.689453125,4,3.6484375,28,1.4609375
32.5350,32,3.470703125,63,1.689453125,4,3.6484375,56,-1.298828125
32.5474,10,3.955078125,52,0.2244873046875,29,0.5439453125,56,-1.298828125
32.5554,10,3.955078125,52,0.2244873046875,29,0.5439453125,61,-0.7177734375
32.5633,27,1.1181640625,23,1.9150390625,61,1.375,61,-0.7177734375
32.5747,27,1.1181640625,23,1.9150390625,61,1.375,44,1.1865234375
32.5831,63,-1.14453125,56,1.236328125,61,0.69775390625,44,1.1865234375
32.5940,63,-1.14453125,56,1.236328125,61,0.69775390625,17,2.654296875
32.6021,63,0.1357421875,62,0.72216796875,74,1.501953125,17,2.654296875
32.6161,63,0.1357421875,62,0.72216796875,74,1.501953125,48,-0.99072265625
32.6222,63,0.1357421875,18,6.203125,1,3.701171875,48,-0.99072265625
32.6296,54,0.6220703125,18,6.203125,1,3.701171875,67,-1.5556640625
32.6420,54,0.6220703125,35,0.304931640625,32,0.263916015625,67,-1.5556640625
32.6527,10,4.2890625,35,0.304931640625,32,0.263916015625,60,-0.56494140625
32.6624,10,4.2890625,58,0.810546875,61,1.2958984375,60,-0.56494140625
32.6732,24,1.7607421875,58,0.810546875,61,1.2958984375,48,0.478759765625
32.6835,24,1.7607421875,61,0.625,61,0.442626953125,48,0.478759765625
32.6907,65,-1.828125,61,0.625,61,0.442626953125,12,3.646484375
32.7029,65,-1.828125,19,4.87109375,10,1.0439453125,12,3.646484375
32.7143,62,0.310302734375,19,4.87109375,10,1.0439453125,12,3.646484375
32.7241,62,0.310302734375,33,0.9404296875,4,3.85546875,12,2.70703125
32.7336,58,0.291748046875,33,0.9404296875,4,3.85546875,60,-2.224609375
32.7423,58,0.291748046875,61,1.6142578125,53,2.044921875,60,-2.224609375
32.7510,9,4.46484375,61,1.6142578125,53,2.044921875,62,-0.309326171875
32.7621,9,4.46484375,59,-0.59375,63,0.9443359375,62,-0.309326171875
32.7735,27,0.96826171875,59,-0.59375,63,0.9443359375,62,-0.309326171875
32.7822,27,0.96826171875,25,4.515625,83,4.26171875,61,0.47998046875
32.7930,63,-1.140625,25,4.515625,83,4.26171875,15,4.35546875
32.8017,63,-1.140625,22,1.9619140625,67,1.3828125,15,4.35546875
32.8112,66,0.47412109375,22,1.9619140625,67,1.3828125,23,1.400390625
32.8233,66,0.47412109375,60,1.7998046875,-4,5.46875,23,1.400390625
32.8349,55,0.8037109375,60,1.7998046875,-4,5.46875,23,1.400390625
32.8429,55,0.8037109375,63,-0.77001953125,36,-0.1805419921875,67,-2.138671875
32.8540,2,5.51171875,63,-0.77001953125,36,-0.1805419921875,67,-2.138671875
32.8628,2,5.51171875,40,1.1376953125,62,0.986328125,69,1.296875
32.8738,33,0.33642578125,40,1.1376953125,62,0.986328125,69,1.296875
32.8826,33,0.33642578125,44,0.375244140625,87,4.3359375,27,4.265625
32.8936,65,-1.2490234375,44,0.375244140625,87,4.3359375,27,4.265625
32.9020,65,-1.2490234375,47,-0.8857421875,-2,10.8828125,11,2.96484375
32.9135,66,-0.30859375,47,-0.8857421875,-2,10.8828125,11,2.96484375
32.9216,66,-0.30859375,47,-0.8857421875,-2,10.8828125,58,-2.091796875
32.9344,59,-0.2457275390625,51,-0.2073974609375,29,0.53271484375,58,-2.091796875
32.9411,59,-0.2457275390625,47,0.595703125,61,1.12109375,66,-0.74609375
32.9526,-1,8.265625,47,0.595703125,61,1.12109375,66,-0.74609375
32.9600,-1,8.265625,46,0.54931640625,82,1.01171875,58,-0.199462890625
32.9744,17,1.4716796875,46,0.54931640625,82,1.01171875,58,-0.199462890625
32.9832,17,1.4716796875,46,0.54931640625,82,1.01171875,18,2.837890625
32.9940,53,-0.57763671875,31,1.828125,1,11.0390625,18,2.837890625
33.0025,53,-0.57763671875,45,0.14404296875,1,11.0390625,41,-0.27734375
33.0138,69,1.0771484375,45,0.14404296875,29,0.6396484375,41,-0.27734375
33.0211,69,1.0771484375,59,0.64208984375,29,0.6396484375,70,1.76953125
33.0334,60,0.40771484375,59,0.64208984375,61,1.4052734375,70,1.76953125
33.0415,60,0.40771484375,59,0.64208984375,61,1.4052734375,34,4.0625
33.0528,15,4.01953125,24,4.67578125,61,0.463134765625,34,4.0625
33.0613,15,4.01953125,24,4.67578125,61,0.463134765625,40,0.73486328125
33.0732,17,2.828125,28,1.46875,73,1.09375,40,0.73486328125
33.0810,17,2.828125,62,1.904296875,73,1.09375,59,-1.224609375
33.0929,55,-0.72314453125,62,1.904296875,2,5.23828125,59,-1.224609375
33.1017,55,-0.72314453125,62,1.904296875,2,5.23828125,51,0.464111328125
33.1093,56,0.46435546875,63,0.7080078125,44,-0.99755859375,51,0.464111328125
33.1214,56,0.46435546875,63,0.7080078125,44,-0.99755859375,25,1.7568359375
33.1328,24,3.994140625,14,5.08984375,63,1.044921875,25,1.7568359375
33.1410,24,3.994140625,14,5.08984375,63,1.044921875,61,-1.9140625
33.1530,23,2.4765625,33,0.5048828125,84,4.1328125,61,-1.9140625
33.1614,23,2.4765625,33,0.5048828125,84,4.1328125,63,-0.8544921875
33.1692,54,-0.83349609375,59,-0.84521484375,67,0.50537109375,63,-0.8544921875
33.1823,54,-0.83349609375,59,-0.84521484375,67,0.50537109375,24,4.421875
33.1949,54,-0.83349609375,57,-0.2479248046875,4,6.3671875,24,4.421875
33.2032,50,1.1630859375,57,-0.2479248046875,4,6.3671875,33,0.1722412109375
33.2152,6,3.697265625,39,1.1318359375,22,1.3193359375,33,0.1722412109375
33.2230,6,3.697265625,39,1.1318359375,22,1.3193359375,57,-0.92724609375
33.2306,48,-0.837890625,47,-0.3544921875,61,1.3408203125,57,-0.92724609375
33.2427,48,-0.837890625,47,-0.3544921875,61,1.3408203125,64,0.9208984375
33.2580,67,-1.1220703125,52,-0.05426025390625,62,0.52734375,64,0.9208984375
33.2645,67,-1.1220703125,52,-0.05426025390625,62,0.52734375,59,-0.155029296875
33.2769,67,-1.1220703125,50,0.475830078125,77,1.833984375,59,-0.155029296875
33.2856,59,0.62646484375,50,0.475830078125,77,1.833984375,59,-0.155029296875
33.2929,59,0.62646484375,22,2.53125,57,-0.1640625,17,3.658203125
33.3051,13,3.58203125,22,2.53125,57,-0.1640625,13,2.83203125
33.3165,13,3.58203125,49,-1.009765625,57,-0.1640625,13,2.83203125
33.3248,31,1.0498046875,49,-1.009765625,9,3.396484375,61,-1.8515625
33.3358,31,1.0498046875,66,1.2099609375,24,0.9521484375,61,-1.8515625
33.3452,61,-0.6201171875,66,1.2099609375,24,0.9521484375,61,-1.8515625
33.3517,61,-0.6201171875,28,4.11328125,57,0.81689453125,63,-0.489990234375
33.3639,61,-0.1405029296875,28,4.11328125,57,0.81689453125,60,-0.357666015625
33.3785,61,-0.1405029296875,20,2.32421875,57,0.81689453125,60,-0.357666015625
33.3844,47,1.5185546875,20,2.32421875,63,1.091796875,18,4.078125
33.3984,47,1.5185546875,58,1.76953125,80,2.28125,18,4.078125
33.4052,33,1.9658203125,58,1.76953125,80,2.28125,18,4.078125
33.4126,33,1.9658203125,65,-1.236328125,60,0.37255859375,35,0.278564453125
33.4251,42,1.12890625,65,-1.236328125,60,0.37255859375,35,0.278564453125
33.4367,42,1.12890625,51,0.34765625,60,0.37255859375,65,-1.7685546875
33.4449,2,4.70703125,51,0.34765625,16,3.142578125,60,0.17626953125
33.4558,2,4.70703125,47,0.71142578125,16,3.142578125,60,0.17626953125
33.4641,22,1.51953125,47,0.71142578125,2,4.09765625,60,0.17626953125
33.4713,22,1.51953125,20,2.611328125,54,1.892578125,38,1.0390625
33.4837,66,-1.421875,20,2.611328125,54,1.892578125,38,1.0390625
33.4950,66,-1.421875,45,-0.2841796875,54,1.892578125,47,-0.04852294921875
33.5034,72,-0.84228515625,45,-0.2841796875,62,0.79443359375,47,-0.04852294921875
33.5149,72,-0.84228515625,61,-0.56982421875,62,0.79443359375,59,-0.857421875
33.5243,65,0.2213134765625,61,-0.56982421875,81,4.00390625,59,-0.857421875
33.5319,65,0.2213134765625,56,0.685546875,81,4.00390625,46,0.81298828125
33.5438,14,4.5625,56,0.685546875,66,0.383544921875,46,0.81298828125
33.5549,14,4.5625,18,3.083984375,66,0.383544921875,47,0.2958984375
33.5652,5,4.02734375,18,3.083984375,4,7.91015625,47,0.2958984375
33.5755,5,4.02734375,53,-1.3427734375,4,7.91015625,44,0.6376953125
33.5842,46,-0.8544921875,53,-1.3427734375,4,3.513671875,44,0.6376953125
33.5914,46,-0.8544921875,67,1.314453125,4,3.513671875,53,-0.388916015625
33.6035,59,-0.100341796875,67,1.314453125,54,1.671875,53,-0.388916015625
33.6126,59,-0.100341796875,67,1.314453125,54,1.671875,42,0.77587890625
33.6223,59,0.267578125,14,6.5546875,61,0.7080078125,42,0.77587890625
33.6347,59,0.267578125,14,6.5546875,61,0.7080078125,28,1.6171875
33.6432,70,0.66162109375,32,0.72119140625,83,3.50390625,28,1.6171875
33.6538,70,0.66162109375,32,0.72119140625,83,3.50390625,54,-0.78662109375
33.6636,4,8.96875,61,-1.056640625,64,1.078125,54,-0.78662109375
33.6753,4,8.96875,61,-1.056640625,64,1.078125,61,-0.81884765625
33.6839,4,4.07421875,57,0.6376953125,7,3.72265625,61,-0.81884765625
33.6928,4,4.07421875,57,0.6376953125,7,3.72265625,51,0.2763671875
33.7049,4,4.07421875,56,-0.55419921875,30,0.4638671875,51,0.2763671875
33.7182,56,-1.408203125,56,-0.55419921875,30,0.4638671875,22,2.24609375
33.7245,73,1.361328125,20,4.67578125,62,1.2783203125,22,2.24609375
33.7335,73,1.361328125,20,4.67578125,62,1.2783203125,47,-0.5888671875
33.7435,69,0.400390625,16,2.8046875,64,0.8095703125,47,-0.5888671875
33.7551,69,0.400390625,16,2.8046875,64,0.8095703125,63,-1.109375
33.7640,69,0.400390625,57,1.6767578125,74,0.8056640625,63,-1.109375
33.7745,-9,9.71875,57,1.6767578125,74,0.8056640625,48,0.258544921875
33.7833,-9,9.71875,64,-0.7919921875,0,5.19140625,48,0.258544921875
33.7911,31,1.0322265625,64,-0.7919921875,0,5.19140625,38,0.9873046875
33.8031,31,1.0322265625,60,-0.44091796875,41,-0.7109375,38,0.9873046875
33.8145,58,-0.2376708984375,60,-0.44091796875,41,-0.7109375,47,0.236572265625
33.8248,58,-0.2376708984375,25,3.9921875,62,0.81494140625,47,0.236572265625
33.8361,64,-0.29541015625,25,3.9921875,62,0.81494140625,54,-0.26171875
33.8445,64,-0.29541015625,12,3.16015625,89,4.3828125,54,-0.26171875
33.8557,7,11.359375,12,3.16015625,89,4.3828125,51,0.17041015625
33.8642,7,11.359375,46,-1.0771484375,0,6.3984375,51,0.17041015625
33.8762,24,1.283203125,46,-1.0771484375,0,6.3984375,50,0.1453857421875
33.8853,24,1.283203125,69,1.65234375,43,0.78955078125,50,0.1453857421875
33.8958,61,-0.99072265625,69,1.65234375,43,0.78955078125,19,3.15625
33.9040,61,-0.99072265625,63,0.529296875,65,1.2646484375,19,3.15625
33.9153,62,0.07183837890625,63,0.529296875,65,1.2646484375,42,-0.301513671875
33.9228,62,0.07183837890625,33,3.318359375,90,3.75,42,-0.301513671875
33.9362,62,-0.137939453125,33,3.318359375,90,3.75,63,-1.126953125
33.9440,62,-0.137939453125,8,4.07421875,3,5.5546875,63,-1.126953125
33.9511,36,2.73046875,8,4.07421875,3,5.5546875,57,-0.29736328125
33.9604,36,2.73046875,29,0.358154296875,53,2.076171875,57,-0.29736328125
33.9750,17,3.697265625,29,0.358154296875,53,2.076171875,57,-0.29736328125
33.9825,17,3.697265625,68,1.7138671875,64,1.1123046875,56,0.09942626953125
33.9945,24,2.017578125,68,1.7138671875,64,1.1123046875,21,4.21875
34.0030,24,2.017578125,68,1.7138671875,88,3.12890625,21,4.21875
34.0114,58,-0.85205078125,64,0.67138671875,88,3.12890625,13,2.49609375
34.0225,58,-0.85205078125,64,0.67138671875,2,6.16796875,13,2.49609375
34.0352,61,0.438720703125,26,4.1796875,2,6.16796875,13,2.49609375
34.0411,61,0.438720703125,26,4.1796875,49,1.6064453125,54,-1.587890625
34.0532,59,0.31298828125,20,2.5859375,49,1.6064453125,54,-1.587890625
34.0661,59,0.31298828125,20,2.5859375,65,1.216796875,64,-0.8251953125
34.0706,53,0.73486328125,58,1.71875,65,1.216796875,64,-0.8251953125
34.0838,53,0.73486328125,58,1.71875,86,2.94921875,64,-0.9609375
34.0937,49,1.0224609375,64,0.58642578125,86,2.94921875,64,-0.9609375
34.1016,49,1.0224609375,64,0.58642578125,6,3.888671875,22,4.01171875
34.1111,18,4.50390625,49,0.67578125,6,3.888671875,22,4.01171875
34.1221,18,4.50390625,49,0.67578125,6,3.888671875,22,1.8828125
34.1309,27,1.6953125,47,0.935546875,56,1.736328125,22,1.8828125
34.1419,27,1.6953125,47,0.935546875,56,1.736328125,63,-2.19921875
34.1528,27,1.6953125,47,0.70849609375,68,1.6171875,63,-2.19921875
34.1601,62,-1.2294921875,47,0.70849609375,-2,1.4716796875,62,-0.335693359375
34.1733,65,0.06317138671875,48,0.367919921875,-2,1.4716796875,62,-0.335693359375
34.1826,65,0.06317138671875,48,0.367919921875,-2,1.4716796875,60,-0.50341796875
34.1898,61,0.392822265625,45,0.61376953125,10,2.662109375,60,-0.50341796875
34.2044,61,0.392822265625,45,0.61376953125,10,2.662109375,20,3.798828125
34.2121,61,0.392822265625,38,1.1416015625,57,1.25,20,3.798828125
34.2230,21,4.39453125,38,1.1416015625,57,1.25,19,2.203125
34.2341,20,2.814453125,48,-0.141357421875,65,1.1923828125,19,2.203125
34.2425,20,2.814453125,48,-0.141357421875,65,1.1923828125,60,-2.1484375
34.2508,54,-0.62255859375,61,-1.0341796875,11,7.35546875,60,-2.1484375
34.2642,54,-0.62255859375,61,-1.0341796875,11,7.35546875,62,-0.318115234375
34.2759,54,-0.62255859375,23,3.64453125,18,2.08203125,62,-0.318115234375
34.2845,60,-0.177001953125,23,3.64453125,18,2.08203125,61,-0.69775390625
34.2954,60,-0.177001953125,30,1.607421875,62,1.490234375,61,-0.69775390625
34.3039,8,5.96484375,30,1.607421875,62,1.490234375,17,4.13671875
34.3154,8,5.96484375,62,1.7587890625,92,4.39453125,17,4.13671875
34.3236,39,-0.1405029296875,62,1.7587890625,92,4.39453125,28,0.98193359375
34.3352,39,-0.1405029296875,62,0.59814453125,1,7.96484375,28,0.98193359375
34.3432,59,-0.05828857421875,62,0.59814453125,1,7.96484375,63,-1.693359375
34.3542,59,-0.05828857421875,22,5.1328125,39,-0.138671875,63,-1.693359375
34.3630,61,0.187255859375,22,5.1328125,39,-0.138671875,61,-0.1815185546875
34.3740,61,0.187255859375,32,1.1142578125,63,1.181640625,61,-0.1815185546875
34.3830,56,0.75732421875,32,1.1142578125,63,1.181640625,57,0.332763671875
34.3910,56,0.75732421875,61,-1.6123046875,89,4.359375,57,0.332763671875
34.4022,3,5.421875,61,-1.6123046875,89,4.359375,30,3.220703125
34.4148,3,5.421875,60,-0.52587890625,2,6.41015625,30,3.220703125
34.4233,44,-0.392333984375,60,-0.52587890625,2,6.41015625,11,3.33984375
34.4331,44,-0.392333984375,53,0.37646484375,47,-1.4033203125,11,3.33984375
34.4428,69,-1.1171875,53,0.37646484375,47,-1.4033203125,50,-1.470703125
34.4541,69,-1.1171875,51,0.139892578125,64,1.0419921875,50,-1.470703125
34.4613,68,0.1640625,51,0.139892578125,64,1.0419921875,65,-1.021484375
34.4744,68,0.1640625,19,4.10546875,86,3.923828125,65,-1.021484375
34.4835,60,0.458251953125,19,4.10546875,86,3.923828125,65,-1.021484375
34.4908,60,0.458251953125,7,3.439453125,3,5.24609375,65,0.92431640625
34.5027,13,5.12890625,7,3.439453125,3,5.24609375,18,4.359375
34.5138,13,5.12890625,7,3.439453125,46,-1.244140625,18,4.359375
34.5225,43,0.1517333984375,59,-2.603515625,46,-1.244140625,31,0.48828125
34.5335,43,0.1517333984375,59,-2.603515625,63,0.88037109375,31,0.48828125
34.5417,63,-0.51611328125,66,-0.6103515625,63,0.88037109375,31,0.48828125
34.5522,63,-0.51611328125,61,-0.032501220703125,83,2.28515625,63,-1.46875
34.5618,63,-0.037017822265625,61,-0.032501220703125,83,2.28515625,63,-1.46875
34.5729,63,-0.037017822265625,61,-0.032501220703125,83,2.28515625,62,-0.15087890625
34.5812,46,1.2548828125,13,3.841796875,53,2.03125,59,0.162841796875
34.5933,46,1.2548828125,13,3.841796875,17,3.701171875,59,0.162841796875
34.6026,8,4.1796875,46,-0.791015625,17,3.701171875,59,0.162841796875
34.6109,8,4.1796875,46,-0.791015625,19,1.646484375,15,3.951171875
34.6227,10,3.28125,69,-1.904296875,19,1.646484375,15,3.951171875
34.6340,10,3.28125,69,-1.904296875,19,1.646484375,34,0.2449951171875
34.6410,60,-1.5546875,68,0.89306640625,58,1.1259765625,34,0.2449951171875
34.6534,60,-1.5546875,68,0.89306640625,58,1.1259765625,62,-1.0986328125
34.6627,71,1.017578125,21,4.41015625,64,1.158203125,62,-1.0986328125
34.6738,71,1.017578125,21,4.41015625,64,1.158203125,58,0.2362060546875
34.6824,69,-0.33642578125,15,2.775390625,75,2.51953125,58,0.2362060546875
34.6934,69,-0.33642578125,15,2.775390625,75,2.51953125,56,-0.132568359375
34.7010,28,4.9609375,60,-2.17578125,60,0.368896484375,56,-0.132568359375
34.7146,28,4.9609375,60,-2.17578125,60,0.368896484375,25,3.6796875
34.7233,28,4.9609375,66,-0.3623046875,16,3.18359375,25,3.6796875
34.7350,27,2.451171875,66,-0.3623046875,16,3.18359375,18,2.51171875
34.7429,27,2.451171875,63,-0.444091796875,22,1.287109375,18,2.51171875
34.7544,45,0.578125,63,-0.444091796875,22,1.287109375,62,-2.17578125
34.7623,45,0.578125,16,4.1640625,57,0.96435546875,62,-2.17578125
34.7710,56,0.23095703125,16,4.1640625,57,0.96435546875,62,-0.290283203125
34.7841,56,0.23095703125,27,1.19921875,63,0.9697265625,62,-0.290283203125
34.7932,58,0.498046875,27,1.19921875,63,0.9697265625,61,0.53173828125
34.8022,58,0.498046875,63,-1.50390625,79,2.193359375,61,0.53173828125
34.8132,57,0.474853515625,63,-1.50390625,79,2.193359375,17,3.990234375
34.8223,57,0.474853515625,66,0.67041015625,5,4.53125,17,3.990234375
34.8321,24,4.0859375,66,0.67041015625,5,4.53125,26,1.0107421875
34.8429,24,4.0859375,56,0.32470703125,34,0.03985595703125,26,1.0107421875
34.8546,7,4.3671875,56,0.32470703125,34,0.03985595703125,60,-1.2353515625
34.8634,7,4.3671875,17,3.248046875,61,1.248046875,60,-1.2353515625
34.8744,28,1.13671875,17,3.248046875,61,1.248046875,64,-0.6904296875
34.8832,28,1.13671875,41,-0.9228515625,83,0.99755859375,64,-0.6904296875
34.8951,68,1.2978515625,41,-0.9228515625,83,0.99755859375,59,-0.0428466796875
34.9036,68,1.2978515625,61,-0.367431640625,1,9.6171875,59,-0.0428466796875
34.9120,66,-0.35546875,61,-0.367431640625,1,9.6171875,16,3.802734375
34.9231,66,-0.35546875,57,0.235595703125,27,0.86669921875,16,3.802734375
34.9343,27,5.03125,57,0.235595703125,27,0.86669921875,30,0.74951171875
34.9418,27,5.03125,55,0.1571044921875,62,1.1875,30,0.74951171875
34.9542,14,3.447265625,55,0.1571044921875,62,1.1875,70,-2.6953125
34.9625,14,3.447265625,55,0.1571044921875,92,4.80859375,70,-2.6953125
34.9711,45,-0.29443359375,22,4.55078125,92,4.80859375,58,-0.0870361328125
34.9851,45,-0.29443359375,22,4.55078125,2,6.59375,58,-0.0870361328125
34.9930,56,0.50634765625,19,2.521484375,2,6.59375,43,0.7373046875
35.0023,56,0.50634765625,19,2.521484375,46,1.259765625,43,0.7373046875
35.0073,55,0.90283203125,57,1.619140625,46,1.259765625,53,-0.2127685546875
35.0215,55,0.90283203125,57,1.619140625,63,0.97998046875,53,-0.2127685546875
35.0296,14,3.283203125,67,1.1748046875,63,0.97998046875,58,-0.43701171875
35.0415,14,3.283203125,67,1.1748046875,90,4.02734375,58,-0.43701171875
35.0526,52,-0.4599609375,19,4.890625,90,4.02734375,58,-0.43701171875
35.0603,52,-0.4599609375,19,4.890625,6,4.37890625,22,4.046875
35.0673,62,0.10833740234375,46,-0.29296875,6,4.37890625,29,1.1611328125
35.0819,62,0.10833740234375,46,-0.29296875,54,2.220703125,29,1.1611328125
35.0894,58,0.70263671875,58,-0.037353515625,54,2.220703125,61,-1.080078125
35.1032,58,0.70263671875,58,-0.037353515625,64,1.0009765625,61,-1.080078125
35.1129,6,5.91015625,57,0.226806640625,64,1.0009765625,61,-1.080078125
35.1213,6,5.91015625,57,0.226806640625,85,2.7734375,62,-0.5693359375
35.1330,35,0.452880859375,28,2.13671875,85,2.7734375,62,-0.5693359375
35.1412,35,0.452880859375,28,2.13671875,85,2.7734375,32,1.6328125
35.1485,65,-0.888671875,54,-0.97705078125,10,3.40625,32,1.6328125
35.1625,65,-0.888671875,54,-0.97705078125,56,1.216796875,54,-1.0537109375
35.1709,65,-0.888671875,55,0.428955078125,56,1.216796875,54,-1.0537109375
35.1821,70,0.58935546875,55,0.428955078125,66,1.4267578125,57,-0.64892578125
35.1945,70,0.58935546875,56,-0.12286376953125,66,1.4267578125,57,-0.64892578125
35.2046,15,5.546875,56,-0.12286376953125,66,1.4267578125,49,0.56103515625
35.2120,15,5.546875,16,4.17578125,-2,4.12109375,49,0.56103515625
35.2242,21,2.58984375,16,4.17578125,-2,4.12109375,51,-0.2449951171875
35.2353,21,2.58984375,39,0.2174072265625,21,1.513671875,51,-0.2449951171875
35.2436,63,-1.0654296875,39,0.2174072265625,21,1.513671875,54,-0.21337890625
35.2548,63,-1.0654296875,63,0.923828125,56,0.72314453125,54,-0.21337890625
35.2631,67,-0.3154296875,63,0.923828125,56,0.72314453125,12,4.63671875
35.2752,67,-0.3154296875,57,0.461181640625,64,1.0498046875,12,4.63671875
35.2845,44,2.47265625,57,0.461181640625,64,1.0498046875,26,1.095703125
35.2954,44,2.47265625,22,2.09765625,76,1.7041015625,26,1.095703125
35.3040,28,2.7109375,22,2.09765625,76,1.7041015625,70,-2.197265625
35.3153,28,2.7109375,61,-1.9267578125,16,2.15234375,70,-2.197265625
35.3237,40,1.517578125,61,-1.9267578125,16,2.15234375,67,-1.291015625
35.3320,40,1.517578125,62,0.267333984375,57,0.9609375,67,-1.291015625
35.3435,51,0.49951171875,62,0.267333984375,57,0.9609375,30,3.896484375
35.3551,51,0.49951171875,62,0.267333984375,64,1.1708984375,30,3.896484375
35.3631,55,0.3876953125,58,0.0278472900390625,64,1.1708984375,35,1.0146484375
35.3742,55,0.3876953125,58,0.0278472900390625,25,2.12109375,35,1.0146484375
35.3843,52,1.2421875,21,5.578125,25,2.12109375,48,-0.181884765625
35.3948,52,1.2421875,21,5.578125,11,3.171875,48,-0.181884765625
35.4035,8,3.529296875,19,2.599609375,11,3.171875,61,-1.1572265625
35.4159,8,3.529296875,19,2.599609375,59,1.458984375,61,-1.1572265625
35.4243,61,-2.033203125,59,-1.771484375,59,1.458984375,56,0.276123046875
35.4329,61,-2.033203125,59,-1.771484375,65,1.177734375,56,0.276123046875
35.4437,71,-0.7138671875,63,-0.336669921875,65,1.177734375,19,2.681640625
35.4551,71,-0.7138671875,63,-0.336669921875,5,1.6796875,19,2.681640625
35.4635,66,-0.0615234375,58,0.10516357421875,5,1.6796875,44,-0.61865234375
35.4745,66,-0.0615234375,58,0.10516357421875,17,2.27734375,44,-0.61865234375
35.4855,37,2.900390625,28,3.384765625,17,2.27734375,68,-1.4287109375
35.4955,37,2.900390625,28,3.384765625,60,1.3740234375,68,-1.4287109375
35.5043,6,4.70703125,9,3.658203125,60,1.3740234375,62,-0.44921875
35.5149,6,4.70703125,9,3.658203125,66,1.0400390625,62,-0.44921875
35.5233,26,1.5341796875,51,-1.6005859375,66,1.0400390625,53,0.11029052734375
35.5354,26,1.5341796875,51,-1.6005859375,-1,13.7109375,53,0.11029052734375
35.5419,68,1.423828125,64,-1.1435546875,-1,13.7109375,14,3.630859375
35.5551,68,1.423828125,64,-1.1435546875,26,1.0419921875,14,3.630859375
35.5628,60,0.7861328125,63,0.4765625,26,1.0419921875,14,3.630859375
35.5734,60,0.7861328125,63,0.4765625,63,1.494140625,22,1.7138671875
35.5823,57,0.57958984375,20,5.53125,63,1.494140625,65,-2.412109375
35.5933,57,0.57958984375,20,5.53125,93,5.4140625,65,-2.412109375
35.6017,3,4.96484375,29,1.6259765625,93,5.4140625,64,-0.470703125
35.6129,3,4.96484375,29,1.6259765625,2,7.69140625,64,-0.470703125
35.6214,3,4.96484375,63,-1.8095703125,2,7.69140625,64,-0.470703125
35.6329,40,-0.2427978515625,63,-1.8095703125,48,1.4248046875,60,-0.3232421875
35.6414,68,-0.63623046875,63,-0.208740234375,48,1.4248046875,60,-0.3232421875
35.6530,68,-0.63623046875,63,-0.208740234375,64,1.1044921875,11,4.21875
35.6611,68,-0.63623046875,13,3.9375,64,1.1044921875,11,4.21875
35.6707,64,0.457763671875,13,3.9375,88,3.5859375,33,0.11883544921875
35.6820,64,0.457763671875,57,1.4931640625,88,3.5859375,33,0.11883544921875
35.6928,18,3.123046875,57,1.4931640625,4,5.21875,65,-1.51953125
35.7014,18,3.123046875,64,-0.416748046875,4,5.21875,65,-1.51953125
35.7136,51,0.12384033203125,64,-0.416748046875,48,-1.3291015625,68,1.076171875
35.7226,67,-0.73388671875,62,-0.2509765625,48,-1.3291015625,68,1.076171875
35.7352,67,-0.73388671875,62,-0.2509765625,64,1.11328125,39,2.595703125
35.7432,67,-0.73388671875,17,3.375,64,1.11328125,39,2.595703125
35.7546,61,0.7109375,17,3.375,85,3.439453125,15,2.794921875
35.7628,61,0.7109375,44,-0.425537109375,85,3.439453125,15,2.794921875
35.7739,44,1.392578125,44,-0.425537109375,5,5.2734375,54,-1.69921875
35.7814,33,2.29296875,70,1.3388671875,5,5.2734375,54,-1.69921875
35.7944,33,2.29296875,70,1.3388671875,50,1.5087890625,65,-0.74951171875
35.8043,33,2.29296875,59,-0.328857421875,50,1.5087890625,65,-0.74951171875
35.8139,14,3.0078125,59,-0.328857421875,65,1.2705078125,65,0.72265625
35.8248,60,-1.1025390625,54,0.393798828125,65,1.2705078125,65,0.72265625
35.8369,60,-1.1025390625,54,0.393798828125,65,1.2705078125,20,4.23046875
35.8431,60,-1.1025390625,14,4.16015625,85,3.837890625,20,4.23046875
35.8552,73,-1.28125,14,4.16015625,67,0.5048828125,24,1.822265625
35.8638,73,-1.28125,33,0.3857421875,67,0.5048828125,24,1.822265625
35.8714,69,-0.31103515625,33,0.3857421875,-2,5.1640625,62,-1.888671875
35.8836,69,-0.31103515625,64,-1.283203125,-2,5.1640625,62,-1.888671875
35.8944,24,5.41796875,64,-1.283203125,-2,5.1640625,62,-0.3173828125
35.9052,24,5.41796875,64,-1.283203125,37,-0.33349609375,62,-0.3173828125
35.9141,16,3.337890625,63,-0.31103515625,63,1.2060546875,62,0.501953125
35.9225,16,3.337890625,59,-0.0921630859375,63,1.2060546875,62,0.501953125
35.9311,58,-1.24609375,59,-0.0921630859375,85,2.365234375,23,4.03125
35.9420,58,-1.24609375,15,4.0859375,85,2.365234375,23,4.03125
35.9537,70,-0.58935546875,15,4.0859375,85,2.365234375,16,2.71875
35.9636,70,-0.58935546875,15,4.0859375,3,11.5625,16,2.71875
35.9682,65,0.3720703125,26,1.166015625,19,1.7490234375,63,-2.23046875
35.9826,65,0.3720703125,65,-1.4541015625,19,1.7490234375,63,-2.23046875
35.9903,61,0.32958984375,65,-1.4541015625,58,0.9765625,67,0.6279296875
36.0028,61,0.32958984375,66,0.79931640625,58,0.9765625,67,0.6279296875
36.0134,15,4.9921875,66,0.79931640625,58,0.9765625,56,0.1204833984375
36.0216,15,4.9921875,66,0.79931640625,65,0.90185546875,56,0.1204833984375
36.0353,7,4.21484375,44,1.5869140625,65,0.90185546875,14,3.421875
36.0414,7,4.21484375,44,1.5869140625,1,12.625,14,3.421875
36.0499,60,-1.4013671875,24,2.2421875,1,12.625,44,-0.93603515625
36.0611,60,-1.4013671875,24,2.2421875,32,0.411376953125,44,-0.93603515625
36.0726,75,1.251953125,53,-0.86865234375,32,0.411376953125,44,-0.93603515625
36.0812,75,1.251953125,53,-0.86865234375,61,1.1142578125,67,-1.51953125
36.0883,70,-0.384033203125,64,0.6416015625,61,1.1142578125,62,-0.66259765625
36.1020,70,-0.384033203125,64,0.6416015625,63,0.67626953125,62,-0.66259765625
36.1092,28,4.70703125,32,3.728515625,63,0.67626953125,45,1.0830078125
36.1216,28,4.70703125,32,3.728515625,0,13.0234375,45,1.0830078125
36.1332,15,3.71875,18,2.517578125,0,13.0234375,45,1.0830078125
36.1412,15,3.71875,18,2.517578125,25,1.0693359375,17,3.12890625
36.1529,57,-0.625,65,2.34765625,25,1.0693359375,17,3.12890625
36.1614,57,-0.625,65,2.34765625,58,0.755859375,45,-0.78173828125
36.1718,64,0.146728515625,65,-0.5732421875,58,0.755859375,45,-0.78173828125
36.1814,64,0.146728515625,65,-0.5732421875,63,0.99658203125,66,-1.28515625
36.1928,64,0.146728515625,17,3.890625,63,0.99658203125,66,-1.28515625
36.2015,61,0.56982421875,17,3.890625,-3,1.95703125,33,2.72265625
36.2129,61,0.56982421875,50,-1.103515625,-3,1.95703125,33,2.72265625
36.2212,24,3.279296875,50,-1.103515625,18,1.853515625,42,0.436279296875
36.2340,24,3.279296875,67,-1.2294921875,18,1.853515625,42,0.436279296875
36.2424,54,-0.1949462890625,67,-1.2294921875,59,0.99609375,57,-0.728515625
36.2535,54,-0.1949462890625,68,0.8994140625,59,0.99609375,57,-0.728515625
36.2635,62,-0.1295166015625,68,0.8994140625,88,1.8583984375,52,0.466064453125
36.2748,62,-0.1295166015625,22,4.94140625,88,1.8583984375,52,0.466064453125
36.2854,64,-0.1964111328125,22,4.94140625,1,8.3984375,51,0.2127685546875
36.2970,64,-0.1964111328125,15,2.71875,1,8.3984375,51,0.2127685546875
36.3056,56,1.0673828125,15,2.71875,42,-0.80126953125,45,0.76318359375
36.3186,56,1.0673828125,59,-2.240234375,42,-0.80126953125,45,0.76318359375
36.3239,11,3.76171875,59,-2.240234375,62,0.95849609375,44,0.79736328125
36.3375,11,3.76171875,64,0.474853515625,62,0.95849609375,44,0.79736328125
36.3444,53,-0.5185546875,64,0.474853515625,62,0.95849609375,48,0.31494140625
36.3523,53,-0.5185546875,62,-0.159912109375,91,4.0234375,48,0.31494140625
36.3641,68,-0.7607421875,62,-0.159912109375,91,4.0234375,48,0.3310546875
36.3753,68,-0.7607421875,17,3.736328125,8,3.8359375,48,0.3310546875
36.3837,44,1.58984375,17,3.736328125,8,3.8359375,51,0.299560546875
36.3962,44,1.58984375,36,0.36865234375,56,1.6796875,51,0.299560546875
36.4047,40,1.64453125,36,0.36865234375,56,1.6796875,51,0.299560546875
36.4116,40,1.64453125,62,-0.69921875,68,1.60546875,52,-0.1031494140625
36.4251,50,0.43359375,62,-0.69921875,68,1.60546875,52,-0.1031494140625
36.4337,50,0.43359375,62,-0.69921875,-2,14.5078125,36,1.498046875
36.4435,0,4.39453125,59,0.3916015625,-2,14.5078125,44,0.275390625
36.4556,0,4.39453125,59,0.3916015625,27,0.80078125,44,0.275390625
36.4665,24,1.58984375,36,1.4833984375,27,0.80078125,44,0.275390625
36.4719,24,1.58984375,54,-0.52734375,62,1.2119140625,57,-0.69482421875
36.4841,60,-0.6689453125,54,-0.52734375,62,1.2119140625,57,-0.69482421875
36.4949,60,-0.6689453125,54,-0.52734375,91,5.08984375,51,0.7685546875
36.5036,70,-0.81689453125,58,-0.46728515625,91,5.08984375,51,0.7685546875
36.5152,70,-0.81689453125,58,-0.46728515625,5,7.4296875,50,0.271484375
36.5230,58,0.78271484375,28,3.3515625,5,7.4296875,50,0.271484375
36.5343,58,0.78271484375,28,3.3515625,33,0.3115234375,22,2.501953125
36.5424,53,0.86328125,46,-0.1484375,33,0.3115234375,22,2.501953125
36.5554,53,0.86328125,46,-0.1484375,61,1.08203125,29,1.43359375
36.5610,3,6.09375,60,-0.80908203125,61,1.08203125,29,1.43359375
36.5735,3,6.09375,60,-0.80908203125,90,4.4609375,60,-1.6064453125
36.5822,3,6.09375,60,-0.54931640625,90,4.4609375,60,-1.6064453125
36.5941,11,3.455078125,60,-0.54931640625,2,6.0546875,65,-1.08203125
36.6028,11,3.455078125,19,5.58203125,2,6.0546875,65,-1.08203125
36.6138,61,-1.3251953125,19,5.58203125,46,1.359375,35,2.12890625
36.6222,61,-1.3251953125,35,0.83056640625,46,1.359375,35,2.12890625
36.6353,78,1.138671875,35,0.83056640625,63,1.060546875,44,-0.1610107421875
36.6418,78,1.138671875,61,-1.1591796875,63,1.060546875,44,-0.1610107421875
36.6494,59,0.7041015625,61,-1.1591796875,88,3.63671875,56,-0.62548828125
36.6613,59,0.7041015625,62,0.371337890625,88,3.63671875,56,-0.62548828125
36.6734,18,3.771484375,62,0.371337890625,88,3.63671875,55,-0.2144775390625
36.6821,18,3.771484375,21,3.126953125,2,5.99609375,55,-0.2144775390625
36.6890,53,-0.810546875,21,3.126953125,50,1.7294921875,52,0.2335205078125
36.7030,53,-0.810546875,55,1.3330078125,50,1.7294921875,52,0.2335205078125
36.7098,66,-0.474853515625,55,1.3330078125,62,0.8837890625,20,2.8203125
36.7221,66,-0.474853515625,61,-0.8076171875,62,0.8837890625,20,2.8203125
36.7310,65,0.09417724609375,61,-0.8076171875,62,0.8837890625,43,-0.37451171875
36.7431,65,0.09417724609375,50,0.9384765625,86,3.6640625,43,-0.37451171875
36.7543,40,2.76171875,50,0.9384765625,86,3.6640625,66,-1.59765625
36.7627,40,2.76171875,33,1.7021484375,21,4.75390625,66,-1.59765625
36.7736,29,2.134765625,33,1.7021484375,21,4.75390625,47,0.8642578125
36.7827,29,2.134765625,59,-1.1767578125,23,1.162109375,47,0.8642578125
36.7934,33,2.041015625,59,-1.1767578125,23,1.162109375,47,0.8642578125
36.8020,33,2.041015625,60,-0.27783203125,61,1.3876953125,29,1.6435546875
36.8152,54,-0.232666015625,60,-0.27783203125,61,1.3876953125,61,-1.765625
36.8250,54,-0.232666015625,44,1.337890625,64,0.64013671875,61,-1.765625
36.8337,63,-0.179931640625,44,1.337890625,64,0.64013671875,61,-0.681640625
36.8445,63,-0.179931640625,21,2.51953125,-4,0.63134765625,61,-0.681640625
36.8555,24,4.26953125,21,2.51953125,-4,0.63134765625,61,-0.681640625
36.8629,24,4.26953125,53,1.2021484375,12,2.59375,32,3.85546875
36.8750,42,0.60595703125,53,1.2021484375,12,2.59375,39,0.84765625
36.8840,42,0.60595703125,71,1.46875,56,1.0576171875,39,0.84765625
36.8924,59,0.12109375,71,1.46875,56,1.0576171875,52,-0.1805419921875
36.9046,59,0.12109375,16,6.5859375,64,1.2373046875,52,-0.1805419921875
36.9156,60,0.1873779296875,16,6.5859375,64,1.2373046875,52,-0.1805419921875
36.9231,60,0.1873779296875,40,-0.123046875,78,1.7626953125,53,0.10125732421875
36.9353,14,6.3203125,40,-0.123046875,78,1.7626953125,53,0.10125732421875
36.9436,14,6.3203125,40,-0.123046875,7,3.361328125,53,-0.276123046875
36.9522,7,4.1953125,63,-0.84130859375,7,3.361328125,53,-0.276123046875
36.9635,7,4.1953125,63,-0.84130859375,55,1.673828125,44,0.8916015625
36.9743,52,-0.5263671875,60,0.2232666015625,55,1.673828125,44,0.8916015625
36.9835,52,-0.5263671875,60,0.2232666015625,67,1.38671875,43,0.72705078125
36.9949,86,3.697265625,57,-0.042755126953125,67,1.38671875,43,0.72705078125
37.0035,86,3.697265625,57,-0.042755126953125,84,2.509765625,44,0.6259765625
37.0107,74,0.62255859375,14,4.21484375,84,2.509765625,44,0.6259765625
37.0230,74,0.62255859375,14,4.21484375,61,0.2568359375,48,0.2275390625
37.0342,74,0.62255859375,34,0.30126953125,61,0.2568359375,48,0.2275390625
37.0425,1,7.15625,34,0.30126953125,0,5.1640625,63,1.27734375
37.0536,41,-0.417724609375,69,1.7861328125,0,5.1640625,63,1.27734375
37.0625,41,-0.417724609375,69,1.7861328125,39,-0.462646484375,36,2.611328125
37.0698,70,1.2451171875,67,-0.822265625,39,-0.462646484375,36,2.611328125
37.0817,70,1.2451171875,67,-0.822265625,61,0.8359375,17,2.587890625
37.0928,70,1.2451171875,36,3.044921875,61,0.8359375,17,2.587890625
37.1015,75,-0.8232421875,36,3.044921875,58,0.12432861328125,62,-2.671875
37.1126,75,-0.8232421875,7,3.80078125,58,0.12432861328125,62,-2.671875
37.1214,49,1.7685546875,7,3.80078125,73,1.3505859375,66,-1.1103515625
37.1326,49,1.7685546875,38,-0.412109375,73,1.3505859375,66,-1.1103515625
37.1410,1,6.02734375,38,-0.412109375,5,9.09375,59,-0.253662109375
37.1533,1,6.02734375,69,1.646484375,5,9.09375,59,-0.253662109375
37.1613,41,0.256591796875,69,1.646484375,7,3.255859375,33,2.587890625
37.1730,41,0.256591796875,69,-0.75244140625,7,3.255859375,33,2.587890625
37.1818,64,-0.587890625,69,-0.75244140625,7,3.255859375,25,1.8759765625
37.1936,64,-0.587890625,19,3.078125,54,1.3427734375,25,1.8759765625
37.2007,62,0.5498046875,19,3.078125,66,1.3134765625,48,-0.501953125
37.2140,62,0.5498046875,45,-0.7490234375,66,1.3134765625,48,-0.501953125
37.2232,59,0.434814453125,45,-0.7490234375,82,2.765625,69,-1.755859375
37.2335,59,0.434814453125,67,1.4375,82,2.765625,69,-1.755859375
37.2431,23,5.66015625,67,1.4375,82,2.765625,69,-1.755859375
37.2508,23,5.66015625,54,0.88427734375,63,0.448486328125,45,1.4248046875
37.2627,2,5.08203125,54,0.88427734375,63,0.448486328125,47,0.286376953125
37.2739,2,5.08203125,54,0.2271728515625,0,4.12109375,47,0.286376953125
37.2824,42,-0.154541015625,54,0.2271728515625,0,4.12109375,45,0.46826171875
37.2953,42,-0.154541015625,26,3.03125,43,1.0771484375,45,0.46826171875
37.3056,75,-1.6142578125,26,3.03125,43,1.0771484375,45,0.46826171875
37.3118,75,-1.6142578125,45,-0.55078125,61,0.87158203125,59,-0.85107421875
37.3243,67,0.448974609375,45,-0.55078125,61,0.87158203125,59,-0.85107421875
37.3362,67,0.448974609375,45,-0.55078125,83,1.6064453125,32,2.6484375
37.3435,62,0.39501953125,58,-0.2496337890625,83,1.6064453125,32,2.6484375
37.3549,62,0.39501953125,58,-0.2496337890625,54,2.18359375,38,0.7353515625
37.3646,0,6.109375,60,-0.362060546875,54,2.18359375,38,0.7353515625
37.3757,0,6.109375,60,-0.362060546875,9,4.7109375,61,-1.5771484375
37.3843,28,1.09765625,25,3.09765625,9,4.7109375,61,-1.5771484375
37.3952,28,1.09765625,25,3.09765625,27,0.640625,61,-0.57470703125
37.4056,73,-0.82568359375,49,-0.4423828125,27,0.640625,61,-0.57470703125
37.4165,73,-0.82568359375,49,-0.4423828125,61,1.244140625,40,1.8232421875
37.4246,71,0.0963134765625,61,-0.53369140625,61,1.244140625,40,1.8232421875
37.4385,71,0.0963134765625,61,-0.53369140625,62,0.88525390625,13,3.21875
37.4476,17,2.982421875,57,-0.1368408203125,62,0.88525390625,13,3.21875
37.4558,17,2.982421875,57,-0.1368408203125,78,2.037109375,51,-1.4384765625
37.4636,53,-0.20166015625,19,3.1640625,78,2.037109375,51,-1.4384765625
37.4749,53,-0.20166015625,19,3.1640625,16,3.638671875,66,-1.3232421875
37.4834,68,-0.5556640625,51,-0.974609375,16,3.638671875,66,-1.3232421875
37.4957,68,-0.5556640625,51,-0.974609375,0,5.41796875,65,-0.84765625
37.5045,67,-0.08740234375,65,0.85107421875,0,5.41796875,65,-0.84765625
37.5153,67,-0.08740234375,65,0.85107421875,39,-0.50927734375,26,3.869140625
37.5231,34,2.982421875,57,0.30712890625,39,-0.50927734375,26,3.869140625
37.5352,34,2.982421875,57,0.30712890625,60,0.81640625,20,2.337890625
37.5435,34,2.982421875,56,0.227783203125,60,0.81640625,20,2.337890625
37.5548,12,3.7265625,56,0.227783203125,87,4.76171875,63,-2.24609375
37.5631,55,-1.4189453125,14,4.9921875,87,4.76171875,63,-2.24609375
37.5746,55,-1.4189453125,14,4.9921875,27,7.03515625,64,-0.603515625
37.5833,67,-0.3408203125,36,0.0987548828125,27,7.03515625,64,-0.603515625
37.5921,67,-0.3408203125,36,0.0987548828125,1,5.6875,62,0.58544921875
37.6040,67,-0.3408203125,66,1.5439453125,1,5.6875,62,0.58544921875
37.6109,32,0.294921875,66,1.5439453125,46,1.359375,25,3.703125
37.6239,32,0.294921875,58,0.05133056640625,46,1.359375,25,3.703125
37.6348,18,2.384765625,58,0.05133056640625,63,0.98046875,25,3.703125
37.6423,18,2.384765625,57,-0.057373046875,63,0.98046875,15,2.76171875
37.6486,63,-1.294921875,57,-0.057373046875,87,3.57421875,53,-1.46875
37.6624,63,-1.294921875,16,4.34375,87,3.57421875,53,-1.46875
37.6708,71,-0.54931640625,16,4.34375,2,6.09765625,66,-0.8916015625
37.6835,71,-0.54931640625,34,0.93115234375,2,6.09765625,66,-0.8916015625
37.6933,46,2.744140625,34,0.93115234375,2,6.09765625,66,-0.8916015625
37.7014,46,2.744140625,62,-1.19140625,37,-0.1400146484375,65,-0.9501953125
37.7129,52,0.9404296875,62,-1.19140625,62,0.91064453125,65,-0.9501953125
37.7216,52,0.9404296875,62,-1.19140625,62,0.91064453125,21,4.33984375
37.7306,0,6.91796875,61,-0.2481689453125,89,4.3828125,22,1.7939453125
37.7415,0,6.91796875,47,0.64892578125,89,4.3828125,22,1.7939453125
37.7544,37,0.29248046875,47,0.64892578125,89,4.3828125,22,1.7939453125
37.7616,37,0.29248046875,45,1.107421875,1,6.86328125,63,-2.064453125
37.7739,74,-1.591796875,45,1.107421875,40,-0.52099609375,63,-2.064453125
37.7822,74,-1.591796875,45,1.107421875,40,-0.52099609375,67,-1.1484375
37.7913,82,1.39453125,46,1.0859375,62,1.0732421875,67,-1.1484375
37.8025,82,1.39453125,46,1.0859375,62,1.0732421875,55,0.28125
37.8132,63,0.36083984375,49,0.4912109375,62,1.0732421875,55,0.28125
37.8233,63,0.36083984375,52,0.2001953125,89,4.7578125,7,4.22265625
37.8353,42,1.7080078125,52,0.2001953125,89,4.7578125,7,4.22265625
37.8435,42,1.7080078125,52,0.2001953125,1,6.4921875,31,0.477294921875
37.8512,3,5.01171875,47,1.185546875,49,1.7509765625,31,0.477294921875
37.8630,3,5.01171875,47,1.185546875,49,1.7509765625,69,-2.03515625
37.8752,49,-1.0400390625,45,1.0146484375,49,1.7509765625,69,-2.03515625
37.8837,49,-1.0400390625,45,1.0146484375,61,0.7646484375,71,1.4306640625
37.8947,74,-1.5078125,46,0.64794921875,61,0.7646484375,71,1.4306640625
37.9060,74,-1.5078125,46,0.64794921875,87,4.10546875,21,4.96484375
37.9126,72,-0.634765625,49,0.33203125,87,4.10546875,21,4.96484375
37.9252,72,-0.634765625,49,0.33203125,5,5.484375,33,0.75927734375
37.9366,43,2.380859375,52,0.21142578125,5,5.484375,33,0.75927734375
37.9446,43,2.380859375,52,0.21142578125,33,0.308837890625,63,-1.1513671875
37.9563,11,3.958984375,47,0.6220703125,33,0.308837890625,63,-1.1513671875
37.9642,11,3.958984375,47,0.6220703125,62,1.0791015625,62,-0.286376953125
37.9730,47,-0.1702880859375,46,0.81494140625,62,1.0791015625,62,-0.286376953125
37.9838,47,-0.1702880859375,46,0.81494140625,90,4.4921875,46,0.59765625
37.9949,68,-1.0751953125,46,0.7861328125,90,4.4921875,46,0.59765625
38.0034,68,-1.0751953125,46,0.7861328125,7,5.4140625,45,0.69091796875
38.0149,65,0.140625,52,0.1605224609375,7,5.4140625,45,0.69091796875
38.0232,65,0.140625,52,0.1605224609375,32,0.384521484375,46,0.6552734375
38.0303,19,4.765625,47,1.0458984375,32,0.384521484375,46,0.6552734375
38.0425,19,4.765625,47,1.0458984375,63,1.3076171875,51,-0.193603515625
38.0543,19,4.765625,46,0.73291015625,63,1.3076171875,51,-0.193603515625
38.0635,37,1.0390625,46,0.73291015625,92,4.37890625,51,0.064208984375
38.0734,37,1.0390625,44,1.0419921875,92,4.37890625,51,0.064208984375
38.0820,64,-0.50927734375,44,1.0419921875,6,4.29296875,51,0.064208984375
38.0928,64,-0.50927734375,49,-0.689453125,6,4.29296875,47,0.767578125
38.1023,62,0.3251953125,49,-0.689453125,53,2.052734375,46,0.426025390625
38.1110,62,0.3251953125,50,0.75830078125,53,2.052734375,46,0.426025390625
38.1213,59,0.53955078125,50,0.75830078125,66,1.248046875,45,0.63330078125
38.1334,59,0.53955078125,50,0.369873046875,66,1.248046875,45,0.63330078125
38.1419,18,4.52734375,50,0.369873046875,86,2.849609375,45,0.63330078125
38.1492,18,4.52734375,44,1.0029296875,86,2.849609375,47,0.253173828125
38.1613,18,3.341796875,44,1.0029296875,12,2.716796875,47,0.253173828125
38.1733,18,3.341796875,46,0.63037109375,12,2.716796875,51,-0.21044921875
38.1811,56,-0.744140625,46,0.63037109375,56,1.1953125,51,-0.21044921875
38.1929,56,-0.744140625,53,-0.1761474609375,56,1.1953125,52,0.218994140625
38.2028,62,-0.2685546875,53,-0.1761474609375,66,1.2451171875,52,0.218994140625
38.2101,62,-0.2685546875,51,0.54248046875,66,1.2451171875,44,1.140625
38.2227,38,2.44140625,51,0.54248046875,-1,1.7216796875,44,1.140625
38.2336,38,2.44140625,51,0.54248046875,-1,1.7216796875,43,0.64453125
38.2409,43,1.3046875,40,1.3564453125,10,2.685546875,43,0.64453125
38.2546,43,1.3046875,40,1.3564453125,10,2.685546875,46,0.444580078125
38.2630,53,0.67822265625,36,1.4716796875,10,2.685546875,46,0.444580078125
38.2706,53,0.67822265625,54,0.113525390625,53,1.0009765625,54,-0.56591796875
38.2799,54,1.193359375,54,0.113525390625,64,1.0166015625,54,-0.56591796875
38.2939,54,1.193359375,54,0.113525390625,64,1.0166015625,49,0.72265625
38.3033,6,4.1484375,55,0.1744384765625,81,2.552734375,49,0.72265625
38.3159,6,4.1484375,55,0.1744384765625,81,2.552734375,48,0.39306640625
38.3239,52,-1.322265625,42,1.185546875,81,2.552734375,48,0.39306640625
38.3354,52,-1.322265625,42,1.185546875,2,4.23046875,44,0.74072265625
38.3431,73,1.3466796875,47,0.33740234375,2,4.23046875,44,0.74072265625
38.3543,73,1.3466796875,47,0.33740234375,46,1.197265625,45,0.52099609375
38.3616,68,-0.1669921875,52,-0.35302734375,46,1.197265625,45,0.52099609375
38.3739,68,-0.1669921875,52,-0.35302734375,62,0.9150390625,51,0.1575927734375
38.3842,44,2.94921875,53,0.170654296875,62,0.9150390625,51,0.1575927734375
38.3936,44,2.94921875,53,0.170654296875,84,3.84765625,52,0.0728759765625
38.4043,18,4.3203125,19,3.646484375,84,3.84765625,52,0.0728759765625
38.4138,18,4.3203125,19,3.646484375,2,8.546875,30,2.099609375
38.4246,18,3.40234375,43,-0.343017578125,2,8.546875,30,2.099609375
38.4339,18,3.40234375,43,-0.343017578125,36,-0.07904052734375,33,0.87890625
38.4438,59,-1.3662109375,68,1.4033203125,36,-0.07904052734375,33,0.87890625
38.4548,59,-1.3662109375,68,1.4033203125,62,1.0458984375,58,-1.3193359375
38.4644,62,0.240966796875,27,2.869140625,62,1.0458984375,58,-1.3193359375
38.4734,62,0.240966796875,27,2.869140625,73,0.4462890625,63,-0.84375
38.4831,65,-0.228271484375,32,1.23828125,73,0.4462890625,63,-0.84375
38.4955,65,-0.228271484375,32,1.23828125,12,10.0,24,4.2890625
38.5049,27,4.6328125,60,-1.3544921875,12,10.0,24,4.2890625
38.5121,27,4.6328125,60,-1.3544921875,30,0.435791015625,37,0.489501953125
38.5244,31,2.140625,62,-0.80029296875,30,0.435791015625,37,0.489501953125
38.5355,31,2.140625,62,-0.80029296875,63,1.490234375,37,0.489501953125
38.5438,46,0.81591796875,56,-0.1710205078125,63,1.490234375,62,-1.28125
38.5568,46,0.81591796875,56,-0.1710205078125,90,4.734375,63,-0.9833984375
38.5633,61,-0.199951171875,39,1.646484375,90,4.734375,63,-0.9833984375
38.5711,61,-0.199951171875,39,1.646484375,1,7.15625,21,4.69921875
38.5830,55,1.025390625,18,2.708984375,1,7.15625,21,4.69921875
38.5915,55,1.025390625,18,2.708984375,46,1.2822265625,21,4.69921875
38.6022,38,1.8955078125,57,-1.494140625,46,1.2822265625,32,0.73681640625
38.6135,38,1.8955078125,57,-1.494140625,64,1.212890625,32,0.73681640625
38.6223,38,1.8955078125,66,-0.7666015625,64,1.212890625,61,-1.6552734375
38.6306,48,0.72705078125,66,-0.7666015625,90,3.91796875,61,-1.6552734375
38.6394,60,-0.2366943359375,40,1.5087890625,90,3.91796875,63,-0.67626953125
38.6551,60,-0.2366943359375,40,1.5087890625,4,4.32421875,63,-0.67626953125
38.6604,8,6.5078125,49,0.1834716796875,4,4.32421875,24,2.890625
38.6743,8,6.5078125,49,0.1834716796875,53,2.19921875,24,2.890625
38.6820,8,6.5078125,56,-0.2437744140625,53,2.19921875,48,-0.75830078125
38.6930,29,1.435546875,56,-0.2437744140625,67,1.37109375,48,-0.75830078125
38.7015,29,1.435546875,50,0.83447265625,67,1.37109375,62,-0.7978515625
38.7125,70,-1.3232421875,50,0.83447265625,80,1.9892578125,62,-0.7978515625
38.7208,70,-1.3232421875,31,1.7880859375,80,1.9892578125,56,0.3349609375
38.7328,72,-0.305908203125,31,1.7880859375,16,2.453125,56,0.3349609375
38.7412,72,-0.305908203125,31,1.7880859375,16,2.453125,25,2.0390625
38.7493,66,-0.067138671875,58,-1.046875,58,0.9453125,25,2.0390625
38.7629,66,-0.067138671875,58,-1.046875,58,0.9453125,53,-1.0029296875
38.7742,3,11.390625,56,0.29541015625,58,0.9453125,53,-1.0029296875
38.7798,3,11.390625,55,-0.1290283203125,66,1.1787109375,66,-1.2841796875
38.7934,0,4.80859375,55,-0.1290283203125,0,11.59375,66,-1.2841796875
38.8032,0,4.80859375,55,-0.1290283203125,0,11.59375,50,-1.14453125
38.8105,33,0.564453125,17,4.0546875,30,0.501953125,50,-1.14453125
38.8247,33,0.564453125,17,4.0546875,30,0.501953125,50,0.2498779296875
38.8332,71,-1.0888671875,46,-0.7724609375,30,0.501953125,50,0.2498779296875
38.8443,71,-1.0888671875,46,-0.7724609375,62,1.13671875,23,3.435546875
38.8581,78,0.83935546875,60,0.1593017578125,62,1.13671875,23,3.435546875
38.8638,78,0.83935546875,60,0.1593017578125,88,3.0859375,41,0.0703125
38.8749,26,6.49609375,55,0.4921875,88,3.0859375,41,0.0703125
38.8833,26,6.49609375,55,0.4921875,2,7.5078125,60,-0.481201171875
38.8955,17,3.28515625,41,0.96337890625,2,7.5078125,60,-0.481201171875
38.9021,17,3.28515625,41,0.96337890625,49,1.60546875,61,-0.56982421875
38.9138,56,-0.8125,50,-0.1456298828125,49,1.60546875,61,-0.56982421875
38.9227,56,-0.8125,50,-0.1456298828125,62,0.81982421875,61,-0.56982421875
38.9335,63,0.040069580078125,55,-0.1629638671875,62,0.81982421875,34,1.76953125
38.9421,63,0.040069580078125,55,-0.1629638671875,89,4.0,47,-0.27392578125
38.9535,62,0.2337646484375,49,0.72265625,89,4.0,47,-0.27392578125
38.9618,62,0.2337646484375,49,0.72265625,8,4.09375,57,-0.452392578125
38.9734,33,3.771484375,48,0.6259765625,8,4.09375,57,-0.452392578125
38.9812,33,3.771484375,48,0.6259765625,54,2.14453125,57,-0.452392578125
38.9893,13,4.2265625,45,0.93603515625,54,2.14453125,53,-0.1707763671875
39.0042,13,4.2265625,45,0.93603515625,68,1.5185546875,54,-0.159912109375
39.0120,13,4.2265625,45,0.69140625,68,1.5185546875,54,-0.159912109375
39.0223,32,1.3056640625,45,0.69140625,81,2.126953125,53,-0.054473876953125
39.0344,60,-0.303466796875,50,0.52197265625,81,2.126953125,53,-0.054473876953125
39.0430,60,-0.303466796875,50,0.52197265625,17,2.203125,53,-0.054473876953125
39.0504,57,1.0439453125,51,0.321533203125,17,2.203125,20,4.2265625
39.0626,57,1.0439453125,51,0.321533203125,58,1.126953125,4,3.70703125
39.0742,57,1.0439453125,44,1.3876953125,58,1.126953125,4,3.70703125
39.0811,50,0.9521484375,44,1.3876953125,67,1.1943359375,57,-3.037109375
39.0935,50,0.9521484375,43,0.84912109375,67,1.1943359375,57,-3.037109375
39.1033,53,0.7744140625,43,0.84912109375,5,11.0234375,57,-3.037109375
39.1137,53,0.7744140625,47,0.44970703125,5,11.0234375,67,-0.9150390625
39.1228,48,1.615234375,47,0.44970703125,32,0.4619140625,67,-0.9150390625
39.1336,48,1.615234375,54,-0.609375,32,0.4619140625,66,-0.9951171875
39.1421,11,4.85546875,54,-0.609375,62,1.26953125,66,-0.9951171875
39.1532,11,4.85546875,50,0.66259765625,62,1.26953125,54,0.25634765625
39.1616,38,0.423828125,50,0.66259765625,90,4.67578125,54,0.25634765625
39.1728,38,0.423828125,49,0.541015625,90,4.67578125,11,4.05859375
39.1812,65,-0.69189453125,49,0.541015625,3,6.21484375,11,4.05859375
39.1927,65,-0.69189453125,26,3.31640625,3,6.21484375,1,4.00390625
39.2005,68,-0.334716796875,26,3.31640625,50,1.763671875,1,4.00390625
39.2128,68,-0.334716796875,41,0.28076171875,50,1.763671875,47,-2.037109375
39.2221,66,0.09417724609375,41,0.28076171875,50,1.763671875,47,-2.037109375
39.2292,66,0.09417724609375,61,0.986328125,64,0.9912109375,66,-0.904296875
39.2415,50,2.478515625,61,0.986328125,89,3.77734375,66,-0.904296875
39.2526,50,2.478515625,61,0.986328125,89,3.77734375,67,0.67333984375
39.2617,48,1.12890625,57,-0.3408203125,89,3.77734375,67,0.67333984375
39.2744,48,1.12890625,57,-0.3408203125,3,5.32421875,61,0.138427734375
39.2825,26,4.2265625,24,4.1328125,3,5.32421875,61,0.138427734375
39.2909,26,4.2265625,24,4.1328125,52,1.9033203125,16,3.947265625
39.3033,8,4.6953125,31,1.263671875,52,1.9033203125,16,3.947265625
39.3157,8,4.6953125,61,-1.4765625,67,1.4765625,4,3.625
39.3264,41,0.341064453125,61,-1.4765625,77,2.125,4,3.625
39.3369,41,0.341064453125,61,-1.4765625,77,2.125,57,-2.52734375
39.3449,66,-0.64404296875,63,-0.71435546875,77,2.125,57,-2.52734375
39.3564,66,-0.64404296875,63,-0.71435546875,19,1.9169921875,68,-0.99462890625
39.3644,66,-0.2061767578125,17,4.31640625,19,1.9169921875,68,-0.99462890625
39.3756,66,-0.2061767578125,17,4.31640625,61,1.27734375,64,0.378173828125
39.3840,78,1.904296875,46,-0.39208984375,61,1.27734375,64,0.378173828125
39.3952,78,1.904296875,46,-0.39208984375,66,0.9345703125,59,0.11566162109375
39.4062,2,7.546875,67,1.1572265625,66,0.9345703125,59,0.11566162109375
39.4156,2,7.546875,67,1.1572265625,11,9.546875,15,3.896484375
39.4246,49,-1.005859375,58,-0.1619873046875,11,9.546875,15,3.896484375
39.4353,49,-1.005859375,58,-0.1619873046875,32,0.408447265625,9,3.212890625
39.4429,74,-1.328125,55,0.290283203125,32,0.408447265625,9,3.212890625
39.4563,74,-1.328125,55,0.290283203125,61,1.2998046875,59,-2.11328125
39.4661,77,0.45361328125,14,4.0234375,61,1.2998046875,59,-2.11328125
39.4760,77,0.45361328125,14,4.0234375,87,1.84375,70,-1.36328125
39.4841,15,4.3046875,41,-0.392333984375,87,1.84375,70,-1.36328125
39.4952,15,4.3046875,41,-0.392333984375,6,6.96875,41,1.8681640625
39.5035,55,-0.57568359375,66,-1.55859375,6,6.96875,41,1.8681640625
39.5124,55,-0.57568359375,66,-1.55859375,28,0.654296875,44,0.732421875
39.5235,55,-0.57568359375,68,0.88427734375,28,0.654296875,44,0.732421875
39.5309,66,-0.2890625,68,0.88427734375,62,1.498046875,48,0.314697265625
39.5410,77,0.3583984375,30,4.6328125,62,1.498046875,48,0.314697265625
39.5541,77,0.3583984375,30,4.6328125,61,0.423828125,48,0.314697265625
39.5628,2,12.6328125,8,4.2578125,61,0.423828125,55,-0.263916015625
39.5750,2,12.6328125,8,4.2578125,74,1.6015625,53,0.127685546875
39.5835,2,12.6328125,45,-1.09765625,74,1.6015625,53,0.127685546875
39.5915,14,3.189453125,45,-1.09765625,6,3.60546875,50,0.34521484375
39.6036,14,3.189453125,67,-0.84375,6,3.60546875,50,0.34521484375
39.6149,67,-1.607421875,67,-0.84375,53,1.740234375,50,0.34521484375
39.6227,67,-1.607421875,65,-0.72021484375,53,1.740234375,25,2.373046875
39.6344,81,-1.4892578125,65,-0.72021484375,65,1.12109375,25,2.373046875
39.6432,81,-1.4892578125,65,-0.72021484375,65,1.12109375,44,-0.07061767578125
39.6545,22,6.98046875,19,3.23046875,81,3.85546875,44,-0.07061767578125
39.6630,22,6.98046875,42,-0.04119873046875,81,3.85546875,64,-0.98193359375
39.6743,26,2.45703125,42,-0.04119873046875,6,10.1640625,64,-0.98193359375
39.6822,26,2.45703125,69,1.4921875,6,10.1640625,58,-0.1761474609375
39.6956,63,-1.091796875,69,1.4921875,16,2.1640625,58,-0.1761474609375
39.7048,63,-1.091796875,69,1.4921875,16,2.1640625,47,0.3681640625
39.7127,70,-0.381591796875,59,-0.034271240234375,58,1.1962890625,47,0.3681640625
39.7256,70,-0.381591796875,59,-0.034271240234375,58,1.1962890625,43,0.6240234375
39.7399,43,1.68359375,55,3.884765625,58,1.1962890625,43,0.6240234375
39.7439,43,1.68359375,55,3.884765625,64,-0.265380859375,42,-0.291015625
39.7544,19,0.141357421875,-9,-0.0295867919921875,39,-0.060821533203125,42,-0.291015625
39.7612,19,0.141357421875,-9,-0.0295867919921875,39,-0.060821533203125,30,-0.0187225341796875
39.7693,8,0.0217437744140625,-29,-0.51171875,19,-0.035186767578125,30,-0.0187225341796875
39.7809,8,0.0217437744140625,-29,-0.51171875,19,-0.035186767578125,7,0.04693603515625
39.7907,2,-0.2119140625,-17,0.2254638671875,19,-0.035186767578125,7,0.04693603515625
39.8002,2,-0.2119140625,-17,0.2254638671875,8,-0.0712890625,1,-0.2479248046875
39.8128,-10,0.1295166015625,-2,0.10455322265625,8,-0.0712890625,1,-0.2479248046875
39.8232,-10,0.1295166015625,-2,0.10455322265625,3,-0.0382080078125,-6,0.048187255859375
39.8295,0,0.09222412109375,0,0.20458984375,-7,-0.061859130859375,-6,0.048187255859375
39.8418,0,0.09222412109375,0,0.20458984375,-7,-0.061859130859375,-7,-0.1834716796875
39.8565,0,-0.213623046875,9,-0.2381591796875,-7,-0.061859130859375,-7,-0.1834716796875
39.8606,0,-0.213623046875,9,-0.2381591796875,-1,-0.032196044921875,0,0.04742431640625
39.8739,0,0.048187255859375,4,0.262939453125,-1,-0.032196044921875,0,0.04742431640625
39.8805,0,0.048187255859375,4,0.262939453125,0,-0.01343536376953125,0,0.0782470703125
39.8904,0,0.15771484375,0,0.2320556640625,0,-0.01343536376953125,0,0.0782470703125
39.9016,0,0.15771484375,0,0.2320556640625,0,0.076171875,0,0.1634521484375
39.9133,0,0.027435302734375,0,0.1722412109375,0,0.076171875,0,0.1634521484375
39.9202,0,0.027435302734375,0,0.1722412109375,0,-0.058837890625,0,0.197509765625
39.9329,0,0.1552734375,0,0.385986328125,0,-0.058837890625,0,0.197509765625
39.9412,0,0.1552734375,0,0.385986328125,0,0.04412841796875,0,0.197509765625
39.9491,0,0.04840087890625,0,-0.251708984375,0,0.04412841796875,0,0.1370849609375
39.9610,0,0.04840087890625,0,-0.251708984375,0,-0.0836181640625,0,0.232421875
39.9729,0,0.04840087890625,0,-0.33154296875,0,-0.0836181640625,0,0.232421875
39.9793,0,0.0428466796875,0,-0.33154296875,0,-0.036651611328125,0,0.0296478271484375
39.9896,0,0.0428466796875,0,-0.29931640625,0,-0.036651611328125,0,0.0296478271484375
40.0260,0,0.17333984375,0,-0.64697265625,0,-0.0265960693359375,0,0.07470703125
40.0303,0,0.17333984375,0,-0.64697265625,0,-0.0265960693359375,0,0.1741943359375
40.0401,0,0.08258056640625,0,0.383056640625,0,-0.0265960693359375,0,0.1741943359375
40.0504,0,0.08258056640625,0,0.383056640625,0,-0.032470703125,0,-0.2197265625
40.0555,0,-0.12213134765625,0,0.22802734375,0,-0.032470703125,0,-0.2197265625
40.0682,0,-0.12213134765625,0,0.22802734375,0,-0.02105712890625,0,-0.255126953125
40.0786,0,0.113525390625,0,0.36669921875,0,-0.02105712890625,0,-0.255126953125
40.0844,0,0.113525390625,0,0.36669921875,0,0.0283966064453125,0,0.05926513671875
40.0966,0,0.113525390625,0,0.275634765625,0,0.0283966064453125,0,0.05926513671875
40.1032,0,0.09222412109375,0,0.275634765625,0,0.04046630859375,0,-0.08258056640625
40.1116,0,0.09222412109375,0,0.042266845703125,0,0.04046630859375,0,-0.08258056640625
40.1268,0,0.0732421875,0,0.042266845703125,0,-0.033416748046875,0,0.145263671875
40.1309,0,0.0732421875,0,-0.0684814453125,0,-0.033416748046875,0,0.145263671875
40.1412,0,0.0836181640625,0,-0.0684814453125,0,-0.037841796875,0,0.023101806640625
40.1572,0,0.0386962890625,0,-0.5,0,-0.037841796875,0,0.023101806640625
40.1641,0,0.0386962890625,0,-0.5,0,0.0181427001953125,0,0.023101806640625
40.1770,0,0.0386962890625,0,-0.5,0,0.0181427001953125,0,0.1588134765625
40.1862,0,0.11712646484375,0,0.1319580078125,0,0.036773681640625,0,0.1588134765625
40.1992,0,0.11712646484375,0,0.1319580078125,0,0.036773681640625,0,0.172119140625
40.2073,0,-0.06060791015625,0,-0.159423828125,0,-0.044769287109375,0,0.172119140625
40.2119,0,-0.06060791015625,0,0.132568359375,0,-0.044769287109375,0,0.0455322265625
40.2252,0,0.080322265625,0,0.132568359375,0,-0.0570068359375,0,0.0455322265625
40.2349,0,0.080322265625,0,0.132568359375,0,-0.0570068359375,0,-0.1297607421875
40.2442,0,0.1600341796875,0,0.40380859375,0,-0.016815185546875,0,-0.1297607421875
40.2551,0,0.1600341796875,0,0.40380859375,0,-0.016815185546875,0,0.07281494140625
40.2607,0,-0.0195465087890625,0,0.413330078125,0,-0.059112548828125,0,0.07281494140625
40.2756,0,-0.0195465087890625,0,0.413330078125,0,-0.059112548828125,0,-0.07476806640625
40.2806,0,-0.099853515625,0,0.115966796875,0,-0.06475830078125,0,-0.07476806640625
40.2966,0,-0.099853515625,0,0.115966796875,0,-0.06475830078125,0,-0.03790283203125
40.3045,0,0.045623779296875,0,0.2744140625,0,-0.0943603515625,0,-0.03790283203125
40.3214,0,0.045623779296875,0,0.50341796875,0,-0.0943603515625,0,-0.0770263671875
40.3264,0,-0.1236572265625,0,0.50341796875,0,0.074951171875,0,-0.0770263671875
40.3380,0,-0.1236572265625,0,0.50341796875,0,0.074951171875,0,0.1549072265625
40.3447,0,0.049530029296875,0,0.3681640625,0,0.05902099609375,0,0.1549072265625
40.3617,0,0.049530029296875,0,0.3681640625,0,0.05902099609375,0,0.196044921875
40.3656,0,0.1170654296875,0,0.17236328125,0,-0.04046630859375,0,0.196044921875
40.3762,0,0.1170654296875,0,0.17236328125,0,-0.04046630859375,0,0.05889892578125
40.3813,0,-0.1732177734375,0,-0.27783203125,0,-0.04046630859375,0,0.05889892578125
40.3958,0,-0.1732177734375,0,-0.27783203125,0,-0.023529052734375,0,0.0645751953125
40.4009,0,0.290771484375,0,0.2086181640625,0,-0.023529052734375,0,0.0645751953125
40.4169,0,0.290771484375,0,0.2086181640625,0,-0.02020263671875,0,0.11370849609375
40.4241,0,0.290771484375,0,0.135009765625,0,-0.02020263671875,0,0.11370849609375
40.4370,0,-0.1270751953125,0,0.135009765625,0,-0.0367431640625,0,0.2001953125
40.4422,0,0.301513671875,0,-0.58349609375,0,-0.0367431640625,0,0.2001953125
40.4592,0,0.301513671875,0,-0.58349609375,0,-0.056488037109375,0,0.1107177734375
40.4635,0,0.05780029296875,0,-0.6640625,0,-0.056488037109375,0,0.1107177734375
40.4756,0,0.05780029296875,0,-0.6640625,0,-0.046295166015625,0,0.1937255859375
40.4828,0,0.1834716796875,0,0.07373046875,0,-0.046295166015625,0,0.1937255859375
40.4958,0,0.1834716796875,0,0.07373046875,0,-0.04095458984375,0,-0.1458740234375
40.5007,0,0.1834716796875,0,-0.04901123046875,0,-0.04095458984375,0,-0.1458740234375
40.5153,0,-0.034423828125,0,-0.04901123046875,0,0.0270538330078125,0,0.143310546875
40.5207,0,-0.034423828125,0,-0.2083740234375,0,0.0270538330078125,0,0.143310546875
40.5295,0,0.044464111328125,0,-0.2083740234375,0,0.0111083984375,0,-0.11907958984375
40.5420,0,0.0207977294921875,0,0.2322998046875,0,0.0111083984375,0,-0.11907958984375
40.5507,0,0.0207977294921875,0,0.2322998046875,0,-0.05084228515625,0,-0.0791015625
40.5624,0,0.0207977294921875,0,0.042633056640625,0,-0.05084228515625,0,-0.0791015625
40.5720,0,0.073974609375,0,0.042633056640625,0,-0.08453369140625,0,0.1109619140625
40.5852,0,0.073974609375,0,0.30322265625,0,-0.08453369140625,0,0.1109619140625
40.5971,0,-0.13330078125,0,0.30322265625,0,-0.03338623046875,0,-0.267333984375
40.6025,0,-0.13330078125,0,-0.464599609375,0,-0.03338623046875,0,-0.267333984375
40.6151,0,-0.12310791015625,0,-0.464599609375,0,-0.0183563232421875,0,-0.267333984375
40.6274,0,-0.12310791015625,0,-0.13134765625,0,-0.0183563232421875,0,0.158203125
40.6354,0,0.0772705078125,0,-0.13134765625,0,0.04058837890625,0,0.158203125
40.6435,0,0.0772705078125,0,-0.4375,0,0.04058837890625,0,0.205810546875
40.6497,0,-0.085205078125,0,-0.4375,0,-0.060150146484375,0,0.205810546875
40.6626,0,-0.085205078125,0,-0.4375,0,-0.060150146484375,0,-0.2215576171875
40.6714,0,0.08447265625,0,-0.64599609375,0,-0.01580810546875,0,-0.2215576171875
40.6836,0,0.08447265625,0,-0.64599609375,0,-0.01580810546875,0,-0.010345458984375
40.6939,0,0.2261962890625,0,0.32861328125,0,-0.029327392578125,0,-0.010345458984375
40.7046,0,0.2261962890625,0,0.343505859375,0,-0.029327392578125,0,0.1513671875
40.7113,0,0.08966064453125,0,0.343505859375,0,0.018646240234375,0,0.1513671875
40.7243,0,0.08966064453125,0,0.54443359375,0,0.018646240234375,0,0.166748046875
40.7358,0,-0.04571533203125,0,0.54443359375,0,0.018646240234375,0,0.166748046875
40.7443,0,-0.04571533203125,0,0.54443359375,0,-0.0224761962890625,0,-0.0277099609375
40.7552,0,0.140869140625,0,-0.55029296875,0,-0.0224761962890625,0,-0.0277099609375
40.7649,0,0.140869140625,0,-0.55029296875,0,-0.0297088623046875,0,-0.28564453125
40.7761,0,-0.050018310546875,0,-0.303466796875,0,-0.0297088623046875,0,-0.28564453125
40.7871,0,-0.050018310546875,0,-0.303466796875,0,-0.07244873046875,0,-0.182861328125
40.7962,0,0.1390380859375,0,0.1175537109375,0,-0.07244873046875,0,-0.182861328125
40.8044,0,0.1390380859375,0,0.1175537109375,0,-0.0138092041015625,0,0.1832275390625
40.8116,0,0.07196044921875,0,0.30859375,0,-0.046234130859375,0,0.1832275390625
40.8266,0,0.07196044921875,0,0.30859375,0,-0.046234130859375,0,-0.1051025390625
40.8318,0,0.078369140625,0,-0.0675048828125,0,-0.046234130859375,0,-0.1051025390625
40.8446,0,0.078369140625,0,-0.0675048828125,0,0.067626953125,0,0.0245513916015625
40.8504,0,0.0838623046875,0,0.1990966796875,0,0.067626953125,0,0.0245513916015625
40.8612,0,0.0838623046875,0,0.1990966796875,0,-0.01528167724609375,0,0.116943359375
40.8744,0,0.1787109375,0,0.403564453125,0,-0.01528167724609375,0,0.116943359375
40.8822,0,0.1787109375,0,0.403564453125,0,-0.042236328125,0,0.116943359375
40.8899,0,0.10272216796875,0,-0.85986328125,0,-0.042236328125,0,0.136474609375
40.9017,0,0.10272216796875,0,-0.85986328125,0,-0.015289306640625,0,0.05987548828125
40.9107,0,0.115234375,0,0.049285888671875,0,-0.015289306640625,0,0.05987548828125
40.9253,0,0.115234375,0,0.049285888671875,0,-0.08367919921875,0,0.05987548828125
40.9318,0,0.10888671875,0,-0.7177734375,0,-0.08367919921875,0,0.1417236328125
40.9445,0,0.10888671875,0,-0.7177734375,0,-0.0196380615234375,0,0.1417236328125
40.9498,0,0.12396240234375,0,-0.322509765625,0,-0.0196380615234375,0,0.1778564453125
40.9649,0,0.12396240234375,0,-0.322509765625,0,-0.0284423828125,0,0.1778564453125
40.9707,0,-0.0341796875,0,0.10028076171875,0,-0.0284423828125,0,0.1070556640625
40.9837,0,-0.0341796875,0,0.10028076171875,0,0.02557373046875,0,0.1070556640625
40.9949,0,-0.0341796875,0,0.4091796875,0,0.02557373046875,0,0.11236572265625
41.0047,0,0.02349853515625,0,0.4091796875,0,-0.0330810546875,0,0.11236572265625
41.0105,0,0.02349853515625,0,0.353271484375,0,-0.0330810546875,0,0.197021484375
41.0216,0,0.07403564453125,0,0.353271484375,0,0.07623291015625,0,0.13037109375
41.0316,0,-0.181884765625,0,-0.466552734375,0,0.07623291015625,0,0.13037109375
41.0470,0,-0.181884765625,0,-0.466552734375,0,0.038909912109375,0,0.078369140625
41.0524,0,-0.08258056640625,0,-0.72802734375,0,0.038909912109375,0,0.078369140625
41.0642,0,-0.08258056640625,0,-0.72802734375,0,0.03045654296875,0,0.078369140625
41.0696,0,-0.08258056640625,0,0.300537109375,0,0.03045654296875,0,0.187255859375
41.0825,0,0.027252197265625,0,0.300537109375,0,-0.04193115234375,0,0.187255859375
41.0910,0,0.027252197265625,0,-0.1527099609375,0,-0.04193115234375,0,0.026580810546875
41.1018,0,0.03082275390625,0,-0.1527099609375,0,0.055511474609375,0,0.026580810546875
41.1117,0,0.03082275390625,0,-0.134521484375,0,0.055511474609375,0,0.01488494873046875
41.1259,0,0.07122802734375,0,-0.134521484375,0,-0.033172607421875,0,0.01488494873046875
41.1309,0,0.07122802734375,0,0.403564453125,0,-0.033172607421875,0,0.1900634765625
41.1445,0,0.11419677734375,0,0.403564453125,0,0.035552978515625,0,0.1900634765625
41.1503,0,0.11419677734375,0,-0.125,0,0.035552978515625,0,-0.050079345703125
41.1609,0,0.0281982421875,0,-0.125,0,0.11138916015625,0,-0.050079345703125
41.1766,0,0.0281982421875,0,-0.261474609375,0,0.11138916015625,0,-0.1365966796875
41.1844,0,0.10284423828125,0,-0.261474609375,0,0.11138916015625,0,-0.1365966796875
41.1960,0,0.10284423828125,0,-0.261474609375,0,0.0264129638671875,0,0.033966064453125
41.2054,0,0.1998291015625,0,-0.1480712890625,0,0.0264129638671875,0,0.033966064453125
41.2108,0,0.1998291015625,0,-0.37939453125,0,-0.028106689453125,0,0.22119140625
41.2237,0,0.12548828125,0,-0.37939453125,0,-0.028106689453125,0,0.22119140625
41.2318,0,0.12548828125,0,0.264892578125,0,-0.019561767578125,0,0.031890869140625
41.2432,0,0.1263427734375,0,0.264892578125,0,-0.0233306884765625,0,0.031890869140625
41.2604,0,0.1263427734375,0,-0.29931640625,0,-0.0233306884765625,0,-0.24560546875
41.2648,0,0.222412109375,0,-0.29931640625,0,0.0113983154296875,0,-0.24560546875
41.2771,0,0.222412109375,0,-0.29931640625,0,0.0113983154296875,0,-0.2457275390625
41.2842,0,0.148193359375,0,-0.55712890625,0,0.0113983154296875,0,-0.2457275390625
41.2961,0,0.148193359375,0,-0.55712890625,0,0.071044921875,0,0.09124755859375
41.3051,0,0.1666259765625,0,-0.367919921875,0,0.071044921875,0,0.09124755859375
41.3101,0,0.1666259765625,0,-0.367919921875,0,0.0902099609375,0,-0.0147552490234375
41.3313,0,-0.1636962890625,0,-0.350341796875,0,0.04638671875,0,-0.0147552490234375
41.3352,0,-0.1636962890625,0,-0.350341796875,0,0.04638671875,0,0.03460693359375
41.3442,0,0.1490478515625,0,0.17529296875,0,0.04638671875,0,0.03460693359375
41.3567,0,0.1490478515625,0,0.17529296875,0,-0.0180206298828125,0,0.1495361328125
41.3643,0,0.1490478515625,0,0.301513671875,0,-0.0180206298828125,0,0.1495361328125
41.3722,0,0.1954345703125,0,0.301513671875,0,0.05084228515625,0,-0.152099609375
41.3827,0,0.037139892578125,0,0.306640625,0,0.05084228515625,0,-0.152099609375
41.3909,0,0.037139892578125,0,0.306640625,0,0.0404052734375,0,0.1661376953125
41.4022,0,0.0750732421875,0,-0.1796875,0,0.0404052734375,0,0.1661376953125
41.4119,0,0.0750732421875,0,-0.1796875,0,0.058624267578125,0,-0.0645751953125
41.4221,0,0.08111572265625,0,-0.1011962890625,0,0.058624267578125,0,-0.0645751953125
41.4363,0,0.08111572265625,0,-0.1011962890625,0,0.07183837890625,0,-0.0645751953125
41.4444,0,0.08111572265625,0,-0.417236328125,0,0.07183837890625,0,0.11785888671875
41.4578,0,0.2412109375,0,-0.417236328125,0,0.0030956268310546875,0,0.11785888671875
41.4622,0,0.131103515625,0,-0.56787109375,0,0.0030956268310546875,0,0.018524169921875
41.4717,0,0.131103515625,0,-0.56787109375,0,-0.044647216796875,0,-0.08587646484375
41.4816,0,-0.05096435546875,0,-0.156005859375,0,-0.044647216796875,0,-0.08587646484375
41.4960,0,-0.05096435546875,0,-0.156005859375,0,0.043914794921875,0,-0.08587646484375
41.5019,0,0.11480712890625,0,0.319580078125,0,0.043914794921875,0,0.1961669921875
41.5156,0,0.11480712890625,0,0.319580078125,0,0.041534423828125,0,0.1961669921875
41.5258,0,0.1129150390625,0,-0.42138671875,0,0.041534423828125,0,-0.061981201171875
41.5352,0,0.1129150390625,0,-0.42138671875,0,-0.02655029296875,0,-0.061981201171875
41.5479,0,0.1129150390625,0,-0.311767578125,0,-0.02655029296875,0,-0.1656494140625
41.5518,0,0.210205078125,0,-0.311767578125,0,-0.07342529296875,0,-0.1656494140625
41.5646,0,0.210205078125,0,-0.35400390625,0,-0.07342529296875,0,-0.207763671875
41.5771,0,0.11572265625,0,-0.35400390625,0,-0.012359619140625,0,-0.207763671875
41.5819,0,0.11572265625,0,0.052398681640625,0,-0.012359619140625,0,-0.307861328125
41.5972,0,-0.068603515625,0,0.052398681640625,0,-0.068115234375,0,-0.307861328125
41.6050,0,-0.068603515625,0,0.2337646484375,0,-0.068115234375,0,0.1396484375
41.6103,0,0.0367431640625,0,0.2337646484375,0,-0.034088134765625,0,0.1396484375
41.6233,0,0.0367431640625,0,0.2337646484375,0,-0.034088134765625,0,0.1666259765625
41.6306,0,0.0355224609375,0,-0.08831787109375,0,0.0247802734375,0,0.1666259765625
41.6411,0,0.0355224609375,0,0.04071044921875,0,0.0247802734375,0,0.185791015625
41.6551,0,0.13916015625,0,0.04071044921875,0,0.0247802734375,0,0.185791015625
41.6609,0,0.13916015625,0,-0.165283203125,0,-0.041748046875,0,0.05206298828125
41.6761,0,-0.05517578125,0,-0.165283203125,0,-0.041748046875,0,0.05206298828125
41.6816,0,-0.05517578125,0,0.181640625,0,0.044158935546875,0,-0.053497314453125
41.6964,0,-0.232666015625,0,0.181640625,0,0.044158935546875,0,-0.053497314453125
41.7061,0,-0.232666015625,0,0.181640625,0,0.0206298828125,0,0.1640625
41.7120,0,0.11224365234375,0,-0.369873046875,0,0.0160369873046875,0,0.1640625
41.7264,0,0.11224365234375,0,-0.369873046875,0,0.0160369873046875,0,-0.1871337890625
41.7370,0,-0.163330078125,0,-0.73291015625,0,-0.017425537109375,0,-0.1871337890625
41.7461,0,-0.163330078125,0,-0.73291015625,0,-0.017425537109375,0,-0.28271484375
41.7597,0,0.0516357421875,0,0.291015625,0,-0.037109375,0,-0.28271484375
41.7634,0,0.0516357421875,0,0.291015625,0,-0.037109375,0,0.0692138671875
41.7783,0,-0.08038330078125,0,-0.11517333984375,0,-0.037109375,0,0.0692138671875
41.7862,0,-0.08038330078125,0,-0.11517333984375,0,-0.01084136962890625,0,0.1302490234375
41.7962,0,-0.109375,0,0.0997314453125,0,-0.01084136962890625,0,0.1302490234375
41.8064,0,-0.109375,0,0.0997314453125,0,-0.06439208984375,0,0.09716796875
41.8160,0,0.2120361328125,0,-0.91748046875,0,-0.06439208984375,0,0.09716796875
41.8216,0,0.2120361328125,0,-0.91748046875,0,-0.0394287109375,0,-0.10162353515625
41.8365,0,0.0655517578125,0,-0.0418701171875,0,-0.0394287109375,0,-0.10162353515625
41.8477,0,0.0655517578125,0,-0.0418701171875,0,0.06561279296875,0,-0.10162353515625
41.8505,0,-0.05963134765625,0,0.1739501953125,0,0.06561279296875,0,0.140625
41.8635,0,-0.05963134765625,0,0.1739501953125,0,-0.038818359375,0,0.140625
41.8708,0,0.06451416015625,0,-0.18701171875,0,-0.038818359375,0,-0.2451171875
41.8837,0,0.06451416015625,0,-0.18701171875,0,0.00930023193359375,0,-0.2451171875
41.8945,0,0.0634765625,0,0.40087890625,0,0.00930023193359375,0,-0.038787841796875
41.9027,0,0.0634765625,0,0.40087890625,0,-0.0218505859375,0,0.0360107421875
41.9135,0,0.161376953125,0,-0.250244140625,0,-0.0218505859375,0,0.0360107421875
41.9215,0,0.161376953125,0,-0.250244140625,0,-0.08551025390625,0,-0.2164306640625
41.9312,0,0.07476806640625,0,0.217041015625,0,-0.08551025390625,0,-0.2164306640625
41.9437,0,0.07476806640625,0,0.217041015625,0,-0.06207275390625,0,-0.2164306640625
41.9530,0,-0.125732421875,0,0.11968994140625,0,-0.06207275390625,0,-0.1876220703125
41.9646,0,-0.125732421875,0,0.11968994140625,0,-0.01067352294921875,0,-0.1876220703125
41.9708,0,-0.125732421875,0,0.406982421875,0,-0.01067352294921875,0,-0.09228515625
41.9834,0,0.221923828125,0,0.406982421875,0,0.090576171875,0,-0.09228515625
41.9936,0,0.221923828125,0,0.31591796875,0,0.090576171875,0,0.10223388671875
42.0035,0,0.058013916015625,0,0.31591796875,0,-0.01187896728515625,0,0.10223388671875
42.0199,0,0.058013916015625,0,-0.2325439453125,0,-0.01187896728515625,0,-0.1971435546875
42.0266,0,0.1893310546875,0,-0.2325439453125,0,-0.01198577880859375,0,-0.1971435546875
42.0327,0,0.1893310546875,0,0.156982421875,0,-0.01198577880859375,0,0.07952880859375
42.0446,0,-0.0743408203125,0,0.156982421875,0,-0.07769775390625,0,0.07952880859375
42.0551,0,-0.0743408203125,0,0.341796875,0,-0.07769775390625,0,0.160400390625
42.0611,0,0.100830078125,0,0.341796875,0,-0.088134765625,0,0.160400390625
42.0770,0,0.100830078125,0,0.263916015625,0,-0.088134765625,0,-0.2802734375
42.0842,0,0.1009521484375,0,0.263916015625,0,-0.12188720703125,0,-0.2802734375
42.0968,0,0.1009521484375,0,0.263916015625,0,-0.12188720703125,0,0.1710205078125
42.1046,0,-0.2357177734375,0,0.4130859375,0,0.033233642578125,0,0.1710205078125
42.1170,0,-0.2357177734375,0,0.4130859375,0,0.033233642578125,0,0.1463623046875
42.1227,0,0.08245849609375,0,0.2120361328125,0,-0.052001953125,0,0.1463623046875
42.1402,0,0.08245849609375,0,0.2120361328125,0,-0.052001953125,0,0.04229736328125
42.1443,0,0.1378173828125,0,0.37451171875,0,-0.134521484375,0,0.04229736328125
42.1533,0,0.1378173828125,0,0.46875,0,-0.134521484375,0,0.1572265625
42.1668,0,-0.1485595703125,0,0.46875,0,-0.06402587890625,0,0.1572265625
42.1783,0,-0.1485595703125,0,0.46875,0,-0.06402587890625,0,0.1868896484375
42.1832,0,0.05999755859375,0,0.406494140625,0,0.01204681396484375,0,0.1868896484375
42.1965,0,0.05999755859375,0,0.406494140625,0,0.01204681396484375,0,0.1156005859375
42.2046,0,0.080078125,0,-0.90380859375,0,0.01204681396484375,0,0.1156005859375
42.2166,0,0.080078125,0,-0.90380859375,0,-0.044708251953125,0,0.043426513671875
42.2248,0,0.0859375,0,0.517578125,0,-0.044708251953125,0,0.043426513671875
42.2373,0,0.0859375,0,0.517578125,0,-0.0256195068359375,0,-0.0445556640625
42.2443,0,0.11737060546875,0,0.2498779296875,0,-0.0256195068359375,0,-0.0445556640625
42.2599,0,0.11737060546875,0,0.2498779296875,0,0.00484466552734375,0,-0.0290069580078125
42.2658,0,0.201416015625,0,0.08544921875,0,0.00484466552734375,0,-0.0290069580078125
42.2720,0,0.201416015625,0,0.08544921875,0,0.0272674560546875,0,0.2015380859375
42.2839,0,0.0158843994140625,0,0.10162353515625,0,0.0272674560546875,0,0.2015380859375
42.2957,0,0.0158843994140625,0,0.10162353515625,0,-0.03564453125,0,-0.2164306640625
42.3010,0,0.0222015380859375,0,-0.72998046875,0,-0.03564453125,0,-0.2164306640625
42.3150,0,0.0222015380859375,0,-0.72998046875,0,-0.02984619140625,0,0.12457275390625
42.3251,0,-0.0821533203125,0,0.423095703125,0,-0.02984619140625,0,0.12457275390625
42.3300,0,-0.0821533203125,0,0.423095703125,0,0.04620361328125,0,0.127197265625
42.3421,0,-0.0584716796875,0,-0.6640625,0,0.04620361328125,0,0.127197265625
42.3564,0,-0.0584716796875,0,-0.6640625,0,-0.102294921875,0,0.16455078125
42.3628,0,0.04705810546875,0,-0.04534912109375,0,-0.102294921875,0,0.16455078125
42.3778,0,0.04705810546875,0,-0.04534912109375,0,-0.044677734375,0,-0.0814208984375
42.3849,0,0.04193115234375,0,0.0914306640625,0,-0.044677734375,0,-0.0814208984375
42.3903,0,0.04193115234375,0,0.0914306640625,0,-0.0848388671875,0,-0.058074951171875
42.4040,0,0.04193115234375,0,-0.269287109375,0,-0.0848388671875,0,-0.058074951171875
42.4134,0,0.1326904296875,0,-0.269287109375,0,-0.01015472412109375,0,-0.01006317138671875
42.4214,0,0.1326904296875,0,0.073974609375,0,-0.01015472412109375,0,-0.01006317138671875
42.4345,0,-0.118896484375,0,0.073974609375,0,-0.062744140625,0,-0.01006317138671875
42.4406,0,-0.118896484375,0,0.219970703125,0,-0.062744140625,0,-0.07537841796875
42.4564,0,-0.0888671875,0,0.219970703125,0,0.0518798828125,0,-0.07537841796875
42.4641,0,-0.0888671875,0,0.219970703125,0,0.0518798828125,0,-0.1968994140625
42.4775,0,-0.249267578125,0,0.279541015625,0,-0.03350830078125,0,-0.1968994140625
42.4846,0,-0.249267578125,0,0.279541015625,0,-0.03350830078125,0,0.137939453125
42.4930,0,-0.1290283203125,0,0.007625579833984375,0,-0.01282501220703125,0,0.06329345703125
42.5038,0,-0.1290283203125,0,0.39111328125,0,-0.01282501220703125,0,0.06329345703125
42.5113,0,0.1729736328125,0,0.39111328125,0,-0.03582763671875,0,0.06329345703125
42.5243,0,0.1729736328125,0,-0.50341796875,0,-0.03582763671875,0,-0.193359375
42.5349,0,0.150634765625,0,-0.50341796875,0,0.038299560546875,0,-0.193359375
42.5456,0,0.150634765625,0,-0.50341796875,0,0.038299560546875,0,0.088134765625
42.5560,0,0.124755859375,0,0.11639404296875,0,0.097412109375,0,0.088134765625
42.5662,0,0.124755859375,0,0.11639404296875,0,0.097412109375,0,0.1429443359375
42.5700,0,-0.08905029296875,0,-0.1728515625,0,-0.0259246826171875,0,0.1429443359375
42.5872,0,-0.08905029296875,0,-0.1728515625,0,-0.0259246826171875,0,0.158935546875
42.5908,0,0.07476806640625,0,-0.7021484375,0,0.06939697265625,0,0.158935546875
42.6039,0,0.07476806640625,0,-0.7021484375,0,0.06939697265625,0,-0.1767578125
42.6117,0,0.1337890625,0,0.22021484375,0,-0.05438232421875,0,-0.1767578125
42.6271,0,0.1337890625,0,0.22021484375,0,-0.05438232421875,0,-0.0458984375
42.6360,0,0.0304412841796875,0,-0.3173828125,0,-0.05438232421875,0,-0.0458984375
42.6446,0,0.0304412841796875,0,-0.3173828125,0,-0.08038330078125,0,-0.232421875
42.6572,0,0.0254364013671875,0,0.311279296875,0,-0.08038330078125,0,-0.232421875
42.6654,0,0.0254364013671875,0,0.311279296875,0,0.043914794921875,0,0.0794677734375
42.6715,0,0.14453125,0,0.296142578125,0,0.055816650390625,0,0.0794677734375
42.6843,0,0.14453125,0,0.296142578125,0,0.055816650390625,0,0.0435791015625
42.6911,0,0.07550048828125,0,0.370361328125,0,0.055816650390625,0,0.0435791015625
42.7075,0,0.07550048828125,0,0.370361328125,0,0.0142364501953125,0,-0.05938720703125
42.7108,0,0.110107421875,0,0.336181640625,0,0.0142364501953125,0,-0.05938720703125
42.7258,0,0.110107421875,0,0.336181640625,0,-0.0181427001953125,0,-0.092529296875
42.7316,0,-0.224853515625,0,0.30224609375,0,-0.0181427001953125,0,-0.092529296875
42.7461,0,-0.224853515625,0,0.30224609375,0,-0.01058197021484375,0,0.0836181640625
42.7512,0,0.0164337158203125,0,-0.1876220703125,0,-0.01058197021484375,0,0.0836181640625
42.7641,0,0.0164337158203125,0,-0.1876220703125,0,-0.0374755859375,0,0.1549072265625
42.7706,0,0.100341796875,0,0.12744140625,0,-0.0374755859375,0,0.1549072265625
42.7836,0,0.100341796875,0,0.12744140625,0,0.010345458984375,0,-0.148193359375
42.7945,0,0.100341796875,0,0.235107421875,0,0.010345458984375,0,-0.148193359375
42.8045,0,0.1453857421875,0,0.235107421875,0,-0.0263214111328125,0,0.1383056640625
42.8099,0,0.1453857421875,0,-0.7578125,0,-0.0263214111328125,0,0.1383056640625
42.8295,0,-0.319091796875,0,-0.7578125,0,0.034881591796875,0,0.15576171875
42.8331,0,-0.2578125,0,-0.83154296875,0,0.034881591796875,0,0.15576171875
42.8459,0,-0.2578125,0,-0.83154296875,0,-0.0176849365234375,0,-0.08221435546875
42.8537,0,0.269287109375,0,0.317626953125,0,-0.0176849365234375,0,-0.08221435546875
42.8663,0,0.269287109375,0,0.317626953125,0,-0.04132080078125,0,0.14794921875
42.8716,0,0.269287109375,0,0.17431640625,0,-0.04132080078125,0,0.14794921875
42.8846,0,-0.0921630859375,0,0.17431640625,0,-0.012298583984375,0,0.18115234375
42.8955,0,-0.0921630859375,0,0.44384765625,0,-0.012298583984375,0,0.18115234375
42.9001,0,0.10882568359375,0,0.44384765625,0,-0.035888671875,0,0.150390625
42.9151,0,0.10882568359375,0,-0.455078125,0,-0.035888671875,0,0.150390625
42.9209,0,-0.0694580078125,0,-0.455078125,0,-0.061431884765625,0,0.040069580078125
42.9368,0,-0.0694580078125,0,-0.01214599609375,0,-0.061431884765625,0,0.040069580078125
42.9433,0,-0.097900390625,0,-0.01214599609375,0,0.074951171875,0,-0.219482421875
42.9505,0,-0.097900390625,0,0.332763671875,0,0.074951171875,0,-0.219482421875
42.9635,0,0.229736328125,0,0.332763671875,0,-0.0180511474609375,0,-0.0159759521484375
42.9716,0,0.229736328125,0,0.40771484375,0,-0.0180511474609375,0,-0.0159759521484375
42.9844,0,0.01556396484375,0,0.40771484375,0,-0.0180511474609375,0,-0.0159759521484375
42.9973,0,0.01556396484375,0,0.1898193359375,0,-0.037109375,0,0.047698974609375
43.0048,0,0.1878662109375,0,0.1898193359375,0,-0.051727294921875,0,0.047698974609375
43.0108,0,0.1878662109375,0,-0.044830322265625,0,-0.051727294921875,0,0.165771484375
43.0211,0,0.212646484375,0,-0.044830322265625,0,0.055694580078125,0,0.1563720703125
43.0318,0,0.212646484375,0,0.1319580078125,0,0.055694580078125,0,0.1563720703125
43.0421,0,0.09735107421875,0,0.1319580078125,0,0.04986572265625,0,0.1563720703125
43.0572,0,0.09735107421875,0,0.1319580078125,0,0.04986572265625,0,0.0933837890625
43.0636,0,0.078857421875,0,-0.5087890625,0,-0.050262451171875,0,0.16455078125
43.0770,0,0.078857421875,0,0.278564453125,0,-0.050262451171875,0,0.16455078125
43.0806,0,0.060882568359375,0,0.278564453125,0,-0.04974365234375,0,0.16455078125
43.0927,0,0.060882568359375,0,0.0853271484375,0,-0.04974365234375,0,0.054656982421875
43.1047,0,-0.125732421875,0,0.0853271484375,0,-0.04974365234375,0,0.054656982421875
43.1170,0,-0.125732421875,0,0.0853271484375,0,-0.04833984375,0,0.08624267578125
43.1252,0,0.1646728515625,0,0.0526123046875,0,-0.04833984375,0,0.08624267578125
43.1375,0,0.1646728515625,0,0.0526123046875,0,0.034271240234375,0,-0.2425537109375
43.1428,0,0.212646484375,0,0.458251953125,0,0.034271240234375,0,-0.2425537109375
43.1596,0,0.212646484375,0,0.458251953125,0,0.03485107421875,0,0.1353759765625
43.1638,0,-0.140380859375,0,-0.316162109375,0,0.03485107421875,0,0.1353759765625
43.1787,0,-0.140380859375,0,-0.316162109375,0,-0.03509521484375,0,0.134765625
43.1841,0,0.2064208984375,0,0.311767578125,0,-0.03509521484375,0,0.134765625
43.1974,0,0.2064208984375,0,0.311767578125,0,-0.08544921875,0,0.23828125
43.2001,0,0.04864501953125,0,-0.1258544921875,0,-0.08544921875,0,0.23828125
43.2158,0,0.04864501953125,0,-0.1258544921875,0,-0.07733154296875,0,-0.311767578125
43.2213,0,0.1497802734375,0,0.04681396484375,0,-0.07733154296875,0,-0.311767578125
43.2362,0,0.1497802734375,0,0.04681396484375,0,-0.09478759765625,0,-0.10528564453125
43.2443,0,0.1497802734375,0,0.095703125,0,-0.09478759765625,0,-0.10528564453125
43.2570,0,-0.0843505859375,0,0.095703125,0,-0.0298309326171875,0,-0.0859375
43.2649,0,-0.0843505859375,0,-0.326171875,0,-0.0298309326171875,0,-0.0859375
43.2799,0,0.324462890625,0,-0.326171875,0,-0.01270294189453125,0,0.1383056640625
43.2834,0,0.0689697265625,0,0.446044921875,0,-0.01270294189453125,0,0.1383056640625
43.2962,0,0.0689697265625,0,0.446044921875,0,-0.0086669921875,0,0.164306640625
43.3028,0,0.07928466796875,0,0.48828125,0,-0.0086669921875,0,0.164306640625
43.3149,0,0.07928466796875,0,0.48828125,0,0.040435791015625,0,-0.1732177734375
43.3245,0,0.07928466796875,0,-0.52587890625,0,0.040435791015625,0,-0.1732177734375
43.3351,0,0.071044921875,0,-0.52587890625,0,0.0216064453125,0,0.1005859375
43.3491,0,-0.16455078125,0,-0.1441650390625,0,0.0216064453125,0,0.1005859375
43.3580,0,-0.16455078125,0,-0.1441650390625,0,0.05810546875,0,0.1627197265625
43.3671,0,-0.16455078125,0,-0.66455078125,0,0.05810546875,0,0.1627197265625
43.3789,0,0.1444091796875,0,-0.66455078125,0,-0.00970458984375,0,-0.057373046875
43.3825,0,0.1444091796875,0,-0.52783203125,0,-0.00970458984375,0,-0.057373046875
43.3956,0,0.259765625,0,-0.52783203125,0,-0.022125244140625,0,0.044891357421875
43.4035,0,0.259765625,0,-0.0592041015625,0,-0.022125244140625,0,0.044891357421875
43.4103,0,0.046142578125,0,-0.0592041015625,0,-0.06402587890625,0,0.1236572265625
43.4253,0,0.046142578125,0,0.169677734375,0,-0.06402587890625,0,0.1236572265625
43.4394,0,-0.06451416015625,0,0.169677734375,0,-0.047119140625,0,0.2030029296875
43.4464,0,-0.06451416015625,0,0.498779296875,0,-0.047119140625,0,0.2030029296875
43.4573,0,0.274169921875,0,0.498779296875,0,-0.0202178955078125,0,0.0816650390625
43.4626,0,0.274169921875,0,0.440185546875,0,-0.0202178955078125,0,0.0816650390625
43.4704,0,0.05224609375,0,0.440185546875,0,-0.08050537109375,0,-0.1571044921875
43.4840,0,0.05224609375,0,-0.299072265625,0,-0.08050537109375,0,-0.1571044921875
43.4909,0,-0.145263671875,0,-0.299072265625,0,0.009765625,0,-0.02313232421875
43.5050,0,-0.145263671875,0,0.12841796875,0,0.009765625,0,-0.02313232421875
43.5124,0,-0.163330078125,0,0.12841796875,0,-0.046661376953125,0,-0.2203369140625
43.5247,0,-0.163330078125,0,-0.46875,0,-0.046661376953125,0,-0.2203369140625
43.5309,0,0.133544921875,0,-0.46875,0,-0.046661376953125,0,0.1524658203125
43.5426,0,0.133544921875,0,0.36181640625,0,0.03472900390625,0,0.1524658203125
43.5549,0,0.035186767578125,0,0.36181640625,0,0.03472900390625,0,0.1524658203125
43.5655,0,0.035186767578125,0,0.36181640625,0,-0.097900390625,0,0.1005859375
43.5758,0,-0.024627685546875,0,-0.52490234375,0,-0.097900390625,0,0.1005859375
43.5848,0,-0.024627685546875,0,-0.52490234375,0,-0.0259552001953125,0,0.08441162109375
43.5961,0,0.047607421875,0,-0.09783935546875,0,-0.0259552001953125,0,0.08441162109375
43.6015,0,0.047607421875,0,-0.27587890625,0,-0.0635986328125,0,-0.2254638671875
43.6171,0,0.07464599609375,0,-0.27587890625,0,-0.0635986328125,0,-0.2254638671875
43.6262,0,0.07464599609375,0,-0.27587890625,0,0.035919189453125,0,0.07244873046875
43.6314,0,0.03778076171875,0,0.2265625,0,-0.0296783447265625,0,-0.2183837890625
43.6479,0,0.03778076171875,0,0.395263671875,0,-0.0296783447265625,0,-0.2183837890625
43.6593,0,-0.041839599609375,0,0.395263671875,0,0.08758544921875,0,0.2052001953125
43.6667,0,-0.041839599609375,0,0.09429931640625,0,0.08758544921875,0,0.2052001953125
43.6796,0,0.06488037109375,0,0.09429931640625,0,0.022369384765625,0,0.11004638671875
43.6901,0,0.06488037109375,0,0.09271240234375,0,0.022369384765625,0,0.11004638671875
43.6975,0,0.04705810546875,0,0.09271240234375,0,0.022369384765625,0,0.11004638671875
43.7048,0,0.04705810546875,0,0.09271240234375,0,-0.033050537109375,0,-0.24365234375
43.7141,0,0.1461181640625,0,-0.08355712890625,0,-0.033050537109375,0,-0.24365234375
43.7281,0,0.1461181640625,0,-0.08355712890625,0,0.0115966796875,0,0.1474609375
43.7317,0,-0.0867919921875,0,0.4970703125,0,0.0115966796875,0,0.1474609375
43.7447,0,-0.0867919921875,0,0.4970703125,0,-0.00982666015625,0,0.10528564453125
43.7584,0,-0.0867919921875,0,-0.374267578125,0,-0.00982666015625,0,0.10528564453125
43.7652,0,0.09417724609375,0,-0.374267578125,0,-0.0198974609375,0,0.04852294921875
43.7711,0,-0.11767578125,0,-0.2396240234375,0,-0.0198974609375,0,0.04852294921875
43.7840,0,-0.11767578125,0,-0.2396240234375,0,-0.04339599609375,0,-0.0751953125
43.7908,0,0.1785888671875,0,-0.458740234375,0,-0.04339599609375,0,-0.0751953125
43.8044,0,0.1785888671875,0,-0.458740234375,0,0.0556640625,0,0.06939697265625
43.8151,0,0.1785888671875,0,-0.62353515625,0,0.0556640625,0,0.06939697265625
43.8255,0,0.1544189453125,0,-0.62353515625,0,0.019195556640625,0,-0.2330322265625
43.8306,0,0.08905029296875,0,0.473388671875,0,0.019195556640625,0,-0.2330322265625
43.8501,0,0.08905029296875,0,0.473388671875,0,0.0166168212890625,0,0.1634521484375
43.8517,0,0.18359375,0,-0.0184173583984375,0,0.0166168212890625,0,0.1634521484375
43.8646,0,0.18359375,0,-0.0184173583984375,0,0.035614013671875,0,-0.0775146484375
43.8719,0,0.05987548828125,0,0.1025390625,0,0.035614013671875,0,-0.0775146484375
43.8845,0,0.05987548828125,0,0.1025390625,0,-0.0165252685546875,0,0.07769775390625
43.8900,0,0.05987548828125,0,-0.98876953125,0,-0.0165252685546875,0,0.07769775390625
43.9043,0,0.284912109375,0,-0.98876953125,0,-0.03582763671875,0,0.100830078125
43.9153,0,0.284912109375,0,0.10455322265625,0,-0.03582763671875,0,0.100830078125
43.9201,0,0.125,0,0.10455322265625,0,-0.040283203125,0,0.10858154296875
43.9353,0,-0.1717529296875,0,0.183837890625,0,-0.040283203125,0,0.10858154296875
43.9420,0,-0.1717529296875,0,0.183837890625,0,-0.054168701171875,0,-0.046783447265625
43.9524,0,-0.1717529296875,0,-0.293212890625,0,-0.054168701171875,0,-0.046783447265625
43.9640,0,0.100341796875,0,-0.293212890625,0,-0.054168701171875,0,0.0955810546875
43.9707,0,0.100341796875,0,0.2208251953125,0,-0.03082275390625,0,0.0955810546875
43.9831,0,0.11505126953125,0,0.2208251953125,0,0.049163818359375,0,-0.158447265625
43.9968,0,0.11505126953125,0,-0.2413330078125,0,0.049163818359375,0,-0.158447265625
44.0054,0,-0.1646728515625,0,-0.2413330078125,0,0.049163818359375,0,-0.158447265625
44.0183,0,-0.1646728515625,0,-0.2413330078125,0,-0.070068359375,0,0.0675048828125
44.0287,0,-0.152587890625,0,0.048187255859375,0,-0.070068359375,0,0.0675048828125
44.0309,0,-0.152587890625,0,-0.290283203125,0,0.057220458984375,0,0.10791015625
44.0409,0,0.0916748046875,0,-0.290283203125,0,0.057220458984375,0,0.0999755859375
44.0515,0,0.0916748046875,0,0.67822265625,0,0.017974853515625,0,0.0999755859375
44.0621,0,-0.052032470703125,0,0.67822265625,0,0.017974853515625,0,-0.1802978515625
44.0800,0,-0.052032470703125,0,0.299072265625,0,0.07440185546875,0,-0.1802978515625
44.0846,0,0.2064208984375,0,0.299072265625,0,0.07440185546875,0,0.1766357421875
44.0970,0,0.2064208984375,0,0.299072265625,0,0.0794677734375,0,0.1766357421875
44.1045,0,0.0281219482421875,0,0.475830078125,0,0.0794677734375,0,0.1766357421875
44.1155,0,0.0281219482421875,0,0.475830078125,0,0.04901123046875,0,-0.2171630859375
44.1248,0,0.1358642578125,0,0.216552734375,0,0.04901123046875,0,-0.2171630859375
44.1360,0,0.1358642578125,0,0.216552734375,0,0.01294708251953125,0,0.1878662109375
44.1471,0,0.05218505859375,0,-0.7744140625,0,0.01294708251953125,0,0.1878662109375
44.1572,0,0.05218505859375,0,-0.7744140625,0,-0.068603515625,0,0.03570556640625
44.1644,0,0.11004638671875,0,-0.036834716796875,0,-0.068603515625,0,0.03570556640625
44.1766,0,0.11004638671875,0,-0.036834716796875,0,-0.027984619140625,0,0.0202178955078125
44.1844,0,-0.1409912109375,0,-0.09796142578125,0,-0.027984619140625,0,0.0202178955078125
44.1974,0,-0.1409912109375,0,-0.09796142578125,0,-0.09552001953125,0,-0.041168212890625
44.2056,0,0.2218017578125,0,0.05670166015625,0,-0.09552001953125,0,-0.041168212890625
44.2172,0,0.2218017578125,0,0.05670166015625,0,-0.06280517578125,0,-0.0163726806640625
44.2228,0,0.11883544921875,0,-0.59619140625,0,-0.06280517578125,0,-0.0163726806640625
44.2358,0,0.11883544921875,0,-0.59619140625,0,-0.0180816650390625,0,0.11834716796875
44.2412,0,0.12445068359375,0,-0.473388671875,0,-0.0180816650390625,0,0.11834716796875
44.2495,0,0.12445068359375,0,-0.473388671875,0,0.044158935546875,0,0.0946044921875
44.2651,0,0.12445068359375,0,-0.63232421875,0,0.044158935546875,0,0.0946044921875
44.2773,0,0.108154296875,0,-0.63232421875,0,-0.057464599609375,0,0.12310791015625
44.2823,0,0.034912109375,0,0.298828125,0,-0.057464599609375,0,0.12310791015625
44.2999,0,0.034912109375,0,0.298828125,0,-0.05694580078125,0,0.13720703125
44.3035,0,0.1385498046875,0,0.0706787109375,0,-0.05694580078125,0,0.13720703125
44.3126,0,0.1385498046875,0,0.0706787109375,0,-0.03558349609375,0,0.207763671875
44.3276,0,0.1385498046875,0,0.165771484375,0,-0.03558349609375,0,0.207763671875
44.3328,0,0.12841796875,0,0.165771484375,0,0.026092529296875,0,-0.23095703125
44.3414,0,0.145263671875,0,0.2099609375,0,0.026092529296875,0,-0.23095703125
44.3516,0,0.145263671875,0,0.2099609375,0,-0.036163330078125,0,0.1220703125
44.3651,0,0.1868896484375,0,-0.77734375,0,-0.036163330078125,0,0.1220703125
44.3713,0,0.1868896484375,0,-0.77734375,0,-0.036163330078125,0,-0.267822265625
44.3828,0,0.2244873046875,0,0.16796875,0,0.01313018798828125,0,-0.267822265625
44.3952,0,0.2244873046875,0,0.16796875,0,0.01313018798828125,0,-0.227294921875
44.4002,0,0.2244873046875,0,0.2469482421875,0,-0.07012939453125,0,-0.227294921875
44.4153,0,-0.232666015625,0,0.2469482421875,0,-0.07012939453125,0,-0.1727294921875
44.4205,0,-0.232666015625,0,0.430908203125,0,-0.0657958984375,0,-0.1727294921875
44.4304,0,0.06951904296875,0,0.430908203125,0,-0.0657958984375,0,0.044097900390625
44.4429,0,0.06951904296875,0,0.430908203125,0,-0.0294342041015625,0,0.044097900390625
44.4505,0,0.038116455078125,0,0.362060546875,0,-0.0294342041015625,0,0.12139892578125
44.4650,0,0.038116455078125,0,0.362060546875,0,0.046112060546875,0,0.12139892578125
44.4716,0,0.06915283203125,0,-0.8076171875,0,0.046112060546875,0,-0.207275390625
44.4844,0,0.06915283203125,0,0.08514404296875,0,0.121337890625,0,-0.207275390625
44.4936,0,0.1519775390625,0,0.08514404296875,0,0.121337890625,0,-0.1175537109375
44.5016,0,0.1519775390625,0,0.359130859375,0,-0.07733154296875,0,-0.1175537109375
44.5109,0,0.06689453125,0,0.359130859375,0,-0.07733154296875,0,-0.037109375
44.5235,0,0.06689453125,0,0.359130859375,0,0.026153564453125,0,-0.037109375
44.5316,0,0.1796875,0,-0.51416015625,0,0.026153564453125,0,-0.12335205078125
44.5446,0,0.1796875,0,-0.51416015625,0,-0.14990234375,0,-0.12335205078125
44.5574,0,0.122802734375,0,0.1524658203125,0,-0.14990234375,0,0.1910400390625
44.5650,0,0.122802734375,0,0.1524658203125,0,-0.02197265625,0,0.1910400390625
44.5803,0,0.144287109375,0,0.2291259765625,0,-0.02197265625,0,-0.04193115234375
44.5863,0,0.144287109375,0,0.2291259765625,0,-0.045745849609375,0,-0.04193115234375
44.5970,0,0.09283447265625,0,-0.552734375,0,-0.045745849609375,0,-0.04193115234375
44.6046,0,0.09283447265625,0,-0.552734375,0,0.01251983642578125,0,-0.247802734375
44.6160,0,0.250732421875,0,-0.88134765625,0,0.01251983642578125,0,-0.247802734375
44.6290,0,0.250732421875,0,-0.88134765625,0,0.0176239013671875,0,0.0439453125
44.6363,0,0.054107666015625,0,0.268310546875,0,0.0176239013671875,0,0.0439453125
44.6441,0,0.054107666015625,0,0.268310546875,0,0.07354736328125,0,-0.194580078125
44.6529,0,0.03350830078125,0,-0.10260009765625,0,0.07354736328125,0,-0.107666015625
44.6648,0,0.03350830078125,0,-0.10260009765625,0,-0.035858154296875,0,-0.107666015625
44.6783,0,0.090576171875,0,0.359619140625,0,-0.035858154296875,0,-0.2529296875
44.6850,0,0.090576171875,0,0.359619140625,0,0.055999755859375,0,-0.2529296875
44.6976,0,0.21826171875,0,-0.06793212890625,0,0.055999755859375,0,-0.2529296875
44.7029,0,0.21826171875,0,-0.06793212890625,0,-0.0390625,0,0.006317138671875
44.7121,0,0.21484375,0,0.440185546875,0,-0.0390625,0,-0.277099609375
44.7228,0,0.21484375,0,0.440185546875,0,0.05682373046875,0,-0.277099609375
44.7319,0,-0.108154296875,0,-0.73095703125,0,0.05682373046875,0,-0.277099609375
44.7416,0,-0.108154296875,0,-0.73095703125,0,-0.0367431640625,0,-0.055511474609375
44.7505,0,0.2169189453125,0,0.3017578125,0,-0.0367431640625,0,-0.055511474609375
44.7651,0,0.2169189453125,0,0.3017578125,0,-0.0367431640625,0,0.1361083984375
44.7736,0,0.037017822265625,0,0.1658935546875,0,-0.0269317626953125,0,0.1361083984375
44.7846,0,0.037017822265625,0,0.1658935546875,0,-0.0269317626953125,0,-0.08343505859375
44.7898,0,0.06390380859375,0,-0.364990234375,0,-0.0295867919921875,0,-0.08343505859375
44.8028,0,0.06390380859375,0,-0.364990234375,0,-0.0295867919921875,0,0.063232421875
44.8112,0,0.1629638671875,0,0.305908203125,0,-0.017333984375,0,0.063232421875
44.8263,0,0.1629638671875,0,0.305908203125,0,-0.017333984375,0,0.1226806640625
44.8363,0,0.1629638671875,0,0.08917236328125,0,0.0435791015625,0,0.1226806640625
44.8455,0,0.1357421875,0,0.08917236328125,0,0.0435791015625,0,-0.08428955078125
44.8495,0,0.217529296875,0,-0.14013671875,0,0.00977325439453125,0,-0.08428955078125
44.8650,0,0.217529296875,0,-0.14013671875,0,0.00977325439453125,0,0.033935546875
44.8716,0,-0.11236572265625,0,0.323486328125,0,0.03912353515625,0,0.033935546875
44.8868,0,-0.11236572265625,0,0.323486328125,0,0.03912353515625,0,0.055328369140625
44.8982,0,0.127685546875,0,0.13720703125,0,-0.03717041015625,0,0.055328369140625
44.9038,0,0.127685546875,0,0.13720703125,0,-0.03717041015625,0,-0.1859130859375
44.9140,0,0.127685546875,0,-0.5927734375,0,-0.06744384765625,0,-0.1859130859375
44.9242,0,0.055816650390625,0,-0.5927734375,0,-0.06744384765625,0,0.162353515625
44.9306,0,0.055816650390625,0,-0.11279296875,0,-0.022308349609375,0,0.162353515625
44.9410,0,0.08721923828125,0,-0.11279296875,0,-0.022308349609375,0,-0.21484375
44.9519,0,0.10382080078125,0,-0.46533203125,0,-0.081298828125,0,-0.21484375
44.9632,0,0.10382080078125,0,-0.46533203125,0,-0.081298828125,0,0.093505859375
44.9750,0,0.10382080078125,0,-0.46533203125,0,-0.01206207275390625,0,0.093505859375
44.9840,0,-0.0265960693359375,0,-0.401611328125,0,-0.01206207275390625,0,-0.07720947265625
44.9952,0,-0.0265960693359375,0,-0.401611328125,0,-0.06671142578125,0,-0.07720947265625
44.9999,0,0.1246337890625,0,-0.09356689453125,0,-0.06671142578125,0,0.140625
45.0161,0,0.1246337890625,0,0.1805419921875,0,0.037933349609375,0,0.140625
45.0239,0,0.149658203125,0,0.1805419921875,0,0.037933349609375,0,0.140625
45.0367,0,0.149658203125,0,0.1805419921875,0,0.05096435546875,0,-0.1568603515625
45.0477,0,-0.1798095703125,0,0.46044921875,0,0.05096435546875,0,-0.1568603515625
45.0569,0,-0.1798095703125,0,0.46044921875,0,0.031829833984375,0,-0.048004150390625
45.0649,0,0.11309814453125,0,0.1591796875,0,0.031829833984375,0,-0.048004150390625
45.0716,0,0.11309814453125,0,0.0277557373046875,0,0.04620361328125,0,0.07293701171875
45.0843,0,-0.02972412109375,0,0.0277557373046875,0,0.04620361328125,0,0.07293701171875
45.0899,0,-0.02972412109375,0,0.0277557373046875,0,0.1126708984375,0,-0.2509765625
45.1032,0,0.044403076171875,0,-0.1668701171875,0,0.1126708984375,0,0.161376953125
45.1156,0,0.044403076171875,0,-0.1668701171875,0,0.059844970703125,0,0.161376953125
45.1245,0,-0.1473388671875,0,0.419677734375,0,0.059844970703125,0,0.161376953125
45.1352,0,-0.1473388671875,0,0.419677734375,0,0.0088653564453125,0,0.11187744140625
45.1449,0,0.1134033203125,0,0.36279296875,0,0.0088653564453125,0,0.11187744140625
45.1502,0,0.1134033203125,0,0.36279296875,0,0.055389404296875,0,0.10565185546875
45.1672,0,0.2054443359375,0,-0.423828125,0,0.055389404296875,0,0.10565185546875
45.1709,0,0.2054443359375,0,-0.423828125,0,-0.0302276611328125,0,0.07623291015625
45.1823,0,-0.0919189453125,0,0.2802734375,0,-0.0302276611328125,0,0.07623291015625
45.1929,0,-0.0919189453125,0,0.2802734375,0,0.0360107421875,0,-0.157958984375
45.2046,0,-0.0919189453125,0,-0.08721923828125,0,0.0360107421875,0,-0.157958984375
45.2161,0,0.083251953125,0,-0.08721923828125,0,0.0360107421875,0,-0.0394287109375
45.2241,0,0.083251953125,0,-0.09613037109375,0,-0.050201416015625,0,-0.0394287109375
45.2395,0,0.343505859375,0,-0.09613037109375,0,-0.09405517578125,0,-0.0242919921875
45.2437,0,-0.025482177734375,0,0.440673828125,0,-0.09405517578125,0,-0.0242919921875
45.2562,0,-0.025482177734375,0,0.440673828125,0,-0.09405517578125,0,0.19384765625
45.2615,0,-0.1270751953125,0,0.1903076171875,0,-0.11639404296875,0,0.19384765625
45.2761,0,-0.1270751953125,0,0.1903076171875,0,-0.11639404296875,0,-0.020965576171875
45.2836,0,-0.1270751953125,0,-0.275390625,0,0.03582763671875,0,-0.020965576171875
45.2977,0,0.154296875,0,-0.275390625,0,0.03582763671875,0,-0.0197601318359375
45.3048,0,0.154296875,0,0.06317138671875,0,-0.10028076171875,0,-0.0197601318359375
45.3198,0,0.1363525390625,0,0.06317138671875,0,-0.10028076171875,0,-0.03790283203125
45.3238,0,-0.048248291015625,0,0.3974609375,0,-0.0100250244140625,0,-0.03790283203125
45.3364,0,-0.048248291015625,0,0.3974609375,0,-0.0100250244140625,0,0.1658935546875
45.3417,0,-0.0239715576171875,0,-0.057373046875,0,0.0221710205078125,0,0.1658935546875
45.3545,0,-0.0239715576171875,0,-0.057373046875,0,0.0221710205078125,0,-0.01273345947265625
45.3601,0,-0.0239715576171875,0,-0.65283203125,0,-0.050048828125,0,-0.01273345947265625
45.3757,0,0.04571533203125,0,-0.65283203125,0,-0.050048828125,0,0.10748291015625
45.3811,0,0.04571533203125,0,-0.332275390625,0,-0.036956787109375,0,0.10748291015625
45.3898,0,0.07391357421875,0,-0.332275390625,0,-0.036956787109375,0,-0.215576171875
45.4016,0,0.07391357421875,0,-0.6630859375,0,-0.037353515625,0,-0.215576171875
45.4154,0,0.08929443359375,0,-0.6630859375,0,-0.037353515625,0,-0.2325439453125
45.4218,0,0.08929443359375,0,-0.6630859375,0,-0.01503753662109375,0,-0.2325439453125
45.4367,0,0.0958251953125,0,-0.25634765625,0,-0.01503753662109375,0,-0.060943603515625
45.4460,0,0.0958251953125,0,-0.25634765625,0,-0.04248046875,0,-0.060943603515625
45.4509,0,0.11199951171875,0,0.312744140625,0,-0.04248046875,0,0.07562255859375
45.4615,0,0.11199951171875,0,0.24072265625,0,-0.0908203125,0,0.07562255859375
45.4706,0,0.148681640625,0,0.24072265625,0,-0.0908203125,0,0.128173828125
45.4823,0,0.148681640625,0,0.24072265625,0,-0.01806640625,0,0.128173828125
45.4944,0,0.1356201171875,0,0.27392578125,0,-0.01806640625,0,0.1314697265625
45.5024,0,0.1356201171875,0,0.27392578125,0,0.0034885406494140625,0,0.1314697265625
45.5103,0,0.046417236328125,0,0.374755859375,0,0.0034885406494140625,0,-0.035064697265625
45.5217,0,0.046417236328125,0,0.374755859375,0,0.02947998046875,0,-0.035064697265625
45.5308,0,0.226318359375,0,0.279052734375,0,0.02947998046875,0,-0.028564453125
45.5452,0,0.226318359375,0,0.11468505859375,0,-0.028289794921875,0,-0.028564453125
45.5572,0,0.11029052734375,0,0.11468505859375,0,-0.028289794921875,0,0.1590576171875
45.5667,0,0.11029052734375,0,-0.3349609375,0,-0.036407470703125,0,0.1590576171875
45.5774,0,0.04986572265625,0,-0.3349609375,0,-0.036407470703125,0,-0.252197265625
45.5850,0,0.04986572265625,0,-0.3349609375,0,-0.0631103515625,0,-0.252197265625
45.5983,0,0.08319091796875,0,-0.1337890625,0,-0.0631103515625,0,-0.252197265625
45.6046,0,0.08319091796875,0,-0.1337890625,0,-0.0631103515625,0,-0.204833984375
45.6130,0,0.0635986328125,0,-0.56494140625,0,-0.0474853515625,0,0.1575927734375
45.6258,0,0.0635986328125,0,-0.56494140625,0,-0.0673828125,0,0.1575927734375
45.6312,0,-0.06121826171875,0,-0.71533203125,0,-0.0673828125,0,0.1575927734375
45.6445,0,-0.06121826171875,0,-0.71533203125,0,-0.0673828125,0,-0.0625
45.6550,0,0.2061767578125,0,0.415771484375,0,0.033111572265625,0,-0.0625
45.6662,0,0.2061767578125,0,0.415771484375,0,0.0576171875,0,0.07861328125
45.6754,0,0.2061767578125,0,0.068115234375,0,0.0576171875,0,0.07861328125
45.6872,0,0.18310546875,0,0.068115234375,0,0.0576171875,0,0.1556396484375
45.6909,0,0.11383056640625,0,-0.1737060546875,0,-0.029754638671875,0,0.1556396484375
45.7037,0,0.11383056640625,0,-0.1737060546875,0,-0.029754638671875,0,0.1734619140625
45.7130,0,-0.07275390625,0,0.53271484375,0,-0.062042236328125,0,0.1734619140625
45.7233,0,-0.07275390625,0,0.53271484375,0,-0.062042236328125,0,0.135498046875
45.7318,0,0.039642333984375,0,0.50634765625,0,-0.0011701583862304688,0,0.135498046875
45.7448,0,0.039642333984375,0,0.50634765625,0,-0.0011701583862304688,0,0.09796142578125
45.7510,0,0.039642333984375,0,0.285888671875,0,-0.01495361328125,0,0.09796142578125
45.7646,0,0.07513427734375,0,0.285888671875,0,-0.01495361328125,0,0.13916015625
45.7708,0,0.07513427734375,0,-0.406005859375,0,-0.09033203125,0,0.13916015625
45.7869,0,0.0233612060546875,0,-0.406005859375,0,-0.09033203125,0,-0.1614990234375
45.7970,0,0.0233612060546875,0,0.298828125,0,-0.0380859375,0,-0.1614990234375
45.8049,0,0.0938720703125,0,0.298828125,0,-0.0380859375,0,0.10028076171875
45.8108,0,0.0938720703125,0,0.298828125,0,0.05731201171875,0,0.10028076171875
45.8291,0,-0.046722412109375,0,-0.0283203125,0,0.05731201171875,0,0.0311126708984375
45.8341,0,-0.046722412109375,0,0.29931640625,0,-0.029327392578125,0,0.0311126708984375
45.8446,0,0.1265869140625,0,0.29931640625,0,-0.029327392578125,0,-0.08050537109375
45.8518,0,0.1265869140625,0,0.239990234375,0,-0.01425933837890625,0,-0.08050537109375
45.8651,0,0.2088623046875,0,0.239990234375,0,-0.01425933837890625,0,-0.1563720703125
45.8702,0,0.2088623046875,0,0.239990234375,0,0.039947509765625,0,-0.1563720703125
45.8838,0,0.10382080078125,0,0.325439453125,0,0.039947509765625,0,0.1353759765625
45.8947,0,0.10382080078125,0,0.325439453125,0,0.02276611328125,0,0.1353759765625
45.8998,0,-0.09051513671875,0,0.202392578125,0,0.02276611328125,0,-0.0665283203125
45.9153,0,-0.09051513671875,0,-0.6787109375,0,-0.06817626953125,0,-0.0665283203125
45.9206,0,-0.09124755859375,0,-0.6787109375,0,-0.06817626953125,0,0.15771484375
45.9369,0,-0.09124755859375,0,-0.01580810546875,0,0.060760498046875,0,0.15771484375
45.9472,0,-0.265869140625,0,-0.01580810546875,0,0.060760498046875,0,-0.042144775390625
45.9578,0,-0.265869140625,0,0.2958984375,0,-0.027435302734375,0,-0.042144775390625
45.9627,0,0.13916015625,0,0.2958984375,0,-0.027435302734375,0,-0.219970703125
45.9720,0,0.13916015625,0,0.2958984375,0,-0.048248291015625,0,-0.219970703125
45.9830,0,0.12322998046875,0,-1.1083984375,0,-0.048248291015625,0,-0.186767578125
46.0002,0,0.12322998046875,0,-0.74072265625,0,-0.06072998046875,0,-0.186767578125
46.0038,0,0.222412109375,0,-0.74072265625,0,-0.06072998046875,0,0.047027587890625
46.0183,0,0.222412109375,0,-0.74072265625,0,0.04510498046875,0,0.047027587890625
46.0228,0,0.31396484375,0,-0.744140625,0,0.04510498046875,0,0.047027587890625
46.0330,0,0.31396484375,0,-0.744140625,0,-0.0309906005859375,0,0.0826416015625
46.0448,0,0.31396484375,0,0.172119140625,0,-0.0309906005859375,0,0.0826416015625
46.0595,0,-0.308349609375,0,0.172119140625,0,-0.03643798828125,0,0.22216796875
46.0667,0,-0.308349609375,0,0.2646484375,0,-0.03643798828125,0,0.22216796875
46.0807,0,0.07928466796875,0,0.2646484375,0,-0.03643798828125,0,0.147705078125
46.0833,0,0.021087646484375,0,0.28466796875,0,0.041717529296875,0,0.147705078125
46.0997,0,0.021087646484375,0,0.28466796875,0,0.041717529296875,0,-0.0138092041015625
46.1033,0,0.1181640625,0,0.273193359375,0,0.01263427734375,0,-0.0138092041015625
46.1185,0,0.1181640625,0,0.273193359375,0,0.01263427734375,0,-0.1866455078125
46.1230,0,0.06494140625,0,-0.168212890625,0,-0.0119476318359375,0,-0.1866455078125
46.1360,0,0.06494140625,0,-0.168212890625,0,-0.0119476318359375,0,-0.1531982421875
46.1424,0,0.10693359375,0,-0.57958984375,0,0.0101318359375,0,-0.1531982421875
46.1551,0,0.10693359375,0,-0.57958984375,0,0.0101318359375,0,-0.0755615234375
46.1609,0,-0.1920166015625,0,0.435546875,0,-0.0538330078125,0,-0.0755615234375
46.1763,0,-0.1920166015625,0,0.435546875,0,-0.0538330078125,0,0.1826171875
46.1840,0,-0.1920166015625,0,-0.732421875,0,-0.047607421875,0,0.1826171875
46.1972,0,0.01036834716796875,0,-0.732421875,0,-0.047607421875,0,-0.136962890625
46.2020,0,0.01036834716796875,0,-0.467041015625,0,-0.015045166015625,0,-0.136962890625
46.2173,0,0.07965087890625,0,-0.467041015625,0,-0.015045166015625,0,0.13134765625
46.2234,0,0.07965087890625,0,0.47119140625,0,-0.035308837890625,0,0.13134765625
46.2396,0,-0.06622314453125,0,0.47119140625,0,-0.035308837890625,0,0.048187255859375
46.2459,0,0.10137939453125,0,0.267822265625,0,0.0187530517578125,0,0.048187255859375
46.2561,0,0.10137939453125,0,0.267822265625,0,0.0187530517578125,0,0.1458740234375
46.2616,0,0.10137939453125,0,0.285400390625,0,-0.0670166015625,0,0.1458740234375
46.2748,0,0.245361328125,0,0.285400390625,0,-0.0670166015625,0,0.17724609375
46.2828,0,0.245361328125,0,0.4921875,0,-0.07257080078125,0,0.17724609375
46.2963,0,0.09381103515625,0,0.4921875,0,-0.07257080078125,0,-0.29150390625
46.3039,0,0.09381103515625,0,0.4921875,0,-0.03143310546875,0,-0.29150390625
46.3169,0,0.0987548828125,0,-0.11260986328125,0,-0.03143310546875,0,0.08404541015625
46.3230,0,0.0987548828125,0,-0.11260986328125,0,-0.032928466796875,0,0.08404541015625
46.3373,0,0.1298828125,0,0.36767578125,0,-0.032928466796875,0,-0.11669921875
46.3452,0,0.1298828125,0,0.36767578125,0,-0.01181793212890625,0,-0.11669921875
46.3504,0,0.09197998046875,0,-0.650390625,0,-0.01181793212890625,0,-0.0184478759765625
46.3643,0,0.09197998046875,0,0.1968994140625,0,0.043426513671875,0,-0.0184478759765625
46.3759,0,0.102294921875,0,0.1968994140625,0,0.043426513671875,0,0.07489013671875
46.3819,0,0.102294921875,0,0.1968994140625,0,0.040008544921875,0,0.07489013671875
46.3950,0,0.051055908203125,0,-0.50341796875,0,0.040008544921875,0,0.08197021484375
46.4006,0,0.051055908203125,0,-0.50341796875,0,0.057220458984375,0,0.08197021484375
46.4097,0,0.024261474609375,0,0.05291748046875,0,0.057220458984375,0,0.181396484375
46.4216,0,0.024261474609375,0,0.05291748046875,0,-0.016571044921875,0,0.181396484375
46.4318,0,0.138671875,0,0.044342041015625,0,-0.016571044921875,0,0.1307373046875
46.4409,0,0.138671875,0,0.044342041015625,0,-0.1217041015625,0,0.1307373046875
46.4564,0,0.08245849609375,0,-0.09649658203125,0,-0.1217041015625,0,0.1141357421875
46.4647,0,0.08245849609375,0,-0.09649658203125,0,-0.08294677734375,0,0.1141357421875
46.4697,0,0.2210693359375,0,0.40478515625,0,-0.08294677734375,0,0.1141357421875
46.4831,0,0.2210693359375,0,0.40478515625,0,-0.08294677734375,0,0.21630859375
46.4905,0,0.130126953125,0,-0.658203125,0,0.01251220703125,0,0.21630859375
46.5036,0,0.130126953125,0,-0.658203125,0,0.01251220703125,0,0.0198822021484375
46.5121,0,0.078857421875,0,0.1484375,0,-0.08624267578125,0,0.1329345703125
46.5272,0,0.078857421875,0,0.1484375,0,-0.0313720703125,0,0.1329345703125
46.5322,0,0.1414794921875,0,0.414794921875,0,-0.0313720703125,0,0.1329345703125
46.5455,0,0.1414794921875,0,0.414794921875,0,-0.0313720703125,0,0.12158203125
46.5508,0,0.105712890625,0,0.2142333984375,0,0.040252685546875,0,0.12158203125
46.5655,0,0.105712890625,0,0.2142333984375,0,0.040252685546875,0,0.0943603515625
46.5717,0,0.0989990234375,0,0.28125,0,-0.0281829833984375,0,0.0943603515625
46.5844,0,0.0989990234375,0,0.28125,0,-0.0281829833984375,0,0.10943603515625
46.6006,0,0.25390625,0,-0.5244140625,0,-0.00490570068359375,0,0.11309814453125
46.6077,0,0.25390625,0,-0.5244140625,0,-0.0212554931640625,0,0.11309814453125
46.6167,0,0.25390625,0,-0.057342529296875,0,-0.0212554931640625,0,0.11309814453125
46.6246,0,0.07171630859375,0,-0.057342529296875,0,-0.0212554931640625,0,-0.2298583984375
46.6352,0,0.07171630859375,0,-0.673828125,0,0.042877197265625,0,-0.2298583984375
46.6452,0,0.09912109375,0,-0.673828125,0,0.042877197265625,0,-0.228759765625
46.6501,0,0.09912109375,0,-0.228271484375,0,0.01035308837890625,0,-0.228759765625
46.6642,0,0.11956787109375,0,-0.228271484375,0,0.01035308837890625,0,0.212646484375
46.6708,0,0.11956787109375,0,0.236572265625,0,-0.026702880859375,0,0.212646484375
46.6840,0,0.11810302734375,0,0.236572265625,0,-0.026702880859375,0,0.1536865234375
46.6929,0,-0.12030029296875,0,-0.54443359375,0,0.0322265625,0,0.1536865234375
46.7027,0,-0.12030029296875,0,-0.54443359375,0,0.0322265625,0,0.030181884765625
46.7182,0,-0.2166748046875,0,0.279052734375,0,-0.0655517578125,0,0.030181884765625
46.7259,0,-0.2166748046875,0,0.279052734375,0,-0.0655517578125,0,0.162841796875
46.7333,0,-0.2166748046875,0,0.242919921875,0,0.0966796875,0,0.162841796875
46.7442,0,0.2032470703125,0,0.242919921875,0,0.0966796875,0,0.237548828125
46.7517,0,0.2032470703125,0,-0.3232421875,0,-0.031219482421875,0,0.237548828125
46.7656,0,0.11798095703125,0,-0.3232421875,0,-0.031219482421875,0,-0.0653076171875
46.7707,0,0.11798095703125,0,-0.3232421875,0,-0.0821533203125,0,-0.0653076171875
46.7843,0,0.130615234375,0,0.400146484375,0,-0.0821533203125,0,-0.079833984375
46.7913,0,0.130615234375,0,0.400146484375,0,-0.0203704833984375,0,-0.079833984375
46.8015,0,0.1309814453125,0,0.09222412109375,0,-0.0203704833984375,0,-0.1566162109375
46.8164,0,0.1309814453125,0,0.09222412109375,0,-0.018218994140625,0,-0.1566162109375
46.8261,0,-0.1302490234375,0,0.294677734375,0,-0.018218994140625,0,-0.1566162109375
46.8376,0,-0.1302490234375,0,0.294677734375,0,-0.018218994140625,0,-0.0587158203125
46.8456,0,0.1448974609375,0,0.354736328125,0,-0.018798828125,0,-0.0587158203125
46.8570,0,0.1448974609375,0,0.354736328125,0,-0.018798828125,0,0.12188720703125
46.8624,0,0.1292724609375,0,0.1497802734375,0,-0.060150146484375,0,0.160888671875
46.8716,0,0.1292724609375,0,0.1497802734375,0,-0.0190887451171875,0,0.160888671875
46.8831,0,-0.09027099609375,0,0.26806640625,0,-0.0190887451171875,0,0.158935546875
46.9005,0,-0.09027099609375,0,0.26806640625,0,-0.0521240234375,0,0.158935546875
46.9045,0,0.0172576904296875,0,0.26513671875,0,-0.0521240234375,0,0.1390380859375
46.9180,0,0.0172576904296875,0,0.26513671875,0,-0.12237548828125,0,0.1390380859375
46.9243,0,0.04278564453125,0,0.01430511474609375,0,-0.12237548828125,0,0.1390380859375
46.9351,0,0.04278564453125,0,0.01430511474609375,0,-0.12237548828125,0,-0.036468505859375
46.9450,0,0.1732177734375,0,0.48388671875,0,-0.01552581787109375,0,-0.036468505859375
46.9556,0,0.1732177734375,0,0.48388671875,0,-0.01552581787109375,0,0.2073974609375
46.9639,0,-0.1094970703125,0,0.21435546875,0,0.01031494140625,0,0.2073974609375
46.9768,0,-0.1094970703125,0,0.21435546875,0,0.01031494140625,0,-0.07623291015625
46.9822,0,0.2078857421875,0,0.21337890625,0,-0.0445556640625,0,-0.07623291015625
46.9975,0,0.2078857421875,0,0.21337890625,0,-0.0445556640625,0,-0.05859375
47.0049,0,0.213623046875,0,0.322021484375,0,-0.01111602783203125,0,-0.05859375
47.0195,0,0.213623046875,0,0.322021484375,0,-0.01111602783203125,0,-0.138427734375
47.0258,0,0.213623046875,0,-0.1571044921875,0,0.052978515625,0,-0.138427734375
47.0380,0,-0.2054443359375,0,-0.1571044921875,0,0.052978515625,0,0.051177978515625
47.0418,0,0.177978515625,0,0.2275390625,0,-0.0870361328125,0,0.051177978515625
47.0558,0,0.177978515625,0,0.2275390625,0,-0.0870361328125,0,0.06591796875
47.0677,0,-0.1845703125,0,-0.4814453125,0,0.076904296875,0,0.06591796875
47.0761,0,-0.1845703125,0,-0.4814453125,0,0.076904296875,0,0.10107421875
47.0841,0,-0.1845703125,0,-0.4814453125,0,-0.0284271240234375,0,0.10107421875
47.0977,0,0.0675048828125,0,-0.0584716796875,0,-0.0284271240234375,0,-0.06597900390625
47.1022,0,0.0675048828125,0,-0.0584716796875,0,-0.0631103515625,0,-0.06597900390625
47.1183,0,-0.0169677734375,0,0.00725555419921875,0,-0.0631103515625,0,0.1317138671875
47.1234,0,-0.0169677734375,0,-0.42529296875,0,-0.0545654296875,0,0.1317138671875
47.1395,0,0.0703125,0,-0.42529296875,0,-0.0545654296875,0,-0.11712646484375
47.1463,0,0.07562255859375,0,0.1553955078125,0,0.01140594482421875,0,-0.11712646484375
47.1561,0,0.07562255859375,0,0.1553955078125,0,0.01140594482421875,0,0.156982421875
47.1615,0,0.07562255859375,0,0.1553955078125,0,-0.056793212890625,0,0.156982421875
47.1752,0,0.049346923828125,0,-0.1578369140625,0,-0.056793212890625,0,0.1553955078125
47.1806,0,0.049346923828125,0,-0.1578369140625,0,-0.045013427734375,0,0.1553955078125
47.1952,0,0.113525390625,0,-0.47998046875,0,-0.045013427734375,0,0.177734375
47.2016,0,0.113525390625,0,-0.71484375,0,-0.05206298828125,0,0.177734375
47.2170,0,0.1380615234375,0,-0.71484375,0,-0.05206298828125,0,0.2032470703125
47.2302,0,0.1380615234375,0,-1.01953125,0,-0.03729248046875,0,0.2032470703125
47.2368,0,0.12322998046875,0,-1.01953125,0,-0.03729248046875,0,-0.05023193359375
47.2483,0,0.12322998046875,0,-0.603515625,0,-0.046661376953125,0,-0.05023193359375
47.2515,0,-0.0192718505859375,0,-0.603515625,0,-0.046661376953125,0,0.0751953125
47.2666,0,-0.0192718505859375,0,-0.603515625,0,-0.029632568359375,0,0.0751953125
47.2753,0,0.040283203125,0,0.4248046875,0,-0.029632568359375,0,0.0751953125
47.2841,0,0.040283203125,0,0.4248046875,0,-0.029632568359375,0,0.1719970703125
47.2952,0,0.1932373046875,0,-0.2783203125,0,-0.023773193359375,0,-0.069580078125
47.3074,0,0.1932373046875,0,-0.2783203125,0,-0.01043701171875,0,-0.069580078125
47.3114,0,0.1298828125,0,0.464111328125,0,-0.01043701171875,0,0.1866455078125
47.3267,0,0.1298828125,0,0.2578125,0,0.096435546875,0,0.1866455078125
47.3317,0,0.193115234375,0,0.2578125,0,0.096435546875,0,-0.1907958984375
47.3470,0,0.193115234375,0,0.178955078125,0,-0.04296875,0,-0.1907958984375
47.3530,0,0.0927734375,0,0.178955078125,0,-0.04296875,0,0.1114501953125
47.3670,0,0.0927734375,0,-0.54638671875,0,-0.032073974609375,0,0.1114501953125
47.3708,0,0.10589599609375,0,-0.54638671875,0,-0.032073974609375,0,0.1114501953125
47.3853,0,0.10589599609375,0,-0.54638671875,0,-0.032073974609375,0,0.1463623046875
47.3905,0,-0.144775390625,0,-0.420654296875,0,-0.03564453125,0,0.1463623046875
47.4035,0,-0.144775390625,0,-0.420654296875,0,-0.03564453125,0,0.09332275390625
47.4117,0,0.201904296875,0,0.1285400390625,0,-0.01355743408203125,0,0.09332275390625
47.4244,0,0.201904296875,0,0.1285400390625,0,-0.01355743408203125,0,0.17529296875
47.4311,0,-0.1263427734375,0,0.257080078125,0,0.06427001953125,0,0.17529296875
47.4445,0,-0.1263427734375,0,0.257080078125,0,0.06427001953125,0,0.18310546875
47.4550,0,0.083251953125,0,0.27294921875,0,-0.08966064453125,0,0.18310546875
47.4670,0,0.083251953125,0,0.27294921875,0,-0.08966064453125,0,0.1658935546875
47.4762,0,0.12066650390625,0,-0.70068359375,0,-0.031829833984375,0,0.1658935546875
47.4843,0,0.12066650390625,0,-0.70068359375,0,-0.031829833984375,0,0.224609375
47.4929,0,0.12066650390625,0,0.250732421875,0,-0.0362548828125,0,0.224609375
47.5031,0,-0.066162109375,0,0.250732421875,0,-0.0362548828125,0,-0.1414794921875
47.5108,0,-0.066162109375,0,-0.69921875,0,-0.032501220703125,0,-0.1414794921875
47.5236,0,0.09820556640625,0,-0.69921875,0,-0.032501220703125,0,0.1678466796875
47.5321,0,0.09820556640625,0,0.28955078125,0,0.0711669921875,0,0.1678466796875
47.5443,0,-0.15576171875,0,0.28955078125,0,0.0711669921875,0,-0.0220184326171875
47.5511,0,-0.15576171875,0,0.28955078125,0,-0.085205078125,0,-0.0220184326171875
47.5681,0,0.048980712890625,0,-0.5205078125,0,-0.085205078125,0,0.20703125
47.5780,0,0.048980712890625,0,-0.5205078125,0,-0.037689208984375,0,0.20703125
47.5856,0,0.024505615234375,0,0.12225341796875,0,-0.037689208984375,0,-0.12237548828125
47.5916,0,0.024505615234375,0,-0.71484375,0,-0.0246429443359375,0,-0.12237548828125
47.6044,0,-0.11376953125,0,-0.71484375,0,-0.0246429443359375,0,0.1431884765625
47.6099,0,-0.11376953125,0,-0.71484375,0,0.030181884765625,0,0.1431884765625
47.6235,0,0.268798828125,0,0.332763671875,0,0.030181884765625,0,-0.288330078125
47.6310,0,0.268798828125,0,0.332763671875,0,-0.046783447265625,0,-0.288330078125
47.6411,0,0.06304931640625,0,-0.55712890625,0,-0.046783447265625,0,0.1575927734375
47.6605,0,0.06304931640625,0,-0.55712890625,0,-0.017791748046875,0,0.1575927734375
47.6666,0,-0.218017578125,0,-0.0343017578125,0,-0.017791748046875,0,-0.1148681640625
47.6715,0,-0.218017578125,0,-0.0343017578125,0,-0.059814453125,0,-0.1148681640625
47.6882,0,0.1463623046875,0,0.2275390625,0,-0.059814453125,0,0.047576904296875
47.6921,0,0.1463623046875,0,0.2275390625,0,-0.09832763671875,0,0.047576904296875
47.7031,0,0.07293701171875,0,0.228515625,0,-0.09832763671875,0,0.2113037109375
47.7117,0,0.07293701171875,0,0.228515625,0,-0.03594970703125,0,0.2113037109375
47.7245,0,0.021148681640625,0,0.200927734375,0,-0.03594970703125,0,0.0240325927734375
47.7398,0,0.021148681640625,0,0.200927734375,0,-0.0197296142578125,0,0.0240325927734375
47.7464,0,-0.09417724609375,0,-0.09271240234375,0,-0.0197296142578125,0,0.0240325927734375
47.7599,0,-0.09417724609375,0,-0.09271240234375,0,-0.0197296142578125,0,-0.03277587890625
47.7633,0,0.2303466796875,0,0.25244140625,0,-0.02667236328125,0,-0.03277587890625
47.7761,0,0.2303466796875,0,0.25244140625,0,-0.02667236328125,0,-0.27099609375
47.7826,0,0.1497802734375,0,0.0830078125,0,-0.0233612060546875,0,-0.0362548828125
47.7991,0,0.1497802734375,0,0.0830078125,0,-0.03704833984375,0,-0.0362548828125
47.8033,0,0.1224365234375,0,-0.23486328125,0,-0.03704833984375,0,0.1690673828125
47.8186,0,0.1224365234375,0,-0.23486328125,0,-0.045867919921875,0,0.1690673828125
47.8223,0,0.1307373046875,0,-0.4287109375,0,-0.045867919921875,0,0.1690673828125
47.8375,0,0.1307373046875,0,-0.4287109375,0,-0.045867919921875,0,-0.196533203125
47.8453,0,0.1307373046875,0,0.39306640625,0,0.06793212890625,0,-0.196533203125
47.8594,0,0.1507568359375,0,0.39306640625,0,0.06793212890625,0,0.2030029296875
47.8650,0,0.1507568359375,0,0.26513671875,0,-0.036529541015625,0,0.2030029296875
47.8758,0,0.03448486328125,0,0.26513671875,0,-0.036529541015625,0,0.185791015625
47.8842,0,0.03448486328125,0,0.26513671875,0,-0.066162109375,0,0.185791015625
47.8965,0,0.09161376953125,0,-0.50244140625,0,-0.066162109375,0,-0.1484375
47.9041,0,0.09161376953125,0,-0.50244140625,0,0.049530029296875,0,-0.1484375
47.9178,0,0.10296630859375,0,-0.25830078125,0,0.049530029296875,0,0.16015625
47.9247,0,0.10296630859375,0,-0.25830078125,0,-0.057098388671875,0,0.16015625
47.9361,0,-0.134033203125,0,-0.6533203125,0,-0.057098388671875,0,0.118408203125
47.9436,0,-0.134033203125,0,0.5048828125,0,-0.029998779296875,0,0.118408203125
47.9567,0,0.1754150390625,0,0.5048828125,0,-0.029998779296875,0,0.0024166107177734375
47.9653,0,0.1754150390625,0,0.5048828125,0,-0.039306640625,0,0.0024166107177734375
47.9783,0,0.191650390625,0,0.308837890625,0,-0.039306640625,0,0.2337646484375
47.9851,0,0.191650390625,0,0.308837890625,0,0.029876708984375,0,0.2337646484375
47.9975,0,0.1695556640625,0,-0.82861328125,0,0.029876708984375,0,0.208984375
48.0041,0,0.1695556640625,0,-0.82861328125,0,-0.09600830078125,0,0.208984375
48.0198,0,-0.04736328125,0,0.41845703125,0,-0.09600830078125,0,-0.0350341796875
48.0259,0,-0.04736328125,0,0.41845703125,0,0.061370849609375,0,-0.0350341796875
48.0325,0,0.105224609375,0,0.0836181640625,0,0.061370849609375,0,-0.07147216796875
48.0443,0,0.105224609375,0,0.0836181640625,0,-0.044677734375,0,-0.07147216796875
48.0561,0,0.06134033203125,0,0.339111328125,0,-0.044677734375,0,-0.03204345703125
48.0612,0,0.06134033203125,0,0.339111328125,0,-0.10455322265625,0,-0.03204345703125
48.0759,0,-0.05926513671875,0,0.282470703125,0,-0.10455322265625,0,0.07623291015625
48.0873,0,-0.05926513671875,0,-0.44775390625,0,0.04534912109375,0,0.07623291015625
48.0909,0,0.02105712890625,0,-0.44775390625,0,0.04534912109375,0,0.03619384765625
48.1040,0,0.02105712890625,0,-0.44775390625,0,-0.0286712646484375,0,0.03619384765625
48.1108,0,0.2030029296875,0,-0.63037109375,0,-0.0286712646484375,0,-0.22802734375
48.1212,0,0.2030029296875,0,-0.63037109375,0,-0.08251953125,0,-0.22802734375
48.1324,0,0.0400390625,0,-0.53955078125,0,-0.08251953125,0,-0.061370849609375
48.1460,0,0.0400390625,0,-0.53955078125,0,0.10003662109375,0,-0.061370849609375
48.1512,0,0.09521484375,0,-0.630859375,0,0.10003662109375,0,-0.061370849609375
48.1629,0,0.09521484375,0,-0.630859375,0,-0.0224609375,0,0.16552734375
48.1750,0,0.09521484375,0,-0.14501953125,0,-0.0224609375,0,0.16552734375
48.1823,0,-0.0643310546875,0,-0.14501953125,0,-0.0286712646484375,0,0.0182647705078125
48.1961,0,-0.0643310546875,0,0.13330078125,0,-0.0286712646484375,0,0.0182647705078125
48.2027,0,0.278076171875,0,0.13330078125,0,-0.0216827392578125,0,0.246826171875
48.2097,0,0.1300048828125,0,-0.6796875,0,-0.0216827392578125,0,0.246826171875
48.2229,0,0.1300048828125,0,-0.6796875,0,-0.0216827392578125,0,-0.24755859375
48.2310,0,0.048095703125,0,0.427001953125,0,-0.029022216796875,0,-0.24755859375
48.2442,0,0.048095703125,0,0.427001953125,0,-0.029022216796875,0,0.14794921875
48.2563,0,0.048095703125,0,0.043304443359375,0,0.01239776611328125,0,0.14794921875
48.2643,0,0.08203125,0,0.043304443359375,0,0.01239776611328125,0,-0.033233642578125
48.2695,0,0.08203125,0,-0.1343994140625,0,-0.09100341796875,0,-0.033233642578125
48.2816,0,-0.240234375,0,-0.1343994140625,0,0.01213836669921875,0,-0.283935546875
48.2962,0,0.0275726318359375,0,-0.09405517578125,0,0.01213836669921875,0,-0.283935546875
48.3045,0,0.0275726318359375,0,-0.09405517578125,0,0.01213836669921875,0,-0.03167724609375
48.3182,0,0.0275726318359375,0,-0.09405517578125,0,-0.045654296875,0,-0.03167724609375
48.3273,0,0.04315185546875,0,-0.60302734375,0,-0.045654296875,0,-0.2369384765625
48.3362,0,0.04315185546875,0,-0.60302734375,0,0.0159912109375,0,-0.2369384765625
48.3450,0,0.0399169921875,0,-0.465087890625,0,0.0159912109375,0,-0.1251220703125
48.3530,0,0.0399169921875,0,-0.58203125,0,-0.034881591796875,0,-0.1251220703125
48.3634,0,0.0187225341796875,0,-0.58203125,0,-0.034881591796875,0,-0.049468994140625
48.3717,0,0.0187225341796875,0,-0.462646484375,0,-0.052032470703125,0,-0.049468994140625
48.3851,0,0.2197265625,0,-0.462646484375,0,-0.052032470703125,0,0.1717529296875
48.3970,0,0.2197265625,0,-0.462646484375,0,0.043182373046875,0,0.1717529296875
48.4046,0,0.09075927734375,0,-0.7216796875,0,0.043182373046875,0,0.1396484375
48.4201,0,0.09075927734375,0,0.299072265625,0,0.059814453125,0,0.1396484375
48.4262,0,0.1864013671875,0,0.299072265625,0,0.059814453125,0,-0.2259521484375
48.4364,0,0.1864013671875,0,0.299072265625,0,0.033966064453125,0,-0.2259521484375
48.4446,0,0.1463623046875,0,-0.1278076171875,0,0.033966064453125,0,-0.1865234375
48.4552,0,0.1463623046875,0,-0.1278076171875,0,-0.038330078125,0,-0.1865234375
48.4630,0,0.1087646484375,0,0.403076171875,0,-0.038330078125,0,0.09375
48.4767,0,0.1087646484375,0,0.403076171875,0,0.0396728515625,0,0.09375
48.4854,0,0.09246826171875,0,-0.919921875,0,0.0396728515625,0,-0.21728515625
48.4969,0,0.09246826171875,0,-0.919921875,0,0.046539306640625,0,-0.21728515625
48.5047,0,-0.1585693359375,0,0.09423828125,0,0.046539306640625,0,0.1900634765625
48.5162,0,-0.1585693359375,0,0.09423828125,0,0.037109375,0,0.1900634765625
48.5240,0,0.07745361328125,0,0.1920166015625,0,0.037109375,0,0.08184814453125
48.5396,0,0.07745361328125,0,0.1920166015625,0,-0.01299285888671875,0,0.08184814453125
48.5433,0,0.093994140625,0,0.12103271484375,0,-0.01299285888671875,0,-0.1888427734375
48.5561,0,0.093994140625,0,0.12103271484375,0,0.1207275390625,0,-0.1888427734375
48.5673,0,0.280517578125,0,0.4130859375,0,0.1207275390625,0,0.0234222412109375
48.5754,0,0.280517578125,0,0.4130859375,0,0.015838623046875,0,0.0234222412109375
48.5821,0,0.1614990234375,0,-0.357421875,0,0.015838623046875,0,0.1090087890625
48.5963,0,0.1614990234375,0,-0.357421875,0,-0.048248291015625,0,0.1090087890625
48.6025,0,0.0221710205078125,0,0.3125,0,-0.048248291015625,0,0.1231689453125
48.6187,0,0.0221710205078125,0,0.3125,0,-0.023590087890625,0,0.1231689453125
48.6258,0,0.232666015625,0,0.4638671875,0,-0.023590087890625,0,0.1983642578125
48.6313,0,0.232666015625,0,0.4638671875,0,0.0411376953125,0,0.1983642578125
48.6438,0,0.232666015625,0,-0.27685546875,0,0.0411376953125,0,0.135009765625
48.6595,0,-0.2071533203125,0,-0.27685546875,0,-0.03497314453125,0,0.135009765625
48.6634,0,-0.2071533203125,0,-0.215576171875,0,-0.03497314453125,0,0.1806640625
48.6760,0,0.0293426513671875,0,-0.215576171875,0,0.02215576171875,0,0.1806640625
48.6816,0,-0.07171630859375,0,-0.77880859375,0,0.02215576171875,0,-0.10791015625
48.6897,0,-0.07171630859375,0,-0.77880859375,0,-0.01204681396484375,0,-0.10791015625
48.7021,0,0.09564208984375,0,-0.5966796875,0,-0.01204681396484375,0,-0.2066650390625
48.7160,0,0.09564208984375,0,-0.5966796875,0,-0.03900146484375,0,-0.2066650390625
48.7220,0,0.09564208984375,0,0.063720703125,0,-0.03900146484375,0,-0.2066650390625
48.7370,0,0.2059326171875,0,0.063720703125,0,0.0335693359375,0,-0.26904296875
48.7447,0,0.2059326171875,0,0.084716796875,0,0.0335693359375,0,-0.26904296875
48.7501,0,0.143310546875,0,0.084716796875,0,-0.0634765625,0,0.0498046875
48.7631,0,0.143310546875,0,0.237060546875,0,-0.0634765625,0,0.0498046875
48.7705,0,0.1029052734375,0,0.237060546875,0,0.0207366943359375,0,-0.09661865234375
48.7812,0,0.1029052734375,0,0.1109619140625,0,0.0207366943359375,0,-0.09661865234375
48.7948,0,0.152587890625,0,0.1109619140625,0,0.0207366943359375,0,-0.23681640625
48.8007,0,0.152587890625,0,0.317626953125,0,0.06829833984375,0,-0.23681640625
48.8182,0,0.29833984375,0,0.317626953125,0,0.06829833984375,0,0.2071533203125
48.8220,0,0.29833984375,0,-0.09375,0,-0.064453125,0,0.2071533203125
48.8392,0,0.13818359375,0,-0.09375,0,-0.064453125,0,-0.08392333984375
48.8502,0,0.13818359375,0,-0.413330078125,0,-0.030426025390625,0,0.041259765625
48.8568,0,0.059600830078125,0,-0.413330078125,0,-0.030426025390625,0,0.041259765625
48.8630,0,0.059600830078125,0,0.46044921875,0,0.02239990234375,0,0.041259765625
48.8763,0,0.1173095703125,0,0.46044921875,0,0.02239990234375,0,0.156005859375
48.8850,0,0.1173095703125,0,0.46044921875,0,0.0145263671875,0,0.156005859375
48.8972,0,0.19482421875,0,-0.295166015625,0,0.0145263671875,0,-0.230712890625
48.9050,0,0.19482421875,0,-0.295166015625,0,0.00763702392578125,0,-0.230712890625
48.9172,0,0.1640625,0,-0.28369140625,0,0.00763702392578125,0,-0.2254638671875
48.9252,0,0.1640625,0,-0.28369140625,0,-0.05084228515625,0,-0.2254638671875
48.9304,0,0.0284881591796875,0,-0.689453125,0,-0.05084228515625,0,0.2218017578125
48.9427,0,0.0284881591796875,0,0.255859375,0,-0.1094970703125,0,0.2218017578125
48.9548,0,0.0284881591796875,0,0.255859375,0,-0.1094970703125,0,0.09051513671875
48.9645,0,0.1029052734375,0,0.255859375,0,-0.130859375,0,0.09051513671875
48.9750,0,0.145751953125,0,-0.1163330078125,0,-0.130859375,0,0.206298828125
48.9848,0,0.145751953125,0,-0.1163330078125,0,0.0439453125,0,0.206298828125
48.9900,0,0.2449951171875,0,-0.1607666015625,0,0.0439453125,0,0.0953369140625
49.0069,0,0.2449951171875,0,-0.1607666015625,0,0.11920166015625,0,0.0953369140625
49.0107,0,-0.035552978515625,0,-0.256103515625,0,0.11920166015625,0,-0.2061767578125
49.0235,0,-0.035552978515625,0,-0.256103515625,0,0.050811767578125,0,-0.2061767578125
49.0329,0,0.10675048828125,0,0.408447265625,0,0.050811767578125,0,0.2095947265625
49.0446,0,0.10675048828125,0,0.408447265625,0,0.046173095703125,0,0.2095947265625
49.0499,0,0.10675048828125,0,0.1236572265625,0,0.046173095703125,0,0.181884765625
49.0677,0,0.05462646484375,0,0.1236572265625,0,-0.0689697265625,0,0.181884765625
49.0709,0,-0.11419677734375,0,-0.59912109375,0,-0.0689697265625,0,0.07733154296875
49.0838,0,-0.11419677734375,0,-0.59912109375,0,-0.0154876708984375,0,0.07733154296875
49.0920,0,0.1619873046875,0,0.1800537109375,0,-0.0154876708984375,0,0.1739501953125
49.1069,0,0.1619873046875,0,0.1800537109375,0,0.024505615234375,0,0.1739501953125
49.1106,0,0.1619873046875,0,0.431640625,0,0.024505615234375,0,0.12939453125
49.1237,0,-0.0489501953125,0,0.431640625,0,0.01216888427734375,0,0.12939453125
49.1310,0,0.039459228515625,0,-0.634765625,0,0.01216888427734375,0,-0.238525390625
49.1437,0,0.039459228515625,0,-0.634765625,0,-0.0288543701171875,0,-0.238525390625
49.1522,0,0.0302276611328125,0,-0.048828125,0,-0.0288543701171875,0,0.2125244140625
49.1681,0,0.0302276611328125,0,-0.048828125,0,0.071044921875,0,0.2125244140625
49.1714,0,0.0302276611328125,0,-0.64599609375,0,0.071044921875,0,0.2125244140625
49.1845,0,0.0479736328125,0,-0.64599609375,0,-0.0134429931640625,0,0.03192138671875
49.1952,0,0.0479736328125,0,0.054840087890625,0,-0.0134429931640625,0,0.03192138671875
49.2046,0,-0.07623291015625,0,0.054840087890625,0,-0.058807373046875,0,-0.05084228515625
49.2173,0,-0.07623291015625,0,-0.149169921875,0,-0.058807373046875,0,-0.05084228515625
49.2267,0,0.148681640625,0,-0.149169921875,0,0.11065673828125,0,0.134033203125
49.2306,0,0.148681640625,0,-0.6982421875,0,0.11065673828125,0,0.134033203125
49.2436,0,-0.1396484375,0,-0.6982421875,0,-0.08917236328125,0,0.10394287109375
49.2508,0,-0.1396484375,0,0.2958984375,0,-0.08917236328125,0,0.10394287109375
49.2620,0,0.046417236328125,0,0.2958984375,0,0.046966552734375,0,-0.2427978515625
49.2716,0,0.046417236328125,0,-0.2252197265625,0,0.046966552734375,0,-0.2427978515625
49.2847,0,0.1641845703125,0,-0.2252197265625,0,0.048187255859375,0,0.023681640625
49.3003,0,0.1641845703125,0,0.12841796875,0,0.048187255859375,0,0.179931640625
49.3066,0,-0.16357421875,0,0.12841796875,0,0.0533447265625,0,0.179931640625
49.3169,0,-0.16357421875,0,-0.81982421875,0,0.0533447265625,0,0.179931640625
49.3236,0,0.0833740234375,0,-0.81982421875,0,-0.053436279296875,0,0.1798095703125
49.3366,0,0.0833740234375,0,-0.96142578125,0,-0.053436279296875,0,0.1798095703125
49.3417,0,0.1712646484375,0,-0.96142578125,0,0.01617431640625,0,0.15625
49.3577,0,0.1712646484375,0,0.0950927734375,0,0.01617431640625,0,0.15625
49.3650,0,0.134033203125,0,0.0950927734375,0,-0.08270263671875,0,-0.1566162109375
49.3782,0,0.134033203125,0,0.111083984375,0,-0.08270263671875,0,-0.1566162109375
49.3846,0,-0.13818359375,0,0.111083984375,0,-0.08270263671875,0,0.11614990234375
49.3914,0,-0.13818359375,0,-0.176025390625,0,-0.04718017578125,0,0.11614990234375
49.4059,0,0.1072998046875,0,-0.176025390625,0,0.058868408203125,0,0.07257080078125
49.4199,0,0.1072998046875,0,0.29150390625,0,0.058868408203125,0,0.07257080078125
49.4246,0,0.078125,0,0.29150390625,0,-0.04461669921875,0,-0.2027587890625
49.4381,0,0.078125,0,0.438720703125,0,-0.04461669921875,0,-0.2027587890625
49.4430,0,0.054412841796875,0,0.438720703125,0,-0.04461669921875,0,-0.246826171875
49.4559,0,0.054412841796875,0,0.438720703125,0,0.053314208984375,0,-0.246826171875
49.4649,0,0.1910400390625,0,-0.398681640625,0,0.053314208984375,0,-0.227294921875
49.4754,0,0.1910400390625,0,-0.398681640625,0,-0.03778076171875,0,-0.227294921875
49.4872,0,0.1544189453125,0,0.23388671875,0,-0.03778076171875,0,0.11859130859375
49.4962,0,0.1544189453125,0,0.23388671875,0,-0.08941650390625,0,0.11859130859375
49.5030,0,-0.061065673828125,0,0.30224609375,0,-0.08941650390625,0,-0.1148681640625
49.5172,0,-0.061065673828125,0,0.30224609375,0,0.0141143798828125,0,-0.1148681640625
49.5246,0,-0.061065673828125,0,0.453857421875,0,0.0141143798828125,0,-0.30859375
49.5389,0,0.1583251953125,0,0.453857421875,0,-0.0670166015625,0,-0.30859375
49.5453,0,0.1583251953125,0,0.09130859375,0,-0.0670166015625,0,-0.0859375
49.5594,0,0.265380859375,0,0.09130859375,0,0.009735107421875,0,-0.0859375
49.5633,0,-0.35888671875,0,-0.0958251953125,0,0.009735107421875,0,-0.25146484375
49.5762,0,-0.35888671875,0,-0.0958251953125,0,0.04315185546875,0,-0.25146484375
49.5819,0,0.11956787109375,0,-0.045989990234375,0,0.04315185546875,0,-0.01165771484375
49.5953,0,0.11956787109375,0,-0.045989990234375,0,0.06427001953125,0,-0.01165771484375
49.6018,0,-0.1627197265625,0,-0.181640625,0,0.06427001953125,0,0.140869140625
49.6163,0,-0.1627197265625,0,-0.181640625,0,0.059967041015625,0,0.140869140625
49.6211,0,-0.1627197265625,0,-0.1409912109375,0,0.059967041015625,0,-0.062255859375
49.6368,0,0.1812744140625,0,-0.1409912109375,0,-0.09967041015625,0,-0.062255859375
49.6445,0,0.1812744140625,0,0.1099853515625,0,-0.09967041015625,0,-0.062255859375
49.6571,0,0.057037353515625,0,0.1099853515625,0,-0.036590576171875,0,0.16015625
49.6673,0,0.057037353515625,0,0.177734375,0,-0.036590576171875,0,0.16015625
49.6785,0,-0.0200958251953125,0,0.177734375,0,0.05694580078125,0,0.12890625
49.6865,0,-0.0200958251953125,0,0.1591796875,0,0.05694580078125,0,0.12890625
49.7030,0,-0.122802734375,0,0.1591796875,0,-0.08282470703125,0,0.1368408203125
49.7099,0,-0.122802734375,0,3.671875,0,-0.08282470703125,0,0.1368408203125
49.7225,0,5.33203125,0,3.671875,-9,3.87890625,0,4.9140625
49.7295,0,5.33203125,-1,3.197265625,-9,3.87890625,0,4.9140625
49.7426,-31,-0.34326171875,-1,3.197265625,-37,-0.0875244140625,-18,1.0810546875
49.7469,-31,-0.34326171875,-44,-1.8359375,-37,-0.0875244140625,-18,1.0810546875
49.7606,-42,0.2418212890625,-44,-1.8359375,-46,0.163330078125,-49,-1.46875
49.7705,-42,0.2418212890625,-55,0.58984375,-46,0.163330078125,-49,-1.46875
49.7765,0,4.15234375,-55,0.58984375,-42,0.38330078125,-53,-0.609375
49.7901,0,4.15234375,-51,-0.0859375,-42,0.38330078125,-53,-0.609375
49.7961,-1,3.009765625,-51,-0.0859375,-42,0.1478271484375,-11,-0.044281005859375
49.8071,-1,3.009765625,-26,2.2578125,-42,0.1478271484375,-11,-0.044281005859375
49.8161,-36,-1.0830078125,-26,2.2578125,-32,1.1259765625,-4,3.064453125
49.8292,-36,-1.0830078125,-14,2.515625,-32,1.1259765625,-4,3.064453125
49.8428,-51,-0.71044921875,-14,2.515625,-32,1.1259765625,-49,-1.8818359375
49.8513,-51,-0.71044921875,-31,0.35302734375,-33,0.798828125,-49,-1.8818359375
49.8623,-36,1.265625,-31,0.35302734375,-33,0.798828125,-58,-0.6240234375
49.8685,-36,1.265625,-55,1.552734375,-39,0.280029296875,-58,-0.6240234375
49.8820,-39,0.3857421875,-55,1.552734375,-38,0.463623046875,-56,0.2091064453125
49.8912,-39,0.3857421875,-22,5.16015625,-38,0.463623046875,-56,0.2091064453125
49.8973,-8,2.49609375,-22,5.16015625,-38,0.463623046875,-20,3.15234375
49.9108,-8,2.49609375,-22,5.16015625,-37,0.6279296875,-20,3.15234375
49.9221,-46,1.34375,-32,0.8681640625,-37,0.6279296875,-15,2.25390625
49.9304,-46,1.34375,-32,0.8681640625,-39,0.4423828125,-15,2.25390625
49.9443,-47,0.07421875,-47,-0.54931640625,-39,0.4423828125,-57,-2.296875
49.9492,-47,0.07421875,-45,0.50146484375,-39,0.422119140625,-57,-2.296875
49.9595,-43,0.6220703125,-45,0.50146484375,-39,0.422119140625,-52,-0.2919921875
49.9708,-43,0.6220703125,-29,1.275390625,-38,0.52392578125,-52,-0.2919921875
49.9801,-15,3.103515625,-29,1.275390625,-38,0.52392578125,-52,0.4462890625
49.9926,-15,3.103515625,-29,1.275390625,-40,0.39111328125,-52,0.4462890625
50.0038,-4,3.384765625,-38,-0.53955078125,-40,0.39111328125,-3,4.72265625
50.0138,-4,3.384765625,-38,-0.53955078125,-35,0.89404296875,-3,4.72265625
50.0184,-30,-0.62451171875,-46,-0.13330078125,-35,0.89404296875,-16,1.2998046875
50.0320,-30,-0.62451171875,-46,-0.13330078125,-34,0.94970703125,-16,1.2998046875
50.0382,-55,-0.8935546875,-1,7.203125,-34,0.94970703125,-58,-2.046875
50.0524,-55,-0.8935546875,-1,7.203125,-35,0.716796875,-58,-2.046875
50.0642,-5,4.0390625,-28,0.12127685546875,-35,0.716796875,-58,-2.046875
50.0725,-5,4.0390625,-28,0.12127685546875,-35,0.73291015625,-58,0.5595703125
50.0770,-37,-0.61279296875,-51,-0.77001953125,-35,0.73291015625,-58,0.5595703125
50.0921,-37,-0.61279296875,-51,-0.77001953125,-40,0.271240234375,-55,-0.58349609375
50.0966,-40,0.87158203125,-51,0.12127685546875,-40,0.271240234375,-55,-0.58349609375
50.1089,-40,0.87158203125,-51,0.12127685546875,-41,0.372802734375,-8,3.837890625
50.1212,-40,0.87158203125,-50,0.0245513916015625,-41,0.372802734375,-8,3.837890625
50.1274,-42,0.2724609375,-50,0.0245513916015625,-42,0.42578125,-25,0.3056640625
50.1374,-38,1.03125,-35,1.51171875,-42,0.42578125,-25,0.3056640625
50.1513,-38,1.03125,-35,1.51171875,-3,5.29296875,-57,-1.2841796875
50.1558,-16,2.34765625,-10,3.361328125,-3,5.29296875,-57,-1.2841796875
50.1670,-16,2.34765625,-10,3.361328125,-33,-0.118408203125,-60,0.6064453125
50.1814,-16,2.34765625,-2,3.4375,-33,-0.118408203125,-60,0.6064453125
50.1885,-39,-0.285400390625,-2,3.4375,-74,3.44921875,-56,0.272705078125
50.1966,-52,-0.27880859375,-43,1.603515625,-74,3.44921875,-56,0.272705078125
50.2114,-52,-0.27880859375,-43,1.603515625,-62,1.087890625,-13,3.609375
50.2247,-52,-0.27880859375,-61,1.63671875,-62,1.087890625,-13,3.609375
50.2310,-13,3.78515625,-61,1.63671875,-62,1.087890625,-1,3.50390625
50.2420,-13,3.78515625,-41,1.1923828125,-26,1.291015625,-1,3.50390625
50.2524,-9,2.83203125,-41,1.1923828125,-26,1.291015625,-49,-2.416015625
50.2618,-9,2.83203125,-44,0.29541015625,-31,1.05078125,-49,-2.416015625
50.2674,-54,2.259765625,-44,0.29541015625,-49,0.55908203125,-62,-1.3916015625
50.2824,-54,2.259765625,-10,3.853515625,-49,0.55908203125,-62,-1.3916015625
50.2910,-57,0.8515625,-10,3.853515625,-49,0.55908203125,-56,-0.73388671875
50.3052,-57,0.8515625,-31,0.2105712890625,-49,0.1602783203125,-56,-0.73388671875
50.3114,-19,4.265625,-31,0.2105712890625,-49,0.1602783203125,-40,0.90625
50.3239,-11,2.708984375,-55,-1.0185546875,-41,0.49755859375,-40,0.90625
50.3312,-11,2.708984375,-55,-1.0185546875,-41,0.49755859375,-9,2.984375
50.3436,-48,-1.5537109375,-55,-0.254638671875,-8,4.2578125,-9,2.984375
50.3482,-48,-1.5537109375,-55,-0.254638671875,-8,4.2578125,-34,-0.1068115234375
50.3618,-48,-1.5537109375,-8,3.830078125,-25,0.6533203125,-34,-0.1068115234375
50.3706,-52,0.25830078125,-8,3.830078125,-25,0.6533203125,-34,-0.1068115234375
50.3762,-52,0.25830078125,-25,0.576171875,-51,0.876953125,-68,-2.5390625
50.3875,-47,0.59130859375,-25,0.576171875,-51,0.876953125,-37,2.5859375
50.3961,-47,0.59130859375,-57,-1.830078125,-51,1.6484375,-37,2.5859375
50.4182,-19,3.103515625,-57,-1.830078125,-15,5.12109375,-41,0.487060546875
50.4213,-19,3.103515625,-57,-0.64453125,-15,5.12109375,-41,0.487060546875
50.4308,-5,3.72265625,-57,-0.64453125,-15,5.12109375,-40,0.487060546875
50.4382,-5,3.72265625,-12,3.296875,-29,0.98876953125,-40,0.487060546875
50.4510,-42,-1.142578125,-12,3.296875,-29,0.98876953125,-56,-1.0478515625
50.4619,-42,-1.142578125,-12,3.296875,-43,-0.168701171875,-56,-1.0478515625
50.4706,-51,0.2313232421875,-38,-0.7216796875,-43,-0.168701171875,-56,-1.0478515625
50.4814,-51,0.2313232421875,-38,-0.7216796875,-48,0.050048828125,-13,4.58203125
50.4908,-6,3.90625,-56,0.7763671875,-48,0.050048828125,-13,4.58203125
50.5024,-6,3.90625,-56,0.7763671875,-44,0.10052490234375,-23,1.3056640625
50.5118,-37,-0.2200927734375,-53,-0.471923828125,-44,0.10052490234375,-23,1.3056640625
50.5218,-37,-0.2200927734375,-53,-0.471923828125,-45,0.1475830078125,-59,-2.205078125
50.5301,-39,1.0986328125,-15,2.546875,-45,0.1475830078125,-59,-2.205078125
50.5380,-39,1.0986328125,-43,-0.5205078125,-41,0.71630859375,-58,-0.41162109375
50.5501,-23,1.78515625,-43,-0.5205078125,-41,0.71630859375,-58,-0.41162109375
50.5625,-23,1.78515625,-56,-0.7138671875,-6,3.037109375,-18,2.626953125
50.5696,-49,-0.55810546875,-56,-0.7138671875,-6,3.037109375,-18,2.626953125
50.5833,-49,-0.55810546875,-52,0.074462890625,-49,1.7763671875,-45,-1.1767578125
50.5879,-49,0.384521484375,-52,0.074462890625,-49,1.7763671875,-45,-1.1767578125
50.6010,-49,0.384521484375,-52,0.074462890625,-50,-0.404296875,-53,-0.35107421875
50.6069,-10,3.978515625,-7,4.02734375,-50,-0.404296875,-53,-0.35107421875
50.6152,-10,3.978515625,-7,4.02734375,-38,1.376953125,-52,-0.27490234375
50.6305,-16,2.001953125,-31,-0.344970703125,-38,1.376953125,-52,-0.27490234375
50.6401,-16,2.001953125,-31,-0.344970703125,-37,0.90185546875,-26,2.990234375
50.6469,-51,1.1064453125,-61,1.2763671875,-37,0.90185546875,-26,2.990234375
50.6595,-51,1.1064453125,-61,1.2763671875,-42,0.264404296875,-15,2.20703125
50.6687,-44,0.642578125,-48,0.2264404296875,-42,0.264404296875,-15,2.20703125
50.6742,-44,0.642578125,-48,0.2264404296875,-44,0.25244140625,-52,-1.5087890625
50.6888,-44,0.642578125,-15,2.240234375,-44,0.25244140625,-52,-1.5087890625
50.6944,-47,0.1778564453125,-15,2.240234375,-46,0.045074462890625,-61,-1.1865234375
50.7072,-8,4.39453125,-52,1.51171875,-46,0.045074462890625,-61,-1.1865234375
50.7213,-8,4.39453125,-52,1.51171875,-46,0.045074462890625,-40,1.05859375
50.7268,-20,1.0126953125,-63,1.6005859375,-45,0.32421875,-40,1.05859375
50.7354,-20,1.0126953125,-63,1.6005859375,-45,0.32421875,-43,0.1259765625
50.7466,-55,-1.087890625,-13,6.734375,-44,0.3466796875,-43,0.1259765625
50.7563,-55,-1.087890625,-13,6.734375,-44,0.3466796875,-43,0.188720703125
50.7705,-52,0.3525390625,-32,0.25732421875,-1,3.95703125,-43,0.188720703125
50.7758,-52,0.3525390625,-32,0.25732421875,-29,0.1778564453125,-43,0.3046875
50.7889,-52,0.3525390625,-56,-1.279296875,-29,0.1778564453125,-43,0.3046875
50.7943,-12,3.859375,-56,-1.279296875,-29,0.1778564453125,-44,0.427734375
50.8081,-12,3.859375,-55,-0.572265625,-76,3.52734375,-44,0.427734375
50.8141,-19,1.7685546875,-55,-0.572265625,-76,3.52734375,-45,0.1142578125
50.8273,-19,1.7685546875,-20,4.46484375,-43,0.422119140625,-45,0.1142578125
50.8422,-57,-1.859375,-20,4.46484375,-43,0.422119140625,-45,0.1142578125
50.8481,-57,-1.859375,-18,2.095703125,-50,0.388671875,-41,0.74169921875
50.8618,-54,0.05816650390625,-18,2.095703125,-50,0.388671875,-41,0.74169921875
50.8689,-21,1.5869140625,-54,1.5966796875,-49,-0.0985107421875,-40,0.39404296875
50.8831,-21,1.5869140625,-54,1.5966796875,-23,2.845703125,-44,0.14111328125
50.8885,-21,1.5869140625,-62,1.1357421875,-23,2.845703125,-44,0.14111328125
50.9019,-12,1.931640625,-62,1.1357421875,-23,2.845703125,-45,0.294677734375
50.9117,-12,1.931640625,-62,1.1357421875,-13,2.103515625,-45,0.294677734375
50.9232,-44,-0.30712890625,-10,5.55859375,-13,2.103515625,-45,0.2430419921875
50.9287,-44,-0.30712890625,-24,1.275390625,-51,1.2060546875,-45,0.2430419921875
50.9423,-51,0.131103515625,-24,1.275390625,-51,1.2060546875,-45,0.2430419921875
50.9524,-51,0.131103515625,-24,1.275390625,-59,0.76318359375,-43,0.49462890625
50.9620,-48,0.60302734375,-57,2.056640625,-59,0.76318359375,-43,0.49462890625
50.9704,-48,0.60302734375,-57,2.056640625,-53,-0.1505126953125,-43,0.305908203125
50.9834,-16,3.330078125,-60,0.7197265625,-53,-0.1505126953125,-38,0.88623046875
50.9886,-16,3.330078125,-14,4.94140625,-28,2.29296875,-38,0.88623046875
51.0013,-11,3.00390625,-14,4.94140625,-28,2.29296875,-38,0.88623046875
51.0096,-11,3.00390625,-14,4.94140625,-29,1.35546875,-39,0.64111328125
51.0216,-43,-0.673828125,-33,0.237548828125,-29,1.35546875,-39,0.64111328125
51.0292,-43,-0.673828125,-33,0.237548828125,-38,0.2359619140625,-48,-0.39013671875
51.0403,-53,0.6318359375,-56,-1.1669921875,-38,0.2359619140625,-48,-0.39013671875
51.0490,-53,0.6318359375,-56,-1.1669921875,-50,0.513671875,-48,-0.040252685546875
51.0602,-7,3.171875,-58,0.6640625,-50,0.513671875,-48,-0.040252685546875
51.0674,-7,3.171875,-58,0.6640625,-42,0.6533203125,-38,1.0400390625
51.0798,-51,1.5966796875,-17,4.52734375,-42,0.6533203125,-38,1.0400390625
51.0893,-51,1.5966796875,-17,4.52734375,-40,0.732421875,-17,2.24609375
51.1003,-56,0.399169921875,-17,2.197265625,-40,0.732421875,-17,2.24609375
51.1088,-56,0.399169921875,-17,2.197265625,-39,0.65576171875,-47,-1.03125
51.1218,-21,4.1796875,-58,1.9990234375,-39,0.65576171875,-47,-1.03125
51.1256,-21,4.1796875,-58,1.9990234375,-39,0.5673828125,-60,-0.931640625
51.1399,-8,3.451171875,-60,0.9833984375,-39,0.5673828125,-60,-0.931640625
51.1452,-8,3.451171875,-60,0.9833984375,-41,0.5625,-46,0.386962890625
51.1547,-41,0.6962890625,-11,4.7265625,-41,0.5625,-46,0.386962890625
51.1689,-41,0.6962890625,-11,4.7265625,-41,0.5625,-10,2.9921875
51.1788,-52,-0.492919921875,-39,-0.7373046875,-42,0.63671875,-10,2.9921875
51.1857,-52,-0.492919921875,-39,-0.7373046875,0,7.7265625,-42,-0.95703125
51.2007,-52,0.201416015625,-56,-0.8134765625,0,7.7265625,-42,-0.95703125
51.2055,-52,0.201416015625,-56,-0.8134765625,-17,1.53515625,-66,-1.912109375
51.2174,-9,4.4921875,-54,-0.447509765625,-17,1.53515625,-66,-1.912109375
51.2267,-9,4.4921875,-54,-0.447509765625,-52,1.4267578125,-55,0.07061767578125
51.2362,-3,3.74609375,-15,2.71484375,-52,1.4267578125,-55,0.07061767578125
51.2505,-3,3.74609375,-15,2.71484375,-17,6.359375,-53,0.289306640625
51.2561,-46,-0.80322265625,-47,-0.99462890625,-17,6.359375,-53,0.289306640625
51.2685,-46,-0.80322265625,-47,-0.99462890625,-17,6.359375,-15,3.658203125
51.2743,-44,1.1376953125,-63,1.3369140625,-35,0.75634765625,-15,3.658203125
51.2893,-44,1.1376953125,-63,1.3369140625,-35,0.75634765625,-5,3.142578125
51.2939,-45,0.66162109375,-16,5.7734375,-50,0.333984375,-5,3.142578125
51.3051,-45,0.66162109375,-16,5.7734375,-50,0.333984375,-57,-2.298828125
51.3134,-18,4.6796875,-26,1.17578125,-54,0.435546875,-57,-2.298828125
51.3246,-18,4.6796875,-26,1.17578125,-54,0.435546875,-65,1.0380859375
51.3342,-18,4.6796875,-58,-2.041015625,-53,0.198974609375,-65,1.0380859375
51.3440,-4,3.78125,-58,-2.041015625,-53,0.198974609375,-47,0.4697265625
51.3581,-4,3.78125,-58,-2.041015625,-26,2.419921875,-47,0.4697265625
51.3681,-47,-1.4267578125,-59,-0.521484375,-31,1.408203125,-10,3.044921875
51.3776,-60,-0.10247802734375,-13,3.912109375,-31,1.408203125,-10,3.044921875
51.3899,-60,-0.10247802734375,-13,3.912109375,-44,0.1375732421875,-45,-1.2744140625
51.4010,-7,4.5390625,-39,-0.63671875,-44,0.1375732421875,-45,-1.2744140625
51.4080,-7,4.5390625,-39,-0.63671875,-44,0.1375732421875,-66,1.7080078125
51.4224,-29,0.787109375,-54,-0.31640625,-52,0.434814453125,-66,1.7080078125
51.4309,-29,0.787109375,-54,-0.31640625,-52,0.434814453125,-56,-0.332763671875
51.4354,-49,0.62548828125,-56,-0.325927734375,-40,1.97265625,-56,-0.332763671875
51.4511,-49,0.62548828125,-56,-0.325927734375,-40,1.97265625,-52,-0.2069091796875
51.4613,-52,0.1685791015625,-16,3.37890625,-40,0.68505859375,-52,-0.2069091796875
51.4668,-52,0.1685791015625,-16,3.37890625,-40,0.68505859375,-13,3.533203125
51.4794,-52,0.1685791015625,-16,3.37890625,-38,0.97900390625,-13,3.533203125
51.4891,-13,4.6328125,-40,-0.162353515625,-38,0.97900390625,-18,1.400390625
51.4999,-13,4.6328125,-40,-0.162353515625,-40,0.79150390625,-18,1.400390625
51.5085,-7,3.490234375,-58,0.9619140625,-40,0.79150390625,-18,1.400390625
51.5195,-7,3.490234375,-58,0.9619140625,-49,0.172119140625,-61,-2.380859375
51.5279,-57,1.8388671875,-55,-0.08349609375,-49,0.172119140625,-61,-2.380859375
51.5394,-57,1.8388671875,-55,-0.08349609375,-3,6.4453125,-59,-0.27294921875
51.5476,-61,0.572265625,-13,3.05078125,-3,6.4453125,-59,-0.27294921875
51.5601,-61,0.572265625,-13,3.05078125,-32,0.161865234375,-58,-0.560546875
51.5686,-8,6.1015625,-42,-0.681640625,-32,0.161865234375,-58,-0.560546875
51.5781,-8,6.1015625,-42,-0.681640625,-76,4.30078125,-14,3.84765625
51.5868,-20,1.650390625,-59,0.90478515625,-76,4.30078125,-14,3.84765625
51.5981,-20,1.650390625,-59,0.90478515625,-28,3.361328125,-15,2.166015625
51.6063,-55,-0.488525390625,-42,1.0859375,-28,3.361328125,-15,2.166015625
51.6179,-55,-0.488525390625,-42,1.0859375,-40,0.5009765625,-58,-2.08203125
51.6273,-53,0.75341796875,-16,2.298828125,-40,0.5009765625,-58,-2.08203125
51.6332,-53,0.75341796875,-16,2.298828125,-53,0.390869140625,-60,-0.427978515625
51.6454,-53,0.2467041015625,-50,-1.18359375,-53,0.390869140625,-60,-0.427978515625
51.6516,-53,0.2467041015625,-50,-1.18359375,-54,0.160400390625,-59,-0.666015625
51.6672,-32,2.421875,-58,0.67431640625,-54,0.160400390625,-59,-0.666015625
51.6767,-32,2.421875,-58,0.67431640625,-49,0.2646484375,-12,4.0078125
51.6875,-4,4.21484375,-39,0.939453125,-49,0.2646484375,-12,4.0078125
51.6982,-4,4.21484375,-39,0.939453125,-49,0.2646484375,-25,0.79931640625
51.7069,-27,0.60302734375,-20,1.755859375,-23,2.990234375,-25,0.79931640625
51.7142,-27,0.60302734375,-20,1.755859375,-28,1.6455078125,-61,-1.7939453125
51.7252,-51,0.0755615234375,-53,-1.3203125,-28,1.6455078125,-61,-1.7939453125
51.7341,-51,0.0755615234375,-53,-1.3203125,-42,0.12939453125,-59,-0.14453125
51.7474,-41,1.9697265625,-60,0.837890625,-42,0.12939453125,-59,-0.14453125
51.7585,-41,1.9697265625,-60,0.837890625,-42,0.12939453125,-28,1.5146484375
51.7670,-34,0.80419921875,-18,5.29296875,-52,0.406982421875,-28,1.5146484375
51.7780,-34,0.80419921875,-18,5.29296875,-52,0.406982421875,-50,-0.88037109375
51.7850,-33,1.7646484375,-25,1.53125,-64,0.35693359375,-50,-0.88037109375
51.7945,-33,1.7646484375,-25,1.53125,-25,1.8701171875,-57,-0.548828125
51.8071,-40,0.83203125,-58,-1.708984375,-25,1.8701171875,-57,-0.548828125
51.8130,-40,0.83203125,-58,-1.708984375,-25,1.8701171875,-54,-0.252685546875
51.8288,-40,0.83203125,-58,-1.708984375,-42,0.0986328125,-54,-0.252685546875
51.8351,-53,-0.2027587890625,-59,-0.271240234375,-42,0.0986328125,-5,4.82421875
51.8458,-55,-0.05499267578125,-59,-0.271240234375,-56,0.64990234375,-5,4.82421875
51.8546,-55,-0.05499267578125,-22,2.25,-52,-0.0411376953125,-29,0.338134765625
51.8655,-8,6.48828125,-51,-1.37109375,-52,-0.0411376953125,-29,0.338134765625
51.8750,-8,6.48828125,-51,-1.37109375,-52,-0.0411376953125,-66,-1.84765625
51.8889,-9,3.65625,-56,-0.35498046875,-42,0.70947265625,-66,-1.84765625
51.8988,-9,3.65625,-56,-0.35498046875,-42,0.70947265625,-61,-0.8212890625
51.9099,-61,-1.748046875,-53,0.53564453125,-38,0.97314453125,-61,-0.8212890625
51.9197,-61,-1.748046875,-53,0.53564453125,-38,0.97314453125,-51,0.1192626953125
51.9296,-72,1.3525390625,-17,2.474609375,-36,1.1357421875,-51,0.1192626953125
51.9421,-72,1.3525390625,-17,2.474609375,-42,0.439697265625,-5,4.546875
51.9488,-17,6.40234375,-17,2.474609375,-42,0.439697265625,-5,4.546875
51.9614,-17,6.40234375,-42,-0.396240234375,-49,0.142822265625,-34,-0.319091796875
51.9709,-7,3.6015625,-42,-0.396240234375,-49,0.142822265625,-34,-0.319091796875
51.9798,-7,3.6015625,-61,0.751953125,-49,0.142822265625,-34,-0.319091796875
51.9896,-7,3.6015625,-61,0.751953125,-45,0.49560546875,-65,-1.765625
52.0008,-61,-2.267578125,-48,0.444091796875,-45,0.49560546875,-65,-1.765625
52.0105,-61,-2.267578125,-48,0.444091796875,-49,0.151123046875,-65,1.0869140625
52.0202,-72,1.3994140625,-17,2.435546875,-49,0.151123046875,-65,1.0869140625
52.0300,-72,1.3994140625,-17,2.435546875,-1,6.84375,-30,3.494140625
52.0400,-31,4.640625,-49,1.037109375,-1,6.84375,-12,2.810546875
52.0481,-31,4.640625,-49,1.037109375,-23,0.62548828125,-12,2.810546875
52.0541,-7,3.974609375,-63,1.025390625,-23,0.62548828125,-12,2.810546875
52.0680,-7,3.974609375,-63,1.025390625,-77,2.58203125,-51,-1.708984375
52.0748,-47,-1.0849609375,-24,4.61328125,-77,2.58203125,-51,-1.708984375
52.0885,-47,-1.0849609375,-24,4.61328125,-53,-0.1641845703125,-64,1.2255859375
52.0942,-64,-1.2041015625,-25,1.712890625,-53,-0.1641845703125,-64,1.2255859375
52.1078,-64,-1.2041015625,-25,1.712890625,-49,0.331298828125,-57,-0.41015625
52.1150,-58,-0.09619140625,-57,-1.7744140625,-49,0.331298828125,-57,-0.41015625
52.1274,-58,-0.09619140625,-57,-1.7744140625,-46,0.56298828125,-52,0.21044921875
52.1398,-52,0.9521484375,-61,0.833984375,-46,0.56298828125,-52,0.21044921875
52.1469,-52,0.9521484375,-61,0.833984375,-46,0.297119140625,-9,3.7890625
52.1582,0,4.26171875,-61,0.833984375,-46,0.297119140625,-9,3.7890625
52.1680,0,4.26171875,-17,5.453125,-45,0.4033203125,-12,2.341796875
52.1728,-42,-0.94091796875,-29,1.1669921875,-45,0.4033203125,-12,2.341796875
52.1873,-42,-0.94091796875,-29,1.1669921875,-42,0.66748046875,-60,-1.5693359375
52.1921,-60,-0.335693359375,-53,-0.810546875,-42,0.66748046875,-60,-1.5693359375
52.2038,-60,-0.335693359375,-53,-0.810546875,-41,0.84912109375,-67,-1.533203125
52.2122,-60,0.205322265625,-55,-0.4404296875,-41,0.84912109375,-67,-1.533203125
52.2273,-60,0.205322265625,-55,-0.4404296875,-38,0.908203125,-27,3.92578125
52.2399,-32,3.12109375,-50,0.56982421875,-38,0.908203125,-27,3.92578125
52.2470,-32,3.12109375,-50,0.56982421875,-35,1.2275390625,-17,2.310546875
52.2582,-17,3.1875,-50,0.56982421875,-35,1.2275390625,-17,2.310546875
52.2640,-17,3.1875,-15,2.994140625,-48,-0.1646728515625,-55,-1.63671875
52.2777,-43,-0.17724609375,-15,2.994140625,-48,-0.1646728515625,-55,-1.63671875
52.2839,-43,-0.17724609375,-46,-0.89013671875,-52,0.1199951171875,-62,-0.382568359375
52.2987,-58,0.051422119140625,-46,-0.89013671875,-52,0.1199951171875,-62,-0.382568359375
52.3061,-58,0.051422119140625,-63,0.91943359375,-36,1.8212890625,-47,0.417236328125
52.3130,-56,-0.2396240234375,-27,3.1171875,-36,1.8212890625,-47,0.417236328125
52.3267,-56,-0.2396240234375,-27,3.1171875,-36,1.8212890625,-43,0.62939453125
52.3352,-1,8.9609375,-24,1.5341796875,-32,1.4384765625,-43,0.62939453125
52.3463,-1,8.9609375,-24,1.5341796875,-32,1.4384765625,-25,1.9755859375
52.3587,-13,2.693359375,-58,-1.8720703125,-40,0.3251953125,-25,1.9755859375
52.3661,-13,2.693359375,-58,-1.8720703125,-40,0.3251953125,-54,-1.0087890625
52.3794,-62,-1.52734375,-61,-0.326904296875,-56,0.91455078125,-54,-1.0087890625
52.3877,-62,-1.52734375,-61,-0.326904296875,-56,0.91455078125,-50,0.395263671875
52.3992,-73,1.4052734375,-61,-0.326904296875,-40,1.4560546875,-50,0.395263671875
52.4075,-73,1.4052734375,-15,3.466796875,-40,1.4560546875,-51,-0.1378173828125
52.4135,-2,9.5546875,-15,3.466796875,-48,0.06072998046875,-51,-0.1378173828125
52.4253,-2,9.5546875,-47,-0.9140625,-42,0.7587890625,-55,0.35400390625
52.4385,-27,1.1953125,-47,-0.9140625,-42,0.7587890625,-55,0.35400390625
52.4478,-27,1.1953125,-62,1.1962890625,-42,0.7587890625,-25,3.154296875
52.4561,-67,-1.9501953125,-62,1.1962890625,-41,0.80126953125,-25,3.154296875
52.4669,-67,-1.9501953125,-56,-0.1600341796875,-41,0.80126953125,-6,3.5390625
52.4754,-68,0.6904296875,-56,-0.1600341796875,-39,0.97119140625,-6,3.5390625
52.4901,-68,0.6904296875,-52,0.1302490234375,-39,0.97119140625,-6,3.5390625
52.4960,-14,5.19140625,-52,0.1302490234375,-38,1.0009765625,-43,-1.390625
52.5072,-14,5.19140625,-17,3.53515625,-38,1.0009765625,-65,-1.2705078125
52.5158,-25,1.234375,-17,3.53515625,-43,0.344482421875,-65,-1.2705078125
52.5292,-25,1.234375,-14,2.52734375,-43,0.344482421875,-65,-1.2705078125
52.5411,-57,-0.43359375,-14,2.52734375,-48,-0.155029296875,-61,-0.6708984375
52.5464,-57,-0.43359375,-53,1.69140625,-48,-0.155029296875,-30,3.2734375
52.5613,-59,0.1162109375,-53,1.69140625,-48,0.3203125,-30,3.2734375
52.5703,-59,0.1162109375,-67,1.609375,-49,0.153564453125,-11,2.8515625
52.5811,-57,0.056304931640625,-67,1.609375,-49,0.153564453125,-11,2.8515625
52.5859,-57,0.056304931640625,-17,5.89453125,-49,0.153564453125,-11,2.8515625
52.6022,0,5.53125,-17,5.89453125,0,7.93359375,-47,-1.4716796875
52.6064,0,5.53125,-38,-0.1182861328125,0,7.93359375,-66,-1.541015625
52.6231,0,5.53125,-38,-0.1182861328125,-24,0.66259765625,-66,-1.541015625
52.6285,-21,1.3203125,-56,-0.5908203125,-24,0.66259765625,-66,-1.541015625
52.6411,-21,1.3203125,-56,-0.5908203125,-77,3.10546875,-65,-1.1416015625
52.6480,-62,-1.1611328125,-59,-0.9892578125,-77,3.10546875,-65,-1.1416015625
52.6605,-62,-1.1611328125,-59,-0.9892578125,-17,6.76953125,-21,3.689453125
52.6679,-64,-0.6015625,-12,5.1328125,-17,6.76953125,-21,3.689453125
52.6801,-64,-0.6015625,-12,5.1328125,-41,0.170654296875,-10,2.982421875
52.6850,-29,4.01171875,-30,0.65625,-41,0.170654296875,-10,2.982421875
52.6994,-29,4.01171875,-30,0.65625,-61,1.1630859375,-54,-2.091796875
52.7053,-23,2.423828125,-58,-0.9873046875,-61,1.1630859375,-54,-2.091796875
52.7213,-23,2.423828125,-58,-0.9873046875,-59,0.20166015625,-64,-0.97998046875
52.7248,-53,-0.8330078125,-57,-0.1318359375,-59,0.20166015625,-64,-0.97998046875
52.7403,-53,-0.8330078125,-57,-0.1318359375,-56,-1.111328125,-58,-0.4736328125
52.7489,-55,0.76806640625,-24,2.11328125,-56,-1.111328125,-58,-0.4736328125
52.7611,-55,0.76806640625,-24,2.11328125,-54,0.1890869140625,-38,1.87109375
52.7683,-6,4.04296875,-24,2.11328125,-54,0.1890869140625,-38,1.87109375
52.7740,-6,4.04296875,-48,-0.459716796875,-1,3.306640625,-6,3.99609375
52.7881,-57,2.2890625,-48,-0.459716796875,-1,3.306640625,-6,3.99609375
52.7936,-57,2.2890625,-60,0.5625,-53,1.94921875,-39,-0.5810546875
52.8050,-59,0.462890625,-60,0.5625,-53,1.94921875,-39,-0.5810546875
52.8143,-59,0.462890625,-54,0.336669921875,-63,1.11328125,-67,-2.021484375
52.8265,-12,3.388671875,-54,0.336669921875,-63,1.11328125,-67,-2.021484375
52.8402,-12,3.388671875,-14,3.349609375,-63,1.11328125,-66,-1.37109375
52.8461,-52,-0.26904296875,-14,3.349609375,-56,-0.0977783203125,-66,-1.37109375
52.8552,-52,-0.26904296875,-36,-0.064697265625,-73,3.025390625,-21,4.390625
52.8659,-55,0.62890625,-36,-0.064697265625,-73,3.025390625,-21,4.390625
52.8743,-55,0.62890625,-61,0.87548828125,-54,0.1688232421875,-10,2.96875
52.8851,-58,0.060089111328125,-61,0.87548828125,-54,0.1688232421875,-10,2.96875
52.8975,-58,0.060089111328125,-58,0.2108154296875,-54,0.1688232421875,-58,-2.267578125
52.9073,-54,0.1988525390625,-58,0.2108154296875,0,4.15234375,-58,-2.267578125
52.9144,-54,0.1988525390625,-21,2.44140625,0,4.15234375,-66,-1.0869140625
52.9308,-48,0.8837890625,-21,2.44140625,-43,-1.4833984375,-66,-1.0869140625
52.9355,-48,0.8837890625,-52,-1.189453125,-60,1.0947265625,-53,-0.262939453125
52.9504,-4,3.734375,-52,-1.189453125,-60,1.0947265625,-53,-0.262939453125
52.9552,-4,3.734375,-57,-0.55078125,-60,1.0947265625,-13,3.080078125
52.9664,-54,-2.064453125,-57,-0.55078125,-59,0.250244140625,-13,3.080078125
52.9750,-54,-2.064453125,-53,0.51171875,-59,0.250244140625,-41,-0.72900390625
52.9889,-56,0.51318359375,-53,0.51171875,-75,2.537109375,-41,-0.72900390625
52.9952,-56,0.51318359375,-52,0.185546875,-75,2.537109375,-67,-1.541015625
53.0088,-56,0.51318359375,-52,0.185546875,-18,3.076171875,-67,-1.541015625
53.0149,-19,4.75390625,-15,4.9765625,-18,3.076171875,-67,-1.541015625
53.0283,-19,4.75390625,-15,4.9765625,-10,3.021484375,-61,-0.66796875
53.0358,-43,0.1337890625,-19,2.3828125,-10,3.021484375,-61,-0.66796875
53.0492,-43,0.1337890625,-19,2.3828125,-55,1.32421875,-44,0.92822265625
53.0619,-56,0.073974609375,-56,-1.6357421875,-55,1.32421875,-44,0.92822265625
53.0733,-14,5.3671875,-56,-1.6357421875,-65,1.3076171875,-4,4.45703125
53.0747,-14,5.3671875,-62,0.448486328125,-65,1.3076171875,-4,4.45703125
53.0900,-14,5.3671875,-62,0.448486328125,-56,0.11663818359375,-31,-0.09796142578125
53.0945,-14,3.17578125,-22,3.16796875,-56,0.11663818359375,-31,-0.09796142578125
53.1098,-14,3.17578125,-22,3.16796875,-52,-1.072265625,-68,-2.296875
53.1203,-46,0.224365234375,-43,-0.353271484375,-52,-1.072265625,-68,-2.296875
53.1289,-46,0.224365234375,-43,-0.353271484375,-50,-0.1746826171875,-66,-1.2373046875
53.1390,-47,0.923828125,-43,-0.353271484375,-50,-0.1746826171875,-66,-1.2373046875
53.1486,-47,0.923828125,-56,-0.11212158203125,0,3.9765625,-22,4.33203125
53.1552,-56,-0.06982421875,-57,0.392578125,0,3.9765625,-22,4.33203125
53.1643,-56,-0.06982421875,-57,0.392578125,-47,1.7216796875,-17,2.34765625
53.1730,-50,1.0966796875,-15,4.42578125,-47,1.7216796875,-17,2.34765625
53.1881,-50,1.0966796875,-15,4.42578125,-65,1.466796875,-59,-2.3125
53.1983,-4,4.671875,-15,4.42578125,-65,1.466796875,-59,-2.3125
53.2091,-4,4.671875,-31,0.265380859375,-58,-0.06463623046875,-61,-0.365234375
53.2184,-31,0.62744140625,-31,0.265380859375,-58,-0.06463623046875,-61,-0.365234375
53.2249,-31,0.62744140625,-57,-0.92431640625,-76,3.087890625,-61,-0.91259765625
53.2374,-52,0.6630859375,-59,-0.356201171875,-76,3.087890625,-61,-0.91259765625
53.2458,-52,0.6630859375,-59,-0.356201171875,-10,3.552734375,-18,3.9609375
53.2612,-52,0.96337890625,-53,0.166259765625,-10,3.552734375,-18,3.9609375
53.2666,-52,0.96337890625,-53,0.166259765625,-18,1.6025390625,-13,2.552734375
53.2805,-16,3.298828125,-48,0.50146484375,-18,1.6025390625,-13,2.552734375
53.2851,-16,3.298828125,-48,0.50146484375,-57,1.056640625,-13,2.552734375
53.2999,-50,-0.58056640625,-48,0.50146484375,-57,1.056640625,-60,-2.33984375
53.3059,-50,-0.58056640625,-9,4.08203125,-65,1.38671875,-63,-0.5439453125
53.3140,-49,1.26953125,-9,4.08203125,-65,1.38671875,-63,-0.5439453125
53.3253,-49,1.26953125,-21,1.00390625,-48,1.0126953125,-58,-0.437744140625
53.3336,-8,4.34375,-21,1.00390625,-48,1.0126953125,-58,-0.437744140625
53.3476,-8,4.34375,-63,-1.8974609375,-46,1.3017578125,-31,3.009765625
53.3552,-41,0.07916259765625,-63,-1.8974609375,-46,1.3017578125,-31,3.009765625
53.3668,-41,0.07916259765625,-67,1.111328125,-46,1.3017578125,-31,3.009765625
53.3729,-53,0.341552734375,-67,1.111328125,-21,2.435546875,-6,3.638671875
53.3838,-53,0.341552734375,-18,6.0078125,-21,2.435546875,-43,-1.2109375
53.3923,-51,1.0478515625,-18,6.0078125,-41,0.097412109375,-43,-1.2109375
53.4076,-51,1.0478515625,-24,1.529296875,-56,0.587890625,-65,-1.28515625
53.4120,-6,4.2265625,-24,1.529296875,-56,0.587890625,-65,-1.28515625
53.4272,-6,4.2265625,-55,-1.248046875,-54,0.065673828125,-65,-0.9912109375
53.4418,-52,-1.162109375,-55,-1.248046875,-54,0.065673828125,-65,-0.9912109375
53.4485,-52,-1.162109375,-62,-0.75439453125,-54,0.065673828125,-65,-0.9912109375
53.4583,-52,-1.162109375,-62,-0.75439453125,-34,2.255859375,-7,4.3671875
53.4680,-58,0.76513671875,-21,3.65234375,-37,0.9970703125,-29,0.529296875
53.4752,-59,0.140625,-21,3.65234375,-37,0.9970703125,-29,0.529296875
53.4877,-59,0.140625,-43,-0.42236328125,-43,0.36181640625,-66,-2.08203125
53.5003,-8,6.078125,-43,-0.42236328125,-43,0.36181640625,-66,-2.08203125
53.5083,-8,6.078125,-57,-0.2841796875,-43,0.36181640625,-66,-2.08203125
53.5228,-8,6.078125,-57,-0.2841796875,-45,0.34375,-64,0.701171875
53.5243,-34,0.68115234375,-56,0.2486572265625,-45,0.34375,-64,0.701171875
53.5331,-69,1.2822265625,-56,0.2486572265625,-52,0.017578125,-42,1.3388671875
53.5439,-69,1.2822265625,-16,5.19921875,-52,0.017578125,-42,1.3388671875
53.5580,-69,1.2822265625,-16,5.19921875,-49,0.228759765625,-12,2.9375
53.5633,-17,4.484375,-27,0.8564453125,-49,0.228759765625,-12,2.9375
53.5770,-17,4.484375,-27,0.8564453125,-28,2.779296875,-48,-1.3935546875
53.5829,-18,2.486328125,-58,-1.216796875,-28,2.779296875,-48,-1.3935546875
53.5987,-18,2.486328125,-58,-1.216796875,-28,1.802734375,-67,-1.708984375
53.6048,-62,-1.404296875,-59,0.071044921875,-28,1.802734375,-67,-1.708984375
53.6133,-62,-1.404296875,-59,0.071044921875,-45,0.08953857421875,-63,0.8173828125
53.6255,-73,1.18359375,-45,0.371826171875,-45,0.08953857421875,-63,0.8173828125
53.6394,-73,1.18359375,-45,0.371826171875,-52,0.1871337890625,-26,3.904296875
53.6480,-65,0.09967041015625,-42,1.12890625,-52,0.1871337890625,-26,3.904296875
53.6584,-65,0.09967041015625,-42,1.12890625,-52,1.4140625,-6,3.591796875
53.6676,-32,4.32421875,-42,1.12890625,-52,1.4140625,-6,3.591796875
53.6728,-32,4.32421875,-24,1.8251953125,-12,2.73828125,-48,-1.763671875
53.6831,-11,4.046875,-54,-1.240234375,-12,2.73828125,-48,-1.763671875
53.6929,-11,4.046875,-54,-1.240234375,-53,1.5986328125,-64,-1.0380859375
53.7079,-29,0.71240234375,-55,0.048004150390625,-53,1.5986328125,-64,-1.0380859375
53.7131,-29,0.71240234375,-55,0.048004150390625,-59,0.8017578125,-64,-1.0712890625
53.7271,-68,1.1875,-55,0.048004150390625,-59,0.8017578125,-64,-1.0712890625
53.7316,-68,1.1875,-52,0.143310546875,-59,0.8017578125,-13,4.546875
53.7483,-66,0.25439453125,-52,0.143310546875,-60,0.63671875,-13,4.546875
53.7581,-66,0.25439453125,-15,3.77734375,-60,0.63671875,-30,0.406982421875
53.7668,-41,2.724609375,-15,3.77734375,-33,2.4140625,-30,0.406982421875
53.7727,-41,2.724609375,-36,-0.27001953125,-35,1.1962890625,-65,-1.77734375
53.7862,-7,4.2890625,-36,-0.27001953125,-35,1.1962890625,-65,-1.77734375
53.7918,-7,4.2890625,-58,-0.83544921875,-35,1.1962890625,-66,1.0703125
53.8068,-37,0.139404296875,-58,-0.83544921875,-45,0.129150390625,-66,1.0703125
53.8113,-37,0.139404296875,-59,0.494873046875,-45,0.129150390625,-35,2.8828125
53.8276,-68,1.2568359375,-59,0.494873046875,-54,0.39111328125,-35,2.8828125
53.8361,-68,1.2568359375,-20,3.611328125,-54,0.39111328125,-11,2.9765625
53.8486,-65,-0.34521484375,-20,3.611328125,-43,0.93212890625,-11,2.9765625
53.8537,-65,-0.34521484375,-36,0.78466796875,-43,0.93212890625,-50,-1.7685546875
53.8684,-30,4.49609375,-36,0.78466796875,-41,0.91162109375,-50,-1.7685546875
53.8728,-30,4.49609375,-59,-1.2294921875,-41,0.91162109375,-67,-1.5322265625
53.8880,-9,4.59375,-59,-1.2294921875,-40,0.85888671875,-67,-1.5322265625
53.8967,-9,4.59375,-62,0.6396484375,-40,0.85888671875,-64,0.86181640625
53.9080,-46,-0.74072265625,-62,0.6396484375,-43,0.6015625,-64,0.86181640625
53.9196,-46,-0.74072265625,-12,5.5,-43,0.6015625,-28,3.681640625
53.9274,-65,-0.56982421875,-12,5.5,-48,0.0728759765625,-28,3.681640625
53.9415,-65,-0.56982421875,-30,0.80908203125,-48,0.0728759765625,-28,3.681640625
53.9458,-76,-0.75,-30,0.80908203125,-43,0.93017578125,-2,4.15625
53.9608,-76,-0.75,-59,-0.92041015625,-43,0.93017578125,-2,4.15625
53.9653,0,5.88671875,-59,-0.92041015625,-20,1.8623046875,-50,-2.390625
53.9789,0,5.88671875,-57,0.55029296875,-20,1.8623046875,-50,-2.390625
53.9849,-44,-0.79296875,-57,0.55029296875,-55,1.6572265625,-66,-1.109375
53.9984,-44,-0.79296875,-55,-0.10394287109375,-55,1.6572265625,-66,-1.109375
54.0067,-44,-0.79296875,-55,-0.10394287109375,-18,5.06640625,-61,-0.432373046875
54.0181,-68,-0.81103515625,-25,4.1796875,-18,5.06640625,-61,-0.432373046875
54.0261,-61,0.5341796875,-25,4.1796875,-52,-1.056640625,-26,1.8203125
54.0324,-61,0.5341796875,-16,2.26953125,-52,-1.056640625,-26,1.8203125
54.0461,-30,2.37109375,-16,2.26953125,-62,1.0869140625,-47,-0.658203125
54.0522,-30,2.37109375,-49,-1.0810546875,-62,1.0869140625,-47,-0.658203125
54.0633,-30,2.37109375,-49,-1.0810546875,-60,0.6748046875,-69,1.939453125
54.0796,-51,0.1513671875,-67,1.3701171875,-60,0.6748046875,-69,1.939453125
54.0841,-51,0.1513671875,-67,1.3701171875,-48,0.58203125,-28,3.84375
54.0961,-57,0.44873046875,-29,5.33203125,-48,0.58203125,-28,3.84375
54.1046,-57,0.44873046875,-29,5.33203125,-26,2.408203125,-18,2.349609375
54.1130,-55,0.5048828125,-40,0.436767578125,-26,2.408203125,-18,2.349609375
54.1245,-55,0.5048828125,-40,0.436767578125,-26,2.408203125,-63,-2.982421875
54.1398,-13,6.50390625,-40,0.436767578125,-29,1.4912109375,-63,-2.982421875
54.1453,-13,6.50390625,-54,-0.646484375,-57,1.41015625,-63,-0.8935546875
54.1603,-12,3.3046875,-54,-0.646484375,-57,1.41015625,-63,-0.8935546875
54.1648,-12,3.3046875,-50,0.76611328125,-58,0.2822265625,-18,3.96875
54.1785,-61,-1.66015625,-50,0.76611328125,-58,0.2822265625,-18,3.96875
54.1876,-61,-1.66015625,-39,1.1611328125,-43,0.708984375,-49,-1.330078125
54.1949,-59,0.83056640625,-47,0.1990966796875,-43,0.708984375,-49,-1.330078125
54.2093,-59,0.83056640625,-47,0.1990966796875,-43,0.708984375,-56,-0.3310546875
54.2196,-58,0.357666015625,-52,0.11572265625,-36,1.146484375,-56,-0.3310546875
54.2252,-58,0.357666015625,-52,0.11572265625,-40,0.775390625,-57,-0.442138671875
54.2399,-15,5.25390625,-52,0.11572265625,-40,0.775390625,-57,-0.442138671875
54.2447,-15,5.25390625,-38,0.72802734375,-40,0.775390625,-43,0.75146484375
54.2614,-5,4.1875,-38,0.72802734375,-54,0.434326171875,-43,0.75146484375
54.2658,-5,4.1875,-39,1.1064453125,-54,0.434326171875,-44,0.6142578125
54.2792,-51,-0.5859375,-39,1.1064453125,-51,0.16015625,-44,0.6142578125
54.2853,-51,-0.5859375,-47,0.1317138671875,-50,0.2587890625,-44,0.62109375
54.3014,-56,0.70361328125,-47,0.1317138671875,-50,0.2587890625,-44,0.62109375
54.3091,-56,0.70361328125,-47,0.58251953125,-30,2.009765625,-43,0.6484375
54.3187,-27,3.0703125,-47,0.58251953125,-30,2.009765625,-43,0.6484375
54.3288,-27,3.0703125,-47,0.533203125,-15,2.0390625,-50,-0.2900390625
54.3331,-45,0.421630859375,-47,0.533203125,-15,2.0390625,-50,-0.2900390625
54.3443,-45,0.421630859375,-47,0.452392578125,-15,2.0390625,-49,0.417724609375
54.3528,-56,0.145263671875,-47,0.452392578125,-55,1.64453125,-49,0.417724609375
54.3663,-56,0.145263671875,-23,2.43359375,-55,1.64453125,-49,0.417724609375
54.3798,-15,5.19921875,-23,2.43359375,-43,1.73046875,-47,0.31201171875
54.3872,-15,5.19921875,-30,1.392578125,-43,1.73046875,-47,0.31201171875
54.3933,-22,1.962890625,-30,1.392578125,-51,-0.072265625,-42,0.73828125
54.4049,-22,1.962890625,-60,1.72265625,-51,-0.072265625,-19,2.35546875
54.4133,-53,-0.07537841796875,-60,1.72265625,-54,0.1463623046875,-19,2.35546875
54.4250,-53,-0.07537841796875,-62,0.697265625,-54,0.1463623046875,-19,2.35546875
54.4370,-57,0.09967041015625,-62,0.697265625,-52,0.0193634033203125,-55,-1.755859375
54.4501,-57,0.09967041015625,-24,4.77734375,-52,0.0193634033203125,-63,0.8212890625
54.4551,-4,6.57421875,-24,4.77734375,-46,0.7392578125,-63,0.8212890625
54.4697,-4,6.57421875,-20,2.26953125,-46,0.7392578125,-63,0.8212890625
54.4745,-49,-1.0283203125,-20,2.26953125,-13,2.712890625,-41,2.212890625
54.4854,-49,-1.0283203125,-60,1.953125,-13,2.712890625,-41,2.212890625
54.4940,-63,-0.1502685546875,-60,1.953125,-56,1.6279296875,-43,0.55126953125
54.5059,-63,-0.1502685546875,-61,-0.65478515625,-56,1.6279296875,-43,0.55126953125
54.5145,-63,-0.1502685546875,-61,-0.65478515625,-85,3.6015625,-45,0.276611328125
54.5262,-60,0.640625,-25,4.31640625,-85,3.6015625,-45,0.276611328125
54.5341,-60,0.640625,-25,4.31640625,-17,-0.196533203125,-48,-0.176513671875
54.5491,-13,4.203125,-29,0.95947265625,-17,-0.196533203125,-48,-0.176513671875
54.5574,-13,4.203125,-29,0.95947265625,-19,1.66015625,-47,0.427734375
54.5701,-50,-0.81103515625,-29,0.95947265625,-19,1.66015625,-47,0.427734375
54.5785,-65,-0.05352783203125,-59,0.98876953125,-56,1.095703125,-47,0.27783203125
54.5844,-65,-0.05352783203125,-61,0.73583984375,-56,1.095703125,-47,0.27783203125
54.5937,-65,-0.05352783203125,-61,0.73583984375,-63,1.0986328125,-46,0.53125
54.6070,-65,-0.10955810546875,-61,0.73583984375,-63,1.0986328125,-46,0.53125
54.6123,-65,-0.10955810546875,-14,5.2421875,-76,0.58349609375,-46,0.343994140625
54.6272,-11,5.94921875,-14,5.2421875,-76,0.58349609375,-46,0.343994140625
54.6317,-11,5.94921875,-32,0.5322265625,-76,0.58349609375,-44,0.4140625
54.6455,-36,0.242431640625,-32,0.5322265625,-61,0.2822265625,-44,0.4140625
54.6514,-36,0.242431640625,-65,1.6708984375,-61,0.2822265625,-48,-0.0787353515625
54.6668,-67,-1.0244140625,-65,1.6708984375,-5,4.3515625,-48,-0.0787353515625
54.6719,-67,-1.0244140625,-56,0.366943359375,-35,-0.05877685546875,-49,0.169921875
54.6857,-71,0.82177734375,-56,0.366943359375,-35,-0.05877685546875,-49,0.169921875
54.6984,-71,0.82177734375,-39,0.966796875,-35,-0.05877685546875,-49,0.169921875
54.7103,-25,5.18359375,-39,0.966796875,-60,1.2099609375,-49,0.1934814453125
54.7182,-25,5.18359375,-48,0.367919921875,-60,1.2099609375,-49,0.1934814453125
54.7283,-11,3.537109375,-48,0.367919921875,-59,0.225830078125,-44,0.6181640625
54.7377,-11,3.537109375,-53,-0.078369140625,-59,0.225830078125,-44,0.6181640625
54.7481,-62,2.287109375,-53,-0.078369140625,-78,3.56640625,-43,0.65625
54.7594,-62,2.287109375,-47,0.70361328125,-78,3.56640625,-43,0.65625
54.7691,-63,-0.36962890625,-47,0.70361328125,-57,0.2236328125,-43,0.62060546875
54.7790,-63,-0.36962890625,-46,0.5634765625,-57,0.2236328125,-43,0.62060546875
54.7890,-23,5.69140625,-46,0.5634765625,0,4.55078125,-47,0.22802734375
54.7939,-23,5.69140625,-42,1.4296875,0,4.55078125,-49,0.1927490234375
54.8096,-12,3.619140625,-42,1.4296875,-29,0.36865234375,-49,0.1927490234375
54.8205,-12,3.619140625,-42,0.88427734375,-60,1.099609375,-50,0.1551513671875
54.8296,-47,0.2783203125,-42,0.88427734375,-60,1.099609375,-50,0.1551513671875
54.8432,-47,0.2783203125,-51,0.231689453125,-60,1.099609375,-50,0.1551513671875
54.8468,-44,1.712890625,-51,0.231689453125,-63,0.9375,-32,2.611328125
54.8553,-44,1.712890625,-48,0.5595703125,-63,0.9375,-36,0.927734375
54.8712,-47,1.103515625,-48,0.5595703125,-49,0.6376953125,-36,0.927734375
54.8799,-47,1.103515625,-46,0.68994140625,-49,0.6376953125,-36,0.927734375
54.8900,-4,8.3671875,-46,0.68994140625,-55,0.0765380859375,-55,-1.056640625
54.8994,-4,8.3671875,-37,0.99267578125,-55,0.0765380859375,-55,-1.056640625
54.9055,-22,2.046875,-37,0.99267578125,-2,4.3203125,-52,0.316650390625
54.9189,-22,2.046875,-47,0.043121337890625,-2,4.3203125,-52,0.316650390625
54.9255,-72,2.642578125,-47,0.043121337890625,-47,1.3916015625,-45,0.4580078125
54.9334,-72,2.642578125,-55,0.2335205078125,-47,1.3916015625,-45,0.4580078125
54.9468,-64,-0.2081298828125,-55,0.2335205078125,-59,0.71533203125,-44,0.5712890625
54.9611,-64,-0.2081298828125,-36,2.154296875,-59,0.71533203125,-44,0.306396484375
54.9657,-37,3.50390625,-36,2.154296875,-56,0.10430908203125,-44,0.306396484375
54.9804,-37,3.50390625,-16,2.81640625,-56,0.10430908203125,-44,0.306396484375
54.9850,-8,4.51171875,-16,2.81640625,-72,2.859375,-45,0.34033203125
54.9936,-8,4.51171875,-52,1.3759765625,-72,2.859375,-45,0.34033203125
55.0054,-31,0.63916015625,-52,1.3759765625,-44,0.1495361328125,-49,-0.18115234375
55.0141,-31,0.63916015625,-66,-1.55859375,-44,0.1495361328125,-49,-0.18115234375
55.0252,-31,0.63916015625,-66,-1.55859375,-18,3.8203125,-48,0.27099609375
55.0336,-68,1.2060546875,-16,6.17578125,-18,3.8203125,-48,0.27099609375
55.0487,-68,1.2060546875,-16,6.17578125,-1,4.50390625,-47,0.385986328125
55.0606,-68,0.5634765625,-42,-0.546875,-1,4.50390625,-47,0.385986328125
55.0685,-68,0.5634765625,-42,-0.546875,-52,1.576171875,-35,1.1982421875
55.0732,-24,4.77734375,-56,-0.320068359375,-52,1.576171875,-35,1.1982421875
55.0842,-24,4.77734375,-56,-0.320068359375,-67,1.5205078125,-33,1.337890625
55.0930,-12,3.859375,-57,-0.019683837890625,-67,1.5205078125,-33,1.337890625
55.1048,-12,3.859375,-57,-0.019683837890625,-59,0.135498046875,-48,-0.3466796875
55.1188,-64,-1.8828125,-52,-0.2398681640625,-59,0.135498046875,-48,-0.3466796875
55.1244,-64,-1.8828125,-52,-0.2398681640625,-27,1.732421875,-56,-0.442138671875
55.1379,-63,0.5,-52,-0.2398681640625,-27,1.732421875,-56,-0.442138671875
55.1442,-63,0.5,-44,0.73046875,-27,1.732421875,-50,0.144287109375
55.1579,-29,2.48828125,-44,0.73046875,-5,5.8828125,-50,0.144287109375
55.1645,-29,2.48828125,-9,3.501953125,-5,5.8828125,-46,0.62109375
55.1774,-58,-0.344970703125,-9,3.501953125,-33,0.074951171875,-46,0.62109375
55.1831,-58,-0.344970703125,-45,-1.1904296875,-61,1.107421875,-24,1.921875
55.1996,-62,0.103759765625,-45,-1.1904296875,-61,1.107421875,-24,1.921875
55.2043,-62,0.103759765625,-66,1.421875,-61,1.107421875,-41,-0.1563720703125
55.2202,-21,5.73828125,-66,1.421875,-60,0.448974609375,-41,-0.1563720703125
55.2248,-21,5.73828125,-62,0.607421875,-60,0.448974609375,-58,-0.73828125
55.2402,-15,3.193359375,-62,0.607421875,-62,0.26611328125,-58,-0.73828125
55.2495,-15,3.193359375,-22,5.03515625,-62,0.26611328125,-59,-0.66455078125
55.2596,-57,-1.2548828125,-22,5.03515625,-10,5.140625,-59,-0.66455078125
55.2665,-57,-1.2548828125,-20,2.3515625,-10,5.140625,-15,4.6328125
55.2802,-65,-0.349853515625,-20,2.3515625,-35,0.31787109375,-15,4.6328125
55.2861,-65,-0.349853515625,-55,1.263671875,-35,0.31787109375,-32,0.45849609375
55.2947,-44,1.77734375,-55,1.263671875,-56,0.3427734375,-32,0.45849609375
55.3093,-44,1.77734375,-63,-1.013671875,-56,0.3427734375,-60,-1.421875
55.3152,-45,1.1064453125,-63,-1.013671875,-59,0.346435546875,-60,-1.421875
55.3270,-45,1.1064453125,-15,6.23046875,-59,0.346435546875,-59,-0.2578125
55.3351,-42,1.5126953125,-15,6.23046875,-53,0.26708984375,-59,-0.2578125
55.3464,-42,1.5126953125,-35,0.359375,-53,0.26708984375,-55,-0.197998046875
55.3546,-57,-0.40380859375,-35,0.359375,-41,1.7421875,-55,-0.197998046875
55.3658,-57,-0.40380859375,-60,-1.138671875,-41,1.7421875,-35,1.8759765625
55.3751,-58,0.3125,-60,-1.138671875,-38,1.0654296875,-35,1.8759765625
55.3855,-58,0.3125,-59,0.11859130859375,-38,1.0654296875,-35,1.8759765625
55.3940,-37,2.076171875,-59,0.11859130859375,-45,0.322021484375,-1,4.890625
55.4067,-37,2.076171875,-13,3.583984375,-45,0.322021484375,-1,4.890625
55.4228,-22,2.9609375,-13,3.583984375,-54,0.2393798828125,-42,-1.42578125
55.4278,-22,2.9609375,-47,-0.85546875,-54,0.2393798828125,-65,-1.0947265625
55.4418,-54,0.49365234375,-47,-0.85546875,-44,0.994140625,-65,-1.0947265625
55.4461,-54,0.49365234375,-64,-0.7021484375,-44,0.994140625,-65,-1.0947265625
55.4548,-64,0.1512451171875,-64,-0.7021484375,-44,1.0302734375,-63,-0.08258056640625
55.4673,-64,0.1512451171875,-63,0.11712646484375,-44,1.0302734375,-63,-0.08258056640625
55.4794,-64,0.1512451171875,-63,0.11712646484375,-44,0.9580078125,-21,2.48828125
55.4869,-67,0.1763916015625,-29,3.982421875,-44,0.9580078125,-21,2.48828125
55.5023,-58,0.93115234375,-29,3.982421875,-57,0.24853515625,-61,-1.96875
55.5110,-58,0.93115234375,-21,2.958984375,-57,0.24853515625,-61,-1.96875
55.5204,-58,0.93115234375,-21,2.958984375,-54,0.447509765625,-68,-0.646484375
55.5264,-53,1.271484375,-62,1.9384765625,-54,0.447509765625,-68,-0.646484375
55.5349,-53,1.271484375,-62,1.9384765625,-51,0.52783203125,-64,-0.11419677734375
55.5460,-10,5.3203125,-64,-0.3134765625,-51,0.52783203125,-64,-0.11419677734375
55.5597,-10,5.3203125,-64,-0.3134765625,-29,2.14453125,-17,3.544921875
55.5685,-50,-0.491455078125,-63,-0.6474609375,-29,2.14453125,-17,3.544921875
55.5740,-50,-0.491455078125,-63,-0.6474609375,-55,0.60546875,-49,-0.92138671875
55.5876,-74,-0.61474609375,-63,-0.6474609375,-55,0.60546875,-49,-0.92138671875
55.5954,-74,-0.61474609375,-15,5.45703125,-57,0.2216796875,-70,-1.4599609375
55.6073,-24,5.24609375,-15,5.45703125,-57,0.2216796875,-70,-1.4599609375
55.6134,-24,5.24609375,-28,1.708984375,-55,0.2890625,-64,-0.63134765625
55.6277,-13,3.751953125,-28,1.708984375,-55,0.2890625,-64,-0.63134765625
55.6336,-13,3.751953125,-67,-1.96484375,-32,1.9873046875,-30,3.7421875
55.6486,-63,-1.107421875,-67,-0.552734375,-32,1.9873046875,-30,3.7421875
55.6585,-63,-1.107421875,-67,-0.552734375,-32,1.9873046875,-25,2.14453125
55.6649,-83,-1.513671875,-67,-0.552734375,-50,-0.2032470703125,-25,2.14453125
55.6743,-83,-1.513671875,-46,1.3369140625,-59,-0.197509765625,-63,-1.7978515625
55.6885,-75,-0.423095703125,-46,1.3369140625,-59,-0.197509765625,-63,-1.7978515625
55.6963,-75,-0.423095703125,-23,2.46484375,-73,0.9189453125,-66,-0.26513671875
55.7093,-9,5.703125,-23,2.46484375,-73,0.9189453125,-66,-0.26513671875
55.7135,-9,5.703125,-56,-1.013671875,-73,0.9189453125,-62,-0.189208984375
55.7283,-46,-0.2005615234375,-56,-1.013671875,-12,3.412109375,-62,-0.189208984375
55.7339,-46,-0.2005615234375,-68,-1.083984375,-12,3.412109375,-15,4.47265625
55.7453,-72,-1.1201171875,-68,-1.083984375,-56,0.736328125,-15,4.47265625
55.7593,-72,-1.1201171875,-62,0.020751953125,-56,0.736328125,-15,4.47265625
55.7659,-92,2.12109375,-62,0.020751953125,-68,0.958984375,-44,-0.572265625
55.7797,-92,2.12109375,-50,0.83935546875,-68,0.958984375,-44,-0.572265625
55.7896,-2,6.69140625,-50,0.83935546875,-68,2.27734375,-68,-1.3515625
55.8003,-2,6.69140625,-12,4.2109375,-68,2.27734375,-68,-1.3515625
55.8064,-56,-1.591796875,-12,4.2109375,-65,0.1343994140625,-64,-0.51611328125
55.8150,-56,-1.591796875,-36,0.34326171875,-65,0.1343994140625,-43,1.423828125
55.8286,-85,2.07421875,-36,0.34326171875,-6,8.515625,-43,1.423828125
55.8420,-85,2.07421875,-69,1.412109375,-6,8.515625,-43,1.423828125
55.8478,-76,-0.134033203125,-69,1.412109375,-1,4.58984375,-20,2.48828125
55.8615,-76,-0.134033203125,-67,-0.63037109375,-1,4.58984375,-20,2.48828125
55.8673,-69,-0.07318115234375,-67,-0.63037109375,-49,0.86376953125,-61,-2.076171875
55.8823,-69,-0.07318115234375,-25,5.22265625,-49,0.86376953125,-61,-2.076171875
55.8869,-21,5.67578125,-25,5.22265625,-89,2.537109375,-65,-0.61376953125
55.9020,-21,5.67578125,-27,2.5,-89,2.537109375,-65,-0.61376953125
55.9067,-4,4.94140625,-27,2.5,-82,1.6416015625,-63,-0.251953125
55.9206,-4,4.94140625,-64,-1.7470703125,-82,1.6416015625,-20,3.25
55.9262,-60,-1.345703125,-64,-1.7470703125,-13,3.328125,-20,3.25
55.9422,-60,-1.345703125,-65,-0.6630859375,-13,3.328125,-20,3.25
55.9467,-75,0.90234375,-65,-0.6630859375,-58,1.400390625,-44,-0.158935546875
55.9565,-75,0.90234375,-63,0.1893310546875,-58,1.400390625,-44,-0.158935546875
55.9675,-14,6.67578125,-63,0.1893310546875,-87,3.23828125,-71,-1.8349609375
55.9812,-14,6.67578125,-18,4.4296875,-87,3.23828125,-71,-1.8349609375
55.9873,-14,6.67578125,-18,4.4296875,-78,0.77734375,-59,0.285888671875
55.9961,-35,1.35546875,-24,1.84765625,-78,0.77734375,-59,0.285888671875
56.0110,-35,1.35546875,-24,1.84765625,-61,0.3134765625,-57,0.10687255859375
56.0207,-55,0.85986328125,-24,1.84765625,-61,0.3134765625,-57,0.10687255859375
56.0267,-59,0.43505859375,-65,-1.4501953125,-52,0.72900390625,-35,1.837890625
56.0431,-59,0.43505859375,-68,0.425048828125,-52,0.72900390625,-35,1.837890625
56.0471,-59,0.43505859375,-68,0.425048828125,0,5.21875,-50,-0.2666015625
56.0562,-54,1.1044921875,-56,0.59912109375,0,5.21875,-50,-0.2666015625
56.0669,-54,1.1044921875,-56,0.59912109375,-21,1.291015625,-61,-0.69091796875
56.0819,-61,0.27783203125,-20,2.7890625,-21,1.291015625,-61,-0.69091796875
56.0897,-61,0.27783203125,-20,2.7890625,-81,3.841796875,-55,0.06781005859375
56.1014,0,5.38671875,-20,2.7890625,-81,3.841796875,-55,0.06781005859375
56.1059,0,5.38671875,-60,1.4462890625,-45,2.685546875,-56,-0.2178955078125
56.1210,-16,3.015625,-60,1.4462890625,-45,2.685546875,-56,-0.2178955078125
56.1256,-16,3.015625,-65,-0.4169921875,-53,0.26708984375,-53,0.395751953125
56.1415,-67,-1.337890625,-65,-0.4169921875,-53,0.26708984375,-53,0.395751953125
56.1455,-67,-1.337890625,-62,0.1910400390625,-56,0.035858154296875,-12,4.70703125
56.1588,-76,0.40673828125,-62,0.1910400390625,-56,0.035858154296875,-12,4.70703125
56.1648,-76,0.40673828125,-21,3.0703125,-56,0.09613037109375,-40,-0.481201171875
56.1799,-59,1.048828125,-21,3.0703125,-56,0.09613037109375,-40,-0.481201171875
56.1848,-59,1.048828125,-49,-0.444580078125,-56,0.198974609375,-71,1.5
56.1997,-19,4.6171875,-49,-0.444580078125,-56,0.198974609375,-71,1.5
56.2054,-19,4.6171875,-65,-0.9208984375,-29,1.193359375,-64,-0.572265625
56.2199,-49,-0.266357421875,-65,-0.9208984375,-29,1.193359375,-64,-0.572265625
56.2271,-49,-0.266357421875,-61,-0.1744384765625,-29,1.193359375,-61,-0.282470703125
56.2406,-70,-0.607421875,-61,-0.1744384765625,-24,1.7373046875,-61,-0.282470703125
56.2491,-70,-0.607421875,-56,0.5478515625,-24,1.7373046875,-55,0.3984375
56.2587,-61,0.78369140625,-56,0.5478515625,-58,0.93603515625,-55,0.3984375
56.2686,-61,0.78369140625,-23,2.830078125,-58,0.93603515625,-18,3.8046875
56.2802,1,8.6640625,-23,2.830078125,-69,0.42724609375,-18,3.8046875
56.2861,1,8.6640625,-49,-0.292724609375,-69,0.42724609375,-9,3.4609375
56.2998,-39,0.278076171875,-49,-0.292724609375,-53,1.173828125,-9,3.4609375
56.3072,-39,0.278076171875,-73,1.5537109375,-53,1.173828125,-65,-2.869140625
56.3207,-73,-1.3349609375,-73,1.5537109375,-52,0.6240234375,-65,-2.869140625
56.3254,-73,-1.3349609375,-60,0.26513671875,-52,0.6240234375,-68,-0.79296875
56.3404,-71,-0.30029296875,-60,0.26513671875,-1,7.515625,-68,-0.79296875
56.3470,-71,-0.30029296875,-57,0.05108642578125,-1,7.515625,-65,-0.2264404296875
56.3610,-67,0.2208251953125,-57,0.05108642578125,-37,0.271240234375,-65,-0.2264404296875
56.3665,-67,0.2208251953125,-11,4.1796875,-37,0.271240234375,-59,0.2880859375
56.3753,-31,5.5625,-11,4.1796875,-76,2.017578125,-59,0.2880859375
56.3862,-31,5.5625,-51,-0.974609375,-76,2.017578125,-16,3.880859375
56.3998,-20,3.365234375,-51,-0.974609375,-70,0.67822265625,-16,3.880859375
56.4095,-20,3.365234375,-65,-0.619140625,-70,0.67822265625,-20,1.9228515625
56.4144,-57,-0.85302734375,-65,-0.619140625,-46,1.880859375,-20,1.9228515625
56.4296,-57,-0.85302734375,-65,-0.149169921875,-46,1.880859375,-73,-2.802734375
56.4338,-69,0.33154296875,-65,-0.149169921875,-42,1.322265625,-73,-2.802734375
56.4451,-69,0.33154296875,-65,-0.149169921875,-42,1.322265625,-73,1.2197265625
56.4535,-20,4.609375,-22,3.236328125,-49,0.367431640625,-73,1.2197265625
56.4684,-20,4.609375,-22,3.236328125,-49,0.367431640625,-48,1.552734375
56.4806,-58,-0.96142578125,-57,-1.3779296875,-59,0.55078125,-48,1.552734375
56.4902,-58,-0.96142578125,-67,-0.99951171875,-59,0.55078125,-49,0.3974609375
56.4948,-58,-0.96142578125,-67,-0.99951171875,-53,0.51611328125,-49,0.3974609375
56.5105,-67,-0.1263427734375,-67,-0.99951171875,-53,0.51611328125,-49,0.3974609375
56.5141,-67,-0.1263427734375,-62,0.0748291015625,-51,0.469482421875,-48,0.59326171875
56.5292,-33,5.390625,-62,0.0748291015625,-51,0.469482421875,-48,0.59326171875
56.5354,-52,0.1739501953125,-43,1.330078125,-44,1.09765625,-55,-0.342529296875
56.5496,-52,0.1739501953125,-43,1.330078125,-44,1.09765625,-54,0.288818359375
56.5540,-52,0.1739501953125,-16,3.154296875,-48,0.481689453125,-54,0.288818359375
56.5690,-50,1.4912109375,-16,3.154296875,-48,0.481689453125,-54,0.288818359375
56.5760,-50,1.4912109375,-60,1.685546875,-53,0.429931640625,-52,0.440185546875
56.5894,-50,1.3212890625,-60,1.685546875,-53,0.429931640625,-52,0.440185546875
56.5960,-50,1.3212890625,-68,-0.96484375,-52,0.45458984375,-52,0.37841796875
56.6072,-21,3.6875,-68,-0.96484375,-52,0.45458984375,-52,0.37841796875
56.6192,-58,-0.740234375,-63,-0.236572265625,-49,0.63525390625,-47,0.57275390625
56.6296,-58,-0.740234375,-19,2.884765625,-49,0.63525390625,-51,0.20263671875
56.6411,-58,-0.740234375,-19,2.884765625,-53,0.40185546875,-51,0.20263671875
56.6503,-67,-0.11907958984375,-19,2.884765625,-53,0.40185546875,-51,0.20263671875
56.6541,-67,-0.11907958984375,-61,1.3134765625,-52,0.5185546875,-54,0.084716796875
56.6688,-6,8.9609375,-61,1.3134765625,-52,0.5185546875,-54,0.084716796875
56.6734,-6,8.9609375,-64,-0.262451171875,-52,0.5185546875,-55,-0.317138671875
56.6889,-37,0.75634765625,-64,-0.262451171875,-5,4.52734375,-55,-0.317138671875
56.6995,-37,0.75634765625,-63,-0.1156005859375,-5,4.52734375,-52,0.29345703125
56.7093,-74,-1.0244140625,-63,-0.1156005859375,-51,1.255859375,-52,0.29345703125
56.7153,-74,-1.0244140625,-22,3.30859375,-78,1.8623046875,-47,1.1279296875
56.7288,-68,0.6865234375,-22,3.30859375,-78,1.8623046875,-47,1.1279296875
56.7330,-68,0.6865234375,-53,-1.0751953125,-78,1.8623046875,-45,0.80078125
56.7469,-37,2.30859375,-53,-1.0751953125,-57,0.2255859375,-45,0.80078125
56.7528,-37,2.30859375,-70,1.0966796875,-57,0.2255859375,-52,0.359619140625
56.7663,-58,-0.04962158203125,-70,1.0966796875,-37,2.150390625,-52,0.359619140625
56.7790,-58,-0.04962158203125,-70,1.0966796875,-37,2.150390625,-55,-0.2083740234375
56.7887,-59,0.66845703125,-63,-0.2666015625,-15,2.61328125,-55,-0.2083740234375
56.7936,-59,0.66845703125,-29,3.63671875,-15,2.61328125,-54,0.302978515625
56.8112,-65,0.1392822265625,-29,3.63671875,-59,-1.3369140625,-54,0.302978515625
56.8130,-65,0.1392822265625,-29,1.8095703125,-59,-1.3369140625,-52,0.437744140625
56.8264,-27,2.396484375,-29,1.8095703125,-35,-0.10455322265625,-52,0.437744140625
56.8346,-27,2.396484375,-63,-1.3857421875,-35,-0.10455322265625,-47,0.81591796875
56.8458,-5,4.52734375,-63,-1.3857421875,-71,2.43359375,-47,0.81591796875
56.8611,-5,4.52734375,-65,0.66748046875,-71,2.43359375,-50,0.1512451171875
56.8675,-56,-0.7802734375,-65,0.66748046875,-93,2.78515625,-50,0.1512451171875
56.8804,-56,-0.7802734375,-64,0.29052734375,-93,2.78515625,-51,0.396484375
56.8874,-82,1.9150390625,-64,0.29052734375,-20,3.001953125,-51,0.396484375
56.8952,-82,1.9150390625,-64,0.29052734375,-20,3.001953125,-52,0.254150390625
56.9071,-75,-0.5166015625,-20,4.765625,-51,0.50927734375,-52,0.254150390625
56.9220,-75,-0.5166015625,-30,1.3310546875,-51,0.50927734375,-55,-0.12152099609375
56.9266,-8,6.38671875,-30,1.3310546875,-67,1.0126953125,-55,-0.12152099609375
56.9425,-8,6.38671875,-67,-1.5830078125,-67,1.0126953125,-49,0.5322265625
56.9473,-59,-1.1396484375,-67,-1.5830078125,-79,0.8681640625,-49,0.5322265625
56.9637,-59,-1.1396484375,-66,-0.09759521484375,-79,0.8681640625,-48,0.52880859375
56.9688,-77,-1.3427734375,-66,-0.09759521484375,-33,6.09375,-48,0.52880859375
56.9819,-77,-1.3427734375,-66,-0.09759521484375,-33,6.09375,-50,0.4140625
56.9881,-73,-0.26806640625,-60,0.3662109375,-4,4.6796875,-50,0.4140625
57.0025,-73,-0.26806640625,-60,0.3662109375,-4,4.6796875,-55,-0.22216796875
57.0074,-73,-0.26806640625,-23,2.53125,-52,0.93115234375,-55,-0.22216796875
57.0224,-41,3.25390625,-23,2.53125,-52,0.93115234375,-55,-0.22216796875
57.0272,-41,3.25390625,-55,-0.923828125,-89,4.5078125,-52,0.476318359375
57.0422,-44,1.625,-55,-0.923828125,-89,4.5078125,-52,0.476318359375
57.0466,-50,1.33203125,-69,-1.396484375,-28,8.1796875,-51,0.307373046875
57.0622,-50,1.33203125,-60,0.20166015625,-28,8.1796875,-46,0.7763671875
57.0658,-50,1.33203125,-60,0.20166015625,-41,0.86328125,-46,0.7763671875
57.0808,-48,1.3271484375,-60,0.20166015625,-41,0.86328125,-46,0.7763671875
57.0865,-48,1.3271484375,-54,0.9560546875,-63,0.81591796875,-54,-0.1693115234375
57.1004,-51,1.0185546875,-54,0.9560546875,-63,0.81591796875,-54,-0.1693115234375
57.1103,-51,1.0185546875,-14,3.375,-64,0.32470703125,-54,0.291748046875
57.1213,-47,1.6875,-14,3.375,-64,0.32470703125,-54,0.291748046875
57.1247,-47,1.6875,-58,-1.099609375,-74,-0.43310546875,-52,0.361328125
57.1391,-16,3.939453125,-58,-1.099609375,-74,-0.43310546875,-52,0.361328125
57.1460,-16,3.939453125,-66,-0.400146484375,3,11.265625,-49,0.53369140625
57.1614,-65,-1.5517578125,-66,-0.400146484375,3,11.265625,-49,0.53369140625
57.1647,-65,-1.5517578125,-63,0.1903076171875,-31,0.81640625,-50,0.29638671875
57.1793,-66,0.6044921875,-63,0.1903076171875,-31,0.81640625,-50,0.29638671875
57.1853,-66,0.6044921875,-15,3.560546875,-31,0.81640625,-51,0.07586669921875
57.2003,-64,1.669921875,-15,3.560546875,-65,0.80859375,-51,0.07586669921875
57.2053,-64,1.669921875,-15,3.560546875,-65,0.80859375,-53,0.802734375
57.2202,-12,5.35546875,-60,-1.677734375,-96,4.99609375,-53,0.802734375
57.2260,-12,5.35546875,-75,-1.0458984375,-62,0.34423828125,-55,0.4775390625
57.2403,-72,-1.8232421875,-75,-1.0458984375,-62,0.34423828125,-55,0.4775390625
57.2456,-72,-1.8232421875,-75,-1.0458984375,-62,0.34423828125,-62,-0.237060546875
57.2599,-81,-0.28759765625,-76,-0.736328125,-64,0.127197265625,-62,-0.237060546875
57.2644,-81,-0.28759765625,-26,6.8359375,-64,0.127197265625,-62,0.30224609375
57.2781,-74,0.4443359375,-26,6.8359375,-3,5.66796875,-62,0.30224609375
57.2854,-74,0.4443359375,-49,0.1689453125,-3,5.66796875,-58,0.43212890625
57.2991,-70,0.84814453125,-49,0.1689453125,-61,1.466796875,-58,0.43212890625
57.3053,-70,0.84814453125,-49,0.1689453125,-61,1.466796875,-59,0.2119140625
57.3187,-66,0.9111328125,-67,-0.181396484375,-91,2.208984375,-59,0.2119140625
57.3251,-66,0.9111328125,-67,-0.181396484375,-91,2.208984375,-57,0.5400390625
57.3332,-20,5.1640625,-68,-0.11102294921875,-25,4.6328125,-57,0.5400390625
57.3458,-20,5.1640625,-68,-0.11102294921875,-25,4.6328125,-56,0.63525390625
57.3528,-35,1.8447265625,-64,0.60888671875,-66,0.8583984375,-56,0.63525390625
57.3677,-35,1.8447265625,-64,0.60888671875,-66,0.8583984375,-57,0.400634765625
57.3806,-65,0.0731201171875,-62,0.6513671875,-98,3.271484375,-57,0.400634765625
57.3882,-65,0.0731201171875,-62,0.6513671875,-98,3.271484375,-62,0.2315673828125
57.3934,-63,1.5380859375,-19,4.46484375,-33,2.05078125,-62,0.2315673828125
57.4041,-63,1.5380859375,-19,4.46484375,-33,2.05078125,-58,0.421142578125
57.4130,-57,1.564453125,-60,-1.3349609375,-70,1.47265625,-58,0.421142578125
57.4276,-57,1.564453125,-60,-1.3349609375,-70,1.47265625,-58,0.415771484375
57.4384,-57,1.564453125,-70,-0.46337890625,-94,2.248046875,-58,0.415771484375
57.4484,-59,1.197265625,-70,-0.46337890625,-94,2.248046875,-58,0.415771484375
57.4528,-59,1.197265625,-69,0.496826171875,-38,0.27099609375,-58,0.427978515625
57.4679,-55,1.517578125,-69,0.496826171875,-38,0.27099609375,-58,0.427978515625
57.4761,-55,1.517578125,-67,-0.15283203125,-70,-1.2822265625,-59,0.2958984375
57.4908,-57,1.1025390625,-67,-0.15283203125,-70,-1.2822265625,-59,0.28125
57.5016,-57,1.1025390625,-22,4.4375,-83,3.4140625,-59,0.28125
57.5086,-58,1.501953125,-22,4.4375,-83,3.4140625,-59,0.28125
57.5175,-58,1.501953125,-55,-0.70458984375,-85,0.392578125,-58,0.339599609375
57.5310,-24,3.94921875,-55,-0.70458984375,-85,0.392578125,-58,0.339599609375
57.5365,-24,3.94921875,-71,-0.94580078125,-72,0.11419677734375,-57,0.330810546875
57.5506,-63,0.3447265625,-71,-0.94580078125,-72,0.11419677734375,-57,0.330810546875
57.5562,-63,0.3447265625,-71,0.06488037109375,-2,5.01953125,-59,0.78955078125
57.5702,-74,0.1409912109375,-71,0.06488037109375,-2,5.01953125,-59,0.78955078125
57.5747,-74,0.1409912109375,-71,0.06488037109375,-61,1.1181640625,-66,-0.273681640625
57.5898,-64,1.5625,-71,0.349853515625,-61,1.1181640625,-66,-0.273681640625
57.5965,-64,1.5625,-59,1.29296875,-106,4.0859375,-65,0.258056640625
57.6105,-20,3.603515625,-59,1.29296875,-106,4.0859375,-65,0.258056640625
57.6145,-20,3.603515625,-60,0.71728515625,-84,0.55712890625,-65,0.44140625
57.6305,-69,-0.66015625,-60,0.71728515625,-84,0.55712890625,-65,0.44140625
57.6400,-69,-0.66015625,-66,-0.027862548828125,-74,0.16796875,-62,0.56982421875
57.6472,-81,-0.474365234375,-66,-0.027862548828125,-74,0.16796875,-62,0.56982421875
57.6530,-81,-0.474365234375,-68,0.1846923828125,-74,0.16796875,-64,0.048248291015625
57.6668,-81,0.08221435546875,-68,0.1846923828125,-3,8.8515625,-64,0.048248291015625
57.6727,-81,0.08221435546875,-64,0.74560546875,-52,-0.42578125,-63,0.375
57.6878,-72,1.05859375,-64,0.74560546875,-52,-0.42578125,-63,0.375
57.6975,-72,1.05859375,-64,0.74560546875,-52,-0.42578125,-64,0.364013671875
57.7091,-52,2.380859375,-61,0.97900390625,-75,0.630859375,-64,0.364013671875
57.7128,-52,2.380859375,-60,1.236328125,-75,0.630859375,-64,0.312744140625
57.7239,-13,6.125,-60,1.236328125,-92,1.017578125,-64,0.312744140625
57.7325,-13,6.125,-64,0.441162109375,-92,1.017578125,-63,0.55419921875
57.7438,-61,-0.8076171875,-64,0.441162109375,-53,1.8935546875,-63,0.55419921875
57.7606,-61,-0.8076171875,-66,0.66015625,-66,-0.16845703125,-62,0.310546875
57.7670,-78,0.04351806640625,-66,0.66015625,-66,-0.16845703125,-62,0.310546875
57.7729,-78,0.04351806640625,-64,0.521484375,-66,-0.16845703125,-65,0.2744140625
57.7841,-70,1.28125,-64,0.521484375,-67,0.16015625,-65,0.2744140625
57.7942,-70,1.28125,-62,0.8037109375,-67,0.16015625,-64,0.5751953125
57.8053,-65,1.5712890625,-62,0.8037109375,-67,0.23095703125,-64,0.5751953125
57.8193,-65,1.5712890625,-65,0.472412109375,-67,0.23095703125,-62,0.4130859375
57.8323,-19,4.77734375,-65,0.472412109375,-68,0.049407958984375,-62,0.4130859375
57.8420,-19,4.77734375,-65,0.472412109375,-68,0.049407958984375,-66,-0.258056640625
57.8478,-70,-1.158203125,-64,0.79931640625,-62,0.80419921875,-66,-0.258056640625
57.8563,-70,-1.158203125,-66,0.138916015625,-62,0.80419921875,-65,0.353271484375
57.8676,-82,-0.395263671875,-66,0.138916015625,-60,0.79052734375,-65,0.353271484375
57.8761,-82,-0.395263671875,-66,0.138916015625,-60,0.79052734375,-62,0.76708984375
57.8870,-79,0.155517578125,-62,0.92724609375,-64,0.29248046875,-62,0.76708984375
57.9008,-79,0.155517578125,-62,0.92724609375,-64,0.29248046875,-61,0.5400390625
57.9067,-11,6.7578125,-62,0.68603515625,-60,1.142578125,-61,0.5400390625
57.9202,-11,6.7578125,-62,0.68603515625,-60,1.142578125,-61,0.45849609375
57.9281,-59,-0.6298828125,-64,0.283935546875,-56,1.0654296875,-61,0.45849609375
57.9347,-59,-0.6298828125,-64,0.283935546875,-56,1.0654296875,-64,0.271484375
57.9469,-83,-0.73193359375,-66,0.55126953125,-61,0.5849609375,-64,0.271484375
57.9542,-83,-0.73193359375,-66,0.55126953125,-61,0.5849609375,-62,0.67138671875
57.9654,-80,0.40087890625,-64,0.67236328125,-66,0.1483154296875,-62,0.67138671875
57.9820,-80,0.40087890625,-64,0.67236328125,-66,0.1483154296875,-65,0.250732421875
57.9874,-76,0.56103515625,-58,1.10546875,-61,0.822265625,-65,0.250732421875
57.9965,-76,0.56103515625,-58,1.10546875,-61,0.822265625,-61,0.69287109375
58.0070,0,6.734375,-64,0.1876220703125,-61,0.640625,-61,0.69287109375
58.0155,0,6.734375,-64,0.1876220703125,-61,0.640625,-63,0.10186767578125
58.0307,-60,-1.4365234375,-70,0.14306640625,-68,-0.04229736328125,-63,0.10186767578125
58.0412,-60,-1.4365234375,-70,0.14306640625,-68,-0.04229736328125,-67,-0.11541748046875
58.0510,-84,-0.73828125,-66,0.27197265625,-63,0.69287109375,-67,-0.11541748046875
58.0556,-84,-0.73828125,-66,0.27197265625,-63,0.69287109375,-60,0.998046875
58.0707,-84,-0.73828125,-62,0.80517578125,-57,1.2578125,-60,0.998046875
58.0773,-80,0.470947265625,-62,0.80517578125,-57,1.2578125,-58,0.67138671875
58.0863,-80,0.470947265625,-63,0.60986328125,-52,1.4296875,-58,0.67138671875
58.0949,-42,3.728515625,-63,0.60986328125,-52,1.4296875,-66,-0.230712890625
58.1060,-42,3.728515625,-64,0.57763671875,-66,0.033905029296875,-66,-0.230712890625
58.1144,-17,4.921875,-64,0.57763671875,-66,0.033905029296875,-63,0.68994140625
58.1282,-17,4.921875,-67,0.1883544921875,-66,0.55908203125,-63,0.68994140625
58.1420,-74,-1.408203125,-67,0.1883544921875,-66,0.55908203125,-60,0.72802734375
58.1484,-74,-1.408203125,-66,0.41845703125,-66,0.372314453125,-60,0.72802734375
58.1602,-79,0.3779296875,-66,0.41845703125,-66,0.372314453125,-60,0.72802734375
58.1660,-79,0.3779296875,-60,1.29296875,-67,0.369384765625,-62,0.474365234375
58.1798,-77,0.5302734375,-60,1.29296875,-67,0.369384765625,-62,0.474365234375
58.1855,-77,0.5302734375,-59,0.79443359375,-4,6.4921875,-67,-0.058563232421875
58.1994,-25,5.24609375,-59,0.79443359375,-4,6.4921875,-67,-0.058563232421875
58.2054,-25,5.24609375,-68,0.253662109375,-55,-1.2109375,-60,0.62890625
58.2188,-70,-1.107421875,-68,0.253662109375,-55,-1.2109375,-60,0.62890625
58.2260,-70,-1.107421875,-63,1.2021484375,-81,0.74462890625,-59,0.499267578125
58.2403,-82,-0.136474609375,-63,1.2021484375,-81,0.74462890625,-59,0.499267578125
58.2462,-82,-0.136474609375,-62,0.88720703125,-96,2.224609375,-70,-0.71142578125
58.2606,-59,3.1171875,-62,0.88720703125,-96,2.224609375,-70,-0.71142578125
58.2669,-59,3.1171875,-62,0.88720703125,-96,2.224609375,-60,0.6689453125
58.2800,-68,0.56591796875,-63,0.6220703125,-32,6.61328125,-60,0.6689453125
58.2844,-68,0.56591796875,-66,0.328125,-32,6.61328125,-60,0.487548828125
58.2970,-78,-0.119873046875,-66,0.328125,-61,-0.52392578125,-60,0.487548828125
58.3055,-78,-0.119873046875,-68,0.06927490234375,-73,0.28759765625,-67,-0.517578125
58.3153,-73,0.73681640625,-68,0.06927490234375,-73,0.28759765625,-67,-0.517578125
58.3253,-73,0.73681640625,-68,0.06927490234375,-73,0.28759765625,-61,0.943359375
58.3343,-21,7.25,-62,-1.3818359375,-71,-0.0704345703125,-61,0.943359375
58.3495,-21,7.25,-62,-1.3818359375,-71,-0.0704345703125,-59,0.54638671875
58.3538,-32,2.498046875,-62,0.7158203125,-78,0.77734375,-59,0.54638671875
58.3688,-32,2.498046875,-62,0.7158203125,-78,0.77734375,-56,0.8837890625
58.3736,-76,-0.8505859375,-64,0.26171875,-4,5.984375,-56,0.8837890625
58.3845,-76,-0.8505859375,-64,0.26171875,-4,5.984375,-68,-0.200927734375
58.3956,-85,-0.2027587890625,-66,0.311767578125,-55,-0.78271484375,-68,-0.200927734375
58.4090,-85,-0.2027587890625,-66,0.311767578125,-55,-0.78271484375,-63,0.1827392578125
58.4132,-82,0.155029296875,-63,0.787109375,-75,-0.480712890625,-63,0.1827392578125
58.4279,-82,0.155029296875,-63,0.787109375,-75,-0.480712890625,-57,1.1123046875
58.4357,-10,10.625,-62,0.56689453125,-86,0.378662109375,-57,1.1123046875
58.4453,-10,10.625,-62,0.56689453125,-86,0.378662109375,-60,0.33544921875
58.4531,-55,-0.60595703125,-64,0.6552734375,-71,0.353515625,-60,0.33544921875
58.4681,-55,-0.60595703125,-64,0.6552734375,-21,1.078125,-68,-0.21044921875
58.4728,-82,-0.32373046875,-67,0.2486572265625,-21,1.078125,-68,-0.21044921875
58.4878,-82,-0.32373046875,-67,0.2486572265625,-21,1.078125,-57,1.154296875
58.4927,-85,-0.399658203125,-66,0.615234375,-24,2.03125,-57,1.154296875
58.5054,-85,-0.399658203125,-66,0.615234375,-24,2.03125,-55,1.0244140625
58.5147,-81,0.26123046875,-65,0.57568359375,-85,2.345703125,-55,1.0244140625
58.5284,-81,0.26123046875,-65,0.57568359375,-85,2.345703125,-66,0.0614013671875
58.5397,-81,0.26123046875,-59,1.0576171875,-90,1.6123046875,-66,0.0614013671875
58.5498,-6,7.34375,-59,1.0576171875,-90,1.6123046875,-63,0.609375
58.5600,-6,7.34375,-63,0.6357421875,-80,0.1666259765625,-63,0.609375
58.5653,-59,-0.7890625,-63,0.6357421875,-80,0.1666259765625,-61,0.421142578125
58.5804,-59,-0.7890625,-71,-0.060516357421875,-33,2.80078125,-61,0.421142578125
58.5848,-87,-0.86865234375,-71,-0.060516357421875,-33,2.80078125,-64,0.2451171875
58.5986,-87,-0.86865234375,-65,0.5458984375,-68,-1.095703125,-64,0.2451171875
58.6047,-86,-0.30126953125,-65,0.5458984375,-68,-1.095703125,-66,-0.06298828125
58.6180,-86,-0.30126953125,-61,0.9365234375,-74,0.3662109375,-66,-0.06298828125
58.6240,-69,2.037109375,-61,0.9365234375,-74,0.3662109375,-58,0.75341796875
58.6401,-69,2.037109375,-64,0.41064453125,-97,0.30517578125,-58,0.75341796875
58.6474,-71,0.6572265625,-64,0.41064453125,-97,0.30517578125,-58,0.75341796875
58.6530,-71,0.6572265625,-64,0.397216796875,-42,3.87109375,-63,0.0159912109375
58.6642,-73,0.6875,-64,0.397216796875,-42,3.87109375,-67,0.028564453125
58.6751,-73,0.6875,-62,0.94384765625,-62,0.084228515625,-67,0.028564453125
58.6877,-67,1.34375,-62,0.94384765625,-62,0.084228515625,-64,0.417724609375
58.6952,-67,1.34375,-64,0.28515625,-72,0.29736328125,-64,0.417724609375
58.7082,-63,1.599609375,-64,0.28515625,-72,0.29736328125,-64,0.417724609375
58.7143,-63,1.599609375,-64,0.28515625,-70,0.04791259765625,-59,0.9765625
58.7238,-24,6.08203125,-62,1.01953125,-70,0.04791259765625,-58,0.8203125
58.7357,-24,6.08203125,-61,0.720703125,-76,0.10845947265625,-58,0.8203125
58.7455,-41,1.677734375,-61,0.720703125,-76,0.10845947265625,-58,0.8203125
58.7538,-41,1.677734375,-63,0.6318359375,-65,0.509765625,-64,0.058380126953125
58.7693,-75,-0.07794189453125,-63,0.6318359375,-65,0.509765625,-64,0.058380126953125
58.7737,-75,-0.07794189453125,-63,0.6318359375,-6,10.828125,-65,0.2314453125
58.7863,-77,0.7529296875,-67,-0.2568359375,-6,10.828125,-65,0.2314453125
58.7933,-77,0.7529296875,-67,-0.2568359375,-29,1.7333984375,-63,0.39892578125
58.8079,-74,0.88671875,-62,0.53857421875,-29,1.7333984375,-63,0.3330078125
58.8203,-74,0.88671875,-62,0.53857421875,-97,3.701171875,-63,0.3330078125
58.8311,-69,1.025390625,-59,0.89404296875,-97,3.701171875,-64,0.2186279296875
58.8417,-69,1.025390625,-59,0.89404296875,-86,0.340087890625,-64,0.2186279296875
58.8503,-11,6.234375,-65,0.1263427734375,-86,0.340087890625,-64,0.2186279296875
58.8547,-11,6.234375,-65,0.1263427734375,-73,0.56396484375,-61,0.63916015625
58.8658,-51,-0.349853515625,-63,0.50048828125,-73,0.56396484375,-61,0.63916015625
58.8745,-51,-0.349853515625,-63,0.50048828125,-69,0.474609375,-63,0.06280517578125
58.8854,-81,-0.37060546875,-64,0.52587890625,-69,0.474609375,-63,0.06280517578125
58.9005,-81,-0.37060546875,-64,0.52587890625,-62,0.78125,-64,0.1529541015625
58.9084,-81,-0.1527099609375,-64,0.3564453125,-62,0.78125,-64,0.1529541015625
58.9200,-81,-0.1527099609375,-64,0.3564453125,-62,0.78125,-65,0.2169189453125
58.9245,-77,0.451416015625,-63,0.78857421875,-58,1.08203125,-65,0.2169189453125
58.9365,-77,0.451416015625,-63,0.78857421875,-52,1.5947265625,-64,0.3916015625
58.9452,-26,5.52734375,-61,0.82177734375,-52,1.5947265625,-64,0.3916015625
58.9595,-26,5.52734375,-61,0.82177734375,-59,0.7158203125,-64,0.332275390625
58.9665,-71,-0.97119140625,-60,0.8623046875,-59,0.7158203125,-64,0.332275390625
58.9797,-71,-0.97119140625,-60,0.8623046875,-59,0.7158203125,-63,0.34716796875
58.9885,-73,1.1259765625,-65,-0.411376953125,-67,0.154541015625,-63,0.34716796875
58.9944,-73,1.1259765625,-65,-0.411376953125,-66,0.5419921875,-60,0.6201171875
59.0076,-73,1.1259765625,-60,1.0048828125,-66,0.5419921875,-60,0.6201171875
59.0192,-69,1.1943359375,-60,1.0048828125,-68,0.173095703125,-63,0.2486572265625
59.0246,-16,5.2578125,-59,0.8154296875,-68,0.173095703125,-63,0.2486572265625
59.0368,-16,5.2578125,-59,0.8154296875,-68,0.173095703125,-63,0.2144775390625
59.0460,-16,5.2578125,-64,0.332275390625,-65,0.544921875,-63,0.2144775390625
59.0577,-74,-1.9189453125,-64,0.332275390625,-64,0.6201171875,-66,0.1888427734375
59.0653,-74,-1.9189453125,-63,0.73095703125,-64,0.6201171875,-66,0.1888427734375
59.0738,-82,-0.34423828125,-63,0.73095703125,-64,0.6201171875,-65,0.361572265625
59.0868,-82,-0.34423828125,-63,0.73095703125,-55,1.6787109375,-65,0.361572265625
59.0948,-76,0.79638671875,-58,1.4228515625,-55,1.6787109375,-61,0.373779296875
59.1055,-76,0.79638671875,-59,0.85791015625,-53,1.34375,-61,0.373779296875
59.1144,-34,3.1484375,-59,0.85791015625,-53,1.34375,-61,0.40234375
59.1253,-34,3.1484375,-64,0.37890625,-68,0.20556640625,-61,0.40234375
59.1337,-77,-0.8310546875,-64,0.37890625,-68,0.20556640625,-65,-0.088623046875
59.1456,-77,-0.8310546875,-63,0.92236328125,-66,0.3818359375,-65,-0.088623046875
59.1532,-81,-0.0963134765625,-63,0.92236328125,-66,0.3818359375,-63,0.64111328125
59.1668,-81,-0.0963134765625,-63,0.92236328125,-67,0.2279052734375,-63,0.64111328125
59.1735,-73,0.75048828125,-62,0.73583984375,-67,0.2279052734375,-63,0.54345703125
59.1841,-73,0.75048828125,-62,0.546875,-65,0.533203125,-63,0.54345703125
59.1988,-12,9.2890625,-62,0.546875,-65,0.533203125,-64,0.1842041015625
59.2041,-12,9.2890625,-61,1.0673828125,-60,1.0263671875,-64,0.1842041015625
59.2196,-55,-0.36572265625,-61,1.0673828125,-60,1.0263671875,-64,0.051483154296875
59.2283,-55,-0.36572265625,-62,0.60888671875,-56,1.265625,-64,0.051483154296875
59.2359,-86,-0.86279296875,-62,0.60888671875,-56,1.265625,-64,0.051483154296875
59.2451,-86,-0.86279296875,-66,0.576171875,-60,0.477783203125,-63,0.3388671875
59.2586,-81,0.57568359375,-66,0.576171875,-60,0.477783203125,-63,0.3388671875
59.2648,-81,0.57568359375,-62,1.1162109375,-68,0.0209808349609375,-60,0.58203125
59.2783,-38,4.12109375,-62,1.1162109375,-68,0.0209808349609375,-60,0.58203125
59.2870,-38,4.12109375,-61,0.66015625,-67,0.279296875,-63,0.2298583984375
59.2998,-70,-0.52685546875,-61,0.66015625,-67,0.279296875,-63,0.2298583984375
59.3086,-70,-0.52685546875,-61,0.66015625,-62,0.66015625,-64,0.39111328125
59.3208,-70,0.869140625,-63,0.52099609375,-62,0.66015625,-64,0.39111328125
59.3282,-70,0.869140625,-63,0.52099609375,-64,0.462646484375,-63,0.390380859375
59.3429,-62,2.04296875,-63,0.2763671875,-64,0.462646484375,-63,0.390380859375
59.3465,-62,2.04296875,-63,0.2763671875,-61,0.9248046875,-65,0.31494140625
59.3601,-59,1.8505859375,-62,0.640625,-61,0.9248046875,-65,0.31494140625
59.3659,-59,1.8505859375,-62,0.640625,-59,0.92138671875,-64,0.300537109375
59.3815,-53,2.259765625,-62,0.7021484375,-59,0.92138671875,-64,0.300537109375
59.3893,-53,2.259765625,-62,0.7021484375,-64,0.54931640625,-61,0.640625
59.4005,-57,1.625,-67,0.0157623291015625,-64,0.54931640625,-61,0.640625
59.4050,-57,1.625,-67,0.0157623291015625,-64,0.6474609375,-61,0.51513671875
59.4203,-65,0.9052734375,-62,0.71826171875,-64,0.6474609375,-61,0.51513671875
59.4244,-65,0.9052734375,-62,0.71826171875,-63,0.576171875,-64,0.09844970703125
59.4331,-71,0.6923828125,-60,0.87841796875,-63,0.576171875,-64,0.09844970703125
59.4444,-71,0.6923828125,-60,0.87841796875,-59,0.908203125,-62,0.38037109375
59.4527,-3,9.5859375,-63,0.432373046875,-59,0.908203125,-62,0.38037109375
59.4643,-3,9.5859375,-63,0.432373046875,-65,0.1790771484375,-64,0.268798828125
59.4722,-35,1.8466796875,-65,0.405517578125,-65,0.1790771484375,-64,0.268798828125
59.4835,-35,1.8466796875,-65,0.405517578125,-64,0.55126953125,-64,0.294921875
59.4922,-77,-0.29443359375,-62,0.876953125,-64,0.55126953125,-64,0.294921875
59.5093,-77,-0.29443359375,-63,0.77099609375,-62,0.6943359375,-62,0.59814453125
59.5137,-81,0.33642578125,-63,0.77099609375,-62,0.6943359375,-62,0.59814453125
59.5246,-81,0.33642578125,-63,0.77099609375,-62,0.6943359375,-62,0.440673828125
59.5355,-73,0.9833984375,-62,0.494384765625,-66,0.2178955078125,-62,0.440673828125
59.5493,-73,0.9833984375,-62,0.494384765625,-66,0.2178955078125,-62,0.396728515625
59.5536,-46,4.078125,-60,0.80078125,-61,1.1259765625,-62,0.396728515625
59.5651,-46,4.078125,-60,0.80078125,-58,0.96337890625,-64,0.329345703125
59.5735,-10,6.42578125,-62,0.67919921875,-58,0.96337890625,-64,0.329345703125
59.5844,-10,6.42578125,-62,0.67919921875,-58,0.96337890625,-66,0.021942138671875
59.5981,-10,6.42578125,-66,0.1097412109375,-62,0.6318359375,-66,0.021942138671875
59.6039,-59,-0.7548828125,-66,0.1097412109375,-62,0.6318359375,-63,0.66015625
59.6123,-83,-0.66064453125,-66,0.50439453125,-64,0.62060546875,-63,0.66015625
59.6276,-83,-0.66064453125,-66,0.50439453125,-64,0.62060546875,-62,0.4599609375
59.6333,-81,0.045501708984375,-58,1.1552734375,-61,0.7490234375,-62,0.4599609375
59.6453,-81,0.045501708984375,-58,1.1552734375,-61,0.7490234375,-60,0.6689453125
59.6537,-37,4.55859375,-61,0.765625,-60,0.75927734375,-60,0.6689453125
59.6651,-37,4.55859375,-61,0.765625,-60,0.75927734375,-61,0.43017578125
59.6740,-37,4.55859375,-66,-0.677734375,-68,0.0256195068359375,-61,0.43017578125
59.6858,-65,0.327392578125,-66,-0.677734375,-68,0.0256195068359375,-66,0.125732421875
59.6935,-65,0.327392578125,-64,0.64453125,-66,0.375,-66,0.125732421875
59.7078,-78,-0.10211181640625,-64,0.64453125,-66,0.375,-66,0.125732421875
59.7142,-78,-0.10211181640625,-60,1.251953125,-57,1.4169921875,-63,0.32958984375
59.7291,-77,0.779296875,-60,1.251953125,-57,1.4169921875,-63,0.32958984375
59.7383,-77,0.779296875,-60,1.251953125,-58,0.94580078125,-63,0.259033203125
59.7445,-44,2.9296875,-58,0.9501953125,-58,0.94580078125,-63,0.4501953125
59.7530,-44,2.9296875,-63,0.5419921875,-66,0.1800537109375,-63,0.4501953125
59.7681,-73,-0.153076171875,-63,0.5419921875,-66,0.1800537109375,-61,0.6396484375
59.7725,-73,-0.153076171875,-64,0.5,-64,0.70556640625,-61,0.6396484375
59.7876,-76,0.59228515625,-64,0.5,-64,0.70556640625,-61,0.6396484375
59.7922,-76,0.59228515625,-64,0.5,-67,0.171630859375,-64,0.1583251953125
59.8075,-79,0.54638671875,-61,0.830078125,-67,0.171630859375,-64,0.1583251953125
59.8203,-79,0.54638671875,-61,0.830078125,-63,0.78515625,-64,0.227294921875
59.8293,-72,1.2255859375,-63,0.72021484375,-63,0.78515625,-64,0.227294921875
59.8415,-72,1.2255859375,-63,0.72021484375,-55,1.3076171875,-62,0.53662109375
59.8503,-17,4.35546875,-64,0.52587890625,-55,1.3076171875,-62,0.53662109375
59.8545,-17,4.35546875,-64,0.52587890625,-57,0.69775390625,-61,0.403076171875
59.8697,-74,-0.8427734375,-63,0.7626953125,-57,0.69775390625,-61,0.403076171875
59.8744,-74,-0.8427734375,-63,0.7626953125,-68,-0.1640625,-65,0.229248046875
59.8892,-105,1.7734375,-65,-0.2481689453125,-68,-0.1640625,-65,0.229248046875
59.8939,-105,1.7734375,-65,-0.2481689453125,-63,0.72021484375,-63,0.38427734375
59.9112,-91,-0.159423828125,-62,0.77880859375,-63,0.72021484375,-63,0.38427734375
59.9214,-91,-0.159423828125,-62,0.77880859375,-61,0.72119140625,-62,0.343505859375
59.9281,0,11.140625,-61,0.77294921875,-61,0.72119140625,-62,0.343505859375
59.9339,0,11.140625,-61,0.77294921875,-68,-0.08404541015625,-61,0.468994140625
59.9450,-51,-0.401123046875,-62,0.92578125,-68,-0.08404541015625,-61,0.468994140625
59.9544,-51,-0.401123046875,-62,0.92578125,-62,0.95849609375,-66,-0.240234375
59.9682,-90,-1.7724609375,-66,0.2744140625,-62,0.95849609375,-66,-0.240234375
59.9800,-90,-1.7724609375,-66,0.2744140625,-59,0.87109375,-61,0.62939453125
59.9906,-95,-0.416015625,-64,0.732421875,-59,0.87109375,-61,0.62939453125
60.0006,-95,-0.416015625,-64,0.732421875,-59,0.87109375,-64,0.166259765625
60.0061,-81,0.8203125,-58,1.205078125,-55,1.15625,-64,0.166259765625
60.0199,-81,0.8203125,-58,1.205078125,-55,1.15625,-61,0.830078125
60.0259,-38,3.662109375,-64,0.259033203125,-64,0.069091796875,-61,0.830078125
60.0345,-38,3.662109375,-64,0.259033203125,-64,0.069091796875,-60,0.6484375
60.0482,-72,-0.8369140625,-70,-0.06396484375,-67,0.2386474609375,-60,0.6484375
60.0541,-72,-0.8369140625,-70,-0.06396484375,-67,0.2386474609375,-64,0.310302734375
60.0677,-72,-0.8369140625,-66,0.355712890625,-65,0.386962890625,-64,0.310302734375
60.0815,-82,0.1800537109375,-66,0.355712890625,-65,0.386962890625,-65,0.351318359375
60.0853,-77,0.8310546875,-61,0.96337890625,-66,0.3798828125,-65,0.351318359375
60.0946,-77,0.8310546875,-61,0.96337890625,-66,0.3798828125,-58,0.888671875
60.1042,-13,5.421875,-62,0.43603515625,-3,8.8203125,-58,0.888671875
60.1132,-13,5.421875,-62,0.43603515625,-3,8.8203125,-62,0.2139892578125
60.1269,-77,-1.3232421875,-65,0.359130859375,-54,-0.9609375,-62,0.2139892578125
60.1331,-77,-1.3232421875,-65,0.359130859375,-54,-0.9609375,-71,-0.53662109375
60.1470,-77,-1.3232421875,-65,0.6787109375,-81,1.0673828125,-71,-0.53662109375
60.1594,-89,-0.921875,-65,0.6787109375,-81,1.0673828125,-47,2.029296875
60.1679,-89,-0.921875,-61,0.9423828125,-99,1.9892578125,-47,2.029296875
60.1724,-78,0.69091796875,-61,0.9423828125,-99,1.9892578125,-58,0.30224609375
60.1835,-78,0.69091796875,-60,0.77734375,-35,4.46484375,-58,0.30224609375
60.1932,-70,1.3740234375,-60,0.77734375,-35,4.46484375,-70,-0.2578125
60.2042,-70,1.3740234375,-62,0.58642578125,-66,-0.640625,-70,-0.2578125
60.2165,-72,0.74853515625,-62,0.58642578125,-66,-0.640625,-70,-0.2578125
60.2248,-72,0.74853515625,-66,0.424560546875,-75,0.41796875,-69,-0.2066650390625
60.2384,-68,2.0390625,-66,0.424560546875,-75,0.41796875,-69,-0.2066650390625
60.2454,-68,2.0390625,-66,0.424560546875,-71,0.494384765625,-47,2.15625
60.2562,-63,1.7001953125,-66,0.6005859375,-71,0.494384765625,-66,-0.130859375
60.2665,-63,1.7001953125,-62,0.496337890625,-1,13.453125,-66,-0.130859375
60.2814,-27,6.3203125,-62,0.496337890625,-1,13.453125,-69,0.26806640625
60.2862,-27,6.3203125,-62,0.496337890625,-54,-0.7685546875,-69,0.26806640625
60.3023,-59,0.415283203125,-66,0.6025390625,-54,-0.7685546875,-77,-0.83544921875
60.3068,-59,0.415283203125,-66,0.6025390625,-103,1.4033203125,-77,-0.83544921875
60.3220,-75,0.180419921875,-69,0.260009765625,-103,1.4033203125,-77,-0.83544921875
60.3305,-75,0.180419921875,-69,0.260009765625,-89,0.8134765625,-36,4.6484375
60.3431,-76,0.71728515625,-64,0.7041015625,-89,0.8134765625,-36,4.6484375
60.3501,-76,0.71728515625,-64,0.7041015625,-79,-0.1513671875,-39,1.6669921875
60.3628,-14,5.765625,-64,0.5966796875,-79,-0.1513671875,-39,1.6669921875
60.3671,-14,5.765625,-64,0.5966796875,-74,-0.0306854248046875,-77,-1.3310546875
60.3810,-74,-0.90673828125,-70,-0.21484375,-74,-0.0306854248046875,-77,-1.3310546875
60.3866,-74,-0.90673828125,-70,-0.21484375,-9,9.1640625,-80,-0.8232421875
60.3955,-89,-0.3173828125,-67,0.564453125,-9,9.1640625,-80,-0.8232421875
60.4103,-89,-0.3173828125,-67,0.564453125,-38,0.97021484375,-76,-0.270751953125
60.4150,-89,-0.1612548828125,-64,0.50341796875,-38,0.97021484375,-76,-0.270751953125
60.4281,-89,-0.1612548828125,-64,0.50341796875,-75,1.1669921875,-34,5.09375
60.4343,-45,5.4765625,-62,0.8310546875,-75,1.1669921875,-34,5.09375
60.4457,-45,5.4765625,-62,0.8310546875,-95,1.6015625,-48,0.84228515625
60.4538,-24,4.73828125,-66,0.64697265625,-95,1.6015625,-48,0.84228515625
60.4656,-24,4.73828125,-66,0.64697265625,-69,0.396240234375,-81,-1.5576171875
60.4734,-79,-1.7568359375,-66,0.552734375,-69,0.396240234375,-81,-1.5576171875
60.4875,-79,-1.7568359375,-66,0.552734375,-74,-0.12066650390625,-77,-0.431640625
60.4975,-85,-0.2183837890625,-66,0.8515625,-74,-0.12066650390625,-77,-0.431640625
60.5102,-85,-0.2183837890625,-66,0.8515625,-74,-0.12066650390625,-70,0.279541015625
60.5227,-82,0.7724609375,-68,0.708984375,-74,0.433349609375,-70,0.279541015625
60.5285,-82,0.7724609375,-68,0.708984375,-74,0.433349609375,-65,1.1083984375
60.5366,-71,1.68359375,-69,0.70166015625,-72,0.6767578125,-65,1.1083984375
60.5509,-71,1.68359375,-69,0.70166015625,-71,0.43701171875,-63,1.2099609375
60.5563,-65,2.03125,-72,0.30224609375,-71,0.43701171875,-63,1.2099609375
60.5707,-65,2.03125,-72,0.30224609375,-71,0.43701171875,-70,0.11883544921875
60.5768,-65,2.03125,-75,-0.52685546875,-72,0.1597900390625,-70,0.11883544921875
60.5878,-66,1.9677734375,-75,-0.52685546875,-66,0.99755859375,-73,0.31591796875
60.6033,-66,1.9677734375,-66,0.78125,-66,0.99755859375,-73,0.31591796875
60.6090,-74,0.277099609375,-66,0.78125,-66,0.99755859375,-68,0.1719970703125
60.6174,0,14.453125,-64,1.2626953125,-62,1.546875,-68,0.1719970703125
60.6287,0,14.453125,-64,1.2626953125,-62,1.546875,-64,1.080078125
60.6369,0,14.453125,-70,0.52587890625,-66,1.078125,-64,1.080078125
60.6493,-46,0.60546875,-70,0.52587890625,-66,1.078125,-67,0.35205078125
60.6575,-46,0.60546875,-75,0.30615234375,-75,0.323486328125,-67,0.35205078125
60.6686,-88,-0.70361328125,-75,0.30615234375,-75,0.323486328125,-74,0.13525390625
60.6770,-88,-0.70361328125,-70,0.712890625,-74,0.20361328125,-74,0.13525390625
60.6881,-92,-0.162109375,-70,0.712890625,-74,0.20361328125,-74,0.210693359375
60.7040,-90,0.3095703125,-73,0.32958984375,-77,0.50048828125,-74,0.210693359375
60.7095,-90,0.3095703125,-73,0.32958984375,-77,0.50048828125,-71,0.65234375
60.7171,-90,0.3095703125,-69,0.591796875,-72,0.88623046875,-71,0.65234375
60.7331,-26,6.3671875,-69,0.591796875,-69,0.65283203125,-74,0.125732421875
60.7388,-26,6.3671875,-72,0.79736328125,-69,0.65283203125,-74,0.125732421875
60.7540,-79,-0.89794921875,-72,0.79736328125,-73,0.417724609375,-70,0.7646484375
60.7652,-79,-0.89794921875,-76,-0.56689453125,-73,0.417724609375,-70,0.7646484375
60.7704,-94,-0.82080078125,-76,-0.56689453125,-73,0.417724609375,-70,0.7646484375
60.7841,-94,-0.82080078125,-76,-0.56689453125,-70,1.1240234375,-70,0.84423828125
60.7930,-94,-0.076904296875,-71,0.85986328125,-69,0.8037109375,-71,0.59228515625
60.7992,-94,-0.076904296875,-67,1.1435546875,-69,0.8037109375,-71,0.59228515625
60.8153,-18,7.48828125,-67,1.1435546875,-69,0.8037109375,-71,0.59228515625
60.8246,-18,7.48828125,-74,-0.2841796875,-76,-0.0841064453125,-75,-0.2841796875
60.8345,-60,0.23974609375,-74,-0.2841796875,-76,-0.0841064453125,-75,-0.2841796875
60.8497,-60,0.23974609375,-73,0.77978515625,-75,0.357177734375,-74,0.205810546875
60.8570,-90,-0.2423095703125,-73,0.77978515625,-75,0.357177734375,-74,0.205810546875
60.8696,-90,-0.2423095703125,-73,0.77978515625,-69,0.56005859375,-71,0.34521484375
60.8782,-91,0.25390625,-70,0.70068359375,-69,0.56005859375,-71,0.34521484375
60.8934,-49,3.4453125,-71,0.57080078125,-70,0.62353515625,-68,0.63134765625
60.9027,-49,3.4453125,-71,0.57080078125,-68,0.88818359375,-71,0.19677734375
60.9145,-46,2.4609375,-68,0.84912109375,-68,0.88818359375,-71,0.19677734375
60.9228,-46,2.4609375,-68,0.84912109375,-70,0.48486328125,-70,0.35791015625
60.9372,-87,-0.970703125,-68,0.8076171875,-70,0.48486328125,-70,0.35791015625
60.9428,-87,-0.970703125,-68,0.8076171875,-76,0.0290985107421875,-72,0.2237548828125
60.9526,-86,0.54296875,-72,-0.638671875,-76,0.0290985107421875,-72,0.2237548828125
60.9620,-86,0.54296875,-72,-0.638671875,-71,0.6123046875,-71,0.3515625
60.9682,-79,1.4501953125,-67,0.77734375,-71,0.6123046875,-71,0.3515625
60.9830,-79,1.4501953125,-67,0.77734375,-66,0.953125,-69,0.54248046875
60.9873,-73,1.462890625,-68,0.7880859375,-66,0.953125,-69,0.54248046875
60.9958,-73,1.462890625,-68,0.7880859375,-71,0.30224609375,-69,0.39501953125
61.0109,-66,1.998046875,-73,0.433837890625,-71,0.30224609375,-69,0.39501953125
61.0179,-66,1.998046875,-73,0.433837890625,-71,0.60791015625,-72,0.195556640625
61.0276,-72,0.9404296875,-70,0.445556640625,-71,0.60791015625,-72,0.195556640625
61.0423,-72,0.9404296875,-70,0.445556640625,-70,0.56982421875,-70,0.468994140625
61.0485,-74,2.099609375,-66,1.5849609375,-70,0.56982421875,-70,0.468994140625
61.0567,-74,2.099609375,-66,1.5849609375,-76,0.60009765625,-73,0.5087890625
61.0683,-73,1.80859375,-74,0.303466796875,-76,0.60009765625,-73,0.5087890625
61.0763,-73,1.80859375,-74,0.303466796875,-71,0.91748046875,-77,-0.1605224609375
61.0874,-75,1.3564453125,-77,0.759765625,-71,0.91748046875,-77,-0.1605224609375
61.0959,-75,1.3564453125,-77,0.759765625,-75,0.64208984375,-76,0.477294921875
61.1071,-83,0.38818359375,-79,0.37548828125,-75,0.64208984375,-76,0.477294921875
61.1167,-83,0.38818359375,-79,0.37548828125,-76,0.8212890625,-77,0.4521484375
61.1266,-86,0.7724609375,-75,0.97998046875,-76,0.8212890625,-77,0.4521484375
61.1354,-86,0.7724609375,-75,0.97998046875,-74,0.67626953125,-76,0.60498046875
61.1466,-83,1.01953125,-72,1.0458984375,-74,0.67626953125,-76,0.60498046875
61.1547,-83,1.01953125,-72,1.0458984375,-80,0.0261993408203125,-75,0.370849609375
61.1660,-78,1.40625,-75,0.7861328125,-80,0.0261993408203125,-75,0.370849609375
61.1835,-78,1.40625,-75,0.7861328125,-75,0.85986328125,-77,0.284423828125
61.1892,-79,1.072265625,-74,0.6240234375,-75,0.85986328125,-77,0.284423828125
61.2003,-79,1.072265625,-74,0.6240234375,-72,0.87353515625,-77,0.322021484375
61.2106,-84,0.53076171875,-74,0.654296875,-72,0.87353515625,-77,0.322021484375
61.2143,-84,0.53076171875,-74,0.654296875,-72,0.87353515625,-74,0.50146484375
61.2248,-80,1.162109375,-77,0.334228515625,-76,0.37109375,-74,0.50146484375
61.2406,-80,1.162109375,-77,0.334228515625,-73,0.89892578125,-77,0.216064453125
61.2454,-72,2.109375,-74,0.75439453125,-73,0.89892578125,-77,0.216064453125
61.2608,-72,2.109375,-74,0.75439453125,-73,0.68701171875,-75,0.4345703125
61.2696,-76,1.1767578125,-72,0.83740234375,-73,0.68701171875,-75,0.4345703125
61.2806,-76,1.1767578125,-72,0.83740234375,-79,0.133056640625,-76,0.410400390625
61.2900,-81,0.86376953125,-77,0.29736328125,-79,0.133056640625,-76,0.410400390625
61.3004,-81,0.86376953125,-77,0.29736328125,-76,0.515625,-76,0.410400390625
61.3056,-85,0.5400390625,-74,0.6220703125,-76,0.515625,-75,0.53125
61.3208,-85,0.5400390625,-74,0.6220703125,-72,0.81494140625,-75,0.474609375
61.3303,-82,1.53515625,-74,0.720703125,-72,0.81494140625,-75,0.474609375
61.3429,-82,1.53515625,-74,0.720703125,-77,0.407470703125,-75,0.474609375
61.3516,-82,1.53515625,-74,0.720703125,-77,0.407470703125,-75,0.333984375
61.3609,-77,1.5419921875,-77,0.595703125,-77,0.407470703125,-75,0.333984375
61.3671,-77,1.5419921875,-76,0.759765625,-74,0.7646484375,-76,0.1607666015625
61.3822,-76,1.38671875,-76,0.759765625,-78,0.4091796875,-76,0.1607666015625
61.3905,-78,1.234375,-73,0.82568359375,-78,0.4091796875,-77,0.2060546875
61.4016,-78,1.234375,-73,0.82568359375,-75,0.95068359375,-77,0.2060546875
61.4101,-78,1.234375,-75,1.1650390625,-75,0.95068359375,-75,0.55712890625
61.4198,-82,0.85888671875,-75,1.1650390625,-75,0.95068359375,-75,0.55712890625
61.4298,-82,0.85888671875,-75,1.1650390625,-71,0.9794921875,-76,0.1640625
61.4393,-81,0.97900390625,-74,0.919921875,-71,0.9794921875,-76,0.1640625
61.4454,-81,0.97900390625,-74,0.919921875,-74,0.68603515625,-75,0.397705078125
61.4604,-76,1.5908203125,-76,0.50537109375,-74,0.68603515625,-75,0.397705078125
61.4680,-76,1.5908203125,-76,0.50537109375,-74,0.869140625,-76,0.30029296875
61.4801,-77,1.2470703125,-77,0.381591796875,-74,0.869140625,-76,0.30029296875
61.4870,-77,1.2470703125,-77,0.381591796875,-73,0.6630859375,-74,0.36767578125
61.4997,-80,1.42578125,-74,0.8662109375,-73,0.6630859375,-74,0.36767578125
61.5039,-80,1.42578125,-74,0.8662109375,-80,0.049591064453125,-76,0.31103515625
61.5198,-81,0.8544921875,-76,0.65625,-80,0.049591064453125,-76,0.31103515625
61.5247,-81,0.8544921875,-76,0.65625,-75,0.76171875,-74,0.5732421875
61.5380,-85,0.6279296875,-76,0.380859375,-75,0.76171875,-74,0.5732421875
61.5469,-85,0.6279296875,-76,0.380859375,-72,0.84423828125,-76,0.23095703125
61.5604,-79,1.326171875,-75,0.64697265625,-72,0.84423828125,-76,0.23095703125
61.5670,-79,1.326171875,-75,0.64697265625,-77,0.325927734375,-76,0.204345703125
61.5801,-73,1.7021484375,-75,0.248046875,-77,0.325927734375,-76,0.204345703125
61.5865,-73,1.7021484375,-75,0.248046875,-74,0.818359375,-74,0.5380859375
61.5946,-74,1.59765625,-77,0.54736328125,-74,0.818359375,-74,0.5380859375
61.6080,-74,1.59765625,-77,0.54736328125,-73,0.5947265625,-77,0.1531982421875
61.6160,-68,2.10546875,-75,0.64404296875,-73,0.5947265625,-77,0.1531982421875
61.6252,-68,2.10546875,-75,0.64404296875,-78,0.353271484375,-77,0.1531982421875
61.6411,-75,1.0927734375,-73,0.7119140625,-78,0.353271484375,-76,0.1378173828125
61.6497,-75,1.0927734375,-73,0.7119140625,-74,0.74072265625,-76,0.1378173828125
61.6542,-81,1.046875,-76,0.4306640625,-74,0.74072265625,-75,0.44091796875
61.6654,-81,1.046875,-76,0.4306640625,-72,0.81982421875,-74,0.55712890625
61.6738,-75,1.5458984375,-75,0.72607421875,-72,0.81982421875,-74,0.55712890625
61.6850,-75,1.5458984375,-75,0.72607421875,-75,0.74462890625,-74,0.55712890625
61.6934,-74,1.62890625,-76,0.318359375,-75,0.74462890625,-76,0.0989990234375
61.7044,-74,1.62890625,-76,0.318359375,-72,0.86572265625,-76,0.0989990234375
61.7139,-71,1.7314453125,-75,0.75927734375,-72,0.86572265625,-74,0.57470703125
61.7275,-71,1.7314453125,-75,0.75927734375,-80,0.0374755859375,-78,0.19287109375
61.7336,-67,1.9482421875,-74,0.9775390625,-80,0.0374755859375,-78,0.19287109375
61.7445,-67,1.9482421875,-74,0.9775390625,-75,0.7177734375,-78,0.19287109375
61.7530,-65,2.11328125,-74,0.34326171875,-75,0.7177734375,-73,0.36669921875
61.7653,-65,2.11328125,-74,0.34326171875,-72,0.9052734375,-73,0.36669921875
61.7725,-65,2.11328125,-77,0.372314453125,-72,0.9052734375,-75,0.346435546875
61.7842,-76,0.86328125,-77,0.372314453125,-76,0.41162109375,-75,0.346435546875
61.7921,-76,0.86328125,-75,0.9111328125,-76,0.41162109375,-74,0.802734375
61.8074,-73,1.5908203125,-75,0.9111328125,-73,0.92578125,-73,0.7666015625
61.8130,-73,1.5908203125,-77,0.412109375,-73,0.92578125,-73,0.7666015625
61.8301,-64,2.357421875,-77,0.412109375,-73,0.66015625,-80,-0.39013671875
61.8408,-71,1.58203125,-76,0.480224609375,-73,0.66015625,-80,-0.39013671875
61.8480,-71,1.58203125,-76,0.480224609375,-80,0.1722412109375,-80,-0.39013671875
61.8616,-71,1.58203125,-76,0.480224609375,-80,0.1722412109375,-73,0.7509765625
61.8705,-73,1.46875,-73,0.61181640625,-76,0.58935546875,-73,0.7509765625
61.8765,-73,1.46875,-75,0.58935546875,-76,0.58935546875,-75,0.324462890625
61.8911,-79,0.88427734375,-75,0.58935546875,-72,0.79833984375,-75,0.324462890625
61.9012,-79,0.88427734375,-75,0.67041015625,-72,0.79833984375,-79,-0.0595703125
61.9129,-75,1.822265625,-75,0.67041015625,-72,0.79833984375,-79,-0.0595703125
61.9212,-75,1.822265625,-75,0.67041015625,-76,0.51806640625,-73,0.564453125
61.9321,-70,1.9912109375,-77,0.4052734375,-76,0.51806640625,-73,0.564453125
61.9418,-70,1.9912109375,-77,0.4052734375,-73,0.787109375,-70,0.91015625
61.9517,-70,1.6748046875,-76,0.60009765625,-73,0.787109375,-70,0.91015625
61.9612,-70,1.6748046875,-76,0.60009765625,-77,0.5791015625,-80,-0.4306640625
61.9715,-69,2.111328125,-76,0.599609375,-77,0.5791015625,-80,-0.4306640625
61.9828,-69,2.111328125,-76,0.599609375,-78,0.485595703125,-73,0.38671875
61.9869,-76,0.85546875,-77,0.358642578125,-78,0.485595703125,-73,0.38671875
62.0020,-76,0.85546875,-77,0.358642578125,-72,1.2021484375,-71,0.54736328125
62.0090,-85,0.31103515625,-79,0.5537109375,-72,1.2021484375,-71,0.54736328125
62.0164,-85,0.31103515625,-79,0.5537109375,-73,0.78515625,-76,0.461669921875
62.0272,-76,1.447265625,-75,0.234619140625,-73,0.78515625,-76,0.461669921875
62.0359,-76,1.447265625,-75,0.234619140625,-76,0.3994140625,-73,0.490234375
62.0470,-76,1.302734375,-76,0.392333984375,-76,0.3994140625,-73,0.490234375
62.0554,-76,1.302734375,-76,0.392333984375,-75,0.61865234375,-74,0.207275390625
62.0667,-73,1.6630859375,-74,0.70849609375,-75,0.61865234375,-74,0.207275390625
62.0815,-73,1.6630859375,-74,0.70849609375,-78,0.322509765625,-75,0.5185546875
62.0884,-68,2.078125,-74,0.75439453125,-78,0.322509765625,-75,0.5185546875
62.1013,-68,2.078125,-74,0.75439453125,-76,0.57666015625,-72,0.7685546875
62.1056,-74,1.4716796875,-75,0.5859375,-76,0.57666015625,-72,0.7685546875
62.1144,-74,1.4716796875,-75,0.5859375,-72,0.80908203125,-76,0.082275390625
62.1254,-80,1.40625,-77,0.71533203125,-72,0.80908203125,-76,0.082275390625
62.1400,-80,1.40625,-77,0.71533203125,-73,0.7666015625,-76,0.082275390625
62.1463,-73,2.0,-76,0.59912109375,-73,0.7666015625,-77,0.101806640625
62.1611,-73,2.0,-76,0.59912109375,-74,0.70556640625,-77,0.101806640625
62.1658,-73,2.0,-75,0.67919921875,-74,0.70556640625,-71,0.8984375
62.1795,-79,0.748046875,-75,0.67919921875,-76,0.333984375,-71,0.8984375
62.1852,-79,0.748046875,-76,0.446044921875,-76,0.333984375,-78,-0.322265625
62.1990,-49,5.515625,-76,0.446044921875,-77,0.44140625,-78,-0.322265625
62.2049,-49,5.515625,-73,0.81201171875,-77,0.44140625,-77,0.050567626953125
62.2200,-67,1.00390625,-73,0.81201171875,-74,0.68603515625,-77,0.050567626953125
62.2273,-81,1.0654296875,-76,0.32861328125,-74,0.68603515625,-71,0.81689453125
62.2403,-81,1.0654296875,-76,0.32861328125,-74,0.5810546875,-71,0.81689453125
62.2505,-70,2.373046875,-79,-0.213134765625,-74,0.5810546875,-75,0.215576171875
62.2541,-70,2.373046875,-79,-0.213134765625,-73,0.8115234375,-75,0.215576171875
62.2691,-70,2.373046875,-79,-0.213134765625,-73,0.8115234375,-75,0.484619140625
62.2788,-71,1.251953125,-74,0.724609375,-75,0.50048828125,-75,0.484619140625
62.2886,-71,1.251953125,-74,0.724609375,-75,0.50048828125,-72,0.64111328125
62.3015,-73,1.6572265625,-73,0.81201171875,-78,0.401123046875,-72,0.64111328125
62.3081,-72,1.677734375,-75,0.53466796875,-78,0.401123046875,-77,0.3056640625
62.3127,-72,1.677734375,-75,0.53466796875,-77,0.5703125,-77,0.3056640625
62.3261,-72,1.677734375,-75,0.53466796875,-77,0.5703125,-76,0.379638671875
62.3323,-81,0.7314453125,-74,0.66357421875,-74,0.7041015625,-76,0.379638671875
62.3464,-81,0.7314453125,-74,0.66357421875,-74,0.7041015625,-74,0.6396484375
62.3533,-38,4.84765625,-79,0.08758544921875,-75,0.5810546875,-74,0.6396484375
62.3670,-38,4.84765625,-79,0.08758544921875,-75,0.5810546875,-76,0.032958984375
62.3793,-77,-0.5517578125,-76,0.896484375,-75,0.724609375,-76,0.032958984375
62.3882,-77,-0.5517578125,-76,0.896484375,-75,0.724609375,-75,0.5166015625
62.3993,-86,0.441650390625,-71,1.0771484375,-75,0.724609375,-75,0.5166015625
62.4089,-86,0.441650390625,-71,1.0771484375,-74,0.5791015625,-75,0.392333984375
62.4190,-90,0.355712890625,-77,-0.14404296875,-78,0.384033203125,-75,0.392333984375
62.4289,-90,0.355712890625,-77,-0.14404296875,-78,0.384033203125,-75,0.302490234375
62.4369,-6,8.2890625,-74,0.51953125,-78,0.384033203125,-75,0.302490234375
62.4504,-6,8.2890625,-74,0.51953125,-74,0.67236328125,-77,0.31005859375
62.4546,-70,-0.7822265625,-76,0.45703125,-74,0.67236328125,-77,0.31005859375
62.4654,-70,-0.7822265625,-76,0.45703125,-76,0.64306640625,-74,0.50634765625
62.4809,-98,-0.74853515625,-80,0.194580078125,-76,0.64306640625,-74,0.50634765625
62.4858,-98,-0.74853515625,-80,0.194580078125,-74,0.96728515625,-74,0.3544921875
62.4937,-100,-0.23388671875,-80,0.194580078125,-74,0.96728515625,-74,0.3544921875
62.5048,-100,-0.23388671875,-71,0.96142578125,-72,0.74560546875,-75,0.26806640625
62.5135,-64,3.42578125,-68,1.09765625,-72,0.74560546875,-75,0.26806640625
62.5285,-64,3.42578125,-68,1.09765625,-79,0.10430908203125,-77,0.186767578125
62.5426,-77,1.00390625,-77,0.1585693359375,-79,0.10430908203125,-77,0.186767578125
62.5473,-77,1.00390625,-77,0.1585693359375,-77,0.54296875,-76,0.2442626953125
62.5557,-91,0.1749267578125,-77,0.1585693359375,-77,0.54296875,-76,0.2442626953125
62.5676,-91,0.1749267578125,-76,0.64794921875,-73,0.83056640625,-74,0.61328125
62.5752,-88,0.64794921875,-76,0.64794921875,-73,0.83056640625,-74,0.61328125
62.5895,-88,0.64794921875,-77,0.4560546875,-75,0.6640625,-75,0.174560546875
62.5960,-74,1.87109375,-76,0.8896484375,-75,0.6640625,-75,0.174560546875
62.6100,-74,1.87109375,-76,0.8896484375,-73,0.96484375,-75,0.174560546875
62.6156,-56,3.228515625,-76,0.8896484375,-73,0.96484375,-74,0.429931640625
62.6255,-56,3.228515625,-73,1.0029296875,-74,0.46533203125,-76,0.2137451171875
62.6346,-50,2.248046875,-73,1.0029296875,-74,0.46533203125,-76,0.2137451171875
62.6465,-50,2.248046875,-77,0.041015625,-79,0.11859130859375,-76,0.2137451171875
62.6538,-93,-0.66552734375,-77,0.041015625,-79,0.11859130859375,-77,-0.170654296875
62.6690,-93,-0.66552734375,-75,0.62939453125,-77,0.459716796875,-74,0.283447265625
62.6803,-99,-0.490966796875,-75,0.62939453125,-77,0.459716796875,-74,0.283447265625
62.6888,-99,-0.490966796875,-74,0.8779296875,-72,0.8388671875,-74,0.283447265625
62.6930,-92,0.410888671875,-74,0.8779296875,-72,0.8388671875,-74,0.55908203125
62.7040,-92,0.410888671875,-76,0.1861572265625,-75,0.60400390625,-74,0.55908203125
62.7163,-13,6.5625,-76,0.1861572265625,-75,0.60400390625,-76,0.2098388671875
62.7284,-13,6.5625,-74,0.6953125,-74,0.7900390625,-76,0.2098388671875
62.7397,-82,-0.8818359375,-74,0.6953125,-74,0.7900390625,-75,0.398193359375
62.7473,-82,-0.8818359375,-75,0.607421875,-79,0.13720703125,-75,0.398193359375
62.7598,-82,-0.8818359375,-75,0.607421875,-79,0.13720703125,-78,0.1663818359375
62.7644,-103,-1.09765625,-78,0.236328125,-75,0.9912109375,-78,0.1663818359375
62.7728,-97,0.59521484375,-78,0.236328125,-75,0.9912109375,-75,0.158935546875
62.7841,-97,0.59521484375,-72,0.7978515625,-71,0.9609375,-75,0.158935546875
62.7987,-90,0.6455078125,-72,0.7978515625,-71,0.9609375,-75,0.326416015625
62.8082,-90,0.6455078125,-73,0.68896484375,-76,0.479248046875,-75,0.326416015625
62.8181,-90,0.6455078125,-73,0.68896484375,-76,0.479248046875,-74,0.452392578125
62.8259,-22,4.70703125,-77,0.1148681640625,-76,0.63232421875,-74,0.452392578125
62.8404,-22,4.70703125,-77,0.1148681640625,-76,0.63232421875,-76,0.301025390625
62.8467,-87,-1.2109375,-75,0.921875,-76,0.473876953125,-76,0.301025390625
62.8566,-87,-1.2109375,-75,0.921875,-76,0.473876953125,-75,0.47412109375
62.8676,-110,-1.5859375,-75,0.5556640625,-79,0.283447265625,-75,0.47412109375
62.8828,-110,-1.5859375,-75,0.5556640625,-79,0.283447265625,-76,0.209228515625
62.8898,-100,-0.071533203125,-71,1.5146484375,-79,0.283447265625,-76,0.209228515625
62.9025,-100,-0.071533203125,-71,1.5146484375,-70,1.283203125,-76,0.432373046875
62.9067,-25,11.984375,-70,1.248046875,-70,0.69921875,-76,0.432373046875
62.9153,-25,11.984375,-70,1.248046875,-70,0.69921875,-74,0.51806640625
62.9263,-51,1.2275390625,-78,0.08258056640625,-78,0.048492431640625,-74,0.51806640625
62.9359,-51,1.2275390625,-78,0.08258056640625,-78,0.048492431640625,-78,0.245849609375
62.9472,-97,-1.349609375,-77,0.525390625,-78,0.048492431640625,-78,0.245849609375
62.9560,-97,-1.349609375,-77,0.525390625,-74,0.62353515625,-74,0.388427734375
62.9704,-101,-0.361328125,-70,1.2900390625,-74,0.62353515625,-74,0.388427734375
62.9818,-101,-0.361328125,-70,1.2900390625,-78,0.1600341796875,-75,0.363037109375
62.9892,-89,0.7177734375,-74,0.36962890625,-78,0.1600341796875,-75,0.363037109375
63.0033,-89,0.7177734375,-74,0.36962890625,-75,0.623046875,-75,0.363037109375
63.0064,-56,4.46875,-75,0.53759765625,-75,0.623046875,-75,0.548828125
63.0223,-56,4.46875,-75,0.53759765625,-67,1.2421875,-75,0.548828125
63.0274,-80,-1.2314453125,-77,0.453369140625,-67,1.2421875,-76,0.387939453125
63.0413,-80,-1.2314453125,-77,0.453369140625,-73,0.75439453125,-76,0.387939453125
63.0478,-91,0.18701171875,-78,0.359130859375,-73,0.75439453125,-75,0.355712890625
63.0610,-91,0.18701171875,-78,0.359130859375,-76,0.76416015625,-75,0.355712890625
63.0687,-1,15.65625,-78,0.359130859375,-76,0.76416015625,-75,0.405029296875
63.0810,-1,15.65625,-73,0.8720703125,-72,0.96923828125,-75,0.405029296875
63.0874,-59,-0.330322265625,-71,0.9599609375,-72,0.96923828125,-77,0.290771484375
63.1021,-59,-0.330322265625,-71,0.9599609375,-81,-0.097412109375,-77,0.290771484375
63.1064,-87,0.09942626953125,-76,0.256591796875,-81,-0.097412109375,-75,0.53271484375
63.1218,-87,0.09942626953125,-76,0.256591796875,-74,0.89404296875,-75,0.53271484375
63.1262,-92,0.1888427734375,-76,0.256591796875,-74,0.89404296875,-76,0.307373046875
63.1411,-92,0.1888427734375,-76,0.60400390625,-70,1.0322265625,-76,0.307373046875
63.1465,-90,0.79150390625,-76,0.60400390625,-70,1.0322265625,-75,0.357177734375
63.1615,-90,0.79150390625,-76,0.65869140625,-76,0.349609375,-75,0.357177734375
63.1675,-82,1.244140625,-76,0.65869140625,-76,0.349609375,-76,0.28515625
63.1782,-82,1.244140625,-75,0.4453125,-73,0.85205078125,-76,0.28515625
63.1906,-36,1.7080078125,-75,0.4453125,-73,0.85205078125,-74,0.37841796875
63.2003,-36,1.7080078125,-72,0.267333984375,-74,0.08355712890625,-74,0.37841796875
63.2102,-36,1.7080078125,-72,0.267333984375,-74,0.08355712890625,-77,-0.1414794921875
63.2148,-88,-1.46875,-71,0.462890625,-73,0.448486328125,-77,-0.1414794921875
63.2257,-100,0.9482421875,-71,0.462890625,-73,0.448486328125,-69,0.39990234375
63.2345,-100,0.9482421875,-68,0.779296875,-70,0.6376953125,-69,0.39990234375
63.2481,-100,0.9482421875,-68,0.779296875,-70,0.6376953125,-64,0.734375
63.2543,-90,0.33837890625,-67,0.80908203125,-66,0.86181640625,-64,0.734375
63.2682,-90,0.33837890625,-67,0.80908203125,-66,0.86181640625,-68,0.205810546875
63.2794,-21,6.97265625,-69,0.57177734375,-70,0.37353515625,-68,0.205810546875
63.2877,-21,6.97265625,-69,0.57177734375,-70,0.37353515625,-72,-0.1121826171875
63.2933,-62,-0.347412109375,-74,-0.52001953125,-70,0.77734375,-72,-0.1121826171875
63.3046,-62,-0.347412109375,-74,-0.52001953125,-70,0.77734375,-70,0.435302734375
63.3183,-96,-1.1767578125,-71,0.73046875,-67,0.76318359375,-70,0.435302734375
63.3241,-96,-1.1767578125,-71,0.73046875,-67,0.76318359375,-72,0.135009765625
63.3379,-99,0.6044921875,-66,1.4404296875,-67,0.76318359375,-72,0.135009765625
63.3437,-99,0.6044921875,-66,1.4404296875,-73,0.324462890625,-70,0.348388671875
63.3595,-35,6.8125,-64,1.0830078125,-73,0.324462890625,-70,0.348388671875
63.3685,-35,6.8125,-64,1.0830078125,-67,1.0126953125,-70,0.2203369140625
63.3772,-35,3.232421875,-71,0.30615234375,-67,1.0126953125,-70,0.2203369140625
63.3882,-35,3.232421875,-71,0.30615234375,-67,0.6904296875,-70,0.2203369140625
63.3943,-87,-0.99658203125,-72,0.57470703125,-67,0.6904296875,-70,0.392333984375
63.4053,-87,-0.99658203125,-72,0.57470703125,-76,-0.10699462890625,-71,0.14501953125
63.4138,-93,-0.219970703125,-71,0.66845703125,-76,-0.10699462890625,-71,0.14501953125
63.4278,-93,-0.219970703125,-71,0.66845703125,-69,0.75146484375,-68,0.482421875
63.4335,-81,0.98681640625,-68,1.248046875,-69,0.75146484375,-68,0.482421875
63.4485,-81,0.98681640625,-68,1.248046875,-66,0.86083984375,-68,0.482421875
63.4580,-35,6.82421875,-68,1.248046875,-66,0.86083984375,-73,0.031280517578125
63.4693,-35,6.82421875,-68,0.673828125,-76,-0.1175537109375,-73,0.031280517578125
63.4758,-53,1.3212890625,-72,0.1290283203125,-76,-0.1175537109375,-69,0.378173828125
63.4875,-53,1.3212890625,-72,0.1290283203125,-71,0.623046875,-70,-0.359619140625
63.4943,-86,-1.1494140625,-70,0.318603515625,-71,0.623046875,-70,-0.359619140625
63.5096,-86,-1.1494140625,-70,0.318603515625,-66,0.497314453125,-71,-0.142578125
63.5142,-77,1.2900390625,-70,0.318603515625,-66,0.497314453125,-71,-0.142578125
63.5276,-77,1.2900390625,-65,1.001953125,-64,0.79736328125,-71,-0.142578125
63.5338,-66,1.529296875,-65,1.001953125,-64,0.79736328125,-34,5.53515625
63.5515,-66,1.529296875,-37,2.732421875,-62,0.8544921875,-51,0.5068359375
63.5620,-29,6.30078125,-37,2.732421875,-62,0.8544921875,-51,0.5068359375
63.5719,-29,6.30078125,-71,-0.1695556640625,-59,1.8984375,-51,0.5068359375
63.5764,-57,0.82373046875,-71,-0.1695556640625,-59,1.8984375,-76,-0.361328125
63.5916,-57,0.82373046875,-76,-0.822265625,-72,0.28125,-76,-0.361328125
63.5959,-86,-0.595703125,-76,-0.822265625,-72,0.28125,-81,-0.94091796875
63.6080,-86,-0.595703125,-70,0.642578125,-68,0.51220703125,-81,-0.94091796875
63.6172,-71,1.572265625,-70,0.642578125,-68,0.51220703125,-76,-0.287353515625
63.6301,-71,1.572265625,-66,0.62841796875,-65,0.912109375,-76,-0.287353515625
63.6364,-61,1.8388671875,-66,0.62841796875,-65,0.912109375,-25,5.328125
63.6497,-61,1.8388671875,-58,1.5146484375,-66,0.6552734375,-25,5.328125
63.6557,-76,0.3193359375,-58,1.5146484375,-66,0.6552734375,-40,1.1953125
63.6674,-76,0.3193359375,-61,0.529296875,-67,0.68017578125,-40,1.1953125
63.6798,-76,0.3193359375,-61,0.529296875,-67,0.68017578125,-78,-1.541015625
63.6870,-73,1.236328125,-69,0.285888671875,-60,1.1982421875,-78,-1.541015625
63.7006,-73,1.236328125,-69,0.285888671875,-60,1.1982421875,-84,-1.486328125
63.7102,-70,1.2412109375,-65,0.56787109375,-60,0.828125,-84,-1.486328125
63.7208,-70,1.2412109375,-65,0.56787109375,-60,0.828125,-64,0.65673828125
63.7269,-66,1.7119140625,-64,0.568359375,-68,0.1502685546875,-64,0.65673828125
63.7405,-66,1.7119140625,-64,0.568359375,-68,0.1502685546875,-30,2.9921875
63.7464,-64,1.728515625,-66,0.358154296875,-68,0.329345703125,-30,2.9921875
63.7602,-64,1.728515625,-66,0.358154296875,-68,0.329345703125,-73,-1.501953125
63.7663,-30,4.83984375,-65,0.791015625,-64,0.6259765625,-73,-1.501953125
63.7798,-30,4.83984375,-65,0.791015625,-64,0.6259765625,-79,-0.95458984375
63.7873,-75,-1.1923828125,-66,0.481689453125,-64,0.6259765625,-79,-0.95458984375
63.7993,-75,-1.1923828125,-66,0.481689453125,-66,0.55419921875,-78,-0.4912109375
63.8092,-92,-0.8779296875,-66,0.7724609375,-66,0.55419921875,-78,-0.4912109375
63.8138,-92,-0.8779296875,-66,0.7724609375,-65,0.72802734375,-33,6.421875
63.8294,-86,0.044219970703125,-65,0.5673828125,-63,0.7255859375,-33,6.421875
63.8358,-86,0.044219970703125,-65,0.5673828125,-63,0.7255859375,-45,1.1220703125
63.8464,-14,6.89453125,-65,1.1015625,-63,0.7255859375,-45,1.1220703125
63.8614,-14,6.89453125,-65,1.1015625,-68,0.272705078125,-80,-1.544921875
63.8685,-76,-1.4970703125,-65,0.45703125,-68,0.272705078125,-80,-1.544921875
63.8768,-76,-1.4970703125,-65,0.45703125,-68,0.409423828125,-77,-0.349609375
63.8882,-94,-1.337890625,-66,0.5244140625,-68,0.409423828125,-77,-0.349609375
63.8974,-94,-1.337890625,-66,0.5244140625,-60,1.3134765625,-70,0.322021484375
63.9125,-86,0.51025390625,-63,0.70703125,-60,0.9365234375,-70,0.322021484375
63.9184,-86,0.51025390625,-63,0.70703125,-60,0.9365234375,-63,0.96826171875
63.9334,-81,0.7138671875,-63,0.70703125,-60,0.9365234375,-63,0.96826171875
63.9426,-81,0.7138671875,-64,0.49658203125,-63,0.755859375,-59,0.76708984375
63.9487,-39,4.1171875,-67,0.431396484375,-63,0.755859375,-59,0.76708984375
63.9623,-39,4.1171875,-67,0.431396484375,-69,0.174072265625,-59,0.76708984375
63.9713,-69,-0.1937255859375,-69,0.343017578125,-69,0.174072265625,-58,0.80029296875
63.9767,-69,-0.1937255859375,-69,0.343017578125,-69,0.45068359375,-68,-0.168701171875
63.9883,-82,0.46044921875,-69,0.343017578125,-69,0.45068359375,-68,-0.168701171875
64.0019,-82,0.46044921875,-63,0.88427734375,-66,0.73974609375,-68,-0.168701171875
64.0121,-77,1.2294921875,-63,0.88427734375,-66,0.73974609375,-68,0.1678466796875
64.0221,-77,1.2294921875,-64,0.537109375,-60,1.1259765625,-68,0.1678466796875
64.0274,-24,4.6875,-64,0.537109375,-60,1.1259765625,-66,0.471435546875
64.0423,-24,4.6875,-67,0.36767578125,-63,0.68212890625,-66,0.471435546875
64.0497,-80,-1.748046875,-67,0.36767578125,-63,0.68212890625,-61,0.6865234375
64.0579,-80,-1.748046875,-68,0.44873046875,-68,0.33203125,-61,0.6865234375
64.0694,-90,-0.419677734375,-68,0.44873046875,-68,0.33203125,-66,-0.1783447265625
64.0781,-90,-0.419677734375,-65,0.71142578125,-67,0.5,-66,-0.1783447265625
64.0912,-90,-0.419677734375,-65,0.71142578125,-67,0.5,-65,0.397705078125
64.1034,-86,-0.07464599609375,-66,0.41552734375,-66,0.4140625,-65,0.397705078125
64.1124,-86,-0.07464599609375,-66,0.41552734375,-66,0.4140625,-65,0.399658203125
64.1185,-73,1.4033203125,-62,1.1689453125,-66,0.6611328125,-65,0.399658203125
64.1287,-4,13.6328125,-62,1.1689453125,-66,0.6611328125,-65,0.257568359375
64.1374,-4,13.6328125,-63,0.583984375,-62,0.97705078125,-65,0.257568359375
64.1536,-35,1.7490234375,-63,0.583984375,-62,0.97705078125,-67,0.177734375
64.1579,-35,1.7490234375,-71,-0.252685546875,-63,0.54345703125,-67,0.177734375
64.1720,-86,-1.6083984375,-71,-0.252685546875,-63,0.54345703125,-64,0.64697265625
64.1764,-86,-1.6083984375,-65,1.1708984375,-63,0.54345703125,-64,0.64697265625
64.1916,-86,-1.6083984375,-65,1.1708984375,-67,0.28515625,-64,0.4873046875
64.1962,-97,-0.99072265625,-63,0.66748046875,-64,0.97607421875,-64,0.4873046875
64.2120,-97,-0.99072265625,-63,0.66748046875,-64,0.97607421875,-65,0.349609375
64.2177,-87,-0.32275390625,-59,1.138671875,-64,0.537109375,-65,0.349609375
64.2322,-87,-0.32275390625,-59,1.138671875,-64,0.537109375,-67,0.330322265625
64.2426,-10,8.09375,-67,0.65625,-70,0.08367919921875,-67,0.330322265625
64.2517,-10,8.09375,-67,0.65625,-70,0.08367919921875,-67,0.313232421875
64.2572,-65,-1.0859375,-66,0.3974609375,-70,0.08367919921875,-67,0.313232421875
64.2705,-65,-1.0859375,-66,0.3974609375,-69,0.419189453125,-66,0.329833984375
64.2757,-94,-1.5517578125,-67,0.462890625,-62,1.12109375,-66,0.329833984375
64.2894,-94,-1.5517578125,-67,0.462890625,-62,1.12109375,-65,0.5048828125
64.3041,-91,-0.03533935546875,-66,0.7001953125,-60,0.9521484375,-65,0.5048828125
64.3106,-91,-0.03533935546875,-66,0.7001953125,-60,0.9521484375,-62,0.65771484375
64.3214,-30,6.59375,-66,0.7001953125,-60,0.9521484375,-62,0.65771484375
64.3265,-30,6.59375,-60,1.2890625,-64,0.6640625,-66,0.224365234375
64.3399,-60,0.283447265625,-60,1.2890625,-64,0.6640625,-66,0.224365234375
64.3472,-60,0.283447265625,-63,0.52294921875,-66,0.4619140625,-66,0.2939453125
64.3610,-84,0.212890625,-72,-0.1734619140625,-68,0.253173828125,-66,0.2939453125
64.3706,-84,0.212890625,-72,-0.1734619140625,-68,0.253173828125,-67,0.263671875
64.3824,-81,0.86279296875,-66,0.47998046875,-69,0.313720703125,-67,0.263671875
64.3908,-81,0.86279296875,-66,0.47998046875,-69,0.313720703125,-66,0.404541015625
64.4030,-62,1.576171875,-66,0.47998046875,-69,0.313720703125,-66,0.404541015625
64.4072,-62,1.576171875,-62,1.06640625,-60,1.205078125,-64,0.68115234375
64.4222,-10,5.5390625,-62,1.06640625,-60,1.205078125,-64,0.68115234375
64.4267,-10,5.5390625,-65,0.5283203125,-61,0.63037109375,-65,0.337158203125
64.4418,-77,-1.8388671875,-68,-0.13330078125,-61,0.63037109375,-65,0.337158203125
64.4506,-77,-1.8388671875,-68,-0.13330078125,-69,-0.04241943359375,-68,-0.08160400390625
64.4599,-92,-1.2080078125,-68,-0.13330078125,-69,-0.04241943359375,-68,-0.08160400390625
64.4703,-92,-1.2080078125,-62,1.134765625,-66,0.6259765625,-68,-0.08160400390625
64.4799,-84,0.45361328125,-62,1.134765625,-66,0.6259765625,-65,0.7255859375
64.4863,-84,0.45361328125,-61,0.892578125,-63,0.6923828125,-66,0.252197265625
64.4996,-71,1.294921875,-61,0.892578125,-63,0.6923828125,-66,0.252197265625
64.5088,-71,1.294921875,-66,0.392578125,-68,0.191162109375,-66,0.252197265625
64.5211,-69,1.2314453125,-66,0.392578125,-68,0.191162109375,-66,0.302490234375
64.5282,-69,1.2314453125,-66,0.4814453125,-65,0.7763671875,-66,0.302490234375
64.5343,-67,1.35546875,-66,0.4814453125,-65,0.7763671875,-66,0.204833984375
64.5452,-67,1.35546875,-65,0.5341796875,-61,1.03125,-64,0.455322265625
64.5541,-71,0.7841796875,-65,0.5341796875,-61,1.03125,-64,0.455322265625
64.5670,-71,0.7841796875,-66,0.3701171875,-64,0.67431640625,-64,0.455322265625
64.5751,-53,2.37890625,-66,0.3701171875,-64,0.67431640625,-64,0.455810546875
64.5901,-53,2.37890625,-62,0.57421875,-66,0.607421875,-64,0.455810546875
64.6012,-53,2.37890625,-62,0.57421875,-66,0.607421875,-65,0.25146484375
64.6112,-25,4.47265625,-62,0.80615234375,-65,0.7373046875,-65,0.25146484375
64.6166,-82,-2.021484375,-62,0.80615234375,-65,0.7373046875,-65,0.2471923828125
64.6271,-82,-2.021484375,-69,-0.08612060546875,-69,0.38427734375,-65,0.2471923828125
64.6357,-85,0.1434326171875,-69,-0.08612060546875,-69,0.38427734375,-66,0.281982421875
64.6526,-85,0.1434326171875,-65,0.79736328125,-67,0.64892578125,-66,0.281982421875
64.6615,-80,0.77880859375,-65,0.79736328125,-67,0.64892578125,-67,0.35546875
64.6691,-80,0.77880859375,-65,0.61376953125,-60,1.134765625,-67,0.35546875
64.6815,-80,0.77880859375,-65,0.61376953125,-60,1.134765625,-66,0.365478515625
64.6872,-72,1.5546875,-67,0.468505859375,-61,0.6875,-66,0.365478515625
64.7011,-72,1.5546875,-67,0.468505859375,-61,0.6875,-63,0.53564453125
64.7062,-1,6.56640625,-66,0.765625,-71,-0.10479736328125,-63,0.53564453125
64.7200,-1,6.56640625,-66,0.765625,-71,-0.10479736328125,-68,-0.10321044921875
64.7313,-65,-1.5576171875,-64,0.9013671875,-68,0.5107421875,-68,-0.10321044921875
64.7403,-65,-1.5576171875,-64,0.9013671875,-68,0.5107421875,-65,0.388671875
64.7467,-91,1.2431640625,-65,0.369384765625,-64,0.72021484375,-65,0.388671875
64.7614,-91,1.2431640625,-65,0.369384765625,-64,0.72021484375,-65,0.34033203125
64.7691,-79,0.66357421875,-62,0.9404296875,-67,0.45458984375,-65,0.34033203125
64.7749,-79,0.66357421875,-62,0.9404296875,-67,0.45458984375,-64,0.404296875
64.7866,-43,4.9140625,-62,1.0478515625,-59,1.408203125,-64,0.404296875
64.8010,-43,4.9140625,-62,1.0478515625,-59,1.408203125,-65,0.280517578125
64.8062,-33,3.427734375,-62,1.0478515625,-55,1.455078125,-65,0.280517578125
64.8200,-33,3.427734375,-69,0.255126953125,-55,1.455078125,-67,0.283203125
64.8278,-80,-0.8330078125,-66,0.6865234375,-68,0.313232421875,-67,0.283203125
64.8364,-80,-0.8330078125,-66,0.6865234375,-68,0.313232421875,-65,0.430908203125
64.8475,-84,0.55810546875,-65,0.464111328125,-65,0.9716796875,-65,0.430908203125
64.8563,-84,0.55810546875,-65,0.464111328125,-65,0.9716796875,-65,0.235595703125
64.8696,-71,1.546875,-65,0.464111328125,-65,0.9716796875,-65,0.235595703125
64.8798,-71,1.546875,-59,1.08984375,-63,0.748046875,-65,0.235595703125
64.8910,-20,5.44140625,-59,1.08984375,-63,0.748046875,-67,-0.174560546875
64.9024,-20,5.44140625,-66,0.111083984375,-68,0.368896484375,-66,0.422607421875
64.9075,-70,-0.93017578125,-66,0.111083984375,-67,0.54541015625,-66,0.422607421875
64.9221,-70,-0.93017578125,-69,0.15771484375,-67,0.54541015625,-66,0.354736328125
64.9316,-85,-0.375732421875,-64,0.7080078125,-63,0.85791015625,-66,0.354736328125
64.9362,-85,-0.375732421875,-64,0.7080078125,-63,0.85791015625,-64,0.39111328125
64.9515,-83,0.15625,-63,0.791015625,-57,1.2734375,-64,0.39111328125
64.9623,-83,0.15625,-63,0.791015625,-57,1.2734375,-64,0.6123046875
64.9671,-71,1.3583984375,-63,0.791015625,-63,0.59521484375,-64,0.6123046875
64.9819,-71,1.3583984375,-63,0.7802734375,-63,0.59521484375,-66,0.1387939453125
64.9890,-48,3.23046875,-63,0.7802734375,-63,0.59521484375,-66,0.1387939453125
64.9950,-48,3.23046875,-63,0.72265625,-69,0.2344970703125,-65,0.42529296875
65.0095,-31,4.1015625,-63,0.72265625,-69,0.2344970703125,-65,0.42529296875
65.0225,-31,4.1015625,-67,0.166259765625,-67,0.376708984375,-68,0.20947265625
65.0307,-83,-1.7724609375,-67,0.166259765625,-67,0.376708984375,-68,0.20947265625
65.0401,-83,-1.7724609375,-66,0.44140625,-71,0.1602783203125,-68,0.20947265625
65.0473,-83,0.2230224609375,-66,0.44140625,-71,0.1602783203125,-65,0.515625
65.0609,-83,0.2230224609375,-63,1.0625,-26,7.515625,-65,0.515625
65.0691,-78,0.54052734375,-63,1.0625,-26,7.515625,-62,0.4990234375
65.0809,-78,0.54052734375,-63,0.8154296875,-43,1.080078125,-62,0.4990234375
65.0870,-72,1.1083984375,-63,0.8154296875,-43,1.080078125,-66,0.279052734375
65.1033,-72,1.1083984375,-65,0.59716796875,-93,1.548828125,-66,0.279052734375
65.1095,-72,1.1083984375,-65,0.59716796875,-93,1.548828125,-67,0.1943359375
65.1245,0,3.337890625,-65,0.61376953125,-81,0.83984375,-67,0.1943359375
65.1276,-26,2.849609375,-65,0.61376953125,-81,0.83984375,-64,0.76171875
65.1363,-26,2.849609375,-61,0.95166015625,-74,0.470458984375,-64,0.76171875
65.1492,-83,-1.3095703125,-61,0.95166015625,-74,0.470458984375,-67,0.18310546875
65.1579,-83,-1.3095703125,-66,0.38525390625,-2,1.306640625,-67,0.18310546875
65.1729,-87,0.0955810546875,-66,0.38525390625,-2,1.306640625,-66,0.482421875
65.1794,-87,0.0955810546875,-68,0.3486328125,-31,1.7548828125,-66,0.482421875
65.1934,-87,0.0955810546875,-68,0.3486328125,-31,1.7548828125,-65,0.4638671875
65.1979,-86,0.2154541015625,-66,0.64892578125,-73,1.068359375,-65,0.4638671875
65.2132,-86,0.2154541015625,-66,0.64892578125,-73,1.068359375,-63,0.72705078125
65.2183,-41,6.09765625,-60,1.2958984375,-98,2.341796875,-63,0.72705078125
65.2328,-36,2.84765625,-64,0.43798828125,-76,0.76611328125,-65,0.290283203125
65.2496,-36,2.84765625,-64,0.43798828125,-76,0.76611328125,-65,0.32470703125
65.2515,-84,-1.4345703125,-64,0.43798828125,-53,1.068359375,-65,0.32470703125
65.2672,-84,-1.4345703125,-68,0.285400390625,-53,1.068359375,-67,0.1871337890625
65.2775,-87,0.23876953125,-68,0.285400390625,-48,1.87109375,-67,0.1871337890625
65.2875,-87,0.23876953125,-66,0.6201171875,-48,1.87109375,-65,0.57958984375
65.2918,-82,0.65869140625,-66,0.361083984375,-71,0.97314453125,-65,0.57958984375
65.3059,-82,0.65869140625,-66,0.361083984375,-71,0.97314453125,-62,0.732421875
65.3113,-39,1.59765625,-66,0.361083984375,-11,12.2265625,-62,0.732421875
65.3251,-39,1.59765625,-65,0.619140625,-11,12.2265625,-63,0.60302734375
65.3399,-18,3.923828125,-65,0.619140625,-56,0.088134765625,-63,0.60302734375
65.3440,-18,3.923828125,-64,0.5673828125,-56,0.088134765625,-69,0.25830078125
65.3576,-76,-0.80712890625,-64,0.5673828125,-80,1.0859375,-69,0.25830078125
65.3693,-76,-0.80712890625,-65,0.501953125,-80,1.0859375,-62,0.71630859375
65.3736,-85,-0.3173828125,-65,0.501953125,-92,0.85791015625,-62,0.71630859375
65.3898,-85,-0.3173828125,-63,0.88916015625,-92,0.85791015625,-62,0.73193359375
65.3942,-83,0.16650390625,-63,0.88916015625,-58,0.405517578125,-62,0.73193359375
65.4053,-83,0.16650390625,-63,0.68359375,-58,0.405517578125,-72,-0.5302734375
65.4141,-78,0.583984375,-63,0.68359375,-76,0.73388671875,-72,-0.5302734375
65.4248,-78,0.583984375,-65,0.6455078125,-76,0.73388671875,-63,0.73388671875
65.4403,-77,0.759765625,-65,0.6455078125,-98,2.841796875,-63,0.73388671875
65.4444,-77,0.759765625,-68,0.58203125,-98,2.841796875,-65,-0.11212158203125
65.4597,-69,1.4111328125,-68,0.357666015625,-24,8.6875,-65,-0.11212158203125
65.4692,-69,1.4111328125,-68,0.357666015625,-24,8.6875,-69,-0.1719970703125
65.4743,-69,1.255859375,-68,0.357666015625,-49,0.55322265625,-69,-0.1719970703125
65.4850,-69,1.255859375,-63,0.88671875,-49,0.55322265625,-63,0.763671875
65.4981,-65,1.6142578125,-63,0.88671875,-49,0.55322265625,-63,0.763671875
65.5050,-65,1.6142578125,-65,0.464599609375,-78,1.1982421875,-61,0.61572265625
65.5183,-56,2.65234375,-65,0.464599609375,-78,1.1982421875,-61,0.61572265625
65.5275,-56,2.65234375,-66,0.60546875,-94,1.0380859375,-64,0.299560546875
65.5399,-34,3.822265625,-66,0.60546875,-94,1.0380859375,-64,0.299560546875
65.5483,-34,3.822265625,-63,0.87890625,-71,0.33984375,-64,0.299560546875
65.5580,-78,-0.75830078125,-63,0.87890625,-71,0.33984375,-65,0.74072265625
65.5641,-78,-0.75830078125,-65,0.407470703125,-68,0.475830078125,-64,0.576171875
65.5780,-79,0.484375,-65,0.407470703125,-68,0.475830078125,-64,0.576171875
65.5890,-79,0.484375,-65,0.6025390625,-67,0.48046875,-61,0.830078125
65.5942,-80,0.49365234375,-65,0.6025390625,-66,0.60546875,-61,0.830078125
65.6096,-80,0.49365234375,-64,0.82470703125,-66,0.60546875,-68,0.154052734375
65.6148,-1,13.7109375,-64,0.82470703125,-66,0.60546875,-68,0.154052734375
65.6293,-1,13.7109375,-67,0.384521484375,-63,1.009765625,-68,0.154052734375
65.6346,-56,-0.64453125,-67,0.384521484375,-63,1.009765625,-63,0.75048828125
65.6478,-56,-0.64453125,-67,0.43505859375,-63,0.6875,-63,0.75048828125
65.6600,-80,0.1070556640625,-67,0.43505859375,-63,0.6875,-59,1.0126953125
65.6684,-80,0.1070556640625,-62,1.056640625,-65,0.66455078125,-59,1.0126953125
65.6741,-75,1.3193359375,-62,1.056640625,-65,0.66455078125,-72,-0.6904296875
65.6893,-75,1.3193359375,-59,1.0380859375,-66,0.6005859375,-72,-0.6904296875
65.6949,-72,1.20703125,-59,1.0380859375,-66,0.6005859375,-65,0.374267578125
65.7061,-72,1.20703125,-63,0.91259765625,-66,0.50244140625,-65,0.374267578125
65.7145,-25,5.1875,-63,0.91259765625,-66,0.50244140625,-61,0.57763671875
65.7263,-25,5.1875,-67,0.43359375,-67,0.53662109375,-61,0.57763671875
65.7349,-75,-1.126953125,-67,0.43359375,-67,0.53662109375,-66,-0.26123046875
65.7500,-75,-1.126953125,-67,0.63037109375,-67,0.603515625,-66,-0.26123046875
65.7549,-84,-0.268310546875,-67,0.63037109375,-67,0.603515625,-67,0.1400146484375
65.7664,-84,-0.268310546875,-65,0.70703125,-64,0.76611328125,-67,0.1400146484375
65.7751,-70,1.6220703125,-65,0.70703125,-64,0.76611328125,-60,1.109375
65.7865,-70,1.6220703125,-64,0.748046875,-61,0.86376953125,-60,1.109375
65.7945,-64,1.8486328125,-64,0.748046875,-61,0.86376953125,-62,0.412109375
65.8084,-64,1.8486328125,-64,0.65087890625,-66,0.33154296875,-62,0.412109375
65.8144,-23,4.77734375,-64,0.65087890625,-66,0.33154296875,-68,0.1942138671875
65.8298,-23,4.77734375,-64,0.65087890625,-68,0.407470703125,-68,0.1942138671875
65.8363,-76,-1.193359375,-66,0.5205078125,-68,0.407470703125,-63,0.86962890625
65.8472,-76,-1.193359375,-68,0.33203125,-67,0.46630859375,-63,0.86962890625
65.8617,-84,-0.1944580078125,-68,0.33203125,-67,0.46630859375,-60,0.73583984375
65.8705,-84,-0.1944580078125,-64,-0.69091796875,-67,0.461181640625,-60,0.73583984375
65.8778,-74,3.474609375,-64,-0.69091796875,-67,0.461181640625,-64,3.650390625
65.8885,-74,3.474609375,-64,-0.69091796875,-16,2.02734375,-64,3.650390625
65.8959,0,-0.08465576171875,-42,-1.7255859375,-16,2.02734375,-15,-0.84716796875
65.9063,0,-0.08465576171875,-42,-1.7255859375,-23,-0.2130126953125,-15,-0.84716796875
65.9152,0,-0.08465576171875,-7,0.34228515625,-23,-0.2130126953125,0,-0.1353759765625
65.9270,27,-0.101318359375,-7,0.34228515625,-18,-0.0207061767578125,0,-0.1353759765625
65.9322,27,-0.101318359375,0,-0.219482421875,-18,-0.0207061767578125,0,0.191650390625
65.9425,24,-0.11151123046875,0,-0.219482421875,-3,0.10174560546875,0,0.191650390625
65.9519,24,-0.11151123046875,0,-0.37060546875,-3,0.10174560546875,0,0.0775146484375
65.9619,6,-0.1986083984375,0,-0.37060546875,0,-0.0209808349609375,0,0.0775146484375
65.9789,0,0.047027587890625,9,0.159423828125,0,-0.0209808349609375,8,0.07757568359375
65.9885,0,0.047027587890625,9,0.159423828125,5,-0.050933837890625,8,0.07757568359375
65.9915,0,0.047027587890625,1,0.2369384765625,5,-0.050933837890625,0,-0.0301971435546875
66.0022,-6,-0.254638671875,1,0.2369384765625,7,-0.04693603515625,0,-0.0301971435546875
66.0117,-6,-0.254638671875,0,0.344482421875,7,-0.04693603515625,0,-0.2164306640625
66.0222,-8,0.133544921875,0,0.344482421875,0,0.0223236083984375,0,-0.2164306640625
66.0392,-8,0.133544921875,0,0.36279296875,0,0.0223236083984375,0,0.185302734375
66.0433,0,0.1593017578125,0,0.36279296875,0,-0.0201263427734375,0,0.185302734375
66.0585,0,0.1593017578125,0,0.354248046875,0,-0.0201263427734375,0,0.185302734375
66.0666,0,-0.278564453125,0,0.354248046875,0,-0.1287841796875,0,0.2342529296875
66.0717,0,-0.278564453125,0,0.294189453125,0,-0.1287841796875,0,-0.100830078125
66.0880,0,-0.043548583984375,0,0.294189453125,0,-0.1287841796875,0,-0.100830078125
66.0971,0,-0.043548583984375,0,0.277099609375,0,0.009368896484375,0,0.01465606689453125
66.1025,0,0.043670654296875,0,0.277099609375,0,0.0254669189453125,0,0.01465606689453125
66.1210,0,0.043670654296875,0,-0.77197265625,0,0.0254669189453125,0,-0.032257080078125
66.1259,0,-0.183349609375,0,-0.77197265625,0,0.0254669189453125,0,-0.032257080078125
66.1399,0,-0.183349609375,0,0.17529296875,0,-0.049468994140625,0,-0.032257080078125
66.1465,0,0.160400390625,0,0.17529296875,0,-0.049468994140625,0,0.18310546875
66.1778,0,-0.1358642578125,0,0.1094970703125,0,0.011138916015625,0,0.2427978515625
66.1873,0,-0.1358642578125,0,0.1094970703125,0,0.011138916015625,0,-0.0308685302734375
66.1959,0,-0.02288818359375,0,0.1094970703125,0,0.02532958984375,0,-0.0308685302734375
66.2065,0,-0.02288818359375,0,0.2003173828125,0,0.02532958984375,0,-0.0308685302734375
66.2132,0,-0.2374267578125,0,0.2003173828125,0,-0.029296875,0,-0.16015625
66.2256,0,-0.2374267578125,0,-0.1800537109375,0,-0.029296875,0,-0.16015625
66.2322,0,0.09832763671875,0,-0.1800537109375,0,-0.029296875,0,0.2330322265625
66.2424,0,0.09832763671875,0,-0.1600341796875,0,-0.0290679931640625,0,0.2330322265625
66.2517,0,-0.07489013671875,0,-0.1600341796875,0,-0.0290679931640625,0,0.08367919921875
66.2622,0,-0.07489013671875,0,0.36865234375,0,-0.027801513671875,0,0.08367919921875
66.2700,0,-0.13525390625,0,0.36865234375,0,0.12335205078125,0,-0.1575927734375
66.2786,0,-0.13525390625,0,0.322021484375,0,0.12335205078125,0,-0.1575927734375
66.2885,0,0.09637451171875,0,0.322021484375,0,0.12335205078125,0,0.1732177734375
66.2971,0,0.09637451171875,0,0.053955078125,0,0.06573486328125,0,0.1732177734375
66.3070,0,0.1124267578125,0,0.053955078125,0,0.06573486328125,0,-0.144775390625
66.3116,0,0.1124267578125,0,0.1357421875,0,-0.0469970703125,0,-0.144775390625
66.3269,0,0.0185546875,0,0.1357421875,0,-0.0469970703125,0,0.222900390625
66.3400,0,0.0185546875,0,0.09393310546875,0,0.1129150390625,0,0.222900390625
66.3446,0,-0.2091064453125,0,0.09393310546875,0,0.1129150390625,0,0.1282958984375
66.3595,0,-0.2091064453125,0,0.09393310546875,0,0.0117950439453125,0,0.1282958984375
66.3675,0,-0.2091064453125,0,0.3291015625,0,0.0117950439453125,0,-0.092041015625
66.3730,0,-0.15771484375,0,0.418212890625,0,0.0596923828125,0,-0.092041015625
66.3875,0,-0.15771484375,0,0.418212890625,0,0.0596923828125,0,-0.010986328125
66.3987,0,-0.059783935546875,0,0.2320556640625,0,-0.033203125,0,-0.010986328125
66.4075,0,-0.059783935546875,0,0.2320556640625,0,-0.033203125,0,-0.2418212890625
66.4192,0,0.08087158203125,0,-0.2568359375,0,0.040679931640625,0,-0.2418212890625
66.4271,0,0.08428955078125,0,-0.2568359375,0,0.040679931640625,0,-0.1422119140625
66.4371,0,0.08428955078125,0,-0.2568359375,0,0.1058349609375,0,-0.1422119140625
66.4470,0,0.08428955078125,0,0.142578125,0,0.1058349609375,0,0.27978515625
66.4585,0,-0.2802734375,0,0.142578125,0,-0.0209197998046875,0,0.27978515625
66.4670,0,-0.2802734375,0,-0.5810546875,0,-0.0209197998046875,0,-0.060272216796875
66.4794,0,-0.200439453125,0,-0.71923828125,0,-0.020233154296875,0,-0.060272216796875
66.4865,0,-0.200439453125,0,-0.71923828125,0,-0.020233154296875,0,-0.281005859375
66.4996,0,0.1324462890625,0,-0.71923828125,0,0.0340576171875,0,-0.281005859375
66.5078,0,0.1324462890625,0,-0.52294921875,0,0.0340576171875,0,-0.281005859375
66.5171,0,0.0611572265625,0,-0.52294921875,0,0.051971435546875,0,-0.2164306640625
66.5274,0,0.0611572265625,0,-0.0804443359375,0,0.051971435546875,0,-0.2164306640625
66.5371,0,0.07470703125,0,-0.0804443359375,0,0.09332275390625,0,-0.106201171875
66.5468,0,0.07470703125,0,-0.141357421875,0,0.09332275390625,0,-0.106201171875
66.5585,0,-0.203857421875,0,-0.141357421875,0,-0.050628662109375,0,-0.06585693359375
66.5681,0,-0.203857421875,0,0.478271484375,0,-0.050628662109375,0,-0.06585693359375
66.5814,0,-0.042877197265625,0,0.2025146484375,0,0.046417236328125,0,0.19873046875
66.5892,0,-0.042877197265625,0,0.2025146484375,0,0.046417236328125,0,-0.1734619140625
66.5996,0,-0.06341552734375,0,0.2025146484375,0,0.0232391357421875,0,-0.1734619140625
66.6060,0,-0.06341552734375,0,-0.4541015625,0,0.0232391357421875,0,-0.1734619140625
66.6114,0,0.10791015625,0,-0.4541015625,0,0.046356201171875,0,0.10784912109375
66.6270,0,0.10791015625,0,0.1734619140625,0,0.046356201171875,0,0.10784912109375
66.6400,0,-0.2178955078125,0,0.1734619140625,0,-0.04437255859375,0,-0.191650390625
66.6473,0,-0.2178955078125,0,-0.12939453125,0,-0.04437255859375,0,-0.191650390625
66.6596,0,0.09912109375,0,-0.12939453125,0,-0.119873046875,0,-0.024993896484375
66.6672,0,0.09912109375,0,-0.1705322265625,0,-0.119873046875,0,-0.024993896484375
66.6767,0,-0.19140625,0,-0.1705322265625,0,-0.119873046875,0,0.1302490234375
66.6870,0,-0.19140625,0,0.053802490234375,0,-0.02655029296875,0,0.1302490234375
66.6972,0,0.0533447265625,0,0.053802490234375,0,-0.02655029296875,0,0.1751708984375
66.7070,0,0.0533447265625,0,0.343017578125,0,0.045745849609375,0,0.1751708984375
66.7198,0,0.10772705078125,0,0.343017578125,0,-0.047027587890625,0,-0.1373291015625
66.7285,0,0.10772705078125,0,0.05706787109375,0,-0.047027587890625,0,-0.1373291015625
66.7399,0,0.06585693359375,0,0.05706787109375,0,-0.047027587890625,0,-0.12939453125
66.7458,0,0.06585693359375,0,-0.3974609375,0,0.0288848876953125,0,-0.12939453125
66.7590,0,0.1031494140625,0,-0.3974609375,0,0.0288848876953125,0,0.0428466796875
66.7678,0,0.1031494140625,0,0.4501953125,0,0.055938720703125,0,0.0428466796875
66.7767,0,0.1031494140625,0,0.4501953125,0,0.055938720703125,0,-0.17529296875
66.7873,0,0.136962890625,0,0.19091796875,0,0.0648193359375,0,-0.17529296875
66.7931,0,-0.293212890625,0,0.19091796875,0,0.0648193359375,0,0.172607421875
66.8070,0,-0.293212890625,0,-0.471435546875,0,0.0467529296875,0,0.172607421875
66.8213,0,0.1304931640625,0,-0.471435546875,0,0.0467529296875,0,0.1724853515625
66.8293,0,0.1304931640625,0,0.318115234375,0,-0.053436279296875,0,0.1724853515625
66.8413,0,0.1478271484375,0,0.318115234375,0,-0.053436279296875,0,0.1954345703125
66.8475,0,0.1478271484375,0,0.0919189453125,0,0.051788330078125,0,0.1954345703125
66.8631,0,-0.2467041015625,0,0.0919189453125,0,0.051788330078125,0,0.2374267578125
66.8714,0,-0.2467041015625,0,0.2440185546875,0,0.036529541015625,0,0.2374267578125
66.8832,0,-0.2467041015625,0,0.2440185546875,0,0.036529541015625,0,0.2060546875
66.8910,0,-0.1380615234375,0,-0.2958984375,0,0.059173583984375,0,0.2060546875
66.9016,0,-0.1380615234375,0,-0.2958984375,0,0.059173583984375,0,0.17041015625
66.9087,0,0.11962890625,0,-0.0643310546875,0,-0.09234619140625,0,0.17041015625
66.9196,0,0.11962890625,0,-0.0643310546875,0,-0.09234619140625,0,-0.007045745849609375
66.9272,0,0.146728515625,0,0.09832763671875,0,0.0848388671875,0,-0.007045745849609375
66.9399,0,0.146728515625,0,0.09832763671875,0,0.0848388671875,0,0.11407470703125
66.9446,0,-0.2301025390625,0,-0.56494140625,0,0.007274627685546875,0,0.11407470703125
66.9596,0,-0.2301025390625,0,-0.56494140625,0,0.007274627685546875,0,0.1734619140625
66.9660,0,-0.1038818359375,0,-0.56494140625,0,0.05059814453125,0,0.1734619140625
66.9797,0,-0.1038818359375,0,0.387939453125,0,0.05059814453125,0,0.1734619140625
66.9876,0,-0.1451416015625,0,0.387939453125,0,0.0697021484375,0,-0.148193359375
66.9996,0,-0.1451416015625,0,0.1785888671875,0,0.0697021484375,0,-0.148193359375
67.0081,0,0.0819091796875,0,0.1785888671875,0,0.0540771484375,0,-0.1258544921875
67.0195,0,0.0819091796875,0,0.28466796875,0,0.0540771484375,0,-0.1258544921875
67.0275,0,0.0794677734375,0,0.28466796875,0,-0.090576171875,0,0.1324462890625
67.0382,0,0.0794677734375,0,-0.62841796875,0,-0.090576171875,0,0.1324462890625
67.0472,0,-0.059295654296875,0,-0.62841796875,0,0.04156494140625,0,0.060791015625
67.0597,0,-0.059295654296875,0,0.0521240234375,0,0.04156494140625,0,0.060791015625
67.0671,0,0.11126708984375,0,0.0521240234375,0,0.04156494140625,0,-0.1962890625
67.0789,0,0.11126708984375,0,-0.56396484375,0,-0.0305023193359375,0,-0.1962890625
67.0873,0,0.07952880859375,0,-0.56396484375,0,0.08294677734375,0,-0.16796875
67.0997,0,0.07952880859375,0,0.440673828125,0,0.08294677734375,0,-0.16796875
67.1076,0,-0.239990234375,0,0.440673828125,0,0.08294677734375,0,0.1873779296875
67.1198,0,-0.239990234375,0,-0.7705078125,0,-0.0207366943359375,0,0.1873779296875
67.1283,0,-0.11883544921875,0,-0.7705078125,0,-0.0207366943359375,0,0.02862548828125
67.1396,0,-0.11883544921875,0,-0.2020263671875,0,-0.052001953125,0,0.02862548828125
67.1457,0,-0.11883544921875,0,-0.2020263671875,0,-0.052001953125,0,-0.209228515625
67.1595,0,0.10540771484375,0,0.12445068359375,0,0.01007080078125,0,-0.209228515625
67.1659,0,0.10540771484375,0,0.12445068359375,0,0.01007080078125,0,0.054046630859375
67.1795,0,0.1671142578125,0,0.260009765625,0,-0.10003662109375,0,0.054046630859375
67.1875,0,0.1671142578125,0,0.260009765625,0,-0.10003662109375,0,-0.0762939453125
67.1971,0,-0.2330322265625,0,-0.221435546875,0,0.0253448486328125,0,-0.0762939453125
67.2065,0,-0.1751708984375,0,-0.221435546875,0,0.0253448486328125,0,-0.1507568359375
67.2199,0,-0.1751708984375,0,-0.75390625,0,-0.04974365234375,0,-0.1507568359375
67.2277,0,-0.1751708984375,0,-0.75390625,0,-0.04974365234375,0,0.0762939453125
67.2397,0,0.055694580078125,0,0.1693115234375,0,0.08050537109375,0,0.0762939453125
67.2460,0,0.055694580078125,0,0.1693115234375,0,0.08050537109375,0,0.081298828125
67.2601,0,0.060791015625,0,-0.1978759765625,0,0.0538330078125,0,0.081298828125
67.2691,0,0.060791015625,0,-0.1978759765625,0,0.0538330078125,0,0.1719970703125
67.2806,0,-0.056854248046875,0,0.306396484375,0,0.05780029296875,0,0.1719970703125
67.2901,0,-0.056854248046875,0,0.306396484375,0,0.05780029296875,0,0.2008056640625
67.2994,0,0.07025146484375,0,0.050048828125,0,-0.03656005859375,0,0.2008056640625
67.3080,0,0.07025146484375,0,0.050048828125,0,-0.03656005859375,0,-0.1741943359375
67.3183,0,0.061859130859375,0,-0.68798828125,0,-0.05340576171875,0,-0.1741943359375
67.3275,0,0.061859130859375,0,-0.68798828125,0,-0.05340576171875,0,0.10333251953125
67.3323,0,0.0215911865234375,0,0.282958984375,0,-0.0299072265625,0,0.10333251953125
67.3468,0,0.0215911865234375,0,0.282958984375,0,-0.0299072265625,0,0.1336669921875
67.3587,0,0.0556640625,0,0.215576171875,0,-0.0258941650390625,0,0.1336669921875
67.3659,0,0.0556640625,0,0.215576171875,0,-0.0258941650390625,0,0.1990966796875
67.3813,0,0.21484375,0,0.3056640625,0,-0.0706787109375,0,0.1990966796875
67.3897,0,0.21484375,0,0.3056640625,0,-0.0706787109375,0,0.08868408203125
67.3931,0,0.052154541015625,0,0.1513671875,0,0.045135498046875,0,0.08868408203125
67.4073,0,0.052154541015625,0,0.1513671875,0,0.045135498046875,0,0.22412109375
67.4191,0,0.1448974609375,0,-1.005859375,0,0.119384765625,0,0.22412109375
67.4276,0,0.1448974609375,0,-1.005859375,0,0.119384765625,0,-0.131591796875
67.4370,0,-0.029693603515625,0,-1.005859375,0,0.02813720703125,0,-0.131591796875
67.4468,0,-0.029693603515625,0,0.38232421875,0,0.02813720703125,0,-0.131591796875
67.4575,0,0.0811767578125,0,0.38232421875,0,-0.036590576171875,0,0.1583251953125
67.4673,0,0.0811767578125,0,0.2000732421875,0,-0.036590576171875,0,-0.04327392578125
67.4799,0,0.0843505859375,0,0.2000732421875,0,0.0171051025390625,0,-0.04327392578125
67.4865,0,0.0843505859375,0,-0.6845703125,0,0.0171051025390625,0,-0.04327392578125
67.4996,0,-0.35888671875,0,-0.6845703125,0,0.0171051025390625,0,-0.1805419921875
67.5062,0,-0.35888671875,0,0.341552734375,0,0.01025390625,0,-0.1805419921875
67.5200,0,-0.1512451171875,0,0.341552734375,0,0.01025390625,0,-0.2841796875
67.5260,0,-0.1512451171875,0,-0.484619140625,0,0.06695556640625,0,-0.2841796875
67.5392,0,-0.0736083984375,0,-0.484619140625,0,-0.005889892578125,0,0.0291290283203125
67.5476,0,-0.0736083984375,0,-0.43994140625,0,-0.005889892578125,0,0.0291290283203125
67.5572,0,0.0611572265625,0,-0.43994140625,0,-0.005889892578125,0,-0.153076171875
67.5669,0,0.0611572265625,0,-0.1966552734375,0,-0.047882080078125,0,-0.153076171875
67.5720,0,0.147216796875,0,-0.1966552734375,0,-0.047882080078125,0,0.14208984375
67.5891,0,0.147216796875,0,0.07330322265625,0,-0.037353515625,0,-0.2137451171875
67.5996,0,0.1025390625,0,0.07330322265625,0,-0.037353515625,0,-0.2137451171875
67.6060,0,0.1025390625,0,0.399169921875,0,-0.04296875,0,-0.2137451171875
67.6200,0,0.21337890625,0,0.399169921875,0,-0.0224761962890625,0,-0.1590576171875
67.6263,0,0.21337890625,0,-0.016082763671875,0,-0.0224761962890625,0,-0.1590576171875
67.6398,0,-0.4248046875,0,-0.016082763671875,0,-0.0224761962890625,0,0.14501953125
67.6472,0,-0.4248046875,0,0.1873779296875,0,-0.046295166015625,0,0.14501953125
67.6587,0,0.08660888671875,0,0.1873779296875,0,-0.046295166015625,0,-0.16259765625
67.6675,0,0.08660888671875,0,-0.406494140625,0,0.006786346435546875,0,-0.16259765625
67.6768,0,0.08660888671875,0,-0.406494140625,0,0.006786346435546875,0,-0.1043701171875
67.6869,0,-0.284912109375,0,0.298828125,0,0.046356201171875,0,-0.1043701171875
67.6929,0,-0.276611328125,0,0.298828125,0,0.046356201171875,0,0.14404296875
67.7073,0,-0.276611328125,0,-0.339111328125,0,-0.00804901123046875,0,0.14404296875
67.7189,0,0.148193359375,0,-0.339111328125,0,-0.00804901123046875,0,-0.17578125
67.7270,0,0.148193359375,0,0.413818359375,0,-0.0294342041015625,0,-0.17578125
67.7396,0,0.148193359375,0,0.413818359375,0,-0.0294342041015625,0,0.1722412109375
67.7472,0,0.0413818359375,0,-0.26025390625,0,0.0266265869140625,0,0.1722412109375
67.7520,0,0.0413818359375,0,-0.26025390625,0,0.0266265869140625,0,0.147216796875
67.7648,0,0.09381103515625,0,-0.13427734375,0,-0.0033588409423828125,0,0.147216796875
67.7788,0,0.09381103515625,0,-0.13427734375,0,-0.0033588409423828125,0,-0.0721435546875
67.7875,0,-0.0965576171875,0,0.32861328125,0,0.08660888671875,0,-0.0721435546875
67.7994,0,-0.0965576171875,0,0.32861328125,0,0.08660888671875,0,-0.05670166015625
67.8066,0,0.2027587890625,0,0.33984375,0,0.055694580078125,0,-0.05670166015625
67.8194,0,-0.03857421875,0,0.33984375,0,0.055694580078125,0,-0.2041015625
67.8293,0,-0.03857421875,0,0.11639404296875,0,-0.0379638671875,0,-0.2041015625
67.8387,0,-0.03857421875,0,0.11639404296875,0,-0.0379638671875,0,-0.045684814453125
67.8429,0,0.034088134765625,0,-0.06536865234375,0,-0.0902099609375,0,-0.045684814453125
67.8607,0,0.034088134765625,0,-0.06536865234375,0,-0.0902099609375,0,0.178955078125
67.8675,0,0.1763916015625,0,0.2410888671875,0,0.0396728515625,0,0.178955078125
67.8799,0,0.1763916015625,0,0.2410888671875,0,0.0396728515625,0,-0.11651611328125
67.8883,0,0.0518798828125,0,0.2410888671875,0,0.053436279296875,0,-0.11651611328125
67.8999,0,0.0518798828125,0,0.27880859375,0,0.053436279296875,0,-0.11651611328125
67.9063,0,0.07159423828125,0,0.27880859375,0,0.08612060546875,0,-0.11151123046875
67.9195,0,0.07159423828125,0,0.283203125,0,0.08612060546875,0,-0.07269287109375
67.9272,0,0.058197021484375,0,0.283203125,0,-0.07025146484375,0,-0.07269287109375
67.9370,0,0.058197021484375,0,-0.155517578125,0,-0.07025146484375,0,-0.07269287109375
67.9468,0,-0.2177734375,0,-0.155517578125,0,-0.07025146484375,0,0.222900390625
67.9573,0,-0.2177734375,0,0.39794921875,0,0.058868408203125,0,0.222900390625
67.9670,0,0.1036376953125,0,0.39794921875,0,0.058868408203125,0,-0.2451171875
67.9772,0,0.1036376953125,0,0.429931640625,0,0.033660888671875,0,-0.2451171875
67.9864,0,0.185302734375,0,0.429931640625,0,0.053558349609375,0,0.1876220703125
67.9995,0,0.185302734375,0,0.1319580078125,0,0.053558349609375,0,0.1876220703125
68.0074,0,-0.1129150390625,0,0.1319580078125,0,0.07763671875,0,-0.049652099609375
68.0195,0,-0.1129150390625,0,0.06866455078125,0,0.07763671875,0,-0.049652099609375
68.0259,0,0.1668701171875,0,0.06866455078125,0,0.07763671875,0,-0.200927734375
68.0395,0,0.1668701171875,0,-0.65673828125,0,-0.06475830078125,0,-0.200927734375
68.0472,0,-0.1239013671875,0,-0.65673828125,0,0.11279296875,0,-0.098876953125
68.0567,0,-0.1239013671875,0,-0.07147216796875,0,0.11279296875,0,-0.098876953125
68.0669,0,-0.268310546875,0,-0.07147216796875,0,0.11279296875,0,-0.30224609375
68.0771,0,-0.268310546875,0,0.239990234375,0,-0.035888671875,0,-0.30224609375
68.0872,0,-0.0869140625,0,0.239990234375,0,-0.035888671875,0,0.1424560546875
68.0973,0,-0.0869140625,0,0.445556640625,0,-0.05084228515625,0,0.1424560546875
68.1063,0,-0.029541015625,0,0.445556640625,0,-0.05084228515625,0,0.1044921875
68.1212,0,-0.029541015625,0,0.10101318359375,0,-0.04376220703125,0,0.1044921875
68.1275,0,-0.029541015625,0,0.10101318359375,0,-0.04376220703125,0,-0.07891845703125
68.1398,0,-0.27490234375,0,-0.30810546875,0,0.04315185546875,0,-0.07891845703125
68.1434,0,0.09405517578125,0,-0.30810546875,0,0.04315185546875,0,0.0760498046875
68.1595,0,0.09405517578125,0,0.396240234375,0,-0.049957275390625,0,0.0760498046875
68.1690,0,-0.151611328125,0,0.396240234375,0,-0.049957275390625,0,0.18408203125
68.1796,0,-0.151611328125,0,0.45458984375,0,-0.061492919921875,0,0.18408203125
68.1875,0,-0.172119140625,0,0.45458984375,0,-0.061492919921875,0,0.284423828125
68.1986,0,-0.172119140625,0,-0.4423828125,0,-0.0303955078125,0,0.284423828125
68.2092,0,-0.172119140625,0,-0.4423828125,0,-0.0303955078125,0,-0.170654296875
68.2171,0,-0.185791015625,0,-0.59716796875,0,-0.0223846435546875,0,-0.170654296875
68.2266,0,-0.185791015625,0,-0.59716796875,0,-0.0223846435546875,0,0.08392333984375
68.2314,0,0.039306640625,0,0.1983642578125,0,-0.000995635986328125,0,0.08392333984375
68.2469,0,0.039306640625,0,0.1983642578125,0,-0.000995635986328125,0,-0.2880859375
68.2599,0,0.08209228515625,0,0.458251953125,0,-0.01531982421875,0,-0.2880859375
68.2661,0,0.08209228515625,0,0.458251953125,0,-0.01531982421875,0,-0.1441650390625
68.2794,0,-0.043182373046875,0,0.458251953125,0,-0.059234619140625,0,-0.1441650390625
68.2859,0,-0.043182373046875,0,-0.2227783203125,0,-0.059234619140625,0,-0.1441650390625
68.3010,0,-0.1888427734375,0,-0.2227783203125,0,0.08929443359375,0,-0.04779052734375
68.3103,0,-0.1888427734375,0,0.427001953125,0,0.08929443359375,0,0.1475830078125
68.3181,0,-0.1873779296875,0,0.427001953125,0,0.107177734375,0,0.1475830078125
68.3272,0,-0.1873779296875,0,0.1861572265625,0,0.107177734375,0,0.1475830078125
68.3376,0,0.08282470703125,0,0.1861572265625,0,-0.01238250732421875,0,-0.2177734375
68.3468,0,0.08282470703125,0,0.123046875,0,-0.01238250732421875,0,-0.2177734375
68.3575,0,-0.21728515625,0,0.123046875,0,0.07818603515625,0,-0.1304931640625
68.3660,0,-0.21728515625,0,-0.411865234375,0,0.07818603515625,0,-0.1304931640625
68.3802,0,0.0821533203125,0,-0.411865234375,0,-0.05963134765625,0,0.1656494140625
68.3864,0,0.0821533203125,0,-0.201171875,0,-0.05963134765625,0,0.1656494140625
68.4000,0,-0.1265869140625,0,-0.201171875,0,-0.05963134765625,0,0.1688232421875
68.4063,0,-0.1265869140625,0,-0.529296875,0,-0.07342529296875,0,0.1688232421875
68.4198,0,0.1339111328125,0,-0.529296875,0,-0.07342529296875,0,-0.1214599609375
68.4287,0,0.1339111328125,0,0.48779296875,0,0.02154541015625,0,-0.1214599609375
68.4398,0,-0.0765380859375,0,0.48779296875,0,0.02154541015625,0,-0.051788330078125
68.4472,0,-0.0765380859375,0,0.4560546875,0,-0.017608642578125,0,-0.051788330078125
68.4573,0,0.008209228515625,0,0.4560546875,0,-0.017608642578125,0,-0.1650390625
68.4669,0,0.008209228515625,0,-0.61083984375,0,0.018707275390625,0,-0.1650390625
68.4717,0,0.07672119140625,0,-0.61083984375,0,0.018707275390625,0,-0.0367431640625
68.4869,0,0.07672119140625,0,-0.5625,0,0.0159149169921875,0,-0.0367431640625
68.4997,0,0.009765625,0,-0.5625,0,0.0159149169921875,0,0.07440185546875
68.5061,0,0.009765625,0,-0.54345703125,0,0.030517578125,0,0.07440185546875
68.5199,0,0.10455322265625,0,-0.54345703125,0,0.030517578125,0,0.129638671875
68.5262,0,0.10455322265625,0,0.2177734375,0,-0.07257080078125,0,0.129638671875
68.5397,0,0.10455322265625,0,0.2177734375,0,-0.07257080078125,0,-0.193115234375
68.5459,0,0.07501220703125,0,0.2705078125,0,-0.0305633544921875,0,-0.193115234375
68.5588,0,0.0279998779296875,0,0.2705078125,0,-0.0305633544921875,0,-0.0579833984375
68.5685,0,0.0279998779296875,0,-1.0341796875,0,0.133544921875,0,-0.0579833984375
68.5775,0,0.0279998779296875,0,-1.0341796875,0,0.133544921875,0,-0.132080078125
68.5872,0,-0.1859130859375,0,0.427978515625,0,-0.0633544921875,0,-0.132080078125
68.6000,0,-0.1859130859375,0,0.427978515625,0,-0.0633544921875,0,0.1708984375
68.6092,0,0.189208984375,0,-0.1417236328125,0,-0.041259765625,0,0.1708984375
68.6198,0,0.189208984375,0,-0.1417236328125,0,-0.041259765625,0,-0.0718994140625
68.6250,0,-0.15771484375,0,0.048095703125,0,0.041229248046875,0,-0.0718994140625
68.6406,0,-0.15771484375,0,0.048095703125,0,0.041229248046875,0,0.0506591796875
68.6459,0,-0.178466796875,0,0.048095703125,0,-0.0242919921875,0,0.0506591796875
68.6515,0,-0.178466796875,0,-0.40625,0,-0.0242919921875,0,0.1590576171875
68.6647,0,0.1324462890625,0,0.06414794921875,0,0.01471710205078125,0,0.1590576171875
68.6787,0,0.1324462890625,0,0.06414794921875,0,0.01471710205078125,0,-0.049652099609375
68.6834,0,0.0777587890625,0,0.26953125,0,0.06707763671875,0,-0.049652099609375
68.6994,0,0.0777587890625,0,0.26953125,0,0.06707763671875,0,-0.11737060546875
68.7070,0,0.07733154296875,0,-0.63525390625,0,0.0953369140625,0,-0.11737060546875
68.7128,0,0.07733154296875,0,-0.63525390625,0,0.0953369140625,0,-0.1510009765625
68.7271,0,0.1534423828125,0,0.34765625,0,-0.03826904296875,0,-0.1510009765625
68.7388,0,0.1534423828125,0,0.34765625,0,-0.03826904296875,0,-0.1514892578125
68.7470,0,0.0748291015625,0,0.34765625,0,-0.040252685546875,0,-0.1514892578125
68.7597,0,0.0748291015625,0,0.0465087890625,0,-0.040252685546875,0,0.1595458984375
68.7673,0,0.11370849609375,0,0.0465087890625,0,-0.0192108154296875,0,0.1595458984375
68.7795,0,0.11370849609375,0,-0.2197265625,0,-0.0192108154296875,0,0.1595458984375
68.7872,0,-0.02435302734375,0,-0.2197265625,0,-0.0192108154296875,0,0.1226806640625
68.7998,0,-0.02435302734375,0,0.045867919921875,0,-0.040252685546875,0,0.1226806640625
68.8063,0,-0.18310546875,0,0.045867919921875,0,-0.040252685546875,0,0.177734375
68.8195,0,-0.18310546875,0,0.2188720703125,0,0.0809326171875,0,0.177734375
68.8295,0,0.047119140625,0,0.2188720703125,0,0.0809326171875,0,0.2093505859375
68.8400,0,0.047119140625,0,0.18359375,0,-0.1103515625,0,0.2093505859375
68.8485,0,0.03326416015625,0,0.18359375,0,-0.1103515625,0,-0.196533203125
68.8585,0,0.03326416015625,0,0.3828125,0,-0.03314208984375,0,-0.196533203125
68.8636,0,0.14794921875,0,0.3828125,0,-0.03314208984375,0,0.18115234375
68.8777,0,0.14794921875,0,-0.05682373046875,0,0.127685546875,0,0.18115234375
68.8862,0,-0.152099609375,0,-0.05682373046875,0,0.127685546875,0,-0.047698974609375
68.9000,0,-0.152099609375,0,0.44091796875,0,-0.131591796875,0,-0.047698974609375
68.9104,0,-0.2261962890625,0,0.44091796875,0,-0.131591796875,0,-0.04571533203125
68.9221,0,-0.2261962890625,0,0.329833984375,0,-0.0111846923828125,0,-0.04571533203125
68.9274,0,-0.20068359375,0,0.329833984375,0,-0.0111846923828125,0,0.04449462890625
68.9397,0,-0.20068359375,0,0.3798828125,0,-0.04425048828125,0,0.04449462890625
68.9474,0,0.0294647216796875,0,0.3798828125,0,-0.04425048828125,0,0.038543701171875
68.9567,0,0.0294647216796875,0,0.443115234375,0,0.0369873046875,0,0.038543701171875
68.9679,0,0.0294647216796875,0,0.443115234375,0,0.0369873046875,0,-0.2119140625
68.9783,0,-0.12298583984375,0,0.095947265625,0,0.06524658203125,0,-0.2119140625
68.9872,0,-0.12298583984375,0,0.095947265625,0,0.06524658203125,0,0.2939453125
68.9996,0,-0.1556396484375,0,-0.56982421875,0,-0.047271728515625,0,0.2939453125
69.0101,0,-0.1556396484375,0,-0.56982421875,0,-0.047271728515625,0,-0.08807373046875
69.0198,0,0.0927734375,0,-0.3310546875,0,-0.0721435546875,0,-0.08807373046875
69.0262,0,0.0927734375,0,-0.3310546875,0,-0.0721435546875,0,-0.1712646484375
69.0396,0,-0.0238494873046875,0,0.257080078125,0,-0.036163330078125,0,-0.1712646484375
69.0458,0,-0.0238494873046875,0,0.257080078125,0,-0.036163330078125,0,0.318115234375
69.0596,0,-0.1771240234375,0,0.322265625,0,-0.02374267578125,0,0.318115234375
69.0674,0,-0.1771240234375,0,0.322265625,0,-0.02374267578125,0,-0.1142578125
69.0786,0,-0.033782958984375,0,0.04205322265625,0,0.056549072265625,0,-0.1142578125
69.0873,0,0.06634521484375,0,0.04205322265625,0,0.056549072265625,0,0.1005859375
69.0968,0,0.06634521484375,0,0.04205322265625,0,-0.053558349609375,0,0.1005859375
69.1077,0,0.06634521484375,0,0.07452392578125,0,-0.053558349609375,0,0.0703125
69.1176,0,0.06414794921875,0,0.07452392578125,0,0.08221435546875,0,0.0703125
69.1265,0,0.06414794921875,0,-0.153564453125,0,0.08221435546875,0,0.0673828125
69.1428,0,-0.291259765625,0,-0.153564453125,0,0.0241851806640625,0,0.0673828125
69.1475,0,-0.291259765625,0,0.383056640625,0,0.0241851806640625,0,0.1397705078125
69.1592,0,-0.278564453125,0,0.2489013671875,0,0.06781005859375,0,0.1397705078125
69.1669,0,-0.278564453125,0,0.2489013671875,0,0.06781005859375,0,0.1551513671875
69.1794,0,0.19091796875,0,-0.734375,0,0.1046142578125,0,0.1551513671875
69.1872,0,0.19091796875,0,-0.734375,0,0.1046142578125,0,0.0177001953125
69.1927,0,-0.2802734375,0,-0.734375,0,-0.0221710205078125,0,0.0177001953125
69.2083,0,-0.2802734375,0,0.057037353515625,0,-0.0221710205078125,0,-0.0241546630859375
69.2204,0,-0.02508544921875,0,0.057037353515625,0,0.12432861328125,0,-0.0241546630859375
69.2241,0,-0.02508544921875,0,-0.705078125,0,0.12432861328125,0,0.1856689453125
69.2386,0,-0.0789794921875,0,-0.705078125,0,0.12432861328125,0,0.1856689453125
69.2460,0,-0.0789794921875,0,0.447021484375,0,-0.02880859375,0,-0.1861572265625
69.2603,0,-0.08935546875,0,0.447021484375,0,-0.02880859375,0,-0.1861572265625
69.2674,0,-0.08935546875,0,-0.317626953125,0,0.093017578125,0,-0.1861572265625
69.2779,0,0.0355224609375,0,-0.317626953125,0,0.05108642578125,0,-0.188720703125
69.2869,0,0.0355224609375,0,0.328857421875,0,0.05108642578125,0,0.044586181640625
69.3020,0,0.0306243896484375,0,0.328857421875,0,0.0362548828125,0,0.044586181640625
69.3090,0,0.0306243896484375,0,0.302734375,0,0.0362548828125,0,-0.1820068359375
69.3212,0,0.035308837890625,0,0.302734375,0,0.0362548828125,0,-0.1820068359375
69.3282,0,0.035308837890625,0,-0.5146484375,0,0.031402587890625,0,0.05157470703125
69.3409,0,0.09503173828125,0,-0.5146484375,0,0.031402587890625,0,0.05157470703125
69.3473,0,0.09503173828125,0,0.32763671875,0,0.0518798828125,0,0.05157470703125
69.3589,0,0.055816650390625,0,0.32763671875,0,0.0518798828125,0,-0.129150390625
69.3674,0,0.055816650390625,0,-0.13330078125,0,0.044677734375,0,-0.26318359375
69.3815,0,-0.352783203125,0,-0.13330078125,0,0.044677734375,0,-0.26318359375
69.3873,0,-0.352783203125,0,-0.33935546875,0,-0.05487060546875,0,-0.26318359375
69.4002,0,0.154541015625,0,-0.33935546875,0,-0.05487060546875,0,0.051849365234375
69.4103,0,0.154541015625,0,-0.7041015625,0,0.029937744140625,0,0.051849365234375
69.4190,0,-0.212890625,0,-0.7041015625,0,0.029937744140625,0,-0.1962890625
69.4272,0,-0.212890625,0,0.4609375,0,-0.022186279296875,0,-0.1962890625
69.4317,0,-0.11358642578125,0,0.4609375,0,-0.022186279296875,0,-0.126953125
69.4471,0,-0.11358642578125,0,0.07159423828125,0,-0.01519775390625,0,-0.126953125
69.4580,0,-0.16064453125,0,0.07159423828125,0,-0.01519775390625,0,0.0142669677734375
69.4672,0,-0.16064453125,0,-0.150390625,0,-0.1243896484375,0,0.0142669677734375
69.4805,0,-0.149169921875,0,-0.150390625,0,-0.1243896484375,0,-0.095458984375
69.4884,0,-0.149169921875,0,0.282470703125,0,0.05841064453125,0,-0.095458984375
69.4972,0,-0.149169921875,0,0.282470703125,0,0.05841064453125,0,-0.261474609375
69.5096,0,0.10296630859375,0,0.457275390625,0,-0.06512451171875,0,-0.261474609375
69.5178,0,0.10296630859375,0,0.457275390625,0,-0.06512451171875,0,-0.2047119140625
69.5283,0,0.013763427734375,0,0.457275390625,0,0.05010986328125,0,-0.2047119140625
69.5405,0,0.013763427734375,0,0.250244140625,0,0.05010986328125,0,-0.188720703125
69.5465,0,-0.2568359375,0,0.255859375,0,0.1099853515625,0,-0.188720703125
69.5607,0,-0.2568359375,0,0.255859375,0,0.1099853515625,0,-0.222412109375
69.5673,0,0.01119232177734375,0,-0.1474609375,0,-0.033966064453125,0,-0.222412109375
69.5795,0,0.01119232177734375,0,-0.1474609375,0,-0.033966064453125,0,0.10943603515625
69.5873,0,-0.218505859375,0,-0.1474609375,0,0.05010986328125,0,0.10943603515625
69.5968,0,-0.218505859375,0,0.1409912109375,0,0.05010986328125,0,-0.0811767578125
69.6087,0,-0.0831298828125,0,0.1409912109375,0,0.04388427734375,0,-0.0811767578125
69.6196,0,-0.0831298828125,0,0.1748046875,0,0.04388427734375,0,-0.07427978515625
69.6273,0,0.0755615234375,0,0.1748046875,0,0.04388427734375,0,-0.07427978515625
69.6378,0,0.0755615234375,0,0.05596923828125,0,0.08587646484375,0,0.03619384765625
69.6470,0,-0.1376953125,0,0.05596923828125,0,-0.0635986328125,0,0.03619384765625
69.6596,0,-0.1376953125,0,0.04949951171875,0,-0.0635986328125,0,0.14599609375
69.6662,0,-0.2105712890625,0,0.04949951171875,0,0.04522705078125,0,0.14599609375
69.6778,0,-0.2105712890625,0,0.193115234375,0,0.04522705078125,0,-0.061737060546875
69.6869,0,0.07269287109375,0,0.193115234375,0,0.04522705078125,0,-0.061737060546875
69.6971,0,0.07269287109375,0,0.173095703125,0,0.035797119140625,0,0.1219482421875
69.7073,0,0.075927734375,0,0.173095703125,0,0.035797119140625,0,0.1219482421875
69.7204,0,0.075927734375,0,-0.72509765625,0,0.050567626953125,0,-0.054931640625
69.7281,0,0.0799560546875,0,-0.72509765625,0,-0.021453857421875,0,-0.054931640625
69.7397,0,0.0799560546875,0,0.314208984375,0,-0.021453857421875,0,0.158447265625
69.7458,0,0.1195068359375,0,0.314208984375,0,-0.021453857421875,0,0.158447265625
69.7590,0,0.1195068359375,0,0.478759765625,0,0.0364990234375,0,-0.152587890625
69.7660,0,0.129638671875,0,0.478759765625,0,0.0364990234375,0,-0.152587890625
69.7801,0,0.129638671875,0,0.0227508544921875,0,0.060211181640625,0,-0.031951904296875
69.7879,0,0.11383056640625,0,0.0227508544921875,0,0.060211181640625,0,-0.031951904296875
69.7996,0,0.11383056640625,0,0.259033203125,0,-0.0341796875,0,-0.031951904296875
69.8082,0,0.07086181640625,0,0.259033203125,0,-0.0341796875,0,0.1986083984375
69.8164,0,0.07086181640625,0,-0.33251953125,0,0.0150909423828125,0,0.1986083984375
69.8292,0,0.065185546875,0,-0.33251953125,0,0.0150909423828125,0,0.1561279296875
69.8396,0,0.065185546875,0,0.1865234375,0,-0.034149169921875,0,0.1561279296875
69.8476,0,-0.1649169921875,0,0.1865234375,0,-0.034149169921875,0,0.1357421875
69.8538,0,-0.1649169921875,0,0.294189453125,0,-0.050567626953125,0,0.1357421875
69.8679,0,0.0594482421875,0,0.294189453125,0,-0.050567626953125,0,-0.153076171875
69.8789,0,0.0594482421875,0,0.4677734375,0,0.021209716796875,0,-0.153076171875
69.8882,0,0.1407470703125,0,0.4677734375,0,0.021209716796875,0,-0.073974609375
69.8995,0,0.1407470703125,0,-0.02215576171875,0,-0.02362060546875,0,-0.073974609375
69.9091,0,0.1719970703125,0,-0.02215576171875,0,-0.02362060546875,0,0.208740234375
69.9135,0,0.1719970703125,0,0.403564453125,0,-0.032073974609375,0,0.208740234375
69.9275,0,-0.1165771484375,0,0.403564453125,0,-0.032073974609375,0,-0.130859375
69.9393,0,-0.1165771484375,0,-0.81201171875,0,-0.034393310546875,0,-0.130859375
69.9459,0,0.1651611328125,0,-0.81201171875,0,-0.034393310546875,0,0.1502685546875
69.9598,0,0.1651611328125,0,-0.81201171875,0,0.057098388671875,0,0.1502685546875
69.9672,0,0.11602783203125,0,-0.2666015625,0,0.057098388671875,0,-0.2288818359375
69.9774,0,0.11602783203125,0,-0.2666015625,0,-0.058807373046875,0,-0.2288818359375
69.9867,0,-0.2509765625,0,-0.441650390625,0,-0.058807373046875,0,-0.0799560546875
69.9971,0,-0.2509765625,0,-0.441650390625,0,0.02752685546875,0,-0.0799560546875
70.0070,0,-0.05877685546875,0,-0.29931640625,0,0.02752685546875,0,-0.1309814453125
70.0171,0,-0.05877685546875,0,-0.29931640625,0,-0.0247802734375,0,-0.1309814453125
70.0269,0,-0.1875,0,0.223876953125,0,-0.0247802734375,0,-0.1785888671875
70.0409,0,-0.1875,0,0.223876953125,0,-0.0254058837890625,0,-0.1785888671875
70.0474,0,-0.1875,0,0.2425537109375,0,-0.0254058837890625,0,-0.08050537109375
70.0611,0,0.10247802734375,0,0.2425537109375,0,0.07122802734375,0,-0.08050537109375
70.0662,0,0.10247802734375,0,0.36572265625,0,0.07122802734375,0,-0.1639404296875
70.0812,0,-0.09033203125,0,0.36572265625,0,-0.03778076171875,0,-0.1639404296875
70.0861,0,-0.09033203125,0,0.341552734375,0,-0.03778076171875,0,0.11083984375
70.0917,0,-0.09014892578125,0,0.341552734375,0,-0.040802001953125,0,0.11083984375
70.1079,0,-0.226806640625,0,-0.04339599609375,0,-0.040802001953125,0,-0.2276611328125
70.1180,0,-0.226806640625,0,-0.04339599609375,0,0.050323486328125,0,-0.2276611328125
70.1232,0,-0.226806640625,0,-0.259521484375,0,0.050323486328125,0,-0.1756591796875
70.1373,0,0.06378173828125,0,-0.259521484375,0,0.050323486328125,0,-0.1756591796875
70.1461,0,0.06378173828125,0,-0.212890625,0,-0.005596160888671875,0,-0.1685791015625
70.1602,0,-0.08477783203125,0,-0.212890625,0,-0.005596160888671875,0,-0.1685791015625
70.1670,0,-0.08477783203125,0,-0.58544921875,0,-0.029144287109375,0,0.190673828125
70.1800,0,0.1258544921875,0,-0.58544921875,0,0.083251953125,0,0.190673828125
70.1863,0,0.1258544921875,0,0.2164306640625,0,0.083251953125,0,0.042694091796875
70.2004,0,0.1666259765625,0,0.2164306640625,0,0.0193634033203125,0,0.042694091796875
70.2075,0,0.1666259765625,0,0.07452392578125,0,0.0193634033203125,0,0.042694091796875
70.2213,0,0.12408447265625,0,0.07452392578125,0,0.0193634033203125,0,-0.1431884765625
70.2264,0,0.12408447265625,0,0.305908203125,0,-0.08929443359375,0,-0.1431884765625
70.2422,0,-0.050018310546875,0,0.305908203125,0,-0.08929443359375,0,0.034393310546875
70.2474,0,-0.050018310546875,0,-0.6298828125,0,-0.0145263671875,0,0.034393310546875
70.2598,0,0.039581298828125,0,-0.6298828125,0,-0.0145263671875,0,0.0300140380859375
70.2678,0,0.039581298828125,0,0.45751953125,0,0.03521728515625,0,0.0300140380859375
70.2775,0,-0.312744140625,0,0.45751953125,0,0.03521728515625,0,-0.1531982421875
70.2869,0,-0.312744140625,0,0.369140625,0,-0.12158203125,0,-0.1531982421875
70.2978,0,-0.230224609375,0,0.369140625,0,-0.12158203125,0,0.1427001953125
70.3095,0,-0.230224609375,0,0.018585205078125,0,0.0718994140625,0,0.1427001953125
70.3210,0,-0.122802734375,0,0.018585205078125,0,0.0718994140625,0,-0.12445068359375
70.3288,0,-0.122802734375,0,-0.09527587890625,0,-0.0288238525390625,0,-0.12445068359375
70.3401,0,-0.11968994140625,0,-0.09527587890625,0,-0.0288238525390625,0,0.294677734375
70.3476,0,-0.11968994140625,0,0.189208984375,0,-0.0290679931640625,0,0.294677734375
70.3611,0,-0.26806640625,0,0.189208984375,0,-0.0290679931640625,0,0.263427734375
70.3672,0,-0.26806640625,0,0.44970703125,0,0.068115234375,0,0.263427734375
70.3792,0,0.1292724609375,0,0.44970703125,0,0.068115234375,0,0.05877685546875
70.3865,0,0.1292724609375,0,0.1888427734375,0,-0.01021575927734375,0,0.05877685546875
70.3973,0,-0.0474853515625,0,0.1888427734375,0,-0.01021575927734375,0,-0.0880126953125
70.4071,0,-0.0474853515625,0,-0.405029296875,0,-0.08319091796875,0,-0.0880126953125
70.4200,0,-0.35791015625,0,-0.405029296875,0,-0.08319091796875,0,-0.2174072265625
70.4265,0,-0.35791015625,0,-0.405029296875,0,-0.048858642578125,0,-0.2174072265625
70.4398,0,-0.35791015625,0,-0.341796875,0,-0.048858642578125,0,-0.201171875
70.4482,0,-0.196533203125,0,-0.341796875,0,-0.01507568359375,0,-0.201171875
70.4514,0,-0.30908203125,0,-0.4287109375,0,-0.01507568359375,0,0.1622314453125
70.4649,0,-0.30908203125,0,-0.4287109375,0,-0.057769775390625,0,0.1622314453125
70.4796,0,0.13427734375,0,-0.4208984375,0,-0.057769775390625,0,-0.098388671875
70.4877,0,0.13427734375,0,-0.4208984375,0,-0.037506103515625,0,-0.098388671875
70.4995,0,-0.0152740478515625,0,-0.45166015625,0,-0.037506103515625,0,-0.150634765625
70.5075,0,-0.0152740478515625,0,-0.45166015625,0,0.090576171875,0,-0.150634765625
70.5168,0,-0.0152740478515625,0,-0.19677734375,0,0.090576171875,0,-0.270751953125
70.5270,0,0.09161376953125,0,-0.19677734375,0,0.03460693359375,0,-0.270751953125
70.5386,0,0.09161376953125,0,0.410888671875,0,0.03460693359375,0,0.274169921875
70.5472,0,0.1395263671875,0,0.410888671875,0,0.050811767578125,0,0.274169921875
70.5617,0,0.1395263671875,0,-0.334716796875,0,0.050811767578125,0,0.274169921875
70.5664,0,-0.1910400390625,0,-0.334716796875,0,0.03582763671875,0,0.26318359375
70.5796,0,-0.1910400390625,0,-0.296142578125,0,0.03582763671875,0,0.26318359375
70.5862,0,0.200439453125,0,-0.296142578125,0,0.03582763671875,0,-0.2705078125
70.5987,0,0.200439453125,0,0.3076171875,0,0.049041748046875,0,-0.035614013671875
70.6076,0,0.140625,0,0.3076171875,0,-0.055084228515625,0,-0.035614013671875
70.6203,0,0.140625,0,-0.302734375,0,-0.055084228515625,0,-0.23095703125
70.6283,0,-0.129150390625,0,-0.302734375,0,0.07110595703125,0,-0.23095703125
70.6374,0,-0.129150390625,0,0.257080078125,0,0.07110595703125,0,-0.23095703125
70.6468,0,0.1065673828125,0,0.257080078125,0,0.07110595703125,0,0.05279541015625
70.6598,0,0.1065673828125,0,-0.388916015625,0,-0.041839599609375,0,0.05279541015625
70.6673,0,0.1500244140625,0,-0.388916015625,0,-0.041839599609375,0,0.07501220703125
70.6796,0,0.1500244140625,0,0.1383056640625,0,-0.0142364501953125,0,-0.16796875
70.6859,0,0.133056640625,0,0.1383056640625,0,-0.0142364501953125,0,-0.16796875
70.6994,0,0.133056640625,0,0.289306640625,0,-0.02978515625,0,-0.16796875
70.7060,0,0.0948486328125,0,0.289306640625,0,-0.02978515625,0,0.02471923828125
70.7221,0,0.0948486328125,0,0.2291259765625,0,0.0562744140625,0,0.02471923828125
70.7275,0,-0.1759033203125,0,0.2291259765625,0,0.0562744140625,0,-0.226318359375
70.7403,0,-0.1759033203125,0,0.3125,0,0.06427001953125,0,-0.226318359375
70.7473,0,0.0440673828125,0,0.3125,0,0.06427001953125,0,0.07049560546875
70.7571,0,0.0440673828125,0,0.221923828125,0,-0.0227508544921875,0,0.07049560546875
70.7671,0,0.095703125,0,0.221923828125,0,0.034942626953125,0,-0.28857421875
70.7788,0,0.095703125,0,-0.25,0,0.034942626953125,0,-0.28857421875
70.7871,0,-0.1785888671875,0,-0.25,0,0.034942626953125,0,0.298828125
70.7996,0,-0.1785888671875,0,0.39599609375,0,-0.0367431640625,0,0.298828125
70.8075,0,-0.2169189453125,0,0.39599609375,0,-0.0367431640625,0,-0.189453125
70.8197,0,-0.2169189453125,0,0.169921875,0,-0.056640625,0,-0.189453125
70.8283,0,0.1549072265625,0,0.169921875,0,-0.056640625,0,0.1263427734375
70.8388,0,0.1549072265625,0,0.291259765625,0,-0.0357666015625,0,0.1263427734375
70.8443,0,-0.285400390625,0,0.291259765625,0,-0.0357666015625,0,0.05908203125
70.8601,0,-0.285400390625,0,-0.0241241455078125,0,0.077880859375,0,0.05908203125
70.8664,0,-0.284423828125,0,-0.0241241455078125,0,0.077880859375,0,0.170654296875
70.8783,0,-0.284423828125,0,-0.0241241455078125,0,0.032562255859375,0,0.170654296875
70.8874,0,-0.284423828125,0,0.1646728515625,0,0.032562255859375,0,-0.2066650390625
70.8971,0,0.13818359375,0,0.1646728515625,0,0.0931396484375,0,-0.2066650390625
70.9020,0,-0.09405517578125,0,0.322265625,0,0.0931396484375,0,0.1737060546875
70.9171,0,-0.09405517578125,0,0.322265625,0,0.0460205078125,0,0.1737060546875
70.9271,0,-0.0704345703125,0,-0.058349609375,0,0.0460205078125,0,0.05621337890625
70.9400,0,-0.0704345703125,0,-0.058349609375,0,-0.1070556640625,0,0.05621337890625
70.9474,0,0.15478515625,0,-0.2890625,0,-0.1070556640625,0,0.0977783203125
70.9621,0,0.15478515625,0,-0.2890625,0,-0.019561767578125,0,0.0977783203125
70.9672,0,0.15478515625,0,0.3759765625,0,-0.019561767578125,0,0.15869140625
70.9797,0,-0.2237548828125,0,0.3759765625,0,0.1065673828125,0,0.15869140625
70.9875,0,-0.2237548828125,0,-0.2587890625,0,0.1065673828125,0,-0.1697998046875
70.9966,0,-0.1640625,0,-0.2587890625,0,-0.0142364501953125,0,-0.1697998046875
71.0074,0,-0.1640625,0,0.35107421875,0,-0.0142364501953125,0,-0.076904296875
71.0168,0,0.09259033203125,0,0.35107421875,0,0.042083740234375,0,-0.076904296875
71.0271,0,0.09259033203125,0,0.006397247314453125,0,0.042083740234375,0,-0.076904296875
71.0373,0,0.1829833984375,0,0.006397247314453125,0,-0.0171051025390625,0,-0.30029296875
71.0471,0,0.1829833984375,0,-0.56103515625,0,-0.0171051025390625,0,-0.30029296875
71.0613,0,-0.08349609375,0,-0.56103515625,0,0.0283966064453125,0,0.0438232421875
71.0682,0,-0.08349609375,0,-0.10980224609375,0,0.0283966064453125,0,0.0438232421875
71.0788,0,-0.0347900390625,0,-0.10980224609375,0,0.03887939453125,0,-0.174072265625
71.0859,0,-0.0347900390625,0,-0.619140625,0,0.03887939453125,0,-0.174072265625
71.0995,0,-0.203125,0,-0.619140625,0,0.08251953125,0,0.1719970703125
71.1082,0,-0.203125,0,0.1741943359375,0,0.08251953125,0,0.1719970703125
71.1121,0,0.14404296875,0,0.1741943359375,0,-0.042755126953125,0,0.220458984375
71.1270,0,0.14404296875,0,-0.3486328125,0,-0.042755126953125,0,0.220458984375
71.1366,0,-0.2047119140625,0,-0.3486328125,0,-0.042755126953125,0,-0.1722412109375
71.1469,0,-0.2047119140625,0,0.140625,0,-0.046661376953125,0,-0.1722412109375
71.1573,0,0.14501953125,0,0.140625,0,-0.046661376953125,0,0.1253662109375
71.1668,0,0.14501953125,0,-0.60791015625,0,-0.09173583984375,0,0.1253662109375
71.1774,0,0.1083984375,0,-0.60791015625,0,-0.09173583984375,0,-0.08001708984375
71.1874,0,0.1083984375,0,0.1756591796875,0,0.08929443359375,0,-0.08001708984375
71.1998,0,0.1519775390625,0,0.1756591796875,0,-0.0101776123046875,0,-0.13330078125
71.2064,0,0.1519775390625,0,0.12164306640625,0,-0.0101776123046875,0,-0.13330078125
71.2195,0,0.033966064453125,0,0.12164306640625,0,-0.058349609375,0,-0.24365234375
71.2286,0,0.033966064453125,0,-0.47021484375,0,-0.058349609375,0,-0.24365234375
71.2332,0,-0.1546630859375,0,-0.47021484375,0,-0.058349609375,0,0.054351806640625
71.2450,0,-0.1546630859375,0,-0.2137451171875,0,0.0141143798828125,0,0.054351806640625
71.2591,0,-0.2275390625,0,-0.2137451171875,0,0.0141143798828125,0,-0.03411865234375
71.2677,0,-0.2275390625,0,0.1119384765625,0,-0.032623291015625,0,-0.03411865234375
71.2798,0,-0.091552734375,0,0.1119384765625,0,-0.032623291015625,0,0.1585693359375
71.2863,0,-0.091552734375,0,0.3564453125,0,0.09478759765625,0,0.1585693359375
71.2932,0,-0.091552734375,0,0.3564453125,0,0.09478759765625,0,-0.1510009765625
71.3073,0,0.1396484375,0,0.3564453125,0,0.011749267578125,0,-0.1510009765625
71.3171,0,-0.181640625,0,0.266845703125,0,0.011749267578125,0,0.1650390625
71.3284,0,-0.181640625,0,0.266845703125,0,-0.0116729736328125,0,0.1650390625
71.3395,0,-0.181640625,0,-0.46240234375,0,-0.0116729736328125,0,0.1650390625
71.3473,0,-0.19091796875,0,-0.46240234375,0,0.0151519775390625,0,0.1629638671875
71.3516,0,-0.19091796875,0,0.403564453125,0,0.0151519775390625,0,0.1116943359375
71.3646,0,0.109130859375,0,0.403564453125,0,0.0982666015625,0,0.1116943359375
71.3789,0,0.109130859375,0,-0.58544921875,0,0.0982666015625,0,-0.1971435546875
71.3880,0,-0.1617431640625,0,-0.58544921875,0,0.06585693359375,0,-0.1971435546875
71.3968,0,-0.1617431640625,0,0.4013671875,0,0.06585693359375,0,-0.1971435546875
71.4071,0,-0.2998046875,0,0.4013671875,0,-0.04888916015625,0,0.09808349609375
71.4171,0,-0.2998046875,0,0.27197265625,0,-0.04888916015625,0,0.09808349609375
71.4291,0,-0.19580078125,0,0.27197265625,0,0.0125274658203125,0,0.1461181640625
71.4402,0,-0.19580078125,0,0.147705078125,0,0.0125274658203125,0,-0.2783203125
71.4477,0,-0.05706787109375,0,0.147705078125,0,-0.01302337646484375,0,-0.2783203125
71.4596,0,-0.05706787109375,0,0.49169921875,0,-0.01302337646484375,0,-0.1239013671875
71.4672,0,-0.174560546875,0,0.49169921875,0,-0.01302337646484375,0,-0.1239013671875
71.4800,0,-0.174560546875,0,0.408203125,0,-0.045806884765625,0,-0.1239013671875
71.4878,0,-0.11895751953125,0,0.408203125,0,-0.045806884765625,0,-0.148681640625
71.4996,0,-0.11895751953125,0,-0.363037109375,0,-0.05224609375,0,-0.148681640625
71.5108,0,0.04962158203125,0,-0.363037109375,0,-0.05224609375,0,-0.2666015625
71.5195,0,0.04962158203125,0,0.35205078125,0,0.05682373046875,0,-0.2666015625
71.5281,0,0.047332763671875,0,0.35205078125,0,-0.01275634765625,0,-0.04034423828125
71.5370,0,0.047332763671875,0,-0.64013671875,0,-0.01275634765625,0,-0.04034423828125
71.5473,0,0.10150146484375,0,-0.64013671875,0,-0.01275634765625,0,0.20068359375
71.5573,0,0.10150146484375,0,0.07550048828125,0,-0.052764892578125,0,0.20068359375
71.5671,0,0.1422119140625,0,0.07550048828125,0,-0.052764892578125,0,0.19189453125
71.5801,0,0.1422119140625,0,0.4140625,0,0.0191802978515625,0,0.19189453125
71.5864,0,-0.314208984375,0,0.4140625,0,0.03948974609375,0,0.25341796875
71.5998,0,-0.314208984375,0,0.475830078125,0,0.03948974609375,0,0.25341796875
71.6061,0,0.236083984375,0,0.475830078125,0,0.03948974609375,0,0.052001953125
71.6193,0,0.236083984375,0,0.433837890625,0,0.105712890625,0,0.052001953125
71.6312,0,0.18115234375,0,0.433837890625,0,0.0166015625,0,0.0914306640625
71.6394,0,0.18115234375,0,0.333984375,0,0.0166015625,0,0.0914306640625
71.6466,0,0.0960693359375,0,0.333984375,0,0.0166015625,0,0.1002197265625
71.6567,0,0.0960693359375,0,-0.1302490234375,0,0.01739501953125,0,0.1002197265625
71.6665,0,-0.2607421875,0,-0.1302490234375,0,0.01739501953125,0,0.08685302734375
71.6786,0,-0.2607421875,0,0.49072265625,0,-0.048370361328125,0,0.08685302734375
71.6877,0,0.103515625,0,0.49072265625,0,-0.048370361328125,0,0.10595703125
71.6997,0,0.103515625,0,-0.495361328125,0,-0.0906982421875,0,0.10595703125
71.7062,0,-0.1654052734375,0,-0.495361328125,0,-0.0906982421875,0,0.029205322265625
71.7232,0,-0.1654052734375,0,-0.100830078125,0,-0.069580078125,0,0.029205322265625
71.7295,0,-0.1654052734375,0,-0.100830078125,0,-0.069580078125,0,0.08892822265625
71.7454,0,-0.01678466796875,0,0.11004638671875,0,-0.0186309814453125,0,0.08892822265625
71.7502,0,-0.01678466796875,0,0.11004638671875,0,-0.0186309814453125,0,-0.0455322265625
71.7623,0,-0.2210693359375,0,0.11004638671875,0,0.09356689453125,0,-0.0455322265625
71.7698,0,-0.2210693359375,0,0.19384765625,0,0.09356689453125,0,0.2021484375
71.7847,0,-0.1243896484375,0,0.19384765625,0,0.06793212890625,0,0.2021484375
71.7896,0,-0.1243896484375,0,0.20849609375,0,0.06793212890625,0,-0.0269012451171875
71.7950,0,0.11248779296875,0,-0.056365966796875,0,-0.0147552490234375,0,-0.0269012451171875
71.8121,0,0.11248779296875,0,-0.056365966796875,0,-0.0147552490234375,0,0.2032470703125
71.8185,0,-0.060699462890625,0,-0.056365966796875,0,0.0762939453125,0,0.2032470703125
71.8288,0,-0.060699462890625,0,0.414306640625,0,0.0762939453125,0,-0.207763671875
71.8405,0,0.1015625,0,0.414306640625,0,0.050506591796875,0,-0.207763671875
71.8493,0,0.1015625,0,0.492919921875,0,0.050506591796875,0,-0.207763671875
71.8604,0,0.1343994140625,0,0.492919921875,0,0.04022216796875,0,0.090576171875
71.8673,0,0.1343994140625,0,0.36279296875,0,0.04022216796875,0,0.090576171875
71.8801,0,-0.27001953125,0,0.36279296875,0,0.04345703125,0,0.041046142578125
71.8888,0,-0.27001953125,0,-0.1944580078125,0,0.04345703125,0,0.041046142578125
71.8998,0,-0.25244140625,0,-0.1944580078125,0,0.043701171875,0,0.106689453125
71.9104,0,-0.25244140625,0,-0.05743408203125,0,0.043701171875,0,0.106689453125
71.9172,0,0.11456298828125,0,-0.05743408203125,0,0.043701171875,0,0.0809326171875
71.9301,0,0.11456298828125,0,0.440673828125,0,-0.0105438232421875,0,0.0809326171875
71.9384,0,-0.07269287109375,0,0.440673828125,0,-0.0105438232421875,0,0.09429931640625
71.9482,0,-0.07269287109375,0,0.355224609375,0,0.02435302734375,0,0.09429931640625
71.9603,0,0.046417236328125,0,0.355224609375,0,0.02435302734375,0,0.10394287109375
71.9679,0,0.046417236328125,0,0.0653076171875,0,-0.023284912109375,0,0.10394287109375
71.9811,0,0.09552001953125,0,0.0653076171875,0,-0.052520751953125,0,-0.15869140625
71.9861,0,0.09552001953125,0,-0.04644775390625,0,-0.052520751953125,0,-0.15869140625
71.9996,0,-0.06689453125,0,-0.04644775390625,0,-0.052520751953125,0,-0.2230224609375
72.0077,0,-0.06689453125,0,0.052093505859375,0,0.0455322265625,0,-0.2230224609375
72.0198,0,-0.219482421875,0,0.052093505859375,0,0.0455322265625,0,-0.187744140625
72.0283,0,-0.219482421875,0,-0.039703369140625,0,-0.03533935546875,0,-0.187744140625
72.0396,0,0.1591796875,0,-0.039703369140625,0,-0.03533935546875,0,-0.0562744140625
72.0485,0,0.1591796875,0,-0.0226898193359375,0,0.036376953125,0,-0.0562744140625
72.0613,0,0.03729248046875,0,-0.0226898193359375,0,0.036376953125,0,-0.259521484375
72.0676,0,0.03729248046875,0,-0.442138671875,0,0.026214599609375,0,-0.259521484375
72.0743,0,0.1837158203125,0,-0.442138671875,0,0.026214599609375,0,0.2261962890625
72.0892,0,0.1837158203125,0,0.39892578125,0,-0.056396484375,0,0.2261962890625
72.0989,0,0.06610107421875,0,0.39892578125,0,-0.056396484375,0,0.06964111328125
72.1061,0,0.06610107421875,0,-0.006877899169921875,0,-0.01995849609375,0,0.06964111328125
72.1198,0,0.06610107421875,0,-0.006877899169921875,0,-0.01995849609375,0,0.15576171875
72.1278,0,-0.2193603515625,0,0.284423828125,0,0.0865478515625,0,0.15576171875
72.1323,0,0.0902099609375,0,0.284423828125,0,0.0865478515625,0,0.072509765625
72.1475,0,0.0902099609375,0,-0.305419921875,0,0.055816650390625,0,0.072509765625
72.1590,0,0.1446533203125,0,-0.305419921875,0,0.055816650390625,0,0.1407470703125
72.1640,0,0.1446533203125,0,0.150634765625,0,-0.0157012939453125,0,0.1407470703125
72.1771,0,0.1446533203125,0,0.150634765625,0,-0.0157012939453125,0,-0.1446533203125
72.1869,0,-0.038726806640625,0,-0.368408203125,0,-0.04266357421875,0,-0.1446533203125
72.1948,0,-0.038726806640625,0,-0.368408203125,0,-0.04266357421875,0,-0.2373046875
72.2068,0,-0.092041015625,0,-0.368408203125,0,-0.032623291015625,0,-0.2373046875
72.2198,0,-0.092041015625,0,0.35546875,0,-0.032623291015625,0,0.277587890625
72.2241,0,0.1033935546875,0,-0.1414794921875,0,-0.01702880859375,0,0.277587890625
72.2394,0,0.1033935546875,0,-0.1414794921875,0,-0.01702880859375,0,-0.0167694091796875
72.2473,0,0.1512451171875,0,0.282470703125,0,0.05731201171875,0,-0.0167694091796875
72.2513,0,0.1512451171875,0,0.282470703125,0,0.05731201171875,0,0.099853515625
72.2645,0,0.11651611328125,0,0.282470703125,0,0.06658935546875,0,0.099853515625
72.2791,0,0.11651611328125,0,0.268310546875,0,0.06658935546875,0,-0.0570068359375
72.2860,0,-0.26904296875,0,0.268310546875,0,0.0992431640625,0,-0.0570068359375
72.2998,0,-0.26904296875,0,0.465576171875,0,0.0992431640625,0,0.1163330078125
72.3065,0,-0.330322265625,0,0.465576171875,0,0.0992431640625,0,0.1163330078125
72.3198,0,-0.330322265625,0,-0.323486328125,0,0.05157470703125,0,0.1163330078125
72.3270,0,0.11895751953125,0,-0.323486328125,0,0.05157470703125,0,-0.168701171875
72.3410,0,0.11895751953125,0,-0.53369140625,0,-0.071044921875,0,-0.168701171875
72.3486,0,-0.246826171875,0,-0.53369140625,0,-0.071044921875,0,0.10211181640625
72.3579,0,-0.246826171875,0,0.0882568359375,0,-0.050537109375,0,0.10211181640625
72.3663,0,-0.136474609375,0,0.0882568359375,0,0.061737060546875,0,0.038238525390625
72.3774,0,-0.136474609375,0,-0.3212890625,0,0.061737060546875,0,0.038238525390625
72.3868,0,0.2159423828125,0,-0.3212890625,0,0.061737060546875,0,0.1278076171875
72.4002,0,0.2159423828125,0,0.355224609375,0,-0.0308380126953125,0,0.1278076171875
72.4071,0,0.23388671875,0,0.355224609375,0,-0.0308380126953125,0,-0.2369384765625
72.4195,0,0.23388671875,0,-0.1702880859375,0,0.01451873779296875,0,-0.2369384765625
72.4286,0,0.2213134765625,0,-0.1702880859375,0,0.0682373046875,0,-0.03533935546875
72.4402,0,0.2213134765625,0,-0.08441162109375,0,0.0682373046875,0,-0.03533935546875
72.4479,0,0.1669921875,0,-0.08441162109375,0,0.0682373046875,0,0.1966552734375
72.4589,0,0.1669921875,0,-0.260009765625,0,-0.0213470458984375,0,0.1966552734375
72.4669,0,0.05511474609375,0,-0.260009765625,0,-0.0213470458984375,0,-0.0289154052734375
72.4800,0,0.05511474609375,0,-0.11370849609375,0,0.0439453125,0,-0.0289154052734375
72.4862,0,0.039154052734375,0,-0.11370849609375,0,0.0439453125,0,-0.1488037109375
72.4996,0,0.039154052734375,0,0.1549072265625,0,0.020782470703125,0,-0.1488037109375
72.5059,0,0.039154052734375,0,0.1549072265625,0,0.020782470703125,0,-0.193359375
72.5194,0,0.0338134765625,0,-0.36474609375,0,0.07135009765625,0,-0.193359375
72.5258,0,0.0338134765625,0,-0.36474609375,0,0.07135009765625,0,-0.0290069580078125
72.5395,0,-0.0633544921875,0,0.258056640625,0,0.051666259765625,0,-0.0290069580078125
72.5473,0,-0.0633544921875,0,0.258056640625,0,0.051666259765625,0,-0.1937255859375
72.5614,0,0.05816650390625,0,0.41748046875,0,0.049346923828125,0,-0.1937255859375
72.5674,0,0.0170745849609375,0,0.41748046875,0,0.049346923828125,0,-0.25146484375
72.5811,0,0.0170745849609375,0,0.2037353515625,0,0.1278076171875,0,-0.25146484375
72.5836,0,0.0170745849609375,0,0.2037353515625,0,0.1278076171875,0,-0.00727081298828125
72.5990,0,-0.2069091796875,0,0.007442474365234375,0,0.0457763671875,0,-0.00727081298828125
72.6082,0,-0.2069091796875,0,0.007442474365234375,0,0.0457763671875,0,-0.09259033203125
72.6134,0,-0.1405029296875,0,0.1846923828125,0,0.053131103515625,0,-0.09259033203125
72.6284,0,-0.1405029296875,0,0.1846923828125,0,0.053131103515625,0,0.2332763671875
72.6412,0,-0.03668212890625,0,0.01751708984375,0,-0.055755615234375,0,0.2332763671875
72.6491,0,-0.03668212890625,0,0.01751708984375,0,-0.055755615234375,0,-0.030670166015625
72.6597,0,-0.309814453125,0,0.01751708984375,0,-0.025787353515625,0,-0.030670166015625
72.6663,0,-0.309814453125,0,0.416015625,0,-0.025787353515625,0,0.0200347900390625
72.6720,0,-0.034088134765625,0,0.2288818359375,0,0.0872802734375,0,0.0200347900390625
72.6868,0,-0.034088134765625,0,0.2288818359375,0,0.0872802734375,0,-0.09722900390625
72.6983,0,0.07330322265625,0,0.2288818359375,0,0.0872802734375,0,-0.09722900390625
72.7073,0,0.07330322265625,0,-0.389404296875,0,-0.0225677490234375,0,-0.09722900390625
72.7188,0,-0.0830078125,0,-0.5771484375,0,0.024566650390625,0,-0.11572265625
72.7276,0,-0.0830078125,0,-0.5771484375,0,0.024566650390625,0,-0.1492919921875
72.7318,0,0.081787109375,0,-0.5771484375,0,0.0765380859375,0,-0.1492919921875
72.7475,0,0.081787109375,0,-0.068359375,0,0.0765380859375,0,-0.1492919921875
72.7603,0,0.128662109375,0,-0.068359375,0,-0.0870361328125,0,0.0015811920166015625
72.7661,0,0.128662109375,0,0.1793212890625,0,-0.0870361328125,0,0.0015811920166015625
72.7797,0,0.12420654296875,0,0.1793212890625,0,-0.0870361328125,0,-0.255859375
72.7859,0,0.12420654296875,0,0.285888671875,0,0.0140838623046875,0,-0.255859375
72.7997,0,-0.252197265625,0,0.285888671875,0,0.0140838623046875,0,-0.11810302734375
72.8075,0,-0.252197265625,0,0.294677734375,0,-0.0022335052490234375,0,-0.11810302734375
72.8185,0,0.1907958984375,0,0.294677734375,0,-0.0022335052490234375,0,0.1737060546875
72.8294,0,0.1907958984375,0,-0.11859130859375,0,-0.040771484375,0,0.1737060546875
72.8395,0,0.1673583984375,0,-0.11859130859375,0,-0.040771484375,0,-0.054229736328125
72.8486,0,0.1673583984375,0,-0.448974609375,0,0.00922393798828125,0,-0.054229736328125
72.8600,0,-0.241455078125,0,-0.448974609375,0,0.00922393798828125,0,0.150634765625
72.8662,0,-0.241455078125,0,0.156494140625,0,-0.045562744140625,0,0.150634765625
72.8788,0,-0.1591796875,0,0.156494140625,0,-0.045562744140625,0,0.13671875
72.8873,0,-0.1591796875,0,0.302978515625,0,-0.060577392578125,0,0.13671875
72.8995,0,-0.1591796875,0,0.302978515625,0,-0.060577392578125,0,-0.211669921875
72.9072,0,0.063720703125,0,0.08563232421875,0,0.044036865234375,0,-0.211669921875
72.9170,0,0.063720703125,0,0.08563232421875,0,0.044036865234375,0,-0.14892578125
72.9283,0,-0.0701904296875,0,-0.2174072265625,0,-0.05084228515625,0,-0.14892578125
72.9398,0,0.1427001953125,0,-0.2174072265625,0,-0.05084228515625,0,0.220703125
72.9487,0,0.1427001953125,0,-0.59326171875,0,-0.03997802734375,0,0.220703125
72.9614,0,0.1427001953125,0,-0.59326171875,0,-0.03997802734375,0,0.09051513671875
72.9676,0,0.11834716796875,0,-0.59326171875,0,-0.04937744140625,0,0.09051513671875
72.9804,0,0.11834716796875,0,-0.51220703125,0,-0.04937744140625,0,0.21044921875
72.9860,0,-0.194091796875,0,-0.04541015625,0,-0.0472412109375,0,0.21044921875
72.9997,0,-0.194091796875,0,-0.04541015625,0,-0.0472412109375,0,0.25927734375
73.0034,0,0.11334228515625,0,0.171142578125,0,-0.0138702392578125,0,0.25927734375
73.0195,0,0.11334228515625,0,0.171142578125,0,-0.0138702392578125,0,-0.055877685546875
73.0272,0,0.141357421875,0,0.369873046875,0,-0.0777587890625,0,-0.055877685546875
73.0320,0,0.141357421875,0,0.369873046875,0,-0.0777587890625,0,0.07696533203125
73.0470,0,0.2320556640625,0,0.369873046875,0,-0.06536865234375,0,0.07696533203125
73.0599,0,0.2320556640625,0,-0.341796875,0,-0.06536865234375,0,-0.2802734375
73.0646,0,0.1357421875,0,0.249755859375,0,-0.036163330078125,0,-0.2802734375
73.0810,0,0.1357421875,0,0.249755859375,0,-0.036163330078125,0,-0.16552734375
73.0872,0,-0.258544921875,0,0.365478515625,0,0.010467529296875,0,-0.16552734375
73.0998,0,-0.258544921875,0,0.365478515625,0,0.010467529296875,0,-0.1103515625
73.1083,0,-0.261474609375,0,0.365478515625,0,0.056121826171875,0,-0.1103515625
73.1195,0,-0.261474609375,0,-0.402587890625,0,0.056121826171875,0,0.2147216796875
73.1281,0,-0.0814208984375,0,-0.402587890625,0,0.048736572265625,0,0.2147216796875
73.1401,0,-0.0814208984375,0,-0.06298828125,0,0.048736572265625,0,0.26806640625
73.1481,0,0.131103515625,0,-0.06298828125,0,-0.052978515625,0,0.26806640625
73.1630,0,0.131103515625,0,0.35888671875,0,-0.052978515625,0,0.26806640625
73.1670,0,0.155029296875,0,0.35888671875,0,-0.052978515625,0,0.0380859375
73.1769,0,0.155029296875,0,0.380859375,0,-0.07232666015625,0,0.0380859375
73.1892,0,0.1295166015625,0,0.380859375,0,-0.07232666015625,0,0.1719970703125
73.1983,0,0.1295166015625,0,-0.5615234375,0,0.04571533203125,0,0.1719970703125
73.2070,0,0.052520751953125,0,-0.5615234375,0,-0.0704345703125,0,0.2132568359375
73.2218,0,0.052520751953125,0,0.08795166015625,0,-0.0704345703125,0,0.2132568359375
73.2276,0,0.1964111328125,0,0.08795166015625,0,-0.0704345703125,0,-0.07220458984375
73.2398,0,0.1964111328125,0,0.277587890625,0,-0.054718017578125,0,-0.07220458984375
73.2471,0,-0.1500244140625,0,0.277587890625,0,-0.054718017578125,0,0.0758056640625
73.2595,0,-0.1500244140625,0,-0.15771484375,0,-0.0217437744140625,0,0.0758056640625
73.2675,0,-0.049285888671875,0,-0.15771484375,0,-0.0217437744140625,0,-0.0230712890625
73.2812,0,-0.049285888671875,0,-0.125244140625,0,-0.071533203125,0,-0.0230712890625
73.2884,0,0.161376953125,0,-0.125244140625,0,-0.071533203125,0,0.01788330078125
73.2976,0,0.161376953125,0,0.39453125,0,0.046722412109375,0,0.01788330078125
73.3069,0,-0.07635498046875,0,0.39453125,0,0.046722412109375,0,-0.0841064453125
73.3171,0,-0.07635498046875,0,-0.20458984375,0,0.06890869140625,0,-0.0841064453125
73.3264,0,-0.157958984375,0,-0.20458984375,0,0.06890869140625,0,0.175537109375
73.3399,0,-0.157958984375,0,0.399658203125,0,-0.048248291015625,0,0.175537109375
73.3488,0,-0.254150390625,0,0.399658203125,0,-0.048248291015625,0,0.11810302734375
73.3652,0,-0.254150390625,0,0.19091796875,0,0.038604736328125,0,0.11810302734375
73.3658,0,-0.128173828125,0,0.19091796875,0,0.038604736328125,0,-0.182373046875
73.3800,0,-0.128173828125,0,0.2880859375,0,0.0767822265625,0,-0.182373046875
73.3862,0,0.0179290771484375,0,0.2880859375,0,0.0767822265625,0,-0.2117919921875
73.3988,0,0.0179290771484375,0,-0.515625,0,0.0310211181640625,0,-0.2117919921875
73.4070,0,0.0179290771484375,0,-0.515625,0,0.0310211181640625,0,0.04388427734375
73.4189,0,0.1712646484375,0,0.40283203125,0,0.01824951171875,0,0.04388427734375
73.4290,0,0.1712646484375,0,0.40283203125,0,0.01824951171875,0,0.146484375
73.4370,0,0.080078125,0,0.1456298828125,0,-0.038604736328125,0,0.146484375
73.4466,0,-0.278076171875,0,0.1456298828125,0,-0.038604736328125,0,-0.156982421875
73.4592,0,-0.278076171875,0,-0.477294921875,0,-0.08050537109375,0,-0.156982421875
73.4702,0,-0.278076171875,0,-0.477294921875,0,-0.08050537109375,0,-0.130859375
73.4782,0,-0.281005859375,0,0.40966796875,0,-0.006725311279296875,0,-0.130859375
73.4824,0,-0.281005859375,0,0.40966796875,0,-0.006725311279296875,0,-0.1986083984375
73.4998,0,-0.10504150390625,0,0.1431884765625,0,0.04107666015625,0,-0.1986083984375
73.5062,0,-0.10504150390625,0,0.1431884765625,0,0.04107666015625,0,-0.1937255859375
73.5118,0,0.255859375,0,0.46337890625,0,0.09161376953125,0,-0.1937255859375
73.5259,0,0.255859375,0,0.46337890625,0,0.09161376953125,0,0.180908203125
73.5390,0,-0.2125244140625,0,0.34375,0,0.034759521484375,0,0.180908203125
73.5483,0,-0.2125244140625,0,0.34375,0,0.034759521484375,0,-0.167724609375
73.5609,0,-0.245849609375,0,0.15185546875,0,0.045745849609375,0,-0.167724609375
73.5697,0,-0.245849609375,0,0.15185546875,0,0.045745849609375,0,-0.12744140625
73.5803,0,0.07037353515625,0,0.15185546875,0,0.0109710693359375,0,-0.12744140625
73.5878,0,0.07037353515625,0,0.17529296875,0,0.0109710693359375,0,0.0247802734375
73.5989,0,-0.2568359375,0,0.17529296875,0,-0.05224609375,0,0.0247802734375
73.6111,0,-0.2568359375,0,-0.1715087890625,0,-0.05224609375,0,0.0247802734375
73.6183,0,0.054779052734375,0,-0.1715087890625,0,0.06414794921875,0,0.12237548828125
73.6288,0,0.054779052734375,0,0.5390625,0,0.06414794921875,0,0.12237548828125
73.6394,0,0.16796875,0,0.5390625,0,0.06414794921875,0,0.0740966796875
73.6490,0,0.16796875,0,0.1258544921875,0,0.079833984375,0,0.05169677734375
73.6600,0,0.07806396484375,0,0.1258544921875,0,-0.02874755859375,0,0.05169677734375
73.6667,0,0.07806396484375,0,0.388427734375,0,-0.02874755859375,0,0.05169677734375
73.6819,0,-0.164306640625,0,0.388427734375,0,-0.02874755859375,0,0.0865478515625
73.6885,0,-0.164306640625,0,0.0411376953125,0,-0.06268310546875,0,0.0865478515625
73.6985,0,0.14208984375,0,0.0411376953125,0,-0.06268310546875,0,-0.11529541015625
73.7069,0,0.14208984375,0,0.184326171875,0,0.05291748046875,0,-0.11529541015625
73.7170,0,0.14208984375,0,0.184326171875,0,0.05291748046875,0,0.280517578125
73.7283,0,0.1400146484375,0,0.1275634765625,0,0.0212249755859375,0,0.280517578125
73.7374,0,0.11761474609375,0,0.1275634765625,0,0.0212249755859375,0,-0.11260986328125
73.7477,0,0.11761474609375,0,-0.2265625,0,-0.0452880859375,0,-0.11260986328125
73.7517,0,-0.054931640625,0,-0.2265625,0,-0.0452880859375,0,-0.1923828125
73.7672,0,-0.054931640625,0,-0.160888671875,0,0.01457977294921875,0,-0.1923828125
73.7789,0,-0.10198974609375,0,-0.160888671875,0,0.01457977294921875,0,-0.1256103515625
73.7859,0,-0.10198974609375,0,0.2578125,0,0.0209808349609375,0,-0.1256103515625
73.7996,0,0.036224365234375,0,0.2578125,0,0.0209808349609375,0,0.1661376953125
73.8063,0,0.036224365234375,0,-0.044769287109375,0,-0.02996826171875,0,0.1661376953125
73.8120,0,0.036224365234375,0,-0.044769287109375,0,-0.02996826171875,0,0.1148681640625
73.8295,0,-0.2281494140625,0,-0.70947265625,0,0.10101318359375,0,0.1148681640625
73.8390,0,0.08343505859375,0,-0.70947265625,0,0.10101318359375,0,0.228271484375
73.8485,0,0.08343505859375,0,-0.431884765625,0,-0.10260009765625,0,0.228271484375
73.8577,0,0.08343505859375,0,-0.431884765625,0,-0.10260009765625,0,-0.031982421875
73.8661,0,-0.09747314453125,0,0.0484619140625,0,0.08453369140625,0,-0.031982421875
73.8718,0,-0.09747314453125,0,0.0484619140625,0,0.08453369140625,0,0.14599609375
73.8870,0,0.11163330078125,0,0.1785888671875,0,-0.02294921875,0,0.14599609375
73.8999,0,0.11163330078125,0,0.1785888671875,0,-0.02294921875,0,-0.1484375
73.9046,0,-0.211181640625,0,-0.247314453125,0,-0.037017822265625,0,-0.1484375
73.9195,0,-0.211181640625,0,-0.247314453125,0,-0.037017822265625,0,0.037353515625
73.9275,0,-0.1767578125,0,-0.65087890625,0,-0.0587158203125,0,0.037353515625
73.9379,0,-0.1767578125,0,-0.65087890625,0,-0.0587158203125,0,-0.027374267578125
73.9471,0,-0.22265625,0,-0.65087890625,0,0.03271484375,0,-0.027374267578125
73.9578,0,-0.22265625,0,-0.6220703125,0,0.03271484375,0,-0.027374267578125
73.9645,0,-0.03857421875,0,-0.6220703125,0,0.0802001953125,0,-0.1514892578125
73.9778,0,-0.03857421875,0,-0.35791015625,0,0.0802001953125,0,-0.1514892578125
73.9860,0,0.1837158203125,0,-0.35791015625,0,-0.08514404296875,0,0.130615234375
73.9998,0,0.1837158203125,0,-0.5498046875,0,-0.08514404296875,0,0.130615234375
74.0059,0,0.069580078125,0,-0.5498046875,0,0.07037353515625,0,-0.1802978515625
74.0193,0,0.069580078125,0,0.1204833984375,0,0.07037353515625,0,-0.1802978515625
74.0231,0,0.050872802734375,0,0.1204833984375,0,-0.034637451171875,0,-0.1475830078125
74.0394,0,0.050872802734375,0,0.267333984375,0,-0.034637451171875,0,-0.1475830078125
74.0483,0,-0.07586669921875,0,0.267333984375,0,-0.01548004150390625,0,-0.2015380859375
74.0596,0,-0.07586669921875,0,0.20263671875,0,-0.01548004150390625,0,-0.2015380859375
74.0674,0,-0.184814453125,0,0.20263671875,0,-0.05206298828125,0,0.1473388671875
74.0783,0,-0.184814453125,0,0.0308837890625,0,-0.05206298828125,0,0.1473388671875
74.0872,0,-0.09375,0,0.0308837890625,0,-0.05206298828125,0,0.1558837890625
74.0971,0,-0.09375,0,-0.33642578125,0,0.04620361328125,0,0.1558837890625
74.1062,0,0.11962890625,0,-0.33642578125,0,0.053863525390625,0,0.0234222412109375
